path_key,source_project,chainage_m,x_svy21,y_svy21,elevation_m_raw,elevation_m_filtered,elevation_m_smooth,gradient_pct,Grade,nearest_road_name,nearest_road_dist_m
lengkok_bahru,Lengkok Bahru,536.0,25860.706,29915.109,17.141,17.141,17.385,6.094,1.0,LENGKOK BAHRU,6.001
lengkok_bahru,Lengkok Bahru,538.0,25860.228,29917.051,17.216,17.385,17.507,4.063,1.0,LENGKOK BAHRU,4.065
lengkok_bahru,Lengkok Bahru,540.0,25859.75,29918.993,17.629,17.629,17.629,3.62,1.0,LENGKOK BAHRU,2.129
lengkok_bahru,Lengkok Bahru,542.0,25859.272,29920.935,17.629,17.629,17.629,,,LENGKOK BAHRU,0.193
lengkok_bahru,Lengkok Bahru,544.0,25858.794,29922.877,17.766,17.766,17.674,,,LENGKOK BAHRU,1.743
lengkok_bahru,Lengkok Bahru,546.0,25858.316,29924.819,17.716,17.716,17.674,,,LENGKOK BAHRU,3.679
lengkok_bahru,Lengkok Bahru,548.0,25857.838,29926.761,16.891,17.674,17.674,-1.042,1.0,LENGKOK BAHRU,5.614
lengkok_bahru,Lengkok Bahru,550.0,25857.36,29928.703,17.591,17.633,17.633,-1.042,1.0,LENGKOK BAHRU,7.55
lengkok_bahru,Lengkok Bahru,552.0,25856.882,29930.645,17.591,17.591,17.591,,,LENGKOK BAHRU,9.486
lengkok_bahru,Lengkok Bahru,554.0,25856.404,29932.587,17.516,17.516,17.591,,,LENGKOK BAHRU,11.422
lengkok_bahru,Lengkok Bahru,556.0,25855.926,29934.529,17.885,17.582,17.591,,,LENGKOK BAHRU,13.358
lengkok_bahru,Lengkok Bahru,558.0,25855.448,29936.471,17.648,17.809,17.809,,,LENGKOK BAHRU,14.789
lengkok_bahru,Lengkok Bahru,560.0,25854.97,29938.413,18.117,18.106,18.106,,,LENGKOK BAHRU,15.605
lengkok_bahru,Lengkok Bahru,562.0,25854.492,29940.355,17.085,18.402,18.402,,,LENGKOK BAHRU,16.421
lengkok_bahru,Lengkok Bahru,564.0,25854.014,29942.297,17.092,18.698,18.698,,,LENGKOK BAHRU,17.238
lengkok_bahru,Lengkok Bahru,566.0,25853.536,29944.239,19.201,18.733,18.698,,,LENGKOK BAHRU,18.054
lengkok_bahru,Lengkok Bahru,568.0,25853.058,29946.181,21.385,18.767,18.698,,,LENGKOK BAHRU,18.87
lengkok_bahru,Lengkok Bahru,570.0,25852.58,29948.123,19.621,18.535,18.535,,,LENGKOK BAHRU,19.738
lengkok_bahru,Lengkok Bahru,572.0,25852.102,29950.065,19.506,18.302,18.302,,,LENGKOK BAHRU,20.66
lengkok_bahru,Lengkok Bahru,574.0,25851.624,29952.008,19.371,18.069,18.069,,,LENGKOK BAHRU,21.583
lengkok_bahru,Lengkok Bahru,576.0,25851.146,29953.95,17.571,17.836,17.836,,,LENGKOK BAHRU,22.506
lengkok_bahru,Lengkok Bahru,578.0,25850.668,29955.892,17.551,17.603,17.603,,,LENGKOK BAHRU,23.429
lengkok_bahru,Lengkok Bahru,580.0,25850.19,29957.834,17.371,17.371,17.496,,,LENGKOK BAHRU,24.352
lengkok_bahru,Lengkok Bahru,582.0,25849.712,29959.776,17.154,17.433,17.476,,,LENGKOK BAHRU,25.279
lengkok_bahru,Lengkok Bahru,584.0,25849.234,29961.718,17.496,17.496,17.476,0.0,1.0,LENGKOK BAHRU,26.294
lengkok_bahru,Lengkok Bahru,586.0,25848.756,29963.66,17.476,17.476,17.476,,,LENGKOK BAHRU,27.417
lengkok_bahru,Lengkok Bahru,588.0,25848.278,29965.602,17.476,17.476,17.496,,,LENGKOK BAHRU,28.585
lengkok_bahru,Lengkok Bahru,590.0,25847.8,29967.544,17.726,17.726,17.726,,,LENGKOK BAHRU,29.754
lengkok_bahru,Lengkok Bahru,592.0,25847.322,29969.486,18.081,17.888,17.888,,,LENGKOK BAHRU,30.922
lengkok_bahru,Lengkok Bahru,594.0,25846.844,29971.428,18.051,18.128,18.128,,,LENGKOK BAHRU,32.09
lengkok_bahru,Lengkok Bahru,596.0,25846.366,29973.37,17.5,18.367,18.367,,,LENGKOK BAHRU,33.258
lengkok_bahru,Lengkok Bahru,598.0,25845.888,29975.312,19.91,18.619,18.619,,,LENGKOK BAHRU,34.427
lengkok_bahru,Lengkok Bahru,600.0,25845.41,29977.254,19.098,18.872,18.872,,,LENGKOK BAHRU,35.595
lengkok_bahru,Lengkok Bahru,602.0,25844.932,29979.196,19.771,19.124,19.124,,,LENGKOK BAHRU,36.763
lengkok_bahru,Lengkok Bahru,604.0,25844.454,29981.138,19.632,19.376,19.376,,,LENGKOK BAHRU,37.932
lengkok_bahru,Lengkok Bahru,606.0,25843.976,29983.08,19.628,19.628,19.628,,,LENGKOK BAHRU,39.1
lengkok_bahru,Lengkok Bahru,608.0,25843.498,29985.022,19.937,19.812,19.812,,,LENGKOK BAHRU,40.268
lengkok_bahru,Lengkok Bahru,610.0,25843.02,29986.964,19.499,19.996,19.996,,,LENGKOK BAHRU,41.471
lengkok_bahru,Lengkok Bahru,612.0,25842.542,29988.906,18.82,20.181,20.181,,,LENGKOK BAHRU,42.733
lengkok_bahru,Lengkok Bahru,614.0,25842.064,29990.848,18.746,20.365,20.365,,,LENGKOK BAHRU,44.049
lengkok_bahru,Lengkok Bahru,616.0,25841.586,29992.79,27.166,20.549,20.549,,,LENGKOK BAHRU,45.416
lengkok_bahru,Lengkok Bahru,618.0,25841.108,29994.732,26.317,20.733,20.733,,,LENGKOK BAHRU,46.823
lengkok_bahru,Lengkok Bahru,620.0,25840.63,29996.674,20.917,20.917,20.816,,,LENGKOK BAHRU,48.235
lengkok_bahru,Lengkok Bahru,622.0,25840.152,29998.616,18.333,20.866,20.866,,,LENGKOK BAHRU,49.648
lengkok_bahru,Lengkok Bahru,624.0,25839.674,30000.559,20.816,20.816,20.866,,,LENGKOK BAHRU,51.06
lengkok_bahru,Lengkok Bahru,626.0,25839.196,30002.501,20.966,20.966,20.816,,,LENGKOK BAHRU,52.472
lengkok_bahru,Lengkok Bahru,628.0,25838.718,30004.443,20.908,20.626,20.626,,,LENGKOK BAHRU,53.885
lengkok_bahru,Lengkok Bahru,630.0,25838.24,30006.385,20.653,20.286,20.286,,,LENGKOK BAHRU,55.297
lengkok_bahru,Lengkok Bahru,632.0,25837.762,30008.327,18.72,19.946,19.946,,,LENGKOK BAHRU,56.71
lengkok_bahru,Lengkok Bahru,634.0,25837.284,30010.269,18.168,19.706,19.706,,,LENGKOK BAHRU,58.128
lengkok_bahru,Lengkok Bahru,636.0,25836.806,30012.211,18.905,19.466,19.466,,,LENGKOK BAHRU,59.546
lengkok_bahru,Lengkok Bahru,638.0,25836.328,30014.153,18.749,19.226,19.226,,,LENGKOK BAHRU,60.965
lengkok_bahru,Lengkok Bahru,640.0,25835.85,30016.095,17.23,18.986,18.986,,,LENGKOK BAHRU,62.384
lengkok_bahru,Lengkok Bahru,642.0,25835.372,30018.037,16.549,18.746,18.746,,,LENGKOK BAHRU,63.803
lengkok_bahru,Lengkok Bahru,644.0,25834.894,30019.979,15.145,18.506,18.531,,,LENGKOK BAHRU,65.222
lengkok_bahru,Lengkok Bahru,646.0,25834.416,30021.921,17.041,18.266,18.531,,,LENGKOK BAHRU,66.641
lengkok_bahru,Lengkok Bahru,648.0,25833.938,30023.863,16.528,18.531,18.531,,,LENGKOK BAHRU,68.06
lengkok_bahru,Lengkok Bahru,650.0,25833.46,30025.805,16.442,18.797,18.797,,,LENGKOK BAHRU,69.479
lengkok_bahru,Lengkok Bahru,652.0,25832.982,30027.747,17.52,19.063,19.063,,,LENGKOK BAHRU,70.898
lengkok_bahru,Lengkok Bahru,654.0,25832.504,30029.689,18.545,19.582,19.582,,,LENGKOK BAHRU,72.316
lengkok_bahru,Lengkok Bahru,656.0,25832.026,30031.631,22.432,20.1,20.1,,,LENGKOK BAHRU,73.735
lengkok_bahru,Lengkok Bahru,658.0,25831.548,30033.573,23.649,20.619,20.619,,,LENGKOK BAHRU,75.154
lengkok_bahru,Lengkok Bahru,660.0,25831.07,30035.515,25.562,21.137,21.137,,,LENGKOK BAHRU,76.573
lengkok_bahru,Lengkok Bahru,662.0,25830.592,30037.457,18.578,21.656,21.656,,,LENGKOK BAHRU,77.992
lengkok_bahru,Lengkok Bahru,664.0,25830.114,30039.399,27.592,22.175,22.175,,,LENGKOK BAHRU,79.411
lengkok_bahru,Lengkok Bahru,666.0,25829.636,30041.341,27.592,22.693,22.693,,,LENGKOK BAHRU,80.83
lengkok_bahru,Lengkok Bahru,668.0,25829.158,30043.283,22.454,22.779,22.779,,,LENGKOK BAHRU,82.249
lengkok_bahru,Lengkok Bahru,670.0,25828.68,30045.225,22.417,23.027,23.027,,,LENGKOK BAHRU,83.668
lengkok_bahru,Lengkok Bahru,672.0,25828.202,30047.167,21.148,23.336,23.336,,,LENGKOK BAHRU,85.086
lengkok_bahru,Lengkok Bahru,674.0,25827.724,30049.109,16.832,23.644,23.644,,,LENGKOK BAHRU,86.505
lengkok_bahru,Lengkok Bahru,676.0,25827.246,30051.052,16.832,23.936,23.936,,,LENGKOK BAHRU,87.924
lengkok_bahru,Lengkok Bahru,678.0,25826.768,30052.994,15.473,24.228,24.228,,,LENGKOK BAHRU,89.343
lengkok_bahru,Lengkok Bahru,680.0,25826.29,30054.936,15.745,24.521,24.521,,,LENGKOK BAHRU,90.762
lengkok_bahru,Lengkok Bahru,682.0,25825.812,30056.878,15.845,24.813,24.813,,,LENGKOK BAHRU,92.181
lengkok_bahru,Lengkok Bahru,684.0,25825.334,30058.82,26.118,25.105,25.105,,,LENGKOK BAHRU,93.6
lengkok_bahru,Lengkok Bahru,686.0,25824.856,30060.762,25.823,25.397,25.397,,,LENGKOK BAHRU,95.019
lengkok_bahru,Lengkok Bahru,688.0,25824.378,30062.704,26.179,25.689,25.397,,,LENGKOK BAHRU,96.438
lengkok_bahru,Lengkok Bahru,690.0,25823.9,30064.646,26.179,25.52,25.397,,,LENGKOK BAHRU,97.856
lengkok_bahru,Lengkok Bahru,692.0,25823.422,30066.588,26.192,25.208,25.208,,,LENGKOK BAHRU,99.275
lengkok_bahru,Lengkok Bahru,694.0,25822.944,30068.53,17.121,24.895,24.895,,,LENGKOK BAHRU,100.694
lengkok_bahru,Lengkok Bahru,696.0,25822.466,30070.472,,24.44,24.44,,,LENGKOK BAHRU,102.113
lengkok_bahru,Lengkok Bahru,698.0,25821.988,30072.414,,23.984,23.984,,,LENGKOK BAHRU,103.532
lengkok_bahru,Lengkok Bahru,700.0,25821.51,30074.356,,23.528,23.528,,,LENGKOK BAHRU,104.951
lengkok_bahru,Lengkok Bahru,702.0,25821.032,30076.298,,23.073,23.073,,,LENGKOK BAHRU,106.356
lengkok_bahru,Lengkok Bahru,704.0,25820.554,30078.24,,22.617,22.617,,,LENGKOK BAHRU,107.756
lengkok_bahru,Lengkok Bahru,706.0,25820.076,30080.182,,22.161,22.161,,,LENGKOK BAHRU,109.156
lengkok_bahru,Lengkok Bahru,708.0,25819.598,30082.124,,21.706,21.706,,,LENGKOK BAHRU,110.556
lengkok_bahru,Lengkok Bahru,710.0,25819.12,30084.066,16.068,21.25,21.25,,,LENGKOK BAHRU,109.304
lengkok_bahru,Lengkok Bahru,712.0,25818.642,30086.008,15.366,20.794,20.794,,,LENGKOK BAHRU,107.361
lengkok_bahru,Lengkok Bahru,714.0,25818.164,30087.95,15.341,20.339,20.339,,,LENGKOK BAHRU,105.419
lengkok_bahru,Lengkok Bahru,716.0,25817.686,30089.892,15.341,,19.883,,,LENGKOK BAHRU,103.476
lengkok_bahru,Lengkok Bahru,718.0,25817.208,30091.834,18.114,19.427,19.427,,,LENGKOK BAHRU,101.534
lengkok_bahru,Lengkok Bahru,720.0,25816.73,30093.776,18.114,18.972,18.972,,,LENGKOK BAHRU,99.592
lengkok_bahru,Lengkok Bahru,722.0,25816.252,30095.718,,18.516,18.516,,,LENGKOK BAHRU,97.649
lengkok_bahru,Lengkok Bahru,724.0,25815.774,30097.66,,18.06,18.06,,,LENGKOK BAHRU,95.707
lengkok_bahru,Lengkok Bahru,726.0,25815.296,30099.603,,18.034,18.034,,,LENGKOK BAHRU,93.765
lengkok_bahru,Lengkok Bahru,728.0,25814.818,30101.545,,18.007,18.007,-1.326,1.0,LENGKOK BAHRU,91.823
lengkok_bahru,Lengkok Bahru,730.0,25814.34,30103.487,,17.981,17.981,-1.326,1.0,LENGKOK BAHRU,89.88
lengkok_bahru,Lengkok Bahru,732.0,25813.862,30105.429,,17.954,17.954,-1.326,1.0,LENGKOK BAHRU,87.938
lengkok_bahru,Lengkok Bahru,734.0,25813.384,30107.371,,17.928,17.928,-1.326,1.0,LENGKOK BAHRU,85.996
lengkok_bahru,Lengkok Bahru,736.0,25812.906,30109.313,,17.901,17.901,,,LENGKOK BAHRU,84.054
lengkok_bahru,Lengkok Bahru,738.0,25812.428,30111.255,17.875,17.875,17.875,,,LENGKOK BAHRU,82.111
lengkok_bahru,Lengkok Bahru,740.0,25811.95,30113.197,16.525,17.875,17.875,,,LENGKOK BAHRU,80.169
lengkok_bahru,Lengkok Bahru,742.0,25811.472,30115.139,16.525,17.875,17.875,,,LENGKOK BAHRU,78.227
lengkok_bahru,Lengkok Bahru,744.0,25810.994,30117.081,17.875,18.031,18.031,,,LENGKOK BAHRU,76.285
lengkok_bahru,Lengkok Bahru,746.0,25810.516,30119.023,17.925,18.188,18.188,,,LENGKOK BAHRU,74.342
lengkok_bahru,Lengkok Bahru,748.0,25810.038,30120.965,17.975,18.77,18.77,,,LENGKOK BAHRU,72.4
lengkok_bahru,Lengkok Bahru,750.0,25809.56,30122.907,,19.352,19.352,,,LENGKOK BAHRU,70.458
lengkok_bahru,Lengkok Bahru,752.0,25809.082,30124.849,,19.934,19.934,,,LENGKOK BAHRU,68.516
lengkok_bahru,Lengkok Bahru,754.0,25808.604,30126.791,14.818,20.515,20.515,,,LENGKOK BAHRU,66.573
lengkok_bahru,Lengkok Bahru,756.0,25808.126,30128.733,14.818,21.097,21.097,,,LENGKOK BAHRU,64.631
lengkok_bahru,Lengkok Bahru,758.0,25807.648,30130.675,29.778,21.679,21.679,,,LENGKOK BAHRU,62.689
lengkok_bahru,Lengkok Bahru,760.0,25807.17,30132.617,22.466,,22.261,,,LENGKOK BAHRU,60.746
lengkok_bahru,Lengkok Bahru,762.0,25806.692,30134.559,20.551,,22.843,,,LENGKOK BAHRU,58.804
lengkok_bahru,Lengkok Bahru,764.0,25806.214,30136.501,20.551,,23.425,,,LENGKOK BAHRU,56.862
lengkok_bahru,Lengkok Bahru,766.0,25805.736,30138.443,23.318,24.006,24.006,,,LENGKOK BAHRU,54.92
lengkok_bahru,Lengkok Bahru,768.0,25805.258,30140.385,32.791,24.588,24.588,,,LENGKOK BAHRU,52.977
lengkok_bahru,Lengkok Bahru,770.0,25804.78,30142.327,35.662,25.17,25.17,,,LENGKOK BAHRU,51.035
lengkok_bahru,Lengkok Bahru,772.0,25804.302,30144.269,31.633,25.752,25.639,,,LENGKOK BAHRU,49.093
lengkok_bahru,Lengkok Bahru,774.0,25803.824,30146.211,29.131,25.937,25.639,,,LENGKOK BAHRU,47.151
lengkok_bahru,Lengkok Bahru,776.0,25803.346,30148.154,28.503,25.639,25.639,,,LENGKOK BAHRU,45.208
lengkok_bahru,Lengkok Bahru,778.0,25802.868,30150.096,28.356,25.256,25.256,,,LENGKOK BAHRU,43.266
lengkok_bahru,Lengkok Bahru,780.0,25802.39,30152.038,28.911,24.873,24.873,,,LENGKOK BAHRU,41.324
lengkok_bahru,Lengkok Bahru,782.0,25801.912,30153.98,25.217,24.248,24.248,,,LENGKOK BAHRU,39.382
lengkok_bahru,Lengkok Bahru,784.0,25801.434,30155.922,13.88,23.624,23.624,,,LENGKOK BAHRU,37.445
lengkok_bahru,Lengkok Bahru,786.0,25800.956,30157.864,13.88,22.999,22.999,,,LENGKOK BAHRU,35.515
lengkok_bahru,Lengkok Bahru,788.0,25800.478,30159.806,19.239,,22.375,,,LENGKOK BAHRU,33.593
lengkok_bahru,Lengkok Bahru,790.0,25800.0,30161.748,19.301,21.75,21.75,,,LENGKOK BAHRU,31.68
lengkok_bahru,Lengkok Bahru,792.0,25799.522,30163.69,19.301,21.126,21.126,,,LENGKOK BAHRU,29.78
lengkok_bahru,Lengkok Bahru,794.0,25799.044,30165.632,18.501,20.501,20.501,,,LENGKOK BAHRU,27.893
lengkok_bahru,Lengkok Bahru,796.0,25798.566,30167.574,16.104,19.877,19.877,,,LENGKOK BAHRU,26.023
lengkok_bahru,Lengkok Bahru,798.0,25798.088,30169.516,14.31,19.22,19.22,,,LENGKOK BAHRU,24.173
lengkok_bahru,Lengkok Bahru,800.0,25797.61,30171.458,15.516,18.563,18.563,,,LENGKOK BAHRU,22.35
lengkok_bahru,Lengkok Bahru,802.0,25797.132,30173.4,17.409,17.907,17.907,,,LENGKOK BAHRU,20.548
lengkok_bahru,Lengkok Bahru,804.0,25796.654,30175.342,17.45,17.25,17.25,,,LENGKOK BAHRU,18.747
lengkok_bahru,Lengkok Bahru,806.0,25796.176,30177.284,17.645,,16.922,,,LENGKOK BAHRU,16.945
lengkok_bahru,Lengkok Bahru,808.0,25795.698,30179.226,16.35,,16.594,,,LENGKOK BAHRU,15.144
lengkok_bahru,Lengkok Bahru,810.0,25795.22,30181.168,15.648,,16.265,,,LENGKOK BAHRU,13.342
lengkok_bahru,Lengkok Bahru,812.0,25794.742,30183.11,12.783,,,,,LENGKOK BAHRU,11.541
lengkok_bahru,Lengkok Bahru,814.0,25794.264,30185.052,10.336,,,,,LENGKOK BAHRU,9.74
lengkok_bahru,Lengkok Bahru,816.0,25793.786,30186.994,9.177,,12.326,,,LENGKOK BAHRU,7.938
lengkok_bahru,Lengkok Bahru,818.0,25793.308,30188.936,8.764,,11.998,,,LENGKOK BAHRU,6.137
lengkok_bahru,Lengkok Bahru,820.0,25792.83,30190.878,8.131,,11.669,,,LENGKOK BAHRU,4.336
lengkok_bahru,Lengkok Bahru,822.0,25792.352,30192.82,8.339,11.341,11.341,,,LENGKOK BAHRU,2.534
lengkok_bahru,Lengkok Bahru,824.0,25791.874,30194.762,8.231,10.685,10.685,,,LENGKOK BAHRU,0.733
lengkok_bahru,Lengkok Bahru,826.0,25791.396,30196.704,9.445,10.028,10.028,,,LENGKOK BAHRU,1.069
lengkok_bahru,Lengkok Bahru,828.0,25790.918,30198.647,10.393,9.371,9.371,,,LENGKOK BAHRU,2.87
lengkok_bahru,Lengkok Bahru,830.0,25790.44,30200.589,10.056,9.298,9.298,,,LENGKOK BAHRU,4.519
lengkok_bahru,Lengkok Bahru,832.0,25789.962,30202.531,9.053,9.224,9.224,,,LENGKOK BAHRU,6.065
lengkok_bahru,Lengkok Bahru,834.0,25789.956,30203.98,9.151,9.151,9.151,,,LENGKOK BAHRU,7.369
lengkok_bahru,Lengkok Bahru,836.0,25791.874,30203.414,9.138,8.908,8.908,,,LENGKOK BAHRU,7.687
lengkok_bahru,Lengkok Bahru,838.0,25793.792,30202.849,9.316,8.665,8.665,,,LENGKOK BAHRU,7.576
lengkok_bahru,Lengkok Bahru,840.0,25795.711,30202.284,8.192,8.638,8.665,,,LENGKOK BAHRU,7.419
lengkok_bahru,Lengkok Bahru,842.0,25797.629,30201.718,8.187,8.612,8.665,,,LENGKOK BAHRU,7.262
lengkok_bahru,Lengkok Bahru,844.0,25799.548,30201.153,7.919,8.838,8.838,,,LENGKOK BAHRU,7.105
lengkok_bahru,Lengkok Bahru,846.0,25801.504,30200.819,8.983,9.113,9.113,,,LENGKOK BAHRU,7.183
lengkok_bahru,Lengkok Bahru,848.0,25803.503,30200.747,9.167,9.389,9.389,,,LENGKOK BAHRU,7.385
lengkok_bahru,Lengkok Bahru,850.0,25805.501,30200.675,10.63,9.644,9.644,,,LENGKOK BAHRU,7.312
lengkok_bahru,Lengkok Bahru,852.0,25807.5,30200.603,10.82,9.898,9.898,,,LENGKOK BAHRU,7.239
lengkok_bahru,Lengkok Bahru,854.0,25809.499,30200.531,10.366,10.153,10.153,,,LENGKOK BAHRU,7.166
lengkok_bahru,Lengkok Bahru,856.0,25811.497,30200.458,9.744,10.407,10.407,,,LENGKOK BAHRU,7.093
lengkok_bahru,Lengkok Bahru,858.0,25813.494,30200.489,10.385,10.449,10.449,,,LENGKOK BAHRU,7.122
lengkok_bahru,Lengkok Bahru,860.0,25815.489,30200.634,9.722,10.49,10.49,,,LENGKOK BAHRU,7.266
lengkok_bahru,Lengkok Bahru,862.0,25817.484,30200.78,9.375,10.532,10.532,,,LENGKOK BAHRU,7.411
lengkok_bahru,Lengkok Bahru,864.0,25819.478,30200.925,9.975,10.573,10.573,,,LENGKOK BAHRU,7.442
lengkok_bahru,Lengkok Bahru,866.0,25821.473,30201.071,10.748,10.614,10.614,,,LENGKOK BAHRU,7.387
lengkok_bahru,Lengkok Bahru,868.0,25823.468,30201.216,11.677,10.656,10.656,,,LENGKOK BAHRU,7.332
lengkok_bahru,Lengkok Bahru,870.0,25825.462,30201.362,9.927,10.697,10.697,,,LENGKOK BAHRU,7.277
lengkok_bahru,Lengkok Bahru,872.0,25827.457,30201.507,11.923,10.739,10.739,,,LENGKOK BAHRU,7.222
lengkok_bahru,Lengkok Bahru,874.0,25829.452,30201.653,11.377,10.78,10.78,,,LENGKOK BAHRU,7.167
lengkok_bahru,Lengkok Bahru,876.0,25831.446,30201.798,11.234,10.821,10.821,,,LENGKOK BAHRU,7.112
lengkok_bahru,Lengkok Bahru,878.0,25833.441,30201.944,10.277,10.863,10.863,,,LENGKOK BAHRU,7.057
lengkok_bahru,Lengkok Bahru,880.0,25835.436,30202.094,10.904,10.904,10.904,,,LENGKOK BAHRU,7.006
lengkok_bahru,Lengkok Bahru,882.0,25837.43,30202.245,10.425,10.946,10.946,,,LENGKOK BAHRU,6.956
lengkok_bahru,Lengkok Bahru,884.0,25839.424,30202.395,11.261,10.988,10.988,2.101,1.0,LENGKOK BAHRU,6.906
lengkok_bahru,Lengkok Bahru,886.0,25841.418,30202.546,10.937,11.03,11.03,,,LENGKOK BAHRU,6.857
lengkok_bahru,Lengkok Bahru,888.0,25843.413,30202.697,11.072,11.072,11.072,,,LENGKOK BAHRU,6.807
lengkok_bahru,Lengkok Bahru,890.0,25845.407,30202.841,11.172,11.172,11.172,,,LENGKOK BAHRU,6.751
lengkok_bahru,Lengkok Bahru,892.0,25847.405,30202.944,11.079,11.425,11.425,,,LENGKOK BAHRU,6.652
lengkok_bahru,Lengkok Bahru,894.0,25849.402,30203.046,11.129,11.678,11.678,,,LENGKOK BAHRU,6.554
lengkok_bahru,Lengkok Bahru,896.0,25851.4,30203.148,10.972,11.931,11.931,,,LENGKOK BAHRU,6.456
lengkok_bahru,Lengkok Bahru,898.0,25853.397,30203.25,11.562,12.184,12.184,,,LENGKOK BAHRU,6.357
lengkok_bahru,Lengkok Bahru,900.0,25855.394,30203.352,12.437,12.437,12.391,,,LENGKOK BAHRU,6.259
lengkok_bahru,Lengkok Bahru,902.0,25857.393,30203.42,13.044,12.414,12.391,,,LENGKOK BAHRU,6.125
lengkok_bahru,Lengkok Bahru,904.0,25859.392,30203.473,12.479,12.391,12.391,,,LENGKOK BAHRU,5.979
lengkok_bahru,Lengkok Bahru,906.0,25861.392,30203.527,12.827,12.368,12.368,,,LENGKOK BAHRU,5.832
lengkok_bahru,Lengkok Bahru,908.0,25863.391,30203.581,12.339,12.345,12.368,,,LENGKOK BAHRU,5.685
lengkok_bahru,Lengkok Bahru,910.0,25865.39,30203.635,12.322,12.322,12.368,,,LENGKOK BAHRU,5.538
lengkok_bahru,Lengkok Bahru,912.0,25867.389,30203.69,13.163,12.618,12.618,,,LENGKOK BAHRU,5.393
lengkok_bahru,Lengkok Bahru,914.0,25869.377,30203.917,15.907,12.914,12.618,0.576,1.0,LENGKOK BAHRU,5.42
lengkok_bahru,Lengkok Bahru,916.0,25871.364,30204.144,15.982,12.664,12.618,-2.687,1.0,LENGKOK BAHRU,5.446
lengkok_bahru,Lengkok Bahru,918.0,25873.351,30204.37,12.414,12.414,12.414,-5.951,1.0,LENGKOK BAHRU,5.473
lengkok_bahru,Lengkok Bahru,920.0,25875.338,30204.597,11.919,12.252,12.252,,,LENGKOK BAHRU,5.5
lengkok_bahru,Lengkok Bahru,922.0,25877.325,30204.824,12.089,12.089,12.142,,,LENGKOK BAHRU,5.526
lengkok_bahru,Lengkok Bahru,924.0,25879.312,30205.051,12.476,12.116,12.142,,,LENGKOK BAHRU,5.553
lengkok_bahru,Lengkok Bahru,926.0,25881.299,30205.278,11.926,12.142,12.142,0.591,1.0,LENGKOK BAHRU,5.579
lengkok_bahru,Lengkok Bahru,928.0,25883.286,30205.504,11.787,12.168,12.168,,,LENGKOK BAHRU,5.606
lengkok_bahru,Lengkok Bahru,930.0,25885.273,30205.731,12.195,12.195,12.189,,,LENGKOK BAHRU,5.633
lengkok_bahru,Lengkok Bahru,932.0,25887.26,30205.958,12.189,12.189,12.195,,,LENGKOK BAHRU,5.659
lengkok_bahru,Lengkok Bahru,934.0,25889.247,30206.185,12.193,12.422,12.422,,,LENGKOK BAHRU,5.686
lengkok_bahru,Lengkok Bahru,936.0,25891.241,30206.137,12.189,12.654,12.654,,,LENGKOK BAHRU,5.439
lengkok_bahru,Lengkok Bahru,938.0,25893.236,30206.001,12.601,12.886,12.846,,,LENGKOK BAHRU,5.103
lengkok_bahru,Lengkok Bahru,940.0,25895.232,30205.864,12.678,12.866,12.846,,,LENGKOK BAHRU,4.768
lengkok_bahru,Lengkok Bahru,942.0,25897.227,30205.728,13.865,12.846,12.846,,,LENGKOK BAHRU,4.468
lengkok_bahru,Lengkok Bahru,944.0,25899.222,30205.592,13.837,12.826,12.826,,,LENGKOK BAHRU,4.636
lengkok_bahru,Lengkok Bahru,946.0,25901.209,30205.376,13.859,12.806,12.806,,,LENGKOK BAHRU,4.776
lengkok_bahru,Lengkok Bahru,948.0,25903.186,30205.076,15.85,12.786,12.786,,,LENGKOK BAHRU,4.83
lengkok_bahru,Lengkok Bahru,950.0,25905.164,30204.776,16.578,12.766,12.766,,,LENGKOK BAHRU,4.885
lengkok_bahru,Lengkok Bahru,952.0,25907.141,30204.476,18.948,12.746,12.746,,,LENGKOK BAHRU,4.94
lengkok_bahru,Lengkok Bahru,954.0,25909.118,30204.176,17.392,12.726,12.726,,,LENGKOK BAHRU,4.994
lengkok_bahru,Lengkok Bahru,956.0,25911.096,30203.876,15.942,12.706,12.706,,,LENGKOK BAHRU,5.049
lengkok_bahru,Lengkok Bahru,958.0,25913.027,30203.388,14.848,12.686,12.686,,,LENGKOK BAHRU,4.911
lengkok_bahru,Lengkok Bahru,960.0,25914.919,30202.739,13.509,12.666,12.666,,,LENGKOK BAHRU,4.885
lengkok_bahru,Lengkok Bahru,962.0,25916.811,30202.09,12.989,12.646,12.646,,,LENGKOK BAHRU,5.1
lengkok_bahru,Lengkok Bahru,964.0,25918.702,30201.441,13.04,12.626,12.626,,,LENGKOK BAHRU,5.315
lengkok_bahru,Lengkok Bahru,966.0,25920.594,30200.792,12.742,12.606,12.606,,,LENGKOK BAHRU,5.53
lengkok_bahru,Lengkok Bahru,968.0,25922.486,30200.143,12.586,12.586,12.586,,,LENGKOK BAHRU,5.789
lengkok_bahru,Lengkok Bahru,970.0,25924.207,30199.139,12.508,12.508,12.547,,,LENGKOK BAHRU,6.044
lengkok_bahru,Lengkok Bahru,972.0,25925.899,30198.071,12.547,12.547,12.508,,,LENGKOK BAHRU,6.269
lengkok_bahru,Lengkok Bahru,974.0,25927.59,30197.004,13.631,12.419,12.419,-3.629,1.0,LENGKOK BAHRU,6.493
lengkok_bahru,Lengkok Bahru,976.0,25929.281,30195.936,13.484,12.291,12.291,-3.143,1.0,LENGKOK BAHRU,6.718
lengkok_bahru,Lengkok Bahru,978.0,25930.973,30194.869,12.163,12.163,12.256,,,LENGKOK BAHRU,6.942
lengkok_bahru,Lengkok Bahru,980.0,25932.555,30193.654,12.256,12.256,12.256,,,LENGKOK BAHRU,6.984
lengkok_bahru,Lengkok Bahru,982.0,25934.073,30192.351,12.219,12.219,12.256,,,LENGKOK BAHRU,6.916
lengkok_bahru,Lengkok Bahru,984.0,25935.59,30191.049,12.406,12.516,12.516,10.671,2.0,LENGKOK BAHRU,6.849
lengkok_bahru,Lengkok Bahru,986.0,25937.108,30189.746,13.207,12.813,12.813,,,LENGKOK BAHRU,6.781
lengkok_bahru,Lengkok Bahru,988.0,25938.451,30188.267,13.11,13.11,13.11,,,LENGKOK BAHRU,6.467
lengkok_bahru,Lengkok Bahru,990.0,25939.772,30186.766,13.041,13.254,13.254,,,LENGKOK BAHRU,6.122
lengkok_bahru,Lengkok Bahru,992.0,25941.093,30185.264,13.399,13.399,13.368,3.222,1.0,LENGKOK BAHRU,5.776
lengkok_bahru,Lengkok Bahru,994.0,25942.414,30183.762,13.368,13.368,13.368,1.745,1.0,LENGKOK BAHRU,5.648
lengkok_bahru,Lengkok Bahru,996.0,25943.706,30182.237,13.615,13.615,13.368,0.267,1.0,LENGKOK BAHRU,5.904
lengkok_bahru,Lengkok Bahru,998.0,25944.92,30180.647,13.316,13.316,13.368,,,LENGKOK BAHRU,6.064
lengkok_bahru,Lengkok Bahru,1000.0,25946.133,30179.057,13.243,13.243,13.389,,,LENGKOK BAHRU,6.225
lengkok_bahru,Lengkok Bahru,1002.0,25947.347,30177.468,12.075,13.389,13.389,,,LENGKOK BAHRU,6.385
lengkok_bahru,Lengkok Bahru,1004.0,25948.561,30175.878,12.519,13.535,13.535,3.646,1.0,LENGKOK BAHRU,6.546
lengkok_bahru,Lengkok Bahru,1006.0,25949.798,30174.307,13.768,13.681,13.681,,,LENGKOK BAHRU,6.737
lengkok_bahru,Lengkok Bahru,1008.0,25951.079,30172.771,13.827,13.827,13.681,,,LENGKOK BAHRU,6.982
lengkok_bahru,Lengkok Bahru,1010.0,25952.359,30171.234,13.399,13.724,13.681,,,LENGKOK BAHRU,7.227
lengkok_bahru,Lengkok Bahru,1012.0,25953.639,30169.698,13.929,13.621,13.621,,,LENGKOK BAHRU,7.472
lengkok_bahru,Lengkok Bahru,1014.0,25954.919,30168.161,15.168,13.518,13.518,,,LENGKOK BAHRU,7.718
lengkok_bahru,Lengkok Bahru,1016.0,25956.2,30166.625,15.582,13.415,13.415,,,LENGKOK BAHRU,7.963
lengkok_bahru,Lengkok Bahru,1018.0,25957.279,30164.948,17.352,13.313,13.313,,,LENGKOK BAHRU,7.964
lengkok_bahru,Lengkok Bahru,1020.0,25958.28,30163.216,14.463,13.21,13.21,,,LENGKOK BAHRU,7.868
lengkok_bahru,Lengkok Bahru,1022.0,25959.281,30161.485,13.515,13.107,13.107,,,LENGKOK BAHRU,7.773
lengkok_bahru,Lengkok Bahru,1024.0,25960.281,30159.753,12.894,13.004,13.026,,,LENGKOK BAHRU,7.677
lengkok_bahru,Lengkok Bahru,1026.0,25961.292,30158.028,12.901,12.901,13.026,,,LENGKOK BAHRU,7.594
lengkok_bahru,Lengkok Bahru,1028.0,25962.319,30156.311,13.026,13.026,13.026,,,LENGKOK BAHRU,7.528
lengkok_bahru,Lengkok Bahru,1030.0,25963.345,30154.594,13.037,13.037,13.026,,,LENGKOK BAHRU,7.462
lengkok_bahru,Lengkok Bahru,1032.0,25964.371,30152.878,13.444,13.09,13.026,,,LENGKOK BAHRU,7.397
lengkok_bahru,Lengkok Bahru,1034.0,25965.397,30151.161,13.733,12.926,12.926,,,LENGKOK BAHRU,7.331
lengkok_bahru,Lengkok Bahru,1036.0,25966.487,30149.486,13.198,12.687,12.687,,,LENGKOK BAHRU,7.341
lengkok_bahru,Lengkok Bahru,1038.0,25967.636,30147.849,13.223,12.447,12.447,,,LENGKOK BAHRU,7.422
lengkok_bahru,Lengkok Bahru,1040.0,25968.786,30146.212,13.069,12.257,12.257,,,LENGKOK BAHRU,7.502
lengkok_bahru,Lengkok Bahru,1042.0,25969.935,30144.575,11.617,12.067,12.173,,,LENGKOK BAHRU,7.583
lengkok_bahru,Lengkok Bahru,1044.0,25971.084,30142.938,11.503,11.877,12.173,,,LENGKOK BAHRU,7.664
lengkok_bahru,Lengkok Bahru,1046.0,25972.233,30141.301,11.467,12.173,12.173,,,LENGKOK BAHRU,7.744
lengkok_bahru,Lengkok Bahru,1048.0,25973.398,30139.676,11.5,12.469,12.469,,,LENGKOK BAHRU,7.844
lengkok_bahru,Lengkok Bahru,1050.0,25974.63,30138.101,17.037,12.764,12.764,,,LENGKOK BAHRU,8.029
lengkok_bahru,Lengkok Bahru,1052.0,25975.863,30136.526,16.94,13.198,13.198,,,LENGKOK BAHRU,8.214
lengkok_bahru,Lengkok Bahru,1054.0,25977.096,30134.951,20.037,13.633,13.633,,,LENGKOK BAHRU,8.398
lengkok_bahru,Lengkok Bahru,1056.0,25978.329,30133.376,12.726,14.067,14.067,,,LENGKOK BAHRU,8.583
lengkok_bahru,Lengkok Bahru,1058.0,25979.746,30131.971,15.169,14.501,14.501,,,LENGKOK BAHRU,9.014
lengkok_bahru,Lengkok Bahru,1060.0,25981.217,30130.616,16.165,14.935,14.935,,,LENGKOK BAHRU,9.518
lengkok_bahru,Lengkok Bahru,1062.0,25982.688,30129.262,17.259,15.369,15.198,,,LENGKOK BAHRU,10.022
lengkok_bahru,Lengkok Bahru,1064.0,25984.16,30127.907,20.431,15.284,15.198,,,LENGKOK BAHRU,10.477
lengkok_bahru,Lengkok Bahru,1066.0,25985.626,30127.293,17.247,15.198,15.198,,,LENGKOK BAHRU,11.332
lengkok_bahru,Lengkok Bahru,1068.0,25987.081,30128.665,17.072,14.96,14.96,,,LENGKOK BAHRU,13.31
lengkok_bahru,Lengkok Bahru,1070.0,25988.536,30130.038,17.816,14.722,14.722,,,LENGKOK BAHRU,15.287
lengkok_bahru,Lengkok Bahru,1072.0,25989.991,30131.41,17.9,14.484,14.484,,,LENGKOK BAHRU,17.265
lengkok_bahru,Lengkok Bahru,1074.0,25991.446,30132.782,20.675,14.235,14.235,,,LENGKOK BAHRU,19.242
lengkok_bahru,Lengkok Bahru,1330.0,25987.646,30100.649,13.116,13.985,13.985,,,LENGKOK BAHRU,6.844
lengkok_bahru,Lengkok Bahru,1332.0,25986.606,30098.94,13.351,13.735,13.735,,,LENGKOK BAHRU,7.739
lengkok_bahru,Lengkok Bahru,1334.0,25985.567,30097.232,13.23,13.485,13.485,,,LENGKOK BAHRU,8.633
lengkok_bahru,Lengkok Bahru,1336.0,25984.527,30095.523,14.27,13.235,13.245,,,LENGKOK BAHRU,9.527
lengkok_bahru,Lengkok Bahru,1338.0,25983.487,30093.815,13.867,13.24,13.245,,,LENGKOK BAHRU,10.421
lengkok_bahru,Lengkok Bahru,1340.0,25982.448,30092.106,13.148,13.245,13.245,,,LENGKOK BAHRU,11.26
lengkok_bahru,Lengkok Bahru,1342.0,25981.408,30090.398,13.942,13.559,13.559,,,LENGKOK BAHRU,11.699
lengkok_bahru,Lengkok Bahru,1344.0,25980.368,30088.689,13.211,13.873,13.873,,,LENGKOK BAHRU,12.137
lengkok_bahru,Lengkok Bahru,1346.0,25979.328,30086.981,13.261,14.214,14.214,,,LENGKOK BAHRU,12.575
lengkok_bahru,Lengkok Bahru,1348.0,25978.289,30085.272,13.404,14.554,14.554,,,LENGKOK BAHRU,13.013
lengkok_bahru,Lengkok Bahru,1350.0,25977.249,30083.564,15.504,14.895,14.895,,,LENGKOK BAHRU,13.451
lengkok_bahru,Lengkok Bahru,1352.0,25976.209,30081.855,19.908,15.236,14.895,,,LENGKOK BAHRU,13.89
lengkok_bahru,Lengkok Bahru,1354.0,25975.17,30080.147,16.0,14.968,14.895,,,LENGKOK BAHRU,14.328
lengkok_bahru,Lengkok Bahru,1356.0,25974.13,30078.438,21.083,14.699,14.699,,,LENGKOK BAHRU,14.766
lengkok_bahru,Lengkok Bahru,1358.0,25973.09,30076.73,20.846,14.431,14.699,,,LENGKOK BAHRU,15.204
lengkok_bahru,Lengkok Bahru,1360.0,25972.051,30075.021,12.867,14.595,14.699,,,LENGKOK BAHRU,15.643
lengkok_bahru,Lengkok Bahru,1362.0,25971.011,30073.313,16.437,14.76,14.76,,,LENGKOK BAHRU,16.081
lengkok_bahru,Lengkok Bahru,1364.0,25969.971,30071.604,12.938,14.924,14.924,,,LENGKOK BAHRU,16.519
lengkok_bahru,Lengkok Bahru,1366.0,25968.931,30069.896,13.037,15.088,15.088,,,LENGKOK BAHRU,16.957
lengkok_bahru,Lengkok Bahru,1368.0,25967.892,30068.187,13.837,15.253,15.253,,,LENGKOK BAHRU,17.395
lengkok_bahru,Lengkok Bahru,1370.0,25966.852,30066.479,19.192,15.417,15.417,,,LENGKOK BAHRU,17.834
lengkok_bahru,Lengkok Bahru,1372.0,25965.812,30064.77,19.887,15.582,15.582,,,LENGKOK BAHRU,18.272
lengkok_bahru,Lengkok Bahru,1374.0,25964.773,30063.062,19.266,15.746,15.746,,,LENGKOK BAHRU,18.71
lengkok_bahru,Lengkok Bahru,1376.0,25963.733,30061.353,19.234,15.91,15.91,,,LENGKOK BAHRU,19.148
lengkok_bahru,Lengkok Bahru,1378.0,25962.693,30059.645,14.669,16.075,16.075,,,LENGKOK BAHRU,19.587
lengkok_bahru,Lengkok Bahru,1380.0,25961.654,30057.936,18.947,16.239,16.239,,,LENGKOK BAHRU,20.025
lengkok_bahru,Lengkok Bahru,1382.0,25960.614,30056.228,15.013,16.404,16.371,,,LENGKOK BAHRU,20.463
lengkok_bahru,Lengkok Bahru,1384.0,25959.574,30054.519,16.322,16.387,16.387,,,LENGKOK BAHRU,20.901
lengkok_bahru,Lengkok Bahru,1386.0,25958.534,30052.811,14.435,16.371,16.387,,,LENGKOK BAHRU,21.339
lengkok_bahru,Lengkok Bahru,1388.0,25957.495,30051.102,16.419,16.419,16.371,,,LENGKOK BAHRU,21.778
lengkok_bahru,Lengkok Bahru,1390.0,25956.615,30049.306,16.341,16.341,16.341,-0.576,1.0,LENGKOK BAHRU,22.391
lengkok_bahru,Lengkok Bahru,1392.0,25955.743,30047.506,16.241,16.241,16.341,,,LENGKOK BAHRU,23.014
lengkok_bahru,Lengkok Bahru,1394.0,25954.872,30045.706,16.238,16.238,16.341,,,LENGKOK BAHRU,23.637
lengkok_bahru,Lengkok Bahru,1396.0,25954.0,30043.906,21.201,16.403,16.403,,,LENGKOK BAHRU,24.259
lengkok_bahru,Lengkok Bahru,1398.0,25953.128,30042.106,15.563,16.567,16.567,0.129,1.0,LENGKOK BAHRU,24.882
lengkok_bahru,Lengkok Bahru,1610.0,25920.916,30018.27,17.059,16.732,16.623,,,LENGKOK BAHRU,9.157
lengkok_bahru,Lengkok Bahru,1612.0,25918.92,30018.147,16.897,16.897,16.623,,,LENGKOK BAHRU,7.501
lengkok_bahru,Lengkok Bahru,1614.0,25916.924,30018.023,16.722,16.623,16.623,,,LENGKOK BAHRU,5.846
lengkok_bahru,Lengkok Bahru,1616.0,25915.715,30016.698,16.35,16.35,16.392,-2.883,1.0,LENGKOK BAHRU,5.498
lengkok_bahru,Lengkok Bahru,1618.0,25914.805,30014.917,16.375,16.375,16.392,,,LENGKOK BAHRU,5.648
lengkok_bahru,Lengkok Bahru,1620.0,25913.895,30013.136,16.392,16.392,16.392,,,LENGKOK BAHRU,5.798
lengkok_bahru,Lengkok Bahru,1622.0,25912.985,30011.355,16.435,16.435,16.435,,,LENGKOK BAHRU,5.948
lengkok_bahru,Lengkok Bahru,1624.0,25912.075,30009.574,16.525,16.648,16.648,,,LENGKOK BAHRU,6.097
lengkok_bahru,Lengkok Bahru,1626.0,25911.165,30007.793,16.61,16.987,16.987,,,LENGKOK BAHRU,6.247
lengkok_bahru,Lengkok Bahru,1628.0,25910.16,30006.065,17.01,17.325,17.325,,,LENGKOK BAHRU,6.289
lengkok_bahru,Lengkok Bahru,1630.0,25909.144,30004.342,17.514,17.789,17.789,,,LENGKOK BAHRU,6.318
lengkok_bahru,Lengkok Bahru,1632.0,25908.128,30002.619,18.803,18.254,18.254,,,LENGKOK BAHRU,6.347
lengkok_bahru,Lengkok Bahru,1634.0,25907.112,30000.897,19.226,18.718,18.718,,,LENGKOK BAHRU,6.375
lengkok_bahru,Lengkok Bahru,1636.0,25906.095,29999.174,19.477,,19.182,,,LENGKOK BAHRU,6.404
lengkok_bahru,Lengkok Bahru,1638.0,25905.079,29997.452,20.142,,19.646,,,LENGKOK BAHRU,6.433
lengkok_bahru,Lengkok Bahru,1640.0,25904.063,29995.729,19.081,,20.111,,,LENGKOK BAHRU,6.462
lengkok_bahru,Lengkok Bahru,1642.0,25903.047,29994.006,18.047,20.575,20.575,,,LENGKOK BAHRU,6.49
lengkok_bahru,Lengkok Bahru,1644.0,25902.03,29992.284,19.218,21.039,21.039,,,LENGKOK BAHRU,6.519
lengkok_bahru,Lengkok Bahru,1646.0,25901.014,29990.561,19.076,21.503,21.503,,,LENGKOK BAHRU,6.548
lengkok_bahru,Lengkok Bahru,1648.0,25899.998,29988.839,19.267,21.968,21.893,,,LENGKOK BAHRU,6.577
lengkok_bahru,Lengkok Bahru,1650.0,25898.953,29987.139,22.432,21.93,21.893,,,LENGKOK BAHRU,6.569
lengkok_bahru,Lengkok Bahru,1652.0,25897.472,29985.796,22.372,21.893,21.893,,,LENGKOK BAHRU,6.003
lengkok_bahru,Lengkok Bahru,1654.0,25895.99,29984.452,21.402,21.856,21.856,,,LENGKOK BAHRU,5.437
lengkok_bahru,Lengkok Bahru,1656.0,25894.509,29983.109,21.947,21.264,21.264,,,LENGKOK BAHRU,4.871
lengkok_bahru,Lengkok Bahru,1658.0,25893.027,29981.765,21.893,20.673,20.673,,,LENGKOK BAHRU,4.306
lengkok_bahru,Lengkok Bahru,1660.0,25891.546,29980.422,20.824,20.081,20.081,,,LENGKOK BAHRU,3.74
lengkok_bahru,Lengkok Bahru,1662.0,25890.064,29979.078,17.936,19.49,19.49,,,LENGKOK BAHRU,3.174
lengkok_bahru,Lengkok Bahru,1664.0,25888.583,29977.735,16.986,18.898,18.898,,,LENGKOK BAHRU,2.608
lengkok_bahru,Lengkok Bahru,1666.0,25887.101,29976.391,16.974,18.307,18.307,,,LENGKOK BAHRU,2.034
lengkok_bahru,Lengkok Bahru,1668.0,25885.62,29975.047,17.092,17.715,17.715,,,LENGKOK BAHRU,1.459
lengkok_bahru,Lengkok Bahru,1670.0,25884.138,29973.704,17.124,17.559,17.702,,,LENGKOK BAHRU,0.884
lengkok_bahru,Lengkok Bahru,1672.0,25882.657,29972.36,17.124,17.403,17.702,,,LENGKOK BAHRU,0.31
lengkok_bahru,Lengkok Bahru,1674.0,25881.175,29971.017,17.467,17.702,17.702,,,LENGKOK BAHRU,0.265
lengkok_bahru,Lengkok Bahru,1676.0,25879.681,29969.688,17.962,18.002,18.002,,,LENGKOK BAHRU,0.977
lengkok_bahru,Lengkok Bahru,1678.0,25878.134,29968.42,18.007,18.41,18.41,,,LENGKOK BAHRU,1.939
lengkok_bahru,Lengkok Bahru,1680.0,25876.587,29967.153,18.477,18.818,18.818,,,LENGKOK BAHRU,2.901
lengkok_bahru,Lengkok Bahru,1682.0,25875.04,29965.885,20.561,19.226,19.226,,,LENGKOK BAHRU,3.863
lengkok_bahru,Lengkok Bahru,1684.0,25873.493,29964.618,20.87,,19.634,,,LENGKOK BAHRU,4.825
lengkok_bahru,Lengkok Bahru,1686.0,25871.946,29963.35,21.566,,20.042,,,LENGKOK BAHRU,5.788
lengkok_bahru,Lengkok Bahru,1688.0,25870.399,29962.083,21.378,20.45,20.45,,,LENGKOK BAHRU,6.75
lengkok_bahru,Lengkok Bahru,1690.0,25868.897,29960.762,21.299,20.858,20.858,,,LENGKOK BAHRU,7.65
lengkok_bahru,Lengkok Bahru,1692.0,25867.397,29959.438,20.274,21.266,21.266,,,LENGKOK BAHRU,8.547
lengkok_bahru,Lengkok Bahru,1694.0,25865.898,29958.115,19.701,21.674,21.674,,,LENGKOK BAHRU,9.444
lengkok_bahru,Lengkok Bahru,1696.0,25864.399,29956.791,21.766,21.861,21.861,,,LENGKOK BAHRU,10.351
lengkok_bahru,Lengkok Bahru,1698.0,25863.083,29955.286,20.728,22.049,22.049,,,LENGKOK BAHRU,11.222
lengkok_bahru,Lengkok Bahru,1700.0,25861.777,29953.772,22.403,22.236,22.131,,,LENGKOK BAHRU,12.134
lengkok_bahru,Lengkok Bahru,1702.0,25860.47,29952.257,22.424,22.424,22.131,,,LENGKOK BAHRU,13.046
lengkok_bahru,Lengkok Bahru,1704.0,25859.164,29950.743,20.116,22.131,22.131,,,LENGKOK BAHRU,13.958
lengkok_bahru,Lengkok Bahru,1706.0,25857.836,29949.247,22.003,21.838,21.838,,,LENGKOK BAHRU,14.895
lengkok_bahru,Lengkok Bahru,1708.0,25856.49,29947.768,23.041,21.493,21.493,,,LENGKOK BAHRU,15.854
lengkok_bahru,Lengkok Bahru,1710.0,25855.145,29946.289,20.921,21.149,21.149,,,LENGKOK BAHRU,16.836
lengkok_bahru,Lengkok Bahru,1712.0,25853.799,29944.809,19.191,20.804,20.804,,,LENGKOK BAHRU,17.897
lengkok_bahru,Lengkok Bahru,1714.0,25852.453,29943.33,18.332,,20.46,,,LENGKOK BAHRU,18.958
lengkok_bahru,Lengkok Bahru,1716.0,25850.904,29942.08,18.39,20.115,20.115,,,LENGKOK BAHRU,20.259
lengkok_bahru,Lengkok Bahru,1718.0,25849.269,29940.928,18.432,19.771,19.771,,,LENGKOK BAHRU,19.675
lengkok_bahru,Lengkok Bahru,1720.0,25847.634,29939.776,19.082,19.426,19.426,,,LENGKOK BAHRU,18.512
lengkok_bahru,Lengkok Bahru,1722.0,25845.999,29938.625,19.082,19.082,19.124,,,LENGKOK BAHRU,17.349
lengkok_bahru,Lengkok Bahru,1724.0,25844.364,29937.473,19.082,19.082,19.082,,,LENGKOK BAHRU,16.185
lengkok_bahru,Lengkok Bahru,1726.0,25842.733,29936.316,19.124,19.124,19.082,-0.729,1.0,LENGKOK BAHRU,15.017
lengkok_bahru,Lengkok Bahru,1728.0,25841.128,29935.122,19.065,19.065,19.082,,,LENGKOK BAHRU,13.811
lengkok_bahru,Lengkok Bahru,1730.0,25839.524,29933.927,19.153,19.153,19.065,,,LENGKOK BAHRU,12.606
lengkok_bahru,Lengkok Bahru,1732.0,25837.92,29932.733,17.707,18.92,18.92,,,LENGKOK BAHRU,11.4
lengkok_bahru,Lengkok Bahru,1734.0,25836.316,29931.539,18.024,18.688,18.688,,,LENGKOK BAHRU,10.195
lengkok_bahru,Lengkok Bahru,1736.0,25834.711,29930.345,18.721,18.455,18.455,,,LENGKOK BAHRU,8.989
lengkok_bahru,Lengkok Bahru,1738.0,25833.107,29929.15,18.209,18.223,18.223,,,LENGKOK BAHRU,7.783
lengkok_bahru,Lengkok Bahru,1740.0,25831.566,29927.876,17.99,17.99,18.223,,,LENGKOK BAHRU,6.498
lengkok_bahru,Lengkok Bahru,1742.0,25830.026,29926.6,17.374,18.132,18.223,,,LENGKOK BAHRU,5.211
lengkok_bahru,Lengkok Bahru,1744.0,25828.485,29925.324,18.149,18.274,18.274,2.426,1.0,LENGKOK BAHRU,3.925
lengkok_bahru,Lengkok Bahru,1746.0,25826.945,29924.048,18.103,18.417,18.415,,,LENGKOK BAHRU,2.638
lengkok_bahru,Lengkok Bahru,1748.0,25825.405,29922.772,18.559,18.559,18.417,,,LENGKOK BAHRU,1.549
lengkok_bahru,Lengkok Bahru,1750.0,25823.865,29921.497,18.415,18.415,18.559,,,LENGKOK BAHRU,0.48
lengkok_bahru,Lengkok Bahru,1752.0,25822.324,29920.221,18.884,18.694,18.694,,,LENGKOK BAHRU,0.589
lengkok_bahru,Lengkok Bahru,1754.0,25820.784,29918.945,20.546,18.974,18.974,,,LENGKOK BAHRU,1.658
lengkok_bahru,Lengkok Bahru,1756.0,25819.244,29917.669,20.151,19.253,18.974,,,LENGKOK BAHRU,2.728
lengkok_bahru,Lengkok Bahru,1758.0,25817.704,29916.393,20.121,19.161,18.974,,,LENGKOK BAHRU,3.179
lengkok_bahru,Lengkok Bahru,1760.0,25816.164,29915.118,19.811,18.958,18.958,,,LENGKOK BAHRU,3.333
lengkok_bahru,Lengkok Bahru,1762.0,25814.623,29913.842,19.591,18.756,18.756,,,LENGKOK BAHRU,3.486
lengkok_bahru,Lengkok Bahru,1764.0,25813.083,29912.566,19.616,18.557,18.557,,,LENGKOK BAHRU,3.64
lengkok_bahru,Lengkok Bahru,1766.0,25811.543,29911.29,17.676,18.358,18.358,,,LENGKOK BAHRU,3.793
lengkok_bahru,Lengkok Bahru,1768.0,25810.003,29910.014,17.643,18.159,18.159,,,LENGKOK BAHRU,3.946
lengkok_bahru,Lengkok Bahru,1770.0,25808.462,29908.739,17.961,17.961,18.023,,,LENGKOK BAHRU,4.1
lengkok_bahru,Lengkok Bahru,1772.0,25806.922,29907.463,17.948,17.948,18.023,,,LENGKOK BAHRU,4.253
lengkok_bahru,Lengkok Bahru,1774.0,25805.382,29906.187,18.023,18.023,18.023,0.0,1.0,LENGKOK BAHRU,4.407
lengkok_bahru,Lengkok Bahru,1776.0,25803.842,29904.911,18.048,18.048,18.023,-3.71,1.0,LENGKOK BAHRU,4.496
lengkok_bahru,Lengkok Bahru,1778.0,25802.301,29903.635,18.023,18.023,18.023,-4.127,1.0,LENGKOK BAHRU,4.557
lengkok_bahru,Lengkok Bahru,1780.0,25800.761,29902.36,17.726,17.726,17.726,-4.297,1.0,LENGKOK BAHRU,4.618
lengkok_bahru,Lengkok Bahru,1782.0,25799.221,29901.084,17.693,17.693,17.693,-4.297,1.0,LENGKOK BAHRU,4.679
lengkok_bahru,Lengkok Bahru,1784.0,25797.681,29899.808,17.434,17.434,17.679,,,LENGKOK BAHRU,4.74
lengkok_bahru,Lengkok Bahru,1786.0,25796.14,29898.532,17.396,17.396,17.679,,,LENGKOK BAHRU,4.801
lengkok_bahru,Lengkok Bahru,1788.0,25794.6,29897.256,17.384,17.679,17.679,,,LENGKOK BAHRU,4.862
lengkok_bahru,Lengkok Bahru,1790.0,25793.06,29895.981,17.409,17.962,17.962,10.604,2.0,LENGKOK BAHRU,4.923
lengkok_bahru,Lengkok Bahru,1792.0,25791.52,29894.705,17.484,18.245,18.245,,,LENGKOK BAHRU,4.984
lengkok_bahru,Lengkok Bahru,1794.0,25789.979,29893.429,18.528,18.528,18.528,,,LENGKOK BAHRU,5.045
lengkok_bahru,Lengkok Bahru,1796.0,25788.413,29892.193,18.678,18.678,18.678,,,LENGKOK BAHRU,5.059
lengkok_bahru,Lengkok Bahru,1798.0,25786.629,29891.289,18.728,18.728,18.711,2.485,1.0,LENGKOK BAHRU,4.676
lengkok_bahru,Lengkok Bahru,1800.0,25784.845,29890.385,18.728,18.728,18.719,,,LENGKOK BAHRU,4.294
lengkok_bahru,Lengkok Bahru,1802.0,25783.061,29889.481,18.711,18.711,18.726,,,LENGKOK BAHRU,3.911
lengkok_bahru,Lengkok Bahru,1804.0,25781.277,29888.577,17.959,18.719,18.726,,,LENGKOK BAHRU,3.529
lengkok_bahru,Lengkok Bahru,1806.0,25779.493,29887.674,17.984,18.726,18.726,,,LENGKOK BAHRU,3.171
lengkok_bahru,Lengkok Bahru,1808.0,25777.709,29886.77,17.984,18.734,18.734,,,LENGKOK BAHRU,3.188
lengkok_bahru,Lengkok Bahru,1810.0,25775.924,29885.866,18.762,18.742,18.742,,,LENGKOK BAHRU,3.216
lengkok_bahru,Lengkok Bahru,1812.0,25774.14,29884.962,18.749,18.749,18.749,,,LENGKOK BAHRU,3.244
lengkok_bahru,Lengkok Bahru,1814.0,25772.356,29884.058,18.762,18.762,18.762,,,LENGKOK BAHRU,3.271
lengkok_bahru,Lengkok Bahru,1816.0,25770.572,29883.155,18.774,18.774,18.774,0.313,1.0,LENGKOK BAHRU,3.299
lengkok_bahru,Lengkok Bahru,1818.0,25768.788,29882.251,18.824,18.824,18.774,,,LENGKOK BAHRU,3.327
lengkok_bahru,Lengkok Bahru,1820.0,25767.004,29881.347,18.944,18.944,18.774,,,LENGKOK BAHRU,3.355
lengkok_bahru,Lengkok Bahru,1822.0,25765.146,29880.619,19.903,18.732,18.732,-4.92,1.0,LENGKOK BAHRU,3.192
lengkok_bahru,Lengkok Bahru,1824.0,25763.249,29879.987,19.994,18.519,18.519,-4.92,1.0,LENGKOK BAHRU,2.926
lengkok_bahru,Lengkok Bahru,1826.0,25761.351,29879.355,18.306,18.306,18.381,,,LENGKOK BAHRU,2.66
lengkok_bahru,Lengkok Bahru,1828.0,25759.454,29878.723,18.331,18.331,18.381,,,LENGKOK BAHRU,2.394
lengkok_bahru,Lengkok Bahru,1830.0,25757.556,29878.091,18.381,18.381,18.381,0.0,1.0,LENGKOK BAHRU,2.322
lengkok_bahru,Lengkok Bahru,1832.0,25755.659,29877.459,18.431,18.431,18.381,0.0,1.0,LENGKOK BAHRU,2.562
lengkok_bahru,Lengkok Bahru,1834.0,25753.728,29876.943,18.381,18.381,18.381,0.0,1.0,LENGKOK BAHRU,2.682
lengkok_bahru,Lengkok Bahru,1836.0,25751.785,29876.47,18.181,18.181,18.381,,,LENGKOK BAHRU,2.758
lengkok_bahru,Lengkok Bahru,1838.0,25749.841,29875.997,18.231,18.231,18.381,,,LENGKOK BAHRU,2.833
lengkok_bahru,Lengkok Bahru,1840.0,25747.898,29875.524,18.281,18.467,18.467,,,LENGKOK BAHRU,2.909
lengkok_bahru,Lengkok Bahru,1842.0,25745.955,29875.051,19.092,18.703,18.703,,,LENGKOK BAHRU,2.984
lengkok_bahru,Lengkok Bahru,1844.0,25744.012,29874.577,19.126,18.841,18.831,,,LENGKOK BAHRU,3.06
lengkok_bahru,Lengkok Bahru,1846.0,25742.044,29874.237,19.259,18.978,18.841,,,LENGKOK BAHRU,3.001
lengkok_bahru,Lengkok Bahru,1848.0,25740.059,29873.992,18.831,18.831,18.906,,,LENGKOK BAHRU,2.845
lengkok_bahru,Lengkok Bahru,1850.0,25738.074,29873.747,18.906,18.906,18.978,,,LENGKOK BAHRU,2.688
lengkok_bahru,Lengkok Bahru,1852.0,25736.089,29873.502,18.956,19.084,19.084,,,LENGKOK BAHRU,2.532
lengkok_bahru,Lengkok Bahru,1854.0,25734.104,29873.258,19.006,19.261,19.261,,,LENGKOK BAHRU,2.375
lengkok_bahru,Lengkok Bahru,1856.0,25732.119,29873.013,19.056,19.56,19.56,,,LENGKOK BAHRU,2.513
lengkok_bahru,Lengkok Bahru,1858.0,25730.134,29872.768,20.864,19.859,19.859,,,LENGKOK BAHRU,2.819
lengkok_bahru,Lengkok Bahru,1860.0,25728.149,29872.523,20.688,20.158,20.158,,,LENGKOK BAHRU,3.124
lengkok_bahru,Lengkok Bahru,1862.0,25726.164,29872.279,20.722,20.456,20.456,,,LENGKOK BAHRU,3.43
lengkok_bahru,Lengkok Bahru,1864.0,25724.179,29872.034,20.755,20.755,20.719,,,LENGKOK BAHRU,3.736
lengkok_bahru,Lengkok Bahru,1866.0,25722.195,29871.789,20.789,20.789,20.719,,,LENGKOK BAHRU,4.041
lengkok_bahru,Lengkok Bahru,1868.0,25720.208,29871.618,19.838,20.719,20.719,-1.74,1.0,LENGKOK BAHRU,4.273
lengkok_bahru,Lengkok Bahru,1870.0,25718.214,29871.771,19.871,20.649,20.649,,,LENGKOK BAHRU,4.181
lengkok_bahru,Lengkok Bahru,1872.0,25716.22,29871.925,20.58,20.58,20.58,,,LENGKOK BAHRU,4.089
lengkok_bahru,Lengkok Bahru,1874.0,25714.226,29872.078,20.838,20.46,20.46,,,LENGKOK BAHRU,3.997
lengkok_bahru,Lengkok Bahru,1876.0,25712.231,29872.231,20.83,20.34,20.34,,,LENGKOK BAHRU,3.906
lengkok_bahru,Lengkok Bahru,1878.0,25710.237,29872.384,19.586,20.22,20.22,,,LENGKOK BAHRU,3.814
lengkok_bahru,Lengkok Bahru,1880.0,25708.242,29872.527,19.611,19.988,20.02,,,LENGKOK BAHRU,3.732
lengkok_bahru,Lengkok Bahru,1882.0,25706.247,29872.661,19.755,19.755,20.02,,,LENGKOK BAHRU,3.66
lengkok_bahru,Lengkok Bahru,1884.0,25704.251,29872.795,20.938,20.02,20.02,,,LENGKOK BAHRU,3.587
lengkok_bahru,Lengkok Bahru,1886.0,25702.256,29872.929,19.856,20.284,20.284,9.918,2.0,LENGKOK BAHRU,3.7
lengkok_bahru,Lengkok Bahru,1888.0,25700.26,29873.064,20.763,20.549,20.549,,,LENGKOK BAHRU,3.934
lengkok_bahru,Lengkok Bahru,1890.0,25698.27,29873.253,20.813,20.813,20.813,,,LENGKOK BAHRU,4.112
lengkok_bahru,Lengkok Bahru,1892.0,25696.285,29873.496,20.829,20.829,20.829,,,LENGKOK BAHRU,4.238
lengkok_bahru,Lengkok Bahru,1894.0,25694.3,29873.739,20.936,20.936,20.936,2.158,1.0,LENGKOK BAHRU,4.363
lengkok_bahru,Lengkok Bahru,1896.0,25692.315,29873.982,21.167,21.167,20.986,1.953,1.0,LENGKOK BAHRU,4.489
lengkok_bahru,Lengkok Bahru,1898.0,25690.329,29874.225,21.23,21.23,20.986,,,LENGKOK BAHRU,4.614
lengkok_bahru,Lengkok Bahru,1900.0,25688.344,29874.467,20.986,20.986,20.986,,,LENGKOK BAHRU,4.74
lengkok_bahru,Lengkok Bahru,1902.0,25686.397,29874.902,21.842,20.971,20.971,,,LENGKOK BAHRU,4.67
lengkok_bahru,Lengkok Bahru,1904.0,25684.472,29875.442,22.63,20.956,20.956,,,LENGKOK BAHRU,4.491
lengkok_bahru,Lengkok Bahru,1906.0,25682.546,29875.983,22.642,20.941,20.941,,,LENGKOK BAHRU,4.313
lengkok_bahru,Lengkok Bahru,1908.0,25680.561,29876.22,20.911,20.926,20.941,,,LENGKOK BAHRU,4.444
lengkok_bahru,Lengkok Bahru,1910.0,25678.574,29876.449,20.911,20.911,20.941,,,LENGKOK BAHRU,4.583
lengkok_bahru,Lengkok Bahru,1912.0,25676.587,29876.678,20.973,20.973,20.973,,,LENGKOK BAHRU,4.723
lengkok_bahru,Lengkok Bahru,1914.0,25674.6,29876.907,21.498,21.148,21.009,,,LENGKOK BAHRU,4.849
lengkok_bahru,Lengkok Bahru,1916.0,25672.614,29877.136,21.323,21.079,21.009,,,LENGKOK BAHRU,4.973
lengkok_bahru,Lengkok Bahru,1918.0,25670.627,29877.365,22.348,21.009,21.009,,,LENGKOK BAHRU,5.097
lengkok_bahru,Lengkok Bahru,1920.0,25668.64,29877.593,21.061,20.752,20.752,,,LENGKOK BAHRU,5.221
lengkok_bahru,Lengkok Bahru,1922.0,25666.653,29877.822,20.161,20.494,20.494,,,LENGKOK BAHRU,5.345
lengkok_bahru,Lengkok Bahru,1924.0,25664.666,29878.051,20.067,20.237,20.237,,,LENGKOK BAHRU,5.469
lengkok_bahru,Lengkok Bahru,1926.0,25662.679,29878.28,19.979,19.979,19.979,,,LENGKOK BAHRU,5.593
lengkok_bahru,Lengkok Bahru,1928.0,25660.692,29878.509,19.904,19.904,19.904,,,LENGKOK BAHRU,5.717
lengkok_bahru,Lengkok Bahru,1930.0,25658.706,29878.737,19.873,19.873,19.904,,,LENGKOK BAHRU,5.842
lengkok_bahru,Lengkok Bahru,1932.0,25656.719,29878.966,19.861,19.861,19.904,,,LENGKOK BAHRU,5.966
lengkok_bahru,Lengkok Bahru,1934.0,25654.732,29879.195,19.886,20.126,20.126,7.898,1.0,LENGKOK BAHRU,6.09
lengkok_bahru,Lengkok Bahru,1936.0,25652.753,29879.483,20.641,20.391,20.391,7.898,1.0,LENGKOK BAHRU,6.154
lengkok_bahru,Lengkok Bahru,1938.0,25650.777,29879.791,20.656,20.656,20.536,,,LENGKOK BAHRU,6.198
lengkok_bahru,Lengkok Bahru,1940.0,25648.801,29880.1,20.621,20.621,20.536,,,LENGKOK BAHRU,6.242
lengkok_bahru,Lengkok Bahru,1942.0,25646.825,29880.408,20.536,20.536,20.536,-0.563,1.0,LENGKOK BAHRU,6.286
lengkok_bahru,Lengkok Bahru,1944.0,25644.849,29880.716,20.526,20.526,20.526,,,LENGKOK BAHRU,6.33
lengkok_bahru,Lengkok Bahru,1946.0,25642.872,29881.025,20.491,20.491,20.491,,,LENGKOK BAHRU,6.374
lengkok_bahru,Lengkok Bahru,1948.0,25640.9,29881.352,20.451,20.235,20.235,-7.234,1.0,LENGKOK BAHRU,6.398
lengkok_bahru,Lengkok Bahru,1950.0,25638.927,29881.684,19.748,19.979,19.979,-6.797,1.0,LENGKOK BAHRU,6.418
lengkok_bahru,Lengkok Bahru,1952.0,25636.955,29882.016,19.723,19.723,19.948,,,LENGKOK BAHRU,6.438
lengkok_bahru,Lengkok Bahru,1954.0,25634.983,29882.348,19.692,19.692,19.948,,,LENGKOK BAHRU,6.458
lengkok_bahru,Lengkok Bahru,1956.0,25633.006,29882.651,19.623,19.948,19.948,,,LENGKOK BAHRU,6.508
lengkok_bahru,Lengkok Bahru,1958.0,25631.025,29882.929,19.542,20.203,20.203,,,LENGKOK BAHRU,6.583
lengkok_bahru,Lengkok Bahru,1960.0,25629.045,29883.207,19.398,20.458,20.458,,,LENGKOK BAHRU,6.658
lengkok_bahru,Lengkok Bahru,1962.0,25627.064,29883.485,19.492,20.712,20.712,,,LENGKOK BAHRU,6.732
lengkok_bahru,Lengkok Bahru,1964.0,25625.084,29883.762,21.521,20.967,20.967,,,LENGKOK BAHRU,6.807
lengkok_bahru,Lengkok Bahru,1966.0,25623.103,29884.04,21.471,21.222,21.061,,,LENGKOK BAHRU,6.882
lengkok_bahru,Lengkok Bahru,1968.0,25621.122,29884.319,21.626,21.315,21.061,,,LENGKOK BAHRU,6.956
lengkok_bahru,Lengkok Bahru,1970.0,25619.149,29884.645,21.641,21.061,21.061,,,LENGKOK BAHRU,6.982
lengkok_bahru,Lengkok Bahru,1972.0,25617.176,29884.97,19.536,20.807,20.807,,,LENGKOK BAHRU,7.009
lengkok_bahru,Lengkok Bahru,1974.0,25615.203,29885.296,19.947,20.539,20.539,,,LENGKOK BAHRU,7.027
lengkok_bahru,Lengkok Bahru,1976.0,25613.229,29885.622,19.759,20.272,20.272,,,LENGKOK BAHRU,7.024
lengkok_bahru,Lengkok Bahru,1978.0,25611.256,29885.948,20.789,20.005,20.005,,,LENGKOK BAHRU,7.02
lengkok_bahru,Lengkok Bahru,1980.0,25609.298,29886.356,19.739,19.737,19.862,,,LENGKOK BAHRU,6.934
lengkok_bahru,Lengkok Bahru,1982.0,25607.34,29886.764,19.726,19.726,19.862,,,LENGKOK BAHRU,6.847
lengkok_bahru,Lengkok Bahru,1984.0,25605.386,29887.191,19.342,19.862,19.862,,,LENGKOK BAHRU,6.741
lengkok_bahru,Lengkok Bahru,1986.0,25603.438,29887.642,20.251,19.998,19.998,1.702,1.0,LENGKOK BAHRU,6.61
lengkok_bahru,Lengkok Bahru,1988.0,25601.49,29888.094,21.455,20.135,19.998,,,LENGKOK BAHRU,6.479
lengkok_bahru,Lengkok Bahru,1990.0,25599.541,29888.545,22.184,20.018,19.998,,,LENGKOK BAHRU,6.347
lengkok_bahru,Lengkok Bahru,1992.0,25597.593,29888.997,19.901,19.901,19.901,-3.821,1.0,LENGKOK BAHRU,6.216
lengkok_bahru,Lengkok Bahru,1994.0,25595.641,29889.422,19.868,19.868,19.868,-3.821,1.0,LENGKOK BAHRU,6.111
lengkok_bahru,Lengkok Bahru,1996.0,25593.642,29889.447,19.672,19.672,19.693,,,LENGKOK BAHRU,6.41
lengkok_bahru,Lengkok Bahru,1998.0,25591.642,29889.471,19.605,19.605,19.693,,,LENGKOK BAHRU,6.709
lengkok_bahru,Lengkok Bahru,2000.0,25589.642,29889.495,20.141,19.693,19.693,0.0,1.0,LENGKOK BAHRU,7.007
lengkok_bahru,Lengkok Bahru,2002.0,25587.642,29889.519,19.822,19.78,19.693,,,LENGKOK BAHRU,7.306
lengkok_bahru,Lengkok Bahru,2004.0,25585.642,29889.543,19.868,19.868,19.693,,,LENGKOK BAHRU,7.605
lengkok_bahru,Lengkok Bahru,2006.0,25583.658,29889.788,19.847,19.57,19.57,,,LENGKOK BAHRU,7.683
lengkok_bahru,Lengkok Bahru,2008.0,25581.673,29890.04,19.272,19.272,19.272,-6.51,1.0,LENGKOK BAHRU,7.756
lengkok_bahru,Lengkok Bahru,2010.0,25579.689,29890.291,19.222,19.222,19.222,-4.974,1.0,LENGKOK BAHRU,7.828
lengkok_bahru,Lengkok Bahru,2012.0,25577.705,29890.542,18.997,18.997,19.172,-3.437,1.0,LENGKOK BAHRU,7.9
lengkok_bahru,Lengkok Bahru,2014.0,25575.721,29890.793,19.172,19.172,19.005,-4.583,1.0,LENGKOK BAHRU,7.973
lengkok_bahru,Lengkok Bahru,2016.0,25573.735,29891.026,19.005,19.005,18.997,-3.958,1.0,LENGKOK BAHRU,8.063
lengkok_bahru,Lengkok Bahru,2018.0,25571.748,29891.259,18.855,18.855,18.855,-1.875,1.0,LENGKOK BAHRU,8.154
lengkok_bahru,Lengkok Bahru,2020.0,25569.762,29891.492,18.851,18.851,18.855,-1.695,1.0,LENGKOK BAHRU,8.244
lengkok_bahru,Lengkok Bahru,2022.0,25567.775,29891.725,18.646,18.646,18.855,0.826,1.0,LENGKOK BAHRU,8.335
lengkok_bahru,Lengkok Bahru,2024.0,25565.789,29891.958,18.861,18.861,18.861,0.826,1.0,LENGKOK BAHRU,8.425
lengkok_bahru,Lengkok Bahru,2026.0,25563.813,29892.259,18.921,18.921,18.921,1.201,1.0,LENGKOK BAHRU,8.447
lengkok_bahru,Lengkok Bahru,2028.0,25561.847,29892.627,18.921,18.921,18.921,1.396,1.0,LENGKOK BAHRU,8.401
lengkok_bahru,Lengkok Bahru,2030.0,25559.881,29892.996,18.951,18.951,18.951,1.59,1.0,LENGKOK BAHRU,8.354
lengkok_bahru,Lengkok Bahru,2032.0,25557.916,29893.364,19.351,19.049,19.025,2.234,1.0,LENGKOK BAHRU,8.308
lengkok_bahru,Lengkok Bahru,2034.0,25555.95,29893.733,19.146,19.146,19.049,1.937,1.0,LENGKOK BAHRU,8.261
lengkok_bahru,Lengkok Bahru,2036.0,25553.985,29894.103,19.025,19.025,19.1,1.329,1.0,LENGKOK BAHRU,8.213
lengkok_bahru,Lengkok Bahru,2038.0,25552.027,29894.515,19.125,19.125,19.106,0.722,1.0,LENGKOK BAHRU,8.122
lengkok_bahru,Lengkok Bahru,2040.0,25550.07,29894.926,19.1,19.1,19.106,0.0,1.0,LENGKOK BAHRU,8.032
lengkok_bahru,Lengkok Bahru,2042.0,25548.113,29895.338,19.106,19.106,19.106,-1.172,1.0,LENGKOK BAHRU,7.942
lengkok_bahru,Lengkok Bahru,2044.0,25546.156,29895.749,19.2,19.2,19.1,-4.883,1.0,LENGKOK BAHRU,7.851
lengkok_bahru,Lengkok Bahru,2046.0,25544.198,29896.161,19.012,19.012,19.012,-8.594,1.0,LENGKOK BAHRU,7.761
lengkok_bahru,Lengkok Bahru,2048.0,25542.249,29896.609,18.256,18.716,18.716,-9.375,2.0,LENGKOK BAHRU,7.634
lengkok_bahru,Lengkok Bahru,2050.0,25540.305,29897.076,18.419,18.419,18.419,-8.75,2.0,LENGKOK BAHRU,7.486
lengkok_bahru,Lengkok Bahru,2052.0,25538.36,29897.543,18.35,18.35,18.35,-5.469,1.0,LENGKOK BAHRU,7.339
lengkok_bahru,Lengkok Bahru,2054.0,25536.415,29898.01,18.312,18.312,18.312,-2.188,1.0,LENGKOK BAHRU,7.192
lengkok_bahru,Lengkok Bahru,2056.0,25534.471,29898.476,18.244,18.244,18.262,-4.18,1.0,LENGKOK BAHRU,7.045
lengkok_bahru,Lengkok Bahru,2058.0,25532.526,29898.945,18.262,18.262,18.244,-6.172,1.0,LENGKOK BAHRU,6.896
lengkok_bahru,Lengkok Bahru,2060.0,25530.585,29899.427,17.919,18.041,18.041,-6.328,1.0,LENGKOK BAHRU,6.734
lengkok_bahru,Lengkok Bahru,2062.0,25528.644,29899.909,17.819,17.819,17.819,,,LENGKOK BAHRU,6.572
lengkok_bahru,Lengkok Bahru,2064.0,25526.696,29900.361,17.756,17.756,17.756,,,LENGKOK BAHRU,6.44
lengkok_bahru,Lengkok Bahru,2066.0,25524.735,29900.754,18.512,17.727,17.727,,,LENGKOK BAHRU,6.369
lengkok_bahru,Lengkok Bahru,2068.0,25522.774,29901.146,19.225,17.697,17.697,-1.113,1.0,LENGKOK BAHRU,6.298
lengkok_bahru,Lengkok Bahru,2070.0,25520.813,29901.539,17.719,17.667,17.667,,,LENGKOK BAHRU,6.227
lengkok_bahru,Lengkok Bahru,2072.0,25518.852,29901.931,17.638,17.638,17.667,,,LENGKOK BAHRU,6.156
lengkok_bahru,Lengkok Bahru,2074.0,25516.891,29902.324,17.944,17.658,17.667,,,LENGKOK BAHRU,6.085
lengkok_bahru,Lengkok Bahru,2076.0,25514.93,29902.72,17.425,17.679,17.679,,,LENGKOK BAHRU,6.011
lengkok_bahru,Lengkok Bahru,2078.0,25512.971,29903.119,17.7,17.7,17.7,,,LENGKOK BAHRU,5.933
lengkok_bahru,Lengkok Bahru,2080.0,25511.011,29903.519,17.637,17.955,17.955,,,LENGKOK BAHRU,5.854
lengkok_bahru,Lengkok Bahru,2082.0,25509.051,29903.918,17.612,18.211,18.211,,,LENGKOK BAHRU,5.776
lengkok_bahru,Lengkok Bahru,2084.0,25507.092,29904.318,17.781,18.466,18.39,,,LENGKOK BAHRU,5.698
lengkok_bahru,Lengkok Bahru,2086.0,25505.127,29904.694,18.825,18.428,18.39,,,LENGKOK BAHRU,5.644
lengkok_bahru,Lengkok Bahru,2088.0,25503.159,29905.048,21.782,18.39,18.39,,,LENGKOK BAHRU,5.612
lengkok_bahru,Lengkok Bahru,2090.0,25501.191,29905.402,22.168,18.352,18.352,,,LENGKOK BAHRU,5.58
lengkok_bahru,Lengkok Bahru,2092.0,25499.222,29905.756,22.109,18.314,18.314,,,LENGKOK BAHRU,5.549
lengkok_bahru,Lengkok Bahru,2094.0,25497.254,29906.112,21.993,18.276,18.276,,,LENGKOK BAHRU,5.514
lengkok_bahru,Lengkok Bahru,2096.0,25495.287,29906.475,22.152,18.237,18.237,,,LENGKOK BAHRU,5.474
lengkok_bahru,Lengkok Bahru,2098.0,25493.321,29906.838,19.97,18.199,18.199,,,LENGKOK BAHRU,5.433
lengkok_bahru,Lengkok Bahru,2100.0,25491.354,29907.201,18.624,18.161,18.161,,,LENGKOK BAHRU,5.392
lengkok_bahru,Lengkok Bahru,2102.0,25489.387,29907.564,17.133,18.123,18.161,,,LENGKOK BAHRU,5.351
lengkok_bahru,Lengkok Bahru,2104.0,25487.42,29907.925,17.023,18.085,18.161,,,LENGKOK BAHRU,5.312
lengkok_bahru,Lengkok Bahru,2106.0,25485.45,29908.272,17.163,18.165,18.165,,,LENGKOK BAHRU,5.287
lengkok_bahru,Lengkok Bahru,2108.0,25483.481,29908.619,18.833,18.244,18.244,,,LENGKOK BAHRU,5.263
lengkok_bahru,Lengkok Bahru,2110.0,25481.511,29908.966,18.493,18.324,18.244,,,LENGKOK BAHRU,5.238
lengkok_bahru,Lengkok Bahru,2112.0,25479.541,29909.313,18.403,18.403,18.244,,,LENGKOK BAHRU,5.212
lengkok_bahru,Lengkok Bahru,2114.0,25477.572,29909.66,18.173,18.173,18.173,,,LENGKOK BAHRU,5.186
lengkok_bahru,Lengkok Bahru,2116.0,25476.2,29910.382,20.408,18.018,18.018,,,LENGKOK BAHRU,4.694
lengkok_bahru,Lengkok Bahru,2118.0,25476.746,29912.306,17.863,17.863,17.973,,,LENGKOK BAHRU,2.707
lengkok_bahru,Lengkok Bahru,2120.0,25477.291,29914.231,16.548,17.918,17.973,,,LENGKOK BAHRU,0.72
lengkok_bahru,Lengkok Bahru,2122.0,25477.836,29916.155,17.129,17.973,17.973,,,LENGKOK BAHRU,1.267
lengkok_bahru,Lengkok Bahru,2124.0,25478.382,29918.079,18.246,18.028,18.028,,,LENGKOK BAHRU,3.254
lengkok_bahru,Lengkok Bahru,2126.0,25478.966,29919.937,18.083,18.239,18.239,,,LENGKOK BAHRU,5.182
lengkok_bahru,Lengkok Bahru,2128.0,25480.916,29919.491,19.396,18.503,18.503,,,LENGKOK BAHRU,5.055
lengkok_bahru,Lengkok Bahru,2130.0,25482.865,29919.045,18.267,18.767,18.767,,,LENGKOK BAHRU,4.928
lengkok_bahru,Lengkok Bahru,2132.0,25484.815,29918.599,18.921,19.047,19.047,,,LENGKOK BAHRU,4.801
lengkok_bahru,Lengkok Bahru,2134.0,25486.764,29918.153,18.773,19.327,19.327,,,LENGKOK BAHRU,4.676
lengkok_bahru,Lengkok Bahru,2136.0,25488.714,29917.706,19.912,19.607,19.607,,,LENGKOK BAHRU,4.55
lengkok_bahru,Lengkok Bahru,2138.0,25490.661,29917.251,20.245,19.887,19.887,,,LENGKOK BAHRU,4.415
lengkok_bahru,Lengkok Bahru,2140.0,25492.609,29916.794,19.141,20.167,20.167,,,LENGKOK BAHRU,4.278
lengkok_bahru,Lengkok Bahru,2142.0,25494.556,29916.337,19.566,20.406,20.406,,,LENGKOK BAHRU,4.141
lengkok_bahru,Lengkok Bahru,2144.0,25496.503,29915.88,19.424,20.681,20.681,,,LENGKOK BAHRU,4.004
lengkok_bahru,Lengkok Bahru,2146.0,25498.45,29915.423,19.766,20.956,20.956,,,LENGKOK BAHRU,3.867
lengkok_bahru,Lengkok Bahru,2148.0,25500.397,29914.967,20.678,21.234,21.234,,,LENGKOK BAHRU,3.732
lengkok_bahru,Lengkok Bahru,2150.0,25502.347,29914.522,20.821,21.512,21.512,,,LENGKOK BAHRU,3.607
lengkok_bahru,Lengkok Bahru,2152.0,25504.297,29914.077,22.047,21.79,21.79,,,LENGKOK BAHRU,3.483
lengkok_bahru,Lengkok Bahru,2154.0,25506.247,29913.632,21.634,22.068,22.068,,,LENGKOK BAHRU,3.358
lengkok_bahru,Lengkok Bahru,2156.0,25508.197,29913.187,21.684,22.346,22.346,,,LENGKOK BAHRU,3.233
lengkok_bahru,Lengkok Bahru,2158.0,25510.146,29912.742,22.495,22.495,22.346,,,LENGKOK BAHRU,3.109
lengkok_bahru,Lengkok Bahru,2160.0,25512.085,29912.252,23.226,22.478,22.346,,,LENGKOK BAHRU,2.938
lengkok_bahru,Lengkok Bahru,2162.0,25514.014,29911.723,22.572,22.16,22.16,,,LENGKOK BAHRU,2.727
lengkok_bahru,Lengkok Bahru,2164.0,25515.943,29911.195,22.444,21.842,21.842,,,LENGKOK BAHRU,2.517
lengkok_bahru,Lengkok Bahru,2166.0,25517.872,29910.666,22.39,21.462,21.462,,,LENGKOK BAHRU,2.307
lengkok_bahru,Lengkok Bahru,2168.0,25519.801,29910.138,22.419,21.082,21.082,,,LENGKOK BAHRU,2.096
lengkok_bahru,Lengkok Bahru,2170.0,25521.729,29909.609,20.335,20.702,20.702,,,LENGKOK BAHRU,1.886
lengkok_bahru,Lengkok Bahru,2172.0,25523.658,29909.081,19.044,,20.321,,,LENGKOK BAHRU,1.676
lengkok_bahru,Lengkok Bahru,2174.0,25525.587,29908.552,19.05,19.941,19.941,,,LENGKOK BAHRU,1.465
lengkok_bahru,Lengkok Bahru,2176.0,25527.516,29908.024,19.012,19.561,19.561,,,LENGKOK BAHRU,1.255
lengkok_bahru,Lengkok Bahru,2178.0,25529.445,29907.495,18.787,19.18,19.18,,,LENGKOK BAHRU,1.044
lengkok_bahru,Lengkok Bahru,2180.0,25531.374,29906.967,18.8,18.8,19.069,,,LENGKOK BAHRU,0.834
lengkok_bahru,Lengkok Bahru,2182.0,25533.303,29906.438,19.019,19.019,19.019,,,LENGKOK BAHRU,0.624
lengkok_bahru,Lengkok Bahru,2184.0,25535.232,29905.91,19.069,19.069,18.831,,,LENGKOK BAHRU,0.413
lengkok_bahru,Lengkok Bahru,2186.0,25537.161,29905.381,19.05,18.831,18.843,,,LENGKOK BAHRU,0.203
lengkok_bahru,Lengkok Bahru,2188.0,25539.09,29904.853,18.112,18.594,18.843,,,LENGKOK BAHRU,0.007
lengkok_bahru,Lengkok Bahru,2190.0,25541.019,29904.324,18.138,18.843,18.843,,,LENGKOK BAHRU,0.218
lengkok_bahru,Lengkok Bahru,2192.0,25542.947,29903.796,18.162,19.093,19.093,,,LENGKOK BAHRU,0.428
lengkok_bahru,Lengkok Bahru,2194.0,25544.876,29903.267,18.356,19.343,19.343,,,LENGKOK BAHRU,0.638
lengkok_bahru,Lengkok Bahru,2196.0,25546.805,29902.739,18.769,19.592,19.592,,,LENGKOK BAHRU,0.849
lengkok_bahru,Lengkok Bahru,2198.0,25548.734,29902.21,21.412,19.842,19.842,,,LENGKOK BAHRU,1.059
lengkok_bahru,Lengkok Bahru,2200.0,25550.663,29901.682,20.092,20.092,20.092,,,LENGKOK BAHRU,1.27
lengkok_bahru,Lengkok Bahru,2202.0,25552.592,29901.153,19.537,20.142,20.142,,,LENGKOK BAHRU,1.48
lengkok_bahru,Lengkok Bahru,2204.0,25554.521,29900.625,20.512,20.192,20.192,1.25,1.0,LENGKOK BAHRU,1.69
lengkok_bahru,Lengkok Bahru,2206.0,25556.464,29900.228,20.192,20.242,20.192,,,LENGKOK BAHRU,1.769
lengkok_bahru,Lengkok Bahru,2208.0,25558.462,29900.318,20.292,20.292,20.192,,,LENGKOK BAHRU,1.357
lengkok_bahru,Lengkok Bahru,2210.0,25560.46,29900.407,20.143,20.143,20.143,,,LENGKOK BAHRU,0.946
lengkok_bahru,Lengkok Bahru,2212.0,25562.458,29900.497,21.151,20.121,20.121,,,LENGKOK BAHRU,0.535
lengkok_bahru,Lengkok Bahru,2214.0,25564.456,29900.587,20.297,20.099,20.099,,,LENGKOK BAHRU,0.124
lengkok_bahru,Lengkok Bahru,2216.0,25566.454,29900.677,20.622,20.078,20.078,,,LENGKOK BAHRU,0.287
lengkok_bahru,Lengkok Bahru,2218.0,25568.446,29900.523,20.614,20.056,20.078,,,LENGKOK BAHRU,0.456
lengkok_bahru,Lengkok Bahru,2220.0,25570.436,29900.327,20.034,20.034,20.078,,,LENGKOK BAHRU,0.584
lengkok_bahru,Lengkok Bahru,2222.0,25572.426,29900.131,20.089,20.089,20.089,,,LENGKOK BAHRU,0.711
lengkok_bahru,Lengkok Bahru,2224.0,25574.417,29899.935,20.188,20.188,20.109,,,LENGKOK BAHRU,0.839
lengkok_bahru,Lengkok Bahru,2226.0,25576.407,29899.738,18.531,20.259,20.109,,,LENGKOK BAHRU,0.966
lengkok_bahru,Lengkok Bahru,2228.0,25578.396,29899.532,20.33,20.109,20.109,,,LENGKOK BAHRU,1.084
lengkok_bahru,Lengkok Bahru,2230.0,25580.384,29899.305,20.463,19.96,19.96,,,LENGKOK BAHRU,1.181
lengkok_bahru,Lengkok Bahru,2232.0,25582.371,29899.079,20.303,19.685,19.685,,,LENGKOK BAHRU,1.278
lengkok_bahru,Lengkok Bahru,2234.0,25584.358,29898.853,18.837,19.411,19.411,,,LENGKOK BAHRU,1.375
lengkok_bahru,Lengkok Bahru,2236.0,25586.328,29898.522,18.85,19.137,19.137,,,LENGKOK BAHRU,1.366
lengkok_bahru,Lengkok Bahru,2238.0,25588.283,29898.103,18.862,18.862,18.958,,,LENGKOK BAHRU,1.268
lengkok_bahru,Lengkok Bahru,2240.0,25590.239,29897.683,18.887,18.887,18.958,,,LENGKOK BAHRU,1.17
lengkok_bahru,Lengkok Bahru,2242.0,25592.195,29897.264,18.958,18.958,18.958,,,LENGKOK BAHRU,1.072
lengkok_bahru,Lengkok Bahru,2244.0,25594.15,29896.845,18.881,19.075,19.075,,,LENGKOK BAHRU,0.974
lengkok_bahru,Lengkok Bahru,2246.0,25596.106,29896.426,18.931,19.192,19.192,,,LENGKOK BAHRU,0.876
lengkok_bahru,Lengkok Bahru,2248.0,25598.061,29896.007,18.956,19.489,19.489,,,LENGKOK BAHRU,0.778
lengkok_bahru,Lengkok Bahru,2250.0,25600.017,29895.588,19.006,19.786,19.786,,,LENGKOK BAHRU,0.68
lengkok_bahru,Lengkok Bahru,2252.0,25601.973,29895.169,20.288,20.083,20.083,,,LENGKOK BAHRU,0.581
lengkok_bahru,Lengkok Bahru,2254.0,25603.928,29894.75,19.081,20.38,20.38,,,LENGKOK BAHRU,0.483
lengkok_bahru,Lengkok Bahru,2256.0,25605.884,29894.33,23.539,20.633,20.633,,,LENGKOK BAHRU,0.385
lengkok_bahru,Lengkok Bahru,2258.0,25607.839,29893.911,23.489,20.886,20.886,,,LENGKOK BAHRU,0.287
lengkok_bahru,Lengkok Bahru,2260.0,25609.795,29893.492,23.272,21.139,21.139,,,LENGKOK BAHRU,0.189
lengkok_bahru,Lengkok Bahru,2262.0,25611.751,29893.073,25.448,21.392,21.392,,,LENGKOK BAHRU,0.091
lengkok_bahru,Lengkok Bahru,2264.0,25613.706,29892.654,25.361,21.645,21.645,,,LENGKOK BAHRU,0.007
lengkok_bahru,Lengkok Bahru,2266.0,25615.662,29892.235,22.244,21.898,21.86,,,LENGKOK BAHRU,0.105
lengkok_bahru,Lengkok Bahru,2268.0,25617.617,29891.816,19.835,22.151,21.86,,,LENGKOK BAHRU,0.192
lengkok_bahru,Lengkok Bahru,2270.0,25619.573,29891.396,19.785,21.86,21.86,,,LENGKOK BAHRU,0.261
lengkok_bahru,Lengkok Bahru,2272.0,25621.529,29890.977,20.341,21.548,21.548,,,LENGKOK BAHRU,0.33
lengkok_bahru,Lengkok Bahru,2274.0,25623.484,29890.558,21.418,21.235,21.235,,,LENGKOK BAHRU,0.399
lengkok_bahru,Lengkok Bahru,2276.0,25625.44,29890.139,21.28,21.028,21.028,,,LENGKOK BAHRU,0.467
lengkok_bahru,Lengkok Bahru,2278.0,25627.395,29889.72,21.3,20.821,20.821,,,LENGKOK BAHRU,0.536
lengkok_bahru,Lengkok Bahru,2280.0,25629.351,29889.301,19.969,20.614,20.614,,,LENGKOK BAHRU,0.605
lengkok_bahru,Lengkok Bahru,2282.0,25631.306,29888.882,19.981,20.408,20.614,,,LENGKOK BAHRU,0.673
lengkok_bahru,Lengkok Bahru,2284.0,25633.263,29888.469,20.006,20.586,20.614,,,LENGKOK BAHRU,0.736
lengkok_bahru,Lengkok Bahru,2286.0,25635.258,29888.335,20.645,20.763,20.763,,,LENGKOK BAHRU,0.516
lengkok_bahru,Lengkok Bahru,2288.0,25637.254,29888.202,19.756,20.941,20.941,,,LENGKOK BAHRU,0.297
lengkok_bahru,Lengkok Bahru,2290.0,25639.25,29888.068,19.806,21.146,21.146,,,LENGKOK BAHRU,0.077
lengkok_bahru,Lengkok Bahru,2292.0,25641.245,29887.935,22.122,21.35,21.35,,,LENGKOK BAHRU,0.142
lengkok_bahru,Lengkok Bahru,2294.0,25643.241,29887.801,22.159,21.555,21.555,,,LENGKOK BAHRU,0.362
lengkok_bahru,Lengkok Bahru,2296.0,25645.236,29887.668,22.18,21.759,21.747,,,LENGKOK BAHRU,0.581
lengkok_bahru,Lengkok Bahru,2298.0,25647.234,29887.592,22.18,21.964,21.747,,,LENGKOK BAHRU,0.858
lengkok_bahru,Lengkok Bahru,2300.0,25649.234,29887.545,22.924,21.747,21.747,,,LENGKOK BAHRU,1.163
lengkok_bahru,Lengkok Bahru,2302.0,25651.233,29887.498,21.072,21.53,21.747,,,LENGKOK BAHRU,1.469
lengkok_bahru,Lengkok Bahru,2304.0,25653.233,29887.451,21.205,21.654,21.747,,,LENGKOK BAHRU,1.774
lengkok_bahru,Lengkok Bahru,2306.0,25655.232,29887.404,23.136,21.777,21.777,,,LENGKOK BAHRU,2.079
lengkok_bahru,Lengkok Bahru,2308.0,25657.232,29887.357,22.142,21.901,21.901,,,LENGKOK BAHRU,2.385
lengkok_bahru,Lengkok Bahru,2310.0,25659.231,29887.311,22.142,22.025,21.946,,,LENGKOK BAHRU,2.69
lengkok_bahru,Lengkok Bahru,2312.0,25661.23,29887.264,22.148,22.148,21.946,,,LENGKOK BAHRU,2.996
lengkok_bahru,Lengkok Bahru,2314.0,25663.23,29887.217,21.946,21.946,21.946,,,LENGKOK BAHRU,3.302
lengkok_bahru,Lengkok Bahru,2316.0,25665.229,29887.171,21.946,21.946,21.946,-2.477,1.0,LENGKOK BAHRU,3.608
lengkok_bahru,Lengkok Bahru,2318.0,25667.228,29887.104,21.946,21.946,21.946,-2.477,1.0,LENGKOK BAHRU,3.893
lengkok_bahru,Lengkok Bahru,2320.0,25669.221,29886.938,21.748,21.748,21.748,-2.477,1.0,LENGKOK BAHRU,4.08
lengkok_bahru,Lengkok Bahru,2322.0,25671.214,29886.772,21.736,21.736,21.748,-1.54,1.0,LENGKOK BAHRU,4.267
lengkok_bahru,Lengkok Bahru,2324.0,25673.207,29886.606,21.711,21.711,21.748,1.016,1.0,LENGKOK BAHRU,4.455
lengkok_bahru,Lengkok Bahru,2326.0,25675.186,29886.327,21.829,21.829,21.823,3.398,1.0,LENGKOK BAHRU,4.528
lengkok_bahru,Lengkok Bahru,2328.0,25677.161,29886.01,21.823,21.823,21.829,5.781,1.0,LENGKOK BAHRU,4.563
lengkok_bahru,Lengkok Bahru,2330.0,25679.136,29885.692,21.736,22.051,22.051,4.844,1.0,LENGKOK BAHRU,4.606
lengkok_bahru,Lengkok Bahru,2332.0,25681.11,29885.374,22.28,22.28,22.211,,,LENGKOK BAHRU,4.655
lengkok_bahru,Lengkok Bahru,2334.0,25683.085,29885.056,22.267,22.267,22.211,,,LENGKOK BAHRU,4.705
lengkok_bahru,Lengkok Bahru,2336.0,25685.059,29884.739,22.798,22.211,22.211,-0.703,1.0,LENGKOK BAHRU,4.755
lengkok_bahru,Lengkok Bahru,2338.0,25687.034,29884.421,22.186,22.154,22.211,-1.406,1.0,LENGKOK BAHRU,4.805
lengkok_bahru,Lengkok Bahru,2340.0,25689.009,29884.103,22.098,22.098,22.154,,,LENGKOK BAHRU,4.855
lengkok_bahru,Lengkok Bahru,2342.0,25690.983,29883.785,22.211,22.211,22.098,,,LENGKOK BAHRU,4.904
lengkok_bahru,Lengkok Bahru,2344.0,25692.958,29883.468,22.017,22.017,22.017,,,LENGKOK BAHRU,4.954
lengkok_bahru,Lengkok Bahru,2346.0,25694.932,29883.15,21.929,21.929,21.984,,,LENGKOK BAHRU,5.004
lengkok_bahru,Lengkok Bahru,2348.0,25696.907,29882.832,21.38,21.957,21.984,-0.417,1.0,LENGKOK BAHRU,5.054
lengkok_bahru,Lengkok Bahru,2350.0,25698.882,29882.514,21.43,21.984,21.984,0.0,1.0,LENGKOK BAHRU,5.103
lengkok_bahru,Lengkok Bahru,2352.0,25700.856,29882.196,22.011,22.011,21.984,,,LENGKOK BAHRU,5.153
lengkok_bahru,Lengkok Bahru,2354.0,25702.853,29882.137,22.067,22.067,21.984,,,LENGKOK BAHRU,5.461
lengkok_bahru,Lengkok Bahru,2356.0,25704.853,29882.116,21.886,21.886,21.886,,,LENGKOK BAHRU,5.748
lengkok_bahru,Lengkok Bahru,2358.0,25706.853,29882.094,21.861,21.674,21.674,,,LENGKOK BAHRU,5.788
lengkok_bahru,Lengkok Bahru,2360.0,25708.852,29882.073,21.463,21.39,21.39,-13.299,2.0,LENGKOK BAHRU,5.828
lengkok_bahru,Lengkok Bahru,2362.0,25710.852,29882.052,21.213,21.106,21.106,,,LENGKOK BAHRU,5.868
lengkok_bahru,Lengkok Bahru,2364.0,25712.851,29881.992,20.822,20.822,20.822,,,LENGKOK BAHRU,5.87
lengkok_bahru,Lengkok Bahru,2366.0,25714.848,29881.878,20.788,20.788,20.788,,,LENGKOK BAHRU,5.817
lengkok_bahru,Lengkok Bahru,2368.0,25716.844,29881.763,20.755,20.755,20.774,,,LENGKOK BAHRU,5.764
lengkok_bahru,Lengkok Bahru,2370.0,25718.841,29881.649,20.705,20.705,20.774,,,LENGKOK BAHRU,5.711
lengkok_bahru,Lengkok Bahru,2372.0,25720.838,29881.534,21.648,20.774,20.774,0.866,1.0,LENGKOK BAHRU,5.658
lengkok_bahru,Lengkok Bahru,2374.0,25722.822,29881.613,20.971,20.844,20.844,1.108,1.0,LENGKOK BAHRU,5.797
lengkok_bahru,Lengkok Bahru,2376.0,25724.785,29881.992,20.913,20.913,20.844,,,LENGKOK BAHRU,6.237
lengkok_bahru,Lengkok Bahru,2378.0,25726.749,29882.371,20.863,20.863,20.863,,,LENGKOK BAHRU,6.676
lengkok_bahru,Lengkok Bahru,2380.0,25728.713,29882.751,20.813,20.813,20.913,,,LENGKOK BAHRU,7.116
lengkok_bahru,Lengkok Bahru,2382.0,25730.676,29883.13,20.755,21.064,21.064,,,LENGKOK BAHRU,7.555
lengkok_bahru,Lengkok Bahru,2384.0,25732.64,29883.509,18.931,21.316,21.064,,,LENGKOK BAHRU,7.963
lengkok_bahru,Lengkok Bahru,2386.0,25734.604,29883.889,21.567,21.142,21.064,,,LENGKOK BAHRU,7.942
lengkok_bahru,Lengkok Bahru,2388.0,25736.568,29884.268,21.542,20.969,20.969,,,LENGKOK BAHRU,7.922
lengkok_bahru,Lengkok Bahru,2390.0,25738.531,29884.648,21.517,20.795,20.795,,,LENGKOK BAHRU,7.902
lengkok_bahru,Lengkok Bahru,2392.0,25740.495,29885.027,21.486,20.546,20.546,,,LENGKOK BAHRU,7.881
lengkok_bahru,Lengkok Bahru,2394.0,25742.459,29885.406,21.455,20.296,20.296,,,LENGKOK BAHRU,7.861
lengkok_bahru,Lengkok Bahru,2396.0,25744.422,29885.786,18.556,20.046,20.046,,,LENGKOK BAHRU,7.841
lengkok_bahru,Lengkok Bahru,2398.0,25746.386,29886.165,18.506,19.796,19.796,,,LENGKOK BAHRU,7.82
lengkok_bahru,Lengkok Bahru,2400.0,25748.316,29886.684,18.481,19.546,19.546,,,LENGKOK BAHRU,7.943
lengkok_bahru,Lengkok Bahru,2402.0,25750.237,29887.241,18.456,19.296,19.445,,,LENGKOK BAHRU,8.106
lengkok_bahru,Lengkok Bahru,2404.0,25752.158,29887.798,20.894,19.371,19.371,,,LENGKOK BAHRU,8.268
lengkok_bahru,Lengkok Bahru,2406.0,25754.079,29888.355,20.928,19.445,19.296,,,LENGKOK BAHRU,8.43
lengkok_bahru,Lengkok Bahru,2408.0,25755.999,29888.912,20.961,19.198,19.198,,,LENGKOK BAHRU,8.277
lengkok_bahru,Lengkok Bahru,2410.0,25757.877,29889.59,20.411,18.951,18.951,,,LENGKOK BAHRU,8.061
lengkok_bahru,Lengkok Bahru,2412.0,25759.71,29890.389,20.544,18.705,18.705,,,LENGKOK BAHRU,7.973
lengkok_bahru,Lengkok Bahru,2414.0,25761.543,29891.189,18.228,18.458,18.458,,,LENGKOK BAHRU,7.885
lengkok_bahru,Lengkok Bahru,2416.0,25763.377,29891.988,18.211,18.211,18.211,,,LENGKOK BAHRU,7.798
lengkok_bahru,Lengkok Bahru,2418.0,25765.21,29892.787,18.161,18.161,18.161,,,LENGKOK BAHRU,7.71
lengkok_bahru,Lengkok Bahru,2420.0,25767.043,29893.587,18.061,18.061,18.061,-3.542,1.0,LENGKOK BAHRU,7.622
lengkok_bahru,Lengkok Bahru,2422.0,25768.877,29894.386,17.928,17.928,17.928,-2.917,1.0,LENGKOK BAHRU,7.534
lengkok_bahru,Lengkok Bahru,2424.0,25770.71,29895.185,17.878,17.878,17.928,,,LENGKOK BAHRU,7.447
lengkok_bahru,Lengkok Bahru,2426.0,25772.543,29895.984,17.894,17.894,17.928,,,LENGKOK BAHRU,7.359
lengkok_bahru,Lengkok Bahru,2428.0,25774.377,29896.784,17.878,18.155,18.155,9.373,2.0,LENGKOK BAHRU,7.185
lengkok_bahru,Lengkok Bahru,2430.0,25776.21,29897.583,18.678,18.417,18.417,,,LENGKOK BAHRU,6.69
lengkok_bahru,Lengkok Bahru,2432.0,25777.942,29898.538,18.678,18.678,18.678,,,LENGKOK BAHRU,6.38
lengkok_bahru,Lengkok Bahru,2434.0,25779.416,29899.89,18.628,18.857,18.857,,,LENGKOK BAHRU,6.542
lengkok_bahru,Lengkok Bahru,2436.0,25780.89,29901.242,19.037,19.037,19.012,4.487,1.0,LENGKOK BAHRU,6.704
lengkok_bahru,Lengkok Bahru,2438.0,25782.363,29902.594,19.012,19.012,19.037,2.283,1.0,LENGKOK BAHRU,6.866
lengkok_bahru,Lengkok Bahru,2440.0,25783.837,29903.946,19.118,19.118,19.037,0.078,1.0,LENGKOK BAHRU,7.028
lengkok_bahru,Lengkok Bahru,2442.0,25785.311,29905.299,19.068,19.068,19.018,,,LENGKOK BAHRU,7.19
lengkok_bahru,Lengkok Bahru,2444.0,25786.784,29906.651,19.018,19.018,19.018,,,LENGKOK BAHRU,7.352
lengkok_bahru,Lengkok Bahru,2446.0,25788.258,29908.003,19.03,18.73,18.73,,,LENGKOK BAHRU,7.514
lengkok_bahru,Lengkok Bahru,2448.0,25789.731,29909.355,19.03,18.442,18.442,,,LENGKOK BAHRU,7.676
lengkok_bahru,Lengkok Bahru,2450.0,25791.205,29910.707,17.534,18.154,18.154,,,LENGKOK BAHRU,7.838
lengkok_bahru,Lengkok Bahru,2452.0,25792.679,29912.059,17.46,17.915,17.915,,,LENGKOK BAHRU,8.001
lengkok_bahru,Lengkok Bahru,2454.0,25794.152,29913.412,18.751,17.676,17.676,,,LENGKOK BAHRU,8.163
lengkok_bahru,Lengkok Bahru,2456.0,25795.626,29914.764,17.443,17.437,17.46,,,LENGKOK BAHRU,8.325
lengkok_bahru,Lengkok Bahru,2458.0,25797.1,29916.116,17.426,17.426,17.437,,,LENGKOK BAHRU,8.487
lengkok_bahru,Lengkok Bahru,2460.0,25798.573,29917.468,17.46,17.46,17.426,,,LENGKOK BAHRU,8.736
lengkok_bahru,Lengkok Bahru,2462.0,25800.047,29918.82,17.41,17.41,17.41,,,LENGKOK BAHRU,8.99
lengkok_bahru,Lengkok Bahru,2464.0,25801.52,29920.173,17.41,17.41,17.41,,,LENGKOK BAHRU,9.244
lengkok_bahru,Lengkok Bahru,2466.0,25802.994,29921.525,18.723,17.399,17.399,,,LENGKOK BAHRU,9.499
lengkok_bahru,Lengkok Bahru,2468.0,25804.468,29922.877,18.876,17.388,17.388,-0.543,1.0,LENGKOK BAHRU,9.753
lengkok_bahru,Lengkok Bahru,2470.0,25805.941,29924.229,18.993,17.377,17.377,,,LENGKOK BAHRU,10.007
lengkok_bahru,Lengkok Bahru,2472.0,25807.415,29925.581,17.366,17.366,17.366,,,LENGKOK BAHRU,10.261
lengkok_bahru,Lengkok Bahru,2474.0,25808.889,29926.934,17.366,17.366,17.366,,,LENGKOK BAHRU,10.515
lengkok_bahru,Lengkok Bahru,2476.0,25810.362,29928.286,17.316,17.316,17.366,,,LENGKOK BAHRU,10.77
lengkok_bahru,Lengkok Bahru,2478.0,25811.826,29929.649,17.316,17.316,17.366,,,LENGKOK BAHRU,11.063
lengkok_bahru,Lengkok Bahru,2480.0,25813.28,29931.022,17.316,17.558,17.558,,,LENGKOK BAHRU,11.643
lengkok_bahru,Lengkok Bahru,2482.0,25814.734,29932.395,17.316,17.8,17.8,10.691,2.0,LENGKOK BAHRU,12.518
lengkok_bahru,Lengkok Bahru,2484.0,25816.189,29933.768,18.478,18.042,18.042,,,LENGKOK BAHRU,13.629
lengkok_bahru,Lengkok Bahru,2486.0,25817.643,29935.141,18.284,18.284,18.221,,,LENGKOK BAHRU,14.805
lengkok_bahru,Lengkok Bahru,2488.0,25819.097,29936.513,18.221,18.221,18.221,,,LENGKOK BAHRU,15.982
lengkok_bahru,Lengkok Bahru,2490.0,25820.552,29937.886,18.221,18.221,18.221,-1.25,1.0,LENGKOK BAHRU,17.158
lengkok_bahru,Lengkok Bahru,2492.0,25822.006,29939.259,18.265,18.265,18.221,-3.672,1.0,LENGKOK BAHRU,18.335
lengkok_bahru,Lengkok Bahru,2494.0,25823.461,29940.632,18.121,18.121,18.121,-3.906,1.0,LENGKOK BAHRU,19.511
lengkok_bahru,Lengkok Bahru,2496.0,25824.915,29942.005,17.928,17.928,17.928,-4.062,1.0,LENGKOK BAHRU,20.696
lengkok_bahru,Lengkok Bahru,2498.0,25826.369,29943.378,17.909,17.909,17.909,-3.125,1.0,LENGKOK BAHRU,21.976
lengkok_bahru,Lengkok Bahru,2500.0,25827.824,29944.751,17.896,17.896,17.896,-2.344,1.0,LENGKOK BAHRU,23.346
lengkok_bahru,Lengkok Bahru,2502.0,25829.278,29946.124,17.871,17.871,17.871,,,LENGKOK BAHRU,24.729
lengkok_bahru,Lengkok Bahru,2504.0,25830.732,29947.497,17.74,17.74,17.74,,,LENGKOK BAHRU,26.112
lengkok_bahru,Lengkok Bahru,2506.0,25832.187,29948.869,18.059,17.682,17.682,-2.891,1.0,LENGKOK BAHRU,27.496
lengkok_bahru,Lengkok Bahru,2508.0,25833.641,29950.242,17.615,17.623,17.653,-1.25,1.0,LENGKOK BAHRU,28.879
lengkok_bahru,Lengkok Bahru,2510.0,25835.095,29951.615,17.565,17.565,17.64,,,LENGKOK BAHRU,30.262
lengkok_bahru,Lengkok Bahru,2512.0,25836.55,29952.988,17.653,17.653,17.64,,,LENGKOK BAHRU,31.645
lengkok_bahru,Lengkok Bahru,2514.0,25838.004,29954.361,17.64,17.64,17.653,0.937,1.0,LENGKOK BAHRU,33.028
lengkok_bahru,Lengkok Bahru,2516.0,25839.459,29955.734,17.871,17.871,17.715,0.937,1.0,LENGKOK BAHRU,34.285
lengkok_bahru,Lengkok Bahru,2518.0,25840.913,29957.107,17.934,17.934,17.715,-1.212,1.0,LENGKOK BAHRU,33.195
lengkok_bahru,Lengkok Bahru,2520.0,25842.367,29958.48,17.715,17.715,17.715,-2.305,1.0,LENGKOK BAHRU,32.106
lengkok_bahru,Lengkok Bahru,2522.0,25843.822,29959.853,17.521,17.521,17.556,-2.305,1.0,LENGKOK BAHRU,31.017
lengkok_bahru,Lengkok Bahru,2524.0,25845.276,29961.225,17.531,17.531,17.531,-2.305,1.0,LENGKOK BAHRU,29.939
lengkok_bahru,Lengkok Bahru,2526.0,25846.73,29962.598,17.556,17.556,17.531,-0.312,1.0,LENGKOK BAHRU,28.948
lengkok_bahru,Lengkok Bahru,2528.0,25848.185,29963.971,17.496,17.496,17.531,0.0,1.0,LENGKOK BAHRU,28.063
lengkok_bahru,Lengkok Bahru,2530.0,25849.639,29965.344,17.531,17.531,17.531,2.0,1.0,LENGKOK BAHRU,27.227
lengkok_bahru,Lengkok Bahru,2532.0,25851.093,29966.717,17.531,17.531,17.531,4.0,1.0,LENGKOK BAHRU,26.39
lengkok_bahru,Lengkok Bahru,2534.0,25852.548,29968.09,18.176,17.721,17.721,4.0,1.0,LENGKOK BAHRU,25.553
lengkok_bahru,Lengkok Bahru,2536.0,25854.002,29969.463,17.911,17.911,17.851,4.0,1.0,LENGKOK BAHRU,24.716
lengkok_bahru,Lengkok Bahru,2538.0,25855.457,29970.836,17.851,17.851,17.851,1.567,1.0,LENGKOK BAHRU,23.879
lengkok_bahru,Lengkok Bahru,2540.0,25857.097,29971.919,17.866,17.866,17.851,-0.865,1.0,LENGKOK BAHRU,22.761
lengkok_bahru,Lengkok Bahru,2542.0,25858.949,29972.676,17.723,17.723,17.781,-0.696,1.0,LENGKOK BAHRU,21.326
lengkok_bahru,Lengkok Bahru,2544.0,25860.8,29973.432,17.754,17.754,17.781,-0.528,1.0,LENGKOK BAHRU,19.891
lengkok_bahru,Lengkok Bahru,2546.0,25862.651,29974.189,17.461,17.781,17.781,,,LENGKOK BAHRU,18.456
lengkok_bahru,Lengkok Bahru,2548.0,25864.171,29975.475,17.808,17.808,17.808,,,LENGKOK BAHRU,17.526
lengkok_bahru,Lengkok Bahru,2550.0,25865.662,29976.809,17.763,18.089,18.089,,,LENGKOK BAHRU,16.656
lengkok_bahru,Lengkok Bahru,2552.0,25867.152,29978.143,17.543,18.369,18.369,10.516,2.0,LENGKOK BAHRU,15.953
lengkok_bahru,Lengkok Bahru,2554.0,25868.642,29979.477,17.548,18.65,18.65,,,LENGKOK BAHRU,15.366
lengkok_bahru,Lengkok Bahru,2556.0,25870.133,29980.81,18.93,18.93,18.65,,,LENGKOK BAHRU,14.779
lengkok_bahru,Lengkok Bahru,2558.0,25871.623,29982.144,18.897,18.714,18.65,,,LENGKOK BAHRU,14.192
lengkok_bahru,Lengkok Bahru,2560.0,25873.113,29983.478,18.884,18.497,18.534,,,LENGKOK BAHRU,13.604
lengkok_bahru,Lengkok Bahru,2562.0,25874.604,29984.812,18.93,18.516,18.534,,,LENGKOK BAHRU,13.017
lengkok_bahru,Lengkok Bahru,2564.0,25876.094,29986.145,17.338,18.534,18.534,,,LENGKOK BAHRU,12.433
lengkok_bahru,Lengkok Bahru,2566.0,25877.585,29987.479,17.298,18.553,18.553,,,LENGKOK BAHRU,11.854
lengkok_bahru,Lengkok Bahru,2568.0,25879.075,29988.813,17.167,18.572,18.572,,,LENGKOK BAHRU,11.276
lengkok_bahru,Lengkok Bahru,2570.0,25880.565,29990.146,17.464,18.59,18.59,,,LENGKOK BAHRU,10.698
lengkok_bahru,Lengkok Bahru,2572.0,25882.056,29991.48,17.522,18.609,18.609,,,LENGKOK BAHRU,10.119
lengkok_bahru,Lengkok Bahru,2574.0,25883.546,29992.814,17.339,18.627,18.627,,,LENGKOK BAHRU,9.541
lengkok_bahru,Lengkok Bahru,2576.0,25885.036,29994.148,18.646,18.646,18.627,,,LENGKOK BAHRU,8.962
lengkok_bahru,Lengkok Bahru,2578.0,25886.527,29995.481,18.789,18.789,18.627,,,LENGKOK BAHRU,8.384
lengkok_bahru,Lengkok Bahru,2580.0,25888.017,29996.815,18.625,18.625,18.625,,,LENGKOK BAHRU,7.805
lengkok_bahru,Lengkok Bahru,2582.0,25889.194,29998.424,18.462,18.462,18.462,,,LENGKOK BAHRU,7.638
lengkok_bahru,Lengkok Bahru,2584.0,25890.324,30000.074,17.462,18.363,18.363,,,LENGKOK BAHRU,7.532
lengkok_bahru,Lengkok Bahru,2586.0,25891.453,30001.725,17.714,18.263,18.263,,,LENGKOK BAHRU,7.426
lengkok_bahru,Lengkok Bahru,2588.0,25892.583,30003.375,18.164,18.045,18.045,,,LENGKOK BAHRU,7.32
lengkok_bahru,Lengkok Bahru,2590.0,25893.713,30005.026,17.921,17.826,17.826,,,LENGKOK BAHRU,7.215
lengkok_bahru,Lengkok Bahru,2592.0,25894.843,30006.676,17.885,17.554,17.554,,,LENGKOK BAHRU,7.109
lengkok_bahru,Lengkok Bahru,2594.0,25895.972,30008.326,17.15,17.282,17.282,,,LENGKOK BAHRU,7.003
lengkok_bahru,Lengkok Bahru,2596.0,25897.102,30009.977,17.232,17.01,17.01,,,LENGKOK BAHRU,6.898
lengkok_bahru,Lengkok Bahru,2598.0,25898.232,30011.627,16.871,16.871,16.871,,,LENGKOK BAHRU,6.792
lengkok_bahru,Lengkok Bahru,2600.0,25899.361,30013.277,16.731,16.731,16.731,,,LENGKOK BAHRU,6.686
lengkok_bahru,Lengkok Bahru,2602.0,25900.491,30014.928,16.672,16.672,16.672,,,LENGKOK BAHRU,6.58
lengkok_bahru,Lengkok Bahru,2604.0,25901.621,30016.578,17.556,16.589,16.589,-3.854,1.0,LENGKOK BAHRU,6.475
lengkok_bahru,Lengkok Bahru,2606.0,25902.751,30018.229,16.481,16.506,16.506,-3.75,1.0,LENGKOK BAHRU,6.369
lengkok_bahru,Lengkok Bahru,2608.0,25903.93,30019.842,16.422,16.422,16.422,,,LENGKOK BAHRU,6.201
lengkok_bahru,Lengkok Bahru,2610.0,25905.204,30021.383,16.372,16.372,16.372,,,LENGKOK BAHRU,5.915
lengkok_bahru,Lengkok Bahru,2612.0,25906.479,30022.924,16.681,16.306,16.306,-1.458,1.0,LENGKOK BAHRU,5.629
lengkok_bahru,Lengkok Bahru,2614.0,25907.753,30024.466,16.072,16.239,16.306,0.99,1.0,LENGKOK BAHRU,5.327
lengkok_bahru,Lengkok Bahru,2616.0,25909.028,30026.007,16.172,16.172,16.306,,,LENGKOK BAHRU,5.015
lengkok_bahru,Lengkok Bahru,2618.0,25910.302,30027.549,16.451,16.451,16.451,,,LENGKOK BAHRU,4.703
lengkok_bahru,Lengkok Bahru,2620.0,25911.576,30029.09,16.41,16.612,16.612,,,LENGKOK BAHRU,4.39
lengkok_bahru,Lengkok Bahru,2622.0,25912.851,30030.631,17.743,16.876,16.876,,,LENGKOK BAHRU,4.078
lengkok_bahru,Lengkok Bahru,2624.0,25914.125,30032.173,16.989,17.139,17.09,,,LENGKOK BAHRU,3.766
lengkok_bahru,Lengkok Bahru,2626.0,25915.4,30033.714,17.906,17.114,17.09,,,LENGKOK BAHRU,3.453
lengkok_bahru,Lengkok Bahru,2628.0,25916.674,30035.256,17.864,17.09,17.09,,,LENGKOK BAHRU,3.008
lengkok_bahru,Lengkok Bahru,2630.0,25917.948,30036.797,18.031,16.815,16.815,,,LENGKOK BAHRU,2.557
lengkok_bahru,Lengkok Bahru,2632.0,25919.223,30038.338,17.976,16.54,16.54,,,LENGKOK BAHRU,2.105
lengkok_bahru,Lengkok Bahru,2634.0,25920.497,30039.88,18.292,16.266,16.266,,,LENGKOK BAHRU,1.654
lengkok_bahru,Lengkok Bahru,2636.0,25921.547,30041.548,15.317,15.991,15.991,,,LENGKOK BAHRU,1.461
lengkok_bahru,Lengkok Bahru,2638.0,25922.214,30043.434,15.267,15.716,15.716,,,LENGKOK BAHRU,1.706
lengkok_bahru,Lengkok Bahru,2640.0,25922.882,30045.319,15.217,15.442,15.442,,,LENGKOK BAHRU,1.952
lengkok_bahru,Lengkok Bahru,2642.0,25923.549,30047.205,15.167,15.167,15.388,,,LENGKOK BAHRU,2.253
lengkok_bahru,Lengkok Bahru,2644.0,25924.259,30049.074,15.117,15.117,15.388,,,LENGKOK BAHRU,2.607
lengkok_bahru,Lengkok Bahru,2646.0,25925.007,30050.928,15.281,15.388,15.388,,,LENGKOK BAHRU,2.919
lengkok_bahru,Lengkok Bahru,2648.0,25925.756,30052.783,15.235,15.659,15.659,,,LENGKOK BAHRU,3.231
lengkok_bahru,Lengkok Bahru,2650.0,25926.505,30054.638,16.51,15.948,15.948,,,LENGKOK BAHRU,3.543
lengkok_bahru,Lengkok Bahru,2652.0,25927.254,30056.492,16.46,16.236,16.236,,,LENGKOK BAHRU,3.855
lengkok_bahru,Lengkok Bahru,2654.0,25928.003,30058.347,17.356,16.525,16.525,,,LENGKOK BAHRU,4.475
lengkok_bahru,Lengkok Bahru,2656.0,25928.751,30060.201,17.131,16.813,16.54,,,LENGKOK BAHRU,5.224
lengkok_bahru,Lengkok Bahru,2658.0,25929.5,30062.056,16.831,16.831,16.54,,,LENGKOK BAHRU,5.973
lengkok_bahru,Lengkok Bahru,2660.0,25930.249,30063.91,16.076,16.54,16.54,,,LENGKOK BAHRU,6.722
lengkok_bahru,Lengkok Bahru,2662.0,25930.998,30065.765,17.535,16.249,16.249,-10.909,2.0,LENGKOK BAHRU,7.471
lengkok_bahru,Lengkok Bahru,2664.0,25931.747,30067.619,15.86,15.958,15.958,,,LENGKOK BAHRU,8.22
lengkok_bahru,Lengkok Bahru,2666.0,25932.496,30069.474,15.667,15.667,15.667,,,LENGKOK BAHRU,8.969
lengkok_bahru,Lengkok Bahru,2668.0,25933.244,30071.328,14.867,15.596,15.596,,,LENGKOK BAHRU,9.718
lengkok_bahru,Lengkok Bahru,2670.0,25933.993,30073.183,15.592,15.524,15.543,,,LENGKOK BAHRU,10.467
lengkok_bahru,Lengkok Bahru,2672.0,25935.103,30074.806,15.453,15.453,15.543,,,LENGKOK BAHRU,10.796
lengkok_bahru,Lengkok Bahru,2674.0,25936.475,30076.261,16.674,15.543,15.543,,,LENGKOK BAHRU,10.818
lengkok_bahru,Lengkok Bahru,2676.0,25937.848,30077.716,17.345,15.634,15.634,,,LENGKOK BAHRU,10.841
lengkok_bahru,Lengkok Bahru,2678.0,25939.22,30079.17,14.579,15.725,15.725,,,LENGKOK BAHRU,10.863
lengkok_bahru,Lengkok Bahru,2680.0,25940.593,30080.625,15.214,15.816,15.816,,,LENGKOK BAHRU,10.886
lengkok_bahru,Lengkok Bahru,2682.0,25941.965,30082.08,15.621,15.907,15.907,,,LENGKOK BAHRU,10.908
lengkok_bahru,Lengkok Bahru,2684.0,25943.338,30083.535,14.542,15.997,15.997,,,LENGKOK BAHRU,10.931
lengkok_bahru,Lengkok Bahru,2686.0,25944.71,30084.989,15.735,16.088,16.088,,,LENGKOK BAHRU,10.953
lengkok_bahru,Lengkok Bahru,2688.0,25946.082,30086.444,14.303,16.179,16.088,,,LENGKOK BAHRU,10.976
lengkok_bahru,Lengkok Bahru,2690.0,25947.455,30087.899,14.239,16.27,16.088,,,LENGKOK BAHRU,10.999
lengkok_bahru,Lengkok Bahru,2692.0,25948.827,30089.354,16.36,16.024,16.024,,,LENGKOK BAHRU,11.021
lengkok_bahru,Lengkok Bahru,2694.0,25950.2,30090.809,15.432,15.779,15.779,,,LENGKOK BAHRU,11.044
lengkok_bahru,Lengkok Bahru,2696.0,25951.572,30092.263,17.225,15.534,15.602,,,LENGKOK BAHRU,11.066
lengkok_bahru,Lengkok Bahru,2698.0,25952.945,30093.718,16.342,15.568,15.602,,,LENGKOK BAHRU,11.089
lengkok_bahru,Lengkok Bahru,2700.0,25954.317,30095.173,14.554,15.602,15.602,,,LENGKOK BAHRU,11.111
lengkok_bahru,Lengkok Bahru,2702.0,25955.591,30096.697,13.849,15.636,15.636,,,LENGKOK BAHRU,11.253
lengkok_bahru,Lengkok Bahru,2704.0,25956.503,30098.477,13.881,15.671,15.671,,,LENGKOK BAHRU,11.834
lengkok_bahru,Lengkok Bahru,2706.0,25957.414,30100.258,13.885,15.705,15.705,,,LENGKOK BAHRU,12.414
lengkok_bahru,Lengkok Bahru,2708.0,25958.326,30102.038,16.438,15.739,15.739,,,LENGKOK BAHRU,12.994
lengkok_bahru,Lengkok Bahru,2710.0,25959.237,30103.818,15.817,15.773,15.739,,,LENGKOK BAHRU,13.574
lengkok_bahru,Lengkok Bahru,2712.0,25960.149,30105.598,15.807,15.807,15.739,,,LENGKOK BAHRU,14.154
lengkok_bahru,Lengkok Bahru,2714.0,25961.061,30107.378,13.453,15.632,15.632,,,LENGKOK BAHRU,14.734
lengkok_bahru,Lengkok Bahru,2716.0,25961.972,30109.158,15.457,15.457,15.457,,,LENGKOK BAHRU,15.314
lengkok_bahru,Lengkok Bahru,2718.0,25962.884,30110.939,14.004,15.34,15.34,-6.587,1.0,LENGKOK BAHRU,15.894
lengkok_bahru,Lengkok Bahru,2720.0,25963.795,30112.719,15.331,15.223,15.223,-7.227,1.0,LENGKOK BAHRU,14.912
lengkok_bahru,Lengkok Bahru,2722.0,25964.707,30114.499,17.715,15.105,15.105,,,LENGKOK BAHRU,13.149
lengkok_bahru,Lengkok Bahru,2724.0,25965.619,30116.279,17.046,14.879,14.879,,,LENGKOK BAHRU,11.386
lengkok_bahru,Lengkok Bahru,2726.0,25966.53,30118.059,14.653,14.653,14.653,-5.844,1.0,LENGKOK BAHRU,9.627
lengkok_bahru,Lengkok Bahru,2728.0,25966.276,30119.846,14.494,14.494,14.638,-3.016,1.0,LENGKOK BAHRU,8.874
lengkok_bahru,Lengkok Bahru,2730.0,25965.385,30121.636,14.638,14.638,14.638,,,LENGKOK BAHRU,8.656
lengkok_bahru,Lengkok Bahru,2732.0,25964.493,30123.426,14.622,14.622,14.638,,,LENGKOK BAHRU,8.437
lengkok_bahru,Lengkok Bahru,2734.0,25963.601,30125.216,14.103,14.666,14.666,,,LENGKOK BAHRU,8.218
lengkok_bahru,Lengkok Bahru,2736.0,25962.709,30127.007,15.006,14.71,14.71,,,LENGKOK BAHRU,7.999
lengkok_bahru,Lengkok Bahru,2738.0,25961.818,30128.797,14.347,14.754,14.754,,,LENGKOK BAHRU,7.781
lengkok_bahru,Lengkok Bahru,2740.0,25960.692,30130.447,14.972,14.798,14.798,,,LENGKOK BAHRU,7.835
lengkok_bahru,Lengkok Bahru,2742.0,25959.537,30132.08,14.206,14.841,14.841,,,LENGKOK BAHRU,7.922
lengkok_bahru,Lengkok Bahru,2744.0,25958.383,30133.714,16.481,14.885,14.885,,,LENGKOK BAHRU,8.009
lengkok_bahru,Lengkok Bahru,2746.0,25957.229,30135.347,14.841,14.929,14.929,,,LENGKOK BAHRU,8.096
lengkok_bahru,Lengkok Bahru,2748.0,25956.074,30136.98,16.835,14.973,14.973,,,LENGKOK BAHRU,8.183
lengkok_bahru,Lengkok Bahru,2750.0,25954.954,30138.636,21.038,15.017,15.017,,,LENGKOK BAHRU,8.229
lengkok_bahru,Lengkok Bahru,2752.0,25953.889,30140.329,18.088,15.061,15.061,,,LENGKOK BAHRU,8.209
lengkok_bahru,Lengkok Bahru,2754.0,25952.824,30142.022,19.402,15.105,15.105,,,LENGKOK BAHRU,8.188
lengkok_bahru,Lengkok Bahru,2756.0,25951.759,30143.715,16.852,15.149,15.149,,,LENGKOK BAHRU,8.168
lengkok_bahru,Lengkok Bahru,2758.0,25950.694,30145.408,15.035,15.193,15.193,,,LENGKOK BAHRU,8.147
lengkok_bahru,Lengkok Bahru,2760.0,25949.629,30147.1,13.288,15.236,15.236,,,LENGKOK BAHRU,8.127
lengkok_bahru,Lengkok Bahru,2762.0,25948.564,30148.793,15.438,15.438,15.236,,,LENGKOK BAHRU,8.106
lengkok_bahru,Lengkok Bahru,2764.0,25947.5,30150.486,16.341,15.283,15.236,,,LENGKOK BAHRU,8.086
lengkok_bahru,Lengkok Bahru,2766.0,25946.435,30152.179,13.143,15.128,15.128,,,LENGKOK BAHRU,8.065
lengkok_bahru,Lengkok Bahru,2768.0,25945.37,30153.872,15.624,14.973,14.973,,,LENGKOK BAHRU,8.045
lengkok_bahru,Lengkok Bahru,2770.0,25944.305,30155.565,13.624,14.819,14.819,,,LENGKOK BAHRU,8.024
lengkok_bahru,Lengkok Bahru,2772.0,25943.24,30157.258,16.471,14.664,14.664,,,LENGKOK BAHRU,8.004
lengkok_bahru,Lengkok Bahru,2774.0,25942.175,30158.951,16.504,14.509,14.509,,,LENGKOK BAHRU,7.983
lengkok_bahru,Lengkok Bahru,2776.0,25941.11,30160.644,16.702,14.354,14.354,,,LENGKOK BAHRU,7.963
lengkok_bahru,Lengkok Bahru,2778.0,25940.045,30162.337,15.093,14.2,14.2,,,LENGKOK BAHRU,7.942
lengkok_bahru,Lengkok Bahru,2780.0,25938.668,30163.779,14.045,14.045,14.045,,,LENGKOK BAHRU,8.321
lengkok_bahru,Lengkok Bahru,2782.0,25937.245,30165.184,13.862,13.862,13.862,,,LENGKOK BAHRU,8.757
lengkok_bahru,Lengkok Bahru,2784.0,25935.822,30166.59,15.371,13.708,13.708,,,LENGKOK BAHRU,9.193
lengkok_bahru,Lengkok Bahru,2786.0,25934.4,30167.996,16.719,13.554,13.554,,,LENGKOK BAHRU,9.628
lengkok_bahru,Lengkok Bahru,2788.0,25932.977,30169.401,12.919,13.4,13.4,,,LENGKOK BAHRU,10.064
lengkok_bahru,Lengkok Bahru,2790.0,25931.47,30170.716,13.466,13.246,13.246,,,LENGKOK BAHRU,10.62
lengkok_bahru,Lengkok Bahru,2792.0,25929.951,30172.017,13.009,13.091,13.091,,,LENGKOK BAHRU,11.193
lengkok_bahru,Lengkok Bahru,2794.0,25928.433,30173.318,12.937,12.937,13.091,,,LENGKOK BAHRU,11.463
lengkok_bahru,Lengkok Bahru,2796.0,25926.914,30174.62,12.941,12.941,13.091,,,LENGKOK BAHRU,11.397
lengkok_bahru,Lengkok Bahru,2798.0,25925.136,30175.515,14.551,13.19,13.19,,,LENGKOK BAHRU,11.811
lengkok_bahru,Lengkok Bahru,2800.0,25923.316,30176.346,13.312,13.438,13.438,,,LENGKOK BAHRU,12.3
lengkok_bahru,Lengkok Bahru,2802.0,25921.497,30177.176,14.976,13.687,13.687,,,LENGKOK BAHRU,12.789
lengkok_bahru,Lengkok Bahru,2804.0,25919.678,30178.007,13.698,13.936,13.936,,,LENGKOK BAHRU,13.279
lengkok_bahru,Lengkok Bahru,2806.0,25917.859,30178.838,14.005,14.185,14.185,,,LENGKOK BAHRU,13.768
lengkok_bahru,Lengkok Bahru,2808.0,25916.039,30179.669,14.791,14.434,14.434,,,LENGKOK BAHRU,14.257
lengkok_bahru,Lengkok Bahru,2810.0,25914.22,30180.5,15.287,14.683,14.683,,,LENGKOK BAHRU,14.746
lengkok_bahru,Lengkok Bahru,2812.0,25912.401,30181.331,16.309,14.932,14.932,,,LENGKOK BAHRU,15.235
lengkok_bahru,Lengkok Bahru,2814.0,25910.582,30182.162,16.816,15.181,15.181,,,LENGKOK BAHRU,15.588
lengkok_bahru,Lengkok Bahru,2816.0,25908.762,30182.993,15.841,15.429,15.429,,,LENGKOK BAHRU,15.608
lengkok_bahru,Lengkok Bahru,2818.0,25906.943,30183.824,15.678,15.678,15.678,,,LENGKOK BAHRU,15.421
lengkok_bahru,Lengkok Bahru,2820.0,25905.124,30184.654,15.849,15.849,15.849,,,LENGKOK BAHRU,14.926
lengkok_bahru,Lengkok Bahru,2822.0,25903.305,30185.485,17.02,15.942,15.942,,,LENGKOK BAHRU,14.43
lengkok_bahru,Lengkok Bahru,2824.0,25901.486,30186.316,17.962,16.035,16.035,,,LENGKOK BAHRU,13.934
lengkok_bahru,Lengkok Bahru,2826.0,25899.666,30187.147,16.016,16.128,16.128,,,LENGKOK BAHRU,13.439
lengkok_bahru,Lengkok Bahru,2828.0,25897.811,30187.882,14.106,16.221,16.221,,,LENGKOK BAHRU,13.044
lengkok_bahru,Lengkok Bahru,2830.0,25895.892,30188.444,18.925,16.314,16.314,,,LENGKOK BAHRU,12.631
lengkok_bahru,Lengkok Bahru,2832.0,25893.973,30189.006,18.415,16.406,16.406,,,LENGKOK BAHRU,11.88
lengkok_bahru,Lengkok Bahru,2834.0,25892.053,30189.568,19.357,16.499,16.499,,,LENGKOK BAHRU,11.128
lengkok_bahru,Lengkok Bahru,2836.0,25890.134,30190.13,17.649,16.592,16.499,,,LENGKOK BAHRU,10.377
lengkok_bahru,Lengkok Bahru,2838.0,25888.201,30190.602,17.361,16.685,16.499,,,LENGKOK BAHRU,9.714
lengkok_bahru,Lengkok Bahru,2840.0,25886.201,30190.632,16.778,16.423,16.423,,,LENGKOK BAHRU,9.483
lengkok_bahru,Lengkok Bahru,2842.0,25884.201,30190.662,16.747,16.101,16.101,,,LENGKOK BAHRU,9.253
lengkok_bahru,Lengkok Bahru,2844.0,25882.201,30190.692,16.237,15.779,15.779,,,LENGKOK BAHRU,9.023
lengkok_bahru,Lengkok Bahru,2846.0,25880.202,30190.722,14.706,15.432,15.432,,,LENGKOK BAHRU,8.793
lengkok_bahru,Lengkok Bahru,2848.0,25878.202,30190.752,14.24,15.085,15.085,,,LENGKOK BAHRU,8.562
lengkok_bahru,Lengkok Bahru,2850.0,25876.204,30190.681,14.319,14.737,14.737,,,LENGKOK BAHRU,8.433
lengkok_bahru,Lengkok Bahru,2852.0,25874.208,30190.557,14.119,14.39,14.39,,,LENGKOK BAHRU,8.357
lengkok_bahru,Lengkok Bahru,2854.0,25872.212,30190.432,13.615,14.043,14.043,,,LENGKOK BAHRU,8.281
lengkok_bahru,Lengkok Bahru,2856.0,25870.216,30190.308,13.486,13.695,13.695,,,LENGKOK BAHRU,8.205
lengkok_bahru,Lengkok Bahru,2858.0,25868.22,30190.183,14.65,13.348,13.348,,,LENGKOK BAHRU,8.129
lengkok_bahru,Lengkok Bahru,2860.0,25866.224,30190.059,14.555,13.067,13.067,,,LENGKOK BAHRU,8.053
lengkok_bahru,Lengkok Bahru,2862.0,25864.228,30189.934,13.073,12.786,12.786,,,LENGKOK BAHRU,7.977
lengkok_bahru,Lengkok Bahru,2864.0,25862.232,30189.81,12.931,12.505,12.505,,,LENGKOK BAHRU,7.901
lengkok_bahru,Lengkok Bahru,2866.0,25860.235,30189.685,13.233,12.224,12.224,,,LENGKOK BAHRU,7.825
lengkok_bahru,Lengkok Bahru,2868.0,25858.239,30189.561,12.165,11.926,11.926,,,LENGKOK BAHRU,7.749
lengkok_bahru,Lengkok Bahru,2870.0,25856.243,30189.436,12.031,11.628,11.628,,,LENGKOK BAHRU,7.672
lengkok_bahru,Lengkok Bahru,2872.0,25854.246,30189.334,10.648,11.33,11.33,,,LENGKOK BAHRU,7.574
lengkok_bahru,Lengkok Bahru,2874.0,25852.247,30189.287,10.793,11.032,11.032,,,LENGKOK BAHRU,7.421
lengkok_bahru,Lengkok Bahru,2876.0,25850.247,30189.24,9.879,10.734,10.734,,,LENGKOK BAHRU,7.267
lengkok_bahru,Lengkok Bahru,2878.0,25848.248,30189.193,9.869,10.435,10.435,,,LENGKOK BAHRU,7.114
lengkok_bahru,Lengkok Bahru,2880.0,25846.248,30189.146,9.914,10.137,10.137,,,LENGKOK BAHRU,6.96
lengkok_bahru,Lengkok Bahru,2882.0,25844.249,30189.098,9.839,9.839,10.109,,,LENGKOK BAHRU,6.807
lengkok_bahru,Lengkok Bahru,2884.0,25842.269,30188.836,10.109,10.109,9.909,,,LENGKOK BAHRU,6.87
lengkok_bahru,Lengkok Bahru,2886.0,25840.294,30188.52,9.619,9.909,9.839,,,LENGKOK BAHRU,6.986
lengkok_bahru,Lengkok Bahru,2888.0,25838.32,30188.204,10.044,9.71,9.71,-5.228,1.0,LENGKOK BAHRU,7.103
lengkok_bahru,Lengkok Bahru,2890.0,25836.345,30187.887,9.468,9.51,9.51,,,LENGKOK BAHRU,7.22
lengkok_bahru,Lengkok Bahru,2892.0,25834.37,30187.571,9.31,9.31,9.491,,,LENGKOK BAHRU,7.337
lengkok_bahru,Lengkok Bahru,2894.0,25832.394,30187.261,9.227,9.227,9.491,,,LENGKOK BAHRU,7.447
lengkok_bahru,Lengkok Bahru,2896.0,25830.415,30186.975,9.152,9.491,9.491,,,LENGKOK BAHRU,7.534
lengkok_bahru,Lengkok Bahru,2898.0,25828.435,30186.69,9.018,9.755,9.755,,,LENGKOK BAHRU,7.62
lengkok_bahru,Lengkok Bahru,2900.0,25826.456,30186.404,9.91,10.02,10.02,,,LENGKOK BAHRU,7.706
lengkok_bahru,Lengkok Bahru,2902.0,25824.476,30186.118,10.643,10.284,10.066,,,LENGKOK BAHRU,7.792
lengkok_bahru,Lengkok Bahru,2904.0,25822.497,30185.832,11.493,10.175,10.066,,,LENGKOK BAHRU,7.878
lengkok_bahru,Lengkok Bahru,2906.0,25820.506,30185.87,10.673,10.066,10.066,,,LENGKOK BAHRU,7.641
lengkok_bahru,Lengkok Bahru,2908.0,25818.512,30186.024,9.885,9.957,9.957,,,LENGKOK BAHRU,7.345
lengkok_bahru,Lengkok Bahru,2910.0,25816.518,30186.177,9.848,9.848,9.848,,,LENGKOK BAHRU,7.191
lengkok_bahru,Lengkok Bahru,2912.0,25814.524,30186.331,9.818,9.818,9.818,,,LENGKOK BAHRU,7.036
lengkok_bahru,Lengkok Bahru,2914.0,25812.53,30186.485,9.706,9.706,9.706,,,LENGKOK BAHRU,6.881
lengkok_bahru,Lengkok Bahru,2916.0,25810.536,30186.638,10.923,9.508,9.508,-8.842,2.0,LENGKOK BAHRU,6.727
lengkok_bahru,Lengkok Bahru,2918.0,25808.542,30186.792,9.285,9.309,9.309,-8.508,1.0,LENGKOK BAHRU,6.572
lengkok_bahru,Lengkok Bahru,2920.0,25806.548,30186.946,9.111,9.111,9.111,,,LENGKOK BAHRU,6.418
lengkok_bahru,Lengkok Bahru,2922.0,25804.554,30187.1,9.025,9.025,9.025,,,LENGKOK BAHRU,6.263
lengkok_bahru,Lengkok Bahru,2924.0,25802.56,30187.253,8.965,8.965,8.965,-2.723,1.0,LENGKOK BAHRU,6.108
lengkok_bahru,Lengkok Bahru,2926.0,25800.566,30187.407,8.897,8.897,8.897,-2.742,1.0,LENGKOK BAHRU,6.134
lengkok_bahru,Lengkok Bahru,2928.0,25798.572,30187.561,8.893,8.893,8.893,-1.984,1.0,LENGKOK BAHRU,6.396
lengkok_bahru,Lengkok Bahru,2930.0,25796.605,30187.912,8.689,8.689,8.806,-1.135,1.0,LENGKOK BAHRU,6.458
lengkok_bahru,Lengkok Bahru,2932.0,25794.647,30188.317,8.798,8.798,8.806,-0.987,1.0,LENGKOK BAHRU,6.466
lengkok_bahru,Lengkok Bahru,2934.0,25792.688,30188.723,8.806,8.806,8.806,,,LENGKOK BAHRU,6.474
lengkok_bahru,Lengkok Bahru,2936.0,25790.73,30189.128,8.814,8.814,8.814,,,LENGKOK BAHRU,6.482
lengkok_bahru,Lengkok Bahru,2938.0,25788.771,30189.533,7.764,8.963,8.963,,,LENGKOK BAHRU,6.49
lengkok_bahru,Lengkok Bahru,2940.0,25786.868,30190.115,8.184,9.112,9.112,,,LENGKOK BAHRU,6.472
lengkok_bahru,Lengkok Bahru,2942.0,25785.031,30190.905,8.841,9.26,9.26,,,LENGKOK BAHRU,6.551
lengkok_bahru,Lengkok Bahru,2944.0,25783.193,30191.694,8.466,9.409,9.409,,,LENGKOK BAHRU,6.632
lengkok_bahru,Lengkok Bahru,2946.0,25781.356,30192.484,8.43,9.558,9.558,,,LENGKOK BAHRU,6.712
lengkok_bahru,Lengkok Bahru,2948.0,25779.518,30193.274,8.816,9.706,9.706,,,LENGKOK BAHRU,6.793
lengkok_bahru,Lengkok Bahru,2950.0,25777.681,30194.063,9.855,9.855,9.706,,,LENGKOK BAHRU,6.874
lengkok_bahru,Lengkok Bahru,2952.0,25775.843,30194.853,9.716,9.716,9.706,,,LENGKOK BAHRU,6.954
lengkok_bahru,Lengkok Bahru,2954.0,25774.006,30195.643,9.994,9.578,9.716,,,LENGKOK BAHRU,7.035
lengkok_bahru,Lengkok Bahru,2956.0,25772.168,30196.432,9.441,9.662,9.716,,,LENGKOK BAHRU,7.116
lengkok_bahru,Lengkok Bahru,2958.0,25770.331,30197.222,9.312,9.746,9.746,,,LENGKOK BAHRU,7.196
lengkok_bahru,Lengkok Bahru,2960.0,25768.493,30198.012,9.391,11.295,11.295,,,LENGKOK BAHRU,7.277
lengkok_bahru,Lengkok Bahru,2962.0,25766.656,30198.801,9.303,12.843,12.843,,,LENGKOK BAHRU,7.358
lengkok_bahru,Lengkok Bahru,2964.0,25765.155,30197.649,8.923,14.391,14.391,,,LENGKOK BAHRU,9.044
lengkok_bahru,Lengkok Bahru,2966.0,25763.692,30196.286,9.37,15.94,15.94,,,LENGKOK BAHRU,10.906
lengkok_bahru,Lengkok Bahru,2968.0,25762.228,30194.923,11.895,17.488,17.488,,,LENGKOK BAHRU,12.767
lengkok_bahru,Lengkok Bahru,2970.0,25760.764,30193.561,11.737,19.036,19.036,,,LENGKOK BAHRU,14.628
lengkok_bahru,Lengkok Bahru,2972.0,25759.3,30192.198,12.056,,20.585,,,LENGKOK BAHRU,16.489
lengkok_bahru,Lengkok Bahru,3294.0,25523.632,29972.779,22.165,,22.133,,,LENGKOK BAHRU,64.535
lengkok_bahru,Lengkok Bahru,3296.0,25522.168,29971.417,22.202,,23.681,,,LENGKOK BAHRU,62.954
lengkok_bahru,Lengkok Bahru,3298.0,25520.704,29970.054,22.215,25.23,25.23,,,LENGKOK BAHRU,61.373
lengkok_bahru,Lengkok Bahru,3300.0,25519.241,29968.691,22.115,26.778,26.778,,,LENGKOK BAHRU,59.792
lengkok_bahru,Lengkok Bahru,3302.0,25517.777,29967.328,22.102,28.327,28.327,,,LENGKOK BAHRU,58.211
lengkok_bahru,Lengkok Bahru,3304.0,25516.313,29965.965,31.998,29.875,29.484,,,LENGKOK BAHRU,56.629
lengkok_bahru,Lengkok Bahru,3306.0,25514.849,29964.602,31.899,29.679,29.484,,,LENGKOK BAHRU,55.048
lengkok_bahru,Lengkok Bahru,3308.0,25513.386,29963.24,31.944,29.484,29.484,,,LENGKOK BAHRU,53.467
lengkok_bahru,Lengkok Bahru,3310.0,25511.922,29961.877,32.994,29.288,29.288,,,LENGKOK BAHRU,51.886
lengkok_bahru,Lengkok Bahru,3312.0,25510.458,29960.514,27.061,28.963,28.963,,,LENGKOK BAHRU,50.305
lengkok_bahru,Lengkok Bahru,3314.0,25508.994,29959.151,26.911,28.639,28.639,,,LENGKOK BAHRU,48.724
lengkok_bahru,Lengkok Bahru,3316.0,25507.53,29957.788,27.636,28.142,28.142,,,LENGKOK BAHRU,47.142
lengkok_bahru,Lengkok Bahru,3318.0,25506.067,29956.425,22.952,27.644,27.644,,,LENGKOK BAHRU,45.561
lengkok_bahru,Lengkok Bahru,3320.0,25504.603,29955.062,23.741,27.147,27.147,,,LENGKOK BAHRU,43.98
lengkok_bahru,Lengkok Bahru,3322.0,25503.139,29953.7,,,26.899,,,LENGKOK BAHRU,42.399
lengkok_bahru,Lengkok Bahru,3324.0,25501.675,29952.337,,,26.402,,,LENGKOK BAHRU,40.818
lengkok_bahru,Lengkok Bahru,3326.0,25500.212,29950.974,,,25.656,,,LENGKOK BAHRU,39.237
lengkok_bahru,Lengkok Bahru,3328.0,25498.748,29949.611,,,24.91,,,LENGKOK BAHRU,37.655
lengkok_bahru,Lengkok Bahru,3330.0,25497.284,29948.248,,,24.413,,,LENGKOK BAHRU,36.074
lengkok_bahru,Lengkok Bahru,3332.0,25495.82,29946.885,23.002,24.165,24.165,,,LENGKOK BAHRU,34.493
lengkok_bahru,Lengkok Bahru,3334.0,25494.356,29945.523,23.015,23.668,23.668,,,LENGKOK BAHRU,32.912
lengkok_bahru,Lengkok Bahru,3336.0,25492.893,29944.16,22.957,23.171,23.171,,,LENGKOK BAHRU,31.331
lengkok_bahru,Lengkok Bahru,3338.0,25491.429,29942.797,22.674,22.674,22.674,,,LENGKOK BAHRU,29.75
lengkok_bahru,Lengkok Bahru,3340.0,25489.965,29941.434,23.236,22.639,22.639,,,LENGKOK BAHRU,28.168
lengkok_bahru,Lengkok Bahru,3342.0,25488.501,29940.071,22.654,22.605,22.605,,,LENGKOK BAHRU,26.587
lengkok_bahru,Lengkok Bahru,3344.0,25487.037,29938.708,23.434,22.571,22.571,,,LENGKOK BAHRU,25.006
lengkok_bahru,Lengkok Bahru,3346.0,25485.574,29937.345,22.429,22.536,22.536,,,LENGKOK BAHRU,23.425
lengkok_bahru,Lengkok Bahru,3348.0,25484.11,29935.983,21.435,22.502,22.502,,,LENGKOK BAHRU,21.845
lengkok_bahru,Lengkok Bahru,3350.0,25482.646,29934.62,19.973,22.468,22.468,,,LENGKOK BAHRU,20.265
lengkok_bahru,Lengkok Bahru,3352.0,25481.182,29933.257,22.448,22.434,22.434,,,LENGKOK BAHRU,18.684
lengkok_bahru,Lengkok Bahru,3354.0,25479.719,29931.894,22.943,22.399,22.399,,,LENGKOK BAHRU,17.104
lengkok_bahru,Lengkok Bahru,3356.0,25478.255,29930.531,23.256,22.365,22.365,,,LENGKOK BAHRU,15.524
lengkok_bahru,Lengkok Bahru,3358.0,25476.791,29929.168,23.393,22.331,22.331,,,LENGKOK BAHRU,13.943
lengkok_bahru,Lengkok Bahru,3360.0,25475.327,29927.805,22.959,22.081,22.081,,,LENGKOK BAHRU,12.363
lengkok_bahru,Lengkok Bahru,3362.0,25473.863,29926.443,22.262,21.693,21.693,,,LENGKOK BAHRU,10.782
lengkok_bahru,Lengkok Bahru,3364.0,25472.4,29925.08,22.6,21.304,21.304,,,LENGKOK BAHRU,9.202
lengkok_bahru,Lengkok Bahru,3366.0,25470.936,29923.717,20.747,20.915,20.915,,,LENGKOK BAHRU,7.622
lengkok_bahru,Lengkok Bahru,3368.0,25469.472,29922.354,20.518,20.457,20.457,,,LENGKOK BAHRU,6.041
lengkok_bahru,Lengkok Bahru,3370.0,25468.008,29920.991,20.737,19.998,19.998,,,LENGKOK BAHRU,4.461
lengkok_bahru,Lengkok Bahru,3372.0,25466.545,29919.628,19.835,19.54,19.54,,,LENGKOK BAHRU,2.881
lengkok_bahru,Lengkok Bahru,3374.0,25465.081,29918.266,18.328,19.082,19.311,,,LENGKOK BAHRU,1.3
lengkok_bahru,Lengkok Bahru,3374.03,25465.059,29918.245,18.328,18.328,19.082,,,LENGKOK BAHRU,1.277
