path_key,source_project,chainage_m,x_svy21,y_svy21,elevation_m_raw,elevation_m_filtered,elevation_m_smooth,gradient_pct,Grade,nearest_road_name,nearest_road_dist_m
tagore_industrial_avenue,Tagore Industrial Avenue,4.0,27184.72,40883.989,14.545,14.545,14.711,0.0,1.0,TAGORE INDUSTRIAL AVENUE,13.875
tagore_industrial_avenue,Tagore Industrial Avenue,6.0,27186.67,40883.547,14.756,14.756,14.691,0.5,1.0,TAGORE INDUSTRIAL AVENUE,13.18
tagore_industrial_avenue,Tagore Industrial Avenue,8.0,27188.621,40883.104,14.711,14.711,14.711,0.375,1.0,TAGORE INDUSTRIAL AVENUE,12.486
tagore_industrial_avenue,Tagore Industrial Avenue,10.0,27190.571,40882.662,14.671,14.671,14.741,2.152,1.0,TAGORE INDUSTRIAL AVENUE,11.791
tagore_industrial_avenue,Tagore Industrial Avenue,12.0,27192.354,40881.814,14.741,14.741,14.741,,,TAGORE INDUSTRIAL AVENUE,11.528
tagore_industrial_avenue,Tagore Industrial Avenue,14.0,27194.048,40880.751,14.863,14.863,14.863,,,TAGORE INDUSTRIAL AVENUE,11.494
tagore_industrial_avenue,Tagore Industrial Avenue,16.0,27195.742,40879.687,14.982,15.108,15.108,,,TAGORE INDUSTRIAL AVENUE,11.46
tagore_industrial_avenue,Tagore Industrial Avenue,18.0,27197.436,40878.624,15.02,15.384,15.384,,,TAGORE INDUSTRIAL AVENUE,11.426
tagore_industrial_avenue,Tagore Industrial Avenue,20.0,27199.129,40877.56,17.926,15.661,15.661,,,TAGORE INDUSTRIAL AVENUE,11.392
tagore_industrial_avenue,Tagore Industrial Avenue,22.0,27200.823,40876.497,15.263,15.928,15.928,,,TAGORE INDUSTRIAL AVENUE,11.358
tagore_industrial_avenue,Tagore Industrial Avenue,24.0,27202.552,40875.492,15.42,16.196,16.196,,,TAGORE INDUSTRIAL AVENUE,11.255
tagore_industrial_avenue,Tagore Industrial Avenue,26.0,27204.286,40874.494,17.996,16.463,16.463,,,TAGORE INDUSTRIAL AVENUE,11.144
tagore_industrial_avenue,Tagore Industrial Avenue,28.0,27206.019,40873.497,17.991,16.648,16.648,,,TAGORE INDUSTRIAL AVENUE,11.034
tagore_industrial_avenue,Tagore Industrial Avenue,30.0,27207.752,40872.499,22.901,16.834,16.834,,,TAGORE INDUSTRIAL AVENUE,10.923
tagore_industrial_avenue,Tagore Industrial Avenue,32.0,27209.486,40871.501,20.759,17.019,17.019,,,TAGORE INDUSTRIAL AVENUE,10.812
tagore_industrial_avenue,Tagore Industrial Avenue,34.0,27211.219,40870.503,19.676,17.204,17.204,,,TAGORE INDUSTRIAL AVENUE,10.701
tagore_industrial_avenue,Tagore Industrial Avenue,36.0,27212.952,40869.505,19.563,17.389,17.389,,,TAGORE INDUSTRIAL AVENUE,10.591
tagore_industrial_avenue,Tagore Industrial Avenue,38.0,27214.686,40868.508,17.909,17.574,17.574,,,TAGORE INDUSTRIAL AVENUE,10.48
tagore_industrial_avenue,Tagore Industrial Avenue,40.0,27216.419,40867.51,17.759,17.759,17.759,,,TAGORE INDUSTRIAL AVENUE,10.369
tagore_industrial_avenue,Tagore Industrial Avenue,42.0,27218.152,40866.512,17.959,17.959,17.84,,,TAGORE INDUSTRIAL AVENUE,10.259
tagore_industrial_avenue,Tagore Industrial Avenue,44.0,27219.886,40865.514,18.002,18.002,17.84,,,TAGORE INDUSTRIAL AVENUE,10.148
tagore_industrial_avenue,Tagore Industrial Avenue,46.0,27221.619,40864.516,18.144,17.84,17.959,,,TAGORE INDUSTRIAL AVENUE,10.037
tagore_industrial_avenue,Tagore Industrial Avenue,48.0,27223.352,40863.519,17.108,17.678,17.96,,,TAGORE INDUSTRIAL AVENUE,9.927
tagore_industrial_avenue,Tagore Industrial Avenue,50.0,27225.086,40862.521,17.213,17.96,17.96,,,TAGORE INDUSTRIAL AVENUE,9.816
tagore_industrial_avenue,Tagore Industrial Avenue,52.0,27226.757,40861.423,17.499,18.242,18.242,,,TAGORE INDUSTRIAL AVENUE,9.823
tagore_industrial_avenue,Tagore Industrial Avenue,54.0,27228.423,40860.317,17.753,18.524,18.524,,,TAGORE INDUSTRIAL AVENUE,9.84
tagore_industrial_avenue,Tagore Industrial Avenue,56.0,27230.089,40859.21,18.424,18.806,18.806,,,TAGORE INDUSTRIAL AVENUE,9.857
tagore_industrial_avenue,Tagore Industrial Avenue,58.0,27231.755,40858.104,18.584,19.088,19.088,,,TAGORE INDUSTRIAL AVENUE,9.874
tagore_industrial_avenue,Tagore Industrial Avenue,60.0,27233.421,40856.997,19.37,19.387,19.387,,,TAGORE INDUSTRIAL AVENUE,9.891
tagore_industrial_avenue,Tagore Industrial Avenue,62.0,27235.088,40855.891,19.188,19.685,19.685,,,TAGORE INDUSTRIAL AVENUE,9.908
tagore_industrial_avenue,Tagore Industrial Avenue,64.0,27236.755,40854.787,19.488,19.996,19.996,,,TAGORE INDUSTRIAL AVENUE,9.922
tagore_industrial_avenue,Tagore Industrial Avenue,66.0,27238.424,40853.685,23.031,20.306,20.306,,,TAGORE INDUSTRIAL AVENUE,9.934
tagore_industrial_avenue,Tagore Industrial Avenue,68.0,27240.093,40852.583,23.438,20.617,20.617,,,TAGORE INDUSTRIAL AVENUE,9.946
tagore_industrial_avenue,Tagore Industrial Avenue,70.0,27241.762,40851.481,21.249,20.928,20.928,,,TAGORE INDUSTRIAL AVENUE,9.958
tagore_industrial_avenue,Tagore Industrial Avenue,72.0,27243.431,40850.379,21.808,21.225,21.225,,,TAGORE INDUSTRIAL AVENUE,9.969
tagore_industrial_avenue,Tagore Industrial Avenue,74.0,27245.1,40849.277,20.567,21.523,21.523,,,TAGORE INDUSTRIAL AVENUE,9.981
tagore_industrial_avenue,Tagore Industrial Avenue,76.0,27246.769,40848.174,21.998,21.82,21.82,,,TAGORE INDUSTRIAL AVENUE,9.993
tagore_industrial_avenue,Tagore Industrial Avenue,78.0,27248.438,40847.072,21.826,21.826,21.826,,,TAGORE INDUSTRIAL AVENUE,10.005
tagore_industrial_avenue,Tagore Industrial Avenue,80.0,27250.107,40845.97,22.473,22.005,22.005,,,TAGORE INDUSTRIAL AVENUE,10.017
tagore_industrial_avenue,Tagore Industrial Avenue,82.0,27251.775,40844.868,21.883,22.184,22.184,,,TAGORE INDUSTRIAL AVENUE,10.029
tagore_industrial_avenue,Tagore Industrial Avenue,84.0,27253.444,40843.766,20.473,22.363,22.363,,,TAGORE INDUSTRIAL AVENUE,10.041
tagore_industrial_avenue,Tagore Industrial Avenue,86.0,27255.113,40842.663,21.197,22.542,22.542,,,TAGORE INDUSTRIAL AVENUE,10.056
tagore_industrial_avenue,Tagore Industrial Avenue,88.0,27256.79,40841.573,21.208,22.721,22.721,,,TAGORE INDUSTRIAL AVENUE,10.056
tagore_industrial_avenue,Tagore Industrial Avenue,90.0,27258.472,40840.492,21.529,22.9,22.744,,,TAGORE INDUSTRIAL AVENUE,10.045
tagore_industrial_avenue,Tagore Industrial Avenue,92.0,27260.155,40839.411,23.079,22.822,22.744,,,TAGORE INDUSTRIAL AVENUE,10.033
tagore_industrial_avenue,Tagore Industrial Avenue,94.0,27261.838,40838.33,22.686,22.744,22.744,,,TAGORE INDUSTRIAL AVENUE,10.022
tagore_industrial_avenue,Tagore Industrial Avenue,96.0,27263.521,40837.249,23.629,22.505,22.505,,,TAGORE INDUSTRIAL AVENUE,10.011
tagore_industrial_avenue,Tagore Industrial Avenue,98.0,27265.204,40836.169,24.026,22.265,22.265,,,TAGORE INDUSTRIAL AVENUE,9.999
tagore_industrial_avenue,Tagore Industrial Avenue,100.0,27266.886,40835.088,23.165,22.026,22.026,,,TAGORE INDUSTRIAL AVENUE,9.988
tagore_industrial_avenue,Tagore Industrial Avenue,102.0,27268.569,40834.007,21.202,21.786,21.786,,,TAGORE INDUSTRIAL AVENUE,9.977
tagore_industrial_avenue,Tagore Industrial Avenue,104.0,27270.252,40832.926,21.067,21.547,21.547,,,TAGORE INDUSTRIAL AVENUE,9.965
tagore_industrial_avenue,Tagore Industrial Avenue,106.0,27271.935,40831.845,21.307,21.307,21.547,,,TAGORE INDUSTRIAL AVENUE,9.954
tagore_industrial_avenue,Tagore Industrial Avenue,108.0,27273.618,40830.764,21.237,21.451,21.547,,,TAGORE INDUSTRIAL AVENUE,9.943
tagore_industrial_avenue,Tagore Industrial Avenue,110.0,27275.3,40829.684,21.462,21.683,21.683,,,TAGORE INDUSTRIAL AVENUE,9.931
tagore_industrial_avenue,Tagore Industrial Avenue,112.0,27276.983,40828.603,21.437,21.916,21.916,,,TAGORE INDUSTRIAL AVENUE,9.92
tagore_industrial_avenue,Tagore Industrial Avenue,114.0,27278.666,40827.522,22.347,22.193,22.193,,,TAGORE INDUSTRIAL AVENUE,9.909
tagore_industrial_avenue,Tagore Industrial Avenue,116.0,27280.349,40826.441,22.932,22.471,22.471,,,TAGORE INDUSTRIAL AVENUE,9.815
tagore_industrial_avenue,Tagore Industrial Avenue,118.0,27281.997,40825.31,24.092,22.748,22.748,,,TAGORE INDUSTRIAL AVENUE,9.701
tagore_industrial_avenue,Tagore Industrial Avenue,120.0,27283.608,40824.124,23.802,23.026,23.026,,,TAGORE INDUSTRIAL AVENUE,9.653
tagore_industrial_avenue,Tagore Industrial Avenue,122.0,27285.218,40822.939,23.357,23.303,23.303,,,TAGORE INDUSTRIAL AVENUE,9.605
tagore_industrial_avenue,Tagore Industrial Avenue,124.0,27286.829,40821.753,23.397,23.581,23.581,,,TAGORE INDUSTRIAL AVENUE,9.557
tagore_industrial_avenue,Tagore Industrial Avenue,126.0,27288.376,40820.49,24.457,23.859,23.663,,,TAGORE INDUSTRIAL AVENUE,9.578
tagore_industrial_avenue,Tagore Industrial Avenue,128.0,27289.857,40819.146,23.877,23.877,23.663,,,TAGORE INDUSTRIAL AVENUE,9.673
tagore_industrial_avenue,Tagore Industrial Avenue,130.0,27291.338,40817.802,24.877,23.663,23.663,,,TAGORE INDUSTRIAL AVENUE,9.768
tagore_industrial_avenue,Tagore Industrial Avenue,132.0,27292.819,40816.458,23.727,23.449,23.449,,,TAGORE INDUSTRIAL AVENUE,9.863
tagore_industrial_avenue,Tagore Industrial Avenue,134.0,27294.223,40815.037,22.307,23.235,23.235,,,TAGORE INDUSTRIAL AVENUE,10.067
tagore_industrial_avenue,Tagore Industrial Avenue,136.0,27295.572,40813.56,22.4,23.021,23.021,,,TAGORE INDUSTRIAL AVENUE,10.348
tagore_industrial_avenue,Tagore Industrial Avenue,138.0,27296.921,40812.083,22.807,22.807,22.887,,,TAGORE INDUSTRIAL AVENUE,10.629
tagore_industrial_avenue,Tagore Industrial Avenue,140.0,27298.27,40810.607,22.847,22.847,22.887,,,TAGORE INDUSTRIAL AVENUE,10.911
tagore_industrial_avenue,Tagore Industrial Avenue,142.0,27299.619,40809.13,22.887,22.887,22.887,0.0,1.0,TAGORE INDUSTRIAL AVENUE,11.192
tagore_industrial_avenue,Tagore Industrial Avenue,144.0,27300.968,40807.653,22.927,22.927,22.887,-0.505,1.0,TAGORE INDUSTRIAL AVENUE,11.473
tagore_industrial_avenue,Tagore Industrial Avenue,146.0,27302.317,40806.177,22.997,22.997,22.887,-1.009,1.0,TAGORE INDUSTRIAL AVENUE,11.755
tagore_industrial_avenue,Tagore Industrial Avenue,148.0,27303.621,40804.661,22.65,22.852,22.852,-1.009,1.0,TAGORE INDUSTRIAL AVENUE,12.095
tagore_industrial_avenue,Tagore Industrial Avenue,150.0,27304.9,40803.123,22.707,22.707,22.807,-1.009,1.0,TAGORE INDUSTRIAL AVENUE,12.301
tagore_industrial_avenue,Tagore Industrial Avenue,152.0,27306.179,40801.586,22.757,22.757,22.807,0.355,1.0,TAGORE INDUSTRIAL AVENUE,11.806
tagore_industrial_avenue,Tagore Industrial Avenue,154.0,27307.458,40800.049,22.807,22.807,22.807,1.719,1.0,TAGORE INDUSTRIAL AVENUE,11.311
tagore_industrial_avenue,Tagore Industrial Avenue,156.0,27308.715,40798.495,22.869,22.869,22.869,2.344,1.0,TAGORE INDUSTRIAL AVENUE,10.843
tagore_industrial_avenue,Tagore Industrial Avenue,158.0,27309.801,40796.815,22.944,22.944,22.944,2.656,1.0,TAGORE INDUSTRIAL AVENUE,10.585
tagore_industrial_avenue,Tagore Industrial Avenue,160.0,27310.886,40795.135,22.994,22.994,22.994,2.986,1.0,TAGORE INDUSTRIAL AVENUE,10.326
tagore_industrial_avenue,Tagore Industrial Avenue,162.0,27311.971,40793.455,23.019,23.019,23.019,,,TAGORE INDUSTRIAL AVENUE,10.067
tagore_industrial_avenue,Tagore Industrial Avenue,164.0,27313.056,40791.775,23.108,23.108,23.108,,,TAGORE INDUSTRIAL AVENUE,9.809
tagore_industrial_avenue,Tagore Industrial Avenue,166.0,27314.035,40790.039,23.782,23.239,23.239,,,TAGORE INDUSTRIAL AVENUE,9.671
tagore_industrial_avenue,Tagore Industrial Avenue,168.0,27314.791,40788.188,23.782,23.37,23.239,2.327,1.0,TAGORE INDUSTRIAL AVENUE,9.783
tagore_industrial_avenue,Tagore Industrial Avenue,170.0,27315.548,40786.336,23.807,23.5,23.269,,,TAGORE INDUSTRIAL AVENUE,9.895
tagore_industrial_avenue,Tagore Industrial Avenue,172.0,27316.304,40784.485,23.219,23.219,23.294,,,TAGORE INDUSTRIAL AVENUE,9.932
tagore_industrial_avenue,Tagore Industrial Avenue,174.0,27317.061,40782.634,23.269,23.269,23.294,,,TAGORE INDUSTRIAL AVENUE,9.921
tagore_industrial_avenue,Tagore Industrial Avenue,176.0,27317.817,40780.782,23.294,23.294,23.294,0.625,1.0,TAGORE INDUSTRIAL AVENUE,9.91
tagore_industrial_avenue,Tagore Industrial Avenue,178.0,27318.574,40778.931,23.307,23.307,23.307,0.781,1.0,TAGORE INDUSTRIAL AVENUE,9.899
tagore_industrial_avenue,Tagore Industrial Avenue,180.0,27319.33,40777.08,23.344,23.344,23.344,1.172,1.0,TAGORE INDUSTRIAL AVENUE,9.887
tagore_industrial_avenue,Tagore Industrial Avenue,182.0,27320.087,40775.228,23.357,23.357,23.357,1.563,1.0,TAGORE INDUSTRIAL AVENUE,9.876
tagore_industrial_avenue,Tagore Industrial Avenue,184.0,27320.844,40773.377,23.388,23.388,23.388,,,TAGORE INDUSTRIAL AVENUE,9.865
tagore_industrial_avenue,Tagore Industrial Avenue,186.0,27321.6,40771.525,23.432,23.432,23.432,,,TAGORE INDUSTRIAL AVENUE,9.854
tagore_industrial_avenue,Tagore Industrial Avenue,188.0,27322.357,40769.674,24.182,23.618,23.618,,,TAGORE INDUSTRIAL AVENUE,9.842
tagore_industrial_avenue,Tagore Industrial Avenue,190.0,27323.113,40767.823,24.219,23.804,23.763,4.141,1.0,TAGORE INDUSTRIAL AVENUE,9.831
tagore_industrial_avenue,Tagore Industrial Avenue,192.0,27323.87,40765.971,24.319,23.991,23.763,,,TAGORE INDUSTRIAL AVENUE,9.82
tagore_industrial_avenue,Tagore Industrial Avenue,194.0,27324.609,40764.113,23.763,23.763,23.763,,,TAGORE INDUSTRIAL AVENUE,9.827
tagore_industrial_avenue,Tagore Industrial Avenue,196.0,27325.34,40762.251,23.744,23.744,23.763,,,TAGORE INDUSTRIAL AVENUE,9.844
tagore_industrial_avenue,Tagore Industrial Avenue,198.0,27326.071,40760.39,23.757,23.757,23.763,5.859,1.0,TAGORE INDUSTRIAL AVENUE,9.86
tagore_industrial_avenue,Tagore Industrial Avenue,200.0,27326.802,40758.528,24.057,24.057,24.057,5.859,1.0,TAGORE INDUSTRIAL AVENUE,9.877
tagore_industrial_avenue,Tagore Industrial Avenue,202.0,27327.533,40756.666,24.232,24.232,24.232,6.953,1.0,TAGORE INDUSTRIAL AVENUE,9.893
tagore_industrial_avenue,Tagore Industrial Avenue,204.0,27328.264,40754.805,24.319,24.319,24.232,3.75,1.0,TAGORE INDUSTRIAL AVENUE,9.91
tagore_industrial_avenue,Tagore Industrial Avenue,206.0,27329.007,40752.948,24.357,24.357,24.319,2.321,1.0,TAGORE INDUSTRIAL AVENUE,9.913
tagore_industrial_avenue,Tagore Industrial Avenue,208.0,27329.755,40751.093,24.207,24.207,24.357,3.675,1.0,TAGORE INDUSTRIAL AVENUE,9.91
tagore_industrial_avenue,Tagore Industrial Avenue,210.0,27330.503,40749.238,24.417,24.417,24.417,3.947,1.0,TAGORE INDUSTRIAL AVENUE,9.908
tagore_industrial_avenue,Tagore Industrial Avenue,212.0,27331.252,40747.384,24.526,24.526,24.526,4.219,1.0,TAGORE INDUSTRIAL AVENUE,9.906
tagore_industrial_avenue,Tagore Industrial Avenue,214.0,27332.0,40745.529,24.284,24.616,24.616,3.616,1.0,TAGORE INDUSTRIAL AVENUE,9.903
tagore_industrial_avenue,Tagore Industrial Avenue,216.0,27332.748,40743.674,24.707,24.707,24.694,2.653,1.0,TAGORE INDUSTRIAL AVENUE,9.901
tagore_industrial_avenue,Tagore Industrial Avenue,218.0,27333.497,40741.82,24.694,24.694,24.707,2.811,1.0,TAGORE INDUSTRIAL AVENUE,9.899
tagore_industrial_avenue,Tagore Industrial Avenue,220.0,27334.245,40739.965,24.738,24.738,24.738,2.969,1.0,TAGORE INDUSTRIAL AVENUE,9.896
tagore_industrial_avenue,Tagore Industrial Avenue,222.0,27334.993,40738.11,24.919,24.919,24.919,2.969,1.0,TAGORE INDUSTRIAL AVENUE,9.894
tagore_industrial_avenue,Tagore Industrial Avenue,224.0,27335.742,40736.255,24.932,24.932,24.932,3.125,1.0,TAGORE INDUSTRIAL AVENUE,9.892
tagore_industrial_avenue,Tagore Industrial Avenue,226.0,27336.49,40734.401,24.944,24.944,24.944,0.859,1.0,TAGORE INDUSTRIAL AVENUE,9.889
tagore_industrial_avenue,Tagore Industrial Avenue,228.0,27337.233,40732.544,24.988,24.988,24.988,1.175,1.0,TAGORE INDUSTRIAL AVENUE,9.893
tagore_industrial_avenue,Tagore Industrial Avenue,230.0,27337.948,40730.676,25.057,25.057,24.988,1.406,1.0,TAGORE INDUSTRIAL AVENUE,9.926
tagore_industrial_avenue,Tagore Industrial Avenue,232.0,27338.664,40728.808,25.1,25.1,25.026,1.406,1.0,TAGORE INDUSTRIAL AVENUE,9.972
tagore_industrial_avenue,Tagore Industrial Avenue,234.0,27339.38,40726.941,24.951,24.951,25.057,,,TAGORE INDUSTRIAL AVENUE,10.028
tagore_industrial_avenue,Tagore Industrial Avenue,236.0,27340.095,40725.073,25.026,25.026,25.1,,,TAGORE INDUSTRIAL AVENUE,10.084
tagore_industrial_avenue,Tagore Industrial Avenue,238.0,27340.811,40723.206,24.909,25.213,25.213,,,TAGORE INDUSTRIAL AVENUE,10.14
tagore_industrial_avenue,Tagore Industrial Avenue,240.0,27341.536,40721.342,24.792,25.4,25.4,,,TAGORE INDUSTRIAL AVENUE,10.185
tagore_industrial_avenue,Tagore Industrial Avenue,242.0,27342.321,40719.503,24.812,25.588,25.588,,,TAGORE INDUSTRIAL AVENUE,10.166
tagore_industrial_avenue,Tagore Industrial Avenue,244.0,27343.107,40717.663,25.142,25.783,25.783,,,TAGORE INDUSTRIAL AVENUE,10.146
tagore_industrial_avenue,Tagore Industrial Avenue,246.0,27343.892,40715.824,28.395,25.977,25.977,,,TAGORE INDUSTRIAL AVENUE,10.126
tagore_industrial_avenue,Tagore Industrial Avenue,248.0,27344.678,40713.985,28.42,26.172,26.172,,,TAGORE INDUSTRIAL AVENUE,10.107
tagore_industrial_avenue,Tagore Industrial Avenue,250.0,27345.464,40712.146,28.42,26.366,26.366,,,TAGORE INDUSTRIAL AVENUE,10.087
tagore_industrial_avenue,Tagore Industrial Avenue,252.0,27346.249,40710.306,28.484,26.561,26.561,,,TAGORE INDUSTRIAL AVENUE,10.067
tagore_industrial_avenue,Tagore Industrial Avenue,254.0,27347.01,40708.457,28.509,26.756,26.756,,,TAGORE INDUSTRIAL AVENUE,10.074
tagore_industrial_avenue,Tagore Industrial Avenue,256.0,27347.77,40706.607,25.328,26.95,26.95,,,TAGORE INDUSTRIAL AVENUE,10.083
tagore_industrial_avenue,Tagore Industrial Avenue,258.0,27348.529,40704.756,25.377,27.145,27.058,,,TAGORE INDUSTRIAL AVENUE,10.092
tagore_industrial_avenue,Tagore Industrial Avenue,260.0,27349.232,40702.884,25.442,27.34,27.058,,,TAGORE INDUSTRIAL AVENUE,10.161
tagore_industrial_avenue,Tagore Industrial Avenue,262.0,27349.924,40701.008,27.264,27.058,27.058,,,TAGORE INDUSTRIAL AVENUE,10.242
tagore_industrial_avenue,Tagore Industrial Avenue,264.0,27350.617,40699.131,26.442,26.776,26.776,,,TAGORE INDUSTRIAL AVENUE,10.322
tagore_industrial_avenue,Tagore Industrial Avenue,266.0,27351.309,40697.255,26.642,26.495,26.495,,,TAGORE INDUSTRIAL AVENUE,10.403
tagore_industrial_avenue,Tagore Industrial Avenue,268.0,27352.001,40695.379,25.867,26.213,26.213,,,TAGORE INDUSTRIAL AVENUE,10.484
tagore_industrial_avenue,Tagore Industrial Avenue,270.0,27352.789,40693.541,25.932,25.932,25.932,,,TAGORE INDUSTRIAL AVENUE,10.461
tagore_industrial_avenue,Tagore Industrial Avenue,272.0,27353.578,40691.703,25.889,25.889,25.932,,,TAGORE INDUSTRIAL AVENUE,10.438
tagore_industrial_avenue,Tagore Industrial Avenue,274.0,27354.367,40689.865,25.889,25.889,25.932,-0.536,1.0,TAGORE INDUSTRIAL AVENUE,10.415
tagore_industrial_avenue,Tagore Industrial Avenue,276.0,27355.155,40688.027,26.071,26.071,25.889,-2.191,1.0,TAGORE INDUSTRIAL AVENUE,10.392
tagore_industrial_avenue,Tagore Industrial Avenue,278.0,27355.944,40686.189,25.975,25.975,25.889,-3.846,1.0,TAGORE INDUSTRIAL AVENUE,10.369
tagore_industrial_avenue,Tagore Industrial Avenue,280.0,27356.836,40684.401,25.474,25.759,25.759,-3.311,1.0,TAGORE INDUSTRIAL AVENUE,10.232
tagore_industrial_avenue,Tagore Industrial Avenue,282.0,27357.781,40682.638,25.544,25.544,25.624,-3.311,1.0,TAGORE INDUSTRIAL AVENUE,10.036
tagore_industrial_avenue,Tagore Industrial Avenue,284.0,27358.726,40680.875,25.574,25.574,25.624,-1.419,1.0,TAGORE INDUSTRIAL AVENUE,9.84
tagore_industrial_avenue,Tagore Industrial Avenue,286.0,27359.67,40679.112,25.624,25.624,25.624,0.472,1.0,TAGORE INDUSTRIAL AVENUE,9.644
tagore_industrial_avenue,Tagore Industrial Avenue,288.0,27360.562,40677.331,25.693,25.693,25.662,,,TAGORE INDUSTRIAL AVENUE,9.503
tagore_industrial_avenue,Tagore Industrial Avenue,290.0,27360.931,40675.365,25.776,25.776,25.662,,,TAGORE INDUSTRIAL AVENUE,9.917
tagore_industrial_avenue,Tagore Industrial Avenue,292.0,27361.3,40673.4,26.783,25.662,25.662,,,TAGORE INDUSTRIAL AVENUE,10.331
tagore_industrial_avenue,Tagore Industrial Avenue,294.0,27361.669,40671.434,27.148,25.548,25.548,,,TAGORE INDUSTRIAL AVENUE,10.744
tagore_industrial_avenue,Tagore Industrial Avenue,316.0,27372.748,40652.878,25.277,25.434,25.434,,,TAGORE INDUSTRIAL AVENUE,8.154
tagore_industrial_avenue,Tagore Industrial Avenue,318.0,27373.939,40651.272,25.651,25.319,25.319,,,TAGORE INDUSTRIAL AVENUE,7.787
tagore_industrial_avenue,Tagore Industrial Avenue,320.0,27375.13,40649.666,25.594,25.205,25.205,,,TAGORE INDUSTRIAL AVENUE,7.42
tagore_industrial_avenue,Tagore Industrial Avenue,322.0,27376.322,40648.059,25.091,25.091,25.091,,,TAGORE INDUSTRIAL AVENUE,7.035
tagore_industrial_avenue,Tagore Industrial Avenue,324.0,27377.513,40646.453,25.041,25.041,25.091,,,TAGORE INDUSTRIAL AVENUE,6.607
tagore_industrial_avenue,Tagore Industrial Avenue,326.0,27378.705,40644.846,25.046,25.046,25.091,,,TAGORE INDUSTRIAL AVENUE,6.18
tagore_industrial_avenue,Tagore Industrial Avenue,328.0,27379.207,40642.991,24.063,25.116,25.116,,,TAGORE INDUSTRIAL AVENUE,6.482
tagore_industrial_avenue,Tagore Industrial Avenue,330.0,27379.316,40640.994,23.654,25.185,25.185,,,TAGORE INDUSTRIAL AVENUE,7.202
tagore_industrial_avenue,Tagore Industrial Avenue,332.0,27379.424,40638.997,24.114,25.255,25.255,,,TAGORE INDUSTRIAL AVENUE,7.923
tagore_industrial_avenue,Tagore Industrial Avenue,334.0,27379.532,40637.0,25.069,25.324,25.324,,,TAGORE INDUSTRIAL AVENUE,8.643
tagore_industrial_avenue,Tagore Industrial Avenue,336.0,27379.641,40635.003,26.223,25.393,25.393,,,TAGORE INDUSTRIAL AVENUE,9.363
tagore_industrial_avenue,Tagore Industrial Avenue,338.0,27379.77,40633.01,25.194,25.463,25.463,,,TAGORE INDUSTRIAL AVENUE,10.063
tagore_industrial_avenue,Tagore Industrial Avenue,340.0,27380.362,40631.1,25.912,25.532,25.463,,,TAGORE INDUSTRIAL AVENUE,10.306
tagore_industrial_avenue,Tagore Industrial Avenue,342.0,27380.954,40629.189,26.071,25.602,25.463,,,TAGORE INDUSTRIAL AVENUE,10.55
tagore_industrial_avenue,Tagore Industrial Avenue,344.0,27381.546,40627.279,25.671,25.398,25.398,,,TAGORE INDUSTRIAL AVENUE,10.793
tagore_industrial_avenue,Tagore Industrial Avenue,346.0,27382.473,40625.585,25.399,25.194,25.194,,,TAGORE INDUSTRIAL AVENUE,10.643
tagore_industrial_avenue,Tagore Industrial Avenue,348.0,27383.973,40624.262,24.99,24.99,24.99,,,TAGORE INDUSTRIAL AVENUE,9.817
tagore_industrial_avenue,Tagore Industrial Avenue,350.0,27385.473,40622.939,24.99,24.99,24.99,,,TAGORE INDUSTRIAL AVENUE,8.992
tagore_industrial_avenue,Tagore Industrial Avenue,352.0,27386.973,40621.616,24.755,24.755,24.99,,,TAGORE INDUSTRIAL AVENUE,8.167
tagore_industrial_avenue,Tagore Industrial Avenue,354.0,27388.473,40620.293,24.237,24.971,24.99,,,TAGORE INDUSTRIAL AVENUE,7.341
tagore_industrial_avenue,Tagore Industrial Avenue,356.0,27389.973,40618.97,26.126,25.186,25.186,,,TAGORE INDUSTRIAL AVENUE,6.516
tagore_industrial_avenue,Tagore Industrial Avenue,358.0,27391.473,40617.647,28.352,25.401,25.401,,,TAGORE INDUSTRIAL AVENUE,5.691
tagore_industrial_avenue,Tagore Industrial Avenue,360.0,27392.739,40616.113,25.522,25.616,25.548,,,TAGORE INDUSTRIAL AVENUE,5.165
tagore_industrial_avenue,Tagore Industrial Avenue,362.0,27393.908,40614.49,25.743,25.831,25.548,,,TAGORE INDUSTRIAL AVENUE,4.764
tagore_industrial_avenue,Tagore Industrial Avenue,364.0,27395.077,40612.867,26.046,25.548,25.548,,,TAGORE INDUSTRIAL AVENUE,4.363
tagore_industrial_avenue,Tagore Industrial Avenue,366.0,27396.23,40611.236,25.496,25.265,25.265,,,TAGORE INDUSTRIAL AVENUE,3.981
tagore_industrial_avenue,Tagore Industrial Avenue,368.0,27396.935,40609.364,26.125,24.982,24.982,,,TAGORE INDUSTRIAL AVENUE,4.106
tagore_industrial_avenue,Tagore Industrial Avenue,370.0,27397.64,40607.492,27.357,24.698,24.698,,,TAGORE INDUSTRIAL AVENUE,4.231
tagore_industrial_avenue,Tagore Industrial Avenue,372.0,27398.344,40605.621,26.739,24.409,24.409,,,TAGORE INDUSTRIAL AVENUE,4.356
tagore_industrial_avenue,Tagore Industrial Avenue,374.0,27399.049,40603.749,25.768,24.121,24.121,,,TAGORE INDUSTRIAL AVENUE,4.48
tagore_industrial_avenue,Tagore Industrial Avenue,376.0,27399.754,40601.877,24.254,23.832,23.832,,,TAGORE INDUSTRIAL AVENUE,4.605
tagore_industrial_avenue,Tagore Industrial Avenue,378.0,27400.434,40600.0,24.254,23.543,23.543,,,TAGORE INDUSTRIAL AVENUE,4.755
tagore_industrial_avenue,Tagore Industrial Avenue,380.0,27400.576,40598.005,22.451,23.254,23.254,,,TAGORE INDUSTRIAL AVENUE,5.443
tagore_industrial_avenue,Tagore Industrial Avenue,382.0,27400.719,40596.01,22.435,22.965,22.965,,,TAGORE INDUSTRIAL AVENUE,6.132
tagore_industrial_avenue,Tagore Industrial Avenue,384.0,27400.861,40594.015,22.375,22.676,22.676,,,TAGORE INDUSTRIAL AVENUE,6.821
tagore_industrial_avenue,Tagore Industrial Avenue,386.0,27401.003,40592.02,22.388,22.388,22.676,,,TAGORE INDUSTRIAL AVENUE,7.509
tagore_industrial_avenue,Tagore Industrial Avenue,388.0,27401.145,40590.025,22.771,22.644,22.676,,,TAGORE INDUSTRIAL AVENUE,8.198
tagore_industrial_avenue,Tagore Industrial Avenue,390.0,27401.394,40588.047,24.613,22.9,22.9,,,TAGORE INDUSTRIAL AVENUE,8.782
tagore_industrial_avenue,Tagore Industrial Avenue,392.0,27401.847,40586.099,25.844,23.156,23.156,,,TAGORE INDUSTRIAL AVENUE,9.168
tagore_industrial_avenue,Tagore Industrial Avenue,394.0,27402.299,40584.15,24.902,23.412,23.412,,,TAGORE INDUSTRIAL AVENUE,9.554
tagore_industrial_avenue,Tagore Industrial Avenue,396.0,27402.752,40582.202,25.856,23.668,23.668,,,TAGORE INDUSTRIAL AVENUE,9.941
tagore_industrial_avenue,Tagore Industrial Avenue,398.0,27403.351,40580.304,26.845,23.924,23.924,,,TAGORE INDUSTRIAL AVENUE,10.173
tagore_industrial_avenue,Tagore Industrial Avenue,400.0,27404.168,40578.478,26.36,24.18,24.18,,,TAGORE INDUSTRIAL AVENUE,10.176
tagore_industrial_avenue,Tagore Industrial Avenue,402.0,27404.985,40576.652,26.574,24.436,24.436,,,TAGORE INDUSTRIAL AVENUE,10.18
tagore_industrial_avenue,Tagore Industrial Avenue,404.0,27405.801,40574.827,26.11,24.692,24.692,,,TAGORE INDUSTRIAL AVENUE,10.184
tagore_industrial_avenue,Tagore Industrial Avenue,406.0,27406.618,40573.001,24.948,24.948,24.948,,,TAGORE INDUSTRIAL AVENUE,10.188
tagore_industrial_avenue,Tagore Industrial Avenue,408.0,27407.465,40571.189,24.37,25.187,25.187,,,TAGORE INDUSTRIAL AVENUE,10.159
tagore_industrial_avenue,Tagore Industrial Avenue,410.0,27408.312,40569.377,25.562,25.426,25.426,,,TAGORE INDUSTRIAL AVENUE,10.129
tagore_industrial_avenue,Tagore Industrial Avenue,412.0,27409.159,40567.566,26.116,25.665,25.55,,,TAGORE INDUSTRIAL AVENUE,10.1
tagore_industrial_avenue,Tagore Industrial Avenue,414.0,27410.006,40565.754,25.245,25.607,25.55,,,TAGORE INDUSTRIAL AVENUE,10.071
tagore_industrial_avenue,Tagore Industrial Avenue,416.0,27411.093,40564.102,26.396,25.55,25.55,,,TAGORE INDUSTRIAL AVENUE,9.757
tagore_industrial_avenue,Tagore Industrial Avenue,418.0,27412.435,40562.619,26.382,25.119,25.119,,,TAGORE INDUSTRIAL AVENUE,9.141
tagore_industrial_avenue,Tagore Industrial Avenue,420.0,27413.777,40561.136,26.293,24.689,24.689,,,TAGORE INDUSTRIAL AVENUE,8.525
tagore_industrial_avenue,Tagore Industrial Avenue,422.0,27415.119,40559.653,23.795,24.258,24.258,,,TAGORE INDUSTRIAL AVENUE,7.91
tagore_industrial_avenue,Tagore Industrial Avenue,424.0,27416.461,40558.169,24.474,23.828,23.828,,,TAGORE INDUSTRIAL AVENUE,7.294
tagore_industrial_avenue,Tagore Industrial Avenue,426.0,27417.803,40556.686,24.077,23.372,23.372,,,TAGORE INDUSTRIAL AVENUE,6.679
tagore_industrial_avenue,Tagore Industrial Avenue,428.0,27419.498,40557.069,21.121,22.917,22.917,,,TAGORE INDUSTRIAL AVENUE,4.975
tagore_industrial_avenue,Tagore Industrial Avenue,430.0,27421.29,40557.958,21.127,22.461,22.461,,,TAGORE INDUSTRIAL AVENUE,2.977
tagore_industrial_avenue,Tagore Industrial Avenue,432.0,27423.082,40558.846,21.327,22.005,22.005,,,TAGORE INDUSTRIAL AVENUE,0.978
tagore_industrial_avenue,Tagore Industrial Avenue,434.0,27424.874,40559.735,21.34,21.55,21.55,,,TAGORE INDUSTRIAL AVENUE,1.021
tagore_industrial_avenue,Tagore Industrial Avenue,436.0,27426.564,40560.701,21.094,21.094,21.342,,,TAGORE INDUSTRIAL AVENUE,2.958
tagore_industrial_avenue,Tagore Industrial Avenue,438.0,27426.943,40562.664,21.079,21.079,21.342,,,TAGORE INDUSTRIAL AVENUE,4.109
tagore_industrial_avenue,Tagore Industrial Avenue,440.0,27427.321,40564.628,21.174,21.342,21.342,,,TAGORE INDUSTRIAL AVENUE,5.26
tagore_industrial_avenue,Tagore Industrial Avenue,442.0,27427.7,40566.592,21.224,21.605,21.605,,,TAGORE INDUSTRIAL AVENUE,6.41
tagore_industrial_avenue,Tagore Industrial Avenue,444.0,27428.078,40568.556,21.174,22.37,22.37,,,TAGORE INDUSTRIAL AVENUE,7.561
tagore_industrial_avenue,Tagore Industrial Avenue,446.0,27427.529,40570.406,21.839,23.136,23.136,,,TAGORE INDUSTRIAL AVENUE,7.819
tagore_industrial_avenue,Tagore Industrial Avenue,448.0,27426.687,40572.22,27.141,23.901,23.901,,,TAGORE INDUSTRIAL AVENUE,7.795
tagore_industrial_avenue,Tagore Industrial Avenue,450.0,27425.845,40574.034,28.108,,24.666,,,TAGORE INDUSTRIAL AVENUE,7.77
tagore_industrial_avenue,Tagore Industrial Avenue,452.0,27425.002,40575.848,27.87,25.432,25.432,,,TAGORE INDUSTRIAL AVENUE,7.746
tagore_industrial_avenue,Tagore Industrial Avenue,454.0,27424.16,40577.662,29.995,26.197,26.197,,,TAGORE INDUSTRIAL AVENUE,7.722
tagore_industrial_avenue,Tagore Industrial Avenue,456.0,27423.339,40579.485,27.554,26.962,26.962,,,TAGORE INDUSTRIAL AVENUE,7.721
tagore_industrial_avenue,Tagore Industrial Avenue,458.0,27422.521,40581.31,29.425,27.728,27.728,,,TAGORE INDUSTRIAL AVENUE,7.723
tagore_industrial_avenue,Tagore Industrial Avenue,460.0,27421.703,40583.136,27.321,27.902,27.902,,,TAGORE INDUSTRIAL AVENUE,7.726
tagore_industrial_avenue,Tagore Industrial Avenue,462.0,27420.885,40584.961,29.875,28.076,28.076,,,TAGORE INDUSTRIAL AVENUE,7.728
tagore_industrial_avenue,Tagore Industrial Avenue,464.0,27420.067,40586.786,28.315,28.251,28.251,,,TAGORE INDUSTRIAL AVENUE,7.731
tagore_industrial_avenue,Tagore Industrial Avenue,466.0,27419.249,40588.611,28.271,28.425,28.425,,,TAGORE INDUSTRIAL AVENUE,7.734
tagore_industrial_avenue,Tagore Industrial Avenue,468.0,27418.417,40590.429,28.599,28.599,28.565,,,TAGORE INDUSTRIAL AVENUE,7.72
tagore_industrial_avenue,Tagore Industrial Avenue,470.0,27417.574,40592.243,28.565,28.565,28.599,,,TAGORE INDUSTRIAL AVENUE,7.696
tagore_industrial_avenue,Tagore Industrial Avenue,472.0,27416.732,40594.057,29.158,29.075,29.075,,,TAGORE INDUSTRIAL AVENUE,7.672
tagore_industrial_avenue,Tagore Industrial Avenue,474.0,27415.89,40595.872,24.576,29.584,29.584,,,TAGORE INDUSTRIAL AVENUE,7.648
tagore_industrial_avenue,Tagore Industrial Avenue,476.0,27415.048,40597.686,25.062,30.093,30.093,,,TAGORE INDUSTRIAL AVENUE,7.624
tagore_industrial_avenue,Tagore Industrial Avenue,478.0,27414.206,40599.5,23.626,,30.603,,,TAGORE INDUSTRIAL AVENUE,7.6
tagore_industrial_avenue,Tagore Industrial Avenue,480.0,27413.364,40601.314,23.643,31.112,31.112,,,TAGORE INDUSTRIAL AVENUE,7.576
tagore_industrial_avenue,Tagore Industrial Avenue,482.0,27412.522,40603.128,25.859,31.621,31.621,,,TAGORE INDUSTRIAL AVENUE,7.552
tagore_industrial_avenue,Tagore Industrial Avenue,484.0,27411.68,40604.942,29.212,32.131,32.131,,,TAGORE INDUSTRIAL AVENUE,7.528
tagore_industrial_avenue,Tagore Industrial Avenue,486.0,27410.838,40606.756,33.918,32.64,32.64,,,TAGORE INDUSTRIAL AVENUE,7.504
tagore_industrial_avenue,Tagore Industrial Avenue,488.0,27409.996,40608.57,33.149,32.759,32.724,,,TAGORE INDUSTRIAL AVENUE,7.48
tagore_industrial_avenue,Tagore Industrial Avenue,490.0,27409.154,40610.384,32.877,32.877,32.724,,,TAGORE INDUSTRIAL AVENUE,7.456
tagore_industrial_avenue,Tagore Industrial Avenue,492.0,27408.316,40612.2,29.236,32.724,32.724,,,TAGORE INDUSTRIAL AVENUE,7.437
tagore_industrial_avenue,Tagore Industrial Avenue,494.0,27407.509,40614.03,32.572,32.572,32.572,,,TAGORE INDUSTRIAL AVENUE,7.452
tagore_industrial_avenue,Tagore Industrial Avenue,496.0,27406.703,40615.86,32.28,32.28,32.28,,,TAGORE INDUSTRIAL AVENUE,7.467
tagore_industrial_avenue,Tagore Industrial Avenue,498.0,27405.896,40617.691,31.849,32.033,32.033,,,TAGORE INDUSTRIAL AVENUE,7.482
tagore_industrial_avenue,Tagore Industrial Avenue,500.0,27405.09,40619.521,32.196,31.786,31.786,,,TAGORE INDUSTRIAL AVENUE,7.497
tagore_industrial_avenue,Tagore Industrial Avenue,502.0,27404.283,40621.351,34.627,31.538,31.538,,,TAGORE INDUSTRIAL AVENUE,7.512
tagore_industrial_avenue,Tagore Industrial Avenue,504.0,27403.476,40623.181,34.884,31.291,31.291,,,TAGORE INDUSTRIAL AVENUE,7.527
tagore_industrial_avenue,Tagore Industrial Avenue,506.0,27402.691,40625.02,34.494,31.044,31.044,,,TAGORE INDUSTRIAL AVENUE,7.565
tagore_industrial_avenue,Tagore Industrial Avenue,508.0,27401.909,40626.861,32.19,30.797,30.797,,,TAGORE INDUSTRIAL AVENUE,7.607
tagore_industrial_avenue,Tagore Industrial Avenue,510.0,27401.127,40628.702,33.02,30.55,30.55,,,TAGORE INDUSTRIAL AVENUE,7.648
tagore_industrial_avenue,Tagore Industrial Avenue,512.0,27400.361,40630.549,33.001,30.302,30.302,,,TAGORE INDUSTRIAL AVENUE,7.707
tagore_industrial_avenue,Tagore Industrial Avenue,514.0,27399.595,40632.397,31.433,30.055,30.055,,,TAGORE INDUSTRIAL AVENUE,7.767
tagore_industrial_avenue,Tagore Industrial Avenue,516.0,27398.83,40634.245,30.669,29.808,29.808,,,TAGORE INDUSTRIAL AVENUE,7.827
tagore_industrial_avenue,Tagore Industrial Avenue,518.0,27398.064,40636.092,29.561,29.561,29.561,,,TAGORE INDUSTRIAL AVENUE,7.886
tagore_industrial_avenue,Tagore Industrial Avenue,520.0,27397.299,40637.94,29.252,29.522,29.522,,,TAGORE INDUSTRIAL AVENUE,7.946
tagore_industrial_avenue,Tagore Industrial Avenue,522.0,27396.533,40639.788,29.484,29.31,29.31,,,TAGORE INDUSTRIAL AVENUE,8.006
tagore_industrial_avenue,Tagore Industrial Avenue,524.0,27395.768,40641.635,29.518,29.035,29.035,,,TAGORE INDUSTRIAL AVENUE,8.065
tagore_industrial_avenue,Tagore Industrial Avenue,526.0,27395.002,40643.483,29.697,28.76,28.76,,,TAGORE INDUSTRIAL AVENUE,8.125
tagore_industrial_avenue,Tagore Industrial Avenue,528.0,27394.236,40645.331,25.512,28.464,28.464,,,TAGORE INDUSTRIAL AVENUE,8.184
tagore_industrial_avenue,Tagore Industrial Avenue,530.0,27393.471,40647.179,26.443,28.169,28.169,,,TAGORE INDUSTRIAL AVENUE,8.244
tagore_industrial_avenue,Tagore Industrial Avenue,532.0,27392.705,40649.026,27.46,27.874,27.874,,,TAGORE INDUSTRIAL AVENUE,8.304
tagore_industrial_avenue,Tagore Industrial Avenue,534.0,27391.94,40650.874,27.16,27.579,27.579,,,TAGORE INDUSTRIAL AVENUE,8.363
tagore_industrial_avenue,Tagore Industrial Avenue,536.0,27391.174,40652.722,27.328,27.283,27.283,,,TAGORE INDUSTRIAL AVENUE,8.423
tagore_industrial_avenue,Tagore Industrial Avenue,538.0,27390.409,40654.569,27.589,26.988,26.988,,,TAGORE INDUSTRIAL AVENUE,8.482
tagore_industrial_avenue,Tagore Industrial Avenue,540.0,27391.167,40656.317,26.648,26.789,26.789,,,TAGORE INDUSTRIAL AVENUE,9.909
tagore_industrial_avenue,Tagore Industrial Avenue,542.0,27392.167,40658.05,26.888,26.516,26.516,,,TAGORE INDUSTRIAL AVENUE,11.567
tagore_industrial_avenue,Tagore Industrial Avenue,1098.0,27670.06,41139.622,30.177,26.243,26.243,,,TAGORE INDUSTRIAL AVENUE,16.794
tagore_industrial_avenue,Tagore Industrial Avenue,1100.0,27671.059,41141.354,30.414,25.874,25.874,,,TAGORE INDUSTRIAL AVENUE,14.798
tagore_industrial_avenue,Tagore Industrial Avenue,1102.0,27672.059,41143.086,30.764,25.505,25.505,,,TAGORE INDUSTRIAL AVENUE,12.802
tagore_industrial_avenue,Tagore Industrial Avenue,1104.0,27673.058,41144.818,24.521,25.136,25.136,,,TAGORE INDUSTRIAL AVENUE,10.805
tagore_industrial_avenue,Tagore Industrial Avenue,1106.0,27674.058,41146.551,23.121,,24.767,,,TAGORE INDUSTRIAL AVENUE,8.809
tagore_industrial_avenue,Tagore Industrial Avenue,1108.0,27675.058,41148.283,24.555,,24.398,,,TAGORE INDUSTRIAL AVENUE,6.813
tagore_industrial_avenue,Tagore Industrial Avenue,1110.0,27676.057,41150.015,23.104,24.029,24.029,,,TAGORE INDUSTRIAL AVENUE,4.817
tagore_industrial_avenue,Tagore Industrial Avenue,1112.0,27677.057,41151.748,22.921,23.659,23.659,,,TAGORE INDUSTRIAL AVENUE,2.821
tagore_industrial_avenue,Tagore Industrial Avenue,1114.0,27678.056,41153.48,22.938,23.29,23.29,,,TAGORE INDUSTRIAL AVENUE,0.825
tagore_industrial_avenue,Tagore Industrial Avenue,1116.0,27679.056,41155.212,22.921,22.921,23.005,,,TAGORE INDUSTRIAL AVENUE,1.172
tagore_industrial_avenue,Tagore Industrial Avenue,1118.0,27680.056,41156.944,23.005,23.005,22.988,,,TAGORE INDUSTRIAL AVENUE,3.168
tagore_industrial_avenue,Tagore Industrial Avenue,1120.0,27678.522,41157.935,22.988,22.988,22.96,,,TAGORE INDUSTRIAL AVENUE,3.372
tagore_industrial_avenue,Tagore Industrial Avenue,1122.0,27676.746,41158.855,22.954,22.954,22.966,,,TAGORE INDUSTRIAL AVENUE,3.405
tagore_industrial_avenue,Tagore Industrial Avenue,1124.0,27674.97,41159.775,23.388,22.96,22.966,0.0,1.0,TAGORE INDUSTRIAL AVENUE,3.438
tagore_industrial_avenue,Tagore Industrial Avenue,1126.0,27673.194,41160.694,22.954,22.966,22.96,-0.764,1.0,TAGORE INDUSTRIAL AVENUE,3.471
tagore_industrial_avenue,Tagore Industrial Avenue,1128.0,27671.418,41161.614,22.971,22.971,22.96,,,TAGORE INDUSTRIAL AVENUE,3.504
tagore_industrial_avenue,Tagore Industrial Avenue,1130.0,27669.642,41162.534,22.905,22.905,22.905,,,TAGORE INDUSTRIAL AVENUE,3.536
tagore_industrial_avenue,Tagore Industrial Avenue,1132.0,27667.866,41163.453,22.905,22.905,22.905,,,TAGORE INDUSTRIAL AVENUE,3.569
tagore_industrial_avenue,Tagore Industrial Avenue,1134.0,27666.09,41164.373,22.888,22.888,22.905,3.125,1.0,TAGORE INDUSTRIAL AVENUE,3.602
tagore_industrial_avenue,Tagore Industrial Avenue,1136.0,27664.314,41165.293,23.371,23.096,23.096,4.219,1.0,TAGORE INDUSTRIAL AVENUE,3.635
tagore_industrial_avenue,Tagore Industrial Avenue,1138.0,27662.539,41166.213,23.304,23.304,23.154,,,TAGORE INDUSTRIAL AVENUE,3.668
tagore_industrial_avenue,Tagore Industrial Avenue,1140.0,27660.763,41167.132,23.154,23.154,23.242,,,TAGORE INDUSTRIAL AVENUE,3.701
tagore_industrial_avenue,Tagore Industrial Avenue,1142.0,27658.987,41168.052,22.955,23.242,23.275,,,TAGORE INDUSTRIAL AVENUE,3.734
tagore_industrial_avenue,Tagore Industrial Avenue,1144.0,27657.2,41168.951,23.33,23.33,23.242,,,TAGORE INDUSTRIAL AVENUE,3.743
tagore_industrial_avenue,Tagore Industrial Avenue,1146.0,27655.406,41169.836,23.755,23.275,23.242,,,TAGORE INDUSTRIAL AVENUE,3.737
tagore_industrial_avenue,Tagore Industrial Avenue,1148.0,27653.613,41170.72,22.804,23.221,23.221,-1.615,1.0,TAGORE INDUSTRIAL AVENUE,3.73
tagore_industrial_avenue,Tagore Industrial Avenue,1150.0,27651.819,41171.605,23.188,23.167,23.167,,,TAGORE INDUSTRIAL AVENUE,3.724
tagore_industrial_avenue,Tagore Industrial Avenue,1152.0,27650.025,41172.49,23.113,23.113,23.113,,,TAGORE INDUSTRIAL AVENUE,3.718
tagore_industrial_avenue,Tagore Industrial Avenue,1154.0,27648.232,41173.375,22.871,22.871,22.988,,,TAGORE INDUSTRIAL AVENUE,3.711
tagore_industrial_avenue,Tagore Industrial Avenue,1156.0,27646.438,41174.26,22.871,22.871,22.935,,,TAGORE INDUSTRIAL AVENUE,3.705
tagore_industrial_avenue,Tagore Industrial Avenue,1158.0,27644.644,41175.144,22.988,22.988,22.881,,,TAGORE INDUSTRIAL AVENUE,3.699
tagore_industrial_avenue,Tagore Industrial Avenue,1160.0,27642.851,41176.029,28.971,22.935,22.881,,,TAGORE INDUSTRIAL AVENUE,3.692
tagore_industrial_avenue,Tagore Industrial Avenue,1162.0,27641.057,41176.914,28.971,22.881,22.881,,,TAGORE INDUSTRIAL AVENUE,3.686
tagore_industrial_avenue,Tagore Industrial Avenue,1164.0,27639.264,41177.799,28.896,22.828,22.828,,,TAGORE INDUSTRIAL AVENUE,3.68
tagore_industrial_avenue,Tagore Industrial Avenue,1166.0,27637.47,41178.683,28.83,22.774,22.774,,,TAGORE INDUSTRIAL AVENUE,3.673
tagore_industrial_avenue,Tagore Industrial Avenue,1168.0,27635.676,41179.567,22.721,22.721,22.721,,,TAGORE INDUSTRIAL AVENUE,3.666
tagore_industrial_avenue,Tagore Industrial Avenue,1170.0,27633.88,41180.447,22.721,22.721,22.721,,,TAGORE INDUSTRIAL AVENUE,3.655
tagore_industrial_avenue,Tagore Industrial Avenue,1172.0,27632.084,41181.327,22.704,22.704,22.721,1.979,1.0,TAGORE INDUSTRIAL AVENUE,3.643
tagore_industrial_avenue,Tagore Industrial Avenue,1174.0,27630.288,41182.208,22.704,22.704,22.721,2.257,1.0,TAGORE INDUSTRIAL AVENUE,3.632
tagore_industrial_avenue,Tagore Industrial Avenue,1176.0,27628.492,41183.088,22.88,22.88,22.88,2.257,1.0,TAGORE INDUSTRIAL AVENUE,3.62
tagore_industrial_avenue,Tagore Industrial Avenue,1178.0,27626.696,41183.968,22.904,22.904,22.902,,,TAGORE INDUSTRIAL AVENUE,3.608
tagore_industrial_avenue,Tagore Industrial Avenue,1180.0,27624.9,41184.848,22.905,22.905,22.902,,,TAGORE INDUSTRIAL AVENUE,3.597
tagore_industrial_avenue,Tagore Industrial Avenue,1182.0,27622.958,41185.29,24.038,22.902,22.902,-0.069,1.0,TAGORE INDUSTRIAL AVENUE,3.128
tagore_industrial_avenue,Tagore Industrial Avenue,1184.0,27620.993,41185.664,23.154,22.899,22.899,,,TAGORE INDUSTRIAL AVENUE,2.588
tagore_industrial_avenue,Tagore Industrial Avenue,1186.0,27619.029,41186.038,22.896,22.896,22.896,,,TAGORE INDUSTRIAL AVENUE,2.048
tagore_industrial_avenue,Tagore Industrial Avenue,1188.0,27617.064,41186.412,22.971,22.717,22.717,,,TAGORE INDUSTRIAL AVENUE,1.508
tagore_industrial_avenue,Tagore Industrial Avenue,1190.0,27615.157,41186.977,22.538,22.538,22.604,-3.646,1.0,TAGORE INDUSTRIAL AVENUE,1.165
tagore_industrial_avenue,Tagore Industrial Avenue,1192.0,27613.316,41187.758,22.604,22.604,22.604,,,TAGORE INDUSTRIAL AVENUE,1.046
tagore_industrial_avenue,Tagore Industrial Avenue,1194.0,27611.475,41188.54,22.604,22.604,22.604,,,TAGORE INDUSTRIAL AVENUE,0.926
tagore_industrial_avenue,Tagore Industrial Avenue,1196.0,27609.634,41189.322,22.588,22.588,22.604,-0.208,1.0,TAGORE INDUSTRIAL AVENUE,0.806
tagore_industrial_avenue,Tagore Industrial Avenue,1198.0,27607.794,41190.103,22.921,22.654,22.604,-0.521,1.0,TAGORE INDUSTRIAL AVENUE,0.687
tagore_industrial_avenue,Tagore Industrial Avenue,1200.0,27605.953,41190.885,24.554,22.721,22.588,-0.521,1.0,TAGORE INDUSTRIAL AVENUE,0.567
tagore_industrial_avenue,Tagore Industrial Avenue,1202.0,27604.112,41191.667,22.521,22.521,22.563,-0.417,1.0,TAGORE INDUSTRIAL AVENUE,0.447
tagore_industrial_avenue,Tagore Industrial Avenue,1204.0,27602.271,41192.448,22.563,22.563,22.563,-0.312,1.0,TAGORE INDUSTRIAL AVENUE,0.328
tagore_industrial_avenue,Tagore Industrial Avenue,1206.0,27600.43,41193.23,22.563,22.563,22.563,0.937,1.0,TAGORE INDUSTRIAL AVENUE,0.208
tagore_industrial_avenue,Tagore Industrial Avenue,1208.0,27598.589,41194.012,22.563,22.563,22.563,1.771,1.0,TAGORE INDUSTRIAL AVENUE,0.088
tagore_industrial_avenue,Tagore Industrial Avenue,1210.0,27596.748,41194.793,22.638,22.638,22.638,1.771,1.0,TAGORE INDUSTRIAL AVENUE,0.031
tagore_industrial_avenue,Tagore Industrial Avenue,1212.0,27594.907,41195.575,22.721,22.721,22.704,1.979,1.0,TAGORE INDUSTRIAL AVENUE,0.151
tagore_industrial_avenue,Tagore Industrial Avenue,1214.0,27593.066,41196.357,22.721,22.721,22.704,1.042,1.0,TAGORE INDUSTRIAL AVENUE,0.271
tagore_industrial_avenue,Tagore Industrial Avenue,1216.0,27591.225,41197.138,22.704,22.704,22.721,,,TAGORE INDUSTRIAL AVENUE,0.39
tagore_industrial_avenue,Tagore Industrial Avenue,1218.0,27589.422,41198.001,22.704,22.704,22.721,,,TAGORE INDUSTRIAL AVENUE,0.421
tagore_industrial_avenue,Tagore Industrial Avenue,1220.0,27587.633,41198.896,22.448,22.941,22.941,,,TAGORE INDUSTRIAL AVENUE,0.416
tagore_industrial_avenue,Tagore Industrial Avenue,1222.0,27585.845,41199.791,22.423,23.178,23.178,,,TAGORE INDUSTRIAL AVENUE,0.411
tagore_industrial_avenue,Tagore Industrial Avenue,1224.0,27584.056,41200.686,22.398,23.503,23.503,,,TAGORE INDUSTRIAL AVENUE,0.406
tagore_industrial_avenue,Tagore Industrial Avenue,1226.0,27582.267,41201.581,26.296,23.828,23.828,,,TAGORE INDUSTRIAL AVENUE,0.401
tagore_industrial_avenue,Tagore Industrial Avenue,1228.0,27580.479,41202.476,26.338,24.152,24.152,,,TAGORE INDUSTRIAL AVENUE,0.396
tagore_industrial_avenue,Tagore Industrial Avenue,1230.0,27579.001,41203.807,25.913,24.477,24.152,,,TAGORE INDUSTRIAL AVENUE,0.139
tagore_industrial_avenue,Tagore Industrial Avenue,1232.0,27577.572,41205.206,25.821,24.213,24.152,,,TAGORE INDUSTRIAL AVENUE,0.755
tagore_industrial_avenue,Tagore Industrial Avenue,1234.0,27576.142,41206.604,24.888,23.949,23.949,,,TAGORE INDUSTRIAL AVENUE,1.37
tagore_industrial_avenue,Tagore Industrial Avenue,1236.0,27574.712,41208.003,23.346,23.685,23.685,,,TAGORE INDUSTRIAL AVENUE,1.986
tagore_industrial_avenue,Tagore Industrial Avenue,1238.0,27573.055,41209.058,23.421,23.421,23.421,,,TAGORE INDUSTRIAL AVENUE,2.193
tagore_industrial_avenue,Tagore Industrial Avenue,1240.0,27571.209,41209.826,23.404,23.168,23.168,,,TAGORE INDUSTRIAL AVENUE,2.058
tagore_industrial_avenue,Tagore Industrial Avenue,1242.0,27569.362,41210.594,24.08,22.914,22.914,,,TAGORE INDUSTRIAL AVENUE,1.924
tagore_industrial_avenue,Tagore Industrial Avenue,1244.0,27567.515,41211.362,25.554,22.661,22.661,,,TAGORE INDUSTRIAL AVENUE,1.998
tagore_industrial_avenue,Tagore Industrial Avenue,1246.0,27565.657,41212.042,22.155,22.408,22.408,,,TAGORE INDUSTRIAL AVENUE,2.954
tagore_industrial_avenue,Tagore Industrial Avenue,1248.0,27563.673,41211.789,22.155,22.155,22.155,,,TAGORE INDUSTRIAL AVENUE,3.04
tagore_industrial_avenue,Tagore Industrial Avenue,1250.0,27561.689,41211.535,22.155,22.155,22.155,,,TAGORE INDUSTRIAL AVENUE,3.125
tagore_industrial_avenue,Tagore Industrial Avenue,1252.0,27559.705,41211.282,22.155,22.155,22.155,0.0,1.0,TAGORE INDUSTRIAL AVENUE,3.21
tagore_industrial_avenue,Tagore Industrial Avenue,1254.0,27557.721,41211.028,22.138,22.138,22.155,-0.078,1.0,TAGORE INDUSTRIAL AVENUE,3.295
tagore_industrial_avenue,Tagore Industrial Avenue,1256.0,27556.397,41209.696,22.155,22.155,22.155,-0.078,1.0,TAGORE INDUSTRIAL AVENUE,2.206
tagore_industrial_avenue,Tagore Industrial Avenue,1258.0,27555.266,41208.046,22.155,22.155,22.148,-0.078,1.0,TAGORE INDUSTRIAL AVENUE,0.786
tagore_industrial_avenue,Tagore Industrial Avenue,1260.0,27554.136,41206.396,22.148,22.148,22.148,-0.078,1.0,TAGORE INDUSTRIAL AVENUE,0.731
tagore_industrial_avenue,Tagore Industrial Avenue,1262.0,27553.005,41204.747,22.148,22.148,22.148,-0.312,1.0,TAGORE INDUSTRIAL AVENUE,0.839
tagore_industrial_avenue,Tagore Industrial Avenue,1264.0,27551.875,41203.097,22.148,22.148,22.148,-0.625,1.0,TAGORE INDUSTRIAL AVENUE,0.947
tagore_industrial_avenue,Tagore Industrial Avenue,1266.0,27550.744,41201.447,22.123,22.123,22.123,-0.625,1.0,TAGORE INDUSTRIAL AVENUE,1.055
tagore_industrial_avenue,Tagore Industrial Avenue,1268.0,27549.614,41199.797,22.098,22.098,22.098,-0.937,1.0,TAGORE INDUSTRIAL AVENUE,1.162
tagore_industrial_avenue,Tagore Industrial Avenue,1270.0,27548.483,41198.147,22.098,22.098,22.098,-0.938,1.0,TAGORE INDUSTRIAL AVENUE,1.27
tagore_industrial_avenue,Tagore Industrial Avenue,1272.0,27547.353,41196.497,22.073,22.073,22.073,-0.625,1.0,TAGORE INDUSTRIAL AVENUE,1.378
tagore_industrial_avenue,Tagore Industrial Avenue,1274.0,27546.222,41194.847,22.048,22.048,22.048,-0.625,1.0,TAGORE INDUSTRIAL AVENUE,1.486
tagore_industrial_avenue,Tagore Industrial Avenue,1276.0,27545.092,41193.198,22.048,22.048,22.048,-0.313,1.0,TAGORE INDUSTRIAL AVENUE,1.594
tagore_industrial_avenue,Tagore Industrial Avenue,1278.0,27543.961,41191.548,22.048,22.048,22.048,0.0,1.0,TAGORE INDUSTRIAL AVENUE,1.702
tagore_industrial_avenue,Tagore Industrial Avenue,1280.0,27542.831,41189.898,22.048,22.048,22.048,0.0,1.0,TAGORE INDUSTRIAL AVENUE,1.81
tagore_industrial_avenue,Tagore Industrial Avenue,1282.0,27541.7,41188.248,22.048,22.048,22.048,-0.313,1.0,TAGORE INDUSTRIAL AVENUE,1.918
tagore_industrial_avenue,Tagore Industrial Avenue,1284.0,27540.57,41186.598,22.048,22.048,22.048,-0.313,1.0,TAGORE INDUSTRIAL AVENUE,2.026
tagore_industrial_avenue,Tagore Industrial Avenue,1286.0,27539.439,41184.948,22.023,22.023,22.023,-0.625,1.0,TAGORE INDUSTRIAL AVENUE,2.134
tagore_industrial_avenue,Tagore Industrial Avenue,1288.0,27538.309,41183.299,22.023,22.023,22.023,-0.625,1.0,TAGORE INDUSTRIAL AVENUE,2.242
tagore_industrial_avenue,Tagore Industrial Avenue,1290.0,27537.178,41181.649,21.998,21.998,21.998,-0.625,1.0,TAGORE INDUSTRIAL AVENUE,2.35
tagore_industrial_avenue,Tagore Industrial Avenue,1292.0,27536.048,41179.999,21.998,21.998,21.998,-0.625,1.0,TAGORE INDUSTRIAL AVENUE,2.458
tagore_industrial_avenue,Tagore Industrial Avenue,1294.0,27534.917,41178.349,21.973,21.973,21.973,-0.625,1.0,TAGORE INDUSTRIAL AVENUE,2.565
tagore_industrial_avenue,Tagore Industrial Avenue,1296.0,27533.787,41176.699,21.973,21.973,21.973,-0.703,1.0,TAGORE INDUSTRIAL AVENUE,2.673
tagore_industrial_avenue,Tagore Industrial Avenue,1298.0,27532.656,41175.049,21.948,21.948,21.948,-0.469,1.0,TAGORE INDUSTRIAL AVENUE,2.781
tagore_industrial_avenue,Tagore Industrial Avenue,1300.0,27531.526,41173.4,25.258,21.942,21.942,-0.469,1.0,TAGORE INDUSTRIAL AVENUE,2.889
tagore_industrial_avenue,Tagore Industrial Avenue,1302.0,27530.395,41171.75,25.258,21.936,21.936,-0.156,1.0,TAGORE INDUSTRIAL AVENUE,2.997
tagore_industrial_avenue,Tagore Industrial Avenue,1304.0,27529.265,41170.1,25.242,21.93,21.936,0.078,1.0,TAGORE INDUSTRIAL AVENUE,3.105
tagore_industrial_avenue,Tagore Industrial Avenue,1306.0,27528.134,41168.45,21.923,21.923,21.936,0.156,1.0,TAGORE INDUSTRIAL AVENUE,3.213
tagore_industrial_avenue,Tagore Industrial Avenue,1308.0,27527.004,41166.8,21.948,21.948,21.948,0.156,1.0,TAGORE INDUSTRIAL AVENUE,3.321
tagore_industrial_avenue,Tagore Industrial Avenue,1310.0,27525.873,41165.15,21.948,21.948,21.948,-0.469,1.0,TAGORE INDUSTRIAL AVENUE,3.429
tagore_industrial_avenue,Tagore Industrial Avenue,1312.0,27524.739,41163.503,21.948,21.948,21.948,-0.625,1.0,TAGORE INDUSTRIAL AVENUE,3.541
tagore_industrial_avenue,Tagore Industrial Avenue,1314.0,27523.602,41161.858,21.898,21.898,21.898,-0.937,1.0,TAGORE INDUSTRIAL AVENUE,3.657
tagore_industrial_avenue,Tagore Industrial Avenue,1316.0,27522.464,41160.213,21.898,21.898,21.898,-0.937,1.0,TAGORE INDUSTRIAL AVENUE,3.774
tagore_industrial_avenue,Tagore Industrial Avenue,1318.0,27521.326,41158.568,21.873,21.873,21.873,-0.312,1.0,TAGORE INDUSTRIAL AVENUE,3.89
tagore_industrial_avenue,Tagore Industrial Avenue,1320.0,27520.189,41156.923,21.798,21.798,21.873,,,TAGORE INDUSTRIAL AVENUE,4.007
tagore_industrial_avenue,Tagore Industrial Avenue,1322.0,27519.051,41155.278,21.798,21.798,21.873,,,TAGORE INDUSTRIAL AVENUE,4.123
tagore_industrial_avenue,Tagore Industrial Avenue,1324.0,27517.914,41153.633,21.748,21.95,21.95,,,TAGORE INDUSTRIAL AVENUE,4.24
tagore_industrial_avenue,Tagore Industrial Avenue,1326.0,27516.776,41151.988,21.773,22.101,22.101,,,TAGORE INDUSTRIAL AVENUE,4.356
tagore_industrial_avenue,Tagore Industrial Avenue,1328.0,27515.638,41150.343,21.798,22.178,22.178,,,TAGORE INDUSTRIAL AVENUE,4.473
tagore_industrial_avenue,Tagore Industrial Avenue,1330.0,27514.501,41148.698,23.817,22.254,22.254,,,TAGORE INDUSTRIAL AVENUE,4.59
tagore_industrial_avenue,Tagore Industrial Avenue,1332.0,27513.363,41147.053,23.817,22.331,22.331,,,TAGORE INDUSTRIAL AVENUE,4.706
tagore_industrial_avenue,Tagore Industrial Avenue,1334.0,27512.226,41145.408,23.867,22.407,22.407,,,TAGORE INDUSTRIAL AVENUE,4.823
tagore_industrial_avenue,Tagore Industrial Avenue,1336.0,27511.088,41143.763,23.867,22.484,22.484,,,TAGORE INDUSTRIAL AVENUE,4.939
tagore_industrial_avenue,Tagore Industrial Avenue,1338.0,27509.937,41142.128,23.85,22.56,22.56,,,TAGORE INDUSTRIAL AVENUE,5.072
tagore_industrial_avenue,Tagore Industrial Avenue,1340.0,27508.781,41140.496,26.908,22.637,22.637,,,TAGORE INDUSTRIAL AVENUE,5.211
tagore_industrial_avenue,Tagore Industrial Avenue,1342.0,27507.625,41138.863,26.891,22.713,22.713,,,TAGORE INDUSTRIAL AVENUE,5.349
tagore_industrial_avenue,Tagore Industrial Avenue,1344.0,27506.47,41137.231,26.908,22.79,22.79,,,TAGORE INDUSTRIAL AVENUE,5.488
tagore_industrial_avenue,Tagore Industrial Avenue,1346.0,27505.314,41135.599,26.858,22.866,22.866,,,TAGORE INDUSTRIAL AVENUE,5.627
tagore_industrial_avenue,Tagore Industrial Avenue,1348.0,27504.158,41133.967,26.758,22.943,22.943,,,TAGORE INDUSTRIAL AVENUE,5.766
tagore_industrial_avenue,Tagore Industrial Avenue,1350.0,27503.002,41132.335,21.698,23.019,23.019,,,TAGORE INDUSTRIAL AVENUE,5.904
tagore_industrial_avenue,Tagore Industrial Avenue,1352.0,27501.846,41130.703,21.723,23.243,23.243,,,TAGORE INDUSTRIAL AVENUE,6.043
tagore_industrial_avenue,Tagore Industrial Avenue,1354.0,27500.69,41129.07,21.723,23.466,23.466,,,TAGORE INDUSTRIAL AVENUE,6.182
tagore_industrial_avenue,Tagore Industrial Avenue,1356.0,27499.534,41127.438,21.898,23.69,23.69,,,TAGORE INDUSTRIAL AVENUE,6.321
tagore_industrial_avenue,Tagore Industrial Avenue,1358.0,27498.379,41125.806,21.848,23.913,23.913,,,TAGORE INDUSTRIAL AVENUE,6.459
tagore_industrial_avenue,Tagore Industrial Avenue,1360.0,27497.223,41124.174,23.85,24.136,24.136,,,TAGORE INDUSTRIAL AVENUE,6.598
tagore_industrial_avenue,Tagore Industrial Avenue,1362.0,27496.067,41122.542,24.594,24.36,24.36,,,TAGORE INDUSTRIAL AVENUE,6.737
tagore_industrial_avenue,Tagore Industrial Avenue,1364.0,27494.911,41120.909,24.619,24.583,24.583,,,TAGORE INDUSTRIAL AVENUE,6.876
tagore_industrial_avenue,Tagore Industrial Avenue,1366.0,27493.792,41119.253,24.806,24.806,24.806,,,TAGORE INDUSTRIAL AVENUE,6.97
tagore_industrial_avenue,Tagore Industrial Avenue,1368.0,27492.781,41117.528,25.294,24.975,24.975,,,TAGORE INDUSTRIAL AVENUE,6.937
tagore_industrial_avenue,Tagore Industrial Avenue,1370.0,27491.769,41115.803,21.748,25.143,24.975,0.429,1.0,TAGORE INDUSTRIAL AVENUE,6.904
tagore_industrial_avenue,Tagore Industrial Avenue,1372.0,27490.748,41114.083,26.806,24.992,24.975,,,TAGORE INDUSTRIAL AVENUE,6.883
tagore_industrial_avenue,Tagore Industrial Avenue,1374.0,27489.654,41112.409,24.841,24.841,24.841,,,TAGORE INDUSTRIAL AVENUE,6.947
tagore_industrial_avenue,Tagore Industrial Avenue,1376.0,27488.559,41110.735,25.604,24.714,24.714,,,TAGORE INDUSTRIAL AVENUE,7.012
tagore_industrial_avenue,Tagore Industrial Avenue,1378.0,27487.465,41109.061,25.659,24.421,24.421,,,TAGORE INDUSTRIAL AVENUE,7.076
tagore_industrial_avenue,Tagore Industrial Avenue,1380.0,27486.371,41107.387,24.459,24.129,24.129,,,TAGORE INDUSTRIAL AVENUE,7.14
tagore_industrial_avenue,Tagore Industrial Avenue,1382.0,27485.277,41105.713,24.268,23.821,23.821,,,TAGORE INDUSTRIAL AVENUE,7.204
tagore_industrial_avenue,Tagore Industrial Avenue,1384.0,27484.218,41104.016,24.23,23.513,23.513,,,TAGORE INDUSTRIAL AVENUE,7.226
tagore_industrial_avenue,Tagore Industrial Avenue,1386.0,27483.164,41102.317,23.05,23.206,23.206,,,TAGORE INDUSTRIAL AVENUE,7.244
tagore_industrial_avenue,Tagore Industrial Avenue,1388.0,27482.109,41100.617,21.85,,22.898,,,TAGORE INDUSTRIAL AVENUE,7.261
tagore_industrial_avenue,Tagore Industrial Avenue,1390.0,27481.055,41098.918,21.825,22.59,22.59,,,TAGORE INDUSTRIAL AVENUE,7.278
tagore_industrial_avenue,Tagore Industrial Avenue,1392.0,27480.002,41097.217,21.833,22.282,22.282,,,TAGORE INDUSTRIAL AVENUE,7.293
tagore_industrial_avenue,Tagore Industrial Avenue,1394.0,27478.96,41095.51,21.842,21.974,21.974,,,TAGORE INDUSTRIAL AVENUE,7.296
tagore_industrial_avenue,Tagore Industrial Avenue,1396.0,27477.918,41093.803,21.667,21.667,21.844,,,TAGORE INDUSTRIAL AVENUE,7.298
tagore_industrial_avenue,Tagore Industrial Avenue,1398.0,27476.877,41092.096,21.767,21.767,21.844,,,TAGORE INDUSTRIAL AVENUE,7.3
tagore_industrial_avenue,Tagore Industrial Avenue,1400.0,27475.835,41090.388,21.844,21.844,21.819,0.0,1.0,TAGORE INDUSTRIAL AVENUE,7.302
tagore_industrial_avenue,Tagore Industrial Avenue,1402.0,27474.793,41088.681,22.0,22.0,21.844,0.872,1.0,TAGORE INDUSTRIAL AVENUE,7.305
tagore_industrial_avenue,Tagore Industrial Avenue,1404.0,27473.751,41086.974,21.819,21.819,21.844,,,TAGORE INDUSTRIAL AVENUE,7.307
tagore_industrial_avenue,Tagore Industrial Avenue,1406.0,27472.715,41085.263,21.844,21.844,21.914,,,TAGORE INDUSTRIAL AVENUE,7.303
tagore_industrial_avenue,Tagore Industrial Avenue,1408.0,27471.714,41083.532,23.05,21.914,21.914,,,TAGORE INDUSTRIAL AVENUE,7.258
tagore_industrial_avenue,Tagore Industrial Avenue,1410.0,27470.713,41081.8,23.794,21.984,21.984,,,TAGORE INDUSTRIAL AVENUE,7.212
tagore_industrial_avenue,Tagore Industrial Avenue,1412.0,27469.713,41080.068,22.082,22.053,22.053,,,TAGORE INDUSTRIAL AVENUE,7.167
tagore_industrial_avenue,Tagore Industrial Avenue,1414.0,27468.714,41078.335,21.813,22.123,22.068,,,TAGORE INDUSTRIAL AVENUE,7.118
tagore_industrial_avenue,Tagore Industrial Avenue,1416.0,27467.716,41076.603,22.193,22.193,22.068,,,TAGORE INDUSTRIAL AVENUE,7.07
tagore_industrial_avenue,Tagore Industrial Avenue,1418.0,27466.717,41074.87,22.068,22.068,22.068,,,TAGORE INDUSTRIAL AVENUE,7.022
tagore_industrial_avenue,Tagore Industrial Avenue,1420.0,27465.719,41073.137,22.568,21.985,21.985,-2.075,1.0,TAGORE INDUSTRIAL AVENUE,6.974
tagore_industrial_avenue,Tagore Industrial Avenue,1422.0,27464.517,41071.589,22.118,21.902,21.902,,,TAGORE INDUSTRIAL AVENUE,7.196
tagore_industrial_avenue,Tagore Industrial Avenue,1424.0,27462.885,41070.432,21.819,21.819,21.902,,,TAGORE INDUSTRIAL AVENUE,7.989
tagore_industrial_avenue,Tagore Industrial Avenue,1426.0,27461.254,41069.276,22.5,21.894,21.902,,,TAGORE INDUSTRIAL AVENUE,8.781
tagore_industrial_avenue,Tagore Industrial Avenue,1428.0,27459.622,41068.119,23.369,21.968,21.968,,,TAGORE INDUSTRIAL AVENUE,9.574
tagore_industrial_avenue,Tagore Industrial Avenue,1430.0,27457.99,41066.963,21.113,22.043,22.043,,,TAGORE INDUSTRIAL AVENUE,10.366
tagore_industrial_avenue,Tagore Industrial Avenue,1432.0,27456.358,41065.806,20.826,22.118,22.118,,,TAGORE INDUSTRIAL AVENUE,11.159
tagore_industrial_avenue,Tagore Industrial Avenue,1434.0,27456.781,41063.927,21.241,22.193,22.193,,,TAGORE INDUSTRIAL AVENUE,9.821
tagore_industrial_avenue,Tagore Industrial Avenue,1436.0,27457.329,41062.004,22.267,22.267,22.194,,,TAGORE INDUSTRIAL AVENUE,8.353
tagore_industrial_avenue,Tagore Industrial Avenue,1438.0,27457.878,41060.081,22.257,22.257,22.194,,,TAGORE INDUSTRIAL AVENUE,6.884
tagore_industrial_avenue,Tagore Industrial Avenue,1440.0,27458.426,41058.157,22.461,22.194,22.194,,,TAGORE INDUSTRIAL AVENUE,5.416
tagore_industrial_avenue,Tagore Industrial Avenue,1442.0,27458.975,41056.234,22.308,22.132,22.132,,,TAGORE INDUSTRIAL AVENUE,3.947
tagore_industrial_avenue,Tagore Industrial Avenue,1444.0,27459.523,41054.311,21.999,21.893,21.893,,,TAGORE INDUSTRIAL AVENUE,2.479
tagore_industrial_avenue,Tagore Industrial Avenue,1446.0,27460.071,41052.387,21.146,21.654,21.654,,,TAGORE INDUSTRIAL AVENUE,1.011
tagore_industrial_avenue,Tagore Industrial Avenue,1448.0,27460.62,41050.464,21.146,21.415,21.415,,,TAGORE INDUSTRIAL AVENUE,0.458
tagore_industrial_avenue,Tagore Industrial Avenue,1450.0,27461.246,41048.849,21.176,21.176,21.176,,,TAGORE INDUSTRIAL AVENUE,1.832
tagore_industrial_avenue,Tagore Industrial Avenue,1452.0,27462.642,41050.282,21.156,21.156,21.156,,,TAGORE INDUSTRIAL AVENUE,2.28
tagore_industrial_avenue,Tagore Industrial Avenue,1454.0,27464.037,41051.714,21.136,21.136,21.156,,,TAGORE INDUSTRIAL AVENUE,2.727
tagore_industrial_avenue,Tagore Industrial Avenue,1456.0,27465.433,41053.147,21.146,21.146,21.156,,,TAGORE INDUSTRIAL AVENUE,3.175
tagore_industrial_avenue,Tagore Industrial Avenue,1458.0,27466.829,41054.579,22.166,21.207,21.207,2.062,1.0,TAGORE INDUSTRIAL AVENUE,3.622
tagore_industrial_avenue,Tagore Industrial Avenue,1460.0,27468.224,41056.012,21.966,21.269,21.269,2.187,1.0,TAGORE INDUSTRIAL AVENUE,4.069
tagore_industrial_avenue,Tagore Industrial Avenue,1462.0,27469.334,41057.665,21.331,21.331,21.321,,,TAGORE INDUSTRIAL AVENUE,4.158
tagore_industrial_avenue,Tagore Industrial Avenue,1464.0,27470.372,41059.375,21.321,21.321,21.331,,,TAGORE INDUSTRIAL AVENUE,4.155
tagore_industrial_avenue,Tagore Industrial Avenue,1466.0,27471.409,41061.085,21.369,21.369,21.369,1.229,1.0,TAGORE INDUSTRIAL AVENUE,4.152
tagore_industrial_avenue,Tagore Industrial Avenue,1468.0,27472.446,41062.795,21.394,21.394,21.394,1.26,1.0,TAGORE INDUSTRIAL AVENUE,4.149
tagore_industrial_avenue,Tagore Industrial Avenue,1470.0,27473.483,41064.505,21.419,21.419,21.419,,,TAGORE INDUSTRIAL AVENUE,4.146
tagore_industrial_avenue,Tagore Industrial Avenue,1472.0,27474.52,41066.215,21.432,21.432,21.432,,,TAGORE INDUSTRIAL AVENUE,4.143
tagore_industrial_avenue,Tagore Industrial Avenue,1474.0,27475.525,41067.945,22.068,21.436,21.436,0.313,1.0,TAGORE INDUSTRIAL AVENUE,4.102
tagore_industrial_avenue,Tagore Industrial Avenue,1476.0,27476.527,41069.675,21.444,21.44,21.44,0.156,1.0,TAGORE INDUSTRIAL AVENUE,4.058
tagore_industrial_avenue,Tagore Industrial Avenue,1478.0,27477.529,41071.406,21.444,21.444,21.444,,,TAGORE INDUSTRIAL AVENUE,4.014
tagore_industrial_avenue,Tagore Industrial Avenue,1480.0,27478.531,41073.137,21.469,21.469,21.444,,,TAGORE INDUSTRIAL AVENUE,3.97
tagore_industrial_avenue,Tagore Industrial Avenue,1482.0,27479.581,41074.839,21.444,21.444,21.469,,,TAGORE INDUSTRIAL AVENUE,3.982
tagore_industrial_avenue,Tagore Industrial Avenue,1484.0,27480.647,41076.532,21.838,21.721,21.721,,,TAGORE INDUSTRIAL AVENUE,4.012
tagore_industrial_avenue,Tagore Industrial Avenue,1486.0,27481.712,41078.224,21.619,21.997,21.997,,,TAGORE INDUSTRIAL AVENUE,4.042
tagore_industrial_avenue,Tagore Industrial Avenue,1488.0,27482.778,41079.917,22.238,22.295,22.295,,,TAGORE INDUSTRIAL AVENUE,4.073
tagore_industrial_avenue,Tagore Industrial Avenue,1490.0,27483.843,41081.609,22.55,22.592,22.592,,,TAGORE INDUSTRIAL AVENUE,4.103
tagore_industrial_avenue,Tagore Industrial Avenue,1492.0,27484.909,41083.302,23.919,22.901,22.901,,,TAGORE INDUSTRIAL AVENUE,4.133
tagore_industrial_avenue,Tagore Industrial Avenue,1494.0,27485.974,41084.994,22.542,23.21,23.21,,,TAGORE INDUSTRIAL AVENUE,4.163
tagore_industrial_avenue,Tagore Industrial Avenue,1496.0,27487.04,41086.687,21.4,23.518,23.518,,,TAGORE INDUSTRIAL AVENUE,4.193
tagore_industrial_avenue,Tagore Industrial Avenue,1498.0,27488.105,41088.379,24.032,,23.827,,,TAGORE INDUSTRIAL AVENUE,4.224
tagore_industrial_avenue,Tagore Industrial Avenue,1500.0,27489.171,41090.072,24.225,,24.136,,,TAGORE INDUSTRIAL AVENUE,4.254
tagore_industrial_avenue,Tagore Industrial Avenue,1502.0,27490.236,41091.764,22.467,24.444,24.444,,,TAGORE INDUSTRIAL AVENUE,4.284
tagore_industrial_avenue,Tagore Industrial Avenue,1504.0,27491.302,41093.457,23.617,24.753,24.753,,,TAGORE INDUSTRIAL AVENUE,4.314
tagore_industrial_avenue,Tagore Industrial Avenue,1506.0,27492.368,41095.15,23.283,25.061,25.061,,,TAGORE INDUSTRIAL AVENUE,4.345
tagore_industrial_avenue,Tagore Industrial Avenue,1508.0,27493.433,41096.842,22.65,25.37,25.37,,,TAGORE INDUSTRIAL AVENUE,4.375
tagore_industrial_avenue,Tagore Industrial Avenue,1510.0,27494.323,41098.631,22.2,25.656,25.656,,,TAGORE INDUSTRIAL AVENUE,4.205
tagore_industrial_avenue,Tagore Industrial Avenue,1512.0,27495.187,41100.435,22.267,25.943,25.943,,,TAGORE INDUSTRIAL AVENUE,4.005
tagore_industrial_avenue,Tagore Industrial Avenue,1514.0,27496.052,41102.239,24.7,26.229,26.229,,,TAGORE INDUSTRIAL AVENUE,3.806
tagore_industrial_avenue,Tagore Industrial Avenue,1516.0,27496.916,41104.042,25.532,26.515,26.515,,,TAGORE INDUSTRIAL AVENUE,3.606
tagore_industrial_avenue,Tagore Industrial Avenue,1518.0,27497.78,41105.846,26.169,26.801,26.794,,,TAGORE INDUSTRIAL AVENUE,3.407
tagore_industrial_avenue,Tagore Industrial Avenue,1520.0,27498.644,41107.65,27.088,27.088,26.794,,,TAGORE INDUSTRIAL AVENUE,3.207
tagore_industrial_avenue,Tagore Industrial Avenue,1522.0,27499.508,41109.453,27.732,26.794,26.794,,,TAGORE INDUSTRIAL AVENUE,3.008
tagore_industrial_avenue,Tagore Industrial Avenue,1524.0,27500.373,41111.257,27.082,26.5,26.5,,,TAGORE INDUSTRIAL AVENUE,2.808
tagore_industrial_avenue,Tagore Industrial Avenue,1526.0,27501.237,41113.061,26.206,26.206,26.206,,,TAGORE INDUSTRIAL AVENUE,2.609
tagore_industrial_avenue,Tagore Industrial Avenue,1528.0,27502.101,41114.864,25.694,26.017,26.017,,,TAGORE INDUSTRIAL AVENUE,2.409
tagore_industrial_avenue,Tagore Industrial Avenue,1530.0,27502.965,41116.668,26.144,25.828,25.996,,,TAGORE INDUSTRIAL AVENUE,2.21
tagore_industrial_avenue,Tagore Industrial Avenue,1532.0,27503.829,41118.472,25.438,25.912,25.912,,,TAGORE INDUSTRIAL AVENUE,2.01
tagore_industrial_avenue,Tagore Industrial Avenue,1534.0,27504.694,41120.275,25.45,25.996,25.828,,,TAGORE INDUSTRIAL AVENUE,1.811
tagore_industrial_avenue,Tagore Industrial Avenue,1536.0,27505.558,41122.079,25.163,25.716,25.716,,,TAGORE INDUSTRIAL AVENUE,1.611
tagore_industrial_avenue,Tagore Industrial Avenue,1538.0,27506.422,41123.882,25.232,25.436,25.436,,,TAGORE INDUSTRIAL AVENUE,1.412
tagore_industrial_avenue,Tagore Industrial Avenue,1540.0,27507.286,41125.686,26.706,25.156,25.156,,,TAGORE INDUSTRIAL AVENUE,1.212
tagore_industrial_avenue,Tagore Industrial Avenue,1542.0,27508.176,41127.475,26.656,24.876,24.876,,,TAGORE INDUSTRIAL AVENUE,1.042
tagore_industrial_avenue,Tagore Industrial Avenue,1544.0,27509.275,41129.146,29.175,24.597,24.597,,,TAGORE INDUSTRIAL AVENUE,1.112
tagore_industrial_avenue,Tagore Industrial Avenue,1546.0,27510.374,41130.818,28.519,24.317,24.317,,,TAGORE INDUSTRIAL AVENUE,1.181
tagore_industrial_avenue,Tagore Industrial Avenue,1548.0,27511.472,41132.489,28.7,24.037,24.037,,,TAGORE INDUSTRIAL AVENUE,1.251
tagore_industrial_avenue,Tagore Industrial Avenue,1550.0,27512.571,41134.16,28.088,23.757,23.757,,,TAGORE INDUSTRIAL AVENUE,1.321
tagore_industrial_avenue,Tagore Industrial Avenue,1552.0,27513.67,41135.831,26.8,23.477,23.477,,,TAGORE INDUSTRIAL AVENUE,1.391
tagore_industrial_avenue,Tagore Industrial Avenue,1554.0,27514.769,41137.502,26.913,23.197,23.197,,,TAGORE INDUSTRIAL AVENUE,1.461
tagore_industrial_avenue,Tagore Industrial Avenue,1556.0,27515.868,41139.173,27.45,22.918,22.918,,,TAGORE INDUSTRIAL AVENUE,1.53
tagore_industrial_avenue,Tagore Industrial Avenue,1558.0,27516.966,41140.844,28.875,22.638,22.638,,,TAGORE INDUSTRIAL AVENUE,1.6
tagore_industrial_avenue,Tagore Industrial Avenue,1560.0,27518.065,41142.515,21.798,22.358,22.358,,,TAGORE INDUSTRIAL AVENUE,1.67
tagore_industrial_avenue,Tagore Industrial Avenue,1562.0,27519.164,41144.186,21.798,22.078,22.078,,,TAGORE INDUSTRIAL AVENUE,1.74
tagore_industrial_avenue,Tagore Industrial Avenue,1564.0,27520.263,41145.858,21.798,21.798,21.798,,,TAGORE INDUSTRIAL AVENUE,1.809
tagore_industrial_avenue,Tagore Industrial Avenue,1566.0,27521.362,41147.529,21.798,21.798,21.798,,,TAGORE INDUSTRIAL AVENUE,1.879
tagore_industrial_avenue,Tagore Industrial Avenue,1568.0,27522.461,41149.2,21.798,21.798,21.798,0.0,1.0,TAGORE INDUSTRIAL AVENUE,1.949
tagore_industrial_avenue,Tagore Industrial Avenue,1570.0,27523.559,41150.871,21.798,21.798,21.798,,,TAGORE INDUSTRIAL AVENUE,2.019
tagore_industrial_avenue,Tagore Industrial Avenue,1572.0,27524.658,41152.542,21.798,21.798,21.798,,,TAGORE INDUSTRIAL AVENUE,2.089
tagore_industrial_avenue,Tagore Industrial Avenue,1574.0,27525.757,41154.213,21.798,22.72,22.72,,,TAGORE INDUSTRIAL AVENUE,2.158
tagore_industrial_avenue,Tagore Industrial Avenue,1576.0,27526.856,41155.884,21.848,23.641,23.641,,,TAGORE INDUSTRIAL AVENUE,2.228
tagore_industrial_avenue,Tagore Industrial Avenue,1578.0,27527.955,41157.555,21.848,24.562,24.562,,,TAGORE INDUSTRIAL AVENUE,2.298
tagore_industrial_avenue,Tagore Industrial Avenue,1580.0,27529.053,41159.227,21.898,25.483,25.483,,,TAGORE INDUSTRIAL AVENUE,2.368
tagore_industrial_avenue,Tagore Industrial Avenue,1582.0,27530.152,41160.898,21.898,26.405,25.483,,,TAGORE INDUSTRIAL AVENUE,2.437
tagore_industrial_avenue,Tagore Industrial Avenue,1584.0,27531.251,41162.569,21.898,25.91,25.483,,,TAGORE INDUSTRIAL AVENUE,2.507
tagore_industrial_avenue,Tagore Industrial Avenue,1586.0,27532.35,41164.24,28.983,25.414,25.414,,,TAGORE INDUSTRIAL AVENUE,2.577
tagore_industrial_avenue,Tagore Industrial Avenue,1588.0,27533.449,41165.911,29.0,24.919,24.919,,,TAGORE INDUSTRIAL AVENUE,2.647
tagore_industrial_avenue,Tagore Industrial Avenue,1590.0,27534.547,41167.582,29.0,,24.424,,,TAGORE INDUSTRIAL AVENUE,2.717
tagore_industrial_avenue,Tagore Industrial Avenue,1592.0,27535.646,41169.253,29.0,,23.929,,,TAGORE INDUSTRIAL AVENUE,2.786
tagore_industrial_avenue,Tagore Industrial Avenue,1594.0,27536.745,41170.924,21.973,23.434,23.434,,,TAGORE INDUSTRIAL AVENUE,2.856
tagore_industrial_avenue,Tagore Industrial Avenue,1596.0,27537.844,41172.595,22.036,22.939,22.939,,,TAGORE INDUSTRIAL AVENUE,2.926
tagore_industrial_avenue,Tagore Industrial Avenue,1598.0,27538.943,41174.267,21.948,22.443,22.443,,,TAGORE INDUSTRIAL AVENUE,2.996
tagore_industrial_avenue,Tagore Industrial Avenue,1600.0,27540.041,41175.938,21.948,21.948,21.998,,,TAGORE INDUSTRIAL AVENUE,3.065
tagore_industrial_avenue,Tagore Industrial Avenue,1602.0,27541.14,41177.609,21.973,21.973,21.998,,,TAGORE INDUSTRIAL AVENUE,3.135
tagore_industrial_avenue,Tagore Industrial Avenue,1604.0,27542.239,41179.28,21.998,21.998,21.998,1.875,1.0,TAGORE INDUSTRIAL AVENUE,3.205
tagore_industrial_avenue,Tagore Industrial Avenue,1606.0,27543.311,41180.968,21.998,21.998,21.998,2.5,1.0,TAGORE INDUSTRIAL AVENUE,3.243
tagore_industrial_avenue,Tagore Industrial Avenue,1608.0,27544.372,41182.664,22.148,22.148,22.148,2.5,1.0,TAGORE INDUSTRIAL AVENUE,3.268
tagore_industrial_avenue,Tagore Industrial Avenue,1610.0,27545.433,41184.359,22.198,22.198,22.198,,,TAGORE INDUSTRIAL AVENUE,3.293
tagore_industrial_avenue,Tagore Industrial Avenue,1612.0,27546.495,41186.054,22.198,22.198,22.198,,,TAGORE INDUSTRIAL AVENUE,3.318
tagore_industrial_avenue,Tagore Industrial Avenue,1614.0,27547.556,41187.749,22.248,22.465,22.465,,,TAGORE INDUSTRIAL AVENUE,3.343
tagore_industrial_avenue,Tagore Industrial Avenue,1616.0,27549.177,41187.686,22.311,22.733,22.733,,,TAGORE INDUSTRIAL AVENUE,4.761
tagore_industrial_avenue,Tagore Industrial Avenue,1618.0,27551.022,41186.915,23.148,23.365,23.365,,,TAGORE INDUSTRIAL AVENUE,6.738
tagore_industrial_avenue,Tagore Industrial Avenue,1620.0,27552.868,41186.145,22.548,23.997,23.997,,,TAGORE INDUSTRIAL AVENUE,8.715
tagore_industrial_avenue,Tagore Industrial Avenue,1622.0,27554.714,41185.375,22.248,24.628,24.628,,,TAGORE INDUSTRIAL AVENUE,10.693
tagore_industrial_avenue,Tagore Industrial Avenue,1624.0,27556.559,41184.604,22.248,,25.26,,,TAGORE INDUSTRIAL AVENUE,12.67
tagore_industrial_avenue,Tagore Industrial Avenue,1626.0,27558.405,41183.834,24.998,25.892,25.892,,,TAGORE INDUSTRIAL AVENUE,14.647
tagore_industrial_avenue,Tagore Industrial Avenue,1628.0,27560.251,41183.064,27.748,26.524,26.524,,,TAGORE INDUSTRIAL AVENUE,16.624
tagore_industrial_avenue,Tagore Industrial Avenue,1630.0,27562.097,41182.293,31.873,27.156,27.156,,,TAGORE INDUSTRIAL AVENUE,18.601
tagore_industrial_avenue,Tagore Industrial Avenue,1632.0,27563.942,41181.523,27.248,27.788,27.788,,,TAGORE INDUSTRIAL AVENUE,20.578
tagore_industrial_avenue,Tagore Industrial Avenue,1634.0,27565.788,41180.753,27.348,28.078,28.078,,,TAGORE INDUSTRIAL AVENUE,22.555
tagore_industrial_avenue,Tagore Industrial Avenue,1636.0,27567.634,41179.982,31.636,28.368,28.368,,,TAGORE INDUSTRIAL AVENUE,24.532
tagore_industrial_avenue,Tagore Industrial Avenue,1638.0,27569.479,41179.212,26.536,28.658,28.658,,,TAGORE INDUSTRIAL AVENUE,26.124
tagore_industrial_avenue,Tagore Industrial Avenue,1640.0,27571.325,41178.442,28.948,28.948,28.948,,,TAGORE INDUSTRIAL AVENUE,25.992
tagore_industrial_avenue,Tagore Industrial Avenue,1642.0,27573.171,41177.671,28.648,29.219,29.219,,,TAGORE INDUSTRIAL AVENUE,25.86
tagore_industrial_avenue,Tagore Industrial Avenue,1644.0,27575.016,41176.901,29.423,29.49,29.49,,,TAGORE INDUSTRIAL AVENUE,25.728
tagore_industrial_avenue,Tagore Industrial Avenue,1646.0,27576.862,41176.131,29.761,29.761,29.739,,,TAGORE INDUSTRIAL AVENUE,25.596
tagore_industrial_avenue,Tagore Industrial Avenue,1648.0,27578.708,41175.36,32.298,29.75,29.739,,,TAGORE INDUSTRIAL AVENUE,25.464
tagore_industrial_avenue,Tagore Industrial Avenue,1650.0,27580.554,41174.59,30.473,29.739,29.739,,,TAGORE INDUSTRIAL AVENUE,25.332
tagore_industrial_avenue,Tagore Industrial Avenue,1652.0,27582.399,41173.82,32.398,29.728,29.728,,,TAGORE INDUSTRIAL AVENUE,25.2
tagore_industrial_avenue,Tagore Industrial Avenue,1654.0,27584.245,41173.049,29.098,29.717,29.717,,,TAGORE INDUSTRIAL AVENUE,25.068
tagore_industrial_avenue,Tagore Industrial Avenue,1656.0,27586.091,41172.279,29.448,29.706,29.706,,,TAGORE INDUSTRIAL AVENUE,24.936
tagore_industrial_avenue,Tagore Industrial Avenue,1658.0,27587.936,41171.509,29.148,29.695,29.695,,,TAGORE INDUSTRIAL AVENUE,24.804
tagore_industrial_avenue,Tagore Industrial Avenue,1660.0,27589.782,41170.738,29.848,29.505,29.505,,,TAGORE INDUSTRIAL AVENUE,24.672
tagore_industrial_avenue,Tagore Industrial Avenue,1662.0,27591.628,41169.968,31.723,29.314,29.314,,,TAGORE INDUSTRIAL AVENUE,24.54
tagore_industrial_avenue,Tagore Industrial Avenue,1664.0,27593.473,41169.198,32.711,29.244,29.244,,,TAGORE INDUSTRIAL AVENUE,24.408
tagore_industrial_avenue,Tagore Industrial Avenue,1666.0,27595.319,41168.427,29.323,29.174,29.174,,,TAGORE INDUSTRIAL AVENUE,24.276
tagore_industrial_avenue,Tagore Industrial Avenue,1668.0,27597.165,41167.657,27.573,29.104,29.104,,,TAGORE INDUSTRIAL AVENUE,24.144
tagore_industrial_avenue,Tagore Industrial Avenue,1670.0,27599.01,41166.887,25.648,29.034,29.034,,,TAGORE INDUSTRIAL AVENUE,24.012
tagore_industrial_avenue,Tagore Industrial Avenue,1672.0,27600.856,41166.116,25.548,28.964,28.964,,,TAGORE INDUSTRIAL AVENUE,23.88
tagore_industrial_avenue,Tagore Industrial Avenue,1674.0,27602.702,41165.346,24.236,28.893,28.893,,,TAGORE INDUSTRIAL AVENUE,23.748
tagore_industrial_avenue,Tagore Industrial Avenue,1676.0,27604.548,41164.576,23.498,28.823,28.823,,,TAGORE INDUSTRIAL AVENUE,23.616
tagore_industrial_avenue,Tagore Industrial Avenue,1678.0,27605.867,41163.626,23.861,28.753,28.753,,,TAGORE INDUSTRIAL AVENUE,23.88
tagore_industrial_avenue,Tagore Industrial Avenue,1680.0,27604.876,41161.888,24.448,28.683,28.683,,,TAGORE INDUSTRIAL AVENUE,25.876
tagore_industrial_avenue,Tagore Industrial Avenue,1682.0,27603.886,41160.151,24.473,28.613,28.613,,,TAGORE INDUSTRIAL AVENUE,27.873
tagore_industrial_avenue,Tagore Industrial Avenue,1684.0,27602.895,41158.413,23.773,28.543,28.613,,,TAGORE INDUSTRIAL AVENUE,29.87
tagore_industrial_avenue,Tagore Industrial Avenue,1686.0,27601.834,41156.72,25.948,28.473,28.613,,,TAGORE INDUSTRIAL AVENUE,31.859
tagore_industrial_avenue,Tagore Industrial Avenue,1688.0,27600.7,41155.073,27.323,28.697,28.697,,,TAGORE INDUSTRIAL AVENUE,33.839
tagore_industrial_avenue,Tagore Industrial Avenue,1690.0,27599.565,41153.426,27.248,28.922,28.922,,,TAGORE INDUSTRIAL AVENUE,35.818
tagore_industrial_avenue,Tagore Industrial Avenue,1692.0,27598.431,41151.779,27.248,29.848,29.848,,,TAGORE INDUSTRIAL AVENUE,37.798
tagore_industrial_avenue,Tagore Industrial Avenue,1694.0,27597.296,41150.132,27.636,30.774,30.774,,,TAGORE INDUSTRIAL AVENUE,39.778
tagore_industrial_avenue,Tagore Industrial Avenue,1696.0,27596.187,41148.468,29.186,31.7,31.7,,,TAGORE INDUSTRIAL AVENUE,41.762
tagore_industrial_avenue,Tagore Industrial Avenue,1698.0,27595.134,41146.768,28.561,,32.626,,,TAGORE INDUSTRIAL AVENUE,43.753
tagore_industrial_avenue,Tagore Industrial Avenue,1700.0,27594.081,41145.067,33.161,,33.552,,,TAGORE INDUSTRIAL AVENUE,45.745
tagore_industrial_avenue,Tagore Industrial Avenue,1702.0,27593.028,41143.367,33.298,34.478,34.478,,,TAGORE INDUSTRIAL AVENUE,47.736
tagore_industrial_avenue,Tagore Industrial Avenue,1704.0,27591.975,41141.667,33.423,35.404,35.404,,,TAGORE INDUSTRIAL AVENUE,49.727
tagore_industrial_avenue,Tagore Industrial Avenue,1706.0,27590.935,41139.959,38.671,36.33,36.33,,,TAGORE INDUSTRIAL AVENUE,51.72
tagore_industrial_avenue,Tagore Industrial Avenue,1708.0,27589.902,41138.246,40.936,37.256,37.256,,,TAGORE INDUSTRIAL AVENUE,53.713
tagore_industrial_avenue,Tagore Industrial Avenue,1710.0,27588.87,41136.533,42.761,37.308,37.256,,,TAGORE INDUSTRIAL AVENUE,55.707
tagore_industrial_avenue,Tagore Industrial Avenue,1712.0,27587.838,41134.82,42.711,37.359,37.256,,,TAGORE INDUSTRIAL AVENUE,57.7
tagore_industrial_avenue,Tagore Industrial Avenue,1714.0,27586.806,41133.107,35.954,37.004,37.004,,,TAGORE INDUSTRIAL AVENUE,59.694
tagore_industrial_avenue,Tagore Industrial Avenue,1716.0,27585.773,41131.394,,36.649,36.649,,,TAGORE INDUSTRIAL AVENUE,61.687
tagore_industrial_avenue,Tagore Industrial Avenue,1718.0,27585.685,41130.912,,36.141,36.141,,,TAGORE INDUSTRIAL AVENUE,62.158
tagore_industrial_avenue,Tagore Industrial Avenue,1720.0,27587.071,41132.353,,35.634,35.634,,,TAGORE INDUSTRIAL AVENUE,60.25
tagore_industrial_avenue,Tagore Industrial Avenue,1722.0,27588.457,41133.795,42.561,35.127,35.127,,,TAGORE INDUSTRIAL AVENUE,58.342
tagore_industrial_avenue,Tagore Industrial Avenue,1724.0,27589.844,41135.237,42.673,,34.874,,,TAGORE INDUSTRIAL AVENUE,56.434
tagore_industrial_avenue,Tagore Industrial Avenue,1726.0,27591.23,41136.678,43.411,,34.62,,,TAGORE INDUSTRIAL AVENUE,54.526
tagore_industrial_avenue,Tagore Industrial Avenue,1728.0,27592.616,41138.12,34.029,,34.367,,,TAGORE INDUSTRIAL AVENUE,52.618
tagore_industrial_avenue,Tagore Industrial Avenue,1730.0,27594.002,41139.562,32.754,,,,,TAGORE INDUSTRIAL AVENUE,50.71
tagore_industrial_avenue,Tagore Industrial Avenue,1732.0,27595.389,41141.003,33.486,,,,,TAGORE INDUSTRIAL AVENUE,48.801
tagore_industrial_avenue,Tagore Industrial Avenue,1734.0,27596.775,41142.445,31.698,,31.324,,,TAGORE INDUSTRIAL AVENUE,46.893
tagore_industrial_avenue,Tagore Industrial Avenue,1736.0,27598.161,41143.887,30.273,,31.07,,,TAGORE INDUSTRIAL AVENUE,44.985
tagore_industrial_avenue,Tagore Industrial Avenue,1738.0,27599.547,41145.328,30.198,,30.817,,,TAGORE INDUSTRIAL AVENUE,43.077
tagore_industrial_avenue,Tagore Industrial Avenue,1740.0,27600.933,41146.77,25.748,30.563,30.563,,,TAGORE INDUSTRIAL AVENUE,41.169
tagore_industrial_avenue,Tagore Industrial Avenue,1742.0,27602.32,41148.212,26.936,30.056,30.056,,,TAGORE INDUSTRIAL AVENUE,39.261
tagore_industrial_avenue,Tagore Industrial Avenue,1744.0,27603.706,41149.653,26.998,29.549,29.549,,,TAGORE INDUSTRIAL AVENUE,37.353
tagore_industrial_avenue,Tagore Industrial Avenue,1746.0,27605.092,41151.095,28.636,29.042,29.042,,,TAGORE INDUSTRIAL AVENUE,35.445
tagore_industrial_avenue,Tagore Industrial Avenue,1748.0,27606.478,41152.537,29.111,28.744,28.744,,,TAGORE INDUSTRIAL AVENUE,33.537
tagore_industrial_avenue,Tagore Industrial Avenue,1750.0,27607.864,41153.978,29.073,28.446,28.446,,,TAGORE INDUSTRIAL AVENUE,31.629
tagore_industrial_avenue,Tagore Industrial Avenue,1752.0,27609.251,41155.42,33.173,28.148,28.148,,,TAGORE INDUSTRIAL AVENUE,29.721
tagore_industrial_avenue,Tagore Industrial Avenue,1754.0,27610.637,41156.862,31.611,27.71,27.71,,,TAGORE INDUSTRIAL AVENUE,27.813
tagore_industrial_avenue,Tagore Industrial Avenue,1756.0,27612.023,41158.304,29.761,27.271,27.271,,,TAGORE INDUSTRIAL AVENUE,25.905
tagore_industrial_avenue,Tagore Industrial Avenue,1758.0,27613.409,41159.745,25.248,26.833,26.833,,,TAGORE INDUSTRIAL AVENUE,23.997
tagore_industrial_avenue,Tagore Industrial Avenue,1760.0,27614.795,41161.187,31.848,26.394,26.394,,,TAGORE INDUSTRIAL AVENUE,22.088
tagore_industrial_avenue,Tagore Industrial Avenue,1762.0,27616.182,41162.629,32.123,25.929,25.929,,,TAGORE INDUSTRIAL AVENUE,20.18
tagore_industrial_avenue,Tagore Industrial Avenue,1764.0,27617.568,41164.07,30.354,25.465,25.465,,,TAGORE INDUSTRIAL AVENUE,18.272
tagore_industrial_avenue,Tagore Industrial Avenue,1766.0,27618.954,41165.512,30.438,25.0,25.0,,,TAGORE INDUSTRIAL AVENUE,16.364
tagore_industrial_avenue,Tagore Industrial Avenue,1768.0,27620.34,41166.954,28.096,24.536,24.536,,,TAGORE INDUSTRIAL AVENUE,14.456
tagore_industrial_avenue,Tagore Industrial Avenue,1770.0,27621.726,41168.395,26.804,24.071,24.071,,,TAGORE INDUSTRIAL AVENUE,12.548
tagore_industrial_avenue,Tagore Industrial Avenue,1772.0,27623.113,41169.837,23.038,23.607,23.607,,,TAGORE INDUSTRIAL AVENUE,10.64
tagore_industrial_avenue,Tagore Industrial Avenue,1774.0,27624.499,41171.279,23.379,23.142,23.35,,,TAGORE INDUSTRIAL AVENUE,8.732
tagore_industrial_avenue,Tagore Industrial Avenue,1776.0,27625.885,41172.72,22.829,23.246,23.35,,,TAGORE INDUSTRIAL AVENUE,6.824
tagore_industrial_avenue,Tagore Industrial Avenue,1778.0,27625.22,41172.617,22.813,23.35,23.35,,,TAGORE INDUSTRIAL AVENUE,7.212
tagore_industrial_avenue,Tagore Industrial Avenue,1780.0,27623.451,41171.684,23.454,23.454,23.454,,,TAGORE INDUSTRIAL AVENUE,8.836
tagore_industrial_avenue,Tagore Industrial Avenue,1782.0,27621.682,41170.75,23.03,23.649,23.649,,,TAGORE INDUSTRIAL AVENUE,10.459
tagore_industrial_avenue,Tagore Industrial Avenue,1784.0,27619.913,41169.817,23.488,23.843,23.843,7.285,1.0,TAGORE INDUSTRIAL AVENUE,12.082
tagore_industrial_avenue,Tagore Industrial Avenue,1786.0,27618.144,41168.883,24.505,24.037,23.959,,,TAGORE INDUSTRIAL AVENUE,13.706
tagore_industrial_avenue,Tagore Industrial Avenue,1788.0,27616.376,41167.95,27.471,24.232,24.037,,,TAGORE INDUSTRIAL AVENUE,15.329
tagore_industrial_avenue,Tagore Industrial Avenue,1790.0,27614.607,41167.016,33.571,23.959,24.089,,,TAGORE INDUSTRIAL AVENUE,16.953
tagore_industrial_avenue,Tagore Industrial Avenue,1792.0,27612.838,41166.083,23.686,24.089,24.218,3.574,1.0,TAGORE INDUSTRIAL AVENUE,18.576
tagore_industrial_avenue,Tagore Industrial Avenue,1794.0,27611.069,41165.149,24.873,24.218,24.218,3.247,1.0,TAGORE INDUSTRIAL AVENUE,20.199
tagore_industrial_avenue,Tagore Industrial Avenue,1796.0,27609.301,41164.216,24.348,24.348,24.323,,,TAGORE INDUSTRIAL AVENUE,21.823
tagore_industrial_avenue,Tagore Industrial Avenue,1798.0,27607.532,41163.282,24.323,24.323,24.348,,,TAGORE INDUSTRIAL AVENUE,23.446
tagore_industrial_avenue,Tagore Industrial Avenue,1800.0,27605.763,41162.349,24.798,24.373,24.373,1.875,1.0,TAGORE INDUSTRIAL AVENUE,25.069
tagore_industrial_avenue,Tagore Industrial Avenue,1802.0,27603.994,41161.415,24.498,24.423,24.423,,,TAGORE INDUSTRIAL AVENUE,26.693
tagore_industrial_avenue,Tagore Industrial Avenue,1804.0,27602.225,41160.482,24.473,24.473,24.473,,,TAGORE INDUSTRIAL AVENUE,28.316
tagore_industrial_avenue,Tagore Industrial Avenue,1806.0,27600.457,41159.548,23.898,24.477,24.477,,,TAGORE INDUSTRIAL AVENUE,29.94
tagore_industrial_avenue,Tagore Industrial Avenue,1808.0,27598.688,41158.615,24.298,24.482,24.482,,,TAGORE INDUSTRIAL AVENUE,31.563
tagore_industrial_avenue,Tagore Industrial Avenue,1810.0,27596.919,41157.681,24.486,24.694,24.694,,,TAGORE INDUSTRIAL AVENUE,33.186
tagore_industrial_avenue,Tagore Industrial Avenue,1812.0,27595.15,41156.748,24.798,24.906,24.906,,,TAGORE INDUSTRIAL AVENUE,34.81
tagore_industrial_avenue,Tagore Industrial Avenue,1814.0,27593.382,41155.814,27.573,25.118,25.118,,,TAGORE INDUSTRIAL AVENUE,36.433
tagore_industrial_avenue,Tagore Industrial Avenue,1816.0,27591.613,41154.881,26.273,25.373,25.373,,,TAGORE INDUSTRIAL AVENUE,38.056
tagore_industrial_avenue,Tagore Industrial Avenue,1818.0,27589.844,41153.947,25.661,25.628,25.628,,,TAGORE INDUSTRIAL AVENUE,39.68
tagore_industrial_avenue,Tagore Industrial Avenue,1820.0,27588.075,41153.014,25.611,25.883,25.883,,,TAGORE INDUSTRIAL AVENUE,41.303
tagore_industrial_avenue,Tagore Industrial Avenue,1822.0,27586.307,41152.08,28.273,26.138,26.138,,,TAGORE INDUSTRIAL AVENUE,42.927
tagore_industrial_avenue,Tagore Industrial Avenue,1824.0,27584.538,41151.147,26.698,26.393,26.393,,,TAGORE INDUSTRIAL AVENUE,44.55
tagore_industrial_avenue,Tagore Industrial Avenue,1826.0,27582.769,41150.213,26.648,26.648,26.648,,,TAGORE INDUSTRIAL AVENUE,46.173
tagore_industrial_avenue,Tagore Industrial Avenue,1828.0,27581.0,41149.28,26.848,26.992,26.992,,,TAGORE INDUSTRIAL AVENUE,47.797
tagore_industrial_avenue,Tagore Industrial Avenue,1830.0,27579.231,41148.346,26.461,27.336,27.336,,,TAGORE INDUSTRIAL AVENUE,49.42
tagore_industrial_avenue,Tagore Industrial Avenue,1832.0,27577.463,41147.413,26.573,27.679,27.679,,,TAGORE INDUSTRIAL AVENUE,49.862
tagore_industrial_avenue,Tagore Industrial Avenue,1834.0,27575.694,41146.479,35.623,28.023,28.023,,,TAGORE INDUSTRIAL AVENUE,48.836
tagore_industrial_avenue,Tagore Industrial Avenue,1836.0,27573.925,41145.546,35.623,28.367,28.367,,,TAGORE INDUSTRIAL AVENUE,47.811
tagore_industrial_avenue,Tagore Industrial Avenue,1838.0,27572.156,41144.612,35.586,28.686,28.686,,,TAGORE INDUSTRIAL AVENUE,46.785
tagore_industrial_avenue,Tagore Industrial Avenue,1840.0,27570.388,41143.679,32.979,29.006,29.006,,,TAGORE INDUSTRIAL AVENUE,45.76
tagore_industrial_avenue,Tagore Industrial Avenue,1842.0,27568.619,41142.745,33.204,29.326,29.326,,,TAGORE INDUSTRIAL AVENUE,44.734
tagore_industrial_avenue,Tagore Industrial Avenue,1844.0,27566.85,41141.812,33.204,29.646,29.646,,,TAGORE INDUSTRIAL AVENUE,43.709
tagore_industrial_avenue,Tagore Industrial Avenue,1846.0,27565.081,41140.878,33.204,29.966,29.966,,,TAGORE INDUSTRIAL AVENUE,42.683
tagore_industrial_avenue,Tagore Industrial Avenue,1848.0,27563.312,41139.945,33.354,30.286,30.086,,,TAGORE INDUSTRIAL AVENUE,41.657
tagore_industrial_avenue,Tagore Industrial Avenue,1850.0,27561.544,41139.011,,30.605,30.086,,,TAGORE INDUSTRIAL AVENUE,40.632
tagore_industrial_avenue,Tagore Industrial Avenue,1852.0,27559.775,41138.078,,30.086,30.086,,,TAGORE INDUSTRIAL AVENUE,39.606
tagore_industrial_avenue,Tagore Industrial Avenue,1854.0,27558.006,41137.144,47.098,29.567,29.567,,,TAGORE INDUSTRIAL AVENUE,38.581
tagore_industrial_avenue,Tagore Industrial Avenue,1856.0,27556.237,41136.211,46.748,29.047,29.047,,,TAGORE INDUSTRIAL AVENUE,37.555
tagore_industrial_avenue,Tagore Industrial Avenue,1858.0,27554.469,41135.277,46.148,,28.528,,,TAGORE INDUSTRIAL AVENUE,36.53
tagore_industrial_avenue,Tagore Industrial Avenue,1860.0,27552.7,41134.343,24.448,,28.009,,,TAGORE INDUSTRIAL AVENUE,35.504
tagore_industrial_avenue,Tagore Industrial Avenue,1862.0,27550.931,41133.41,24.448,,27.489,,,TAGORE INDUSTRIAL AVENUE,34.478
tagore_industrial_avenue,Tagore Industrial Avenue,1864.0,27549.162,41132.476,25.823,26.97,26.97,,,TAGORE INDUSTRIAL AVENUE,33.453
tagore_industrial_avenue,Tagore Industrial Avenue,1866.0,27547.393,41131.543,25.923,26.451,26.451,,,TAGORE INDUSTRIAL AVENUE,32.427
tagore_industrial_avenue,Tagore Industrial Avenue,1868.0,27545.625,41130.609,24.836,25.931,25.931,,,TAGORE INDUSTRIAL AVENUE,31.402
tagore_industrial_avenue,Tagore Industrial Avenue,1870.0,27543.856,41129.676,38.497,25.412,25.412,,,TAGORE INDUSTRIAL AVENUE,30.376
tagore_industrial_avenue,Tagore Industrial Avenue,1872.0,27542.087,41128.742,36.414,25.156,25.156,,,TAGORE INDUSTRIAL AVENUE,29.351
tagore_industrial_avenue,Tagore Industrial Avenue,1874.0,27540.318,41127.809,39.797,24.901,24.901,,,TAGORE INDUSTRIAL AVENUE,28.325
tagore_industrial_avenue,Tagore Industrial Avenue,1876.0,27538.55,41126.875,40.097,24.645,24.645,,,TAGORE INDUSTRIAL AVENUE,27.299
tagore_industrial_avenue,Tagore Industrial Avenue,1878.0,27536.781,41125.942,34.905,24.389,24.389,,,TAGORE INDUSTRIAL AVENUE,26.274
tagore_industrial_avenue,Tagore Industrial Avenue,1880.0,27535.012,41125.008,36.38,24.133,24.133,,,TAGORE INDUSTRIAL AVENUE,25.248
tagore_industrial_avenue,Tagore Industrial Avenue,1882.0,27533.243,41124.075,32.089,23.878,23.878,,,TAGORE INDUSTRIAL AVENUE,24.223
tagore_industrial_avenue,Tagore Industrial Avenue,1884.0,27531.475,41123.141,25.148,23.622,23.622,,,TAGORE INDUSTRIAL AVENUE,23.197
tagore_industrial_avenue,Tagore Industrial Avenue,1886.0,27529.706,41122.208,23.061,23.366,23.366,,,TAGORE INDUSTRIAL AVENUE,22.172
tagore_industrial_avenue,Tagore Industrial Avenue,1888.0,27527.937,41121.274,23.111,23.111,23.111,,,TAGORE INDUSTRIAL AVENUE,21.146
tagore_industrial_avenue,Tagore Industrial Avenue,1890.0,27526.168,41120.341,22.873,22.873,22.923,,,TAGORE INDUSTRIAL AVENUE,20.12
tagore_industrial_avenue,Tagore Industrial Avenue,1892.0,27524.399,41119.407,23.273,22.898,22.923,-2.656,1.0,TAGORE INDUSTRIAL AVENUE,19.095
tagore_industrial_avenue,Tagore Industrial Avenue,1894.0,27522.631,41118.474,22.698,22.923,22.898,,,TAGORE INDUSTRIAL AVENUE,18.069
tagore_industrial_avenue,Tagore Industrial Avenue,1896.0,27520.862,41117.54,22.948,22.948,22.898,,,TAGORE INDUSTRIAL AVENUE,17.044
tagore_industrial_avenue,Tagore Industrial Avenue,1898.0,27519.093,41116.607,22.348,22.773,22.773,,,TAGORE INDUSTRIAL AVENUE,16.018
tagore_industrial_avenue,Tagore Industrial Avenue,1900.0,27517.324,41115.673,23.011,22.598,22.598,-5.938,1.0,TAGORE INDUSTRIAL AVENUE,14.993
tagore_industrial_avenue,Tagore Industrial Avenue,1902.0,27515.556,41114.74,23.298,22.423,22.423,,,TAGORE INDUSTRIAL AVENUE,13.967
tagore_industrial_avenue,Tagore Industrial Avenue,1904.0,27513.787,41113.806,22.248,22.248,22.423,,,TAGORE INDUSTRIAL AVENUE,12.941
tagore_industrial_avenue,Tagore Industrial Avenue,1906.0,27512.018,41112.873,22.248,22.411,22.423,,,TAGORE INDUSTRIAL AVENUE,11.916
tagore_industrial_avenue,Tagore Industrial Avenue,1908.0,27510.249,41111.939,22.198,22.698,22.698,,,TAGORE INDUSTRIAL AVENUE,10.89
tagore_industrial_avenue,Tagore Industrial Avenue,1910.0,27508.48,41111.006,22.898,22.986,22.756,,,TAGORE INDUSTRIAL AVENUE,9.865
tagore_industrial_avenue,Tagore Industrial Avenue,1912.0,27506.712,41110.072,31.188,22.871,22.756,,,TAGORE INDUSTRIAL AVENUE,8.839
tagore_industrial_avenue,Tagore Industrial Avenue,1914.0,27504.943,41109.139,26.238,22.756,22.756,,,TAGORE INDUSTRIAL AVENUE,7.814
tagore_industrial_avenue,Tagore Industrial Avenue,1916.0,27503.174,41108.205,26.55,22.641,22.641,,,TAGORE INDUSTRIAL AVENUE,6.788
tagore_industrial_avenue,Tagore Industrial Avenue,1918.0,27501.405,41107.272,26.492,22.526,22.526,,,TAGORE INDUSTRIAL AVENUE,5.762
tagore_industrial_avenue,Tagore Industrial Avenue,1920.0,27499.637,41106.338,25.6,22.411,22.411,,,TAGORE INDUSTRIAL AVENUE,4.737
tagore_industrial_avenue,Tagore Industrial Avenue,1922.0,27497.868,41105.405,26.606,22.296,22.296,,,TAGORE INDUSTRIAL AVENUE,3.711
tagore_industrial_avenue,Tagore Industrial Avenue,1924.0,27496.099,41104.471,25.25,22.181,22.181,,,TAGORE INDUSTRIAL AVENUE,2.686
tagore_industrial_avenue,Tagore Industrial Avenue,1926.0,27494.33,41103.538,25.181,22.066,22.066,,,TAGORE INDUSTRIAL AVENUE,1.66
tagore_industrial_avenue,Tagore Industrial Avenue,1928.0,27492.561,41102.604,24.094,21.951,21.951,,,TAGORE INDUSTRIAL AVENUE,0.635
tagore_industrial_avenue,Tagore Industrial Avenue,1930.0,27490.793,41101.671,25.174,21.836,21.836,,,TAGORE INDUSTRIAL AVENUE,0.391
tagore_industrial_avenue,Tagore Industrial Avenue,1932.0,27489.024,41100.737,25.249,21.722,21.722,,,TAGORE INDUSTRIAL AVENUE,1.417
tagore_industrial_avenue,Tagore Industrial Avenue,1934.0,27487.255,41099.804,23.174,21.607,21.722,,,TAGORE INDUSTRIAL AVENUE,2.442
tagore_industrial_avenue,Tagore Industrial Avenue,1936.0,27485.486,41098.87,21.492,21.492,21.722,,,TAGORE INDUSTRIAL AVENUE,3.468
tagore_industrial_avenue,Tagore Industrial Avenue,1938.0,27483.718,41097.937,21.783,21.783,21.783,,,TAGORE INDUSTRIAL AVENUE,4.493
tagore_industrial_avenue,Tagore Industrial Avenue,1940.0,27481.949,41097.003,21.8,21.8,21.8,1.606,1.0,TAGORE INDUSTRIAL AVENUE,5.519
tagore_industrial_avenue,Tagore Industrial Avenue,1942.0,27480.18,41096.07,21.817,21.817,21.817,2.708,1.0,TAGORE INDUSTRIAL AVENUE,6.545
tagore_industrial_avenue,Tagore Industrial Avenue,1944.0,27478.411,41095.136,21.85,21.85,21.85,,,TAGORE INDUSTRIAL AVENUE,7.57
tagore_industrial_avenue,Tagore Industrial Avenue,1946.0,27476.643,41094.203,22.0,22.0,22.0,,,TAGORE INDUSTRIAL AVENUE,8.596
tagore_industrial_avenue,Tagore Industrial Avenue,1948.0,27474.874,41093.269,21.85,22.149,22.149,,,TAGORE INDUSTRIAL AVENUE,9.621
tagore_industrial_avenue,Tagore Industrial Avenue,1950.0,27473.105,41092.336,21.856,22.298,22.298,,,TAGORE INDUSTRIAL AVENUE,10.647
tagore_industrial_avenue,Tagore Industrial Avenue,1952.0,27471.336,41091.402,22.075,22.555,22.555,,,TAGORE INDUSTRIAL AVENUE,11.672
tagore_industrial_avenue,Tagore Industrial Avenue,1954.0,27469.567,41090.469,22.575,22.812,22.812,,,TAGORE INDUSTRIAL AVENUE,12.698
tagore_industrial_avenue,Tagore Industrial Avenue,1956.0,27467.799,41089.535,24.044,23.068,23.068,,,TAGORE INDUSTRIAL AVENUE,13.724
tagore_industrial_avenue,Tagore Industrial Avenue,1958.0,27466.03,41088.602,23.925,23.325,23.325,,,TAGORE INDUSTRIAL AVENUE,14.749
tagore_industrial_avenue,Tagore Industrial Avenue,1960.0,27464.261,41087.668,26.387,23.582,23.582,,,TAGORE INDUSTRIAL AVENUE,15.775
tagore_industrial_avenue,Tagore Industrial Avenue,1962.0,27462.492,41086.735,26.72,23.839,23.839,,,TAGORE INDUSTRIAL AVENUE,16.8
tagore_industrial_avenue,Tagore Industrial Avenue,1964.0,27460.724,41085.801,26.169,24.096,24.038,,,TAGORE INDUSTRIAL AVENUE,17.826
tagore_industrial_avenue,Tagore Industrial Avenue,1966.0,27458.955,41084.868,25.762,24.067,24.038,,,TAGORE INDUSTRIAL AVENUE,18.851
tagore_industrial_avenue,Tagore Industrial Avenue,1968.0,27457.186,41083.934,23.808,24.038,24.038,,,TAGORE INDUSTRIAL AVENUE,19.877
tagore_industrial_avenue,Tagore Industrial Avenue,1970.0,27455.417,41083.001,26.962,23.759,23.759,,,TAGORE INDUSTRIAL AVENUE,20.903
tagore_industrial_avenue,Tagore Industrial Avenue,1972.0,27453.648,41082.067,25.515,23.48,23.48,,,TAGORE INDUSTRIAL AVENUE,21.928
tagore_industrial_avenue,Tagore Industrial Avenue,1974.0,27451.88,41081.134,27.623,23.201,23.201,,,TAGORE INDUSTRIAL AVENUE,22.954
tagore_industrial_avenue,Tagore Industrial Avenue,1976.0,27450.111,41080.2,26.401,22.922,22.922,,,TAGORE INDUSTRIAL AVENUE,23.979
tagore_industrial_avenue,Tagore Industrial Avenue,2076.0,27433.155,41036.965,21.926,22.643,22.643,,,TAGORE INDUSTRIAL AVENUE,16.011
tagore_industrial_avenue,Tagore Industrial Avenue,2078.0,27433.775,41035.063,21.66,22.364,22.364,,,TAGORE INDUSTRIAL AVENUE,14.495
tagore_industrial_avenue,Tagore Industrial Avenue,2080.0,27434.395,41033.162,21.83,22.084,22.084,,,TAGORE INDUSTRIAL AVENUE,12.979
tagore_industrial_avenue,Tagore Industrial Avenue,2082.0,27435.015,41031.26,21.514,21.805,21.805,,,TAGORE INDUSTRIAL AVENUE,11.463
tagore_industrial_avenue,Tagore Industrial Avenue,2084.0,27435.018,41029.292,21.78,21.78,21.78,,,TAGORE INDUSTRIAL AVENUE,10.44
tagore_industrial_avenue,Tagore Industrial Avenue,2086.0,27434.818,41027.303,22.385,21.719,21.719,,,TAGORE INDUSTRIAL AVENUE,9.58
tagore_industrial_avenue,Tagore Industrial Avenue,2088.0,27434.617,41025.313,22.476,21.657,21.657,-2.684,1.0,TAGORE INDUSTRIAL AVENUE,8.72
tagore_industrial_avenue,Tagore Industrial Avenue,2090.0,27434.417,41023.323,21.596,21.596,21.596,,,TAGORE INDUSTRIAL AVENUE,7.864
tagore_industrial_avenue,Tagore Industrial Avenue,2092.0,27434.216,41021.333,21.566,21.566,21.566,,,TAGORE INDUSTRIAL AVENUE,7.015
tagore_industrial_avenue,Tagore Industrial Avenue,2094.0,27433.833,41019.398,21.536,21.536,21.566,0.308,1.0,TAGORE INDUSTRIAL AVENUE,6.35
tagore_industrial_avenue,Tagore Industrial Avenue,2096.0,27432.901,41017.629,21.508,21.508,21.566,2.012,1.0,TAGORE INDUSTRIAL AVENUE,6.243
tagore_industrial_avenue,Tagore Industrial Avenue,2098.0,27431.968,41015.859,21.62,21.62,21.62,,,TAGORE INDUSTRIAL AVENUE,6.135
tagore_industrial_avenue,Tagore Industrial Avenue,2100.0,27431.036,41014.09,21.727,21.727,21.727,,,TAGORE INDUSTRIAL AVENUE,6.027
tagore_industrial_avenue,Tagore Industrial Avenue,2102.0,27430.103,41012.32,21.962,22.007,22.007,,,TAGORE INDUSTRIAL AVENUE,5.912
tagore_industrial_avenue,Tagore Industrial Avenue,2104.0,27429.171,41010.551,21.937,22.288,22.288,,,TAGORE INDUSTRIAL AVENUE,5.795
tagore_industrial_avenue,Tagore Industrial Avenue,2106.0,27428.27,41008.767,21.917,22.641,22.641,,,TAGORE INDUSTRIAL AVENUE,5.642
tagore_industrial_avenue,Tagore Industrial Avenue,2108.0,27427.512,41006.916,21.957,22.995,22.995,,,TAGORE INDUSTRIAL AVENUE,5.333
tagore_industrial_avenue,Tagore Industrial Avenue,2110.0,27426.754,41005.066,23.667,23.348,23.348,,,TAGORE INDUSTRIAL AVENUE,5.024
tagore_industrial_avenue,Tagore Industrial Avenue,2112.0,27425.879,41003.279,26.014,23.701,23.701,,,TAGORE INDUSTRIAL AVENUE,4.849
tagore_industrial_avenue,Tagore Industrial Avenue,2114.0,27424.726,41001.644,23.733,24.054,24.054,,,TAGORE INDUSTRIAL AVENUE,4.989
tagore_industrial_avenue,Tagore Industrial Avenue,2116.0,27423.573,41000.01,26.064,24.408,24.408,,,TAGORE INDUSTRIAL AVENUE,5.13
tagore_industrial_avenue,Tagore Industrial Avenue,2118.0,27422.421,40998.376,27.989,24.761,24.761,,,TAGORE INDUSTRIAL AVENUE,5.27
tagore_industrial_avenue,Tagore Industrial Avenue,2120.0,27421.268,40996.741,25.295,25.034,24.805,,,TAGORE INDUSTRIAL AVENUE,5.411
tagore_industrial_avenue,Tagore Industrial Avenue,2122.0,27420.137,40995.092,25.308,24.92,24.805,,,TAGORE INDUSTRIAL AVENUE,5.526
tagore_industrial_avenue,Tagore Industrial Avenue,2124.0,27419.027,40993.428,25.545,24.805,24.805,,,TAGORE INDUSTRIAL AVENUE,5.614
tagore_industrial_avenue,Tagore Industrial Avenue,2126.0,27417.917,40991.764,23.076,24.648,24.679,,,TAGORE INDUSTRIAL AVENUE,5.702
tagore_industrial_avenue,Tagore Industrial Avenue,2128.0,27416.808,40990.1,23.059,24.491,24.679,,,TAGORE INDUSTRIAL AVENUE,5.791
tagore_industrial_avenue,Tagore Industrial Avenue,2130.0,27415.698,40988.437,24.401,24.679,24.679,,,TAGORE INDUSTRIAL AVENUE,5.879
tagore_industrial_avenue,Tagore Industrial Avenue,2132.0,27414.588,40986.773,24.926,24.867,24.679,,,TAGORE INDUSTRIAL AVENUE,5.968
tagore_industrial_avenue,Tagore Industrial Avenue,2134.0,27413.547,40985.067,23.126,24.728,24.679,,,TAGORE INDUSTRIAL AVENUE,5.976
tagore_industrial_avenue,Tagore Industrial Avenue,2136.0,27412.564,40983.325,25.184,24.398,24.398,,,TAGORE INDUSTRIAL AVENUE,5.916
tagore_industrial_avenue,Tagore Industrial Avenue,2138.0,27411.58,40981.584,24.793,24.068,24.068,,,TAGORE INDUSTRIAL AVENUE,5.857
tagore_industrial_avenue,Tagore Industrial Avenue,2140.0,27410.597,40979.842,24.793,23.738,23.738,,,TAGORE INDUSTRIAL AVENUE,5.797
tagore_industrial_avenue,Tagore Industrial Avenue,2142.0,27409.614,40978.1,24.809,23.455,23.455,,,TAGORE INDUSTRIAL AVENUE,5.737
tagore_industrial_avenue,Tagore Industrial Avenue,2144.0,27408.631,40976.359,21.726,23.171,23.171,,,TAGORE INDUSTRIAL AVENUE,5.677
tagore_industrial_avenue,Tagore Industrial Avenue,2146.0,27407.602,40974.644,21.751,22.887,22.887,,,TAGORE INDUSTRIAL AVENUE,5.67
tagore_industrial_avenue,Tagore Industrial Avenue,2148.0,27406.552,40972.942,21.751,22.603,22.604,,,TAGORE INDUSTRIAL AVENUE,5.687
tagore_industrial_avenue,Tagore Industrial Avenue,2150.0,27405.502,40971.24,21.751,22.32,22.604,,,TAGORE INDUSTRIAL AVENUE,5.705
tagore_industrial_avenue,Tagore Industrial Avenue,2152.0,27404.452,40969.537,22.863,22.604,22.604,,,TAGORE INDUSTRIAL AVENUE,5.723
tagore_industrial_avenue,Tagore Industrial Avenue,2154.0,27403.402,40967.835,22.888,22.888,22.888,,,TAGORE INDUSTRIAL AVENUE,5.74
tagore_industrial_avenue,Tagore Industrial Avenue,2156.0,27402.351,40966.133,22.402,22.914,22.914,,,TAGORE INDUSTRIAL AVENUE,5.758
tagore_industrial_avenue,Tagore Industrial Avenue,2158.0,27401.301,40964.431,23.119,22.94,22.94,0.967,1.0,TAGORE INDUSTRIAL AVENUE,5.776
tagore_industrial_avenue,Tagore Industrial Avenue,2160.0,27400.251,40962.729,22.966,22.966,22.966,,,TAGORE INDUSTRIAL AVENUE,5.793
tagore_industrial_avenue,Tagore Industrial Avenue,2162.0,27399.201,40961.027,22.966,22.966,22.966,,,TAGORE INDUSTRIAL AVENUE,5.811
tagore_industrial_avenue,Tagore Industrial Avenue,2164.0,27398.151,40959.325,22.966,22.966,22.966,,,TAGORE INDUSTRIAL AVENUE,5.829
tagore_industrial_avenue,Tagore Industrial Avenue,2166.0,27397.101,40957.622,21.851,22.855,22.855,-2.778,1.0,TAGORE INDUSTRIAL AVENUE,5.846
tagore_industrial_avenue,Tagore Industrial Avenue,2168.0,27396.051,40955.92,22.632,22.743,22.743,-2.778,1.0,TAGORE INDUSTRIAL AVENUE,5.864
tagore_industrial_avenue,Tagore Industrial Avenue,2170.0,27395.001,40954.218,22.632,22.632,22.743,,,TAGORE INDUSTRIAL AVENUE,5.882
tagore_industrial_avenue,Tagore Industrial Avenue,2172.0,27393.955,40952.514,22.641,22.641,22.743,,,TAGORE INDUSTRIAL AVENUE,5.895
tagore_industrial_avenue,Tagore Industrial Avenue,2174.0,27392.908,40950.809,22.674,22.931,22.931,,,TAGORE INDUSTRIAL AVENUE,5.908
tagore_industrial_avenue,Tagore Industrial Avenue,2176.0,27391.862,40949.104,22.674,23.222,23.222,,,TAGORE INDUSTRIAL AVENUE,5.92
tagore_industrial_avenue,Tagore Industrial Avenue,2178.0,27390.816,40947.4,22.491,23.512,23.512,,,TAGORE INDUSTRIAL AVENUE,5.934
tagore_industrial_avenue,Tagore Industrial Avenue,2180.0,27389.75,40945.708,22.491,,23.802,,,TAGORE INDUSTRIAL AVENUE,5.971
tagore_industrial_avenue,Tagore Industrial Avenue,2182.0,27388.683,40944.016,24.007,,24.093,,,TAGORE INDUSTRIAL AVENUE,6.007
tagore_industrial_avenue,Tagore Industrial Avenue,2184.0,27387.617,40942.324,24.007,24.383,24.383,,,TAGORE INDUSTRIAL AVENUE,6.044
tagore_industrial_avenue,Tagore Industrial Avenue,2186.0,27386.551,40940.632,25.491,24.674,24.674,,,TAGORE INDUSTRIAL AVENUE,6.08
tagore_industrial_avenue,Tagore Industrial Avenue,2188.0,27385.485,40938.939,24.991,24.964,24.964,,,TAGORE INDUSTRIAL AVENUE,6.117
tagore_industrial_avenue,Tagore Industrial Avenue,2190.0,27384.438,40937.235,26.707,25.255,25.255,,,TAGORE INDUSTRIAL AVENUE,6.131
tagore_industrial_avenue,Tagore Industrial Avenue,2192.0,27383.391,40935.531,26.957,25.518,25.518,,,TAGORE INDUSTRIAL AVENUE,6.145
tagore_industrial_avenue,Tagore Industrial Avenue,2194.0,27382.344,40933.827,23.007,25.782,25.782,,,TAGORE INDUSTRIAL AVENUE,6.159
tagore_industrial_avenue,Tagore Industrial Avenue,2196.0,27381.297,40932.123,23.041,26.046,25.97,,,TAGORE INDUSTRIAL AVENUE,6.173
tagore_industrial_avenue,Tagore Industrial Avenue,2198.0,27380.259,40930.414,23.349,26.008,25.97,,,TAGORE INDUSTRIAL AVENUE,6.176
tagore_industrial_avenue,Tagore Industrial Avenue,2200.0,27379.251,40928.687,26.574,25.97,25.97,,,TAGORE INDUSTRIAL AVENUE,6.145
tagore_industrial_avenue,Tagore Industrial Avenue,2202.0,27378.242,40926.96,25.741,25.57,25.57,,,TAGORE INDUSTRIAL AVENUE,6.115
tagore_industrial_avenue,Tagore Industrial Avenue,2204.0,27377.233,40925.233,25.682,25.17,25.17,,,TAGORE INDUSTRIAL AVENUE,6.084
tagore_industrial_avenue,Tagore Industrial Avenue,2206.0,27376.225,40923.505,27.324,24.77,24.77,,,TAGORE INDUSTRIAL AVENUE,6.053
tagore_industrial_avenue,Tagore Industrial Avenue,2208.0,27375.216,40921.778,22.482,,24.37,,,TAGORE INDUSTRIAL AVENUE,6.023
tagore_industrial_avenue,Tagore Industrial Avenue,2210.0,27374.207,40920.051,25.541,,23.97,,,TAGORE INDUSTRIAL AVENUE,5.992
tagore_industrial_avenue,Tagore Industrial Avenue,2212.0,27373.208,40918.319,22.324,23.569,23.569,,,TAGORE INDUSTRIAL AVENUE,5.95
tagore_industrial_avenue,Tagore Industrial Avenue,2214.0,27372.21,40916.586,22.707,23.169,23.169,,,TAGORE INDUSTRIAL AVENUE,5.907
tagore_industrial_avenue,Tagore Industrial Avenue,2216.0,27371.212,40914.853,22.707,22.769,22.769,,,TAGORE INDUSTRIAL AVENUE,5.864
tagore_industrial_avenue,Tagore Industrial Avenue,2218.0,27370.214,40913.119,22.369,22.369,22.369,,,TAGORE INDUSTRIAL AVENUE,5.821
tagore_industrial_avenue,Tagore Industrial Avenue,2220.0,27369.216,40911.386,22.169,22.169,22.194,,,TAGORE INDUSTRIAL AVENUE,5.779
tagore_industrial_avenue,Tagore Industrial Avenue,2222.0,27368.207,40909.659,22.169,22.169,22.194,-2.5,1.0,TAGORE INDUSTRIAL AVENUE,5.748
tagore_industrial_avenue,Tagore Industrial Avenue,2224.0,27367.174,40907.947,22.194,22.194,22.169,-0.538,1.0,TAGORE INDUSTRIAL AVENUE,5.746
tagore_industrial_avenue,Tagore Industrial Avenue,2226.0,27366.141,40906.234,22.269,22.269,22.169,-0.538,1.0,TAGORE INDUSTRIAL AVENUE,5.743
tagore_industrial_avenue,Tagore Industrial Avenue,2228.0,27365.115,40904.518,22.151,22.151,22.151,-0.226,1.0,TAGORE INDUSTRIAL AVENUE,5.733
tagore_industrial_avenue,Tagore Industrial Avenue,2230.0,27364.099,40902.795,22.101,22.101,22.151,,,TAGORE INDUSTRIAL AVENUE,5.711
tagore_industrial_avenue,Tagore Industrial Avenue,2232.0,27363.083,40901.072,22.151,22.151,22.151,,,TAGORE INDUSTRIAL AVENUE,5.689
tagore_industrial_avenue,Tagore Industrial Avenue,2234.0,27362.067,40899.35,23.274,22.195,22.195,1.32,1.0,TAGORE INDUSTRIAL AVENUE,5.667
tagore_industrial_avenue,Tagore Industrial Avenue,2236.0,27361.051,40897.627,22.269,22.238,22.238,1.32,1.0,TAGORE INDUSTRIAL AVENUE,5.634
tagore_industrial_avenue,Tagore Industrial Avenue,2238.0,27360.032,40895.906,22.282,22.282,22.257,,,TAGORE INDUSTRIAL AVENUE,5.603
tagore_industrial_avenue,Tagore Industrial Avenue,2240.0,27359.004,40894.19,22.257,22.257,22.257,,,TAGORE INDUSTRIAL AVENUE,5.582
tagore_industrial_avenue,Tagore Industrial Avenue,2242.0,27357.976,40892.475,22.257,22.257,22.257,-1.172,1.0,TAGORE INDUSTRIAL AVENUE,5.561
tagore_industrial_avenue,Tagore Industrial Avenue,2244.0,27356.948,40890.759,22.163,22.163,22.163,-1.172,1.0,TAGORE INDUSTRIAL AVENUE,5.541
tagore_industrial_avenue,Tagore Industrial Avenue,2246.0,27355.92,40889.044,22.151,22.151,22.163,-1.007,1.0,TAGORE INDUSTRIAL AVENUE,5.52
tagore_industrial_avenue,Tagore Industrial Avenue,2248.0,27354.892,40887.328,22.151,22.151,22.163,1.494,1.0,TAGORE INDUSTRIAL AVENUE,5.499
tagore_industrial_avenue,Tagore Industrial Avenue,2250.0,27353.899,40885.592,22.176,22.176,22.176,1.598,1.0,TAGORE INDUSTRIAL AVENUE,5.437
tagore_industrial_avenue,Tagore Industrial Avenue,2252.0,27352.927,40883.844,22.291,22.291,22.282,3.473,1.0,TAGORE INDUSTRIAL AVENUE,5.352
tagore_industrial_avenue,Tagore Industrial Avenue,2254.0,27351.955,40882.096,22.282,22.282,22.291,3.517,1.0,TAGORE INDUSTRIAL AVENUE,5.267
tagore_industrial_avenue,Tagore Industrial Avenue,2256.0,27350.983,40880.348,22.441,22.441,22.441,2.396,1.0,TAGORE INDUSTRIAL AVENUE,5.182
tagore_industrial_avenue,Tagore Industrial Avenue,2258.0,27350.011,40878.6,22.457,22.457,22.457,2.292,1.0,TAGORE INDUSTRIAL AVENUE,5.096
tagore_industrial_avenue,Tagore Industrial Avenue,2260.0,27349.039,40876.853,22.474,22.474,22.474,0.625,1.0,TAGORE INDUSTRIAL AVENUE,5.011
tagore_industrial_avenue,Tagore Industrial Avenue,2262.0,27348.043,40875.118,22.491,22.491,22.474,0.563,1.0,TAGORE INDUSTRIAL AVENUE,4.954
tagore_industrial_avenue,Tagore Industrial Avenue,2264.0,27347.033,40873.392,22.569,22.569,22.491,,,TAGORE INDUSTRIAL AVENUE,4.911
tagore_industrial_avenue,Tagore Industrial Avenue,2266.0,27346.024,40871.665,22.444,22.444,22.502,,,TAGORE INDUSTRIAL AVENUE,4.869
tagore_industrial_avenue,Tagore Industrial Avenue,2268.0,27345.015,40869.939,24.057,22.502,22.561,0.876,1.0,TAGORE INDUSTRIAL AVENUE,4.827
tagore_industrial_avenue,Tagore Industrial Avenue,2270.0,27344.002,40868.214,22.594,22.561,22.557,1.042,1.0,TAGORE INDUSTRIAL AVENUE,4.788
tagore_industrial_avenue,Tagore Industrial Avenue,2272.0,27342.988,40866.49,22.619,22.619,22.561,,,TAGORE INDUSTRIAL AVENUE,4.751
tagore_industrial_avenue,Tagore Industrial Avenue,2274.0,27341.975,40864.766,22.557,22.557,22.586,,,TAGORE INDUSTRIAL AVENUE,4.713
tagore_industrial_avenue,Tagore Industrial Avenue,2276.0,27340.961,40863.042,23.832,22.586,22.615,,,TAGORE INDUSTRIAL AVENUE,4.676
tagore_industrial_avenue,Tagore Industrial Avenue,2278.0,27339.938,40861.323,22.619,22.615,22.615,,,TAGORE INDUSTRIAL AVENUE,4.649
tagore_industrial_avenue,Tagore Industrial Avenue,2280.0,27338.87,40859.632,22.644,22.799,22.799,,,TAGORE INDUSTRIAL AVENUE,4.675
tagore_industrial_avenue,Tagore Industrial Avenue,2282.0,27337.802,40857.941,22.807,23.051,23.051,,,TAGORE INDUSTRIAL AVENUE,4.702
tagore_industrial_avenue,Tagore Industrial Avenue,2284.0,27336.734,40856.25,23.307,23.303,23.303,,,TAGORE INDUSTRIAL AVENUE,4.728
tagore_industrial_avenue,Tagore Industrial Avenue,2286.0,27335.666,40854.559,22.744,23.565,23.565,,,TAGORE INDUSTRIAL AVENUE,4.754
tagore_industrial_avenue,Tagore Industrial Avenue,2288.0,27334.599,40852.868,30.094,23.828,23.828,,,TAGORE INDUSTRIAL AVENUE,4.78
tagore_industrial_avenue,Tagore Industrial Avenue,2290.0,27333.569,40851.153,25.557,24.09,24.09,,,TAGORE INDUSTRIAL AVENUE,4.761
tagore_industrial_avenue,Tagore Industrial Avenue,2292.0,27332.55,40849.433,25.388,24.352,24.352,,,TAGORE INDUSTRIAL AVENUE,4.73
tagore_industrial_avenue,Tagore Industrial Avenue,2294.0,27331.53,40847.712,24.907,24.614,24.614,,,TAGORE INDUSTRIAL AVENUE,4.7
tagore_industrial_avenue,Tagore Industrial Avenue,2296.0,27330.51,40845.992,25.938,24.876,24.876,,,TAGORE INDUSTRIAL AVENUE,4.67
tagore_industrial_avenue,Tagore Industrial Avenue,2298.0,27329.49,40844.271,25.544,25.139,24.973,,,TAGORE INDUSTRIAL AVENUE,4.639
tagore_industrial_avenue,Tagore Industrial Avenue,2300.0,27328.471,40842.551,26.763,25.056,24.973,,,TAGORE INDUSTRIAL AVENUE,4.609
tagore_industrial_avenue,Tagore Industrial Avenue,2302.0,27327.478,40840.815,26.082,24.973,24.973,,,TAGORE INDUSTRIAL AVENUE,4.548
tagore_industrial_avenue,Tagore Industrial Avenue,2304.0,27326.487,40839.078,26.375,24.89,24.89,,,TAGORE INDUSTRIAL AVENUE,4.484
tagore_industrial_avenue,Tagore Industrial Avenue,2306.0,27325.496,40837.34,24.807,24.807,24.807,,,TAGORE INDUSTRIAL AVENUE,4.42
tagore_industrial_avenue,Tagore Industrial Avenue,2308.0,27324.505,40835.603,25.369,24.749,24.749,,,TAGORE INDUSTRIAL AVENUE,4.356
tagore_industrial_avenue,Tagore Industrial Avenue,2310.0,27323.462,40833.897,22.863,24.692,24.692,,,TAGORE INDUSTRIAL AVENUE,4.354
tagore_industrial_avenue,Tagore Industrial Avenue,2312.0,27322.412,40832.194,28.188,24.635,24.635,,,TAGORE INDUSTRIAL AVENUE,4.358
tagore_industrial_avenue,Tagore Industrial Avenue,2314.0,27321.362,40830.492,27.044,24.578,24.578,,,TAGORE INDUSTRIAL AVENUE,4.363
tagore_industrial_avenue,Tagore Industrial Avenue,2316.0,27320.313,40828.79,27.125,24.521,24.521,,,TAGORE INDUSTRIAL AVENUE,4.368
tagore_industrial_avenue,Tagore Industrial Avenue,2318.0,27319.213,40827.128,23.194,24.464,24.464,,,TAGORE INDUSTRIAL AVENUE,4.436
tagore_industrial_avenue,Tagore Industrial Avenue,2320.0,27317.741,40825.774,22.844,24.407,24.407,,,TAGORE INDUSTRIAL AVENUE,4.983
tagore_industrial_avenue,Tagore Industrial Avenue,2322.0,27316.27,40824.42,24.387,24.349,24.349,,,TAGORE INDUSTRIAL AVENUE,5.529
tagore_industrial_avenue,Tagore Industrial Avenue,2324.0,27314.798,40823.066,24.292,24.292,24.292,,,TAGORE INDUSTRIAL AVENUE,6.076
tagore_industrial_avenue,Tagore Industrial Avenue,2326.0,27313.326,40821.711,24.147,24.147,24.207,,,TAGORE INDUSTRIAL AVENUE,6.622
tagore_industrial_avenue,Tagore Industrial Avenue,2328.0,27312.676,40821.299,24.147,24.147,24.207,0.688,1.0,TAGORE INDUSTRIAL AVENUE,6.503
tagore_industrial_avenue,Tagore Industrial Avenue,2330.0,27313.819,40822.94,24.207,24.207,24.207,,,TAGORE INDUSTRIAL AVENUE,6.845
tagore_industrial_avenue,Tagore Industrial Avenue,2332.0,27314.961,40824.582,24.347,24.347,24.347,,,TAGORE INDUSTRIAL AVENUE,6.729
tagore_industrial_avenue,Tagore Industrial Avenue,2334.0,27316.104,40826.223,22.894,24.517,24.517,8.116,1.0,TAGORE INDUSTRIAL AVENUE,6.613
tagore_industrial_avenue,Tagore Industrial Avenue,2336.0,27317.247,40827.864,22.838,24.687,24.687,,,TAGORE INDUSTRIAL AVENUE,6.497
tagore_industrial_avenue,Tagore Industrial Avenue,2338.0,27318.39,40829.506,24.857,24.857,24.857,,,TAGORE INDUSTRIAL AVENUE,6.382
tagore_industrial_avenue,Tagore Industrial Avenue,2340.0,27319.532,40831.147,22.938,24.909,24.909,,,TAGORE INDUSTRIAL AVENUE,6.266
tagore_industrial_avenue,Tagore Industrial Avenue,2342.0,27320.675,40832.789,27.694,24.962,24.962,,,TAGORE INDUSTRIAL AVENUE,6.15
tagore_industrial_avenue,Tagore Industrial Avenue,2344.0,27321.818,40834.43,27.082,25.015,25.015,,,TAGORE INDUSTRIAL AVENUE,6.034
tagore_industrial_avenue,Tagore Industrial Avenue,2346.0,27322.96,40836.072,22.663,25.068,25.068,,,TAGORE INDUSTRIAL AVENUE,5.918
tagore_industrial_avenue,Tagore Industrial Avenue,2348.0,27324.103,40837.713,26.125,25.121,25.121,,,TAGORE INDUSTRIAL AVENUE,5.802
tagore_industrial_avenue,Tagore Industrial Avenue,2350.0,27325.246,40839.354,27.544,25.174,25.174,,,TAGORE INDUSTRIAL AVENUE,5.687
tagore_industrial_avenue,Tagore Industrial Avenue,2352.0,27326.388,40840.996,28.857,25.227,25.227,,,TAGORE INDUSTRIAL AVENUE,5.571
tagore_industrial_avenue,Tagore Industrial Avenue,2354.0,27327.531,40842.637,25.269,25.28,25.28,,,TAGORE INDUSTRIAL AVENUE,5.455
tagore_industrial_avenue,Tagore Industrial Avenue,2356.0,27328.674,40844.279,25.607,25.333,25.333,,,TAGORE INDUSTRIAL AVENUE,5.339
tagore_industrial_avenue,Tagore Industrial Avenue,2358.0,27329.816,40845.92,24.2,25.385,25.333,,,TAGORE INDUSTRIAL AVENUE,5.223
tagore_industrial_avenue,Tagore Industrial Avenue,2360.0,27330.959,40847.562,25.182,25.438,25.333,,,TAGORE INDUSTRIAL AVENUE,5.108
tagore_industrial_avenue,Tagore Industrial Avenue,2362.0,27332.102,40849.203,25.094,25.301,25.301,,,TAGORE INDUSTRIAL AVENUE,4.992
tagore_industrial_avenue,Tagore Industrial Avenue,2364.0,27333.244,40850.844,25.544,25.076,25.076,,,TAGORE INDUSTRIAL AVENUE,4.876
tagore_industrial_avenue,Tagore Industrial Avenue,2366.0,27334.387,40852.486,29.838,24.85,24.85,,,TAGORE INDUSTRIAL AVENUE,4.76
tagore_industrial_avenue,Tagore Industrial Avenue,2368.0,27335.53,40854.127,26.244,24.545,24.545,,,TAGORE INDUSTRIAL AVENUE,4.644
tagore_industrial_avenue,Tagore Industrial Avenue,2370.0,27336.672,40855.769,22.907,24.239,24.239,,,TAGORE INDUSTRIAL AVENUE,4.529
tagore_industrial_avenue,Tagore Industrial Avenue,2372.0,27337.815,40857.41,23.013,23.934,23.934,,,TAGORE INDUSTRIAL AVENUE,4.413
tagore_industrial_avenue,Tagore Industrial Avenue,2374.0,27338.958,40859.052,22.707,23.646,23.646,,,TAGORE INDUSTRIAL AVENUE,4.297
tagore_industrial_avenue,Tagore Industrial Avenue,2376.0,27340.101,40860.693,22.644,23.358,23.358,,,TAGORE INDUSTRIAL AVENUE,4.181
tagore_industrial_avenue,Tagore Industrial Avenue,2378.0,27341.243,40862.334,23.294,23.07,23.07,,,TAGORE INDUSTRIAL AVENUE,4.065
tagore_industrial_avenue,Tagore Industrial Avenue,2380.0,27342.386,40863.976,22.557,22.782,22.85,,,TAGORE INDUSTRIAL AVENUE,3.95
tagore_industrial_avenue,Tagore Industrial Avenue,2382.0,27343.529,40865.617,24.888,22.85,22.782,,,TAGORE INDUSTRIAL AVENUE,3.834
tagore_industrial_avenue,Tagore Industrial Avenue,2384.0,27344.671,40867.259,23.144,22.697,22.763,,,TAGORE INDUSTRIAL AVENUE,3.718
tagore_industrial_avenue,Tagore Industrial Avenue,2386.0,27345.814,40868.9,22.544,22.544,22.697,,,TAGORE INDUSTRIAL AVENUE,3.602
tagore_industrial_avenue,Tagore Industrial Avenue,2388.0,27346.957,40870.541,27.0,22.763,22.544,,,TAGORE INDUSTRIAL AVENUE,3.486
tagore_industrial_avenue,Tagore Industrial Avenue,2390.0,27348.099,40872.183,22.982,22.506,22.506,-5.707,1.0,TAGORE INDUSTRIAL AVENUE,3.371
tagore_industrial_avenue,Tagore Industrial Avenue,2392.0,27349.242,40873.824,22.249,22.249,22.249,-3.792,1.0,TAGORE INDUSTRIAL AVENUE,3.255
tagore_industrial_avenue,Tagore Industrial Avenue,2394.0,27350.385,40875.466,22.241,22.241,22.241,-2.052,1.0,TAGORE INDUSTRIAL AVENUE,3.139
tagore_industrial_avenue,Tagore Industrial Avenue,2396.0,27351.527,40877.107,22.199,22.199,22.241,-0.312,1.0,TAGORE INDUSTRIAL AVENUE,3.023
tagore_industrial_avenue,Tagore Industrial Avenue,2398.0,27352.67,40878.749,22.224,22.224,22.241,-0.208,1.0,TAGORE INDUSTRIAL AVENUE,2.907
tagore_industrial_avenue,Tagore Industrial Avenue,2400.0,27353.813,40880.39,22.251,22.251,22.224,-0.496,1.0,TAGORE INDUSTRIAL AVENUE,2.792
tagore_industrial_avenue,Tagore Industrial Avenue,2402.0,27354.955,40882.031,22.251,22.251,22.224,-0.496,1.0,TAGORE INDUSTRIAL AVENUE,2.676
tagore_industrial_avenue,Tagore Industrial Avenue,2404.0,27356.098,40883.673,22.201,22.201,22.201,-0.287,1.0,TAGORE INDUSTRIAL AVENUE,2.56
tagore_industrial_avenue,Tagore Industrial Avenue,2406.0,27357.241,40885.314,22.201,22.201,22.201,-0.287,1.0,TAGORE INDUSTRIAL AVENUE,2.444
tagore_industrial_avenue,Tagore Industrial Avenue,2408.0,27358.383,40886.956,22.201,22.201,22.201,0.382,1.0,TAGORE INDUSTRIAL AVENUE,2.328
tagore_industrial_avenue,Tagore Industrial Avenue,2410.0,27359.526,40888.597,22.201,22.201,22.201,0.382,1.0,TAGORE INDUSTRIAL AVENUE,2.212
tagore_industrial_avenue,Tagore Industrial Avenue,2412.0,27360.669,40890.239,22.269,22.269,22.232,0.382,1.0,TAGORE INDUSTRIAL AVENUE,2.097
tagore_industrial_avenue,Tagore Industrial Avenue,2414.0,27361.812,40891.88,22.257,22.257,22.232,0.382,1.0,TAGORE INDUSTRIAL AVENUE,1.981
tagore_industrial_avenue,Tagore Industrial Avenue,2416.0,27362.954,40893.521,22.232,22.232,22.232,-1.129,1.0,TAGORE INDUSTRIAL AVENUE,1.865
tagore_industrial_avenue,Tagore Industrial Avenue,2418.0,27364.097,40895.163,22.232,22.232,22.232,-2.257,1.0,TAGORE INDUSTRIAL AVENUE,1.749
tagore_industrial_avenue,Tagore Industrial Avenue,2420.0,27365.24,40896.804,24.124,22.141,22.141,-2.257,1.0,TAGORE INDUSTRIAL AVENUE,1.633
tagore_industrial_avenue,Tagore Industrial Avenue,2422.0,27366.382,40898.446,22.051,22.051,22.051,-2.257,1.0,TAGORE INDUSTRIAL AVENUE,1.506
tagore_industrial_avenue,Tagore Industrial Avenue,2424.0,27367.525,40900.087,22.051,22.051,22.051,-1.441,1.0,TAGORE INDUSTRIAL AVENUE,1.378
tagore_industrial_avenue,Tagore Industrial Avenue,2426.0,27368.668,40901.729,22.051,22.051,22.051,-0.625,1.0,TAGORE INDUSTRIAL AVENUE,1.25
tagore_industrial_avenue,Tagore Industrial Avenue,2428.0,27369.81,40903.37,22.026,22.026,22.026,-0.754,1.0,TAGORE INDUSTRIAL AVENUE,1.121
tagore_industrial_avenue,Tagore Industrial Avenue,2430.0,27370.953,40905.011,22.001,22.001,22.001,-0.754,1.0,TAGORE INDUSTRIAL AVENUE,0.993
tagore_industrial_avenue,Tagore Industrial Avenue,2432.0,27372.096,40906.653,21.991,21.991,21.991,-0.442,1.0,TAGORE INDUSTRIAL AVENUE,0.865
tagore_industrial_avenue,Tagore Industrial Avenue,2434.0,27373.238,40908.294,21.957,21.957,21.991,,,TAGORE INDUSTRIAL AVENUE,0.737
tagore_industrial_avenue,Tagore Industrial Avenue,2436.0,27374.381,40909.936,21.957,21.957,21.991,,,TAGORE INDUSTRIAL AVENUE,0.608
tagore_industrial_avenue,Tagore Industrial Avenue,2438.0,27375.524,40911.577,22.541,22.074,22.074,1.927,1.0,TAGORE INDUSTRIAL AVENUE,0.48
tagore_industrial_avenue,Tagore Industrial Avenue,2440.0,27376.666,40913.219,22.191,22.191,22.145,,,TAGORE INDUSTRIAL AVENUE,0.352
tagore_industrial_avenue,Tagore Industrial Avenue,2442.0,27377.809,40914.86,22.307,22.307,22.145,,,TAGORE INDUSTRIAL AVENUE,0.223
tagore_industrial_avenue,Tagore Industrial Avenue,2444.0,27378.952,40916.501,22.324,22.145,22.145,,,TAGORE INDUSTRIAL AVENUE,0.095
tagore_industrial_avenue,Tagore Industrial Avenue,2446.0,27380.094,40918.143,21.982,21.982,21.982,-3.048,1.0,TAGORE INDUSTRIAL AVENUE,0.033
tagore_industrial_avenue,Tagore Industrial Avenue,2448.0,27381.237,40919.784,21.876,21.876,21.901,-2.032,1.0,TAGORE INDUSTRIAL AVENUE,0.161
tagore_industrial_avenue,Tagore Industrial Avenue,2450.0,27382.38,40921.426,21.876,21.876,21.901,-1.017,1.0,TAGORE INDUSTRIAL AVENUE,0.29
tagore_industrial_avenue,Tagore Industrial Avenue,2452.0,27383.523,40923.067,21.901,21.901,21.901,0.0,1.0,TAGORE INDUSTRIAL AVENUE,0.418
tagore_industrial_avenue,Tagore Industrial Avenue,2454.0,27384.665,40924.708,21.901,21.901,21.901,0.0,1.0,TAGORE INDUSTRIAL AVENUE,0.546
tagore_industrial_avenue,Tagore Industrial Avenue,2456.0,27385.808,40926.35,21.901,21.901,21.901,-0.625,1.0,TAGORE INDUSTRIAL AVENUE,0.675
tagore_industrial_avenue,Tagore Industrial Avenue,2458.0,27386.951,40927.991,21.901,21.901,21.901,-0.625,1.0,TAGORE INDUSTRIAL AVENUE,0.803
tagore_industrial_avenue,Tagore Industrial Avenue,2460.0,27388.093,40929.633,21.851,21.851,21.851,-0.625,1.0,TAGORE INDUSTRIAL AVENUE,0.931
tagore_industrial_avenue,Tagore Industrial Avenue,2462.0,27389.236,40931.274,21.851,21.851,21.851,-0.625,1.0,TAGORE INDUSTRIAL AVENUE,1.06
tagore_industrial_avenue,Tagore Industrial Avenue,2464.0,27390.379,40932.916,21.851,21.851,21.851,,,TAGORE INDUSTRIAL AVENUE,1.188
tagore_industrial_avenue,Tagore Industrial Avenue,2466.0,27391.521,40934.557,21.851,21.851,21.851,,,TAGORE INDUSTRIAL AVENUE,1.316
tagore_industrial_avenue,Tagore Industrial Avenue,2468.0,27392.664,40936.198,21.851,22.122,22.122,,,TAGORE INDUSTRIAL AVENUE,1.444
tagore_industrial_avenue,Tagore Industrial Avenue,2470.0,27393.807,40937.84,21.826,22.392,22.392,,,TAGORE INDUSTRIAL AVENUE,1.573
tagore_industrial_avenue,Tagore Industrial Avenue,2472.0,27394.949,40939.481,21.826,22.607,22.607,,,TAGORE INDUSTRIAL AVENUE,1.701
tagore_industrial_avenue,Tagore Industrial Avenue,2474.0,27396.092,40941.123,25.976,22.821,22.607,,,TAGORE INDUSTRIAL AVENUE,1.829
tagore_industrial_avenue,Tagore Industrial Avenue,2476.0,27397.235,40942.764,25.784,22.709,22.607,,,TAGORE INDUSTRIAL AVENUE,1.958
tagore_industrial_avenue,Tagore Industrial Avenue,2478.0,27398.377,40944.406,26.684,22.597,22.597,,,TAGORE INDUSTRIAL AVENUE,2.086
tagore_industrial_avenue,Tagore Industrial Avenue,2480.0,27399.52,40946.047,26.726,22.485,22.485,,,TAGORE INDUSTRIAL AVENUE,2.214
tagore_industrial_avenue,Tagore Industrial Avenue,2482.0,27400.663,40947.688,26.601,22.373,22.373,,,TAGORE INDUSTRIAL AVENUE,2.343
tagore_industrial_avenue,Tagore Industrial Avenue,2484.0,27401.805,40949.33,25.859,22.261,22.261,,,TAGORE INDUSTRIAL AVENUE,2.471
tagore_industrial_avenue,Tagore Industrial Avenue,2486.0,27402.948,40950.971,25.743,22.149,22.149,,,TAGORE INDUSTRIAL AVENUE,2.599
tagore_industrial_avenue,Tagore Industrial Avenue,2488.0,27404.091,40952.613,25.259,22.037,22.037,,,TAGORE INDUSTRIAL AVENUE,2.727
tagore_industrial_avenue,Tagore Industrial Avenue,2490.0,27405.234,40954.254,24.693,21.925,21.925,,,TAGORE INDUSTRIAL AVENUE,2.856
tagore_industrial_avenue,Tagore Industrial Avenue,2492.0,27406.376,40955.896,24.634,21.813,21.813,,,TAGORE INDUSTRIAL AVENUE,2.984
tagore_industrial_avenue,Tagore Industrial Avenue,2494.0,27407.519,40957.537,21.701,21.701,21.798,,,TAGORE INDUSTRIAL AVENUE,3.112
tagore_industrial_avenue,Tagore Industrial Avenue,2496.0,27408.662,40959.178,21.701,21.701,21.798,,,TAGORE INDUSTRIAL AVENUE,3.241
tagore_industrial_avenue,Tagore Industrial Avenue,2498.0,27409.804,40960.82,22.559,21.798,21.798,1.806,1.0,TAGORE INDUSTRIAL AVENUE,3.369
tagore_industrial_avenue,Tagore Industrial Avenue,2500.0,27410.947,40962.461,22.626,21.895,21.895,2.431,1.0,TAGORE INDUSTRIAL AVENUE,3.497
tagore_industrial_avenue,Tagore Industrial Avenue,2502.0,27412.09,40964.103,21.993,21.993,21.943,,,TAGORE INDUSTRIAL AVENUE,3.625
tagore_industrial_avenue,Tagore Industrial Avenue,2504.0,27413.232,40965.744,21.943,21.943,21.993,,,TAGORE INDUSTRIAL AVENUE,3.754
tagore_industrial_avenue,Tagore Industrial Avenue,2506.0,27414.375,40967.386,22.693,22.11,22.11,,,TAGORE INDUSTRIAL AVENUE,3.882
tagore_industrial_avenue,Tagore Industrial Avenue,2508.0,27415.518,40969.027,25.433,22.278,22.278,,,TAGORE INDUSTRIAL AVENUE,4.011
tagore_industrial_avenue,Tagore Industrial Avenue,2510.0,27416.66,40970.668,25.977,22.446,22.446,,,TAGORE INDUSTRIAL AVENUE,4.139
tagore_industrial_avenue,Tagore Industrial Avenue,2512.0,27417.803,40972.31,25.095,22.613,22.613,,,TAGORE INDUSTRIAL AVENUE,4.267
tagore_industrial_avenue,Tagore Industrial Avenue,2514.0,27418.946,40973.951,26.364,22.781,22.781,,,TAGORE INDUSTRIAL AVENUE,4.396
tagore_industrial_avenue,Tagore Industrial Avenue,2516.0,27420.088,40975.593,24.614,22.949,22.949,,,TAGORE INDUSTRIAL AVENUE,4.524
tagore_industrial_avenue,Tagore Industrial Avenue,2518.0,27421.231,40977.234,25.895,23.116,23.116,,,TAGORE INDUSTRIAL AVENUE,4.652
tagore_industrial_avenue,Tagore Industrial Avenue,2520.0,27422.374,40978.875,26.395,23.284,23.284,,,TAGORE INDUSTRIAL AVENUE,4.781
tagore_industrial_avenue,Tagore Industrial Avenue,2522.0,27423.516,40980.517,22.464,23.452,23.452,,,TAGORE INDUSTRIAL AVENUE,4.909
tagore_industrial_avenue,Tagore Industrial Avenue,2524.0,27424.659,40982.158,23.889,23.619,23.619,,,TAGORE INDUSTRIAL AVENUE,5.037
tagore_industrial_avenue,Tagore Industrial Avenue,2526.0,27425.802,40983.8,23.108,23.787,23.787,,,TAGORE INDUSTRIAL AVENUE,5.166
tagore_industrial_avenue,Tagore Industrial Avenue,2528.0,27426.945,40985.441,22.408,23.955,23.955,,,TAGORE INDUSTRIAL AVENUE,5.294
tagore_industrial_avenue,Tagore Industrial Avenue,2530.0,27428.087,40987.083,22.42,24.123,24.051,,,TAGORE INDUSTRIAL AVENUE,5.423
tagore_industrial_avenue,Tagore Industrial Avenue,2532.0,27429.23,40988.724,24.883,24.29,24.051,,,TAGORE INDUSTRIAL AVENUE,5.551
tagore_industrial_avenue,Tagore Industrial Avenue,2534.0,27430.373,40990.365,24.458,24.051,24.051,,,TAGORE INDUSTRIAL AVENUE,5.679
tagore_industrial_avenue,Tagore Industrial Avenue,2536.0,27431.515,40992.007,23.195,23.812,23.812,,,TAGORE INDUSTRIAL AVENUE,5.808
tagore_industrial_avenue,Tagore Industrial Avenue,2538.0,27432.658,40993.648,25.302,23.518,23.518,,,TAGORE INDUSTRIAL AVENUE,5.936
tagore_industrial_avenue,Tagore Industrial Avenue,2540.0,27433.801,40995.29,23.62,23.225,23.225,,,TAGORE INDUSTRIAL AVENUE,6.064
tagore_industrial_avenue,Tagore Industrial Avenue,2542.0,27434.943,40996.931,23.345,22.931,22.931,,,TAGORE INDUSTRIAL AVENUE,6.193
tagore_industrial_avenue,Tagore Industrial Avenue,2544.0,27436.086,40998.573,25.277,22.638,22.638,,,TAGORE INDUSTRIAL AVENUE,6.321
tagore_industrial_avenue,Tagore Industrial Avenue,2546.0,27437.229,41000.214,21.439,22.344,22.344,,,TAGORE INDUSTRIAL AVENUE,6.45
tagore_industrial_avenue,Tagore Industrial Avenue,2548.0,27438.371,41001.855,21.233,22.051,22.051,,,TAGORE INDUSTRIAL AVENUE,6.578
tagore_industrial_avenue,Tagore Industrial Avenue,2550.0,27439.514,41003.497,21.27,21.758,21.758,,,TAGORE INDUSTRIAL AVENUE,6.706
tagore_industrial_avenue,Tagore Industrial Avenue,2552.0,27440.657,41005.138,22.195,21.464,21.758,,,TAGORE INDUSTRIAL AVENUE,6.835
tagore_industrial_avenue,Tagore Industrial Avenue,2554.0,27441.799,41006.78,21.602,21.658,21.758,,,TAGORE INDUSTRIAL AVENUE,6.963
tagore_industrial_avenue,Tagore Industrial Avenue,2556.0,27442.942,41008.421,21.852,21.852,21.852,,,TAGORE INDUSTRIAL AVENUE,7.101
tagore_industrial_avenue,Tagore Industrial Avenue,2558.0,27444.085,41010.063,22.271,21.916,21.916,,,TAGORE INDUSTRIAL AVENUE,7.239
tagore_industrial_avenue,Tagore Industrial Avenue,2560.0,27445.227,41011.704,22.431,21.981,21.931,,,TAGORE INDUSTRIAL AVENUE,7.378
tagore_industrial_avenue,Tagore Industrial Avenue,2562.0,27446.37,41013.345,22.046,22.046,21.931,,,TAGORE INDUSTRIAL AVENUE,7.516
tagore_industrial_avenue,Tagore Industrial Avenue,2564.0,27447.414,41014.763,21.586,21.931,21.981,,,TAGORE INDUSTRIAL AVENUE,7.685
tagore_industrial_avenue,Tagore Industrial Avenue,2566.0,27446.972,41012.812,21.816,21.816,21.996,,,TAGORE INDUSTRIAL AVENUE,8.306
tagore_industrial_avenue,Tagore Industrial Avenue,2568.0,27446.53,41010.862,23.151,21.996,21.996,,,TAGORE INDUSTRIAL AVENUE,8.927
tagore_industrial_avenue,Tagore Industrial Avenue,2570.0,27446.088,41008.911,21.811,22.176,22.176,,,TAGORE INDUSTRIAL AVENUE,9.549
tagore_industrial_avenue,Tagore Industrial Avenue,2572.0,27445.645,41006.961,21.852,22.71,22.71,,,TAGORE INDUSTRIAL AVENUE,10.17
tagore_industrial_avenue,Tagore Industrial Avenue,2574.0,27445.203,41005.01,21.995,23.243,23.243,,,TAGORE INDUSTRIAL AVENUE,10.791
tagore_industrial_avenue,Tagore Industrial Avenue,2576.0,27444.761,41003.06,23.895,23.776,23.776,,,TAGORE INDUSTRIAL AVENUE,11.422
tagore_industrial_avenue,Tagore Industrial Avenue,2578.0,27444.319,41001.109,22.702,,24.31,,,TAGORE INDUSTRIAL AVENUE,12.053
tagore_industrial_avenue,Tagore Industrial Avenue,2580.0,27443.877,40999.159,26.527,,24.843,,,TAGORE INDUSTRIAL AVENUE,12.684
tagore_industrial_avenue,Tagore Industrial Avenue,2582.0,27443.434,40997.208,26.533,25.377,25.377,,,TAGORE INDUSTRIAL AVENUE,13.315
tagore_industrial_avenue,Tagore Industrial Avenue,2584.0,27442.992,40995.258,26.72,25.91,25.91,,,TAGORE INDUSTRIAL AVENUE,13.946
tagore_industrial_avenue,Tagore Industrial Avenue,2586.0,27442.55,40993.307,26.758,26.443,26.443,,,TAGORE INDUSTRIAL AVENUE,14.577
tagore_industrial_avenue,Tagore Industrial Avenue,2588.0,27442.108,40991.357,26.977,26.977,26.977,,,TAGORE INDUSTRIAL AVENUE,15.208
tagore_industrial_avenue,Tagore Industrial Avenue,2590.0,27441.666,40989.406,27.602,27.084,27.084,,,TAGORE INDUSTRIAL AVENUE,15.839
tagore_industrial_avenue,Tagore Industrial Avenue,2592.0,27441.224,40987.456,25.72,27.191,27.191,,,TAGORE INDUSTRIAL AVENUE,16.47
tagore_industrial_avenue,Tagore Industrial Avenue,2594.0,27440.781,40985.505,26.533,27.298,27.298,,,TAGORE INDUSTRIAL AVENUE,17.101
tagore_industrial_avenue,Tagore Industrial Avenue,2596.0,27440.339,40983.555,31.458,27.405,27.405,,,TAGORE INDUSTRIAL AVENUE,17.732
tagore_industrial_avenue,Tagore Industrial Avenue,2598.0,27439.897,40981.604,31.614,27.512,27.512,,,TAGORE INDUSTRIAL AVENUE,18.363
tagore_industrial_avenue,Tagore Industrial Avenue,2600.0,27439.455,40979.654,31.735,27.619,27.619,,,TAGORE INDUSTRIAL AVENUE,18.994
tagore_industrial_avenue,Tagore Industrial Avenue,2602.0,27439.013,40977.703,29.865,27.726,27.726,,,TAGORE INDUSTRIAL AVENUE,19.625
tagore_industrial_avenue,Tagore Industrial Avenue,2604.0,27438.571,40975.753,29.07,27.833,27.833,,,TAGORE INDUSTRIAL AVENUE,20.256
tagore_industrial_avenue,Tagore Industrial Avenue,2606.0,27438.128,40973.802,33.315,27.94,27.94,,,TAGORE INDUSTRIAL AVENUE,20.887
tagore_industrial_avenue,Tagore Industrial Avenue,2608.0,27437.686,40971.852,28.514,28.047,28.047,,,TAGORE INDUSTRIAL AVENUE,21.518
tagore_industrial_avenue,Tagore Industrial Avenue,2610.0,27437.244,40969.901,30.708,28.155,28.155,,,TAGORE INDUSTRIAL AVENUE,22.149
tagore_industrial_avenue,Tagore Industrial Avenue,2612.0,27436.802,40967.951,27.889,28.262,28.155,,,TAGORE INDUSTRIAL AVENUE,22.78
tagore_industrial_avenue,Tagore Industrial Avenue,2614.0,27436.36,40966.0,27.47,28.369,28.155,,,TAGORE INDUSTRIAL AVENUE,23.411
tagore_industrial_avenue,Tagore Industrial Avenue,2616.0,27435.917,40964.05,28.589,28.144,28.144,,,TAGORE INDUSTRIAL AVENUE,24.042
tagore_industrial_avenue,Tagore Industrial Avenue,2618.0,27435.475,40962.099,28.583,27.919,27.919,,,TAGORE INDUSTRIAL AVENUE,24.673
tagore_industrial_avenue,Tagore Industrial Avenue,2620.0,27435.033,40960.149,28.994,27.694,27.694,,,TAGORE INDUSTRIAL AVENUE,25.304
tagore_industrial_avenue,Tagore Industrial Avenue,2622.0,27434.591,40958.198,31.551,27.69,27.69,,,TAGORE INDUSTRIAL AVENUE,25.935
tagore_industrial_avenue,Tagore Industrial Avenue,2624.0,27434.149,40956.248,27.701,27.685,27.685,,,TAGORE INDUSTRIAL AVENUE,26.566
tagore_industrial_avenue,Tagore Industrial Avenue,2626.0,27433.707,40954.297,23.951,27.681,27.681,,,TAGORE INDUSTRIAL AVENUE,27.197
tagore_industrial_avenue,Tagore Industrial Avenue,2628.0,27433.264,40952.347,24.139,27.677,27.677,,,TAGORE INDUSTRIAL AVENUE,27.828
tagore_industrial_avenue,Tagore Industrial Avenue,2630.0,27432.822,40950.396,24.276,27.673,27.673,,,TAGORE INDUSTRIAL AVENUE,28.459
tagore_industrial_avenue,Tagore Industrial Avenue,2632.0,27432.38,40948.446,24.676,27.668,27.668,,,TAGORE INDUSTRIAL AVENUE,29.09
tagore_industrial_avenue,Tagore Industrial Avenue,2634.0,27431.938,40946.495,24.326,27.664,27.664,,,TAGORE INDUSTRIAL AVENUE,29.721
tagore_industrial_avenue,Tagore Industrial Avenue,2636.0,27431.496,40944.545,24.776,27.66,27.66,,,TAGORE INDUSTRIAL AVENUE,30.352
tagore_industrial_avenue,Tagore Industrial Avenue,2638.0,27431.054,40942.594,26.993,27.656,27.656,,,TAGORE INDUSTRIAL AVENUE,30.983
tagore_industrial_avenue,Tagore Industrial Avenue,2640.0,27430.611,40940.644,26.643,27.651,27.651,,,TAGORE INDUSTRIAL AVENUE,31.615
tagore_industrial_avenue,Tagore Industrial Avenue,2642.0,27430.169,40938.693,26.809,27.647,27.647,,,TAGORE INDUSTRIAL AVENUE,32.246
tagore_industrial_avenue,Tagore Industrial Avenue,2644.0,27429.727,40936.743,27.643,27.643,27.647,,,TAGORE INDUSTRIAL AVENUE,32.877
tagore_industrial_avenue,Tagore Industrial Avenue,2646.0,27429.285,40934.792,32.11,27.629,27.647,,,TAGORE INDUSTRIAL AVENUE,33.508
tagore_industrial_avenue,Tagore Industrial Avenue,2648.0,27428.843,40932.842,31.118,27.947,27.947,,,TAGORE INDUSTRIAL AVENUE,34.139
tagore_industrial_avenue,Tagore Industrial Avenue,2650.0,27428.401,40930.891,27.602,28.266,28.266,,,TAGORE INDUSTRIAL AVENUE,34.77
tagore_industrial_avenue,Tagore Industrial Avenue,2652.0,27427.958,40928.941,27.602,28.584,28.584,,,TAGORE INDUSTRIAL AVENUE,35.401
tagore_industrial_avenue,Tagore Industrial Avenue,2654.0,27427.516,40926.99,27.602,28.902,28.902,,,TAGORE INDUSTRIAL AVENUE,36.032
tagore_industrial_avenue,Tagore Industrial Avenue,2656.0,27427.074,40925.04,24.078,29.221,29.079,,,TAGORE INDUSTRIAL AVENUE,36.663
tagore_industrial_avenue,Tagore Industrial Avenue,2658.0,27426.632,40923.089,28.439,29.15,29.079,,,TAGORE INDUSTRIAL AVENUE,37.294
tagore_industrial_avenue,Tagore Industrial Avenue,2660.0,27426.19,40921.139,32.5,29.079,29.079,,,TAGORE INDUSTRIAL AVENUE,37.925
tagore_industrial_avenue,Tagore Industrial Avenue,2662.0,27425.747,40919.188,32.7,29.008,29.008,,,TAGORE INDUSTRIAL AVENUE,38.556
tagore_industrial_avenue,Tagore Industrial Avenue,2664.0,27425.305,40917.237,33.414,28.741,28.741,,,TAGORE INDUSTRIAL AVENUE,39.187
tagore_industrial_avenue,Tagore Industrial Avenue,2666.0,27424.863,40915.287,33.439,28.475,28.475,,,TAGORE INDUSTRIAL AVENUE,39.818
tagore_industrial_avenue,Tagore Industrial Avenue,2668.0,27424.421,40913.336,31.45,28.208,28.208,,,TAGORE INDUSTRIAL AVENUE,40.449
tagore_industrial_avenue,Tagore Industrial Avenue,2670.0,27423.979,40911.386,,27.921,27.921,,,TAGORE INDUSTRIAL AVENUE,41.081
tagore_industrial_avenue,Tagore Industrial Avenue,2672.0,27423.537,40909.435,26.801,27.633,27.633,,,TAGORE INDUSTRIAL AVENUE,41.712
tagore_industrial_avenue,Tagore Industrial Avenue,2674.0,27423.094,40907.485,26.739,27.346,27.346,,,TAGORE INDUSTRIAL AVENUE,42.343
tagore_industrial_avenue,Tagore Industrial Avenue,2676.0,27422.652,40905.534,26.751,27.058,27.346,,,TAGORE INDUSTRIAL AVENUE,42.974
tagore_industrial_avenue,Tagore Industrial Avenue,2678.0,27422.21,40903.584,25.2,27.272,27.346,,,TAGORE INDUSTRIAL AVENUE,43.605
tagore_industrial_avenue,Tagore Industrial Avenue,2680.0,27421.768,40901.633,25.4,27.487,27.487,,,TAGORE INDUSTRIAL AVENUE,44.236
tagore_industrial_avenue,Tagore Industrial Avenue,2682.0,27421.326,40899.683,27.725,28.185,28.185,,,TAGORE INDUSTRIAL AVENUE,44.867
tagore_industrial_avenue,Tagore Industrial Avenue,2684.0,27420.884,40897.732,27.75,28.883,28.883,,,TAGORE INDUSTRIAL AVENUE,45.498
tagore_industrial_avenue,Tagore Industrial Avenue,2686.0,27420.441,40895.782,27.017,29.581,29.581,,,TAGORE INDUSTRIAL AVENUE,46.129
tagore_industrial_avenue,Tagore Industrial Avenue,2688.0,27419.999,40893.831,26.867,30.278,30.278,,,TAGORE INDUSTRIAL AVENUE,46.76
tagore_industrial_avenue,Tagore Industrial Avenue,2690.0,27419.557,40891.881,30.879,31.047,31.047,,,TAGORE INDUSTRIAL AVENUE,47.391
tagore_industrial_avenue,Tagore Industrial Avenue,2692.0,27419.115,40889.93,31.192,31.815,31.815,,,TAGORE INDUSTRIAL AVENUE,48.022
tagore_industrial_avenue,Tagore Industrial Avenue,2694.0,27418.673,40887.98,31.454,32.584,32.584,,,TAGORE INDUSTRIAL AVENUE,48.653
tagore_industrial_avenue,Tagore Industrial Avenue,2696.0,27418.23,40886.029,37.024,33.352,33.352,,,TAGORE INDUSTRIAL AVENUE,49.284
tagore_industrial_avenue,Tagore Industrial Avenue,2698.0,27417.788,40884.079,37.1,34.121,34.121,,,TAGORE INDUSTRIAL AVENUE,49.915
tagore_industrial_avenue,Tagore Industrial Avenue,2700.0,27417.346,40882.128,36.9,34.889,34.889,,,TAGORE INDUSTRIAL AVENUE,50.547
tagore_industrial_avenue,Tagore Industrial Avenue,2702.0,27416.904,40880.178,,35.657,35.657,,,TAGORE INDUSTRIAL AVENUE,51.178
tagore_industrial_avenue,Tagore Industrial Avenue,2704.0,27416.462,40878.227,,35.923,35.923,,,TAGORE INDUSTRIAL AVENUE,51.809
tagore_industrial_avenue,Tagore Industrial Avenue,2706.0,27416.02,40876.277,,36.189,35.923,,,TAGORE INDUSTRIAL AVENUE,52.44
tagore_industrial_avenue,Tagore Industrial Avenue,2708.0,27415.577,40874.326,,35.952,35.923,,,TAGORE INDUSTRIAL AVENUE,53.071
tagore_industrial_avenue,Tagore Industrial Avenue,2710.0,27415.135,40872.376,,35.715,35.715,,,TAGORE INDUSTRIAL AVENUE,53.702
tagore_industrial_avenue,Tagore Industrial Avenue,2712.0,27414.693,40870.425,,35.478,35.478,,,TAGORE INDUSTRIAL AVENUE,54.333
tagore_industrial_avenue,Tagore Industrial Avenue,2714.0,27414.251,40868.475,,35.197,35.197,,,TAGORE INDUSTRIAL AVENUE,54.964
tagore_industrial_avenue,Tagore Industrial Avenue,2716.0,27413.809,40866.524,,34.916,34.916,,,TAGORE INDUSTRIAL AVENUE,55.6
tagore_industrial_avenue,Tagore Industrial Avenue,2718.0,27413.367,40864.574,,34.38,34.38,,,TAGORE INDUSTRIAL AVENUE,56.243
tagore_industrial_avenue,Tagore Industrial Avenue,2720.0,27412.924,40862.623,,33.844,33.844,,,TAGORE INDUSTRIAL AVENUE,56.886
tagore_industrial_avenue,Tagore Industrial Avenue,2722.0,27412.482,40860.673,38.754,33.308,33.308,,,TAGORE INDUSTRIAL AVENUE,57.529
tagore_industrial_avenue,Tagore Industrial Avenue,2724.0,27412.04,40858.722,34.057,,33.04,,,TAGORE INDUSTRIAL AVENUE,58.172
tagore_industrial_avenue,Tagore Industrial Avenue,2726.0,27411.598,40856.772,34.057,,32.772,,,TAGORE INDUSTRIAL AVENUE,58.815
tagore_industrial_avenue,Tagore Industrial Avenue,2728.0,27411.156,40854.821,29.31,,32.236,,,TAGORE INDUSTRIAL AVENUE,59.458
tagore_industrial_avenue,Tagore Industrial Avenue,2730.0,27410.714,40852.871,29.31,,30.629,,,TAGORE INDUSTRIAL AVENUE,60.101
tagore_industrial_avenue,Tagore Industrial Avenue,2732.0,27410.271,40850.92,27.364,,30.093,,,TAGORE INDUSTRIAL AVENUE,60.743
tagore_industrial_avenue,Tagore Industrial Avenue,2734.0,27409.829,40848.97,26.943,,29.825,,,TAGORE INDUSTRIAL AVENUE,61.386
tagore_industrial_avenue,Tagore Industrial Avenue,2736.0,27409.387,40847.019,27.854,29.557,29.557,,,TAGORE INDUSTRIAL AVENUE,62.029
tagore_industrial_avenue,Tagore Industrial Avenue,2738.0,27408.945,40845.069,28.104,29.021,29.021,,,TAGORE INDUSTRIAL AVENUE,62.672
tagore_industrial_avenue,Tagore Industrial Avenue,2740.0,27408.503,40843.118,27.95,28.485,28.485,,,TAGORE INDUSTRIAL AVENUE,63.315
tagore_industrial_avenue,Tagore Industrial Avenue,2742.0,27408.06,40841.168,27.95,27.95,28.419,,,TAGORE INDUSTRIAL AVENUE,63.958
tagore_industrial_avenue,Tagore Industrial Avenue,2744.0,27407.618,40839.217,28.168,28.168,28.419,,,TAGORE INDUSTRIAL AVENUE,64.601
tagore_industrial_avenue,Tagore Industrial Avenue,2746.0,27407.176,40837.267,27.937,28.419,28.419,,,TAGORE INDUSTRIAL AVENUE,65.244
tagore_industrial_avenue,Tagore Industrial Avenue,2748.0,27406.734,40835.316,29.624,28.836,28.836,,,TAGORE INDUSTRIAL AVENUE,65.887
tagore_industrial_avenue,Tagore Industrial Avenue,2750.0,27406.292,40833.366,,29.254,29.254,,,TAGORE INDUSTRIAL AVENUE,66.53
tagore_industrial_avenue,Tagore Industrial Avenue,2752.0,27405.85,40831.415,,29.671,29.671,,,TAGORE INDUSTRIAL AVENUE,67.173
tagore_industrial_avenue,Tagore Industrial Avenue,2754.0,27405.407,40829.465,,30.172,30.172,,,TAGORE INDUSTRIAL AVENUE,67.816
tagore_industrial_avenue,Tagore Industrial Avenue,2756.0,27404.965,40827.514,,30.672,30.672,,,TAGORE INDUSTRIAL AVENUE,68.459
tagore_industrial_avenue,Tagore Industrial Avenue,2758.0,27404.523,40825.564,,31.173,31.173,,,TAGORE INDUSTRIAL AVENUE,69.102
tagore_industrial_avenue,Tagore Industrial Avenue,2760.0,27404.081,40823.613,,31.674,31.674,,,TAGORE INDUSTRIAL AVENUE,69.744
tagore_industrial_avenue,Tagore Industrial Avenue,2762.0,27403.639,40821.663,,32.175,32.175,,,TAGORE INDUSTRIAL AVENUE,70.387
tagore_industrial_avenue,Tagore Industrial Avenue,2764.0,27403.197,40819.712,,32.675,32.675,,,TAGORE INDUSTRIAL AVENUE,71.03
tagore_industrial_avenue,Tagore Industrial Avenue,2766.0,27402.754,40817.762,,33.176,33.176,,,TAGORE INDUSTRIAL AVENUE,71.673
tagore_industrial_avenue,Tagore Industrial Avenue,2768.0,27402.312,40815.811,,,33.427,,,TAGORE INDUSTRIAL AVENUE,72.316
tagore_industrial_avenue,Tagore Industrial Avenue,2770.0,27401.87,40813.861,,,33.677,,,TAGORE INDUSTRIAL AVENUE,72.959
tagore_industrial_avenue,Tagore Industrial Avenue,2772.0,27401.428,40811.91,,,34.178,,,TAGORE INDUSTRIAL AVENUE,73.602
tagore_industrial_avenue,Tagore Industrial Avenue,2774.0,27400.986,40809.96,,,35.68,,,TAGORE INDUSTRIAL AVENUE,74.245
tagore_industrial_avenue,Tagore Industrial Avenue,2776.0,27400.544,40808.009,,,36.181,,,TAGORE INDUSTRIAL AVENUE,74.888
tagore_industrial_avenue,Tagore Industrial Avenue,2778.0,27400.101,40806.059,,,36.431,,,TAGORE INDUSTRIAL AVENUE,75.531
tagore_industrial_avenue,Tagore Industrial Avenue,2780.0,27399.659,40804.108,,36.681,36.681,,,TAGORE INDUSTRIAL AVENUE,74.725
tagore_industrial_avenue,Tagore Industrial Avenue,2782.0,27399.217,40802.158,37.65,37.182,37.182,,,TAGORE INDUSTRIAL AVENUE,73.587
tagore_industrial_avenue,Tagore Industrial Avenue,2784.0,27398.775,40800.207,37.652,37.683,37.683,,,TAGORE INDUSTRIAL AVENUE,72.45
tagore_industrial_avenue,Tagore Industrial Avenue,2786.0,27398.333,40798.257,36.677,38.184,38.184,,,TAGORE INDUSTRIAL AVENUE,71.312
tagore_industrial_avenue,Tagore Industrial Avenue,2788.0,27397.89,40796.306,36.627,38.242,38.184,,,TAGORE INDUSTRIAL AVENUE,70.174
tagore_industrial_avenue,Tagore Industrial Avenue,2790.0,27397.448,40794.355,39.052,38.3,38.184,,,TAGORE INDUSTRIAL AVENUE,69.036
tagore_industrial_avenue,Tagore Industrial Avenue,2792.0,27397.006,40792.405,39.002,38.015,38.015,,,TAGORE INDUSTRIAL AVENUE,67.898
tagore_industrial_avenue,Tagore Industrial Avenue,2794.0,27396.564,40790.454,37.585,37.73,37.73,,,TAGORE INDUSTRIAL AVENUE,66.76
tagore_industrial_avenue,Tagore Industrial Avenue,2796.0,27396.122,40788.504,39.685,37.446,37.446,,,TAGORE INDUSTRIAL AVENUE,65.622
tagore_industrial_avenue,Tagore Industrial Avenue,2798.0,27395.68,40786.553,39.652,37.161,37.161,,,TAGORE INDUSTRIAL AVENUE,64.484
tagore_industrial_avenue,Tagore Industrial Avenue,2800.0,27395.237,40784.603,36.466,36.876,36.876,,,TAGORE INDUSTRIAL AVENUE,63.346
tagore_industrial_avenue,Tagore Industrial Avenue,2802.0,27394.795,40782.652,36.591,36.646,36.646,,,TAGORE INDUSTRIAL AVENUE,62.208
tagore_industrial_avenue,Tagore Industrial Avenue,2804.0,27394.353,40780.702,36.403,36.417,36.445,,,TAGORE INDUSTRIAL AVENUE,61.07
tagore_industrial_avenue,Tagore Industrial Avenue,2806.0,27393.911,40778.751,36.941,36.187,36.445,,,TAGORE INDUSTRIAL AVENUE,59.932
tagore_industrial_avenue,Tagore Industrial Avenue,2808.0,27393.469,40776.801,32.742,36.445,36.445,,,TAGORE INDUSTRIAL AVENUE,58.794
tagore_industrial_avenue,Tagore Industrial Avenue,2810.0,27393.027,40774.85,32.954,36.702,36.702,,,TAGORE INDUSTRIAL AVENUE,57.656
tagore_industrial_avenue,Tagore Industrial Avenue,2812.0,27392.584,40772.9,33.285,36.96,36.96,,,TAGORE INDUSTRIAL AVENUE,56.518
tagore_industrial_avenue,Tagore Industrial Avenue,2814.0,27392.142,40770.949,33.486,37.217,37.217,,,TAGORE INDUSTRIAL AVENUE,55.38
tagore_industrial_avenue,Tagore Industrial Avenue,2816.0,27391.7,40768.999,30.551,37.474,37.474,,,TAGORE INDUSTRIAL AVENUE,54.242
tagore_industrial_avenue,Tagore Industrial Avenue,2818.0,27391.258,40767.048,33.747,37.732,37.732,,,TAGORE INDUSTRIAL AVENUE,53.105
tagore_industrial_avenue,Tagore Industrial Avenue,2820.0,27390.816,40765.098,36.588,37.989,37.989,,,TAGORE INDUSTRIAL AVENUE,51.967
tagore_industrial_avenue,Tagore Industrial Avenue,2822.0,27390.373,40763.147,39.79,38.247,37.989,,,TAGORE INDUSTRIAL AVENUE,50.829
tagore_industrial_avenue,Tagore Industrial Avenue,2824.0,27389.931,40761.197,39.79,38.129,37.989,,,TAGORE INDUSTRIAL AVENUE,49.691
tagore_industrial_avenue,Tagore Industrial Avenue,2826.0,27389.489,40759.246,35.336,37.874,37.874,,,TAGORE INDUSTRIAL AVENUE,48.553
tagore_industrial_avenue,Tagore Industrial Avenue,2828.0,27389.047,40757.296,38.834,37.618,37.618,,,TAGORE INDUSTRIAL AVENUE,47.415
tagore_industrial_avenue,Tagore Industrial Avenue,2830.0,27388.605,40755.345,41.734,37.362,37.362,,,TAGORE INDUSTRIAL AVENUE,46.277
tagore_industrial_avenue,Tagore Industrial Avenue,2832.0,27388.163,40753.395,40.978,37.107,37.204,,,TAGORE INDUSTRIAL AVENUE,45.139
tagore_industrial_avenue,Tagore Industrial Avenue,2834.0,27387.72,40751.444,40.997,37.155,37.204,,,TAGORE INDUSTRIAL AVENUE,44.001
tagore_industrial_avenue,Tagore Industrial Avenue,2836.0,27387.278,40749.494,38.112,37.204,37.204,,,TAGORE INDUSTRIAL AVENUE,42.858
tagore_industrial_avenue,Tagore Industrial Avenue,2838.0,27386.836,40747.543,,37.253,37.253,,,TAGORE INDUSTRIAL AVENUE,41.701
tagore_industrial_avenue,Tagore Industrial Avenue,2840.0,27386.394,40745.593,,37.302,37.302,,,TAGORE INDUSTRIAL AVENUE,40.545
tagore_industrial_avenue,Tagore Industrial Avenue,2842.0,27385.952,40743.642,33.753,37.35,37.35,,,TAGORE INDUSTRIAL AVENUE,39.388
tagore_industrial_avenue,Tagore Industrial Avenue,2844.0,27385.51,40741.692,33.678,37.399,37.399,,,TAGORE INDUSTRIAL AVENUE,38.231
tagore_industrial_avenue,Tagore Industrial Avenue,2846.0,27385.067,40739.741,33.452,37.448,37.448,,,TAGORE INDUSTRIAL AVENUE,37.074
tagore_industrial_avenue,Tagore Industrial Avenue,2848.0,27384.625,40737.791,33.302,37.497,37.497,,,TAGORE INDUSTRIAL AVENUE,35.917
tagore_industrial_avenue,Tagore Industrial Avenue,2850.0,27384.183,40735.84,36.17,37.545,37.545,,,TAGORE INDUSTRIAL AVENUE,34.761
tagore_industrial_avenue,Tagore Industrial Avenue,2852.0,27383.741,40733.89,37.568,37.594,37.545,,,TAGORE INDUSTRIAL AVENUE,33.604
tagore_industrial_avenue,Tagore Industrial Avenue,2854.0,27383.299,40731.939,37.643,37.643,37.545,,,TAGORE INDUSTRIAL AVENUE,32.447
tagore_industrial_avenue,Tagore Industrial Avenue,2856.0,27382.857,40729.989,37.784,37.404,37.404,,,TAGORE INDUSTRIAL AVENUE,31.29
tagore_industrial_avenue,Tagore Industrial Avenue,2858.0,27382.414,40728.038,37.868,37.165,37.165,,,TAGORE INDUSTRIAL AVENUE,30.133
tagore_industrial_avenue,Tagore Industrial Avenue,2860.0,27381.972,40726.088,37.801,36.926,36.926,,,TAGORE INDUSTRIAL AVENUE,28.977
tagore_industrial_avenue,Tagore Industrial Avenue,2862.0,27381.53,40724.137,37.003,36.327,36.327,,,TAGORE INDUSTRIAL AVENUE,27.82
tagore_industrial_avenue,Tagore Industrial Avenue,2864.0,27381.088,40722.187,35.812,35.728,35.728,,,TAGORE INDUSTRIAL AVENUE,26.663
tagore_industrial_avenue,Tagore Industrial Avenue,2866.0,27380.646,40720.236,35.325,35.129,35.129,,,TAGORE INDUSTRIAL AVENUE,25.506
tagore_industrial_avenue,Tagore Industrial Avenue,2868.0,27380.203,40718.286,35.212,,34.53,,,TAGORE INDUSTRIAL AVENUE,24.35
tagore_industrial_avenue,Tagore Industrial Avenue,2870.0,27379.761,40716.335,33.312,33.931,33.931,,,TAGORE INDUSTRIAL AVENUE,23.193
tagore_industrial_avenue,Tagore Industrial Avenue,2872.0,27379.319,40714.385,30.279,33.332,33.332,,,TAGORE INDUSTRIAL AVENUE,22.036
tagore_industrial_avenue,Tagore Industrial Avenue,2874.0,27378.877,40712.434,32.116,32.733,32.733,,,TAGORE INDUSTRIAL AVENUE,20.879
tagore_industrial_avenue,Tagore Industrial Avenue,2876.0,27378.435,40710.484,29.904,32.134,32.134,,,TAGORE INDUSTRIAL AVENUE,19.722
tagore_industrial_avenue,Tagore Industrial Avenue,2878.0,27377.993,40708.533,31.95,31.844,31.844,,,TAGORE INDUSTRIAL AVENUE,18.566
tagore_industrial_avenue,Tagore Industrial Avenue,2880.0,27377.55,40706.583,29.839,31.554,31.554,,,TAGORE INDUSTRIAL AVENUE,17.409
tagore_industrial_avenue,Tagore Industrial Avenue,2882.0,27377.108,40704.632,30.804,31.264,31.264,,,TAGORE INDUSTRIAL AVENUE,16.252
tagore_industrial_avenue,Tagore Industrial Avenue,2884.0,27376.666,40702.682,30.974,30.974,30.974,,,TAGORE INDUSTRIAL AVENUE,15.095
tagore_industrial_avenue,Tagore Industrial Avenue,2886.0,27376.224,40700.731,32.72,30.912,30.912,,,TAGORE INDUSTRIAL AVENUE,13.938
tagore_industrial_avenue,Tagore Industrial Avenue,2888.0,27375.782,40698.781,26.899,30.849,30.849,,,TAGORE INDUSTRIAL AVENUE,12.782
tagore_industrial_avenue,Tagore Industrial Avenue,2890.0,27375.34,40696.83,32.416,30.572,30.572,,,TAGORE INDUSTRIAL AVENUE,11.625
tagore_industrial_avenue,Tagore Industrial Avenue,2892.0,27374.897,40694.88,30.724,30.296,30.399,,,TAGORE INDUSTRIAL AVENUE,10.468
tagore_industrial_avenue,Tagore Industrial Avenue,2894.0,27374.455,40692.929,30.045,30.347,30.399,,,TAGORE INDUSTRIAL AVENUE,9.311
tagore_industrial_avenue,Tagore Industrial Avenue,2896.0,27374.013,40690.979,27.244,30.399,30.399,,,TAGORE INDUSTRIAL AVENUE,8.154
tagore_industrial_avenue,Tagore Industrial Avenue,2898.0,27373.489,40689.957,29.097,30.45,30.45,,,TAGORE INDUSTRIAL AVENUE,7.279
tagore_industrial_avenue,Tagore Industrial Avenue,2900.0,27372.714,40691.801,27.145,30.501,30.501,,,TAGORE INDUSTRIAL AVENUE,7.27
tagore_industrial_avenue,Tagore Industrial Avenue,2902.0,27371.938,40693.644,27.841,30.553,30.553,,,TAGORE INDUSTRIAL AVENUE,7.261
tagore_industrial_avenue,Tagore Industrial Avenue,2904.0,27371.163,40695.488,28.221,30.604,30.604,,,TAGORE INDUSTRIAL AVENUE,7.252
tagore_industrial_avenue,Tagore Industrial Avenue,2906.0,27370.387,40697.331,27.935,30.656,30.656,,,TAGORE INDUSTRIAL AVENUE,7.244
tagore_industrial_avenue,Tagore Industrial Avenue,2908.0,27369.611,40699.175,32.7,30.707,30.707,,,TAGORE INDUSTRIAL AVENUE,7.235
tagore_industrial_avenue,Tagore Industrial Avenue,2910.0,27368.837,40701.019,30.857,30.759,30.759,,,TAGORE INDUSTRIAL AVENUE,7.227
tagore_industrial_avenue,Tagore Industrial Avenue,2912.0,27368.067,40702.864,33.55,30.81,30.81,,,TAGORE INDUSTRIAL AVENUE,7.224
tagore_industrial_avenue,Tagore Industrial Avenue,2914.0,27367.296,40704.71,30.764,31.023,31.023,,,TAGORE INDUSTRIAL AVENUE,7.221
tagore_industrial_avenue,Tagore Industrial Avenue,2916.0,27366.526,40706.555,30.639,31.236,31.236,,,TAGORE INDUSTRIAL AVENUE,7.218
tagore_industrial_avenue,Tagore Industrial Avenue,2918.0,27365.755,40708.401,31.45,31.45,31.45,,,TAGORE INDUSTRIAL AVENUE,7.214
tagore_industrial_avenue,Tagore Industrial Avenue,2920.0,27364.985,40710.247,33.567,31.506,31.506,,,TAGORE INDUSTRIAL AVENUE,7.211
tagore_industrial_avenue,Tagore Industrial Avenue,2922.0,27364.214,40712.092,32.985,31.562,31.562,1.49,1.0,TAGORE INDUSTRIAL AVENUE,7.208
tagore_industrial_avenue,Tagore Industrial Avenue,2924.0,27363.444,40713.938,31.556,31.619,31.569,,,TAGORE INDUSTRIAL AVENUE,7.204
tagore_industrial_avenue,Tagore Industrial Avenue,2926.0,27362.673,40715.784,29.673,31.675,31.569,,,TAGORE INDUSTRIAL AVENUE,7.201
tagore_industrial_avenue,Tagore Industrial Avenue,2928.0,27361.903,40717.629,31.794,31.569,31.569,,,TAGORE INDUSTRIAL AVENUE,7.198
tagore_industrial_avenue,Tagore Industrial Avenue,2930.0,27361.132,40719.475,27.997,31.463,31.463,,,TAGORE INDUSTRIAL AVENUE,7.195
tagore_industrial_avenue,Tagore Industrial Avenue,2932.0,27360.362,40721.32,31.132,31.252,31.252,,,TAGORE INDUSTRIAL AVENUE,7.191
tagore_industrial_avenue,Tagore Industrial Avenue,2934.0,27359.591,40723.166,32.019,31.042,31.042,,,TAGORE INDUSTRIAL AVENUE,7.188
tagore_industrial_avenue,Tagore Industrial Avenue,2936.0,27358.883,40725.036,31.496,30.832,30.832,,,TAGORE INDUSTRIAL AVENUE,7.252
tagore_industrial_avenue,Tagore Industrial Avenue,2938.0,27358.194,40726.914,34.904,30.622,30.622,,,TAGORE INDUSTRIAL AVENUE,7.336
tagore_industrial_avenue,Tagore Industrial Avenue,2940.0,27357.505,40728.791,35.138,30.411,30.411,,,TAGORE INDUSTRIAL AVENUE,7.42
tagore_industrial_avenue,Tagore Industrial Avenue,2942.0,27356.816,40730.669,32.929,30.201,30.201,,,TAGORE INDUSTRIAL AVENUE,7.504
tagore_industrial_avenue,Tagore Industrial Avenue,2944.0,27356.155,40732.556,34.273,29.991,29.991,,,TAGORE INDUSTRIAL AVENUE,7.618
tagore_industrial_avenue,Tagore Industrial Avenue,2946.0,27355.517,40734.452,34.088,29.781,29.781,,,TAGORE INDUSTRIAL AVENUE,7.756
tagore_industrial_avenue,Tagore Industrial Avenue,2948.0,27354.878,40736.347,30.792,29.57,29.57,,,TAGORE INDUSTRIAL AVENUE,7.894
tagore_industrial_avenue,Tagore Industrial Avenue,2950.0,27354.24,40738.243,29.36,29.36,29.36,,,TAGORE INDUSTRIAL AVENUE,8.013
tagore_industrial_avenue,Tagore Industrial Avenue,2952.0,27353.602,40740.138,29.639,29.116,29.116,,,TAGORE INDUSTRIAL AVENUE,8.127
tagore_industrial_avenue,Tagore Industrial Avenue,2954.0,27352.963,40742.033,32.032,28.872,28.872,,,TAGORE INDUSTRIAL AVENUE,8.242
tagore_industrial_avenue,Tagore Industrial Avenue,2956.0,27352.325,40743.929,29.495,28.412,28.412,,,TAGORE INDUSTRIAL AVENUE,8.357
tagore_industrial_avenue,Tagore Industrial Avenue,2958.0,27351.549,40745.768,26.352,27.952,27.952,,,TAGORE INDUSTRIAL AVENUE,8.323
tagore_industrial_avenue,Tagore Industrial Avenue,2960.0,27350.682,40747.57,28.712,27.492,27.492,,,TAGORE INDUSTRIAL AVENUE,8.191
tagore_industrial_avenue,Tagore Industrial Avenue,2962.0,27349.815,40749.373,25.757,,27.032,,,TAGORE INDUSTRIAL AVENUE,8.059
tagore_industrial_avenue,Tagore Industrial Avenue,2964.0,27348.948,40751.175,24.262,,26.573,,,TAGORE INDUSTRIAL AVENUE,7.927
tagore_industrial_avenue,Tagore Industrial Avenue,2966.0,27348.081,40752.977,24.262,26.113,26.113,,,TAGORE INDUSTRIAL AVENUE,7.795
tagore_industrial_avenue,Tagore Industrial Avenue,2968.0,27347.214,40754.78,24.176,25.653,25.653,,,TAGORE INDUSTRIAL AVENUE,7.663
tagore_industrial_avenue,Tagore Industrial Avenue,2970.0,27346.347,40756.582,24.107,25.193,25.193,,,TAGORE INDUSTRIAL AVENUE,7.531
tagore_industrial_avenue,Tagore Industrial Avenue,2972.0,27345.48,40758.384,24.063,24.734,25.023,,,TAGORE INDUSTRIAL AVENUE,7.399
tagore_industrial_avenue,Tagore Industrial Avenue,2974.0,27344.613,40760.186,24.069,24.724,25.023,,,TAGORE INDUSTRIAL AVENUE,7.267
tagore_industrial_avenue,Tagore Industrial Avenue,2976.0,27343.746,40761.989,29.9,25.023,25.023,,,TAGORE INDUSTRIAL AVENUE,7.135
tagore_industrial_avenue,Tagore Industrial Avenue,2978.0,27342.879,40763.791,25.732,25.323,25.323,,,TAGORE INDUSTRIAL AVENUE,7.003
tagore_industrial_avenue,Tagore Industrial Avenue,2980.0,27342.012,40765.593,27.307,25.622,25.622,,,TAGORE INDUSTRIAL AVENUE,6.871
tagore_industrial_avenue,Tagore Industrial Avenue,2982.0,27341.205,40767.422,27.438,25.921,25.921,,,TAGORE INDUSTRIAL AVENUE,6.804
tagore_industrial_avenue,Tagore Industrial Avenue,2984.0,27340.469,40769.282,30.107,26.221,26.221,,,TAGORE INDUSTRIAL AVENUE,6.816
tagore_industrial_avenue,Tagore Industrial Avenue,2986.0,27339.733,40771.141,29.307,26.52,26.52,,,TAGORE INDUSTRIAL AVENUE,6.827
tagore_industrial_avenue,Tagore Industrial Avenue,2988.0,27338.998,40773.001,28.744,26.819,26.819,,,TAGORE INDUSTRIAL AVENUE,6.838
tagore_industrial_avenue,Tagore Industrial Avenue,2990.0,27338.262,40774.861,27.044,27.119,27.119,,,TAGORE INDUSTRIAL AVENUE,6.85
tagore_industrial_avenue,Tagore Industrial Avenue,2992.0,27337.526,40776.721,27.188,27.418,27.119,,,TAGORE INDUSTRIAL AVENUE,6.861
tagore_industrial_avenue,Tagore Industrial Avenue,2994.0,27336.74,40778.559,29.894,27.121,27.119,,,TAGORE INDUSTRIAL AVENUE,6.817
tagore_industrial_avenue,Tagore Industrial Avenue,2996.0,27335.922,40780.384,30.3,26.824,26.824,,,TAGORE INDUSTRIAL AVENUE,6.74
tagore_industrial_avenue,Tagore Industrial Avenue,2998.0,27335.105,40782.21,27.157,26.527,26.527,,,TAGORE INDUSTRIAL AVENUE,6.662
tagore_industrial_avenue,Tagore Industrial Avenue,3000.0,27334.287,40784.035,26.188,26.23,26.23,,,TAGORE INDUSTRIAL AVENUE,6.585
tagore_industrial_avenue,Tagore Industrial Avenue,3002.0,27333.47,40785.86,28.782,25.934,25.934,,,TAGORE INDUSTRIAL AVENUE,6.507
tagore_industrial_avenue,Tagore Industrial Avenue,3004.0,27332.652,40787.686,28.207,25.637,25.637,,,TAGORE INDUSTRIAL AVENUE,6.43
tagore_industrial_avenue,Tagore Industrial Avenue,3006.0,27331.835,40789.511,29.067,25.34,25.34,,,TAGORE INDUSTRIAL AVENUE,6.352
tagore_industrial_avenue,Tagore Industrial Avenue,3008.0,27331.017,40791.336,27.282,25.043,25.043,,,TAGORE INDUSTRIAL AVENUE,6.275
tagore_industrial_avenue,Tagore Industrial Avenue,3010.0,27330.2,40793.161,25.557,24.746,24.746,,,TAGORE INDUSTRIAL AVENUE,6.269
tagore_industrial_avenue,Tagore Industrial Avenue,3012.0,27329.382,40794.987,24.207,24.449,24.449,,,TAGORE INDUSTRIAL AVENUE,6.314
tagore_industrial_avenue,Tagore Industrial Avenue,3014.0,27328.565,40796.812,30.282,24.152,24.152,,,TAGORE INDUSTRIAL AVENUE,6.36
tagore_industrial_avenue,Tagore Industrial Avenue,3016.0,27327.747,40798.637,24.097,24.097,24.097,,,TAGORE INDUSTRIAL AVENUE,6.405
tagore_industrial_avenue,Tagore Industrial Avenue,3018.0,27326.93,40800.463,23.997,23.997,23.997,,,TAGORE INDUSTRIAL AVENUE,6.451
tagore_industrial_avenue,Tagore Industrial Avenue,3020.0,27325.89,40802.17,23.857,23.857,23.857,,,TAGORE INDUSTRIAL AVENUE,6.245
tagore_industrial_avenue,Tagore Industrial Avenue,3022.0,27324.844,40803.876,23.294,23.672,23.672,,,TAGORE INDUSTRIAL AVENUE,6.033
tagore_industrial_avenue,Tagore Industrial Avenue,3024.0,27323.799,40805.581,23.132,23.487,23.487,-4.628,1.0,TAGORE INDUSTRIAL AVENUE,5.822
tagore_industrial_avenue,Tagore Industrial Avenue,3026.0,27322.754,40807.286,23.057,23.302,23.487,,,TAGORE INDUSTRIAL AVENUE,5.61
tagore_industrial_avenue,Tagore Industrial Avenue,3028.0,27321.462,40808.8,23.472,23.472,23.487,,,TAGORE INDUSTRIAL AVENUE,5.093
tagore_industrial_avenue,Tagore Industrial Avenue,3030.0,27320.073,40810.239,23.432,23.737,23.737,,,TAGORE INDUSTRIAL AVENUE,4.457
tagore_industrial_avenue,Tagore Industrial Avenue,3032.0,27318.684,40811.678,24.002,24.002,23.805,,,TAGORE INDUSTRIAL AVENUE,3.191
tagore_industrial_avenue,Tagore Industrial Avenue,3034.0,27317.295,40813.117,23.967,23.967,23.805,,,TAGORE INDUSTRIAL AVENUE,1.255
tagore_industrial_avenue,Tagore Industrial Avenue,3036.0,27315.907,40814.557,24.092,23.805,23.805,,,TAGORE INDUSTRIAL AVENUE,0.682
tagore_industrial_avenue,Tagore Industrial Avenue,3038.0,27314.518,40815.996,24.207,23.642,23.642,,,TAGORE INDUSTRIAL AVENUE,2.618
tagore_industrial_avenue,Tagore Industrial Avenue,3040.0,27313.129,40817.435,22.837,23.48,23.48,,,TAGORE INDUSTRIAL AVENUE,3.81
tagore_industrial_avenue,Tagore Industrial Avenue,3042.0,27311.74,40818.874,22.752,23.464,23.464,,,TAGORE INDUSTRIAL AVENUE,4.037
tagore_industrial_avenue,Tagore Industrial Avenue,3044.0,27310.351,40820.313,22.667,23.449,23.449,,,TAGORE INDUSTRIAL AVENUE,4.264
tagore_industrial_avenue,Tagore Industrial Avenue,3046.0,27308.963,40821.753,23.497,23.433,23.433,,,TAGORE INDUSTRIAL AVENUE,4.491
tagore_industrial_avenue,Tagore Industrial Avenue,3048.0,27307.574,40823.192,23.417,23.417,23.433,,,TAGORE INDUSTRIAL AVENUE,4.718
tagore_industrial_avenue,Tagore Industrial Avenue,3050.0,27306.185,40824.631,23.337,23.337,23.433,,,TAGORE INDUSTRIAL AVENUE,4.945
tagore_industrial_avenue,Tagore Industrial Avenue,3052.0,27304.796,40826.07,23.367,23.548,23.548,,,TAGORE INDUSTRIAL AVENUE,5.173
tagore_industrial_avenue,Tagore Industrial Avenue,3054.0,27303.408,40827.509,24.637,23.758,23.758,,,TAGORE INDUSTRIAL AVENUE,5.4
tagore_industrial_avenue,Tagore Industrial Avenue,3056.0,27302.019,40828.949,23.172,23.843,23.843,,,TAGORE INDUSTRIAL AVENUE,5.627
tagore_industrial_avenue,Tagore Industrial Avenue,3058.0,27300.63,40830.388,24.862,23.928,23.928,,,TAGORE INDUSTRIAL AVENUE,5.854
tagore_industrial_avenue,Tagore Industrial Avenue,3060.0,27299.241,40831.827,22.737,24.013,24.013,,,TAGORE INDUSTRIAL AVENUE,6.081
tagore_industrial_avenue,Tagore Industrial Avenue,3062.0,27297.853,40833.266,25.507,24.098,24.098,,,TAGORE INDUSTRIAL AVENUE,6.308
tagore_industrial_avenue,Tagore Industrial Avenue,3064.0,27296.464,40834.705,25.067,24.182,24.182,,,TAGORE INDUSTRIAL AVENUE,6.583
tagore_industrial_avenue,Tagore Industrial Avenue,3066.0,27295.075,40836.145,22.587,24.267,24.267,,,TAGORE INDUSTRIAL AVENUE,6.871
tagore_industrial_avenue,Tagore Industrial Avenue,3068.0,27293.686,40837.584,23.467,24.351,24.351,,,TAGORE INDUSTRIAL AVENUE,7.16
tagore_industrial_avenue,Tagore Industrial Avenue,3070.0,27292.191,40838.902,27.142,24.434,24.434,,,TAGORE INDUSTRIAL AVENUE,7.287
tagore_industrial_avenue,Tagore Industrial Avenue,3072.0,27290.584,40840.093,24.277,24.518,24.518,,,TAGORE INDUSTRIAL AVENUE,7.246
tagore_industrial_avenue,Tagore Industrial Avenue,3074.0,27288.977,40841.283,24.282,24.601,24.518,,,TAGORE INDUSTRIAL AVENUE,7.249
tagore_industrial_avenue,Tagore Industrial Avenue,3076.0,27287.37,40842.474,26.867,24.685,24.518,,,TAGORE INDUSTRIAL AVENUE,7.371
tagore_industrial_avenue,Tagore Industrial Avenue,3078.0,27285.763,40843.665,25.087,24.448,24.448,,,TAGORE INDUSTRIAL AVENUE,7.493
tagore_industrial_avenue,Tagore Industrial Avenue,3080.0,27284.128,40844.815,22.337,24.211,24.211,,,TAGORE INDUSTRIAL AVENUE,7.566
tagore_industrial_avenue,Tagore Industrial Avenue,3082.0,27282.489,40845.962,24.322,23.974,23.974,,,TAGORE INDUSTRIAL AVENUE,7.633
tagore_industrial_avenue,Tagore Industrial Avenue,3084.0,27280.85,40847.108,24.322,23.736,23.736,,,TAGORE INDUSTRIAL AVENUE,7.701
tagore_industrial_avenue,Tagore Industrial Avenue,3086.0,27279.211,40848.254,22.857,23.499,23.736,,,TAGORE INDUSTRIAL AVENUE,7.768
tagore_industrial_avenue,Tagore Industrial Avenue,3088.0,27277.559,40849.382,23.262,23.709,23.736,,,TAGORE INDUSTRIAL AVENUE,7.814
tagore_industrial_avenue,Tagore Industrial Avenue,3090.0,27275.881,40850.47,25.332,23.919,23.919,,,TAGORE INDUSTRIAL AVENUE,7.811
tagore_industrial_avenue,Tagore Industrial Avenue,3092.0,27274.203,40851.558,23.47,24.157,24.157,,,TAGORE INDUSTRIAL AVENUE,7.808
tagore_industrial_avenue,Tagore Industrial Avenue,3094.0,27272.525,40852.646,24.666,24.395,24.395,,,TAGORE INDUSTRIAL AVENUE,7.805
tagore_industrial_avenue,Tagore Industrial Avenue,3096.0,27270.847,40853.734,22.574,24.632,24.543,,,TAGORE INDUSTRIAL AVENUE,7.802
tagore_industrial_avenue,Tagore Industrial Avenue,3098.0,27269.168,40854.822,25.191,24.735,24.543,,,TAGORE INDUSTRIAL AVENUE,7.8
tagore_industrial_avenue,Tagore Industrial Avenue,3100.0,27269.049,40854.011,26.541,24.543,24.543,,,TAGORE INDUSTRIAL AVENUE,7.055
tagore_industrial_avenue,Tagore Industrial Avenue,3102.0,27269.789,40852.153,24.391,24.35,24.35,,,TAGORE INDUSTRIAL AVENUE,5.901
tagore_industrial_avenue,Tagore Industrial Avenue,3104.0,27270.529,40850.295,22.557,23.995,23.995,,,TAGORE INDUSTRIAL AVENUE,4.746
tagore_industrial_avenue,Tagore Industrial Avenue,3106.0,27271.269,40848.437,21.247,23.641,23.641,,,TAGORE INDUSTRIAL AVENUE,3.592
tagore_industrial_avenue,Tagore Industrial Avenue,3108.0,27272.009,40846.579,21.307,23.286,23.286,,,TAGORE INDUSTRIAL AVENUE,2.438
tagore_industrial_avenue,Tagore Industrial Avenue,3110.0,27272.749,40844.721,24.372,,22.931,,,TAGORE INDUSTRIAL AVENUE,1.284
tagore_industrial_avenue,Tagore Industrial Avenue,3112.0,27273.489,40842.863,24.067,22.577,22.577,,,TAGORE INDUSTRIAL AVENUE,0.129
tagore_industrial_avenue,Tagore Industrial Avenue,3114.0,27274.229,40841.005,25.427,22.222,22.222,,,TAGORE INDUSTRIAL AVENUE,1.025
tagore_industrial_avenue,Tagore Industrial Avenue,3116.0,27274.969,40839.147,21.407,21.867,21.867,,,TAGORE INDUSTRIAL AVENUE,2.179
tagore_industrial_avenue,Tagore Industrial Avenue,3118.0,27275.709,40837.289,21.513,21.513,21.513,,,TAGORE INDUSTRIAL AVENUE,3.333
tagore_industrial_avenue,Tagore Industrial Avenue,3120.0,27276.449,40835.431,21.475,21.475,21.475,,,TAGORE INDUSTRIAL AVENUE,4.487
tagore_industrial_avenue,Tagore Industrial Avenue,3122.0,27277.189,40833.572,21.188,21.188,21.475,,,TAGORE INDUSTRIAL AVENUE,5.642
tagore_industrial_avenue,Tagore Industrial Avenue,3124.0,27277.929,40831.714,21.287,21.427,21.475,,,TAGORE INDUSTRIAL AVENUE,6.796
tagore_industrial_avenue,Tagore Industrial Avenue,3126.0,27278.669,40829.856,21.452,21.665,21.665,,,TAGORE INDUSTRIAL AVENUE,7.95
tagore_industrial_avenue,Tagore Industrial Avenue,3128.0,27279.409,40827.998,21.662,22.1,22.1,,,TAGORE INDUSTRIAL AVENUE,9.104
tagore_industrial_avenue,Tagore Industrial Avenue,3130.0,27280.149,40826.14,22.972,22.535,22.535,,,TAGORE INDUSTRIAL AVENUE,10.175
tagore_industrial_avenue,Tagore Industrial Avenue,3132.0,27280.889,40824.282,23.202,22.97,22.97,,,TAGORE INDUSTRIAL AVENUE,11.191
tagore_industrial_avenue,Tagore Industrial Avenue,3134.0,27281.629,40822.424,22.072,,23.404,,,TAGORE INDUSTRIAL AVENUE,12.208
tagore_industrial_avenue,Tagore Industrial Avenue,3136.0,27282.369,40820.566,23.877,23.839,23.839,,,TAGORE INDUSTRIAL AVENUE,13.225
tagore_industrial_avenue,Tagore Industrial Avenue,3138.0,27283.109,40818.708,26.157,24.274,24.274,,,TAGORE INDUSTRIAL AVENUE,14.242
tagore_industrial_avenue,Tagore Industrial Avenue,3140.0,27283.85,40816.85,26.482,24.708,24.708,,,TAGORE INDUSTRIAL AVENUE,15.258
tagore_industrial_avenue,Tagore Industrial Avenue,3142.0,27284.59,40814.992,30.95,25.143,25.143,,,TAGORE INDUSTRIAL AVENUE,16.229
tagore_industrial_avenue,Tagore Industrial Avenue,3144.0,27285.33,40813.134,25.913,25.215,25.215,,,TAGORE INDUSTRIAL AVENUE,17.192
tagore_industrial_avenue,Tagore Industrial Avenue,3146.0,27286.07,40811.276,23.65,25.287,25.287,,,TAGORE INDUSTRIAL AVENUE,18.155
tagore_industrial_avenue,Tagore Industrial Avenue,3148.0,27286.81,40809.418,22.582,25.359,25.359,,,TAGORE INDUSTRIAL AVENUE,19.118
tagore_industrial_avenue,Tagore Industrial Avenue,3150.0,27287.55,40807.56,22.107,25.431,25.431,,,TAGORE INDUSTRIAL AVENUE,20.081
tagore_industrial_avenue,Tagore Industrial Avenue,3152.0,27288.29,40805.702,22.837,25.503,25.503,,,TAGORE INDUSTRIAL AVENUE,21.044
tagore_industrial_avenue,Tagore Industrial Avenue,3154.0,27289.03,40803.844,23.883,25.575,25.575,,,TAGORE INDUSTRIAL AVENUE,22.007
tagore_industrial_avenue,Tagore Industrial Avenue,3156.0,27289.77,40801.986,24.963,25.647,25.647,,,TAGORE INDUSTRIAL AVENUE,22.97
tagore_industrial_avenue,Tagore Industrial Avenue,3158.0,27290.51,40800.128,26.232,25.719,25.719,,,TAGORE INDUSTRIAL AVENUE,23.933
tagore_industrial_avenue,Tagore Industrial Avenue,3160.0,27291.25,40798.27,26.994,25.791,25.791,,,TAGORE INDUSTRIAL AVENUE,24.896
tagore_industrial_avenue,Tagore Industrial Avenue,3162.0,27291.99,40796.411,27.294,25.863,25.863,,,TAGORE INDUSTRIAL AVENUE,25.859
tagore_industrial_avenue,Tagore Industrial Avenue,3164.0,27292.73,40794.553,25.975,25.935,25.935,,,TAGORE INDUSTRIAL AVENUE,26.822
tagore_industrial_avenue,Tagore Industrial Avenue,3166.0,27293.47,40792.695,26.007,26.007,26.007,,,TAGORE INDUSTRIAL AVENUE,27.102
tagore_industrial_avenue,Tagore Industrial Avenue,3168.0,27294.21,40790.837,25.882,26.295,26.295,,,TAGORE INDUSTRIAL AVENUE,27.231
tagore_industrial_avenue,Tagore Industrial Avenue,3170.0,27294.95,40788.979,25.957,26.583,26.583,,,TAGORE INDUSTRIAL AVENUE,27.361
tagore_industrial_avenue,Tagore Industrial Avenue,3172.0,27295.69,40787.121,26.637,26.871,26.871,,,TAGORE INDUSTRIAL AVENUE,27.491
tagore_industrial_avenue,Tagore Industrial Avenue,3174.0,27296.43,40785.263,27.783,27.197,27.197,,,TAGORE INDUSTRIAL AVENUE,27.62
tagore_industrial_avenue,Tagore Industrial Avenue,3176.0,27297.17,40783.405,27.0,27.524,27.524,,,TAGORE INDUSTRIAL AVENUE,27.75
tagore_industrial_avenue,Tagore Industrial Avenue,3178.0,27297.91,40781.547,27.966,27.851,27.851,,,TAGORE INDUSTRIAL AVENUE,27.88
tagore_industrial_avenue,Tagore Industrial Avenue,3180.0,27298.65,40779.689,28.328,,28.178,,,TAGORE INDUSTRIAL AVENUE,28.009
tagore_industrial_avenue,Tagore Industrial Avenue,3182.0,27299.39,40777.831,28.957,,28.505,,,TAGORE INDUSTRIAL AVENUE,28.108
tagore_industrial_avenue,Tagore Industrial Avenue,3184.0,27300.13,40775.973,28.344,28.832,28.832,,,TAGORE INDUSTRIAL AVENUE,28.114
tagore_industrial_avenue,Tagore Industrial Avenue,3186.0,27300.87,40774.115,29.866,29.158,29.158,,,TAGORE INDUSTRIAL AVENUE,28.121
tagore_industrial_avenue,Tagore Industrial Avenue,3188.0,27301.61,40772.257,29.875,29.485,29.485,,,TAGORE INDUSTRIAL AVENUE,28.127
tagore_industrial_avenue,Tagore Industrial Avenue,3190.0,27302.35,40770.399,30.5,29.812,29.687,,,TAGORE INDUSTRIAL AVENUE,28.134
tagore_industrial_avenue,Tagore Industrial Avenue,3192.0,27303.09,40768.541,29.287,29.75,29.687,,,TAGORE INDUSTRIAL AVENUE,28.14
tagore_industrial_avenue,Tagore Industrial Avenue,3194.0,27303.83,40766.683,26.341,29.687,29.687,,,TAGORE INDUSTRIAL AVENUE,28.147
tagore_industrial_avenue,Tagore Industrial Avenue,3196.0,27304.57,40764.825,26.35,29.625,29.625,,,TAGORE INDUSTRIAL AVENUE,28.154
tagore_industrial_avenue,Tagore Industrial Avenue,3198.0,27305.31,40762.967,26.841,29.562,29.562,,,TAGORE INDUSTRIAL AVENUE,28.16
tagore_industrial_avenue,Tagore Industrial Avenue,3200.0,27306.051,40761.109,27.85,29.5,29.5,,,TAGORE INDUSTRIAL AVENUE,28.167
tagore_industrial_avenue,Tagore Industrial Avenue,3202.0,27306.791,40759.25,29.433,29.437,29.437,,,TAGORE INDUSTRIAL AVENUE,28.173
tagore_industrial_avenue,Tagore Industrial Avenue,3204.0,27307.531,40757.392,29.016,29.375,29.375,,,TAGORE INDUSTRIAL AVENUE,28.18
tagore_industrial_avenue,Tagore Industrial Avenue,3206.0,27308.271,40755.534,29.312,29.312,29.342,,,TAGORE INDUSTRIAL AVENUE,28.187
tagore_industrial_avenue,Tagore Industrial Avenue,3208.0,27309.011,40753.676,30.992,29.327,29.342,,,TAGORE INDUSTRIAL AVENUE,28.193
tagore_industrial_avenue,Tagore Industrial Avenue,3210.0,27309.751,40751.818,30.244,29.342,29.342,,,TAGORE INDUSTRIAL AVENUE,28.2
tagore_industrial_avenue,Tagore Industrial Avenue,3212.0,27310.491,40749.96,29.288,29.356,29.356,,,TAGORE INDUSTRIAL AVENUE,28.206
tagore_industrial_avenue,Tagore Industrial Avenue,3214.0,27311.231,40748.102,28.919,29.371,29.371,,,TAGORE INDUSTRIAL AVENUE,28.213
tagore_industrial_avenue,Tagore Industrial Avenue,3216.0,27311.971,40746.244,29.613,29.386,29.371,,,TAGORE INDUSTRIAL AVENUE,28.22
tagore_industrial_avenue,Tagore Industrial Avenue,3218.0,27312.711,40744.386,29.4,29.4,29.371,,,TAGORE INDUSTRIAL AVENUE,28.226
tagore_industrial_avenue,Tagore Industrial Avenue,3220.0,27313.451,40742.528,30.15,29.169,29.169,,,TAGORE INDUSTRIAL AVENUE,28.233
tagore_industrial_avenue,Tagore Industrial Avenue,3222.0,27314.191,40740.67,27.062,28.938,28.938,,,TAGORE INDUSTRIAL AVENUE,28.239
tagore_industrial_avenue,Tagore Industrial Avenue,3224.0,27314.931,40738.812,27.062,28.706,28.706,,,TAGORE INDUSTRIAL AVENUE,28.246
tagore_industrial_avenue,Tagore Industrial Avenue,3226.0,27315.671,40736.954,27.087,28.475,28.475,,,TAGORE INDUSTRIAL AVENUE,28.253
tagore_industrial_avenue,Tagore Industrial Avenue,3228.0,27316.411,40735.096,30.425,28.243,28.243,,,TAGORE INDUSTRIAL AVENUE,28.259
tagore_industrial_avenue,Tagore Industrial Avenue,3230.0,27317.151,40733.238,28.012,28.012,28.012,,,TAGORE INDUSTRIAL AVENUE,28.266
tagore_industrial_avenue,Tagore Industrial Avenue,3232.0,27317.891,40731.38,28.175,27.764,27.764,,,TAGORE INDUSTRIAL AVENUE,28.272
tagore_industrial_avenue,Tagore Industrial Avenue,3234.0,27318.631,40729.522,31.012,27.515,27.515,,,TAGORE INDUSTRIAL AVENUE,28.279
tagore_industrial_avenue,Tagore Industrial Avenue,3236.0,27319.371,40727.664,31.062,27.266,27.266,,,TAGORE INDUSTRIAL AVENUE,28.286
tagore_industrial_avenue,Tagore Industrial Avenue,3238.0,27320.111,40725.806,26.812,27.149,27.149,,,TAGORE INDUSTRIAL AVENUE,28.292
tagore_industrial_avenue,Tagore Industrial Avenue,3240.0,27320.851,40723.948,29.487,27.031,27.031,,,TAGORE INDUSTRIAL AVENUE,28.299
tagore_industrial_avenue,Tagore Industrial Avenue,3242.0,27321.591,40722.089,25.712,26.913,26.913,,,TAGORE INDUSTRIAL AVENUE,28.316
tagore_industrial_avenue,Tagore Industrial Avenue,3244.0,27322.331,40720.231,25.678,26.796,26.796,,,TAGORE INDUSTRIAL AVENUE,28.346
tagore_industrial_avenue,Tagore Industrial Avenue,3246.0,27323.071,40718.373,26.678,26.678,26.678,,,TAGORE INDUSTRIAL AVENUE,28.375
tagore_industrial_avenue,Tagore Industrial Avenue,3248.0,27323.811,40716.515,26.545,26.545,26.545,,,TAGORE INDUSTRIAL AVENUE,28.405
tagore_industrial_avenue,Tagore Industrial Avenue,3250.0,27324.551,40714.657,26.528,26.322,26.322,,,TAGORE INDUSTRIAL AVENUE,28.435
tagore_industrial_avenue,Tagore Industrial Avenue,3252.0,27325.291,40712.799,26.1,26.1,26.322,,,TAGORE INDUSTRIAL AVENUE,28.464
tagore_industrial_avenue,Tagore Industrial Avenue,3254.0,27326.031,40710.941,25.512,26.238,26.322,,,TAGORE INDUSTRIAL AVENUE,28.494
tagore_industrial_avenue,Tagore Industrial Avenue,3256.0,27326.771,40709.083,29.537,26.376,26.376,4.137,1.0,TAGORE INDUSTRIAL AVENUE,28.523
tagore_industrial_avenue,Tagore Industrial Avenue,3258.0,27327.511,40707.225,26.37,26.515,26.515,,,TAGORE INDUSTRIAL AVENUE,28.553
tagore_industrial_avenue,Tagore Industrial Avenue,3260.0,27328.252,40705.367,26.653,26.653,26.653,,,TAGORE INDUSTRIAL AVENUE,28.583
tagore_industrial_avenue,Tagore Industrial Avenue,3262.0,27328.992,40703.509,30.262,26.939,26.939,,,TAGORE INDUSTRIAL AVENUE,28.612
tagore_industrial_avenue,Tagore Industrial Avenue,3264.0,27329.732,40701.651,28.915,27.225,27.225,14.292,2.0,TAGORE INDUSTRIAL AVENUE,28.642
tagore_industrial_avenue,Tagore Industrial Avenue,3266.0,27330.472,40699.793,27.265,27.511,27.511,14.292,2.0,TAGORE INDUSTRIAL AVENUE,28.671
tagore_industrial_avenue,Tagore Industrial Avenue,3268.0,27331.212,40697.935,27.39,27.796,27.796,14.292,2.0,TAGORE INDUSTRIAL AVENUE,28.701
tagore_industrial_avenue,Tagore Industrial Avenue,3270.0,27331.952,40696.077,30.979,28.082,28.082,14.292,2.0,TAGORE INDUSTRIAL AVENUE,28.731
tagore_industrial_avenue,Tagore Industrial Avenue,3272.0,27332.692,40694.219,30.174,28.368,28.368,,,TAGORE INDUSTRIAL AVENUE,28.76
tagore_industrial_avenue,Tagore Industrial Avenue,3274.0,27333.432,40692.361,28.654,28.654,28.654,,,TAGORE INDUSTRIAL AVENUE,28.79
tagore_industrial_avenue,Tagore Industrial Avenue,3276.0,27334.172,40690.503,28.974,29.258,29.258,,,TAGORE INDUSTRIAL AVENUE,28.819
tagore_industrial_avenue,Tagore Industrial Avenue,3278.0,27334.912,40688.645,27.889,29.863,29.863,,,TAGORE INDUSTRIAL AVENUE,28.849
tagore_industrial_avenue,Tagore Industrial Avenue,3280.0,27335.652,40686.787,29.879,30.467,30.467,,,TAGORE INDUSTRIAL AVENUE,28.879
tagore_industrial_avenue,Tagore Industrial Avenue,3282.0,27336.392,40684.928,30.434,,31.071,,,TAGORE INDUSTRIAL AVENUE,28.908
tagore_industrial_avenue,Tagore Industrial Avenue,3284.0,27337.132,40683.07,29.265,,31.676,,,TAGORE INDUSTRIAL AVENUE,28.938
tagore_industrial_avenue,Tagore Industrial Avenue,3286.0,27337.872,40681.212,29.702,32.28,32.28,,,TAGORE INDUSTRIAL AVENUE,28.967
tagore_industrial_avenue,Tagore Industrial Avenue,3288.0,27338.612,40679.354,31.574,32.885,32.885,,,TAGORE INDUSTRIAL AVENUE,28.997
tagore_industrial_avenue,Tagore Industrial Avenue,3350.0,27361.553,40621.755,33.893,33.489,33.489,,,TAGORE INDUSTRIAL AVENUE,31.293
tagore_industrial_avenue,Tagore Industrial Avenue,3352.0,27362.293,40619.897,34.093,34.093,34.093,,,TAGORE INDUSTRIAL AVENUE,31.38
tagore_industrial_avenue,Tagore Industrial Avenue,3354.0,27363.033,40618.039,33.875,34.347,34.347,,,TAGORE INDUSTRIAL AVENUE,31.467
tagore_industrial_avenue,Tagore Industrial Avenue,3356.0,27363.773,40616.181,33.817,34.6,34.6,,,TAGORE INDUSTRIAL AVENUE,31.555
tagore_industrial_avenue,Tagore Industrial Avenue,3358.0,27364.513,40614.323,33.613,34.922,34.922,,,TAGORE INDUSTRIAL AVENUE,31.642
tagore_industrial_avenue,Tagore Industrial Avenue,3360.0,27365.253,40612.465,38.065,35.245,35.245,,,TAGORE INDUSTRIAL AVENUE,31.729
tagore_industrial_avenue,Tagore Industrial Avenue,3362.0,27365.993,40610.606,36.303,35.567,35.567,,,TAGORE INDUSTRIAL AVENUE,31.816
tagore_industrial_avenue,Tagore Industrial Avenue,3364.0,27366.733,40608.748,37.619,,35.89,,,TAGORE INDUSTRIAL AVENUE,31.903
tagore_industrial_avenue,Tagore Industrial Avenue,3366.0,27367.473,40606.89,37.408,36.212,36.212,,,TAGORE INDUSTRIAL AVENUE,31.99
tagore_industrial_avenue,Tagore Industrial Avenue,3368.0,27368.213,40605.032,35.888,36.535,36.535,,,TAGORE INDUSTRIAL AVENUE,32.077
tagore_industrial_avenue,Tagore Industrial Avenue,3370.0,27368.953,40603.174,31.013,36.857,36.857,,,TAGORE INDUSTRIAL AVENUE,32.164
tagore_industrial_avenue,Tagore Industrial Avenue,3372.0,27369.693,40601.316,25.369,37.18,37.028,,,TAGORE INDUSTRIAL AVENUE,32.252
tagore_industrial_avenue,Tagore Industrial Avenue,3374.0,27370.433,40599.458,27.604,37.104,37.028,,,TAGORE INDUSTRIAL AVENUE,32.339
tagore_industrial_avenue,Tagore Industrial Avenue,3376.0,27371.173,40597.6,32.453,37.028,37.028,,,TAGORE INDUSTRIAL AVENUE,32.426
tagore_industrial_avenue,Tagore Industrial Avenue,3378.0,27371.913,40595.742,32.553,36.952,36.952,,,TAGORE INDUSTRIAL AVENUE,32.513
tagore_industrial_avenue,Tagore Industrial Avenue,3380.0,27372.654,40593.884,26.867,36.876,36.876,,,TAGORE INDUSTRIAL AVENUE,32.6
tagore_industrial_avenue,Tagore Industrial Avenue,3382.0,27373.394,40592.026,27.517,36.801,36.801,,,TAGORE INDUSTRIAL AVENUE,32.687
tagore_industrial_avenue,Tagore Industrial Avenue,3384.0,27374.134,40590.168,25.587,36.725,36.725,,,TAGORE INDUSTRIAL AVENUE,32.774
tagore_industrial_avenue,Tagore Industrial Avenue,3386.0,27374.874,40588.31,28.934,36.649,36.649,,,TAGORE INDUSTRIAL AVENUE,32.861
tagore_industrial_avenue,Tagore Industrial Avenue,3388.0,27375.614,40586.452,31.404,36.573,36.573,,,TAGORE INDUSTRIAL AVENUE,32.948
tagore_industrial_avenue,Tagore Industrial Avenue,3390.0,27376.354,40584.594,33.224,36.497,36.497,,,TAGORE INDUSTRIAL AVENUE,33.036
tagore_industrial_avenue,Tagore Industrial Avenue,3392.0,27377.094,40582.736,34.554,36.421,36.421,,,TAGORE INDUSTRIAL AVENUE,33.123
tagore_industrial_avenue,Tagore Industrial Avenue,3394.0,27377.834,40580.878,38.834,36.345,36.345,,,TAGORE INDUSTRIAL AVENUE,33.21
tagore_industrial_avenue,Tagore Industrial Avenue,3396.0,27378.574,40579.02,44.222,36.269,36.269,,,TAGORE INDUSTRIAL AVENUE,33.297
tagore_industrial_avenue,Tagore Industrial Avenue,3398.0,27379.314,40577.162,38.26,36.194,36.194,,,TAGORE INDUSTRIAL AVENUE,33.384
tagore_industrial_avenue,Tagore Industrial Avenue,3400.0,27380.054,40575.304,37.082,36.118,36.118,,,TAGORE INDUSTRIAL AVENUE,33.471
tagore_industrial_avenue,Tagore Industrial Avenue,3402.0,27380.794,40573.445,35.966,36.042,36.042,,,TAGORE INDUSTRIAL AVENUE,33.558
tagore_industrial_avenue,Tagore Industrial Avenue,3404.0,27381.534,40571.587,33.749,35.966,36.004,,,TAGORE INDUSTRIAL AVENUE,33.645
tagore_industrial_avenue,Tagore Industrial Avenue,3406.0,27382.274,40569.729,33.294,35.966,35.966,,,TAGORE INDUSTRIAL AVENUE,33.733
