path_key,source_project,chainage_m,x_svy21,y_svy21,elevation_m_raw,elevation_m_filtered,elevation_m_smooth,gradient_pct,Grade,nearest_road_name,nearest_road_dist_m
leng_kee_road,Leng Kee Road,0.0,25499.301,30359.884,10.317,8.635,8.635,,,LENG KEE ROAD,13.741
leng_kee_road,Leng Kee Road,2.0,25497.324,30360.192,8.635,8.635,8.635,,,LENG KEE ROAD,13.698
leng_kee_road,Leng Kee Road,4.0,25495.348,30360.499,8.638,8.638,8.635,,,LENG KEE ROAD,13.738
leng_kee_road,Leng Kee Road,6.0,25493.372,30360.807,10.349,8.375,8.375,,,LENG KEE ROAD,13.778
leng_kee_road,Leng Kee Road,8.0,25491.396,30361.115,9.467,8.112,8.112,,,LENG KEE ROAD,13.818
leng_kee_road,Leng Kee Road,10.0,25489.42,30361.423,7.91,7.849,7.849,,,LENG KEE ROAD,13.858
leng_kee_road,Leng Kee Road,12.0,25487.444,30361.736,7.574,7.585,7.585,,,LENG KEE ROAD,13.892
leng_kee_road,Leng Kee Road,14.0,25485.469,30362.05,6.385,7.322,7.322,,,LENG KEE ROAD,13.926
leng_kee_road,Leng Kee Road,16.0,25483.494,30362.364,6.828,7.059,7.059,,,LENG KEE ROAD,13.96
leng_kee_road,Leng Kee Road,18.0,25481.519,30362.678,6.981,6.796,6.796,,,LENG KEE ROAD,13.994
leng_kee_road,Leng Kee Road,20.0,25479.543,30362.991,5.634,6.532,6.532,,,LENG KEE ROAD,14.028
leng_kee_road,Leng Kee Road,22.0,25477.568,30363.305,6.269,6.269,6.286,,,LENG KEE ROAD,14.062
leng_kee_road,Leng Kee Road,24.0,25475.586,30363.568,5.589,6.278,6.286,,,LENG KEE ROAD,14.147
leng_kee_road,Leng Kee Road,26.0,25473.601,30363.818,6.729,6.286,6.286,,,LENG KEE ROAD,14.246
leng_kee_road,Leng Kee Road,28.0,25471.617,30364.068,7.419,6.295,6.295,,,LENG KEE ROAD,14.344
leng_kee_road,Leng Kee Road,30.0,25469.633,30364.318,6.629,6.304,6.304,,,LENG KEE ROAD,14.442
leng_kee_road,Leng Kee Road,32.0,25467.648,30364.568,18.049,6.313,6.313,,,LENG KEE ROAD,14.54
leng_kee_road,Leng Kee Road,34.0,25465.663,30364.808,13.059,6.321,6.321,,,LENG KEE ROAD,14.649
leng_kee_road,Leng Kee Road,36.0,25463.672,30364.999,7.814,6.33,6.33,,,LENG KEE ROAD,14.807
leng_kee_road,Leng Kee Road,38.0,25461.681,30365.19,13.084,6.339,6.339,,,LENG KEE ROAD,14.964
leng_kee_road,Leng Kee Road,40.0,25459.69,30365.381,6.314,6.348,6.348,,,LENG KEE ROAD,15.122
leng_kee_road,Leng Kee Road,42.0,25457.715,30365.675,6.809,6.356,6.356,,,LENG KEE ROAD,15.175
leng_kee_road,Leng Kee Road,44.0,25455.753,30366.063,6.399,6.365,6.365,,,LENG KEE ROAD,15.134
leng_kee_road,Leng Kee Road,46.0,25453.79,30366.45,6.374,6.374,6.365,,,LENG KEE ROAD,15.093
leng_kee_road,Leng Kee Road,48.0,25451.828,30366.838,6.544,6.544,6.365,,,LENG KEE ROAD,15.052
leng_kee_road,Leng Kee Road,50.0,25449.866,30367.225,6.299,6.299,6.374,,,LENG KEE ROAD,15.011
leng_kee_road,Leng Kee Road,52.0,25447.904,30367.613,7.044,6.339,6.379,0.672,1.0,LENG KEE ROAD,14.97
leng_kee_road,Leng Kee Road,54.0,25445.942,30368.0,6.404,6.379,6.379,,,LENG KEE ROAD,14.93
leng_kee_road,Leng Kee Road,56.0,25443.98,30368.388,6.419,6.419,6.419,,,LENG KEE ROAD,14.889
leng_kee_road,Leng Kee Road,58.0,25442.018,30368.775,6.244,6.57,6.57,,,LENG KEE ROAD,14.848
leng_kee_road,Leng Kee Road,60.0,25440.056,30369.163,6.721,6.721,6.721,,,LENG KEE ROAD,14.807
leng_kee_road,Leng Kee Road,62.0,25438.094,30369.55,6.602,7.013,7.013,,,LENG KEE ROAD,14.766
leng_kee_road,Leng Kee Road,64.0,25436.132,30369.937,8.99,7.306,7.306,,,LENG KEE ROAD,14.725
leng_kee_road,Leng Kee Road,66.0,25434.169,30370.325,9.071,7.598,7.306,,,LENG KEE ROAD,14.684
leng_kee_road,Leng Kee Road,68.0,25432.207,30370.712,8.64,7.36,7.306,,,LENG KEE ROAD,14.643
leng_kee_road,Leng Kee Road,70.0,25430.245,30371.1,7.052,7.122,7.122,,,LENG KEE ROAD,14.602
leng_kee_road,Leng Kee Road,72.0,25428.283,30371.487,7.79,6.884,6.884,,,LENG KEE ROAD,14.562
leng_kee_road,Leng Kee Road,74.0,25426.321,30371.875,6.221,6.646,6.646,,,LENG KEE ROAD,14.521
leng_kee_road,Leng Kee Road,76.0,25424.359,30372.262,6.408,6.408,6.427,,,LENG KEE ROAD,14.48
leng_kee_road,Leng Kee Road,78.0,25422.397,30372.65,6.427,6.427,6.427,,,LENG KEE ROAD,14.439
leng_kee_road,Leng Kee Road,80.0,25420.435,30373.037,6.296,6.296,6.427,,,LENG KEE ROAD,14.398
leng_kee_road,Leng Kee Road,82.0,25418.473,30373.425,6.546,6.546,6.546,,,LENG KEE ROAD,14.357
leng_kee_road,Leng Kee Road,84.0,25416.51,30373.812,7.892,6.61,6.61,2.282,1.0,LENG KEE ROAD,14.316
leng_kee_road,Leng Kee Road,86.0,25414.548,30374.2,6.677,6.674,6.61,,,LENG KEE ROAD,14.275
leng_kee_road,Leng Kee Road,88.0,25412.586,30374.587,6.737,6.737,6.61,,,LENG KEE ROAD,14.234
leng_kee_road,Leng Kee Road,90.0,25410.624,30374.975,6.687,6.511,6.511,,,LENG KEE ROAD,14.193
leng_kee_road,Leng Kee Road,92.0,25408.662,30375.362,6.285,6.285,6.285,-7.467,1.0,LENG KEE ROAD,14.153
leng_kee_road,Leng Kee Road,94.0,25406.7,30375.75,6.012,6.012,6.012,-4.564,1.0,LENG KEE ROAD,14.112
leng_kee_road,Leng Kee Road,96.0,25404.738,30376.137,5.946,5.946,6.012,-1.662,1.0,LENG KEE ROAD,14.071
leng_kee_road,Leng Kee Road,98.0,25402.776,30376.524,5.962,5.962,6.012,3.31,1.0,LENG KEE ROAD,14.03
leng_kee_road,Leng Kee Road,100.0,25400.814,30376.912,6.152,6.152,6.152,3.31,1.0,LENG KEE ROAD,13.989
leng_kee_road,Leng Kee Road,102.0,25398.861,30377.332,6.277,6.277,6.277,3.31,1.0,LENG KEE ROAD,13.915
leng_kee_road,Leng Kee Road,104.0,25396.99,30378.039,6.415,6.415,6.277,0.128,1.0,LENG KEE ROAD,13.543
leng_kee_road,Leng Kee Road,106.0,25395.119,30378.746,6.421,6.421,6.277,-3.084,1.0,LENG KEE ROAD,13.162
leng_kee_road,Leng Kee Road,108.0,25393.248,30379.454,6.162,6.162,6.162,-3.397,1.0,LENG KEE ROAD,12.756
leng_kee_road,Leng Kee Road,110.0,25391.378,30380.161,6.03,6.03,6.03,-3.397,1.0,LENG KEE ROAD,12.349
leng_kee_road,Leng Kee Road,112.0,25389.507,30380.868,5.98,5.98,6.005,-2.274,1.0,LENG KEE ROAD,11.943
leng_kee_road,Leng Kee Road,114.0,25387.605,30381.432,6.005,6.005,6.005,-0.625,1.0,LENG KEE ROAD,11.683
leng_kee_road,Leng Kee Road,116.0,25385.61,30381.579,6.005,6.005,5.98,-0.937,1.0,LENG KEE ROAD,11.849
leng_kee_road,Leng Kee Road,118.0,25383.615,30381.725,5.98,5.98,5.98,-0.937,1.0,LENG KEE ROAD,12.016
leng_kee_road,Leng Kee Road,120.0,25381.621,30381.871,5.93,5.93,5.93,-0.625,1.0,LENG KEE ROAD,12.183
leng_kee_road,Leng Kee Road,122.0,25379.626,30382.018,5.88,5.88,5.93,,,LENG KEE ROAD,12.35
leng_kee_road,Leng Kee Road,124.0,25377.631,30382.164,5.83,5.83,5.93,,,LENG KEE ROAD,12.516
leng_kee_road,Leng Kee Road,126.0,25375.637,30382.311,5.78,6.011,6.011,,,LENG KEE ROAD,12.683
leng_kee_road,Leng Kee Road,128.0,25373.642,30382.457,7.702,6.192,6.192,,,LENG KEE ROAD,12.85
leng_kee_road,Leng Kee Road,130.0,25371.647,30382.604,6.496,6.476,6.476,,,LENG KEE ROAD,13.017
leng_kee_road,Leng Kee Road,132.0,25369.653,30382.75,7.289,6.76,6.76,,,LENG KEE ROAD,13.184
leng_kee_road,Leng Kee Road,134.0,25367.658,30382.896,7.429,7.045,7.045,,,LENG KEE ROAD,13.35
leng_kee_road,Leng Kee Road,136.0,25365.664,30383.05,7.329,7.329,7.316,,,LENG KEE ROAD,13.51
leng_kee_road,Leng Kee Road,138.0,25363.685,30383.338,6.719,7.322,7.316,,,LENG KEE ROAD,13.535
leng_kee_road,Leng Kee Road,140.0,25361.706,30383.625,6.34,7.316,7.316,-0.156,1.0,LENG KEE ROAD,13.56
leng_kee_road,Leng Kee Road,142.0,25359.727,30383.913,7.304,7.31,7.31,,,LENG KEE ROAD,13.585
leng_kee_road,Leng Kee Road,144.0,25357.747,30384.2,7.304,7.304,7.304,,,LENG KEE ROAD,13.61
leng_kee_road,Leng Kee Road,146.0,25355.768,30384.487,7.227,7.227,7.252,,,LENG KEE ROAD,13.635
leng_kee_road,Leng Kee Road,148.0,25353.79,30384.78,7.24,7.24,7.252,1.75,1.0,LENG KEE ROAD,13.655
leng_kee_road,Leng Kee Road,150.0,25351.813,30385.085,7.252,7.252,7.252,2.393,1.0,LENG KEE ROAD,13.662
leng_kee_road,Leng Kee Road,152.0,25349.837,30385.39,7.444,7.444,7.444,2.393,1.0,LENG KEE ROAD,13.669
leng_kee_road,Leng Kee Road,154.0,25347.86,30385.695,7.454,7.454,7.444,,,LENG KEE ROAD,13.677
leng_kee_road,Leng Kee Road,156.0,25345.883,30385.996,7.454,7.454,7.444,,,LENG KEE ROAD,13.688
leng_kee_road,Leng Kee Road,158.0,25343.904,30386.288,7.409,7.231,7.231,,,LENG KEE ROAD,13.708
leng_kee_road,Leng Kee Road,160.0,25341.926,30386.58,8.314,7.008,7.008,,,LENG KEE ROAD,13.729
leng_kee_road,Leng Kee Road,162.0,25339.947,30386.872,6.319,6.72,6.72,,,LENG KEE ROAD,13.75
leng_kee_road,Leng Kee Road,164.0,25337.968,30387.164,5.83,6.432,6.432,,,LENG KEE ROAD,13.77
leng_kee_road,Leng Kee Road,166.0,25335.99,30387.456,5.805,6.143,6.143,,,LENG KEE ROAD,13.791
leng_kee_road,Leng Kee Road,168.0,25334.011,30387.748,5.855,5.855,6.114,,,LENG KEE ROAD,13.812
leng_kee_road,Leng Kee Road,170.0,25332.033,30388.039,6.49,5.985,6.114,,,LENG KEE ROAD,13.832
leng_kee_road,Leng Kee Road,172.0,25330.054,30388.331,5.88,6.114,6.114,3.237,1.0,LENG KEE ROAD,13.853
leng_kee_road,Leng Kee Road,174.0,25328.075,30388.623,6.307,6.244,6.244,,,LENG KEE ROAD,13.874
leng_kee_road,Leng Kee Road,176.0,25326.097,30388.915,6.373,6.373,6.373,,,LENG KEE ROAD,13.894
leng_kee_road,Leng Kee Road,178.0,25324.118,30389.207,6.373,6.373,6.373,,,LENG KEE ROAD,13.915
leng_kee_road,Leng Kee Road,180.0,25322.14,30389.499,6.357,6.586,6.586,,,LENG KEE ROAD,13.935
leng_kee_road,Leng Kee Road,182.0,25320.161,30389.79,6.357,6.8,6.8,,,LENG KEE ROAD,13.956
leng_kee_road,Leng Kee Road,184.0,25318.192,30390.139,7.479,7.013,7.013,,,LENG KEE ROAD,13.919
leng_kee_road,Leng Kee Road,186.0,25316.228,30390.516,7.669,7.24,7.171,,,LENG KEE ROAD,13.854
leng_kee_road,Leng Kee Road,188.0,25314.264,30390.892,7.579,7.468,7.171,,,LENG KEE ROAD,13.789
leng_kee_road,Leng Kee Road,190.0,25312.299,30391.269,7.267,7.171,7.171,,,LENG KEE ROAD,13.723
leng_kee_road,Leng Kee Road,192.0,25310.335,30391.645,7.257,6.874,6.874,,,LENG KEE ROAD,13.658
leng_kee_road,Leng Kee Road,194.0,25308.393,30392.12,6.502,6.578,6.578,,,LENG KEE ROAD,13.492
leng_kee_road,Leng Kee Road,196.0,25306.46,30392.631,6.666,6.281,6.281,,,LENG KEE ROAD,13.29
leng_kee_road,Leng Kee Road,198.0,25304.526,30393.141,6.06,6.06,6.248,,,LENG KEE ROAD,13.087
leng_kee_road,Leng Kee Road,200.0,25302.592,30393.652,6.035,6.035,6.216,,,LENG KEE ROAD,12.885
leng_kee_road,Leng Kee Road,202.0,25300.658,30394.162,6.248,6.248,6.216,-0.339,1.0,LENG KEE ROAD,12.683
leng_kee_road,Leng Kee Road,204.0,25298.766,30394.778,6.216,6.216,6.22,0.0,1.0,LENG KEE ROAD,12.37
leng_kee_road,Leng Kee Road,206.0,25297.004,30395.723,6.279,6.279,6.22,-2.604,1.0,LENG KEE ROAD,11.711
leng_kee_road,Leng Kee Road,208.0,25295.241,30396.668,6.22,6.22,6.216,-2.656,1.0,LENG KEE ROAD,11.053
leng_kee_road,Leng Kee Road,210.0,25293.478,30397.613,6.0,6.0,6.008,-2.656,1.0,LENG KEE ROAD,10.395
leng_kee_road,Leng Kee Road,212.0,25291.716,30398.558,6.008,6.008,6.008,,,LENG KEE ROAD,9.796
leng_kee_road,Leng Kee Road,214.0,25289.953,30399.504,6.008,6.008,6.008,,,LENG KEE ROAD,9.549
leng_kee_road,Leng Kee Road,216.0,25288.19,30400.449,6.02,6.304,6.304,11.119,2.0,LENG KEE ROAD,9.718
leng_kee_road,Leng Kee Road,218.0,25286.428,30401.394,6.572,6.601,6.601,11.797,2.0,LENG KEE ROAD,10.221
leng_kee_road,Leng Kee Road,220.0,25284.665,30402.339,6.897,6.897,6.897,,,LENG KEE ROAD,10.761
leng_kee_road,Leng Kee Road,222.0,25282.903,30403.284,6.952,6.952,6.952,,,LENG KEE ROAD,11.3
leng_kee_road,Leng Kee Road,224.0,25281.14,30404.229,6.983,6.983,6.983,,,LENG KEE ROAD,11.839
leng_kee_road,Leng Kee Road,226.0,25279.377,30405.174,6.977,7.221,7.221,9.299,2.0,LENG KEE ROAD,12.379
leng_kee_road,Leng Kee Road,228.0,25277.733,30406.295,6.93,7.458,7.458,9.248,2.0,LENG KEE ROAD,12.709
leng_kee_road,Leng Kee Road,230.0,25276.191,30407.569,7.696,7.696,7.696,,,LENG KEE ROAD,12.859
leng_kee_road,Leng Kee Road,232.0,25274.649,30408.842,7.723,7.723,7.723,,,LENG KEE ROAD,13.008
leng_kee_road,Leng Kee Road,234.0,25273.107,30410.116,7.762,7.762,7.723,0.831,1.0,LENG KEE ROAD,13.158
leng_kee_road,Leng Kee Road,236.0,25271.565,30411.39,7.792,7.792,7.747,,,LENG KEE ROAD,13.308
leng_kee_road,Leng Kee Road,238.0,25270.023,30412.663,7.717,7.717,7.762,,,LENG KEE ROAD,13.457
leng_kee_road,Leng Kee Road,240.0,25268.481,30413.937,8.312,7.747,7.747,,,LENG KEE ROAD,13.607
leng_kee_road,Leng Kee Road,242.0,25266.939,30415.21,8.573,7.778,7.717,,,LENG KEE ROAD,13.757
leng_kee_road,Leng Kee Road,244.0,25265.397,30416.484,7.808,7.531,7.531,,,LENG KEE ROAD,13.906
leng_kee_road,Leng Kee Road,246.0,25263.855,30417.758,7.83,7.284,7.284,,,LENG KEE ROAD,14.056
leng_kee_road,Leng Kee Road,248.0,25262.312,30419.031,7.038,7.038,7.038,,,LENG KEE ROAD,14.206
leng_kee_road,Leng Kee Road,250.0,25260.77,30420.305,6.991,6.991,6.991,,,LENG KEE ROAD,14.355
leng_kee_road,Leng Kee Road,252.0,25259.228,30421.578,6.938,6.938,6.956,-1.25,1.0,LENG KEE ROAD,14.505
leng_kee_road,Leng Kee Road,254.0,25257.686,30422.852,6.956,6.956,6.938,-1.367,1.0,LENG KEE ROAD,14.655
leng_kee_road,Leng Kee Road,256.0,25256.144,30424.126,6.838,6.838,6.938,-1.484,1.0,LENG KEE ROAD,14.804
leng_kee_road,Leng Kee Road,258.0,25254.602,30425.399,7.197,6.93,6.93,-1.25,1.0,LENG KEE ROAD,14.954
leng_kee_road,Leng Kee Road,260.0,25253.345,30426.954,7.022,7.022,6.838,-2.227,1.0,LENG KEE ROAD,14.703
leng_kee_road,Leng Kee Road,262.0,25252.092,30428.513,6.838,6.838,6.838,-2.656,1.0,LENG KEE ROAD,14.447
leng_kee_road,Leng Kee Road,264.0,25250.84,30430.072,6.641,6.641,6.759,-3.086,1.0,LENG KEE ROAD,14.19
leng_kee_road,Leng Kee Road,266.0,25249.495,30431.552,6.522,6.522,6.641,-3.086,1.0,LENG KEE ROAD,14.054
leng_kee_road,Leng Kee Road,268.0,25248.139,30433.022,6.759,6.759,6.591,-2.109,1.0,LENG KEE ROAD,13.933
leng_kee_road,Leng Kee Road,270.0,25246.783,30434.492,6.547,6.547,6.591,-1.07,1.0,LENG KEE ROAD,13.813
leng_kee_road,Leng Kee Road,272.0,25245.427,30435.962,6.591,6.591,6.591,-0.445,1.0,LENG KEE ROAD,13.692
leng_kee_road,Leng Kee Road,274.0,25244.07,30437.432,6.605,6.605,6.555,-2.98,1.0,LENG KEE ROAD,13.571
leng_kee_road,Leng Kee Road,276.0,25242.714,30438.902,6.555,6.555,6.555,-3.049,1.0,LENG KEE ROAD,13.451
leng_kee_road,Leng Kee Road,278.0,25241.003,30439.872,6.344,6.344,6.352,-2.639,1.0,LENG KEE ROAD,13.936
leng_kee_road,Leng Kee Road,280.0,25239.169,30440.669,6.352,6.352,6.347,-3.125,1.0,LENG KEE ROAD,14.633
leng_kee_road,Leng Kee Road,282.0,25237.334,30441.465,6.347,6.347,6.344,-1.424,1.0,LENG KEE ROAD,15.329
leng_kee_road,Leng Kee Road,284.0,25235.499,30442.261,6.305,6.305,6.305,-1.354,1.0,LENG KEE ROAD,16.039
leng_kee_road,Leng Kee Road,286.0,25233.665,30443.057,6.238,6.238,6.238,-1.493,1.0,LENG KEE ROAD,16.792
leng_kee_road,Leng Kee Road,288.0,25231.83,30443.853,6.225,6.225,6.238,-1.007,1.0,LENG KEE ROAD,17.544
leng_kee_road,Leng Kee Road,290.0,25232.317,30443.928,6.211,6.211,6.225,0.118,1.0,LENG KEE ROAD,17.144
leng_kee_road,Leng Kee Road,292.0,25234.279,30443.544,6.255,6.255,6.225,0.118,1.0,LENG KEE ROAD,16.012
leng_kee_road,Leng Kee Road,294.0,25236.242,30443.159,6.156,6.156,6.248,0.174,1.0,LENG KEE ROAD,14.88
leng_kee_road,Leng Kee Road,296.0,25238.205,30442.775,6.269,6.269,6.248,0.174,1.0,LENG KEE ROAD,13.781
leng_kee_road,Leng Kee Road,298.0,25240.168,30442.391,6.248,6.248,6.238,-0.234,1.0,LENG KEE ROAD,12.698
leng_kee_road,Leng Kee Road,300.0,25242.13,30442.006,6.238,6.238,6.238,-2.138,1.0,LENG KEE ROAD,11.616
leng_kee_road,Leng Kee Road,302.0,25244.093,30441.622,6.229,6.229,6.229,-2.378,1.0,LENG KEE ROAD,10.534
leng_kee_road,Leng Kee Road,304.0,25246.056,30441.238,6.048,6.048,6.077,-2.378,1.0,LENG KEE ROAD,9.451
leng_kee_road,Leng Kee Road,306.0,25248.019,30440.853,6.077,6.077,6.048,-1.904,1.0,LENG KEE ROAD,8.369
leng_kee_road,Leng Kee Road,308.0,25249.981,30440.469,6.034,6.034,6.048,0.914,1.0,LENG KEE ROAD,7.286
leng_kee_road,Leng Kee Road,310.0,25251.944,30440.085,5.959,5.959,6.077,3.732,1.0,LENG KEE ROAD,6.204
leng_kee_road,Leng Kee Road,312.0,25253.907,30439.701,5.923,6.153,6.153,5.607,1.0,LENG KEE ROAD,5.121
leng_kee_road,Leng Kee Road,314.0,25255.869,30439.316,6.347,6.347,6.347,5.354,1.0,LENG KEE ROAD,4.039
leng_kee_road,Leng Kee Road,316.0,25257.832,30438.932,6.497,6.497,6.497,,,LENG KEE ROAD,2.957
leng_kee_road,Leng Kee Road,318.0,25259.795,30438.548,6.505,6.505,6.505,,,LENG KEE ROAD,1.874
leng_kee_road,Leng Kee Road,320.0,25261.758,30438.163,6.436,6.76,6.76,,,LENG KEE ROAD,0.792
leng_kee_road,Leng Kee Road,322.0,25263.72,30437.779,6.555,7.015,7.015,,,LENG KEE ROAD,0.291
leng_kee_road,Leng Kee Road,324.0,25265.683,30437.395,7.539,7.269,7.269,,,LENG KEE ROAD,1.373
leng_kee_road,Leng Kee Road,326.0,25267.646,30437.01,7.18,7.524,7.524,,,LENG KEE ROAD,2.456
leng_kee_road,Leng Kee Road,328.0,25269.609,30436.626,8.344,7.817,7.817,,,LENG KEE ROAD,3.538
leng_kee_road,Leng Kee Road,330.0,25271.571,30436.242,10.951,8.11,8.11,,,LENG KEE ROAD,4.62
leng_kee_road,Leng Kee Road,332.0,25273.534,30435.857,8.61,8.382,8.382,,,LENG KEE ROAD,5.703
leng_kee_road,Leng Kee Road,334.0,25275.497,30435.473,9.833,8.654,8.654,,,LENG KEE ROAD,6.785
leng_kee_road,Leng Kee Road,336.0,25277.459,30435.089,10.277,8.926,8.926,,,LENG KEE ROAD,7.868
leng_kee_road,Leng Kee Road,338.0,25279.422,30434.705,11.849,9.198,9.198,,,LENG KEE ROAD,8.95
leng_kee_road,Leng Kee Road,340.0,25281.385,30434.32,14.426,9.47,9.47,,,LENG KEE ROAD,10.033
leng_kee_road,Leng Kee Road,342.0,25283.348,30433.936,12.794,9.742,9.696,,,LENG KEE ROAD,11.115
leng_kee_road,Leng Kee Road,344.0,25285.31,30433.552,11.647,9.719,9.696,,,LENG KEE ROAD,12.198
leng_kee_road,Leng Kee Road,346.0,25287.273,30433.167,10.482,9.696,9.696,,,LENG KEE ROAD,13.28
leng_kee_road,Leng Kee Road,348.0,25289.236,30432.783,10.379,9.673,9.673,,,LENG KEE ROAD,14.362
leng_kee_road,Leng Kee Road,350.0,25291.199,30432.399,9.651,9.651,9.651,,,LENG KEE ROAD,15.445
leng_kee_road,Leng Kee Road,352.0,25293.161,30432.014,9.616,9.4,9.4,,,LENG KEE ROAD,16.527
leng_kee_road,Leng Kee Road,354.0,25295.124,30431.63,9.785,9.15,9.15,,,LENG KEE ROAD,17.61
leng_kee_road,Leng Kee Road,356.0,25297.087,30431.246,9.697,8.9,8.9,,,LENG KEE ROAD,18.692
leng_kee_road,Leng Kee Road,358.0,25299.05,30430.861,6.429,8.555,8.555,,,LENG KEE ROAD,19.775
leng_kee_road,Leng Kee Road,360.0,25301.012,30430.477,7.488,8.211,8.211,,,LENG KEE ROAD,20.857
leng_kee_road,Leng Kee Road,362.0,25302.975,30430.093,6.81,7.866,7.866,,,LENG KEE ROAD,21.939
leng_kee_road,Leng Kee Road,364.0,25304.938,30429.708,6.685,,7.522,,,LENG KEE ROAD,23.022
leng_kee_road,Leng Kee Road,366.0,25306.9,30429.324,6.519,7.178,7.178,,,LENG KEE ROAD,23.023
leng_kee_road,Leng Kee Road,368.0,25308.863,30428.94,6.169,6.833,6.833,,,LENG KEE ROAD,22.949
leng_kee_road,Leng Kee Road,370.0,25310.826,30428.556,6.147,6.489,6.489,,,LENG KEE ROAD,22.876
leng_kee_road,Leng Kee Road,372.0,25312.581,30427.627,6.144,6.144,6.144,,,LENG KEE ROAD,22.233
leng_kee_road,Leng Kee Road,374.0,25314.302,30426.607,6.121,6.121,6.121,,,LENG KEE ROAD,21.495
leng_kee_road,Leng Kee Road,376.0,25316.022,30425.588,5.827,5.827,6.121,,,LENG KEE ROAD,20.756
leng_kee_road,Leng Kee Road,378.0,25317.749,30424.578,5.633,6.041,6.121,4.357,1.0,LENG KEE ROAD,20.029
leng_kee_road,Leng Kee Road,380.0,25319.503,30423.618,7.915,6.255,6.255,,,LENG KEE ROAD,19.354
leng_kee_road,Leng Kee Road,382.0,25321.257,30422.657,6.469,6.469,6.469,,,LENG KEE ROAD,18.679
leng_kee_road,Leng Kee Road,384.0,25323.011,30421.696,6.397,6.592,6.592,,,LENG KEE ROAD,18.003
leng_kee_road,Leng Kee Road,386.0,25324.765,30420.735,6.463,6.715,6.715,,,LENG KEE ROAD,17.328
leng_kee_road,Leng Kee Road,388.0,25326.598,30419.95,6.591,7.014,7.014,,,LENG KEE ROAD,16.839
leng_kee_road,Leng Kee Road,390.0,25328.485,30419.289,6.584,7.314,7.314,,,LENG KEE ROAD,16.48
leng_kee_road,Leng Kee Road,392.0,25330.372,30418.627,7.666,7.614,7.614,,,LENG KEE ROAD,16.121
leng_kee_road,Leng Kee Road,394.0,25332.26,30417.965,10.306,7.913,7.913,,,LENG KEE ROAD,15.762
leng_kee_road,Leng Kee Road,396.0,25334.147,30417.304,10.294,8.16,8.16,,,LENG KEE ROAD,15.403
leng_kee_road,Leng Kee Road,398.0,25336.036,30416.646,10.3,8.407,8.407,7.461,1.0,LENG KEE ROAD,15.048
leng_kee_road,Leng Kee Road,400.0,25337.933,30416.012,8.655,8.655,8.51,4.372,1.0,LENG KEE ROAD,14.719
leng_kee_road,Leng Kee Road,402.0,25339.83,30415.379,8.605,8.605,8.51,0.277,1.0,LENG KEE ROAD,14.389
leng_kee_road,Leng Kee Road,404.0,25341.727,30414.745,6.755,8.51,8.51,,,LENG KEE ROAD,14.06
leng_kee_road,Leng Kee Road,406.0,25343.624,30414.112,8.415,8.415,8.43,,,LENG KEE ROAD,13.73
leng_kee_road,Leng Kee Road,408.0,25345.544,30413.553,7.433,8.423,8.43,,,LENG KEE ROAD,13.478
leng_kee_road,Leng Kee Road,410.0,25347.47,30413.013,6.333,8.43,8.43,,,LENG KEE ROAD,13.245
leng_kee_road,Leng Kee Road,412.0,25349.395,30412.473,6.279,8.437,8.437,,,LENG KEE ROAD,13.012
leng_kee_road,Leng Kee Road,414.0,25351.321,30411.933,5.834,8.444,8.437,,,LENG KEE ROAD,12.779
leng_kee_road,Leng Kee Road,416.0,25353.247,30411.393,8.451,8.451,8.437,,,LENG KEE ROAD,12.546
leng_kee_road,Leng Kee Road,418.0,25355.172,30410.852,8.694,8.196,8.196,,,LENG KEE ROAD,12.314
leng_kee_road,Leng Kee Road,420.0,25357.101,30410.322,10.813,7.94,7.94,,,LENG KEE ROAD,12.091
leng_kee_road,Leng Kee Road,422.0,25359.034,30409.811,10.805,7.685,7.685,,,LENG KEE ROAD,11.887
leng_kee_road,Leng Kee Road,424.0,25360.968,30409.299,7.164,7.43,7.43,,,LENG KEE ROAD,11.684
leng_kee_road,Leng Kee Road,426.0,25362.901,30408.787,7.174,7.146,7.146,,,LENG KEE ROAD,11.48
leng_kee_road,Leng Kee Road,428.0,25364.835,30408.276,7.164,6.862,6.862,,,LENG KEE ROAD,11.277
leng_kee_road,Leng Kee Road,430.0,25366.769,30407.768,8.73,6.643,6.643,,,LENG KEE ROAD,11.077
leng_kee_road,Leng Kee Road,432.0,25368.719,30407.326,6.238,6.423,6.423,,,LENG KEE ROAD,10.945
leng_kee_road,Leng Kee Road,434.0,25370.67,30406.884,6.203,6.203,6.418,,,LENG KEE ROAD,10.814
leng_kee_road,Leng Kee Road,436.0,25372.621,30406.443,6.203,6.203,6.418,,,LENG KEE ROAD,10.682
leng_kee_road,Leng Kee Road,438.0,25374.571,30406.001,6.418,6.418,6.418,3.134,1.0,LENG KEE ROAD,10.551
leng_kee_road,Leng Kee Road,440.0,25376.558,30405.769,8.688,6.544,6.544,4.701,1.0,LENG KEE ROAD,10.631
leng_kee_road,Leng Kee Road,442.0,25378.544,30405.538,8.688,6.669,6.669,6.268,1.0,LENG KEE ROAD,10.713
leng_kee_road,Leng Kee Road,444.0,25380.531,30405.307,8.808,6.794,6.794,5.907,1.0,LENG KEE ROAD,10.796
leng_kee_road,Leng Kee Road,446.0,25382.518,30405.077,5.443,6.92,6.92,4.549,1.0,LENG KEE ROAD,10.878
leng_kee_road,Leng Kee Road,448.0,25384.504,30404.846,5.455,7.045,7.016,3.134,1.0,LENG KEE ROAD,10.96
leng_kee_road,Leng Kee Road,450.0,25386.491,30404.615,7.171,7.171,7.033,1.415,1.0,LENG KEE ROAD,11.042
leng_kee_road,Leng Kee Road,452.0,25388.478,30404.384,7.016,7.016,7.045,0.0,1.0,LENG KEE ROAD,11.125
leng_kee_road,Leng Kee Road,454.0,25390.464,30404.154,7.033,7.033,7.033,,,LENG KEE ROAD,11.207
leng_kee_road,Leng Kee Road,456.0,25392.451,30403.923,7.091,7.091,7.016,,,LENG KEE ROAD,11.289
leng_kee_road,Leng Kee Road,458.0,25394.438,30403.692,5.752,6.843,6.843,-5.478,1.0,LENG KEE ROAD,11.371
leng_kee_road,Leng Kee Road,460.0,25396.424,30403.462,6.121,6.595,6.595,-5.269,1.0,LENG KEE ROAD,11.453
leng_kee_road,Leng Kee Road,462.0,25398.411,30403.231,9.072,6.347,6.595,,,LENG KEE ROAD,11.536
leng_kee_road,Leng Kee Road,464.0,25400.398,30403.0,6.572,6.572,6.595,,,LENG KEE ROAD,11.631
leng_kee_road,Leng Kee Road,466.0,25402.355,30402.592,6.602,6.812,6.812,,,LENG KEE ROAD,11.568
leng_kee_road,Leng Kee Road,468.0,25404.312,30402.178,6.152,7.101,7.101,,,LENG KEE ROAD,11.501
leng_kee_road,Leng Kee Road,470.0,25406.269,30401.764,5.43,7.39,7.39,,,LENG KEE ROAD,11.433
leng_kee_road,Leng Kee Road,472.0,25408.225,30401.351,8.427,7.643,7.643,,,LENG KEE ROAD,11.366
leng_kee_road,Leng Kee Road,474.0,25410.183,30400.94,8.402,7.896,7.896,,,LENG KEE ROAD,11.301
leng_kee_road,Leng Kee Road,476.0,25412.141,30400.533,8.402,8.149,8.149,,,LENG KEE ROAD,11.24
leng_kee_road,Leng Kee Road,478.0,25414.099,30400.125,8.402,8.402,8.199,,,LENG KEE ROAD,11.178
leng_kee_road,Leng Kee Road,480.0,25416.057,30399.717,8.402,8.402,8.199,,,LENG KEE ROAD,11.116
leng_kee_road,Leng Kee Road,482.0,25418.015,30399.309,9.896,8.199,8.201,,,LENG KEE ROAD,11.054
leng_kee_road,Leng Kee Road,484.0,25419.973,30398.901,7.857,7.997,8.201,,,LENG KEE ROAD,10.993
leng_kee_road,Leng Kee Road,486.0,25421.933,30398.504,7.794,8.201,8.201,,,LENG KEE ROAD,10.942
leng_kee_road,Leng Kee Road,488.0,25423.912,30398.221,7.69,8.406,8.406,,,LENG KEE ROAD,11.007
leng_kee_road,Leng Kee Road,490.0,25425.892,30397.938,7.698,8.611,8.544,,,LENG KEE ROAD,11.072
leng_kee_road,Leng Kee Road,492.0,25427.872,30397.655,8.815,8.815,8.544,,,LENG KEE ROAD,11.137
leng_kee_road,Leng Kee Road,494.0,25429.852,30397.372,11.376,8.544,8.544,,,LENG KEE ROAD,11.202
leng_kee_road,Leng Kee Road,496.0,25431.832,30397.089,11.28,8.273,8.273,,,LENG KEE ROAD,11.267
leng_kee_road,Leng Kee Road,498.0,25433.812,30396.806,9.212,8.002,8.002,,,LENG KEE ROAD,11.333
leng_kee_road,Leng Kee Road,500.0,25435.792,30396.523,9.219,7.731,7.731,,,LENG KEE ROAD,11.398
leng_kee_road,Leng Kee Road,502.0,25437.772,30396.24,7.46,7.46,7.494,,,LENG KEE ROAD,11.463
leng_kee_road,Leng Kee Road,504.0,25439.751,30395.957,7.494,7.494,7.465,,,LENG KEE ROAD,11.528
leng_kee_road,Leng Kee Road,506.0,25441.731,30395.674,5.802,7.465,7.46,-1.615,1.0,LENG KEE ROAD,11.593
leng_kee_road,Leng Kee Road,508.0,25443.711,30395.391,7.437,7.437,7.437,-1.313,1.0,LENG KEE ROAD,11.658
leng_kee_road,Leng Kee Road,510.0,25445.697,30395.165,7.34,7.34,7.365,-1.51,1.0,LENG KEE ROAD,11.78
leng_kee_road,Leng Kee Road,512.0,25447.692,30395.026,7.36,7.36,7.36,-4.039,1.0,LENG KEE ROAD,11.99
leng_kee_road,Leng Kee Road,514.0,25449.687,30394.888,7.365,7.365,7.34,,,LENG KEE ROAD,12.2
leng_kee_road,Leng Kee Road,516.0,25451.683,30394.75,7.114,7.114,7.114,,,LENG KEE ROAD,12.41
leng_kee_road,Leng Kee Road,518.0,25453.678,30394.611,7.128,6.868,6.868,,,LENG KEE ROAD,12.62
leng_kee_road,Leng Kee Road,520.0,25455.673,30394.473,7.207,6.621,6.621,-11.835,2.0,LENG KEE ROAD,12.831
leng_kee_road,Leng Kee Road,522.0,25457.67,30394.355,6.116,6.375,6.375,,,LENG KEE ROAD,13.061
leng_kee_road,Leng Kee Road,524.0,25459.667,30394.252,6.128,6.128,6.167,,,LENG KEE ROAD,13.307
leng_kee_road,Leng Kee Road,526.0,25461.664,30394.15,6.153,6.153,6.167,,,LENG KEE ROAD,13.553
leng_kee_road,Leng Kee Road,528.0,25463.659,30394.017,6.487,6.167,6.167,0.347,1.0,LENG KEE ROAD,13.768
leng_kee_road,Leng Kee Road,530.0,25465.639,30393.733,6.116,6.181,6.181,3.837,1.0,LENG KEE ROAD,13.833
leng_kee_road,Leng Kee Road,532.0,25467.618,30393.45,6.195,6.195,6.195,,,LENG KEE ROAD,13.897
leng_kee_road,Leng Kee Road,534.0,25469.598,30393.166,6.474,6.474,6.474,,,LENG KEE ROAD,13.962
leng_kee_road,Leng Kee Road,536.0,25471.578,30392.883,6.729,6.729,6.554,,,LENG KEE ROAD,14.026
leng_kee_road,Leng Kee Road,538.0,25473.558,30392.599,6.741,6.741,6.554,,,LENG KEE ROAD,14.091
leng_kee_road,Leng Kee Road,540.0,25475.537,30392.315,6.814,6.554,6.554,-4.246,1.0,LENG KEE ROAD,14.155
leng_kee_road,Leng Kee Road,542.0,25477.517,30392.032,5.954,6.367,6.367,-4.246,1.0,LENG KEE ROAD,14.22
leng_kee_road,Leng Kee Road,544.0,25479.497,30391.748,6.181,6.181,6.214,,,LENG KEE ROAD,14.284
leng_kee_road,Leng Kee Road,546.0,25481.477,30391.465,6.177,6.177,6.214,,,LENG KEE ROAD,14.348
leng_kee_road,Leng Kee Road,548.0,25483.457,30391.181,5.803,6.214,6.214,,,LENG KEE ROAD,14.413
leng_kee_road,Leng Kee Road,550.0,25485.436,30390.897,6.871,6.251,6.251,1.381,1.0,LENG KEE ROAD,14.477
leng_kee_road,Leng Kee Road,552.0,25487.416,30390.614,6.418,6.288,6.288,,,LENG KEE ROAD,14.542
leng_kee_road,Leng Kee Road,554.0,25489.383,30390.293,6.325,6.325,6.325,,,LENG KEE ROAD,14.568
leng_kee_road,Leng Kee Road,556.0,25491.102,30389.271,6.585,6.585,6.461,,,LENG KEE ROAD,13.859
leng_kee_road,Leng Kee Road,558.0,25492.821,30388.248,7.36,6.523,6.461,,,LENG KEE ROAD,13.151
leng_kee_road,Leng Kee Road,560.0,25494.54,30387.226,5.821,6.461,6.461,-1.027,1.0,LENG KEE ROAD,12.442
leng_kee_road,Leng Kee Road,562.0,25496.258,30386.203,6.348,6.399,6.399,,,LENG KEE ROAD,11.734
leng_kee_road,Leng Kee Road,564.0,25497.977,30385.181,6.337,6.337,6.379,,,LENG KEE ROAD,11.025
leng_kee_road,Leng Kee Road,566.0,25499.696,30384.158,8.196,6.358,6.379,,,LENG KEE ROAD,10.317
leng_kee_road,Leng Kee Road,568.0,25501.63,30383.652,6.379,6.379,6.379,,,LENG KEE ROAD,10.14
leng_kee_road,Leng Kee Road,570.0,25503.567,30383.151,6.264,6.661,6.661,,,LENG KEE ROAD,9.847
leng_kee_road,Leng Kee Road,572.0,25505.503,30382.65,7.636,6.943,6.661,,,LENG KEE ROAD,9.555
leng_kee_road,Leng Kee Road,574.0,25507.439,30382.149,7.622,6.762,6.661,,,LENG KEE ROAD,9.262
leng_kee_road,Leng Kee Road,576.0,25509.375,30381.648,7.624,6.582,6.582,,,LENG KEE ROAD,8.97
leng_kee_road,Leng Kee Road,578.0,25511.311,30381.147,6.921,6.401,6.401,,,LENG KEE ROAD,8.677
leng_kee_road,Leng Kee Road,580.0,25513.248,30380.646,6.271,6.221,6.221,,,LENG KEE ROAD,8.385
leng_kee_road,Leng Kee Road,582.0,25515.184,30380.144,6.04,6.04,6.04,,,LENG KEE ROAD,8.092
leng_kee_road,Leng Kee Road,584.0,25517.12,30379.643,6.012,6.012,6.037,,,LENG KEE ROAD,7.8
leng_kee_road,Leng Kee Road,586.0,25519.056,30379.142,6.034,6.034,6.037,1.992,1.0,LENG KEE ROAD,7.507
leng_kee_road,Leng Kee Road,588.0,25520.992,30378.641,6.037,6.037,6.037,5.605,1.0,LENG KEE ROAD,7.214
leng_kee_road,Leng Kee Road,590.0,25522.929,30378.14,6.199,6.199,6.199,9.219,2.0,LENG KEE ROAD,6.922
leng_kee_road,Leng Kee Road,592.0,25524.892,30377.767,6.577,6.487,6.487,,,LENG KEE ROAD,6.76
leng_kee_road,Leng Kee Road,594.0,25526.866,30377.447,6.774,6.774,6.774,,,LENG KEE ROAD,6.651
leng_kee_road,Leng Kee Road,596.0,25528.84,30377.126,5.96,6.87,6.87,,,LENG KEE ROAD,6.542
leng_kee_road,Leng Kee Road,598.0,25530.814,30376.806,6.61,6.965,6.965,,,LENG KEE ROAD,6.434
leng_kee_road,Leng Kee Road,600.0,25532.788,30376.486,6.201,7.06,7.06,,,LENG KEE ROAD,6.325
leng_kee_road,Leng Kee Road,602.0,25534.773,30376.244,7.037,7.156,7.156,,,LENG KEE ROAD,6.295
leng_kee_road,Leng Kee Road,604.0,25536.762,30376.037,7.682,7.251,7.251,,,LENG KEE ROAD,6.3
leng_kee_road,Leng Kee Road,606.0,25538.752,30375.83,8.606,7.346,7.346,,,LENG KEE ROAD,6.37
leng_kee_road,Leng Kee Road,608.0,25540.741,30375.623,7.929,7.442,7.442,,,LENG KEE ROAD,6.475
leng_kee_road,Leng Kee Road,610.0,25542.73,30375.416,7.528,7.537,7.537,,,LENG KEE ROAD,6.579
leng_kee_road,Leng Kee Road,612.0,25544.719,30375.209,8.094,7.632,7.632,,,LENG KEE ROAD,6.684
leng_kee_road,Leng Kee Road,614.0,25546.709,30375.002,7.593,7.728,7.728,,,LENG KEE ROAD,6.789
leng_kee_road,Leng Kee Road,616.0,25548.698,30374.795,7.823,7.823,7.728,,,LENG KEE ROAD,6.894
leng_kee_road,Leng Kee Road,618.0,25550.687,30374.588,7.792,7.792,7.728,,,LENG KEE ROAD,6.999
leng_kee_road,Leng Kee Road,620.0,25552.676,30374.381,7.792,7.598,7.598,,,LENG KEE ROAD,7.104
leng_kee_road,Leng Kee Road,622.0,25554.666,30374.174,7.403,7.32,7.32,,,LENG KEE ROAD,7.209
leng_kee_road,Leng Kee Road,624.0,25556.648,30373.919,4.992,7.042,7.042,,,LENG KEE ROAD,7.266
leng_kee_road,Leng Kee Road,626.0,25558.616,30373.56,5.022,6.787,6.787,,,LENG KEE ROAD,7.217
leng_kee_road,Leng Kee Road,628.0,25560.583,30373.2,6.318,6.532,6.532,,,LENG KEE ROAD,7.168
leng_kee_road,Leng Kee Road,630.0,25562.55,30372.841,6.277,6.277,6.277,,,LENG KEE ROAD,7.119
leng_kee_road,Leng Kee Road,632.0,25564.518,30372.481,6.202,6.202,6.227,,,LENG KEE ROAD,7.07
leng_kee_road,Leng Kee Road,634.0,25566.485,30372.122,7.175,6.214,6.227,-0.781,1.0,LENG KEE ROAD,7.02
leng_kee_road,Leng Kee Road,636.0,25568.453,30371.765,7.186,6.227,6.214,,,LENG KEE ROAD,6.974
leng_kee_road,Leng Kee Road,638.0,25570.421,30371.409,6.239,6.239,6.214,,,LENG KEE ROAD,6.928
leng_kee_road,Leng Kee Road,640.0,25572.389,30371.053,6.203,6.058,6.058,,,LENG KEE ROAD,6.883
leng_kee_road,Leng Kee Road,642.0,25574.357,30370.697,5.183,5.877,5.877,-6.472,1.0,LENG KEE ROAD,6.837
leng_kee_road,Leng Kee Road,644.0,25576.325,30370.341,5.696,5.696,5.696,,,LENG KEE ROAD,6.791
leng_kee_road,Leng Kee Road,646.0,25578.283,30369.942,5.682,5.682,5.696,,,LENG KEE ROAD,6.702
leng_kee_road,Leng Kee Road,648.0,25580.201,30369.375,5.677,5.677,5.696,,,LENG KEE ROAD,6.44
leng_kee_road,Leng Kee Road,650.0,25582.119,30368.807,5.702,5.702,5.702,,,LENG KEE ROAD,6.178
leng_kee_road,Leng Kee Road,652.0,25584.037,30368.24,6.077,5.87,5.87,,,LENG KEE ROAD,5.916
leng_kee_road,Leng Kee Road,654.0,25585.934,30367.607,4.872,6.039,6.039,8.438,1.0,LENG KEE ROAD,5.585
leng_kee_road,Leng Kee Road,656.0,25587.828,30366.966,4.932,6.208,6.208,,,LENG KEE ROAD,5.247
leng_kee_road,Leng Kee Road,658.0,25589.723,30366.326,6.377,6.377,6.377,,,LENG KEE ROAD,4.909
leng_kee_road,Leng Kee Road,660.0,25591.618,30365.685,7.318,6.386,6.386,,,LENG KEE ROAD,4.571
leng_kee_road,Leng Kee Road,662.0,25593.512,30365.045,7.296,6.394,6.386,-2.387,1.0,LENG KEE ROAD,4.233
leng_kee_road,Leng Kee Road,664.0,25595.407,30364.404,6.403,6.403,6.386,,,LENG KEE ROAD,3.895
leng_kee_road,Leng Kee Road,666.0,25597.302,30363.764,6.118,6.118,6.186,,,LENG KEE ROAD,3.557
leng_kee_road,Leng Kee Road,668.0,25599.196,30363.123,6.186,6.186,6.186,-2.454,1.0,LENG KEE ROAD,3.219
leng_kee_road,Leng Kee Road,670.0,25601.091,30362.482,6.175,6.175,6.186,0.251,1.0,LENG KEE ROAD,2.881
leng_kee_road,Leng Kee Road,672.0,25602.986,30361.842,6.189,6.189,6.189,0.564,1.0,LENG KEE ROAD,2.543
leng_kee_road,Leng Kee Road,674.0,25604.88,30361.201,6.231,6.231,6.206,0.824,1.0,LENG KEE ROAD,2.205
leng_kee_road,Leng Kee Road,676.0,25606.775,30360.561,6.206,6.206,6.231,0.884,1.0,LENG KEE ROAD,1.867
leng_kee_road,Leng Kee Road,678.0,25608.67,30359.92,6.26,6.26,6.252,,,LENG KEE ROAD,1.528
leng_kee_road,Leng Kee Road,680.0,25610.567,30359.287,6.252,6.252,6.26,,,LENG KEE ROAD,1.198
leng_kee_road,Leng Kee Road,682.0,25612.485,30358.722,4.872,6.477,6.477,,,LENG KEE ROAD,0.938
leng_kee_road,Leng Kee Road,684.0,25614.404,30358.157,7.947,6.703,6.703,,,LENG KEE ROAD,0.679
leng_kee_road,Leng Kee Road,686.0,25616.322,30357.592,8.818,6.929,6.929,,,LENG KEE ROAD,0.419
leng_kee_road,Leng Kee Road,688.0,25618.241,30357.027,7.91,7.154,7.154,,,LENG KEE ROAD,0.159
leng_kee_road,Leng Kee Road,690.0,25620.159,30356.462,7.577,7.38,7.38,,,LENG KEE ROAD,0.101
leng_kee_road,Leng Kee Road,692.0,25622.078,30355.897,7.606,7.606,7.572,,,LENG KEE ROAD,0.36
leng_kee_road,Leng Kee Road,694.0,25624.036,30355.522,7.572,7.572,7.606,,,LENG KEE ROAD,0.426
leng_kee_road,Leng Kee Road,696.0,25626.021,30355.276,7.643,7.643,7.606,,,LENG KEE ROAD,0.36
leng_kee_road,Leng Kee Road,698.0,25628.005,30355.03,7.66,7.66,7.572,-4.115,1.0,LENG KEE ROAD,0.295
leng_kee_road,Leng Kee Road,700.0,25629.99,30354.784,7.593,7.468,7.468,,,LENG KEE ROAD,0.229
leng_kee_road,Leng Kee Road,702.0,25631.975,30354.538,7.277,7.277,7.277,,,LENG KEE ROAD,0.163
leng_kee_road,Leng Kee Road,704.0,25633.96,30354.293,5.893,7.102,7.102,,,LENG KEE ROAD,0.097
leng_kee_road,Leng Kee Road,706.0,25635.945,30354.047,6.752,6.927,7.102,,,LENG KEE ROAD,0.031
leng_kee_road,Leng Kee Road,708.0,25637.93,30353.802,6.752,7.071,7.102,,,LENG KEE ROAD,0.035
leng_kee_road,Leng Kee Road,710.0,25639.915,30353.556,6.877,7.315,7.315,,,LENG KEE ROAD,0.102
leng_kee_road,Leng Kee Road,712.0,25641.889,30353.237,7.352,7.558,7.558,,,LENG KEE ROAD,0.093
leng_kee_road,Leng Kee Road,714.0,25643.86,30352.898,8.631,7.82,7.82,,,LENG KEE ROAD,0.065
leng_kee_road,Leng Kee Road,716.0,25645.831,30352.56,8.61,8.082,8.082,,,LENG KEE ROAD,0.038
leng_kee_road,Leng Kee Road,718.0,25647.802,30352.222,8.585,8.344,8.344,,,LENG KEE ROAD,0.01
leng_kee_road,Leng Kee Road,720.0,25649.776,30351.899,8.606,8.606,8.606,,,LENG KEE ROAD,0.001
leng_kee_road,Leng Kee Road,722.0,25651.752,30351.594,7.281,8.632,8.632,,,LENG KEE ROAD,0.004
leng_kee_road,Leng Kee Road,724.0,25653.729,30351.289,7.277,8.658,8.632,,,LENG KEE ROAD,0.01
leng_kee_road,Leng Kee Road,726.0,25655.705,30350.983,8.685,8.685,8.632,,,LENG KEE ROAD,0.016
leng_kee_road,Leng Kee Road,728.0,25657.682,30350.678,8.656,8.489,8.489,,,LENG KEE ROAD,0.022
leng_kee_road,Leng Kee Road,730.0,25659.652,30350.339,8.294,8.294,8.355,-3.467,1.0,LENG KEE ROAD,0.007
leng_kee_road,Leng Kee Road,732.0,25661.592,30349.855,8.344,8.344,8.355,,,LENG KEE ROAD,0.183
leng_kee_road,Leng Kee Road,734.0,25663.533,30349.371,8.355,8.355,8.355,,,LENG KEE ROAD,0.359
leng_kee_road,Leng Kee Road,736.0,25665.474,30348.888,8.369,8.647,8.647,9.805,2.0,LENG KEE ROAD,0.535
leng_kee_road,Leng Kee Road,738.0,25667.414,30348.404,9.218,8.94,8.94,9.805,2.0,LENG KEE ROAD,0.711
leng_kee_road,Leng Kee Road,740.0,25669.355,30347.92,9.232,9.232,9.139,,,LENG KEE ROAD,0.887
leng_kee_road,Leng Kee Road,742.0,25671.344,30347.726,9.207,9.207,9.139,,,LENG KEE ROAD,0.769
leng_kee_road,Leng Kee Road,744.0,25673.336,30347.555,9.139,9.139,9.139,,,LENG KEE ROAD,0.629
leng_kee_road,Leng Kee Road,746.0,25675.329,30347.383,8.55,9.112,9.112,,,LENG KEE ROAD,0.488
leng_kee_road,Leng Kee Road,748.0,25677.322,30347.212,9.078,9.084,9.084,,,LENG KEE ROAD,0.348
leng_kee_road,Leng Kee Road,750.0,25679.315,30347.148,9.057,8.865,8.865,,,LENG KEE ROAD,0.1
leng_kee_road,Leng Kee Road,752.0,25681.308,30347.311,8.986,8.646,8.646,,,LENG KEE ROAD,0.371
leng_kee_road,Leng Kee Road,754.0,25683.301,30347.474,8.427,8.369,8.369,,,LENG KEE ROAD,0.842
leng_kee_road,Leng Kee Road,756.0,25685.295,30347.637,8.497,8.091,8.091,,,LENG KEE ROAD,1.313
leng_kee_road,Leng Kee Road,758.0,25687.288,30347.8,11.38,7.808,7.808,,,LENG KEE ROAD,1.784
leng_kee_road,Leng Kee Road,760.0,25689.281,30347.963,10.146,7.525,7.525,,,LENG KEE ROAD,2.255
leng_kee_road,Leng Kee Road,762.0,25691.276,30348.067,10.124,7.242,7.242,,,LENG KEE ROAD,2.668
leng_kee_road,Leng Kee Road,764.0,25693.276,30348.014,6.296,6.959,6.959,,,LENG KEE ROAD,2.927
leng_kee_road,Leng Kee Road,766.0,25695.275,30347.961,6.314,6.675,6.886,,,LENG KEE ROAD,3.185
leng_kee_road,Leng Kee Road,768.0,25697.274,30347.908,6.293,6.6,6.886,,,LENG KEE ROAD,3.444
leng_kee_road,Leng Kee Road,770.0,25699.273,30347.855,6.886,6.886,6.886,,,LENG KEE ROAD,3.702
leng_kee_road,Leng Kee Road,772.0,25701.268,30347.724,7.911,6.927,6.927,,,LENG KEE ROAD,3.883
leng_kee_road,Leng Kee Road,774.0,25703.258,30347.524,6.943,6.969,6.969,1.736,1.0,LENG KEE ROAD,3.995
leng_kee_road,Leng Kee Road,776.0,25705.248,30347.324,7.011,7.011,7.011,,,LENG KEE ROAD,4.107
leng_kee_road,Leng Kee Road,778.0,25707.238,30347.124,7.225,7.225,7.025,,,LENG KEE ROAD,4.219
leng_kee_road,Leng Kee Road,780.0,25709.228,30346.933,6.73,7.025,7.225,,,LENG KEE ROAD,4.34
leng_kee_road,Leng Kee Road,782.0,25711.225,30346.811,6.824,7.247,7.247,,,LENG KEE ROAD,4.53
leng_kee_road,Leng Kee Road,784.0,25713.221,30346.688,7.296,7.47,7.47,,,LENG KEE ROAD,4.719
leng_kee_road,Leng Kee Road,786.0,25715.217,30346.566,7.959,7.693,7.693,,,LENG KEE ROAD,4.909
leng_kee_road,Leng Kee Road,788.0,25717.213,30346.443,8.127,7.757,7.757,,,LENG KEE ROAD,5.098
leng_kee_road,Leng Kee Road,790.0,25719.21,30346.321,6.0,7.82,7.757,,,LENG KEE ROAD,5.288
leng_kee_road,Leng Kee Road,792.0,25721.206,30346.198,8.382,7.884,7.757,,,LENG KEE ROAD,5.477
leng_kee_road,Leng Kee Road,794.0,25723.202,30346.076,13.261,7.7,7.7,,,LENG KEE ROAD,5.667
leng_kee_road,Leng Kee Road,796.0,25725.198,30345.954,6.646,7.516,7.516,,,LENG KEE ROAD,5.856
leng_kee_road,Leng Kee Road,798.0,25727.195,30345.831,7.234,7.332,7.332,,,LENG KEE ROAD,6.046
leng_kee_road,Leng Kee Road,800.0,25729.191,30345.709,7.202,7.148,7.148,,,LENG KEE ROAD,6.235
leng_kee_road,Leng Kee Road,802.0,25731.187,30345.586,5.746,6.964,6.964,,,LENG KEE ROAD,6.425
leng_kee_road,Leng Kee Road,804.0,25733.183,30345.464,4.525,6.779,6.779,,,LENG KEE ROAD,6.615
leng_kee_road,Leng Kee Road,806.0,25735.179,30345.333,5.396,6.595,6.595,,,LENG KEE ROAD,6.796
leng_kee_road,Leng Kee Road,808.0,25737.129,30344.89,4.405,6.411,6.411,,,LENG KEE ROAD,6.661
leng_kee_road,Leng Kee Road,810.0,25739.079,30344.447,4.405,6.227,6.227,,,LENG KEE ROAD,6.527
leng_kee_road,Leng Kee Road,812.0,25741.029,30344.003,5.842,6.043,6.043,,,LENG KEE ROAD,6.392
leng_kee_road,Leng Kee Road,814.0,25742.979,30343.56,5.859,5.859,6.013,,,LENG KEE ROAD,6.257
leng_kee_road,Leng Kee Road,816.0,25744.93,30343.116,5.867,5.867,6.013,,,LENG KEE ROAD,6.123
leng_kee_road,Leng Kee Road,818.0,25746.866,30342.616,5.855,6.013,6.013,,,LENG KEE ROAD,5.93
leng_kee_road,Leng Kee Road,820.0,25748.802,30342.113,4.485,6.159,6.159,,,LENG KEE ROAD,5.733
leng_kee_road,Leng Kee Road,822.0,25750.737,30341.609,4.505,6.402,6.402,,,LENG KEE ROAD,5.536
leng_kee_road,Leng Kee Road,824.0,25752.673,30341.105,6.767,6.646,6.646,,,LENG KEE ROAD,5.34
leng_kee_road,Leng Kee Road,826.0,25754.608,30340.601,6.707,6.987,6.987,,,LENG KEE ROAD,5.143
leng_kee_road,Leng Kee Road,828.0,25756.544,30340.097,7.013,7.327,7.327,,,LENG KEE ROAD,4.946
leng_kee_road,Leng Kee Road,830.0,25758.517,30339.783,7.77,7.757,7.757,,,LENG KEE ROAD,4.943
leng_kee_road,Leng Kee Road,832.0,25760.498,30339.508,6.985,8.187,8.187,,,LENG KEE ROAD,4.98
leng_kee_road,Leng Kee Road,834.0,25762.479,30339.233,6.697,8.618,8.618,,,LENG KEE ROAD,5.016
leng_kee_road,Leng Kee Road,836.0,25764.46,30338.962,6.726,9.048,9.048,,,LENG KEE ROAD,5.057
leng_kee_road,Leng Kee Road,838.0,25766.445,30338.716,17.152,9.478,9.478,,,LENG KEE ROAD,5.122
leng_kee_road,Leng Kee Road,840.0,25768.43,30338.469,17.059,9.585,9.585,,,LENG KEE ROAD,5.187
leng_kee_road,Leng Kee Road,842.0,25770.415,30338.223,16.159,9.691,9.691,,,LENG KEE ROAD,5.252
leng_kee_road,Leng Kee Road,844.0,25772.399,30337.976,16.237,9.797,9.797,,,LENG KEE ROAD,5.317
leng_kee_road,Leng Kee Road,846.0,25774.385,30337.739,10.302,9.903,9.903,,,LENG KEE ROAD,5.392
leng_kee_road,Leng Kee Road,848.0,25776.376,30337.551,9.937,10.01,10.01,,,LENG KEE ROAD,5.516
leng_kee_road,Leng Kee Road,850.0,25778.367,30337.363,10.116,10.116,10.116,,,LENG KEE ROAD,5.64
leng_kee_road,Leng Kee Road,852.0,25780.359,30337.175,10.169,10.169,10.169,,,LENG KEE ROAD,5.764
leng_kee_road,Leng Kee Road,854.0,25782.35,30336.988,9.78,10.341,10.341,,,LENG KEE ROAD,5.888
leng_kee_road,Leng Kee Road,856.0,25784.341,30336.8,9.527,10.512,10.374,,,LENG KEE ROAD,6.028
leng_kee_road,Leng Kee Road,858.0,25786.312,30336.47,10.683,10.443,10.374,,,LENG KEE ROAD,6.046
leng_kee_road,Leng Kee Road,860.0,25788.28,30336.111,10.723,10.374,10.374,,,LENG KEE ROAD,6.035
leng_kee_road,Leng Kee Road,862.0,25790.248,30335.753,10.845,9.893,9.893,,,LENG KEE ROAD,6.024
leng_kee_road,Leng Kee Road,864.0,25792.215,30335.394,11.805,9.413,9.413,,,LENG KEE ROAD,6.013
leng_kee_road,Leng Kee Road,866.0,25794.165,30334.956,12.155,8.932,8.932,,,LENG KEE ROAD,5.921
leng_kee_road,Leng Kee Road,868.0,25796.097,30334.441,7.156,8.451,8.451,,,LENG KEE ROAD,5.75
leng_kee_road,Leng Kee Road,870.0,25798.03,30333.925,7.099,7.914,7.914,,,LENG KEE ROAD,5.578
leng_kee_road,Leng Kee Road,872.0,25799.962,30333.409,6.037,7.376,7.376,,,LENG KEE ROAD,5.407
leng_kee_road,Leng Kee Road,874.0,25801.895,30332.894,6.384,6.838,6.838,,,LENG KEE ROAD,5.235
leng_kee_road,Leng Kee Road,876.0,25803.814,30332.333,7.278,6.3,6.3,,,LENG KEE ROAD,5.016
leng_kee_road,Leng Kee Road,878.0,25805.717,30331.718,5.917,5.763,5.763,,,LENG KEE ROAD,4.742
leng_kee_road,Leng Kee Road,880.0,25807.62,30331.103,4.975,5.225,5.225,,,LENG KEE ROAD,4.468
leng_kee_road,Leng Kee Road,882.0,25809.523,30330.489,6.415,5.022,5.022,,,LENG KEE ROAD,4.194
leng_kee_road,Leng Kee Road,884.0,25811.427,30329.874,4.995,4.819,4.819,,,LENG KEE ROAD,3.92
leng_kee_road,Leng Kee Road,886.0,25813.329,30329.257,4.995,4.616,4.616,,,LENG KEE ROAD,3.642
leng_kee_road,Leng Kee Road,888.0,25815.225,30328.62,4.413,4.413,4.438,,,LENG KEE ROAD,3.345
leng_kee_road,Leng Kee Road,890.0,25817.121,30327.983,4.438,4.438,4.438,,,LENG KEE ROAD,3.048
leng_kee_road,Leng Kee Road,892.0,25819.016,30327.346,4.438,4.438,4.438,0.0,1.0,LENG KEE ROAD,2.75
leng_kee_road,Leng Kee Road,894.0,25820.912,30326.709,4.438,4.438,4.438,0.0,1.0,LENG KEE ROAD,2.453
leng_kee_road,Leng Kee Road,896.0,25822.864,30326.705,4.438,4.438,4.438,-0.156,1.0,LENG KEE ROAD,2.788
leng_kee_road,Leng Kee Road,898.0,25824.841,30327.003,4.438,4.438,4.438,-0.156,1.0,LENG KEE ROAD,3.426
leng_kee_road,Leng Kee Road,900.0,25826.819,30327.301,4.413,4.413,4.425,-0.156,1.0,LENG KEE ROAD,4.064
leng_kee_road,Leng Kee Road,902.0,25828.796,30327.6,4.4,4.4,4.425,-0.078,1.0,LENG KEE ROAD,4.701
leng_kee_road,Leng Kee Road,904.0,25830.774,30327.898,4.425,4.425,4.425,0.156,1.0,LENG KEE ROAD,5.339
leng_kee_road,Leng Kee Road,906.0,25832.752,30328.196,4.432,4.432,4.432,0.781,1.0,LENG KEE ROAD,5.977
leng_kee_road,Leng Kee Road,908.0,25834.729,30328.494,4.438,4.438,4.438,1.25,1.0,LENG KEE ROAD,6.615
leng_kee_road,Leng Kee Road,910.0,25836.707,30328.793,4.488,4.488,4.488,3.437,1.0,LENG KEE ROAD,7.252
leng_kee_road,Leng Kee Road,912.0,25838.685,30329.091,4.525,4.525,4.525,5.469,1.0,LENG KEE ROAD,7.89
leng_kee_road,Leng Kee Road,914.0,25840.662,30329.389,4.706,4.706,4.706,6.402,1.0,LENG KEE ROAD,8.528
leng_kee_road,Leng Kee Road,916.0,25842.64,30329.687,4.875,4.875,4.875,7.336,1.0,LENG KEE ROAD,9.166
leng_kee_road,Leng Kee Road,918.0,25844.617,30329.986,5.345,5.112,5.112,5.07,1.0,LENG KEE ROAD,9.804
leng_kee_road,Leng Kee Road,920.0,25846.472,30329.275,5.349,5.349,5.112,,,LENG KEE ROAD,9.426
leng_kee_road,Leng Kee Road,922.0,25848.319,30328.508,5.169,5.169,5.112,,,LENG KEE ROAD,8.992
leng_kee_road,Leng Kee Road,924.0,25850.166,30327.742,4.688,4.928,4.928,,,LENG KEE ROAD,8.559
leng_kee_road,Leng Kee Road,926.0,25852.013,30326.975,4.688,4.688,4.744,,,LENG KEE ROAD,8.125
leng_kee_road,Leng Kee Road,928.0,25853.959,30326.529,6.65,4.716,4.744,,,LENG KEE ROAD,8.025
leng_kee_road,Leng Kee Road,930.0,25855.918,30326.127,5.025,4.744,4.744,,,LENG KEE ROAD,7.97
leng_kee_road,Leng Kee Road,932.0,25857.877,30325.725,7.264,4.772,4.772,,,LENG KEE ROAD,7.914
leng_kee_road,Leng Kee Road,934.0,25859.836,30325.323,5.854,4.8,4.8,,,LENG KEE ROAD,7.859
leng_kee_road,Leng Kee Road,936.0,25861.796,30324.92,6.054,4.828,4.828,,,LENG KEE ROAD,7.804
leng_kee_road,Leng Kee Road,938.0,25863.748,30324.485,5.594,4.856,4.856,,,LENG KEE ROAD,7.715
leng_kee_road,Leng Kee Road,940.0,25865.696,30324.033,4.884,4.884,4.884,,,LENG KEE ROAD,7.609
leng_kee_road,Leng Kee Road,942.0,25867.644,30323.582,4.895,4.895,4.891,,,LENG KEE ROAD,7.503
leng_kee_road,Leng Kee Road,944.0,25869.592,30323.13,4.891,4.891,4.895,0.185,1.0,LENG KEE ROAD,7.397
leng_kee_road,Leng Kee Road,946.0,25871.538,30322.667,4.898,4.898,4.898,0.089,1.0,LENG KEE ROAD,7.279
leng_kee_road,Leng Kee Road,948.0,25873.474,30322.165,5.025,5.025,4.898,1.316,1.0,LENG KEE ROAD,7.123
leng_kee_road,Leng Kee Road,950.0,25875.41,30321.664,5.0,5.0,4.898,,,LENG KEE ROAD,6.966
leng_kee_road,Leng Kee Road,952.0,25877.346,30321.163,4.704,4.704,5.0,,,LENG KEE ROAD,6.809
leng_kee_road,Leng Kee Road,954.0,25879.283,30320.662,4.614,4.889,5.0,,,LENG KEE ROAD,6.652
leng_kee_road,Leng Kee Road,956.0,25881.219,30320.16,4.694,5.075,5.075,,,LENG KEE ROAD,6.495
leng_kee_road,Leng Kee Road,958.0,25883.149,30319.636,4.738,5.186,5.186,,,LENG KEE ROAD,6.315
leng_kee_road,Leng Kee Road,960.0,25885.078,30319.109,6.811,5.297,5.297,,,LENG KEE ROAD,6.131
leng_kee_road,Leng Kee Road,962.0,25887.007,30318.581,7.223,5.408,5.408,,,LENG KEE ROAD,5.947
leng_kee_road,Leng Kee Road,964.0,25888.937,30318.054,7.435,5.519,5.519,,,LENG KEE ROAD,5.764
leng_kee_road,Leng Kee Road,966.0,25890.886,30317.668,7.468,5.63,5.63,,,LENG KEE ROAD,5.723
leng_kee_road,Leng Kee Road,968.0,25892.886,30317.625,8.343,5.741,5.741,,,LENG KEE ROAD,6.029
leng_kee_road,Leng Kee Road,970.0,25894.885,30317.582,8.227,5.852,5.852,,,LENG KEE ROAD,6.334
leng_kee_road,Leng Kee Road,972.0,25896.885,30317.539,6.22,5.963,5.927,,,LENG KEE ROAD,6.639
leng_kee_road,Leng Kee Road,974.0,25898.884,30317.496,6.682,6.073,5.927,,,LENG KEE ROAD,6.945
leng_kee_road,Leng Kee Road,976.0,25900.884,30317.453,6.049,5.927,5.927,,,LENG KEE ROAD,7.25
leng_kee_road,Leng Kee Road,978.0,25902.884,30317.457,5.494,5.78,5.78,,,LENG KEE ROAD,7.602
leng_kee_road,Leng Kee Road,980.0,25904.884,30317.484,5.633,5.633,5.78,,,LENG KEE ROAD,7.977
leng_kee_road,Leng Kee Road,982.0,25906.883,30317.512,5.669,5.669,5.698,,,LENG KEE ROAD,8.304
leng_kee_road,Leng Kee Road,984.0,25908.883,30317.539,5.844,5.844,5.669,-1.253,1.0,LENG KEE ROAD,8.586
leng_kee_road,Leng Kee Road,986.0,25910.883,30317.567,5.698,5.698,5.68,-1.963,1.0,LENG KEE ROAD,8.868
leng_kee_road,Leng Kee Road,988.0,25912.881,30317.514,5.541,5.541,5.68,,,LENG KEE ROAD,9.071
leng_kee_road,Leng Kee Road,990.0,25914.879,30317.416,5.68,5.68,5.541,,,LENG KEE ROAD,9.228
leng_kee_road,Leng Kee Road,992.0,25916.877,30317.317,4.708,5.532,5.532,,,LENG KEE ROAD,9.385
leng_kee_road,Leng Kee Road,994.0,25918.874,30317.219,4.783,5.385,5.385,-5.626,1.0,LENG KEE ROAD,9.542
leng_kee_road,Leng Kee Road,996.0,25920.872,30317.12,5.473,5.238,5.238,,,LENG KEE ROAD,9.699
leng_kee_road,Leng Kee Road,998.0,25922.869,30317.022,5.091,5.091,5.091,,,LENG KEE ROAD,9.857
leng_kee_road,Leng Kee Road,1000.0,25924.807,30316.53,4.958,4.958,5.069,,,LENG KEE ROAD,9.616
leng_kee_road,Leng Kee Road,1002.0,25926.744,30316.032,5.069,5.069,5.069,,,LENG KEE ROAD,9.369
leng_kee_road,Leng Kee Road,1004.0,25928.681,30315.535,4.891,4.891,5.069,,,LENG KEE ROAD,9.123
leng_kee_road,Leng Kee Road,1006.0,25930.618,30315.037,6.005,5.12,5.12,,,LENG KEE ROAD,8.876
leng_kee_road,Leng Kee Road,1008.0,25932.555,30314.539,4.906,5.35,5.35,8.652,1.0,LENG KEE ROAD,8.629
leng_kee_road,Leng Kee Road,1010.0,25934.495,30314.054,5.667,5.579,5.579,,,LENG KEE ROAD,8.396
leng_kee_road,Leng Kee Road,1012.0,25936.481,30313.822,5.809,5.809,5.761,,,LENG KEE ROAD,8.418
leng_kee_road,Leng Kee Road,1014.0,25938.468,30313.589,5.77,5.77,5.77,,,LENG KEE ROAD,8.441
leng_kee_road,Leng Kee Road,1016.0,25940.454,30313.356,5.761,5.761,5.809,,,LENG KEE ROAD,8.464
leng_kee_road,Leng Kee Road,1018.0,25942.447,30313.206,5.608,5.979,5.979,,,LENG KEE ROAD,8.569
leng_kee_road,Leng Kee Road,1020.0,25944.446,30313.149,7.256,6.197,6.197,9.47,2.0,LENG KEE ROAD,8.768
leng_kee_road,Leng Kee Road,1022.0,25946.445,30313.093,6.717,6.415,6.415,,,LENG KEE ROAD,8.966
leng_kee_road,Leng Kee Road,1024.0,25948.444,30313.036,6.633,6.633,6.567,,,LENG KEE ROAD,9.165
leng_kee_road,Leng Kee Road,1026.0,25950.443,30312.979,6.567,6.567,6.614,,,LENG KEE ROAD,9.363
leng_kee_road,Leng Kee Road,1028.0,25952.443,30312.922,5.98,6.614,6.633,,,LENG KEE ROAD,9.562
leng_kee_road,Leng Kee Road,1030.0,25954.442,30312.865,7.01,6.661,6.661,,,LENG KEE ROAD,9.76
leng_kee_road,Leng Kee Road,1032.0,25956.441,30312.808,7.441,6.708,6.708,,,LENG KEE ROAD,9.959
leng_kee_road,Leng Kee Road,1034.0,25958.44,30312.751,8.228,6.755,6.755,,,LENG KEE ROAD,10.157
leng_kee_road,Leng Kee Road,1036.0,25960.439,30312.694,9.349,6.802,6.802,,,LENG KEE ROAD,10.356
leng_kee_road,Leng Kee Road,1038.0,25962.439,30312.637,9.443,6.849,6.849,,,LENG KEE ROAD,10.554
leng_kee_road,Leng Kee Road,1040.0,25964.438,30312.58,9.99,6.896,6.896,,,LENG KEE ROAD,10.753
leng_kee_road,Leng Kee Road,1042.0,25966.437,30312.523,7.853,6.943,6.896,,,LENG KEE ROAD,10.951
leng_kee_road,Leng Kee Road,1044.0,25968.354,30312.238,6.99,6.99,6.896,,,LENG KEE ROAD,10.913
leng_kee_road,Leng Kee Road,1046.0,25969.932,30311.009,7.792,6.734,6.734,,,LENG KEE ROAD,9.895
leng_kee_road,Leng Kee Road,1048.0,25971.509,30309.78,6.213,6.478,6.478,-8.427,1.0,LENG KEE ROAD,8.877
leng_kee_road,Leng Kee Road,1050.0,25973.087,30308.55,6.222,6.222,6.322,,,LENG KEE ROAD,7.859
leng_kee_road,Leng Kee Road,1052.0,25974.664,30307.321,6.322,6.322,6.222,,,LENG KEE ROAD,6.841
leng_kee_road,Leng Kee Road,1054.0,25976.242,30306.092,5.595,6.091,6.113,,,LENG KEE ROAD,5.823
leng_kee_road,Leng Kee Road,1056.0,25975.528,30304.649,6.307,5.86,6.113,,,LENG KEE ROAD,4.301
leng_kee_road,Leng Kee Road,1058.0,25974.204,30303.15,5.272,6.113,6.113,,,LENG KEE ROAD,2.645
leng_kee_road,Leng Kee Road,1060.0,25972.88,30301.651,5.606,6.526,6.526,,,LENG KEE ROAD,0.989
leng_kee_road,Leng Kee Road,1062.0,25971.556,30300.152,4.825,6.938,6.938,,,LENG KEE ROAD,0.666
leng_kee_road,Leng Kee Road,1064.0,25970.232,30298.653,4.934,7.364,7.364,,,LENG KEE ROAD,2.322
leng_kee_road,Leng Kee Road,1066.0,25968.909,30297.154,5.047,7.79,7.79,,,LENG KEE ROAD,3.978
leng_kee_road,Leng Kee Road,1068.0,25967.585,30295.654,9.319,8.216,8.216,,,LENG KEE ROAD,5.634
leng_kee_road,Leng Kee Road,1070.0,25966.261,30294.155,9.226,8.642,8.642,,,LENG KEE ROAD,7.289
leng_kee_road,Leng Kee Road,1072.0,25964.937,30292.656,9.342,9.068,8.642,,,LENG KEE ROAD,8.945
leng_kee_road,Leng Kee Road,1074.0,25963.153,30292.513,9.295,8.685,8.642,,,LENG KEE ROAD,9.315
leng_kee_road,Leng Kee Road,1076.0,25961.191,30292.897,11.539,8.301,8.301,,,LENG KEE ROAD,9.184
leng_kee_road,Leng Kee Road,1078.0,25959.228,30293.282,11.028,7.918,7.918,,,LENG KEE ROAD,9.053
leng_kee_road,Leng Kee Road,1080.0,25957.265,30293.666,8.061,7.422,7.422,,,LENG KEE ROAD,8.922
leng_kee_road,Leng Kee Road,1082.0,25955.302,30294.05,4.626,6.925,6.925,,,LENG KEE ROAD,8.791
leng_kee_road,Leng Kee Road,1084.0,25953.326,30294.356,4.736,6.429,6.429,,,LENG KEE ROAD,8.74
leng_kee_road,Leng Kee Road,1086.0,25951.347,30294.644,4.956,6.044,6.044,,,LENG KEE ROAD,8.707
leng_kee_road,Leng Kee Road,1088.0,25949.368,30294.932,4.991,5.658,5.658,,,LENG KEE ROAD,8.673
leng_kee_road,Leng Kee Road,1090.0,25947.389,30295.221,5.521,5.273,5.273,,,LENG KEE ROAD,8.639
leng_kee_road,Leng Kee Road,1092.0,25945.41,30295.509,4.931,4.888,4.982,,,LENG KEE ROAD,8.606
leng_kee_road,Leng Kee Road,1094.0,25943.423,30295.732,4.836,4.836,4.982,,,LENG KEE ROAD,8.638
leng_kee_road,Leng Kee Road,1096.0,25941.433,30295.93,4.653,4.982,4.982,,,LENG KEE ROAD,8.696
leng_kee_road,Leng Kee Road,1098.0,25939.442,30296.127,4.536,5.128,5.128,3.64,1.0,LENG KEE ROAD,8.754
leng_kee_road,Leng Kee Road,1100.0,25937.452,30296.325,5.273,5.273,5.27,,,LENG KEE ROAD,8.812
leng_kee_road,Leng Kee Road,1102.0,25935.462,30296.522,5.27,5.27,5.273,,,LENG KEE ROAD,8.87
leng_kee_road,Leng Kee Road,1104.0,25933.472,30296.72,5.401,5.401,5.401,,,LENG KEE ROAD,8.928
leng_kee_road,Leng Kee Road,1106.0,25931.484,30296.936,5.648,5.648,5.401,0.53,1.0,LENG KEE ROAD,8.966
leng_kee_road,Leng Kee Road,1108.0,25929.497,30297.169,5.709,5.482,5.401,-3.212,1.0,LENG KEE ROAD,8.988
leng_kee_road,Leng Kee Road,1110.0,25927.511,30297.402,5.316,5.316,5.316,-3.212,1.0,LENG KEE ROAD,9.011
leng_kee_road,Leng Kee Road,1112.0,25925.524,30297.635,5.086,5.086,5.144,,,LENG KEE ROAD,9.033
leng_kee_road,Leng Kee Road,1114.0,25923.538,30297.868,4.866,4.866,5.144,,,LENG KEE ROAD,9.055
leng_kee_road,Leng Kee Road,1116.0,25921.553,30298.112,5.144,5.144,5.144,5.045,1.0,LENG KEE ROAD,9.066
leng_kee_road,Leng Kee Road,1118.0,25919.575,30298.407,5.026,5.346,5.346,5.357,1.0,LENG KEE ROAD,9.027
leng_kee_road,Leng Kee Road,1120.0,25917.597,30298.702,5.548,5.548,5.548,7.5,1.0,LENG KEE ROAD,8.987
leng_kee_road,Leng Kee Road,1122.0,25915.619,30298.996,5.837,5.837,5.573,,,LENG KEE ROAD,8.947
leng_kee_road,Leng Kee Road,1124.0,25913.64,30299.291,5.573,5.573,5.744,,,LENG KEE ROAD,8.907
leng_kee_road,Leng Kee Road,1126.0,25911.662,30299.585,5.744,5.744,5.837,3.371,1.0,LENG KEE ROAD,8.867
leng_kee_road,Leng Kee Road,1128.0,25909.684,30299.88,6.176,5.842,5.842,1.228,1.0,LENG KEE ROAD,8.827
leng_kee_road,Leng Kee Road,1130.0,25907.706,30300.174,5.941,5.941,5.842,,,LENG KEE ROAD,8.787
leng_kee_road,Leng Kee Road,1132.0,25905.728,30300.469,6.005,6.005,5.842,,,LENG KEE ROAD,8.747
leng_kee_road,Leng Kee Road,1134.0,25903.749,30300.764,5.701,5.783,5.783,-6.272,1.0,LENG KEE ROAD,8.707
leng_kee_road,Leng Kee Road,1136.0,25901.771,30301.058,5.33,5.562,5.562,-6.272,1.0,LENG KEE ROAD,8.74
leng_kee_road,Leng Kee Road,1138.0,25899.793,30301.353,5.341,5.341,5.341,,,LENG KEE ROAD,8.794
leng_kee_road,Leng Kee Road,1140.0,25897.836,30301.754,5.258,5.258,5.341,,,LENG KEE ROAD,8.739
leng_kee_road,Leng Kee Road,1142.0,25895.895,30302.236,5.326,5.326,5.341,0.357,1.0,LENG KEE ROAD,8.603
leng_kee_road,Leng Kee Road,1144.0,25893.954,30302.717,5.369,5.369,5.355,2.842,1.0,LENG KEE ROAD,8.467
leng_kee_road,Leng Kee Road,1146.0,25892.012,30303.198,5.355,5.355,5.369,,,LENG KEE ROAD,8.331
leng_kee_road,Leng Kee Road,1148.0,25890.071,30303.679,5.623,5.623,5.568,,,LENG KEE ROAD,8.195
leng_kee_road,Leng Kee Road,1150.0,25888.125,30304.135,4.287,5.595,5.568,2.143,1.0,LENG KEE ROAD,8.084
leng_kee_road,Leng Kee Road,1152.0,25886.152,30304.467,5.728,5.568,5.568,-0.342,1.0,LENG KEE ROAD,8.1
leng_kee_road,Leng Kee Road,1154.0,25884.18,30304.799,5.541,5.541,5.541,,,LENG KEE ROAD,8.117
leng_kee_road,Leng Kee Road,1156.0,25882.208,30305.13,5.469,5.469,5.541,,,LENG KEE ROAD,8.133
leng_kee_road,Leng Kee Road,1158.0,25880.235,30305.462,5.369,5.369,5.541,,,LENG KEE ROAD,8.15
leng_kee_road,Leng Kee Road,1160.0,25878.263,30305.793,5.333,5.654,5.654,8.557,1.0,LENG KEE ROAD,8.167
leng_kee_road,Leng Kee Road,1162.0,25876.28,30306.04,5.153,5.94,5.94,11.877,2.0,LENG KEE ROAD,8.269
leng_kee_road,Leng Kee Road,1164.0,25874.287,30306.206,6.225,6.225,6.225,,,LENG KEE ROAD,8.452
leng_kee_road,Leng Kee Road,1166.0,25872.294,30306.373,6.491,6.491,6.491,,,LENG KEE ROAD,8.635
leng_kee_road,Leng Kee Road,1168.0,25870.301,30306.539,6.594,6.594,6.594,,,LENG KEE ROAD,8.817
leng_kee_road,Leng Kee Road,1170.0,25868.308,30306.706,7.125,6.612,6.612,,,LENG KEE ROAD,9.0
leng_kee_road,Leng Kee Road,1172.0,25866.315,30306.879,6.609,6.63,6.63,,,LENG KEE ROAD,9.176
leng_kee_road,Leng Kee Road,1174.0,25864.333,30307.147,7.034,6.649,6.649,,,LENG KEE ROAD,9.258
leng_kee_road,Leng Kee Road,1176.0,25862.351,30307.414,7.993,6.667,6.649,,,LENG KEE ROAD,9.339
leng_kee_road,Leng Kee Road,1178.0,25860.369,30307.681,6.624,6.685,6.649,,,LENG KEE ROAD,9.421
leng_kee_road,Leng Kee Road,1180.0,25858.387,30307.948,6.704,6.494,6.494,,,LENG KEE ROAD,9.503
leng_kee_road,Leng Kee Road,1182.0,25856.405,30308.215,7.174,6.22,6.22,,,LENG KEE ROAD,9.584
leng_kee_road,Leng Kee Road,1184.0,25854.423,30308.482,7.359,5.946,5.946,,,LENG KEE ROAD,9.666
leng_kee_road,Leng Kee Road,1186.0,25852.441,30308.749,5.695,5.689,5.689,,,LENG KEE ROAD,9.748
leng_kee_road,Leng Kee Road,1188.0,25850.459,30309.017,5.275,5.433,5.433,,,LENG KEE ROAD,9.83
leng_kee_road,Leng Kee Road,1190.0,25848.477,30309.284,4.7,5.177,5.177,,,LENG KEE ROAD,9.911
leng_kee_road,Leng Kee Road,1192.0,25846.495,30309.551,4.517,4.92,4.92,,,LENG KEE ROAD,9.993
leng_kee_road,Leng Kee Road,1194.0,25844.513,30309.818,4.497,4.664,4.92,,,LENG KEE ROAD,10.075
leng_kee_road,Leng Kee Road,1196.0,25842.536,30310.118,4.812,4.812,4.92,,,LENG KEE ROAD,10.123
leng_kee_road,Leng Kee Road,1198.0,25840.569,30310.482,4.967,4.967,4.843,,,LENG KEE ROAD,10.107
leng_kee_road,Leng Kee Road,1200.0,25838.603,30310.846,4.982,4.982,4.843,,,LENG KEE ROAD,10.091
leng_kee_road,Leng Kee Road,1202.0,25836.636,30311.209,5.827,4.843,4.843,,,LENG KEE ROAD,10.075
leng_kee_road,Leng Kee Road,1204.0,25834.669,30311.573,5.672,4.704,4.704,,,LENG KEE ROAD,10.059
leng_kee_road,Leng Kee Road,1206.0,25832.703,30311.937,5.477,4.565,4.565,,,LENG KEE ROAD,10.043
leng_kee_road,Leng Kee Road,1208.0,25830.741,30312.325,4.275,4.427,4.565,,,LENG KEE ROAD,10.002
leng_kee_road,Leng Kee Road,1210.0,25828.779,30312.713,4.288,4.288,4.565,,,LENG KEE ROAD,9.961
leng_kee_road,Leng Kee Road,1212.0,25826.817,30313.101,4.438,4.585,4.585,,,LENG KEE ROAD,9.92
leng_kee_road,Leng Kee Road,1214.0,25824.855,30313.489,4.582,4.883,4.883,,,LENG KEE ROAD,9.879
leng_kee_road,Leng Kee Road,1216.0,25822.893,30313.877,4.725,5.181,5.181,,,LENG KEE ROAD,9.838
leng_kee_road,Leng Kee Road,1218.0,25820.922,30314.212,4.838,5.478,5.369,,,LENG KEE ROAD,9.852
leng_kee_road,Leng Kee Road,1220.0,25818.941,30314.486,7.976,5.424,5.369,,,LENG KEE ROAD,9.927
leng_kee_road,Leng Kee Road,1222.0,25816.959,30314.76,6.801,5.369,5.369,,,LENG KEE ROAD,10.002
leng_kee_road,Leng Kee Road,1224.0,25814.978,30315.034,6.82,5.315,5.315,,,LENG KEE ROAD,10.077
leng_kee_road,Leng Kee Road,1226.0,25812.996,30315.303,7.728,5.261,5.261,,,LENG KEE ROAD,10.156
leng_kee_road,Leng Kee Road,1228.0,25811.015,30315.571,10.945,5.206,5.206,,,LENG KEE ROAD,10.237
leng_kee_road,Leng Kee Road,1230.0,25809.033,30315.839,8.228,5.152,5.152,,,LENG KEE ROAD,10.318
leng_kee_road,Leng Kee Road,1232.0,25807.051,30316.107,8.12,5.097,5.097,,,LENG KEE ROAD,10.399
leng_kee_road,Leng Kee Road,1234.0,25805.069,30316.375,4.238,5.043,5.043,,,LENG KEE ROAD,10.48
leng_kee_road,Leng Kee Road,1236.0,25803.076,30316.541,4.407,4.988,4.988,,,LENG KEE ROAD,10.663
leng_kee_road,Leng Kee Road,1238.0,25801.082,30316.695,4.866,4.934,4.934,,,LENG KEE ROAD,10.858
leng_kee_road,Leng Kee Road,1240.0,25799.088,30316.848,4.88,4.88,4.934,,,LENG KEE ROAD,11.054
leng_kee_road,Leng Kee Road,1242.0,25797.094,30317.002,4.865,4.865,4.934,,,LENG KEE ROAD,11.25
leng_kee_road,Leng Kee Road,1244.0,25795.1,30317.156,4.832,5.157,5.157,,,LENG KEE ROAD,11.445
leng_kee_road,Leng Kee Road,1246.0,25793.105,30317.31,5.449,5.449,5.449,,,LENG KEE ROAD,11.641
leng_kee_road,Leng Kee Road,1274.0,25765.188,30319.461,5.855,5.467,5.467,,,LENG KEE ROAD,14.094
leng_kee_road,Leng Kee Road,1276.0,25763.194,30319.615,6.437,5.486,5.486,,,LENG KEE ROAD,14.252
leng_kee_road,Leng Kee Road,1278.0,25761.2,30319.769,7.823,5.504,5.504,,,LENG KEE ROAD,14.41
leng_kee_road,Leng Kee Road,1280.0,25759.206,30319.923,9.223,5.522,5.522,,,LENG KEE ROAD,14.568
leng_kee_road,Leng Kee Road,1282.0,25757.212,30320.076,9.081,5.54,5.522,,,LENG KEE ROAD,14.727
leng_kee_road,Leng Kee Road,1284.0,25755.218,30320.23,8.057,5.559,5.522,,,LENG KEE ROAD,14.885
leng_kee_road,Leng Kee Road,1286.0,25753.235,30320.488,5.577,5.386,5.386,,,LENG KEE ROAD,14.939
leng_kee_road,Leng Kee Road,1288.0,25751.252,30320.751,5.987,5.214,5.214,,,LENG KEE ROAD,14.987
leng_kee_road,Leng Kee Road,1290.0,25749.269,30321.014,5.783,4.949,4.949,,,LENG KEE ROAD,15.036
leng_kee_road,Leng Kee Road,1292.0,25747.287,30321.277,5.783,4.685,4.685,,,LENG KEE ROAD,15.084
leng_kee_road,Leng Kee Road,1294.0,25745.304,30321.54,4.125,4.42,4.42,,,LENG KEE ROAD,15.133
leng_kee_road,Leng Kee Road,1296.0,25743.322,30321.803,4.155,4.155,4.185,,,LENG KEE ROAD,15.181
leng_kee_road,Leng Kee Road,1298.0,25741.339,30322.066,4.175,4.175,4.185,,,LENG KEE ROAD,15.23
leng_kee_road,Leng Kee Road,1300.0,25739.356,30322.329,4.185,4.185,4.185,0.375,1.0,LENG KEE ROAD,15.278
leng_kee_road,Leng Kee Road,1302.0,25737.374,30322.593,4.185,4.185,4.185,0.438,1.0,LENG KEE ROAD,15.327
leng_kee_road,Leng Kee Road,1304.0,25735.391,30322.856,4.215,4.215,4.215,1.188,1.0,LENG KEE ROAD,15.375
leng_kee_road,Leng Kee Road,1306.0,25733.408,30323.119,4.22,4.22,4.22,,,LENG KEE ROAD,15.424
leng_kee_road,Leng Kee Road,1308.0,25731.426,30323.382,4.28,4.28,4.28,,,LENG KEE ROAD,15.472
leng_kee_road,Leng Kee Road,1310.0,25729.443,30323.645,6.024,4.58,4.58,8.234,1.0,LENG KEE ROAD,15.521
leng_kee_road,Leng Kee Road,1312.0,25727.461,30323.908,5.008,4.879,4.879,,,LENG KEE ROAD,15.569
leng_kee_road,Leng Kee Road,1314.0,25725.478,30324.171,5.178,5.178,4.879,,,LENG KEE ROAD,15.617
leng_kee_road,Leng Kee Road,1316.0,25723.495,30324.434,5.145,4.965,4.965,,,LENG KEE ROAD,15.666
leng_kee_road,Leng Kee Road,1318.0,25721.513,30324.697,4.395,4.751,4.988,,,LENG KEE ROAD,15.714
leng_kee_road,Leng Kee Road,1320.0,25719.53,30324.96,4.358,4.988,4.988,,,LENG KEE ROAD,15.763
leng_kee_road,Leng Kee Road,1322.0,25717.547,30325.224,4.658,5.224,5.224,,,LENG KEE ROAD,15.811
leng_kee_road,Leng Kee Road,1324.0,25715.565,30325.487,6.154,5.46,5.46,,,LENG KEE ROAD,15.86
leng_kee_road,Leng Kee Road,1326.0,25713.582,30325.75,6.213,5.696,5.652,,,LENG KEE ROAD,15.908
leng_kee_road,Leng Kee Road,1328.0,25711.6,30326.013,6.672,5.933,5.652,,,LENG KEE ROAD,15.957
leng_kee_road,Leng Kee Road,1330.0,25709.617,30326.276,6.353,5.652,5.652,,,LENG KEE ROAD,16.005
leng_kee_road,Leng Kee Road,1332.0,25707.634,30326.539,6.245,5.372,5.372,,,LENG KEE ROAD,16.054
leng_kee_road,Leng Kee Road,1334.0,25705.652,30326.802,5.221,5.092,5.092,,,LENG KEE ROAD,16.102
leng_kee_road,Leng Kee Road,1336.0,25703.669,30327.065,4.812,4.812,4.985,,,LENG KEE ROAD,16.151
leng_kee_road,Leng Kee Road,1338.0,25701.687,30327.328,4.645,4.898,4.985,,,LENG KEE ROAD,16.199
leng_kee_road,Leng Kee Road,1340.0,25699.704,30327.592,4.985,4.985,4.985,1.122,1.0,LENG KEE ROAD,16.248
leng_kee_road,Leng Kee Road,1342.0,25697.721,30327.855,8.683,5.074,5.074,,,LENG KEE ROAD,16.296
leng_kee_road,Leng Kee Road,1344.0,25695.739,30328.118,6.954,5.164,5.074,,,LENG KEE ROAD,16.344
leng_kee_road,Leng Kee Road,1346.0,25693.756,30328.381,5.254,5.254,5.074,-3.05,1.0,LENG KEE ROAD,16.393
leng_kee_road,Leng Kee Road,1348.0,25691.773,30328.644,5.15,5.042,5.042,-3.954,1.0,LENG KEE ROAD,16.441
leng_kee_road,Leng Kee Road,1350.0,25689.791,30328.907,4.83,4.83,4.83,-4.058,1.0,LENG KEE ROAD,16.49
leng_kee_road,Leng Kee Road,1352.0,25687.808,30329.17,4.735,4.735,4.758,-2.481,1.0,LENG KEE ROAD,16.538
leng_kee_road,Leng Kee Road,1354.0,25685.826,30329.433,4.69,4.69,4.75,-0.904,1.0,LENG KEE ROAD,16.587
leng_kee_road,Leng Kee Road,1356.0,25683.843,30329.696,4.758,4.758,4.75,0.0,1.0,LENG KEE ROAD,16.635
leng_kee_road,Leng Kee Road,1358.0,25681.86,30329.959,4.75,4.75,4.758,0.208,1.0,LENG KEE ROAD,16.684
leng_kee_road,Leng Kee Road,1360.0,25679.878,30330.223,8.212,4.758,4.758,0.208,1.0,LENG KEE ROAD,16.732
leng_kee_road,Leng Kee Road,1362.0,25677.895,30330.486,4.766,4.766,4.766,0.104,1.0,LENG KEE ROAD,16.781
leng_kee_road,Leng Kee Road,1364.0,25675.913,30330.749,5.037,5.037,4.766,-0.698,1.0,LENG KEE ROAD,16.829
leng_kee_road,Leng Kee Road,1366.0,25673.93,30331.012,6.97,4.774,4.766,-0.802,1.0,LENG KEE ROAD,16.878
leng_kee_road,Leng Kee Road,1368.0,25671.947,30331.275,4.51,4.51,4.702,-0.802,1.0,LENG KEE ROAD,16.926
leng_kee_road,Leng Kee Road,1370.0,25669.965,30331.538,4.51,4.51,4.702,1.597,1.0,LENG KEE ROAD,16.975
leng_kee_road,Leng Kee Road,1372.0,25667.982,30331.801,7.645,4.702,4.702,2.399,1.0,LENG KEE ROAD,17.023
leng_kee_road,Leng Kee Road,1374.0,25665.999,30332.064,4.894,4.894,4.894,,,LENG KEE ROAD,17.071
leng_kee_road,Leng Kee Road,1376.0,25664.017,30332.327,4.894,4.894,4.894,,,LENG KEE ROAD,17.12
leng_kee_road,Leng Kee Road,1378.0,25662.034,30332.591,9.988,5.095,5.095,6.229,1.0,LENG KEE ROAD,17.168
leng_kee_road,Leng Kee Road,1380.0,25660.052,30332.854,4.875,5.296,5.296,,,LENG KEE ROAD,17.217
leng_kee_road,Leng Kee Road,1382.0,25658.069,30333.117,4.885,5.496,5.392,,,LENG KEE ROAD,17.265
leng_kee_road,Leng Kee Road,1384.0,25656.086,30333.38,11.52,5.444,5.392,,,LENG KEE ROAD,17.314
leng_kee_road,Leng Kee Road,1386.0,25654.104,30333.643,11.49,5.392,5.392,,,LENG KEE ROAD,17.362
leng_kee_road,Leng Kee Road,1388.0,25652.121,30333.906,7.359,5.34,5.34,,,LENG KEE ROAD,17.411
leng_kee_road,Leng Kee Road,1390.0,25650.138,30334.169,7.117,5.289,5.289,,,LENG KEE ROAD,17.459
leng_kee_road,Leng Kee Road,1392.0,25648.156,30334.432,5.237,5.237,5.237,,,LENG KEE ROAD,17.508
leng_kee_road,Leng Kee Road,1394.0,25646.173,30334.695,4.789,5.177,5.177,,,LENG KEE ROAD,17.556
leng_kee_road,Leng Kee Road,1396.0,25644.191,30334.958,5.204,5.118,5.118,-1.488,1.0,LENG KEE ROAD,17.605
leng_kee_road,Leng Kee Road,1398.0,25642.208,30335.222,5.058,5.058,5.118,,,LENG KEE ROAD,17.653
leng_kee_road,Leng Kee Road,1400.0,25640.225,30335.485,5.104,5.104,5.118,,,LENG KEE ROAD,17.702
leng_kee_road,Leng Kee Road,1402.0,25638.243,30335.748,5.312,5.312,5.154,3.683,1.0,LENG KEE ROAD,17.75
leng_kee_road,Leng Kee Road,1404.0,25636.26,30336.011,5.154,5.154,5.312,5.149,1.0,LENG KEE ROAD,17.799
leng_kee_road,Leng Kee Road,1406.0,25634.278,30336.274,5.412,5.412,5.412,6.615,1.0,LENG KEE ROAD,17.847
leng_kee_road,Leng Kee Road,1408.0,25632.295,30336.537,5.804,5.548,5.548,6.823,1.0,LENG KEE ROAD,17.895
leng_kee_road,Leng Kee Road,1410.0,25630.312,30336.8,5.683,5.683,5.683,,,LENG KEE ROAD,17.944
leng_kee_road,Leng Kee Road,1412.0,25628.33,30337.063,5.858,5.858,5.858,,,LENG KEE ROAD,17.992
leng_kee_road,Leng Kee Road,1414.0,25626.347,30337.326,5.058,6.029,6.029,5.784,1.0,LENG KEE ROAD,18.041
leng_kee_road,Leng Kee Road,1416.0,25624.364,30337.59,5.233,6.2,6.146,,,LENG KEE ROAD,18.089
leng_kee_road,Leng Kee Road,1418.0,25622.382,30337.853,6.371,6.371,6.146,,,LENG KEE ROAD,18.138
leng_kee_road,Leng Kee Road,1420.0,25620.399,30338.116,6.246,6.146,6.146,,,LENG KEE ROAD,18.186
leng_kee_road,Leng Kee Road,1422.0,25618.417,30338.379,5.921,5.921,5.921,-2.895,1.0,LENG KEE ROAD,18.235
leng_kee_road,Leng Kee Road,1424.0,25616.434,30338.642,5.589,5.886,5.921,-1.489,1.0,LENG KEE ROAD,18.283
leng_kee_road,Leng Kee Road,1426.0,25614.451,30338.905,5.852,5.852,5.914,-0.083,1.0,LENG KEE ROAD,18.332
leng_kee_road,Leng Kee Road,1428.0,25612.469,30339.168,5.964,5.964,5.899,1.73,1.0,LENG KEE ROAD,18.38
leng_kee_road,Leng Kee Road,1430.0,25610.486,30339.431,5.914,5.914,5.914,3.544,1.0,LENG KEE ROAD,18.429
leng_kee_road,Leng Kee Road,1432.0,25608.503,30339.694,5.899,5.899,5.964,6.421,1.0,LENG KEE ROAD,18.477
leng_kee_road,Leng Kee Road,1434.0,25606.521,30339.957,6.198,6.198,6.198,9.693,2.0,LENG KEE ROAD,18.526
leng_kee_road,Leng Kee Road,1436.0,25604.538,30340.221,6.413,6.413,6.413,9.096,2.0,LENG KEE ROAD,18.574
leng_kee_road,Leng Kee Road,1438.0,25602.556,30340.484,9.0,6.692,6.689,8.63,1.0,LENG KEE ROAD,18.622
leng_kee_road,Leng Kee Road,1440.0,25600.573,30340.747,6.971,6.971,6.692,6.975,1.0,LENG KEE ROAD,18.671
leng_kee_road,Leng Kee Road,1442.0,25598.59,30341.01,6.689,6.689,6.888,,,LENG KEE ROAD,18.719
leng_kee_road,Leng Kee Road,1444.0,25596.608,30341.273,6.888,6.888,6.971,,,LENG KEE ROAD,18.768
leng_kee_road,Leng Kee Road,1446.0,25594.625,30341.536,6.505,7.047,7.047,,,LENG KEE ROAD,18.816
leng_kee_road,Leng Kee Road,1448.0,25592.643,30341.799,6.807,7.206,7.206,,,LENG KEE ROAD,18.865
leng_kee_road,Leng Kee Road,1450.0,25590.66,30342.062,5.95,7.365,7.365,,,LENG KEE ROAD,18.913
leng_kee_road,Leng Kee Road,1452.0,25588.677,30342.325,5.491,7.524,7.524,,,LENG KEE ROAD,18.962
leng_kee_road,Leng Kee Road,1454.0,25586.695,30342.589,6.129,7.682,7.682,,,LENG KEE ROAD,19.01
leng_kee_road,Leng Kee Road,1456.0,25584.712,30342.852,6.019,7.841,7.841,,,LENG KEE ROAD,19.059
leng_kee_road,Leng Kee Road,1458.0,25582.729,30343.115,6.94,8.0,8.0,,,LENG KEE ROAD,19.107
leng_kee_road,Leng Kee Road,1460.0,25580.747,30343.378,7.539,8.159,8.159,,,LENG KEE ROAD,19.156
leng_kee_road,Leng Kee Road,1462.0,25578.764,30343.641,8.877,8.318,8.246,,,LENG KEE ROAD,19.204
leng_kee_road,Leng Kee Road,1464.0,25576.782,30343.904,8.477,8.246,8.318,,,LENG KEE ROAD,19.253
leng_kee_road,Leng Kee Road,1466.0,25574.799,30344.167,8.633,8.456,8.456,,,LENG KEE ROAD,19.301
leng_kee_road,Leng Kee Road,1468.0,25572.816,30344.43,7.871,8.722,8.722,,,LENG KEE ROAD,19.349
leng_kee_road,Leng Kee Road,1470.0,25570.834,30344.693,7.058,8.988,8.988,,,LENG KEE ROAD,19.398
leng_kee_road,Leng Kee Road,1472.0,25568.851,30344.956,5.389,9.278,9.278,,,LENG KEE ROAD,19.446
leng_kee_road,Leng Kee Road,1474.0,25566.868,30345.22,5.258,9.568,9.568,,,LENG KEE ROAD,19.495
leng_kee_road,Leng Kee Road,1476.0,25564.886,30345.483,5.283,9.858,9.858,,,LENG KEE ROAD,19.543
leng_kee_road,Leng Kee Road,1478.0,25562.903,30345.746,5.408,10.148,10.148,,,LENG KEE ROAD,19.592
leng_kee_road,Leng Kee Road,1480.0,25560.921,30346.009,8.8,10.438,10.438,,,LENG KEE ROAD,19.64
leng_kee_road,Leng Kee Road,1482.0,25558.938,30346.272,10.979,10.598,10.598,,,LENG KEE ROAD,19.689
leng_kee_road,Leng Kee Road,1484.0,25556.955,30346.535,10.916,10.758,10.758,,,LENG KEE ROAD,19.737
leng_kee_road,Leng Kee Road,1486.0,25554.973,30346.798,11.183,10.917,10.917,,,LENG KEE ROAD,19.786
leng_kee_road,Leng Kee Road,1488.0,25552.99,30347.061,9.714,11.077,11.077,,,LENG KEE ROAD,19.834
leng_kee_road,Leng Kee Road,1490.0,25551.008,30347.324,8.171,11.237,11.237,,,LENG KEE ROAD,19.883
leng_kee_road,Leng Kee Road,1492.0,25549.025,30347.588,8.202,11.664,11.664,,,LENG KEE ROAD,19.931
leng_kee_road,Leng Kee Road,1494.0,25547.042,30347.851,7.327,12.09,12.09,,,LENG KEE ROAD,19.98
leng_kee_road,Leng Kee Road,1496.0,25545.06,30348.114,7.502,13.354,13.354,,,LENG KEE ROAD,20.028
leng_kee_road,Leng Kee Road,1498.0,25543.077,30348.377,7.492,14.619,14.619,,,LENG KEE ROAD,20.077
leng_kee_road,Leng Kee Road,1564.0,25558.031,30327.109,20.352,15.883,15.883,,,LENG KEE ROAD,38.76
leng_kee_road,Leng Kee Road,1566.0,25560.03,30327.065,22.887,17.147,17.147,,,LENG KEE ROAD,38.492
leng_kee_road,Leng Kee Road,1568.0,25562.03,30327.021,25.747,18.602,18.602,,,LENG KEE ROAD,38.224
leng_kee_road,Leng Kee Road,1570.0,25564.029,30326.977,22.702,20.057,20.057,,,LENG KEE ROAD,37.957
leng_kee_road,Leng Kee Road,1572.0,25566.029,30326.934,25.542,21.512,21.512,,,LENG KEE ROAD,37.689
leng_kee_road,Leng Kee Road,1574.0,25568.028,30326.89,25.447,22.967,22.967,,,LENG KEE ROAD,37.421
leng_kee_road,Leng Kee Road,1576.0,25570.028,30326.846,25.707,24.421,24.421,,,LENG KEE ROAD,37.154
leng_kee_road,Leng Kee Road,1578.0,25572.027,30326.802,27.537,25.876,24.421,,,LENG KEE ROAD,36.886
leng_kee_road,Leng Kee Road,1580.0,25574.027,30326.758,29.532,24.51,24.421,,,LENG KEE ROAD,36.618
leng_kee_road,Leng Kee Road,1582.0,25576.026,30326.714,33.732,23.144,23.144,,,LENG KEE ROAD,36.35
leng_kee_road,Leng Kee Road,1584.0,25578.026,30326.671,27.597,21.777,21.777,,,LENG KEE ROAD,36.083
leng_kee_road,Leng Kee Road,1586.0,25580.025,30326.627,25.812,,20.411,,,LENG KEE ROAD,35.815
leng_kee_road,Leng Kee Road,1588.0,25582.025,30326.583,21.332,,19.045,,,LENG KEE ROAD,35.547
leng_kee_road,Leng Kee Road,1590.0,25584.024,30326.539,21.102,,17.678,,,LENG KEE ROAD,35.28
leng_kee_road,Leng Kee Road,1592.0,25586.024,30326.495,26.867,,16.312,,,LENG KEE ROAD,35.012
leng_kee_road,Leng Kee Road,1594.0,25588.023,30326.451,10.786,14.946,14.946,,,LENG KEE ROAD,34.744
leng_kee_road,Leng Kee Road,1596.0,25590.023,30326.407,10.936,13.579,13.579,,,LENG KEE ROAD,34.477
leng_kee_road,Leng Kee Road,1598.0,25592.022,30326.364,13.532,12.213,12.213,,,LENG KEE ROAD,34.209
leng_kee_road,Leng Kee Road,1600.0,25594.022,30326.32,10.847,10.847,10.847,,,LENG KEE ROAD,33.941
leng_kee_road,Leng Kee Road,1602.0,25596.021,30326.276,10.818,10.555,10.555,,,LENG KEE ROAD,33.674
leng_kee_road,Leng Kee Road,1604.0,25598.021,30326.232,15.804,10.263,10.263,,,LENG KEE ROAD,33.406
leng_kee_road,Leng Kee Road,1606.0,25600.02,30326.188,9.929,9.971,9.971,,,LENG KEE ROAD,33.138
leng_kee_road,Leng Kee Road,1608.0,25602.02,30326.144,11.279,9.697,9.697,,,LENG KEE ROAD,32.871
leng_kee_road,Leng Kee Road,1610.0,25604.019,30326.1,6.37,9.424,9.424,,,LENG KEE ROAD,32.603
leng_kee_road,Leng Kee Road,1612.0,25606.019,30326.057,6.145,9.151,9.151,,,LENG KEE ROAD,32.335
leng_kee_road,Leng Kee Road,1614.0,25608.018,30326.013,10.362,9.019,9.151,,,LENG KEE ROAD,32.068
leng_kee_road,Leng Kee Road,1616.0,25610.018,30325.969,7.487,9.141,9.151,,,LENG KEE ROAD,31.8
leng_kee_road,Leng Kee Road,1618.0,25612.018,30325.925,7.745,9.263,9.215,,,LENG KEE ROAD,31.532
leng_kee_road,Leng Kee Road,1620.0,25614.017,30325.881,7.745,9.384,9.215,,,LENG KEE ROAD,31.265
leng_kee_road,Leng Kee Road,1622.0,25616.017,30325.837,6.52,9.215,9.215,,,LENG KEE ROAD,30.997
leng_kee_road,Leng Kee Road,1624.0,25618.016,30325.794,10.782,9.046,9.046,,,LENG KEE ROAD,30.729
leng_kee_road,Leng Kee Road,1626.0,25620.016,30325.75,10.569,8.876,8.876,,,LENG KEE ROAD,30.461
leng_kee_road,Leng Kee Road,1628.0,25622.015,30325.706,11.844,8.499,8.499,,,LENG KEE ROAD,30.194
leng_kee_road,Leng Kee Road,1630.0,25624.015,30325.662,13.332,8.122,8.122,,,LENG KEE ROAD,29.926
leng_kee_road,Leng Kee Road,1632.0,25626.014,30325.618,9.975,7.745,7.745,,,LENG KEE ROAD,29.658
leng_kee_road,Leng Kee Road,1634.0,25628.014,30325.574,5.612,,7.368,,,LENG KEE ROAD,29.391
leng_kee_road,Leng Kee Road,1636.0,25630.013,30325.53,5.904,6.991,6.991,,,LENG KEE ROAD,29.123
leng_kee_road,Leng Kee Road,1638.0,25632.013,30325.487,5.895,6.614,6.614,,,LENG KEE ROAD,28.855
leng_kee_road,Leng Kee Road,1640.0,25634.012,30325.443,4.945,6.237,6.237,,,LENG KEE ROAD,28.588
leng_kee_road,Leng Kee Road,1642.0,25636.012,30325.399,5.837,5.86,5.86,,,LENG KEE ROAD,28.32
leng_kee_road,Leng Kee Road,1644.0,25638.011,30325.355,4.645,5.843,5.843,,,LENG KEE ROAD,28.052
leng_kee_road,Leng Kee Road,1646.0,25640.011,30325.311,4.195,5.825,5.825,,,LENG KEE ROAD,27.785
leng_kee_road,Leng Kee Road,1648.0,25642.01,30325.267,7.514,5.808,5.808,,,LENG KEE ROAD,27.517
leng_kee_road,Leng Kee Road,1650.0,25644.01,30325.223,9.039,5.79,5.79,,,LENG KEE ROAD,27.249
leng_kee_road,Leng Kee Road,1652.0,25646.009,30325.18,5.096,5.773,5.773,,,LENG KEE ROAD,26.982
leng_kee_road,Leng Kee Road,1654.0,25648.009,30325.136,7.633,5.755,5.755,,,LENG KEE ROAD,26.714
leng_kee_road,Leng Kee Road,1656.0,25650.008,30325.092,5.871,5.738,5.738,,,LENG KEE ROAD,26.446
leng_kee_road,Leng Kee Road,1658.0,25652.008,30325.048,6.229,5.72,5.72,,,LENG KEE ROAD,26.179
leng_kee_road,Leng Kee Road,1660.0,25654.007,30325.004,4.579,5.703,5.703,,,LENG KEE ROAD,25.911
leng_kee_road,Leng Kee Road,1662.0,25656.007,30324.96,5.579,5.685,5.685,,,LENG KEE ROAD,25.643
leng_kee_road,Leng Kee Road,1664.0,25658.006,30324.917,5.095,5.668,5.668,,,LENG KEE ROAD,25.376
leng_kee_road,Leng Kee Road,1666.0,25660.006,30324.873,6.554,5.65,5.65,,,LENG KEE ROAD,25.108
leng_kee_road,Leng Kee Road,1668.0,25662.006,30324.829,5.737,5.633,5.633,,,LENG KEE ROAD,24.84
leng_kee_road,Leng Kee Road,1670.0,25664.005,30324.785,6.045,5.615,5.615,,,LENG KEE ROAD,24.572
leng_kee_road,Leng Kee Road,1672.0,25666.005,30324.741,5.562,5.598,5.598,,,LENG KEE ROAD,24.305
leng_kee_road,Leng Kee Road,1674.0,25668.004,30324.697,6.454,5.58,5.58,,,LENG KEE ROAD,24.037
leng_kee_road,Leng Kee Road,1676.0,25670.004,30324.653,6.437,5.563,5.563,,,LENG KEE ROAD,23.769
leng_kee_road,Leng Kee Road,1678.0,25672.003,30324.61,5.545,5.545,5.545,,,LENG KEE ROAD,23.502
leng_kee_road,Leng Kee Road,1680.0,25674.003,30324.566,5.412,5.412,5.437,,,LENG KEE ROAD,23.234
leng_kee_road,Leng Kee Road,1682.0,25676.002,30324.522,5.387,5.387,5.437,,,LENG KEE ROAD,22.966
leng_kee_road,Leng Kee Road,1684.0,25678.002,30324.478,5.858,5.437,5.437,0.625,1.0,LENG KEE ROAD,22.699
leng_kee_road,Leng Kee Road,1686.0,25680.001,30324.434,5.454,5.487,5.487,0.625,1.0,LENG KEE ROAD,22.431
leng_kee_road,Leng Kee Road,1688.0,25682.001,30324.39,5.537,5.537,5.487,,,LENG KEE ROAD,22.163
leng_kee_road,Leng Kee Road,1690.0,25684.0,30324.346,5.49,5.49,5.487,,,LENG KEE ROAD,21.896
leng_kee_road,Leng Kee Road,1692.0,25686.0,30324.303,5.315,5.315,5.415,-0.898,1.0,LENG KEE ROAD,21.628
leng_kee_road,Leng Kee Road,1694.0,25687.999,30324.259,5.15,5.15,5.415,2.448,1.0,LENG KEE ROAD,21.36
leng_kee_road,Leng Kee Road,1696.0,25689.999,30324.215,5.415,5.415,5.415,3.346,1.0,LENG KEE ROAD,21.093
leng_kee_road,Leng Kee Road,1698.0,25691.998,30324.171,5.683,5.683,5.683,4.036,1.0,LENG KEE ROAD,20.825
leng_kee_road,Leng Kee Road,1700.0,25693.998,30324.127,5.754,5.754,5.683,4.036,1.0,LENG KEE ROAD,20.557
leng_kee_road,Leng Kee Road,1702.0,25695.997,30324.083,5.766,5.766,5.738,0.689,1.0,LENG KEE ROAD,20.29
leng_kee_road,Leng Kee Road,1704.0,25697.997,30324.04,5.549,5.549,5.738,0.689,1.0,LENG KEE ROAD,20.022
leng_kee_road,Leng Kee Road,1706.0,25699.996,30323.996,5.738,5.738,5.738,,,LENG KEE ROAD,19.754
leng_kee_road,Leng Kee Road,1708.0,25701.996,30323.952,5.641,5.641,5.738,,,LENG KEE ROAD,19.486
leng_kee_road,Leng Kee Road,1710.0,25703.995,30323.908,7.456,5.808,5.808,5.038,1.0,LENG KEE ROAD,19.219
leng_kee_road,Leng Kee Road,1712.0,25705.995,30323.864,6.371,5.974,5.974,5.116,1.0,LENG KEE ROAD,18.951
leng_kee_road,Leng Kee Road,1714.0,25707.994,30323.82,6.141,6.141,6.141,,,LENG KEE ROAD,18.683
leng_kee_road,Leng Kee Road,1716.0,25709.994,30323.776,6.279,6.279,6.147,,,LENG KEE ROAD,18.416
leng_kee_road,Leng Kee Road,1718.0,25711.993,30323.733,6.338,6.338,6.147,,,LENG KEE ROAD,18.148
leng_kee_road,Leng Kee Road,1720.0,25713.993,30323.689,6.147,6.147,6.147,,,LENG KEE ROAD,17.88
leng_kee_road,Leng Kee Road,1722.0,25715.993,30323.645,6.537,5.959,5.959,,,LENG KEE ROAD,17.613
leng_kee_road,Leng Kee Road,1724.0,25717.992,30323.601,5.224,5.77,5.77,,,LENG KEE ROAD,17.345
leng_kee_road,Leng Kee Road,1726.0,25719.992,30323.557,4.549,5.581,5.581,,,LENG KEE ROAD,17.077
leng_kee_road,Leng Kee Road,1728.0,25721.991,30323.513,4.299,5.392,5.483,,,LENG KEE ROAD,16.81
leng_kee_road,Leng Kee Road,1730.0,25723.991,30323.469,5.203,5.203,5.392,,,LENG KEE ROAD,16.542
leng_kee_road,Leng Kee Road,1732.0,25725.99,30323.426,5.483,5.483,5.208,,,LENG KEE ROAD,16.274
leng_kee_road,Leng Kee Road,1734.0,25727.99,30323.382,5.208,5.208,5.203,,,LENG KEE ROAD,16.007
leng_kee_road,Leng Kee Road,1736.0,25729.989,30323.338,6.049,5.189,5.189,,,LENG KEE ROAD,15.739
leng_kee_road,Leng Kee Road,1738.0,25731.989,30323.294,4.355,5.171,5.171,,,LENG KEE ROAD,15.471
leng_kee_road,Leng Kee Road,1740.0,25730.03,30323.664,6.158,5.153,5.153,,,LENG KEE ROAD,15.411
leng_kee_road,Leng Kee Road,1742.0,25728.065,30324.034,5.037,5.134,5.134,,,LENG KEE ROAD,15.351
leng_kee_road,Leng Kee Road,1744.0,25726.099,30324.404,5.116,5.116,5.134,,,LENG KEE ROAD,15.291
leng_kee_road,Leng Kee Road,1746.0,25724.134,30324.774,5.095,5.095,5.134,,,LENG KEE ROAD,15.231
leng_kee_road,Leng Kee Road,1748.0,25722.168,30325.145,4.266,5.322,5.322,,,LENG KEE ROAD,15.171
leng_kee_road,Leng Kee Road,1750.0,25720.26,30325.728,4.258,5.548,5.548,,,LENG KEE ROAD,14.891
leng_kee_road,Leng Kee Road,1752.0,25718.371,30326.387,4.283,5.775,5.775,,,LENG KEE ROAD,14.534
leng_kee_road,Leng Kee Road,1754.0,25716.483,30327.046,6.083,6.002,6.002,,,LENG KEE ROAD,14.176
leng_kee_road,Leng Kee Road,1756.0,25714.595,30327.705,6.228,6.228,6.228,,,LENG KEE ROAD,13.819
leng_kee_road,Leng Kee Road,1758.0,25712.707,30328.364,6.488,6.488,6.228,,,LENG KEE ROAD,13.462
leng_kee_road,Leng Kee Road,1760.0,25710.818,30329.023,6.766,6.238,6.228,,,LENG KEE ROAD,13.104
leng_kee_road,Leng Kee Road,1762.0,25708.93,30329.682,6.241,5.988,5.988,,,LENG KEE ROAD,12.747
leng_kee_road,Leng Kee Road,1764.0,25707.042,30330.341,4.699,5.738,5.738,,,LENG KEE ROAD,12.39
leng_kee_road,Leng Kee Road,1766.0,25705.153,30331.001,4.224,5.487,5.487,,,LENG KEE ROAD,12.032
leng_kee_road,Leng Kee Road,1768.0,25703.265,30331.66,4.508,5.237,5.237,,,LENG KEE ROAD,11.675
leng_kee_road,Leng Kee Road,1770.0,25701.377,30332.319,4.855,5.144,5.237,,,LENG KEE ROAD,11.318
leng_kee_road,Leng Kee Road,1772.0,25699.489,30332.978,5.05,5.05,5.237,,,LENG KEE ROAD,10.96
leng_kee_road,Leng Kee Road,1774.0,25697.523,30333.338,4.985,5.315,5.315,,,LENG KEE ROAD,10.91
leng_kee_road,Leng Kee Road,1776.0,25695.552,30333.676,5.579,5.579,5.533,3.695,1.0,LENG KEE ROAD,10.883
leng_kee_road,Leng Kee Road,1778.0,25693.581,30334.015,5.546,5.546,5.533,-1.147,1.0,LENG KEE ROAD,10.855
leng_kee_road,Leng Kee Road,1780.0,25691.61,30334.354,5.533,5.533,5.533,-5.99,1.0,LENG KEE ROAD,10.827
leng_kee_road,Leng Kee Road,1782.0,25689.638,30334.692,5.571,5.281,5.281,-6.198,1.0,LENG KEE ROAD,10.799
leng_kee_road,Leng Kee Road,1784.0,25687.667,30335.031,5.029,5.029,5.054,-6.302,1.0,LENG KEE ROAD,10.771
leng_kee_road,Leng Kee Road,1786.0,25685.706,30335.419,5.054,5.054,5.037,,,LENG KEE ROAD,10.692
leng_kee_road,Leng Kee Road,1788.0,25683.746,30335.818,5.037,5.037,5.029,,,LENG KEE ROAD,10.604
leng_kee_road,Leng Kee Road,1790.0,25681.786,30336.216,4.754,4.754,4.789,,,LENG KEE ROAD,10.515
leng_kee_road,Leng Kee Road,1792.0,25679.826,30336.614,6.116,4.771,4.789,,,LENG KEE ROAD,10.426
leng_kee_road,Leng Kee Road,1794.0,25677.866,30337.013,8.18,4.789,4.789,,,LENG KEE ROAD,10.338
leng_kee_road,Leng Kee Road,1796.0,25675.905,30337.408,4.45,4.806,4.806,,,LENG KEE ROAD,10.252
leng_kee_road,Leng Kee Road,1798.0,25673.944,30337.801,4.415,4.824,4.806,,,LENG KEE ROAD,10.169
leng_kee_road,Leng Kee Road,1800.0,25671.983,30338.193,4.841,4.841,4.824,,,LENG KEE ROAD,10.087
leng_kee_road,Leng Kee Road,1802.0,25670.022,30338.586,4.675,4.675,4.841,,,LENG KEE ROAD,10.004
leng_kee_road,Leng Kee Road,1804.0,25668.061,30338.978,4.741,4.931,4.931,,,LENG KEE ROAD,9.921
leng_kee_road,Leng Kee Road,1806.0,25666.1,30339.37,6.858,5.187,5.056,,,LENG KEE ROAD,9.839
leng_kee_road,Leng Kee Road,1808.0,25664.139,30339.763,5.633,5.121,5.056,,,LENG KEE ROAD,9.756
leng_kee_road,Leng Kee Road,1810.0,25662.177,30340.155,5.054,5.056,5.056,,,LENG KEE ROAD,9.674
leng_kee_road,Leng Kee Road,1812.0,25660.216,30340.547,6.721,4.99,4.99,,,LENG KEE ROAD,9.591
leng_kee_road,Leng Kee Road,1814.0,25658.255,30340.94,4.808,4.924,4.924,,,LENG KEE ROAD,9.509
leng_kee_road,Leng Kee Road,1816.0,25656.294,30341.332,4.858,4.858,4.865,,,LENG KEE ROAD,9.426
leng_kee_road,Leng Kee Road,1818.0,25654.333,30341.724,5.641,4.861,4.865,,,LENG KEE ROAD,9.344
leng_kee_road,Leng Kee Road,1820.0,25652.372,30342.117,6.691,4.865,4.865,0.085,1.0,LENG KEE ROAD,9.261
leng_kee_road,Leng Kee Road,1822.0,25650.411,30342.509,4.912,4.868,4.868,,,LENG KEE ROAD,9.179
leng_kee_road,Leng Kee Road,1824.0,25648.449,30342.901,4.872,4.872,4.872,,,LENG KEE ROAD,9.096
leng_kee_road,Leng Kee Road,1826.0,25646.488,30343.294,4.717,4.961,4.908,,,LENG KEE ROAD,9.014
leng_kee_road,Leng Kee Road,1828.0,25644.527,30343.686,5.05,5.05,4.925,0.663,1.0,LENG KEE ROAD,8.931
leng_kee_road,Leng Kee Road,1830.0,25642.609,30343.464,4.908,4.908,4.95,0.488,1.0,LENG KEE ROAD,9.449
leng_kee_road,Leng Kee Road,1832.0,25640.721,30342.803,4.925,4.925,4.925,0.312,1.0,LENG KEE ROAD,10.395
leng_kee_road,Leng Kee Road,1834.0,25638.834,30342.142,4.95,4.95,4.925,1.615,1.0,LENG KEE ROAD,11.342
leng_kee_road,Leng Kee Road,1836.0,25636.946,30341.481,4.925,4.925,4.95,3.424,1.0,LENG KEE ROAD,12.288
leng_kee_road,Leng Kee Road,1838.0,25635.058,30340.82,5.079,5.079,5.079,5.234,1.0,LENG KEE ROAD,13.235
leng_kee_road,Leng Kee Road,1840.0,25633.171,30340.159,5.6,5.343,5.343,4.922,1.0,LENG KEE ROAD,14.181
leng_kee_road,Leng Kee Road,1842.0,25631.219,30340.235,5.608,5.608,5.343,,,LENG KEE ROAD,14.41
leng_kee_road,Leng Kee Road,1844.0,25629.246,30340.561,5.4,5.4,5.343,,,LENG KEE ROAD,14.395
leng_kee_road,Leng Kee Road,1846.0,25627.273,30340.887,5.046,5.25,5.25,,,LENG KEE ROAD,14.38
leng_kee_road,Leng Kee Road,1848.0,25625.299,30341.213,5.1,5.1,5.25,,,LENG KEE ROAD,14.365
leng_kee_road,Leng Kee Road,1850.0,25623.326,30341.539,6.08,5.191,5.25,,,LENG KEE ROAD,14.35
leng_kee_road,Leng Kee Road,1852.0,25621.35,30341.846,5.375,5.283,5.283,2.396,1.0,LENG KEE ROAD,14.353
leng_kee_road,Leng Kee Road,1854.0,25619.365,30342.085,5.375,5.375,5.375,,,LENG KEE ROAD,14.426
leng_kee_road,Leng Kee Road,1856.0,25617.379,30342.325,5.441,5.441,5.441,,,LENG KEE ROAD,14.498
leng_kee_road,Leng Kee Road,1858.0,25615.393,30342.564,5.046,5.566,5.566,5.492,1.0,LENG KEE ROAD,14.571
leng_kee_road,Leng Kee Road,1860.0,25613.408,30342.804,5.071,5.69,5.69,5.471,1.0,LENG KEE ROAD,14.643
leng_kee_road,Leng Kee Road,1862.0,25611.422,30343.043,5.814,5.814,5.814,,,LENG KEE ROAD,14.715
leng_kee_road,Leng Kee Road,1864.0,25609.436,30343.282,5.879,5.879,5.879,,,LENG KEE ROAD,14.788
leng_kee_road,Leng Kee Road,1866.0,25607.451,30343.522,6.173,6.173,6.111,,,LENG KEE ROAD,14.86
leng_kee_road,Leng Kee Road,1868.0,25605.465,30343.761,5.23,6.142,6.111,,,LENG KEE ROAD,14.932
leng_kee_road,Leng Kee Road,1870.0,25603.48,30344.001,5.58,6.111,6.111,0.0,1.0,LENG KEE ROAD,15.005
leng_kee_road,Leng Kee Road,1872.0,25601.494,30344.24,5.535,6.08,6.111,,,LENG KEE ROAD,15.077
leng_kee_road,Leng Kee Road,1874.0,25599.508,30344.479,6.049,6.049,6.111,,,LENG KEE ROAD,15.149
leng_kee_road,Leng Kee Road,1876.0,25597.519,30344.683,6.291,6.291,6.291,,,LENG KEE ROAD,15.258
leng_kee_road,Leng Kee Road,1878.0,25595.527,30344.857,7.023,6.324,6.324,,,LENG KEE ROAD,15.395
leng_kee_road,Leng Kee Road,1880.0,25593.534,30345.032,6.43,6.357,6.357,,,LENG KEE ROAD,15.533
leng_kee_road,Leng Kee Road,1882.0,25591.542,30345.206,6.03,6.391,6.391,,,LENG KEE ROAD,15.67
leng_kee_road,Leng Kee Road,1884.0,25589.549,30345.381,5.441,6.424,6.424,,,LENG KEE ROAD,15.808
leng_kee_road,Leng Kee Road,1886.0,25587.56,30345.582,5.808,6.457,6.457,,,LENG KEE ROAD,15.919
leng_kee_road,Leng Kee Road,1888.0,25585.576,30345.837,7.17,6.49,6.49,,,LENG KEE ROAD,15.975
leng_kee_road,Leng Kee Road,1890.0,25583.593,30346.093,6.105,6.523,6.523,,,LENG KEE ROAD,16.03
leng_kee_road,Leng Kee Road,1892.0,25581.609,30346.349,6.125,6.556,6.523,,,LENG KEE ROAD,16.086
leng_kee_road,Leng Kee Road,1894.0,25579.626,30346.605,6.589,6.589,6.523,,,LENG KEE ROAD,16.142
leng_kee_road,Leng Kee Road,1896.0,25577.642,30346.861,7.602,6.358,6.358,,,LENG KEE ROAD,16.197
leng_kee_road,Leng Kee Road,1898.0,25575.663,30347.144,7.514,6.127,6.127,,,LENG KEE ROAD,16.226
leng_kee_road,Leng Kee Road,1900.0,25573.687,30347.456,6.471,5.896,5.896,,,LENG KEE ROAD,16.225
leng_kee_road,Leng Kee Road,1902.0,25571.711,30347.767,5.983,5.664,5.664,,,LENG KEE ROAD,16.225
leng_kee_road,Leng Kee Road,1904.0,25569.736,30348.079,5.433,5.433,5.621,,,LENG KEE ROAD,16.225
leng_kee_road,Leng Kee Road,1906.0,25567.76,30348.39,5.489,5.489,5.621,,,LENG KEE ROAD,16.224
leng_kee_road,Leng Kee Road,1908.0,25565.784,30348.701,5.421,5.621,5.621,3.672,1.0,LENG KEE ROAD,16.224
leng_kee_road,Leng Kee Road,1910.0,25563.814,30349.04,5.752,5.752,5.752,,,LENG KEE ROAD,16.196
leng_kee_road,Leng Kee Road,1912.0,25561.846,30349.398,5.914,5.914,5.914,,,LENG KEE ROAD,16.149
leng_kee_road,Leng Kee Road,1914.0,25559.878,30349.756,6.346,6.04,5.987,2.943,1.0,LENG KEE ROAD,16.101
leng_kee_road,Leng Kee Road,1916.0,25557.931,30350.199,8.558,6.167,5.987,-1.328,1.0,LENG KEE ROAD,15.966
leng_kee_road,Leng Kee Road,1918.0,25556.015,30350.773,10.046,5.987,5.987,-4.714,1.0,LENG KEE ROAD,15.697
leng_kee_road,Leng Kee Road,1920.0,25554.099,30351.347,5.808,5.808,5.808,-8.099,1.0,LENG KEE ROAD,15.428
leng_kee_road,Leng Kee Road,1922.0,25552.183,30351.921,5.546,5.546,5.546,-8.529,1.0,LENG KEE ROAD,15.159
leng_kee_road,Leng Kee Road,1924.0,25550.267,30352.495,5.271,5.271,5.339,-6.289,1.0,LENG KEE ROAD,14.891
leng_kee_road,Leng Kee Road,1926.0,25550.165,30352.637,6.942,5.305,5.305,-3.008,1.0,LENG KEE ROAD,14.766
leng_kee_road,Leng Kee Road,1928.0,25552.134,30352.287,5.339,5.339,5.305,-0.234,1.0,LENG KEE ROAD,14.805
leng_kee_road,Leng Kee Road,1930.0,25554.103,30351.937,5.283,5.283,5.305,0.195,1.0,LENG KEE ROAD,14.844
leng_kee_road,Leng Kee Road,1932.0,25556.072,30351.587,5.327,5.327,5.321,0.273,1.0,LENG KEE ROAD,14.884
leng_kee_road,Leng Kee Road,1934.0,25558.041,30351.237,5.283,5.283,5.321,0.352,1.0,LENG KEE ROAD,14.923
leng_kee_road,Leng Kee Road,1936.0,25560.01,30350.887,5.321,5.321,5.327,0.625,1.0,LENG KEE ROAD,14.963
leng_kee_road,Leng Kee Road,1938.0,25561.98,30350.537,5.371,5.371,5.333,,,LENG KEE ROAD,15.002
leng_kee_road,Leng Kee Road,1940.0,25563.949,30350.187,5.333,5.333,5.371,,,LENG KEE ROAD,15.042
leng_kee_road,Leng Kee Road,1942.0,25565.918,30349.837,6.327,5.391,5.391,,,LENG KEE ROAD,15.081
leng_kee_road,Leng Kee Road,1944.0,25567.887,30349.487,5.358,5.449,5.449,2.109,1.0,LENG KEE ROAD,15.12
leng_kee_road,Leng Kee Road,1946.0,25569.856,30349.138,5.233,5.507,5.507,,,LENG KEE ROAD,15.16
leng_kee_road,Leng Kee Road,1948.0,25571.825,30348.788,5.564,5.564,5.539,,,LENG KEE ROAD,15.199
leng_kee_road,Leng Kee Road,1950.0,25573.794,30348.438,5.539,5.539,5.564,,,LENG KEE ROAD,15.239
leng_kee_road,Leng Kee Road,1952.0,25575.764,30348.088,6.227,5.578,5.578,,,LENG KEE ROAD,15.278
leng_kee_road,Leng Kee Road,1954.0,25577.733,30347.738,5.339,5.617,5.617,,,LENG KEE ROAD,15.318
leng_kee_road,Leng Kee Road,1956.0,25579.702,30347.388,6.214,5.657,5.657,,,LENG KEE ROAD,15.357
leng_kee_road,Leng Kee Road,1958.0,25581.671,30347.038,6.245,5.696,5.696,,,LENG KEE ROAD,15.397
leng_kee_road,Leng Kee Road,1960.0,25583.64,30346.688,5.735,5.735,5.735,,,LENG KEE ROAD,15.436
leng_kee_road,Leng Kee Road,1962.0,25585.609,30346.338,7.385,5.761,5.761,,,LENG KEE ROAD,15.475
leng_kee_road,Leng Kee Road,1964.0,25587.578,30345.988,5.779,5.788,5.788,,,LENG KEE ROAD,15.515
leng_kee_road,Leng Kee Road,1966.0,25589.548,30345.638,5.383,5.815,5.815,,,LENG KEE ROAD,15.554
leng_kee_road,Leng Kee Road,1968.0,25591.517,30345.288,6.009,5.842,5.842,,,LENG KEE ROAD,15.594
leng_kee_road,Leng Kee Road,1970.0,25593.486,30344.938,6.401,5.868,5.868,,,LENG KEE ROAD,15.633
leng_kee_road,Leng Kee Road,1972.0,25595.455,30344.588,7.213,5.895,5.895,,,LENG KEE ROAD,15.673
leng_kee_road,Leng Kee Road,1974.0,25597.424,30344.238,6.853,5.922,5.922,,,LENG KEE ROAD,15.712
leng_kee_road,Leng Kee Road,1976.0,25599.393,30343.888,6.058,5.949,5.949,,,LENG KEE ROAD,15.751
leng_kee_road,Leng Kee Road,1978.0,25601.362,30343.538,5.54,5.975,5.975,,,LENG KEE ROAD,15.791
leng_kee_road,Leng Kee Road,1980.0,25603.331,30343.188,6.06,6.002,6.002,,,LENG KEE ROAD,15.83
leng_kee_road,Leng Kee Road,1982.0,25605.301,30342.838,6.939,6.029,6.029,,,LENG KEE ROAD,15.87
leng_kee_road,Leng Kee Road,1984.0,25607.27,30342.488,6.552,6.056,6.056,,,LENG KEE ROAD,15.909
leng_kee_road,Leng Kee Road,1986.0,25609.239,30342.138,6.084,6.082,6.056,,,LENG KEE ROAD,15.949
leng_kee_road,Leng Kee Road,1988.0,25611.208,30341.788,6.109,6.109,6.056,,,LENG KEE ROAD,15.988
leng_kee_road,Leng Kee Road,1990.0,25613.177,30341.438,6.144,5.892,5.892,,,LENG KEE ROAD,16.028
leng_kee_road,Leng Kee Road,1992.0,25615.146,30341.088,5.675,5.675,5.708,-4.344,1.0,LENG KEE ROAD,16.067
leng_kee_road,Leng Kee Road,1994.0,25617.115,30340.738,5.708,5.708,5.708,,,LENG KEE ROAD,16.106
leng_kee_road,Leng Kee Road,1996.0,25619.085,30340.388,5.57,5.57,5.708,,,LENG KEE ROAD,16.146
leng_kee_road,Leng Kee Road,1998.0,25621.054,30340.038,5.541,5.785,5.785,,,LENG KEE ROAD,16.185
leng_kee_road,Leng Kee Road,2000.0,25623.023,30339.688,6.3,6.0,5.821,,,LENG KEE ROAD,16.225
leng_kee_road,Leng Kee Road,2002.0,25624.992,30339.338,6.458,5.91,5.821,,,LENG KEE ROAD,16.264
leng_kee_road,Leng Kee Road,2004.0,25626.961,30338.988,6.633,5.821,5.821,,,LENG KEE ROAD,16.304
leng_kee_road,Leng Kee Road,2006.0,25628.93,30338.638,5.75,5.731,5.731,,,LENG KEE ROAD,16.343
leng_kee_road,Leng Kee Road,2008.0,25630.899,30338.288,5.641,5.641,5.641,,,LENG KEE ROAD,16.382
leng_kee_road,Leng Kee Road,2010.0,25632.869,30337.938,6.82,5.45,5.45,,,LENG KEE ROAD,16.422
leng_kee_road,Leng Kee Road,2012.0,25634.838,30337.589,5.229,5.258,5.258,,,LENG KEE ROAD,16.461
leng_kee_road,Leng Kee Road,2014.0,25636.807,30337.239,5.066,5.066,5.066,,,LENG KEE ROAD,16.501
leng_kee_road,Leng Kee Road,2016.0,25638.776,30336.889,5.5,5.037,5.037,,,LENG KEE ROAD,16.54
leng_kee_road,Leng Kee Road,2018.0,25640.745,30336.539,5.15,5.008,5.037,1.391,1.0,LENG KEE ROAD,16.58
leng_kee_road,Leng Kee Road,2020.0,25642.714,30336.189,4.979,4.979,5.037,,,LENG KEE ROAD,16.619
leng_kee_road,Leng Kee Road,2022.0,25644.683,30335.839,5.2,5.2,5.178,,,LENG KEE ROAD,16.659
leng_kee_road,Leng Kee Road,2024.0,25646.653,30335.489,4.783,5.189,5.178,1.618,1.0,LENG KEE ROAD,16.698
leng_kee_road,Leng Kee Road,2026.0,25648.622,30335.139,5.157,5.178,5.178,,,LENG KEE ROAD,16.737
leng_kee_road,Leng Kee Road,2028.0,25650.591,30334.789,5.167,5.167,5.167,,,LENG KEE ROAD,16.777
leng_kee_road,Leng Kee Road,2030.0,25652.56,30334.439,4.447,5.108,5.108,,,LENG KEE ROAD,16.816
leng_kee_road,Leng Kee Road,2032.0,25654.529,30334.089,5.54,5.05,5.05,,,LENG KEE ROAD,16.856
leng_kee_road,Leng Kee Road,2034.0,25656.498,30333.739,7.55,4.992,4.992,,,LENG KEE ROAD,16.895
leng_kee_road,Leng Kee Road,2036.0,25658.467,30333.389,4.875,4.934,4.934,,,LENG KEE ROAD,16.935
leng_kee_road,Leng Kee Road,2038.0,25660.437,30333.039,4.875,4.875,4.934,,,LENG KEE ROAD,16.974
leng_kee_road,Leng Kee Road,2040.0,25662.406,30332.689,4.894,4.894,4.934,,,LENG KEE ROAD,17.013
leng_kee_road,Leng Kee Road,2042.0,25664.375,30332.339,4.894,5.125,5.125,,,LENG KEE ROAD,17.053
leng_kee_road,Leng Kee Road,2044.0,25666.344,30331.989,4.312,5.424,5.424,,,LENG KEE ROAD,17.092
leng_kee_road,Leng Kee Road,2046.0,25668.313,30331.639,7.612,5.722,5.722,,,LENG KEE ROAD,17.132
leng_kee_road,Leng Kee Road,2048.0,25670.282,30331.289,4.52,6.021,6.021,,,LENG KEE ROAD,17.171
leng_kee_road,Leng Kee Road,2050.0,25672.251,30330.939,4.51,6.319,6.319,,,LENG KEE ROAD,17.211
leng_kee_road,Leng Kee Road,2052.0,25674.221,30330.589,8.965,6.429,6.429,,,LENG KEE ROAD,17.25
leng_kee_road,Leng Kee Road,2054.0,25676.19,30330.239,6.466,6.538,6.429,,,LENG KEE ROAD,17.289
leng_kee_road,Leng Kee Road,2056.0,25678.159,30329.889,9.9,6.436,6.429,,,LENG KEE ROAD,17.329
leng_kee_road,Leng Kee Road,2058.0,25680.128,30329.539,9.708,6.405,6.405,,,LENG KEE ROAD,17.368
leng_kee_road,Leng Kee Road,2060.0,25682.097,30329.189,6.375,6.375,6.405,1.388,1.0,LENG KEE ROAD,17.408
leng_kee_road,Leng Kee Road,2062.0,25684.066,30328.839,6.321,6.321,6.405,,,LENG KEE ROAD,17.447
leng_kee_road,Leng Kee Road,2064.0,25686.035,30328.489,6.58,6.58,6.54,,,LENG KEE ROAD,17.487
leng_kee_road,Leng Kee Road,2066.0,25688.005,30328.139,5.805,6.56,6.54,,,LENG KEE ROAD,17.526
leng_kee_road,Leng Kee Road,2068.0,25689.974,30327.789,8.51,6.54,6.54,,,LENG KEE ROAD,17.566
leng_kee_road,Leng Kee Road,2070.0,25691.943,30327.439,6.725,6.52,6.52,,,LENG KEE ROAD,17.605
leng_kee_road,Leng Kee Road,2072.0,25693.912,30327.089,5.279,6.499,6.499,,,LENG KEE ROAD,17.644
leng_kee_road,Leng Kee Road,2074.0,25695.881,30326.739,6.437,6.479,6.479,,,LENG KEE ROAD,17.684
leng_kee_road,Leng Kee Road,2076.0,25697.85,30326.389,6.946,6.459,6.459,,,LENG KEE ROAD,17.723
leng_kee_road,Leng Kee Road,2078.0,25699.819,30326.04,5.167,6.439,6.439,,,LENG KEE ROAD,17.763
leng_kee_road,Leng Kee Road,2080.0,25701.789,30325.69,6.091,6.418,6.418,,,LENG KEE ROAD,17.802
leng_kee_road,Leng Kee Road,2082.0,25703.758,30325.34,6.003,6.398,6.398,,,LENG KEE ROAD,17.842
leng_kee_road,Leng Kee Road,2084.0,25705.727,30324.99,6.378,6.378,6.378,,,LENG KEE ROAD,17.881
leng_kee_road,Leng Kee Road,2086.0,25707.696,30324.64,6.144,6.144,6.347,,,LENG KEE ROAD,17.92
leng_kee_road,Leng Kee Road,2088.0,25709.665,30324.29,6.347,6.347,6.144,,,LENG KEE ROAD,17.96
leng_kee_road,Leng Kee Road,2090.0,25711.634,30323.94,6.457,6.07,6.07,,,LENG KEE ROAD,17.999
leng_kee_road,Leng Kee Road,2092.0,25713.603,30323.59,6.276,5.792,5.792,-11.345,2.0,LENG KEE ROAD,18.039
leng_kee_road,Leng Kee Road,2094.0,25715.573,30323.24,6.544,5.514,5.514,,,LENG KEE ROAD,18.078
leng_kee_road,Leng Kee Road,2096.0,25717.542,30322.89,5.237,5.237,5.237,,,LENG KEE ROAD,18.118
leng_kee_road,Leng Kee Road,2098.0,25719.511,30322.54,4.608,5.201,5.237,,,LENG KEE ROAD,18.157
leng_kee_road,Leng Kee Road,2100.0,25721.48,30322.19,4.449,5.165,5.237,,,LENG KEE ROAD,18.197
leng_kee_road,Leng Kee Road,2102.0,25723.449,30321.84,5.128,5.433,5.433,,,LENG KEE ROAD,18.236
leng_kee_road,Leng Kee Road,2104.0,25725.418,30321.49,5.849,5.702,5.702,,,LENG KEE ROAD,18.275
leng_kee_road,Leng Kee Road,2106.0,25727.387,30321.14,5.395,6.052,6.052,,,LENG KEE ROAD,18.315
leng_kee_road,Leng Kee Road,2108.0,25729.357,30320.79,5.049,6.402,6.402,,,LENG KEE ROAD,18.354
leng_kee_road,Leng Kee Road,2110.0,25731.326,30320.44,8.545,6.753,6.753,,,LENG KEE ROAD,18.394
leng_kee_road,Leng Kee Road,2112.0,25733.295,30320.09,8.612,,7.103,,,LENG KEE ROAD,18.433
leng_kee_road,Leng Kee Road,2114.0,25735.264,30319.74,8.562,,7.454,,,LENG KEE ROAD,18.473
leng_kee_road,Leng Kee Road,2116.0,25737.233,30319.39,6.683,,7.804,,,LENG KEE ROAD,18.512
leng_kee_road,Leng Kee Road,2118.0,25739.202,30319.04,4.29,8.154,8.154,,,LENG KEE ROAD,18.551
leng_kee_road,Leng Kee Road,2120.0,25741.171,30318.69,5.12,8.505,8.505,,,LENG KEE ROAD,18.591
leng_kee_road,Leng Kee Road,2122.0,25743.141,30318.34,10.216,8.855,8.855,,,LENG KEE ROAD,18.63
leng_kee_road,Leng Kee Road,2124.0,25745.11,30317.99,10.095,9.206,9.158,,,LENG KEE ROAD,18.67
leng_kee_road,Leng Kee Road,2126.0,25747.079,30317.64,9.92,9.32,9.158,,,LENG KEE ROAD,18.709
leng_kee_road,Leng Kee Road,2128.0,25749.048,30317.29,13.852,9.158,9.158,,,LENG KEE ROAD,18.749
leng_kee_road,Leng Kee Road,2130.0,25751.017,30316.94,6.408,8.996,8.996,,,LENG KEE ROAD,18.788
leng_kee_road,Leng Kee Road,2132.0,25752.986,30316.59,8.285,8.835,8.835,,,LENG KEE ROAD,18.827
leng_kee_road,Leng Kee Road,2134.0,25754.955,30316.24,8.203,8.673,8.673,,,LENG KEE ROAD,18.867
leng_kee_road,Leng Kee Road,2136.0,25756.925,30315.89,9.155,8.511,8.511,,,LENG KEE ROAD,18.906
leng_kee_road,Leng Kee Road,2138.0,25758.894,30315.54,12.157,8.349,8.349,,,LENG KEE ROAD,18.946
leng_kee_road,Leng Kee Road,2180.0,25800.246,30308.191,6.562,8.187,8.187,,,LENG KEE ROAD,19.378
leng_kee_road,Leng Kee Road,2182.0,25802.215,30307.841,5.978,8.026,8.026,,,LENG KEE ROAD,19.38
leng_kee_road,Leng Kee Road,2184.0,25804.184,30307.491,6.823,7.864,7.864,,,LENG KEE ROAD,19.382
leng_kee_road,Leng Kee Road,2186.0,25806.153,30307.141,7.561,7.702,7.702,,,LENG KEE ROAD,19.384
leng_kee_road,Leng Kee Road,2188.0,25808.122,30306.791,8.132,7.54,7.54,,,LENG KEE ROAD,19.386
leng_kee_road,Leng Kee Road,2190.0,25810.091,30306.441,8.274,7.52,7.52,,,LENG KEE ROAD,19.388
leng_kee_road,Leng Kee Road,2192.0,25812.061,30306.091,7.499,7.303,7.303,,,LENG KEE ROAD,19.39
leng_kee_road,Leng Kee Road,2194.0,25814.03,30305.741,7.489,7.086,7.086,,,LENG KEE ROAD,19.392
leng_kee_road,Leng Kee Road,2196.0,25815.999,30305.391,8.069,6.869,6.869,,,LENG KEE ROAD,19.395
leng_kee_road,Leng Kee Road,2198.0,25817.968,30305.041,5.513,6.58,6.58,,,LENG KEE ROAD,19.397
leng_kee_road,Leng Kee Road,2200.0,25819.937,30304.691,4.269,6.292,6.292,,,LENG KEE ROAD,19.399
leng_kee_road,Leng Kee Road,2202.0,25821.906,30304.341,5.188,6.004,6.004,,,LENG KEE ROAD,19.401
leng_kee_road,Leng Kee Road,2204.0,25823.875,30303.991,4.525,5.715,5.715,,,LENG KEE ROAD,19.403
leng_kee_road,Leng Kee Road,2206.0,25825.845,30303.641,4.682,5.427,5.427,,,LENG KEE ROAD,19.405
leng_kee_road,Leng Kee Road,2208.0,25827.814,30303.291,4.694,5.139,5.139,,,LENG KEE ROAD,19.407
leng_kee_road,Leng Kee Road,2210.0,25829.783,30302.941,4.85,4.85,5.139,,,LENG KEE ROAD,19.409
leng_kee_road,Leng Kee Road,2212.0,25831.752,30302.592,5.031,5.031,5.139,,,LENG KEE ROAD,19.411
leng_kee_road,Leng Kee Road,2214.0,25833.721,30302.242,8.607,5.269,5.269,,,LENG KEE ROAD,19.413
leng_kee_road,Leng Kee Road,2216.0,25835.69,30301.892,5.506,5.506,5.506,,,LENG KEE ROAD,19.415
leng_kee_road,Leng Kee Road,2218.0,25837.659,30301.542,4.963,5.778,5.778,,,LENG KEE ROAD,19.417
leng_kee_road,Leng Kee Road,2220.0,25839.629,30301.192,6.644,6.049,6.049,,,LENG KEE ROAD,19.419
leng_kee_road,Leng Kee Road,2222.0,25841.598,30300.842,5.25,6.32,6.32,,,LENG KEE ROAD,19.421
leng_kee_road,Leng Kee Road,2224.0,25843.567,30300.492,5.394,6.592,6.592,,,LENG KEE ROAD,19.424
leng_kee_road,Leng Kee Road,2226.0,25845.536,30300.142,6.863,6.863,6.863,,,LENG KEE ROAD,19.426
leng_kee_road,Leng Kee Road,2228.0,25847.505,30299.792,6.974,6.974,6.974,,,LENG KEE ROAD,19.428
leng_kee_road,Leng Kee Road,2230.0,25849.474,30299.442,7.004,7.004,7.004,,,LENG KEE ROAD,19.43
leng_kee_road,Leng Kee Road,2232.0,25851.443,30299.092,6.594,7.301,7.301,,,LENG KEE ROAD,19.432
leng_kee_road,Leng Kee Road,2234.0,25853.413,30298.742,6.664,7.599,7.599,14.875,2.0,LENG KEE ROAD,19.434
leng_kee_road,Leng Kee Road,2236.0,25855.382,30298.392,8.164,7.896,7.896,,,LENG KEE ROAD,19.436
leng_kee_road,Leng Kee Road,2238.0,25857.351,30298.042,8.194,8.194,8.194,,,LENG KEE ROAD,19.438
leng_kee_road,Leng Kee Road,2240.0,25859.32,30297.692,6.759,8.485,8.485,,,LENG KEE ROAD,19.44
leng_kee_road,Leng Kee Road,2242.0,25861.289,30297.342,7.804,8.775,8.775,,,LENG KEE ROAD,19.442
leng_kee_road,Leng Kee Road,2244.0,25863.258,30296.992,9.155,9.066,8.909,,,LENG KEE ROAD,19.444
leng_kee_road,Leng Kee Road,2246.0,25865.227,30296.642,9.357,8.988,8.909,,,LENG KEE ROAD,19.446
leng_kee_road,Leng Kee Road,2248.0,25867.197,30296.292,9.697,8.909,8.909,,,LENG KEE ROAD,19.448
leng_kee_road,Leng Kee Road,2250.0,25869.166,30295.942,10.004,8.46,8.46,,,LENG KEE ROAD,19.45
leng_kee_road,Leng Kee Road,2252.0,25871.135,30295.592,8.743,8.011,8.011,,,LENG KEE ROAD,19.453
leng_kee_road,Leng Kee Road,2254.0,25873.104,30295.242,8.157,7.563,7.563,,,LENG KEE ROAD,19.455
leng_kee_road,Leng Kee Road,2256.0,25875.073,30294.892,7.439,,7.114,,,LENG KEE ROAD,19.457
leng_kee_road,Leng Kee Road,2258.0,25877.042,30294.542,5.575,6.665,6.665,,,LENG KEE ROAD,19.459
leng_kee_road,Leng Kee Road,2260.0,25879.011,30294.192,6.409,6.216,6.216,,,LENG KEE ROAD,19.461
leng_kee_road,Leng Kee Road,2262.0,25880.981,30293.842,5.603,5.768,5.768,,,LENG KEE ROAD,19.463
leng_kee_road,Leng Kee Road,2264.0,25882.95,30293.492,5.319,5.319,5.449,,,LENG KEE ROAD,19.465
leng_kee_road,Leng Kee Road,2266.0,25884.919,30293.142,4.287,5.384,5.449,,,LENG KEE ROAD,19.467
leng_kee_road,Leng Kee Road,2268.0,25886.888,30292.792,6.019,5.449,5.449,,,LENG KEE ROAD,19.469
leng_kee_road,Leng Kee Road,2270.0,25888.857,30292.442,7.566,5.515,5.515,,,LENG KEE ROAD,19.471
leng_kee_road,Leng Kee Road,2272.0,25890.826,30292.092,8.317,5.58,5.58,,,LENG KEE ROAD,19.473
leng_kee_road,Leng Kee Road,2274.0,25892.795,30291.742,8.742,5.645,5.645,,,LENG KEE ROAD,19.475
leng_kee_road,Leng Kee Road,2276.0,25894.765,30291.392,7.696,5.71,5.71,,,LENG KEE ROAD,19.477
leng_kee_road,Leng Kee Road,2278.0,25896.734,30291.042,7.733,5.776,5.776,,,LENG KEE ROAD,19.479
leng_kee_road,Leng Kee Road,2280.0,25898.703,30290.693,5.841,5.841,5.776,,,LENG KEE ROAD,19.482
leng_kee_road,Leng Kee Road,2282.0,25900.672,30290.343,5.808,5.808,5.776,,,LENG KEE ROAD,19.484
leng_kee_road,Leng Kee Road,2284.0,25902.641,30289.993,6.488,5.643,5.643,,,LENG KEE ROAD,19.532
leng_kee_road,Leng Kee Road,2286.0,25904.61,30289.643,5.813,5.479,5.479,-7.037,1.0,LENG KEE ROAD,19.628
leng_kee_road,Leng Kee Road,2288.0,25906.579,30289.293,5.657,5.315,5.315,,,LENG KEE ROAD,19.724
leng_kee_road,Leng Kee Road,2290.0,25908.549,30288.943,5.15,5.15,5.213,,,LENG KEE ROAD,19.82
leng_kee_road,Leng Kee Road,2292.0,25910.518,30288.593,5.213,5.213,5.213,,,LENG KEE ROAD,19.916
leng_kee_road,Leng Kee Road,2294.0,25912.487,30288.243,5.1,5.1,5.213,2.803,1.0,LENG KEE ROAD,20.012
leng_kee_road,Leng Kee Road,2296.0,25914.456,30287.893,4.962,5.268,5.268,,,LENG KEE ROAD,20.108
leng_kee_road,Leng Kee Road,2298.0,25916.425,30287.543,5.437,5.437,5.437,,,LENG KEE ROAD,20.204
leng_kee_road,Leng Kee Road,2300.0,25918.394,30287.193,6.279,5.51,5.51,,,LENG KEE ROAD,20.3
leng_kee_road,Leng Kee Road,2302.0,25920.363,30286.843,5.854,5.582,5.582,3.636,1.0,LENG KEE ROAD,20.396
leng_kee_road,Leng Kee Road,2304.0,25922.333,30286.493,5.529,5.655,5.655,,,LENG KEE ROAD,20.492
leng_kee_road,Leng Kee Road,2306.0,25924.302,30286.143,4.104,5.728,5.728,,,LENG KEE ROAD,20.588
leng_kee_road,Leng Kee Road,2308.0,25926.271,30285.793,3.387,5.927,5.927,,,LENG KEE ROAD,20.684
leng_kee_road,Leng Kee Road,2310.0,25928.24,30285.443,6.126,6.126,6.126,,,LENG KEE ROAD,20.78
leng_kee_road,Leng Kee Road,2312.0,25930.209,30285.093,5.716,6.185,6.185,3.219,1.0,LENG KEE ROAD,20.876
leng_kee_road,Leng Kee Road,2314.0,25932.178,30284.743,6.071,6.243,6.185,0.765,1.0,LENG KEE ROAD,20.971
leng_kee_road,Leng Kee Road,2316.0,25934.147,30284.393,6.301,6.301,6.185,,,LENG KEE ROAD,21.067
leng_kee_road,Leng Kee Road,2318.0,25936.117,30284.043,6.041,6.041,6.187,,,LENG KEE ROAD,21.163
leng_kee_road,Leng Kee Road,2320.0,25938.086,30283.693,6.031,6.031,6.187,,,LENG KEE ROAD,21.259
leng_kee_road,Leng Kee Road,2322.0,25940.055,30283.343,5.712,6.187,6.187,,,LENG KEE ROAD,21.355
leng_kee_road,Leng Kee Road,2324.0,25942.024,30282.993,5.512,6.344,6.344,5.867,1.0,LENG KEE ROAD,21.451
leng_kee_road,Leng Kee Road,2326.0,25943.993,30282.643,6.355,6.5,6.5,,,LENG KEE ROAD,21.547
leng_kee_road,Leng Kee Road,2328.0,25945.962,30282.293,10.237,6.657,6.657,,,LENG KEE ROAD,21.643
leng_kee_road,Leng Kee Road,2330.0,25947.931,30281.943,8.854,6.914,6.914,,,LENG KEE ROAD,21.739
leng_kee_road,Leng Kee Road,2332.0,25949.901,30281.593,7.261,7.17,7.17,,,LENG KEE ROAD,21.835
leng_kee_road,Leng Kee Road,2334.0,25951.87,30281.243,5.516,7.427,7.427,,,LENG KEE ROAD,21.931
leng_kee_road,Leng Kee Road,2336.0,25953.839,30280.893,5.806,7.684,7.684,,,LENG KEE ROAD,22.027
leng_kee_road,Leng Kee Road,2338.0,25955.808,30280.543,5.256,7.941,7.941,,,LENG KEE ROAD,22.123
leng_kee_road,Leng Kee Road,2340.0,25957.777,30280.193,7.791,8.198,8.198,,,LENG KEE ROAD,22.219
leng_kee_road,Leng Kee Road,2342.0,25959.746,30279.843,8.626,8.454,8.454,,,LENG KEE ROAD,22.315
leng_kee_road,Leng Kee Road,2344.0,25961.715,30279.493,13.096,8.711,8.454,,,LENG KEE ROAD,22.411
leng_kee_road,Leng Kee Road,2346.0,25963.685,30279.144,8.796,8.476,8.454,,,LENG KEE ROAD,22.507
leng_kee_road,Leng Kee Road,2348.0,25965.654,30278.794,8.241,8.241,8.252,,,LENG KEE ROAD,22.603
leng_kee_road,Leng Kee Road,2350.0,25967.623,30278.444,7.707,8.246,8.252,,,LENG KEE ROAD,22.699
leng_kee_road,Leng Kee Road,2352.0,25969.592,30278.094,7.745,8.252,8.252,,,LENG KEE ROAD,22.795
leng_kee_road,Leng Kee Road,2354.0,25971.561,30277.744,8.257,8.257,8.257,,,LENG KEE ROAD,22.891
leng_kee_road,Leng Kee Road,2356.0,25973.53,30277.394,8.711,8.303,8.303,,,LENG KEE ROAD,22.987
leng_kee_road,Leng Kee Road,2358.0,25975.499,30277.044,8.364,8.348,8.318,,,LENG KEE ROAD,23.083
leng_kee_road,Leng Kee Road,2360.0,25977.469,30276.694,8.393,8.393,8.318,,,LENG KEE ROAD,23.179
leng_kee_road,Leng Kee Road,2362.0,25979.438,30276.344,8.646,8.318,8.333,,,LENG KEE ROAD,23.275
leng_kee_road,Leng Kee Road,2364.0,25981.407,30275.994,8.243,8.243,8.318,0.0,1.0,LENG KEE ROAD,23.371
