path_key,source_project,chainage_m,x_svy21,y_svy21,elevation_m_raw,elevation_m_filtered,elevation_m_smooth,gradient_pct,Grade,nearest_road_name,nearest_road_dist_m
punggol_east,Punggol East,70.0,37282.327,41917.413,5.442,5.442,5.46,0.015,1.0,PUNGGOL EAST,0.573
punggol_east,Punggol East,72.0,37281.548,41919.255,5.46,5.46,5.505,0.03,1.0,PUNGGOL EAST,2.281
punggol_east,Punggol East,658.0,37025.795,41875.753,,5.549,5.549,0.045,1.0,PUNGGOL EAST,184.811
punggol_east,Punggol East,660.0,37025.973,41873.761,,5.638,5.638,0.052,1.0,PUNGGOL EAST,183.506
punggol_east,Punggol East,662.0,37026.15,41871.769,,5.727,5.727,4.438,1.0,PUNGGOL EAST,182.201
punggol_east,Punggol East,664.0,37026.327,41869.776,,5.815,5.815,4.438,1.0,PUNGGOL EAST,180.897
punggol_east,Punggol East,666.0,37026.505,41867.784,,5.904,5.904,4.438,1.0,PUNGGOL EAST,179.592
punggol_east,Punggol East,668.0,37026.682,41865.792,,5.993,5.993,4.438,1.0,PUNGGOL EAST,178.287
punggol_east,Punggol East,670.0,37026.859,41863.8,,6.082,6.082,4.438,1.0,PUNGGOL EAST,176.983
punggol_east,Punggol East,672.0,37027.037,41861.808,,6.171,6.171,4.438,1.0,PUNGGOL EAST,175.678
punggol_east,Punggol East,674.0,37027.214,41859.816,,6.259,6.259,4.438,1.0,PUNGGOL EAST,174.374
punggol_east,Punggol East,676.0,37027.391,41857.824,,6.348,6.348,4.438,1.0,PUNGGOL EAST,173.069
punggol_east,Punggol East,678.0,37027.569,41855.832,,6.437,6.437,4.438,1.0,PUNGGOL EAST,171.764
punggol_east,Punggol East,680.0,37027.746,41853.839,,6.526,6.526,4.438,1.0,PUNGGOL EAST,170.46
punggol_east,Punggol East,682.0,37027.923,41851.847,,6.614,6.614,4.438,1.0,PUNGGOL EAST,169.155
punggol_east,Punggol East,684.0,37028.101,41849.855,,6.703,6.703,4.438,1.0,PUNGGOL EAST,167.851
punggol_east,Punggol East,686.0,37028.278,41847.863,,6.792,6.792,4.438,1.0,PUNGGOL EAST,166.546
punggol_east,Punggol East,688.0,37028.455,41845.871,,6.881,6.881,4.438,1.0,PUNGGOL EAST,165.241
punggol_east,Punggol East,690.0,37028.633,41843.879,,6.969,6.969,4.438,1.0,PUNGGOL EAST,163.937
punggol_east,Punggol East,692.0,37028.81,41841.887,,7.058,7.058,4.438,1.0,PUNGGOL EAST,162.632
punggol_east,Punggol East,694.0,37028.987,41839.895,,7.147,7.147,4.438,1.0,PUNGGOL EAST,161.327
punggol_east,Punggol East,696.0,37029.165,41837.903,,7.236,7.236,4.438,1.0,PUNGGOL EAST,160.023
punggol_east,Punggol East,698.0,37029.342,41835.91,,7.324,7.324,4.438,1.0,PUNGGOL EAST,158.718
punggol_east,Punggol East,700.0,37029.519,41833.918,,7.413,7.413,3.884,1.0,PUNGGOL EAST,157.414
punggol_east,Punggol East,702.0,37029.697,41831.926,,7.502,7.502,3.329,1.0,PUNGGOL EAST,156.109
punggol_east,Punggol East,704.0,37029.874,41829.934,,,7.546,2.774,1.0,PUNGGOL EAST,154.804
punggol_east,Punggol East,706.0,37030.051,41827.942,,,7.591,,,PUNGGOL EAST,153.5
punggol_east,Punggol East,708.0,37030.229,41825.95,,,7.635,,,PUNGGOL EAST,152.195
punggol_east,Punggol East,710.0,37030.406,41823.958,,,,,,PUNGGOL EAST,150.89
punggol_east,Punggol East,712.0,37030.583,41821.966,,,,,,PUNGGOL EAST,149.586
punggol_east,Punggol East,714.0,37030.761,41819.973,,,,,,PUNGGOL EAST,148.281
punggol_east,Punggol East,716.0,37030.938,41817.981,,,,,,PUNGGOL EAST,146.977
punggol_east,Punggol East,718.0,37031.115,41815.989,,,,,,PUNGGOL EAST,145.672
punggol_east,Punggol East,720.0,37031.293,41813.997,,,,,,PUNGGOL EAST,144.367
punggol_east,Punggol East,722.0,37031.47,41812.005,,,,,,PUNGGOL EAST,143.063
punggol_east,Punggol East,724.0,37031.647,41810.013,,,,,,PUNGGOL EAST,141.758
punggol_east,Punggol East,726.0,37031.825,41808.021,,,,,,PUNGGOL EAST,140.454
punggol_east,Punggol East,728.0,37032.002,41806.029,,,,,,PUNGGOL EAST,139.149
punggol_east,Punggol East,730.0,37032.179,41804.036,,,,,,PUNGGOL EAST,137.844
punggol_east,Punggol East,732.0,37032.357,41802.044,,,,,,PUNGGOL EAST,136.54
punggol_east,Punggol East,734.0,37032.534,41800.052,,,,,,PUNGGOL EAST,135.235
punggol_east,Punggol East,736.0,37032.711,41798.06,,,,,,PUNGGOL EAST,133.93
punggol_east,Punggol East,738.0,37032.889,41796.068,,,,,,PUNGGOL EAST,132.626
punggol_east,Punggol East,740.0,37033.066,41794.076,,,9.322,,,PUNGGOL EAST,131.321
punggol_east,Punggol East,742.0,37033.243,41792.084,,,9.366,,,PUNGGOL EAST,130.017
punggol_east,Punggol East,744.0,37033.421,41790.092,,,9.41,2.774,1.0,PUNGGOL EAST,128.713
punggol_east,Punggol East,746.0,37033.598,41788.099,,9.455,9.455,3.329,1.0,PUNGGOL EAST,127.423
punggol_east,Punggol East,748.0,37033.775,41786.107,,9.544,9.544,3.884,1.0,PUNGGOL EAST,126.149
punggol_east,Punggol East,750.0,37033.953,41784.115,,9.632,9.632,4.438,1.0,PUNGGOL EAST,124.879
punggol_east,Punggol East,752.0,37034.13,41782.123,,9.721,9.721,4.438,1.0,PUNGGOL EAST,123.608
punggol_east,Punggol East,754.0,37034.307,41780.131,,9.81,9.81,4.438,1.0,PUNGGOL EAST,122.337
punggol_east,Punggol East,756.0,37034.485,41778.139,,9.899,9.899,4.438,1.0,PUNGGOL EAST,121.066
punggol_east,Punggol East,758.0,37034.662,41776.147,,9.987,9.987,4.438,1.0,PUNGGOL EAST,119.795
punggol_east,Punggol East,760.0,37034.839,41774.155,,10.076,10.076,4.438,1.0,PUNGGOL EAST,118.524
punggol_east,Punggol East,762.0,37035.017,41772.162,,10.165,10.165,4.438,1.0,PUNGGOL EAST,117.254
punggol_east,Punggol East,764.0,37035.194,41770.17,,10.254,10.254,4.438,1.0,PUNGGOL EAST,115.983
punggol_east,Punggol East,766.0,37035.371,41768.178,,10.343,10.343,4.438,1.0,PUNGGOL EAST,114.712
punggol_east,Punggol East,768.0,37035.549,41766.186,,10.431,10.431,4.438,1.0,PUNGGOL EAST,113.441
punggol_east,Punggol East,770.0,37035.726,41764.194,,10.52,10.52,4.438,1.0,PUNGGOL EAST,112.17
punggol_east,Punggol East,772.0,37035.903,41762.202,,10.609,10.609,4.438,1.0,PUNGGOL EAST,110.899
punggol_east,Punggol East,774.0,37036.081,41760.21,,10.698,10.698,4.438,1.0,PUNGGOL EAST,109.628
punggol_east,Punggol East,776.0,37036.258,41758.218,,10.786,10.786,4.438,1.0,PUNGGOL EAST,108.358
punggol_east,Punggol East,778.0,37036.435,41756.225,,10.875,10.875,4.438,1.0,PUNGGOL EAST,107.087
punggol_east,Punggol East,780.0,37036.613,41754.233,,10.964,10.964,4.438,1.0,PUNGGOL EAST,105.816
punggol_east,Punggol East,782.0,37036.79,41752.241,,11.053,11.053,4.438,1.0,PUNGGOL EAST,104.545
punggol_east,Punggol East,784.0,37036.967,41750.249,,11.141,11.141,4.438,1.0,PUNGGOL EAST,103.274
punggol_east,Punggol East,786.0,37037.145,41748.257,,11.23,11.23,4.438,1.0,PUNGGOL EAST,102.003
punggol_east,Punggol East,788.0,37037.322,41746.265,,11.319,11.319,4.438,1.0,PUNGGOL EAST,100.733
punggol_east,Punggol East,790.0,37037.499,41744.273,,11.408,11.408,6.308,1.0,PUNGGOL EAST,99.462
punggol_east,Punggol East,792.0,37037.677,41742.281,11.497,11.497,11.497,8.178,1.0,PUNGGOL EAST,98.191
punggol_east,Punggol East,794.0,37037.854,41740.288,,11.735,11.735,10.048,2.0,PUNGGOL EAST,96.92
punggol_east,Punggol East,796.0,37038.031,41738.296,,11.973,11.973,11.918,2.0,PUNGGOL EAST,95.649
punggol_east,Punggol East,798.0,37038.209,41736.304,,12.212,12.212,11.918,2.0,PUNGGOL EAST,94.378
punggol_east,Punggol East,800.0,37038.386,41734.312,,12.45,12.45,,,PUNGGOL EAST,93.108
punggol_east,Punggol East,802.0,37038.563,41732.32,,12.688,12.688,,,PUNGGOL EAST,91.837
punggol_east,Punggol East,804.0,37038.741,41730.328,,12.966,12.966,,,PUNGGOL EAST,90.566
punggol_east,Punggol East,806.0,37038.918,41728.336,13.165,13.243,13.243,,,PUNGGOL EAST,89.295
punggol_east,Punggol East,808.0,37039.095,41726.344,13.165,13.486,13.486,,,PUNGGOL EAST,88.024
punggol_east,Punggol East,810.0,37039.273,41724.352,13.226,13.728,13.728,,,PUNGGOL EAST,86.753
punggol_east,Punggol East,812.0,37039.45,41722.359,,13.97,13.97,,,PUNGGOL EAST,85.482
punggol_east,Punggol East,814.0,37039.627,41720.367,,14.212,14.212,,,PUNGGOL EAST,84.212
punggol_east,Punggol East,816.0,37039.805,41718.375,,14.23,14.23,,,PUNGGOL EAST,82.941
punggol_east,Punggol East,818.0,37039.982,41716.383,,14.249,14.249,,,PUNGGOL EAST,81.67
punggol_east,Punggol East,820.0,37040.159,41714.391,,14.267,14.267,,,PUNGGOL EAST,80.399
punggol_east,Punggol East,822.0,37040.337,41712.399,16.157,14.285,14.285,,,PUNGGOL EAST,79.128
punggol_east,Punggol East,824.0,37040.514,41710.407,14.669,14.303,14.303,,,PUNGGOL EAST,77.857
punggol_east,Punggol East,826.0,37040.691,41708.415,22.927,14.322,14.322,,,PUNGGOL EAST,76.587
punggol_east,Punggol East,828.0,37040.869,41706.422,22.91,14.34,14.34,,,PUNGGOL EAST,75.316
punggol_east,Punggol East,830.0,37041.046,41704.43,22.91,14.358,14.358,,,PUNGGOL EAST,74.045
punggol_east,Punggol East,832.0,37041.223,41702.438,12.968,14.376,14.376,,,PUNGGOL EAST,72.774
punggol_east,Punggol East,834.0,37041.401,41700.446,,14.395,14.395,,,PUNGGOL EAST,71.503
punggol_east,Punggol East,836.0,37041.578,41698.454,,14.413,14.413,,,PUNGGOL EAST,70.226
punggol_east,Punggol East,838.0,37041.755,41696.462,,14.431,14.431,,,PUNGGOL EAST,68.898
punggol_east,Punggol East,840.0,37041.933,41694.47,,14.45,14.45,,,PUNGGOL EAST,67.57
punggol_east,Punggol East,842.0,37042.11,41692.478,,14.468,14.468,,,PUNGGOL EAST,66.242
punggol_east,Punggol East,844.0,37042.287,41690.485,,14.486,14.486,,,PUNGGOL EAST,64.914
punggol_east,Punggol East,846.0,37042.465,41688.493,12.402,14.504,14.504,,,PUNGGOL EAST,63.586
punggol_east,Punggol East,848.0,37042.642,41686.501,12.299,14.523,14.523,,,PUNGGOL EAST,62.259
punggol_east,Punggol East,850.0,37042.819,41684.509,9.563,14.541,14.541,,,PUNGGOL EAST,60.931
punggol_east,Punggol East,852.0,37042.997,41682.517,8.811,14.559,14.559,,,PUNGGOL EAST,59.603
punggol_east,Punggol East,854.0,37043.174,41680.525,9.24,14.577,14.577,,,PUNGGOL EAST,58.275
punggol_east,Punggol East,856.0,37043.351,41678.533,8.782,14.596,14.596,,,PUNGGOL EAST,56.947
punggol_east,Punggol East,858.0,37043.529,41676.541,8.467,14.614,14.614,,,PUNGGOL EAST,55.619
punggol_east,Punggol East,860.0,37043.706,41674.548,9.301,14.632,14.632,,,PUNGGOL EAST,54.291
punggol_east,Punggol East,862.0,37043.883,41672.556,17.919,14.65,14.65,,,PUNGGOL EAST,52.963
punggol_east,Punggol East,864.0,37044.061,41670.564,16.977,14.669,14.669,,,PUNGGOL EAST,51.635
punggol_east,Punggol East,866.0,37044.238,41668.572,15.885,14.687,14.687,,,PUNGGOL EAST,50.307
punggol_east,Punggol East,868.0,37044.415,41666.58,14.558,14.705,14.687,,,PUNGGOL EAST,48.979
punggol_east,Punggol East,870.0,37044.593,41664.588,12.714,14.723,14.687,,,PUNGGOL EAST,47.651
punggol_east,Punggol East,872.0,37044.77,41662.596,10.87,14.616,14.616,,,PUNGGOL EAST,46.323
punggol_east,Punggol East,874.0,37044.947,41660.604,10.172,14.508,14.508,,,PUNGGOL EAST,44.995
punggol_east,Punggol East,876.0,37045.125,41658.611,15.22,14.108,14.108,,,PUNGGOL EAST,43.667
punggol_east,Punggol East,878.0,37045.302,41656.619,16.288,13.708,13.708,,,PUNGGOL EAST,42.34
punggol_east,Punggol East,880.0,37045.479,41654.627,32.195,13.308,13.308,,,PUNGGOL EAST,41.012
punggol_east,Punggol East,882.0,37045.657,41652.635,34.123,12.907,12.907,,,PUNGGOL EAST,39.684
punggol_east,Punggol East,884.0,37045.834,41650.643,8.426,12.507,12.507,,,PUNGGOL EAST,38.356
punggol_east,Punggol East,886.0,37046.011,41648.651,8.569,12.107,12.107,,,PUNGGOL EAST,37.028
punggol_east,Punggol East,888.0,37046.189,41646.659,8.121,11.707,11.707,,,PUNGGOL EAST,35.7
punggol_east,Punggol East,890.0,37046.366,41644.667,8.044,11.281,11.281,,,PUNGGOL EAST,34.372
punggol_east,Punggol East,892.0,37046.543,41642.674,8.258,10.855,10.855,,,PUNGGOL EAST,33.044
punggol_east,Punggol East,894.0,37046.721,41640.682,7.471,10.429,10.429,,,PUNGGOL EAST,31.716
punggol_east,Punggol East,896.0,37046.898,41638.69,6.645,10.003,10.003,,,PUNGGOL EAST,30.388
punggol_east,Punggol East,898.0,37047.075,41636.698,6.284,,9.577,,,PUNGGOL EAST,29.06
punggol_east,Punggol East,900.0,37047.253,41634.706,6.039,,9.151,,,PUNGGOL EAST,27.732
punggol_east,Punggol East,902.0,37047.43,41632.714,6.056,8.725,8.725,,,PUNGGOL EAST,26.404
punggol_east,Punggol East,904.0,37047.607,41630.722,6.081,8.299,8.299,,,PUNGGOL EAST,25.076
punggol_east,Punggol East,906.0,37047.785,41628.73,6.194,7.873,7.873,,,PUNGGOL EAST,23.749
punggol_east,Punggol East,908.0,37047.962,41626.737,10.297,7.447,7.527,,,PUNGGOL EAST,22.421
punggol_east,Punggol East,910.0,37048.139,41624.745,9.984,7.487,7.487,,,PUNGGOL EAST,21.093
punggol_east,Punggol East,912.0,37048.317,41622.753,10.331,7.527,7.447,,,PUNGGOL EAST,19.765
punggol_east,Punggol East,914.0,37048.494,41620.761,8.589,7.246,7.246,,,PUNGGOL EAST,18.437
punggol_east,Punggol East,916.0,37048.671,41618.769,9.142,6.965,6.965,,,PUNGGOL EAST,17.109
punggol_east,Punggol East,918.0,37048.849,41616.777,5.084,6.684,6.684,,,PUNGGOL EAST,15.781
punggol_east,Punggol East,920.0,37049.026,41614.785,5.158,6.403,6.403,,,PUNGGOL EAST,14.453
punggol_east,Punggol East,922.0,37049.203,41612.793,6.122,6.122,6.213,,,PUNGGOL EAST,13.125
punggol_east,Punggol East,924.0,37049.381,41610.801,6.213,6.213,6.122,,,PUNGGOL EAST,11.797
punggol_east,Punggol East,926.0,37049.558,41608.808,6.224,5.932,5.932,-7.735,1.0,PUNGGOL EAST,10.469
punggol_east,Punggol East,928.0,37049.735,41606.816,5.65,5.65,5.65,-7.165,1.0,PUNGGOL EAST,9.141
punggol_east,Punggol East,930.0,37049.913,41604.824,5.594,5.594,5.594,-4.214,1.0,PUNGGOL EAST,7.813
punggol_east,Punggol East,932.0,37050.09,41602.832,5.549,5.549,5.549,-1.263,1.0,PUNGGOL EAST,6.485
punggol_east,Punggol East,934.0,37050.267,41600.84,5.374,5.374,5.549,-0.482,1.0,PUNGGOL EAST,5.158
punggol_east,Punggol East,936.0,37050.445,41598.848,5.384,5.384,5.549,0.086,1.0,PUNGGOL EAST,3.83
punggol_east,Punggol East,938.0,37050.622,41596.856,5.664,5.664,5.556,,,PUNGGOL EAST,2.502
punggol_east,Punggol East,940.0,37050.799,41594.864,5.583,5.583,5.556,,,PUNGGOL EAST,1.174
punggol_east,Punggol East,942.0,37050.977,41592.871,7.021,5.556,5.556,,,PUNGGOL EAST,0.154
punggol_east,Punggol East,944.0,37051.154,41590.879,5.43,5.529,5.529,-0.757,1.0,PUNGGOL EAST,1.482
punggol_east,Punggol East,946.0,37051.331,41588.887,5.744,5.502,5.502,,,PUNGGOL EAST,2.81
punggol_east,Punggol East,948.0,37051.825,41587.056,5.475,5.475,5.495,,,PUNGGOL EAST,4.297
punggol_east,Punggol East,950.0,37053.333,41585.742,5.401,5.401,5.495,,,PUNGGOL EAST,6.29
punggol_east,Punggol East,952.0,37054.84,41584.427,5.495,5.495,5.495,0.0,1.0,PUNGGOL EAST,8.284
punggol_east,Punggol East,954.0,37056.237,41583.953,5.584,5.584,5.495,-0.635,1.0,PUNGGOL EAST,9.689
punggol_east,Punggol East,956.0,37057.355,41585.612,5.513,5.513,5.495,-0.797,1.0,PUNGGOL EAST,9.601
punggol_east,Punggol East,958.0,37058.473,41587.27,5.338,5.338,5.445,-0.797,1.0,PUNGGOL EAST,9.512
punggol_east,Punggol East,960.0,37059.591,41588.928,5.445,5.445,5.432,-0.879,1.0,PUNGGOL EAST,9.424
punggol_east,Punggol East,962.0,37060.709,41590.587,5.254,5.254,5.432,-0.96,1.0,PUNGGOL EAST,9.336
punggol_east,Punggol East,964.0,37061.827,41592.245,5.807,5.432,5.432,-0.799,1.0,PUNGGOL EAST,9.247
punggol_east,Punggol East,966.0,37062.945,41593.903,5.609,5.609,5.368,-2.195,1.0,PUNGGOL EAST,9.159
punggol_east,Punggol East,968.0,37064.063,41595.562,5.368,5.368,5.368,-1.795,1.0,PUNGGOL EAST,9.071
punggol_east,Punggol East,970.0,37065.181,41597.22,5.228,5.228,5.256,-1.396,1.0,PUNGGOL EAST,8.983
punggol_east,Punggol East,972.0,37066.299,41598.878,5.207,5.207,5.256,-0.588,1.0,PUNGGOL EAST,8.894
punggol_east,Punggol East,974.0,37067.417,41600.537,5.256,5.256,5.256,3.1,1.0,PUNGGOL EAST,8.806
punggol_east,Punggol East,976.0,37068.535,41602.195,5.321,5.321,5.321,,,PUNGGOL EAST,8.718
punggol_east,Punggol East,978.0,37069.653,41603.853,5.504,5.504,5.504,,,PUNGGOL EAST,8.629
punggol_east,Punggol East,980.0,37070.771,41605.512,8.492,5.787,5.787,,,PUNGGOL EAST,8.541
punggol_east,Punggol East,982.0,37071.889,41607.17,5.695,6.069,6.069,,,PUNGGOL EAST,8.453
punggol_east,Punggol East,984.0,37073.007,41608.828,5.706,6.106,6.106,,,PUNGGOL EAST,8.365
punggol_east,Punggol East,986.0,37074.125,41610.487,7.383,6.143,6.143,,,PUNGGOL EAST,8.276
punggol_east,Punggol East,988.0,37075.243,41612.145,8.599,6.179,6.179,,,PUNGGOL EAST,8.188
punggol_east,Punggol East,990.0,37076.361,41613.803,8.596,6.216,6.216,,,PUNGGOL EAST,8.1
punggol_east,Punggol East,992.0,37077.479,41615.462,9.775,6.252,6.252,,,PUNGGOL EAST,8.011
punggol_east,Punggol East,994.0,37078.597,41617.12,9.774,6.289,6.289,,,PUNGGOL EAST,7.923
punggol_east,Punggol East,996.0,37079.715,41618.778,5.667,6.325,6.325,,,PUNGGOL EAST,7.835
punggol_east,Punggol East,998.0,37080.833,41620.437,6.19,6.362,6.348,,,PUNGGOL EAST,7.747
punggol_east,Punggol East,1000.0,37081.951,41622.095,6.615,6.398,6.348,,,PUNGGOL EAST,7.658
punggol_east,Punggol East,1002.0,37083.069,41623.753,6.607,6.348,6.348,,,PUNGGOL EAST,7.57
punggol_east,Punggol East,1004.0,37084.187,41625.412,7.643,6.298,6.298,,,PUNGGOL EAST,7.482
punggol_east,Punggol East,1006.0,37085.305,41627.07,7.638,6.05,6.05,,,PUNGGOL EAST,7.393
punggol_east,Punggol East,1008.0,37086.423,41628.729,7.635,5.802,5.802,,,PUNGGOL EAST,7.305
punggol_east,Punggol East,1010.0,37087.541,41630.387,5.071,5.554,5.554,,,PUNGGOL EAST,7.217
punggol_east,Punggol East,1012.0,37088.659,41632.045,5.063,5.305,5.305,,,PUNGGOL EAST,7.129
punggol_east,Punggol East,1014.0,37089.777,41633.704,5.057,5.057,5.073,,,PUNGGOL EAST,7.04
punggol_east,Punggol East,1016.0,37090.895,41635.362,5.061,5.061,5.073,,,PUNGGOL EAST,6.952
punggol_east,Punggol East,1018.0,37092.013,41637.02,5.073,5.073,5.073,0.919,1.0,PUNGGOL EAST,6.864
punggol_east,Punggol East,1020.0,37093.131,41638.679,5.096,5.096,5.096,1.431,1.0,PUNGGOL EAST,6.775
punggol_east,Punggol East,1022.0,37094.249,41640.337,5.147,5.147,5.147,1.431,1.0,PUNGGOL EAST,6.687
punggol_east,Punggol East,1024.0,37095.367,41641.995,5.188,5.188,5.188,1.148,1.0,PUNGGOL EAST,6.599
punggol_east,Punggol East,1026.0,37096.485,41643.654,5.302,5.302,5.188,-0.565,1.0,PUNGGOL EAST,6.511
punggol_east,Punggol East,1028.0,37097.603,41645.312,5.36,5.36,5.188,-1.077,1.0,PUNGGOL EAST,6.422
punggol_east,Punggol East,1030.0,37098.721,41646.97,5.061,5.061,5.102,-0.431,1.0,PUNGGOL EAST,6.334
punggol_east,Punggol East,1032.0,37099.839,41648.629,5.06,5.06,5.102,-0.405,1.0,PUNGGOL EAST,6.246
punggol_east,Punggol East,1046.0,37107.664,41660.237,5.102,5.102,5.102,0.035,1.0,PUNGGOL EAST,5.891
punggol_east,Punggol East,1048.0,37108.782,41661.895,5.107,5.107,5.107,,,PUNGGOL EAST,5.878
punggol_east,Punggol East,1050.0,37109.9,41663.554,5.109,5.109,5.109,,,PUNGGOL EAST,5.865
punggol_east,Punggol East,1052.0,37111.018,41665.212,5.108,5.293,5.293,,,PUNGGOL EAST,5.852
punggol_east,Punggol East,1054.0,37112.136,41666.87,5.109,5.477,5.477,,,PUNGGOL EAST,5.838
punggol_east,Punggol East,1056.0,37113.254,41668.529,5.104,5.946,5.946,,,PUNGGOL EAST,5.825
punggol_east,Punggol East,1058.0,37114.372,41670.187,5.095,6.415,6.415,,,PUNGGOL EAST,5.812
punggol_east,Punggol East,1060.0,37115.49,41671.846,5.089,6.884,6.884,,,PUNGGOL EAST,5.799
punggol_east,Punggol East,1062.0,37116.608,41673.504,8.829,7.353,7.353,,,PUNGGOL EAST,5.786
punggol_east,Punggol East,1064.0,37117.726,41675.162,8.795,7.821,7.821,,,PUNGGOL EAST,5.772
punggol_east,Punggol East,1066.0,37118.844,41676.821,8.612,8.29,8.29,,,PUNGGOL EAST,5.759
punggol_east,Punggol East,1068.0,37119.962,41678.479,8.759,8.759,8.29,,,PUNGGOL EAST,5.746
punggol_east,Punggol East,1070.0,37121.08,41680.137,8.753,8.482,8.29,,,PUNGGOL EAST,5.733
punggol_east,Punggol East,1072.0,37122.198,41681.796,8.475,8.205,8.205,,,PUNGGOL EAST,5.72
punggol_east,Punggol East,1074.0,37123.316,41683.454,8.719,7.928,7.928,,,PUNGGOL EAST,5.706
punggol_east,Punggol East,1076.0,37124.434,41685.112,8.609,7.65,7.65,,,PUNGGOL EAST,5.693
punggol_east,Punggol East,1078.0,37125.552,41686.771,8.733,7.546,7.647,,,PUNGGOL EAST,5.68
punggol_east,Punggol East,1080.0,37126.67,41688.429,8.734,7.443,7.647,,,PUNGGOL EAST,5.667
punggol_east,Punggol East,1082.0,37127.788,41690.087,5.441,7.647,7.647,,,PUNGGOL EAST,5.654
punggol_east,Punggol East,1084.0,37128.906,41691.746,5.43,7.852,7.852,,,PUNGGOL EAST,5.64
punggol_east,Punggol East,1086.0,37130.024,41693.404,5.21,8.056,8.056,,,PUNGGOL EAST,5.627
punggol_east,Punggol East,1088.0,37131.142,41695.062,5.221,8.261,8.261,,,PUNGGOL EAST,5.614
punggol_east,Punggol East,1090.0,37132.26,41696.721,8.539,8.465,8.465,,,PUNGGOL EAST,5.601
punggol_east,Punggol East,1092.0,37133.378,41698.379,8.67,8.67,8.465,,,PUNGGOL EAST,5.588
punggol_east,Punggol East,1094.0,37134.496,41700.037,9.123,8.624,8.465,,,PUNGGOL EAST,5.574
punggol_east,Punggol East,1096.0,37135.614,41701.696,8.995,8.444,8.444,,,PUNGGOL EAST,5.561
punggol_east,Punggol East,1098.0,37136.732,41703.354,8.533,8.142,8.142,,,PUNGGOL EAST,5.548
punggol_east,Punggol East,1100.0,37137.85,41705.012,9.015,7.839,7.839,,,PUNGGOL EAST,5.535
punggol_east,Punggol East,1102.0,37138.968,41706.671,6.194,7.545,7.545,,,PUNGGOL EAST,5.522
punggol_east,Punggol East,1104.0,37140.086,41708.329,5.152,7.251,7.251,,,PUNGGOL EAST,5.508
punggol_east,Punggol East,1106.0,37141.204,41709.987,5.846,6.957,6.957,,,PUNGGOL EAST,5.495
punggol_east,Punggol East,1108.0,37142.322,41711.646,5.617,6.704,6.704,,,PUNGGOL EAST,5.482
punggol_east,Punggol East,1110.0,37143.44,41713.304,5.344,6.451,6.451,,,PUNGGOL EAST,5.444
punggol_east,Punggol East,1112.0,37144.558,41714.962,5.678,6.198,6.198,,,PUNGGOL EAST,5.386
punggol_east,Punggol East,1114.0,37145.676,41716.621,5.348,5.945,5.945,,,PUNGGOL EAST,5.329
punggol_east,Punggol East,1116.0,37146.794,41718.279,5.322,5.692,5.831,,,PUNGGOL EAST,5.272
punggol_east,Punggol East,1118.0,37147.912,41719.938,5.808,5.808,5.831,,,PUNGGOL EAST,5.214
punggol_east,Punggol East,1120.0,37149.03,41721.596,5.831,5.831,5.831,,,PUNGGOL EAST,5.157
punggol_east,Punggol East,1122.0,37150.148,41723.254,5.984,5.984,5.943,1.397,1.0,PUNGGOL EAST,5.1
punggol_east,Punggol East,1124.0,37151.266,41724.913,5.943,5.943,5.943,0.353,1.0,PUNGGOL EAST,5.042
punggol_east,Punggol East,1126.0,37152.384,41726.571,5.963,5.963,5.943,,,PUNGGOL EAST,4.985
punggol_east,Punggol East,1128.0,37153.502,41728.229,5.826,5.826,5.86,,,PUNGGOL EAST,4.928
punggol_east,Punggol East,1130.0,37154.62,41729.888,5.354,5.843,5.86,,,PUNGGOL EAST,4.87
punggol_east,Punggol East,1132.0,37155.738,41731.546,7.671,5.86,5.86,,,PUNGGOL EAST,4.813
punggol_east,Punggol East,1134.0,37156.856,41733.204,6.622,5.876,5.876,,,PUNGGOL EAST,4.756
punggol_east,Punggol East,1136.0,37157.974,41734.863,6.753,5.893,5.893,,,PUNGGOL EAST,4.698
punggol_east,Punggol East,1138.0,37159.092,41736.521,5.91,5.91,5.91,,,PUNGGOL EAST,4.641
punggol_east,Punggol East,1140.0,37160.21,41738.179,6.053,6.053,5.982,,,PUNGGOL EAST,4.584
punggol_east,Punggol East,1142.0,37161.328,41739.838,6.04,6.04,6.04,0.897,1.0,PUNGGOL EAST,4.526
punggol_east,Punggol East,1144.0,37162.446,41741.496,5.982,5.982,6.04,-0.128,1.0,PUNGGOL EAST,4.469
punggol_east,Punggol East,1146.0,37163.564,41743.154,6.088,6.088,5.982,-3.02,1.0,PUNGGOL EAST,4.411
punggol_east,Punggol East,1148.0,37164.682,41744.813,5.971,5.971,5.971,-5.912,1.0,PUNGGOL EAST,4.354
punggol_east,Punggol East,1150.0,37165.8,41746.471,5.869,5.769,5.769,-6.366,1.0,PUNGGOL EAST,4.297
punggol_east,Punggol East,1152.0,37166.918,41748.129,5.568,5.568,5.568,-6.238,1.0,PUNGGOL EAST,4.239
punggol_east,Punggol East,1154.0,37168.036,41749.788,5.311,5.311,5.472,-2.635,1.0,PUNGGOL EAST,4.182
punggol_east,Punggol East,1156.0,37169.154,41751.446,9.18,5.299,5.472,0.969,1.0,PUNGGOL EAST,4.125
punggol_east,Punggol East,1158.0,37170.272,41753.104,5.288,5.472,5.472,4.837,1.0,PUNGGOL EAST,4.067
punggol_east,Punggol East,1160.0,37171.39,41754.763,5.645,5.645,5.645,7.514,1.0,PUNGGOL EAST,4.01
punggol_east,Punggol East,1162.0,37172.508,41756.421,9.215,5.859,5.859,,,PUNGGOL EAST,3.953
punggol_east,Punggol East,1164.0,37173.626,41758.079,9.222,6.073,6.073,,,PUNGGOL EAST,3.895
punggol_east,Punggol East,1166.0,37174.744,41759.738,5.339,6.288,6.288,,,PUNGGOL EAST,3.838
punggol_east,Punggol East,1168.0,37175.861,41761.396,5.377,6.611,6.611,,,PUNGGOL EAST,3.781
punggol_east,Punggol East,1170.0,37176.979,41763.054,9.341,6.935,6.935,,,PUNGGOL EAST,3.723
punggol_east,Punggol East,1172.0,37178.097,41764.713,6.93,7.306,7.306,,,PUNGGOL EAST,3.666
punggol_east,Punggol East,1174.0,37179.215,41766.371,7.26,7.677,7.677,,,PUNGGOL EAST,3.609
punggol_east,Punggol East,1176.0,37180.333,41768.03,6.274,8.048,8.048,,,PUNGGOL EAST,3.551
punggol_east,Punggol East,1178.0,37181.451,41769.688,6.25,,8.419,,,PUNGGOL EAST,3.494
punggol_east,Punggol East,1180.0,37182.569,41771.346,9.414,,8.79,,,PUNGGOL EAST,3.437
punggol_east,Punggol East,1182.0,37183.687,41773.005,9.468,9.161,9.161,,,PUNGGOL EAST,3.379
punggol_east,Punggol East,1184.0,37184.805,41774.663,9.741,9.532,9.532,,,PUNGGOL EAST,3.322
punggol_east,Punggol East,1186.0,37185.923,41776.321,10.034,9.903,9.903,,,PUNGGOL EAST,3.265
punggol_east,Punggol East,1188.0,37187.041,41777.98,10.274,10.274,10.274,,,PUNGGOL EAST,3.207
punggol_east,Punggol East,1190.0,37188.159,41779.638,10.33,10.33,10.326,,,PUNGGOL EAST,3.15
punggol_east,Punggol East,1192.0,37189.277,41781.296,10.339,10.339,10.326,,,PUNGGOL EAST,3.093
punggol_east,Punggol East,1194.0,37190.395,41782.955,10.326,10.326,10.326,,,PUNGGOL EAST,3.035
punggol_east,Punggol East,1196.0,37191.513,41784.613,10.359,10.057,10.057,,,PUNGGOL EAST,2.978
punggol_east,Punggol East,1198.0,37192.631,41786.271,10.36,9.789,9.789,,,PUNGGOL EAST,2.921
punggol_east,Punggol East,1200.0,37193.749,41787.93,8.59,9.312,9.312,,,PUNGGOL EAST,2.863
punggol_east,Punggol East,1202.0,37194.867,41789.588,9.076,8.835,8.835,,,PUNGGOL EAST,2.806
punggol_east,Punggol East,1204.0,37195.985,41791.246,10.683,8.358,8.358,,,PUNGGOL EAST,2.749
punggol_east,Punggol East,1206.0,37197.103,41792.905,11.069,,7.881,,,PUNGGOL EAST,2.691
punggol_east,Punggol East,1208.0,37198.221,41794.563,5.522,,7.405,,,PUNGGOL EAST,2.634
punggol_east,Punggol East,1210.0,37199.339,41796.221,5.507,6.928,6.928,,,PUNGGOL EAST,2.577
punggol_east,Punggol East,1212.0,37200.457,41797.88,5.536,6.451,6.451,,,PUNGGOL EAST,2.519
punggol_east,Punggol East,1214.0,37201.575,41799.538,5.506,5.974,5.974,,,PUNGGOL EAST,2.462
punggol_east,Punggol East,1216.0,37202.693,41801.196,5.498,5.498,5.715,,,PUNGGOL EAST,2.405
punggol_east,Punggol East,1218.0,37203.811,41802.855,5.494,5.494,5.715,,,PUNGGOL EAST,2.347
punggol_east,Punggol East,1220.0,37204.929,41804.513,5.504,5.715,5.715,,,PUNGGOL EAST,2.29
punggol_east,Punggol East,1222.0,37206.047,41806.171,5.492,5.936,5.936,,,PUNGGOL EAST,2.233
punggol_east,Punggol East,1224.0,37207.165,41807.83,11.188,6.157,6.157,,,PUNGGOL EAST,2.175
punggol_east,Punggol East,1226.0,37208.283,41809.488,5.518,6.252,6.252,,,PUNGGOL EAST,2.118
punggol_east,Punggol East,1228.0,37209.401,41811.147,5.633,6.348,6.348,,,PUNGGOL EAST,2.061
punggol_east,Punggol East,1230.0,37210.519,41812.805,8.154,6.443,6.443,,,PUNGGOL EAST,2.003
punggol_east,Punggol East,1232.0,37211.637,41814.463,10.119,6.538,6.538,,,PUNGGOL EAST,1.946
punggol_east,Punggol East,1234.0,37212.755,41816.122,7.797,6.633,6.633,,,PUNGGOL EAST,1.889
punggol_east,Punggol East,1236.0,37213.873,41817.78,8.632,6.729,6.729,,,PUNGGOL EAST,1.831
punggol_east,Punggol East,1238.0,37214.991,41819.438,7.054,6.824,6.824,,,PUNGGOL EAST,1.774
punggol_east,Punggol East,1240.0,37216.109,41821.097,6.007,7.046,7.046,,,PUNGGOL EAST,1.717
punggol_east,Punggol East,1242.0,37217.227,41822.755,5.988,7.269,7.269,,,PUNGGOL EAST,1.659
punggol_east,Punggol East,1244.0,37218.345,41824.413,6.004,7.491,7.491,,,PUNGGOL EAST,1.602
punggol_east,Punggol East,1246.0,37219.463,41826.072,6.057,7.714,7.714,,,PUNGGOL EAST,1.545
punggol_east,Punggol East,1248.0,37220.581,41827.73,8.303,7.936,7.936,,,PUNGGOL EAST,1.487
punggol_east,Punggol East,1250.0,37221.699,41829.388,8.733,8.159,7.936,,,PUNGGOL EAST,1.43
punggol_east,Punggol East,1252.0,37222.817,41831.047,8.981,8.014,7.972,,,PUNGGOL EAST,1.372
punggol_east,Punggol East,1254.0,37223.935,41832.705,7.87,7.87,8.014,,,PUNGGOL EAST,1.315
punggol_east,Punggol East,1256.0,37225.053,41834.363,11.086,7.972,8.014,,,PUNGGOL EAST,1.258
punggol_east,Punggol East,1258.0,37226.171,41836.022,11.073,8.074,8.074,1.094,1.0,PUNGGOL EAST,1.2
punggol_east,Punggol East,1260.0,37227.289,41837.68,8.176,8.176,8.102,,,PUNGGOL EAST,1.143
punggol_east,Punggol East,1262.0,37228.407,41839.338,8.116,8.116,8.102,,,PUNGGOL EAST,1.086
punggol_east,Punggol East,1264.0,37229.525,41840.997,8.641,8.102,8.102,,,PUNGGOL EAST,1.028
punggol_east,Punggol East,1266.0,37230.643,41842.655,8.272,8.088,8.088,,,PUNGGOL EAST,0.971
punggol_east,Punggol East,1268.0,37231.761,41844.313,8.889,8.074,8.074,,,PUNGGOL EAST,0.914
punggol_east,Punggol East,1270.0,37232.879,41845.972,7.505,8.06,8.06,,,PUNGGOL EAST,0.856
punggol_east,Punggol East,1272.0,37233.997,41847.63,8.082,8.046,8.046,,,PUNGGOL EAST,0.799
punggol_east,Punggol East,1274.0,37235.115,41849.288,8.634,8.032,8.032,,,PUNGGOL EAST,0.742
punggol_east,Punggol East,1276.0,37236.233,41850.947,8.282,8.018,8.018,,,PUNGGOL EAST,0.684
punggol_east,Punggol East,1278.0,37237.351,41852.605,6.993,8.004,8.004,,,PUNGGOL EAST,0.627
punggol_east,Punggol East,1280.0,37238.469,41854.263,10.113,7.99,7.99,,,PUNGGOL EAST,0.57
punggol_east,Punggol East,1282.0,37239.587,41855.922,10.245,7.976,7.976,,,PUNGGOL EAST,0.512
punggol_east,Punggol East,1284.0,37240.705,41857.58,12.669,7.962,7.962,,,PUNGGOL EAST,0.455
punggol_east,Punggol East,1286.0,37241.823,41859.239,12.01,7.693,7.693,,,PUNGGOL EAST,0.398
punggol_east,Punggol East,1288.0,37242.941,41860.897,7.935,7.424,7.424,,,PUNGGOL EAST,0.34
punggol_east,Punggol East,1290.0,37244.059,41862.555,8.137,7.155,7.155,,,PUNGGOL EAST,0.283
punggol_east,Punggol East,1292.0,37245.177,41864.214,8.239,6.867,6.867,,,PUNGGOL EAST,0.226
punggol_east,Punggol East,1294.0,37246.295,41865.872,5.716,6.579,6.579,,,PUNGGOL EAST,0.168
punggol_east,Punggol East,1296.0,37247.413,41867.53,5.611,6.291,6.291,,,PUNGGOL EAST,0.111
punggol_east,Punggol East,1298.0,37248.531,41869.189,5.486,6.003,6.003,,,PUNGGOL EAST,0.054
punggol_east,Punggol East,1300.0,37249.649,41870.847,5.715,5.715,5.951,,,PUNGGOL EAST,0.004
punggol_east,Punggol East,1302.0,37250.766,41872.505,5.626,5.833,5.951,,,PUNGGOL EAST,0.061
punggol_east,Punggol East,1304.0,37251.884,41874.164,5.43,5.951,5.951,,,PUNGGOL EAST,0.118
punggol_east,Punggol East,1306.0,37253.002,41875.822,5.852,6.228,6.228,,,PUNGGOL EAST,0.176
punggol_east,Punggol East,1308.0,37254.12,41877.48,6.603,6.504,6.504,,,PUNGGOL EAST,0.233
punggol_east,Punggol East,1310.0,37255.238,41879.139,8.704,6.78,6.504,,,PUNGGOL EAST,0.29
punggol_east,Punggol East,1312.0,37256.356,41880.797,6.957,6.62,6.62,,,PUNGGOL EAST,0.348
punggol_east,Punggol East,1314.0,37257.474,41882.455,9.266,6.461,6.756,,,PUNGGOL EAST,0.405
punggol_east,Punggol East,1316.0,37258.592,41884.114,5.964,6.756,6.756,,,PUNGGOL EAST,0.462
punggol_east,Punggol East,1318.0,37259.71,41885.772,6.528,7.052,7.052,,,PUNGGOL EAST,0.52
punggol_east,Punggol East,1320.0,37260.828,41887.43,6.006,7.347,7.347,,,PUNGGOL EAST,0.577
punggol_east,Punggol East,1322.0,37261.946,41889.089,5.821,7.642,7.642,,,PUNGGOL EAST,0.634
punggol_east,Punggol East,1324.0,37263.064,41890.747,7.938,7.938,7.938,,,PUNGGOL EAST,0.692
punggol_east,Punggol East,1326.0,37264.182,41892.405,8.209,8.209,8.128,,,PUNGGOL EAST,0.749
punggol_east,Punggol East,1328.0,37265.3,41894.064,11.005,8.128,8.209,,,PUNGGOL EAST,0.806
punggol_east,Punggol East,1330.0,37266.418,41895.722,8.048,8.325,8.325,,,PUNGGOL EAST,0.864
punggol_east,Punggol East,1332.0,37267.536,41897.38,7.987,8.522,8.522,,,PUNGGOL EAST,0.921
punggol_east,Punggol East,1334.0,37268.654,41899.039,7.98,8.65,8.558,,,PUNGGOL EAST,0.978
punggol_east,Punggol East,1336.0,37269.772,41900.697,10.006,8.777,8.558,,,PUNGGOL EAST,1.036
punggol_east,Punggol East,1338.0,37270.89,41902.356,9.947,8.558,8.558,,,PUNGGOL EAST,1.093
punggol_east,Punggol East,1340.0,37272.008,41904.014,15.31,8.339,8.339,,,PUNGGOL EAST,1.15
punggol_east,Punggol East,1342.0,37273.126,41905.672,12.465,8.12,8.12,,,PUNGGOL EAST,1.208
punggol_east,Punggol East,1344.0,37274.244,41907.331,7.901,7.901,7.901,,,PUNGGOL EAST,1.265
punggol_east,Punggol East,1346.0,37275.362,41908.989,5.561,7.841,7.841,,,PUNGGOL EAST,1.322
punggol_east,Punggol East,1348.0,37276.48,41910.647,7.782,7.782,7.782,-1.536,1.0,PUNGGOL EAST,1.38
punggol_east,Punggol East,1350.0,37277.598,41912.306,7.781,7.781,7.781,-1.629,1.0,PUNGGOL EAST,1.437
punggol_east,Punggol East,1352.0,37278.716,41913.964,7.778,7.778,7.778,-2.234,1.0,PUNGGOL EAST,1.495
punggol_east,Punggol East,1358.0,37282.07,41918.939,5.461,7.646,7.646,-2.379,1.0,PUNGGOL EAST,1.673
punggol_east,Punggol East,1360.0,37283.188,41920.597,5.469,7.514,7.514,-2.349,1.0,PUNGGOL EAST,1.735
punggol_east,Punggol East,1362.0,37284.306,41922.256,7.382,7.382,7.496,,,PUNGGOL EAST,1.797
punggol_east,Punggol East,1364.0,37285.424,41923.914,7.352,7.352,7.496,,,PUNGGOL EAST,1.859
punggol_east,Punggol East,1366.0,37286.542,41925.572,9.241,7.496,7.496,,,PUNGGOL EAST,1.921
punggol_east,Punggol East,1368.0,37287.66,41927.231,7.326,7.833,7.833,,,PUNGGOL EAST,1.983
punggol_east,Punggol East,1370.0,37288.778,41928.889,7.305,8.17,8.17,,,PUNGGOL EAST,2.045
punggol_east,Punggol East,1372.0,37289.896,41930.547,7.28,8.663,8.663,,,PUNGGOL EAST,2.106
punggol_east,Punggol East,1374.0,37291.014,41932.206,7.271,9.156,9.156,,,PUNGGOL EAST,2.168
punggol_east,Punggol East,1376.0,37292.132,41933.864,11.05,9.649,9.649,,,PUNGGOL EAST,2.23
punggol_east,Punggol East,1378.0,37293.25,41935.522,12.07,10.142,10.142,,,PUNGGOL EAST,2.292
punggol_east,Punggol East,1380.0,37294.368,41937.181,11.008,10.635,10.635,,,PUNGGOL EAST,2.354
punggol_east,Punggol East,1382.0,37295.486,41938.839,11.105,11.128,11.128,,,PUNGGOL EAST,2.416
punggol_east,Punggol East,1384.0,37296.604,41940.497,11.319,11.621,11.621,,,PUNGGOL EAST,2.478
punggol_east,Punggol East,1386.0,37297.722,41942.156,11.889,11.889,11.889,,,PUNGGOL EAST,2.54
punggol_east,Punggol East,1388.0,37298.84,41943.814,13.822,12.088,12.003,,,PUNGGOL EAST,2.602
punggol_east,Punggol East,1390.0,37299.958,41945.472,10.593,12.288,12.003,,,PUNGGOL EAST,2.664
punggol_east,Punggol East,1392.0,37301.076,41947.131,12.487,12.003,12.003,,,PUNGGOL EAST,2.726
punggol_east,Punggol East,1394.0,37302.194,41948.789,13.948,11.718,11.718,-10.373,2.0,PUNGGOL EAST,2.788
punggol_east,Punggol East,1396.0,37303.312,41950.448,12.426,11.433,11.433,,,PUNGGOL EAST,2.85
punggol_east,Punggol East,1398.0,37304.43,41952.106,11.148,11.148,11.173,,,PUNGGOL EAST,2.912
punggol_east,Punggol East,1400.0,37305.548,41953.764,11.094,11.094,11.173,,,PUNGGOL EAST,2.974
punggol_east,Punggol East,1402.0,37306.666,41955.423,11.173,11.173,11.173,0.121,1.0,PUNGGOL EAST,3.035
punggol_east,Punggol East,1404.0,37307.784,41957.081,11.183,11.183,11.183,0.121,1.0,PUNGGOL EAST,3.097
punggol_east,Punggol East,1406.0,37308.902,41958.739,11.32,11.32,11.183,1.256,1.0,PUNGGOL EAST,3.159
punggol_east,Punggol East,1408.0,37310.02,41960.398,11.288,11.288,11.183,,,PUNGGOL EAST,3.221
punggol_east,Punggol East,1410.0,37311.138,41962.056,11.027,11.027,11.273,,,PUNGGOL EAST,3.283
punggol_east,Punggol East,1412.0,37312.256,41963.714,10.763,11.089,11.273,,,PUNGGOL EAST,3.345
punggol_east,Punggol East,1414.0,37313.374,41965.373,10.64,11.273,11.273,,,PUNGGOL EAST,3.407
punggol_east,Punggol East,1416.0,37314.492,41967.031,10.667,11.457,11.457,,,PUNGGOL EAST,3.469
punggol_east,Punggol East,1418.0,37315.61,41968.689,11.927,11.709,11.709,,,PUNGGOL EAST,3.531
punggol_east,Punggol East,1420.0,37316.728,41970.348,12.325,11.961,11.961,,,PUNGGOL EAST,3.593
punggol_east,Punggol East,1422.0,37317.846,41972.006,12.213,12.213,12.213,,,PUNGGOL EAST,3.655
punggol_east,Punggol East,1424.0,37318.964,41973.664,11.716,12.221,12.221,,,PUNGGOL EAST,3.717
punggol_east,Punggol East,1426.0,37320.082,41975.323,11.85,12.229,12.229,0.305,1.0,PUNGGOL EAST,3.779
punggol_east,Punggol East,1428.0,37321.2,41976.981,12.237,12.237,12.237,,,PUNGGOL EAST,3.841
punggol_east,Punggol East,1430.0,37322.318,41978.639,12.339,12.339,12.237,,,PUNGGOL EAST,3.903
punggol_east,Punggol East,1432.0,37323.436,41980.298,12.385,12.385,12.237,,,PUNGGOL EAST,3.965
punggol_east,Punggol East,1434.0,37324.554,41981.956,12.446,12.228,12.228,,,PUNGGOL EAST,4.026
punggol_east,Punggol East,1436.0,37325.671,41983.614,12.334,12.071,12.071,,,PUNGGOL EAST,4.088
punggol_east,Punggol East,1438.0,37326.789,41985.273,12.206,11.582,11.582,,,PUNGGOL EAST,4.15
punggol_east,Punggol East,1440.0,37327.907,41986.931,8.195,11.093,11.093,,,PUNGGOL EAST,4.212
punggol_east,Punggol East,1442.0,37329.025,41988.589,11.182,10.604,10.604,,,PUNGGOL EAST,4.274
punggol_east,Punggol East,1444.0,37330.143,41990.248,6.45,,10.36,,,PUNGGOL EAST,4.336
punggol_east,Punggol East,1446.0,37331.261,41991.906,9.118,,9.871,,,PUNGGOL EAST,4.398
punggol_east,Punggol East,1448.0,37332.379,41993.565,5.528,,9.137,,,PUNGGOL EAST,4.46
punggol_east,Punggol East,1450.0,37333.497,41995.223,8.048,,8.404,,,PUNGGOL EAST,4.522
punggol_east,Punggol East,1452.0,37334.615,41996.881,8.212,,7.915,,,PUNGGOL EAST,4.584
punggol_east,Punggol East,1454.0,37335.733,41998.54,7.997,7.671,7.671,,,PUNGGOL EAST,4.646
punggol_east,Punggol East,1456.0,37336.851,42000.198,8.009,7.182,7.182,,,PUNGGOL EAST,4.708
punggol_east,Punggol East,1458.0,37337.969,42001.856,5.319,6.693,6.693,,,PUNGGOL EAST,4.77
punggol_east,Punggol East,1460.0,37339.087,42003.515,5.568,6.204,6.432,,,PUNGGOL EAST,4.832
punggol_east,Punggol East,1462.0,37340.205,42005.173,5.386,6.318,6.432,,,PUNGGOL EAST,4.894
punggol_east,Punggol East,1464.0,37341.323,42006.831,6.597,6.432,6.432,,,PUNGGOL EAST,4.955
punggol_east,Punggol East,1466.0,37342.441,42008.49,6.546,6.546,6.486,,,PUNGGOL EAST,5.017
punggol_east,Punggol East,1468.0,37343.559,42010.148,6.558,6.558,6.486,,,PUNGGOL EAST,5.079
punggol_east,Punggol East,1470.0,37344.677,42011.806,6.486,6.486,6.486,,,PUNGGOL EAST,5.141
punggol_east,Punggol East,1472.0,37345.795,42013.465,7.905,6.297,6.297,-6.052,1.0,PUNGGOL EAST,5.203
punggol_east,Punggol East,1474.0,37346.913,42015.123,7.832,6.108,6.108,-7.094,1.0,PUNGGOL EAST,5.265
punggol_east,Punggol East,1476.0,37348.031,42016.781,5.919,5.919,6.002,,,PUNGGOL EAST,5.327
punggol_east,Punggol East,1478.0,37349.149,42018.44,6.002,6.002,5.919,,,PUNGGOL EAST,5.389
punggol_east,Punggol East,1480.0,37350.267,42020.098,5.96,5.829,5.829,,,PUNGGOL EAST,5.451
punggol_east,Punggol East,1482.0,37351.385,42021.756,5.692,5.655,5.655,,,PUNGGOL EAST,5.513
punggol_east,Punggol East,1484.0,37352.503,42023.415,5.08,5.44,5.44,,,PUNGGOL EAST,5.575
punggol_east,Punggol East,1486.0,37353.621,42025.073,5.046,5.225,5.225,,,PUNGGOL EAST,5.637
punggol_east,Punggol East,1488.0,37354.739,42026.731,5.01,5.01,5.01,,,PUNGGOL EAST,5.699
punggol_east,Punggol East,1490.0,37355.857,42028.39,5.006,5.006,5.006,,,PUNGGOL EAST,5.761
punggol_east,Punggol East,1492.0,37356.975,42030.048,4.278,4.997,4.997,-0.157,1.0,PUNGGOL EAST,5.823
punggol_east,Punggol East,1494.0,37358.093,42031.706,4.277,4.989,4.997,,,PUNGGOL EAST,5.884
punggol_east,Punggol East,1496.0,37359.211,42033.365,4.98,4.98,4.997,,,PUNGGOL EAST,5.946
punggol_east,Punggol East,1498.0,37360.329,42035.023,5.38,5.152,5.138,,,PUNGGOL EAST,6.008
punggol_east,Punggol East,1500.0,37361.447,42036.681,5.323,5.323,5.138,-0.502,1.0,PUNGGOL EAST,6.07
punggol_east,Punggol East,1502.0,37362.565,42038.34,7.261,5.138,5.138,-1.487,1.0,PUNGGOL EAST,6.132
punggol_east,Punggol East,1504.0,37363.683,42039.998,4.954,4.954,4.957,-2.472,1.0,PUNGGOL EAST,6.194
punggol_east,Punggol East,1506.0,37364.801,42041.657,4.957,4.957,4.954,,,PUNGGOL EAST,6.256
punggol_east,Punggol East,1508.0,37365.919,42043.315,4.831,4.831,4.94,,,PUNGGOL EAST,6.318
punggol_east,Punggol East,1510.0,37367.037,42044.973,6.305,4.886,4.94,-0.847,1.0,PUNGGOL EAST,6.38
punggol_east,Punggol East,1512.0,37368.155,42046.632,6.152,4.94,4.886,0.0,1.0,PUNGGOL EAST,6.442
punggol_east,Punggol East,1514.0,37369.273,42048.29,4.995,4.995,4.886,,,PUNGGOL EAST,6.504
punggol_east,Punggol East,1516.0,37370.391,42049.948,4.831,4.831,4.94,,,PUNGGOL EAST,6.566
punggol_east,Punggol East,1518.0,37371.509,42051.607,4.816,4.816,4.984,-0.216,1.0,PUNGGOL EAST,6.628
punggol_east,Punggol East,1520.0,37372.627,42053.265,5.082,5.082,4.868,-0.9,1.0,PUNGGOL EAST,6.69
punggol_east,Punggol East,1522.0,37373.745,42054.923,4.984,4.984,4.868,-1.566,1.0,PUNGGOL EAST,6.752
punggol_east,Punggol East,1524.0,37374.863,42056.582,4.868,4.868,4.868,-0.291,1.0,PUNGGOL EAST,6.813
punggol_east,Punggol East,1526.0,37375.981,42058.24,4.845,4.845,4.859,-0.587,1.0,PUNGGOL EAST,6.875
punggol_east,Punggol East,1528.0,37377.099,42059.898,4.859,4.859,4.845,-0.647,1.0,PUNGGOL EAST,6.937
punggol_east,Punggol East,1530.0,37378.217,42061.557,4.756,4.756,4.822,-0.525,1.0,PUNGGOL EAST,6.999
punggol_east,Punggol East,1532.0,37379.335,42063.215,4.817,4.817,4.817,-0.297,1.0,PUNGGOL EAST,7.061
punggol_east,Punggol East,1534.0,37380.453,42064.873,4.822,4.822,4.817,,,PUNGGOL EAST,7.123
punggol_east,Punggol East,1536.0,37381.571,42066.532,4.79,4.79,4.822,,,PUNGGOL EAST,7.185
punggol_east,Punggol East,1538.0,37382.689,42068.19,5.984,4.822,4.822,0.85,1.0,PUNGGOL EAST,7.247
punggol_east,Punggol East,1540.0,37383.807,42069.848,4.902,4.855,4.855,0.791,1.0,PUNGGOL EAST,7.309
punggol_east,Punggol East,1542.0,37384.925,42071.507,4.888,4.888,4.885,,,PUNGGOL EAST,7.371
punggol_east,Punggol East,1544.0,37386.043,42073.165,4.886,4.886,4.885,,,PUNGGOL EAST,7.433
punggol_east,Punggol East,1546.0,37387.161,42074.823,4.885,4.885,4.885,-0.106,1.0,PUNGGOL EAST,7.495
punggol_east,Punggol East,1548.0,37388.279,42076.482,4.882,4.882,4.882,-1.909,1.0,PUNGGOL EAST,7.557
punggol_east,Punggol East,1550.0,37389.397,42078.14,4.876,4.876,4.876,-2.266,1.0,PUNGGOL EAST,7.619
punggol_east,Punggol East,1552.0,37390.515,42079.798,4.732,4.732,4.732,-2.247,1.0,PUNGGOL EAST,7.681
punggol_east,Punggol East,1554.0,37391.633,42081.457,4.704,4.704,4.704,-2.181,1.0,PUNGGOL EAST,7.742
punggol_east,Punggol East,1556.0,37392.751,42083.115,4.702,4.702,4.702,-0.434,1.0,PUNGGOL EAST,7.804
punggol_east,Punggol East,1558.0,37393.869,42084.774,4.697,4.697,4.702,-0.078,1.0,PUNGGOL EAST,7.866
punggol_east,Punggol East,1560.0,37394.987,42086.432,4.695,4.695,4.697,-0.084,1.0,PUNGGOL EAST,7.928
punggol_east,Punggol East,1562.0,37396.105,42088.09,4.884,4.884,4.697,1.266,1.0,PUNGGOL EAST,7.99
punggol_east,Punggol East,1564.0,37397.223,42089.749,4.687,4.687,4.695,0.047,1.0,PUNGGOL EAST,8.052
punggol_east,Punggol East,1566.0,37398.341,42091.407,4.824,4.824,4.803,0.059,1.0,PUNGGOL EAST,8.114
punggol_east,Punggol East,1568.0,37399.459,42093.065,4.676,4.676,4.701,0.087,1.0,PUNGGOL EAST,8.176
punggol_east,Punggol East,1570.0,37400.576,42094.724,4.803,4.803,4.702,0.0,1.0,PUNGGOL EAST,8.238
punggol_east,Punggol East,1572.0,37401.694,42096.382,4.701,4.701,4.702,,,PUNGGOL EAST,8.3
punggol_east,Punggol East,1574.0,37402.812,42098.04,4.702,4.702,4.803,,,PUNGGOL EAST,8.362
punggol_east,Punggol East,1576.0,37403.93,42099.699,4.699,4.857,4.857,,,PUNGGOL EAST,8.424
punggol_east,Punggol East,1578.0,37405.048,42101.357,4.706,5.011,5.011,,,PUNGGOL EAST,8.486
punggol_east,Punggol East,1580.0,37406.166,42103.015,4.873,5.13,5.13,,,PUNGGOL EAST,8.548
punggol_east,Punggol East,1582.0,37407.284,42104.674,5.169,5.249,5.13,,,PUNGGOL EAST,8.61
punggol_east,Punggol East,1584.0,37408.402,42106.332,5.158,5.175,5.13,,,PUNGGOL EAST,8.671
punggol_east,Punggol East,1586.0,37409.52,42107.99,7.851,5.1,5.1,,,PUNGGOL EAST,8.733
punggol_east,Punggol East,1588.0,37410.638,42109.649,7.842,5.025,5.025,,,PUNGGOL EAST,8.795
punggol_east,Punggol East,1590.0,37411.756,42111.307,7.841,4.951,4.951,,,PUNGGOL EAST,8.857
punggol_east,Punggol East,1592.0,37412.874,42112.965,7.84,4.876,4.876,,,PUNGGOL EAST,8.925
punggol_east,Punggol East,1594.0,37413.992,42114.624,4.877,4.802,4.802,,,PUNGGOL EAST,8.992
punggol_east,Punggol East,1596.0,37415.11,42116.282,4.872,4.727,4.766,,,PUNGGOL EAST,9.06
punggol_east,Punggol East,1598.0,37416.228,42117.94,4.652,4.652,4.727,,,PUNGGOL EAST,9.127
punggol_east,Punggol East,1600.0,37417.346,42119.599,4.766,4.766,4.727,,,PUNGGOL EAST,9.195
punggol_east,Punggol East,1602.0,37418.464,42121.257,4.656,4.656,4.656,-0.899,1.0,PUNGGOL EAST,9.262
punggol_east,Punggol East,1604.0,37419.582,42122.915,4.832,4.832,4.656,-0.902,1.0,PUNGGOL EAST,9.33
punggol_east,Punggol East,1606.0,37420.7,42124.574,4.655,4.655,4.655,-0.025,1.0,PUNGGOL EAST,9.397
punggol_east,Punggol East,1608.0,37421.818,42126.232,4.652,4.652,4.655,-0.025,1.0,PUNGGOL EAST,9.465
punggol_east,Punggol East,1610.0,37422.936,42127.89,4.655,4.655,4.654,0.0,1.0,PUNGGOL EAST,9.532
punggol_east,Punggol East,1612.0,37424.054,42129.549,4.651,4.651,4.654,0.097,1.0,PUNGGOL EAST,9.6
punggol_east,Punggol East,1614.0,37425.172,42131.207,4.654,4.654,4.655,0.112,1.0,PUNGGOL EAST,9.668
punggol_east,Punggol East,1616.0,37426.29,42132.866,4.669,4.669,4.662,0.112,1.0,PUNGGOL EAST,9.735
punggol_east,Punggol East,1618.0,37427.408,42134.524,4.664,4.664,4.662,0.041,1.0,PUNGGOL EAST,9.803
punggol_east,Punggol East,1620.0,37428.526,42136.182,4.662,4.662,4.662,-0.1,1.0,PUNGGOL EAST,9.87
punggol_east,Punggol East,1622.0,37429.644,42137.841,4.658,4.658,4.658,-0.581,1.0,PUNGGOL EAST,9.938
punggol_east,Punggol East,1624.0,37430.762,42139.499,4.655,4.655,4.655,-0.581,1.0,PUNGGOL EAST,10.005
punggol_east,Punggol East,1626.0,37431.88,42141.157,4.616,4.616,4.616,-0.528,1.0,PUNGGOL EAST,10.073
punggol_east,Punggol East,1628.0,37432.998,42142.816,4.611,4.611,4.616,,,PUNGGOL EAST,10.14
punggol_east,Punggol East,1630.0,37434.116,42144.474,4.605,4.605,4.616,,,PUNGGOL EAST,10.208
punggol_east,Punggol East,1632.0,37435.234,42146.132,4.605,4.952,4.952,,,PUNGGOL EAST,10.275
punggol_east,Punggol East,1634.0,37436.352,42147.791,4.618,5.3,5.3,,,PUNGGOL EAST,10.343
punggol_east,Punggol East,1636.0,37437.47,42149.449,4.631,5.647,5.647,,,PUNGGOL EAST,10.41
punggol_east,Punggol East,1638.0,37438.588,42151.107,4.542,6.156,6.156,,,PUNGGOL EAST,10.478
punggol_east,Punggol East,1640.0,37439.706,42152.766,6.855,6.665,6.665,,,PUNGGOL EAST,10.545
punggol_east,Punggol East,1642.0,37440.824,42154.424,6.862,7.174,7.174,,,PUNGGOL EAST,10.613
punggol_east,Punggol East,1644.0,37441.942,42156.082,8.109,7.683,7.683,,,PUNGGOL EAST,10.68
punggol_east,Punggol East,1646.0,37443.06,42157.741,6.925,8.22,8.22,,,PUNGGOL EAST,10.748
punggol_east,Punggol East,1648.0,37444.178,42159.399,7.001,8.757,8.757,,,PUNGGOL EAST,10.816
punggol_east,Punggol East,1650.0,37445.296,42161.057,8.908,9.294,9.294,,,PUNGGOL EAST,10.883
punggol_east,Punggol East,1652.0,37446.414,42162.716,10.757,9.831,9.831,,,PUNGGOL EAST,10.951
punggol_east,Punggol East,1654.0,37447.532,42164.374,10.756,10.367,10.367,,,PUNGGOL EAST,11.018
punggol_east,Punggol East,1656.0,37448.65,42166.032,10.744,10.491,10.367,,,PUNGGOL EAST,11.086
punggol_east,Punggol East,1658.0,37449.768,42167.691,10.706,10.615,10.367,,,PUNGGOL EAST,11.153
punggol_east,Punggol East,1660.0,37450.886,42169.349,11.36,10.035,10.035,,,PUNGGOL EAST,11.221
punggol_east,Punggol East,1662.0,37452.004,42171.007,11.82,9.455,9.455,,,PUNGGOL EAST,11.288
punggol_east,Punggol East,1664.0,37453.122,42172.666,11.954,8.875,8.875,,,PUNGGOL EAST,11.356
punggol_east,Punggol East,1666.0,37454.24,42174.324,12.812,8.149,8.149,,,PUNGGOL EAST,11.423
punggol_east,Punggol East,1668.0,37455.358,42175.982,7.23,7.423,7.423,,,PUNGGOL EAST,11.491
punggol_east,Punggol East,1670.0,37456.476,42177.641,7.229,6.698,6.698,,,PUNGGOL EAST,11.558
punggol_east,Punggol East,1672.0,37457.594,42179.299,4.466,5.972,5.972,,,PUNGGOL EAST,11.626
punggol_east,Punggol East,1674.0,37458.712,42180.958,4.453,5.246,5.246,,,PUNGGOL EAST,11.693
punggol_east,Punggol East,1676.0,37459.83,42182.616,4.52,4.52,4.754,,,PUNGGOL EAST,11.761
punggol_east,Punggol East,1678.0,37460.948,42184.274,10.417,4.637,4.637,,,PUNGGOL EAST,11.828
punggol_east,Punggol East,1680.0,37462.066,42185.933,4.754,4.754,4.629,-2.281,1.0,PUNGGOL EAST,11.896
punggol_east,Punggol East,1682.0,37463.184,42187.591,4.572,4.572,4.629,-1.43,1.0,PUNGGOL EAST,11.964
punggol_east,Punggol East,1684.0,37464.302,42189.249,4.629,4.629,4.572,-1.448,1.0,PUNGGOL EAST,12.031
punggol_east,Punggol East,1686.0,37465.42,42190.908,4.523,4.523,4.523,-1.448,1.0,PUNGGOL EAST,12.099
punggol_east,Punggol East,1688.0,37466.538,42192.566,4.513,4.513,4.513,-0.734,1.0,PUNGGOL EAST,12.166
punggol_east,Punggol East,1690.0,37467.656,42194.224,4.411,4.411,4.513,-0.015,1.0,PUNGGOL EAST,12.234
punggol_east,Punggol East,1692.0,37468.774,42195.883,4.513,4.513,4.513,0.216,1.0,PUNGGOL EAST,12.301
punggol_east,Punggol East,1694.0,37469.892,42197.541,4.53,4.53,4.522,0.495,1.0,PUNGGOL EAST,12.369
punggol_east,Punggol East,1696.0,37471.01,42199.199,4.553,4.553,4.53,0.899,1.0,PUNGGOL EAST,12.436
punggol_east,Punggol East,1698.0,37472.128,42200.858,4.522,4.522,4.553,,,PUNGGOL EAST,12.504
punggol_east,Punggol East,1700.0,37473.246,42202.516,4.585,4.585,4.585,,,PUNGGOL EAST,12.571
punggol_east,Punggol East,1702.0,37474.364,42204.174,5.5,4.772,4.772,,,PUNGGOL EAST,12.639
punggol_east,Punggol East,1704.0,37475.481,42205.833,4.686,5.039,5.039,,,PUNGGOL EAST,12.706
punggol_east,Punggol East,1734.0,37492.251,42230.708,4.803,5.324,5.324,,,PUNGGOL EAST,13.784
punggol_east,Punggol East,1736.0,37493.369,42232.366,4.846,5.608,5.608,,,PUNGGOL EAST,13.86
punggol_east,Punggol East,1738.0,37494.487,42234.025,5.853,5.875,5.875,,,PUNGGOL EAST,13.936
punggol_east,Punggol East,1740.0,37495.605,42235.683,6.858,6.142,6.142,,,PUNGGOL EAST,14.012
punggol_east,Punggol East,1742.0,37496.723,42237.341,6.854,6.408,6.408,,,PUNGGOL EAST,14.088
punggol_east,Punggol East,1744.0,37497.841,42239.0,9.967,6.675,6.675,,,PUNGGOL EAST,14.164
punggol_east,Punggol East,1746.0,37498.959,42240.658,10.459,6.942,6.942,,,PUNGGOL EAST,14.24
punggol_east,Punggol East,1748.0,37500.077,42242.316,12.424,7.208,7.208,,,PUNGGOL EAST,14.316
punggol_east,Punggol East,1750.0,37501.195,42243.975,8.905,7.296,7.296,,,PUNGGOL EAST,14.392
punggol_east,Punggol East,1752.0,37502.313,42245.633,6.143,7.384,7.384,,,PUNGGOL EAST,14.468
punggol_east,Punggol East,1754.0,37503.431,42247.291,5.307,7.472,7.384,,,PUNGGOL EAST,14.544
punggol_east,Punggol East,1756.0,37504.549,42248.95,7.56,7.56,7.384,,,PUNGGOL EAST,14.62
punggol_east,Punggol East,1758.0,37505.667,42250.608,8.876,7.313,7.313,,,PUNGGOL EAST,14.695
punggol_east,Punggol East,1760.0,37506.785,42252.266,7.066,7.066,7.168,,,PUNGGOL EAST,14.771
punggol_east,Punggol East,1762.0,37507.903,42253.925,9.983,7.117,7.168,,,PUNGGOL EAST,14.847
punggol_east,Punggol East,1764.0,37509.021,42255.583,5.692,7.168,7.168,,,PUNGGOL EAST,14.923
punggol_east,Punggol East,1766.0,37510.139,42257.241,5.695,7.219,7.219,,,PUNGGOL EAST,14.999
punggol_east,Punggol East,1768.0,37511.257,42258.9,8.13,7.27,7.27,,,PUNGGOL EAST,15.075
punggol_east,Punggol East,1770.0,37512.375,42260.558,7.753,7.322,7.322,,,PUNGGOL EAST,15.151
punggol_east,Punggol East,1772.0,37513.493,42262.216,6.44,7.373,7.373,,,PUNGGOL EAST,15.227
punggol_east,Punggol East,1774.0,37514.611,42263.875,7.186,7.424,7.373,,,PUNGGOL EAST,15.303
punggol_east,Punggol East,1776.0,37515.729,42265.533,9.582,7.475,7.373,,,PUNGGOL EAST,15.379
punggol_east,Punggol East,1778.0,37516.847,42267.191,7.764,7.228,7.228,,,PUNGGOL EAST,15.455
punggol_east,Punggol East,1780.0,37517.965,42268.85,8.978,6.982,6.982,,,PUNGGOL EAST,15.53
punggol_east,Punggol East,1782.0,37519.083,42270.508,6.735,6.735,6.735,,,PUNGGOL EAST,15.606
punggol_east,Punggol East,1784.0,37520.201,42272.167,6.127,6.715,6.715,,,PUNGGOL EAST,15.682
punggol_east,Punggol East,1786.0,37521.319,42273.825,6.512,6.696,6.696,,,PUNGGOL EAST,15.758
punggol_east,Punggol East,1788.0,37522.437,42275.483,7.223,6.677,6.677,,,PUNGGOL EAST,15.834
punggol_east,Punggol East,1790.0,37523.555,42277.142,8.161,6.657,6.657,,,PUNGGOL EAST,15.91
punggol_east,Punggol East,1792.0,37524.673,42278.8,6.499,6.638,6.638,,,PUNGGOL EAST,15.986
punggol_east,Punggol East,1794.0,37525.791,42280.458,9.085,6.619,6.619,,,PUNGGOL EAST,16.062
punggol_east,Punggol East,1796.0,37526.909,42282.117,8.325,6.599,6.599,,,PUNGGOL EAST,16.138
punggol_east,Punggol East,1798.0,37528.088,42283.732,7.674,6.58,6.58,,,PUNGGOL EAST,16.138
punggol_east,Punggol East,1800.0,37529.269,42285.346,6.341,6.56,6.56,,,PUNGGOL EAST,16.137
punggol_east,Punggol East,1802.0,37530.451,42286.96,6.541,6.541,6.56,,,PUNGGOL EAST,16.136
punggol_east,Punggol East,1804.0,37531.682,42288.535,6.448,6.448,6.56,,,PUNGGOL EAST,16.071
punggol_east,Punggol East,1806.0,37532.916,42290.109,6.648,6.706,6.706,,,PUNGGOL EAST,16.004
punggol_east,Punggol East,1808.0,37534.151,42291.683,8.138,6.964,6.964,,,PUNGGOL EAST,15.936
punggol_east,Punggol East,1810.0,37535.385,42293.257,7.454,7.23,7.23,,,PUNGGOL EAST,15.868
punggol_east,Punggol East,1812.0,37536.619,42294.831,7.955,7.497,7.497,,,PUNGGOL EAST,15.8
punggol_east,Punggol East,1814.0,37537.853,42296.404,8.287,7.763,7.763,,,PUNGGOL EAST,15.733
punggol_east,Punggol East,1816.0,37539.087,42297.978,8.229,8.029,8.029,,,PUNGGOL EAST,15.665
punggol_east,Punggol East,1818.0,37540.321,42299.552,9.038,8.296,8.296,,,PUNGGOL EAST,15.597
punggol_east,Punggol East,1820.0,37541.555,42301.126,8.644,8.363,8.363,,,PUNGGOL EAST,15.529
punggol_east,Punggol East,1822.0,37542.79,42302.7,8.43,8.43,8.43,,,PUNGGOL EAST,15.462
punggol_east,Punggol East,1824.0,37544.024,42304.274,8.116,8.505,8.505,,,PUNGGOL EAST,15.394
punggol_east,Punggol East,1826.0,37545.258,42305.847,9.216,8.579,8.579,3.003,1.0,PUNGGOL EAST,15.326
punggol_east,Punggol East,1828.0,37546.492,42307.421,9.363,8.654,8.654,,,PUNGGOL EAST,15.258
punggol_east,Punggol East,1830.0,37547.726,42308.995,8.729,8.729,8.67,,,PUNGGOL EAST,15.191
punggol_east,Punggol East,1832.0,37548.96,42310.569,8.86,8.86,8.729,,,PUNGGOL EAST,15.123
punggol_east,Punggol East,1834.0,37550.194,42312.143,8.67,8.67,8.739,,,PUNGGOL EAST,15.055
punggol_east,Punggol East,1836.0,37551.428,42313.716,8.986,8.739,8.809,,,PUNGGOL EAST,14.987
punggol_east,Punggol East,1838.0,37552.663,42315.29,14.671,8.809,8.809,,,PUNGGOL EAST,14.92
punggol_east,Punggol East,1840.0,37553.897,42316.864,10.984,8.878,8.878,,,PUNGGOL EAST,14.852
punggol_east,Punggol East,1842.0,37555.131,42318.438,11.67,8.948,8.948,,,PUNGGOL EAST,14.784
punggol_east,Punggol East,1844.0,37556.365,42320.012,13.784,9.017,9.017,,,PUNGGOL EAST,14.717
punggol_east,Punggol East,1846.0,37557.599,42321.586,13.463,9.087,9.087,,,PUNGGOL EAST,14.649
punggol_east,Punggol East,1848.0,37558.833,42323.159,9.183,9.156,9.156,,,PUNGGOL EAST,14.581
punggol_east,Punggol East,1850.0,37560.067,42324.733,9.226,9.226,9.226,,,PUNGGOL EAST,14.513
punggol_east,Punggol East,1852.0,37561.279,42326.324,9.303,9.303,9.303,,,PUNGGOL EAST,14.473
punggol_east,Punggol East,1854.0,37562.458,42327.94,9.448,9.448,9.435,3.181,1.0,PUNGGOL EAST,14.476
punggol_east,Punggol East,1856.0,37563.636,42329.556,9.503,9.503,9.448,2.472,1.0,PUNGGOL EAST,14.478
punggol_east,Punggol East,1858.0,37564.815,42331.172,9.435,9.435,9.48,0.819,1.0,PUNGGOL EAST,14.48
punggol_east,Punggol East,1860.0,37565.993,42332.788,9.48,9.48,9.5,0.869,1.0,PUNGGOL EAST,14.482
punggol_east,Punggol East,1862.0,37567.171,42334.404,9.5,9.5,9.5,0.838,1.0,PUNGGOL EAST,14.484
punggol_east,Punggol East,1864.0,37568.35,42336.02,9.517,9.517,9.517,0.806,1.0,PUNGGOL EAST,14.486
punggol_east,Punggol East,1866.0,37569.528,42337.636,9.547,9.547,9.547,1.009,1.0,PUNGGOL EAST,14.488
punggol_east,Punggol East,1868.0,37570.707,42339.252,9.565,9.565,9.565,1.128,1.0,PUNGGOL EAST,14.49
punggol_east,Punggol East,1870.0,37571.885,42340.867,9.581,9.581,9.581,1.0,1.0,PUNGGOL EAST,14.492
punggol_east,Punggol East,1872.0,37573.064,42342.483,9.608,9.608,9.608,0.803,1.0,PUNGGOL EAST,14.495
punggol_east,Punggol East,1874.0,37574.242,42344.099,9.627,9.627,9.627,,,PUNGGOL EAST,14.497
punggol_east,Punggol East,1876.0,37575.42,42345.715,9.629,9.629,9.629,,,PUNGGOL EAST,14.499
punggol_east,Punggol East,1878.0,37576.599,42347.331,10.369,9.653,9.653,0.931,1.0,PUNGGOL EAST,14.501
punggol_east,Punggol East,1880.0,37577.773,42348.95,9.679,9.678,9.678,1.172,1.0,PUNGGOL EAST,14.508
punggol_east,Punggol East,1882.0,37578.916,42350.591,9.702,9.702,9.702,,,PUNGGOL EAST,14.553
punggol_east,Punggol East,1884.0,37580.06,42352.232,9.723,9.723,9.723,,,PUNGGOL EAST,14.599
punggol_east,Punggol East,1886.0,37581.203,42353.873,9.732,9.732,9.728,0.55,1.0,PUNGGOL EAST,14.644
punggol_east,Punggol East,1888.0,37582.363,42355.502,9.728,9.728,9.732,0.537,1.0,PUNGGOL EAST,14.668
punggol_east,Punggol East,1890.0,37583.535,42357.123,9.746,9.746,9.746,0.481,1.0,PUNGGOL EAST,14.679
punggol_east,Punggol East,1892.0,37584.707,42358.744,9.766,9.766,9.766,0.428,1.0,PUNGGOL EAST,14.689
punggol_east,Punggol East,1894.0,37585.879,42360.364,9.766,9.766,9.766,0.362,1.0,PUNGGOL EAST,14.699
punggol_east,Punggol East,1896.0,37587.051,42361.985,9.778,9.778,9.766,0.144,1.0,PUNGGOL EAST,14.709
punggol_east,Punggol East,1898.0,37588.223,42363.606,9.775,9.775,9.775,0.138,1.0,PUNGGOL EAST,14.719
punggol_east,Punggol East,1900.0,37589.395,42365.226,9.757,9.757,9.777,0.259,1.0,PUNGGOL EAST,14.729
punggol_east,Punggol East,1902.0,37590.567,42366.847,9.788,9.788,9.777,0.166,1.0,PUNGGOL EAST,14.739
punggol_east,Punggol East,1904.0,37591.739,42368.467,9.777,9.777,9.787,0.35,1.0,PUNGGOL EAST,14.749
punggol_east,Punggol East,1906.0,37592.911,42370.088,9.787,9.787,9.788,0.475,1.0,PUNGGOL EAST,14.759
punggol_east,Punggol East,1908.0,37594.083,42371.709,9.829,9.829,9.805,0.353,1.0,PUNGGOL EAST,14.769
punggol_east,Punggol East,1910.0,37595.255,42373.329,9.815,9.815,9.815,0.341,1.0,PUNGGOL EAST,14.779
punggol_east,Punggol East,1912.0,37596.427,42374.95,9.805,9.805,9.815,0.537,1.0,PUNGGOL EAST,14.789
punggol_east,Punggol East,1914.0,37597.599,42376.571,9.848,9.848,9.815,0.413,1.0,PUNGGOL EAST,14.8
punggol_east,Punggol East,1916.0,37598.771,42378.191,9.811,9.811,9.848,0.491,1.0,PUNGGOL EAST,14.81
punggol_east,Punggol East,1918.0,37599.941,42379.813,9.87,9.87,9.848,0.681,1.0,PUNGGOL EAST,14.822
punggol_east,Punggol East,1920.0,37601.084,42381.454,9.855,9.855,9.855,0.584,1.0,PUNGGOL EAST,14.867
punggol_east,Punggol East,1922.0,37602.228,42383.095,9.827,9.827,9.87,0.584,1.0,PUNGGOL EAST,14.911
punggol_east,Punggol East,1924.0,37603.372,42384.735,9.898,9.898,9.895,0.506,1.0,PUNGGOL EAST,14.956
punggol_east,Punggol East,1926.0,37604.516,42386.376,9.895,9.895,9.895,0.316,1.0,PUNGGOL EAST,15.001
punggol_east,Punggol East,1928.0,37605.659,42388.017,9.907,9.907,9.895,0.144,1.0,PUNGGOL EAST,15.046
punggol_east,Punggol East,1930.0,37606.803,42389.657,9.888,9.888,9.895,0.366,1.0,PUNGGOL EAST,15.09
punggol_east,Punggol East,1932.0,37607.947,42391.298,9.894,9.894,9.907,0.366,1.0,PUNGGOL EAST,15.135
punggol_east,Punggol East,1934.0,37609.091,42392.939,9.927,9.927,9.924,0.366,1.0,PUNGGOL EAST,15.18
punggol_east,Punggol East,1936.0,37610.234,42394.58,9.924,9.924,9.924,0.169,1.0,PUNGGOL EAST,15.224
punggol_east,Punggol East,1938.0,37611.378,42396.22,9.926,9.926,9.924,-0.053,1.0,PUNGGOL EAST,15.269
punggol_east,Punggol East,1940.0,37612.522,42397.861,9.92,9.92,9.92,-0.053,1.0,PUNGGOL EAST,15.314
punggol_east,Punggol East,1942.0,37613.665,42399.502,9.912,9.912,9.92,,,PUNGGOL EAST,15.359
punggol_east,Punggol East,1944.0,37614.809,42401.142,9.868,9.868,9.92,,,PUNGGOL EAST,15.403
punggol_east,Punggol East,1946.0,37615.953,42402.783,9.84,10.02,10.02,,,PUNGGOL EAST,15.448
punggol_east,Punggol East,1948.0,37617.147,42404.387,9.87,10.173,10.173,,,PUNGGOL EAST,15.43
punggol_east,Punggol East,1950.0,37618.365,42405.973,9.812,10.465,10.465,,,PUNGGOL EAST,15.383
punggol_east,Punggol East,1952.0,37619.583,42407.56,9.77,10.757,10.757,,,PUNGGOL EAST,15.336
punggol_east,Punggol East,1954.0,37620.78,42409.162,10.161,11.05,11.05,,,PUNGGOL EAST,15.315
punggol_east,Punggol East,1956.0,37621.944,42410.788,10.237,11.342,11.342,,,PUNGGOL EAST,15.334
punggol_east,Punggol East,1958.0,37623.109,42412.414,14.079,11.635,11.619,,,PUNGGOL EAST,15.353
punggol_east,Punggol East,1960.0,37624.273,42414.04,13.588,11.766,11.619,,,PUNGGOL EAST,15.373
punggol_east,Punggol East,1962.0,37625.438,42415.666,13.045,11.619,11.619,,,PUNGGOL EAST,15.392
punggol_east,Punggol East,1964.0,37626.603,42417.292,9.302,11.472,11.472,,,PUNGGOL EAST,15.411
punggol_east,Punggol East,1966.0,37627.684,42418.974,15.684,11.325,11.325,,,PUNGGOL EAST,15.53
punggol_east,Punggol East,1968.0,37628.757,42420.661,10.446,11.178,11.178,,,PUNGGOL EAST,15.659
punggol_east,Punggol East,1970.0,37629.831,42422.349,8.946,11.031,11.031,,,PUNGGOL EAST,15.789
punggol_east,Punggol East,1972.0,37630.904,42424.036,10.824,10.885,10.885,,,PUNGGOL EAST,15.918
punggol_east,Punggol East,1974.0,37631.977,42425.724,12.518,10.738,10.738,,,PUNGGOL EAST,16.047
punggol_east,Punggol East,1976.0,37633.119,42427.365,9.048,10.651,10.651,,,PUNGGOL EAST,16.094
punggol_east,Punggol East,1978.0,37634.29,42428.986,10.565,10.353,10.353,,,PUNGGOL EAST,16.105
punggol_east,Punggol East,1980.0,37635.462,42430.607,13.063,10.054,10.054,,,PUNGGOL EAST,16.115
punggol_east,Punggol East,1982.0,37636.633,42432.228,13.864,9.825,9.825,,,PUNGGOL EAST,16.126
punggol_east,Punggol East,1984.0,37637.805,42433.849,9.183,9.596,9.596,,,PUNGGOL EAST,16.137
punggol_east,Punggol East,1986.0,37638.976,42435.47,9.083,9.367,9.367,,,PUNGGOL EAST,16.147
punggol_east,Punggol East,1988.0,37640.142,42437.095,9.137,9.137,9.223,,,PUNGGOL EAST,16.165
punggol_east,Punggol East,1990.0,37641.29,42438.733,9.197,9.197,9.223,,,PUNGGOL EAST,16.204
punggol_east,Punggol East,1992.0,37642.439,42440.37,9.223,9.223,9.223,1.156,1.0,PUNGGOL EAST,16.243
punggol_east,Punggol East,1994.0,37643.587,42442.008,9.254,9.254,9.254,,,PUNGGOL EAST,16.282
punggol_east,Punggol East,1996.0,37644.736,42443.645,9.315,9.315,9.315,,,PUNGGOL EAST,16.321
punggol_east,Punggol East,1998.0,37645.884,42445.283,11.41,9.39,9.39,,,PUNGGOL EAST,16.36
punggol_east,Punggol East,2000.0,37647.032,42446.92,10.796,9.465,9.465,,,PUNGGOL EAST,16.399
punggol_east,Punggol East,2002.0,37648.181,42448.557,12.783,9.539,9.539,,,PUNGGOL EAST,16.438
punggol_east,Punggol East,2004.0,37649.329,42450.195,9.556,9.614,9.614,,,PUNGGOL EAST,16.477
punggol_east,Punggol East,2006.0,37650.478,42451.832,9.689,9.689,9.689,,,PUNGGOL EAST,16.516
punggol_east,Punggol East,2008.0,37651.626,42453.47,9.841,9.841,9.841,,,PUNGGOL EAST,16.555
punggol_east,Punggol East,2010.0,37652.774,42455.107,9.896,9.896,9.841,2.572,1.0,PUNGGOL EAST,16.595
punggol_east,Punggol East,2012.0,37653.923,42456.745,9.894,9.894,9.841,-0.362,1.0,PUNGGOL EAST,16.634
punggol_east,Punggol East,2014.0,37655.071,42458.382,9.812,9.812,9.894,-0.362,1.0,PUNGGOL EAST,16.673
punggol_east,Punggol East,2016.0,37656.265,42459.986,9.729,9.729,9.812,-0.086,1.0,PUNGGOL EAST,16.655
punggol_east,Punggol East,2018.0,37657.47,42461.583,9.898,9.898,9.812,,,PUNGGOL EAST,16.624
punggol_east,Punggol East,2020.0,37658.675,42463.179,9.632,9.632,9.834,,,PUNGGOL EAST,16.593
punggol_east,Punggol East,2022.0,37659.874,42464.779,9.67,9.834,9.898,,,PUNGGOL EAST,16.569
punggol_east,Punggol East,2024.0,37660.911,42466.489,9.72,10.104,10.104,,,PUNGGOL EAST,16.741
punggol_east,Punggol East,2026.0,37661.948,42468.2,10.151,10.374,10.374,,,PUNGGOL EAST,16.914
punggol_east,Punggol East,2028.0,37662.984,42469.91,10.768,10.643,10.643,,,PUNGGOL EAST,17.086
punggol_east,Punggol East,2030.0,37664.021,42471.62,10.947,10.822,10.721,,,PUNGGOL EAST,17.258
punggol_east,Punggol East,2032.0,37665.057,42473.331,11.001,11.001,10.749,,,PUNGGOL EAST,17.431
punggol_east,Punggol East,2034.0,37666.094,42475.041,10.721,10.721,10.777,,,PUNGGOL EAST,17.603
punggol_east,Punggol East,2036.0,37667.131,42476.752,11.949,10.749,10.777,,,PUNGGOL EAST,17.775
punggol_east,Punggol East,2038.0,37668.167,42478.462,10.308,10.777,10.777,0.342,1.0,PUNGGOL EAST,17.948
punggol_east,Punggol East,2040.0,37669.204,42480.172,10.041,10.805,10.804,,,PUNGGOL EAST,18.12
punggol_east,Punggol East,2042.0,37670.241,42481.883,10.833,10.833,10.804,,,PUNGGOL EAST,18.292
punggol_east,Punggol East,2044.0,37671.277,42483.593,10.804,10.804,10.804,,,PUNGGOL EAST,18.465
punggol_east,Punggol East,2046.0,37672.314,42485.304,11.375,10.639,10.639,-6.209,1.0,PUNGGOL EAST,18.637
punggol_east,Punggol East,2048.0,37673.35,42487.014,11.394,10.473,10.473,-6.341,1.0,PUNGGOL EAST,18.809
punggol_east,Punggol East,2050.0,37674.387,42488.724,10.308,10.308,10.308,,,PUNGGOL EAST,18.982
punggol_east,Punggol East,2052.0,37675.405,42490.445,10.297,10.297,10.297,,,PUNGGOL EAST,19.174
punggol_east,Punggol East,2054.0,37676.266,42492.25,10.18,10.18,10.18,-2.447,1.0,PUNGGOL EAST,19.545
punggol_east,Punggol East,2056.0,37677.127,42494.055,10.166,10.166,10.166,-2.534,1.0,PUNGGOL EAST,19.915
punggol_east,Punggol East,2058.0,37677.988,42495.861,10.112,10.112,10.112,-1.122,1.0,PUNGGOL EAST,20.285
punggol_east,Punggol East,2060.0,37678.848,42497.666,10.094,10.094,10.094,-1.122,1.0,PUNGGOL EAST,20.656
punggol_east,Punggol East,2062.0,37679.715,42499.468,10.09,10.09,10.09,-0.456,1.0,PUNGGOL EAST,21.019
punggol_east,Punggol East,2064.0,37680.973,42501.022,10.075,10.075,10.076,-0.6,1.0,PUNGGOL EAST,20.921
punggol_east,Punggol East,2066.0,37682.232,42502.576,10.076,10.076,10.075,-0.547,1.0,PUNGGOL EAST,20.822
punggol_east,Punggol East,2068.0,37683.49,42504.131,10.043,10.043,10.046,-0.372,1.0,PUNGGOL EAST,20.723
punggol_east,Punggol East,2070.0,37684.748,42505.685,10.027,10.027,10.046,,,PUNGGOL EAST,20.624
punggol_east,Punggol East,2072.0,37686.007,42507.24,10.046,10.046,10.046,,,PUNGGOL EAST,20.525
punggol_east,Punggol East,2074.0,37687.228,42508.823,10.045,10.23,10.23,,,PUNGGOL EAST,20.474
punggol_east,Punggol East,2076.0,37688.437,42510.417,10.016,10.414,10.414,,,PUNGGOL EAST,20.438
punggol_east,Punggol East,2078.0,37689.646,42512.01,9.966,10.691,10.691,,,PUNGGOL EAST,20.401
punggol_east,Punggol East,2080.0,37690.856,42513.603,9.93,10.969,10.969,,,PUNGGOL EAST,20.365
punggol_east,Punggol East,2082.0,37692.065,42515.196,11.519,11.247,11.247,,,PUNGGOL EAST,20.329
punggol_east,Punggol East,2084.0,37693.051,42516.922,11.524,11.524,11.467,,,PUNGGOL EAST,20.552
punggol_east,Punggol East,2086.0,37693.88,42518.742,12.378,11.496,11.467,,,PUNGGOL EAST,20.956
punggol_east,Punggol East,2088.0,37694.71,42520.562,11.718,11.467,11.467,,,PUNGGOL EAST,21.359
punggol_east,Punggol East,2090.0,37695.54,42522.381,11.438,11.27,11.27,,,PUNGGOL EAST,21.763
punggol_east,Punggol East,2092.0,37696.37,42524.201,11.886,11.073,11.073,,,PUNGGOL EAST,22.167
punggol_east,Punggol East,2094.0,37697.144,42526.043,12.062,10.789,10.789,,,PUNGGOL EAST,22.629
punggol_east,Punggol East,2096.0,37697.812,42527.929,10.861,10.505,10.505,,,PUNGGOL EAST,23.202
punggol_east,Punggol East,2098.0,37698.479,42529.814,9.979,10.221,10.221,,,PUNGGOL EAST,23.776
punggol_east,Punggol East,2100.0,37699.147,42531.699,9.936,9.936,9.936,,,PUNGGOL EAST,24.349
punggol_east,Punggol East,2124.0,37718.896,42533.954,9.842,9.842,9.916,,,PUNGGOL EAST,9.735
punggol_east,Punggol East,2126.0,37720.592,42532.894,9.884,9.884,9.916,0.077,1.0,PUNGGOL EAST,7.74
punggol_east,Punggol East,2128.0,37722.287,42531.833,9.916,9.916,9.916,0.934,1.0,PUNGGOL EAST,5.745
punggol_east,Punggol East,2130.0,37723.983,42530.772,9.96,9.96,9.96,1.128,1.0,PUNGGOL EAST,3.751
punggol_east,Punggol East,2132.0,37725.676,42529.707,9.991,9.991,9.991,1.128,1.0,PUNGGOL EAST,1.756
punggol_east,Punggol East,2134.0,37727.346,42528.607,10.018,10.018,10.006,0.584,1.0,PUNGGOL EAST,0.242
punggol_east,Punggol East,2136.0,37729.016,42527.507,10.022,10.022,10.006,-0.137,1.0,PUNGGOL EAST,2.24
punggol_east,Punggol East,2138.0,37730.686,42526.407,10.006,10.006,10.006,-0.569,1.0,PUNGGOL EAST,4.237
punggol_east,Punggol East,2140.0,37732.357,42525.307,9.98,9.98,9.98,-0.569,1.0,PUNGGOL EAST,6.235
punggol_east,Punggol East,2142.0,37733.507,42523.877,9.96,9.96,9.961,-0.569,1.0,PUNGGOL EAST,8.007
punggol_east,Punggol East,2144.0,37733.79,42521.897,9.961,9.961,9.961,1.619,1.0,PUNGGOL EAST,9.404
punggol_east,Punggol East,2146.0,37734.073,42519.917,9.946,9.946,9.961,,,PUNGGOL EAST,10.801
punggol_east,Punggol East,2148.0,37734.357,42517.937,10.11,10.11,10.11,,,PUNGGOL EAST,12.198
punggol_east,Punggol East,2150.0,37734.64,42515.958,11.344,10.126,10.126,2.494,1.0,PUNGGOL EAST,13.595
punggol_east,Punggol East,2152.0,37734.923,42513.978,10.109,10.144,10.144,1.225,1.0,PUNGGOL EAST,14.991
punggol_east,Punggol East,2154.0,37735.139,42512.011,10.16,10.16,10.16,,,PUNGGOL EAST,16.327
punggol_east,Punggol East,2156.0,37734.125,42510.287,10.271,10.271,10.208,,,PUNGGOL EAST,16.525
punggol_east,Punggol East,2158.0,37733.111,42508.564,10.208,10.208,10.271,,,PUNGGOL EAST,16.723
punggol_east,Punggol East,2160.0,37732.097,42506.84,10.086,10.312,10.312,,,PUNGGOL EAST,16.922
punggol_east,Punggol East,2162.0,37731.082,42505.116,10.085,10.416,10.416,,,PUNGGOL EAST,17.12
punggol_east,Punggol East,2164.0,37730.068,42503.392,11.308,10.679,10.679,,,PUNGGOL EAST,17.318
punggol_east,Punggol East,2166.0,37729.032,42501.682,11.056,10.943,10.943,,,PUNGGOL EAST,17.491
punggol_east,Punggol East,2168.0,37727.919,42500.021,11.713,11.207,11.207,,,PUNGGOL EAST,17.572
punggol_east,Punggol East,2170.0,37726.805,42498.359,11.734,11.471,11.471,,,PUNGGOL EAST,17.654
punggol_east,Punggol East,2172.0,37725.692,42496.698,10.107,11.734,11.734,,,PUNGGOL EAST,17.735
punggol_east,Punggol East,2174.0,37724.578,42495.037,10.122,11.735,11.735,,,PUNGGOL EAST,17.816
punggol_east,Punggol East,2176.0,37723.465,42493.375,11.124,11.736,11.736,,,PUNGGOL EAST,17.898
punggol_east,Punggol East,2178.0,37722.352,42491.714,11.671,11.737,11.737,,,PUNGGOL EAST,17.979
punggol_east,Punggol East,2180.0,37721.238,42490.052,11.738,11.738,11.737,,,PUNGGOL EAST,18.061
punggol_east,Punggol East,2182.0,37720.125,42488.391,11.84,11.84,11.737,,,PUNGGOL EAST,18.142
punggol_east,Punggol East,2184.0,37719.011,42486.729,11.752,11.607,11.607,,,PUNGGOL EAST,18.224
punggol_east,Punggol East,2186.0,37717.898,42485.068,12.012,11.373,11.373,,,PUNGGOL EAST,18.305
punggol_east,Punggol East,2188.0,37716.785,42483.407,11.755,11.097,11.097,,,PUNGGOL EAST,18.386
punggol_east,Punggol East,2190.0,37715.671,42481.745,10.271,10.821,10.821,,,PUNGGOL EAST,18.468
punggol_east,Punggol East,2192.0,37714.555,42480.085,10.236,10.545,10.545,,,PUNGGOL EAST,18.546
punggol_east,Punggol East,2194.0,37713.381,42478.467,10.268,10.268,10.285,,,PUNGGOL EAST,18.553
punggol_east,Punggol East,2196.0,37712.206,42476.848,10.28,10.28,10.285,,,PUNGGOL EAST,18.56
punggol_east,Punggol East,2198.0,37711.032,42475.229,10.285,10.285,10.285,0.244,1.0,PUNGGOL EAST,18.567
punggol_east,Punggol East,2200.0,37709.857,42473.61,10.335,10.335,10.305,0.244,1.0,PUNGGOL EAST,18.574
punggol_east,Punggol East,2202.0,37708.683,42471.991,10.317,10.317,10.305,0.016,1.0,PUNGGOL EAST,18.581
punggol_east,Punggol East,2204.0,37707.508,42470.372,10.305,10.305,10.305,-0.259,1.0,PUNGGOL EAST,18.588
punggol_east,Punggol East,2206.0,37706.334,42468.754,10.287,10.287,10.287,-0.494,1.0,PUNGGOL EAST,18.595
punggol_east,Punggol East,2208.0,37705.16,42467.135,10.284,10.284,10.284,-0.5,1.0,PUNGGOL EAST,18.602
punggol_east,Punggol East,2210.0,37703.985,42465.516,10.266,10.266,10.266,-0.512,1.0,PUNGGOL EAST,18.609
punggol_east,Punggol East,2212.0,37702.811,42463.897,10.246,10.246,10.265,-0.628,1.0,PUNGGOL EAST,18.616
punggol_east,Punggol East,2214.0,37701.636,42462.278,10.265,10.265,10.246,-0.719,1.0,PUNGGOL EAST,18.623
punggol_east,Punggol East,2216.0,37700.462,42460.66,10.234,10.234,10.234,-1.025,1.0,PUNGGOL EAST,18.63
punggol_east,Punggol East,2218.0,37699.296,42459.034,10.208,10.208,10.208,-1.116,1.0,PUNGGOL EAST,18.648
punggol_east,Punggol East,2220.0,37698.153,42457.393,10.183,10.183,10.183,-1.091,1.0,PUNGGOL EAST,18.693
punggol_east,Punggol East,2222.0,37697.009,42455.753,10.157,10.157,10.157,-1.072,1.0,PUNGGOL EAST,18.738
punggol_east,Punggol East,2224.0,37695.866,42454.112,10.147,10.147,10.147,-0.894,1.0,PUNGGOL EAST,18.783
punggol_east,Punggol East,2226.0,37694.722,42452.471,10.122,10.122,10.122,-0.925,1.0,PUNGGOL EAST,18.828
punggol_east,Punggol East,2228.0,37693.579,42450.83,10.112,10.112,10.112,-0.841,1.0,PUNGGOL EAST,18.873
punggol_east,Punggol East,2230.0,37692.436,42449.189,10.082,10.082,10.082,-0.959,1.0,PUNGGOL EAST,18.919
punggol_east,Punggol East,2232.0,37691.292,42447.548,10.08,10.08,10.08,-1.347,1.0,PUNGGOL EAST,18.964
punggol_east,Punggol East,2234.0,37690.149,42445.907,10.046,10.046,10.046,-1.469,1.0,PUNGGOL EAST,19.009
punggol_east,Punggol East,2236.0,37689.005,42444.266,10.004,10.004,10.004,-2.275,1.0,PUNGGOL EAST,19.054
punggol_east,Punggol East,2238.0,37687.862,42442.625,9.965,9.965,9.965,-1.85,1.0,PUNGGOL EAST,19.099
punggol_east,Punggol East,2240.0,37686.718,42440.984,9.898,9.898,9.898,-1.328,1.0,PUNGGOL EAST,19.144
punggol_east,Punggol East,2242.0,37685.575,42439.343,13.609,9.852,9.898,,,PUNGGOL EAST,19.189
punggol_east,Punggol East,2244.0,37684.432,42437.702,9.806,9.806,9.898,,,PUNGGOL EAST,19.234
punggol_east,Punggol East,2246.0,37683.288,42436.062,14.138,9.915,9.915,,,PUNGGOL EAST,19.279
punggol_east,Punggol East,2248.0,37682.143,42434.422,13.673,10.025,10.025,,,PUNGGOL EAST,19.322
punggol_east,Punggol East,2250.0,37680.984,42432.792,9.639,10.134,10.134,,,PUNGGOL EAST,19.348
punggol_east,Punggol East,2252.0,37679.825,42431.162,14.468,10.244,10.244,,,PUNGGOL EAST,19.375
punggol_east,Punggol East,2254.0,37678.667,42429.532,13.154,10.353,10.353,,,PUNGGOL EAST,19.401
punggol_east,Punggol East,2256.0,37677.508,42427.902,9.564,10.463,10.463,,,PUNGGOL EAST,19.427
punggol_east,Punggol East,2258.0,37676.335,42426.282,11.612,10.572,10.463,,,PUNGGOL EAST,19.436
punggol_east,Punggol East,2260.0,37675.133,42424.683,12.066,10.682,10.463,,,PUNGGOL EAST,19.409
punggol_east,Punggol East,2262.0,37673.931,42423.085,9.514,10.446,10.446,,,PUNGGOL EAST,19.382
punggol_east,Punggol East,2264.0,37672.729,42421.486,11.053,10.21,10.21,,,PUNGGOL EAST,19.354
punggol_east,Punggol East,2266.0,37671.527,42419.888,11.01,9.975,9.975,,,PUNGGOL EAST,19.327
punggol_east,Punggol East,2268.0,37670.314,42418.298,11.27,9.739,9.739,,,PUNGGOL EAST,19.286
punggol_east,Punggol East,2270.0,37669.087,42416.718,11.02,9.503,9.503,,,PUNGGOL EAST,19.227
punggol_east,Punggol East,2272.0,37667.86,42415.139,9.268,9.268,9.436,,,PUNGGOL EAST,19.169
punggol_east,Punggol East,2274.0,37666.633,42413.559,9.436,9.436,9.376,,,PUNGGOL EAST,19.11
punggol_east,Punggol East,2276.0,37665.406,42411.98,9.376,9.376,9.268,-3.084,1.0,PUNGGOL EAST,19.052
punggol_east,Punggol East,2278.0,37664.179,42410.401,9.215,9.215,9.215,-2.344,1.0,PUNGGOL EAST,18.993
punggol_east,Punggol East,2280.0,37662.951,42408.822,9.189,9.189,9.189,-1.097,1.0,PUNGGOL EAST,18.933
punggol_east,Punggol East,2282.0,37661.66,42407.294,9.086,9.086,9.189,-0.447,1.0,PUNGGOL EAST,18.792
punggol_east,Punggol East,2284.0,37660.369,42405.767,9.16,9.16,9.18,1.372,1.0,PUNGGOL EAST,18.651
punggol_east,Punggol East,2286.0,37659.078,42404.239,9.394,9.394,9.18,1.481,1.0,PUNGGOL EAST,18.51
punggol_east,Punggol East,2288.0,37657.787,42402.712,9.18,9.18,9.299,1.487,1.0,PUNGGOL EAST,18.37
punggol_east,Punggol East,2290.0,37656.495,42401.185,9.308,9.308,9.308,1.487,1.0,PUNGGOL EAST,18.227
punggol_east,Punggol East,2292.0,37655.199,42399.662,9.299,9.299,9.299,-1.478,1.0,PUNGGOL EAST,18.079
punggol_east,Punggol East,2294.0,37653.902,42398.139,9.32,9.32,9.299,-1.588,1.0,PUNGGOL EAST,17.931
punggol_east,Punggol East,2296.0,37652.606,42396.616,9.17,9.17,9.18,-1.606,1.0,PUNGGOL EAST,17.783
punggol_east,Punggol East,2298.0,37651.335,42395.072,9.18,9.18,9.18,-1.694,1.0,PUNGGOL EAST,17.668
punggol_east,Punggol East,2300.0,37650.07,42393.523,9.137,9.137,9.17,-0.216,1.0,PUNGGOL EAST,17.561
punggol_east,Punggol East,2302.0,37648.805,42391.974,9.353,9.353,9.163,0.037,1.0,PUNGGOL EAST,17.454
punggol_east,Punggol East,2304.0,37647.54,42390.424,9.163,9.163,9.163,0.166,1.0,PUNGGOL EAST,17.347
punggol_east,Punggol East,2306.0,37646.276,42388.875,9.16,9.16,9.183,0.275,1.0,PUNGGOL EAST,17.24
punggol_east,Punggol East,2308.0,37645.073,42387.279,9.183,9.183,9.183,0.831,1.0,PUNGGOL EAST,17.211
punggol_east,Punggol East,2310.0,37643.916,42385.647,9.185,9.185,9.185,1.028,1.0,PUNGGOL EAST,17.24
punggol_east,Punggol East,2312.0,37642.759,42384.016,9.23,9.23,9.23,1.297,1.0,PUNGGOL EAST,17.268
punggol_east,Punggol East,2314.0,37641.603,42382.384,9.266,9.266,9.266,1.325,1.0,PUNGGOL EAST,17.297
punggol_east,Punggol East,2316.0,37640.446,42380.753,9.3,9.3,9.287,0.875,1.0,PUNGGOL EAST,17.326
punggol_east,Punggol East,2318.0,37639.31,42379.107,9.287,9.287,9.291,,,PUNGGOL EAST,17.38
punggol_east,Punggol East,2320.0,37638.212,42377.435,9.291,9.291,9.3,,,PUNGGOL EAST,17.479
punggol_east,Punggol East,2322.0,37637.113,42375.764,9.286,9.475,9.475,,,PUNGGOL EAST,17.579
punggol_east,Punggol East,2324.0,37636.015,42374.092,10.442,9.658,9.658,,,PUNGGOL EAST,17.679
punggol_east,Punggol East,2326.0,37634.917,42372.421,9.473,9.95,9.95,,,PUNGGOL EAST,17.778
punggol_east,Punggol East,2328.0,37633.819,42370.749,9.913,10.242,10.242,,,PUNGGOL EAST,17.878
punggol_east,Punggol East,2330.0,37632.721,42369.078,11.246,10.535,10.535,,,PUNGGOL EAST,17.978
punggol_east,Punggol East,2332.0,37631.622,42367.406,11.146,10.827,10.827,,,PUNGGOL EAST,18.077
punggol_east,Punggol East,2334.0,37630.524,42365.735,11.119,11.119,11.077,,,PUNGGOL EAST,18.177
punggol_east,Punggol East,2336.0,37629.426,42364.063,11.077,11.077,11.077,,,PUNGGOL EAST,18.277
punggol_east,Punggol East,2338.0,37628.328,42362.392,11.106,11.106,11.106,0.369,1.0,PUNGGOL EAST,18.377
punggol_east,Punggol East,2340.0,37627.23,42360.72,11.059,11.059,11.106,1.297,1.0,PUNGGOL EAST,18.476
punggol_east,Punggol East,2342.0,37626.132,42359.049,11.18,11.18,11.106,1.803,1.0,PUNGGOL EAST,18.576
punggol_east,Punggol East,2344.0,37624.971,42357.42,11.284,11.284,11.18,2.536,1.0,PUNGGOL EAST,18.6
punggol_east,Punggol East,2346.0,37623.804,42355.796,11.106,11.106,11.25,3.269,1.0,PUNGGOL EAST,18.615
punggol_east,Punggol East,2348.0,37622.636,42354.172,10.974,11.25,11.284,2.341,1.0,PUNGGOL EAST,18.631
punggol_east,Punggol East,2350.0,37621.469,42352.548,11.394,11.394,11.368,1.469,1.0,PUNGGOL EAST,18.647
punggol_east,Punggol East,2352.0,37620.301,42350.925,11.368,11.368,11.368,0.667,1.0,PUNGGOL EAST,18.662
punggol_east,Punggol East,2354.0,37619.134,42349.301,11.389,11.389,11.368,-0.134,1.0,PUNGGOL EAST,18.678
punggol_east,Punggol East,2356.0,37617.966,42347.677,11.357,11.357,11.368,-0.134,1.0,PUNGGOL EAST,18.693
punggol_east,Punggol East,2358.0,37616.799,42346.053,11.319,11.319,11.357,-0.141,1.0,PUNGGOL EAST,18.709
punggol_east,Punggol East,2360.0,37615.631,42344.429,11.368,11.368,11.357,-0.141,1.0,PUNGGOL EAST,18.725
punggol_east,Punggol East,2362.0,37614.464,42342.805,11.356,11.356,11.356,-0.659,1.0,PUNGGOL EAST,18.74
punggol_east,Punggol East,2364.0,37613.296,42341.181,11.416,11.416,11.356,-0.978,1.0,PUNGGOL EAST,18.756
punggol_east,Punggol East,2366.0,37612.129,42339.557,11.279,11.279,11.304,-1.1,1.0,PUNGGOL EAST,18.771
punggol_east,Punggol East,2368.0,37610.961,42337.934,11.304,11.304,11.279,,,PUNGGOL EAST,18.787
punggol_east,Punggol East,2370.0,37609.794,42336.31,11.233,11.233,11.268,,,PUNGGOL EAST,18.803
punggol_east,Punggol East,2372.0,37608.581,42334.719,10.422,11.251,11.268,-0.128,1.0,PUNGGOL EAST,18.762
punggol_east,Punggol East,2374.0,37607.356,42333.138,11.06,11.268,11.268,0.0,1.0,PUNGGOL EAST,18.706
punggol_east,Punggol East,2376.0,37606.132,42331.557,11.286,11.286,11.268,,,PUNGGOL EAST,18.65
punggol_east,Punggol East,2378.0,37604.886,42329.992,11.296,11.296,11.268,,,PUNGGOL EAST,18.569
punggol_east,Punggol East,2380.0,37603.612,42328.451,11.639,11.197,11.197,-2.659,1.0,PUNGGOL EAST,18.449
punggol_east,Punggol East,2382.0,37602.338,42326.909,11.002,11.099,11.099,-3.347,1.0,PUNGGOL EAST,18.33
punggol_east,Punggol East,2384.0,37601.064,42325.368,11.001,11.001,11.056,,,PUNGGOL EAST,18.211
punggol_east,Punggol East,2386.0,37599.79,42323.826,11.056,11.056,11.001,,,PUNGGOL EAST,18.092
punggol_east,Punggol East,2388.0,37598.516,42322.284,10.761,10.761,10.815,-3.684,1.0,PUNGGOL EAST,17.973
punggol_east,Punggol East,2390.0,37597.242,42320.743,10.815,10.815,10.761,-3.112,1.0,PUNGGOL EAST,17.854
punggol_east,Punggol East,2392.0,37595.968,42319.201,10.761,10.761,10.761,,,PUNGGOL EAST,17.735
punggol_east,Punggol East,2394.0,37594.694,42317.659,10.752,10.752,10.752,,,PUNGGOL EAST,17.617
punggol_east,Punggol East,2396.0,37593.42,42316.117,10.652,10.505,10.505,,,PUNGGOL EAST,17.498
punggol_east,Punggol East,2398.0,37592.167,42314.559,10.824,10.226,10.226,,,PUNGGOL EAST,17.406
punggol_east,Punggol East,2400.0,37590.944,42312.976,9.636,9.947,9.947,,,PUNGGOL EAST,17.352
punggol_east,Punggol East,2402.0,37589.72,42311.394,9.469,9.724,9.724,,,PUNGGOL EAST,17.298
punggol_east,Punggol East,2404.0,37588.497,42309.812,9.327,9.501,9.501,,,PUNGGOL EAST,17.244
punggol_east,Punggol East,2406.0,37587.274,42308.229,10.592,9.277,9.277,,,PUNGGOL EAST,17.19
punggol_east,Punggol East,2408.0,37586.087,42306.621,9.323,9.227,9.227,,,PUNGGOL EAST,17.181
punggol_east,Punggol East,2410.0,37584.957,42304.971,9.177,9.177,9.177,,,PUNGGOL EAST,17.242
punggol_east,Punggol East,2412.0,37583.826,42303.321,10.386,9.01,9.01,,,PUNGGOL EAST,17.303
punggol_east,Punggol East,2414.0,37582.696,42301.671,10.18,8.843,8.843,,,PUNGGOL EAST,17.364
punggol_east,Punggol East,2416.0,37581.566,42300.021,8.676,8.676,8.676,,,PUNGGOL EAST,17.425
punggol_east,Punggol East,2418.0,37580.436,42298.371,8.303,8.635,8.635,,,PUNGGOL EAST,17.487
punggol_east,Punggol East,2420.0,37579.328,42296.705,8.626,8.594,8.594,,,PUNGGOL EAST,17.575
punggol_east,Punggol East,2422.0,37578.221,42295.04,8.554,8.324,8.324,,,PUNGGOL EAST,17.664
punggol_east,Punggol East,2424.0,37577.113,42293.374,8.538,8.054,8.054,,,PUNGGOL EAST,17.753
punggol_east,Punggol East,2426.0,37576.006,42291.709,7.784,7.784,7.784,,,PUNGGOL EAST,17.841
punggol_east,Punggol East,2428.0,37574.899,42290.044,7.519,7.519,7.519,,,PUNGGOL EAST,17.93
punggol_east,Punggol East,2430.0,37573.791,42288.378,7.871,7.467,7.467,-5.267,1.0,PUNGGOL EAST,18.018
punggol_east,Punggol East,2432.0,37572.684,42286.713,7.335,7.415,7.415,-2.791,1.0,PUNGGOL EAST,18.107
punggol_east,Punggol East,2434.0,37571.576,42285.047,7.363,7.363,7.363,,,PUNGGOL EAST,18.196
punggol_east,Punggol East,2436.0,37570.469,42283.382,7.192,7.192,7.296,,,PUNGGOL EAST,18.284
punggol_east,Punggol East,2438.0,37569.362,42281.717,7.198,7.198,7.228,-1.69,1.0,PUNGGOL EAST,18.373
punggol_east,Punggol East,2440.0,37568.254,42280.051,7.296,7.296,7.228,-0.847,1.0,PUNGGOL EAST,18.461
punggol_east,Punggol East,2442.0,37567.147,42278.386,7.228,7.228,7.228,-0.319,1.0,PUNGGOL EAST,18.55
punggol_east,Punggol East,2444.0,37566.039,42276.72,7.397,7.397,7.228,-1.005,1.0,PUNGGOL EAST,18.639
punggol_east,Punggol East,2446.0,37564.932,42275.055,7.148,7.148,7.203,-2.706,1.0,PUNGGOL EAST,18.727
punggol_east,Punggol East,2448.0,37563.824,42273.389,7.012,7.012,7.148,-3.636,1.0,PUNGGOL EAST,18.816
punggol_east,Punggol East,2450.0,37562.717,42271.724,7.203,7.203,7.012,-4.566,1.0,PUNGGOL EAST,18.904
punggol_east,Punggol East,2452.0,37561.61,42270.059,7.328,6.938,6.938,-3.88,1.0,PUNGGOL EAST,18.993
punggol_east,Punggol East,2454.0,37561.244,42268.285,6.674,6.674,6.837,-2.178,1.0,PUNGGOL EAST,19.745
punggol_east,Punggol East,2456.0,37561.831,42266.373,6.804,6.804,6.837,,,PUNGGOL EAST,21.347
punggol_east,Punggol East,2458.0,37562.418,42264.461,6.837,6.837,6.837,,,PUNGGOL EAST,22.949
punggol_east,Punggol East,2460.0,37563.005,42262.549,6.859,6.859,6.859,,,PUNGGOL EAST,24.551
punggol_east,Punggol East,2462.0,37563.592,42260.637,8.264,7.121,7.121,,,PUNGGOL EAST,26.153
punggol_east,Punggol East,2464.0,37564.179,42258.726,7.445,7.384,7.384,,,PUNGGOL EAST,27.755
punggol_east,Punggol East,2466.0,37564.766,42256.814,7.768,7.647,7.647,,,PUNGGOL EAST,29.357
punggol_east,Punggol East,2468.0,37565.353,42254.902,8.992,7.909,7.909,,,PUNGGOL EAST,30.959
punggol_east,Punggol East,2470.0,37565.94,42252.99,9.049,8.441,8.441,,,PUNGGOL EAST,32.561
punggol_east,Punggol East,2472.0,37566.527,42251.078,8.435,8.972,8.972,,,PUNGGOL EAST,34.163
punggol_east,Punggol East,2474.0,37567.114,42249.166,7.47,9.503,9.503,,,PUNGGOL EAST,35.765
punggol_east,Punggol East,2476.0,37567.701,42247.254,7.224,10.035,10.035,,,PUNGGOL EAST,37.367
punggol_east,Punggol East,2478.0,37568.288,42245.342,6.828,10.566,10.354,,,PUNGGOL EAST,38.969
punggol_east,Punggol East,2480.0,37568.875,42243.43,10.89,10.46,10.354,,,PUNGGOL EAST,40.571
punggol_east,Punggol East,2482.0,37569.462,42241.518,17.258,10.354,10.354,,,PUNGGOL EAST,42.173
punggol_east,Punggol East,2484.0,37570.048,42239.606,17.309,10.248,10.248,,,PUNGGOL EAST,43.775
punggol_east,Punggol East,2486.0,37570.635,42237.694,21.919,9.905,9.905,,,PUNGGOL EAST,45.377
punggol_east,Punggol East,2488.0,37571.222,42235.782,20.573,9.562,9.562,,,PUNGGOL EAST,46.979
punggol_east,Punggol East,2490.0,37571.809,42233.87,15.908,9.218,9.218,,,PUNGGOL EAST,48.581
punggol_east,Punggol East,2492.0,37572.396,42231.958,19.257,8.756,8.756,,,PUNGGOL EAST,50.183
punggol_east,Punggol East,2494.0,37572.983,42230.046,20.152,8.295,8.295,,,PUNGGOL EAST,51.785
punggol_east,Punggol East,2496.0,37573.57,42228.134,19.052,7.833,7.833,,,PUNGGOL EAST,53.387
punggol_east,Punggol East,2498.0,37574.157,42226.223,17.075,,7.371,,,PUNGGOL EAST,54.989
punggol_east,Punggol East,2730.0,37501.739,42164.804,5.897,,6.909,,,PUNGGOL EAST,32.628
punggol_east,Punggol East,2732.0,37499.801,42165.296,5.521,6.447,6.447,,,PUNGGOL EAST,30.77
punggol_east,Punggol East,2734.0,37497.862,42165.788,5.183,5.985,5.985,,,PUNGGOL EAST,28.911
punggol_east,Punggol East,2736.0,37495.924,42166.28,5.039,5.523,5.523,,,PUNGGOL EAST,27.053
punggol_east,Punggol East,2738.0,37493.985,42166.772,5.061,5.061,5.361,,,PUNGGOL EAST,25.194
punggol_east,Punggol East,2740.0,37492.567,42165.403,5.087,5.087,5.361,,,PUNGGOL EAST,24.849
punggol_east,Punggol East,2742.0,37491.164,42163.977,5.098,5.361,5.361,,,PUNGGOL EAST,24.549
punggol_east,Punggol East,2744.0,37489.761,42162.552,5.073,5.635,5.635,,,PUNGGOL EAST,24.249
punggol_east,Punggol East,2746.0,37488.358,42161.126,6.494,5.992,5.992,,,PUNGGOL EAST,23.949
punggol_east,Punggol East,2748.0,37486.955,42159.701,5.988,6.349,6.349,,,PUNGGOL EAST,23.65
punggol_east,Punggol East,2750.0,37485.592,42158.239,8.19,6.706,6.706,,,PUNGGOL EAST,23.404
punggol_east,Punggol East,2752.0,37484.321,42156.695,8.78,,7.063,,,PUNGGOL EAST,23.28
punggol_east,Punggol East,2754.0,37483.05,42155.151,9.708,,7.42,,,PUNGGOL EAST,23.156
punggol_east,Punggol East,2756.0,37481.779,42153.607,9.178,7.778,7.778,,,PUNGGOL EAST,23.033
punggol_east,Punggol East,2758.0,37480.508,42152.063,7.687,8.135,8.135,,,PUNGGOL EAST,22.909
punggol_east,Punggol East,2760.0,37479.236,42150.519,7.663,8.492,8.492,,,PUNGGOL EAST,22.786
punggol_east,Punggol East,2762.0,37477.965,42148.975,8.849,8.849,8.849,,,PUNGGOL EAST,22.662
punggol_east,Punggol East,2764.0,37476.694,42147.431,8.926,8.926,8.849,,,PUNGGOL EAST,22.538
punggol_east,Punggol East,2766.0,37475.423,42145.887,5.966,8.863,8.849,,,PUNGGOL EAST,22.415
punggol_east,Punggol East,2768.0,37474.152,42144.343,6.914,8.799,8.799,-6.455,1.0,PUNGGOL EAST,22.291
punggol_east,Punggol East,2770.0,37472.88,42142.799,8.735,8.566,8.566,,,PUNGGOL EAST,22.167
punggol_east,Punggol East,2772.0,37471.609,42141.255,8.332,8.332,8.332,,,PUNGGOL EAST,22.044
punggol_east,Punggol East,2774.0,37470.338,42139.711,9.262,8.11,8.11,,,PUNGGOL EAST,21.92
punggol_east,Punggol East,2776.0,37469.067,42138.167,7.701,7.888,7.888,-12.045,2.0,PUNGGOL EAST,21.796
punggol_east,Punggol East,2778.0,37467.835,42136.592,7.666,7.666,7.666,,,PUNGGOL EAST,21.723
punggol_east,Punggol East,2780.0,37466.646,42134.984,7.369,7.369,7.369,,,PUNGGOL EAST,21.704
punggol_east,Punggol East,2782.0,37465.457,42133.375,7.328,7.328,7.328,,,PUNGGOL EAST,21.684
punggol_east,Punggol East,2784.0,37464.268,42131.767,7.16,7.039,7.039,,,PUNGGOL EAST,21.665
punggol_east,Punggol East,2786.0,37463.079,42130.159,6.992,6.75,6.75,-14.455,2.0,PUNGGOL EAST,21.645
punggol_east,Punggol East,2788.0,37461.953,42128.507,6.122,6.461,6.461,,,PUNGGOL EAST,21.703
punggol_east,Punggol East,2790.0,37460.867,42126.828,6.172,6.172,6.172,,,PUNGGOL EAST,21.808
punggol_east,Punggol East,2792.0,37459.781,42125.149,6.063,6.063,6.063,,,PUNGGOL EAST,21.914
punggol_east,Punggol East,2794.0,37458.695,42123.469,5.206,5.899,6.011,,,PUNGGOL EAST,22.019
punggol_east,Punggol East,2796.0,37457.608,42121.79,5.647,5.734,6.011,,,PUNGGOL EAST,22.125
punggol_east,Punggol East,2798.0,37456.584,42120.073,5.57,6.011,6.011,,,PUNGGOL EAST,22.302
punggol_east,Punggol East,2800.0,37455.585,42118.34,5.544,6.288,6.288,,,PUNGGOL EAST,22.51
punggol_east,Punggol East,2802.0,37454.587,42116.607,7.299,6.565,6.565,,,PUNGGOL EAST,22.719
punggol_east,Punggol East,2804.0,37453.588,42114.874,8.385,6.615,6.615,,,PUNGGOL EAST,22.927
punggol_east,Punggol East,2806.0,37452.59,42113.141,8.606,6.665,6.665,,,PUNGGOL EAST,23.135
punggol_east,Punggol East,2808.0,37451.561,42111.426,5.119,6.715,6.715,,,PUNGGOL EAST,23.308
punggol_east,Punggol East,2810.0,37450.525,42109.715,6.344,6.765,6.765,,,PUNGGOL EAST,23.473
punggol_east,Punggol East,2812.0,37449.489,42108.005,7.243,6.815,6.815,,,PUNGGOL EAST,23.637
punggol_east,Punggol East,2814.0,37448.453,42106.294,7.592,6.865,6.865,,,PUNGGOL EAST,23.802
punggol_east,Punggol East,2816.0,37447.417,42104.583,7.07,6.916,6.865,,,PUNGGOL EAST,23.967
punggol_east,Punggol East,2818.0,37446.287,42102.933,4.842,6.966,6.865,,,PUNGGOL EAST,24.019
punggol_east,Punggol East,2820.0,37445.155,42101.284,5.026,6.861,6.916,,,PUNGGOL EAST,24.07
punggol_east,Punggol East,2822.0,37444.023,42099.636,6.756,6.756,6.958,,,PUNGGOL EAST,24.12
punggol_east,Punggol East,2824.0,37442.891,42097.987,6.958,6.958,6.958,,,PUNGGOL EAST,24.171
punggol_east,Punggol East,2826.0,37441.727,42096.361,5.622,6.997,6.997,,,PUNGGOL EAST,24.183
punggol_east,Punggol East,2828.0,37440.517,42094.769,6.053,7.036,7.036,1.947,1.0,PUNGGOL EAST,24.136
punggol_east,Punggol East,2830.0,37439.306,42093.177,6.131,7.075,7.075,,,PUNGGOL EAST,24.09
punggol_east,Punggol East,2832.0,37438.095,42091.585,7.114,7.114,7.114,,,PUNGGOL EAST,24.041
punggol_east,Punggol East,2834.0,37436.885,42089.993,6.132,7.165,7.165,,,PUNGGOL EAST,23.989
punggol_east,Punggol East,2836.0,37435.674,42088.401,9.057,7.217,7.217,2.597,1.0,PUNGGOL EAST,23.937
punggol_east,Punggol East,2838.0,37434.463,42086.809,7.296,7.269,7.269,,,PUNGGOL EAST,23.885
punggol_east,Punggol East,2840.0,37433.253,42085.217,7.321,7.321,7.321,,,PUNGGOL EAST,23.833
punggol_east,Punggol East,2842.0,37432.042,42083.625,5.206,7.338,7.321,,,PUNGGOL EAST,23.781
punggol_east,Punggol East,2844.0,37430.831,42082.033,7.355,7.355,7.321,,,PUNGGOL EAST,23.729
punggol_east,Punggol East,2846.0,37429.621,42080.441,8.311,7.244,7.244,,,PUNGGOL EAST,23.677
punggol_east,Punggol East,2848.0,37428.41,42078.849,5.478,7.133,7.133,-2.688,1.0,PUNGGOL EAST,23.625
punggol_east,Punggol East,2850.0,37427.199,42077.257,6.721,7.022,7.106,,,PUNGGOL EAST,23.573
punggol_east,Punggol East,2852.0,37425.989,42075.665,6.911,6.911,7.106,,,PUNGGOL EAST,23.521
punggol_east,Punggol East,2854.0,37424.778,42074.073,7.106,7.106,7.106,,,PUNGGOL EAST,23.469
punggol_east,Punggol East,2856.0,37423.567,42072.482,5.526,7.234,7.234,,,PUNGGOL EAST,23.417
punggol_east,Punggol East,2858.0,37422.349,42070.895,5.472,7.362,7.362,,,PUNGGOL EAST,23.355
punggol_east,Punggol East,2860.0,37421.096,42069.336,9.15,7.491,7.491,,,PUNGGOL EAST,23.25
punggol_east,Punggol East,2862.0,37419.844,42067.777,7.009,7.619,7.619,,,PUNGGOL EAST,23.144
punggol_east,Punggol East,2864.0,37418.591,42066.218,5.552,7.747,7.619,,,PUNGGOL EAST,23.039
punggol_east,Punggol East,2866.0,37417.315,42064.678,8.484,7.642,7.619,,,PUNGGOL EAST,22.903
punggol_east,Punggol East,2868.0,37416.019,42063.155,11.407,7.538,7.538,-2.322,1.0,PUNGGOL EAST,22.742
punggol_east,Punggol East,2870.0,37414.723,42061.632,7.315,7.433,7.533,,,PUNGGOL EAST,22.58
punggol_east,Punggol East,2872.0,37413.426,42060.109,7.328,7.328,7.433,,,PUNGGOL EAST,22.418
punggol_east,Punggol East,2874.0,37412.13,42058.586,7.533,7.533,7.328,,,PUNGGOL EAST,22.256
punggol_east,Punggol East,2876.0,37410.917,42057.0,7.532,7.296,7.296,-4.741,1.0,PUNGGOL EAST,22.199
punggol_east,Punggol East,2878.0,37409.785,42055.351,7.058,7.058,7.058,-3.433,1.0,PUNGGOL EAST,22.244
punggol_east,Punggol East,2880.0,37408.653,42053.702,7.038,7.038,7.054,,,PUNGGOL EAST,22.289
punggol_east,Punggol East,2882.0,37407.521,42052.053,7.014,7.014,7.054,,,PUNGGOL EAST,22.335
punggol_east,Punggol East,2884.0,37406.39,42050.404,6.478,7.054,7.054,,,PUNGGOL EAST,22.38
punggol_east,Punggol East,2886.0,37405.261,42048.752,12.294,7.093,7.093,,,PUNGGOL EAST,22.429
punggol_east,Punggol East,2888.0,37404.152,42047.088,10.444,7.133,7.133,,,PUNGGOL EAST,22.502
punggol_east,Punggol East,2890.0,37403.043,42045.424,10.892,7.172,7.172,,,PUNGGOL EAST,22.575
punggol_east,Punggol East,2892.0,37401.935,42043.759,11.802,7.212,7.212,,,PUNGGOL EAST,22.648
punggol_east,Punggol East,2894.0,37400.826,42042.095,12.025,7.252,7.252,,,PUNGGOL EAST,22.721
punggol_east,Punggol East,2896.0,37399.717,42040.43,8.59,7.291,7.252,,,PUNGGOL EAST,22.793
punggol_east,Punggol East,2898.0,37398.608,42038.766,7.214,7.331,7.252,,,PUNGGOL EAST,22.866
punggol_east,Punggol East,2900.0,37397.501,42037.1,7.37,7.197,7.197,,,PUNGGOL EAST,22.942
punggol_east,Punggol East,2902.0,37396.404,42035.428,7.081,7.064,7.064,,,PUNGGOL EAST,23.028
punggol_east,Punggol East,2904.0,37395.306,42033.756,8.221,6.79,6.79,,,PUNGGOL EAST,23.114
punggol_east,Punggol East,2906.0,37394.199,42032.09,8.156,6.516,6.516,,,PUNGGOL EAST,23.19
punggol_east,Punggol East,2908.0,37393.08,42030.433,7.752,6.243,6.243,,,PUNGGOL EAST,23.25
punggol_east,Punggol East,2910.0,37391.96,42028.776,8.428,5.969,5.969,,,PUNGGOL EAST,23.31
punggol_east,Punggol East,2912.0,37390.841,42027.118,8.634,5.696,5.696,,,PUNGGOL EAST,23.371
punggol_east,Punggol East,2914.0,37389.721,42025.461,5.225,5.422,5.422,,,PUNGGOL EAST,23.431
punggol_east,Punggol East,2916.0,37388.602,42023.803,5.148,5.148,5.327,,,PUNGGOL EAST,23.491
punggol_east,Punggol East,2918.0,37387.54,42022.109,5.327,5.327,5.226,,,PUNGGOL EAST,23.619
punggol_east,Punggol East,2920.0,37386.497,42020.403,5.11,5.11,5.226,0.182,1.0,PUNGGOL EAST,23.77
punggol_east,Punggol East,2922.0,37385.454,42018.696,8.676,5.226,5.327,2.169,1.0,PUNGGOL EAST,23.922
punggol_east,Punggol East,2924.0,37384.412,42016.989,9.03,5.342,5.342,,,PUNGGOL EAST,24.073
punggol_east,Punggol East,2926.0,37383.45,42015.239,5.458,5.458,5.399,,,PUNGGOL EAST,24.316
punggol_east,Punggol East,2928.0,37382.593,42013.432,4.982,5.429,5.399,0.401,1.0,PUNGGOL EAST,24.676
punggol_east,Punggol East,2930.0,37381.736,42011.625,4.972,5.399,5.399,-0.319,1.0,PUNGGOL EAST,25.037
punggol_east,Punggol East,2932.0,37380.879,42009.817,5.37,5.37,5.374,,,PUNGGOL EAST,25.398
punggol_east,Punggol East,2934.0,37380.022,42008.01,5.37,5.37,5.374,,,PUNGGOL EAST,25.758
punggol_east,Punggol East,2936.0,37379.165,42006.203,5.818,5.374,5.374,,,PUNGGOL EAST,26.119
punggol_east,Punggol East,2938.0,37378.308,42004.396,7.03,5.378,5.378,,,PUNGGOL EAST,26.479
punggol_east,Punggol East,2940.0,37377.39,42002.62,5.143,5.589,5.589,,,PUNGGOL EAST,26.772
punggol_east,Punggol East,2942.0,37376.436,42000.862,6.576,5.889,5.889,,,PUNGGOL EAST,27.026
punggol_east,Punggol East,2944.0,37375.483,41999.104,5.544,6.19,6.19,,,PUNGGOL EAST,27.279
punggol_east,Punggol East,2946.0,37374.529,41997.346,5.392,6.557,6.557,,,PUNGGOL EAST,27.533
punggol_east,Punggol East,2948.0,37373.54,41995.608,5.558,6.924,6.924,,,PUNGGOL EAST,27.747
punggol_east,Punggol East,2950.0,37372.548,41993.871,7.474,7.292,7.292,,,PUNGGOL EAST,27.956
punggol_east,Punggol East,2952.0,37371.555,41992.135,9.282,7.659,7.659,,,PUNGGOL EAST,28.165
punggol_east,Punggol East,2954.0,37370.562,41990.399,8.026,8.026,7.954,,,PUNGGOL EAST,28.374
punggol_east,Punggol East,2956.0,37369.57,41988.663,7.97,7.97,7.954,,,PUNGGOL EAST,28.583
punggol_east,Punggol East,2958.0,37368.577,41986.926,5.787,7.954,7.954,-0.412,1.0,PUNGGOL EAST,28.793
punggol_east,Punggol East,2960.0,37367.585,41985.19,14.886,7.937,7.937,-0.619,1.0,PUNGGOL EAST,29.002
punggol_east,Punggol East,2962.0,37366.592,41983.454,14.658,7.921,7.921,-0.825,1.0,PUNGGOL EAST,29.211
punggol_east,Punggol East,2964.0,37365.599,41981.717,9.768,7.904,7.904,-0.825,1.0,PUNGGOL EAST,29.42
punggol_east,Punggol East,2966.0,37364.607,41979.981,5.715,7.887,7.887,,,PUNGGOL EAST,29.63
punggol_east,Punggol East,2968.0,37363.614,41978.245,7.871,7.871,7.871,,,PUNGGOL EAST,29.839
punggol_east,Punggol East,2970.0,37362.622,41976.509,7.84,7.634,7.634,,,PUNGGOL EAST,30.048
punggol_east,Punggol East,2972.0,37361.629,41974.772,6.691,7.397,7.397,,,PUNGGOL EAST,30.257
punggol_east,Punggol East,2974.0,37360.636,41973.036,7.838,7.16,7.16,,,PUNGGOL EAST,30.466
punggol_east,Punggol East,2976.0,37359.721,41971.258,6.472,6.873,6.873,,,PUNGGOL EAST,30.763
punggol_east,Punggol East,2978.0,37358.809,41969.478,6.158,6.587,6.587,,,PUNGGOL EAST,31.063
punggol_east,Punggol East,2980.0,37357.898,41967.697,6.142,6.3,6.3,,,PUNGGOL EAST,31.364
punggol_east,Punggol East,2982.0,37356.986,41965.917,6.013,6.013,6.181,,,PUNGGOL EAST,31.664
punggol_east,Punggol East,2984.0,37356.074,41964.137,6.024,6.024,6.181,,,PUNGGOL EAST,31.965
punggol_east,Punggol East,2986.0,37354.992,41962.46,5.99,6.181,6.181,,,PUNGGOL EAST,32.067
punggol_east,Punggol East,2988.0,37353.845,41960.821,6.624,6.337,6.337,,,PUNGGOL EAST,32.094
punggol_east,Punggol East,2990.0,37352.698,41959.183,6.684,6.433,6.374,,,PUNGGOL EAST,32.121
punggol_east,Punggol East,2992.0,37351.552,41957.544,6.798,6.529,6.433,,,PUNGGOL EAST,32.148
punggol_east,Punggol East,2994.0,37350.405,41955.905,6.374,6.374,6.433,,,PUNGGOL EAST,32.175
punggol_east,Punggol East,2996.0,37349.24,41954.28,6.452,6.452,6.421,,,PUNGGOL EAST,32.18
punggol_east,Punggol East,2998.0,37348.069,41952.658,6.998,6.421,6.389,,,PUNGGOL EAST,32.178
punggol_east,Punggol East,3000.0,37346.898,41951.037,6.262,6.389,6.389,,,PUNGGOL EAST,32.175
punggol_east,Punggol East,3002.0,37345.727,41949.416,5.941,6.357,6.357,,,PUNGGOL EAST,32.172
punggol_east,Punggol East,3004.0,37344.556,41947.794,6.816,6.326,6.326,,,PUNGGOL EAST,32.169
punggol_east,Punggol East,3006.0,37342.966,41946.584,5.994,6.294,6.326,,,PUNGGOL EAST,31.586
punggol_east,Punggol East,3008.0,37341.369,41945.379,6.262,6.262,6.294,,,PUNGGOL EAST,30.995
punggol_east,Punggol East,3010.0,37339.773,41944.174,6.619,6.353,6.262,,,PUNGGOL EAST,30.403
punggol_east,Punggol East,3012.0,37338.176,41942.97,6.444,6.132,6.132,-7.575,1.0,PUNGGOL EAST,29.812
punggol_east,Punggol East,3014.0,37337.377,41944.124,6.174,5.91,5.91,,,PUNGGOL EAST,28.489
punggol_east,Punggol East,3016.0,37336.839,41946.05,5.688,5.688,5.688,,,PUNGGOL EAST,26.926
punggol_east,Punggol East,3018.0,37336.3,41947.976,5.633,5.633,5.633,,,PUNGGOL EAST,25.364
punggol_east,Punggol East,3020.0,37335.762,41949.902,5.461,5.461,5.495,-5.5,1.0,PUNGGOL EAST,23.801
punggol_east,Punggol East,3022.0,37335.224,41951.829,5.495,5.495,5.461,-4.808,1.0,PUNGGOL EAST,22.239
punggol_east,Punggol East,3024.0,37334.108,41953.449,8.28,5.237,5.248,,,PUNGGOL EAST,20.386
punggol_east,Punggol East,3026.0,37332.819,41954.978,4.98,4.98,5.248,,,PUNGGOL EAST,18.446
punggol_east,Punggol East,3028.0,37331.529,41956.507,4.922,5.248,5.248,,,PUNGGOL EAST,16.506
punggol_east,Punggol East,3030.0,37330.24,41958.036,4.672,5.516,5.516,,,PUNGGOL EAST,14.567
punggol_east,Punggol East,3032.0,37328.95,41959.565,5.062,5.785,5.721,,,PUNGGOL EAST,12.627
punggol_east,Punggol East,3034.0,37327.661,41961.094,5.139,5.753,5.721,,,PUNGGOL EAST,10.687
punggol_east,Punggol East,3036.0,37326.372,41962.623,7.166,5.721,5.721,,,PUNGGOL EAST,8.747
punggol_east,Punggol East,3038.0,37325.082,41964.151,7.271,5.689,5.689,,,PUNGGOL EAST,6.808
punggol_east,Punggol East,3040.0,37323.793,41965.68,9.084,5.658,5.658,,,PUNGGOL EAST,4.868
punggol_east,Punggol East,3042.0,37322.503,41967.209,10.661,5.626,5.626,,,PUNGGOL EAST,2.928
punggol_east,Punggol East,3044.0,37321.214,41968.738,9.074,5.594,5.594,,,PUNGGOL EAST,0.988
punggol_east,Punggol East,3046.0,37319.924,41970.267,11.383,5.562,5.562,,,PUNGGOL EAST,0.952
punggol_east,Punggol East,3048.0,37318.635,41971.796,12.336,5.531,5.531,,,PUNGGOL EAST,2.891
punggol_east,Punggol East,3050.0,37317.346,41973.325,12.469,5.499,5.499,,,PUNGGOL EAST,4.831
punggol_east,Punggol East,3052.0,37316.056,41974.854,5.392,5.467,5.467,,,PUNGGOL EAST,6.771
punggol_east,Punggol East,3054.0,37314.767,41976.382,5.321,5.435,5.454,,,PUNGGOL EAST,8.711
punggol_east,Punggol East,3056.0,37313.477,41977.911,5.404,5.404,5.454,,,PUNGGOL EAST,10.65
punggol_east,Punggol East,3058.0,37312.188,41979.44,5.454,5.454,5.454,,,PUNGGOL EAST,12.59
punggol_east,Punggol East,3060.0,37310.899,41980.969,5.474,5.474,5.474,0.869,1.0,PUNGGOL EAST,14.53
punggol_east,Punggol East,3062.0,37309.609,41982.498,5.481,5.481,5.481,3.181,1.0,PUNGGOL EAST,16.47
punggol_east,Punggol East,3064.0,37308.32,41984.027,5.708,5.708,5.523,3.261,1.0,PUNGGOL EAST,18.41
punggol_east,Punggol East,3066.0,37307.03,41985.556,5.735,5.735,5.708,4.03,1.0,PUNGGOL EAST,20.349
punggol_east,Punggol East,3068.0,37305.741,41987.084,5.523,5.523,5.735,6.337,1.0,PUNGGOL EAST,22.289
punggol_east,Punggol East,3070.0,37304.452,41988.613,5.804,5.804,5.804,8.644,1.0,PUNGGOL EAST,24.229
punggol_east,Punggol East,3072.0,37303.162,41990.142,5.563,6.102,6.102,10.858,2.0,PUNGGOL EAST,26.169
punggol_east,Punggol East,3074.0,37301.873,41991.671,6.4,6.4,6.4,13.073,2.0,PUNGGOL EAST,28.108
punggol_east,Punggol East,3076.0,37300.583,41993.2,6.428,6.625,6.625,,,PUNGGOL EAST,30.048
punggol_east,Punggol East,3078.0,37299.294,41994.729,6.85,6.85,6.85,,,PUNGGOL EAST,31.988
punggol_east,Punggol East,3080.0,37299.414,41996.127,7.012,7.012,7.012,,,PUNGGOL EAST,32.708
punggol_east,Punggol East,3082.0,37300.962,41997.393,7.35,7.016,7.016,2.079,1.0,PUNGGOL EAST,32.192
punggol_east,Punggol East,3084.0,37302.51,41998.66,6.971,7.02,7.016,,,PUNGGOL EAST,31.676
punggol_east,Punggol East,3086.0,37304.058,41999.926,7.024,7.024,7.016,,,PUNGGOL EAST,31.159
punggol_east,Punggol East,3088.0,37305.606,42001.192,7.968,6.792,6.792,,,PUNGGOL EAST,30.643
punggol_east,Punggol East,3090.0,37307.154,42002.458,7.148,6.56,6.56,,,PUNGGOL EAST,30.127
punggol_east,Punggol East,3092.0,37308.703,42003.724,7.583,6.328,6.328,,,PUNGGOL EAST,29.61
punggol_east,Punggol East,3094.0,37310.251,42004.991,7.421,6.096,6.096,,,PUNGGOL EAST,29.094
punggol_east,Punggol East,3096.0,37311.799,42006.257,5.864,5.864,5.908,,,PUNGGOL EAST,28.578
punggol_east,Punggol East,3098.0,37313.347,42007.523,5.828,5.828,5.908,,,PUNGGOL EAST,28.061
punggol_east,Punggol East,3100.0,37314.895,42008.789,5.658,5.908,5.864,0.0,1.0,PUNGGOL EAST,27.545
punggol_east,Punggol East,3102.0,37316.443,42010.055,5.988,5.988,5.868,0.995,1.0,PUNGGOL EAST,27.029
punggol_east,Punggol East,3104.0,37317.991,42011.321,5.818,5.818,5.908,2.303,1.0,PUNGGOL EAST,26.512
punggol_east,Punggol East,3106.0,37319.433,42012.698,5.868,5.868,5.988,3.611,1.0,PUNGGOL EAST,26.147
punggol_east,Punggol East,3108.0,37320.75,42014.203,6.157,6.157,6.157,,,PUNGGOL EAST,25.958
punggol_east,Punggol East,3110.0,37322.067,42015.708,6.367,6.367,6.157,,,PUNGGOL EAST,25.769
punggol_east,Punggol East,3112.0,37323.384,42017.213,6.975,6.245,6.157,-1.968,1.0,PUNGGOL EAST,25.58
punggol_east,Punggol East,3114.0,37324.701,42018.719,5.701,6.122,6.122,-2.255,1.0,PUNGGOL EAST,25.391
punggol_east,Punggol East,3116.0,37326.018,42020.224,5.999,5.999,5.999,,,PUNGGOL EAST,25.202
punggol_east,Punggol East,3118.0,37327.335,42021.729,5.976,5.976,5.976,,,PUNGGOL EAST,25.013
punggol_east,Punggol East,3120.0,37328.652,42023.234,5.728,5.728,5.838,-2.643,1.0,PUNGGOL EAST,24.823
punggol_east,Punggol East,3122.0,37329.969,42024.739,5.838,5.838,5.788,-1.726,1.0,PUNGGOL EAST,24.634
punggol_east,Punggol East,3124.0,37331.286,42026.244,5.788,5.788,5.788,-0.348,1.0,PUNGGOL EAST,24.445
punggol_east,Punggol East,3126.0,37332.603,42027.749,5.755,5.755,5.838,1.03,1.0,PUNGGOL EAST,24.256
punggol_east,Punggol East,3128.0,37333.92,42029.254,6.064,5.908,5.87,1.03,1.0,PUNGGOL EAST,24.067
punggol_east,Punggol East,3130.0,37335.237,42030.76,6.061,6.061,5.87,,,PUNGGOL EAST,23.878
punggol_east,Punggol East,3132.0,37336.554,42032.265,5.87,5.87,5.87,,,PUNGGOL EAST,23.689
punggol_east,Punggol East,3134.0,37337.871,42033.77,5.392,5.825,5.825,,,PUNGGOL EAST,23.5
punggol_east,Punggol East,3136.0,37339.188,42035.275,5.693,5.78,5.78,,,PUNGGOL EAST,23.31
punggol_east,Punggol East,3138.0,37340.505,42036.78,5.389,5.735,5.735,,,PUNGGOL EAST,23.121
punggol_east,Punggol East,3140.0,37341.822,42038.285,5.736,5.689,5.689,,,PUNGGOL EAST,22.932
punggol_east,Punggol East,3142.0,37343.139,42039.79,5.644,5.644,5.657,,,PUNGGOL EAST,22.743
punggol_east,Punggol East,3144.0,37344.456,42041.296,5.657,5.657,5.655,,,PUNGGOL EAST,22.554
punggol_east,Punggol East,3146.0,37345.773,42042.801,5.655,5.655,5.644,,,PUNGGOL EAST,22.365
punggol_east,Punggol East,3148.0,37347.091,42044.306,5.501,5.501,5.57,,,PUNGGOL EAST,22.176
punggol_east,Punggol East,3150.0,37348.408,42045.811,6.41,5.535,5.57,-0.694,1.0,PUNGGOL EAST,21.987
punggol_east,Punggol East,3152.0,37349.725,42047.316,6.547,5.57,5.57,0.239,1.0,PUNGGOL EAST,21.797
punggol_east,Punggol East,3154.0,37351.042,42048.821,5.604,5.604,5.588,,,PUNGGOL EAST,21.608
punggol_east,Punggol East,3156.0,37352.212,42050.437,5.645,5.645,5.589,,,PUNGGOL EAST,21.602
punggol_east,Punggol East,3158.0,37353.297,42052.117,5.588,5.588,5.589,,,PUNGGOL EAST,21.704
punggol_east,Punggol East,3160.0,37354.382,42053.797,5.589,5.589,5.588,,,PUNGGOL EAST,21.805
punggol_east,Punggol East,3162.0,37355.467,42055.477,5.649,5.371,5.371,-8.078,1.0,PUNGGOL EAST,21.907
punggol_east,Punggol East,3164.0,37356.552,42057.157,4.954,5.154,5.154,-8.075,1.0,PUNGGOL EAST,22.008
punggol_east,Punggol East,3166.0,37357.637,42058.837,4.937,4.937,4.942,,,PUNGGOL EAST,22.11
punggol_east,Punggol East,3168.0,37358.722,42060.518,4.938,4.938,4.942,,,PUNGGOL EAST,22.212
punggol_east,Punggol East,3170.0,37359.807,42062.198,6.045,4.942,4.942,0.106,1.0,PUNGGOL EAST,22.313
punggol_east,Punggol East,3172.0,37360.892,42063.878,4.975,4.947,4.947,0.106,1.0,PUNGGOL EAST,22.415
punggol_east,Punggol East,3174.0,37361.977,42065.558,4.951,4.951,4.951,,,PUNGGOL EAST,22.516
punggol_east,Punggol East,3176.0,37363.061,42067.238,4.966,4.966,4.951,,,PUNGGOL EAST,22.618
punggol_east,Punggol East,3178.0,37364.146,42068.918,6.158,4.956,4.951,-0.119,1.0,PUNGGOL EAST,22.719
punggol_east,Punggol East,3180.0,37365.253,42070.584,6.171,4.946,4.946,-0.194,1.0,PUNGGOL EAST,22.795
punggol_east,Punggol East,3182.0,37366.487,42072.157,4.936,4.936,4.942,,,PUNGGOL EAST,22.713
punggol_east,Punggol East,3184.0,37367.721,42073.731,4.942,4.942,4.936,,,PUNGGOL EAST,22.63
punggol_east,Punggol East,3186.0,37368.956,42075.304,4.884,4.884,4.899,-0.531,1.0,PUNGGOL EAST,22.548
punggol_east,Punggol East,3188.0,37370.19,42076.878,4.899,4.899,4.899,,,PUNGGOL EAST,22.466
punggol_east,Punggol East,3190.0,37371.425,42078.451,4.853,4.853,4.899,,,PUNGGOL EAST,22.384
punggol_east,Punggol East,3192.0,37372.659,42080.025,6.154,4.925,4.925,1.781,1.0,PUNGGOL EAST,22.302
punggol_east,Punggol East,3194.0,37373.894,42081.599,4.886,4.996,4.996,1.781,1.0,PUNGGOL EAST,22.22
punggol_east,Punggol East,3196.0,37375.128,42083.172,5.068,5.068,5.042,,,PUNGGOL EAST,22.138
punggol_east,Punggol East,3198.0,37376.363,42084.746,5.042,5.042,5.042,,,PUNGGOL EAST,22.056
punggol_east,Punggol East,3200.0,37377.597,42086.319,5.044,5.044,5.042,-0.55,1.0,PUNGGOL EAST,21.973
punggol_east,Punggol East,3202.0,37378.832,42087.893,4.934,4.934,4.998,-0.55,1.0,PUNGGOL EAST,21.891
punggol_east,Punggol East,3204.0,37380.066,42089.466,6.816,4.966,4.998,-0.494,1.0,PUNGGOL EAST,21.809
punggol_east,Punggol East,3206.0,37381.3,42091.04,6.794,4.998,4.998,0.172,1.0,PUNGGOL EAST,21.727
punggol_east,Punggol East,3208.0,37382.535,42092.613,5.029,5.029,5.002,0.172,1.0,PUNGGOL EAST,21.645
punggol_east,Punggol East,3210.0,37383.769,42094.187,5.012,5.012,5.011,0.056,1.0,PUNGGOL EAST,21.563
punggol_east,Punggol East,3212.0,37385.037,42095.733,5.002,5.002,5.011,-0.153,1.0,PUNGGOL EAST,21.437
punggol_east,Punggol East,3214.0,37386.368,42097.226,5.011,5.011,5.002,-0.438,1.0,PUNGGOL EAST,21.23
punggol_east,Punggol East,3216.0,37387.698,42098.719,6.564,4.99,4.99,-0.438,1.0,PUNGGOL EAST,21.023
punggol_east,Punggol East,3218.0,37389.029,42100.212,4.968,4.968,4.976,-0.322,1.0,PUNGGOL EAST,20.816
punggol_east,Punggol East,3220.0,37390.359,42101.705,4.976,4.976,4.976,,,PUNGGOL EAST,20.609
punggol_east,Punggol East,3222.0,37391.69,42103.199,6.786,4.914,4.976,,,PUNGGOL EAST,20.402
punggol_east,Punggol East,3224.0,37393.021,42104.692,4.852,5.137,5.137,,,PUNGGOL EAST,20.195
punggol_east,Punggol East,3226.0,37394.351,42106.185,4.932,5.405,5.405,,,PUNGGOL EAST,19.988
punggol_east,Punggol East,3228.0,37395.682,42107.678,5.522,5.673,5.673,,,PUNGGOL EAST,19.781
punggol_east,Punggol East,3230.0,37397.012,42109.171,5.546,5.942,5.942,,,PUNGGOL EAST,19.574
punggol_east,Punggol East,3232.0,37398.343,42110.665,8.261,6.212,6.212,,,PUNGGOL EAST,19.366
punggol_east,Punggol East,3234.0,37399.673,42112.158,7.439,6.481,6.481,,,PUNGGOL EAST,19.159
punggol_east,Punggol East,3236.0,37401.004,42113.651,7.856,6.75,6.75,,,PUNGGOL EAST,18.952
punggol_east,Punggol East,3238.0,37402.335,42115.144,7.775,7.019,7.019,,,PUNGGOL EAST,18.745
punggol_east,Punggol East,3240.0,37403.665,42116.637,7.548,7.288,7.288,,,PUNGGOL EAST,18.538
punggol_east,Punggol East,3242.0,37404.996,42118.13,10.514,7.558,7.558,,,PUNGGOL EAST,18.335
punggol_east,Punggol East,3244.0,37406.326,42119.624,7.567,7.567,7.567,,,PUNGGOL EAST,18.134
punggol_east,Punggol East,3246.0,37407.657,42121.117,5.253,7.656,7.656,,,PUNGGOL EAST,17.932
punggol_east,Punggol East,3248.0,37408.987,42122.61,5.347,7.746,7.746,,,PUNGGOL EAST,17.731
punggol_east,Punggol East,3250.0,37410.318,42124.103,4.796,7.835,7.835,,,PUNGGOL EAST,17.529
punggol_east,Punggol East,3252.0,37411.648,42125.596,6.135,7.925,7.925,,,PUNGGOL EAST,17.328
punggol_east,Punggol East,3254.0,37412.979,42127.09,4.81,8.014,8.014,,,PUNGGOL EAST,17.126
punggol_east,Punggol East,3256.0,37414.25,42128.633,9.968,8.104,8.104,,,PUNGGOL EAST,17.002
punggol_east,Punggol East,3258.0,37415.521,42130.178,10.267,8.193,8.193,,,PUNGGOL EAST,16.879
punggol_east,Punggol East,3260.0,37416.792,42131.722,9.519,8.283,8.283,,,PUNGGOL EAST,16.756
punggol_east,Punggol East,3262.0,37418.063,42133.267,9.678,8.373,8.373,,,PUNGGOL EAST,16.633
punggol_east,Punggol East,3264.0,37419.334,42134.811,8.748,8.462,8.373,,,PUNGGOL EAST,16.51
punggol_east,Punggol East,3266.0,37420.56,42136.391,8.373,8.552,8.462,,,PUNGGOL EAST,16.444
punggol_east,Punggol East,3268.0,37421.781,42137.975,8.355,8.355,8.526,,,PUNGGOL EAST,16.384
punggol_east,Punggol East,3270.0,37423.002,42139.559,11.601,8.526,8.526,,,PUNGGOL EAST,16.324
punggol_east,Punggol East,3272.0,37424.212,42141.151,10.498,8.698,8.435,,,PUNGGOL EAST,16.279
punggol_east,Punggol East,3274.0,37425.353,42142.794,8.87,8.435,8.435,,,PUNGGOL EAST,16.319
punggol_east,Punggol East,3276.0,37426.494,42144.436,5.772,8.104,8.104,,,PUNGGOL EAST,16.358
punggol_east,Punggol East,3278.0,37427.635,42146.079,6.413,7.774,7.774,,,PUNGGOL EAST,16.398
punggol_east,Punggol East,3280.0,37428.776,42147.721,7.194,7.443,7.443,,,PUNGGOL EAST,16.437
punggol_east,Punggol East,3282.0,37429.903,42149.373,6.465,,7.113,,,PUNGGOL EAST,16.494
punggol_east,Punggol East,3284.0,37430.973,42151.063,8.131,,6.782,,,PUNGGOL EAST,16.618
punggol_east,Punggol East,3286.0,37432.043,42152.752,5.531,6.451,6.451,,,PUNGGOL EAST,16.743
punggol_east,Punggol East,3288.0,37433.114,42154.442,5.059,6.121,6.121,,,PUNGGOL EAST,16.867
punggol_east,Punggol East,3290.0,37434.184,42156.131,5.026,5.79,5.79,,,PUNGGOL EAST,16.992
punggol_east,Punggol East,3292.0,37435.254,42157.821,5.01,5.46,5.46,,,PUNGGOL EAST,17.116
punggol_east,Punggol East,3294.0,37436.324,42159.51,4.593,5.356,5.375,,,PUNGGOL EAST,17.241
punggol_east,Punggol East,3296.0,37437.257,42161.277,5.342,5.253,5.375,,,PUNGGOL EAST,17.522
punggol_east,Punggol East,3298.0,37438.141,42163.071,5.375,5.375,5.375,,,PUNGGOL EAST,17.858
punggol_east,Punggol East,3300.0,37439.03,42164.862,5.391,5.391,5.391,,,PUNGGOL EAST,18.189
punggol_east,Punggol East,3302.0,37440.174,42166.503,6.039,5.616,5.616,,,PUNGGOL EAST,18.226
punggol_east,Punggol East,3304.0,37441.318,42168.144,5.538,5.842,5.842,,,PUNGGOL EAST,18.262
punggol_east,Punggol East,3306.0,37442.461,42169.784,5.497,6.325,6.325,,,PUNGGOL EAST,18.298
punggol_east,Punggol East,3308.0,37443.605,42171.425,5.635,6.807,6.807,,,PUNGGOL EAST,18.335
punggol_east,Punggol East,3310.0,37444.749,42173.066,5.763,7.289,7.289,,,PUNGGOL EAST,18.371
punggol_east,Punggol East,3312.0,37445.893,42174.706,8.65,,7.772,,,PUNGGOL EAST,18.407
punggol_east,Punggol East,3314.0,37447.036,42176.347,8.628,8.254,8.254,,,PUNGGOL EAST,18.444
punggol_east,Punggol East,3316.0,37448.18,42177.988,8.491,8.737,8.737,,,PUNGGOL EAST,18.48
punggol_east,Punggol East,3318.0,37449.324,42179.628,8.403,9.219,9.219,,,PUNGGOL EAST,18.516
punggol_east,Punggol East,3320.0,37450.468,42181.269,10.699,9.702,9.241,,,PUNGGOL EAST,18.553
punggol_east,Punggol East,3322.0,37451.611,42182.91,10.727,9.471,9.241,,,PUNGGOL EAST,18.589
punggol_east,Punggol East,3324.0,37452.755,42184.551,11.877,9.241,9.241,,,PUNGGOL EAST,18.625
punggol_east,Punggol East,3326.0,37453.899,42186.191,12.073,9.011,9.011,,,PUNGGOL EAST,18.662
punggol_east,Punggol East,3328.0,37455.042,42187.832,10.191,,8.781,,,PUNGGOL EAST,18.698
punggol_east,Punggol East,3330.0,37456.186,42189.473,7.598,,8.551,,,PUNGGOL EAST,18.734
punggol_east,Punggol East,3332.0,37457.33,42191.113,6.095,,8.321,,,PUNGGOL EAST,18.771
punggol_east,Punggol East,3334.0,37458.474,42192.754,7.884,,8.091,,,PUNGGOL EAST,18.807
punggol_east,Punggol East,3336.0,37459.491,42194.46,7.04,7.861,7.861,,,PUNGGOL EAST,18.984
punggol_east,Punggol East,3338.0,37460.17,42196.341,6.426,7.631,7.631,,,PUNGGOL EAST,19.538
punggol_east,Punggol East,3340.0,37460.85,42198.222,7.224,7.401,7.401,,,PUNGGOL EAST,20.091
punggol_east,Punggol East,3342.0,37461.529,42200.103,5.694,7.171,7.258,,,PUNGGOL EAST,20.644
punggol_east,Punggol East,3344.0,37461.61,42201.497,6.943,7.214,7.258,,,PUNGGOL EAST,21.396
punggol_east,Punggol East,3346.0,37459.631,42201.211,7.503,7.258,7.258,,,PUNGGOL EAST,22.831
punggol_east,Punggol East,3348.0,37457.651,42200.924,5.192,7.301,7.301,,,PUNGGOL EAST,24.266
punggol_east,Punggol East,3350.0,37455.672,42200.638,5.8,7.345,7.345,,,PUNGGOL EAST,25.701
punggol_east,Punggol East,3352.0,37453.693,42200.352,10.089,7.388,7.388,,,PUNGGOL EAST,27.136
punggol_east,Punggol East,3354.0,37451.713,42200.066,10.814,7.432,7.432,,,PUNGGOL EAST,28.572
punggol_east,Punggol East,3356.0,37449.734,42199.78,9.386,7.475,7.475,,,PUNGGOL EAST,30.007
punggol_east,Punggol East,3358.0,37447.754,42199.494,8.344,7.92,7.92,,,PUNGGOL EAST,31.442
punggol_east,Punggol East,3360.0,37445.775,42199.208,7.607,8.365,8.365,,,PUNGGOL EAST,32.877
punggol_east,Punggol East,3362.0,37443.795,42198.922,7.606,8.981,8.981,,,PUNGGOL EAST,34.312
punggol_east,Punggol East,3364.0,37441.816,42198.636,8.101,9.597,9.597,,,PUNGGOL EAST,35.747
punggol_east,Punggol East,3366.0,37439.837,42198.35,7.231,10.214,10.214,,,PUNGGOL EAST,37.183
punggol_east,Punggol East,3368.0,37437.857,42198.064,6.578,10.83,10.83,,,PUNGGOL EAST,38.618
punggol_east,Punggol East,3370.0,37435.878,42197.778,14.984,11.362,11.362,,,PUNGGOL EAST,40.053
punggol_east,Punggol East,3372.0,37433.898,42197.492,14.89,11.893,11.893,,,PUNGGOL EAST,41.488
punggol_east,Punggol East,3374.0,37431.919,42197.206,11.327,12.424,12.424,,,PUNGGOL EAST,42.923
punggol_east,Punggol East,3376.0,37429.939,42196.92,14.749,12.956,12.956,,,PUNGGOL EAST,44.358
punggol_east,Punggol East,3378.0,37427.96,42196.633,14.749,,13.487,,,PUNGGOL EAST,45.794
punggol_east,Punggol East,3380.0,37425.981,42196.347,18.678,,14.019,,,PUNGGOL EAST,47.229
punggol_east,Punggol East,3382.0,37424.001,42196.061,21.605,14.55,14.55,,,PUNGGOL EAST,48.664
punggol_east,Punggol East,3384.0,37422.022,42195.775,18.576,15.082,15.082,,,PUNGGOL EAST,50.099
punggol_east,Punggol East,3386.0,37420.042,42195.489,19.814,15.613,15.613,,,PUNGGOL EAST,51.534
punggol_east,Punggol East,3388.0,37418.063,42195.203,23.957,16.144,16.144,,,PUNGGOL EAST,52.969
punggol_east,Punggol East,3390.0,37416.083,42194.917,30.683,16.291,16.291,,,PUNGGOL EAST,54.405
punggol_east,Punggol East,3392.0,37414.104,42194.631,14.242,16.438,16.438,,,PUNGGOL EAST,55.84
punggol_east,Punggol East,3394.0,37412.124,42194.345,17.009,16.584,16.584,,,PUNGGOL EAST,57.275
punggol_east,Punggol East,3396.0,37410.145,42194.059,14.552,,16.658,,,PUNGGOL EAST,58.71
punggol_east,Punggol East,3398.0,37408.166,42193.773,10.618,,16.731,,,PUNGGOL EAST,60.145
punggol_east,Punggol East,3400.0,37406.186,42193.487,10.728,,16.878,,,PUNGGOL EAST,61.58
punggol_east,Punggol East,3402.0,37404.207,42193.201,10.428,,17.318,,,PUNGGOL EAST,63.016
punggol_east,Punggol East,3404.0,37402.227,42192.915,10.428,,17.464,,,PUNGGOL EAST,64.451
punggol_east,Punggol East,3406.0,37400.248,42192.629,10.428,,17.538,,,PUNGGOL EAST,65.886
punggol_east,Punggol East,3408.0,37398.268,42192.342,19.19,17.611,17.611,,,PUNGGOL EAST,67.321
punggol_east,Punggol East,3410.0,37396.289,42192.056,,17.758,17.758,,,PUNGGOL EAST,68.756
punggol_east,Punggol East,3412.0,37394.31,42191.77,,17.904,17.904,,,PUNGGOL EAST,70.191
punggol_east,Punggol East,3414.0,37392.33,42191.484,,18.051,18.051,,,PUNGGOL EAST,71.627
punggol_east,Punggol East,3416.0,37390.351,42191.198,,18.778,18.778,,,PUNGGOL EAST,73.062
punggol_east,Punggol East,3418.0,37388.371,42190.912,,19.504,19.504,,,PUNGGOL EAST,74.497
punggol_east,Punggol East,3420.0,37386.392,42190.626,44.792,20.231,20.231,,,PUNGGOL EAST,75.932
punggol_east,Punggol East,3422.0,37384.412,42190.34,44.792,20.957,20.957,,,PUNGGOL EAST,77.367
punggol_east,Punggol East,3424.0,37382.433,42190.054,28.952,,21.684,,,PUNGGOL EAST,78.803
punggol_east,Punggol East,3426.0,37380.453,42189.768,44.792,22.41,22.41,,,PUNGGOL EAST,80.238
punggol_east,Punggol East,3428.0,37378.474,42189.482,30.328,23.137,23.137,,,PUNGGOL EAST,81.673
punggol_east,Punggol East,3430.0,37376.495,42189.196,24.53,23.863,23.863,,,PUNGGOL EAST,83.108
punggol_east,Punggol East,3432.0,37374.515,42188.91,24.59,24.59,24.49,,,PUNGGOL EAST,84.543
punggol_east,Punggol East,3434.0,37372.536,42188.624,24.603,24.603,24.49,,,PUNGGOL EAST,85.978
punggol_east,Punggol East,3436.0,37370.556,42188.338,19.996,24.49,24.49,-2.835,1.0,PUNGGOL EAST,87.414
punggol_east,Punggol East,3438.0,37368.577,42188.051,19.996,24.377,24.377,-4.252,1.0,PUNGGOL EAST,88.849
punggol_east,Punggol East,3440.0,37366.597,42187.765,,24.263,24.263,-5.67,1.0,PUNGGOL EAST,90.284
punggol_east,Punggol East,3442.0,37364.618,42187.479,,24.15,24.15,-5.67,1.0,PUNGGOL EAST,91.719
punggol_east,Punggol East,3444.0,37362.639,42187.193,,24.036,24.036,-5.67,1.0,PUNGGOL EAST,93.154
punggol_east,Punggol East,3446.0,37360.659,42186.907,,23.923,23.923,-5.67,1.0,PUNGGOL EAST,94.589
punggol_east,Punggol East,3448.0,37358.68,42186.621,43.991,23.81,23.81,-5.67,1.0,PUNGGOL EAST,96.025
punggol_east,Punggol East,3450.0,37356.7,42186.335,43.979,23.696,23.696,,,PUNGGOL EAST,97.46
punggol_east,Punggol East,3452.0,37354.721,42186.049,35.02,23.583,23.583,,,PUNGGOL EAST,98.895
punggol_east,Punggol East,3454.0,37352.741,42185.763,23.47,23.353,23.353,,,PUNGGOL EAST,100.33
punggol_east,Punggol East,3456.0,37350.762,42185.477,14.65,23.123,23.123,,,PUNGGOL EAST,101.765
punggol_east,Punggol East,3458.0,37348.783,42185.191,24.066,21.757,21.757,,,PUNGGOL EAST,103.2
punggol_east,Punggol East,3460.0,37346.803,42184.905,23.832,20.39,20.39,,,PUNGGOL EAST,104.636
punggol_east,Punggol East,3462.0,37344.824,42184.619,24.192,19.023,19.023,,,PUNGGOL EAST,106.071
punggol_east,Punggol East,3464.0,37342.844,42184.333,10.972,,17.656,,,PUNGGOL EAST,107.506
punggol_east,Punggol East,3466.0,37340.865,42184.047,10.858,,16.289,,,PUNGGOL EAST,108.941
punggol_east,Punggol East,3468.0,37338.885,42183.76,10.642,14.922,14.922,,,PUNGGOL EAST,110.376
punggol_east,Punggol East,3470.0,37336.906,42183.474,,13.556,13.556,,,PUNGGOL EAST,111.811
punggol_east,Punggol East,3472.0,37334.926,42183.188,,12.189,12.189,,,PUNGGOL EAST,113.247
punggol_east,Punggol East,3474.0,37332.947,42182.902,,10.822,10.942,,,PUNGGOL EAST,114.682
punggol_east,Punggol East,3476.0,37330.968,42182.616,,10.882,10.942,,,PUNGGOL EAST,116.117
punggol_east,Punggol East,3478.0,37328.988,42182.33,,10.942,10.942,1.496,1.0,PUNGGOL EAST,117.552
punggol_east,Punggol East,3480.0,37327.009,42182.044,,11.002,11.002,2.244,1.0,PUNGGOL EAST,118.987
punggol_east,Punggol East,3482.0,37325.029,42181.758,,11.061,11.061,2.992,1.0,PUNGGOL EAST,120.422
punggol_east,Punggol East,3484.0,37323.05,42181.472,,11.121,11.121,2.992,1.0,PUNGGOL EAST,121.858
punggol_east,Punggol East,3486.0,37321.07,42181.186,,11.181,11.181,2.992,1.0,PUNGGOL EAST,123.293
punggol_east,Punggol East,3488.0,37319.091,42180.9,,11.241,11.241,2.992,1.0,PUNGGOL EAST,124.728
punggol_east,Punggol East,3490.0,37317.112,42180.614,,11.301,11.301,2.992,1.0,PUNGGOL EAST,126.163
punggol_east,Punggol East,3492.0,37315.132,42180.328,,11.361,11.361,2.992,1.0,PUNGGOL EAST,127.6
punggol_east,Punggol East,3494.0,37313.153,42180.042,,11.42,11.42,2.992,1.0,PUNGGOL EAST,129.039
punggol_east,Punggol East,3496.0,37311.173,42179.756,,11.48,11.48,2.992,1.0,PUNGGOL EAST,130.478
punggol_east,Punggol East,3498.0,37309.194,42179.469,,11.54,11.54,2.992,1.0,PUNGGOL EAST,131.917
punggol_east,Punggol East,3500.0,37307.214,42179.183,,11.6,11.6,2.992,1.0,PUNGGOL EAST,133.356
punggol_east,Punggol East,3502.0,37305.235,42178.897,,11.66,11.66,2.992,1.0,PUNGGOL EAST,134.796
punggol_east,Punggol East,3504.0,37303.255,42178.611,,11.72,11.72,2.992,1.0,PUNGGOL EAST,136.235
punggol_east,Punggol East,3506.0,37301.276,42178.325,,11.78,11.78,2.992,1.0,PUNGGOL EAST,137.674
punggol_east,Punggol East,3508.0,37299.297,42178.039,,11.839,11.839,2.992,1.0,PUNGGOL EAST,139.113
punggol_east,Punggol East,3510.0,37297.317,42177.753,,11.899,11.899,2.992,1.0,PUNGGOL EAST,140.552
punggol_east,Punggol East,3512.0,37295.338,42177.467,,11.959,11.959,2.992,1.0,PUNGGOL EAST,141.991
punggol_east,Punggol East,3514.0,37293.358,42177.181,,12.019,12.019,2.992,1.0,PUNGGOL EAST,143.43
punggol_east,Punggol East,3516.0,37291.379,42176.895,,12.079,12.079,2.992,1.0,PUNGGOL EAST,144.869
punggol_east,Punggol East,3518.0,37289.399,42176.609,,12.139,12.139,2.992,1.0,PUNGGOL EAST,146.308
punggol_east,Punggol East,3520.0,37287.42,42176.323,,12.198,12.198,2.992,1.0,PUNGGOL EAST,147.747
punggol_east,Punggol East,3522.0,37285.441,42176.037,,12.258,12.258,2.992,1.0,PUNGGOL EAST,149.186
punggol_east,Punggol East,3524.0,37283.461,42175.751,,12.318,12.318,2.992,1.0,PUNGGOL EAST,150.625
punggol_east,Punggol East,3526.0,37281.482,42175.465,,12.378,12.378,2.992,1.0,PUNGGOL EAST,152.064
punggol_east,Punggol East,3528.0,37279.502,42175.178,,12.438,12.438,2.992,1.0,PUNGGOL EAST,153.503
punggol_east,Punggol East,3530.0,37277.523,42174.892,,12.498,12.498,2.244,1.0,PUNGGOL EAST,154.942
punggol_east,Punggol East,3532.0,37275.543,42174.606,,12.558,12.558,0.022,1.0,PUNGGOL EAST,156.382
punggol_east,Punggol East,3534.0,37273.564,42174.32,,12.617,12.558,,,PUNGGOL EAST,157.821
punggol_east,Punggol East,4080.0,37267.379,42012.291,12.677,12.677,12.558,,,PUNGGOL EAST,68.149
punggol_east,Punggol East,4082.0,37269.177,42011.415,12.678,12.517,12.517,,,PUNGGOL EAST,66.178
punggol_east,Punggol East,4084.0,37270.976,42010.539,12.674,12.356,12.356,,,PUNGGOL EAST,64.207
punggol_east,Punggol East,4086.0,37272.774,42009.664,12.004,11.978,11.978,,,PUNGGOL EAST,62.236
punggol_east,Punggol East,4088.0,37274.572,42008.788,8.843,11.599,11.599,,,PUNGGOL EAST,60.265
punggol_east,Punggol East,4090.0,37276.37,42007.912,8.239,11.22,11.22,,,PUNGGOL EAST,58.295
punggol_east,Punggol East,4092.0,37278.168,42007.037,8.068,10.841,10.841,,,PUNGGOL EAST,56.324
punggol_east,Punggol East,4094.0,37279.966,42006.161,8.493,10.462,10.462,,,PUNGGOL EAST,54.353
punggol_east,Punggol East,4096.0,37281.764,42005.286,8.841,10.084,10.084,,,PUNGGOL EAST,52.382
punggol_east,Punggol East,4098.0,37283.563,42004.41,8.89,,9.705,,,PUNGGOL EAST,50.411
punggol_east,Punggol East,4100.0,37285.361,42003.534,9.111,,9.326,,,PUNGGOL EAST,48.44
punggol_east,Punggol East,4102.0,37286.845,42002.459,9.154,,8.947,,,PUNGGOL EAST,46.608
punggol_east,Punggol East,4104.0,37286.877,42000.459,9.106,8.568,8.568,,,PUNGGOL EAST,45.412
punggol_east,Punggol East,4106.0,37286.91,41998.459,9.072,8.19,8.19,,,PUNGGOL EAST,44.217
punggol_east,Punggol East,4108.0,37286.943,41996.46,7.383,7.811,7.811,,,PUNGGOL EAST,43.022
punggol_east,Punggol East,4110.0,37286.975,41994.46,7.432,7.432,7.432,,,PUNGGOL EAST,41.827
punggol_east,Punggol East,4112.0,37287.008,41992.46,7.432,7.432,7.432,,,PUNGGOL EAST,40.632
punggol_east,Punggol East,4114.0,37287.041,41990.46,8.564,7.223,7.223,,,PUNGGOL EAST,39.437
punggol_east,Punggol East,4116.0,37287.073,41988.461,6.775,6.952,6.952,,,PUNGGOL EAST,38.242
punggol_east,Punggol East,4118.0,37287.106,41986.461,6.806,6.681,6.681,,,PUNGGOL EAST,37.047
punggol_east,Punggol East,4120.0,37287.138,41984.461,7.932,6.475,6.475,,,PUNGGOL EAST,35.851
punggol_east,Punggol East,4122.0,37287.171,41982.461,7.437,6.269,6.269,,,PUNGGOL EAST,34.656
punggol_east,Punggol East,4124.0,37287.204,41980.462,7.37,6.063,6.063,,,PUNGGOL EAST,33.461
punggol_east,Punggol East,4126.0,37287.236,41978.462,5.302,5.857,6.063,,,PUNGGOL EAST,32.266
punggol_east,Punggol East,4128.0,37287.269,41976.462,5.566,6.037,6.063,,,PUNGGOL EAST,31.071
punggol_east,Punggol East,4130.0,37287.302,41974.462,6.224,6.216,6.216,,,PUNGGOL EAST,29.876
punggol_east,Punggol East,4132.0,37287.334,41972.463,6.395,6.395,6.395,,,PUNGGOL EAST,28.681
punggol_east,Punggol East,4134.0,37287.367,41970.463,6.641,6.641,6.395,,,PUNGGOL EAST,27.486
punggol_east,Punggol East,4136.0,37287.399,41968.463,7.51,6.446,6.395,-4.245,1.0,PUNGGOL EAST,26.29
punggol_east,Punggol East,4138.0,37287.432,41966.464,5.761,6.251,6.251,,,PUNGGOL EAST,25.095
punggol_east,Punggol East,4140.0,37287.465,41964.464,6.056,6.056,6.056,,,PUNGGOL EAST,23.9
punggol_east,Punggol East,4142.0,37287.497,41962.464,6.146,5.827,5.827,,,PUNGGOL EAST,22.705
punggol_east,Punggol East,4144.0,37287.53,41960.464,6.008,5.599,5.599,-10.064,2.0,PUNGGOL EAST,21.51
punggol_east,Punggol East,4146.0,37287.563,41958.465,5.371,5.371,5.371,,,PUNGGOL EAST,20.315
punggol_east,Punggol East,4148.0,37287.595,41956.465,5.251,5.251,5.251,,,PUNGGOL EAST,19.12
punggol_east,Punggol East,4150.0,37287.628,41954.465,4.981,4.981,5.251,,,PUNGGOL EAST,17.924
punggol_east,Punggol East,4152.0,37287.661,41952.465,5.25,5.25,5.251,1.671,1.0,PUNGGOL EAST,16.729
punggol_east,Punggol East,4154.0,37287.693,41950.466,5.601,5.317,5.317,3.895,1.0,PUNGGOL EAST,15.534
punggol_east,Punggol East,4156.0,37287.726,41948.466,5.384,5.384,5.384,6.119,1.0,PUNGGOL EAST,14.339
punggol_east,Punggol East,4158.0,37287.758,41946.466,8.174,5.562,5.562,,,PUNGGOL EAST,13.144
punggol_east,Punggol East,4160.0,37287.791,41944.466,5.74,5.74,5.74,,,PUNGGOL EAST,11.949
punggol_east,Punggol East,4162.0,37287.824,41942.467,5.611,5.834,5.834,,,PUNGGOL EAST,10.754
punggol_east,Punggol East,4164.0,37287.856,41940.467,6.008,6.035,6.035,,,PUNGGOL EAST,9.559
punggol_east,Punggol East,4166.0,37287.889,41938.467,5.772,6.237,6.237,,,PUNGGOL EAST,8.363
punggol_east,Punggol East,4168.0,37287.922,41936.468,5.394,6.506,6.506,,,PUNGGOL EAST,7.168
punggol_east,Punggol East,4170.0,37287.954,41934.468,7.934,6.776,6.776,,,PUNGGOL EAST,5.973
punggol_east,Punggol East,4172.0,37287.987,41932.468,7.897,7.045,7.045,,,PUNGGOL EAST,4.778
punggol_east,Punggol East,4174.0,37288.019,41930.468,7.723,7.314,7.314,,,PUNGGOL EAST,3.583
punggol_east,Punggol East,4176.0,37288.052,41928.469,7.318,7.583,7.583,,,PUNGGOL EAST,2.388
punggol_east,Punggol East,4178.0,37288.085,41926.469,7.6,7.852,7.852,,,PUNGGOL EAST,1.193
punggol_east,Punggol East,4180.0,37288.117,41924.469,5.834,7.917,7.917,,,PUNGGOL EAST,0.002
punggol_east,Punggol East,4182.0,37288.15,41922.469,8.235,7.937,7.917,,,PUNGGOL EAST,1.198
punggol_east,Punggol East,4184.0,37288.183,41920.47,10.483,7.957,7.917,,,PUNGGOL EAST,2.393
punggol_east,Punggol East,4186.0,37287.952,41918.495,7.68,7.68,7.937,,,PUNGGOL EAST,3.36
punggol_east,Punggol East,4204.0,37284.264,41900.877,6.836,7.817,7.817,,,PUNGGOL EAST,10.639
punggol_east,Punggol East,4206.0,37283.854,41898.919,6.938,7.953,7.734,,,PUNGGOL EAST,11.446
punggol_east,Punggol East,4208.0,37283.445,41896.962,8.09,7.734,7.734,,,PUNGGOL EAST,12.253
punggol_east,Punggol East,4210.0,37283.035,41895.004,10.683,7.515,7.515,,,PUNGGOL EAST,13.06
punggol_east,Punggol East,4212.0,37282.625,41893.047,8.203,7.233,7.233,,,PUNGGOL EAST,13.868
punggol_east,Punggol East,4214.0,37282.215,41891.089,8.057,6.951,6.951,,,PUNGGOL EAST,14.675
punggol_east,Punggol East,4216.0,37281.805,41889.131,5.758,6.668,6.668,,,PUNGGOL EAST,15.482
punggol_east,Punggol East,4218.0,37281.396,41887.174,5.601,6.386,6.386,,,PUNGGOL EAST,16.29
punggol_east,Punggol East,4220.0,37280.986,41885.216,5.602,6.104,6.104,,,PUNGGOL EAST,17.097
punggol_east,Punggol East,4222.0,37280.576,41883.259,5.578,5.821,5.821,,,PUNGGOL EAST,17.904
punggol_east,Punggol East,4224.0,37280.166,41881.301,5.539,5.539,5.608,,,PUNGGOL EAST,18.711
punggol_east,Punggol East,4226.0,37279.756,41879.344,5.514,5.514,5.608,,,PUNGGOL EAST,19.519
punggol_east,Punggol East,4228.0,37279.347,41877.386,5.608,5.608,5.608,3.662,1.0,PUNGGOL EAST,20.326
punggol_east,Punggol East,4230.0,37278.937,41875.428,5.736,5.736,5.736,4.477,1.0,PUNGGOL EAST,21.133
punggol_east,Punggol East,4232.0,37278.527,41873.471,5.966,5.966,5.901,,,PUNGGOL EAST,21.94
punggol_east,Punggol East,4234.0,37278.117,41871.513,5.901,5.901,5.966,,,PUNGGOL EAST,22.748
punggol_east,Punggol East,4236.0,37277.708,41869.556,5.911,6.094,6.094,,,PUNGGOL EAST,23.555
punggol_east,Punggol East,4238.0,37277.298,41867.598,7.095,6.286,6.286,,,PUNGGOL EAST,24.362
punggol_east,Punggol East,4240.0,37276.888,41865.641,6.581,6.58,6.58,,,PUNGGOL EAST,25.17
punggol_east,Punggol East,4242.0,37276.478,41863.683,7.422,6.874,6.874,,,PUNGGOL EAST,25.977
punggol_east,Punggol East,4244.0,37276.068,41861.726,7.413,7.168,7.168,,,PUNGGOL EAST,26.784
punggol_east,Punggol East,4246.0,37275.257,41859.988,7.462,7.462,7.257,,,PUNGGOL EAST,27.137
punggol_east,Punggol East,4248.0,37273.829,41858.587,7.396,7.396,7.257,,,PUNGGOL EAST,26.792
punggol_east,Punggol East,4250.0,37272.401,41857.187,7.257,7.257,7.257,,,PUNGGOL EAST,26.447
punggol_east,Punggol East,4252.0,37270.971,41855.789,7.199,7.199,7.228,,,PUNGGOL EAST,26.099
punggol_east,Punggol East,4254.0,37269.43,41854.514,6.618,7.213,7.228,-0.549,1.0,PUNGGOL EAST,25.589
punggol_east,Punggol East,4256.0,37267.888,41853.24,7.167,7.228,7.213,-0.978,1.0,PUNGGOL EAST,25.079
punggol_east,Punggol East,4258.0,37266.347,41851.965,7.242,7.242,7.213,,,PUNGGOL EAST,24.569
punggol_east,Punggol East,4260.0,37264.806,41850.691,7.02,7.02,7.149,,,PUNGGOL EAST,24.058
punggol_east,Punggol East,4262.0,37263.265,41849.416,7.149,7.149,7.134,-0.984,1.0,PUNGGOL EAST,23.548
punggol_east,Punggol East,4264.0,37261.854,41848.0,7.134,7.134,7.134,-0.358,1.0,PUNGGOL EAST,23.226
punggol_east,Punggol East,4266.0,37260.464,41846.562,7.121,7.121,7.134,-1.491,1.0,PUNGGOL EAST,22.934
punggol_east,Punggol East,4268.0,37259.073,41845.125,7.292,7.292,7.121,,,PUNGGOL EAST,22.641
punggol_east,Punggol East,4270.0,37257.683,41843.687,7.015,7.015,7.015,,,PUNGGOL EAST,22.348
punggol_east,Punggol East,4272.0,37256.292,41842.25,6.477,6.928,6.928,-4.6,1.0,PUNGGOL EAST,22.055
punggol_east,Punggol East,4274.0,37254.902,41840.812,6.256,6.84,6.84,-4.808,1.0,PUNGGOL EAST,21.763
punggol_east,Punggol East,4276.0,37253.512,41839.375,6.753,6.753,6.753,,,PUNGGOL EAST,21.47
punggol_east,Punggol East,4278.0,37252.121,41837.937,6.63,6.63,6.63,,,PUNGGOL EAST,21.177
punggol_east,Punggol East,4280.0,37250.731,41836.5,6.55,6.55,6.63,-2.537,1.0,PUNGGOL EAST,20.884
punggol_east,Punggol East,4282.0,37249.34,41835.062,6.534,6.534,6.55,,,PUNGGOL EAST,20.592
punggol_east,Punggol East,4284.0,37247.95,41833.624,6.818,6.818,6.55,,,PUNGGOL EAST,20.299
punggol_east,Punggol East,4286.0,37246.559,41832.187,5.577,6.527,6.634,,,PUNGGOL EAST,20.006
punggol_east,Punggol East,4288.0,37245.169,41830.749,6.122,6.634,6.742,,,PUNGGOL EAST,19.713
punggol_east,Punggol East,4290.0,37243.778,41829.312,5.945,6.742,6.742,,,PUNGGOL EAST,19.421
punggol_east,Punggol East,4292.0,37242.388,41827.874,5.698,6.918,6.918,,,PUNGGOL EAST,19.128
punggol_east,Punggol East,4294.0,37240.997,41826.437,8.47,7.093,6.918,,,PUNGGOL EAST,18.835
punggol_east,Punggol East,4296.0,37239.607,41824.999,10.312,6.939,6.918,,,PUNGGOL EAST,18.542
punggol_east,Punggol East,4298.0,37238.216,41823.561,13.398,6.785,6.785,,,PUNGGOL EAST,18.25
punggol_east,Punggol East,4300.0,37236.826,41822.124,11.997,6.631,6.631,,,PUNGGOL EAST,17.957
punggol_east,Punggol East,4302.0,37235.435,41820.686,10.951,6.477,6.477,,,PUNGGOL EAST,17.664
punggol_east,Punggol East,4304.0,37234.045,41819.249,11.738,6.323,6.323,,,PUNGGOL EAST,17.371
punggol_east,Punggol East,4306.0,37232.654,41817.811,10.693,6.169,6.169,,,PUNGGOL EAST,17.079
punggol_east,Punggol East,4308.0,37231.264,41816.374,8.726,6.015,6.015,,,PUNGGOL EAST,16.786
punggol_east,Punggol East,4310.0,37230.074,41814.772,8.66,5.861,5.861,,,PUNGGOL EAST,16.752
punggol_east,Punggol East,4312.0,37228.941,41813.124,7.968,5.707,5.707,,,PUNGGOL EAST,16.791
punggol_east,Punggol East,4314.0,37227.79,41811.489,7.366,5.553,5.553,,,PUNGGOL EAST,16.808
punggol_east,Punggol East,4316.0,37226.556,41809.915,7.219,5.399,5.399,,,PUNGGOL EAST,16.721
punggol_east,Punggol East,4318.0,37225.321,41808.342,5.077,5.245,5.245,,,PUNGGOL EAST,16.635
punggol_east,Punggol East,4320.0,37224.087,41806.768,5.091,5.091,5.091,,,PUNGGOL EAST,16.548
punggol_east,Punggol East,4322.0,37222.853,41805.194,5.022,5.022,5.022,,,PUNGGOL EAST,16.462
punggol_east,Punggol East,4324.0,37221.618,41803.621,4.973,4.973,4.973,-2.669,1.0,PUNGGOL EAST,16.375
punggol_east,Punggol East,4326.0,37220.385,41802.046,4.928,4.928,4.928,-1.928,1.0,PUNGGOL EAST,16.289
punggol_east,Punggol East,4328.0,37219.151,41800.472,4.877,4.877,4.877,-1.322,1.0,PUNGGOL EAST,16.204
punggol_east,Punggol East,4330.0,37217.918,41798.898,4.864,4.864,4.867,-0.806,1.0,PUNGGOL EAST,16.118
punggol_east,Punggol East,4332.0,37216.684,41797.323,4.856,4.856,4.867,-0.122,1.0,PUNGGOL EAST,16.033
punggol_east,Punggol East,4334.0,37215.451,41795.749,4.867,4.867,4.864,0.016,1.0,PUNGGOL EAST,15.948
punggol_east,Punggol East,4336.0,37214.244,41794.154,4.868,4.868,4.867,0.045,1.0,PUNGGOL EAST,15.896
punggol_east,Punggol East,4338.0,37213.068,41792.537,4.862,4.862,4.868,0.202,1.0,PUNGGOL EAST,15.882
punggol_east,Punggol East,4340.0,37211.892,41790.919,10.073,4.871,4.871,0.266,1.0,PUNGGOL EAST,15.868
punggol_east,Punggol East,4342.0,37210.715,41789.302,10.066,4.88,4.88,0.281,1.0,PUNGGOL EAST,15.854
punggol_east,Punggol East,4344.0,37209.539,41787.684,4.889,4.889,4.889,,,PUNGGOL EAST,15.84
punggol_east,Punggol East,4346.0,37208.362,41786.067,4.891,4.891,4.891,,,PUNGGOL EAST,15.826
punggol_east,Punggol East,4348.0,37207.186,41784.45,6.182,5.032,5.032,4.981,1.0,PUNGGOL EAST,15.812
punggol_east,Punggol East,4350.0,37206.01,41782.832,5.314,5.172,5.172,5.106,1.0,PUNGGOL EAST,15.798
punggol_east,Punggol East,4352.0,37204.833,41781.215,5.313,5.313,5.287,,,PUNGGOL EAST,15.784
punggol_east,Punggol East,4354.0,37203.657,41779.597,5.287,5.287,5.3,,,PUNGGOL EAST,15.77
punggol_east,Punggol East,4356.0,37202.48,41777.98,5.418,5.418,5.313,,,PUNGGOL EAST,15.756
punggol_east,Punggol East,4358.0,37201.304,41776.363,5.3,5.3,5.418,,,PUNGGOL EAST,15.742
punggol_east,Punggol East,4360.0,37200.128,41774.745,5.388,5.584,5.584,,,PUNGGOL EAST,15.728
punggol_east,Punggol East,4362.0,37198.951,41773.128,6.357,5.87,5.87,7.808,1.0,PUNGGOL EAST,15.714
punggol_east,Punggol East,4364.0,37197.775,41771.51,6.352,6.043,6.043,,,PUNGGOL EAST,15.7
punggol_east,Punggol East,4366.0,37196.598,41769.893,6.217,6.217,6.043,,,PUNGGOL EAST,15.686
punggol_east,Punggol East,4368.0,37195.422,41768.275,6.124,6.124,6.043,,,PUNGGOL EAST,15.672
punggol_east,Punggol East,4370.0,37194.246,41766.658,5.24,6.015,6.015,-0.684,1.0,PUNGGOL EAST,15.658
punggol_east,Punggol East,4372.0,37193.069,41765.041,5.634,5.906,5.988,,,PUNGGOL EAST,15.644
punggol_east,Punggol East,4374.0,37191.893,41763.423,5.797,5.797,5.988,,,PUNGGOL EAST,15.63
punggol_east,Punggol East,4376.0,37190.716,41761.806,10.004,5.988,5.988,,,PUNGGOL EAST,15.616
punggol_east,Punggol East,4378.0,37189.537,41760.19,9.985,6.18,6.18,,,PUNGGOL EAST,15.599
punggol_east,Punggol East,4380.0,37188.337,41758.59,5.022,6.371,6.371,,,PUNGGOL EAST,15.555
punggol_east,Punggol East,4382.0,37187.137,41756.991,6.418,6.563,6.563,,,PUNGGOL EAST,15.512
punggol_east,Punggol East,4384.0,37185.937,41755.391,8.741,6.754,6.754,,,PUNGGOL EAST,15.468
punggol_east,Punggol East,4386.0,37184.742,41753.787,7.961,6.946,6.946,,,PUNGGOL EAST,15.431
punggol_east,Punggol East,4388.0,37183.564,41752.171,8.086,7.137,6.946,,,PUNGGOL EAST,15.416
punggol_east,Punggol East,4390.0,37182.386,41750.554,7.328,6.993,6.946,,,PUNGGOL EAST,15.4
punggol_east,Punggol East,4392.0,37181.208,41748.938,6.491,6.849,6.849,,,PUNGGOL EAST,15.384
punggol_east,Punggol East,4394.0,37180.03,41747.321,7.861,6.705,6.705,,,PUNGGOL EAST,15.368
punggol_east,Punggol East,4396.0,37178.853,41745.705,8.535,6.444,6.444,,,PUNGGOL EAST,15.353
punggol_east,Punggol East,4398.0,37177.689,41744.078,8.103,6.184,6.184,,,PUNGGOL EAST,15.354
punggol_east,Punggol East,4400.0,37176.529,41742.449,6.686,5.924,5.924,,,PUNGGOL EAST,15.361
punggol_east,Punggol East,4402.0,37175.369,41740.82,5.116,5.663,5.663,,,PUNGGOL EAST,15.367
punggol_east,Punggol East,4404.0,37174.21,41739.19,5.146,5.403,5.403,,,PUNGGOL EAST,15.374
punggol_east,Punggol East,4406.0,37173.05,41737.56,5.142,5.142,5.142,,,PUNGGOL EAST,15.381
punggol_east,Punggol East,4408.0,37171.892,41735.93,5.129,5.129,5.142,,,PUNGGOL EAST,15.389
punggol_east,Punggol East,4410.0,37170.734,41734.3,7.633,5.14,5.142,,,PUNGGOL EAST,15.397
punggol_east,Punggol East,4412.0,37169.575,41732.669,8.073,5.44,5.44,,,PUNGGOL EAST,15.406
punggol_east,Punggol East,4414.0,37168.417,41731.039,5.164,5.741,5.741,,,PUNGGOL EAST,15.414
punggol_east,Punggol East,4416.0,37167.258,41729.409,5.237,6.043,6.043,,,PUNGGOL EAST,15.422
punggol_east,Punggol East,4418.0,37166.09,41727.785,6.365,6.344,6.344,,,PUNGGOL EAST,15.418
punggol_east,Punggol East,4420.0,37164.918,41726.165,7.038,6.595,6.595,,,PUNGGOL EAST,15.41
punggol_east,Punggol East,4422.0,37163.746,41724.544,10.601,6.846,6.846,,,PUNGGOL EAST,15.401
punggol_east,Punggol East,4424.0,37162.574,41722.924,10.264,7.097,7.097,,,PUNGGOL EAST,15.392
punggol_east,Punggol East,4426.0,37161.534,41721.228,7.842,7.349,7.097,,,PUNGGOL EAST,15.534
punggol_east,Punggol East,4428.0,37160.733,41719.395,6.864,7.123,7.097,,,PUNGGOL EAST,15.951
punggol_east,Punggol East,4430.0,37159.932,41717.562,7.522,6.898,6.898,,,PUNGGOL EAST,16.368
punggol_east,Punggol East,4432.0,37159.131,41715.73,7.839,6.673,6.673,,,PUNGGOL EAST,16.785
punggol_east,Punggol East,4434.0,37158.331,41713.897,6.119,6.447,6.447,,,PUNGGOL EAST,17.201
punggol_east,Punggol East,4436.0,37157.53,41712.064,6.396,6.222,6.222,,,PUNGGOL EAST,17.618
punggol_east,Punggol East,4438.0,37156.729,41710.232,8.752,5.997,5.997,,,PUNGGOL EAST,18.035
punggol_east,Punggol East,4440.0,37155.928,41708.399,5.598,5.981,5.981,,,PUNGGOL EAST,18.452
punggol_east,Punggol East,4442.0,37155.127,41706.566,5.931,5.966,5.981,-0.033,1.0,PUNGGOL EAST,18.868
punggol_east,Punggol East,4444.0,37154.327,41704.733,5.951,5.951,5.981,,,PUNGGOL EAST,19.285
punggol_east,Punggol East,4446.0,37153.526,41702.901,5.994,5.994,5.994,,,PUNGGOL EAST,19.667
punggol_east,Punggol East,4448.0,37152.725,41701.068,6.428,6.134,6.134,,,PUNGGOL EAST,20.04
punggol_east,Punggol East,4450.0,37151.924,41699.235,8.465,6.275,6.275,,,PUNGGOL EAST,20.414
punggol_east,Punggol East,4452.0,37151.124,41697.403,9.984,6.415,6.415,,,PUNGGOL EAST,20.787
punggol_east,Punggol East,4454.0,37150.323,41695.57,9.229,6.555,6.555,,,PUNGGOL EAST,21.161
punggol_east,Punggol East,4456.0,37149.271,41693.882,15.032,6.696,6.696,,,PUNGGOL EAST,21.245
punggol_east,Punggol East,4458.0,37148.091,41692.267,12.7,6.836,6.836,,,PUNGGOL EAST,21.183
punggol_east,Punggol East,4460.0,37146.911,41690.652,12.122,6.976,6.976,,,PUNGGOL EAST,21.121
punggol_east,Punggol East,4462.0,37145.732,41689.036,9.432,7.117,7.117,,,PUNGGOL EAST,21.059
punggol_east,Punggol East,4464.0,37144.552,41687.421,13.756,7.257,7.257,,,PUNGGOL EAST,20.997
punggol_east,Punggol East,4466.0,37143.373,41685.806,9.149,7.397,7.397,,,PUNGGOL EAST,20.934
punggol_east,Punggol East,4468.0,37142.193,41684.191,6.097,7.537,7.537,,,PUNGGOL EAST,20.872
punggol_east,Punggol East,4470.0,37141.013,41682.576,7.99,7.678,7.678,,,PUNGGOL EAST,20.81
punggol_east,Punggol East,4472.0,37139.834,41680.961,9.435,7.818,7.818,,,PUNGGOL EAST,20.748
punggol_east,Punggol East,4474.0,37138.654,41679.346,8.534,7.958,7.958,,,PUNGGOL EAST,20.686
punggol_east,Punggol East,4476.0,37137.474,41677.731,10.358,8.099,8.099,,,PUNGGOL EAST,20.624
punggol_east,Punggol East,4478.0,37136.295,41676.116,9.262,8.239,8.239,,,PUNGGOL EAST,20.562
punggol_east,Punggol East,4480.0,37135.115,41674.501,10.398,8.379,8.366,,,PUNGGOL EAST,20.5
punggol_east,Punggol East,4482.0,37133.935,41672.886,8.738,8.52,8.379,,,PUNGGOL EAST,20.437
punggol_east,Punggol East,4484.0,37132.756,41671.271,8.66,8.366,8.473,,,PUNGGOL EAST,20.375
punggol_east,Punggol East,4486.0,37131.576,41669.656,9.122,8.473,8.52,,,PUNGGOL EAST,20.313
punggol_east,Punggol East,4488.0,37130.396,41668.041,7.446,8.736,8.736,,,PUNGGOL EAST,20.251
punggol_east,Punggol East,4490.0,37129.217,41666.426,9.591,8.999,8.999,,,PUNGGOL EAST,20.189
punggol_east,Punggol East,4492.0,37128.037,41664.81,7.192,9.29,9.29,,,PUNGGOL EAST,20.127
punggol_east,Punggol East,4534.0,37103.265,41630.894,5.868,9.58,9.58,,,PUNGGOL EAST,19.552
punggol_east,Punggol East,4536.0,37102.085,41629.279,5.928,9.808,9.808,,,PUNGGOL EAST,19.565
punggol_east,Punggol East,4538.0,37100.905,41627.664,10.763,10.035,10.035,,,PUNGGOL EAST,19.578
punggol_east,Punggol East,4540.0,37099.726,41626.049,10.774,10.263,10.263,,,PUNGGOL EAST,19.591
punggol_east,Punggol East,4542.0,37098.546,41624.434,11.161,10.491,10.491,,,PUNGGOL EAST,19.604
punggol_east,Punggol East,4544.0,37097.366,41622.819,11.168,10.718,10.718,,,PUNGGOL EAST,19.617
punggol_east,Punggol East,4546.0,37096.187,41621.204,11.081,10.946,10.723,,,PUNGGOL EAST,19.63
punggol_east,Punggol East,4548.0,37095.007,41619.589,10.723,10.723,10.724,,,PUNGGOL EAST,19.643
punggol_east,Punggol East,4550.0,37093.828,41617.973,8.105,10.724,10.724,,,PUNGGOL EAST,19.656
punggol_east,Punggol East,4552.0,37092.648,41616.358,9.456,10.724,10.724,0.006,1.0,PUNGGOL EAST,19.669
punggol_east,Punggol East,4554.0,37091.468,41614.743,11.008,10.725,10.724,,,PUNGGOL EAST,19.682
punggol_east,Punggol East,4556.0,37090.289,41613.128,10.725,10.725,10.724,,,PUNGGOL EAST,19.695
punggol_east,Punggol East,4558.0,37089.109,41611.513,7.695,10.436,10.436,,,PUNGGOL EAST,19.708
punggol_east,Punggol East,4560.0,37087.929,41609.898,11.328,10.147,10.147,,,PUNGGOL EAST,19.721
punggol_east,Punggol East,4562.0,37086.75,41608.283,10.62,9.858,9.858,,,PUNGGOL EAST,19.734
punggol_east,Punggol East,4564.0,37085.57,41606.668,9.121,9.569,9.569,,,PUNGGOL EAST,19.747
punggol_east,Punggol East,4566.0,37084.39,41605.053,9.28,9.28,9.428,,,PUNGGOL EAST,19.76
punggol_east,Punggol East,4568.0,37083.211,41603.438,7.293,9.354,9.354,,,PUNGGOL EAST,19.773
punggol_east,Punggol East,4570.0,37082.031,41601.823,9.428,9.428,9.336,-4.219,1.0,PUNGGOL EAST,19.786
punggol_east,Punggol East,4572.0,37080.852,41600.208,9.336,9.336,9.336,-6.363,1.0,PUNGGOL EAST,19.799
punggol_east,Punggol East,4574.0,37079.672,41598.593,6.758,9.09,9.09,-9.213,2.0,PUNGGOL EAST,19.812
punggol_east,Punggol East,4576.0,37078.492,41596.978,7.792,8.845,8.845,-12.283,2.0,PUNGGOL EAST,19.825
punggol_east,Punggol East,4578.0,37077.313,41595.363,12.741,8.599,8.599,-12.283,2.0,PUNGGOL EAST,19.838
punggol_east,Punggol East,4580.0,37076.133,41593.747,9.984,8.353,8.353,,,PUNGGOL EAST,19.851
punggol_east,Punggol East,4582.0,37074.953,41592.132,8.108,8.108,8.108,,,PUNGGOL EAST,19.864
punggol_east,Punggol East,4584.0,37073.774,41590.517,8.38,8.021,8.021,,,PUNGGOL EAST,19.877
punggol_east,Punggol East,4586.0,37072.594,41588.902,7.228,7.79,7.79,,,PUNGGOL EAST,19.89
punggol_east,Punggol East,4588.0,37071.414,41587.287,7.754,7.56,7.56,,,PUNGGOL EAST,19.903
punggol_east,Punggol East,4590.0,37070.235,41585.672,6.09,7.419,7.419,,,PUNGGOL EAST,19.916
punggol_east,Punggol East,4592.0,37069.055,41584.057,10.36,7.279,7.279,,,PUNGGOL EAST,19.929
punggol_east,Punggol East,4594.0,37067.875,41582.442,7.963,7.138,7.138,,,PUNGGOL EAST,19.942
punggol_east,Punggol East,4636.0,37043.103,41548.526,5.06,6.998,6.998,,,PUNGGOL EAST,20.331
punggol_east,Punggol East,4638.0,37041.923,41546.91,5.259,6.857,6.857,,,PUNGGOL EAST,20.355
punggol_east,Punggol East,4640.0,37040.744,41545.295,5.317,6.717,6.717,,,PUNGGOL EAST,20.379
punggol_east,Punggol East,4642.0,37039.564,41543.68,5.506,6.576,6.576,,,PUNGGOL EAST,20.403
punggol_east,Punggol East,4644.0,37038.384,41542.065,5.417,6.436,6.436,,,PUNGGOL EAST,20.426
punggol_east,Punggol East,4646.0,37037.205,41540.45,5.412,6.295,6.345,,,PUNGGOL EAST,20.45
punggol_east,Punggol East,4648.0,37036.025,41538.835,7.174,6.32,6.345,,,PUNGGOL EAST,20.474
punggol_east,Punggol East,4650.0,37034.845,41537.22,8.605,6.345,6.345,,,PUNGGOL EAST,20.498
punggol_east,Punggol East,4652.0,37033.666,41535.605,7.707,6.37,6.37,,,PUNGGOL EAST,20.522
punggol_east,Punggol East,4654.0,37032.486,41533.99,7.974,6.395,6.395,,,PUNGGOL EAST,20.546
punggol_east,Punggol East,4656.0,37031.307,41532.375,6.653,6.42,6.42,,,PUNGGOL EAST,20.57
punggol_east,Punggol East,4658.0,37030.127,41530.76,5.416,6.445,6.445,,,PUNGGOL EAST,20.593
punggol_east,Punggol East,4660.0,37028.947,41529.145,5.423,6.47,6.47,,,PUNGGOL EAST,20.617
punggol_east,Punggol East,4662.0,37027.768,41527.53,6.479,6.494,6.47,,,PUNGGOL EAST,20.641
punggol_east,Punggol East,4664.0,37026.588,41525.915,6.519,6.519,6.47,,,PUNGGOL EAST,20.665
punggol_east,Punggol East,4666.0,37025.408,41524.3,6.374,6.246,6.246,,,PUNGGOL EAST,20.689
punggol_east,Punggol East,4668.0,37024.229,41522.684,6.37,5.972,5.972,-12.894,2.0,PUNGGOL EAST,20.713
punggol_east,Punggol East,4670.0,37023.049,41521.069,5.41,5.698,5.698,,,PUNGGOL EAST,20.737
punggol_east,Punggol East,4672.0,37021.869,41519.454,5.425,5.425,5.438,,,PUNGGOL EAST,20.76
punggol_east,Punggol East,4674.0,37020.69,41517.839,5.438,5.438,5.425,,,PUNGGOL EAST,20.784
punggol_east,Punggol East,4676.0,37019.582,41516.176,5.413,5.413,5.416,,,PUNGGOL EAST,20.894
punggol_east,Punggol East,4678.0,37018.534,41514.473,5.416,5.416,5.413,,,PUNGGOL EAST,21.076
punggol_east,Punggol East,4680.0,37017.486,41512.769,6.024,5.356,5.356,-1.503,1.0,PUNGGOL EAST,21.259
punggol_east,Punggol East,4682.0,37016.376,41511.107,5.982,5.295,5.295,-1.472,1.0,PUNGGOL EAST,21.366
punggol_east,Punggol East,4684.0,37015.211,41509.481,5.235,5.235,5.295,,,PUNGGOL EAST,21.409
punggol_east,Punggol East,4686.0,37014.047,41507.854,5.246,5.246,5.295,,,PUNGGOL EAST,21.453
punggol_east,Punggol East,4688.0,37012.883,41506.228,5.513,5.513,5.513,5.103,1.0,PUNGGOL EAST,21.496
punggol_east,Punggol East,4690.0,37011.719,41504.602,5.569,5.569,5.569,5.225,1.0,PUNGGOL EAST,21.539
punggol_east,Punggol East,4692.0,37010.555,41502.975,5.704,5.704,5.704,5.347,1.0,PUNGGOL EAST,21.582
punggol_east,Punggol East,4694.0,37009.391,41501.349,5.937,5.937,5.937,5.106,1.0,PUNGGOL EAST,21.625
punggol_east,Punggol East,4696.0,37008.227,41499.723,5.941,5.941,5.941,4.865,1.0,PUNGGOL EAST,21.668
punggol_east,Punggol East,4698.0,37007.063,41498.096,5.709,6.029,6.029,,,PUNGGOL EAST,21.711
punggol_east,Punggol East,4700.0,37005.899,41496.47,6.116,6.116,6.093,,,PUNGGOL EAST,21.754
punggol_east,Punggol East,4702.0,37004.735,41494.843,5.713,6.105,6.093,,,PUNGGOL EAST,21.798
punggol_east,Punggol East,4704.0,37003.571,41493.217,6.164,6.093,6.093,,,PUNGGOL EAST,21.841
punggol_east,Punggol East,4706.0,37002.407,41491.591,6.561,6.081,6.081,,,PUNGGOL EAST,21.884
punggol_east,Punggol East,4708.0,37001.243,41489.964,5.723,6.069,6.069,,,PUNGGOL EAST,21.927
punggol_east,Punggol East,4710.0,37000.079,41488.338,6.169,6.057,6.057,,,PUNGGOL EAST,21.97
punggol_east,Punggol East,4712.0,36998.915,41486.712,6.045,5.814,5.814,,,PUNGGOL EAST,22.013
punggol_east,Punggol East,4714.0,36997.751,41485.085,6.32,5.571,5.571,,,PUNGGOL EAST,22.056
punggol_east,Punggol East,4716.0,36996.38,41483.632,5.328,5.328,5.37,,,PUNGGOL EAST,21.83
punggol_east,Punggol East,4718.0,36994.988,41482.196,5.37,5.37,5.37,,,PUNGGOL EAST,21.577
punggol_east,Punggol East,4720.0,36993.596,41480.759,5.37,5.37,5.37,,,PUNGGOL EAST,21.324
punggol_east,Punggol East,4722.0,36992.204,41479.323,5.358,5.538,5.538,,,PUNGGOL EAST,21.07
punggol_east,Punggol East,4724.0,36990.877,41477.83,6.19,5.706,5.706,,,PUNGGOL EAST,20.903
punggol_east,Punggol East,4726.0,36989.634,41476.264,5.979,5.98,5.98,,,PUNGGOL EAST,20.846
punggol_east,Punggol East,4728.0,36988.39,41474.698,6.402,6.253,6.253,,,PUNGGOL EAST,20.79
punggol_east,Punggol East,4730.0,36987.146,41473.131,6.527,6.527,6.527,,,PUNGGOL EAST,20.733
punggol_east,Punggol East,4732.0,36985.903,41471.565,6.554,6.554,6.554,,,PUNGGOL EAST,20.676
punggol_east,Punggol East,4734.0,36984.736,41469.941,6.619,6.619,6.619,,,PUNGGOL EAST,20.716
punggol_east,Punggol East,4736.0,36983.571,41468.315,5.467,6.639,6.639,,,PUNGGOL EAST,20.758
punggol_east,Punggol East,4738.0,36982.405,41466.69,6.143,6.66,6.66,,,PUNGGOL EAST,20.799
punggol_east,Punggol East,4740.0,36981.24,41465.064,6.979,6.681,6.681,,,PUNGGOL EAST,20.841
punggol_east,Punggol East,4742.0,36980.074,41463.439,7.883,6.701,6.701,,,PUNGGOL EAST,20.882
punggol_east,Punggol East,4744.0,36978.909,41461.814,5.797,6.722,6.722,,,PUNGGOL EAST,20.924
punggol_east,Punggol East,4746.0,36977.741,41460.19,6.978,6.742,6.742,,,PUNGGOL EAST,20.962
punggol_east,Punggol East,4748.0,36976.573,41458.567,8.009,6.763,6.763,,,PUNGGOL EAST,20.999
punggol_east,Punggol East,4750.0,36975.404,41456.944,6.738,6.783,6.783,,,PUNGGOL EAST,21.037
punggol_east,Punggol East,4752.0,36974.236,41455.321,5.971,6.804,6.804,,,PUNGGOL EAST,21.075
punggol_east,Punggol East,4754.0,36973.067,41453.697,6.943,6.825,6.804,,,PUNGGOL EAST,21.113
punggol_east,Punggol East,4756.0,36971.899,41452.074,6.845,6.845,6.804,,,PUNGGOL EAST,21.15
punggol_east,Punggol East,4758.0,36970.749,41450.438,6.74,6.74,6.74,,,PUNGGOL EAST,21.21
punggol_east,Punggol East,4760.0,36969.608,41448.796,7.625,6.706,6.706,-2.058,1.0,PUNGGOL EAST,21.282
punggol_east,Punggol East,4762.0,36968.467,41447.153,6.632,6.673,6.673,,,PUNGGOL EAST,21.353
punggol_east,Punggol East,4764.0,36967.295,41445.533,6.639,6.639,6.639,,,PUNGGOL EAST,21.386
punggol_east,Punggol East,4766.0,36966.1,41443.928,6.227,6.632,6.632,,,PUNGGOL EAST,21.391
punggol_east,Punggol East,4768.0,36964.906,41442.324,5.491,6.625,6.625,,,PUNGGOL EAST,21.397
punggol_east,Punggol East,4770.0,36963.712,41440.72,6.798,6.618,6.618,,,PUNGGOL EAST,21.403
punggol_east,Punggol East,4772.0,36962.517,41439.116,8.282,6.61,6.61,,,PUNGGOL EAST,21.408
punggol_east,Punggol East,4774.0,36961.323,41437.512,5.656,6.603,6.603,,,PUNGGOL EAST,21.414
punggol_east,Punggol East,4776.0,36960.105,41435.925,7.032,6.596,6.596,,,PUNGGOL EAST,21.39
punggol_east,Punggol East,4778.0,36958.88,41434.345,5.693,6.589,6.589,,,PUNGGOL EAST,21.356
punggol_east,Punggol East,4780.0,36957.654,41432.764,5.646,6.581,6.581,,,PUNGGOL EAST,21.323
punggol_east,Punggol East,4782.0,36956.428,41431.184,6.574,6.574,6.574,,,PUNGGOL EAST,21.289
punggol_east,Punggol East,4784.0,36955.203,41429.603,5.458,6.383,6.383,,,PUNGGOL EAST,21.255
punggol_east,Punggol East,4786.0,36953.989,41428.014,6.929,6.192,6.192,,,PUNGGOL EAST,21.236
punggol_east,Punggol East,4788.0,36952.834,41426.382,5.705,6.0,6.0,,,PUNGGOL EAST,21.29
punggol_east,Punggol East,4790.0,36951.678,41424.749,6.378,5.809,5.809,,,PUNGGOL EAST,21.344
punggol_east,Punggol East,4792.0,36950.523,41423.116,6.331,5.618,5.618,,,PUNGGOL EAST,21.391
punggol_east,Punggol East,4794.0,36949.275,41421.58,5.426,5.426,5.588,,,PUNGGOL EAST,21.268
punggol_east,Punggol East,4796.0,36947.598,41420.491,5.588,5.588,5.588,,,PUNGGOL EAST,20.536
punggol_east,Punggol East,4798.0,36945.92,41419.402,5.406,5.406,5.543,,,PUNGGOL EAST,19.804
punggol_east,Punggol East,4800.0,36944.242,41418.313,5.682,5.682,5.543,,,PUNGGOL EAST,19.071
punggol_east,Punggol East,4802.0,36942.565,41417.224,6.484,5.543,5.406,,,PUNGGOL EAST,18.339
punggol_east,Punggol East,4804.0,36940.887,41416.135,6.418,5.404,5.404,-4.076,1.0,PUNGGOL EAST,17.607
punggol_east,Punggol East,4806.0,36939.233,41415.416,5.889,5.266,5.266,,,PUNGGOL EAST,16.678
punggol_east,Punggol East,4808.0,36937.702,41416.703,5.127,5.127,5.217,,,PUNGGOL EAST,14.685
punggol_east,Punggol East,4810.0,36936.17,41417.99,5.172,5.172,5.217,,,PUNGGOL EAST,12.691
punggol_east,Punggol East,4812.0,36934.639,41419.276,5.217,5.217,5.217,,,PUNGGOL EAST,10.697
punggol_east,Punggol East,4814.0,36933.695,41420.871,6.762,5.241,5.241,0.902,1.0,PUNGGOL EAST,9.001
punggol_east,Punggol East,4816.0,36933.506,41422.862,5.262,5.265,5.265,1.323,1.0,PUNGGOL EAST,7.691
punggol_east,Punggol East,4818.0,36933.318,41424.853,5.289,5.289,5.289,,,PUNGGOL EAST,6.381
punggol_east,Punggol East,4820.0,36933.13,41426.844,5.323,5.323,5.323,,,PUNGGOL EAST,5.07
punggol_east,Punggol East,4822.0,36932.941,41428.835,5.341,5.341,5.341,,,PUNGGOL EAST,3.76
punggol_east,Punggol East,4824.0,36932.753,41430.826,5.357,5.357,5.357,,,PUNGGOL EAST,2.449
punggol_east,Punggol East,4826.0,36932.565,41432.817,5.369,5.8,5.8,,,PUNGGOL EAST,1.139
punggol_east,Punggol East,4828.0,36932.376,41434.808,5.361,6.243,6.243,,,PUNGGOL EAST,0.172
punggol_east,Punggol East,4860.0,36931.113,41466.064,6.312,6.686,6.686,,,PUNGGOL EAST,19.882
punggol_east,Punggol East,4862.0,36932.487,41467.517,7.364,,7.129,,,PUNGGOL EAST,19.653
punggol_east,Punggol East,4864.0,36933.861,41468.97,7.749,7.572,7.572,,,PUNGGOL EAST,19.424
punggol_east,Punggol East,4866.0,36935.235,41470.423,8.151,8.015,8.015,,,PUNGGOL EAST,19.195
punggol_east,Punggol East,4868.0,36936.61,41471.876,6.724,8.458,8.458,,,PUNGGOL EAST,18.967
punggol_east,Punggol East,4870.0,36937.984,41473.33,6.837,8.901,8.758,,,PUNGGOL EAST,18.738
punggol_east,Punggol East,4872.0,36939.358,41474.783,9.285,8.829,8.758,,,PUNGGOL EAST,18.509
punggol_east,Punggol East,4874.0,36940.732,41476.236,9.102,8.758,8.758,,,PUNGGOL EAST,18.28
punggol_east,Punggol East,4876.0,36942.106,41477.689,8.567,8.686,8.758,,,PUNGGOL EAST,18.051
punggol_east,Punggol East,4878.0,36943.48,41479.142,8.614,8.614,8.686,,,PUNGGOL EAST,17.822
punggol_east,Punggol East,4880.0,36944.855,41480.595,8.858,8.858,8.623,,,PUNGGOL EAST,17.593
punggol_east,Punggol East,4882.0,36946.229,41482.049,8.623,8.623,8.614,,,PUNGGOL EAST,17.364
punggol_east,Punggol East,4884.0,36947.603,41483.502,7.583,8.473,8.473,,,PUNGGOL EAST,17.135
punggol_east,Punggol East,4886.0,36948.977,41484.955,9.846,8.324,8.324,,,PUNGGOL EAST,16.906
punggol_east,Punggol East,4888.0,36950.351,41486.408,10.218,8.174,8.174,,,PUNGGOL EAST,16.678
punggol_east,Punggol East,4890.0,36951.725,41487.861,9.509,8.025,8.025,,,PUNGGOL EAST,16.449
punggol_east,Punggol East,4892.0,36953.1,41489.314,9.447,7.799,7.799,,,PUNGGOL EAST,16.22
punggol_east,Punggol East,4894.0,36954.474,41490.768,7.726,7.573,7.573,,,PUNGGOL EAST,15.991
punggol_east,Punggol East,4896.0,36955.848,41492.221,8.876,7.291,7.291,,,PUNGGOL EAST,15.762
punggol_east,Punggol East,4898.0,36957.222,41493.674,5.706,7.01,7.01,,,PUNGGOL EAST,15.533
punggol_east,Punggol East,4900.0,36958.596,41495.127,7.056,6.728,6.728,,,PUNGGOL EAST,15.304
punggol_east,Punggol East,4902.0,36959.912,41496.626,5.711,6.486,6.486,,,PUNGGOL EAST,15.149
punggol_east,Punggol East,4904.0,36960.98,41498.317,5.591,6.244,6.244,,,PUNGGOL EAST,15.308
punggol_east,Punggol East,4906.0,36962.048,41500.008,5.654,6.003,6.003,,,PUNGGOL EAST,15.467
punggol_east,Punggol East,4908.0,36963.116,41501.699,7.851,5.761,5.975,,,PUNGGOL EAST,15.626
punggol_east,Punggol East,4910.0,36964.184,41503.39,7.356,5.868,5.975,,,PUNGGOL EAST,15.784
punggol_east,Punggol East,4912.0,36965.252,41505.081,5.799,5.975,5.975,,,PUNGGOL EAST,15.943
punggol_east,Punggol East,4914.0,36966.32,41506.772,6.082,6.082,6.082,,,PUNGGOL EAST,16.102
punggol_east,Punggol East,4916.0,36967.388,41508.463,6.252,6.252,6.252,,,PUNGGOL EAST,16.26
punggol_east,Punggol East,4918.0,36968.456,41510.153,7.424,6.474,6.474,,,PUNGGOL EAST,16.419
punggol_east,Punggol East,4920.0,36969.524,41511.844,6.848,6.697,6.697,,,PUNGGOL EAST,16.578
punggol_east,Punggol East,4922.0,36970.592,41513.535,5.674,6.92,6.92,,,PUNGGOL EAST,16.737
punggol_east,Punggol East,4924.0,36971.66,41515.226,6.315,7.142,7.142,,,PUNGGOL EAST,16.895
punggol_east,Punggol East,4926.0,36972.728,41516.917,7.013,7.365,7.365,,,PUNGGOL EAST,17.054
punggol_east,Punggol East,4928.0,36973.792,41518.61,7.681,7.588,7.588,,,PUNGGOL EAST,17.217
punggol_east,Punggol East,4930.0,36974.85,41520.308,7.535,7.811,7.811,,,PUNGGOL EAST,17.387
punggol_east,Punggol East,4932.0,36975.908,41522.005,8.034,8.034,7.811,,,PUNGGOL EAST,17.558
punggol_east,Punggol East,4934.0,36976.966,41523.702,8.322,7.863,7.811,,,PUNGGOL EAST,17.728
punggol_east,Punggol East,4936.0,36978.024,41525.4,6.335,7.693,7.693,,,PUNGGOL EAST,17.899
punggol_east,Punggol East,4938.0,36979.082,41527.097,7.734,7.602,7.602,,,PUNGGOL EAST,18.07
punggol_east,Punggol East,4940.0,36980.035,41528.855,5.587,7.512,7.512,,,PUNGGOL EAST,18.36
punggol_east,Punggol East,4942.0,36980.98,41530.618,8.149,7.421,7.421,,,PUNGGOL EAST,18.661
punggol_east,Punggol East,4944.0,36981.925,41532.38,6.025,7.33,7.33,,,PUNGGOL EAST,18.961
punggol_east,Punggol East,4946.0,36982.869,41534.143,6.15,7.239,7.29,,,PUNGGOL EAST,19.262
punggol_east,Punggol East,4948.0,36983.814,41535.906,7.149,7.149,7.29,,,PUNGGOL EAST,19.562
punggol_east,Punggol East,4950.0,36984.777,41537.659,8.827,7.29,7.29,,,PUNGGOL EAST,19.842
punggol_east,Punggol East,4952.0,36985.788,41539.384,10.066,7.432,7.432,,,PUNGGOL EAST,20.067
punggol_east,Punggol East,4954.0,36986.799,41541.11,7.574,7.574,7.506,,,PUNGGOL EAST,20.292
punggol_east,Punggol East,4956.0,36987.81,41542.835,6.564,7.54,7.506,,,PUNGGOL EAST,20.517
punggol_east,Punggol East,4958.0,36988.956,41544.465,5.783,7.506,7.506,,,PUNGGOL EAST,20.577
punggol_east,Punggol East,4960.0,36990.25,41545.99,6.655,7.472,7.472,,,PUNGGOL EAST,20.455
punggol_east,Punggol East,4962.0,36991.544,41547.515,7.237,7.438,7.472,,,PUNGGOL EAST,20.333
punggol_east,Punggol East,4964.0,36992.838,41549.041,9.732,7.404,7.472,,,PUNGGOL EAST,20.212
punggol_east,Punggol East,4966.0,36994.132,41550.566,7.572,7.681,7.681,,,PUNGGOL EAST,20.09
punggol_east,Punggol East,4968.0,36995.411,41552.102,11.109,7.958,7.958,,,PUNGGOL EAST,19.988
punggol_east,Punggol East,4970.0,36996.604,41553.708,7.158,8.189,8.189,,,PUNGGOL EAST,19.995
punggol_east,Punggol East,4972.0,36997.797,41555.313,8.73,8.419,8.419,,,PUNGGOL EAST,20.002
punggol_east,Punggol East,4974.0,36998.99,41556.918,7.381,8.65,8.65,,,PUNGGOL EAST,20.009
punggol_east,Punggol East,4976.0,37000.183,41558.523,11.664,8.88,8.864,,,PUNGGOL EAST,20.017
punggol_east,Punggol East,4978.0,37001.376,41560.129,9.429,9.11,8.864,,,PUNGGOL EAST,20.024
punggol_east,Punggol East,4980.0,37002.569,41561.734,5.331,8.864,8.864,,,PUNGGOL EAST,20.031
punggol_east,Punggol East,4982.0,37003.762,41563.339,9.253,8.618,8.618,,,PUNGGOL EAST,20.038
punggol_east,Punggol East,4984.0,37004.955,41564.944,8.796,8.383,8.383,,,PUNGGOL EAST,20.046
punggol_east,Punggol East,4986.0,37006.148,41566.549,5.317,8.148,8.148,,,PUNGGOL EAST,20.053
punggol_east,Punggol East,4988.0,37007.341,41568.155,7.203,7.914,8.148,,,PUNGGOL EAST,20.06
punggol_east,Punggol East,4990.0,37008.534,41569.76,5.281,8.101,8.148,,,PUNGGOL EAST,20.067
punggol_east,Punggol East,4992.0,37009.727,41571.365,7.465,8.288,8.288,,,PUNGGOL EAST,20.075
punggol_east,Punggol East,4994.0,37010.92,41572.97,5.147,8.475,8.475,,,PUNGGOL EAST,20.082
punggol_east,Punggol East,5036.0,37035.974,41606.68,5.26,8.663,8.663,,,PUNGGOL EAST,20.12
punggol_east,Punggol East,5038.0,37037.167,41608.285,5.264,8.85,8.85,,,PUNGGOL EAST,20.116
punggol_east,Punggol East,5040.0,37038.36,41609.89,8.091,9.037,9.037,,,PUNGGOL EAST,20.113
punggol_east,Punggol East,5042.0,37039.553,41611.495,10.124,9.225,9.225,,,PUNGGOL EAST,20.109
punggol_east,Punggol East,5044.0,37040.746,41613.1,5.147,9.412,9.412,,,PUNGGOL EAST,20.105
punggol_east,Punggol East,5046.0,37041.939,41614.706,10.122,9.599,9.599,,,PUNGGOL EAST,20.102
punggol_east,Punggol East,5048.0,37043.132,41616.311,10.991,9.786,9.786,,,PUNGGOL EAST,20.098
punggol_east,Punggol East,5050.0,37044.325,41617.916,11.129,9.974,9.974,,,PUNGGOL EAST,20.094
punggol_east,Punggol East,5052.0,37045.518,41619.521,10.61,10.161,10.161,,,PUNGGOL EAST,20.091
punggol_east,Punggol East,5054.0,37046.711,41621.126,9.065,10.348,10.348,,,PUNGGOL EAST,20.087
punggol_east,Punggol East,5056.0,37047.904,41622.732,10.725,10.536,10.348,,,PUNGGOL EAST,20.083
punggol_east,Punggol East,5058.0,37049.097,41624.337,10.404,10.404,10.348,,,PUNGGOL EAST,20.08
punggol_east,Punggol East,5060.0,37050.29,41625.942,10.34,10.34,10.404,,,PUNGGOL EAST,20.076
punggol_east,Punggol East,5062.0,37051.483,41627.547,10.347,10.347,10.404,,,PUNGGOL EAST,20.072
punggol_east,Punggol East,5064.0,37052.668,41629.158,11.705,10.498,10.347,,,PUNGGOL EAST,20.079
punggol_east,Punggol East,5066.0,37053.816,41630.796,11.636,10.417,10.347,,,PUNGGOL EAST,20.131
punggol_east,Punggol East,5068.0,37054.963,41632.434,10.799,10.337,10.337,,,PUNGGOL EAST,20.183
punggol_east,Punggol East,5070.0,37056.111,41634.072,9.879,10.048,10.048,,,PUNGGOL EAST,20.236
punggol_east,Punggol East,5072.0,37057.259,41635.71,9.714,9.759,9.759,,,PUNGGOL EAST,20.288
punggol_east,Punggol East,5074.0,37058.407,41637.348,11.348,9.47,9.47,,,PUNGGOL EAST,20.34
punggol_east,Punggol East,5076.0,37059.554,41638.986,11.251,9.225,9.225,,,PUNGGOL EAST,20.392
punggol_east,Punggol East,5078.0,37060.702,41640.624,9.343,8.981,8.981,,,PUNGGOL EAST,20.444
punggol_east,Punggol East,5080.0,37061.85,41642.262,8.008,8.736,8.736,,,PUNGGOL EAST,20.497
punggol_east,Punggol East,5082.0,37062.997,41643.899,6.98,8.491,8.491,,,PUNGGOL EAST,20.549
punggol_east,Punggol East,5084.0,37064.145,41645.537,6.914,8.247,8.247,,,PUNGGOL EAST,20.601
punggol_east,Punggol East,5086.0,37065.293,41647.175,8.002,8.002,8.002,,,PUNGGOL EAST,20.653
punggol_east,Punggol East,5088.0,37066.441,41648.813,9.024,7.742,7.742,,,PUNGGOL EAST,20.706
punggol_east,Punggol East,5090.0,37067.588,41650.451,8.764,7.482,7.482,,,PUNGGOL EAST,20.758
punggol_east,Punggol East,5092.0,37068.721,41652.099,7.222,7.222,7.222,,,PUNGGOL EAST,20.829
punggol_east,Punggol East,5094.0,37069.8,41653.783,5.361,6.981,6.981,,,PUNGGOL EAST,20.963
punggol_east,Punggol East,5096.0,37070.88,41655.466,5.527,6.741,6.741,,,PUNGGOL EAST,21.097
punggol_east,Punggol East,5098.0,37071.96,41657.15,6.79,6.477,6.477,,,PUNGGOL EAST,21.231
punggol_east,Punggol East,5100.0,37073.039,41658.833,7.145,6.214,6.214,,,PUNGGOL EAST,21.365
punggol_east,Punggol East,5102.0,37074.142,41660.502,7.112,5.95,5.95,,,PUNGGOL EAST,21.472
punggol_east,Punggol East,5104.0,37075.261,41662.159,5.394,5.687,5.687,,,PUNGGOL EAST,21.558
punggol_east,Punggol East,5106.0,37076.381,41663.817,5.424,5.424,5.687,,,PUNGGOL EAST,21.644
punggol_east,Punggol East,5108.0,37077.5,41665.474,5.405,5.619,5.687,,,PUNGGOL EAST,21.731
punggol_east,Punggol East,5110.0,37078.62,41667.131,5.388,5.814,5.814,,,PUNGGOL EAST,21.817
punggol_east,Punggol East,5112.0,37079.74,41668.788,5.38,6.078,6.078,,,PUNGGOL EAST,21.904
punggol_east,Punggol East,5114.0,37080.859,41670.446,5.63,6.341,6.341,,,PUNGGOL EAST,21.99
punggol_east,Punggol East,5116.0,37081.979,41672.103,5.385,6.61,6.61,,,PUNGGOL EAST,22.009
punggol_east,Punggol East,5118.0,37083.098,41673.76,9.25,6.879,6.879,,,PUNGGOL EAST,22.02
punggol_east,Punggol East,5120.0,37084.218,41675.418,7.694,7.148,7.148,,,PUNGGOL EAST,22.032
punggol_east,Punggol East,5122.0,37085.337,41677.075,5.522,7.417,7.417,,,PUNGGOL EAST,22.043
punggol_east,Punggol East,5124.0,37086.457,41678.732,8.006,7.685,7.685,,,PUNGGOL EAST,22.054
punggol_east,Punggol East,5126.0,37087.576,41680.389,7.954,7.954,7.954,,,PUNGGOL EAST,22.066
punggol_east,Punggol East,5128.0,37088.696,41682.047,6.594,8.239,8.239,,,PUNGGOL EAST,22.077
punggol_east,Punggol East,5130.0,37089.816,41683.704,9.17,8.524,8.524,,,PUNGGOL EAST,22.088
punggol_east,Punggol East,5132.0,37090.944,41685.355,7.985,8.809,8.809,,,PUNGGOL EAST,22.089
punggol_east,Punggol East,5134.0,37092.139,41686.959,9.286,9.094,9.094,,,PUNGGOL EAST,22.008
punggol_east,Punggol East,5136.0,37093.334,41688.562,9.379,9.379,9.094,,,PUNGGOL EAST,21.926
punggol_east,Punggol East,5138.0,37094.529,41690.166,5.373,9.213,9.094,,,PUNGGOL EAST,21.845
punggol_east,Punggol East,5140.0,37095.725,41691.769,5.395,9.046,9.046,-2.672,1.0,PUNGGOL EAST,21.763
punggol_east,Punggol East,5142.0,37096.906,41693.383,8.88,8.88,8.99,-3.732,1.0,PUNGGOL EAST,21.699
punggol_east,Punggol East,5144.0,37098.058,41695.018,8.795,8.795,8.88,-5.564,1.0,PUNGGOL EAST,21.671
punggol_east,Punggol East,5146.0,37099.211,41696.653,8.99,8.99,8.795,-7.396,1.0,PUNGGOL EAST,21.642
punggol_east,Punggol East,5148.0,37100.363,41698.287,8.367,8.694,8.694,,,PUNGGOL EAST,21.613
punggol_east,Punggol East,5150.0,37101.515,41699.922,8.399,8.399,8.399,,,PUNGGOL EAST,21.585
punggol_east,Punggol East,5152.0,37102.668,41701.556,8.81,8.2,8.2,,,PUNGGOL EAST,21.556
punggol_east,Punggol East,5154.0,37103.82,41703.191,5.889,8.002,8.002,,,PUNGGOL EAST,21.528
punggol_east,Punggol East,5156.0,37104.972,41704.826,7.012,7.803,7.803,,,PUNGGOL EAST,21.499
punggol_east,Punggol East,5158.0,37106.125,41706.46,7.021,7.605,7.605,,,PUNGGOL EAST,21.47
punggol_east,Punggol East,5160.0,37107.277,41708.095,7.406,7.406,7.553,,,PUNGGOL EAST,21.442
punggol_east,Punggol East,5162.0,37108.43,41709.73,7.715,7.479,7.479,,,PUNGGOL EAST,21.413
punggol_east,Punggol East,5164.0,37109.582,41711.364,7.046,7.553,7.427,,,PUNGGOL EAST,21.385
punggol_east,Punggol East,5166.0,37110.734,41712.999,7.541,7.427,7.427,,,PUNGGOL EAST,21.356
punggol_east,Punggol East,5168.0,37111.887,41714.633,7.699,7.301,7.301,,,PUNGGOL EAST,21.327
punggol_east,Punggol East,5170.0,37113.039,41716.268,7.434,7.063,7.063,,,PUNGGOL EAST,21.299
punggol_east,Punggol East,5172.0,37114.214,41717.885,7.339,6.824,6.824,,,PUNGGOL EAST,21.242
punggol_east,Punggol East,5174.0,37115.502,41719.415,6.328,6.585,6.585,,,PUNGGOL EAST,21.042
punggol_east,Punggol East,5176.0,37116.791,41720.945,6.347,6.347,6.347,,,PUNGGOL EAST,20.842
punggol_east,Punggol East,5178.0,37118.079,41722.475,6.294,6.294,6.347,,,PUNGGOL EAST,20.642
punggol_east,Punggol East,5180.0,37119.368,41724.004,6.284,6.284,6.347,,,PUNGGOL EAST,20.441
punggol_east,Punggol East,5182.0,37120.657,41725.533,5.621,6.456,6.456,,,PUNGGOL EAST,20.24
punggol_east,Punggol East,5184.0,37121.947,41727.062,6.288,6.629,6.629,7.85,1.0,PUNGGOL EAST,20.041
punggol_east,Punggol East,5186.0,37123.236,41728.59,6.182,6.802,6.802,,,PUNGGOL EAST,19.883
punggol_east,Punggol East,5188.0,37124.526,41730.119,6.975,6.975,6.975,,,PUNGGOL EAST,19.725
punggol_east,Punggol East,5190.0,37125.798,41731.663,7.132,7.132,7.044,,,PUNGGOL EAST,19.591
punggol_east,Punggol East,5192.0,37127.061,41733.213,5.43,7.088,7.088,2.492,1.0,PUNGGOL EAST,19.467
punggol_east,Punggol East,5194.0,37128.324,41734.764,7.044,7.044,7.132,2.593,1.0,PUNGGOL EAST,19.344
punggol_east,Punggol East,5196.0,37129.587,41736.314,5.408,7.174,7.174,,,PUNGGOL EAST,19.22
punggol_east,Punggol East,5198.0,37130.85,41737.865,7.304,7.304,7.252,,,PUNGGOL EAST,19.097
punggol_east,Punggol East,5200.0,37132.114,41739.416,7.967,7.278,7.252,0.695,1.0,PUNGGOL EAST,18.973
punggol_east,Punggol East,5202.0,37133.164,41741.116,7.288,7.252,7.252,-0.277,1.0,PUNGGOL EAST,19.11
punggol_east,Punggol East,5204.0,37134.202,41742.826,7.226,7.226,7.23,,,PUNGGOL EAST,19.263
punggol_east,Punggol East,5206.0,37135.239,41744.536,7.112,7.112,7.23,,,PUNGGOL EAST,19.415
punggol_east,Punggol East,5208.0,37136.277,41746.246,7.973,7.23,7.23,,,PUNGGOL EAST,19.568
punggol_east,Punggol East,5210.0,37137.315,41747.955,6.821,7.347,7.347,,,PUNGGOL EAST,19.721
punggol_east,Punggol East,5212.0,37138.352,41749.665,6.865,7.636,7.636,,,PUNGGOL EAST,19.873
punggol_east,Punggol East,5214.0,37139.39,41751.375,6.402,7.925,7.925,,,PUNGGOL EAST,20.026
punggol_east,Punggol East,5216.0,37140.428,41753.085,6.462,8.214,8.214,,,PUNGGOL EAST,20.178
punggol_east,Punggol East,5218.0,37141.466,41754.794,8.575,8.503,8.503,,,PUNGGOL EAST,20.331
punggol_east,Punggol East,5220.0,37142.503,41756.504,8.819,8.792,8.792,,,PUNGGOL EAST,20.483
punggol_east,Punggol East,5222.0,37143.541,41758.214,10.018,9.08,9.08,,,PUNGGOL EAST,20.636
punggol_east,Punggol East,5224.0,37144.579,41759.923,9.59,9.369,9.369,,,PUNGGOL EAST,20.788
punggol_east,Punggol East,5226.0,37145.616,41761.633,5.914,9.487,9.369,,,PUNGGOL EAST,20.941
punggol_east,Punggol East,5228.0,37146.758,41763.275,6.128,9.384,9.369,,,PUNGGOL EAST,20.969
punggol_east,Punggol East,5230.0,37147.918,41764.904,6.032,9.282,9.282,,,PUNGGOL EAST,20.975
punggol_east,Punggol East,5232.0,37149.078,41766.533,9.179,9.179,9.179,,,PUNGGOL EAST,20.982
punggol_east,Punggol East,5234.0,37150.238,41768.162,11.686,8.793,8.793,,,PUNGGOL EAST,20.988
punggol_east,Punggol East,5236.0,37151.398,41769.792,10.39,8.407,8.407,,,PUNGGOL EAST,20.994
punggol_east,Punggol East,5238.0,37152.551,41771.425,11.596,8.02,8.02,,,PUNGGOL EAST,21.008
punggol_east,Punggol East,5240.0,37153.673,41773.081,6.306,,7.634,,,PUNGGOL EAST,21.061
punggol_east,Punggol East,5242.0,37154.794,41774.737,5.676,7.248,7.248,,,PUNGGOL EAST,21.114
punggol_east,Punggol East,5244.0,37155.916,41776.393,5.056,6.862,6.862,,,PUNGGOL EAST,21.167
punggol_east,Punggol East,5246.0,37157.027,41778.056,5.374,6.475,6.475,,,PUNGGOL EAST,21.232
punggol_east,Punggol East,5248.0,37158.12,41779.731,5.305,6.089,6.089,,,PUNGGOL EAST,21.32
punggol_east,Punggol East,5250.0,37159.212,41781.406,5.703,5.917,6.04,,,PUNGGOL EAST,21.408
punggol_east,Punggol East,5252.0,37160.305,41783.082,5.744,5.744,6.04,,,PUNGGOL EAST,21.496
punggol_east,Punggol East,5254.0,37161.397,41784.757,6.337,6.04,6.04,,,PUNGGOL EAST,21.584
punggol_east,Punggol East,5256.0,37162.49,41786.432,6.337,6.337,6.04,,,PUNGGOL EAST,21.672
punggol_east,Punggol East,5258.0,37163.581,41788.108,6.204,6.103,6.04,,,PUNGGOL EAST,21.761
punggol_east,Punggol East,5260.0,37164.673,41789.784,5.552,5.87,5.87,-3.329,1.0,PUNGGOL EAST,21.85
punggol_east,Punggol East,5262.0,37165.765,41791.459,5.536,5.693,5.774,,,PUNGGOL EAST,21.938
punggol_east,Punggol East,5264.0,37166.857,41793.135,5.515,5.515,5.774,,,PUNGGOL EAST,22.027
punggol_east,Punggol East,5266.0,37167.949,41794.811,6.291,5.774,5.774,,,PUNGGOL EAST,22.116
punggol_east,Punggol East,5268.0,37169.157,41796.403,7.285,6.033,5.775,,,PUNGGOL EAST,22.061
punggol_east,Punggol East,5270.0,37170.401,41797.969,5.775,5.775,5.953,,,PUNGGOL EAST,21.962
punggol_east,Punggol East,5272.0,37171.645,41799.534,4.922,5.953,6.033,6.672,1.0,PUNGGOL EAST,21.863
punggol_east,Punggol East,5274.0,37172.889,41801.1,6.234,6.131,6.131,,,PUNGGOL EAST,21.764
punggol_east,Punggol East,5276.0,37174.12,41802.677,6.309,6.309,6.309,,,PUNGGOL EAST,21.682
punggol_east,Punggol East,5278.0,37175.313,41804.282,4.891,6.316,6.316,,,PUNGGOL EAST,21.648
punggol_east,Punggol East,5280.0,37176.506,41805.887,4.896,6.324,6.324,0.187,1.0,PUNGGOL EAST,21.613
punggol_east,Punggol East,5282.0,37177.699,41807.493,6.93,6.332,6.324,,,PUNGGOL EAST,21.579
punggol_east,Punggol East,5284.0,37178.892,41809.098,6.339,6.339,6.324,,,PUNGGOL EAST,21.544
punggol_east,Punggol East,5286.0,37180.139,41810.658,6.304,6.064,6.064,,,PUNGGOL EAST,21.439
punggol_east,Punggol East,5288.0,37181.474,41812.147,6.45,5.789,5.789,,,PUNGGOL EAST,21.221
punggol_east,Punggol East,5290.0,37182.81,41813.636,5.738,5.514,5.514,,,PUNGGOL EAST,21.003
punggol_east,Punggol East,5292.0,37184.145,41815.125,5.118,5.324,5.35,,,PUNGGOL EAST,20.785
punggol_east,Punggol East,5294.0,37185.481,41816.614,5.135,5.135,5.35,,,PUNGGOL EAST,20.567
punggol_east,Punggol East,5296.0,37186.788,41818.127,5.138,5.35,5.35,,,PUNGGOL EAST,20.386
punggol_east,Punggol East,5298.0,37188.044,41819.683,5.566,5.566,5.566,,,PUNGGOL EAST,20.271
punggol_east,Punggol East,5300.0,37189.301,41821.239,6.363,5.784,5.784,,,PUNGGOL EAST,20.156
punggol_east,Punggol East,5302.0,37190.558,41822.795,5.693,6.001,6.001,10.284,2.0,PUNGGOL EAST,20.041
punggol_east,Punggol East,5304.0,37191.814,41824.351,5.578,6.219,6.219,,,PUNGGOL EAST,19.926
punggol_east,Punggol East,5306.0,37193.071,41825.907,6.437,6.437,6.389,,,PUNGGOL EAST,19.811
punggol_east,Punggol East,5308.0,37194.327,41827.463,6.389,6.389,6.437,,,PUNGGOL EAST,19.696
punggol_east,Punggol East,5310.0,37195.547,41829.046,6.653,6.653,6.437,,,PUNGGOL EAST,19.627
punggol_east,Punggol East,5312.0,37196.674,41830.698,7.182,6.448,6.389,,,PUNGGOL EAST,19.674
punggol_east,Punggol East,5314.0,37197.8,41832.351,6.139,6.243,6.243,,,PUNGGOL EAST,19.722
punggol_east,Punggol East,5316.0,37198.926,41834.004,6.528,6.038,6.038,,,PUNGGOL EAST,19.769
punggol_east,Punggol East,5318.0,37199.928,41835.733,5.834,5.834,6.038,,,PUNGGOL EAST,19.962
punggol_east,Punggol East,5320.0,37200.893,41837.485,5.629,5.964,6.038,,,PUNGGOL EAST,20.197
punggol_east,Punggol East,5322.0,37201.858,41839.236,5.848,6.094,6.09,,,PUNGGOL EAST,20.433
punggol_east,Punggol East,5324.0,37202.824,41840.988,9.098,6.092,6.09,,,PUNGGOL EAST,20.669
punggol_east,Punggol East,5326.0,37203.614,41842.771,5.544,6.09,6.09,,,PUNGGOL EAST,21.065
punggol_east,Punggol East,5328.0,37203.326,41844.75,10.474,6.088,6.088,,,PUNGGOL EAST,22.453
punggol_east,Punggol East,5330.0,37203.037,41846.729,8.036,6.086,6.086,,,PUNGGOL EAST,23.841
punggol_east,Punggol East,5332.0,37202.748,41848.708,7.502,6.084,6.084,,,PUNGGOL EAST,25.228
punggol_east,Punggol East,5334.0,37202.459,41850.687,5.868,6.082,6.082,,,PUNGGOL EAST,26.616
punggol_east,Punggol East,5336.0,37202.131,41852.66,6.175,6.08,6.08,,,PUNGGOL EAST,28.031
punggol_east,Punggol East,5338.0,37201.777,41854.629,5.967,6.078,6.08,,,PUNGGOL EAST,29.466
punggol_east,Punggol East,5340.0,37201.423,41856.597,6.076,6.076,6.08,,,PUNGGOL EAST,30.9
punggol_east,Punggol East,5342.0,37201.069,41858.565,6.123,6.123,6.123,,,PUNGGOL EAST,32.335
punggol_east,Punggol East,5344.0,37200.715,41860.534,6.294,6.39,6.39,,,PUNGGOL EAST,33.769
punggol_east,Punggol East,5346.0,37200.82,41862.462,7.863,6.657,6.657,,,PUNGGOL EAST,34.807
punggol_east,Punggol East,5348.0,37201.511,41864.339,8.584,7.02,7.02,,,PUNGGOL EAST,35.339
punggol_east,Punggol East,5350.0,37202.202,41866.216,9.264,7.382,7.382,,,PUNGGOL EAST,35.871
punggol_east,Punggol East,5352.0,37202.893,41868.092,7.561,7.745,7.745,,,PUNGGOL EAST,36.402
punggol_east,Punggol East,5354.0,37203.584,41869.969,6.789,,8.108,,,PUNGGOL EAST,36.934
punggol_east,Punggol East,5356.0,37204.275,41871.846,9.784,,8.471,,,PUNGGOL EAST,37.465
punggol_east,Punggol East,5358.0,37205.383,41873.456,7.946,8.834,8.834,,,PUNGGOL EAST,37.503
punggol_east,Punggol East,5360.0,37206.799,41874.868,9.73,9.196,9.196,,,PUNGGOL EAST,37.175
punggol_east,Punggol East,5362.0,37208.215,41876.281,10.074,9.559,9.559,,,PUNGGOL EAST,36.847
punggol_east,Punggol East,5364.0,37209.631,41877.694,9.184,9.922,9.922,,,PUNGGOL EAST,36.519
punggol_east,Punggol East,5366.0,37211.046,41879.106,9.038,10.001,9.922,,,PUNGGOL EAST,36.191
punggol_east,Punggol East,5368.0,37212.462,41880.519,10.648,10.08,9.922,,,PUNGGOL EAST,35.863
punggol_east,Punggol East,5370.0,37213.878,41881.931,11.017,9.875,9.875,,,PUNGGOL EAST,35.535
punggol_east,Punggol East,5372.0,37215.294,41883.344,11.34,9.67,9.67,,,PUNGGOL EAST,35.207
punggol_east,Punggol East,5374.0,37216.71,41884.757,10.454,9.465,9.465,,,PUNGGOL EAST,34.879
punggol_east,Punggol East,5376.0,37218.126,41886.169,14.104,9.071,9.071,,,PUNGGOL EAST,34.551
punggol_east,Punggol East,5378.0,37219.541,41887.582,13.07,8.677,8.677,,,PUNGGOL EAST,34.223
punggol_east,Punggol East,5380.0,37220.957,41888.994,8.88,8.283,8.283,,,PUNGGOL EAST,33.896
punggol_east,Punggol East,5382.0,37222.373,41890.407,10.297,,7.889,,,PUNGGOL EAST,33.568
punggol_east,Punggol East,5384.0,37223.789,41891.819,7.852,,7.495,,,PUNGGOL EAST,33.24
punggol_east,Punggol East,5386.0,37225.205,41893.232,6.048,7.101,7.101,,,PUNGGOL EAST,32.912
punggol_east,Punggol East,5388.0,37226.621,41894.645,6.463,6.707,6.707,,,PUNGGOL EAST,32.584
punggol_east,Punggol East,5390.0,37228.036,41896.057,6.464,6.312,6.312,,,PUNGGOL EAST,32.256
punggol_east,Punggol East,5392.0,37229.452,41897.47,5.918,5.918,5.918,,,PUNGGOL EAST,31.928
punggol_east,Punggol East,5394.0,37230.868,41898.882,6.203,5.876,5.876,,,PUNGGOL EAST,31.6
punggol_east,Punggol East,5396.0,37232.284,41900.295,5.834,5.834,5.876,0.266,1.0,PUNGGOL EAST,31.272
punggol_east,Punggol East,5398.0,37233.7,41901.708,5.808,5.808,5.876,,,PUNGGOL EAST,30.944
punggol_east,Punggol East,5400.0,37235.116,41903.12,5.94,5.94,5.94,,,PUNGGOL EAST,30.616
punggol_east,Punggol East,5402.0,37236.531,41904.533,7.319,5.952,5.952,,,PUNGGOL EAST,30.288
punggol_east,Punggol East,5404.0,37237.947,41905.945,7.659,5.964,5.964,0.302,1.0,PUNGGOL EAST,29.961
punggol_east,Punggol East,5406.0,37239.363,41907.358,6.281,5.976,5.964,,,PUNGGOL EAST,29.633
punggol_east,Punggol East,5408.0,37240.779,41908.771,5.988,5.988,5.964,,,PUNGGOL EAST,29.305
punggol_east,Punggol East,5464.0,37278.782,41940.673,5.341,5.946,5.946,,,PUNGGOL EAST,17.043
punggol_east,Punggol East,5466.0,37280.771,41940.878,5.893,5.904,5.904,-0.096,1.0,PUNGGOL EAST,15.548
punggol_east,Punggol East,5468.0,37282.761,41941.083,5.862,5.862,5.904,,,PUNGGOL EAST,14.053
punggol_east,Punggol East,5470.0,37284.75,41941.288,8.186,5.704,5.904,,,PUNGGOL EAST,12.558
punggol_east,Punggol East,5472.0,37286.74,41941.492,5.545,6.093,6.093,,,PUNGGOL EAST,11.064
punggol_east,Punggol East,5474.0,37288.729,41941.697,5.886,6.481,6.481,,,PUNGGOL EAST,9.569
punggol_east,Punggol East,5476.0,37290.719,41941.902,5.903,6.87,6.87,,,PUNGGOL EAST,8.074
punggol_east,Punggol East,5478.0,37292.708,41942.107,6.048,7.031,7.031,,,PUNGGOL EAST,6.58
punggol_east,Punggol East,5480.0,37294.698,41942.311,8.302,7.192,7.031,,,PUNGGOL EAST,5.085
punggol_east,Punggol East,5482.0,37296.687,41942.516,12.589,7.048,7.031,,,PUNGGOL EAST,3.59
punggol_east,Punggol East,5484.0,37298.677,41942.721,11.419,6.905,6.905,,,PUNGGOL EAST,2.095
punggol_east,Punggol East,5486.0,37300.666,41942.926,10.274,6.761,6.761,,,PUNGGOL EAST,0.601
punggol_east,Punggol East,5488.0,37302.656,41943.131,12.066,6.618,6.618,,,PUNGGOL EAST,0.894
punggol_east,Punggol East,5490.0,37304.645,41943.335,10.335,6.474,6.474,,,PUNGGOL EAST,2.389
punggol_east,Punggol East,5492.0,37306.635,41943.54,10.487,,6.331,,,PUNGGOL EAST,3.884
punggol_east,Punggol East,5494.0,37308.624,41943.745,11.501,,6.187,,,PUNGGOL EAST,5.378
punggol_east,Punggol East,5496.0,37310.614,41943.95,9.64,6.044,6.044,,,PUNGGOL EAST,6.873
punggol_east,Punggol East,5498.0,37312.603,41944.154,7.597,5.9,5.9,,,PUNGGOL EAST,8.368
punggol_east,Punggol East,5500.0,37314.593,41944.359,7.65,5.757,5.757,,,PUNGGOL EAST,9.863
punggol_east,Punggol East,5502.0,37316.582,41944.564,5.374,5.613,5.613,,,PUNGGOL EAST,11.357
punggol_east,Punggol East,5504.0,37318.572,41944.769,5.368,5.47,5.47,,,PUNGGOL EAST,12.852
punggol_east,Punggol East,5506.0,37320.561,41944.973,5.4,5.326,5.326,,,PUNGGOL EAST,14.347
punggol_east,Punggol East,5508.0,37322.551,41945.178,4.887,5.183,5.273,,,PUNGGOL EAST,15.841
punggol_east,Punggol East,5510.0,37324.54,41945.383,4.966,5.228,5.273,,,PUNGGOL EAST,17.336
punggol_east,Punggol East,5512.0,37326.53,41945.588,5.106,5.273,5.273,,,PUNGGOL EAST,18.831
punggol_east,Punggol East,5514.0,37328.519,41945.792,5.581,5.319,5.319,,,PUNGGOL EAST,20.326
punggol_east,Punggol East,5516.0,37328.673,41944.209,5.365,5.365,5.365,,,PUNGGOL EAST,21.376
punggol_east,Punggol East,5518.0,37328.417,41942.225,5.414,5.414,5.414,,,PUNGGOL EAST,22.328
punggol_east,Punggol East,5520.0,37328.161,41940.242,5.653,5.653,5.617,3.64,1.0,PUNGGOL EAST,23.279
punggol_east,Punggol East,5522.0,37327.905,41938.258,5.617,5.617,5.653,3.83,1.0,PUNGGOL EAST,24.23
punggol_east,Punggol East,5524.0,37328.066,41936.293,5.656,5.656,5.656,1.632,1.0,PUNGGOL EAST,25.509
punggol_east,Punggol East,5526.0,37328.497,41934.34,5.72,5.72,5.72,3.334,1.0,PUNGGOL EAST,27.001
punggol_east,Punggol East,5528.0,37328.929,41932.387,5.748,5.748,5.748,5.036,1.0,PUNGGOL EAST,28.492
punggol_east,Punggol East,5530.0,37329.361,41930.435,6.232,5.903,5.903,5.22,1.0,PUNGGOL EAST,29.984
punggol_east,Punggol East,5532.0,37329.793,41928.482,6.059,6.059,6.059,0.148,1.0,PUNGGOL EAST,31.476
punggol_east,Punggol East,5534.0,37330.225,41926.529,6.138,6.138,6.138,0.092,1.0,PUNGGOL EAST,32.967
punggol_east,Punggol East,5796.0,37311.597,41756.837,,6.143,6.143,0.036,1.0,PUNGGOL EAST,116.763
punggol_east,Punggol East,5798.0,37310.081,41755.533,,6.149,6.149,0.009,1.0,PUNGGOL EAST,116.291
punggol_east,Punggol East,5800.0,37308.565,41754.228,,6.155,6.155,0.285,1.0,PUNGGOL EAST,115.819
punggol_east,Punggol East,5802.0,37307.049,41752.923,,6.161,6.161,0.285,1.0,PUNGGOL EAST,115.346
punggol_east,Punggol East,5804.0,37305.533,41751.619,,6.166,6.166,0.285,1.0,PUNGGOL EAST,114.874
punggol_east,Punggol East,5806.0,37304.017,41750.314,,6.172,6.172,0.285,1.0,PUNGGOL EAST,114.402
punggol_east,Punggol East,5808.0,37302.501,41749.01,,6.178,6.178,0.285,1.0,PUNGGOL EAST,113.93
punggol_east,Punggol East,5810.0,37300.985,41747.705,,6.183,6.183,0.285,1.0,PUNGGOL EAST,113.458
punggol_east,Punggol East,5812.0,37299.469,41746.401,,6.189,6.189,0.285,1.0,PUNGGOL EAST,112.985
punggol_east,Punggol East,5814.0,37297.953,41745.096,,6.195,6.195,0.285,1.0,PUNGGOL EAST,112.513
punggol_east,Punggol East,5816.0,37296.437,41743.791,,6.2,6.2,0.285,1.0,PUNGGOL EAST,112.041
punggol_east,Punggol East,5818.0,37294.922,41742.487,,6.206,6.206,0.285,1.0,PUNGGOL EAST,111.569
punggol_east,Punggol East,5820.0,37293.406,41741.182,,6.212,6.212,0.285,1.0,PUNGGOL EAST,111.097
punggol_east,Punggol East,5822.0,37291.89,41739.878,,6.218,6.218,0.285,1.0,PUNGGOL EAST,110.624
punggol_east,Punggol East,5824.0,37290.374,41738.573,,6.223,6.223,0.285,1.0,PUNGGOL EAST,110.152
punggol_east,Punggol East,5826.0,37288.858,41737.269,,6.229,6.229,0.285,1.0,PUNGGOL EAST,109.68
punggol_east,Punggol East,5828.0,37287.342,41735.964,,6.235,6.235,0.285,1.0,PUNGGOL EAST,109.208
punggol_east,Punggol East,5830.0,37285.826,41734.659,,6.24,6.24,0.285,1.0,PUNGGOL EAST,108.736
punggol_east,Punggol East,5832.0,37284.31,41733.355,,6.246,6.246,0.285,1.0,PUNGGOL EAST,108.263
punggol_east,Punggol East,5834.0,37282.794,41732.05,,6.252,6.252,0.285,1.0,PUNGGOL EAST,107.791
punggol_east,Punggol East,5836.0,37281.278,41730.746,,6.257,6.257,0.285,1.0,PUNGGOL EAST,107.319
punggol_east,Punggol East,5838.0,37279.762,41729.441,,6.263,6.263,0.249,1.0,PUNGGOL EAST,106.847
punggol_east,Punggol East,5840.0,37278.246,41728.136,,6.269,6.269,0.214,1.0,PUNGGOL EAST,106.375
punggol_east,Punggol East,5842.0,37276.73,41726.832,,,6.272,0.178,1.0,PUNGGOL EAST,105.902
punggol_east,Punggol East,5844.0,37275.214,41725.527,,,6.275,,,PUNGGOL EAST,105.43
punggol_east,Punggol East,5846.0,37273.698,41724.223,,,6.277,,,PUNGGOL EAST,104.958
punggol_east,Punggol East,5848.0,37272.182,41722.918,,,,,,PUNGGOL EAST,104.486
punggol_east,Punggol East,5850.0,37270.667,41721.614,,,,,,PUNGGOL EAST,104.014
punggol_east,Punggol East,5852.0,37269.151,41720.309,,,,,,PUNGGOL EAST,103.541
punggol_east,Punggol East,5854.0,37267.635,41719.004,,,,,,PUNGGOL EAST,103.069
punggol_east,Punggol East,5856.0,37266.119,41717.7,,,,,,PUNGGOL EAST,102.597
punggol_east,Punggol East,5858.0,37264.603,41716.395,,,,,,PUNGGOL EAST,102.125
punggol_east,Punggol East,5860.0,37263.087,41715.091,,,,,,PUNGGOL EAST,101.653
punggol_east,Punggol East,5862.0,37261.571,41713.786,,,6.34,,,PUNGGOL EAST,101.18
punggol_east,Punggol East,5864.0,37260.055,41712.481,,,6.343,,,PUNGGOL EAST,100.708
punggol_east,Punggol East,5866.0,37258.539,41711.177,,,6.346,0.178,1.0,PUNGGOL EAST,100.236
punggol_east,Punggol East,5868.0,37257.023,41709.872,,6.349,6.349,0.214,1.0,PUNGGOL EAST,99.764
punggol_east,Punggol East,5870.0,37255.507,41708.568,,6.354,6.354,0.249,1.0,PUNGGOL EAST,99.292
punggol_east,Punggol East,5872.0,37253.991,41707.263,,6.36,6.36,0.285,1.0,PUNGGOL EAST,98.819
punggol_east,Punggol East,5874.0,37252.475,41705.959,,6.366,6.366,0.285,1.0,PUNGGOL EAST,98.347
punggol_east,Punggol East,5876.0,37250.959,41704.654,,6.372,6.372,0.285,1.0,PUNGGOL EAST,97.875
punggol_east,Punggol East,5878.0,37249.443,41703.349,,6.377,6.377,0.285,1.0,PUNGGOL EAST,97.403
punggol_east,Punggol East,5880.0,37247.927,41702.045,,6.383,6.383,0.285,1.0,PUNGGOL EAST,96.931
punggol_east,Punggol East,5882.0,37246.412,41700.74,,6.389,6.389,0.285,1.0,PUNGGOL EAST,96.458
punggol_east,Punggol East,5884.0,37244.896,41699.436,,6.394,6.394,0.285,1.0,PUNGGOL EAST,95.986
punggol_east,Punggol East,5886.0,37243.38,41698.131,,6.4,6.4,0.285,1.0,PUNGGOL EAST,95.514
punggol_east,Punggol East,5888.0,37241.864,41696.826,,6.406,6.406,0.285,1.0,PUNGGOL EAST,95.042
punggol_east,Punggol East,5890.0,37240.348,41695.522,,6.411,6.411,0.285,1.0,PUNGGOL EAST,94.57
punggol_east,Punggol East,5892.0,37238.832,41694.217,,6.417,6.417,0.285,1.0,PUNGGOL EAST,94.097
punggol_east,Punggol East,5894.0,37237.316,41692.913,,6.423,6.423,0.285,1.0,PUNGGOL EAST,93.625
punggol_east,Punggol East,5896.0,37235.8,41691.608,,6.429,6.429,0.285,1.0,PUNGGOL EAST,93.153
punggol_east,Punggol East,5898.0,37234.284,41690.304,,6.434,6.434,0.285,1.0,PUNGGOL EAST,92.681
punggol_east,Punggol East,5900.0,37232.768,41688.999,,6.44,6.44,0.285,1.0,PUNGGOL EAST,92.209
punggol_east,Punggol East,5902.0,37231.252,41687.694,,6.446,6.446,0.285,1.0,PUNGGOL EAST,91.736
punggol_east,Punggol East,5904.0,37229.736,41686.39,,6.451,6.451,0.285,1.0,PUNGGOL EAST,91.264
punggol_east,Punggol East,5906.0,37228.22,41685.085,,6.457,6.457,0.285,1.0,PUNGGOL EAST,90.792
punggol_east,Punggol East,5908.0,37226.704,41683.781,,6.463,6.463,0.265,1.0,PUNGGOL EAST,90.32
punggol_east,Punggol East,5910.0,37225.188,41682.476,,6.468,6.468,0.006,1.0,PUNGGOL EAST,89.848
punggol_east,Punggol East,5912.0,37223.672,41681.171,,6.474,6.472,0.004,1.0,PUNGGOL EAST,89.375
punggol_east,Punggol East,6148.0,37044.792,41527.231,6.48,6.48,6.472,-0.033,1.0,PUNGGOL EAST,34.447
punggol_east,Punggol East,6150.0,37043.276,41525.926,6.472,6.472,6.472,-0.035,1.0,PUNGGOL EAST,34.016
punggol_east,Punggol East,6152.0,37041.76,41524.622,6.389,6.389,6.389,-1.05,1.0,PUNGGOL EAST,33.584
punggol_east,Punggol East,6154.0,37040.244,41523.317,6.341,6.341,6.389,-1.181,1.0,PUNGGOL EAST,33.153
punggol_east,Punggol East,6156.0,37038.728,41522.012,6.378,6.378,6.389,-0.131,1.0,PUNGGOL EAST,32.721
punggol_east,Punggol East,6158.0,37037.212,41520.708,6.395,6.395,6.378,-0.173,1.0,PUNGGOL EAST,32.29
punggol_east,Punggol East,6160.0,37035.696,41519.403,6.42,6.42,6.378,-0.798,1.0,PUNGGOL EAST,31.859
punggol_east,Punggol East,6162.0,37034.18,41518.099,6.375,6.375,6.375,-1.128,1.0,PUNGGOL EAST,31.427
punggol_east,Punggol East,6164.0,37032.664,41516.794,6.325,6.325,6.325,-1.287,1.0,PUNGGOL EAST,30.996
punggol_east,Punggol East,6166.0,37031.148,41515.49,6.288,6.288,6.288,-1.308,1.0,PUNGGOL EAST,30.564
punggol_east,Punggol East,6168.0,37029.633,41514.185,6.275,6.275,6.275,-0.755,1.0,PUNGGOL EAST,30.133
punggol_east,Punggol East,6170.0,37028.117,41512.88,6.27,6.27,6.27,-0.303,1.0,PUNGGOL EAST,29.701
punggol_east,Punggol East,6172.0,37026.601,41511.576,6.264,6.264,6.264,,,PUNGGOL EAST,29.27
punggol_east,Punggol East,6174.0,37025.085,41510.271,6.264,6.264,6.264,,,PUNGGOL EAST,28.838
punggol_east,Punggol East,6176.0,37023.569,41508.967,5.349,6.2,6.2,,,PUNGGOL EAST,28.407
punggol_east,Punggol East,6178.0,37022.053,41507.662,5.344,6.135,6.135,,,PUNGGOL EAST,27.976
punggol_east,Punggol East,6180.0,37020.537,41506.357,5.291,6.07,6.07,,,PUNGGOL EAST,27.544
punggol_east,Punggol East,6182.0,37019.021,41505.053,6.029,6.006,6.006,,,PUNGGOL EAST,27.113
punggol_east,Punggol East,6184.0,37017.505,41503.748,5.941,5.941,5.941,,,PUNGGOL EAST,26.681
punggol_east,Punggol East,6186.0,37015.989,41502.444,5.849,5.849,5.849,,,PUNGGOL EAST,26.25
punggol_east,Punggol East,6188.0,37014.473,41501.139,5.723,5.723,5.8,-2.877,1.0,PUNGGOL EAST,25.818
punggol_east,Punggol East,6190.0,37012.957,41499.835,5.8,5.8,5.723,,,PUNGGOL EAST,25.387
punggol_east,Punggol East,6192.0,37011.441,41498.53,5.711,5.711,5.711,,,PUNGGOL EAST,24.956
punggol_east,Punggol East,6194.0,37009.925,41497.225,4.75,5.649,5.711,,,PUNGGOL EAST,24.524
punggol_east,Punggol East,6196.0,37008.409,41495.921,5.531,5.587,5.711,,,PUNGGOL EAST,24.093
punggol_east,Punggol East,6198.0,37006.893,41494.616,5.525,5.763,5.763,,,PUNGGOL EAST,23.661
punggol_east,Punggol East,6200.0,37005.378,41493.312,5.748,5.938,5.938,,,PUNGGOL EAST,23.23
punggol_east,Punggol East,6202.0,37003.862,41492.007,6.352,6.081,6.08,,,PUNGGOL EAST,22.798
punggol_east,Punggol East,6204.0,37002.346,41490.702,6.224,6.224,6.081,,,PUNGGOL EAST,22.367
punggol_east,Punggol East,6206.0,37000.83,41489.398,6.08,6.08,6.165,,,PUNGGOL EAST,21.935
punggol_east,Punggol East,6208.0,36999.314,41488.093,6.165,6.165,6.165,,,PUNGGOL EAST,21.504
punggol_east,Punggol East,6210.0,36997.798,41486.789,6.297,6.297,6.08,-4.173,1.0,PUNGGOL EAST,21.073
punggol_east,Punggol East,6212.0,36996.282,41485.484,6.315,6.028,6.028,-4.173,1.0,PUNGGOL EAST,20.641
punggol_east,Punggol East,6214.0,36994.766,41484.18,5.758,5.758,5.831,,,PUNGGOL EAST,20.21
punggol_east,Punggol East,6216.0,36993.25,41482.875,5.711,5.711,5.831,,,PUNGGOL EAST,19.778
punggol_east,Punggol East,6218.0,36991.734,41481.57,5.366,5.831,5.831,1.508,1.0,PUNGGOL EAST,19.347
punggol_east,Punggol East,6220.0,36990.218,41480.266,5.989,5.952,5.906,3.001,1.0,PUNGGOL EAST,18.915
punggol_east,Punggol East,6222.0,36988.702,41478.961,6.073,6.073,5.952,,,PUNGGOL EAST,18.484
punggol_east,Punggol East,6224.0,36987.186,41477.657,5.906,5.906,6.071,,,PUNGGOL EAST,18.053
punggol_east,Punggol East,6226.0,36985.67,41476.352,7.644,6.071,6.073,,,PUNGGOL EAST,17.621
punggol_east,Punggol East,6228.0,36984.154,41475.048,6.651,6.237,6.237,,,PUNGGOL EAST,17.19
punggol_east,Punggol East,6230.0,36982.638,41473.743,5.861,6.402,6.402,,,PUNGGOL EAST,16.758
punggol_east,Punggol East,6232.0,36981.123,41472.438,5.97,6.646,6.646,,,PUNGGOL EAST,16.327
punggol_east,Punggol East,6234.0,36979.607,41471.134,6.412,6.889,6.889,,,PUNGGOL EAST,15.895
punggol_east,Punggol East,6236.0,36978.091,41469.829,6.898,7.18,7.18,,,PUNGGOL EAST,15.464
punggol_east,Punggol East,6238.0,36976.575,41468.525,6.115,7.471,7.471,,,PUNGGOL EAST,15.032
punggol_east,Punggol East,6240.0,36975.059,41467.22,6.906,7.761,7.761,,,PUNGGOL EAST,14.601
punggol_east,Punggol East,6242.0,36973.543,41465.915,6.828,7.989,7.989,,,PUNGGOL EAST,14.17
punggol_east,Punggol East,6244.0,36972.027,41464.611,9.442,8.216,8.216,,,PUNGGOL EAST,13.738
punggol_east,Punggol East,6246.0,36970.511,41463.306,10.052,8.444,8.286,,,PUNGGOL EAST,13.307
punggol_east,Punggol East,6248.0,36968.995,41462.002,9.404,8.365,8.286,,,PUNGGOL EAST,12.875
punggol_east,Punggol East,6250.0,36967.479,41460.697,10.466,8.286,8.286,,,PUNGGOL EAST,12.444
punggol_east,Punggol East,6252.0,36965.963,41459.393,8.857,7.952,7.952,,,PUNGGOL EAST,12.012
punggol_east,Punggol East,6254.0,36964.447,41458.088,8.104,7.618,7.618,,,PUNGGOL EAST,11.581
punggol_east,Punggol East,6256.0,36962.931,41456.783,8.755,7.284,7.284,,,PUNGGOL EAST,11.149
punggol_east,Punggol East,6258.0,36961.415,41455.479,7.822,,6.949,,,PUNGGOL EAST,10.718
punggol_east,Punggol East,6260.0,36959.899,41454.174,9.223,6.615,6.615,,,PUNGGOL EAST,10.287
punggol_east,Punggol East,6262.0,36958.383,41452.87,5.593,6.281,6.281,,,PUNGGOL EAST,9.855
punggol_east,Punggol East,6264.0,36956.868,41451.565,5.589,5.947,5.947,,,PUNGGOL EAST,9.424
punggol_east,Punggol East,6266.0,36955.352,41450.26,5.613,5.613,5.679,,,PUNGGOL EAST,8.992
punggol_east,Punggol East,6268.0,36953.836,41448.956,5.596,5.596,5.673,,,PUNGGOL EAST,8.561
punggol_east,Punggol East,6270.0,36952.32,41447.651,5.679,5.679,5.613,-2.077,1.0,PUNGGOL EAST,8.129
punggol_east,Punggol East,6272.0,36950.804,41446.347,5.673,5.673,5.596,-2.93,1.0,PUNGGOL EAST,7.698
punggol_east,Punggol East,6274.0,36949.288,41445.042,5.513,5.513,5.513,-2.297,1.0,PUNGGOL EAST,7.267
punggol_east,Punggol East,6276.0,36947.772,41443.738,5.438,5.438,5.438,-2.294,1.0,PUNGGOL EAST,6.835
punggol_east,Punggol East,6278.0,36946.256,41442.433,5.413,5.413,5.429,-1.938,1.0,PUNGGOL EAST,6.404
punggol_east,Punggol East,6280.0,36944.74,41441.128,5.429,5.429,5.413,-1.385,1.0,PUNGGOL EAST,5.972
punggol_east,Punggol East,6282.0,36943.224,41439.824,5.358,5.358,5.358,-1.267,1.0,PUNGGOL EAST,5.541
punggol_east,Punggol East,6284.0,36941.708,41438.519,5.313,5.313,5.328,-1.065,1.0,PUNGGOL EAST,5.109
punggol_east,Punggol East,6286.0,36940.192,41437.215,5.321,5.321,5.328,-0.255,1.0,PUNGGOL EAST,4.678
punggol_east,Punggol East,6288.0,36938.676,41435.91,5.328,5.328,5.328,0.233,1.0,PUNGGOL EAST,4.247
punggol_east,Punggol East,6290.0,36937.16,41434.605,5.337,5.337,5.337,0.359,1.0,PUNGGOL EAST,3.815
punggol_east,Punggol East,6292.0,36935.644,41433.301,5.346,5.346,5.346,0.36,1.0,PUNGGOL EAST,3.364
punggol_east,Punggol East,6294.0,36934.128,41431.996,5.368,5.368,5.356,0.246,1.0,PUNGGOL EAST,2.888
punggol_east,Punggol East,6296.0,36932.613,41430.692,5.357,5.357,5.357,0.133,1.0,PUNGGOL EAST,2.413
punggol_east,Punggol East,6298.0,36931.097,41429.387,5.356,5.356,5.357,0.061,1.0,PUNGGOL EAST,1.938
punggol_east,Punggol East,6300.0,36929.581,41428.083,5.357,5.357,5.357,,,PUNGGOL EAST,1.462
punggol_east,Punggol East,6302.0,36928.065,41426.778,5.361,5.361,5.361,,,PUNGGOL EAST,0.987
punggol_east,Punggol East,6304.0,36926.549,41425.473,5.372,5.526,5.526,,,PUNGGOL EAST,0.511
punggol_east,Punggol East,6306.0,36925.033,41424.169,5.366,5.69,5.69,,,PUNGGOL EAST,0.036
punggol_east,Punggol East,6308.0,36923.517,41422.864,5.406,5.925,5.925,,,PUNGGOL EAST,0.439
punggol_east,Punggol East,6310.0,36922.001,41421.56,7.23,6.159,6.159,,,PUNGGOL EAST,0.915
punggol_east,Punggol East,6312.0,36920.485,41420.255,9.389,6.394,6.394,,,PUNGGOL EAST,1.39
punggol_east,Punggol East,6314.0,36918.969,41418.95,7.262,6.628,6.598,,,PUNGGOL EAST,1.866
punggol_east,Punggol East,6316.0,36917.453,41417.646,5.253,6.613,6.598,,,PUNGGOL EAST,2.341
punggol_east,Punggol East,6318.0,36915.937,41416.341,5.504,6.598,6.598,,,PUNGGOL EAST,2.816
punggol_east,Punggol East,6320.0,36914.421,41415.037,7.323,6.583,6.583,,,PUNGGOL EAST,3.292
punggol_east,Punggol East,6322.0,36912.905,41413.732,7.239,6.568,6.568,,,PUNGGOL EAST,3.767
punggol_east,Punggol East,6324.0,36911.389,41412.428,5.188,6.553,6.553,,,PUNGGOL EAST,4.242
punggol_east,Punggol East,6326.0,36909.873,41411.123,5.174,6.538,6.538,,,PUNGGOL EAST,4.718
punggol_east,Punggol East,6328.0,36908.358,41409.818,6.523,6.523,6.523,,,PUNGGOL EAST,5.193
punggol_east,Punggol East,6330.0,36906.842,41408.514,6.401,6.265,6.265,,,PUNGGOL EAST,5.669
punggol_east,Punggol East,6332.0,36905.326,41407.209,6.059,6.008,6.008,-12.275,2.0,PUNGGOL EAST,6.144
punggol_east,Punggol East,6334.0,36903.81,41405.905,5.751,5.751,5.751,,,PUNGGOL EAST,6.657
punggol_east,Punggol East,6336.0,36902.294,41404.6,5.483,5.483,5.541,,,PUNGGOL EAST,7.194
punggol_east,Punggol East,6338.0,36900.778,41403.295,5.446,5.446,5.483,-5.844,1.0,PUNGGOL EAST,7.732
punggol_east,Punggol East,6340.0,36899.262,41401.991,5.541,5.541,5.446,-3.731,1.0,PUNGGOL EAST,8.27
punggol_east,Punggol East,6342.0,36897.746,41400.686,5.283,5.283,5.283,-3.527,1.0,PUNGGOL EAST,8.807
punggol_east,Punggol East,6344.0,36896.23,41399.382,8.695,5.242,5.242,-3.063,1.0,PUNGGOL EAST,9.345
punggol_east,Punggol East,6346.0,36894.714,41398.077,8.688,5.201,5.201,-1.537,1.0,PUNGGOL EAST,9.883
punggol_east,Punggol East,6348.0,36893.198,41396.773,8.684,5.16,5.201,-1.511,1.0,PUNGGOL EAST,10.421
punggol_east,Punggol East,6350.0,36891.682,41395.468,5.119,5.119,5.16,-0.999,1.0,PUNGGOL EAST,10.958
punggol_east,Punggol East,6352.0,36890.166,41394.163,5.294,5.294,5.121,-0.861,1.0,PUNGGOL EAST,11.496
punggol_east,Punggol East,6354.0,36888.65,41392.859,5.109,5.109,5.121,-0.349,1.0,PUNGGOL EAST,12.034
punggol_east,Punggol East,6356.0,36887.134,41391.554,5.121,5.121,5.132,1.468,1.0,PUNGGOL EAST,12.571
punggol_east,Punggol East,6358.0,36885.618,41390.25,5.132,5.132,5.132,,,PUNGGOL EAST,13.109
punggol_east,Punggol East,6360.0,36884.103,41388.945,5.239,5.239,5.239,,,PUNGGOL EAST,13.647
punggol_east,Punggol East,6362.0,36882.587,41387.641,6.799,5.561,5.561,,,PUNGGOL EAST,14.184
punggol_east,Punggol East,6364.0,36881.071,41386.336,6.849,5.884,5.884,,,PUNGGOL EAST,14.722
punggol_east,Punggol East,6366.0,36879.555,41385.031,6.889,6.207,6.207,,,PUNGGOL EAST,15.26
punggol_east,Punggol East,6368.0,36878.039,41383.727,7.648,,6.53,,,PUNGGOL EAST,15.797
punggol_east,Punggol East,6370.0,36876.523,41382.422,5.751,,6.852,,,PUNGGOL EAST,16.335
punggol_east,Punggol East,6372.0,36875.007,41381.118,5.827,7.175,7.175,,,PUNGGOL EAST,16.873
punggol_east,Punggol East,6374.0,36873.491,41379.813,5.81,7.498,7.498,,,PUNGGOL EAST,17.41
punggol_east,Punggol East,6376.0,36871.975,41378.508,8.126,7.821,7.821,,,PUNGGOL EAST,17.948
punggol_east,Punggol East,6378.0,36870.459,41377.204,9.63,8.143,8.143,,,PUNGGOL EAST,18.486
punggol_east,Punggol East,6380.0,36868.943,41375.899,8.594,8.161,8.161,,,PUNGGOL EAST,19.023
punggol_east,Punggol East,6382.0,36867.427,41374.595,8.955,8.179,8.179,,,PUNGGOL EAST,19.561
punggol_east,Punggol East,6384.0,36865.911,41373.29,9.296,8.196,8.196,,,PUNGGOL EAST,20.099
punggol_east,Punggol East,6386.0,36864.395,41371.986,8.004,8.214,8.214,,,PUNGGOL EAST,20.637
punggol_east,Punggol East,6388.0,36862.879,41370.681,8.331,8.232,8.232,,,PUNGGOL EAST,21.174
punggol_east,Punggol East,6390.0,36861.363,41369.376,7.772,8.249,8.249,,,PUNGGOL EAST,21.448
punggol_east,Punggol East,6392.0,36859.848,41368.072,8.872,8.267,8.267,,,PUNGGOL EAST,21.626
punggol_east,Punggol East,6394.0,36858.332,41366.767,8.302,8.284,8.284,,,PUNGGOL EAST,21.805
punggol_east,Punggol East,6396.0,36856.816,41365.463,6.041,8.302,8.301,,,PUNGGOL EAST,21.983
punggol_east,Punggol East,6398.0,36855.3,41364.158,10.882,8.302,8.302,,,PUNGGOL EAST,22.161
punggol_east,Punggol East,6400.0,36853.784,41362.853,8.301,8.301,8.302,,,PUNGGOL EAST,22.34
punggol_east,Punggol East,6402.0,36853.237,41362.499,7.732,8.305,8.302,,,PUNGGOL EAST,22.485
punggol_east,Punggol East,6404.0,36854.572,41363.989,8.43,8.309,8.301,,,PUNGGOL EAST,22.565
punggol_east,Punggol East,6406.0,36855.906,41365.478,8.028,8.072,8.072,,,PUNGGOL EAST,22.646
punggol_east,Punggol East,6408.0,36857.241,41366.968,8.317,7.78,7.78,,,PUNGGOL EAST,22.727
punggol_east,Punggol East,6410.0,36858.576,41368.457,9.1,7.488,7.488,,,PUNGGOL EAST,22.808
punggol_east,Punggol East,6412.0,36859.91,41369.947,6.39,7.27,7.27,,,PUNGGOL EAST,22.888
punggol_east,Punggol East,6414.0,36861.245,41371.437,6.405,7.052,7.052,,,PUNGGOL EAST,22.954
punggol_east,Punggol East,6416.0,36862.579,41372.926,6.443,6.835,6.835,,,PUNGGOL EAST,22.669
punggol_east,Punggol East,6418.0,36863.914,41374.416,7.228,6.617,6.835,,,PUNGGOL EAST,22.385
punggol_east,Punggol East,6420.0,36865.248,41375.905,10.925,6.792,6.835,,,PUNGGOL EAST,22.101
punggol_east,Punggol East,6422.0,36866.583,41377.395,6.528,6.967,6.967,,,PUNGGOL EAST,21.817
punggol_east,Punggol East,6424.0,36867.918,41378.885,9.382,7.142,7.142,,,PUNGGOL EAST,21.533
punggol_east,Punggol East,6426.0,36869.252,41380.374,10.467,7.316,7.316,,,PUNGGOL EAST,21.249
punggol_east,Punggol East,6428.0,36870.486,41381.937,7.83,7.491,7.491,,,PUNGGOL EAST,21.089
punggol_east,Punggol East,6430.0,36871.483,41383.67,6.509,7.666,7.666,,,PUNGGOL EAST,21.221
punggol_east,Punggol East,6432.0,36872.481,41385.404,7.997,7.841,7.841,,,PUNGGOL EAST,21.352
punggol_east,Punggol East,6434.0,36873.479,41387.137,7.046,8.015,8.015,,,PUNGGOL EAST,21.484
punggol_east,Punggol East,6436.0,36874.476,41388.871,6.228,8.19,8.19,,,PUNGGOL EAST,21.615
punggol_east,Punggol East,6438.0,36875.474,41390.604,6.0,8.365,8.365,,,PUNGGOL EAST,21.746
punggol_east,Punggol East,6440.0,36876.484,41392.33,6.547,8.642,8.642,,,PUNGGOL EAST,21.863
punggol_east,Punggol East,6442.0,36877.494,41394.056,8.714,8.918,8.918,,,PUNGGOL EAST,21.981
punggol_east,Punggol East,6444.0,36878.504,41395.783,7.857,9.195,9.195,,,PUNGGOL EAST,22.098
punggol_east,Punggol East,6446.0,36879.513,41397.51,7.889,9.352,9.352,,,PUNGGOL EAST,22.216
punggol_east,Punggol East,6448.0,36880.517,41399.239,8.744,9.509,9.509,,,PUNGGOL EAST,22.341
punggol_east,Punggol East,6450.0,36881.52,41400.969,10.638,9.666,9.615,,,PUNGGOL EAST,22.465
punggol_east,Punggol East,6452.0,36882.524,41402.699,10.147,9.823,9.615,,,PUNGGOL EAST,22.59
punggol_east,Punggol East,6454.0,36883.528,41404.429,11.726,9.615,9.615,,,PUNGGOL EAST,22.714
punggol_east,Punggol East,6456.0,36884.531,41406.159,13.691,9.408,9.408,,,PUNGGOL EAST,22.839
punggol_east,Punggol East,6458.0,36885.652,41407.812,10.123,9.2,9.2,,,PUNGGOL EAST,22.823
punggol_east,Punggol East,6460.0,36886.841,41409.42,13.832,8.932,8.932,,,PUNGGOL EAST,22.725
punggol_east,Punggol East,6462.0,36888.031,41411.028,8.827,8.663,8.663,,,PUNGGOL EAST,22.627
punggol_east,Punggol East,6464.0,36889.221,41412.636,10.171,8.384,8.384,,,PUNGGOL EAST,22.529
punggol_east,Punggol East,6466.0,36890.41,41414.243,10.81,8.104,8.104,,,PUNGGOL EAST,22.431
punggol_east,Punggol East,6468.0,36891.62,41415.836,10.255,7.824,7.824,,,PUNGGOL EAST,22.313
punggol_east,Punggol East,6470.0,36892.86,41417.405,7.449,7.544,7.544,,,PUNGGOL EAST,22.214
punggol_east,Punggol East,6472.0,36894.1,41418.974,7.275,7.264,7.264,,,PUNGGOL EAST,22.117
punggol_east,Punggol East,6474.0,36895.34,41420.544,5.575,6.984,6.984,,,PUNGGOL EAST,22.02
punggol_east,Punggol East,6476.0,36896.58,41422.113,6.36,6.704,6.704,,,PUNGGOL EAST,21.923
punggol_east,Punggol East,6478.0,36897.677,41423.777,5.917,6.424,6.553,,,PUNGGOL EAST,21.998
punggol_east,Punggol East,6480.0,36898.653,41425.523,6.871,6.488,6.553,,,PUNGGOL EAST,22.218
punggol_east,Punggol East,6482.0,36899.63,41427.268,6.527,6.553,6.553,,,PUNGGOL EAST,22.438
punggol_east,Punggol East,6484.0,36900.606,41429.014,10.659,6.617,6.553,,,PUNGGOL EAST,22.658
punggol_east,Punggol East,6486.0,36901.582,41430.759,8.724,6.706,6.553,,,PUNGGOL EAST,22.877
punggol_east,Punggol East,6488.0,36902.807,41429.383,6.796,6.532,6.532,,,PUNGGOL EAST,21.081
punggol_east,Punggol East,6490.0,36904.047,41427.814,8.113,6.284,6.284,,,PUNGGOL EAST,19.16
punggol_east,Punggol East,6492.0,36905.287,41426.244,6.076,6.035,6.035,,,PUNGGOL EAST,17.239
punggol_east,Punggol East,6494.0,36906.527,41424.675,5.012,5.806,5.806,,,PUNGGOL EAST,15.318
punggol_east,Punggol East,6496.0,36907.766,41423.106,5.039,5.577,5.608,,,PUNGGOL EAST,13.397
punggol_east,Punggol East,6498.0,36909.006,41421.537,5.071,5.348,5.608,,,PUNGGOL EAST,11.476
punggol_east,Punggol East,6500.0,36910.246,41419.967,5.119,5.608,5.608,,,PUNGGOL EAST,9.555
punggol_east,Punggol East,6502.0,36911.486,41418.398,5.146,5.869,5.869,,,PUNGGOL EAST,7.634
punggol_east,Punggol East,6504.0,36912.726,41416.829,5.169,6.249,6.249,,,PUNGGOL EAST,5.713
punggol_east,Punggol East,6506.0,36913.966,41415.259,5.215,6.63,6.63,,,PUNGGOL EAST,3.792
punggol_east,Punggol East,6508.0,36915.206,41413.69,7.475,7.01,7.01,,,PUNGGOL EAST,1.871
punggol_east,Punggol East,6510.0,36916.446,41412.121,7.711,7.391,7.391,,,PUNGGOL EAST,0.05
punggol_east,Punggol East,6512.0,36917.686,41410.552,7.874,7.772,7.772,,,PUNGGOL EAST,1.972
punggol_east,Punggol East,6514.0,36918.926,41408.982,9.91,8.152,8.152,,,PUNGGOL EAST,3.893
punggol_east,Punggol East,6516.0,36920.165,41407.413,8.43,8.43,8.421,,,PUNGGOL EAST,5.814
punggol_east,Punggol East,6518.0,36921.405,41405.844,8.437,8.437,8.421,3.153,1.0,PUNGGOL EAST,7.735
punggol_east,Punggol East,6520.0,36922.645,41404.274,5.324,8.421,8.421,-0.407,1.0,PUNGGOL EAST,9.656
punggol_east,Punggol East,6522.0,36923.885,41402.705,5.342,8.404,8.404,-0.61,1.0,PUNGGOL EAST,11.577
punggol_east,Punggol East,6524.0,36925.125,41401.136,8.532,8.388,8.388,-0.61,1.0,PUNGGOL EAST,13.498
punggol_east,Punggol East,6526.0,36926.365,41399.567,9.118,8.372,8.372,-0.407,1.0,PUNGGOL EAST,15.419
punggol_east,Punggol East,6528.0,36927.605,41397.997,6.26,8.356,8.372,3.026,1.0,PUNGGOL EAST,17.34
punggol_east,Punggol East,6530.0,36928.845,41396.428,5.698,8.339,8.372,6.459,1.0,PUNGGOL EAST,19.261
punggol_east,Punggol East,6532.0,36929.291,41394.84,8.323,8.614,8.614,7.887,1.0,PUNGGOL EAST,20.547
punggol_east,Punggol East,6534.0,36928.127,41393.213,8.888,8.888,8.888,8.795,2.0,PUNGGOL EAST,20.545
punggol_east,Punggol East,6536.0,36926.963,41391.587,9.003,9.003,9.003,,,PUNGGOL EAST,20.543
punggol_east,Punggol East,6538.0,36925.799,41389.961,9.152,9.152,9.075,,,PUNGGOL EAST,20.484
punggol_east,Punggol East,6540.0,36924.61,41388.353,9.48,9.346,9.075,,,PUNGGOL EAST,20.385
punggol_east,Punggol East,6542.0,36923.39,41386.768,9.538,9.075,9.075,,,PUNGGOL EAST,20.25
punggol_east,Punggol East,6544.0,36922.17,41385.183,5.918,8.805,8.805,,,PUNGGOL EAST,20.114
punggol_east,Punggol East,6546.0,36920.95,41383.598,5.919,8.444,8.444,,,PUNGGOL EAST,19.978
punggol_east,Punggol East,6548.0,36919.731,41382.013,7.653,8.082,8.082,,,PUNGGOL EAST,19.843
punggol_east,Punggol East,6550.0,36918.511,41380.428,7.635,7.72,7.72,,,PUNGGOL EAST,19.707
punggol_east,Punggol East,6552.0,36917.291,41378.843,7.604,,7.358,,,PUNGGOL EAST,19.571
punggol_east,Punggol East,6554.0,36916.071,41377.258,7.801,6.997,6.997,,,PUNGGOL EAST,19.436
punggol_east,Punggol East,6556.0,36914.852,41375.673,5.899,6.635,6.635,,,PUNGGOL EAST,19.3
punggol_east,Punggol East,6558.0,36913.632,41374.088,5.916,6.273,6.273,,,PUNGGOL EAST,19.164
punggol_east,Punggol East,6560.0,36912.412,41372.503,5.912,5.912,5.938,,,PUNGGOL EAST,19.029
punggol_east,Punggol East,6562.0,36911.193,41370.918,5.911,5.911,5.912,,,PUNGGOL EAST,18.893
punggol_east,Punggol East,6564.0,36909.973,41369.333,5.938,5.938,5.912,,,PUNGGOL EAST,18.757
punggol_east,Punggol East,6566.0,36908.753,41367.748,5.911,5.911,5.938,,,PUNGGOL EAST,18.622
punggol_east,Punggol East,6568.0,36907.533,41366.163,5.888,6.134,6.134,,,PUNGGOL EAST,18.486
punggol_east,Punggol East,6570.0,36906.314,41364.578,5.904,6.356,6.356,,,PUNGGOL EAST,18.35
punggol_east,Punggol East,6572.0,36905.094,41362.993,6.852,6.381,6.381,,,PUNGGOL EAST,18.215
punggol_east,Punggol East,6574.0,36903.874,41361.408,9.42,6.406,6.406,,,PUNGGOL EAST,18.079
punggol_east,Punggol East,6576.0,36902.654,41359.823,11.463,6.43,6.43,,,PUNGGOL EAST,17.943
punggol_east,Punggol East,6578.0,36901.435,41358.238,8.23,6.455,6.455,,,PUNGGOL EAST,17.808
punggol_east,Punggol East,6580.0,36900.215,41356.653,8.161,6.479,6.479,,,PUNGGOL EAST,17.672
punggol_east,Punggol East,6582.0,36898.995,41355.068,9.003,6.504,6.504,,,PUNGGOL EAST,17.536
punggol_east,Punggol East,6584.0,36897.768,41353.489,7.118,6.528,6.528,,,PUNGGOL EAST,17.391
punggol_east,Punggol East,6586.0,36896.506,41351.937,6.467,6.553,6.553,,,PUNGGOL EAST,17.202
punggol_east,Punggol East,6588.0,36895.244,41350.386,6.971,6.719,6.719,,,PUNGGOL EAST,17.013
punggol_east,Punggol East,6590.0,36893.983,41348.834,5.789,6.886,6.886,,,PUNGGOL EAST,16.824
punggol_east,Punggol East,6592.0,36892.721,41347.282,5.786,7.176,7.176,,,PUNGGOL EAST,16.64
punggol_east,Punggol East,6594.0,36891.457,41345.732,6.204,7.466,7.466,,,PUNGGOL EAST,16.623
punggol_east,Punggol East,6596.0,36890.192,41344.183,5.961,7.756,7.756,,,PUNGGOL EAST,16.784
punggol_east,Punggol East,6598.0,36888.927,41342.634,8.224,8.046,8.046,,,PUNGGOL EAST,16.957
punggol_east,Punggol East,6600.0,36887.662,41341.084,7.922,8.336,8.336,,,PUNGGOL EAST,17.129
punggol_east,Punggol East,6602.0,36886.391,41339.54,8.054,8.626,8.626,,,PUNGGOL EAST,17.293
punggol_east,Punggol East,6604.0,36885.104,41338.009,8.828,8.828,8.816,,,PUNGGOL EAST,17.437
punggol_east,Punggol East,6606.0,36883.817,41336.478,9.169,8.822,8.816,,,PUNGGOL EAST,17.581
punggol_east,Punggol East,6608.0,36882.531,41334.947,9.292,8.816,8.822,,,PUNGGOL EAST,17.724
punggol_east,Punggol East,6610.0,36881.244,41333.416,8.811,8.811,8.822,,,PUNGGOL EAST,17.868
punggol_east,Punggol East,6612.0,36879.957,41331.885,8.797,9.002,8.991,,,PUNGGOL EAST,18.012
punggol_east,Punggol East,6614.0,36878.654,41330.368,9.192,9.192,8.991,,,PUNGGOL EAST,18.135
punggol_east,Punggol East,6616.0,36877.342,41328.858,9.097,8.991,8.991,,,PUNGGOL EAST,18.246
punggol_east,Punggol East,6618.0,36876.03,41327.349,9.558,8.789,8.789,,,PUNGGOL EAST,18.356
punggol_east,Punggol East,6620.0,36874.718,41325.84,9.434,8.514,8.514,,,PUNGGOL EAST,18.467
punggol_east,Punggol East,6622.0,36873.398,41324.337,10.744,8.24,8.24,,,PUNGGOL EAST,18.567
punggol_east,Punggol East,6624.0,36872.059,41322.851,7.865,7.965,7.965,,,PUNGGOL EAST,18.642
punggol_east,Punggol East,6626.0,36870.721,41321.365,7.69,7.69,7.965,,,PUNGGOL EAST,18.717
punggol_east,Punggol East,6628.0,36869.382,41319.879,7.959,7.959,7.965,,,PUNGGOL EAST,18.793
punggol_east,Punggol East,6630.0,36868.044,41318.393,8.208,8.208,8.208,,,PUNGGOL EAST,18.868
punggol_east,Punggol East,6632.0,36866.705,41316.907,7.934,8.267,8.267,,,PUNGGOL EAST,18.944
punggol_east,Punggol East,6634.0,36865.354,41315.433,7.893,8.327,8.327,,,PUNGGOL EAST,19.002
punggol_east,Punggol East,6636.0,36863.998,41313.963,8.948,8.621,8.621,,,PUNGGOL EAST,19.053
punggol_east,Punggol East,6638.0,36862.642,41312.493,9.112,8.915,8.915,,,PUNGGOL EAST,19.105
punggol_east,Punggol East,6640.0,36861.285,41311.023,9.21,9.21,9.21,,,PUNGGOL EAST,19.157
punggol_east,Punggol East,6642.0,36859.929,41309.553,7.835,9.426,9.426,,,PUNGGOL EAST,19.208
punggol_east,Punggol East,6644.0,36858.564,41308.091,9.617,9.643,9.643,8.134,1.0,PUNGGOL EAST,19.247
punggol_east,Punggol East,6646.0,36857.186,41306.642,9.86,9.86,9.754,,,PUNGGOL EAST,19.269
punggol_east,Punggol East,6648.0,36855.808,41305.192,9.754,9.754,9.86,,,PUNGGOL EAST,19.291
punggol_east,Punggol East,6650.0,36854.43,41303.742,7.356,10.004,10.004,,,PUNGGOL EAST,19.312
punggol_east,Punggol East,6652.0,36853.052,41302.293,10.254,10.254,10.004,,,PUNGGOL EAST,19.334
punggol_east,Punggol East,6654.0,36851.674,41300.843,7.983,10.028,10.004,,,PUNGGOL EAST,19.356
punggol_east,Punggol East,6656.0,36851.115,41300.346,11.392,9.803,9.803,,,PUNGGOL EAST,19.301
punggol_east,Punggol East,6658.0,36852.342,41301.926,10.16,9.577,9.577,,,PUNGGOL EAST,19.08
punggol_east,Punggol East,6660.0,36853.568,41303.506,10.658,9.352,9.352,,,PUNGGOL EAST,18.859
punggol_east,Punggol East,6662.0,36854.795,41305.085,9.837,9.126,9.126,,,PUNGGOL EAST,18.638
punggol_east,Punggol East,6664.0,36856.021,41306.665,10.052,8.9,8.9,,,PUNGGOL EAST,18.417
punggol_east,Punggol East,6666.0,36857.248,41308.245,9.414,8.675,8.675,,,PUNGGOL EAST,18.196
punggol_east,Punggol East,6668.0,36858.474,41309.825,8.449,8.449,8.449,,,PUNGGOL EAST,17.975
punggol_east,Punggol East,6670.0,36859.701,41311.405,7.74,8.336,8.336,,,PUNGGOL EAST,17.754
punggol_east,Punggol East,6672.0,36860.927,41312.984,9.621,8.223,8.223,-2.925,1.0,PUNGGOL EAST,17.533
punggol_east,Punggol East,6674.0,36862.154,41314.564,8.199,8.11,8.223,,,PUNGGOL EAST,17.312
punggol_east,Punggol East,6676.0,36863.38,41316.144,7.996,7.996,8.215,,,PUNGGOL EAST,17.09
punggol_east,Punggol East,6678.0,36864.607,41317.724,8.254,8.254,8.11,,,PUNGGOL EAST,16.869
punggol_east,Punggol East,6680.0,36865.833,41319.304,8.215,8.215,8.018,-3.834,1.0,PUNGGOL EAST,16.648
punggol_east,Punggol East,6682.0,36867.06,41320.883,8.018,8.018,8.018,-3.087,1.0,PUNGGOL EAST,16.427
punggol_east,Punggol East,6684.0,36868.286,41322.463,7.908,7.908,7.908,,,PUNGGOL EAST,16.206
punggol_east,Punggol East,6686.0,36869.512,41324.043,7.76,7.76,7.863,,,PUNGGOL EAST,15.985
punggol_east,Punggol East,6688.0,36870.739,41325.623,7.289,7.811,7.863,,,PUNGGOL EAST,15.764
punggol_east,Punggol East,6690.0,36871.965,41327.203,8.316,7.863,7.863,,,PUNGGOL EAST,15.543
punggol_east,Punggol East,6692.0,36873.192,41328.782,8.805,7.914,7.914,,,PUNGGOL EAST,15.322
punggol_east,Punggol East,6694.0,36874.418,41330.362,7.786,7.965,7.965,,,PUNGGOL EAST,15.101
punggol_east,Punggol East,6696.0,36875.645,41331.942,6.624,8.016,8.016,,,PUNGGOL EAST,14.88
punggol_east,Punggol East,6698.0,36876.871,41333.522,7.152,8.246,8.246,,,PUNGGOL EAST,14.659
punggol_east,Punggol East,6700.0,36878.098,41335.101,11.871,8.476,8.476,,,PUNGGOL EAST,14.438
punggol_east,Punggol East,6702.0,36879.324,41336.681,8.706,8.706,8.476,,,PUNGGOL EAST,14.216
punggol_east,Punggol East,6704.0,36880.551,41338.261,9.299,8.528,8.476,,,PUNGGOL EAST,13.995
punggol_east,Punggol East,6706.0,36881.777,41339.841,9.304,8.35,8.35,,,PUNGGOL EAST,13.774
punggol_east,Punggol East,6708.0,36883.004,41341.421,11.14,8.173,8.173,,,PUNGGOL EAST,13.553
punggol_east,Punggol East,6710.0,36884.23,41343.0,7.995,7.924,7.924,,,PUNGGOL EAST,13.332
punggol_east,Punggol East,6712.0,36885.457,41344.58,12.134,7.675,7.675,,,PUNGGOL EAST,13.111
punggol_east,Punggol East,6714.0,36886.683,41346.16,7.929,7.418,7.418,,,PUNGGOL EAST,12.89
punggol_east,Punggol East,6716.0,36887.91,41347.74,6.001,7.16,7.16,,,PUNGGOL EAST,12.669
punggol_east,Punggol East,6718.0,36889.136,41349.32,6.572,6.903,6.967,,,PUNGGOL EAST,12.544
punggol_east,Punggol East,6720.0,36890.363,41350.899,6.128,6.77,6.967,,,PUNGGOL EAST,12.666
punggol_east,Punggol East,6722.0,36891.589,41352.479,6.142,6.967,6.967,,,PUNGGOL EAST,12.81
punggol_east,Punggol East,6724.0,36892.816,41354.059,7.164,7.164,7.164,,,PUNGGOL EAST,12.954
punggol_east,Punggol East,6726.0,36894.042,41355.639,7.32,7.32,7.293,,,PUNGGOL EAST,13.098
punggol_east,Punggol East,6728.0,36895.268,41357.219,7.293,7.293,7.32,,,PUNGGOL EAST,13.243
punggol_east,Punggol East,6730.0,36896.495,41358.798,8.662,7.324,7.32,,,PUNGGOL EAST,13.387
punggol_east,Punggol East,6732.0,36897.721,41360.378,9.5,7.355,7.293,,,PUNGGOL EAST,13.531
punggol_east,Punggol East,6734.0,36898.948,41361.958,7.42,7.179,7.179,,,PUNGGOL EAST,13.675
punggol_east,Punggol East,6736.0,36900.174,41363.538,7.418,7.002,7.002,,,PUNGGOL EAST,13.819
punggol_east,Punggol East,6738.0,36901.401,41365.118,7.518,6.717,6.717,,,PUNGGOL EAST,13.963
punggol_east,Punggol East,6740.0,36902.627,41366.697,5.852,6.432,6.432,,,PUNGGOL EAST,14.108
punggol_east,Punggol East,6742.0,36903.854,41368.277,5.85,6.147,6.147,,,PUNGGOL EAST,14.252
punggol_east,Punggol East,6744.0,36905.08,41369.857,7.793,5.862,5.885,,,PUNGGOL EAST,14.396
punggol_east,Punggol East,6746.0,36906.307,41371.437,5.874,5.874,5.874,,,PUNGGOL EAST,14.54
punggol_east,Punggol East,6748.0,36907.533,41373.017,5.885,5.885,5.862,-0.762,1.0,PUNGGOL EAST,14.684
punggol_east,Punggol East,6750.0,36908.76,41374.596,5.849,5.849,5.849,-0.776,1.0,PUNGGOL EAST,14.829
punggol_east,Punggol East,6752.0,36909.986,41376.176,5.808,5.808,5.824,,,PUNGGOL EAST,14.973
punggol_east,Punggol East,6754.0,36911.213,41377.756,5.824,5.824,5.812,,,PUNGGOL EAST,15.117
punggol_east,Punggol East,6756.0,36912.439,41379.336,8.599,5.812,5.808,,,PUNGGOL EAST,15.261
punggol_east,Punggol East,6758.0,36913.666,41380.916,9.012,5.8,5.8,,,PUNGGOL EAST,15.405
punggol_east,Punggol East,6760.0,36914.892,41382.495,8.699,5.787,5.787,,,PUNGGOL EAST,15.549
punggol_east,Punggol East,6762.0,36916.119,41384.075,8.308,5.775,5.775,,,PUNGGOL EAST,15.694
punggol_east,Punggol East,6764.0,36917.345,41385.655,5.757,5.763,5.763,,,PUNGGOL EAST,15.838
punggol_east,Punggol East,6766.0,36918.572,41387.235,6.329,5.75,5.75,,,PUNGGOL EAST,15.982
punggol_east,Punggol East,6768.0,36919.798,41388.815,7.396,5.738,5.738,,,PUNGGOL EAST,16.126
punggol_east,Punggol East,6770.0,36921.024,41390.394,7.975,5.726,5.726,,,PUNGGOL EAST,16.27
punggol_east,Punggol East,6772.0,36922.251,41391.974,5.692,5.713,5.713,,,PUNGGOL EAST,16.415
punggol_east,Punggol East,6774.0,36923.477,41393.554,5.701,5.701,5.713,,,PUNGGOL EAST,16.559
punggol_east,Punggol East,6776.0,36924.704,41395.134,5.67,5.67,5.713,,,PUNGGOL EAST,16.644
punggol_east,Punggol East,6778.0,36925.93,41396.714,5.651,5.817,5.817,,,PUNGGOL EAST,16.723
punggol_east,Punggol East,6780.0,36927.157,41398.293,5.593,6.052,6.052,,,PUNGGOL EAST,16.803
punggol_east,Punggol East,6782.0,36928.383,41399.873,8.097,6.288,6.288,,,PUNGGOL EAST,16.883
punggol_east,Punggol East,6784.0,36929.61,41401.453,5.47,6.522,6.522,,,PUNGGOL EAST,16.963
punggol_east,Punggol East,6786.0,36930.836,41403.033,5.532,6.756,6.756,,,PUNGGOL EAST,17.043
punggol_east,Punggol East,6788.0,36932.063,41404.613,8.33,6.991,6.991,,,PUNGGOL EAST,17.123
punggol_east,Punggol East,6790.0,36933.289,41406.192,8.331,7.225,7.225,,,PUNGGOL EAST,17.203
punggol_east,Punggol East,6792.0,36934.516,41407.772,8.81,7.459,7.423,,,PUNGGOL EAST,17.283
punggol_east,Punggol East,6794.0,36935.742,41409.352,7.529,7.694,7.423,,,PUNGGOL EAST,17.362
punggol_east,Punggol East,6796.0,36936.969,41410.932,5.354,7.423,7.423,,,PUNGGOL EAST,17.442
punggol_east,Punggol East,6798.0,36938.195,41412.512,5.882,7.152,7.152,,,PUNGGOL EAST,17.522
punggol_east,Punggol East,6800.0,36939.422,41414.091,5.795,6.881,6.881,,,PUNGGOL EAST,17.602
punggol_east,Punggol East,6802.0,36940.648,41415.671,6.419,6.61,6.61,,,PUNGGOL EAST,17.682
punggol_east,Punggol East,6804.0,36941.875,41417.251,6.493,6.339,6.339,,,PUNGGOL EAST,17.762
punggol_east,Punggol East,6806.0,36943.101,41418.831,5.633,6.258,6.258,,,PUNGGOL EAST,17.842
punggol_east,Punggol East,6808.0,36944.327,41420.411,6.178,6.178,6.178,,,PUNGGOL EAST,17.922
punggol_east,Punggol East,6810.0,36945.554,41421.99,5.634,6.132,6.132,,,PUNGGOL EAST,18.002
punggol_east,Punggol East,6812.0,36946.78,41423.57,6.183,6.087,6.132,,,PUNGGOL EAST,18.081
punggol_east,Punggol East,6814.0,36948.007,41425.15,6.041,6.041,6.132,,,PUNGGOL EAST,18.161
punggol_east,Punggol East,6816.0,36949.233,41426.73,6.808,6.394,6.394,,,PUNGGOL EAST,18.2
punggol_east,Punggol East,6818.0,36950.46,41428.31,6.051,6.747,6.747,,,PUNGGOL EAST,18.234
punggol_east,Punggol East,6820.0,36951.686,41429.889,6.65,7.1,7.1,,,PUNGGOL EAST,18.269
punggol_east,Punggol East,6822.0,36952.913,41431.469,6.344,,7.453,,,PUNGGOL EAST,18.304
punggol_east,Punggol East,6824.0,36954.139,41433.049,6.366,7.806,7.806,,,PUNGGOL EAST,18.339
punggol_east,Punggol East,6826.0,36955.366,41434.629,7.241,8.159,8.159,,,PUNGGOL EAST,18.373
punggol_east,Punggol East,6828.0,36956.592,41436.208,7.689,8.512,8.512,,,PUNGGOL EAST,18.408
punggol_east,Punggol East,6830.0,36957.819,41437.788,6.051,8.865,8.865,,,PUNGGOL EAST,18.443
punggol_east,Punggol East,6832.0,36959.045,41439.368,10.332,8.974,8.946,,,PUNGGOL EAST,18.478
punggol_east,Punggol East,6834.0,36960.272,41440.948,9.983,9.082,8.946,,,PUNGGOL EAST,18.513
punggol_east,Punggol East,6836.0,36961.498,41442.528,8.555,8.946,8.946,,,PUNGGOL EAST,18.547
punggol_east,Punggol East,6838.0,36962.725,41444.107,7.45,8.81,8.81,,,PUNGGOL EAST,18.582
punggol_east,Punggol East,6840.0,36963.951,41445.687,9.86,8.674,8.674,,,PUNGGOL EAST,18.617
punggol_east,Punggol East,6842.0,36965.178,41447.267,12.255,8.538,8.538,,,PUNGGOL EAST,18.652
punggol_east,Punggol East,6844.0,36966.404,41448.847,9.683,8.403,8.403,,,PUNGGOL EAST,18.686
punggol_east,Punggol East,6846.0,36967.631,41450.427,7.56,8.267,8.267,,,PUNGGOL EAST,18.721
punggol_east,Punggol East,6848.0,36968.857,41452.006,8.01,8.131,8.131,,,PUNGGOL EAST,18.756
punggol_east,Punggol East,6850.0,36970.083,41453.586,7.995,7.995,7.995,,,PUNGGOL EAST,18.791
punggol_east,Punggol East,6852.0,36971.31,41455.166,6.203,7.735,7.756,,,PUNGGOL EAST,18.826
punggol_east,Punggol East,6854.0,36972.536,41456.746,7.475,7.475,7.756,-2.978,1.0,PUNGGOL EAST,18.86
punggol_east,Punggol East,6856.0,36973.763,41458.326,7.756,7.756,7.756,,,PUNGGOL EAST,18.895
punggol_east,Punggol East,6858.0,36974.989,41459.905,7.946,7.946,7.756,,,PUNGGOL EAST,18.93
punggol_east,Punggol East,6860.0,36976.216,41461.485,9.241,7.843,7.756,,,PUNGGOL EAST,18.965
punggol_east,Punggol East,6862.0,36977.442,41463.065,8.08,7.74,7.74,,,PUNGGOL EAST,18.999
punggol_east,Punggol East,6864.0,36978.669,41464.645,6.783,7.637,7.637,,,PUNGGOL EAST,19.034
punggol_east,Punggol East,6866.0,36979.895,41466.225,7.036,7.534,7.534,,,PUNGGOL EAST,19.069
punggol_east,Punggol East,6868.0,36981.122,41467.804,7.431,7.431,7.477,,,PUNGGOL EAST,19.104
punggol_east,Punggol East,6870.0,36982.348,41469.384,7.477,7.477,7.431,,,PUNGGOL EAST,19.139
punggol_east,Punggol East,6872.0,36983.575,41470.964,6.711,7.204,7.204,,,PUNGGOL EAST,19.173
punggol_east,Punggol East,6874.0,36984.801,41472.544,7.512,6.931,6.931,-13.085,2.0,PUNGGOL EAST,19.208
punggol_east,Punggol East,6876.0,36986.028,41474.124,6.505,6.658,6.658,,,PUNGGOL EAST,19.243
punggol_east,Punggol East,6878.0,36987.254,41475.703,6.384,6.384,6.384,,,PUNGGOL EAST,19.278
punggol_east,Punggol East,6880.0,36988.481,41477.283,6.172,6.172,6.188,,,PUNGGOL EAST,19.312
punggol_east,Punggol East,6882.0,36989.707,41478.863,6.168,6.168,6.188,,,PUNGGOL EAST,19.347
punggol_east,Punggol East,6884.0,36990.934,41480.443,6.188,6.188,6.188,,,PUNGGOL EAST,19.382
punggol_east,Punggol East,6886.0,36992.16,41482.023,5.698,6.29,6.29,3.736,1.0,PUNGGOL EAST,19.417
punggol_east,Punggol East,6888.0,36993.387,41483.602,5.825,6.392,6.392,3.736,1.0,PUNGGOL EAST,19.452
punggol_east,Punggol East,6890.0,36994.613,41485.182,6.494,6.494,6.486,,,PUNGGOL EAST,19.486
punggol_east,Punggol East,6892.0,36995.839,41486.762,6.486,6.486,6.486,,,PUNGGOL EAST,19.521
punggol_east,Punggol East,6894.0,36997.066,41488.342,6.609,6.609,6.486,,,PUNGGOL EAST,19.556
punggol_east,Punggol East,6896.0,36998.292,41489.922,6.628,6.39,6.39,,,PUNGGOL EAST,19.591
punggol_east,Punggol East,6898.0,36999.519,41491.501,5.751,6.171,6.171,-6.427,1.0,PUNGGOL EAST,19.625
punggol_east,Punggol East,6900.0,37000.745,41493.081,5.713,6.071,6.071,,,PUNGGOL EAST,19.66
punggol_east,Punggol East,6902.0,37001.972,41494.661,5.972,5.972,5.972,,,PUNGGOL EAST,19.695
punggol_east,Punggol East,6904.0,37003.198,41496.241,5.622,5.954,5.954,,,PUNGGOL EAST,19.73
punggol_east,Punggol East,6906.0,37004.425,41497.821,6.179,5.936,5.936,-0.904,1.0,PUNGGOL EAST,19.764
punggol_east,Punggol East,6908.0,37005.651,41499.4,6.217,5.918,5.918,,,PUNGGOL EAST,19.799
punggol_east,Punggol East,6910.0,37006.878,41500.98,5.9,5.9,5.9,,,PUNGGOL EAST,19.834
punggol_east,Punggol East,6912.0,37008.104,41502.56,6.213,5.868,5.868,,,PUNGGOL EAST,19.869
punggol_east,Punggol East,6914.0,37009.331,41504.14,5.576,5.836,5.836,-1.203,1.0,PUNGGOL EAST,19.904
punggol_east,Punggol East,6916.0,37010.557,41505.72,5.804,5.804,5.804,,,PUNGGOL EAST,19.938
punggol_east,Punggol East,6918.0,37011.784,41507.299,5.555,5.555,5.804,,,PUNGGOL EAST,19.973
punggol_east,Punggol East,6920.0,37013.01,41508.879,5.251,5.691,5.804,-1.405,1.0,PUNGGOL EAST,20.008
punggol_east,Punggol East,6922.0,37014.237,41510.459,5.96,5.827,5.691,,,PUNGGOL EAST,20.043
punggol_east,Punggol East,6924.0,37015.463,41512.039,5.964,5.964,5.691,,,PUNGGOL EAST,20.077
punggol_east,Punggol East,6926.0,37016.69,41513.619,6.006,5.688,5.688,,,PUNGGOL EAST,20.112
punggol_east,Punggol East,6928.0,37017.916,41515.198,5.412,5.412,5.422,-3.492,1.0,PUNGGOL EAST,20.147
punggol_east,Punggol East,6930.0,37019.142,41516.778,5.41,5.41,5.412,-1.746,1.0,PUNGGOL EAST,20.182
punggol_east,Punggol East,6932.0,37020.369,41518.358,5.422,5.422,5.412,0.0,1.0,PUNGGOL EAST,20.217
punggol_east,Punggol East,6934.0,37021.595,41519.938,5.412,5.412,5.412,,,PUNGGOL EAST,20.251
punggol_east,Punggol East,6936.0,37022.822,41521.518,5.37,5.37,5.422,,,PUNGGOL EAST,20.286
punggol_east,Punggol East,6938.0,37024.048,41523.097,6.366,5.481,5.481,,,PUNGGOL EAST,20.321
punggol_east,Punggol East,6940.0,37025.275,41524.677,6.373,5.591,5.591,,,PUNGGOL EAST,20.356
punggol_east,Punggol East,6942.0,37026.501,41526.257,6.498,5.702,5.702,,,PUNGGOL EAST,20.39
punggol_east,Punggol East,6944.0,37027.728,41527.837,5.364,5.812,5.812,,,PUNGGOL EAST,20.425
punggol_east,Punggol East,6946.0,37028.954,41529.417,5.425,5.923,5.923,,,PUNGGOL EAST,20.46
punggol_east,Punggol East,6948.0,37030.181,41530.996,5.412,6.033,6.033,,,PUNGGOL EAST,20.495
punggol_east,Punggol East,6950.0,37031.407,41532.576,6.642,6.237,6.237,,,PUNGGOL EAST,20.53
punggol_east,Punggol East,6952.0,37032.634,41534.156,7.927,6.44,6.237,,,PUNGGOL EAST,20.564
punggol_east,Punggol East,6954.0,37033.86,41535.736,6.539,6.239,6.237,,,PUNGGOL EAST,20.599
punggol_east,Punggol East,6956.0,37035.087,41537.315,8.612,6.037,6.037,,,PUNGGOL EAST,20.634
punggol_east,Punggol East,6958.0,37036.313,41538.895,7.174,5.836,5.836,,,PUNGGOL EAST,20.669
punggol_east,Punggol East,6960.0,37037.54,41540.475,5.41,5.634,5.634,,,PUNGGOL EAST,20.703
punggol_east,Punggol East,6962.0,37038.766,41542.055,5.433,5.433,5.634,,,PUNGGOL EAST,20.738
punggol_east,Punggol East,6964.0,37039.993,41543.635,5.516,5.516,5.634,,,PUNGGOL EAST,20.773
punggol_east,Punggol East,6966.0,37041.219,41545.214,5.314,5.748,5.748,,,PUNGGOL EAST,20.808
punggol_east,Punggol East,6968.0,37042.446,41546.794,5.28,5.979,5.979,,,PUNGGOL EAST,20.843
punggol_east,Punggol East,7014.0,37070.654,41583.13,10.083,6.21,6.21,,,PUNGGOL EAST,21.766
punggol_east,Punggol East,7016.0,37071.881,41584.709,10.436,6.442,6.442,,,PUNGGOL EAST,21.812
punggol_east,Punggol East,7018.0,37073.107,41586.289,13.211,6.673,6.673,,,PUNGGOL EAST,21.857
punggol_east,Punggol East,7020.0,37074.334,41587.869,8.947,6.944,6.944,,,PUNGGOL EAST,21.903
punggol_east,Punggol East,7022.0,37075.56,41589.449,8.626,7.215,7.215,,,PUNGGOL EAST,21.949
punggol_east,Punggol East,7024.0,37076.787,41591.029,8.616,7.452,7.452,,,PUNGGOL EAST,21.994
punggol_east,Punggol East,7026.0,37078.013,41592.608,8.623,7.689,7.689,,,PUNGGOL EAST,22.04
punggol_east,Punggol East,7028.0,37079.24,41594.188,10.518,7.925,7.925,,,PUNGGOL EAST,22.086
punggol_east,Punggol East,7030.0,37080.466,41595.768,10.269,8.162,7.925,,,PUNGGOL EAST,22.131
punggol_east,Punggol East,7032.0,37081.693,41597.348,11.389,7.963,7.925,,,PUNGGOL EAST,22.177
punggol_east,Punggol East,7034.0,37082.919,41598.928,8.295,7.764,7.764,,,PUNGGOL EAST,22.222
punggol_east,Punggol East,7036.0,37084.146,41600.507,5.813,7.565,7.565,,,PUNGGOL EAST,22.268
punggol_east,Punggol East,7038.0,37085.372,41602.087,7.051,7.296,7.296,,,PUNGGOL EAST,22.314
punggol_east,Punggol East,7040.0,37086.599,41603.667,8.198,7.027,7.027,,,PUNGGOL EAST,22.359
punggol_east,Punggol East,7042.0,37087.825,41605.247,8.056,6.759,6.759,,,PUNGGOL EAST,22.405
punggol_east,Punggol East,7044.0,37089.052,41606.827,6.002,6.49,6.49,,,PUNGGOL EAST,22.451
punggol_east,Punggol East,7046.0,37090.278,41608.406,5.644,6.221,6.49,,,PUNGGOL EAST,22.496
punggol_east,Punggol East,7048.0,37091.505,41609.986,10.703,6.44,6.49,,,PUNGGOL EAST,22.542
punggol_east,Punggol East,7050.0,37092.731,41611.566,6.659,6.659,6.659,,,PUNGGOL EAST,22.588
punggol_east,Punggol East,7052.0,37093.957,41613.146,10.16,6.918,6.918,,,PUNGGOL EAST,22.633
punggol_east,Punggol East,7054.0,37095.184,41614.726,7.468,7.178,7.178,,,PUNGGOL EAST,22.679
punggol_east,Punggol East,7056.0,37096.41,41616.305,7.054,7.437,7.437,,,PUNGGOL EAST,22.725
punggol_east,Punggol East,7058.0,37097.637,41617.885,7.63,7.696,7.696,,,PUNGGOL EAST,22.77
punggol_east,Punggol East,7060.0,37098.863,41619.465,7.979,7.955,7.955,,,PUNGGOL EAST,22.816
punggol_east,Punggol East,7062.0,37100.09,41621.045,10.727,8.214,8.214,,,PUNGGOL EAST,22.862
punggol_east,Punggol East,7064.0,37101.316,41622.625,8.45,8.45,8.45,,,PUNGGOL EAST,22.907
punggol_east,Punggol East,7066.0,37102.543,41624.204,8.671,8.671,8.594,0.677,1.0,PUNGGOL EAST,22.953
punggol_east,Punggol East,7068.0,37103.769,41625.784,6.53,8.632,8.594,0.257,1.0,PUNGGOL EAST,22.999
punggol_east,Punggol East,7118.0,37134.431,41665.279,13.408,8.594,8.594,0.0,1.0,PUNGGOL EAST,25.14
punggol_east,Punggol East,7120.0,37135.658,41666.859,11.525,8.555,8.594,,,PUNGGOL EAST,25.261
punggol_east,Punggol East,7122.0,37136.884,41668.439,8.516,8.516,8.594,,,PUNGGOL EAST,25.382
punggol_east,Punggol East,7124.0,37138.111,41670.018,7.431,8.694,8.694,,,PUNGGOL EAST,25.502
punggol_east,Punggol East,7126.0,37139.337,41671.598,6.767,8.872,8.872,,,PUNGGOL EAST,25.623
punggol_east,Punggol East,7128.0,37140.564,41673.178,7.325,9.05,9.05,,,PUNGGOL EAST,25.744
punggol_east,Punggol East,7130.0,37141.79,41674.758,9.498,9.228,9.135,,,PUNGGOL EAST,25.864
punggol_east,Punggol East,7132.0,37143.017,41676.338,11.024,9.406,9.135,,,PUNGGOL EAST,25.985
punggol_east,Punggol East,7134.0,37144.243,41677.917,9.315,9.135,9.135,,,PUNGGOL EAST,26.106
punggol_east,Punggol East,7136.0,37145.469,41679.497,9.918,8.864,8.864,,,PUNGGOL EAST,26.227
punggol_east,Punggol East,7138.0,37146.696,41681.077,10.047,8.593,8.593,,,PUNGGOL EAST,26.347
punggol_east,Punggol East,7140.0,37147.922,41682.657,9.027,8.321,8.321,,,PUNGGOL EAST,26.468
punggol_east,Punggol East,7142.0,37149.149,41684.237,7.99,8.217,8.236,,,PUNGGOL EAST,26.589
punggol_east,Punggol East,7144.0,37150.375,41685.816,6.141,8.113,8.236,,,PUNGGOL EAST,26.709
punggol_east,Punggol East,7146.0,37151.602,41687.396,9.917,8.236,8.217,,,PUNGGOL EAST,26.83
punggol_east,Punggol East,7148.0,37152.828,41688.976,8.358,8.358,8.141,,,PUNGGOL EAST,26.951
punggol_east,Punggol East,7150.0,37154.055,41690.556,7.437,8.141,8.141,,,PUNGGOL EAST,27.071
punggol_east,Punggol East,7152.0,37155.281,41692.136,6.773,7.923,7.923,,,PUNGGOL EAST,27.192
punggol_east,Punggol East,7154.0,37156.508,41693.715,8.231,7.706,7.706,,,PUNGGOL EAST,27.313
punggol_east,Punggol East,7156.0,37157.734,41695.295,6.786,7.488,7.488,,,PUNGGOL EAST,27.433
punggol_east,Punggol East,7158.0,37158.961,41696.875,8.359,7.27,7.27,,,PUNGGOL EAST,27.554
punggol_east,Punggol East,7160.0,37160.187,41698.455,6.023,7.053,7.053,,,PUNGGOL EAST,27.675
punggol_east,Punggol East,7162.0,37161.414,41700.035,6.395,6.835,6.835,,,PUNGGOL EAST,27.783
punggol_east,Punggol East,7164.0,37162.64,41701.614,6.618,6.618,6.634,,,PUNGGOL EAST,27.859
punggol_east,Punggol East,7166.0,37163.867,41703.194,6.634,6.634,6.634,,,PUNGGOL EAST,27.936
punggol_east,Punggol East,7168.0,37165.093,41704.774,6.596,6.596,6.618,-0.141,1.0,PUNGGOL EAST,28.013
punggol_east,Punggol East,7170.0,37166.32,41706.354,6.656,6.656,6.623,,,PUNGGOL EAST,28.089
punggol_east,Punggol East,7172.0,37167.546,41707.934,6.553,6.553,6.623,,,PUNGGOL EAST,28.166
punggol_east,Punggol East,7174.0,37168.772,41709.513,7.509,6.623,6.656,1.763,1.0,PUNGGOL EAST,28.242
punggol_east,Punggol East,7176.0,37169.999,41711.093,7.338,6.694,6.694,,,PUNGGOL EAST,28.319
punggol_east,Punggol East,7178.0,37171.225,41712.673,6.764,6.764,6.764,,,PUNGGOL EAST,28.396
punggol_east,Punggol East,7180.0,37172.452,41714.253,6.674,6.996,6.996,,,PUNGGOL EAST,28.472
punggol_east,Punggol East,7182.0,37173.678,41715.833,9.256,7.227,7.227,11.062,2.0,PUNGGOL EAST,28.549
punggol_east,Punggol East,7184.0,37174.905,41717.412,5.87,7.459,7.459,,,PUNGGOL EAST,28.625
punggol_east,Punggol East,7186.0,37176.131,41718.992,7.69,7.69,7.649,,,PUNGGOL EAST,28.702
punggol_east,Punggol East,7188.0,37177.358,41720.572,7.649,7.649,7.661,,,PUNGGOL EAST,28.779
punggol_east,Punggol East,7190.0,37178.584,41722.152,10.551,7.661,7.672,0.144,1.0,PUNGGOL EAST,28.855
punggol_east,Punggol East,7192.0,37179.811,41723.732,10.275,7.672,7.661,,,PUNGGOL EAST,28.932
punggol_east,Punggol East,7194.0,37181.037,41725.311,7.684,7.684,7.661,,,PUNGGOL EAST,29.008
punggol_east,Punggol East,7196.0,37182.264,41726.891,5.616,7.485,7.485,-5.741,1.0,PUNGGOL EAST,29.085
punggol_east,Punggol East,7198.0,37183.49,41728.471,7.032,7.286,7.286,,,PUNGGOL EAST,29.162
punggol_east,Punggol East,7200.0,37184.717,41730.051,7.087,7.087,7.202,,,PUNGGOL EAST,29.238
punggol_east,Punggol East,7202.0,37185.943,41731.63,7.768,7.144,7.202,,,PUNGGOL EAST,29.315
punggol_east,Punggol East,7204.0,37187.17,41733.21,6.323,7.202,7.202,0.0,1.0,PUNGGOL EAST,29.391
punggol_east,Punggol East,7206.0,37188.396,41734.79,7.358,7.259,7.202,,,PUNGGOL EAST,29.468
punggol_east,Punggol East,7208.0,37189.623,41736.37,7.316,7.316,7.202,,,PUNGGOL EAST,29.545
punggol_east,Punggol East,7210.0,37190.849,41737.95,7.421,7.021,7.021,,,PUNGGOL EAST,29.621
punggol_east,Punggol East,7212.0,37192.076,41739.529,6.726,6.726,6.765,,,PUNGGOL EAST,29.698
punggol_east,Punggol East,7214.0,37193.302,41741.109,6.453,6.746,6.765,,,PUNGGOL EAST,29.774
punggol_east,Punggol East,7216.0,37194.528,41742.689,6.542,6.765,6.765,,,PUNGGOL EAST,29.851
punggol_east,Punggol East,7218.0,37195.755,41744.269,6.208,7.033,7.033,,,PUNGGOL EAST,29.928
punggol_east,Punggol East,7220.0,37196.981,41745.849,6.662,7.3,7.3,,,PUNGGOL EAST,30.004
punggol_east,Punggol East,7222.0,37198.208,41747.428,8.256,7.568,7.568,,,PUNGGOL EAST,30.081
punggol_east,Punggol East,7224.0,37199.434,41749.008,8.088,7.836,7.836,,,PUNGGOL EAST,30.157
punggol_east,Punggol East,7226.0,37200.661,41750.588,9.121,7.97,7.836,,,PUNGGOL EAST,30.234
punggol_east,Punggol East,7228.0,37201.887,41752.168,8.682,7.852,7.836,,,PUNGGOL EAST,30.311
punggol_east,Punggol East,7230.0,37203.114,41753.748,6.721,7.733,7.733,,,PUNGGOL EAST,30.387
punggol_east,Punggol East,7232.0,37204.34,41755.327,6.705,7.615,7.615,,,PUNGGOL EAST,30.464
punggol_east,Punggol East,7234.0,37205.567,41756.907,7.057,7.497,7.497,,,PUNGGOL EAST,30.54
punggol_east,Punggol East,7236.0,37206.793,41758.487,7.379,7.379,7.379,,,PUNGGOL EAST,30.617
punggol_east,Punggol East,7238.0,37208.02,41760.067,8.41,7.192,7.192,,,PUNGGOL EAST,30.693
punggol_east,Punggol East,7240.0,37209.246,41761.647,7.639,7.005,7.181,,,PUNGGOL EAST,30.77
punggol_east,Punggol East,7242.0,37210.473,41763.226,7.155,7.093,7.181,,,PUNGGOL EAST,30.847
punggol_east,Punggol East,7244.0,37211.699,41764.806,6.39,7.181,7.181,,,PUNGGOL EAST,30.923
punggol_east,Punggol East,7246.0,37212.926,41766.386,6.445,7.319,7.319,,,PUNGGOL EAST,31.0
punggol_east,Punggol East,7248.0,37214.152,41767.966,7.222,7.458,7.319,,,PUNGGOL EAST,31.076
punggol_east,Punggol East,7250.0,37215.379,41769.546,7.236,7.372,7.319,,,PUNGGOL EAST,31.153
punggol_east,Punggol East,7252.0,37216.605,41771.125,10.276,7.287,7.287,,,PUNGGOL EAST,31.23
punggol_east,Punggol East,7254.0,37217.832,41772.705,10.522,7.201,7.201,,,PUNGGOL EAST,31.306
punggol_east,Punggol East,7256.0,37219.058,41774.285,10.487,7.116,7.116,,,PUNGGOL EAST,31.383
punggol_east,Punggol East,7258.0,37220.284,41775.865,8.812,7.031,7.031,,,PUNGGOL EAST,31.459
punggol_east,Punggol East,7260.0,37221.511,41777.445,11.15,6.945,6.945,,,PUNGGOL EAST,31.536
punggol_east,Punggol East,7262.0,37222.737,41779.024,6.712,6.86,6.86,,,PUNGGOL EAST,31.613
punggol_east,Punggol East,7264.0,37223.964,41780.604,6.712,6.775,6.775,,,PUNGGOL EAST,31.689
punggol_east,Punggol East,7266.0,37225.19,41782.184,6.689,6.689,6.775,,,PUNGGOL EAST,31.766
punggol_east,Punggol East,7268.0,37226.417,41783.764,6.651,6.651,6.775,,,PUNGGOL EAST,31.842
punggol_east,Punggol East,7270.0,37227.643,41785.344,6.95,6.95,6.843,1.055,1.0,PUNGGOL EAST,31.919
punggol_east,Punggol East,7272.0,37228.87,41786.923,6.843,6.843,6.85,,,PUNGGOL EAST,31.996
punggol_east,Punggol East,7274.0,37230.096,41788.503,6.85,6.85,6.859,,,PUNGGOL EAST,32.072
punggol_east,Punggol East,7276.0,37231.323,41790.083,7.476,6.859,6.859,0.113,1.0,PUNGGOL EAST,32.149
punggol_east,Punggol East,7278.0,37232.549,41791.663,6.929,6.868,6.859,-0.422,1.0,PUNGGOL EAST,32.225
punggol_east,Punggol East,7280.0,37233.776,41793.243,9.906,6.877,6.859,,,PUNGGOL EAST,32.302
punggol_east,Punggol East,7282.0,37235.002,41794.822,10.171,6.825,6.825,,,PUNGGOL EAST,32.379
punggol_east,Punggol East,7284.0,37236.229,41796.402,6.774,6.774,6.813,,,PUNGGOL EAST,32.455
punggol_east,Punggol East,7286.0,37237.455,41797.982,8.272,6.667,6.813,,,PUNGGOL EAST,32.532
punggol_east,Punggol East,7288.0,37238.682,41799.562,7.204,6.813,6.813,,,PUNGGOL EAST,32.608
punggol_east,Punggol East,7290.0,37239.908,41801.142,8.432,7.039,7.039,,,PUNGGOL EAST,32.685
punggol_east,Punggol East,7292.0,37241.135,41802.721,6.278,7.265,7.265,,,PUNGGOL EAST,32.762
punggol_east,Punggol East,7294.0,37242.361,41804.301,6.239,7.493,7.493,,,PUNGGOL EAST,32.838
punggol_east,Punggol East,7296.0,37243.587,41805.881,6.184,7.722,7.722,,,PUNGGOL EAST,32.915
punggol_east,Punggol East,7298.0,37244.814,41807.461,8.561,7.95,7.95,,,PUNGGOL EAST,32.991
punggol_east,Punggol East,7300.0,37246.04,41809.041,7.582,8.179,8.179,,,PUNGGOL EAST,33.068
punggol_east,Punggol East,7302.0,37247.267,41810.62,9.147,8.408,8.254,,,PUNGGOL EAST,33.145
punggol_east,Punggol East,7304.0,37248.493,41812.2,7.864,8.331,8.254,,,PUNGGOL EAST,33.221
punggol_east,Punggol East,7306.0,37249.72,41813.78,8.557,8.254,8.254,,,PUNGGOL EAST,33.298
punggol_east,Punggol East,7308.0,37250.946,41815.36,8.055,8.177,8.177,,,PUNGGOL EAST,33.374
punggol_east,Punggol East,7310.0,37252.173,41816.94,7.074,8.1,8.1,,,PUNGGOL EAST,33.451
punggol_east,Punggol East,7312.0,37253.399,41818.519,7.128,7.895,7.895,,,PUNGGOL EAST,33.528
punggol_east,Punggol East,7314.0,37254.626,41820.099,7.946,7.69,7.69,,,PUNGGOL EAST,33.604
punggol_east,Punggol East,7316.0,37255.852,41821.679,9.06,7.495,7.495,,,PUNGGOL EAST,33.681
punggol_east,Punggol East,7318.0,37257.079,41823.259,8.199,7.299,7.299,,,PUNGGOL EAST,33.757
punggol_east,Punggol East,7320.0,37258.305,41824.839,7.94,7.103,7.124,,,PUNGGOL EAST,33.834
punggol_east,Punggol East,7322.0,37259.532,41826.418,6.273,6.908,7.124,,,PUNGGOL EAST,33.911
punggol_east,Punggol East,7324.0,37260.758,41827.998,6.314,7.124,7.124,,,PUNGGOL EAST,33.987
punggol_east,Punggol East,7326.0,37261.985,41829.578,7.321,7.34,7.34,,,PUNGGOL EAST,34.064
punggol_east,Punggol East,7328.0,37263.211,41831.158,7.343,7.557,7.557,,,PUNGGOL EAST,34.14
punggol_east,Punggol East,7330.0,37264.438,41832.737,7.986,7.773,7.773,,,PUNGGOL EAST,34.217
punggol_east,Punggol East,7332.0,37265.664,41834.317,7.989,7.989,7.982,,,PUNGGOL EAST,34.294
punggol_east,Punggol East,7334.0,37266.891,41835.897,7.982,7.982,7.989,,,PUNGGOL EAST,34.37
punggol_east,Punggol East,7336.0,37268.117,41837.477,7.984,8.175,8.175,6.193,1.0,PUNGGOL EAST,34.447
punggol_east,Punggol East,7338.0,37269.343,41839.057,8.368,8.368,8.368,,,PUNGGOL EAST,34.523
punggol_east,Punggol East,7340.0,37270.57,41840.636,8.477,8.477,8.477,,,PUNGGOL EAST,34.6
punggol_east,Punggol East,7342.0,37271.796,41842.216,8.591,8.737,8.737,,,PUNGGOL EAST,34.677
punggol_east,Punggol East,7344.0,37273.023,41843.796,8.998,8.998,8.998,,,PUNGGOL EAST,34.753
punggol_east,Punggol East,7346.0,37274.249,41845.376,9.756,9.023,9.023,,,PUNGGOL EAST,34.83
punggol_east,Punggol East,7348.0,37275.476,41846.956,8.985,9.048,9.023,-0.591,1.0,PUNGGOL EAST,34.906
punggol_east,Punggol East,7350.0,37276.702,41848.535,9.073,9.073,9.023,,,PUNGGOL EAST,34.983
punggol_east,Punggol East,7352.0,37277.929,41850.115,8.95,8.95,8.95,,,PUNGGOL EAST,35.06
punggol_east,Punggol East,7354.0,37279.155,41851.695,8.678,8.678,8.95,,,PUNGGOL EAST,35.136
punggol_east,Punggol East,7356.0,37280.382,41853.275,8.38,8.859,8.95,1.83,1.0,PUNGGOL EAST,35.213
punggol_east,Punggol East,7358.0,37281.608,41854.855,8.882,9.039,9.039,2.221,1.0,PUNGGOL EAST,35.289
punggol_east,Punggol East,7360.0,37282.835,41856.434,9.22,9.22,9.097,,,PUNGGOL EAST,35.366
punggol_east,Punggol East,7362.0,37284.061,41858.014,9.097,9.097,9.128,,,PUNGGOL EAST,35.443
punggol_east,Punggol East,7364.0,37285.288,41859.594,9.128,9.128,9.128,,,PUNGGOL EAST,35.519
punggol_east,Punggol East,7366.0,37286.514,41861.174,9.22,9.22,9.097,,,PUNGGOL EAST,35.596
punggol_east,Punggol East,7368.0,37287.741,41862.754,7.566,8.618,8.618,-13.906,2.0,PUNGGOL EAST,35.672
punggol_east,Punggol East,7370.0,37288.967,41864.333,7.472,8.015,8.317,-18.02,2.0,PUNGGOL EAST,35.749
punggol_east,Punggol East,7372.0,37290.194,41865.913,7.413,7.413,8.015,,,PUNGGOL EAST,35.826
