path_key,source_project,chainage_m,x_svy21,y_svy21,elevation_m_raw,elevation_m_filtered,elevation_m_smooth,gradient_pct,Grade,nearest_road_name,nearest_road_dist_m
middle_road,Middle Road,58.0,30215.751,31267.658,3.189,3.189,3.369,,,MIDDLE ROAD,9.51
middle_road,Middle Road,60.0,30217.617,31268.379,3.369,3.369,3.516,,,MIDDLE ROAD,7.996
middle_road,Middle Road,62.0,30219.483,31269.099,2.76,3.662,3.662,,,MIDDLE ROAD,6.482
middle_road,Middle Road,64.0,30221.348,31269.82,3.638,3.954,3.954,,,MIDDLE ROAD,4.968
middle_road,Middle Road,66.0,30223.214,31270.54,3.301,4.247,4.247,,,MIDDLE ROAD,3.408
middle_road,Middle Road,68.0,30225.08,31271.261,3.487,4.55,4.55,,,MIDDLE ROAD,1.658
middle_road,Middle Road,70.0,30226.946,31271.981,4.026,4.853,4.853,,,MIDDLE ROAD,0.093
middle_road,Middle Road,72.0,30228.811,31272.702,5.125,5.211,5.211,,,MIDDLE ROAD,1.843
middle_road,Middle Road,74.0,30230.677,31273.422,5.417,5.568,5.568,,,MIDDLE ROAD,3.594
middle_road,Middle Road,76.0,30232.543,31274.142,4.579,5.926,5.926,,,MIDDLE ROAD,5.344
middle_road,Middle Road,78.0,30234.408,31274.863,3.829,,6.283,,,MIDDLE ROAD,7.095
middle_road,Middle Road,80.0,30236.274,31275.583,3.982,6.641,6.641,,,MIDDLE ROAD,8.846
middle_road,Middle Road,82.0,30238.14,31276.304,8.946,6.998,6.998,,,MIDDLE ROAD,10.596
middle_road,Middle Road,84.0,30240.006,31277.024,10.927,7.356,7.356,,,MIDDLE ROAD,12.347
middle_road,Middle Road,86.0,30241.871,31277.745,11.702,7.714,7.714,,,MIDDLE ROAD,14.097
middle_road,Middle Road,88.0,30243.737,31278.465,9.626,7.751,7.714,,,MIDDLE ROAD,15.848
middle_road,Middle Road,90.0,30245.603,31279.186,9.983,7.788,7.714,,,MIDDLE ROAD,17.598
middle_road,Middle Road,92.0,30247.469,31279.906,9.18,7.498,7.498,,,MIDDLE ROAD,19.349
middle_road,Middle Road,94.0,30249.334,31280.627,9.634,7.209,7.209,,,MIDDLE ROAD,21.1
middle_road,Middle Road,96.0,30251.2,31281.347,16.555,6.919,6.919,,,MIDDLE ROAD,22.85
middle_road,Middle Road,478.0,30344.92,31209.509,8.412,6.63,6.63,,,MIDDLE ROAD,27.636
middle_road,Middle Road,480.0,30346.37,31208.131,5.045,6.34,6.34,,,MIDDLE ROAD,27.484
middle_road,Middle Road,482.0,30347.821,31206.754,5.92,6.051,6.051,,,MIDDLE ROAD,27.332
middle_road,Middle Road,484.0,30349.271,31205.377,5.762,5.762,6.051,,,MIDDLE ROAD,27.18
middle_road,Middle Road,486.0,30350.721,31204.0,5.878,5.878,6.051,,,MIDDLE ROAD,27.027
middle_road,Middle Road,488.0,30352.172,31202.623,5.678,6.151,6.151,,,MIDDLE ROAD,26.875
middle_road,Middle Road,490.0,30353.622,31201.245,5.337,6.424,6.424,,,MIDDLE ROAD,26.723
middle_road,Middle Road,492.0,30355.072,31199.868,5.608,6.697,6.697,,,MIDDLE ROAD,26.571
middle_road,Middle Road,494.0,30356.522,31198.491,5.433,6.969,6.969,,,MIDDLE ROAD,26.418
middle_road,Middle Road,496.0,30357.973,31197.114,8.331,7.13,7.13,,,MIDDLE ROAD,26.266
middle_road,Middle Road,498.0,30359.423,31195.737,11.378,7.29,7.29,,,MIDDLE ROAD,26.114
middle_road,Middle Road,500.0,30360.873,31194.359,14.869,7.451,7.451,,,MIDDLE ROAD,25.962
middle_road,Middle Road,502.0,30362.323,31192.982,15.044,7.611,7.611,,,MIDDLE ROAD,25.809
middle_road,Middle Road,504.0,30363.774,31191.605,15.153,7.772,7.772,,,MIDDLE ROAD,25.657
middle_road,Middle Road,506.0,30365.224,31190.228,5.014,7.932,7.932,,,MIDDLE ROAD,25.505
middle_road,Middle Road,508.0,30366.674,31188.851,6.164,8.092,8.092,,,MIDDLE ROAD,25.353
middle_road,Middle Road,510.0,30368.125,31187.473,6.164,8.383,8.383,,,MIDDLE ROAD,25.2
middle_road,Middle Road,512.0,30369.575,31186.096,7.514,8.971,8.971,,,MIDDLE ROAD,25.048
middle_road,Middle Road,514.0,30371.025,31184.719,3.889,9.558,9.558,,,MIDDLE ROAD,24.896
middle_road,Middle Road,516.0,30372.475,31183.342,4.314,10.383,10.383,,,MIDDLE ROAD,24.744
middle_road,Middle Road,518.0,30373.926,31181.965,6.239,11.208,11.208,,,MIDDLE ROAD,24.591
middle_road,Middle Road,520.0,30375.376,31180.587,6.589,12.033,12.033,,,MIDDLE ROAD,24.439
middle_road,Middle Road,522.0,30376.826,31179.21,6.614,,12.858,,,MIDDLE ROAD,24.287
middle_road,Middle Road,524.0,30378.277,31177.833,14.264,,13.683,,,MIDDLE ROAD,24.135
middle_road,Middle Road,526.0,30379.727,31176.456,11.514,,14.508,,,MIDDLE ROAD,23.982
middle_road,Middle Road,528.0,30381.177,31175.079,11.514,,15.333,,,MIDDLE ROAD,23.83
middle_road,Middle Road,530.0,30382.627,31173.701,18.214,16.158,16.158,,,MIDDLE ROAD,23.678
middle_road,Middle Road,532.0,30384.078,31172.324,18.439,16.983,16.983,,,MIDDLE ROAD,23.526
middle_road,Middle Road,534.0,30385.528,31170.947,18.439,17.808,17.808,,,MIDDLE ROAD,23.373
middle_road,Middle Road,536.0,30386.978,31169.57,18.914,18.633,18.633,,,MIDDLE ROAD,23.221
middle_road,Middle Road,538.0,30388.428,31168.193,,18.827,18.654,,,MIDDLE ROAD,23.069
middle_road,Middle Road,540.0,30389.879,31166.815,,18.74,18.654,,,MIDDLE ROAD,22.917
middle_road,Middle Road,542.0,30391.329,31165.438,,18.654,18.654,-2.166,1.0,MIDDLE ROAD,22.765
middle_road,Middle Road,544.0,30392.779,31164.061,,18.567,18.567,-3.25,1.0,MIDDLE ROAD,22.612
middle_road,Middle Road,546.0,30394.23,31162.684,,18.48,18.48,-4.333,1.0,MIDDLE ROAD,22.46
middle_road,Middle Road,548.0,30395.68,31161.307,,18.394,18.394,-4.333,1.0,MIDDLE ROAD,22.308
middle_road,Middle Road,550.0,30397.13,31159.929,,18.307,18.307,-4.333,1.0,MIDDLE ROAD,22.156
middle_road,Middle Road,552.0,30398.58,31158.552,,18.221,18.221,-4.333,1.0,MIDDLE ROAD,22.003
middle_road,Middle Road,554.0,30400.031,31157.175,,18.134,18.134,-4.333,1.0,MIDDLE ROAD,21.851
middle_road,Middle Road,556.0,30401.481,31155.798,,18.047,18.047,-4.333,1.0,MIDDLE ROAD,21.699
middle_road,Middle Road,558.0,30402.931,31154.42,,17.961,17.961,-4.333,1.0,MIDDLE ROAD,21.547
middle_road,Middle Road,560.0,30404.382,31153.043,,17.874,17.874,-4.333,1.0,MIDDLE ROAD,21.394
middle_road,Middle Road,562.0,30405.832,31151.666,,17.787,17.787,-4.333,1.0,MIDDLE ROAD,21.242
middle_road,Middle Road,564.0,30407.282,31150.289,,17.701,17.701,-4.333,1.0,MIDDLE ROAD,21.09
middle_road,Middle Road,566.0,30408.732,31148.912,,17.614,17.614,,,MIDDLE ROAD,20.938
middle_road,Middle Road,568.0,30410.183,31147.534,,17.527,17.527,,,MIDDLE ROAD,20.785
middle_road,Middle Road,608.0,30439.188,31119.99,,17.441,17.441,,,MIDDLE ROAD,17.011
middle_road,Middle Road,640.0,30462.393,31097.955,,17.354,17.354,,,MIDDLE ROAD,13.296
middle_road,Middle Road,642.0,30463.843,31096.578,,17.267,17.267,,,MIDDLE ROAD,13.064
middle_road,Middle Road,644.0,30465.293,31095.201,,17.181,17.181,-4.333,1.0,MIDDLE ROAD,12.832
middle_road,Middle Road,646.0,30466.744,31093.823,,17.094,17.094,-4.333,1.0,MIDDLE ROAD,12.62
middle_road,Middle Road,648.0,30468.194,31092.446,,17.007,17.007,-3.791,1.0,MIDDLE ROAD,12.429
middle_road,Middle Road,650.0,30469.644,31091.069,,16.921,16.921,-3.25,1.0,MIDDLE ROAD,12.239
middle_road,Middle Road,652.0,30471.094,31089.692,,,16.877,-2.708,1.0,MIDDLE ROAD,12.048
middle_road,Middle Road,654.0,30472.545,31088.315,,,16.834,,,MIDDLE ROAD,11.858
middle_road,Middle Road,656.0,30473.995,31086.937,,,16.791,,,MIDDLE ROAD,11.668
middle_road,Middle Road,658.0,30475.445,31085.56,,,,,,MIDDLE ROAD,11.477
middle_road,Middle Road,660.0,30476.895,31084.183,,,,,,MIDDLE ROAD,11.287
middle_road,Middle Road,662.0,30478.346,31082.806,,,,,,MIDDLE ROAD,11.096
middle_road,Middle Road,664.0,30479.796,31081.429,,,,,,MIDDLE ROAD,10.906
middle_road,Middle Road,666.0,30481.246,31080.051,,,,,,MIDDLE ROAD,10.716
middle_road,Middle Road,668.0,30482.697,31078.674,,,,,,MIDDLE ROAD,10.525
middle_road,Middle Road,670.0,30484.147,31077.297,,,,,,MIDDLE ROAD,10.335
middle_road,Middle Road,672.0,30485.597,31075.92,,,,,,MIDDLE ROAD,10.145
middle_road,Middle Road,674.0,30487.047,31074.543,,,,,,MIDDLE ROAD,9.954
middle_road,Middle Road,676.0,30488.498,31073.165,,,,,,MIDDLE ROAD,9.764
middle_road,Middle Road,678.0,30489.948,31071.788,,,,,,MIDDLE ROAD,9.573
middle_road,Middle Road,680.0,30491.398,31070.411,,,,,,MIDDLE ROAD,9.383
middle_road,Middle Road,682.0,30492.849,31069.034,,,,,,MIDDLE ROAD,9.193
middle_road,Middle Road,684.0,30494.299,31067.657,,,,,,MIDDLE ROAD,9.002
middle_road,Middle Road,686.0,30495.749,31066.279,,,,,,MIDDLE ROAD,8.812
middle_road,Middle Road,688.0,30497.199,31064.902,,,,,,MIDDLE ROAD,8.622
middle_road,Middle Road,690.0,30498.65,31063.525,,,,,,MIDDLE ROAD,8.431
middle_road,Middle Road,692.0,30500.1,31062.148,,,,,,MIDDLE ROAD,8.241
middle_road,Middle Road,694.0,30501.55,31060.771,,,,,,MIDDLE ROAD,8.05
middle_road,Middle Road,696.0,30503.0,31059.393,,,,,,MIDDLE ROAD,7.86
middle_road,Middle Road,698.0,30504.451,31058.016,,,,,,MIDDLE ROAD,7.67
middle_road,Middle Road,700.0,30505.901,31056.639,,,,,,MIDDLE ROAD,7.479
middle_road,Middle Road,702.0,30507.351,31055.262,,,,,,MIDDLE ROAD,7.289
middle_road,Middle Road,704.0,30508.802,31053.885,,,,,,MIDDLE ROAD,7.099
middle_road,Middle Road,706.0,30510.252,31052.507,,,,,,MIDDLE ROAD,6.908
middle_road,Middle Road,708.0,30511.702,31051.13,,,,,,MIDDLE ROAD,6.718
middle_road,Middle Road,710.0,30513.152,31049.753,,,,,,MIDDLE ROAD,6.527
middle_road,Middle Road,712.0,30514.603,31048.376,,,,,,MIDDLE ROAD,6.337
middle_road,Middle Road,714.0,30516.053,31046.999,,,,,,MIDDLE ROAD,6.147
middle_road,Middle Road,716.0,30517.503,31045.621,,,,,,MIDDLE ROAD,5.956
middle_road,Middle Road,718.0,30518.954,31044.244,,,,,,MIDDLE ROAD,5.766
middle_road,Middle Road,720.0,30520.404,31042.867,,,,,,MIDDLE ROAD,5.576
middle_road,Middle Road,722.0,30521.854,31041.49,,,,,,MIDDLE ROAD,5.385
middle_road,Middle Road,724.0,30523.304,31040.113,,,,,,MIDDLE ROAD,5.195
middle_road,Middle Road,726.0,30524.755,31038.735,,,,,,MIDDLE ROAD,5.004
middle_road,Middle Road,728.0,30526.205,31037.358,,,,,,MIDDLE ROAD,4.814
middle_road,Middle Road,730.0,30527.655,31035.981,,,,,,MIDDLE ROAD,4.624
middle_road,Middle Road,732.0,30529.106,31034.604,,,,,,MIDDLE ROAD,4.433
middle_road,Middle Road,742.0,30536.357,31027.718,,,,,,MIDDLE ROAD,3.481
middle_road,Middle Road,744.0,30537.807,31026.34,,,,,,MIDDLE ROAD,3.291
middle_road,Middle Road,746.0,30539.257,31024.963,,,,,,MIDDLE ROAD,3.101
middle_road,Middle Road,748.0,30540.708,31023.586,,,,,,MIDDLE ROAD,2.91
middle_road,Middle Road,750.0,30542.158,31022.209,,,,,,MIDDLE ROAD,2.72
middle_road,Middle Road,752.0,30543.608,31020.832,,,,,,MIDDLE ROAD,2.529
middle_road,Middle Road,754.0,30545.059,31019.454,,,,,,MIDDLE ROAD,2.339
middle_road,Middle Road,756.0,30546.509,31018.077,,,,,,MIDDLE ROAD,2.149
middle_road,Middle Road,758.0,30547.959,31016.7,,,,,,MIDDLE ROAD,1.958
middle_road,Middle Road,760.0,30549.409,31015.323,,,,,,MIDDLE ROAD,1.768
middle_road,Middle Road,762.0,30550.86,31013.946,,,,,,MIDDLE ROAD,1.578
middle_road,Middle Road,764.0,30551.088,31013.277,,,,,,MIDDLE ROAD,1.192
middle_road,Middle Road,766.0,30549.172,31013.851,,,,,,MIDDLE ROAD,0.463
middle_road,Middle Road,768.0,30547.256,31014.426,,,,,,MIDDLE ROAD,0.266
middle_road,Middle Road,770.0,30545.341,31015.0,,,,,,MIDDLE ROAD,0.994
middle_road,Middle Road,772.0,30543.425,31015.575,,,,,,MIDDLE ROAD,1.723
middle_road,Middle Road,774.0,30542.04,31016.73,,,,,,MIDDLE ROAD,1.667
middle_road,Middle Road,776.0,30541.292,31018.585,,,,,,MIDDLE ROAD,0.667
middle_road,Middle Road,778.0,30540.544,31020.44,,,,,,MIDDLE ROAD,0.332
middle_road,Middle Road,780.0,30539.796,31022.295,,,,,,MIDDLE ROAD,1.332
middle_road,Middle Road,782.0,30539.048,31024.15,,,,,,MIDDLE ROAD,2.331
middle_road,Middle Road,784.0,30538.3,31026.005,,,,,,MIDDLE ROAD,3.33
middle_road,Middle Road,786.0,30537.552,31027.86,,,,,,MIDDLE ROAD,4.33
middle_road,Middle Road,868.0,30527.005,31053.54,,,,,,MIDDLE ROAD,18.049
middle_road,Middle Road,870.0,30525.252,31053.411,,,,,,MIDDLE ROAD,16.867
middle_road,Middle Road,872.0,30523.528,31054.424,,,,,,MIDDLE ROAD,16.602
middle_road,Middle Road,874.0,30521.804,31055.438,,,,,,MIDDLE ROAD,16.337
middle_road,Middle Road,876.0,30520.079,31056.451,,,,,,MIDDLE ROAD,16.072
middle_road,Middle Road,878.0,30518.355,31057.464,,,,,,MIDDLE ROAD,15.807
middle_road,Middle Road,880.0,30516.551,31058.322,,,,,,MIDDLE ROAD,15.37
middle_road,Middle Road,882.0,30514.719,31059.124,,,,,,MIDDLE ROAD,14.872
middle_road,Middle Road,884.0,30512.887,31059.925,,,,,,MIDDLE ROAD,14.373
middle_road,Middle Road,886.0,30511.055,31060.727,,,,,,MIDDLE ROAD,13.875
middle_road,Middle Road,888.0,30509.222,31061.529,,,,,,MIDDLE ROAD,13.377
middle_road,Middle Road,890.0,30507.39,31062.331,,,,,,MIDDLE ROAD,12.879
middle_road,Middle Road,892.0,30505.597,31063.209,,,,,,MIDDLE ROAD,12.465
middle_road,Middle Road,894.0,30503.878,31064.232,,,,,,MIDDLE ROAD,12.211
middle_road,Middle Road,896.0,30502.159,31065.254,,,,,,MIDDLE ROAD,11.956
middle_road,Middle Road,898.0,30500.441,31066.277,,,,,,MIDDLE ROAD,11.702
middle_road,Middle Road,900.0,30498.722,31067.299,,,,,,MIDDLE ROAD,11.447
middle_road,Middle Road,902.0,30497.003,31068.322,,,9.685,,,MIDDLE ROAD,11.193
middle_road,Middle Road,904.0,30495.274,31069.327,,,9.642,,,MIDDLE ROAD,10.918
middle_road,Middle Road,906.0,30493.532,31070.31,,,9.598,-2.708,1.0,MIDDLE ROAD,10.619
middle_road,Middle Road,908.0,30491.791,31071.293,,9.555,9.555,-3.25,1.0,MIDDLE ROAD,10.32
middle_road,Middle Road,910.0,30490.049,31072.277,,9.468,9.468,-3.791,1.0,MIDDLE ROAD,10.021
middle_road,Middle Road,912.0,30488.308,31073.26,,9.382,9.382,-4.333,1.0,MIDDLE ROAD,9.721
middle_road,Middle Road,914.0,30486.566,31074.243,,9.295,9.295,-4.333,1.0,MIDDLE ROAD,9.422
middle_road,Middle Road,916.0,30484.824,31075.227,,9.208,9.208,-4.333,1.0,MIDDLE ROAD,9.123
middle_road,Middle Road,918.0,30483.083,31076.21,,9.122,9.122,-4.333,1.0,MIDDLE ROAD,8.823
middle_road,Middle Road,920.0,30481.341,31077.194,,9.035,9.035,-4.333,1.0,MIDDLE ROAD,8.524
middle_road,Middle Road,922.0,30479.6,31078.177,,8.948,8.948,-4.333,1.0,MIDDLE ROAD,8.225
middle_road,Middle Road,924.0,30477.858,31079.16,,8.862,8.862,-4.333,1.0,MIDDLE ROAD,7.925
middle_road,Middle Road,926.0,30476.117,31080.144,,8.775,8.775,-4.333,1.0,MIDDLE ROAD,7.626
middle_road,Middle Road,928.0,30474.397,31081.159,,8.689,8.689,-4.333,1.0,MIDDLE ROAD,7.366
middle_road,Middle Road,930.0,30472.853,31082.43,,8.602,8.602,-4.333,1.0,MIDDLE ROAD,7.414
middle_road,Middle Road,932.0,30471.308,31083.7,,8.515,8.515,-4.333,1.0,MIDDLE ROAD,7.462
middle_road,Middle Road,934.0,30469.763,31084.971,,8.429,8.429,-4.333,1.0,MIDDLE ROAD,7.51
middle_road,Middle Road,936.0,30468.219,31086.241,,8.342,8.342,-4.333,1.0,MIDDLE ROAD,7.559
middle_road,Middle Road,938.0,30466.674,31087.512,,8.255,8.255,-4.333,1.0,MIDDLE ROAD,7.607
middle_road,Middle Road,940.0,30465.129,31088.782,,8.169,8.169,-4.333,1.0,MIDDLE ROAD,7.655
middle_road,Middle Road,942.0,30463.585,31090.053,,8.082,8.082,-4.333,1.0,MIDDLE ROAD,7.703
middle_road,Middle Road,944.0,30462.04,31091.323,,7.995,7.995,-4.333,1.0,MIDDLE ROAD,7.778
middle_road,Middle Road,946.0,30460.496,31092.594,,7.909,7.909,-4.333,1.0,MIDDLE ROAD,7.868
middle_road,Middle Road,948.0,30458.951,31093.864,,7.822,7.822,-4.333,1.0,MIDDLE ROAD,7.959
middle_road,Middle Road,950.0,30457.406,31095.134,,7.735,7.735,-1.0,1.0,MIDDLE ROAD,8.049
middle_road,Middle Road,952.0,30455.862,31096.405,,7.649,7.649,-0.667,1.0,MIDDLE ROAD,8.139
middle_road,Middle Road,972.0,30441.192,31109.949,7.562,7.562,7.649,-0.089,1.0,MIDDLE ROAD,10.179
middle_road,Middle Road,974.0,30439.637,31111.205,7.562,7.562,7.649,0.821,1.0,MIDDLE ROAD,10.25
middle_road,Middle Road,976.0,30438.032,31112.398,,7.712,7.712,4.544,1.0,MIDDLE ROAD,10.243
middle_road,Middle Road,978.0,30436.427,31113.592,,7.862,7.862,6.419,1.0,MIDDLE ROAD,10.236
middle_road,Middle Road,980.0,30434.823,31114.786,,8.012,8.012,7.502,1.0,MIDDLE ROAD,10.229
middle_road,Middle Road,982.0,30433.218,31115.98,,8.162,8.162,7.503,1.0,MIDDLE ROAD,10.222
middle_road,Middle Road,984.0,30431.614,31117.174,,8.312,8.312,,,MIDDLE ROAD,10.215
middle_road,Middle Road,986.0,30430.009,31118.368,,8.462,8.462,,,MIDDLE ROAD,10.208
middle_road,Middle Road,1008.0,30412.36,31131.501,,8.612,8.612,,,MIDDLE ROAD,9.727
middle_road,Middle Road,1010.0,30410.755,31132.695,,8.762,8.762,,,MIDDLE ROAD,9.64
middle_road,Middle Road,1012.0,30409.15,31133.889,,8.912,8.912,7.502,1.0,MIDDLE ROAD,9.552
middle_road,Middle Road,1014.0,30407.546,31135.083,,9.062,9.062,7.502,1.0,MIDDLE ROAD,9.465
middle_road,Middle Road,1016.0,30405.941,31136.277,,9.213,9.213,7.502,1.0,MIDDLE ROAD,9.378
middle_road,Middle Road,1018.0,30404.337,31137.471,,9.363,9.363,7.502,1.0,MIDDLE ROAD,9.291
middle_road,Middle Road,1020.0,30402.732,31138.665,,9.513,9.513,7.503,1.0,MIDDLE ROAD,9.203
middle_road,Middle Road,1022.0,30401.128,31139.859,,9.663,9.663,7.503,1.0,MIDDLE ROAD,9.116
middle_road,Middle Road,1024.0,30399.523,31141.053,,9.813,9.813,7.503,1.0,MIDDLE ROAD,9.029
middle_road,Middle Road,1026.0,30397.919,31142.247,,9.963,9.963,7.502,1.0,MIDDLE ROAD,8.942
middle_road,Middle Road,1028.0,30396.314,31143.441,,10.113,10.113,7.502,1.0,MIDDLE ROAD,8.854
middle_road,Middle Road,1030.0,30394.71,31144.635,,10.263,10.263,7.502,1.0,MIDDLE ROAD,8.767
middle_road,Middle Road,1032.0,30393.105,31145.829,,10.413,10.413,7.502,1.0,MIDDLE ROAD,8.68
middle_road,Middle Road,1034.0,30391.501,31147.023,,10.563,10.563,7.502,1.0,MIDDLE ROAD,8.592
middle_road,Middle Road,1036.0,30389.896,31148.217,,10.713,10.713,7.502,1.0,MIDDLE ROAD,8.505
middle_road,Middle Road,1038.0,30388.292,31149.41,,10.863,10.863,7.502,1.0,MIDDLE ROAD,8.418
middle_road,Middle Road,1040.0,30386.687,31150.604,,11.013,11.013,7.502,1.0,MIDDLE ROAD,8.331
middle_road,Middle Road,1042.0,30385.082,31151.798,,11.163,11.163,7.502,1.0,MIDDLE ROAD,8.243
middle_road,Middle Road,1044.0,30383.478,31152.992,,11.313,11.313,7.502,1.0,MIDDLE ROAD,8.156
middle_road,Middle Road,1046.0,30381.873,31154.186,,11.463,11.463,7.502,1.0,MIDDLE ROAD,8.069
middle_road,Middle Road,1048.0,30380.269,31155.38,,11.613,11.613,7.503,1.0,MIDDLE ROAD,7.982
middle_road,Middle Road,1050.0,30378.664,31156.574,,11.763,11.763,7.503,1.0,MIDDLE ROAD,7.894
middle_road,Middle Road,1052.0,30377.06,31157.768,,11.913,11.913,7.289,1.0,MIDDLE ROAD,7.807
middle_road,Middle Road,1054.0,30375.455,31158.962,,12.063,12.063,5.413,1.0,MIDDLE ROAD,7.72
middle_road,Middle Road,1056.0,30373.851,31160.156,,12.214,12.196,,,MIDDLE ROAD,7.633
middle_road,Middle Road,1058.0,30372.246,31161.35,,12.364,12.196,,,MIDDLE ROAD,7.545
middle_road,Middle Road,1060.0,30370.642,31162.544,,12.196,12.196,,,MIDDLE ROAD,7.458
middle_road,Middle Road,1062.0,30369.037,31163.738,,12.029,12.029,,,MIDDLE ROAD,7.371
middle_road,Middle Road,1064.0,30367.433,31164.932,12.814,10.934,10.934,,,MIDDLE ROAD,7.283
middle_road,Middle Road,1066.0,30365.828,31166.126,13.164,9.838,9.838,,,MIDDLE ROAD,7.196
middle_road,Middle Road,1068.0,30364.224,31167.319,12.564,8.742,8.742,,,MIDDLE ROAD,7.109
middle_road,Middle Road,1070.0,30362.619,31168.513,3.264,,7.647,,,MIDDLE ROAD,7.022
middle_road,Middle Road,1072.0,30361.015,31169.707,3.264,6.551,6.551,,,MIDDLE ROAD,6.934
middle_road,Middle Road,1074.0,30359.41,31170.901,3.264,5.455,5.455,,,MIDDLE ROAD,6.847
middle_road,Middle Road,1076.0,30357.805,31172.095,3.264,4.359,4.359,,,MIDDLE ROAD,6.76
middle_road,Middle Road,1078.0,30356.201,31173.289,3.264,3.264,3.264,,,MIDDLE ROAD,6.673
middle_road,Middle Road,1080.0,30354.596,31174.483,3.264,3.264,3.264,,,MIDDLE ROAD,6.585
middle_road,Middle Road,1082.0,30352.992,31175.677,3.264,3.264,3.264,,,MIDDLE ROAD,6.498
middle_road,Middle Road,1084.0,30351.387,31176.871,5.14,3.347,3.347,,,MIDDLE ROAD,6.411
middle_road,Middle Road,1086.0,30349.783,31178.065,5.14,3.431,3.431,,,MIDDLE ROAD,6.323
middle_road,Middle Road,1088.0,30348.165,31179.223,4.429,3.515,3.515,,,MIDDLE ROAD,6.2
middle_road,Middle Road,1090.0,30346.172,31179.39,3.264,3.599,3.599,,,MIDDLE ROAD,5.071
middle_road,Middle Road,1092.0,30344.179,31179.556,3.766,3.682,3.657,,,MIDDLE ROAD,3.941
middle_road,Middle Road,1094.0,30342.186,31179.723,3.766,3.766,3.657,,,MIDDLE ROAD,2.812
middle_road,Middle Road,1096.0,30340.193,31179.889,4.266,3.657,3.657,,,MIDDLE ROAD,1.683
middle_road,Middle Road,1098.0,30338.314,31180.428,3.741,3.547,3.547,-4.102,1.0,MIDDLE ROAD,0.914
middle_road,Middle Road,1100.0,30336.571,31181.409,3.741,3.438,3.438,,,MIDDLE ROAD,0.575
middle_road,Middle Road,1102.0,30334.828,31182.39,3.329,3.329,3.329,,,MIDDLE ROAD,0.235
middle_road,Middle Road,1104.0,30333.085,31183.371,3.237,3.237,3.29,,,MIDDLE ROAD,0.105
middle_road,Middle Road,1106.0,30331.343,31184.352,3.284,3.284,3.29,2.175,1.0,MIDDLE ROAD,0.444
middle_road,Middle Road,1108.0,30329.6,31185.333,3.29,3.29,3.29,,,MIDDLE ROAD,0.784
middle_road,Middle Road,1110.0,30329.319,31187.058,3.503,3.503,3.503,,,MIDDLE ROAD,0.377
middle_road,Middle Road,1112.0,30329.552,31189.045,3.54,3.782,3.782,,,MIDDLE ROAD,2.064
middle_road,Middle Road,1114.0,30329.784,31191.031,3.228,4.062,4.062,13.984,2.0,MIDDLE ROAD,3.751
middle_road,Middle Road,1116.0,30330.017,31193.018,3.181,4.342,4.342,,,MIDDLE ROAD,5.439
middle_road,Middle Road,1118.0,30330.12,31195.009,4.621,4.621,4.621,,,MIDDLE ROAD,7.048
middle_road,Middle Road,1120.0,30330.035,31197.007,4.42,4.689,4.689,,,MIDDLE ROAD,8.544
middle_road,Middle Road,1122.0,30329.951,31199.005,4.508,4.756,4.756,,,MIDDLE ROAD,10.04
middle_road,Middle Road,1124.0,30329.866,31201.004,5.24,5.122,5.122,,,MIDDLE ROAD,11.536
middle_road,Middle Road,1126.0,30329.781,31203.002,4.52,5.488,5.488,,,MIDDLE ROAD,13.032
middle_road,Middle Road,1128.0,30329.26,31204.789,4.175,5.854,5.854,,,MIDDLE ROAD,14.089
middle_road,Middle Road,1130.0,30327.744,31206.093,3.734,6.22,6.22,,,MIDDLE ROAD,14.143
middle_road,Middle Road,1162.0,30303.484,31226.96,4.869,6.586,6.586,,,MIDDLE ROAD,14.747
middle_road,Middle Road,1164.0,30301.967,31228.264,4.31,6.952,6.952,,,MIDDLE ROAD,14.772
middle_road,Middle Road,1166.0,30300.451,31229.568,4.659,,7.318,,,MIDDLE ROAD,14.798
middle_road,Middle Road,1168.0,30298.935,31230.872,4.511,,7.684,,,MIDDLE ROAD,14.824
middle_road,Middle Road,1170.0,30297.419,31232.177,8.547,8.05,8.05,,,MIDDLE ROAD,14.849
middle_road,Middle Road,1172.0,30295.902,31233.481,8.676,8.417,8.417,,,MIDDLE ROAD,14.875
middle_road,Middle Road,1174.0,30294.309,31234.684,9.839,8.783,8.783,,,MIDDLE ROAD,14.773
middle_road,Middle Road,1176.0,30292.647,31235.796,4.209,9.149,9.149,,,MIDDLE ROAD,14.559
middle_road,Middle Road,1178.0,30290.985,31236.909,3.729,9.251,9.19,,,MIDDLE ROAD,14.345
middle_road,Middle Road,1180.0,30289.323,31238.022,11.342,9.353,9.19,,,MIDDLE ROAD,14.13
middle_road,Middle Road,1182.0,30287.662,31239.135,7.18,9.19,9.19,,,MIDDLE ROAD,13.916
middle_road,Middle Road,1184.0,30286.0,31240.248,9.028,9.028,9.028,,,MIDDLE ROAD,13.701
middle_road,Middle Road,1186.0,30284.338,31241.361,10.484,8.97,8.97,,,MIDDLE ROAD,13.487
middle_road,Middle Road,1188.0,30282.698,31242.506,10.138,8.912,8.912,,,MIDDLE ROAD,13.311
middle_road,Middle Road,1190.0,30281.058,31243.65,8.57,8.853,8.853,,,MIDDLE ROAD,13.135
middle_road,Middle Road,1192.0,30279.418,31244.795,8.795,8.602,8.602,,,MIDDLE ROAD,12.959
middle_road,Middle Road,1194.0,30277.786,31245.95,9.3,8.314,8.314,,,MIDDLE ROAD,12.796
middle_road,Middle Road,1196.0,30276.205,31247.175,9.235,8.026,8.026,,,MIDDLE ROAD,12.72
middle_road,Middle Road,1198.0,30274.625,31248.401,7.541,7.835,7.835,,,MIDDLE ROAD,12.644
middle_road,Middle Road,1200.0,30273.044,31249.627,7.016,7.644,7.644,,,MIDDLE ROAD,12.568
middle_road,Middle Road,1202.0,30271.475,31250.866,7.054,7.453,7.469,,,MIDDLE ROAD,12.511
middle_road,Middle Road,1204.0,30269.962,31252.174,8.991,7.261,7.469,,,MIDDLE ROAD,12.541
middle_road,Middle Road,1206.0,30268.449,31253.482,6.001,7.469,7.469,,,MIDDLE ROAD,12.571
middle_road,Middle Road,1208.0,30266.935,31254.789,5.604,7.677,7.677,,,MIDDLE ROAD,12.602
middle_road,Middle Road,1210.0,30265.422,31256.097,8.807,7.884,7.884,,,MIDDLE ROAD,12.632
middle_road,Middle Road,1212.0,30263.909,31257.405,8.185,8.092,8.092,,,MIDDLE ROAD,12.662
middle_road,Middle Road,1214.0,30262.356,31258.664,8.299,8.299,8.092,,,MIDDLE ROAD,12.63
middle_road,Middle Road,1216.0,30260.762,31259.871,8.742,8.17,8.092,,,MIDDLE ROAD,12.531
middle_road,Middle Road,1218.0,30259.167,31261.078,9.296,8.041,8.041,-1.175,1.0,MIDDLE ROAD,12.432
middle_road,Middle Road,1220.0,30257.573,31262.286,7.964,7.911,7.998,,,MIDDLE ROAD,12.334
middle_road,Middle Road,1222.0,30255.978,31263.493,7.782,7.782,7.998,,,MIDDLE ROAD,12.235
middle_road,Middle Road,1224.0,30254.384,31264.7,7.998,7.998,7.998,,,MIDDLE ROAD,12.136
middle_road,Middle Road,1226.0,30252.789,31265.908,8.429,8.052,8.052,,,MIDDLE ROAD,12.037
middle_road,Middle Road,1228.0,30251.195,31267.115,7.948,8.106,8.106,,,MIDDLE ROAD,11.938
middle_road,Middle Road,1230.0,30249.6,31268.322,6.792,8.16,8.16,,,MIDDLE ROAD,11.84
middle_road,Middle Road,1232.0,30248.006,31269.53,6.165,8.214,8.214,,,MIDDLE ROAD,11.741
middle_road,Middle Road,1234.0,30246.411,31270.737,8.951,8.268,8.268,,,MIDDLE ROAD,11.642
middle_road,Middle Road,1236.0,30244.817,31271.944,8.597,8.322,8.322,,,MIDDLE ROAD,11.543
middle_road,Middle Road,1238.0,30243.222,31273.152,7.776,8.376,8.376,,,MIDDLE ROAD,11.445
middle_road,Middle Road,1240.0,30241.628,31274.359,9.662,8.43,8.43,,,MIDDLE ROAD,11.346
middle_road,Middle Road,1242.0,30240.033,31275.566,9.587,8.484,8.484,,,MIDDLE ROAD,11.247
middle_road,Middle Road,1244.0,30238.75,31277.059,9.099,8.538,8.538,,,MIDDLE ROAD,11.567
middle_road,Middle Road,1246.0,30237.686,31278.752,8.592,8.592,8.538,,,MIDDLE ROAD,12.182
middle_road,Middle Road,1248.0,30236.623,31280.446,8.634,8.634,8.538,,,MIDDLE ROAD,12.796
middle_road,Middle Road,1250.0,30235.347,31281.962,9.683,8.343,8.343,,,MIDDLE ROAD,13.139
middle_road,Middle Road,1252.0,30233.864,31283.304,7.636,8.053,8.053,,,MIDDLE ROAD,13.215
middle_road,Middle Road,1254.0,30232.381,31284.645,6.126,7.762,7.762,,,MIDDLE ROAD,13.37
middle_road,Middle Road,1286.0,30208.646,31306.108,7.429,7.472,7.472,,,MIDDLE ROAD,17.422
middle_road,Middle Road,1288.0,30207.162,31307.449,7.386,7.181,7.181,,,MIDDLE ROAD,17.468
middle_road,Middle Road,1290.0,30205.527,31308.597,6.892,6.89,7.181,,,MIDDLE ROAD,17.269
middle_road,Middle Road,1292.0,30203.872,31309.72,5.609,7.088,7.181,,,MIDDLE ROAD,17.037
middle_road,Middle Road,1294.0,30202.217,31310.843,6.309,7.442,7.442,,,MIDDLE ROAD,16.806
middle_road,Middle Road,1296.0,30200.562,31311.966,5.23,7.797,7.797,,,MIDDLE ROAD,16.575
middle_road,Middle Road,1298.0,30199.139,31313.326,4.719,8.324,8.324,,,MIDDLE ROAD,16.675
middle_road,Middle Road,1300.0,30197.982,31314.958,7.755,8.851,8.851,,,MIDDLE ROAD,17.154
middle_road,Middle Road,1302.0,30196.825,31316.589,9.414,9.378,9.378,,,MIDDLE ROAD,17.633
middle_road,Middle Road,1304.0,30195.668,31318.221,13.301,9.905,9.905,,,MIDDLE ROAD,18.112
middle_road,Middle Road,1306.0,30194.512,31319.852,7.821,10.432,10.432,,,MIDDLE ROAD,18.591
middle_road,Middle Road,1308.0,30193.355,31321.483,14.303,10.984,10.984,,,MIDDLE ROAD,19.071
middle_road,Middle Road,1310.0,30192.198,31323.115,7.879,11.535,11.535,,,MIDDLE ROAD,19.55
middle_road,Middle Road,1312.0,30190.864,31324.565,10.76,12.086,12.086,,,MIDDLE ROAD,19.776
middle_road,Middle Road,1314.0,30189.201,31325.675,11.303,12.638,12.638,,,MIDDLE ROAD,19.53
middle_road,Middle Road,1316.0,30187.537,31326.785,11.231,13.189,13.0,,,MIDDLE ROAD,19.283
middle_road,Middle Road,1318.0,30185.874,31327.896,11.658,13.74,13.0,,,MIDDLE ROAD,19.037
middle_road,Middle Road,1320.0,30184.217,31329.015,17.918,13.0,13.0,,,MIDDLE ROAD,18.802
middle_road,Middle Road,1322.0,30182.584,31330.17,18.009,12.261,12.261,,,MIDDLE ROAD,18.609
middle_road,Middle Road,1324.0,30180.951,31331.325,18.23,11.521,11.521,,,MIDDLE ROAD,18.416
middle_road,Middle Road,1326.0,30179.318,31332.48,17.236,,11.151,,,MIDDLE ROAD,18.224
middle_road,Middle Road,1328.0,30177.686,31333.636,16.093,,10.781,,,MIDDLE ROAD,18.033
middle_road,Middle Road,1330.0,30176.059,31334.798,16.623,,10.041,,,MIDDLE ROAD,17.849
middle_road,Middle Road,1332.0,30174.431,31335.96,16.522,,7.822,,,MIDDLE ROAD,17.665
middle_road,Middle Road,1334.0,30172.803,31337.122,7.411,,7.082,,,MIDDLE ROAD,17.481
middle_road,Middle Road,1336.0,30171.175,31338.284,4.057,,6.712,,,MIDDLE ROAD,17.297
middle_road,Middle Road,1338.0,30169.547,31339.446,4.061,6.342,6.342,,,MIDDLE ROAD,17.113
middle_road,Middle Road,1340.0,30167.92,31340.608,3.435,5.602,5.602,,,MIDDLE ROAD,16.93
middle_road,Middle Road,1342.0,30166.292,31341.77,3.417,4.863,4.863,,,MIDDLE ROAD,16.746
middle_road,Middle Road,1344.0,30164.664,31342.932,3.526,4.123,4.507,,,MIDDLE ROAD,16.562
middle_road,Middle Road,1346.0,30163.036,31344.094,4.467,4.315,4.507,,,MIDDLE ROAD,16.378
middle_road,Middle Road,1348.0,30161.408,31345.256,4.158,4.507,4.507,,,MIDDLE ROAD,16.194
middle_road,Middle Road,1350.0,30159.78,31346.418,5.058,4.547,4.547,,,MIDDLE ROAD,16.01
middle_road,Middle Road,1352.0,30158.153,31347.58,4.708,4.588,4.588,,,MIDDLE ROAD,15.826
middle_road,Middle Road,1354.0,30156.525,31348.742,3.294,4.628,4.628,,,MIDDLE ROAD,15.642
middle_road,Middle Road,1356.0,30154.897,31349.904,3.332,4.904,4.904,,,MIDDLE ROAD,15.458
middle_road,Middle Road,1358.0,30153.269,31351.066,4.709,5.179,5.179,,,MIDDLE ROAD,15.274
middle_road,Middle Road,1360.0,30151.641,31352.228,4.28,5.642,5.642,,,MIDDLE ROAD,15.09
middle_road,Middle Road,1362.0,30150.073,31353.467,4.607,6.104,6.104,,,MIDDLE ROAD,15.003
middle_road,Middle Road,1364.0,30148.544,31354.756,5.801,6.567,6.567,,,MIDDLE ROAD,14.98
middle_road,Middle Road,1366.0,30147.015,31356.046,4.94,7.029,7.029,,,MIDDLE ROAD,14.958
middle_road,Middle Road,1398.0,30122.633,31376.77,15.894,7.527,7.527,,,MIDDLE ROAD,15.464
middle_road,Middle Road,1400.0,30121.11,31378.066,16.002,8.025,8.025,,,MIDDLE ROAD,15.544
middle_road,Middle Road,1402.0,30119.586,31379.362,12.11,8.523,8.523,,,MIDDLE ROAD,15.625
middle_road,Middle Road,1404.0,30118.038,31380.627,13.644,,9.02,,,MIDDLE ROAD,15.667
middle_road,Middle Road,1406.0,30116.479,31381.88,13.319,9.518,9.518,,,MIDDLE ROAD,15.693
middle_road,Middle Road,1408.0,30114.92,31383.133,12.178,10.016,10.016,,,MIDDLE ROAD,15.718
middle_road,Middle Road,1410.0,30113.361,31384.386,11.912,10.514,10.514,,,MIDDLE ROAD,15.743
middle_road,Middle Road,1412.0,30111.802,31385.638,11.776,11.011,10.765,,,MIDDLE ROAD,15.769
middle_road,Middle Road,1414.0,30110.243,31386.891,10.694,10.888,10.837,,,MIDDLE ROAD,15.794
middle_road,Middle Road,1416.0,30108.684,31388.144,10.158,10.765,10.888,,,MIDDLE ROAD,15.819
middle_road,Middle Road,1418.0,30107.125,31389.397,8.891,10.837,10.888,,,MIDDLE ROAD,15.845
middle_road,Middle Road,1420.0,30105.566,31390.65,11.512,10.909,10.909,,,MIDDLE ROAD,15.87
middle_road,Middle Road,1422.0,30104.007,31391.902,10.764,10.981,10.909,,,MIDDLE ROAD,15.895
middle_road,Middle Road,1424.0,30102.448,31393.155,11.053,11.053,10.909,,,MIDDLE ROAD,15.921
middle_road,Middle Road,1426.0,30100.889,31394.408,11.135,10.838,10.838,,,MIDDLE ROAD,15.946
middle_road,Middle Road,1428.0,30099.33,31395.661,11.819,10.542,10.542,,,MIDDLE ROAD,15.971
middle_road,Middle Road,1430.0,30097.771,31396.914,12.765,10.246,10.246,,,MIDDLE ROAD,15.997
middle_road,Middle Road,1432.0,30096.212,31398.166,8.912,9.982,9.982,,,MIDDLE ROAD,16.022
middle_road,Middle Road,1434.0,30094.658,31399.425,8.878,9.718,9.718,,,MIDDLE ROAD,16.055
middle_road,Middle Road,1436.0,30093.106,31400.687,8.448,9.454,9.454,,,MIDDLE ROAD,16.092
middle_road,Middle Road,1438.0,30091.554,31401.949,8.062,9.19,9.19,,,MIDDLE ROAD,16.129
middle_road,Middle Road,1440.0,30090.002,31403.211,7.698,8.926,8.962,,,MIDDLE ROAD,16.166
middle_road,Middle Road,1442.0,30088.451,31404.472,8.07,8.662,8.962,,,MIDDLE ROAD,16.203
middle_road,Middle Road,1444.0,30086.899,31405.734,7.923,8.962,8.962,,,MIDDLE ROAD,16.239
middle_road,Middle Road,1446.0,30085.347,31406.996,9.261,9.261,9.169,,,MIDDLE ROAD,16.276
middle_road,Middle Road,1448.0,30083.795,31408.257,10.156,9.215,9.169,,,MIDDLE ROAD,16.313
middle_road,Middle Road,1450.0,30082.243,31409.519,9.245,9.169,9.169,,,MIDDLE ROAD,16.35
middle_road,Middle Road,1452.0,30080.692,31410.781,9.122,9.122,9.122,,,MIDDLE ROAD,16.387
middle_road,Middle Road,1454.0,30079.14,31412.043,7.911,9.066,9.066,,,MIDDLE ROAD,16.424
middle_road,Middle Road,1456.0,30077.588,31413.304,7.87,9.009,9.009,,,MIDDLE ROAD,16.46
middle_road,Middle Road,1458.0,30076.036,31414.566,8.952,8.83,8.83,,,MIDDLE ROAD,16.497
middle_road,Middle Road,1460.0,30074.743,31416.059,8.982,8.651,8.651,,,MIDDLE ROAD,16.875
middle_road,Middle Road,1462.0,30073.668,31417.745,8.595,8.348,8.348,,,MIDDLE ROAD,17.541
middle_road,Middle Road,1464.0,30072.593,31419.432,7.657,8.046,8.046,,,MIDDLE ROAD,18.206
middle_road,Middle Road,1466.0,30071.518,31421.118,10.034,7.743,7.743,,,MIDDLE ROAD,18.871
middle_road,Middle Road,1468.0,30070.443,31422.805,10.682,7.441,7.441,,,MIDDLE ROAD,19.536
middle_road,Middle Road,1470.0,30069.085,31424.251,6.339,7.138,7.138,,,MIDDLE ROAD,19.838
middle_road,Middle Road,1472.0,30067.598,31425.588,7.761,6.835,6.835,,,MIDDLE ROAD,19.974
middle_road,Middle Road,1508.0,30035.803,31441.825,4.569,6.532,6.532,,,MIDDLE ROAD,14.003
middle_road,Middle Road,1510.0,30033.967,31442.619,4.673,6.229,6.229,,,MIDDLE ROAD,13.624
middle_road,Middle Road,1512.0,30032.134,31443.418,4.725,5.926,5.926,,,MIDDLE ROAD,13.25
middle_road,Middle Road,1514.0,30030.474,31444.533,5.047,5.844,5.898,,,MIDDLE ROAD,13.235
middle_road,Middle Road,1516.0,30028.814,31445.649,6.063,5.761,5.844,,,MIDDLE ROAD,13.221
middle_road,Middle Road,1518.0,30027.154,31446.764,7.848,5.898,5.761,,,MIDDLE ROAD,13.206
middle_road,Middle Road,1520.0,30025.494,31447.88,5.733,5.733,5.733,,,MIDDLE ROAD,13.191
middle_road,Middle Road,1522.0,30023.834,31448.995,7.569,5.647,5.647,,,MIDDLE ROAD,13.177
middle_road,Middle Road,1524.0,30022.174,31450.111,6.243,5.56,5.56,,,MIDDLE ROAD,13.162
middle_road,Middle Road,1526.0,30020.514,31451.226,4.175,5.473,5.473,,,MIDDLE ROAD,13.147
middle_road,Middle Road,1528.0,30018.854,31452.342,7.104,5.387,5.387,,,MIDDLE ROAD,13.133
middle_road,Middle Road,1530.0,30017.194,31453.457,5.82,5.3,5.3,,,MIDDLE ROAD,13.118
middle_road,Middle Road,1532.0,30015.534,31454.573,5.071,5.214,5.214,,,MIDDLE ROAD,13.103
middle_road,Middle Road,1534.0,30013.874,31455.689,5.127,5.127,5.127,,,MIDDLE ROAD,13.089
middle_road,Middle Road,1536.0,30012.214,31456.804,5.713,5.106,5.106,,,MIDDLE ROAD,13.074
middle_road,Middle Road,1538.0,30010.554,31457.92,4.322,5.086,5.086,-0.518,1.0,MIDDLE ROAD,13.06
middle_road,Middle Road,1540.0,30008.894,31459.035,5.212,5.065,5.086,,,MIDDLE ROAD,13.045
middle_road,Middle Road,1542.0,30007.234,31460.151,5.044,5.044,5.086,,,MIDDLE ROAD,13.03
middle_road,Middle Road,1544.0,30005.526,31461.182,5.138,5.138,5.111,,,MIDDLE ROAD,12.919
middle_road,Middle Road,1546.0,30003.722,31462.047,5.111,5.111,5.138,,,MIDDLE ROAD,12.617
middle_road,Middle Road,1548.0,30001.919,31462.912,5.207,5.207,5.207,,,MIDDLE ROAD,12.315
middle_road,Middle Road,1550.0,30000.116,31463.777,5.75,5.457,5.457,,,MIDDLE ROAD,12.013
middle_road,Middle Road,1552.0,29998.313,31464.643,4.898,5.707,5.707,,,MIDDLE ROAD,11.711
middle_road,Middle Road,1554.0,29996.51,31465.508,5.426,5.958,5.958,,,MIDDLE ROAD,11.409
middle_road,Middle Road,1556.0,29994.771,31466.478,5.054,6.208,6.208,,,MIDDLE ROAD,11.229
middle_road,Middle Road,1558.0,29993.194,31467.707,9.639,6.458,6.458,,,MIDDLE ROAD,11.355
middle_road,Middle Road,1560.0,29991.617,31468.937,8.786,6.709,6.709,,,MIDDLE ROAD,11.482
middle_road,Middle Road,1562.0,29990.039,31470.167,10.157,6.959,6.959,,,MIDDLE ROAD,11.608
middle_road,Middle Road,1564.0,29988.462,31471.396,5.443,7.209,7.209,,,MIDDLE ROAD,11.734
middle_road,Middle Road,1566.0,29986.885,31472.626,10.487,7.46,7.46,,,MIDDLE ROAD,11.861
middle_road,Middle Road,1568.0,29985.308,31473.856,8.258,7.71,7.71,,,MIDDLE ROAD,11.987
middle_road,Middle Road,1570.0,29983.73,31475.085,7.926,7.96,7.96,,,MIDDLE ROAD,12.113
middle_road,Middle Road,1572.0,29982.153,31476.315,8.211,8.211,8.211,,,MIDDLE ROAD,12.24
middle_road,Middle Road,1574.0,29980.576,31477.545,11.269,8.305,8.214,,,MIDDLE ROAD,12.325
middle_road,Middle Road,1576.0,29978.998,31478.774,8.4,8.4,8.214,,,MIDDLE ROAD,12.115
middle_road,Middle Road,1578.0,29977.421,31480.004,8.999,8.214,8.214,-2.324,1.0,MIDDLE ROAD,11.905
middle_road,Middle Road,1580.0,29975.883,31481.281,7.876,8.028,8.028,,,MIDDLE ROAD,11.756
middle_road,Middle Road,1582.0,29974.377,31482.597,7.842,7.842,8.028,,,MIDDLE ROAD,11.658
middle_road,Middle Road,1584.0,29972.871,31483.913,6.836,7.995,8.028,,,MIDDLE ROAD,11.56
middle_road,Middle Road,1586.0,29971.365,31485.23,7.007,8.148,8.148,5.322,1.0,MIDDLE ROAD,11.463
middle_road,Middle Road,1588.0,29969.86,31486.546,9.454,8.301,8.301,,,MIDDLE ROAD,11.365
middle_road,Middle Road,1590.0,29969.085,31488.255,8.454,8.454,8.454,,,MIDDLE ROAD,12.057
middle_road,Middle Road,1592.0,29968.82,31490.237,12.732,8.455,8.455,,,MIDDLE ROAD,13.3
middle_road,Middle Road,1594.0,29968.554,31492.22,11.969,8.456,8.456,0.002,1.0,MIDDLE ROAD,14.542
middle_road,Middle Road,1708.0,29945.139,31513.362,6.703,8.457,8.457,0.002,1.0,MIDDLE ROAD,14.53
middle_road,Middle Road,1710.0,29943.346,31512.475,6.236,8.458,8.457,,,MIDDLE ROAD,12.705
middle_road,Middle Road,1712.0,29941.554,31511.589,6.639,8.458,8.457,,,MIDDLE ROAD,10.881
middle_road,Middle Road,1714.0,29939.761,31510.702,8.459,8.169,8.169,,,MIDDLE ROAD,9.057
middle_road,Middle Road,1716.0,29938.14,31511.251,11.751,7.88,7.88,,,MIDDLE ROAD,8.449
middle_road,Middle Road,1718.0,29936.607,31512.535,11.783,7.492,7.492,,,MIDDLE ROAD,8.465
middle_road,Middle Road,1720.0,29935.074,31513.819,8.403,7.103,7.103,,,MIDDLE ROAD,8.481
middle_road,Middle Road,1722.0,29933.541,31515.104,5.94,6.714,6.714,,,MIDDLE ROAD,8.497
middle_road,Middle Road,1724.0,29932.008,31516.388,5.057,,6.326,,,MIDDLE ROAD,8.513
middle_road,Middle Road,1726.0,29930.474,31517.673,5.461,5.937,5.937,,,MIDDLE ROAD,8.529
middle_road,Middle Road,1728.0,29928.941,31518.957,4.963,5.548,5.548,,,MIDDLE ROAD,8.545
middle_road,Middle Road,1730.0,29927.392,31520.221,4.933,5.16,5.16,,,MIDDLE ROAD,8.535
middle_road,Middle Road,1732.0,29925.828,31521.468,4.771,4.771,5.16,,,MIDDLE ROAD,8.502
middle_road,Middle Road,1734.0,29924.264,31522.715,4.925,4.925,5.16,,,MIDDLE ROAD,8.47
middle_road,Middle Road,1736.0,29922.668,31523.919,5.191,5.191,5.191,2.404,1.0,MIDDLE ROAD,8.384
middle_road,Middle Road,1738.0,29921.055,31525.102,5.3,5.3,5.3,2.404,1.0,MIDDLE ROAD,8.271
middle_road,Middle Road,1740.0,29919.442,31526.285,5.517,5.517,5.352,2.013,1.0,MIDDLE ROAD,8.158
middle_road,Middle Road,1742.0,29917.83,31527.468,5.641,5.641,5.352,,,MIDDLE ROAD,8.045
middle_road,Middle Road,1744.0,29916.217,31528.65,5.352,5.352,5.352,,,MIDDLE ROAD,7.932
middle_road,Middle Road,1746.0,29914.562,31529.773,5.491,5.074,5.074,,,MIDDLE ROAD,7.745
middle_road,Middle Road,1748.0,29912.901,31530.887,5.736,4.797,4.797,,,MIDDLE ROAD,6.993
middle_road,Middle Road,1750.0,29911.241,31532.002,4.671,4.519,4.519,,,MIDDLE ROAD,5.005
middle_road,Middle Road,1752.0,29909.58,31533.117,4.033,4.423,4.519,,,MIDDLE ROAD,3.017
middle_road,Middle Road,1754.0,29907.919,31534.231,3.048,4.327,4.519,,,MIDDLE ROAD,1.028
middle_road,Middle Road,1756.0,29906.259,31535.346,3.262,4.621,4.621,,,MIDDLE ROAD,0.96
middle_road,Middle Road,1758.0,29904.598,31536.461,4.098,4.915,4.915,,,MIDDLE ROAD,2.948
middle_road,Middle Road,1760.0,29902.938,31537.576,4.771,5.209,5.209,,,MIDDLE ROAD,4.937
middle_road,Middle Road,1762.0,29901.277,31538.69,5.503,5.503,5.29,,,MIDDLE ROAD,6.177
middle_road,Middle Road,1764.0,29899.617,31539.805,5.628,5.397,5.29,,,MIDDLE ROAD,5.981
middle_road,Middle Road,1766.0,29897.956,31540.92,5.29,5.29,5.29,,,MIDDLE ROAD,5.785
middle_road,Middle Road,1768.0,29896.296,31542.034,5.067,5.067,5.067,,,MIDDLE ROAD,5.588
middle_road,Middle Road,1770.0,29894.635,31543.149,5.217,4.784,4.784,,,MIDDLE ROAD,5.392
middle_road,Middle Road,1772.0,29892.974,31544.264,4.502,4.502,4.502,-7.575,1.0,MIDDLE ROAD,5.196
middle_road,Middle Road,1774.0,29891.314,31545.378,4.123,4.461,4.462,,,MIDDLE ROAD,5.0
middle_road,Middle Road,1776.0,29889.653,31546.493,4.421,4.421,4.461,,,MIDDLE ROAD,4.804
middle_road,Middle Road,1778.0,29887.993,31547.608,4.462,4.462,4.461,,,MIDDLE ROAD,4.608
middle_road,Middle Road,1780.0,29886.332,31548.722,3.929,4.325,4.462,,,MIDDLE ROAD,4.412
middle_road,Middle Road,1782.0,29884.672,31549.837,4.188,4.572,4.572,,,MIDDLE ROAD,4.216
middle_road,Middle Road,1784.0,29883.011,31550.952,4.543,4.819,4.819,,,MIDDLE ROAD,4.02
middle_road,Middle Road,1786.0,29881.35,31552.067,5.449,5.065,4.819,,,MIDDLE ROAD,3.824
middle_road,Middle Road,1788.0,29879.69,31553.181,5.504,4.863,4.819,,,MIDDLE ROAD,3.629
middle_road,Middle Road,1790.0,29878.029,31554.296,5.915,4.661,4.661,,,MIDDLE ROAD,3.434
middle_road,Middle Road,1792.0,29876.472,31555.174,5.199,4.459,4.459,,,MIDDLE ROAD,3.121
middle_road,Middle Road,1794.0,29876.162,31553.198,4.025,4.256,4.256,,,MIDDLE ROAD,1.399
middle_road,Middle Road,1796.0,29875.851,31551.223,3.994,4.054,4.054,,,MIDDLE ROAD,0.324
middle_road,Middle Road,1798.0,29875.541,31549.247,4.423,3.852,3.852,,,MIDDLE ROAD,2.046
middle_road,Middle Road,1800.0,29875.23,31547.271,3.548,3.709,3.709,,,MIDDLE ROAD,3.768
middle_road,Middle Road,1802.0,29874.92,31545.295,3.567,3.567,3.588,,,MIDDLE ROAD,5.491
middle_road,Middle Road,1804.0,29874.735,31543.328,3.588,3.588,3.588,,,MIDDLE ROAD,7.127
middle_road,Middle Road,1806.0,29875.304,31541.411,3.588,3.588,3.588,,,MIDDLE ROAD,8.245
middle_road,Middle Road,1808.0,29875.873,31539.493,3.513,3.513,3.588,,,MIDDLE ROAD,9.362
middle_road,Middle Road,1810.0,29876.442,31537.576,3.387,3.626,3.626,,,MIDDLE ROAD,10.48
middle_road,Middle Road,1812.0,29877.011,31535.659,3.685,3.738,3.738,,,MIDDLE ROAD,11.597
middle_road,Middle Road,1814.0,29877.58,31533.741,3.578,4.387,4.387,,,MIDDLE ROAD,12.715
middle_road,Middle Road,1816.0,29878.149,31531.824,4.329,5.035,5.035,,,MIDDLE ROAD,13.832
middle_road,Middle Road,1818.0,29878.719,31529.907,4.901,5.684,5.684,,,MIDDLE ROAD,14.95
middle_road,Middle Road,1820.0,29879.288,31527.989,5.368,,6.332,,,MIDDLE ROAD,16.067
middle_road,Middle Road,1822.0,29879.857,31526.072,5.319,,6.981,,,MIDDLE ROAD,17.185
middle_road,Middle Road,1824.0,29880.426,31524.155,8.132,7.629,7.629,,,MIDDLE ROAD,18.302
middle_road,Middle Road,1826.0,29880.995,31522.237,9.502,8.278,8.278,,,MIDDLE ROAD,19.419
middle_road,Middle Road,1828.0,29881.564,31520.32,13.789,8.926,8.926,,,MIDDLE ROAD,20.537
middle_road,Middle Road,1830.0,29882.134,31518.403,13.652,9.575,9.327,,,MIDDLE ROAD,21.654
middle_road,Middle Road,1832.0,29883.505,31517.043,11.774,9.611,9.327,,,MIDDLE ROAD,21.831
middle_road,Middle Road,1834.0,29885.103,31515.841,9.648,9.327,9.327,,,MIDDLE ROAD,21.742
middle_road,Middle Road,1836.0,29886.701,31514.638,9.443,9.043,9.043,,,MIDDLE ROAD,21.654
middle_road,Middle Road,1838.0,29888.299,31513.435,8.053,8.691,8.691,,,MIDDLE ROAD,21.566
middle_road,Middle Road,1840.0,29889.897,31512.232,8.358,8.34,8.34,,,MIDDLE ROAD,21.478
middle_road,Middle Road,1842.0,29891.495,31511.03,6.99,7.988,7.988,,,MIDDLE ROAD,21.39
middle_road,Middle Road,1844.0,29893.079,31509.809,7.092,,7.636,,,MIDDLE ROAD,21.324
middle_road,Middle Road,1846.0,29894.616,31508.529,5.973,,7.284,,,MIDDLE ROAD,21.335
middle_road,Middle Road,1848.0,29896.152,31507.248,5.221,6.933,6.933,,,MIDDLE ROAD,21.346
middle_road,Middle Road,1850.0,29897.688,31505.968,6.398,6.581,6.581,,,MIDDLE ROAD,21.357
middle_road,Middle Road,1852.0,29899.228,31504.692,8.558,6.229,6.229,,,MIDDLE ROAD,21.362
middle_road,Middle Road,1854.0,29900.775,31503.424,9.459,5.877,5.877,,,MIDDLE ROAD,21.356
middle_road,Middle Road,1856.0,29902.322,31502.156,9.952,5.695,5.695,,,MIDDLE ROAD,21.351
middle_road,Middle Road,1858.0,29903.869,31500.888,5.046,5.513,5.513,,,MIDDLE ROAD,21.345
middle_road,Middle Road,1860.0,29905.416,31499.621,4.303,5.331,5.331,,,MIDDLE ROAD,21.339
middle_road,Middle Road,1862.0,29907.075,31498.512,3.684,5.148,5.148,,,MIDDLE ROAD,21.139
middle_road,Middle Road,1864.0,29908.786,31497.476,3.675,4.966,4.966,,,MIDDLE ROAD,20.851
middle_road,Middle Road,1866.0,29910.497,31496.44,4.098,4.784,4.892,,,MIDDLE ROAD,20.562
middle_road,Middle Road,1868.0,29912.207,31495.404,6.069,4.601,4.892,,,MIDDLE ROAD,20.274
middle_road,Middle Road,1870.0,29913.918,31494.367,5.105,4.892,4.892,,,MIDDLE ROAD,19.986
middle_road,Middle Road,1872.0,29915.628,31493.331,3.692,5.182,5.182,,,MIDDLE ROAD,19.697
middle_road,Middle Road,1874.0,29917.339,31492.295,4.518,5.472,5.472,,,MIDDLE ROAD,19.409
middle_road,Middle Road,1876.0,29919.049,31491.258,6.162,5.762,5.762,,,MIDDLE ROAD,19.121
middle_road,Middle Road,1878.0,29920.76,31490.222,6.052,6.052,5.89,,,MIDDLE ROAD,18.832
middle_road,Middle Road,1912.0,29949.84,31472.605,6.178,6.178,5.89,,,MIDDLE ROAD,12.567
middle_road,Middle Road,1914.0,29951.55,31471.569,6.261,5.89,5.89,,,MIDDLE ROAD,12.126
middle_road,Middle Road,1916.0,29953.261,31470.532,5.601,5.601,5.601,,,MIDDLE ROAD,11.684
middle_road,Middle Road,1918.0,29954.972,31469.496,5.316,5.504,5.504,,,MIDDLE ROAD,11.243
middle_road,Middle Road,1920.0,29956.682,31468.46,4.297,5.407,5.407,,,MIDDLE ROAD,10.801
middle_road,Middle Road,1922.0,29958.393,31467.423,4.44,5.309,5.404,,,MIDDLE ROAD,10.36
middle_road,Middle Road,1924.0,29960.103,31466.387,4.118,5.212,5.404,,,MIDDLE ROAD,9.918
middle_road,Middle Road,1926.0,29961.814,31465.351,4.422,5.404,5.404,,,MIDDLE ROAD,9.477
middle_road,Middle Road,1928.0,29963.525,31464.315,6.21,5.597,5.597,,,MIDDLE ROAD,9.035
middle_road,Middle Road,1930.0,29965.235,31463.278,7.452,5.789,5.789,,,MIDDLE ROAD,8.594
middle_road,Middle Road,1932.0,29966.946,31462.242,8.216,6.059,6.059,,,MIDDLE ROAD,8.152
middle_road,Middle Road,1934.0,29968.656,31461.206,7.784,6.329,6.329,,,MIDDLE ROAD,7.849
middle_road,Middle Road,1936.0,29970.367,31460.169,7.762,6.599,6.599,,,MIDDLE ROAD,7.74
middle_road,Middle Road,1938.0,29972.077,31459.133,7.139,6.869,6.599,,,MIDDLE ROAD,7.632
middle_road,Middle Road,1940.0,29973.788,31458.097,7.155,6.631,6.599,,,MIDDLE ROAD,7.523
middle_road,Middle Road,1942.0,29975.499,31457.06,6.736,6.392,6.392,,,MIDDLE ROAD,7.415
middle_road,Middle Road,1944.0,29977.209,31456.024,6.71,6.081,6.081,,,MIDDLE ROAD,7.306
middle_road,Middle Road,1946.0,29978.92,31454.988,4.266,5.771,5.771,,,MIDDLE ROAD,7.198
middle_road,Middle Road,1948.0,29980.63,31453.952,4.634,5.46,5.46,,,MIDDLE ROAD,7.089
middle_road,Middle Road,1950.0,29982.341,31452.915,6.259,5.149,5.149,,,MIDDLE ROAD,6.98
middle_road,Middle Road,1952.0,29984.051,31451.879,5.026,4.838,4.838,,,MIDDLE ROAD,6.872
middle_road,Middle Road,1954.0,29985.959,31451.465,4.577,4.528,4.528,,,MIDDLE ROAD,6.138
middle_road,Middle Road,1956.0,29987.954,31451.332,4.688,4.217,4.217,,,MIDDLE ROAD,5.123
middle_road,Middle Road,1958.0,29989.95,31451.198,4.609,3.974,3.974,,,MIDDLE ROAD,4.108
middle_road,Middle Road,1960.0,29991.945,31451.065,3.673,3.872,3.974,,,MIDDLE ROAD,3.094
middle_road,Middle Road,1962.0,29993.941,31450.931,3.77,3.77,3.974,,,MIDDLE ROAD,2.079
middle_road,Middle Road,1964.0,29995.936,31450.797,3.823,4.003,4.003,,,MIDDLE ROAD,1.064
middle_road,Middle Road,1966.0,29997.513,31449.746,3.845,4.307,4.307,,,MIDDLE ROAD,1.043
middle_road,Middle Road,1968.0,29998.922,31448.326,3.047,4.611,4.611,,,MIDDLE ROAD,1.422
middle_road,Middle Road,1970.0,30000.33,31446.906,3.033,4.95,4.95,,,MIDDLE ROAD,1.8
middle_road,Middle Road,1972.0,30001.739,31445.487,5.588,5.29,5.29,,,MIDDLE ROAD,2.179
middle_road,Middle Road,1974.0,30003.147,31444.067,5.479,5.629,5.629,,,MIDDLE ROAD,2.558
middle_road,Middle Road,1976.0,30004.556,31442.647,7.187,5.969,5.969,,,MIDDLE ROAD,2.936
middle_road,Middle Road,1978.0,30005.964,31441.227,7.137,6.309,6.309,,,MIDDLE ROAD,3.315
middle_road,Middle Road,1980.0,30007.372,31439.807,7.134,6.648,6.648,,,MIDDLE ROAD,3.693
middle_road,Middle Road,1982.0,30008.781,31438.387,6.659,6.988,6.648,,,MIDDLE ROAD,4.072
middle_road,Middle Road,1984.0,30010.189,31436.967,7.601,6.715,6.648,,,MIDDLE ROAD,4.451
middle_road,Middle Road,1986.0,30011.598,31435.547,6.582,6.442,6.442,,,MIDDLE ROAD,4.829
middle_road,Middle Road,1988.0,30013.006,31434.127,6.548,6.17,6.17,,,MIDDLE ROAD,5.208
middle_road,Middle Road,1990.0,30013.803,31432.384,7.78,5.897,5.897,,,MIDDLE ROAD,6.199
middle_road,Middle Road,1992.0,30014.183,31430.42,8.391,5.624,5.624,,,MIDDLE ROAD,7.606
middle_road,Middle Road,1994.0,30014.563,31428.457,4.451,5.518,5.518,,,MIDDLE ROAD,9.013
middle_road,Middle Road,1996.0,30014.943,31426.493,4.434,5.412,5.412,,,MIDDLE ROAD,10.421
middle_road,Middle Road,1998.0,30015.773,31424.827,2.458,5.306,5.306,,,MIDDLE ROAD,11.328
middle_road,Middle Road,2000.0,30017.433,31423.711,2.345,5.2,5.2,,,MIDDLE ROAD,11.315
middle_road,Middle Road,2002.0,30019.092,31422.595,3.381,5.093,5.093,,,MIDDLE ROAD,11.301
middle_road,Middle Road,2004.0,30020.752,31421.479,3.223,4.987,4.987,,,MIDDLE ROAD,11.287
middle_road,Middle Road,2028.0,30040.667,31408.084,4.955,4.881,4.881,,,MIDDLE ROAD,10.411
middle_road,Middle Road,2030.0,30042.326,31406.968,4.775,4.775,4.775,,,MIDDLE ROAD,10.266
middle_road,Middle Road,2032.0,30043.986,31405.852,4.494,4.494,4.775,,,MIDDLE ROAD,10.122
middle_road,Middle Road,2034.0,30045.645,31404.736,4.447,4.699,4.775,1.098,1.0,MIDDLE ROAD,9.978
middle_road,Middle Road,2036.0,30047.305,31403.62,4.904,4.904,4.863,,,MIDDLE ROAD,9.834
middle_road,Middle Road,2038.0,30048.964,31402.503,5.056,5.056,4.863,,,MIDDLE ROAD,9.69
middle_road,Middle Road,2040.0,30050.624,31401.387,5.41,4.863,4.863,,,MIDDLE ROAD,9.545
middle_road,Middle Road,2042.0,30052.283,31400.271,4.533,4.67,4.67,,,MIDDLE ROAD,9.401
middle_road,Middle Road,2044.0,30053.943,31399.155,4.026,4.477,4.477,,,MIDDLE ROAD,9.257
middle_road,Middle Road,2046.0,30055.603,31398.039,4.467,4.284,4.284,,,MIDDLE ROAD,9.113
middle_road,Middle Road,2048.0,30057.262,31396.922,4.963,4.092,4.092,,,MIDDLE ROAD,8.969
middle_road,Middle Road,2050.0,30058.922,31395.806,3.525,3.899,3.996,,,MIDDLE ROAD,8.824
middle_road,Middle Road,2052.0,30060.581,31394.69,3.706,3.706,3.899,,,MIDDLE ROAD,8.68
middle_road,Middle Road,2054.0,30062.241,31393.574,3.996,3.996,3.862,,,MIDDLE ROAD,8.536
middle_road,Middle Road,2056.0,30063.9,31392.458,4.131,3.862,3.81,,,MIDDLE ROAD,8.392
middle_road,Middle Road,2058.0,30065.56,31391.341,3.728,3.728,3.862,,,MIDDLE ROAD,8.248
middle_road,Middle Road,2060.0,30067.219,31390.225,3.373,3.81,3.862,,,MIDDLE ROAD,8.103
middle_road,Middle Road,2062.0,30068.879,31389.109,4.571,3.891,3.891,,,MIDDLE ROAD,7.959
middle_road,Middle Road,2064.0,30070.539,31387.993,5.034,3.973,3.973,,,MIDDLE ROAD,7.815
middle_road,Middle Road,2066.0,30072.198,31386.877,4.956,4.055,4.055,,,MIDDLE ROAD,7.671
middle_road,Middle Road,2068.0,30073.858,31385.76,4.136,4.332,4.332,,,MIDDLE ROAD,7.527
middle_road,Middle Road,2070.0,30075.401,31384.497,3.786,4.609,4.609,,,MIDDLE ROAD,7.57
middle_road,Middle Road,2072.0,30076.874,31383.144,4.531,4.611,4.611,,,MIDDLE ROAD,7.727
middle_road,Middle Road,2074.0,30078.348,31381.792,4.516,4.612,4.612,,,MIDDLE ROAD,7.884
middle_road,Middle Road,2076.0,30079.821,31380.439,6.029,4.613,4.613,,,MIDDLE ROAD,8.04
middle_road,Middle Road,2078.0,30081.131,31378.93,6.431,4.614,4.614,,,MIDDLE ROAD,8.42
middle_road,Middle Road,2080.0,30082.422,31377.403,6.044,4.616,4.616,,,MIDDLE ROAD,8.828
middle_road,Middle Road,2082.0,30083.713,31375.875,5.759,4.617,4.617,,,MIDDLE ROAD,9.235
middle_road,Middle Road,2084.0,30085.004,31374.347,4.622,4.618,4.617,,,MIDDLE ROAD,9.642
middle_road,Middle Road,2086.0,30086.294,31372.819,4.62,4.62,4.617,,,MIDDLE ROAD,10.049
middle_road,Middle Road,2088.0,30087.585,31371.292,2.802,4.436,4.436,,,MIDDLE ROAD,10.457
middle_road,Middle Road,2090.0,30088.876,31369.764,3.911,4.252,4.252,-8.316,1.0,MIDDLE ROAD,10.864
middle_road,Middle Road,2092.0,30090.167,31368.236,4.068,4.068,4.068,,,MIDDLE ROAD,11.271
middle_road,Middle Road,2094.0,30091.457,31366.709,3.878,3.878,3.952,,,MIDDLE ROAD,11.678
middle_road,Middle Road,2096.0,30092.748,31365.181,4.4,3.915,3.952,-1.913,1.0,MIDDLE ROAD,12.085
middle_road,Middle Road,2098.0,30094.039,31363.653,4.393,3.952,3.915,0.0,1.0,MIDDLE ROAD,12.493
middle_road,Middle Road,2100.0,30095.329,31362.125,3.989,3.989,3.915,,,MIDDLE ROAD,12.9
middle_road,Middle Road,2102.0,30096.62,31360.598,3.841,3.841,3.952,,,MIDDLE ROAD,13.307
middle_road,Middle Road,2104.0,30097.911,31359.07,3.909,3.909,3.989,,,MIDDLE ROAD,13.714
middle_road,Middle Road,2106.0,30099.202,31357.542,4.13,4.13,4.13,6.048,1.0,MIDDLE ROAD,14.121
middle_road,Middle Road,2108.0,30100.704,31356.228,4.692,4.283,4.283,,,MIDDLE ROAD,14.23
middle_road,Middle Road,2110.0,30102.243,31354.95,4.436,4.436,4.436,,,MIDDLE ROAD,14.287
middle_road,Middle Road,2112.0,30103.782,31353.673,4.37,4.635,4.635,,,MIDDLE ROAD,14.345
middle_road,Middle Road,2144.0,30128.4,31333.229,3.351,4.924,4.924,,,MIDDLE ROAD,14.479
middle_road,Middle Road,2146.0,30129.938,31331.951,5.171,5.214,5.214,,,MIDDLE ROAD,14.441
middle_road,Middle Road,2148.0,30131.477,31330.673,4.945,5.498,5.498,,,MIDDLE ROAD,14.403
middle_road,Middle Road,2150.0,30133.016,31329.396,6.231,5.783,5.783,,,MIDDLE ROAD,14.365
middle_road,Middle Road,2152.0,30134.554,31328.118,6.349,6.068,6.068,,,MIDDLE ROAD,14.326
middle_road,Middle Road,2154.0,30136.093,31326.84,6.809,6.353,6.353,,,MIDDLE ROAD,14.288
middle_road,Middle Road,2156.0,30137.631,31325.562,7.476,6.356,6.356,,,MIDDLE ROAD,14.25
middle_road,Middle Road,2158.0,30139.17,31324.285,6.354,6.36,6.36,,,MIDDLE ROAD,14.212
middle_road,Middle Road,2160.0,30140.709,31323.007,4.67,6.364,6.364,,,MIDDLE ROAD,14.174
middle_road,Middle Road,2162.0,30142.247,31321.729,4.477,6.374,6.374,,,MIDDLE ROAD,14.136
middle_road,Middle Road,2164.0,30143.786,31320.451,8.172,6.384,6.384,3.363,1.0,MIDDLE ROAD,14.098
middle_road,Middle Road,2166.0,30145.325,31319.174,6.394,6.394,6.394,,,MIDDLE ROAD,14.06
middle_road,Middle Road,2168.0,30146.863,31317.896,6.633,6.633,6.633,,,MIDDLE ROAD,14.022
middle_road,Middle Road,2170.0,30148.402,31316.618,6.072,6.668,6.668,4.301,1.0,MIDDLE ROAD,13.984
middle_road,Middle Road,2172.0,30149.94,31315.34,6.631,6.703,6.703,3.063,1.0,MIDDLE ROAD,13.946
middle_road,Middle Road,2174.0,30151.479,31314.063,6.738,6.738,6.738,,,MIDDLE ROAD,13.908
middle_road,Middle Road,2176.0,30153.018,31312.785,6.878,6.878,6.878,,,MIDDLE ROAD,13.87
middle_road,Middle Road,2178.0,30154.556,31311.507,5.664,6.905,6.905,,,MIDDLE ROAD,13.832
middle_road,Middle Road,2180.0,30156.095,31310.229,6.351,6.932,6.932,1.356,1.0,MIDDLE ROAD,13.794
middle_road,Middle Road,2182.0,30157.634,31308.952,6.844,6.959,6.959,,,MIDDLE ROAD,13.756
middle_road,Middle Road,2184.0,30159.172,31307.674,6.986,6.986,6.986,,,MIDDLE ROAD,13.718
middle_road,Middle Road,2186.0,30160.711,31306.396,6.498,7.108,7.108,,,MIDDLE ROAD,13.68
middle_road,Middle Road,2188.0,30162.249,31305.118,7.548,7.229,7.229,,,MIDDLE ROAD,13.642
middle_road,Middle Road,2190.0,30163.788,31303.841,6.64,7.35,7.35,,,MIDDLE ROAD,13.604
middle_road,Middle Road,2192.0,30165.327,31302.563,7.474,7.585,7.585,,,MIDDLE ROAD,13.566
middle_road,Middle Road,2194.0,30166.865,31301.285,7.593,7.821,7.821,,,MIDDLE ROAD,13.528
middle_road,Middle Road,2196.0,30168.404,31300.007,7.849,8.059,8.059,,,MIDDLE ROAD,13.49
middle_road,Middle Road,2198.0,30169.943,31298.73,8.262,8.298,8.298,,,MIDDLE ROAD,13.452
middle_road,Middle Road,2200.0,30171.481,31297.452,8.863,8.537,8.537,,,MIDDLE ROAD,13.414
middle_road,Middle Road,2202.0,30173.02,31296.174,8.586,8.775,8.775,,,MIDDLE ROAD,13.376
middle_road,Middle Road,2204.0,30174.558,31294.896,9.57,9.014,8.775,,,MIDDLE ROAD,13.338
middle_road,Middle Road,2206.0,30176.097,31293.619,10.274,8.811,8.775,,,MIDDLE ROAD,13.3
middle_road,Middle Road,2208.0,30177.636,31292.341,9.883,8.609,8.609,,,MIDDLE ROAD,13.262
middle_road,Middle Road,2210.0,30179.174,31291.063,5.749,8.406,8.406,,,MIDDLE ROAD,13.224
middle_road,Middle Road,2212.0,30180.713,31289.785,7.006,8.019,8.019,,,MIDDLE ROAD,13.186
middle_road,Middle Road,2214.0,30182.252,31288.508,7.94,7.631,7.631,,,MIDDLE ROAD,13.148
middle_road,Middle Road,2216.0,30183.79,31287.23,6.621,7.243,7.243,,,MIDDLE ROAD,13.11
middle_road,Middle Road,2218.0,30185.329,31285.952,5.281,,6.855,,,MIDDLE ROAD,13.072
middle_road,Middle Road,2220.0,30186.867,31284.674,7.306,6.468,6.468,,,MIDDLE ROAD,13.033
middle_road,Middle Road,2222.0,30188.406,31283.397,6.297,6.08,6.08,,,MIDDLE ROAD,12.995
middle_road,Middle Road,2224.0,30189.945,31282.119,5.34,5.692,5.692,,,MIDDLE ROAD,12.957
middle_road,Middle Road,2226.0,30191.483,31280.841,5.304,5.304,5.304,,,MIDDLE ROAD,12.919
middle_road,Middle Road,2228.0,30193.022,31279.563,4.275,5.209,5.209,,,MIDDLE ROAD,12.881
middle_road,Middle Road,2258.0,30216.101,31260.397,5.142,5.113,5.113,,,MIDDLE ROAD,15.751
middle_road,Middle Road,2260.0,30217.64,31259.119,5.017,5.017,5.017,,,MIDDLE ROAD,15.742
middle_road,Middle Road,2262.0,30219.179,31257.842,5.412,5.011,5.017,,,MIDDLE ROAD,15.733
middle_road,Middle Road,2264.0,30220.717,31256.564,5.574,5.005,5.017,,,MIDDLE ROAD,15.724
middle_road,Middle Road,2266.0,30222.256,31255.286,4.999,5.235,5.235,,,MIDDLE ROAD,15.715
middle_road,Middle Road,2268.0,30223.794,31254.008,4.954,5.465,5.465,,,MIDDLE ROAD,15.706
middle_road,Middle Road,2270.0,30225.333,31252.731,4.425,5.717,5.717,,,MIDDLE ROAD,15.697
middle_road,Middle Road,2272.0,30226.872,31251.453,6.725,5.969,5.969,,,MIDDLE ROAD,15.688
middle_road,Middle Road,2274.0,30228.41,31250.175,9.436,6.221,6.221,,,MIDDLE ROAD,15.68
middle_road,Middle Road,2276.0,30229.949,31248.898,9.52,6.473,6.473,,,MIDDLE ROAD,15.671
middle_road,Middle Road,2278.0,30231.488,31247.62,11.586,6.725,6.725,,,MIDDLE ROAD,15.662
middle_road,Middle Road,2280.0,30233.026,31246.342,7.849,6.977,6.977,,,MIDDLE ROAD,15.653
middle_road,Middle Road,2282.0,30234.565,31245.064,7.799,7.228,6.977,,,MIDDLE ROAD,15.644
middle_road,Middle Road,2284.0,30236.103,31243.787,4.43,7.047,7.047,,,MIDDLE ROAD,15.635
middle_road,Middle Road,2286.0,30237.642,31242.509,5.417,6.866,7.125,,,MIDDLE ROAD,15.626
middle_road,Middle Road,2288.0,30239.181,31241.231,4.835,7.125,7.125,,,MIDDLE ROAD,15.617
middle_road,Middle Road,2290.0,30240.719,31239.953,7.64,7.383,7.383,,,MIDDLE ROAD,15.608
middle_road,Middle Road,2292.0,30242.258,31238.676,5.2,7.641,7.641,,,MIDDLE ROAD,15.599
middle_road,Middle Road,2294.0,30243.797,31237.398,7.9,7.899,7.899,,,MIDDLE ROAD,15.59
middle_road,Middle Road,2296.0,30245.335,31236.12,12.735,8.158,8.158,,,MIDDLE ROAD,15.581
middle_road,Middle Road,2298.0,30246.874,31234.842,10.079,8.415,8.158,,,MIDDLE ROAD,15.572
middle_road,Middle Road,2300.0,30248.412,31233.565,8.672,8.298,8.158,,,MIDDLE ROAD,15.563
middle_road,Middle Road,2302.0,30249.951,31232.287,8.204,7.999,7.999,,,MIDDLE ROAD,15.555
middle_road,Middle Road,2304.0,30251.49,31231.009,6.757,7.701,7.701,,,MIDDLE ROAD,15.546
middle_road,Middle Road,2306.0,30253.028,31229.731,7.162,7.403,7.491,,,MIDDLE ROAD,15.537
middle_road,Middle Road,2308.0,30254.567,31228.454,4.641,7.447,7.491,,,MIDDLE ROAD,15.528
middle_road,Middle Road,2310.0,30256.106,31227.176,6.304,7.491,7.491,,,MIDDLE ROAD,15.519
middle_road,Middle Road,2312.0,30257.644,31225.898,5.338,7.534,7.534,,,MIDDLE ROAD,15.51
middle_road,Middle Road,2314.0,30259.183,31224.62,5.228,7.578,7.578,,,MIDDLE ROAD,15.501
middle_road,Middle Road,2316.0,30260.721,31223.343,5.188,7.622,7.622,,,MIDDLE ROAD,15.492
middle_road,Middle Road,2318.0,30262.26,31222.065,5.303,7.666,7.666,,,MIDDLE ROAD,15.483
middle_road,Middle Road,2320.0,30263.799,31220.787,5.068,7.71,7.71,,,MIDDLE ROAD,15.474
middle_road,Middle Road,2322.0,30265.337,31219.509,5.348,7.753,7.753,,,MIDDLE ROAD,15.465
middle_road,Middle Road,2324.0,30266.876,31218.232,4.9,7.797,7.797,,,MIDDLE ROAD,15.456
middle_road,Middle Road,2326.0,30268.415,31216.954,8.285,7.841,7.841,,,MIDDLE ROAD,15.447
middle_road,Middle Road,2328.0,30269.953,31215.676,11.118,7.885,7.885,,,MIDDLE ROAD,15.439
middle_road,Middle Road,2330.0,30271.492,31214.398,8.718,7.929,7.885,,,MIDDLE ROAD,15.43
middle_road,Middle Road,2332.0,30273.03,31213.121,8.006,8.006,7.885,,,MIDDLE ROAD,15.421
middle_road,Middle Road,2334.0,30274.569,31211.843,6.076,7.843,7.843,,,MIDDLE ROAD,15.412
middle_road,Middle Road,2336.0,30276.108,31210.565,6.314,7.68,7.68,,,MIDDLE ROAD,15.403
middle_road,Middle Road,2338.0,30277.646,31209.287,7.419,7.518,7.518,,,MIDDLE ROAD,15.394
middle_road,Middle Road,2340.0,30279.185,31208.01,7.089,7.355,7.355,,,MIDDLE ROAD,15.385
middle_road,Middle Road,2342.0,30280.724,31206.732,3.455,7.193,7.193,,,MIDDLE ROAD,15.376
middle_road,Middle Road,2344.0,30282.262,31205.454,3.43,7.03,7.03,,,MIDDLE ROAD,15.367
middle_road,Middle Road,2346.0,30283.801,31204.176,3.43,6.867,6.867,,,MIDDLE ROAD,15.358
middle_road,Middle Road,2348.0,30285.339,31202.899,3.549,6.705,6.705,,,MIDDLE ROAD,15.349
middle_road,Middle Road,2382.0,30311.496,31181.177,4.543,6.542,6.542,,,MIDDLE ROAD,15.438
middle_road,Middle Road,2384.0,30313.035,31179.899,7.806,6.38,6.38,,,MIDDLE ROAD,15.457
middle_road,Middle Road,2386.0,30314.573,31178.621,6.285,6.107,6.107,,,MIDDLE ROAD,15.476
middle_road,Middle Road,2388.0,30316.112,31177.344,8.772,5.834,5.834,,,MIDDLE ROAD,15.496
middle_road,Middle Road,2390.0,30317.651,31176.066,10.746,5.562,5.562,,,MIDDLE ROAD,15.515
middle_road,Middle Road,2392.0,30319.189,31174.788,8.603,5.289,5.289,,,MIDDLE ROAD,15.534
middle_road,Middle Road,2394.0,30320.728,31173.51,4.39,5.017,5.017,,,MIDDLE ROAD,15.554
middle_road,Middle Road,2396.0,30322.266,31172.233,4.428,4.744,4.744,,,MIDDLE ROAD,15.573
middle_road,Middle Road,2398.0,30323.805,31170.955,4.471,4.471,4.634,,,MIDDLE ROAD,15.592
middle_road,Middle Road,2400.0,30325.344,31169.677,4.634,4.634,4.633,,,MIDDLE ROAD,15.612
middle_road,Middle Road,2402.0,30326.882,31168.4,5.294,4.633,4.631,-0.016,1.0,MIDDLE ROAD,15.631
middle_road,Middle Road,2404.0,30328.421,31167.122,4.503,4.631,4.633,0.281,1.0,MIDDLE ROAD,15.65
middle_road,Middle Road,2406.0,30329.96,31165.844,4.63,4.63,4.633,,,MIDDLE ROAD,15.67
middle_road,Middle Road,2408.0,30331.498,31164.566,4.655,4.655,4.655,,,MIDDLE ROAD,15.689
middle_road,Middle Road,2410.0,30333.037,31163.289,4.955,4.955,4.861,,,MIDDLE ROAD,15.708
middle_road,Middle Road,2412.0,30334.575,31162.011,4.955,4.955,4.861,1.88,1.0,MIDDLE ROAD,15.728
middle_road,Middle Road,2414.0,30336.114,31160.733,5.155,4.861,4.861,-0.698,1.0,MIDDLE ROAD,15.747
middle_road,Middle Road,2416.0,30337.653,31159.455,4.768,4.768,4.805,,,MIDDLE ROAD,15.766
middle_road,Middle Road,2418.0,30339.191,31158.178,4.531,4.531,4.805,,,MIDDLE ROAD,15.786
middle_road,Middle Road,2420.0,30340.73,31156.9,3.641,4.805,4.805,5.81,1.0,MIDDLE ROAD,15.805
middle_road,Middle Road,2422.0,30342.269,31155.622,3.741,5.08,5.08,,,MIDDLE ROAD,15.824
middle_road,Middle Road,2424.0,30343.807,31154.344,5.354,5.354,5.27,,,MIDDLE ROAD,15.844
middle_road,Middle Road,2426.0,30345.346,31153.067,4.691,5.312,5.27,,,MIDDLE ROAD,15.863
middle_road,Middle Road,2428.0,30346.884,31151.789,5.091,5.27,5.312,1.198,1.0,MIDDLE ROAD,15.883
middle_road,Middle Road,2430.0,30348.423,31150.511,5.229,5.229,5.312,,,MIDDLE ROAD,15.902
middle_road,Middle Road,2432.0,30349.962,31149.233,5.416,5.416,5.366,,,MIDDLE ROAD,15.921
middle_road,Middle Road,2434.0,30351.5,31147.956,5.366,5.366,5.416,,,MIDDLE ROAD,15.941
middle_road,Middle Road,2436.0,30353.039,31146.678,5.379,5.626,5.626,,,MIDDLE ROAD,15.96
middle_road,Middle Road,2438.0,30354.578,31145.4,5.504,5.886,5.886,,,MIDDLE ROAD,15.979
middle_road,Middle Road,2440.0,30356.116,31144.122,6.821,6.146,6.146,,,MIDDLE ROAD,15.998
middle_road,Middle Road,2442.0,30357.655,31142.845,6.788,6.332,6.246,,,MIDDLE ROAD,16.018
middle_road,Middle Road,2444.0,30359.193,31141.567,6.788,6.517,6.246,,,MIDDLE ROAD,16.037
middle_road,Middle Road,2446.0,30360.732,31140.289,5.65,6.246,6.246,,,MIDDLE ROAD,16.056
middle_road,Middle Road,2448.0,30362.271,31139.011,5.975,5.975,5.975,,,MIDDLE ROAD,16.076
middle_road,Middle Road,2450.0,30363.809,31137.734,,5.973,5.973,,,MIDDLE ROAD,16.095
middle_road,Middle Road,2452.0,30365.348,31136.456,,5.972,5.972,-0.071,1.0,MIDDLE ROAD,16.114
middle_road,Middle Road,2454.0,30366.887,31135.178,,5.971,5.971,-0.071,1.0,MIDDLE ROAD,16.134
middle_road,Middle Road,2456.0,30368.425,31133.9,,5.969,5.969,-0.071,1.0,MIDDLE ROAD,16.153
middle_road,Middle Road,2458.0,30369.964,31132.623,,5.968,5.968,-0.071,1.0,MIDDLE ROAD,16.173
middle_road,Middle Road,2460.0,30371.502,31131.345,,5.966,5.966,-0.071,1.0,MIDDLE ROAD,16.192
middle_road,Middle Road,2462.0,30373.041,31130.067,,5.965,5.965,-0.071,1.0,MIDDLE ROAD,16.211
middle_road,Middle Road,2464.0,30374.58,31128.789,,5.964,5.964,-0.071,1.0,MIDDLE ROAD,16.231
middle_road,Middle Road,2466.0,30376.118,31127.512,,5.962,5.962,-0.071,1.0,MIDDLE ROAD,16.25
middle_road,Middle Road,2468.0,30377.657,31126.234,,5.961,5.961,-0.071,1.0,MIDDLE ROAD,16.269
middle_road,Middle Road,2470.0,30379.196,31124.956,,5.959,5.959,-0.071,1.0,MIDDLE ROAD,16.289
middle_road,Middle Road,2472.0,30380.734,31123.678,,5.958,5.958,-0.071,1.0,MIDDLE ROAD,16.308
middle_road,Middle Road,2474.0,30382.273,31122.401,,5.956,5.956,-0.071,1.0,MIDDLE ROAD,16.327
middle_road,Middle Road,2476.0,30383.811,31121.123,,5.955,5.955,-0.071,1.0,MIDDLE ROAD,16.347
middle_road,Middle Road,2478.0,30385.35,31119.845,,5.954,5.954,-0.071,1.0,MIDDLE ROAD,16.366
middle_road,Middle Road,2480.0,30386.889,31118.567,,5.952,5.952,-0.071,1.0,MIDDLE ROAD,16.385
middle_road,Middle Road,2482.0,30388.427,31117.29,,5.951,5.951,-0.071,1.0,MIDDLE ROAD,16.405
middle_road,Middle Road,2484.0,30389.966,31116.012,,5.949,5.949,-0.013,1.0,MIDDLE ROAD,16.424
middle_road,Middle Road,2486.0,30391.505,31114.734,,5.948,5.948,-0.013,1.0,MIDDLE ROAD,16.443
middle_road,Middle Road,2522.0,30419.2,31091.735,,5.947,5.947,-0.013,1.0,MIDDLE ROAD,17.586
middle_road,Middle Road,2524.0,30420.738,31090.457,,5.945,5.945,-0.007,1.0,MIDDLE ROAD,17.686
middle_road,Middle Road,2526.0,30422.277,31089.179,,5.944,5.944,-0.011,1.0,MIDDLE ROAD,17.786
middle_road,Middle Road,2566.0,30453.049,31063.624,,5.942,5.942,-0.009,1.0,MIDDLE ROAD,19.601
middle_road,Middle Road,2568.0,30454.588,31062.347,,,5.942,-0.008,1.0,MIDDLE ROAD,19.658
middle_road,Middle Road,2570.0,30456.127,31061.069,,,5.941,,,MIDDLE ROAD,19.716
middle_road,Middle Road,2572.0,30457.665,31059.791,,,5.94,,,MIDDLE ROAD,19.774
middle_road,Middle Road,2574.0,30459.204,31058.513,,,,,,MIDDLE ROAD,19.831
middle_road,Middle Road,2576.0,30460.743,31057.236,,,,,,MIDDLE ROAD,19.889
middle_road,Middle Road,2578.0,30462.281,31055.958,,,,,,MIDDLE ROAD,19.946
middle_road,Middle Road,2580.0,30463.82,31054.68,,,,,,MIDDLE ROAD,20.004
middle_road,Middle Road,2582.0,30465.358,31053.402,,,,,,MIDDLE ROAD,20.062
middle_road,Middle Road,2584.0,30466.897,31052.125,,,,,,MIDDLE ROAD,20.119
middle_road,Middle Road,2586.0,30468.436,31050.847,,,,,,MIDDLE ROAD,20.177
middle_road,Middle Road,2588.0,30469.974,31049.569,,,,,,MIDDLE ROAD,20.234
middle_road,Middle Road,2590.0,30471.513,31048.291,,,,,,MIDDLE ROAD,20.292
middle_road,Middle Road,2592.0,30473.052,31047.014,,,,,,MIDDLE ROAD,20.35
middle_road,Middle Road,2594.0,30474.59,31045.736,,,,,,MIDDLE ROAD,20.407
middle_road,Middle Road,2596.0,30476.129,31044.458,,,,,,MIDDLE ROAD,20.465
middle_road,Middle Road,2598.0,30477.667,31043.18,,,,,,MIDDLE ROAD,20.522
middle_road,Middle Road,2600.0,30479.206,31041.903,,,,,,MIDDLE ROAD,20.58
middle_road,Middle Road,2602.0,30480.745,31040.625,,,,,,MIDDLE ROAD,20.638
middle_road,Middle Road,2604.0,30482.283,31039.347,,,,,,MIDDLE ROAD,20.695
middle_road,Middle Road,2606.0,30483.822,31038.069,,,,,,MIDDLE ROAD,20.753
middle_road,Middle Road,2608.0,30485.361,31036.792,,,,,,MIDDLE ROAD,20.81
middle_road,Middle Road,2610.0,30486.899,31035.514,,,,,,MIDDLE ROAD,20.868
middle_road,Middle Road,2612.0,30488.438,31034.236,,,,,,MIDDLE ROAD,20.926
middle_road,Middle Road,2614.0,30489.976,31032.958,,,,,,MIDDLE ROAD,20.983
middle_road,Middle Road,2616.0,30491.515,31031.681,,,,,,MIDDLE ROAD,21.041
middle_road,Middle Road,2618.0,30493.054,31030.403,,,,,,MIDDLE ROAD,21.098
middle_road,Middle Road,2620.0,30494.592,31029.125,,,,,,MIDDLE ROAD,21.156
middle_road,Middle Road,2622.0,30496.131,31027.847,,,,,,MIDDLE ROAD,21.214
middle_road,Middle Road,2624.0,30497.67,31026.57,,,,,,MIDDLE ROAD,21.271
middle_road,Middle Road,2626.0,30499.208,31025.292,,,,,,MIDDLE ROAD,21.329
middle_road,Middle Road,2674.0,30536.135,30994.626,,,,,,MIDDLE ROAD,22.711
middle_road,Middle Road,2676.0,30537.674,30993.348,,,,,,MIDDLE ROAD,22.769
middle_road,Middle Road,2710.0,30563.83,30971.627,,,,,,MIDDLE ROAD,9.937
middle_road,Middle Road,2712.0,30565.369,30970.349,,,,,,MIDDLE ROAD,9.786
middle_road,Middle Road,2714.0,30566.908,30969.071,,,,,,MIDDLE ROAD,9.634
middle_road,Middle Road,2716.0,30568.446,30967.793,,,,,,MIDDLE ROAD,9.483
middle_road,Middle Road,2718.0,30569.985,30966.516,,,,,,MIDDLE ROAD,9.332
middle_road,Middle Road,2720.0,30571.524,30965.238,,,,,,MIDDLE ROAD,9.18
middle_road,Middle Road,2722.0,30573.062,30963.96,,,,,,MIDDLE ROAD,9.029
middle_road,Middle Road,2724.0,30574.601,30962.682,,,,,,MIDDLE ROAD,8.878
middle_road,Middle Road,2726.0,30576.139,30961.405,,,,,,MIDDLE ROAD,8.727
middle_road,Middle Road,2728.0,30577.678,30960.127,,,,,,MIDDLE ROAD,8.575
middle_road,Middle Road,2730.0,30579.217,30958.849,,,,,,MIDDLE ROAD,8.424
middle_road,Middle Road,2732.0,30580.755,30957.571,,,,,,MIDDLE ROAD,8.273
middle_road,Middle Road,2734.0,30582.294,30956.294,,,,,,MIDDLE ROAD,8.121
middle_road,Middle Road,2736.0,30583.833,30955.016,,,,,,MIDDLE ROAD,7.97
middle_road,Middle Road,2738.0,30585.371,30953.738,,,,,,MIDDLE ROAD,7.819
middle_road,Middle Road,2740.0,30586.91,30952.46,,,,,,MIDDLE ROAD,7.668
middle_road,Middle Road,2742.0,30588.448,30951.183,,,,,,MIDDLE ROAD,7.516
middle_road,Middle Road,2744.0,30589.987,30949.905,,,,,,MIDDLE ROAD,7.365
middle_road,Middle Road,2746.0,30591.526,30948.627,,,,,,MIDDLE ROAD,7.214
middle_road,Middle Road,2748.0,30593.064,30947.349,,,,,,MIDDLE ROAD,7.062
middle_road,Middle Road,2750.0,30594.603,30946.072,,,,,,MIDDLE ROAD,6.911
middle_road,Middle Road,2752.0,30596.142,30944.794,,,,,,MIDDLE ROAD,6.76
middle_road,Middle Road,2754.0,30597.68,30943.516,,,,,,MIDDLE ROAD,6.609
middle_road,Middle Road,2756.0,30599.219,30942.238,,,,,,MIDDLE ROAD,6.457
middle_road,Middle Road,2758.0,30600.757,30940.961,,,,,,MIDDLE ROAD,6.306
middle_road,Middle Road,2760.0,30602.296,30939.683,,,,,,MIDDLE ROAD,6.155
middle_road,Middle Road,2762.0,30603.835,30938.405,,,,,,MIDDLE ROAD,6.004
middle_road,Middle Road,2764.0,30605.373,30937.128,,,,,,MIDDLE ROAD,5.852
middle_road,Middle Road,2766.0,30606.912,30935.85,,,,,,MIDDLE ROAD,5.701
middle_road,Middle Road,2768.0,30608.451,30934.572,,,,,,MIDDLE ROAD,5.55
middle_road,Middle Road,2770.0,30609.989,30933.294,,,,,,MIDDLE ROAD,5.398
middle_road,Middle Road,2772.0,30611.528,30932.017,,,,,,MIDDLE ROAD,5.247
middle_road,Middle Road,2774.0,30613.066,30930.739,,,,,,MIDDLE ROAD,5.096
middle_road,Middle Road,2776.0,30614.605,30929.461,,,,,,MIDDLE ROAD,4.945
middle_road,Middle Road,2778.0,30616.144,30928.183,,,,,,MIDDLE ROAD,4.793
middle_road,Middle Road,2780.0,30617.682,30926.906,,,,,,MIDDLE ROAD,4.642
middle_road,Middle Road,2782.0,30619.221,30925.628,,,,,,MIDDLE ROAD,4.491
middle_road,Middle Road,2784.0,30620.76,30924.35,,,,,,MIDDLE ROAD,4.339
middle_road,Middle Road,2786.0,30622.298,30923.072,,,,,,MIDDLE ROAD,4.188
middle_road,Middle Road,2788.0,30623.837,30921.795,,,,,,MIDDLE ROAD,4.037
middle_road,Middle Road,2790.0,30625.375,30920.517,,,,,,MIDDLE ROAD,3.886
middle_road,Middle Road,2792.0,30626.914,30919.239,,,,,,MIDDLE ROAD,3.734
middle_road,Middle Road,2794.0,30628.453,30917.961,,,,,,MIDDLE ROAD,3.583
middle_road,Middle Road,2796.0,30629.991,30916.684,,,,,,MIDDLE ROAD,3.432
middle_road,Middle Road,2798.0,30631.53,30915.406,,,,,,MIDDLE ROAD,3.28
middle_road,Middle Road,2800.0,30633.069,30914.128,,,,,,MIDDLE ROAD,3.129
middle_road,Middle Road,2802.0,30634.607,30912.85,,,,,,MIDDLE ROAD,2.978
middle_road,Middle Road,2804.0,30636.146,30911.573,,,,,,MIDDLE ROAD,2.827
middle_road,Middle Road,2806.0,30637.684,30910.295,,,,,,MIDDLE ROAD,2.675
middle_road,Middle Road,2808.0,30639.223,30909.017,,,,,,MIDDLE ROAD,2.524
middle_road,Middle Road,2810.0,30640.762,30907.739,,,,,,MIDDLE ROAD,2.373
middle_road,Middle Road,2812.0,30642.3,30906.462,,,,,,MIDDLE ROAD,2.222
middle_road,Middle Road,2814.0,30643.839,30905.184,,,,,,MIDDLE ROAD,2.07
middle_road,Middle Road,2816.0,30645.378,30903.906,,,,,,MIDDLE ROAD,1.919
middle_road,Middle Road,2818.0,30646.916,30902.628,,,,,,MIDDLE ROAD,1.768
middle_road,Middle Road,2820.0,30648.455,30901.351,,,,,,MIDDLE ROAD,1.617
middle_road,Middle Road,2822.0,30649.993,30900.073,,,,,,MIDDLE ROAD,1.465
middle_road,Middle Road,2824.0,30651.532,30898.795,,,,,,MIDDLE ROAD,1.314
middle_road,Middle Road,2826.0,30653.071,30897.517,,,,,,MIDDLE ROAD,1.163
middle_road,Middle Road,2828.0,30654.609,30896.24,,,,,,MIDDLE ROAD,1.011
middle_road,Middle Road,2830.0,30656.148,30894.962,,,,,,MIDDLE ROAD,0.86
middle_road,Middle Road,2832.0,30657.687,30893.684,,,,,,MIDDLE ROAD,0.709
middle_road,Middle Road,2834.0,30659.019,30893.747,,,,,,MIDDLE ROAD,1.531
middle_road,Middle Road,2836.0,30660.102,30895.428,,,,,,MIDDLE ROAD,3.529
middle_road,Middle Road,2838.0,30661.186,30897.109,,,,,,MIDDLE ROAD,5.527
middle_road,Middle Road,2840.0,30661.202,30898.622,,,,,,MIDDLE ROAD,6.77
middle_road,Middle Road,2842.0,30659.655,30899.889,,,,,,MIDDLE ROAD,6.907
middle_road,Middle Road,2844.0,30658.107,30901.155,,,,,,MIDDLE ROAD,7.044
middle_road,Middle Road,2846.0,30656.559,30902.422,,,,,,MIDDLE ROAD,7.181
middle_road,Middle Road,2848.0,30655.011,30903.688,,,,,,MIDDLE ROAD,7.318
middle_road,Middle Road,2850.0,30653.463,30904.955,,,,,,MIDDLE ROAD,7.455
middle_road,Middle Road,2852.0,30651.915,30906.222,,,,,,MIDDLE ROAD,7.592
middle_road,Middle Road,2854.0,30650.368,30907.488,,,,,,MIDDLE ROAD,7.729
middle_road,Middle Road,2856.0,30648.82,30908.755,,,,,,MIDDLE ROAD,7.865
middle_road,Middle Road,2858.0,30647.272,30910.021,,,,,,MIDDLE ROAD,8.002
middle_road,Middle Road,2860.0,30645.724,30911.288,,,,,,MIDDLE ROAD,8.139
middle_road,Middle Road,2862.0,30644.176,30912.555,,,,,,MIDDLE ROAD,8.276
middle_road,Middle Road,2864.0,30642.629,30913.821,,,,,,MIDDLE ROAD,8.413
middle_road,Middle Road,2866.0,30641.081,30915.088,,,,,,MIDDLE ROAD,8.55
middle_road,Middle Road,2868.0,30639.533,30916.354,,,,,,MIDDLE ROAD,8.686
middle_road,Middle Road,2870.0,30637.985,30917.621,,,,,,MIDDLE ROAD,8.823
middle_road,Middle Road,2872.0,30636.437,30918.888,,,,,,MIDDLE ROAD,8.96
middle_road,Middle Road,2874.0,30634.889,30920.154,,,,,,MIDDLE ROAD,9.097
middle_road,Middle Road,2876.0,30633.342,30921.421,,,,,,MIDDLE ROAD,9.234
middle_road,Middle Road,2878.0,30631.794,30922.687,,,,,,MIDDLE ROAD,9.371
middle_road,Middle Road,2880.0,30630.246,30923.954,,,,,,MIDDLE ROAD,9.508
middle_road,Middle Road,2882.0,30628.698,30925.221,,,,,,MIDDLE ROAD,9.645
middle_road,Middle Road,2884.0,30627.15,30926.487,,,,,,MIDDLE ROAD,9.781
middle_road,Middle Road,2886.0,30625.603,30927.754,,,,,,MIDDLE ROAD,9.918
middle_road,Middle Road,2888.0,30624.055,30929.02,,,,,,MIDDLE ROAD,10.055
middle_road,Middle Road,2890.0,30622.507,30930.287,,,,,,MIDDLE ROAD,10.192
middle_road,Middle Road,2892.0,30620.959,30931.553,,,,,,MIDDLE ROAD,10.329
middle_road,Middle Road,2894.0,30619.411,30932.82,,,,,,MIDDLE ROAD,10.466
middle_road,Middle Road,2896.0,30617.863,30934.087,,,,,,MIDDLE ROAD,10.603
middle_road,Middle Road,2898.0,30616.316,30935.353,,,,,,MIDDLE ROAD,10.739
middle_road,Middle Road,2900.0,30614.768,30936.62,,,,,,MIDDLE ROAD,10.876
middle_road,Middle Road,2902.0,30613.22,30937.886,,,,,,MIDDLE ROAD,11.013
middle_road,Middle Road,2904.0,30611.672,30939.153,,,,,,MIDDLE ROAD,11.15
middle_road,Middle Road,2906.0,30610.124,30940.42,,,,,,MIDDLE ROAD,11.287
middle_road,Middle Road,2908.0,30608.577,30941.686,,,,,,MIDDLE ROAD,11.424
middle_road,Middle Road,2910.0,30607.029,30942.953,,,,,,MIDDLE ROAD,11.561
middle_road,Middle Road,2912.0,30605.481,30944.219,,,,,,MIDDLE ROAD,11.698
middle_road,Middle Road,2914.0,30603.933,30945.486,,,,,,MIDDLE ROAD,11.834
middle_road,Middle Road,2916.0,30602.385,30946.753,,,,,,MIDDLE ROAD,11.971
middle_road,Middle Road,2918.0,30600.837,30948.019,,,,,,MIDDLE ROAD,12.108
middle_road,Middle Road,2920.0,30599.29,30949.286,,,,,,MIDDLE ROAD,12.245
middle_road,Middle Road,2922.0,30597.742,30950.552,,,,,,MIDDLE ROAD,12.382
middle_road,Middle Road,2924.0,30596.194,30951.819,,,,,,MIDDLE ROAD,12.519
middle_road,Middle Road,2926.0,30594.646,30953.086,,,,,,MIDDLE ROAD,12.656
middle_road,Middle Road,2928.0,30593.098,30954.352,,,,,,MIDDLE ROAD,12.792
middle_road,Middle Road,2930.0,30591.551,30955.619,,,,,,MIDDLE ROAD,12.929
middle_road,Middle Road,2932.0,30590.003,30956.885,,,,,,MIDDLE ROAD,13.066
middle_road,Middle Road,2934.0,30588.455,30958.152,,,,,,MIDDLE ROAD,13.203
middle_road,Middle Road,2936.0,30586.907,30959.419,,,,,,MIDDLE ROAD,13.34
middle_road,Middle Road,2938.0,30585.359,30960.685,,,,,,MIDDLE ROAD,13.477
middle_road,Middle Road,2940.0,30583.812,30961.952,,,,,,MIDDLE ROAD,13.614
middle_road,Middle Road,2942.0,30582.264,30963.218,,,,,,MIDDLE ROAD,13.751
middle_road,Middle Road,2944.0,30580.716,30964.485,,,,,,MIDDLE ROAD,13.887
middle_road,Middle Road,2946.0,30579.168,30965.752,,,,,,MIDDLE ROAD,14.024
middle_road,Middle Road,2948.0,30577.62,30967.018,,,,,,MIDDLE ROAD,14.161
middle_road,Middle Road,2950.0,30576.072,30968.285,,,,,,MIDDLE ROAD,14.298
middle_road,Middle Road,2952.0,30574.525,30969.551,,,,,,MIDDLE ROAD,14.435
middle_road,Middle Road,2954.0,30572.977,30970.818,,,,,,MIDDLE ROAD,14.572
middle_road,Middle Road,2956.0,30571.429,30972.085,,,,,,MIDDLE ROAD,14.709
middle_road,Middle Road,2958.0,30569.881,30973.351,,,,,,MIDDLE ROAD,14.846
middle_road,Middle Road,2992.0,30543.568,30994.883,,,,,,MIDDLE ROAD,17.927
middle_road,Middle Road,2994.0,30542.02,30996.15,,,,,,MIDDLE ROAD,17.884
middle_road,Middle Road,2996.0,30540.473,30997.416,,,,,,MIDDLE ROAD,17.84
middle_road,Middle Road,2998.0,30538.925,30998.683,,,,,,MIDDLE ROAD,17.797
middle_road,Middle Road,3000.0,30537.377,30999.95,,,,,,MIDDLE ROAD,17.754
middle_road,Middle Road,3002.0,30535.829,31001.216,,,,,,MIDDLE ROAD,17.711
middle_road,Middle Road,3004.0,30534.281,31002.483,,,,,,MIDDLE ROAD,17.668
middle_road,Middle Road,3040.0,30506.421,31025.282,,,,,,MIDDLE ROAD,16.891
middle_road,Middle Road,3042.0,30504.873,31026.548,,,,,,MIDDLE ROAD,16.848
middle_road,Middle Road,3044.0,30503.325,31027.815,,,,,,MIDDLE ROAD,16.805
middle_road,Middle Road,3046.0,30501.777,31029.081,,,,,,MIDDLE ROAD,16.761
middle_road,Middle Road,3048.0,30500.229,31030.348,,,,,,MIDDLE ROAD,16.718
middle_road,Middle Road,3050.0,30498.682,31031.615,,,,,,MIDDLE ROAD,16.675
middle_road,Middle Road,3052.0,30497.134,31032.881,,,,,,MIDDLE ROAD,16.632
middle_road,Middle Road,3054.0,30495.586,31034.148,,,,,,MIDDLE ROAD,16.589
middle_road,Middle Road,3056.0,30494.038,31035.414,,,,,,MIDDLE ROAD,16.546
middle_road,Middle Road,3058.0,30492.49,31036.681,,,,,,MIDDLE ROAD,16.503
middle_road,Middle Road,3060.0,30490.943,31037.948,,,,,,MIDDLE ROAD,16.459
middle_road,Middle Road,3062.0,30489.395,31039.214,,,,,,MIDDLE ROAD,16.416
middle_road,Middle Road,3064.0,30487.847,31040.481,,,,,,MIDDLE ROAD,16.373
middle_road,Middle Road,3066.0,30486.299,31041.747,,,,,,MIDDLE ROAD,16.33
middle_road,Middle Road,3068.0,30484.751,31043.014,,,,,,MIDDLE ROAD,16.287
middle_road,Middle Road,3070.0,30483.203,31044.281,,,,,,MIDDLE ROAD,16.244
middle_road,Middle Road,3072.0,30481.656,31045.547,,,,,,MIDDLE ROAD,16.2
middle_road,Middle Road,3074.0,30480.108,31046.814,,,,,,MIDDLE ROAD,16.157
middle_road,Middle Road,3076.0,30478.56,31048.08,,,,,,MIDDLE ROAD,16.114
middle_road,Middle Road,3078.0,30477.012,31049.347,,,,,,MIDDLE ROAD,16.071
middle_road,Middle Road,3080.0,30475.464,31050.613,,,,,,MIDDLE ROAD,16.028
middle_road,Middle Road,3082.0,30473.917,31051.88,,,,,,MIDDLE ROAD,15.985
middle_road,Middle Road,3084.0,30472.369,31053.147,,,,,,MIDDLE ROAD,15.942
middle_road,Middle Road,3086.0,30470.821,31054.413,,,,,,MIDDLE ROAD,15.898
middle_road,Middle Road,3088.0,30469.273,31055.68,,,,,,MIDDLE ROAD,15.855
middle_road,Middle Road,3090.0,30467.725,31056.946,,,,,,MIDDLE ROAD,15.812
middle_road,Middle Road,3092.0,30466.177,31058.213,,,,,,MIDDLE ROAD,15.769
middle_road,Middle Road,3094.0,30464.63,31059.48,,,,,,MIDDLE ROAD,15.726
middle_road,Middle Road,3096.0,30463.082,31060.746,,,,,,MIDDLE ROAD,15.683
middle_road,Middle Road,3098.0,30461.534,31062.013,,,,,,MIDDLE ROAD,15.639
middle_road,Middle Road,3100.0,30459.986,31063.279,,,,,,MIDDLE ROAD,15.596
middle_road,Middle Road,3102.0,30458.438,31064.546,,,,,,MIDDLE ROAD,15.553
middle_road,Middle Road,3104.0,30456.891,31065.813,,,,,,MIDDLE ROAD,15.51
middle_road,Middle Road,3106.0,30455.343,31067.079,,,,,,MIDDLE ROAD,15.467
middle_road,Middle Road,3108.0,30453.795,31068.346,,,,,,MIDDLE ROAD,15.424
middle_road,Middle Road,3110.0,30452.247,31069.612,,,,,,MIDDLE ROAD,15.38
middle_road,Middle Road,3142.0,30427.482,31089.878,,,,,,MIDDLE ROAD,14.105
middle_road,Middle Road,3144.0,30425.934,31091.145,,,,,,MIDDLE ROAD,14.02
middle_road,Middle Road,3146.0,30424.386,31092.411,,,5.653,,,MIDDLE ROAD,13.934
middle_road,Middle Road,3148.0,30422.839,31093.678,,,5.652,,,MIDDLE ROAD,13.849
middle_road,Middle Road,3150.0,30421.291,31094.944,,,5.652,-0.044,1.0,MIDDLE ROAD,13.764
middle_road,Middle Road,3152.0,30419.743,31096.211,,5.651,5.651,-0.012,1.0,MIDDLE ROAD,13.679
middle_road,Middle Road,3154.0,30418.195,31097.478,,5.65,5.65,-0.015,1.0,MIDDLE ROAD,13.594
middle_road,Middle Road,3182.0,30396.526,31115.21,,5.648,5.648,-0.017,1.0,MIDDLE ROAD,12.904
middle_road,Middle Road,3184.0,30394.978,31116.476,,5.647,5.647,-0.017,1.0,MIDDLE ROAD,12.899
middle_road,Middle Road,3186.0,30393.43,31117.743,,5.645,5.645,-0.071,1.0,MIDDLE ROAD,12.894
middle_road,Middle Road,3188.0,30391.882,31119.01,,5.644,5.644,-0.071,1.0,MIDDLE ROAD,12.889
middle_road,Middle Road,3190.0,30390.334,31120.276,,5.643,5.643,-0.071,1.0,MIDDLE ROAD,12.884
middle_road,Middle Road,3192.0,30388.787,31121.543,,5.641,5.641,-0.071,1.0,MIDDLE ROAD,12.879
middle_road,Middle Road,3194.0,30387.239,31122.809,,5.64,5.64,-0.071,1.0,MIDDLE ROAD,12.875
middle_road,Middle Road,3196.0,30385.691,31124.076,,5.638,5.638,-0.071,1.0,MIDDLE ROAD,12.87
middle_road,Middle Road,3198.0,30384.143,31125.343,,5.637,5.637,-0.071,1.0,MIDDLE ROAD,12.865
middle_road,Middle Road,3200.0,30382.595,31126.609,,5.635,5.635,-0.071,1.0,MIDDLE ROAD,12.86
middle_road,Middle Road,3202.0,30381.048,31127.876,,5.634,5.634,-0.071,1.0,MIDDLE ROAD,12.855
middle_road,Middle Road,3204.0,30379.5,31129.142,,5.633,5.633,-0.071,1.0,MIDDLE ROAD,12.85
middle_road,Middle Road,3206.0,30377.952,31130.409,,5.631,5.631,-0.071,1.0,MIDDLE ROAD,12.845
middle_road,Middle Road,3208.0,30376.404,31131.676,,5.63,5.63,-0.071,1.0,MIDDLE ROAD,12.84
middle_road,Middle Road,3210.0,30374.856,31132.942,,5.628,5.628,-0.071,1.0,MIDDLE ROAD,12.835
middle_road,Middle Road,3212.0,30373.309,31134.209,,5.627,5.627,-0.071,1.0,MIDDLE ROAD,12.831
middle_road,Middle Road,3214.0,30371.761,31135.475,,5.626,5.626,-0.071,1.0,MIDDLE ROAD,12.826
middle_road,Middle Road,3216.0,30370.213,31136.742,,5.624,5.624,-0.071,1.0,MIDDLE ROAD,12.821
middle_road,Middle Road,3218.0,30368.665,31138.009,,5.623,5.623,-0.053,1.0,MIDDLE ROAD,12.816
middle_road,Middle Road,3220.0,30367.117,31139.275,,5.621,5.621,-0.035,1.0,MIDDLE ROAD,12.811
middle_road,Middle Road,3222.0,30365.569,31140.542,,5.62,5.621,0.339,1.0,MIDDLE ROAD,12.806
middle_road,Middle Road,3224.0,30364.022,31141.808,5.618,5.618,5.621,0.357,1.0,MIDDLE ROAD,12.801
middle_road,Middle Road,3226.0,30362.474,31143.075,5.65,5.65,5.65,0.357,1.0,MIDDLE ROAD,12.796
middle_road,Middle Road,3228.0,30360.926,31144.342,5.65,5.65,5.65,,,MIDDLE ROAD,12.792
middle_road,Middle Road,3230.0,30359.378,31145.608,5.65,5.65,5.65,,,MIDDLE ROAD,12.787
middle_road,Middle Road,3232.0,30357.83,31146.875,5.996,5.609,5.609,-1.516,1.0,MIDDLE ROAD,12.782
middle_road,Middle Road,3234.0,30356.283,31148.141,5.541,5.569,5.569,-5.266,1.0,MIDDLE ROAD,12.777
middle_road,Middle Road,3236.0,30354.735,31149.408,5.529,5.529,5.529,,,MIDDLE ROAD,12.772
middle_road,Middle Road,3238.0,30353.187,31150.675,5.229,5.229,5.229,,,MIDDLE ROAD,12.767
middle_road,Middle Road,3240.0,30351.639,31151.941,5.016,5.016,5.016,-7.031,1.0,MIDDLE ROAD,12.762
middle_road,Middle Road,3242.0,30350.091,31153.208,4.991,4.991,4.991,-6.875,1.0,MIDDLE ROAD,12.757
middle_road,Middle Road,3244.0,30348.543,31154.474,4.966,4.966,4.966,-5.313,1.0,MIDDLE ROAD,12.752
middle_road,Middle Road,3246.0,30346.996,31155.741,4.679,4.679,4.679,,,MIDDLE ROAD,12.748
middle_road,Middle Road,3248.0,30345.448,31157.008,4.591,4.591,4.591,,,MIDDLE ROAD,12.743
middle_road,Middle Road,3250.0,30343.9,31158.274,3.791,4.502,4.502,-2.211,1.0,MIDDLE ROAD,12.738
middle_road,Middle Road,3252.0,30342.352,31159.541,4.381,4.412,4.502,,,MIDDLE ROAD,12.733
middle_road,Middle Road,3254.0,30340.804,31160.807,4.323,4.323,4.502,,,MIDDLE ROAD,12.728
middle_road,Middle Road,3256.0,30339.257,31162.074,4.331,4.62,4.62,,,MIDDLE ROAD,12.723
middle_road,Middle Road,3258.0,30337.709,31163.341,4.918,4.918,4.62,,,MIDDLE ROAD,12.718
middle_road,Middle Road,3260.0,30336.161,31164.607,6.318,4.636,4.62,,,MIDDLE ROAD,12.713
middle_road,Middle Road,3262.0,30334.613,31165.874,5.749,4.355,4.355,-10.347,2.0,MIDDLE ROAD,12.708
middle_road,Middle Road,3264.0,30333.065,31167.14,4.093,4.074,4.074,,,MIDDLE ROAD,12.704
middle_road,Middle Road,3266.0,30331.517,31168.407,3.793,3.793,3.793,,,MIDDLE ROAD,12.699
middle_road,Middle Road,3268.0,30329.97,31169.673,3.769,3.769,3.793,,,MIDDLE ROAD,12.694
middle_road,Middle Road,3270.0,30328.422,31170.94,3.711,3.711,3.793,-1.018,1.0,MIDDLE ROAD,12.689
middle_road,Middle Road,3272.0,30326.874,31172.207,3.936,3.936,3.769,,,MIDDLE ROAD,12.684
middle_road,Middle Road,3274.0,30325.326,31173.473,3.828,3.828,3.711,,,MIDDLE ROAD,12.679
middle_road,Middle Road,3276.0,30323.778,31174.74,3.358,3.529,3.828,,,MIDDLE ROAD,12.674
middle_road,Middle Road,3278.0,30322.231,31176.006,3.231,3.696,3.828,,,MIDDLE ROAD,12.669
middle_road,Middle Road,3280.0,30320.683,31177.273,3.159,3.864,3.864,,,MIDDLE ROAD,12.664
middle_road,Middle Road,3282.0,30319.135,31178.54,3.939,4.031,4.031,,,MIDDLE ROAD,12.66
middle_road,Middle Road,3284.0,30317.587,31179.806,4.431,4.093,4.031,,,MIDDLE ROAD,12.655
middle_road,Middle Road,3286.0,30316.039,31181.073,4.822,4.155,4.031,,,MIDDLE ROAD,12.65
middle_road,Middle Road,3288.0,30314.491,31182.339,4.418,3.879,3.879,,,MIDDLE ROAD,12.645
middle_road,Middle Road,3290.0,30312.944,31183.606,4.206,3.603,3.603,,,MIDDLE ROAD,12.64
middle_road,Middle Road,3292.0,30311.396,31184.873,3.328,3.328,3.467,,,MIDDLE ROAD,12.635
middle_road,Middle Road,3294.0,30309.848,31186.139,3.87,3.397,3.467,,,MIDDLE ROAD,12.63
middle_road,Middle Road,3320.0,30289.726,31202.605,3.543,3.467,3.467,0.335,1.0,MIDDLE ROAD,12.757
middle_road,Middle Road,3322.0,30288.179,31203.872,3.536,3.536,3.536,,,MIDDLE ROAD,12.78
middle_road,Middle Road,3324.0,30286.631,31205.138,3.574,3.574,3.574,,,MIDDLE ROAD,12.803
middle_road,Middle Road,3326.0,30285.083,31206.405,3.661,3.661,3.661,,,MIDDLE ROAD,12.827
middle_road,Middle Road,3328.0,30283.535,31207.671,4.118,3.905,3.905,,,MIDDLE ROAD,12.85
middle_road,Middle Road,3330.0,30281.987,31208.938,4.818,4.149,4.149,,,MIDDLE ROAD,12.873
middle_road,Middle Road,3332.0,30280.44,31210.205,3.655,4.393,4.393,,,MIDDLE ROAD,12.897
middle_road,Middle Road,3334.0,30278.892,31211.471,5.735,4.637,4.637,,,MIDDLE ROAD,12.92
middle_road,Middle Road,3336.0,30277.344,31212.738,6.139,4.88,4.88,,,MIDDLE ROAD,12.944
middle_road,Middle Road,3338.0,30275.796,31214.004,6.276,5.124,4.968,,,MIDDLE ROAD,12.967
middle_road,Middle Road,3340.0,30274.248,31215.271,5.368,5.046,4.968,,,MIDDLE ROAD,12.99
middle_road,Middle Road,3342.0,30272.7,31216.538,5.556,4.968,4.968,,,MIDDLE ROAD,13.014
middle_road,Middle Road,3344.0,30271.153,31217.804,4.568,4.714,4.714,,,MIDDLE ROAD,13.037
middle_road,Middle Road,3346.0,30269.605,31219.071,4.46,4.46,4.714,,,MIDDLE ROAD,13.06
middle_road,Middle Road,3348.0,30268.057,31220.337,4.693,4.693,4.714,,,MIDDLE ROAD,13.084
middle_road,Middle Road,3350.0,30266.509,31221.604,4.058,4.933,4.933,,,MIDDLE ROAD,13.107
middle_road,Middle Road,3352.0,30264.961,31222.871,3.622,5.174,5.174,,,MIDDLE ROAD,13.131
middle_road,Middle Road,3354.0,30263.414,31224.137,4.398,5.414,5.414,,,MIDDLE ROAD,13.154
middle_road,Middle Road,3356.0,30261.866,31225.404,3.958,5.655,5.655,,,MIDDLE ROAD,13.177
middle_road,Middle Road,3358.0,30260.318,31226.67,3.438,5.896,5.896,,,MIDDLE ROAD,13.201
middle_road,Middle Road,3360.0,30258.77,31227.937,4.398,6.136,6.136,,,MIDDLE ROAD,13.224
middle_road,Middle Road,3362.0,30257.222,31229.203,4.272,6.377,6.377,,,MIDDLE ROAD,13.247
middle_road,Middle Road,3364.0,30255.674,31230.47,6.617,6.617,6.617,,,MIDDLE ROAD,13.271
middle_road,Middle Road,3366.0,30254.127,31231.737,6.657,6.657,6.617,,,MIDDLE ROAD,13.294
middle_road,Middle Road,3368.0,30252.579,31233.003,6.707,6.707,6.617,,,MIDDLE ROAD,13.318
middle_road,Middle Road,3370.0,30251.031,31234.27,6.487,6.487,6.487,,,MIDDLE ROAD,13.341
middle_road,Middle Road,3372.0,30249.483,31235.536,8.535,6.435,6.435,,,MIDDLE ROAD,13.364
middle_road,Middle Road,3374.0,30247.935,31236.803,7.916,6.382,6.382,,,MIDDLE ROAD,13.388
middle_road,Middle Road,3376.0,30246.388,31238.07,5.95,6.33,6.33,,,MIDDLE ROAD,13.411
middle_road,Middle Road,3378.0,30244.84,31239.336,4.505,6.277,6.277,,,MIDDLE ROAD,13.434
middle_road,Middle Road,3380.0,30243.292,31240.603,4.86,6.225,6.225,,,MIDDLE ROAD,13.458
middle_road,Middle Road,3382.0,30241.744,31241.869,4.265,6.172,6.172,,,MIDDLE ROAD,13.481
middle_road,Middle Road,3384.0,30240.196,31243.136,5.505,6.12,6.12,,,MIDDLE ROAD,13.505
middle_road,Middle Road,3386.0,30238.648,31244.403,6.02,6.067,6.067,,,MIDDLE ROAD,13.528
middle_road,Middle Road,3388.0,30237.101,31245.669,3.97,6.014,6.014,,,MIDDLE ROAD,13.551
middle_road,Middle Road,3390.0,30235.553,31246.936,4.84,5.962,5.962,,,MIDDLE ROAD,13.575
middle_road,Middle Road,3392.0,30234.005,31248.202,7.62,5.909,5.909,,,MIDDLE ROAD,13.598
middle_road,Middle Road,3394.0,30232.457,31249.469,10.324,5.857,5.857,,,MIDDLE ROAD,13.621
middle_road,Middle Road,3396.0,30230.909,31250.736,10.07,5.804,5.804,,,MIDDLE ROAD,13.645
middle_road,Middle Road,3398.0,30229.362,31252.002,6.4,5.752,5.752,,,MIDDLE ROAD,13.668
middle_road,Middle Road,3400.0,30227.814,31253.269,5.125,5.699,5.699,,,MIDDLE ROAD,13.692
middle_road,Middle Road,3402.0,30226.266,31254.535,5.265,5.647,5.699,,,MIDDLE ROAD,13.715
middle_road,Middle Road,3404.0,30224.718,31255.802,5.594,5.594,5.647,,,MIDDLE ROAD,13.738
middle_road,Middle Road,3406.0,30223.17,31257.069,5.774,5.774,5.594,,,MIDDLE ROAD,13.762
middle_road,Middle Road,3408.0,30221.623,31258.335,5.754,5.508,5.508,,,MIDDLE ROAD,13.785
middle_road,Middle Road,3410.0,30220.075,31259.602,5.242,5.242,5.242,,,MIDDLE ROAD,13.809
middle_road,Middle Road,3412.0,30218.527,31260.868,4.329,5.188,5.188,,,MIDDLE ROAD,13.832
middle_road,Middle Road,3414.0,30216.979,31262.135,5.029,5.134,5.188,-0.06,1.0,MIDDLE ROAD,13.804
middle_road,Middle Road,3416.0,30215.431,31263.402,5.08,5.08,5.188,,,MIDDLE ROAD,13.416
middle_road,Middle Road,3442.0,30195.31,31279.867,3.42,5.223,5.223,,,MIDDLE ROAD,11.157
middle_road,Middle Road,3444.0,30193.762,31281.134,5.366,5.366,5.366,,,MIDDLE ROAD,11.209
middle_road,Middle Road,3446.0,30192.214,31282.401,5.079,5.617,5.617,,,MIDDLE ROAD,11.261
middle_road,Middle Road,3448.0,30190.666,31283.667,5.444,5.911,5.911,,,MIDDLE ROAD,11.314
middle_road,Middle Road,3450.0,30189.118,31284.934,6.12,6.204,6.204,,,MIDDLE ROAD,11.366
middle_road,Middle Road,3452.0,30187.571,31286.2,6.796,6.493,6.493,,,MIDDLE ROAD,11.419
middle_road,Middle Road,3454.0,30186.023,31287.467,7.487,6.781,6.781,,,MIDDLE ROAD,11.471
middle_road,Middle Road,3456.0,30184.475,31288.733,6.162,7.069,7.069,,,MIDDLE ROAD,11.524
middle_road,Middle Road,3458.0,30182.927,31290.0,6.202,7.357,7.357,,,MIDDLE ROAD,11.576
middle_road,Middle Road,3460.0,30181.379,31291.267,7.806,7.646,7.646,,,MIDDLE ROAD,11.629
middle_road,Middle Road,3462.0,30179.831,31292.533,5.496,7.934,7.934,,,MIDDLE ROAD,11.681
middle_road,Middle Road,3464.0,30178.284,31293.8,9.62,8.222,8.222,,,MIDDLE ROAD,11.734
middle_road,Middle Road,3466.0,30176.736,31295.066,9.249,8.51,8.51,,,MIDDLE ROAD,11.786
middle_road,Middle Road,3468.0,30175.188,31296.333,8.849,8.799,8.64,,,MIDDLE ROAD,11.839
middle_road,Middle Road,3470.0,30173.64,31297.6,6.117,8.814,8.64,,,MIDDLE ROAD,11.891
middle_road,Middle Road,3472.0,30172.092,31298.866,6.585,8.64,8.64,,,MIDDLE ROAD,11.944
middle_road,Middle Road,3474.0,30170.545,31300.133,11.039,8.466,8.466,,,MIDDLE ROAD,11.996
middle_road,Middle Road,3476.0,30168.997,31301.399,8.71,8.171,8.171,,,MIDDLE ROAD,12.049
middle_road,Middle Road,3478.0,30167.449,31302.666,7.747,7.876,7.876,,,MIDDLE ROAD,12.101
middle_road,Middle Road,3480.0,30165.901,31303.933,7.528,7.581,7.581,,,MIDDLE ROAD,12.154
middle_road,Middle Road,3482.0,30164.353,31305.199,7.286,7.286,7.37,,,MIDDLE ROAD,12.206
middle_road,Middle Road,3484.0,30162.806,31306.466,7.875,7.328,7.37,,,MIDDLE ROAD,12.259
middle_road,Middle Road,3486.0,30161.258,31307.732,7.02,7.37,7.37,,,MIDDLE ROAD,12.311
middle_road,Middle Road,3488.0,30159.71,31308.999,6.561,7.412,7.412,,,MIDDLE ROAD,12.363
middle_road,Middle Road,3490.0,30160.834,31308.223,6.206,7.454,7.454,,,MIDDLE ROAD,12.216
middle_road,Middle Road,3492.0,30162.463,31307.062,7.071,7.496,7.496,,,MIDDLE ROAD,12.031
middle_road,Middle Road,3494.0,30164.091,31305.901,7.476,7.538,7.538,,,MIDDLE ROAD,11.846
middle_road,Middle Road,3496.0,30165.72,31304.739,7.285,7.58,7.538,,,MIDDLE ROAD,11.661
middle_road,Middle Road,3498.0,30167.348,31303.578,7.622,7.622,7.538,,,MIDDLE ROAD,11.477
middle_road,Middle Road,3500.0,30168.976,31302.417,8.487,7.416,7.416,,,MIDDLE ROAD,11.292
middle_road,Middle Road,3502.0,30170.605,31301.256,8.882,7.21,7.21,,,MIDDLE ROAD,11.107
middle_road,Middle Road,3504.0,30172.233,31300.095,7.523,7.004,7.004,,,MIDDLE ROAD,10.922
middle_road,Middle Road,3506.0,30173.861,31298.934,6.247,6.798,6.798,,,MIDDLE ROAD,10.737
middle_road,Middle Road,3508.0,30175.49,31297.772,5.209,6.592,6.592,,,MIDDLE ROAD,10.552
middle_road,Middle Road,3510.0,30177.118,31296.611,6.217,6.386,6.592,,,MIDDLE ROAD,10.367
middle_road,Middle Road,3512.0,30178.747,31295.45,3.506,6.508,6.592,,,MIDDLE ROAD,10.182
middle_road,Middle Road,3514.0,30180.375,31294.289,6.143,6.63,6.63,,,MIDDLE ROAD,9.997
middle_road,Middle Road,3516.0,30182.003,31293.128,9.221,6.71,6.63,,,MIDDLE ROAD,9.812
middle_road,Middle Road,3518.0,30183.632,31291.966,8.018,6.79,6.63,,,MIDDLE ROAD,9.627
middle_road,Middle Road,3520.0,30185.245,31290.786,8.484,6.5,6.5,,,MIDDLE ROAD,9.467
middle_road,Middle Road,3522.0,30186.793,31289.519,7.245,6.189,6.189,,,MIDDLE ROAD,9.414
middle_road,Middle Road,3524.0,30188.341,31288.253,7.012,5.878,5.878,,,MIDDLE ROAD,9.362
middle_road,Middle Road,3526.0,30189.889,31286.986,5.071,5.581,5.581,,,MIDDLE ROAD,9.309
middle_road,Middle Road,3528.0,30191.437,31285.719,7.513,5.283,5.283,,,MIDDLE ROAD,9.257
middle_road,Middle Road,3530.0,30192.984,31284.453,5.048,4.986,4.986,,,MIDDLE ROAD,9.205
middle_road,Middle Road,3532.0,30194.532,31283.186,5.101,,4.688,,,MIDDLE ROAD,9.152
middle_road,Middle Road,3534.0,30196.08,31281.92,3.811,4.39,4.39,,,MIDDLE ROAD,9.1
middle_road,Middle Road,3536.0,30197.628,31280.653,3.906,4.093,4.093,,,MIDDLE ROAD,9.047
middle_road,Middle Road,3558.0,30214.654,31266.72,3.537,3.795,3.795,,,MIDDLE ROAD,10.854
middle_road,Middle Road,3560.0,30216.201,31265.453,3.498,3.498,3.498,,,MIDDLE ROAD,11.243
middle_road,Middle Road,3562.0,30217.749,31264.187,3.102,3.489,3.489,,,MIDDLE ROAD,11.632
middle_road,Middle Road,3564.0,30219.331,31262.968,3.108,3.479,3.479,,,MIDDLE ROAD,11.706
middle_road,Middle Road,3566.0,30221.031,31261.914,3.47,3.47,3.479,,,MIDDLE ROAD,11.422
middle_road,Middle Road,3568.0,30222.731,31260.86,3.796,3.479,3.479,,,MIDDLE ROAD,11.138
middle_road,Middle Road,3570.0,30224.43,31259.806,4.279,3.488,3.488,,,MIDDLE ROAD,10.854
middle_road,Middle Road,3572.0,30226.13,31258.752,3.472,3.496,3.496,,,MIDDLE ROAD,10.57
middle_road,Middle Road,3574.0,30227.83,31257.698,3.114,3.505,3.505,,,MIDDLE ROAD,10.286
middle_road,Middle Road,3576.0,30229.521,31256.633,2.775,3.514,3.514,,,MIDDLE ROAD,10.017
middle_road,Middle Road,3578.0,30231.051,31255.344,4.975,3.523,3.523,,,MIDDLE ROAD,10.022
middle_road,Middle Road,3580.0,30232.581,31254.056,3.74,3.531,3.531,,,MIDDLE ROAD,10.026
middle_road,Middle Road,3582.0,30234.153,31252.822,3.54,3.54,3.54,,,MIDDLE ROAD,9.963
middle_road,Middle Road,3584.0,30235.776,31251.654,3.625,3.764,3.764,,,MIDDLE ROAD,9.815
middle_road,Middle Road,3586.0,30237.4,31250.487,4.33,4.037,4.037,,,MIDDLE ROAD,9.666
middle_road,Middle Road,3588.0,30239.024,31249.32,6.09,4.31,4.31,,,MIDDLE ROAD,9.518
middle_road,Middle Road,3590.0,30240.648,31248.152,3.39,4.57,4.57,,,MIDDLE ROAD,9.37
middle_road,Middle Road,3592.0,30242.272,31246.985,2.81,4.829,4.829,,,MIDDLE ROAD,9.221
middle_road,Middle Road,3594.0,30243.896,31245.817,6.21,5.088,5.088,,,MIDDLE ROAD,9.073
middle_road,Middle Road,3596.0,30245.52,31244.649,4.804,5.348,5.348,,,MIDDLE ROAD,8.925
middle_road,Middle Road,3598.0,30247.143,31243.481,5.275,5.607,5.607,,,MIDDLE ROAD,8.779
middle_road,Middle Road,3600.0,30248.766,31242.312,7.997,5.867,5.867,,,MIDDLE ROAD,8.632
middle_road,Middle Road,3602.0,30250.389,31241.143,7.035,6.126,6.126,,,MIDDLE ROAD,8.485
middle_road,Middle Road,3604.0,30252.012,31239.975,7.247,6.385,6.385,,,MIDDLE ROAD,8.338
middle_road,Middle Road,3606.0,30253.602,31238.762,7.216,6.645,6.385,,,MIDDLE ROAD,8.246
middle_road,Middle Road,3608.0,30255.173,31237.524,5.712,6.396,6.385,,,MIDDLE ROAD,8.186
middle_road,Middle Road,3610.0,30256.743,31236.286,7.752,6.148,6.148,,,MIDDLE ROAD,8.126
middle_road,Middle Road,3612.0,30258.194,31234.925,7.612,5.899,5.899,,,MIDDLE ROAD,8.238
middle_road,Middle Road,3614.0,30259.476,31233.389,5.577,5.651,5.651,,,MIDDLE ROAD,8.592
middle_road,Middle Road,3616.0,30260.757,31231.854,8.732,5.402,5.402,,,MIDDLE ROAD,8.946
middle_road,Middle Road,3618.0,30262.038,31230.318,5.227,5.227,5.227,,,MIDDLE ROAD,9.3
middle_road,Middle Road,3620.0,30263.32,31228.783,3.893,5.177,5.177,,,MIDDLE ROAD,9.654
middle_road,Middle Road,3622.0,30264.601,31227.247,3.533,5.127,5.127,,,MIDDLE ROAD,10.008
middle_road,Middle Road,3624.0,30265.883,31225.711,4.478,5.077,5.077,,,MIDDLE ROAD,10.362
middle_road,Middle Road,3626.0,30267.164,31224.176,3.504,5.027,5.027,,,MIDDLE ROAD,10.716
middle_road,Middle Road,3628.0,30268.445,31222.64,4.278,4.977,4.977,,,MIDDLE ROAD,11.07
middle_road,Middle Road,3630.0,30269.727,31221.104,4.274,4.926,4.977,,,MIDDLE ROAD,11.423
middle_road,Middle Road,3632.0,30271.008,31219.569,4.876,4.876,4.977,,,MIDDLE ROAD,11.777
middle_road,Middle Road,3634.0,30272.289,31218.033,6.218,5.14,5.14,,,MIDDLE ROAD,12.131
middle_road,Middle Road,3636.0,30273.571,31216.498,5.61,5.403,5.403,,,MIDDLE ROAD,12.485
middle_road,Middle Road,3638.0,30274.852,31214.962,5.139,5.666,5.666,,,MIDDLE ROAD,12.839
middle_road,Middle Road,3640.0,30276.133,31213.426,6.185,5.93,5.716,,,MIDDLE ROAD,13.193
middle_road,Middle Road,3642.0,30277.415,31211.891,6.193,5.716,5.882,,,MIDDLE ROAD,13.547
middle_road,Middle Road,3644.0,30278.746,31210.401,6.851,5.882,5.911,,,MIDDLE ROAD,13.834
middle_road,Middle Road,3646.0,30280.164,31208.991,7.004,6.048,5.882,,,MIDDLE ROAD,14.004
middle_road,Middle Road,3648.0,30281.583,31207.581,4.143,5.911,5.882,,,MIDDLE ROAD,14.174
middle_road,Middle Road,3650.0,30283.001,31206.171,3.43,5.773,5.773,,,MIDDLE ROAD,14.344
middle_road,Middle Road,3652.0,30284.419,31204.761,3.43,5.636,5.636,,,MIDDLE ROAD,14.513
middle_road,Middle Road,3654.0,30285.838,31203.351,3.561,5.499,5.499,,,MIDDLE ROAD,14.683
middle_road,Middle Road,3690.0,30311.369,31177.97,8.777,5.361,5.361,,,MIDDLE ROAD,18.005
middle_road,Middle Road,3692.0,30312.787,31176.56,8.731,5.224,5.224,,,MIDDLE ROAD,18.203
middle_road,Middle Road,3694.0,30314.205,31175.15,8.95,5.087,5.087,,,MIDDLE ROAD,18.401
middle_road,Middle Road,3696.0,30315.624,31173.74,7.534,4.949,4.949,,,MIDDLE ROAD,18.598
middle_road,Middle Road,3698.0,30317.042,31172.33,4.784,4.812,4.949,,,MIDDLE ROAD,18.796
middle_road,Middle Road,3700.0,30318.461,31170.92,4.459,4.938,4.949,,,MIDDLE ROAD,18.994
middle_road,Middle Road,3702.0,30319.879,31169.51,4.565,5.157,5.157,,,MIDDLE ROAD,19.192
middle_road,Middle Road,3704.0,30321.297,31168.1,4.634,5.376,5.376,,,MIDDLE ROAD,19.39
middle_road,Middle Road,3706.0,30322.716,31166.69,4.665,5.629,5.629,,,MIDDLE ROAD,19.588
middle_road,Middle Road,3708.0,30324.134,31165.28,6.234,5.882,5.882,,,MIDDLE ROAD,19.786
middle_road,Middle Road,3710.0,30325.553,31163.87,6.769,6.135,6.135,,,MIDDLE ROAD,19.983
middle_road,Middle Road,3712.0,30326.971,31162.46,14.003,6.388,6.388,,,MIDDLE ROAD,20.181
middle_road,Middle Road,3714.0,30328.389,31161.05,15.036,6.465,6.465,,,MIDDLE ROAD,20.379
middle_road,Middle Road,3716.0,30329.808,31159.64,9.636,6.541,6.541,,,MIDDLE ROAD,20.577
middle_road,Middle Road,3718.0,30331.226,31158.23,13.036,6.618,6.618,,,MIDDLE ROAD,20.775
middle_road,Middle Road,3720.0,30332.644,31156.82,14.091,6.695,6.695,,,MIDDLE ROAD,20.973
middle_road,Middle Road,3722.0,30334.063,31155.41,8.835,6.772,6.772,,,MIDDLE ROAD,21.17
middle_road,Middle Road,3724.0,30335.481,31154.0,7.741,6.849,6.849,,,MIDDLE ROAD,21.368
middle_road,Middle Road,3726.0,30336.9,31152.589,6.947,7.446,7.446,,,MIDDLE ROAD,21.566
middle_road,Middle Road,3728.0,30338.318,31151.179,7.003,8.042,8.042,,,MIDDLE ROAD,21.764
middle_road,Middle Road,3730.0,30339.736,31149.769,6.119,8.639,8.639,,,MIDDLE ROAD,21.962
middle_road,Middle Road,3732.0,30341.155,31148.359,10.386,9.852,9.852,,,MIDDLE ROAD,22.16
middle_road,Middle Road,3734.0,30342.573,31146.949,7.619,11.065,11.065,,,MIDDLE ROAD,22.357
middle_road,Middle Road,3736.0,30343.992,31145.539,9.569,12.279,12.279,,,MIDDLE ROAD,22.555
middle_road,Middle Road,3738.0,30345.41,31144.129,9.986,13.492,13.492,,,MIDDLE ROAD,22.753
middle_road,Middle Road,3740.0,30346.828,31142.719,11.819,14.857,14.857,,,MIDDLE ROAD,22.951
middle_road,Middle Road,3742.0,30348.247,31141.309,11.511,16.222,16.222,,,MIDDLE ROAD,23.149
middle_road,Middle Road,3744.0,30349.665,31139.899,10.911,17.587,17.587,,,MIDDLE ROAD,23.347
middle_road,Middle Road,3746.0,30351.083,31138.489,15.703,19.578,19.578,,,MIDDLE ROAD,23.544
middle_road,Middle Road,3748.0,30352.502,31137.079,16.619,21.569,21.569,,,MIDDLE ROAD,23.742
middle_road,Middle Road,3750.0,30353.92,31135.669,16.511,23.559,23.559,,,MIDDLE ROAD,23.94
middle_road,Middle Road,3752.0,30355.339,31134.259,16.553,,24.555,,,MIDDLE ROAD,24.138
middle_road,Middle Road,3754.0,30356.757,31132.849,24.753,,26.546,,,MIDDLE ROAD,24.336
middle_road,Middle Road,3756.0,30358.175,31131.439,24.769,,29.532,,,MIDDLE ROAD,24.534
middle_road,Middle Road,3758.0,30359.594,31130.029,33.503,,32.519,,,MIDDLE ROAD,24.731
middle_road,Middle Road,3760.0,30361.012,31128.619,31.553,,34.51,,,MIDDLE ROAD,24.929
middle_road,Middle Road,3762.0,30362.431,31127.209,39.319,35.505,35.505,,,MIDDLE ROAD,25.127
middle_road,Middle Road,3764.0,30363.849,31125.799,38.053,37.496,37.496,,,MIDDLE ROAD,25.325
middle_road,Middle Road,3766.0,30365.267,31124.389,38.053,39.487,39.487,,,MIDDLE ROAD,25.523
middle_road,Middle Road,3768.0,30366.686,31122.979,41.478,41.478,40.937,,,MIDDLE ROAD,25.721
middle_road,Middle Road,3770.0,30368.104,31121.569,42.244,41.207,40.937,,,MIDDLE ROAD,25.918
middle_road,Middle Road,3772.0,30369.523,31120.159,43.728,40.937,40.937,,,MIDDLE ROAD,26.116
middle_road,Middle Road,3774.0,30370.941,31118.749,40.666,40.666,40.666,,,MIDDLE ROAD,26.314
middle_road,Middle Road,3776.0,30372.359,31117.339,40.691,40.424,40.424,-11.819,2.0,MIDDLE ROAD,26.512
middle_road,Middle Road,3778.0,30373.778,31115.929,43.641,40.183,40.183,-9.062,2.0,MIDDLE ROAD,26.71
middle_road,Middle Road,3780.0,30375.196,31114.519,39.941,39.941,39.991,,,MIDDLE ROAD,26.908
middle_road,Middle Road,3782.0,30376.614,31113.109,39.991,39.991,39.941,,,MIDDLE ROAD,27.105
middle_road,Middle Road,3994.0,30458.488,31053.029,,39.812,39.812,-0.247,1.0,MIDDLE ROAD,24.591
middle_road,Middle Road,3996.0,30457.495,31054.765,,39.632,39.632,-0.306,1.0,MIDDLE ROAD,23.836
middle_road,Middle Road,3998.0,30456.503,31056.502,,39.453,39.453,-8.97,2.0,MIDDLE ROAD,23.08
middle_road,Middle Road,4000.0,30455.511,31058.238,,39.273,39.273,-8.97,2.0,MIDDLE ROAD,22.324
middle_road,Middle Road,4002.0,30454.519,31059.975,,39.094,39.094,-8.97,2.0,MIDDLE ROAD,21.569
middle_road,Middle Road,4004.0,30453.527,31061.711,,38.915,38.915,,,MIDDLE ROAD,20.813
middle_road,Middle Road,4006.0,30452.534,31063.448,,38.735,38.735,,,MIDDLE ROAD,20.057
middle_road,Middle Road,4038.0,30436.659,31091.233,,38.556,38.556,,,MIDDLE ROAD,7.517
middle_road,Middle Road,4040.0,30435.667,31092.969,,38.376,38.376,,,MIDDLE ROAD,6.722
middle_road,Middle Road,4042.0,30434.675,31094.706,,38.197,38.197,-8.97,2.0,MIDDLE ROAD,5.928
middle_road,Middle Road,4044.0,30433.683,31096.442,,38.018,38.018,-8.97,2.0,MIDDLE ROAD,5.133
middle_road,Middle Road,4046.0,30432.691,31098.179,,37.838,37.838,-8.97,2.0,MIDDLE ROAD,4.339
middle_road,Middle Road,4048.0,30431.699,31099.915,,37.659,37.659,-8.97,2.0,MIDDLE ROAD,3.544
middle_road,Middle Road,4050.0,30430.706,31101.652,,37.479,37.479,-8.97,2.0,MIDDLE ROAD,2.75
middle_road,Middle Road,4052.0,30429.714,31103.388,,37.3,37.3,-8.97,2.0,MIDDLE ROAD,1.955
middle_road,Middle Road,4054.0,30428.722,31105.125,,37.121,37.121,-8.97,2.0,MIDDLE ROAD,1.161
middle_road,Middle Road,4056.0,30427.73,31106.861,,36.941,36.941,-8.97,2.0,MIDDLE ROAD,0.366
middle_road,Middle Road,4058.0,30426.738,31108.598,,36.762,36.762,-8.97,2.0,MIDDLE ROAD,0.428
middle_road,Middle Road,4060.0,30425.745,31110.335,,36.582,36.582,-8.97,2.0,MIDDLE ROAD,1.223
middle_road,Middle Road,4062.0,30424.753,31112.071,,36.403,36.403,-8.97,2.0,MIDDLE ROAD,2.017
middle_road,Middle Road,4064.0,30424.249,31113.667,,36.224,36.224,-8.97,2.0,MIDDLE ROAD,2.992
middle_road,Middle Road,4066.0,30426.012,31114.611,,36.044,36.044,-7.849,1.0,MIDDLE ROAD,4.805
middle_road,Middle Road,4068.0,30427.776,31115.555,,35.865,35.865,-6.728,1.0,MIDDLE ROAD,6.618
middle_road,Middle Road,4070.0,30429.539,31116.5,,,35.775,-5.606,1.0,MIDDLE ROAD,8.431
middle_road,Middle Road,4072.0,30431.302,31117.444,,,35.685,,,MIDDLE ROAD,10.244
middle_road,Middle Road,4074.0,30433.065,31118.388,,,35.596,,,MIDDLE ROAD,12.056
middle_road,Middle Road,4076.0,30434.828,31119.332,,,,,,MIDDLE ROAD,13.869
middle_road,Middle Road,4078.0,30436.591,31120.276,,,,,,MIDDLE ROAD,15.682
middle_road,Middle Road,4386.0,30476.794,31099.756,,,,,,MIDDLE ROAD,23.486
middle_road,Middle Road,4388.0,30477.769,31098.01,,,,,,MIDDLE ROAD,22.712
middle_road,Middle Road,4390.0,30478.744,31096.264,,,,,,MIDDLE ROAD,21.939
middle_road,Middle Road,4392.0,30479.719,31094.518,,,,,,MIDDLE ROAD,21.165
middle_road,Middle Road,4394.0,30480.694,31092.771,,,,,,MIDDLE ROAD,20.391
middle_road,Middle Road,4396.0,30481.669,31091.025,,,,,,MIDDLE ROAD,19.617
middle_road,Middle Road,4398.0,30482.644,31089.279,,,,,,MIDDLE ROAD,18.843
middle_road,Middle Road,4400.0,30483.619,31087.533,,,,,,MIDDLE ROAD,18.069
middle_road,Middle Road,4402.0,30484.594,31085.786,,,,,,MIDDLE ROAD,17.295
middle_road,Middle Road,4404.0,30485.569,31084.04,,,,,,MIDDLE ROAD,16.521
middle_road,Middle Road,4406.0,30486.544,31082.294,,,,,,MIDDLE ROAD,15.747
middle_road,Middle Road,4408.0,30487.519,31080.548,,,,,,MIDDLE ROAD,14.973
middle_road,Middle Road,4410.0,30488.494,31078.801,,,,,,MIDDLE ROAD,14.199
middle_road,Middle Road,4412.0,30489.469,31077.055,,,,,,MIDDLE ROAD,13.425
middle_road,Middle Road,4414.0,30490.444,31075.309,,,,,,MIDDLE ROAD,12.652
middle_road,Middle Road,4416.0,30491.419,31073.563,,,,,,MIDDLE ROAD,11.878
middle_road,Middle Road,4418.0,30492.394,31071.817,,,,,,MIDDLE ROAD,11.104
middle_road,Middle Road,4420.0,30493.369,31070.07,,,,,,MIDDLE ROAD,10.33
middle_road,Middle Road,4422.0,30494.344,31068.324,,,,,,MIDDLE ROAD,9.556
middle_road,Middle Road,4424.0,30495.319,31066.578,,,,,,MIDDLE ROAD,8.782
middle_road,Middle Road,4426.0,30496.294,31064.832,,,,,,MIDDLE ROAD,8.008
middle_road,Middle Road,4428.0,30497.269,31063.085,,,,,,MIDDLE ROAD,7.234
middle_road,Middle Road,4430.0,30498.244,31061.339,,,,,,MIDDLE ROAD,6.46
middle_road,Middle Road,4432.0,30499.219,31059.593,,,,,,MIDDLE ROAD,5.686
middle_road,Middle Road,4434.0,30500.194,31057.847,,,,,,MIDDLE ROAD,4.912
middle_road,Middle Road,4436.0,30501.169,31056.1,,,,,,MIDDLE ROAD,4.139
middle_road,Middle Road,4438.0,30502.144,31054.354,,,,,,MIDDLE ROAD,3.365
middle_road,Middle Road,4440.0,30503.12,31052.608,,,,,,MIDDLE ROAD,2.591
middle_road,Middle Road,4442.0,30504.095,31050.862,,,,,,MIDDLE ROAD,1.817
middle_road,Middle Road,4444.0,30505.07,31049.116,,,,,,MIDDLE ROAD,1.043
middle_road,Middle Road,4446.0,30506.045,31047.369,,,,,,MIDDLE ROAD,0.269
middle_road,Middle Road,4448.0,30507.02,31045.623,,,,,,MIDDLE ROAD,0.505
middle_road,Middle Road,4450.0,30507.995,31043.877,,,,,,MIDDLE ROAD,1.279
middle_road,Middle Road,4452.0,30508.97,31042.131,,,,,,MIDDLE ROAD,2.053
middle_road,Middle Road,4454.0,30509.945,31040.384,,,,,,MIDDLE ROAD,2.827
middle_road,Middle Road,4456.0,30510.92,31038.638,,,,,,MIDDLE ROAD,3.601
middle_road,Middle Road,4458.0,30511.895,31036.892,,,,,,MIDDLE ROAD,4.375
middle_road,Middle Road,4460.0,30512.87,31035.146,,,,,,MIDDLE ROAD,5.148
middle_road,Middle Road,4462.0,30513.845,31033.4,,,,,,MIDDLE ROAD,5.922
middle_road,Middle Road,4464.0,30514.82,31031.653,,,,,,MIDDLE ROAD,6.696
middle_road,Middle Road,4466.0,30515.795,31029.907,,,,,,MIDDLE ROAD,7.47
middle_road,Middle Road,4468.0,30516.77,31028.161,,,,,,MIDDLE ROAD,8.244
middle_road,Middle Road,4506.0,30535.295,30994.982,,,,,,MIDDLE ROAD,22.948
middle_road,Middle Road,4508.0,30536.27,30993.236,,,,,,MIDDLE ROAD,23.722
middle_road,Middle Road,4600.0,30514.623,31026.105,,,,,,MIDDLE ROAD,11.186
middle_road,Middle Road,4602.0,30513.572,31027.807,,,,,,MIDDLE ROAD,10.494
middle_road,Middle Road,4604.0,30512.522,31029.509,,,,,,MIDDLE ROAD,9.802
middle_road,Middle Road,4606.0,30511.471,31031.21,,,,,,MIDDLE ROAD,9.109
middle_road,Middle Road,4608.0,30510.421,31032.912,,,,,,MIDDLE ROAD,8.417
middle_road,Middle Road,4610.0,30509.37,31034.614,,,,,,MIDDLE ROAD,7.724
middle_road,Middle Road,4612.0,30508.319,31036.316,,,,,,MIDDLE ROAD,7.032
middle_road,Middle Road,4614.0,30507.269,31038.018,,,,,,MIDDLE ROAD,6.34
middle_road,Middle Road,4616.0,30506.218,31039.72,,,,,,MIDDLE ROAD,5.647
middle_road,Middle Road,4618.0,30505.168,31041.421,,,,,,MIDDLE ROAD,4.955
middle_road,Middle Road,4620.0,30504.117,31043.123,,,,,,MIDDLE ROAD,4.263
middle_road,Middle Road,4622.0,30503.066,31044.825,,,,,,MIDDLE ROAD,3.57
middle_road,Middle Road,4624.0,30502.016,31046.527,,,,,,MIDDLE ROAD,2.878
middle_road,Middle Road,4626.0,30500.965,31048.229,,,,,,MIDDLE ROAD,2.186
middle_road,Middle Road,4628.0,30499.915,31049.931,,,,,,MIDDLE ROAD,1.493
middle_road,Middle Road,4630.0,30498.864,31051.632,,,,,,MIDDLE ROAD,0.801
middle_road,Middle Road,4632.0,30497.813,31053.334,,,,,,MIDDLE ROAD,0.108
middle_road,Middle Road,4634.0,30496.763,31055.036,,,,,,MIDDLE ROAD,0.584
middle_road,Middle Road,4636.0,30495.712,31056.738,,,,,,MIDDLE ROAD,1.276
middle_road,Middle Road,4638.0,30494.662,31058.44,,,,,,MIDDLE ROAD,1.969
middle_road,Middle Road,4640.0,30493.611,31060.142,,,,,,MIDDLE ROAD,2.661
middle_road,Middle Road,4642.0,30492.56,31061.843,,,,,,MIDDLE ROAD,3.353
middle_road,Middle Road,4644.0,30491.51,31063.545,,,,,,MIDDLE ROAD,4.046
middle_road,Middle Road,4646.0,30490.459,31065.247,,,,,,MIDDLE ROAD,4.738
middle_road,Middle Road,4648.0,30489.409,31066.949,,,,,,MIDDLE ROAD,5.43
middle_road,Middle Road,4650.0,30488.358,31068.651,,,,,,MIDDLE ROAD,6.123
middle_road,Middle Road,4652.0,30487.307,31070.353,,,,,,MIDDLE ROAD,6.815
middle_road,Middle Road,4654.0,30486.257,31072.054,,,,,,MIDDLE ROAD,7.508
middle_road,Middle Road,4656.0,30485.206,31073.756,,,,,,MIDDLE ROAD,8.2
middle_road,Middle Road,4658.0,30484.156,31075.458,,,,,,MIDDLE ROAD,8.892
middle_road,Middle Road,4660.0,30483.105,31077.16,,,,,,MIDDLE ROAD,9.585
middle_road,Middle Road,4662.0,30482.054,31078.862,,,,,,MIDDLE ROAD,10.277
middle_road,Middle Road,4664.0,30481.004,31080.564,,,20.884,,,MIDDLE ROAD,10.969
middle_road,Middle Road,4666.0,30479.953,31082.265,,,20.795,,,MIDDLE ROAD,11.662
middle_road,Middle Road,4668.0,30478.902,31083.967,,,20.705,-5.606,1.0,MIDDLE ROAD,12.354
middle_road,Middle Road,4670.0,30477.852,31085.669,,20.615,20.615,-6.728,1.0,MIDDLE ROAD,13.047
middle_road,Middle Road,4672.0,30476.801,31087.371,,20.436,20.436,-7.849,1.0,MIDDLE ROAD,13.739
middle_road,Middle Road,4674.0,30475.751,31089.073,,20.256,20.256,-8.97,2.0,MIDDLE ROAD,14.431
middle_road,Middle Road,4676.0,30474.7,31090.775,,20.077,20.077,-8.97,2.0,MIDDLE ROAD,15.124
middle_road,Middle Road,4678.0,30473.649,31092.476,,19.897,19.897,-8.97,2.0,MIDDLE ROAD,15.816
middle_road,Middle Road,4680.0,30472.599,31094.178,,19.718,19.718,-8.97,2.0,MIDDLE ROAD,16.508
middle_road,Middle Road,4682.0,30471.548,31095.88,,19.539,19.539,,,MIDDLE ROAD,17.201
middle_road,Middle Road,4684.0,30470.498,31097.582,,19.359,19.359,,,MIDDLE ROAD,17.893
middle_road,Middle Road,4928.0,30407.496,31162.367,,19.18,19.18,,,MIDDLE ROAD,30.591
middle_road,Middle Road,4930.0,30405.51,31162.601,,19.0,19.0,,,MIDDLE ROAD,29.518
middle_road,Middle Road,4932.0,30403.524,31162.834,,18.821,18.821,-8.97,2.0,MIDDLE ROAD,28.445
middle_road,Middle Road,4934.0,30401.537,31163.067,,18.642,18.642,-8.97,2.0,MIDDLE ROAD,27.372
middle_road,Middle Road,4936.0,30399.551,31163.301,,18.462,18.462,-8.97,2.0,MIDDLE ROAD,26.298
middle_road,Middle Road,4938.0,30397.565,31163.534,,18.283,18.283,-8.97,2.0,MIDDLE ROAD,25.225
middle_road,Middle Road,4940.0,30395.578,31163.767,,18.103,18.103,-8.97,2.0,MIDDLE ROAD,24.152
middle_road,Middle Road,4942.0,30393.592,31164.001,,17.924,17.924,-8.97,2.0,MIDDLE ROAD,23.079
middle_road,Middle Road,4944.0,30391.605,31164.234,,17.745,17.745,-8.97,2.0,MIDDLE ROAD,22.005
middle_road,Middle Road,4946.0,30389.619,31164.468,,17.565,17.565,-8.97,2.0,MIDDLE ROAD,20.932
middle_road,Middle Road,4948.0,30387.633,31164.701,,17.386,17.386,-8.97,2.0,MIDDLE ROAD,19.859
middle_road,Middle Road,4950.0,30385.646,31164.934,,17.206,17.206,-8.97,2.0,MIDDLE ROAD,18.786
middle_road,Middle Road,4952.0,30383.66,31165.168,,17.027,17.027,,,MIDDLE ROAD,17.713
middle_road,Middle Road,4954.0,30381.674,31165.401,,16.848,16.848,,,MIDDLE ROAD,16.64
middle_road,Middle Road,4956.0,30379.687,31165.635,,16.572,16.572,,,MIDDLE ROAD,15.566
middle_road,Middle Road,4958.0,30377.701,31165.868,16.489,16.297,16.297,,,MIDDLE ROAD,14.493
middle_road,Middle Road,4960.0,30375.715,31166.101,16.514,15.073,15.073,,,MIDDLE ROAD,13.42
middle_road,Middle Road,4962.0,30373.728,31166.335,15.364,13.849,13.849,,,MIDDLE ROAD,12.347
middle_road,Middle Road,4964.0,30372.275,31167.642,15.364,12.626,12.626,,,MIDDLE ROAD,12.442
middle_road,Middle Road,4966.0,30370.887,31169.082,13.914,,11.402,,,MIDDLE ROAD,12.683
middle_road,Middle Road,4968.0,30369.499,31170.522,12.564,,10.178,,,MIDDLE ROAD,12.924
middle_road,Middle Road,4970.0,30368.112,31171.963,10.214,8.954,8.954,,,MIDDLE ROAD,13.164
middle_road,Middle Road,4972.0,30366.724,31173.403,11.964,7.73,7.73,,,MIDDLE ROAD,13.405
middle_road,Middle Road,4974.0,30365.336,31174.843,5.016,6.506,6.506,,,MIDDLE ROAD,13.646
middle_road,Middle Road,4976.0,30363.949,31176.283,5.066,5.282,5.548,,,MIDDLE ROAD,13.886
middle_road,Middle Road,4978.0,30362.561,31177.724,5.548,5.548,5.548,,,MIDDLE ROAD,14.127
middle_road,Middle Road,4980.0,30361.173,31179.164,5.531,5.531,5.548,,,MIDDLE ROAD,14.368
middle_road,Middle Road,4982.0,30359.786,31180.604,5.648,5.648,5.648,,,MIDDLE ROAD,14.608
middle_road,Middle Road,4984.0,30358.398,31182.044,5.902,5.902,5.902,,,MIDDLE ROAD,14.849
middle_road,Middle Road,4986.0,30357.01,31183.485,7.998,6.024,6.024,,,MIDDLE ROAD,15.09
middle_road,Middle Road,4988.0,30355.623,31184.925,10.09,6.146,6.146,,,MIDDLE ROAD,15.33
middle_road,Middle Road,4990.0,30354.235,31186.365,10.081,6.268,6.268,,,MIDDLE ROAD,15.571
middle_road,Middle Road,4992.0,30352.847,31187.806,10.048,6.39,6.39,,,MIDDLE ROAD,15.812
middle_road,Middle Road,4994.0,30351.46,31189.246,4.863,6.512,6.512,,,MIDDLE ROAD,16.052
middle_road,Middle Road,4996.0,30350.072,31190.686,4.626,6.634,6.634,,,MIDDLE ROAD,16.293
middle_road,Middle Road,4998.0,30348.684,31192.126,4.058,6.757,6.757,,,MIDDLE ROAD,16.534
middle_road,Middle Road,5000.0,30347.297,31193.567,6.47,6.879,6.879,,,MIDDLE ROAD,16.775
middle_road,Middle Road,5002.0,30345.909,31195.007,5.745,7.001,7.001,,,MIDDLE ROAD,17.015
middle_road,Middle Road,5004.0,30344.521,31196.447,4.778,7.123,7.123,,,MIDDLE ROAD,17.256
middle_road,Middle Road,5006.0,30343.134,31197.887,6.445,7.245,7.245,,,MIDDLE ROAD,17.497
middle_road,Middle Road,5008.0,30341.746,31199.328,7.387,7.367,7.367,,,MIDDLE ROAD,17.737
middle_road,Middle Road,5010.0,30340.358,31200.768,11.412,7.489,7.489,,,MIDDLE ROAD,17.978
middle_road,Middle Road,5012.0,30338.971,31202.208,11.712,7.592,7.592,,,MIDDLE ROAD,18.219
middle_road,Middle Road,5014.0,30337.583,31203.648,7.695,7.695,7.695,,,MIDDLE ROAD,18.459
middle_road,Middle Road,5016.0,30336.195,31205.089,7.895,7.895,7.695,,,MIDDLE ROAD,18.7
middle_road,Middle Road,5018.0,30334.808,31206.529,8.028,7.783,7.695,,,MIDDLE ROAD,18.941
middle_road,Middle Road,5064.0,30302.279,31238.946,7.91,7.672,7.672,,,MIDDLE ROAD,23.16
middle_road,Middle Road,5066.0,30300.651,31240.106,9.01,7.336,7.336,,,MIDDLE ROAD,23.003
middle_road,Middle Road,5068.0,30299.022,31241.267,8.538,7.001,7.001,,,MIDDLE ROAD,22.847
middle_road,Middle Road,5070.0,30297.393,31242.428,4.871,6.666,6.666,,,MIDDLE ROAD,22.69
middle_road,Middle Road,5072.0,30295.765,31243.589,5.407,,6.331,,,MIDDLE ROAD,22.534
middle_road,Middle Road,5074.0,30294.136,31244.75,5.532,,5.996,,,MIDDLE ROAD,22.378
middle_road,Middle Road,5076.0,30292.507,31245.91,6.833,5.661,5.661,,,MIDDLE ROAD,22.221
middle_road,Middle Road,5078.0,30290.879,31247.071,5.749,5.325,5.325,,,MIDDLE ROAD,22.065
middle_road,Middle Road,5080.0,30289.25,31248.232,4.003,4.99,4.99,,,MIDDLE ROAD,21.909
middle_road,Middle Road,5082.0,30287.621,31249.393,4.074,4.655,4.655,,,MIDDLE ROAD,21.752
middle_road,Middle Road,5084.0,30285.993,31250.554,4.029,4.617,4.655,,,MIDDLE ROAD,21.596
middle_road,Middle Road,5086.0,30284.364,31251.715,4.578,4.578,4.655,,,MIDDLE ROAD,21.439
middle_road,Middle Road,5088.0,30282.736,31252.875,6.666,4.869,4.869,,,MIDDLE ROAD,21.283
middle_road,Middle Road,5090.0,30281.107,31254.036,5.16,5.16,5.16,,,MIDDLE ROAD,21.127
middle_road,Middle Road,5092.0,30279.478,31255.197,5.166,5.317,5.317,,,MIDDLE ROAD,20.97
middle_road,Middle Road,5094.0,30277.85,31256.358,5.229,5.475,5.475,,,MIDDLE ROAD,20.814
middle_road,Middle Road,5096.0,30276.221,31257.519,5.235,5.899,5.899,,,MIDDLE ROAD,20.658
middle_road,Middle Road,5098.0,30274.592,31258.679,6.816,6.324,6.324,,,MIDDLE ROAD,20.501
middle_road,Middle Road,5100.0,30272.964,31259.84,5.417,6.749,6.749,,,MIDDLE ROAD,20.345
middle_road,Middle Road,5102.0,30271.335,31261.001,5.709,,6.961,,,MIDDLE ROAD,20.188
middle_road,Middle Road,5104.0,30269.706,31262.162,8.204,,7.173,,,MIDDLE ROAD,20.032
middle_road,Middle Road,5106.0,30268.078,31263.323,7.516,,7.386,,,MIDDLE ROAD,19.876
middle_road,Middle Road,5108.0,30266.449,31264.483,12.767,,8.447,,,MIDDLE ROAD,19.719
middle_road,Middle Road,5110.0,30264.82,31265.644,14.642,,9.509,,,MIDDLE ROAD,19.563
middle_road,Middle Road,5112.0,30263.192,31266.805,11.836,,9.721,,,MIDDLE ROAD,19.407
middle_road,Middle Road,5114.0,30261.563,31267.966,11.946,,9.933,,,MIDDLE ROAD,19.25
middle_road,Middle Road,5116.0,30259.934,31269.127,9.781,10.146,10.146,,,MIDDLE ROAD,19.094
middle_road,Middle Road,5118.0,30258.306,31270.288,10.396,10.57,10.57,,,MIDDLE ROAD,18.937
middle_road,Middle Road,5120.0,30256.677,31271.448,11.725,10.995,10.995,,,MIDDLE ROAD,18.781
middle_road,Middle Road,5122.0,30255.048,31272.609,12.95,11.42,11.377,,,MIDDLE ROAD,18.625
middle_road,Middle Road,5124.0,30253.42,31273.77,12.043,11.503,11.377,,,MIDDLE ROAD,18.468
middle_road,Middle Road,5126.0,30251.791,31274.931,12.056,11.377,11.377,,,MIDDLE ROAD,18.312
middle_road,Middle Road,5128.0,30250.162,31276.092,11.668,11.251,11.251,,,MIDDLE ROAD,18.156
middle_road,Middle Road,5130.0,30248.534,31277.252,11.431,10.846,10.846,,,MIDDLE ROAD,17.999
middle_road,Middle Road,5132.0,30246.905,31278.413,9.259,10.441,10.441,,,MIDDLE ROAD,17.843
middle_road,Middle Road,5134.0,30245.277,31279.574,10.005,10.036,10.036,,,MIDDLE ROAD,17.686
middle_road,Middle Road,5136.0,30243.648,31280.735,13.796,9.631,9.631,,,MIDDLE ROAD,17.53
middle_road,Middle Road,5138.0,30242.019,31281.896,13.385,9.226,9.226,,,MIDDLE ROAD,17.374
middle_road,Middle Road,5140.0,30240.391,31283.057,11.014,8.821,8.821,,,MIDDLE ROAD,17.217
middle_road,Middle Road,5142.0,30238.762,31284.217,9.625,,8.416,,,MIDDLE ROAD,17.061
middle_road,Middle Road,5180.0,30207.818,31306.273,9.233,,8.011,,,MIDDLE ROAD,17.006
middle_road,Middle Road,5182.0,30206.189,31307.434,6.695,,7.606,,,MIDDLE ROAD,16.82
middle_road,Middle Road,5184.0,30204.56,31308.594,6.242,7.201,7.201,,,MIDDLE ROAD,16.635
middle_road,Middle Road,5186.0,30202.932,31309.755,5.607,6.796,6.796,,,MIDDLE ROAD,16.449
middle_road,Middle Road,5188.0,30201.303,31310.916,5.641,6.391,6.391,,,MIDDLE ROAD,16.264
middle_road,Middle Road,5190.0,30199.674,31312.077,5.026,5.986,5.986,,,MIDDLE ROAD,16.079
middle_road,Middle Road,5192.0,30198.046,31313.238,4.944,5.909,5.986,,,MIDDLE ROAD,15.893
middle_road,Middle Road,5194.0,30196.417,31314.399,4.148,5.832,5.986,,,MIDDLE ROAD,15.708
middle_road,Middle Road,5196.0,30194.788,31315.559,7.453,6.13,6.13,,,MIDDLE ROAD,15.523
middle_road,Middle Road,5198.0,30193.16,31316.72,9.251,6.428,6.428,,,MIDDLE ROAD,15.337
middle_road,Middle Road,5200.0,30191.531,31317.881,8.507,6.663,6.663,,,MIDDLE ROAD,15.152
middle_road,Middle Road,5202.0,30189.902,31319.042,8.222,6.897,6.897,,,MIDDLE ROAD,14.966
middle_road,Middle Road,5204.0,30188.274,31320.203,7.792,7.132,7.132,,,MIDDLE ROAD,14.781
middle_road,Middle Road,5206.0,30186.645,31321.363,8.719,7.367,7.367,,,MIDDLE ROAD,14.596
middle_road,Middle Road,5208.0,30185.016,31322.524,8.981,7.601,7.367,,,MIDDLE ROAD,14.41
middle_road,Middle Road,5210.0,30183.388,31323.685,8.008,7.395,7.367,,,MIDDLE ROAD,14.225
middle_road,Middle Road,5212.0,30181.759,31324.846,6.887,7.188,7.188,,,MIDDLE ROAD,14.04
middle_road,Middle Road,5214.0,30180.13,31326.007,6.981,6.981,6.981,,,MIDDLE ROAD,13.854
middle_road,Middle Road,5216.0,30178.502,31327.168,11.165,6.829,6.829,,,MIDDLE ROAD,13.669
middle_road,Middle Road,5218.0,30176.873,31328.328,10.797,6.677,6.677,,,MIDDLE ROAD,13.484
middle_road,Middle Road,5220.0,30175.244,31329.489,7.069,6.329,6.329,,,MIDDLE ROAD,13.298
middle_road,Middle Road,5222.0,30173.616,31330.65,6.219,5.982,5.982,,,MIDDLE ROAD,13.113
middle_road,Middle Road,5224.0,30171.987,31331.811,5.373,5.634,5.634,,,MIDDLE ROAD,12.927
middle_road,Middle Road,5226.0,30170.359,31332.972,4.632,,5.287,,,MIDDLE ROAD,12.742
middle_road,Middle Road,5228.0,30168.73,31334.132,4.544,4.939,4.939,,,MIDDLE ROAD,12.557
middle_road,Middle Road,5230.0,30167.101,31335.293,3.815,4.591,4.591,,,MIDDLE ROAD,12.371
middle_road,Middle Road,5232.0,30165.473,31336.454,4.433,4.244,4.244,,,MIDDLE ROAD,12.186
middle_road,Middle Road,5234.0,30163.844,31337.615,4.372,3.896,3.896,,,MIDDLE ROAD,12.001
middle_road,Middle Road,5236.0,30162.215,31338.776,3.68,3.68,3.74,,,MIDDLE ROAD,11.815
middle_road,Middle Road,5238.0,30160.587,31339.936,3.645,3.645,3.74,,,MIDDLE ROAD,11.63
middle_road,Middle Road,5240.0,30158.958,31341.097,3.74,3.74,3.68,,,MIDDLE ROAD,11.444
middle_road,Middle Road,5242.0,30157.329,31342.258,3.765,3.765,3.645,,,MIDDLE ROAD,11.259
middle_road,Middle Road,5244.0,30155.701,31343.419,4.378,3.611,3.611,-4.41,1.0,MIDDLE ROAD,11.074
middle_road,Middle Road,5246.0,30154.072,31344.58,3.518,3.456,3.456,-3.972,1.0,MIDDLE ROAD,10.888
middle_road,Middle Road,5248.0,30152.443,31345.741,3.302,3.302,3.328,,,MIDDLE ROAD,10.703
middle_road,Middle Road,5250.0,30150.815,31346.901,3.201,3.201,3.328,,,MIDDLE ROAD,10.518
middle_road,Middle Road,5252.0,30149.186,31348.062,2.967,3.328,3.328,1.654,1.0,MIDDLE ROAD,10.332
middle_road,Middle Road,5254.0,30147.557,31349.223,3.455,3.455,3.455,2.193,1.0,MIDDLE ROAD,10.147
middle_road,Middle Road,5256.0,30145.929,31350.384,3.644,3.644,3.46,,,MIDDLE ROAD,9.961
middle_road,Middle Road,5258.0,30144.3,31351.545,3.503,3.503,3.503,,,MIDDLE ROAD,9.776
middle_road,Middle Road,5260.0,30142.671,31352.705,3.935,3.46,3.644,,,MIDDLE ROAD,9.591
middle_road,Middle Road,5262.0,30141.043,31353.866,3.494,3.713,3.713,,,MIDDLE ROAD,9.405
middle_road,Middle Road,5264.0,30139.414,31355.027,3.374,3.967,3.967,,,MIDDLE ROAD,9.22
middle_road,Middle Road,5266.0,30137.785,31356.188,2.756,4.22,4.22,,,MIDDLE ROAD,9.035
middle_road,Middle Road,5284.0,30123.128,31366.635,2.693,4.288,4.22,,,MIDDLE ROAD,7.788
middle_road,Middle Road,5286.0,30121.499,31367.796,5.245,4.355,4.22,,,MIDDLE ROAD,7.698
middle_road,Middle Road,5288.0,30119.87,31368.957,5.23,4.089,4.089,,,MIDDLE ROAD,7.608
middle_road,Middle Road,5290.0,30118.242,31370.118,4.102,3.822,3.822,,,MIDDLE ROAD,7.518
middle_road,Middle Road,5292.0,30116.613,31371.278,4.13,3.556,3.556,,,MIDDLE ROAD,7.428
middle_road,Middle Road,5294.0,30114.984,31372.439,3.077,3.29,3.29,,,MIDDLE ROAD,7.338
middle_road,Middle Road,5296.0,30113.356,31373.6,3.023,3.023,3.023,,,MIDDLE ROAD,7.248
middle_road,Middle Road,5298.0,30111.727,31374.761,4.035,2.985,2.985,,,MIDDLE ROAD,7.158
middle_road,Middle Road,5300.0,30110.098,31375.922,3.283,2.947,2.947,-0.948,1.0,MIDDLE ROAD,7.068
middle_road,Middle Road,5302.0,30108.47,31377.083,2.779,2.909,2.947,,,MIDDLE ROAD,6.978
middle_road,Middle Road,5304.0,30106.841,31378.243,2.872,2.872,2.947,,,MIDDLE ROAD,6.888
middle_road,Middle Road,5306.0,30105.212,31379.404,3.079,3.079,3.079,,,MIDDLE ROAD,6.798
middle_road,Middle Road,5308.0,30103.584,31380.565,4.512,3.088,3.088,,,MIDDLE ROAD,6.708
middle_road,Middle Road,5310.0,30101.955,31381.726,3.887,3.097,3.097,,,MIDDLE ROAD,6.618
middle_road,Middle Road,5312.0,30100.326,31382.887,3.176,3.106,3.106,,,MIDDLE ROAD,6.528
middle_road,Middle Road,5314.0,30098.698,31384.047,3.695,3.115,3.115,,,MIDDLE ROAD,6.438
middle_road,Middle Road,5316.0,30097.069,31385.208,3.578,3.124,3.115,,,MIDDLE ROAD,6.348
middle_road,Middle Road,5318.0,30095.441,31386.369,3.133,3.133,3.115,,,MIDDLE ROAD,6.258
middle_road,Middle Road,5320.0,30093.812,31387.53,2.895,2.895,3.008,,,MIDDLE ROAD,6.168
middle_road,Middle Road,5322.0,30092.183,31388.691,4.104,2.952,3.008,-0.641,1.0,MIDDLE ROAD,6.078
middle_road,Middle Road,5324.0,30090.555,31389.852,3.013,3.008,3.008,,,MIDDLE ROAD,5.988
middle_road,Middle Road,5326.0,30088.926,31391.012,3.064,3.064,3.064,,,MIDDLE ROAD,5.898
middle_road,Middle Road,5328.0,30087.297,31392.173,2.709,3.064,3.064,,,MIDDLE ROAD,5.808
middle_road,Middle Road,5330.0,30085.669,31393.334,3.089,3.064,3.064,0.592,1.0,MIDDLE ROAD,5.718
middle_road,Middle Road,5332.0,30084.04,31394.495,3.063,3.063,3.064,,,MIDDLE ROAD,5.628
middle_road,Middle Road,5334.0,30082.411,31395.656,3.111,3.111,3.111,,,MIDDLE ROAD,5.538
middle_road,Middle Road,5336.0,30080.783,31396.816,3.243,3.243,3.111,,,MIDDLE ROAD,5.448
middle_road,Middle Road,5338.0,30079.154,31397.977,3.205,3.205,3.111,-1.398,1.0,MIDDLE ROAD,5.358
middle_road,Middle Road,5340.0,30077.525,31399.138,2.859,3.102,3.102,-1.96,1.0,MIDDLE ROAD,5.268
middle_road,Middle Road,5342.0,30075.897,31400.299,2.999,2.999,2.999,-2.058,1.0,MIDDLE ROAD,5.178
middle_road,Middle Road,5344.0,30074.268,31401.46,2.837,2.837,2.954,-1.702,1.0,MIDDLE ROAD,5.088
middle_road,Middle Road,5346.0,30072.639,31402.621,2.954,2.954,2.946,-1.346,1.0,MIDDLE ROAD,4.998
middle_road,Middle Road,5348.0,30071.011,31403.781,2.946,2.946,2.837,-0.783,1.0,MIDDLE ROAD,4.907
middle_road,Middle Road,5350.0,30069.382,31404.942,2.7,2.7,2.892,-0.685,1.0,MIDDLE ROAD,4.817
middle_road,Middle Road,5352.0,30067.753,31406.103,2.736,2.736,2.892,2.013,1.0,MIDDLE ROAD,4.727
middle_road,Middle Road,5354.0,30066.125,31407.264,2.892,2.892,2.892,1.729,1.0,MIDDLE ROAD,4.637
middle_road,Middle Road,5356.0,30064.496,31408.425,3.03,3.03,2.998,2.304,1.0,MIDDLE ROAD,4.547
middle_road,Middle Road,5358.0,30062.867,31409.585,2.998,2.998,3.03,,,MIDDLE ROAD,4.457
middle_road,Middle Road,5360.0,30061.239,31410.746,3.076,3.076,3.076,,,MIDDLE ROAD,4.367
middle_road,Middle Road,5362.0,30059.61,31411.907,2.973,3.192,3.185,,,MIDDLE ROAD,4.277
middle_road,Middle Road,5364.0,30057.982,31413.068,3.913,3.308,3.185,,,MIDDLE ROAD,4.187
middle_road,Middle Road,5366.0,30056.353,31414.229,3.643,3.185,3.185,,,MIDDLE ROAD,4.097
middle_road,Middle Road,5368.0,30054.724,31415.389,3.603,3.061,3.061,,,MIDDLE ROAD,4.007
middle_road,Middle Road,5370.0,30053.096,31416.55,4.585,2.937,2.937,,,MIDDLE ROAD,3.917
middle_road,Middle Road,5372.0,30051.467,31417.711,2.599,2.814,2.814,,,MIDDLE ROAD,3.827
middle_road,Middle Road,5374.0,30049.838,31418.872,2.69,2.69,2.697,,,MIDDLE ROAD,3.737
middle_road,Middle Road,5376.0,30048.21,31420.033,2.697,2.697,2.69,,,MIDDLE ROAD,3.647
middle_road,Middle Road,5378.0,30046.581,31421.194,2.661,2.661,2.661,-0.446,1.0,MIDDLE ROAD,3.557
middle_road,Middle Road,5380.0,30044.952,31422.354,2.661,2.661,2.661,0.427,1.0,MIDDLE ROAD,3.467
middle_road,Middle Road,5382.0,30043.324,31423.515,2.547,2.547,2.661,1.3,1.0,MIDDLE ROAD,3.377
middle_road,Middle Road,5390.0,30036.809,31428.158,3.09,2.781,2.781,1.3,1.0,MIDDLE ROAD,3.283
middle_road,Middle Road,5392.0,30035.18,31429.319,3.015,3.015,2.843,,,MIDDLE ROAD,3.323
middle_road,Middle Road,5394.0,30033.552,31430.48,3.015,3.015,2.843,,,MIDDLE ROAD,3.364
middle_road,Middle Road,5396.0,30031.923,31431.641,2.679,2.843,2.868,,,MIDDLE ROAD,3.404
middle_road,Middle Road,5398.0,30030.294,31432.802,2.672,2.672,2.868,2.761,1.0,MIDDLE ROAD,3.445
middle_road,Middle Road,5400.0,30028.666,31433.963,2.705,2.868,2.868,4.698,1.0,MIDDLE ROAD,3.485
middle_road,Middle Road,5402.0,30027.037,31435.123,3.064,3.064,3.064,6.635,1.0,MIDDLE ROAD,3.526
middle_road,Middle Road,5404.0,30025.408,31436.284,3.224,3.224,3.224,5.409,1.0,MIDDLE ROAD,3.566
middle_road,Middle Road,5406.0,30023.78,31437.445,3.411,3.411,3.399,4.183,1.0,MIDDLE ROAD,3.607
middle_road,Middle Road,5408.0,30022.151,31438.606,3.488,3.488,3.399,1.855,1.0,MIDDLE ROAD,3.647
middle_road,Middle Road,5410.0,30020.523,31439.767,3.399,3.399,3.399,-0.326,1.0,MIDDLE ROAD,3.688
middle_road,Middle Road,5412.0,30018.894,31440.927,3.307,3.307,3.373,-0.326,1.0,MIDDLE ROAD,3.728
middle_road,Middle Road,5414.0,30017.265,31442.088,3.371,3.371,3.373,-0.326,1.0,MIDDLE ROAD,3.768
middle_road,Middle Road,5416.0,30015.637,31443.249,3.373,3.373,3.373,0.0,1.0,MIDDLE ROAD,3.809
middle_road,Middle Road,5418.0,30014.008,31444.41,3.44,3.44,3.373,-0.835,1.0,MIDDLE ROAD,3.849
middle_road,Middle Road,5420.0,30012.379,31445.571,3.403,3.403,3.373,-0.867,1.0,MIDDLE ROAD,3.89
middle_road,Middle Road,5422.0,30010.751,31446.731,3.306,3.306,3.306,-2.258,1.0,MIDDLE ROAD,3.93
middle_road,Middle Road,5424.0,30009.122,31447.892,3.303,3.303,3.303,-2.778,1.0,MIDDLE ROAD,3.971
middle_road,Middle Road,5426.0,30007.493,31449.053,3.192,3.192,3.192,-2.221,1.0,MIDDLE ROAD,4.011
middle_road,Middle Road,5428.0,30005.865,31450.214,3.15,3.15,3.15,-3.028,1.0,MIDDLE ROAD,4.052
middle_road,Middle Road,5430.0,30004.236,31451.375,3.128,3.128,3.128,-2.336,1.0,MIDDLE ROAD,4.092
middle_road,Middle Road,5432.0,30002.607,31452.536,3.061,3.061,3.061,-2.816,1.0,MIDDLE ROAD,4.133
middle_road,Middle Road,5434.0,30000.979,31453.696,2.925,2.925,3.005,-2.538,1.0,MIDDLE ROAD,4.173
middle_road,Middle Road,5436.0,29999.35,31454.857,3.005,3.005,2.925,-1.257,1.0,MIDDLE ROAD,4.213
middle_road,Middle Road,5438.0,29997.721,31456.018,2.877,2.877,2.925,-0.793,1.0,MIDDLE ROAD,4.254
middle_road,Middle Road,5440.0,29996.093,31457.179,2.868,2.868,2.961,0.442,1.0,MIDDLE ROAD,4.294
middle_road,Middle Road,5442.0,29994.464,31458.34,2.961,2.961,2.942,0.832,1.0,MIDDLE ROAD,4.335
middle_road,Middle Road,5444.0,29992.835,31459.5,2.992,2.992,2.961,,,MIDDLE ROAD,4.375
middle_road,Middle Road,5446.0,29991.207,31460.661,2.942,2.942,2.992,,,MIDDLE ROAD,4.416
middle_road,Middle Road,5448.0,29989.578,31461.822,3.807,3.066,3.066,4.43,1.0,MIDDLE ROAD,4.456
middle_road,Middle Road,5450.0,29987.949,31462.983,3.359,3.191,3.191,,,MIDDLE ROAD,4.497
middle_road,Middle Road,5452.0,29986.321,31464.144,3.315,3.315,3.315,,,MIDDLE ROAD,4.537
middle_road,Middle Road,5454.0,29984.692,31465.305,4.678,3.556,3.556,,,MIDDLE ROAD,4.578
middle_road,Middle Road,5456.0,29983.064,31466.465,4.53,3.798,3.798,,,MIDDLE ROAD,4.618
middle_road,Middle Road,5458.0,29981.435,31467.626,4.039,4.039,4.002,,,MIDDLE ROAD,4.658
middle_road,Middle Road,5460.0,29979.806,31468.787,3.034,4.021,4.002,,,MIDDLE ROAD,4.699
middle_road,Middle Road,5462.0,29978.178,31469.948,3.043,4.002,4.021,-0.236,1.0,MIDDLE ROAD,4.739
middle_road,Middle Road,5464.0,29976.549,31471.109,3.983,3.983,4.002,,,MIDDLE ROAD,4.78
middle_road,Middle Road,5466.0,29974.92,31472.269,4.1,4.1,3.983,,,MIDDLE ROAD,4.602
middle_road,Middle Road,5468.0,29973.292,31473.43,3.893,3.893,3.893,,,MIDDLE ROAD,4.307
middle_road,Middle Road,5470.0,29971.785,31474.742,3.496,3.875,3.875,,,MIDDLE ROAD,4.205
middle_road,Middle Road,5472.0,29970.314,31476.096,4.55,3.856,3.856,,,MIDDLE ROAD,4.158
middle_road,Middle Road,5474.0,29968.842,31477.451,3.9,3.838,3.838,,,MIDDLE ROAD,4.112
middle_road,Middle Road,5476.0,29967.371,31478.805,3.522,3.819,3.819,,,MIDDLE ROAD,4.065
middle_road,Middle Road,5478.0,29965.899,31480.16,5.118,3.801,3.801,,,MIDDLE ROAD,4.019
middle_road,Middle Road,5480.0,29964.428,31481.514,4.73,3.782,3.782,,,MIDDLE ROAD,3.972
middle_road,Middle Road,5482.0,29962.956,31482.869,4.693,3.764,3.764,,,MIDDLE ROAD,3.926
middle_road,Middle Road,5484.0,29961.485,31484.224,4.33,3.745,3.764,,,MIDDLE ROAD,3.88
middle_road,Middle Road,5486.0,29960.013,31485.578,3.727,3.727,3.745,,,MIDDLE ROAD,3.833
middle_road,Middle Road,5488.0,29958.542,31486.933,3.842,3.842,3.727,,,MIDDLE ROAD,3.787
middle_road,Middle Road,5490.0,29957.071,31488.287,3.575,3.575,3.575,-2.839,1.0,MIDDLE ROAD,3.74
middle_road,Middle Road,5492.0,29955.599,31489.642,3.103,3.423,3.518,,,MIDDLE ROAD,3.694
middle_road,Middle Road,5494.0,29954.128,31490.996,3.271,3.271,3.518,,,MIDDLE ROAD,3.647
middle_road,Middle Road,5496.0,29952.656,31492.351,2.886,3.518,3.518,,,MIDDLE ROAD,3.601
middle_road,Middle Road,5504.0,29946.77,31497.769,7.56,3.765,3.765,,,MIDDLE ROAD,3.657
middle_road,Middle Road,5506.0,29945.299,31499.124,7.225,4.012,4.012,,,MIDDLE ROAD,3.732
middle_road,Middle Road,5508.0,29943.827,31500.478,6.744,4.26,4.26,,,MIDDLE ROAD,3.806
middle_road,Middle Road,5510.0,29942.356,31501.833,7.217,4.507,4.507,,,MIDDLE ROAD,3.88
middle_road,Middle Road,5512.0,29940.884,31503.187,6.829,4.754,4.754,,,MIDDLE ROAD,3.972
middle_road,Middle Road,5514.0,29939.413,31504.542,5.799,5.001,5.001,,,MIDDLE ROAD,4.082
middle_road,Middle Road,5516.0,29937.941,31505.896,5.213,5.248,5.248,,,MIDDLE ROAD,4.191
middle_road,Middle Road,5518.0,29936.47,31507.251,4.886,5.496,5.496,,,MIDDLE ROAD,4.3
middle_road,Middle Road,5520.0,29934.999,31508.605,4.675,5.743,5.743,,,MIDDLE ROAD,4.41
middle_road,Middle Road,5522.0,29933.527,31509.96,5.99,5.99,5.935,,,MIDDLE ROAD,4.519
middle_road,Middle Road,5524.0,29932.056,31511.314,6.034,6.034,5.935,,,MIDDLE ROAD,4.628
middle_road,Middle Road,5526.0,29930.584,31512.669,4.645,5.935,5.935,-1.339,1.0,MIDDLE ROAD,4.738
middle_road,Middle Road,5528.0,29929.113,31514.023,4.816,5.837,5.837,-1.513,1.0,MIDDLE ROAD,4.847
middle_road,Middle Road,5530.0,29927.641,31515.378,5.738,5.738,5.828,,,MIDDLE ROAD,4.956
middle_road,Middle Road,5532.0,29926.17,31516.733,5.828,5.828,5.814,,,MIDDLE ROAD,5.066
middle_road,Middle Road,5534.0,29924.698,31518.087,6.472,5.814,5.8,,,MIDDLE ROAD,5.175
middle_road,Middle Road,5536.0,29923.227,31519.442,5.336,5.8,5.8,,,MIDDLE ROAD,5.284
middle_road,Middle Road,5538.0,29921.755,31520.796,6.76,5.786,5.786,,,MIDDLE ROAD,5.394
middle_road,Middle Road,5540.0,29920.284,31522.151,5.023,5.773,5.773,,,MIDDLE ROAD,5.503
middle_road,Middle Road,5542.0,29918.812,31523.505,4.784,5.759,5.759,,,MIDDLE ROAD,5.612
middle_road,Middle Road,5544.0,29917.341,31524.86,5.312,5.745,5.745,,,MIDDLE ROAD,5.722
middle_road,Middle Road,5546.0,29915.869,31526.214,5.731,5.567,5.567,,,MIDDLE ROAD,5.831
middle_road,Middle Road,5548.0,29914.398,31527.569,5.585,5.39,5.39,,,MIDDLE ROAD,5.94
middle_road,Middle Road,5550.0,29912.926,31528.923,5.6,5.158,5.158,,,MIDDLE ROAD,6.05
middle_road,Middle Road,5552.0,29911.455,31530.278,5.357,4.926,4.926,,,MIDDLE ROAD,6.159
middle_road,Middle Road,5554.0,29909.984,31531.632,4.368,4.694,4.694,,,MIDDLE ROAD,4.281
middle_road,Middle Road,5556.0,29908.512,31532.987,3.4,4.462,4.648,,,MIDDLE ROAD,2.283
middle_road,Middle Road,5558.0,29907.041,31534.342,3.085,4.555,4.648,,,MIDDLE ROAD,0.285
middle_road,Middle Road,5560.0,29905.569,31535.696,3.374,4.648,4.648,,,MIDDLE ROAD,1.713
middle_road,Middle Road,5562.0,29904.098,31537.051,4.742,4.742,4.742,,,MIDDLE ROAD,3.711
middle_road,Middle Road,5564.0,29902.626,31538.405,4.935,4.935,4.935,,,MIDDLE ROAD,5.709
middle_road,Middle Road,5566.0,29901.155,31539.76,5.67,5.008,5.008,5.16,1.0,MIDDLE ROAD,6.924
middle_road,Middle Road,5568.0,29899.683,31541.114,5.263,5.081,5.081,,,MIDDLE ROAD,7.033
middle_road,Middle Road,5570.0,29898.212,31542.469,5.155,5.155,5.155,,,MIDDLE ROAD,7.143
middle_road,Middle Road,5572.0,29896.74,31543.823,6.906,5.414,5.414,,,MIDDLE ROAD,7.252
middle_road,Middle Road,5574.0,29895.242,31545.147,6.168,5.673,5.673,8.732,1.0,MIDDLE ROAD,7.32
middle_road,Middle Road,5576.0,29893.67,31546.382,5.932,5.932,5.853,,,MIDDLE ROAD,7.273
middle_road,Middle Road,5578.0,29892.097,31547.618,6.082,6.082,5.853,,,MIDDLE ROAD,7.226
middle_road,Middle Road,5580.0,29890.524,31548.853,7.689,5.853,5.853,,,MIDDLE ROAD,7.179
middle_road,Middle Road,5582.0,29889.15,31549.922,5.624,5.624,5.624,,,MIDDLE ROAD,7.13
middle_road,Middle Road,5584.0,29890.64,31548.588,7.4,5.576,5.576,,,MIDDLE ROAD,7.048
middle_road,Middle Road,5586.0,29892.129,31547.253,5.34,5.528,5.528,,,MIDDLE ROAD,6.966
middle_road,Middle Road,5588.0,29893.619,31545.919,6.17,5.481,5.481,,,MIDDLE ROAD,6.883
middle_road,Middle Road,5590.0,29895.109,31544.584,5.348,5.433,5.433,,,MIDDLE ROAD,6.801
middle_road,Middle Road,5592.0,29896.599,31543.25,4.848,5.385,5.385,,,MIDDLE ROAD,6.719
middle_road,Middle Road,5594.0,29898.088,31541.916,5.217,5.337,5.337,,,MIDDLE ROAD,6.637
middle_road,Middle Road,5596.0,29899.578,31540.581,5.289,5.058,5.058,,,MIDDLE ROAD,6.555
middle_road,Middle Road,5598.0,29901.068,31539.247,5.579,4.779,4.779,,,MIDDLE ROAD,6.473
middle_road,Middle Road,5600.0,29902.558,31537.912,4.914,4.5,4.5,,,MIDDLE ROAD,5.444
middle_road,Middle Road,5602.0,29904.047,31536.578,4.105,4.438,4.5,,,MIDDLE ROAD,3.445
middle_road,Middle Road,5604.0,29905.537,31535.244,3.385,4.375,4.5,,,MIDDLE ROAD,1.446
middle_road,Middle Road,5606.0,29907.027,31533.909,3.087,4.646,4.646,,,MIDDLE ROAD,0.553
middle_road,Middle Road,5608.0,29908.517,31532.575,3.853,4.916,4.916,,,MIDDLE ROAD,2.552
middle_road,Middle Road,5610.0,29910.006,31531.24,4.677,5.187,5.187,,,MIDDLE ROAD,4.551
middle_road,Middle Road,5612.0,29911.496,31529.906,5.457,5.457,5.457,,,MIDDLE ROAD,5.898
middle_road,Middle Road,5614.0,29912.986,31528.572,5.735,5.735,5.691,,,MIDDLE ROAD,5.816
middle_road,Middle Road,5616.0,29914.476,31527.237,6.051,5.713,5.691,,,MIDDLE ROAD,5.734
middle_road,Middle Road,5618.0,29915.965,31525.903,6.846,5.691,5.691,,,MIDDLE ROAD,5.651
middle_road,Middle Road,5620.0,29917.455,31524.568,5.516,5.669,5.669,,,MIDDLE ROAD,5.569
middle_road,Middle Road,5622.0,29918.945,31523.234,4.779,5.647,5.647,,,MIDDLE ROAD,5.487
middle_road,Middle Road,5624.0,29920.435,31521.9,5.025,5.625,5.625,,,MIDDLE ROAD,5.405
middle_road,Middle Road,5626.0,29921.924,31520.565,6.521,5.603,5.625,,,MIDDLE ROAD,5.323
middle_road,Middle Road,5628.0,29923.414,31519.231,5.58,5.58,5.625,,,MIDDLE ROAD,5.241
middle_road,Middle Road,5630.0,29924.904,31517.896,6.414,5.666,5.666,,,MIDDLE ROAD,5.158
middle_road,Middle Road,5632.0,29926.394,31516.562,5.898,5.751,5.751,,,MIDDLE ROAD,5.076
middle_road,Middle Road,5634.0,29927.883,31515.228,5.837,5.837,5.837,,,MIDDLE ROAD,4.994
middle_road,Middle Road,5636.0,29929.373,31513.893,4.768,5.897,5.897,,,MIDDLE ROAD,4.912
middle_road,Middle Road,5638.0,29930.863,31512.559,4.649,5.957,5.957,1.498,1.0,MIDDLE ROAD,4.83
middle_road,Middle Road,5640.0,29932.353,31511.224,6.017,6.017,5.957,,,MIDDLE ROAD,4.748
middle_road,Middle Road,5642.0,29933.842,31509.89,6.133,6.133,5.957,,,MIDDLE ROAD,4.665
middle_road,Middle Road,5644.0,29935.332,31508.555,4.646,5.918,5.918,,,MIDDLE ROAD,4.583
middle_road,Middle Road,5646.0,29936.822,31507.221,4.951,5.702,5.702,,,MIDDLE ROAD,4.501
middle_road,Middle Road,5648.0,29938.312,31505.887,5.283,5.486,5.486,,,MIDDLE ROAD,4.419
middle_road,Middle Road,5650.0,29939.801,31504.552,6.892,5.27,5.27,,,MIDDLE ROAD,4.337
middle_road,Middle Road,5652.0,29941.291,31503.218,6.102,5.054,5.054,,,MIDDLE ROAD,4.255
middle_road,Middle Road,5654.0,29942.781,31501.883,7.16,4.838,4.838,,,MIDDLE ROAD,4.195
middle_road,Middle Road,5656.0,29944.271,31500.549,7.679,4.622,4.622,,,MIDDLE ROAD,4.148
middle_road,Middle Road,5658.0,29945.76,31499.215,7.217,4.406,4.406,,,MIDDLE ROAD,4.101
middle_road,Middle Road,5668.0,29953.209,31492.543,2.917,4.19,4.19,,,MIDDLE ROAD,4.123
middle_road,Middle Road,5670.0,29954.699,31491.208,3.341,3.974,3.974,,,MIDDLE ROAD,4.196
middle_road,Middle Road,5672.0,29956.189,31489.874,3.128,3.758,3.762,,,MIDDLE ROAD,4.27
middle_road,Middle Road,5674.0,29957.678,31488.539,3.542,3.542,3.758,,,MIDDLE ROAD,4.344
middle_road,Middle Road,5676.0,29959.168,31487.205,3.762,3.762,3.727,,,MIDDLE ROAD,4.417
middle_road,Middle Road,5678.0,29960.658,31485.871,3.722,3.722,3.727,,,MIDDLE ROAD,4.491
middle_road,Middle Road,5680.0,29962.148,31484.536,4.335,3.727,3.733,,,MIDDLE ROAD,4.565
middle_road,Middle Road,5682.0,29963.637,31483.202,3.921,3.733,3.733,,,MIDDLE ROAD,4.638
middle_road,Middle Road,5684.0,29965.127,31481.867,4.373,3.739,3.739,,,MIDDLE ROAD,4.712
middle_road,Middle Road,5686.0,29966.617,31480.533,4.266,3.744,3.744,,,MIDDLE ROAD,4.786
middle_road,Middle Road,5688.0,29968.107,31479.199,3.75,3.75,3.75,,,MIDDLE ROAD,4.859
middle_road,Middle Road,5690.0,29969.596,31477.864,4.419,3.76,3.76,,,MIDDLE ROAD,4.933
middle_road,Middle Road,5692.0,29971.086,31476.53,3.753,3.77,3.77,,,MIDDLE ROAD,5.007
middle_road,Middle Road,5694.0,29972.576,31475.195,3.78,3.78,3.78,,,MIDDLE ROAD,5.08
middle_road,Middle Road,5696.0,29974.066,31473.861,4.114,3.793,3.793,,,MIDDLE ROAD,5.154
middle_road,Middle Road,5698.0,29975.555,31472.527,4.118,3.805,3.805,,,MIDDLE ROAD,5.228
middle_road,Middle Road,5700.0,29977.045,31471.192,3.818,3.818,3.818,,,MIDDLE ROAD,5.129
middle_road,Middle Road,5702.0,29978.535,31469.858,3.079,3.988,3.988,,,MIDDLE ROAD,4.866
middle_road,Middle Road,5704.0,29980.025,31468.523,3.012,4.157,4.139,,,MIDDLE ROAD,4.604
middle_road,Middle Road,5706.0,29981.514,31467.189,4.327,4.327,4.139,,,MIDDLE ROAD,4.342
middle_road,Middle Road,5708.0,29983.004,31465.854,4.641,4.139,4.139,,,MIDDLE ROAD,4.08
middle_road,Middle Road,5710.0,29984.494,31464.52,3.56,3.951,3.951,,,MIDDLE ROAD,3.818
middle_road,Middle Road,5712.0,29985.984,31463.186,3.245,3.763,3.763,,,MIDDLE ROAD,3.556
middle_road,Middle Road,5714.0,29987.473,31461.851,4.014,3.575,3.575,,,MIDDLE ROAD,3.294
middle_road,Middle Road,5716.0,29988.963,31460.517,3.973,3.387,3.387,,,MIDDLE ROAD,3.031
middle_road,Middle Road,5718.0,29990.453,31459.182,3.636,3.199,3.199,,,MIDDLE ROAD,2.769
middle_road,Middle Road,5720.0,29991.943,31457.848,3.011,3.011,3.038,,,MIDDLE ROAD,2.507
middle_road,Middle Road,5722.0,29993.432,31456.514,3.021,3.021,3.021,,,MIDDLE ROAD,2.245
middle_road,Middle Road,5724.0,29994.922,31455.179,3.038,3.038,3.021,0.623,1.0,MIDDLE ROAD,1.983
middle_road,Middle Road,5726.0,29996.412,31453.845,2.974,2.974,3.038,,,MIDDLE ROAD,1.721
middle_road,Middle Road,5728.0,29997.902,31452.51,3.088,3.088,3.088,,,MIDDLE ROAD,1.459
middle_road,Middle Road,5730.0,29999.391,31451.176,4.058,3.329,3.329,,,MIDDLE ROAD,1.197
middle_road,Middle Road,5732.0,30000.881,31449.842,3.069,3.556,3.556,,,MIDDLE ROAD,0.934
middle_road,Middle Road,5734.0,30002.371,31448.507,3.181,3.783,3.783,,,MIDDLE ROAD,0.672
middle_road,Middle Road,5736.0,30003.861,31447.173,3.125,4.011,3.876,,,MIDDLE ROAD,0.41
middle_road,Middle Road,5738.0,30005.35,31445.838,7.049,3.944,3.876,,,MIDDLE ROAD,0.148
middle_road,Middle Road,5740.0,30006.84,31444.504,6.634,3.876,3.876,,,MIDDLE ROAD,0.114
middle_road,Middle Road,5742.0,30008.33,31443.17,6.674,3.809,3.809,,,MIDDLE ROAD,0.376
middle_road,Middle Road,5744.0,30009.82,31441.835,6.617,3.742,3.742,,,MIDDLE ROAD,0.638
middle_road,Middle Road,5746.0,30011.309,31440.501,3.023,3.675,3.675,,,MIDDLE ROAD,0.901
middle_road,Middle Road,5748.0,30012.799,31439.166,7.166,3.608,3.608,,,MIDDLE ROAD,1.163
middle_road,Middle Road,5750.0,30014.289,31437.832,7.368,3.541,3.541,,,MIDDLE ROAD,1.425
middle_road,Middle Road,5752.0,30015.779,31436.498,7.646,3.474,3.474,,,MIDDLE ROAD,1.687
middle_road,Middle Road,5754.0,30017.268,31435.163,7.865,3.407,3.407,,,MIDDLE ROAD,1.949
middle_road,Middle Road,5756.0,30018.758,31433.829,3.043,3.339,3.339,,,MIDDLE ROAD,2.211
middle_road,Middle Road,5758.0,30020.248,31432.494,3.272,3.272,3.272,,,MIDDLE ROAD,2.473
middle_road,Middle Road,5760.0,30021.738,31431.16,3.012,3.012,3.056,,,MIDDLE ROAD,2.736
middle_road,Middle Road,5762.0,30023.227,31429.826,3.056,3.056,3.027,,,MIDDLE ROAD,2.998
middle_road,Middle Road,5764.0,30024.717,31428.491,3.95,3.027,3.012,,,MIDDLE ROAD,3.26
middle_road,Middle Road,5766.0,30026.207,31427.157,3.381,2.997,2.997,-1.091,1.0,MIDDLE ROAD,3.522
middle_road,Middle Road,5768.0,30027.697,31425.822,3.456,2.968,2.968,,,MIDDLE ROAD,3.784
middle_road,Middle Road,5770.0,30029.186,31424.488,2.939,2.939,2.939,,,MIDDLE ROAD,4.046
middle_road,Middle Road,5772.0,30030.676,31423.153,2.786,2.786,2.786,,,MIDDLE ROAD,4.308
middle_road,Middle Road,5784.0,30039.615,31415.147,2.612,2.612,2.753,,,MIDDLE ROAD,5.498
middle_road,Middle Road,5786.0,30041.104,31413.813,2.612,2.612,2.753,,,MIDDLE ROAD,5.63
middle_road,Middle Road,5788.0,30042.594,31412.478,2.547,2.753,2.753,,,MIDDLE ROAD,5.763
middle_road,Middle Road,5790.0,30044.084,31411.144,2.547,2.893,2.893,,,MIDDLE ROAD,5.895
middle_road,Middle Road,5792.0,30045.574,31409.809,2.88,3.136,3.136,,,MIDDLE ROAD,6.027
middle_road,Middle Road,5794.0,30047.063,31408.475,2.884,3.379,3.379,,,MIDDLE ROAD,6.16
middle_road,Middle Road,5796.0,30048.553,31407.141,3.932,3.622,3.622,,,MIDDLE ROAD,6.292
middle_road,Middle Road,5798.0,30050.043,31405.806,3.864,3.864,3.718,,,MIDDLE ROAD,6.424
middle_road,Middle Road,5800.0,30051.533,31404.472,3.774,3.774,3.718,,,MIDDLE ROAD,6.556
middle_road,Middle Road,5802.0,30053.058,31403.182,3.718,3.718,3.718,-7.367,1.0,MIDDLE ROAD,6.632
middle_road,Middle Road,5804.0,30054.708,31402.053,3.836,3.423,3.423,,,MIDDLE ROAD,6.503
middle_road,Middle Road,5806.0,30056.359,31400.924,3.129,3.129,3.129,,,MIDDLE ROAD,6.375
middle_road,Middle Road,5808.0,30058.01,31399.794,2.249,3.077,3.077,,,MIDDLE ROAD,6.247
middle_road,Middle Road,5810.0,30059.66,31398.665,2.374,3.025,3.054,-1.297,1.0,MIDDLE ROAD,6.118
middle_road,Middle Road,5812.0,30061.311,31397.535,2.973,2.973,3.026,,,MIDDLE ROAD,5.99
middle_road,Middle Road,5814.0,30062.961,31396.406,3.054,3.054,3.025,,,MIDDLE ROAD,5.862
middle_road,Middle Road,5816.0,30064.612,31395.277,3.026,3.026,3.023,-2.461,1.0,MIDDLE ROAD,5.734
middle_road,Middle Road,5818.0,30066.263,31394.147,3.023,3.023,3.023,-2.494,1.0,MIDDLE ROAD,5.605
middle_road,Middle Road,5820.0,30067.913,31393.018,2.82,2.82,2.829,-2.47,1.0,MIDDLE ROAD,5.477
middle_road,Middle Road,5822.0,30069.564,31391.888,2.829,2.829,2.825,-2.422,1.0,MIDDLE ROAD,5.349
middle_road,Middle Road,5824.0,30071.214,31390.759,2.825,2.825,2.825,0.664,1.0,MIDDLE ROAD,5.221
middle_road,Middle Road,5826.0,30072.865,31389.63,2.756,2.756,2.829,,,MIDDLE ROAD,5.092
middle_road,Middle Road,5828.0,30074.515,31388.5,2.882,2.882,2.882,,,MIDDLE ROAD,4.964
middle_road,Middle Road,5830.0,30076.166,31387.371,2.657,2.932,2.932,,,MIDDLE ROAD,4.836
middle_road,Middle Road,5832.0,30077.817,31386.241,2.663,2.982,2.982,,,MIDDLE ROAD,4.707
middle_road,Middle Road,5834.0,30079.467,31385.112,3.831,3.106,3.106,,,MIDDLE ROAD,4.579
middle_road,Middle Road,5836.0,30081.118,31383.983,2.809,3.231,3.106,,,MIDDLE ROAD,4.451
middle_road,Middle Road,5838.0,30082.768,31382.853,4.812,3.157,3.106,,,MIDDLE ROAD,4.323
middle_road,Middle Road,5840.0,30084.419,31381.724,4.765,3.083,3.083,,,MIDDLE ROAD,4.194
middle_road,Middle Road,5842.0,30086.07,31380.594,7.559,3.008,3.008,,,MIDDLE ROAD,4.066
middle_road,Middle Road,5844.0,30087.72,31379.465,4.984,2.934,2.934,,,MIDDLE ROAD,3.938
middle_road,Middle Road,5846.0,30089.371,31378.336,4.94,2.86,2.86,,,MIDDLE ROAD,3.81
middle_road,Middle Road,5848.0,30091.021,31377.206,4.984,2.786,2.786,,,MIDDLE ROAD,3.681
middle_road,Middle Road,5850.0,30092.672,31376.077,2.779,2.711,2.711,,,MIDDLE ROAD,3.553
middle_road,Middle Road,5852.0,30094.323,31374.947,2.637,2.637,2.637,,,MIDDLE ROAD,3.425
middle_road,Middle Road,5854.0,30095.973,31373.818,2.577,2.577,2.577,,,MIDDLE ROAD,3.296
middle_road,Middle Road,5856.0,30097.571,31372.616,2.577,2.577,2.577,-0.749,1.0,MIDDLE ROAD,3.257
middle_road,Middle Road,5858.0,30099.153,31371.393,2.531,2.531,2.577,1.043,1.0,MIDDLE ROAD,3.246
middle_road,Middle Road,5860.0,30100.735,31370.169,2.544,2.544,2.577,1.106,1.0,MIDDLE ROAD,3.234
middle_road,Middle Road,5862.0,30102.317,31368.946,2.661,2.661,2.661,1.231,1.0,MIDDLE ROAD,3.222
middle_road,Middle Road,5864.0,30103.899,31367.722,2.676,2.676,2.666,,,MIDDLE ROAD,3.21
middle_road,Middle Road,5866.0,30105.482,31366.499,2.666,2.666,2.676,,,MIDDLE ROAD,3.198
middle_road,Middle Road,5868.0,30107.064,31365.275,2.954,2.954,2.954,,,MIDDLE ROAD,3.186
middle_road,Middle Road,5870.0,30108.646,31364.051,3.03,3.03,3.03,,,MIDDLE ROAD,3.174
middle_road,Middle Road,5872.0,30110.228,31362.828,3.07,3.07,3.07,1.49,1.0,MIDDLE ROAD,3.162
middle_road,Middle Road,5874.0,30111.81,31361.604,3.117,3.117,3.073,0.54,1.0,MIDDLE ROAD,3.15
middle_road,Middle Road,5876.0,30113.392,31360.381,3.086,3.086,3.073,-2.058,1.0,MIDDLE ROAD,3.138
middle_road,Middle Road,5878.0,30114.974,31359.157,3.073,3.073,3.073,-3.131,1.0,MIDDLE ROAD,3.127
middle_road,Middle Road,5880.0,30116.556,31357.934,2.906,2.906,2.906,-3.712,1.0,MIDDLE ROAD,3.115
middle_road,Middle Road,5882.0,30118.138,31356.71,2.823,2.823,2.823,-2.234,1.0,MIDDLE ROAD,3.103
middle_road,Middle Road,5884.0,30119.72,31355.487,2.776,2.776,2.776,-1.039,1.0,MIDDLE ROAD,3.091
middle_road,Middle Road,5892.0,30126.048,31350.592,2.76,2.76,2.76,-0.728,1.0,MIDDLE ROAD,2.87
middle_road,Middle Road,5894.0,30127.63,31349.369,2.76,2.76,2.76,-0.396,1.0,MIDDLE ROAD,2.763
middle_road,Middle Road,5896.0,30129.212,31348.145,2.676,2.676,2.721,-0.496,1.0,MIDDLE ROAD,2.655
middle_road,Middle Road,5898.0,30130.795,31346.922,2.626,2.626,2.721,0.028,1.0,MIDDLE ROAD,2.548
middle_road,Middle Road,5900.0,30132.377,31345.698,2.721,2.721,2.721,0.915,1.0,MIDDLE ROAD,2.44
middle_road,Middle Road,5902.0,30133.959,31344.475,2.794,2.794,2.763,1.071,1.0,MIDDLE ROAD,2.333
middle_road,Middle Road,5904.0,30135.541,31343.251,2.763,2.763,2.794,2.599,1.0,MIDDLE ROAD,2.226
middle_road,Middle Road,5906.0,30137.123,31342.028,2.806,2.806,2.806,4.127,1.0,MIDDLE ROAD,2.118
middle_road,Middle Road,5908.0,30138.705,31340.804,3.12,2.95,2.95,5.634,1.0,MIDDLE ROAD,2.011
middle_road,Middle Road,5910.0,30140.287,31339.58,3.093,3.093,3.093,5.478,1.0,MIDDLE ROAD,1.903
middle_road,Middle Road,5912.0,30141.869,31338.357,3.245,3.245,3.245,3.184,1.0,MIDDLE ROAD,1.796
middle_road,Middle Road,5914.0,30143.451,31337.133,3.527,3.527,3.245,0.891,1.0,MIDDLE ROAD,1.688
middle_road,Middle Road,5916.0,30145.033,31335.91,3.612,3.345,3.245,-1.869,1.0,MIDDLE ROAD,1.581
middle_road,Middle Road,5918.0,30146.615,31334.686,3.164,3.164,3.164,,,MIDDLE ROAD,1.474
middle_road,Middle Road,5920.0,30148.197,31333.463,3.095,3.095,3.095,,,MIDDLE ROAD,1.366
middle_road,Middle Road,5922.0,30149.779,31332.239,3.457,3.079,3.079,-1.064,1.0,MIDDLE ROAD,1.259
middle_road,Middle Road,5924.0,30151.361,31331.016,3.097,3.063,3.079,-0.404,1.0,MIDDLE ROAD,1.151
middle_road,Middle Road,5926.0,30152.943,31329.792,3.047,3.047,3.079,,,MIDDLE ROAD,1.044
middle_road,Middle Road,5928.0,30154.525,31328.569,3.094,3.094,3.063,,,MIDDLE ROAD,0.936
middle_road,Middle Road,5930.0,30156.108,31327.345,3.297,3.297,3.047,0.087,1.0,MIDDLE ROAD,0.829
middle_road,Middle Road,5932.0,30157.69,31326.121,3.032,3.032,3.086,-0.379,1.0,MIDDLE ROAD,0.721
middle_road,Middle Road,5934.0,30159.272,31324.898,3.007,3.007,3.086,-0.461,1.0,MIDDLE ROAD,0.614
middle_road,Middle Road,5936.0,30160.854,31323.674,3.086,3.086,3.032,-0.769,1.0,MIDDLE ROAD,0.507
middle_road,Middle Road,5938.0,30162.436,31322.451,3.29,3.29,3.01,-0.769,1.0,MIDDLE ROAD,0.399
middle_road,Middle Road,5940.0,30164.018,31321.227,3.01,3.01,3.024,-0.284,1.0,MIDDLE ROAD,0.292
middle_road,Middle Road,5942.0,30165.6,31320.004,2.93,2.93,3.024,-0.117,1.0,MIDDLE ROAD,0.184
middle_road,Middle Road,5944.0,30167.182,31318.78,3.024,3.024,3.01,0.0,1.0,MIDDLE ROAD,0.077
middle_road,Middle Road,5946.0,30168.764,31317.557,3.176,3.176,3.0,1.107,1.0,MIDDLE ROAD,0.031
middle_road,Middle Road,5948.0,30170.346,31316.333,2.95,2.95,3.024,1.289,1.0,MIDDLE ROAD,0.138
middle_road,Middle Road,5950.0,30171.928,31315.109,3.0,3.0,3.113,2.519,1.0,MIDDLE ROAD,0.246
middle_road,Middle Road,5952.0,30173.51,31313.886,3.113,3.113,3.113,2.845,1.0,MIDDLE ROAD,0.353
middle_road,Middle Road,5954.0,30174.508,31312.212,3.252,3.252,3.202,,,MIDDLE ROAD,0.262
middle_road,Middle Road,5956.0,30175.287,31310.37,3.202,3.202,3.252,,,MIDDLE ROAD,1.148
middle_road,Middle Road,5958.0,30176.066,31308.528,5.141,3.454,3.454,,,MIDDLE ROAD,2.033
middle_road,Middle Road,5960.0,30176.845,31306.686,5.511,3.705,3.705,,,MIDDLE ROAD,2.919
middle_road,Middle Road,5962.0,30177.624,31304.844,3.034,3.957,3.957,,,MIDDLE ROAD,3.804
middle_road,Middle Road,5964.0,30178.402,31303.002,4.238,4.209,4.209,,,MIDDLE ROAD,4.69
middle_road,Middle Road,5966.0,30179.181,31301.16,5.463,4.46,4.46,,,MIDDLE ROAD,5.576
middle_road,Middle Road,5968.0,30179.96,31299.318,3.656,4.712,4.712,,,MIDDLE ROAD,6.461
middle_road,Middle Road,5970.0,30180.739,31297.476,3.792,4.964,4.964,,,MIDDLE ROAD,7.347
middle_road,Middle Road,5972.0,30181.518,31295.633,6.443,5.215,5.215,,,MIDDLE ROAD,8.232
middle_road,Middle Road,5974.0,30182.297,31293.791,9.274,5.467,5.467,,,MIDDLE ROAD,9.118
middle_road,Middle Road,5976.0,30183.076,31291.949,8.877,5.719,5.719,,,MIDDLE ROAD,10.004
middle_road,Middle Road,5978.0,30183.855,31290.107,8.262,5.97,5.97,,,MIDDLE ROAD,10.889
middle_road,Middle Road,5980.0,30184.634,31288.265,6.412,6.222,6.222,,,MIDDLE ROAD,11.775
middle_road,Middle Road,5982.0,30185.412,31286.423,6.068,6.474,6.474,,,MIDDLE ROAD,12.66
middle_road,Middle Road,5984.0,30186.191,31284.581,6.862,6.725,6.725,,,MIDDLE ROAD,13.546
middle_road,Middle Road,5986.0,30186.97,31282.739,9.018,6.977,6.977,,,MIDDLE ROAD,14.432
middle_road,Middle Road,5988.0,30187.749,31280.897,7.092,7.092,6.977,,,MIDDLE ROAD,15.317
middle_road,Middle Road,5990.0,30188.528,31279.055,5.665,6.979,6.977,,,MIDDLE ROAD,16.203
middle_road,Middle Road,6074.0,30218.767,31226.01,6.114,6.866,6.866,,,MIDDLE ROAD,40.395
middle_road,Middle Road,6076.0,30220.38,31224.828,6.514,6.753,6.753,,,MIDDLE ROAD,40.265
middle_road,Middle Road,6078.0,30221.994,31223.646,7.014,6.64,6.68,,,MIDDLE ROAD,40.134
middle_road,Middle Road,6080.0,30223.607,31222.465,6.364,6.527,6.68,,,MIDDLE ROAD,40.003
middle_road,Middle Road,6082.0,30225.221,31221.283,6.414,6.68,6.68,,,MIDDLE ROAD,39.873
middle_road,Middle Road,6084.0,30226.834,31220.101,6.565,6.832,6.832,,,MIDDLE ROAD,39.742
middle_road,Middle Road,6086.0,30228.448,31218.919,7.25,6.975,6.975,,,MIDDLE ROAD,39.612
middle_road,Middle Road,6088.0,30230.061,31217.737,7.388,7.117,6.975,,,MIDDLE ROAD,39.481
middle_road,Middle Road,6090.0,30231.675,31216.556,6.984,6.984,6.975,,,MIDDLE ROAD,39.351
middle_road,Middle Road,6092.0,30233.288,31215.374,11.159,6.787,6.787,,,MIDDLE ROAD,39.22
middle_road,Middle Road,6094.0,30234.902,31214.192,11.718,6.591,6.591,,,MIDDLE ROAD,39.089
middle_road,Middle Road,6096.0,30236.515,31213.01,6.394,6.394,6.591,,,MIDDLE ROAD,38.959
middle_road,Middle Road,6098.0,30238.129,31211.828,5.886,6.401,6.591,,,MIDDLE ROAD,38.828
middle_road,Middle Road,6100.0,30239.742,31210.647,7.727,6.699,6.699,,,MIDDLE ROAD,38.698
middle_road,Middle Road,6102.0,30241.356,31209.465,6.421,6.998,6.998,,,MIDDLE ROAD,38.567
middle_road,Middle Road,6104.0,30242.969,31208.283,6.421,7.997,7.997,,,MIDDLE ROAD,38.437
middle_road,Middle Road,6106.0,30244.583,31207.101,6.292,8.997,8.997,,,MIDDLE ROAD,38.306
middle_road,Middle Road,6108.0,30246.196,31205.92,6.517,9.996,9.996,,,MIDDLE ROAD,38.175
middle_road,Middle Road,6110.0,30247.81,31204.738,6.292,10.996,10.996,,,MIDDLE ROAD,38.045
middle_road,Middle Road,6112.0,30249.423,31203.556,20.821,12.132,12.132,,,MIDDLE ROAD,37.914
middle_road,Middle Road,6114.0,30251.037,31202.374,19.78,13.267,13.267,,,MIDDLE ROAD,37.784
middle_road,Middle Road,6116.0,30252.65,31201.192,19.563,14.403,14.403,,,MIDDLE ROAD,37.653
middle_road,Middle Road,6118.0,30254.264,31200.011,18.681,15.539,15.539,,,MIDDLE ROAD,37.523
middle_road,Middle Road,6222.0,30315.937,31136.853,21.064,16.674,16.674,,,MIDDLE ROAD,47.005
middle_road,Middle Road,6224.0,30317.573,31135.704,21.464,17.81,17.81,,,MIDDLE ROAD,46.863
middle_road,Middle Road,6226.0,30319.21,31134.555,20.07,18.946,18.946,,,MIDDLE ROAD,46.72
middle_road,Middle Road,6228.0,30320.847,31133.405,20.107,19.049,19.049,,,MIDDLE ROAD,46.578
middle_road,Middle Road,6230.0,30322.484,31132.256,26.418,19.152,19.152,,,MIDDLE ROAD,46.436
middle_road,Middle Road,6232.0,30324.121,31131.107,29.499,19.255,19.255,,,MIDDLE ROAD,46.293
middle_road,Middle Road,6234.0,30325.758,31129.958,30.894,19.358,19.358,,,MIDDLE ROAD,46.151
middle_road,Middle Road,6236.0,30327.395,31128.809,37.028,19.461,19.461,,,MIDDLE ROAD,46.008
middle_road,Middle Road,6238.0,30329.032,31127.66,35.003,19.564,19.564,,,MIDDLE ROAD,45.866
middle_road,Middle Road,6240.0,30330.669,31126.51,20.003,19.668,19.668,,,MIDDLE ROAD,45.724
middle_road,Middle Road,6242.0,30332.305,31125.361,20.003,19.771,19.771,,,MIDDLE ROAD,45.581
middle_road,Middle Road,6244.0,30333.942,31124.212,8.964,19.874,19.874,,,MIDDLE ROAD,45.439
middle_road,Middle Road,6246.0,30335.579,31123.063,8.914,19.977,19.977,,,MIDDLE ROAD,45.296
middle_road,Middle Road,6248.0,30337.216,31121.914,8.914,20.08,20.08,,,MIDDLE ROAD,45.154
middle_road,Middle Road,6250.0,30338.853,31120.764,8.914,20.183,20.183,,,MIDDLE ROAD,45.011
middle_road,Middle Road,6252.0,30340.49,31119.615,,20.286,20.286,,,MIDDLE ROAD,44.869
middle_road,Middle Road,6254.0,30342.127,31118.466,,20.389,20.389,,,MIDDLE ROAD,44.727
middle_road,Middle Road,6256.0,30343.764,31117.317,6.614,20.492,20.492,,,MIDDLE ROAD,44.584
middle_road,Middle Road,6258.0,30345.401,31116.168,24.466,20.595,20.595,,,MIDDLE ROAD,44.442
middle_road,Middle Road,6260.0,30347.037,31115.019,37.836,20.699,20.699,,,MIDDLE ROAD,44.299
middle_road,Middle Road,6262.0,30348.674,31113.869,37.403,20.899,20.899,,,MIDDLE ROAD,44.157
middle_road,Middle Road,6264.0,30350.311,31112.72,36.778,21.099,21.048,,,MIDDLE ROAD,44.015
middle_road,Middle Road,6266.0,30351.948,31111.571,37.228,21.3,21.048,,,MIDDLE ROAD,43.872
middle_road,Middle Road,6268.0,30353.585,31110.422,37.069,21.048,21.048,,,MIDDLE ROAD,43.73
middle_road,Middle Road,6534.0,30453.057,31056.624,,20.796,20.796,,,MIDDLE ROAD,25.108
middle_road,Middle Road,6580.0,30420.436,31089.057,,20.545,20.545,,,MIDDLE ROAD,18.987
middle_road,Middle Road,6582.0,30419.018,31090.467,,20.293,20.293,,,MIDDLE ROAD,18.71
middle_road,Middle Road,6618.0,30393.489,31115.849,,20.041,20.041,,,MIDDLE ROAD,14.326
middle_road,Middle Road,6620.0,30392.07,31117.26,,,19.915,,,MIDDLE ROAD,14.128
middle_road,Middle Road,6622.0,30390.652,31118.67,,,19.664,,,MIDDLE ROAD,13.93
middle_road,Middle Road,6624.0,30389.234,31120.08,,,19.286,,,MIDDLE ROAD,13.732
middle_road,Middle Road,6626.0,30387.816,31121.49,,,18.909,,,MIDDLE ROAD,13.534
middle_road,Middle Road,6628.0,30386.397,31122.9,,,18.657,,,MIDDLE ROAD,13.336
middle_road,Middle Road,6630.0,30384.979,31124.31,,18.531,18.531,,,MIDDLE ROAD,13.138
middle_road,Middle Road,6632.0,30383.561,31125.72,,18.279,18.279,,,MIDDLE ROAD,12.94
middle_road,Middle Road,6634.0,30382.142,31127.13,,18.028,18.028,,,MIDDLE ROAD,12.742
middle_road,Middle Road,6636.0,30380.724,31128.541,,17.776,17.776,,,MIDDLE ROAD,12.544
middle_road,Middle Road,6638.0,30379.306,31129.951,,17.524,17.524,,,MIDDLE ROAD,12.346
middle_road,Middle Road,6640.0,30377.887,31131.361,,17.273,17.273,,,MIDDLE ROAD,12.148
middle_road,Middle Road,6642.0,30376.469,31132.771,,16.52,16.52,,,MIDDLE ROAD,11.95
middle_road,Middle Road,6644.0,30375.051,31134.181,,15.768,15.768,,,MIDDLE ROAD,11.752
middle_road,Middle Road,6646.0,30373.633,31135.591,,14.661,14.661,,,MIDDLE ROAD,11.554
middle_road,Middle Road,6648.0,30372.214,31137.001,,13.554,13.554,,,MIDDLE ROAD,11.356
middle_road,Middle Road,6650.0,30370.796,31138.411,,12.447,12.447,,,MIDDLE ROAD,11.158
middle_road,Middle Road,6652.0,30369.378,31139.822,,,11.34,,,MIDDLE ROAD,10.96
middle_road,Middle Road,6654.0,30367.959,31141.232,,10.233,10.233,,,MIDDLE ROAD,10.762
middle_road,Middle Road,6656.0,30366.541,31142.642,,9.126,9.126,,,MIDDLE ROAD,10.564
middle_road,Middle Road,6658.0,30365.123,31144.052,,8.019,8.019,,,MIDDLE ROAD,10.366
middle_road,Middle Road,6660.0,30363.705,31145.462,5.743,6.912,6.912,,,MIDDLE ROAD,10.168
middle_road,Middle Road,6662.0,30362.286,31146.872,6.668,6.828,6.904,,,MIDDLE ROAD,9.97
middle_road,Middle Road,6664.0,30360.868,31148.282,6.743,6.743,6.904,,,MIDDLE ROAD,9.772
middle_road,Middle Road,6666.0,30359.45,31149.692,6.904,6.904,6.828,,,MIDDLE ROAD,9.574
middle_road,Middle Road,6668.0,30358.031,31151.103,6.904,6.904,6.743,-4.187,1.0,MIDDLE ROAD,9.376
middle_road,Middle Road,6670.0,30356.613,31152.513,6.891,6.629,6.629,,,MIDDLE ROAD,9.178
middle_road,Middle Road,6672.0,30355.195,31153.923,6.354,6.354,6.569,,,MIDDLE ROAD,8.981
middle_road,Middle Road,6674.0,30353.776,31155.333,5.191,6.461,6.569,,,MIDDLE ROAD,8.783
middle_road,Middle Road,6676.0,30352.627,31156.497,4.841,6.569,6.569,,,MIDDLE ROAD,8.605
middle_road,Middle Road,6678.0,30354.16,31155.212,5.191,6.676,6.676,,,MIDDLE ROAD,8.634
middle_road,Middle Road,6680.0,30355.693,31153.927,6.729,6.784,6.784,,,MIDDLE ROAD,8.663
middle_road,Middle Road,6682.0,30357.225,31152.642,6.891,6.891,6.891,,,MIDDLE ROAD,8.692
middle_road,Middle Road,6684.0,30358.758,31151.357,6.904,6.904,6.891,,,MIDDLE ROAD,8.72
middle_road,Middle Road,6686.0,30360.29,31150.072,6.929,6.929,6.891,-3.486,1.0,MIDDLE ROAD,8.749
middle_road,Middle Road,6688.0,30361.823,31148.787,6.743,6.743,6.743,-5.127,1.0,MIDDLE ROAD,8.778
middle_road,Middle Road,6690.0,30363.355,31147.502,,6.612,6.612,-6.768,1.0,MIDDLE ROAD,8.807
middle_road,Middle Road,6692.0,30364.888,31146.217,,6.481,6.481,-6.563,1.0,MIDDLE ROAD,8.835
middle_road,Middle Road,6694.0,30366.421,31144.932,,6.35,6.35,-6.563,1.0,MIDDLE ROAD,8.864
middle_road,Middle Road,6696.0,30367.953,31143.647,,6.218,6.218,-6.563,1.0,MIDDLE ROAD,8.893
middle_road,Middle Road,6698.0,30369.486,31142.362,,6.087,6.087,-6.563,1.0,MIDDLE ROAD,8.922
middle_road,Middle Road,6700.0,30371.018,31141.077,,5.956,5.956,-6.563,1.0,MIDDLE ROAD,8.95
middle_road,Middle Road,6702.0,30372.551,31139.792,,5.825,5.825,-6.563,1.0,MIDDLE ROAD,8.979
middle_road,Middle Road,6704.0,30374.084,31138.507,,5.693,5.693,-6.563,1.0,MIDDLE ROAD,9.008
middle_road,Middle Road,6706.0,30375.616,31137.222,,5.562,5.562,-6.563,1.0,MIDDLE ROAD,9.037
middle_road,Middle Road,6708.0,30377.149,31135.937,,5.431,5.431,-6.563,1.0,MIDDLE ROAD,9.065
middle_road,Middle Road,6710.0,30378.681,31134.652,,5.3,5.3,-6.563,1.0,MIDDLE ROAD,9.094
middle_road,Middle Road,6712.0,30380.214,31133.367,,5.168,5.168,-6.563,1.0,MIDDLE ROAD,9.123
middle_road,Middle Road,6714.0,30381.747,31132.083,,5.037,5.037,-6.563,1.0,MIDDLE ROAD,9.152
middle_road,Middle Road,6716.0,30383.279,31130.798,,4.906,4.906,-6.563,1.0,MIDDLE ROAD,9.18
middle_road,Middle Road,6718.0,30384.812,31129.513,,4.775,4.775,-6.563,1.0,MIDDLE ROAD,9.209
middle_road,Middle Road,6720.0,30386.344,31128.228,,4.643,4.643,-4.922,1.0,MIDDLE ROAD,9.238
middle_road,Middle Road,6722.0,30387.877,31126.943,4.512,4.512,4.512,-3.282,1.0,MIDDLE ROAD,9.267
middle_road,Middle Road,6724.0,30389.409,31125.658,4.512,4.512,4.512,-1.641,1.0,MIDDLE ROAD,9.295
middle_road,Middle Road,6726.0,30390.942,31124.373,4.512,4.512,4.512,0.0,1.0,MIDDLE ROAD,9.324
middle_road,Middle Road,6728.0,30392.475,31123.088,4.512,4.512,4.512,0.0,1.0,MIDDLE ROAD,9.353
middle_road,Middle Road,6730.0,30394.007,31121.803,4.512,4.512,4.512,0.0,1.0,MIDDLE ROAD,9.382
middle_road,Middle Road,6732.0,30395.54,31120.518,,4.512,4.512,0.0,1.0,MIDDLE ROAD,9.41
middle_road,Middle Road,6734.0,30397.072,31119.233,,4.512,4.512,0.0,1.0,MIDDLE ROAD,9.439
middle_road,Middle Road,6736.0,30398.605,31117.948,,4.512,4.512,0.0,1.0,MIDDLE ROAD,9.468
middle_road,Middle Road,6738.0,30400.138,31116.663,,4.512,4.512,0.0,1.0,MIDDLE ROAD,9.497
middle_road,Middle Road,6760.0,30416.996,31102.528,,4.512,4.512,0.0,1.0,MIDDLE ROAD,10.272
middle_road,Middle Road,6762.0,30418.529,31101.243,,4.512,4.512,0.0,1.0,MIDDLE ROAD,10.381
middle_road,Middle Road,6764.0,30420.061,31099.958,,4.512,4.512,0.0,1.0,MIDDLE ROAD,10.49
middle_road,Middle Road,6766.0,30421.594,31098.673,,4.512,4.512,0.0,1.0,MIDDLE ROAD,10.599
middle_road,Middle Road,6768.0,30423.126,31097.388,,4.512,4.512,0.0,1.0,MIDDLE ROAD,10.708
middle_road,Middle Road,6770.0,30424.659,31096.103,,4.512,4.512,0.0,1.0,MIDDLE ROAD,10.817
middle_road,Middle Road,6772.0,30426.192,31094.818,,4.512,4.512,0.0,1.0,MIDDLE ROAD,10.926
middle_road,Middle Road,6774.0,30427.724,31093.533,,4.512,4.512,0.0,1.0,MIDDLE ROAD,11.035
middle_road,Middle Road,6776.0,30429.257,31092.248,,4.512,4.512,0.0,1.0,MIDDLE ROAD,11.144
middle_road,Middle Road,6778.0,30430.789,31090.963,,4.512,4.512,0.0,1.0,MIDDLE ROAD,11.253
middle_road,Middle Road,6808.0,30451.534,31069.646,,4.512,4.512,0.0,1.0,MIDDLE ROAD,15.794
middle_road,Middle Road,6810.0,30452.864,31068.19,,4.512,4.512,0.0,1.0,MIDDLE ROAD,16.12
middle_road,Middle Road,6812.0,30454.485,31067.018,,4.512,4.512,0.0,1.0,MIDDLE ROAD,16.044
middle_road,Middle Road,6814.0,30456.106,31065.847,,4.512,4.512,0.0,1.0,MIDDLE ROAD,15.967
middle_road,Middle Road,6816.0,30457.817,31064.819,,4.512,4.512,0.0,1.0,MIDDLE ROAD,15.721
middle_road,Middle Road,6818.0,30459.572,31063.859,,4.512,4.512,0.0,1.0,MIDDLE ROAD,15.395
middle_road,Middle Road,6820.0,30461.327,31062.899,,4.512,4.512,0.0,1.0,MIDDLE ROAD,15.069
middle_road,Middle Road,6822.0,30463.081,31061.94,,4.512,4.512,0.0,1.0,MIDDLE ROAD,14.743
middle_road,Middle Road,6824.0,30464.836,31060.98,,4.512,4.512,0.0,1.0,MIDDLE ROAD,14.417
middle_road,Middle Road,6826.0,30466.574,31059.992,,,4.512,0.0,1.0,MIDDLE ROAD,14.124
middle_road,Middle Road,6828.0,30468.285,31058.956,,,4.512,,,MIDDLE ROAD,13.885
middle_road,Middle Road,6830.0,30469.996,31057.919,,,4.512,,,MIDDLE ROAD,13.647
middle_road,Middle Road,6832.0,30471.706,31056.883,,,,,,MIDDLE ROAD,13.408
middle_road,Middle Road,6834.0,30473.417,31055.847,,,,,,MIDDLE ROAD,13.17
middle_road,Middle Road,6836.0,30475.126,31054.809,,,,,,MIDDLE ROAD,12.933
middle_road,Middle Road,6838.0,30476.708,31053.584,,,,,,MIDDLE ROAD,12.922
middle_road,Middle Road,6840.0,30478.289,31052.36,,,,,,MIDDLE ROAD,12.911
middle_road,Middle Road,6842.0,30479.871,31051.136,,,,,,MIDDLE ROAD,12.9
middle_road,Middle Road,6844.0,30481.452,31049.912,,,,,,MIDDLE ROAD,12.889
middle_road,Middle Road,6846.0,30483.049,31048.707,,,,,,MIDDLE ROAD,12.854
middle_road,Middle Road,6848.0,30484.658,31047.519,,,,,,MIDDLE ROAD,12.797
middle_road,Middle Road,6850.0,30486.266,31046.331,,,,,,MIDDLE ROAD,12.741
middle_road,Middle Road,6852.0,30487.875,31045.143,,,,,,MIDDLE ROAD,12.684
middle_road,Middle Road,6854.0,30489.484,31043.955,,,,,,MIDDLE ROAD,12.628
middle_road,Middle Road,6856.0,30491.093,31042.767,,,,,,MIDDLE ROAD,12.572
middle_road,Middle Road,6858.0,30492.702,31041.579,,,,,,MIDDLE ROAD,12.515
middle_road,Middle Road,6860.0,30494.311,31040.391,,,,,,MIDDLE ROAD,12.459
middle_road,Middle Road,6862.0,30495.92,31039.203,,,,,,MIDDLE ROAD,12.403
middle_road,Middle Road,6864.0,30497.529,31038.015,,,,,,MIDDLE ROAD,12.346
middle_road,Middle Road,6866.0,30499.138,31036.827,,,,,,MIDDLE ROAD,12.29
middle_road,Middle Road,6868.0,30500.747,31035.639,,,,,,MIDDLE ROAD,12.234
middle_road,Middle Road,6870.0,30502.356,31034.451,,,,,,MIDDLE ROAD,12.177
middle_road,Middle Road,6872.0,30503.964,31033.263,,,,,,MIDDLE ROAD,12.121
middle_road,Middle Road,6874.0,30505.503,31031.988,,,,,,MIDDLE ROAD,12.176
middle_road,Middle Road,6876.0,30506.997,31030.658,,,,,,MIDDLE ROAD,12.302
middle_road,Middle Road,6878.0,30508.492,31029.329,,,,,,MIDDLE ROAD,12.427
middle_road,Middle Road,6880.0,30509.986,31028.0,,,,,,MIDDLE ROAD,12.553
middle_road,Middle Road,6882.0,30511.48,31026.671,,,,,,MIDDLE ROAD,12.678
