path_key,source_project,chainage_m,x_svy21,y_svy21,elevation_m_raw,elevation_m_filtered,elevation_m_smooth,gradient_pct,Grade,nearest_road_name,nearest_road_dist_m
marina_coastal_expressway,Marina Coastal Expressway,2976.0,31865.007,28701.524,6.404,4.162,4.162,,,MARINA COASTAL EXPRESSWAY,21.224
marina_coastal_expressway,Marina Coastal Expressway,2978.0,31863.285,28700.507,4.162,4.162,4.222,3.552,1.0,MARINA COASTAL EXPRESSWAY,20.786
marina_coastal_expressway,Marina Coastal Expressway,2980.0,31861.562,28699.491,4.038,4.281,4.281,2.977,1.0,MARINA COASTAL EXPRESSWAY,20.535
marina_coastal_expressway,Marina Coastal Expressway,2982.0,31859.84,28698.474,4.4,4.4,4.375,2.232,1.0,MARINA COASTAL EXPRESSWAY,20.384
marina_coastal_expressway,Marina Coastal Expressway,2984.0,31858.117,28697.457,4.4,4.4,4.4,,,MARINA COASTAL EXPRESSWAY,20.234
marina_coastal_expressway,Marina Coastal Expressway,2986.0,31856.395,28696.441,4.375,4.375,4.4,,,MARINA COASTAL EXPRESSWAY,20.084
marina_coastal_expressway,Marina Coastal Expressway,2988.0,31854.673,28695.424,5.779,4.411,4.411,,,MARINA COASTAL EXPRESSWAY,19.934
marina_coastal_expressway,Marina Coastal Expressway,2990.0,31852.97,28694.376,5.104,4.447,4.447,,,MARINA COASTAL EXPRESSWAY,19.821
marina_coastal_expressway,Marina Coastal Expressway,2992.0,31851.286,28693.297,5.929,4.483,4.483,,,MARINA COASTAL EXPRESSWAY,19.744
marina_coastal_expressway,Marina Coastal Expressway,2994.0,31849.601,28692.219,8.712,4.519,4.519,,,MARINA COASTAL EXPRESSWAY,19.666
marina_coastal_expressway,Marina Coastal Expressway,2996.0,31847.917,28691.141,9.212,4.555,4.555,,,MARINA COASTAL EXPRESSWAY,19.588
marina_coastal_expressway,Marina Coastal Expressway,2998.0,31846.015,28690.711,7.954,4.591,4.591,,,MARINA COASTAL EXPRESSWAY,18.853
marina_coastal_expressway,Marina Coastal Expressway,3000.0,31844.021,28690.556,4.721,4.626,4.626,,,MARINA COASTAL EXPRESSWAY,17.841
marina_coastal_expressway,Marina Coastal Expressway,3002.0,31842.027,28690.401,4.662,4.662,4.65,,,MARINA COASTAL EXPRESSWAY,16.829
marina_coastal_expressway,Marina Coastal Expressway,3004.0,31840.033,28690.245,4.854,4.854,4.65,,,MARINA COASTAL EXPRESSWAY,15.817
marina_coastal_expressway,Marina Coastal Expressway,3006.0,31838.249,28690.979,4.787,4.65,4.65,,,MARINA COASTAL EXPRESSWAY,14.195
marina_coastal_expressway,Marina Coastal Expressway,3008.0,31836.535,28692.01,4.446,4.446,4.65,,,MARINA COASTAL EXPRESSWAY,12.37
marina_coastal_expressway,Marina Coastal Expressway,3010.0,31834.821,28693.04,4.296,4.618,4.65,,,MARINA COASTAL EXPRESSWAY,10.545
marina_coastal_expressway,Marina Coastal Expressway,3012.0,31833.107,28694.071,4.546,4.877,4.877,,,MARINA COASTAL EXPRESSWAY,8.719
marina_coastal_expressway,Marina Coastal Expressway,3014.0,31831.393,28695.102,4.046,5.135,5.135,,,MARINA COASTAL EXPRESSWAY,6.894
marina_coastal_expressway,Marina Coastal Expressway,3016.0,31829.71,28696.182,6.171,5.416,5.416,,,MARINA COASTAL EXPRESSWAY,5.046
marina_coastal_expressway,Marina Coastal Expressway,3018.0,31828.033,28697.272,6.271,5.697,5.697,,,MARINA COASTAL EXPRESSWAY,3.193
marina_coastal_expressway,Marina Coastal Expressway,3020.0,31826.357,28698.363,6.171,5.978,5.978,,,MARINA COASTAL EXPRESSWAY,1.34
marina_coastal_expressway,Marina Coastal Expressway,3022.0,31824.68,28699.454,6.259,6.259,5.978,,,MARINA COASTAL EXPRESSWAY,0.513
marina_coastal_expressway,Marina Coastal Expressway,3024.0,31823.004,28700.544,7.221,6.007,5.978,,,MARINA COASTAL EXPRESSWAY,2.366
marina_coastal_expressway,Marina Coastal Expressway,3026.0,31821.328,28701.635,5.121,5.756,5.756,,,MARINA COASTAL EXPRESSWAY,4.22
marina_coastal_expressway,Marina Coastal Expressway,3028.0,31819.649,28702.723,5.746,5.505,5.505,,,MARINA COASTAL EXPRESSWAY,6.071
marina_coastal_expressway,Marina Coastal Expressway,3030.0,31817.931,28703.746,6.446,5.254,5.254,,,MARINA COASTAL EXPRESSWAY,7.893
marina_coastal_expressway,Marina Coastal Expressway,3032.0,31816.213,28704.77,3.971,5.002,5.002,,,MARINA COASTAL EXPRESSWAY,9.715
marina_coastal_expressway,Marina Coastal Expressway,3034.0,31814.495,28705.793,5.834,4.751,4.751,,,MARINA COASTAL EXPRESSWAY,11.537
marina_coastal_expressway,Marina Coastal Expressway,3036.0,31813.938,28707.592,6.434,4.5,4.5,,,MARINA COASTAL EXPRESSWAY,13.331
marina_coastal_expressway,Marina Coastal Expressway,3038.0,31813.653,28709.571,4.171,4.249,4.249,,,MARINA COASTAL EXPRESSWAY,15.118
marina_coastal_expressway,Marina Coastal Expressway,3040.0,31813.368,28711.551,3.696,3.997,3.997,,,MARINA COASTAL EXPRESSWAY,16.905
marina_coastal_expressway,Marina Coastal Expressway,3042.0,31813.084,28713.531,3.746,3.746,3.771,,,MARINA COASTAL EXPRESSWAY,18.692
marina_coastal_expressway,Marina Coastal Expressway,3044.0,31812.756,28715.405,3.771,3.771,3.746,,,MARINA COASTAL EXPRESSWAY,20.418
marina_coastal_expressway,Marina Coastal Expressway,3046.0,31811.162,28714.197,3.746,3.746,3.746,-0.625,1.0,MARINA COASTAL EXPRESSWAY,20.338
marina_coastal_expressway,Marina Coastal Expressway,3048.0,31809.567,28712.989,3.721,3.721,3.721,-0.313,1.0,MARINA COASTAL EXPRESSWAY,20.258
marina_coastal_expressway,Marina Coastal Expressway,3050.0,31807.973,28711.781,3.671,3.671,3.721,-0.313,1.0,MARINA COASTAL EXPRESSWAY,20.177
marina_coastal_expressway,Marina Coastal Expressway,3052.0,31806.379,28710.573,3.696,3.696,3.721,,,MARINA COASTAL EXPRESSWAY,20.097
marina_coastal_expressway,Marina Coastal Expressway,3054.0,31804.785,28709.365,3.721,3.721,3.721,,,MARINA COASTAL EXPRESSWAY,20.017
marina_coastal_expressway,Marina Coastal Expressway,3056.0,31803.191,28708.157,3.771,3.916,3.916,,,MARINA COASTAL EXPRESSWAY,19.937
marina_coastal_expressway,Marina Coastal Expressway,3058.0,31801.597,28706.95,4.109,4.111,4.111,,,MARINA COASTAL EXPRESSWAY,19.857
marina_coastal_expressway,Marina Coastal Expressway,3060.0,31800.003,28705.742,3.971,4.539,4.539,,,MARINA COASTAL EXPRESSWAY,19.777
marina_coastal_expressway,Marina Coastal Expressway,3062.0,31798.409,28704.534,4.159,4.968,4.968,,,MARINA COASTAL EXPRESSWAY,19.696
marina_coastal_expressway,Marina Coastal Expressway,3064.0,31796.815,28703.326,4.221,5.396,5.396,,,MARINA COASTAL EXPRESSWAY,19.616
marina_coastal_expressway,Marina Coastal Expressway,3066.0,31795.221,28702.118,4.371,5.825,5.825,,,MARINA COASTAL EXPRESSWAY,19.536
marina_coastal_expressway,Marina Coastal Expressway,3068.0,31793.627,28700.91,10.426,6.342,6.342,,,MARINA COASTAL EXPRESSWAY,19.456
marina_coastal_expressway,Marina Coastal Expressway,3070.0,31792.033,28699.702,10.493,6.859,6.859,,,MARINA COASTAL EXPRESSWAY,19.376
marina_coastal_expressway,Marina Coastal Expressway,3072.0,31790.439,28698.495,10.493,7.376,7.376,,,MARINA COASTAL EXPRESSWAY,19.296
marina_coastal_expressway,Marina Coastal Expressway,3074.0,31788.845,28697.287,8.851,7.894,7.894,,,MARINA COASTAL EXPRESSWAY,19.216
marina_coastal_expressway,Marina Coastal Expressway,3076.0,31787.251,28696.079,9.368,8.411,8.411,,,MARINA COASTAL EXPRESSWAY,19.135
marina_coastal_expressway,Marina Coastal Expressway,3078.0,31785.656,28694.871,9.201,8.928,8.928,,,MARINA COASTAL EXPRESSWAY,19.055
marina_coastal_expressway,Marina Coastal Expressway,3080.0,31784.062,28693.663,8.801,9.445,9.445,,,MARINA COASTAL EXPRESSWAY,18.975
marina_coastal_expressway,Marina Coastal Expressway,3082.0,31782.468,28692.455,8.684,9.69,9.69,,,MARINA COASTAL EXPRESSWAY,18.895
marina_coastal_expressway,Marina Coastal Expressway,3084.0,31780.874,28691.247,9.934,9.934,9.893,,,MARINA COASTAL EXPRESSWAY,18.825
marina_coastal_expressway,Marina Coastal Expressway,3086.0,31779.28,28690.039,9.893,9.893,9.909,,,MARINA COASTAL EXPRESSWAY,18.762
marina_coastal_expressway,Marina Coastal Expressway,3088.0,31777.686,28688.832,9.909,9.909,9.934,,,MARINA COASTAL EXPRESSWAY,18.7
marina_coastal_expressway,Marina Coastal Expressway,3090.0,31776.092,28687.624,10.159,10.159,10.159,,,MARINA COASTAL EXPRESSWAY,18.638
marina_coastal_expressway,Marina Coastal Expressway,3092.0,31774.498,28686.416,10.146,10.316,10.316,,,MARINA COASTAL EXPRESSWAY,18.576
marina_coastal_expressway,Marina Coastal Expressway,3094.0,31772.904,28685.208,10.034,10.575,10.575,,,MARINA COASTAL EXPRESSWAY,18.513
marina_coastal_expressway,Marina Coastal Expressway,3096.0,31771.31,28684.0,10.346,10.835,10.835,,,MARINA COASTAL EXPRESSWAY,18.451
marina_coastal_expressway,Marina Coastal Expressway,3098.0,31769.716,28682.792,10.096,11.112,11.112,,,MARINA COASTAL EXPRESSWAY,18.389
marina_coastal_expressway,Marina Coastal Expressway,3100.0,31768.122,28681.584,10.046,11.389,11.389,,,MARINA COASTAL EXPRESSWAY,18.326
marina_coastal_expressway,Marina Coastal Expressway,3102.0,31766.528,28680.376,13.096,11.665,11.665,,,MARINA COASTAL EXPRESSWAY,18.264
marina_coastal_expressway,Marina Coastal Expressway,3104.0,31764.934,28679.169,12.896,11.942,11.942,,,MARINA COASTAL EXPRESSWAY,18.202
marina_coastal_expressway,Marina Coastal Expressway,3106.0,31763.34,28677.961,12.646,12.219,12.219,,,MARINA COASTAL EXPRESSWAY,18.14
marina_coastal_expressway,Marina Coastal Expressway,3108.0,31761.746,28676.753,12.496,12.496,12.496,,,MARINA COASTAL EXPRESSWAY,18.077
marina_coastal_expressway,Marina Coastal Expressway,3110.0,31760.151,28675.545,12.721,12.721,12.721,,,MARINA COASTAL EXPRESSWAY,18.015
marina_coastal_expressway,Marina Coastal Expressway,3112.0,31758.557,28674.337,12.346,12.987,12.987,,,MARINA COASTAL EXPRESSWAY,17.953
marina_coastal_expressway,Marina Coastal Expressway,3114.0,31756.963,28673.129,12.221,13.253,13.253,9.982,2.0,MARINA COASTAL EXPRESSWAY,17.89
marina_coastal_expressway,Marina Coastal Expressway,3116.0,31755.369,28671.921,14.086,13.52,13.52,,,MARINA COASTAL EXPRESSWAY,17.828
marina_coastal_expressway,Marina Coastal Expressway,3118.0,31753.775,28670.713,13.786,13.786,13.52,,,MARINA COASTAL EXPRESSWAY,17.766
marina_coastal_expressway,Marina Coastal Expressway,3120.0,31752.181,28669.506,14.136,13.642,13.52,,,MARINA COASTAL EXPRESSWAY,17.703
marina_coastal_expressway,Marina Coastal Expressway,3122.0,31750.587,28668.298,13.786,13.498,13.498,-3.86,1.0,MARINA COASTAL EXPRESSWAY,17.641
marina_coastal_expressway,Marina Coastal Expressway,3124.0,31748.993,28667.09,13.686,13.355,13.355,,,MARINA COASTAL EXPRESSWAY,17.579
marina_coastal_expressway,Marina Coastal Expressway,3126.0,31747.399,28665.882,13.211,13.211,13.211,,,MARINA COASTAL EXPRESSWAY,17.517
marina_coastal_expressway,Marina Coastal Expressway,3128.0,31745.805,28664.674,13.186,13.186,13.186,,,MARINA COASTAL EXPRESSWAY,17.454
marina_coastal_expressway,Marina Coastal Expressway,3130.0,31744.211,28663.466,12.886,12.886,12.886,-6.25,1.0,MARINA COASTAL EXPRESSWAY,17.392
marina_coastal_expressway,Marina Coastal Expressway,3132.0,31742.617,28662.258,12.736,12.736,12.736,,,MARINA COASTAL EXPRESSWAY,17.33
marina_coastal_expressway,Marina Coastal Expressway,3134.0,31741.023,28661.05,12.711,12.711,12.711,,,MARINA COASTAL EXPRESSWAY,17.267
marina_coastal_expressway,Marina Coastal Expressway,3136.0,31739.429,28659.843,12.661,12.365,12.365,,,MARINA COASTAL EXPRESSWAY,17.205
marina_coastal_expressway,Marina Coastal Expressway,3138.0,31737.835,28658.635,12.486,12.02,12.02,,,MARINA COASTAL EXPRESSWAY,17.143
marina_coastal_expressway,Marina Coastal Expressway,3140.0,31736.24,28657.427,12.536,11.674,11.674,,,MARINA COASTAL EXPRESSWAY,17.08
marina_coastal_expressway,Marina Coastal Expressway,3142.0,31734.646,28656.219,12.486,11.389,11.389,,,MARINA COASTAL EXPRESSWAY,17.018
marina_coastal_expressway,Marina Coastal Expressway,3144.0,31733.052,28655.011,10.636,11.105,11.105,,,MARINA COASTAL EXPRESSWAY,16.956
marina_coastal_expressway,Marina Coastal Expressway,3146.0,31731.458,28653.803,10.536,10.82,10.82,,,MARINA COASTAL EXPRESSWAY,16.894
marina_coastal_expressway,Marina Coastal Expressway,3148.0,31729.864,28652.595,10.536,10.536,10.536,,,MARINA COASTAL EXPRESSWAY,16.831
marina_coastal_expressway,Marina Coastal Expressway,3150.0,31728.27,28651.387,10.486,10.486,10.486,,,MARINA COASTAL EXPRESSWAY,16.769
marina_coastal_expressway,Marina Coastal Expressway,3152.0,31726.676,28650.18,10.436,10.436,10.486,-0.625,1.0,MARINA COASTAL EXPRESSWAY,16.707
marina_coastal_expressway,Marina Coastal Expressway,3154.0,31725.082,28648.972,10.336,10.336,10.486,3.125,1.0,MARINA COASTAL EXPRESSWAY,16.644
marina_coastal_expressway,Marina Coastal Expressway,3156.0,31723.488,28647.764,10.486,10.486,10.486,4.844,1.0,MARINA COASTAL EXPRESSWAY,16.582
marina_coastal_expressway,Marina Coastal Expressway,3158.0,31721.894,28646.556,10.736,10.736,10.736,6.563,1.0,MARINA COASTAL EXPRESSWAY,16.52
marina_coastal_expressway,Marina Coastal Expressway,3160.0,31720.3,28645.348,11.286,11.011,11.011,,,MARINA COASTAL EXPRESSWAY,16.457
marina_coastal_expressway,Marina Coastal Expressway,3162.0,31718.706,28644.14,11.286,11.286,11.011,,,MARINA COASTAL EXPRESSWAY,16.395
marina_coastal_expressway,Marina Coastal Expressway,3164.0,31717.112,28642.932,11.336,11.026,11.011,,,MARINA COASTAL EXPRESSWAY,16.333
marina_coastal_expressway,Marina Coastal Expressway,3166.0,31715.518,28641.725,11.336,10.767,10.767,,,MARINA COASTAL EXPRESSWAY,16.271
marina_coastal_expressway,Marina Coastal Expressway,3168.0,31713.924,28640.517,10.936,10.559,10.559,,,MARINA COASTAL EXPRESSWAY,16.208
marina_coastal_expressway,Marina Coastal Expressway,3170.0,31712.329,28639.309,9.936,10.351,10.351,,,MARINA COASTAL EXPRESSWAY,16.146
marina_coastal_expressway,Marina Coastal Expressway,3172.0,31710.735,28638.101,9.836,10.144,10.144,,,MARINA COASTAL EXPRESSWAY,16.084
marina_coastal_expressway,Marina Coastal Expressway,3174.0,31709.141,28636.893,9.936,9.936,9.936,,,MARINA COASTAL EXPRESSWAY,16.021
marina_coastal_expressway,Marina Coastal Expressway,3176.0,31707.547,28635.685,18.536,9.638,9.638,,,MARINA COASTAL EXPRESSWAY,15.959
marina_coastal_expressway,Marina Coastal Expressway,3178.0,31705.953,28634.477,12.656,9.341,9.527,-7.436,1.0,MARINA COASTAL EXPRESSWAY,15.897
marina_coastal_expressway,Marina Coastal Expressway,3180.0,31704.359,28633.269,9.043,9.434,9.434,,,MARINA COASTAL EXPRESSWAY,15.834
marina_coastal_expressway,Marina Coastal Expressway,3182.0,31702.765,28632.062,8.668,9.527,9.341,,,MARINA COASTAL EXPRESSWAY,15.772
marina_coastal_expressway,Marina Coastal Expressway,3184.0,31701.171,28630.854,8.968,9.267,9.267,,,MARINA COASTAL EXPRESSWAY,15.71
marina_coastal_expressway,Marina Coastal Expressway,3186.0,31699.577,28629.646,10.493,9.007,9.007,,,MARINA COASTAL EXPRESSWAY,15.648
marina_coastal_expressway,Marina Coastal Expressway,3188.0,31697.983,28628.438,11.243,8.748,8.748,,,MARINA COASTAL EXPRESSWAY,15.585
marina_coastal_expressway,Marina Coastal Expressway,3190.0,31696.389,28627.23,10.793,8.488,8.488,,,MARINA COASTAL EXPRESSWAY,15.523
marina_coastal_expressway,Marina Coastal Expressway,3192.0,31694.795,28626.022,10.843,8.228,8.228,,,MARINA COASTAL EXPRESSWAY,15.461
marina_coastal_expressway,Marina Coastal Expressway,3194.0,31693.201,28624.814,7.968,7.968,7.968,,,MARINA COASTAL EXPRESSWAY,15.398
marina_coastal_expressway,Marina Coastal Expressway,3196.0,31691.607,28623.606,7.968,7.816,7.816,,,MARINA COASTAL EXPRESSWAY,15.336
marina_coastal_expressway,Marina Coastal Expressway,3198.0,31690.013,28622.399,7.668,7.664,7.664,,,MARINA COASTAL EXPRESSWAY,15.274
marina_coastal_expressway,Marina Coastal Expressway,3200.0,31688.419,28621.191,7.568,7.38,7.38,,,MARINA COASTAL EXPRESSWAY,15.211
marina_coastal_expressway,Marina Coastal Expressway,3202.0,31686.824,28619.983,7.643,7.096,7.096,,,MARINA COASTAL EXPRESSWAY,15.149
marina_coastal_expressway,Marina Coastal Expressway,3204.0,31685.23,28618.775,5.881,6.812,6.812,,,MARINA COASTAL EXPRESSWAY,15.087
marina_coastal_expressway,Marina Coastal Expressway,3206.0,31683.636,28617.567,6.018,6.528,6.528,,,MARINA COASTAL EXPRESSWAY,15.025
marina_coastal_expressway,Marina Coastal Expressway,3208.0,31682.042,28616.359,5.893,6.245,6.245,,,MARINA COASTAL EXPRESSWAY,14.962
marina_coastal_expressway,Marina Coastal Expressway,3210.0,31680.448,28615.151,5.331,5.961,5.961,,,MARINA COASTAL EXPRESSWAY,14.9
marina_coastal_expressway,Marina Coastal Expressway,3212.0,31678.854,28613.943,5.781,5.677,5.677,,,MARINA COASTAL EXPRESSWAY,14.838
marina_coastal_expressway,Marina Coastal Expressway,3214.0,31677.26,28612.736,5.568,5.568,5.677,,,MARINA COASTAL EXPRESSWAY,14.775
marina_coastal_expressway,Marina Coastal Expressway,3216.0,31675.666,28611.528,4.781,5.648,5.648,,,MARINA COASTAL EXPRESSWAY,14.713
marina_coastal_expressway,Marina Coastal Expressway,3218.0,31674.072,28610.32,4.718,5.727,5.568,,,MARINA COASTAL EXPRESSWAY,14.651
marina_coastal_expressway,Marina Coastal Expressway,3220.0,31672.478,28609.112,5.806,5.478,5.478,,,MARINA COASTAL EXPRESSWAY,14.588
marina_coastal_expressway,Marina Coastal Expressway,3222.0,31670.884,28607.904,5.868,5.229,5.229,,,MARINA COASTAL EXPRESSWAY,14.526
marina_coastal_expressway,Marina Coastal Expressway,3224.0,31669.29,28606.696,5.656,4.98,4.98,,,MARINA COASTAL EXPRESSWAY,14.464
marina_coastal_expressway,Marina Coastal Expressway,3226.0,31667.696,28605.488,4.731,4.731,4.768,,,MARINA COASTAL EXPRESSWAY,14.402
marina_coastal_expressway,Marina Coastal Expressway,3228.0,31666.102,28604.28,4.718,4.718,4.743,,,MARINA COASTAL EXPRESSWAY,14.339
marina_coastal_expressway,Marina Coastal Expressway,3230.0,31664.508,28603.073,4.768,4.768,4.743,,,MARINA COASTAL EXPRESSWAY,14.277
marina_coastal_expressway,Marina Coastal Expressway,3232.0,31662.913,28601.865,4.743,4.743,4.768,,,MARINA COASTAL EXPRESSWAY,14.215
marina_coastal_expressway,Marina Coastal Expressway,3234.0,31661.319,28600.657,7.056,4.988,4.988,,,MARINA COASTAL EXPRESSWAY,14.152
marina_coastal_expressway,Marina Coastal Expressway,3236.0,31659.725,28599.449,8.218,5.232,5.232,,,MARINA COASTAL EXPRESSWAY,14.09
marina_coastal_expressway,Marina Coastal Expressway,3238.0,31658.131,28598.241,6.981,5.477,5.477,,,MARINA COASTAL EXPRESSWAY,14.028
marina_coastal_expressway,Marina Coastal Expressway,3240.0,31656.537,28597.033,4.693,5.721,5.721,,,MARINA COASTAL EXPRESSWAY,13.965
marina_coastal_expressway,Marina Coastal Expressway,3242.0,31654.943,28595.825,5.918,5.966,5.966,,,MARINA COASTAL EXPRESSWAY,13.903
marina_coastal_expressway,Marina Coastal Expressway,3244.0,31653.349,28594.618,4.543,6.21,6.21,,,MARINA COASTAL EXPRESSWAY,13.841
marina_coastal_expressway,Marina Coastal Expressway,3246.0,31651.755,28593.41,4.518,6.454,6.454,,,MARINA COASTAL EXPRESSWAY,13.779
marina_coastal_expressway,Marina Coastal Expressway,3248.0,31650.161,28592.202,8.368,6.699,6.699,,,MARINA COASTAL EXPRESSWAY,13.716
marina_coastal_expressway,Marina Coastal Expressway,3250.0,31648.567,28590.994,6.943,6.943,6.931,,,MARINA COASTAL EXPRESSWAY,13.654
marina_coastal_expressway,Marina Coastal Expressway,3252.0,31646.973,28589.786,4.643,6.937,6.937,,,MARINA COASTAL EXPRESSWAY,13.592
marina_coastal_expressway,Marina Coastal Expressway,3254.0,31645.379,28588.578,6.931,6.931,6.943,,,MARINA COASTAL EXPRESSWAY,13.529
marina_coastal_expressway,Marina Coastal Expressway,3256.0,31643.785,28587.37,7.068,7.068,7.032,,,MARINA COASTAL EXPRESSWAY,13.467
marina_coastal_expressway,Marina Coastal Expressway,3258.0,31642.191,28586.162,5.718,7.05,7.032,,,MARINA COASTAL EXPRESSWAY,13.405
marina_coastal_expressway,Marina Coastal Expressway,3260.0,31640.597,28584.955,7.131,7.032,7.032,,,MARINA COASTAL EXPRESSWAY,13.342
marina_coastal_expressway,Marina Coastal Expressway,3262.0,31639.002,28583.747,6.343,7.014,7.014,,,MARINA COASTAL EXPRESSWAY,13.28
marina_coastal_expressway,Marina Coastal Expressway,3264.0,31637.408,28582.539,7.156,6.996,6.996,,,MARINA COASTAL EXPRESSWAY,13.218
marina_coastal_expressway,Marina Coastal Expressway,3266.0,31635.814,28581.331,6.106,6.977,6.977,,,MARINA COASTAL EXPRESSWAY,13.156
marina_coastal_expressway,Marina Coastal Expressway,3268.0,31634.22,28580.123,6.431,6.959,6.959,,,MARINA COASTAL EXPRESSWAY,13.093
marina_coastal_expressway,Marina Coastal Expressway,3270.0,31632.626,28578.915,4.768,6.941,6.941,,,MARINA COASTAL EXPRESSWAY,13.031
marina_coastal_expressway,Marina Coastal Expressway,3272.0,31631.032,28577.707,6.143,6.923,6.923,,,MARINA COASTAL EXPRESSWAY,12.969
marina_coastal_expressway,Marina Coastal Expressway,3274.0,31629.438,28576.499,5.668,6.905,6.905,,,MARINA COASTAL EXPRESSWAY,12.906
marina_coastal_expressway,Marina Coastal Expressway,3276.0,31627.844,28575.292,6.618,6.887,6.905,,,MARINA COASTAL EXPRESSWAY,12.844
marina_coastal_expressway,Marina Coastal Expressway,3278.0,31626.25,28574.084,13.643,6.868,6.905,,,MARINA COASTAL EXPRESSWAY,12.782
marina_coastal_expressway,Marina Coastal Expressway,3280.0,31624.656,28572.876,7.118,7.118,7.118,,,MARINA COASTAL EXPRESSWAY,12.719
marina_coastal_expressway,Marina Coastal Expressway,3282.0,31623.062,28571.668,6.518,7.183,7.183,,,MARINA COASTAL EXPRESSWAY,12.657
marina_coastal_expressway,Marina Coastal Expressway,3284.0,31621.468,28570.46,8.318,7.248,7.248,,,MARINA COASTAL EXPRESSWAY,12.595
marina_coastal_expressway,Marina Coastal Expressway,3286.0,31619.874,28569.252,9.768,7.312,7.312,,,MARINA COASTAL EXPRESSWAY,12.533
marina_coastal_expressway,Marina Coastal Expressway,3288.0,31618.28,28568.044,6.881,7.377,7.377,,,MARINA COASTAL EXPRESSWAY,12.47
marina_coastal_expressway,Marina Coastal Expressway,3290.0,31616.686,28566.836,7.656,7.441,7.377,,,MARINA COASTAL EXPRESSWAY,12.408
marina_coastal_expressway,Marina Coastal Expressway,3292.0,31615.091,28565.629,7.506,7.506,7.377,,,MARINA COASTAL EXPRESSWAY,12.346
marina_coastal_expressway,Marina Coastal Expressway,3294.0,31613.497,28564.421,7.318,7.318,7.318,,,MARINA COASTAL EXPRESSWAY,12.283
marina_coastal_expressway,Marina Coastal Expressway,3296.0,31611.903,28563.213,6.618,7.075,7.075,,,MARINA COASTAL EXPRESSWAY,12.221
marina_coastal_expressway,Marina Coastal Expressway,3298.0,31610.309,28562.005,7.356,6.796,6.796,,,MARINA COASTAL EXPRESSWAY,12.159
marina_coastal_expressway,Marina Coastal Expressway,3300.0,31608.715,28560.797,12.456,6.516,6.516,,,MARINA COASTAL EXPRESSWAY,12.096
marina_coastal_expressway,Marina Coastal Expressway,3302.0,31607.121,28559.589,6.943,6.273,6.273,,,MARINA COASTAL EXPRESSWAY,12.034
marina_coastal_expressway,Marina Coastal Expressway,3304.0,31605.527,28558.381,5.543,6.03,6.03,,,MARINA COASTAL EXPRESSWAY,11.972
marina_coastal_expressway,Marina Coastal Expressway,3306.0,31603.933,28557.173,5.568,5.787,5.787,,,MARINA COASTAL EXPRESSWAY,11.91
marina_coastal_expressway,Marina Coastal Expressway,3308.0,31602.339,28555.966,5.543,5.543,5.543,,,MARINA COASTAL EXPRESSWAY,11.847
marina_coastal_expressway,Marina Coastal Expressway,3310.0,31600.745,28554.758,5.443,5.443,5.443,,,MARINA COASTAL EXPRESSWAY,11.785
marina_coastal_expressway,Marina Coastal Expressway,3312.0,31599.151,28553.55,5.393,5.393,5.393,-4.375,1.0,MARINA COASTAL EXPRESSWAY,11.723
marina_coastal_expressway,Marina Coastal Expressway,3314.0,31597.557,28552.342,5.281,5.281,5.281,-3.281,1.0,MARINA COASTAL EXPRESSWAY,11.66
marina_coastal_expressway,Marina Coastal Expressway,3316.0,31595.963,28551.134,5.181,5.181,5.193,-2.656,1.0,MARINA COASTAL EXPRESSWAY,11.598
marina_coastal_expressway,Marina Coastal Expressway,3318.0,31594.369,28549.926,5.143,5.143,5.181,-1.406,1.0,MARINA COASTAL EXPRESSWAY,11.536
marina_coastal_expressway,Marina Coastal Expressway,3320.0,31592.775,28548.718,5.193,5.193,5.181,0.0,1.0,MARINA COASTAL EXPRESSWAY,11.473
marina_coastal_expressway,Marina Coastal Expressway,3322.0,31591.181,28547.51,5.118,5.118,5.168,0.937,1.0,MARINA COASTAL EXPRESSWAY,11.411
marina_coastal_expressway,Marina Coastal Expressway,3324.0,31589.586,28546.303,5.318,5.318,5.193,1.094,1.0,MARINA COASTAL EXPRESSWAY,11.349
marina_coastal_expressway,Marina Coastal Expressway,3326.0,31587.992,28545.095,5.168,5.168,5.256,1.25,1.0,MARINA COASTAL EXPRESSWAY,11.287
marina_coastal_expressway,Marina Coastal Expressway,3328.0,31586.398,28543.887,5.256,5.256,5.268,2.5,1.0,MARINA COASTAL EXPRESSWAY,11.224
marina_coastal_expressway,Marina Coastal Expressway,3330.0,31584.804,28542.679,5.268,5.268,5.268,2.301,1.0,MARINA COASTAL EXPRESSWAY,11.162
marina_coastal_expressway,Marina Coastal Expressway,3332.0,31583.21,28541.471,5.393,5.393,5.393,2.102,1.0,MARINA COASTAL EXPRESSWAY,11.1
marina_coastal_expressway,Marina Coastal Expressway,3334.0,31581.616,28540.263,5.72,5.544,5.436,2.102,1.0,MARINA COASTAL EXPRESSWAY,11.037
marina_coastal_expressway,Marina Coastal Expressway,3336.0,31580.022,28539.055,5.695,5.695,5.436,,,MARINA COASTAL EXPRESSWAY,10.975
marina_coastal_expressway,Marina Coastal Expressway,3338.0,31578.428,28537.848,5.436,5.436,5.436,,,MARINA COASTAL EXPRESSWAY,10.913
marina_coastal_expressway,Marina Coastal Expressway,3340.0,31576.834,28536.64,6.178,5.41,5.41,-0.331,1.0,MARINA COASTAL EXPRESSWAY,10.85
marina_coastal_expressway,Marina Coastal Expressway,3342.0,31575.24,28535.432,5.968,5.384,5.41,,,MARINA COASTAL EXPRESSWAY,10.788
marina_coastal_expressway,Marina Coastal Expressway,3344.0,31573.646,28534.224,5.357,5.357,5.41,,,MARINA COASTAL EXPRESSWAY,10.726
marina_coastal_expressway,Marina Coastal Expressway,3346.0,31572.052,28533.016,5.074,5.503,5.432,,,MARINA COASTAL EXPRESSWAY,10.664
marina_coastal_expressway,Marina Coastal Expressway,3348.0,31570.458,28531.808,5.649,5.649,5.459,,,MARINA COASTAL EXPRESSWAY,10.601
marina_coastal_expressway,Marina Coastal Expressway,3350.0,31568.864,28530.6,5.432,5.432,5.485,,,MARINA COASTAL EXPRESSWAY,10.539
marina_coastal_expressway,Marina Coastal Expressway,3352.0,31567.27,28529.392,6.019,5.459,5.485,0.664,1.0,MARINA COASTAL EXPRESSWAY,10.477
marina_coastal_expressway,Marina Coastal Expressway,3354.0,31565.675,28528.185,5.3,5.485,5.485,,,MARINA COASTAL EXPRESSWAY,10.414
marina_coastal_expressway,Marina Coastal Expressway,3356.0,31564.081,28526.977,5.512,5.512,5.512,,,MARINA COASTAL EXPRESSWAY,10.352
marina_coastal_expressway,Marina Coastal Expressway,3358.0,31562.487,28525.769,5.822,5.632,5.512,,,MARINA COASTAL EXPRESSWAY,10.29
marina_coastal_expressway,Marina Coastal Expressway,3360.0,31560.893,28524.561,5.752,5.752,5.632,1.512,1.0,MARINA COASTAL EXPRESSWAY,10.227
marina_coastal_expressway,Marina Coastal Expressway,3362.0,31559.299,28523.353,5.478,5.478,5.632,,,MARINA COASTAL EXPRESSWAY,10.165
marina_coastal_expressway,Marina Coastal Expressway,3364.0,31557.705,28522.145,5.633,5.633,5.633,,,MARINA COASTAL EXPRESSWAY,10.103
marina_coastal_expressway,Marina Coastal Expressway,3366.0,31556.111,28520.937,5.116,5.476,5.633,,,MARINA COASTAL EXPRESSWAY,10.041
marina_coastal_expressway,Marina Coastal Expressway,3368.0,31554.517,28519.729,5.32,5.718,5.718,,,MARINA COASTAL EXPRESSWAY,9.978
marina_coastal_expressway,Marina Coastal Expressway,3370.0,31552.923,28518.522,5.583,5.96,5.96,,,MARINA COASTAL EXPRESSWAY,9.916
marina_coastal_expressway,Marina Coastal Expressway,3372.0,31551.329,28517.314,5.191,6.201,6.201,,,MARINA COASTAL EXPRESSWAY,9.854
marina_coastal_expressway,Marina Coastal Expressway,3374.0,31549.735,28516.106,5.074,6.443,6.443,,,MARINA COASTAL EXPRESSWAY,9.791
marina_coastal_expressway,Marina Coastal Expressway,3376.0,31548.141,28514.898,6.921,6.727,6.727,,,MARINA COASTAL EXPRESSWAY,9.729
marina_coastal_expressway,Marina Coastal Expressway,3378.0,31546.547,28513.69,6.074,7.012,7.012,,,MARINA COASTAL EXPRESSWAY,9.667
marina_coastal_expressway,Marina Coastal Expressway,3380.0,31544.953,28512.482,8.249,7.298,7.298,,,MARINA COASTAL EXPRESSWAY,9.604
marina_coastal_expressway,Marina Coastal Expressway,3382.0,31543.359,28511.274,7.803,7.585,7.585,,,MARINA COASTAL EXPRESSWAY,9.542
marina_coastal_expressway,Marina Coastal Expressway,3384.0,31541.764,28510.066,8.59,7.871,7.871,,,MARINA COASTAL EXPRESSWAY,9.48
marina_coastal_expressway,Marina Coastal Expressway,3386.0,31540.17,28508.859,9.143,8.157,8.157,,,MARINA COASTAL EXPRESSWAY,9.418
marina_coastal_expressway,Marina Coastal Expressway,3388.0,31538.576,28507.651,8.943,8.443,8.443,,,MARINA COASTAL EXPRESSWAY,9.355
marina_coastal_expressway,Marina Coastal Expressway,3390.0,31536.982,28506.443,9.846,8.73,8.73,,,MARINA COASTAL EXPRESSWAY,9.293
marina_coastal_expressway,Marina Coastal Expressway,3392.0,31535.388,28505.235,8.874,9.016,9.016,,,MARINA COASTAL EXPRESSWAY,9.231
marina_coastal_expressway,Marina Coastal Expressway,3394.0,31533.794,28504.027,9.053,9.053,9.016,,,MARINA COASTAL EXPRESSWAY,9.168
marina_coastal_expressway,Marina Coastal Expressway,3396.0,31532.2,28502.819,7.849,9.037,9.016,,,MARINA COASTAL EXPRESSWAY,9.106
marina_coastal_expressway,Marina Coastal Expressway,3398.0,31530.606,28501.611,9.01,8.82,8.82,,,MARINA COASTAL EXPRESSWAY,9.044
marina_coastal_expressway,Marina Coastal Expressway,3400.0,31529.012,28500.403,9.006,8.603,8.603,,,MARINA COASTAL EXPRESSWAY,8.981
marina_coastal_expressway,Marina Coastal Expressway,3402.0,31527.418,28499.196,8.681,8.027,8.027,,,MARINA COASTAL EXPRESSWAY,8.919
marina_coastal_expressway,Marina Coastal Expressway,3404.0,31525.824,28497.988,6.081,7.451,7.451,,,MARINA COASTAL EXPRESSWAY,8.857
marina_coastal_expressway,Marina Coastal Expressway,3406.0,31524.23,28496.78,5.631,6.875,6.875,,,MARINA COASTAL EXPRESSWAY,8.794
marina_coastal_expressway,Marina Coastal Expressway,3408.0,31522.636,28495.572,4.796,,6.299,,,MARINA COASTAL EXPRESSWAY,8.732
marina_coastal_expressway,Marina Coastal Expressway,3410.0,31521.042,28494.364,4.617,5.723,5.723,,,MARINA COASTAL EXPRESSWAY,8.67
marina_coastal_expressway,Marina Coastal Expressway,3412.0,31519.448,28493.156,4.078,5.147,5.147,,,MARINA COASTAL EXPRESSWAY,8.608
marina_coastal_expressway,Marina Coastal Expressway,3432.0,31503.507,28481.078,4.01,4.571,4.571,,,MARINA COASTAL EXPRESSWAY,7.985
marina_coastal_expressway,Marina Coastal Expressway,3434.0,31501.913,28479.87,3.996,3.996,3.996,,,MARINA COASTAL EXPRESSWAY,7.922
marina_coastal_expressway,Marina Coastal Expressway,3436.0,31500.319,28478.662,3.981,3.981,3.996,,,MARINA COASTAL EXPRESSWAY,7.86
marina_coastal_expressway,Marina Coastal Expressway,3438.0,31498.725,28477.454,3.988,3.988,3.995,-0.011,1.0,MARINA COASTAL EXPRESSWAY,7.798
marina_coastal_expressway,Marina Coastal Expressway,3440.0,31497.131,28476.246,4.186,4.186,3.995,-0.011,1.0,MARINA COASTAL EXPRESSWAY,7.735
marina_coastal_expressway,Marina Coastal Expressway,3442.0,31495.537,28475.038,3.995,3.995,3.995,-0.052,1.0,MARINA COASTAL EXPRESSWAY,7.673
marina_coastal_expressway,Marina Coastal Expressway,3444.0,31493.943,28473.83,3.995,3.995,3.995,-0.052,1.0,MARINA COASTAL EXPRESSWAY,7.611
marina_coastal_expressway,Marina Coastal Expressway,3446.0,31492.348,28472.622,3.99,3.99,3.99,-0.052,1.0,MARINA COASTAL EXPRESSWAY,7.549
marina_coastal_expressway,Marina Coastal Expressway,3448.0,31490.754,28471.415,3.99,3.99,3.99,1.979,1.0,MARINA COASTAL EXPRESSWAY,7.486
marina_coastal_expressway,Marina Coastal Expressway,3450.0,31489.16,28470.207,3.986,3.986,3.99,3.385,1.0,MARINA COASTAL EXPRESSWAY,7.424
marina_coastal_expressway,Marina Coastal Expressway,3452.0,31487.566,28468.999,4.153,4.153,4.153,3.385,1.0,MARINA COASTAL EXPRESSWAY,7.362
marina_coastal_expressway,Marina Coastal Expressway,3454.0,31485.972,28467.791,4.261,4.261,4.261,3.75,1.0,MARINA COASTAL EXPRESSWAY,7.299
marina_coastal_expressway,Marina Coastal Expressway,3456.0,31484.378,28466.583,4.261,4.261,4.261,2.5,1.0,MARINA COASTAL EXPRESSWAY,7.237
marina_coastal_expressway,Marina Coastal Expressway,3458.0,31482.784,28465.375,4.29,4.29,4.29,2.344,1.0,MARINA COASTAL EXPRESSWAY,7.175
marina_coastal_expressway,Marina Coastal Expressway,3460.0,31481.19,28464.167,4.353,4.353,4.353,,,MARINA COASTAL EXPRESSWAY,7.112
marina_coastal_expressway,Marina Coastal Expressway,3462.0,31479.596,28462.959,4.449,4.449,4.449,,,MARINA COASTAL EXPRESSWAY,7.05
marina_coastal_expressway,Marina Coastal Expressway,3464.0,31478.002,28461.752,4.628,4.805,4.805,,,MARINA COASTAL EXPRESSWAY,6.988
marina_coastal_expressway,Marina Coastal Expressway,3466.0,31476.408,28460.544,4.645,5.162,5.162,,,MARINA COASTAL EXPRESSWAY,6.926
marina_coastal_expressway,Marina Coastal Expressway,3468.0,31474.814,28459.336,4.474,5.605,5.605,,,MARINA COASTAL EXPRESSWAY,6.863
marina_coastal_expressway,Marina Coastal Expressway,3470.0,31473.22,28458.128,4.506,6.049,6.049,,,MARINA COASTAL EXPRESSWAY,6.801
marina_coastal_expressway,Marina Coastal Expressway,3472.0,31471.626,28456.92,4.463,6.493,6.493,,,MARINA COASTAL EXPRESSWAY,6.739
marina_coastal_expressway,Marina Coastal Expressway,3474.0,31470.032,28455.712,10.399,6.936,6.936,,,MARINA COASTAL EXPRESSWAY,6.676
marina_coastal_expressway,Marina Coastal Expressway,3476.0,31468.437,28454.504,10.92,7.38,7.38,,,MARINA COASTAL EXPRESSWAY,6.614
marina_coastal_expressway,Marina Coastal Expressway,3478.0,31466.843,28453.296,9.866,7.462,7.462,,,MARINA COASTAL EXPRESSWAY,6.552
marina_coastal_expressway,Marina Coastal Expressway,3480.0,31465.249,28452.089,9.303,7.544,7.544,,,MARINA COASTAL EXPRESSWAY,6.489
marina_coastal_expressway,Marina Coastal Expressway,3482.0,31463.655,28450.881,7.949,7.627,7.544,,,MARINA COASTAL EXPRESSWAY,6.427
marina_coastal_expressway,Marina Coastal Expressway,3484.0,31462.061,28449.673,8.703,7.709,7.544,,,MARINA COASTAL EXPRESSWAY,6.365
marina_coastal_expressway,Marina Coastal Expressway,3486.0,31460.467,28448.465,11.432,7.469,7.469,,,MARINA COASTAL EXPRESSWAY,6.302
marina_coastal_expressway,Marina Coastal Expressway,3488.0,31458.873,28447.257,8.07,7.229,7.229,,,MARINA COASTAL EXPRESSWAY,6.24
marina_coastal_expressway,Marina Coastal Expressway,3490.0,31457.279,28446.049,7.366,6.989,6.989,,,MARINA COASTAL EXPRESSWAY,6.178
marina_coastal_expressway,Marina Coastal Expressway,3492.0,31455.685,28444.841,7.199,6.749,6.749,,,MARINA COASTAL EXPRESSWAY,6.116
marina_coastal_expressway,Marina Coastal Expressway,3494.0,31454.091,28443.633,6.72,6.51,6.51,,,MARINA COASTAL EXPRESSWAY,6.053
marina_coastal_expressway,Marina Coastal Expressway,3496.0,31452.497,28442.426,6.27,6.27,6.398,,,MARINA COASTAL EXPRESSWAY,5.991
marina_coastal_expressway,Marina Coastal Expressway,3498.0,31450.903,28441.218,6.124,6.124,6.398,,,MARINA COASTAL EXPRESSWAY,5.929
marina_coastal_expressway,Marina Coastal Expressway,3500.0,31449.309,28440.01,6.917,6.398,6.398,0.0,1.0,MARINA COASTAL EXPRESSWAY,5.866
marina_coastal_expressway,Marina Coastal Expressway,3502.0,31447.715,28438.802,8.847,6.672,6.398,,,MARINA COASTAL EXPRESSWAY,5.804
marina_coastal_expressway,Marina Coastal Expressway,3504.0,31446.121,28437.594,6.427,6.427,6.398,,,MARINA COASTAL EXPRESSWAY,5.742
marina_coastal_expressway,Marina Coastal Expressway,3506.0,31444.527,28436.386,5.697,6.239,6.239,,,MARINA COASTAL EXPRESSWAY,5.679
marina_coastal_expressway,Marina Coastal Expressway,3508.0,31442.932,28435.178,6.722,6.05,6.05,,,MARINA COASTAL EXPRESSWAY,5.617
marina_coastal_expressway,Marina Coastal Expressway,3510.0,31441.338,28433.97,8.488,5.861,5.861,,,MARINA COASTAL EXPRESSWAY,5.555
marina_coastal_expressway,Marina Coastal Expressway,3512.0,31439.744,28432.763,5.669,5.673,5.673,,,MARINA COASTAL EXPRESSWAY,5.493
marina_coastal_expressway,Marina Coastal Expressway,3514.0,31438.15,28431.555,4.701,5.484,5.484,,,MARINA COASTAL EXPRESSWAY,5.43
marina_coastal_expressway,Marina Coastal Expressway,3516.0,31436.556,28430.347,4.301,5.295,5.295,,,MARINA COASTAL EXPRESSWAY,5.368
marina_coastal_expressway,Marina Coastal Expressway,3518.0,31434.962,28429.139,5.143,5.107,5.107,,,MARINA COASTAL EXPRESSWAY,5.306
marina_coastal_expressway,Marina Coastal Expressway,3520.0,31433.368,28427.931,4.918,4.918,4.976,,,MARINA COASTAL EXPRESSWAY,5.243
marina_coastal_expressway,Marina Coastal Expressway,3522.0,31431.774,28426.723,4.634,4.947,4.971,,,MARINA COASTAL EXPRESSWAY,5.181
marina_coastal_expressway,Marina Coastal Expressway,3524.0,31430.18,28425.515,4.976,4.976,4.965,,,MARINA COASTAL EXPRESSWAY,5.119
marina_coastal_expressway,Marina Coastal Expressway,3526.0,31428.586,28424.308,5.41,4.971,4.965,,,MARINA COASTAL EXPRESSWAY,5.056
marina_coastal_expressway,Marina Coastal Expressway,3528.0,31426.992,28423.1,4.81,4.965,4.965,-1.319,1.0,MARINA COASTAL EXPRESSWAY,4.994
marina_coastal_expressway,Marina Coastal Expressway,3530.0,31425.398,28421.892,4.96,4.96,4.96,,,MARINA COASTAL EXPRESSWAY,4.932
marina_coastal_expressway,Marina Coastal Expressway,3532.0,31423.804,28420.684,4.86,4.86,4.86,,,MARINA COASTAL EXPRESSWAY,4.87
marina_coastal_expressway,Marina Coastal Expressway,3534.0,31422.21,28419.476,4.743,4.743,4.784,-2.708,1.0,MARINA COASTAL EXPRESSWAY,4.807
marina_coastal_expressway,Marina Coastal Expressway,3536.0,31420.616,28418.268,6.601,4.764,4.764,-1.979,1.0,MARINA COASTAL EXPRESSWAY,4.745
marina_coastal_expressway,Marina Coastal Expressway,3538.0,31419.021,28417.06,4.784,4.784,4.743,-2.465,1.0,MARINA COASTAL EXPRESSWAY,4.683
marina_coastal_expressway,Marina Coastal Expressway,3540.0,31417.427,28415.852,4.534,4.534,4.701,-2.205,1.0,MARINA COASTAL EXPRESSWAY,4.62
marina_coastal_expressway,Marina Coastal Expressway,3542.0,31415.833,28414.645,4.701,4.701,4.587,-1.493,1.0,MARINA COASTAL EXPRESSWAY,4.558
marina_coastal_expressway,Marina Coastal Expressway,3544.0,31414.239,28413.437,4.551,4.551,4.587,-0.972,1.0,MARINA COASTAL EXPRESSWAY,4.496
marina_coastal_expressway,Marina Coastal Expressway,3546.0,31412.645,28412.229,6.884,4.587,4.623,0.903,1.0,MARINA COASTAL EXPRESSWAY,4.433
marina_coastal_expressway,Marina Coastal Expressway,3548.0,31411.051,28411.021,6.634,4.623,4.623,,,MARINA COASTAL EXPRESSWAY,4.371
marina_coastal_expressway,Marina Coastal Expressway,3550.0,31409.457,28409.813,4.66,4.66,4.66,,,MARINA COASTAL EXPRESSWAY,4.309
marina_coastal_expressway,Marina Coastal Expressway,3552.0,31407.863,28408.605,4.693,5.109,5.109,,,MARINA COASTAL EXPRESSWAY,4.247
marina_coastal_expressway,Marina Coastal Expressway,3554.0,31406.269,28407.397,4.451,5.558,5.558,,,MARINA COASTAL EXPRESSWAY,4.184
marina_coastal_expressway,Marina Coastal Expressway,3556.0,31404.675,28406.189,4.451,6.007,6.007,,,MARINA COASTAL EXPRESSWAY,4.122
marina_coastal_expressway,Marina Coastal Expressway,3558.0,31403.081,28404.982,4.56,,6.457,,,MARINA COASTAL EXPRESSWAY,4.06
marina_coastal_expressway,Marina Coastal Expressway,3560.0,31401.487,28403.774,6.421,6.906,6.906,,,MARINA COASTAL EXPRESSWAY,3.997
marina_coastal_expressway,Marina Coastal Expressway,3562.0,31399.893,28402.566,8.951,7.355,7.355,,,MARINA COASTAL EXPRESSWAY,3.935
marina_coastal_expressway,Marina Coastal Expressway,3564.0,31398.299,28401.358,8.836,7.804,7.804,,,MARINA COASTAL EXPRESSWAY,3.873
marina_coastal_expressway,Marina Coastal Expressway,3566.0,31396.705,28400.15,8.861,8.254,8.254,,,MARINA COASTAL EXPRESSWAY,3.81
marina_coastal_expressway,Marina Coastal Expressway,3568.0,31395.11,28398.942,7.486,8.419,8.419,,,MARINA COASTAL EXPRESSWAY,3.748
marina_coastal_expressway,Marina Coastal Expressway,3570.0,31393.516,28397.734,8.328,8.584,8.419,,,MARINA COASTAL EXPRESSWAY,3.686
marina_coastal_expressway,Marina Coastal Expressway,3572.0,31391.922,28396.526,7.078,8.446,8.419,,,MARINA COASTAL EXPRESSWAY,3.624
marina_coastal_expressway,Marina Coastal Expressway,3574.0,31390.328,28395.319,8.069,8.308,8.308,,,MARINA COASTAL EXPRESSWAY,3.561
marina_coastal_expressway,Marina Coastal Expressway,3576.0,31388.734,28394.111,8.169,8.194,8.194,,,MARINA COASTAL EXPRESSWAY,3.499
marina_coastal_expressway,Marina Coastal Expressway,3578.0,31387.14,28392.903,8.278,8.081,8.081,,,MARINA COASTAL EXPRESSWAY,3.437
marina_coastal_expressway,Marina Coastal Expressway,3580.0,31385.546,28391.695,9.932,7.665,7.665,,,MARINA COASTAL EXPRESSWAY,3.374
marina_coastal_expressway,Marina Coastal Expressway,3582.0,31383.952,28390.487,9.598,7.249,7.249,,,MARINA COASTAL EXPRESSWAY,3.312
marina_coastal_expressway,Marina Coastal Expressway,3584.0,31382.358,28389.279,9.648,6.833,6.833,,,MARINA COASTAL EXPRESSWAY,3.25
marina_coastal_expressway,Marina Coastal Expressway,3586.0,31380.764,28388.071,8.328,,6.417,,,MARINA COASTAL EXPRESSWAY,3.187
marina_coastal_expressway,Marina Coastal Expressway,3588.0,31379.17,28386.863,5.715,,6.001,,,MARINA COASTAL EXPRESSWAY,3.125
marina_coastal_expressway,Marina Coastal Expressway,3590.0,31377.576,28385.656,4.582,5.585,5.585,,,MARINA COASTAL EXPRESSWAY,3.063
marina_coastal_expressway,Marina Coastal Expressway,3592.0,31375.982,28384.448,4.455,5.169,5.169,,,MARINA COASTAL EXPRESSWAY,3.001
marina_coastal_expressway,Marina Coastal Expressway,3594.0,31374.388,28383.24,4.355,4.753,4.753,,,MARINA COASTAL EXPRESSWAY,2.938
marina_coastal_expressway,Marina Coastal Expressway,3596.0,31372.794,28382.032,4.337,4.337,4.355,,,MARINA COASTAL EXPRESSWAY,2.876
marina_coastal_expressway,Marina Coastal Expressway,3598.0,31371.199,28380.824,4.355,4.355,4.337,,,MARINA COASTAL EXPRESSWAY,2.814
marina_coastal_expressway,Marina Coastal Expressway,3600.0,31369.605,28379.616,4.326,4.326,4.326,-2.829,1.0,MARINA COASTAL EXPRESSWAY,2.751
marina_coastal_expressway,Marina Coastal Expressway,3602.0,31368.011,28378.408,4.14,4.14,4.14,-2.606,1.0,MARINA COASTAL EXPRESSWAY,2.689
marina_coastal_expressway,Marina Coastal Expressway,3604.0,31366.417,28377.2,4.128,4.128,4.128,-2.576,1.0,MARINA COASTAL EXPRESSWAY,2.627
marina_coastal_expressway,Marina Coastal Expressway,3606.0,31364.823,28375.993,4.128,4.128,4.128,-0.255,1.0,MARINA COASTAL EXPRESSWAY,2.565
marina_coastal_expressway,Marina Coastal Expressway,3608.0,31366.165,28376.717,4.12,4.12,4.12,-0.104,1.0,MARINA COASTAL EXPRESSWAY,2.378
marina_coastal_expressway,Marina Coastal Expressway,3610.0,31367.905,28377.703,4.119,4.119,4.12,2.025,1.0,MARINA COASTAL EXPRESSWAY,2.175
marina_coastal_expressway,Marina Coastal Expressway,3612.0,31369.645,28378.689,4.094,4.094,4.12,3.514,1.0,MARINA COASTAL EXPRESSWAY,1.972
marina_coastal_expressway,Marina Coastal Expressway,3614.0,31371.385,28379.675,4.29,4.29,4.29,3.558,1.0,MARINA COASTAL EXPRESSWAY,1.769
marina_coastal_expressway,Marina Coastal Expressway,3616.0,31373.125,28380.661,4.405,4.405,4.401,,,MARINA COASTAL EXPRESSWAY,1.566
marina_coastal_expressway,Marina Coastal Expressway,3618.0,31374.865,28381.647,4.401,4.401,4.405,,,MARINA COASTAL EXPRESSWAY,1.363
marina_coastal_expressway,Marina Coastal Expressway,3620.0,31376.605,28382.633,4.333,4.855,4.855,,,MARINA COASTAL EXPRESSWAY,1.16
marina_coastal_expressway,Marina Coastal Expressway,3622.0,31378.345,28383.619,4.34,5.309,5.309,,,MARINA COASTAL EXPRESSWAY,0.957
marina_coastal_expressway,Marina Coastal Expressway,3624.0,31380.085,28384.605,4.165,5.763,5.763,,,MARINA COASTAL EXPRESSWAY,0.754
marina_coastal_expressway,Marina Coastal Expressway,3626.0,31381.825,28385.591,7.603,,6.217,,,MARINA COASTAL EXPRESSWAY,0.55
marina_coastal_expressway,Marina Coastal Expressway,3628.0,31383.565,28386.577,7.778,6.671,6.671,,,MARINA COASTAL EXPRESSWAY,0.347
marina_coastal_expressway,Marina Coastal Expressway,3630.0,31385.306,28387.563,8.686,7.125,7.125,,,MARINA COASTAL EXPRESSWAY,0.144
marina_coastal_expressway,Marina Coastal Expressway,3632.0,31387.046,28388.549,7.057,7.579,7.579,,,MARINA COASTAL EXPRESSWAY,0.059
marina_coastal_expressway,Marina Coastal Expressway,3634.0,31388.786,28389.535,9.886,8.033,7.86,,,MARINA COASTAL EXPRESSWAY,0.262
marina_coastal_expressway,Marina Coastal Expressway,3636.0,31390.526,28390.521,8.215,8.118,7.86,,,MARINA COASTAL EXPRESSWAY,0.465
marina_coastal_expressway,Marina Coastal Expressway,3638.0,31392.266,28391.507,8.203,7.86,7.86,,,MARINA COASTAL EXPRESSWAY,0.668
marina_coastal_expressway,Marina Coastal Expressway,3640.0,31394.006,28392.493,7.936,7.603,7.603,,,MARINA COASTAL EXPRESSWAY,0.871
marina_coastal_expressway,Marina Coastal Expressway,3642.0,31395.746,28393.479,7.721,7.346,7.346,,,MARINA COASTAL EXPRESSWAY,1.074
marina_coastal_expressway,Marina Coastal Expressway,3644.0,31397.486,28394.466,7.636,7.088,7.088,,,MARINA COASTAL EXPRESSWAY,1.277
marina_coastal_expressway,Marina Coastal Expressway,3646.0,31399.226,28395.452,5.676,6.831,6.831,,,MARINA COASTAL EXPRESSWAY,1.48
marina_coastal_expressway,Marina Coastal Expressway,3648.0,31400.966,28396.438,5.686,6.574,6.574,,,MARINA COASTAL EXPRESSWAY,1.683
marina_coastal_expressway,Marina Coastal Expressway,3650.0,31402.706,28397.424,5.746,6.486,6.486,,,MARINA COASTAL EXPRESSWAY,1.886
marina_coastal_expressway,Marina Coastal Expressway,3652.0,31404.446,28398.41,9.531,6.399,6.399,,,MARINA COASTAL EXPRESSWAY,2.09
marina_coastal_expressway,Marina Coastal Expressway,3654.0,31406.186,28399.396,7.051,6.322,6.322,,,MARINA COASTAL EXPRESSWAY,2.293
marina_coastal_expressway,Marina Coastal Expressway,3656.0,31407.926,28400.382,3.835,6.246,6.246,,,MARINA COASTAL EXPRESSWAY,2.496
marina_coastal_expressway,Marina Coastal Expressway,3658.0,31409.666,28401.368,3.835,6.17,6.17,,,MARINA COASTAL EXPRESSWAY,2.699
marina_coastal_expressway,Marina Coastal Expressway,3660.0,31411.406,28402.354,6.043,5.875,5.875,,,MARINA COASTAL EXPRESSWAY,2.902
marina_coastal_expressway,Marina Coastal Expressway,3662.0,31413.146,28403.34,6.018,5.579,5.579,,,MARINA COASTAL EXPRESSWAY,3.105
marina_coastal_expressway,Marina Coastal Expressway,3664.0,31414.886,28404.326,6.16,5.284,5.284,,,MARINA COASTAL EXPRESSWAY,3.308
marina_coastal_expressway,Marina Coastal Expressway,3666.0,31416.626,28405.312,6.11,5.031,5.031,,,MARINA COASTAL EXPRESSWAY,3.511
marina_coastal_expressway,Marina Coastal Expressway,3668.0,31418.366,28406.298,3.735,4.779,4.779,,,MARINA COASTAL EXPRESSWAY,3.714
marina_coastal_expressway,Marina Coastal Expressway,3670.0,31420.106,28407.284,3.718,4.526,4.526,,,MARINA COASTAL EXPRESSWAY,3.917
marina_coastal_expressway,Marina Coastal Expressway,3672.0,31421.846,28408.27,3.718,4.273,4.273,,,MARINA COASTAL EXPRESSWAY,4.12
marina_coastal_expressway,Marina Coastal Expressway,3674.0,31423.586,28409.256,3.726,4.021,4.021,,,MARINA COASTAL EXPRESSWAY,4.323
marina_coastal_expressway,Marina Coastal Expressway,3676.0,31425.326,28410.242,3.768,3.768,3.768,,,MARINA COASTAL EXPRESSWAY,4.526
marina_coastal_expressway,Marina Coastal Expressway,3678.0,31427.066,28411.228,3.751,3.751,3.751,,,MARINA COASTAL EXPRESSWAY,4.73
marina_coastal_expressway,Marina Coastal Expressway,3680.0,31428.806,28412.214,3.743,3.743,3.743,-0.625,1.0,MARINA COASTAL EXPRESSWAY,4.933
marina_coastal_expressway,Marina Coastal Expressway,3682.0,31430.546,28413.2,3.718,3.718,3.718,-0.625,1.0,MARINA COASTAL EXPRESSWAY,5.136
marina_coastal_expressway,Marina Coastal Expressway,3684.0,31432.286,28414.186,3.718,3.718,3.718,-0.521,1.0,MARINA COASTAL EXPRESSWAY,5.339
marina_coastal_expressway,Marina Coastal Expressway,3686.0,31434.026,28415.173,3.701,3.701,3.701,-0.417,1.0,MARINA COASTAL EXPRESSWAY,5.542
marina_coastal_expressway,Marina Coastal Expressway,3688.0,31435.766,28416.159,3.701,3.701,3.701,-0.625,1.0,MARINA COASTAL EXPRESSWAY,5.745
marina_coastal_expressway,Marina Coastal Expressway,3690.0,31437.506,28417.145,3.684,3.684,3.684,-0.521,1.0,MARINA COASTAL EXPRESSWAY,5.948
marina_coastal_expressway,Marina Coastal Expressway,3692.0,31439.247,28418.131,3.668,3.668,3.668,-0.625,1.0,MARINA COASTAL EXPRESSWAY,6.151
marina_coastal_expressway,Marina Coastal Expressway,3694.0,31440.987,28419.117,3.651,3.651,3.66,-0.625,1.0,MARINA COASTAL EXPRESSWAY,6.354
marina_coastal_expressway,Marina Coastal Expressway,3696.0,31442.727,28420.103,3.66,3.66,3.651,-0.417,1.0,MARINA COASTAL EXPRESSWAY,6.557
marina_coastal_expressway,Marina Coastal Expressway,3698.0,31444.467,28421.089,3.635,3.635,3.635,-0.312,1.0,MARINA COASTAL EXPRESSWAY,6.76
marina_coastal_expressway,Marina Coastal Expressway,3700.0,31446.207,28422.075,3.635,3.635,3.635,-0.208,1.0,MARINA COASTAL EXPRESSWAY,6.963
marina_coastal_expressway,Marina Coastal Expressway,3702.0,31447.947,28423.061,3.635,3.635,3.635,0.0,1.0,MARINA COASTAL EXPRESSWAY,7.166
marina_coastal_expressway,Marina Coastal Expressway,3704.0,31449.687,28424.047,3.618,3.618,3.635,,,MARINA COASTAL EXPRESSWAY,7.37
marina_coastal_expressway,Marina Coastal Expressway,3706.0,31451.427,28425.033,3.626,3.626,3.635,,,MARINA COASTAL EXPRESSWAY,7.573
marina_coastal_expressway,Marina Coastal Expressway,3708.0,31453.167,28426.019,3.635,3.835,3.835,,,MARINA COASTAL EXPRESSWAY,7.776
marina_coastal_expressway,Marina Coastal Expressway,3710.0,31454.907,28427.005,3.643,4.045,4.045,,,MARINA COASTAL EXPRESSWAY,7.979
marina_coastal_expressway,Marina Coastal Expressway,3712.0,31456.647,28427.991,3.81,4.254,4.213,,,MARINA COASTAL EXPRESSWAY,8.182
marina_coastal_expressway,Marina Coastal Expressway,3714.0,31458.387,28428.977,5.911,4.233,4.213,,,MARINA COASTAL EXPRESSWAY,8.385
marina_coastal_expressway,Marina Coastal Expressway,3716.0,31460.127,28429.963,5.903,4.213,4.213,,,MARINA COASTAL EXPRESSWAY,8.588
marina_coastal_expressway,Marina Coastal Expressway,3718.0,31461.867,28430.949,5.782,4.192,4.192,,,MARINA COASTAL EXPRESSWAY,8.791
marina_coastal_expressway,Marina Coastal Expressway,3720.0,31463.607,28431.935,6.757,4.172,4.172,,,MARINA COASTAL EXPRESSWAY,8.994
marina_coastal_expressway,Marina Coastal Expressway,3722.0,31465.347,28432.921,7.095,4.151,4.151,,,MARINA COASTAL EXPRESSWAY,9.197
marina_coastal_expressway,Marina Coastal Expressway,3724.0,31467.087,28433.907,7.266,4.131,4.131,,,MARINA COASTAL EXPRESSWAY,9.4
marina_coastal_expressway,Marina Coastal Expressway,3726.0,31468.827,28434.893,7.407,4.11,4.11,,,MARINA COASTAL EXPRESSWAY,9.603
marina_coastal_expressway,Marina Coastal Expressway,3728.0,31470.567,28435.879,5.041,4.09,4.09,,,MARINA COASTAL EXPRESSWAY,9.806
marina_coastal_expressway,Marina Coastal Expressway,3730.0,31472.307,28436.866,4.024,4.069,4.069,,,MARINA COASTAL EXPRESSWAY,10.01
marina_coastal_expressway,Marina Coastal Expressway,3732.0,31474.047,28437.852,4.049,4.049,4.069,,,MARINA COASTAL EXPRESSWAY,10.213
marina_coastal_expressway,Marina Coastal Expressway,3734.0,31475.787,28438.838,4.069,4.069,4.069,,,MARINA COASTAL EXPRESSWAY,10.416
marina_coastal_expressway,Marina Coastal Expressway,3736.0,31477.527,28439.824,4.134,4.134,4.134,,,MARINA COASTAL EXPRESSWAY,10.619
marina_coastal_expressway,Marina Coastal Expressway,3738.0,31479.267,28440.81,5.12,4.161,4.161,,,MARINA COASTAL EXPRESSWAY,10.822
marina_coastal_expressway,Marina Coastal Expressway,3740.0,31481.007,28441.796,4.17,4.377,4.377,,,MARINA COASTAL EXPRESSWAY,11.025
marina_coastal_expressway,Marina Coastal Expressway,3742.0,31482.747,28442.782,4.215,4.592,4.592,,,MARINA COASTAL EXPRESSWAY,11.228
marina_coastal_expressway,Marina Coastal Expressway,3744.0,31484.487,28443.768,3.953,4.808,4.808,,,MARINA COASTAL EXPRESSWAY,11.431
marina_coastal_expressway,Marina Coastal Expressway,3746.0,31486.227,28444.754,4.14,5.065,5.065,,,MARINA COASTAL EXPRESSWAY,11.634
marina_coastal_expressway,Marina Coastal Expressway,3748.0,31487.967,28445.74,5.72,5.322,5.322,,,MARINA COASTAL EXPRESSWAY,11.837
marina_coastal_expressway,Marina Coastal Expressway,3750.0,31489.707,28446.726,5.874,5.579,5.579,,,MARINA COASTAL EXPRESSWAY,12.04
marina_coastal_expressway,Marina Coastal Expressway,3752.0,31491.447,28447.712,5.836,5.836,5.579,,,MARINA COASTAL EXPRESSWAY,12.243
marina_coastal_expressway,Marina Coastal Expressway,3754.0,31493.188,28448.698,5.261,5.706,5.579,,,MARINA COASTAL EXPRESSWAY,12.446
marina_coastal_expressway,Marina Coastal Expressway,3756.0,31494.928,28449.684,8.97,5.576,5.576,,,MARINA COASTAL EXPRESSWAY,12.649
marina_coastal_expressway,Marina Coastal Expressway,3758.0,31496.668,28450.67,7.503,5.447,5.447,,,MARINA COASTAL EXPRESSWAY,12.853
marina_coastal_expressway,Marina Coastal Expressway,3760.0,31498.408,28451.656,6.687,5.317,5.317,,,MARINA COASTAL EXPRESSWAY,13.056
marina_coastal_expressway,Marina Coastal Expressway,3762.0,31500.148,28452.642,6.362,5.187,5.187,,,MARINA COASTAL EXPRESSWAY,13.259
marina_coastal_expressway,Marina Coastal Expressway,3764.0,31501.888,28453.628,5.197,4.944,4.944,,,MARINA COASTAL EXPRESSWAY,13.462
marina_coastal_expressway,Marina Coastal Expressway,3766.0,31503.628,28454.614,4.927,4.702,4.702,,,MARINA COASTAL EXPRESSWAY,13.665
marina_coastal_expressway,Marina Coastal Expressway,3768.0,31505.368,28455.6,4.947,4.436,4.436,,,MARINA COASTAL EXPRESSWAY,13.868
marina_coastal_expressway,Marina Coastal Expressway,3770.0,31507.108,28456.586,5.057,4.17,4.17,,,MARINA COASTAL EXPRESSWAY,14.071
marina_coastal_expressway,Marina Coastal Expressway,3772.0,31508.848,28457.573,3.637,3.903,3.903,,,MARINA COASTAL EXPRESSWAY,14.274
marina_coastal_expressway,Marina Coastal Expressway,3774.0,31510.588,28458.559,3.637,3.637,3.687,,,MARINA COASTAL EXPRESSWAY,14.477
marina_coastal_expressway,Marina Coastal Expressway,3776.0,31512.328,28459.545,5.502,3.662,3.687,,,MARINA COASTAL EXPRESSWAY,14.68
marina_coastal_expressway,Marina Coastal Expressway,3778.0,31514.068,28460.531,5.432,3.687,3.687,1.0,1.0,MARINA COASTAL EXPRESSWAY,14.883
marina_coastal_expressway,Marina Coastal Expressway,3780.0,31515.808,28461.517,3.712,3.712,3.712,0.616,1.0,MARINA COASTAL EXPRESSWAY,15.086
marina_coastal_expressway,Marina Coastal Expressway,3782.0,31517.548,28462.503,3.767,3.767,3.767,0.655,1.0,MARINA COASTAL EXPRESSWAY,15.289
marina_coastal_expressway,Marina Coastal Expressway,3822.0,31552.349,28482.224,8.228,3.971,3.971,0.663,1.0,MARINA COASTAL EXPRESSWAY,19.351
marina_coastal_expressway,Marina Coastal Expressway,3824.0,31554.089,28483.21,4.174,4.174,3.988,0.885,1.0,MARINA COASTAL EXPRESSWAY,19.554
marina_coastal_expressway,Marina Coastal Expressway,3826.0,31555.829,28484.196,3.988,3.988,4.017,2.92,1.0,MARINA COASTAL EXPRESSWAY,19.757
marina_coastal_expressway,Marina Coastal Expressway,3828.0,31557.569,28485.182,4.017,4.017,4.174,4.955,1.0,MARINA COASTAL EXPRESSWAY,19.96
marina_coastal_expressway,Marina Coastal Expressway,3830.0,31559.309,28486.168,4.074,4.201,4.201,7.232,1.0,MARINA COASTAL EXPRESSWAY,20.163
marina_coastal_expressway,Marina Coastal Expressway,3832.0,31561.049,28487.154,4.385,4.385,4.385,8.304,1.0,MARINA COASTAL EXPRESSWAY,20.366
marina_coastal_expressway,Marina Coastal Expressway,3834.0,31562.789,28488.14,4.596,4.596,4.596,7.054,1.0,MARINA COASTAL EXPRESSWAY,20.57
marina_coastal_expressway,Marina Coastal Expressway,3836.0,31564.529,28489.126,4.838,4.838,4.838,5.804,1.0,MARINA COASTAL EXPRESSWAY,20.773
marina_coastal_expressway,Marina Coastal Expressway,3838.0,31566.269,28490.112,4.595,4.892,4.849,3.17,1.0,MARINA COASTAL EXPRESSWAY,20.976
marina_coastal_expressway,Marina Coastal Expressway,3840.0,31568.009,28491.098,4.946,4.946,4.849,,,MARINA COASTAL EXPRESSWAY,21.179
marina_coastal_expressway,Marina Coastal Expressway,3842.0,31569.749,28492.084,4.849,4.849,4.849,,,MARINA COASTAL EXPRESSWAY,21.382
marina_coastal_expressway,Marina Coastal Expressway,3844.0,31571.44,28493.149,5.542,4.839,4.839,-0.393,1.0,MARINA COASTAL EXPRESSWAY,21.492
marina_coastal_expressway,Marina Coastal Expressway,3846.0,31573.091,28494.278,5.099,4.828,4.828,-1.955,1.0,MARINA COASTAL EXPRESSWAY,21.528
marina_coastal_expressway,Marina Coastal Expressway,3848.0,31574.742,28495.406,4.818,4.818,4.818,,,MARINA COASTAL EXPRESSWAY,21.563
marina_coastal_expressway,Marina Coastal Expressway,3850.0,31576.393,28496.535,4.693,4.693,4.693,,,MARINA COASTAL EXPRESSWAY,21.598
marina_coastal_expressway,Marina Coastal Expressway,3852.0,31577.833,28497.908,5.101,4.569,4.569,,,MARINA COASTAL EXPRESSWAY,21.312
marina_coastal_expressway,Marina Coastal Expressway,3854.0,31579.193,28499.375,4.634,4.446,4.446,,,MARINA COASTAL EXPRESSWAY,20.903
marina_coastal_expressway,Marina Coastal Expressway,3856.0,31580.553,28500.841,5.663,4.323,4.323,,,MARINA COASTAL EXPRESSWAY,20.494
marina_coastal_expressway,Marina Coastal Expressway,3858.0,31581.913,28502.308,5.435,4.2,4.2,,,MARINA COASTAL EXPRESSWAY,20.085
marina_coastal_expressway,Marina Coastal Expressway,3860.0,31583.272,28503.775,6.88,4.076,4.076,,,MARINA COASTAL EXPRESSWAY,19.676
marina_coastal_expressway,Marina Coastal Expressway,3862.0,31584.808,28505.039,4.405,3.953,4.076,,,MARINA COASTAL EXPRESSWAY,19.534
marina_coastal_expressway,Marina Coastal Expressway,3864.0,31586.449,28506.182,3.83,4.06,4.076,,,MARINA COASTAL EXPRESSWAY,19.552
marina_coastal_expressway,Marina Coastal Expressway,3866.0,31588.091,28507.325,3.667,4.167,4.167,,,MARINA COASTAL EXPRESSWAY,19.57
marina_coastal_expressway,Marina Coastal Expressway,3868.0,31589.732,28508.468,3.605,4.451,4.451,,,MARINA COASTAL EXPRESSWAY,19.588
marina_coastal_expressway,Marina Coastal Expressway,3870.0,31591.373,28509.611,4.842,4.734,4.734,,,MARINA COASTAL EXPRESSWAY,19.606
marina_coastal_expressway,Marina Coastal Expressway,3872.0,31593.015,28510.753,5.017,5.017,5.017,,,MARINA COASTAL EXPRESSWAY,19.624
marina_coastal_expressway,Marina Coastal Expressway,3874.0,31594.656,28511.896,5.023,5.023,5.023,,,MARINA COASTAL EXPRESSWAY,19.642
marina_coastal_expressway,Marina Coastal Expressway,3876.0,31596.297,28513.039,5.117,5.117,5.023,1.25,1.0,MARINA COASTAL EXPRESSWAY,19.661
marina_coastal_expressway,Marina Coastal Expressway,3878.0,31597.939,28514.182,4.792,5.07,5.07,2.695,1.0,MARINA COASTAL EXPRESSWAY,19.679
marina_coastal_expressway,Marina Coastal Expressway,3880.0,31599.584,28515.319,5.023,5.023,5.117,4.141,1.0,MARINA COASTAL EXPRESSWAY,19.703
marina_coastal_expressway,Marina Coastal Expressway,3882.0,31601.269,28516.393,5.63,5.189,5.189,,,MARINA COASTAL EXPRESSWAY,19.803
marina_coastal_expressway,Marina Coastal Expressway,3884.0,31603.009,28517.38,5.355,5.355,5.355,,,MARINA COASTAL EXPRESSWAY,20.005
marina_coastal_expressway,Marina Coastal Expressway,3886.0,31604.748,28518.367,5.286,5.524,5.524,,,MARINA COASTAL EXPRESSWAY,20.207
marina_coastal_expressway,Marina Coastal Expressway,3888.0,31606.488,28519.354,4.698,5.694,5.694,,,MARINA COASTAL EXPRESSWAY,20.409
marina_coastal_expressway,Marina Coastal Expressway,3890.0,31608.227,28520.341,4.82,5.969,5.969,,,MARINA COASTAL EXPRESSWAY,20.611
marina_coastal_expressway,Marina Coastal Expressway,3892.0,31609.967,28521.328,4.812,6.244,6.244,,,MARINA COASTAL EXPRESSWAY,20.813
marina_coastal_expressway,Marina Coastal Expressway,3894.0,31611.66,28522.391,6.918,6.519,6.519,,,MARINA COASTAL EXPRESSWAY,20.926
marina_coastal_expressway,Marina Coastal Expressway,3896.0,31613.341,28523.474,6.793,6.793,6.606,,,MARINA COASTAL EXPRESSWAY,21.016
marina_coastal_expressway,Marina Coastal Expressway,3898.0,31615.023,28524.557,6.893,6.893,6.618,,,MARINA COASTAL EXPRESSWAY,21.107
marina_coastal_expressway,Marina Coastal Expressway,3900.0,31616.704,28525.64,6.606,6.606,6.618,,,MARINA COASTAL EXPRESSWAY,21.197
marina_coastal_expressway,Marina Coastal Expressway,3902.0,31615.484,28524.891,6.618,6.618,6.606,,,MARINA COASTAL EXPRESSWAY,21.101
marina_coastal_expressway,Marina Coastal Expressway,3904.0,31613.783,28523.838,6.893,6.474,6.474,,,MARINA COASTAL EXPRESSWAY,20.976
marina_coastal_expressway,Marina Coastal Expressway,3906.0,31612.083,28522.785,7.268,6.331,6.331,,,MARINA COASTAL EXPRESSWAY,20.85
marina_coastal_expressway,Marina Coastal Expressway,3908.0,31610.382,28521.733,6.362,6.139,6.139,,,MARINA COASTAL EXPRESSWAY,20.724
marina_coastal_expressway,Marina Coastal Expressway,3910.0,31608.682,28520.68,4.912,5.947,5.947,,,MARINA COASTAL EXPRESSWAY,20.598
marina_coastal_expressway,Marina Coastal Expressway,3912.0,31606.981,28519.627,4.642,5.755,5.755,,,MARINA COASTAL EXPRESSWAY,20.472
marina_coastal_expressway,Marina Coastal Expressway,3914.0,31605.281,28518.575,4.717,5.563,5.563,,,MARINA COASTAL EXPRESSWAY,20.346
marina_coastal_expressway,Marina Coastal Expressway,3916.0,31603.58,28517.522,5.242,5.372,5.372,,,MARINA COASTAL EXPRESSWAY,20.22
marina_coastal_expressway,Marina Coastal Expressway,3918.0,31601.88,28516.469,5.18,5.18,5.18,,,MARINA COASTAL EXPRESSWAY,20.095
marina_coastal_expressway,Marina Coastal Expressway,3920.0,31600.179,28515.416,5.061,5.061,5.18,,,MARINA COASTAL EXPRESSWAY,19.969
marina_coastal_expressway,Marina Coastal Expressway,3922.0,31598.478,28514.364,5.167,5.167,5.18,1.797,1.0,MARINA COASTAL EXPRESSWAY,19.843
marina_coastal_expressway,Marina Coastal Expressway,3924.0,31597.205,28512.832,5.323,5.323,5.28,1.797,1.0,MARINA COASTAL EXPRESSWAY,20.355
marina_coastal_expressway,Marina Coastal Expressway,3926.0,31595.967,28511.262,5.336,5.336,5.323,1.25,1.0,MARINA COASTAL EXPRESSWAY,20.918
marina_coastal_expressway,Marina Coastal Expressway,3928.0,31594.728,28509.692,5.28,5.28,5.323,-1.25,1.0,MARINA COASTAL EXPRESSWAY,21.482
marina_coastal_expressway,Marina Coastal Expressway,3930.0,31593.489,28508.121,5.455,5.455,5.28,-4.473,1.0,MARINA COASTAL EXPRESSWAY,22.046
marina_coastal_expressway,Marina Coastal Expressway,3932.0,31592.251,28506.551,2.761,5.18,5.18,,,MARINA COASTAL EXPRESSWAY,22.609
marina_coastal_expressway,Marina Coastal Expressway,3934.0,31591.012,28504.981,2.805,4.905,4.966,,,MARINA COASTAL EXPRESSWAY,23.173
marina_coastal_expressway,Marina Coastal Expressway,3936.0,31589.774,28503.41,4.63,4.935,4.966,,,MARINA COASTAL EXPRESSWAY,23.736
marina_coastal_expressway,Marina Coastal Expressway,3938.0,31588.535,28501.84,4.448,4.966,4.966,,,MARINA COASTAL EXPRESSWAY,24.3
marina_coastal_expressway,Marina Coastal Expressway,3940.0,31587.296,28500.27,5.167,5.197,5.197,,,MARINA COASTAL EXPRESSWAY,24.864
marina_coastal_expressway,Marina Coastal Expressway,3942.0,31586.058,28498.699,2.967,5.428,5.428,,,MARINA COASTAL EXPRESSWAY,25.427
marina_coastal_expressway,Marina Coastal Expressway,3944.0,31584.819,28497.129,5.973,5.659,5.659,,,MARINA COASTAL EXPRESSWAY,25.991
marina_coastal_expressway,Marina Coastal Expressway,3946.0,31583.581,28495.559,7.051,5.891,5.725,,,MARINA COASTAL EXPRESSWAY,26.554
marina_coastal_expressway,Marina Coastal Expressway,3948.0,31582.342,28493.988,6.472,5.808,5.725,,,MARINA COASTAL EXPRESSWAY,27.118
marina_coastal_expressway,Marina Coastal Expressway,3950.0,31581.103,28492.418,6.097,5.725,5.808,,,MARINA COASTAL EXPRESSWAY,27.682
marina_coastal_expressway,Marina Coastal Expressway,3952.0,31579.865,28490.848,5.488,5.642,5.808,,,MARINA COASTAL EXPRESSWAY,28.245
marina_coastal_expressway,Marina Coastal Expressway,3954.0,31578.626,28489.278,5.559,5.827,5.827,,,MARINA COASTAL EXPRESSWAY,28.809
marina_coastal_expressway,Marina Coastal Expressway,3956.0,31577.388,28487.707,5.197,6.104,6.104,,,MARINA COASTAL EXPRESSWAY,29.372
marina_coastal_expressway,Marina Coastal Expressway,3958.0,31576.149,28486.137,6.109,6.38,6.38,,,MARINA COASTAL EXPRESSWAY,29.936
marina_coastal_expressway,Marina Coastal Expressway,3960.0,31574.91,28484.567,7.576,6.674,6.674,,,MARINA COASTAL EXPRESSWAY,30.5
marina_coastal_expressway,Marina Coastal Expressway,3962.0,31573.672,28482.996,6.749,6.969,6.969,,,MARINA COASTAL EXPRESSWAY,31.063
marina_coastal_expressway,Marina Coastal Expressway,4834.0,31381.138,28350.445,7.573,7.263,7.263,,,MARINA COASTAL EXPRESSWAY,27.712
marina_coastal_expressway,Marina Coastal Expressway,4836.0,31382.753,28351.625,8.635,7.558,7.558,,,MARINA COASTAL EXPRESSWAY,27.684
marina_coastal_expressway,Marina Coastal Expressway,4838.0,31384.367,28352.805,8.73,7.852,7.852,,,MARINA COASTAL EXPRESSWAY,27.656
marina_coastal_expressway,Marina Coastal Expressway,4840.0,31385.982,28353.985,8.88,8.147,8.147,,,MARINA COASTAL EXPRESSWAY,27.629
marina_coastal_expressway,Marina Coastal Expressway,4842.0,31387.597,28355.165,8.441,8.441,8.147,,,MARINA COASTAL EXPRESSWAY,27.601
marina_coastal_expressway,Marina Coastal Expressway,4844.0,31389.211,28356.345,8.457,8.204,8.147,,,MARINA COASTAL EXPRESSWAY,27.573
marina_coastal_expressway,Marina Coastal Expressway,4846.0,31390.826,28357.525,8.398,7.966,7.966,-5.179,1.0,MARINA COASTAL EXPRESSWAY,27.546
marina_coastal_expressway,Marina Coastal Expressway,4848.0,31392.441,28358.706,7.475,7.849,7.849,,,MARINA COASTAL EXPRESSWAY,27.518
marina_coastal_expressway,Marina Coastal Expressway,4850.0,31394.055,28359.886,7.733,7.733,7.733,,,MARINA COASTAL EXPRESSWAY,27.49
marina_coastal_expressway,Marina Coastal Expressway,4852.0,31395.67,28361.066,6.31,7.594,7.594,,,MARINA COASTAL EXPRESSWAY,27.462
marina_coastal_expressway,Marina Coastal Expressway,4854.0,31397.285,28362.246,7.475,7.456,7.456,,,MARINA COASTAL EXPRESSWAY,27.435
marina_coastal_expressway,Marina Coastal Expressway,4856.0,31398.9,28363.426,6.7,7.318,7.318,,,MARINA COASTAL EXPRESSWAY,27.407
marina_coastal_expressway,Marina Coastal Expressway,4858.0,31400.514,28364.606,7.36,7.18,7.18,,,MARINA COASTAL EXPRESSWAY,27.379
marina_coastal_expressway,Marina Coastal Expressway,4860.0,31402.129,28365.786,6.657,6.954,6.954,,,MARINA COASTAL EXPRESSWAY,27.351
marina_coastal_expressway,Marina Coastal Expressway,4862.0,31403.744,28366.967,6.904,6.728,6.728,,,MARINA COASTAL EXPRESSWAY,27.324
marina_coastal_expressway,Marina Coastal Expressway,4864.0,31405.358,28368.147,6.897,6.468,6.468,,,MARINA COASTAL EXPRESSWAY,27.296
marina_coastal_expressway,Marina Coastal Expressway,4866.0,31406.973,28369.327,5.331,6.207,6.207,,,MARINA COASTAL EXPRESSWAY,27.268
marina_coastal_expressway,Marina Coastal Expressway,4868.0,31408.588,28370.507,5.697,5.947,5.947,,,MARINA COASTAL EXPRESSWAY,27.24
marina_coastal_expressway,Marina Coastal Expressway,4870.0,31410.202,28371.687,5.565,5.795,5.947,,,MARINA COASTAL EXPRESSWAY,27.213
marina_coastal_expressway,Marina Coastal Expressway,4872.0,31411.817,28372.867,5.893,5.893,5.947,,,MARINA COASTAL EXPRESSWAY,27.185
marina_coastal_expressway,Marina Coastal Expressway,4874.0,31413.432,28374.047,6.297,6.061,6.061,,,MARINA COASTAL EXPRESSWAY,27.157
marina_coastal_expressway,Marina Coastal Expressway,4876.0,31415.047,28375.228,6.228,6.228,6.228,,,MARINA COASTAL EXPRESSWAY,27.129
marina_coastal_expressway,Marina Coastal Expressway,4878.0,31416.661,28376.408,4.806,6.277,6.277,,,MARINA COASTAL EXPRESSWAY,27.102
marina_coastal_expressway,Marina Coastal Expressway,4880.0,31418.276,28377.588,5.625,6.327,6.327,,,MARINA COASTAL EXPRESSWAY,27.074
marina_coastal_expressway,Marina Coastal Expressway,4882.0,31419.891,28378.768,6.187,6.376,6.376,,,MARINA COASTAL EXPRESSWAY,27.046
marina_coastal_expressway,Marina Coastal Expressway,4884.0,31421.505,28379.948,5.553,6.426,6.426,,,MARINA COASTAL EXPRESSWAY,27.018
marina_coastal_expressway,Marina Coastal Expressway,4886.0,31423.12,28381.128,5.912,6.476,6.476,,,MARINA COASTAL EXPRESSWAY,26.991
marina_coastal_expressway,Marina Coastal Expressway,4888.0,31424.735,28382.308,6.712,6.525,6.525,,,MARINA COASTAL EXPRESSWAY,26.963
marina_coastal_expressway,Marina Coastal Expressway,4890.0,31426.349,28383.489,8.105,6.575,6.575,,,MARINA COASTAL EXPRESSWAY,26.935
marina_coastal_expressway,Marina Coastal Expressway,4892.0,31427.964,28384.669,7.541,6.624,6.624,,,MARINA COASTAL EXPRESSWAY,26.907
marina_coastal_expressway,Marina Coastal Expressway,4894.0,31429.579,28385.849,5.732,6.674,6.674,,,MARINA COASTAL EXPRESSWAY,26.88
marina_coastal_expressway,Marina Coastal Expressway,4896.0,31431.194,28387.029,7.542,6.723,6.723,,,MARINA COASTAL EXPRESSWAY,26.852
marina_coastal_expressway,Marina Coastal Expressway,4898.0,31432.808,28388.209,5.842,6.773,6.773,,,MARINA COASTAL EXPRESSWAY,26.824
marina_coastal_expressway,Marina Coastal Expressway,4900.0,31434.423,28389.389,6.877,6.823,6.823,,,MARINA COASTAL EXPRESSWAY,26.796
marina_coastal_expressway,Marina Coastal Expressway,4902.0,31436.038,28390.57,6.872,6.872,6.872,,,MARINA COASTAL EXPRESSWAY,26.769
marina_coastal_expressway,Marina Coastal Expressway,4904.0,31437.652,28391.75,7.682,6.927,6.927,,,MARINA COASTAL EXPRESSWAY,26.741
marina_coastal_expressway,Marina Coastal Expressway,4906.0,31439.267,28392.93,7.267,6.982,6.982,1.375,1.0,MARINA COASTAL EXPRESSWAY,26.713
marina_coastal_expressway,Marina Coastal Expressway,4908.0,31440.882,28394.11,7.037,7.037,6.982,,,MARINA COASTAL EXPRESSWAY,26.685
marina_coastal_expressway,Marina Coastal Expressway,4910.0,31442.496,28395.29,7.182,7.182,6.982,,,MARINA COASTAL EXPRESSWAY,26.658
marina_coastal_expressway,Marina Coastal Expressway,4912.0,31444.111,28396.47,7.512,6.977,6.977,,,MARINA COASTAL EXPRESSWAY,26.63
marina_coastal_expressway,Marina Coastal Expressway,4914.0,31445.726,28397.65,6.607,6.772,6.772,,,MARINA COASTAL EXPRESSWAY,26.602
marina_coastal_expressway,Marina Coastal Expressway,4916.0,31447.34,28398.831,6.067,6.567,6.567,,,MARINA COASTAL EXPRESSWAY,26.574
marina_coastal_expressway,Marina Coastal Expressway,4918.0,31448.955,28400.011,6.012,6.362,6.362,,,MARINA COASTAL EXPRESSWAY,26.547
marina_coastal_expressway,Marina Coastal Expressway,4920.0,31450.57,28401.191,6.722,6.157,6.291,,,MARINA COASTAL EXPRESSWAY,26.519
marina_coastal_expressway,Marina Coastal Expressway,4922.0,31452.185,28402.371,5.952,6.224,6.291,,,MARINA COASTAL EXPRESSWAY,26.491
marina_coastal_expressway,Marina Coastal Expressway,4924.0,31453.799,28403.551,7.292,6.291,6.291,,,MARINA COASTAL EXPRESSWAY,26.463
marina_coastal_expressway,Marina Coastal Expressway,4926.0,31455.414,28404.731,6.057,6.561,6.561,,,MARINA COASTAL EXPRESSWAY,26.436
marina_coastal_expressway,Marina Coastal Expressway,4928.0,31457.029,28405.911,5.817,6.83,6.83,,,MARINA COASTAL EXPRESSWAY,26.408
marina_coastal_expressway,Marina Coastal Expressway,4930.0,31458.643,28407.092,6.603,7.099,7.099,,,MARINA COASTAL EXPRESSWAY,26.38
marina_coastal_expressway,Marina Coastal Expressway,4932.0,31460.258,28408.272,7.649,7.368,7.368,,,MARINA COASTAL EXPRESSWAY,26.352
marina_coastal_expressway,Marina Coastal Expressway,4934.0,31461.873,28409.452,6.799,7.637,7.614,,,MARINA COASTAL EXPRESSWAY,26.325
marina_coastal_expressway,Marina Coastal Expressway,4936.0,31463.487,28410.632,7.607,7.625,7.614,,,MARINA COASTAL EXPRESSWAY,26.297
marina_coastal_expressway,Marina Coastal Expressway,4938.0,31465.102,28411.812,8.64,7.614,7.614,,,MARINA COASTAL EXPRESSWAY,26.269
marina_coastal_expressway,Marina Coastal Expressway,4940.0,31466.717,28412.992,7.399,7.602,7.602,,,MARINA COASTAL EXPRESSWAY,26.241
marina_coastal_expressway,Marina Coastal Expressway,4942.0,31468.332,28414.172,6.749,7.59,7.59,,,MARINA COASTAL EXPRESSWAY,26.214
marina_coastal_expressway,Marina Coastal Expressway,4944.0,31469.946,28415.353,7.081,7.578,7.578,,,MARINA COASTAL EXPRESSWAY,26.186
marina_coastal_expressway,Marina Coastal Expressway,4946.0,31471.561,28416.533,8.092,7.567,7.567,,,MARINA COASTAL EXPRESSWAY,26.158
marina_coastal_expressway,Marina Coastal Expressway,4948.0,31473.176,28417.713,8.531,7.555,7.555,,,MARINA COASTAL EXPRESSWAY,26.13
marina_coastal_expressway,Marina Coastal Expressway,4950.0,31474.79,28418.893,10.009,7.543,7.543,,,MARINA COASTAL EXPRESSWAY,26.103
marina_coastal_expressway,Marina Coastal Expressway,4952.0,31476.405,28420.073,6.682,7.532,7.532,,,MARINA COASTAL EXPRESSWAY,26.075
marina_coastal_expressway,Marina Coastal Expressway,4954.0,31478.02,28421.253,7.515,7.52,7.52,,,MARINA COASTAL EXPRESSWAY,26.047
marina_coastal_expressway,Marina Coastal Expressway,4956.0,31479.634,28422.433,9.553,7.508,7.508,,,MARINA COASTAL EXPRESSWAY,26.019
marina_coastal_expressway,Marina Coastal Expressway,4958.0,31481.249,28423.614,6.232,7.496,7.496,,,MARINA COASTAL EXPRESSWAY,25.992
marina_coastal_expressway,Marina Coastal Expressway,4960.0,31482.864,28424.794,7.732,7.485,7.485,,,MARINA COASTAL EXPRESSWAY,25.964
marina_coastal_expressway,Marina Coastal Expressway,4962.0,31484.479,28425.974,7.165,7.473,7.473,,,MARINA COASTAL EXPRESSWAY,25.936
marina_coastal_expressway,Marina Coastal Expressway,4964.0,31486.093,28427.154,7.461,7.22,7.22,,,MARINA COASTAL EXPRESSWAY,25.908
marina_coastal_expressway,Marina Coastal Expressway,4966.0,31487.708,28428.334,7.34,6.966,6.966,,,MARINA COASTAL EXPRESSWAY,25.881
marina_coastal_expressway,Marina Coastal Expressway,4968.0,31489.323,28429.514,6.153,6.713,6.713,,,MARINA COASTAL EXPRESSWAY,25.853
marina_coastal_expressway,Marina Coastal Expressway,4970.0,31490.937,28430.694,5.212,6.46,6.464,,,MARINA COASTAL EXPRESSWAY,25.825
marina_coastal_expressway,Marina Coastal Expressway,4972.0,31492.552,28431.875,6.767,6.462,6.464,,,MARINA COASTAL EXPRESSWAY,25.797
marina_coastal_expressway,Marina Coastal Expressway,4974.0,31494.167,28433.055,4.577,6.464,6.464,,,MARINA COASTAL EXPRESSWAY,25.77
marina_coastal_expressway,Marina Coastal Expressway,4976.0,31495.781,28434.235,8.412,6.466,6.466,,,MARINA COASTAL EXPRESSWAY,25.742
marina_coastal_expressway,Marina Coastal Expressway,4978.0,31497.396,28435.415,5.657,6.469,6.469,,,MARINA COASTAL EXPRESSWAY,25.714
marina_coastal_expressway,Marina Coastal Expressway,4980.0,31499.011,28436.595,7.752,6.471,6.471,,,MARINA COASTAL EXPRESSWAY,25.686
marina_coastal_expressway,Marina Coastal Expressway,4982.0,31500.626,28437.775,5.202,6.473,6.473,,,MARINA COASTAL EXPRESSWAY,25.659
marina_coastal_expressway,Marina Coastal Expressway,4984.0,31502.24,28438.956,6.447,6.475,6.475,,,MARINA COASTAL EXPRESSWAY,25.631
marina_coastal_expressway,Marina Coastal Expressway,4986.0,31503.855,28440.136,6.477,6.477,6.477,,,MARINA COASTAL EXPRESSWAY,25.603
marina_coastal_expressway,Marina Coastal Expressway,4988.0,31505.47,28441.316,7.337,6.524,6.524,,,MARINA COASTAL EXPRESSWAY,25.575
marina_coastal_expressway,Marina Coastal Expressway,4990.0,31507.084,28442.496,6.327,6.57,6.57,,,MARINA COASTAL EXPRESSWAY,25.548
marina_coastal_expressway,Marina Coastal Expressway,4992.0,31508.699,28443.676,6.617,6.617,6.57,,,MARINA COASTAL EXPRESSWAY,25.52
marina_coastal_expressway,Marina Coastal Expressway,4994.0,31510.314,28444.856,5.557,6.582,6.57,,,MARINA COASTAL EXPRESSWAY,25.492
marina_coastal_expressway,Marina Coastal Expressway,4996.0,31511.928,28446.036,7.042,6.547,6.547,-1.167,1.0,MARINA COASTAL EXPRESSWAY,25.464
marina_coastal_expressway,Marina Coastal Expressway,4998.0,31513.543,28447.217,6.602,6.512,6.512,,,MARINA COASTAL EXPRESSWAY,25.437
marina_coastal_expressway,Marina Coastal Expressway,5000.0,31515.158,28448.397,6.477,6.477,6.477,,,MARINA COASTAL EXPRESSWAY,25.409
marina_coastal_expressway,Marina Coastal Expressway,5002.0,31516.773,28449.577,6.607,6.252,6.252,,,MARINA COASTAL EXPRESSWAY,25.381
marina_coastal_expressway,Marina Coastal Expressway,5004.0,31518.387,28450.757,8.802,6.026,6.026,,,MARINA COASTAL EXPRESSWAY,25.353
marina_coastal_expressway,Marina Coastal Expressway,5058.0,31561.984,28482.621,5.446,5.987,5.987,,,MARINA COASTAL EXPRESSWAY,24.604
marina_coastal_expressway,Marina Coastal Expressway,5060.0,31563.599,28483.801,5.856,5.947,5.947,,,MARINA COASTAL EXPRESSWAY,24.577
marina_coastal_expressway,Marina Coastal Expressway,5062.0,31565.214,28484.981,6.678,5.907,5.907,,,MARINA COASTAL EXPRESSWAY,24.549
marina_coastal_expressway,Marina Coastal Expressway,5064.0,31566.828,28486.161,6.796,5.867,5.867,,,MARINA COASTAL EXPRESSWAY,24.521
marina_coastal_expressway,Marina Coastal Expressway,5066.0,31568.443,28487.342,5.828,5.828,5.867,,,MARINA COASTAL EXPRESSWAY,24.493
marina_coastal_expressway,Marina Coastal Expressway,5068.0,31570.058,28488.522,5.746,5.746,5.867,,,MARINA COASTAL EXPRESSWAY,24.466
marina_coastal_expressway,Marina Coastal Expressway,5070.0,31571.672,28489.702,5.913,5.913,5.855,,,MARINA COASTAL EXPRESSWAY,24.438
marina_coastal_expressway,Marina Coastal Expressway,5072.0,31573.287,28490.882,6.828,5.884,5.855,-0.153,1.0,MARINA COASTAL EXPRESSWAY,24.41
marina_coastal_expressway,Marina Coastal Expressway,5074.0,31574.902,28492.062,5.988,5.855,5.855,-0.051,1.0,MARINA COASTAL EXPRESSWAY,24.382
marina_coastal_expressway,Marina Coastal Expressway,5076.0,31576.516,28493.242,5.826,5.826,5.855,,,MARINA COASTAL EXPRESSWAY,24.355
marina_coastal_expressway,Marina Coastal Expressway,5078.0,31578.131,28494.422,5.851,5.851,5.851,,,MARINA COASTAL EXPRESSWAY,24.327
marina_coastal_expressway,Marina Coastal Expressway,5080.0,31579.746,28495.603,5.955,5.955,5.826,,,MARINA COASTAL EXPRESSWAY,24.299
marina_coastal_expressway,Marina Coastal Expressway,5082.0,31581.361,28496.783,5.105,5.736,5.736,,,MARINA COASTAL EXPRESSWAY,24.271
marina_coastal_expressway,Marina Coastal Expressway,5084.0,31582.975,28497.963,5.743,5.518,5.518,,,MARINA COASTAL EXPRESSWAY,24.244
marina_coastal_expressway,Marina Coastal Expressway,5086.0,31584.59,28499.143,4.373,5.299,5.299,,,MARINA COASTAL EXPRESSWAY,24.216
marina_coastal_expressway,Marina Coastal Expressway,5088.0,31586.205,28500.323,3.855,5.08,5.08,,,MARINA COASTAL EXPRESSWAY,24.188
marina_coastal_expressway,Marina Coastal Expressway,5090.0,31587.819,28501.503,3.573,4.861,5.08,,,MARINA COASTAL EXPRESSWAY,24.16
marina_coastal_expressway,Marina Coastal Expressway,5092.0,31589.434,28502.683,4.642,5.014,5.08,,,MARINA COASTAL EXPRESSWAY,24.133
marina_coastal_expressway,Marina Coastal Expressway,5094.0,31591.049,28503.864,4.417,5.273,5.273,,,MARINA COASTAL EXPRESSWAY,24.105
marina_coastal_expressway,Marina Coastal Expressway,5096.0,31592.663,28505.044,4.248,5.558,5.558,,,MARINA COASTAL EXPRESSWAY,24.077
marina_coastal_expressway,Marina Coastal Expressway,5098.0,31594.278,28506.224,5.517,5.843,5.843,,,MARINA COASTAL EXPRESSWAY,24.049
marina_coastal_expressway,Marina Coastal Expressway,5100.0,31595.893,28507.404,6.742,6.065,6.065,,,MARINA COASTAL EXPRESSWAY,24.022
marina_coastal_expressway,Marina Coastal Expressway,5102.0,31597.508,28508.584,6.63,6.286,6.286,,,MARINA COASTAL EXPRESSWAY,23.994
marina_coastal_expressway,Marina Coastal Expressway,5104.0,31599.122,28509.764,6.773,6.508,6.508,,,MARINA COASTAL EXPRESSWAY,23.966
marina_coastal_expressway,Marina Coastal Expressway,5106.0,31600.737,28510.944,6.73,6.73,6.717,,,MARINA COASTAL EXPRESSWAY,23.938
marina_coastal_expressway,Marina Coastal Expressway,5108.0,31602.352,28512.125,6.717,6.717,6.73,,,MARINA COASTAL EXPRESSWAY,23.911
marina_coastal_expressway,Marina Coastal Expressway,5110.0,31603.966,28513.305,4.555,6.914,6.914,,,MARINA COASTAL EXPRESSWAY,23.883
marina_coastal_expressway,Marina Coastal Expressway,5112.0,31605.581,28514.485,5.017,7.111,7.111,,,MARINA COASTAL EXPRESSWAY,23.855
marina_coastal_expressway,Marina Coastal Expressway,5114.0,31607.196,28515.665,4.867,7.308,7.308,,,MARINA COASTAL EXPRESSWAY,23.827
marina_coastal_expressway,Marina Coastal Expressway,5116.0,31608.81,28516.845,5.917,7.505,7.505,,,MARINA COASTAL EXPRESSWAY,23.8
marina_coastal_expressway,Marina Coastal Expressway,5118.0,31610.425,28518.025,6.53,7.702,7.702,,,MARINA COASTAL EXPRESSWAY,23.772
marina_coastal_expressway,Marina Coastal Expressway,5120.0,31612.04,28519.205,10.512,7.899,7.702,,,MARINA COASTAL EXPRESSWAY,23.744
marina_coastal_expressway,Marina Coastal Expressway,5122.0,31613.655,28520.386,9.268,7.798,7.702,,,MARINA COASTAL EXPRESSWAY,23.716
marina_coastal_expressway,Marina Coastal Expressway,5124.0,31615.269,28521.566,7.393,7.697,7.697,,,MARINA COASTAL EXPRESSWAY,23.689
marina_coastal_expressway,Marina Coastal Expressway,5126.0,31616.884,28522.746,8.093,7.596,7.596,,,MARINA COASTAL EXPRESSWAY,23.661
marina_coastal_expressway,Marina Coastal Expressway,5128.0,31618.499,28523.926,8.143,7.495,7.495,,,MARINA COASTAL EXPRESSWAY,23.633
marina_coastal_expressway,Marina Coastal Expressway,5130.0,31620.113,28525.106,7.393,7.393,7.393,,,MARINA COASTAL EXPRESSWAY,23.605
marina_coastal_expressway,Marina Coastal Expressway,5132.0,31621.728,28526.286,7.818,7.325,7.325,,,MARINA COASTAL EXPRESSWAY,23.578
marina_coastal_expressway,Marina Coastal Expressway,5134.0,31623.343,28527.466,6.556,7.256,7.256,-3.438,1.0,MARINA COASTAL EXPRESSWAY,23.55
marina_coastal_expressway,Marina Coastal Expressway,5136.0,31624.957,28528.647,7.081,7.187,7.187,,,MARINA COASTAL EXPRESSWAY,23.522
marina_coastal_expressway,Marina Coastal Expressway,5138.0,31626.572,28529.827,7.118,7.118,7.118,,,MARINA COASTAL EXPRESSWAY,23.494
marina_coastal_expressway,Marina Coastal Expressway,5140.0,31628.187,28531.007,8.418,7.056,7.056,,,MARINA COASTAL EXPRESSWAY,23.467
marina_coastal_expressway,Marina Coastal Expressway,5142.0,31629.802,28532.187,6.868,6.993,6.993,-1.563,1.0,MARINA COASTAL EXPRESSWAY,23.439
marina_coastal_expressway,Marina Coastal Expressway,5144.0,31631.416,28533.367,9.256,6.931,6.993,,,MARINA COASTAL EXPRESSWAY,23.411
marina_coastal_expressway,Marina Coastal Expressway,5146.0,31633.056,28534.505,6.993,6.993,6.993,,,MARINA COASTAL EXPRESSWAY,23.433
marina_coastal_expressway,Marina Coastal Expressway,5148.0,31634.854,28535.382,7.331,7.009,7.009,,,MARINA COASTAL EXPRESSWAY,23.758
marina_coastal_expressway,Marina Coastal Expressway,5150.0,31636.651,28536.26,8.381,7.025,7.025,,,MARINA COASTAL EXPRESSWAY,24.082
marina_coastal_expressway,Marina Coastal Expressway,5152.0,31638.448,28537.137,9.293,7.04,7.04,,,MARINA COASTAL EXPRESSWAY,24.407
marina_coastal_expressway,Marina Coastal Expressway,5154.0,31639.315,28537.541,12.318,7.056,7.056,,,MARINA COASTAL EXPRESSWAY,24.579
marina_coastal_expressway,Marina Coastal Expressway,5156.0,31637.548,28536.604,8.356,7.071,7.071,,,MARINA COASTAL EXPRESSWAY,24.321
marina_coastal_expressway,Marina Coastal Expressway,5158.0,31635.781,28535.667,7.493,7.087,7.087,,,MARINA COASTAL EXPRESSWAY,24.062
marina_coastal_expressway,Marina Coastal Expressway,5160.0,31634.014,28534.73,7.018,7.103,7.103,,,MARINA COASTAL EXPRESSWAY,23.803
marina_coastal_expressway,Marina Coastal Expressway,5162.0,31632.246,28533.794,7.118,7.118,7.118,,,MARINA COASTAL EXPRESSWAY,23.544
marina_coastal_expressway,Marina Coastal Expressway,5164.0,31630.479,28532.857,5.843,7.125,7.125,,,MARINA COASTAL EXPRESSWAY,23.285
marina_coastal_expressway,Marina Coastal Expressway,5166.0,31628.712,28531.92,4.943,7.131,7.131,,,MARINA COASTAL EXPRESSWAY,23.026
marina_coastal_expressway,Marina Coastal Expressway,5168.0,31626.945,28530.983,7.743,7.137,7.137,,,MARINA COASTAL EXPRESSWAY,22.767
marina_coastal_expressway,Marina Coastal Expressway,5170.0,31625.178,28530.046,6.743,7.143,7.143,,,MARINA COASTAL EXPRESSWAY,22.508
marina_coastal_expressway,Marina Coastal Expressway,5172.0,31623.411,28529.11,6.743,7.15,7.143,,,MARINA COASTAL EXPRESSWAY,22.25
marina_coastal_expressway,Marina Coastal Expressway,5174.0,31621.644,28528.173,9.893,7.156,7.143,,,MARINA COASTAL EXPRESSWAY,21.991
marina_coastal_expressway,Marina Coastal Expressway,5176.0,31619.877,28527.236,7.568,6.977,6.977,,,MARINA COASTAL EXPRESSWAY,21.732
marina_coastal_expressway,Marina Coastal Expressway,5178.0,31618.11,28526.299,7.293,6.798,6.798,,,MARINA COASTAL EXPRESSWAY,21.473
marina_coastal_expressway,Marina Coastal Expressway,5180.0,31616.343,28525.363,6.618,6.618,6.618,,,MARINA COASTAL EXPRESSWAY,21.214
marina_coastal_expressway,Marina Coastal Expressway,5182.0,31614.576,28524.426,6.943,6.407,6.407,,,MARINA COASTAL EXPRESSWAY,20.955
marina_coastal_expressway,Marina Coastal Expressway,5184.0,31612.809,28523.489,6.706,6.195,6.195,,,MARINA COASTAL EXPRESSWAY,20.696
marina_coastal_expressway,Marina Coastal Expressway,5186.0,31611.042,28522.552,6.195,5.983,5.983,,,MARINA COASTAL EXPRESSWAY,20.438
marina_coastal_expressway,Marina Coastal Expressway,5188.0,31609.275,28521.615,4.712,5.703,5.703,,,MARINA COASTAL EXPRESSWAY,20.179
marina_coastal_expressway,Marina Coastal Expressway,5190.0,31607.508,28520.679,4.878,5.422,5.422,,,MARINA COASTAL EXPRESSWAY,19.92
marina_coastal_expressway,Marina Coastal Expressway,5192.0,31605.741,28519.742,4.795,5.142,5.142,,,MARINA COASTAL EXPRESSWAY,19.661
marina_coastal_expressway,Marina Coastal Expressway,5194.0,31603.974,28518.805,4.861,4.861,4.892,,,MARINA COASTAL EXPRESSWAY,19.402
marina_coastal_expressway,Marina Coastal Expressway,5196.0,31602.207,28517.868,4.867,4.867,4.892,,,MARINA COASTAL EXPRESSWAY,19.143
marina_coastal_expressway,Marina Coastal Expressway,5198.0,31600.44,28516.931,4.892,4.892,4.892,0.312,1.0,MARINA COASTAL EXPRESSWAY,18.884
marina_coastal_expressway,Marina Coastal Expressway,5200.0,31598.673,28515.995,4.917,4.917,4.917,0.312,1.0,MARINA COASTAL EXPRESSWAY,18.625
marina_coastal_expressway,Marina Coastal Expressway,5202.0,31596.906,28515.058,4.986,4.986,4.917,0.312,1.0,MARINA COASTAL EXPRESSWAY,18.367
marina_coastal_expressway,Marina Coastal Expressway,5204.0,31595.139,28514.121,4.917,4.917,4.917,0.039,1.0,MARINA COASTAL EXPRESSWAY,18.108
marina_coastal_expressway,Marina Coastal Expressway,5206.0,31593.372,28513.184,5.005,5.005,4.917,-0.234,1.0,MARINA COASTAL EXPRESSWAY,17.849
marina_coastal_expressway,Marina Coastal Expressway,5208.0,31591.605,28512.247,4.661,4.898,4.898,-0.234,1.0,MARINA COASTAL EXPRESSWAY,17.59
marina_coastal_expressway,Marina Coastal Expressway,5210.0,31589.838,28511.311,4.792,4.792,4.898,-0.078,1.0,MARINA COASTAL EXPRESSWAY,17.331
marina_coastal_expressway,Marina Coastal Expressway,5212.0,31588.071,28510.374,4.692,4.692,4.898,0.039,1.0,MARINA COASTAL EXPRESSWAY,17.072
marina_coastal_expressway,Marina Coastal Expressway,5214.0,31586.304,28509.437,4.942,4.942,4.911,0.156,1.0,MARINA COASTAL EXPRESSWAY,16.813
marina_coastal_expressway,Marina Coastal Expressway,5216.0,31584.537,28508.5,5.117,5.117,4.911,-1.797,1.0,MARINA COASTAL EXPRESSWAY,16.554
marina_coastal_expressway,Marina Coastal Expressway,5218.0,31582.769,28507.563,4.911,4.911,4.911,-3.145,1.0,MARINA COASTAL EXPRESSWAY,16.296
marina_coastal_expressway,Marina Coastal Expressway,5220.0,31581.002,28506.627,4.755,4.755,4.755,,,MARINA COASTAL EXPRESSWAY,16.037
marina_coastal_expressway,Marina Coastal Expressway,5222.0,31579.235,28505.69,4.659,4.659,4.659,,,MARINA COASTAL EXPRESSWAY,15.778
marina_coastal_expressway,Marina Coastal Expressway,5224.0,31577.468,28504.753,5.501,4.572,4.572,-4.473,1.0,MARINA COASTAL EXPRESSWAY,15.519
marina_coastal_expressway,Marina Coastal Expressway,5226.0,31575.701,28503.816,4.53,4.484,4.484,-3.432,1.0,MARINA COASTAL EXPRESSWAY,15.26
marina_coastal_expressway,Marina Coastal Expressway,5228.0,31573.934,28502.879,4.397,4.397,4.397,,,MARINA COASTAL EXPRESSWAY,15.001
marina_coastal_expressway,Marina Coastal Expressway,5230.0,31572.167,28501.943,4.32,4.32,4.385,,,MARINA COASTAL EXPRESSWAY,14.742
marina_coastal_expressway,Marina Coastal Expressway,5232.0,31570.4,28501.006,4.256,4.256,4.367,-1.356,1.0,MARINA COASTAL EXPRESSWAY,14.484
marina_coastal_expressway,Marina Coastal Expressway,5234.0,31568.633,28500.069,4.385,4.385,4.32,-1.205,1.0,MARINA COASTAL EXPRESSWAY,14.225
marina_coastal_expressway,Marina Coastal Expressway,5236.0,31566.866,28499.132,4.367,4.367,4.288,-1.679,1.0,MARINA COASTAL EXPRESSWAY,13.966
marina_coastal_expressway,Marina Coastal Expressway,5238.0,31565.099,28498.195,4.288,4.288,4.288,-1.776,1.0,MARINA COASTAL EXPRESSWAY,13.707
marina_coastal_expressway,Marina Coastal Expressway,5240.0,31563.332,28497.259,4.233,4.233,4.233,,,MARINA COASTAL EXPRESSWAY,13.448
marina_coastal_expressway,Marina Coastal Expressway,5242.0,31561.565,28496.322,4.178,4.178,4.178,,,MARINA COASTAL EXPRESSWAY,13.189
marina_coastal_expressway,Marina Coastal Expressway,5244.0,31559.798,28495.385,4.512,4.13,4.13,-1.888,1.0,MARINA COASTAL EXPRESSWAY,12.93
marina_coastal_expressway,Marina Coastal Expressway,5246.0,31558.031,28494.448,4.033,4.082,4.082,-1.211,1.0,MARINA COASTAL EXPRESSWAY,12.671
marina_coastal_expressway,Marina Coastal Expressway,5248.0,31556.264,28493.511,4.033,4.033,4.082,,,MARINA COASTAL EXPRESSWAY,12.413
marina_coastal_expressway,Marina Coastal Expressway,5250.0,31554.497,28492.575,4.023,4.023,4.082,,,MARINA COASTAL EXPRESSWAY,12.154
marina_coastal_expressway,Marina Coastal Expressway,5252.0,31552.73,28491.638,4.071,4.208,4.208,,,MARINA COASTAL EXPRESSWAY,11.895
marina_coastal_expressway,Marina Coastal Expressway,5254.0,31550.963,28490.701,4.242,4.393,4.393,,,MARINA COASTAL EXPRESSWAY,11.636
marina_coastal_expressway,Marina Coastal Expressway,5256.0,31549.196,28489.764,4.224,4.649,4.649,,,MARINA COASTAL EXPRESSWAY,11.377
marina_coastal_expressway,Marina Coastal Expressway,5258.0,31547.429,28488.827,4.113,4.906,4.906,,,MARINA COASTAL EXPRESSWAY,11.118
marina_coastal_expressway,Marina Coastal Expressway,5260.0,31545.662,28487.891,4.049,5.162,5.162,,,MARINA COASTAL EXPRESSWAY,10.859
marina_coastal_expressway,Marina Coastal Expressway,5262.0,31543.895,28486.954,7.617,5.419,5.286,,,MARINA COASTAL EXPRESSWAY,10.601
marina_coastal_expressway,Marina Coastal Expressway,5264.0,31542.128,28486.017,10.238,5.479,5.286,,,MARINA COASTAL EXPRESSWAY,10.342
marina_coastal_expressway,Marina Coastal Expressway,5266.0,31540.361,28485.08,8.863,5.286,5.286,,,MARINA COASTAL EXPRESSWAY,10.083
marina_coastal_expressway,Marina Coastal Expressway,5268.0,31538.594,28484.143,7.388,5.093,5.093,,,MARINA COASTAL EXPRESSWAY,9.824
marina_coastal_expressway,Marina Coastal Expressway,5270.0,31536.827,28483.207,8.71,4.9,4.9,,,MARINA COASTAL EXPRESSWAY,9.565
marina_coastal_expressway,Marina Coastal Expressway,5272.0,31535.06,28482.27,5.467,4.706,4.706,,,MARINA COASTAL EXPRESSWAY,9.306
marina_coastal_expressway,Marina Coastal Expressway,5292.0,31517.389,28472.902,4.092,4.513,4.513,,,MARINA COASTAL EXPRESSWAY,6.717
marina_coastal_expressway,Marina Coastal Expressway,5294.0,31515.622,28471.965,4.217,4.32,4.32,,,MARINA COASTAL EXPRESSWAY,6.459
marina_coastal_expressway,Marina Coastal Expressway,5296.0,31513.855,28471.028,4.127,4.127,4.127,,,MARINA COASTAL EXPRESSWAY,6.2
marina_coastal_expressway,Marina Coastal Expressway,5298.0,31512.088,28470.092,4.037,4.037,4.037,,,MARINA COASTAL EXPRESSWAY,5.941
marina_coastal_expressway,Marina Coastal Expressway,5300.0,31510.321,28469.155,3.927,3.927,3.927,-2.875,1.0,MARINA COASTAL EXPRESSWAY,5.682
marina_coastal_expressway,Marina Coastal Expressway,5302.0,31508.554,28468.218,3.897,3.897,3.897,-1.75,1.0,MARINA COASTAL EXPRESSWAY,5.423
marina_coastal_expressway,Marina Coastal Expressway,5304.0,31506.787,28467.281,3.897,3.897,3.897,0.062,1.0,MARINA COASTAL EXPRESSWAY,5.164
marina_coastal_expressway,Marina Coastal Expressway,5306.0,31505.02,28466.344,3.897,3.897,3.897,0.875,1.0,MARINA COASTAL EXPRESSWAY,4.905
marina_coastal_expressway,Marina Coastal Expressway,5308.0,31503.253,28465.408,3.987,3.987,3.932,0.875,1.0,MARINA COASTAL EXPRESSWAY,4.646
marina_coastal_expressway,Marina Coastal Expressway,5310.0,31501.486,28464.471,3.967,3.967,3.967,0.875,1.0,MARINA COASTAL EXPRESSWAY,4.388
marina_coastal_expressway,Marina Coastal Expressway,5312.0,31499.719,28463.534,3.932,3.932,3.967,0.438,1.0,MARINA COASTAL EXPRESSWAY,4.129
marina_coastal_expressway,Marina Coastal Expressway,5314.0,31497.952,28462.597,3.977,3.977,3.967,0.0,1.0,MARINA COASTAL EXPRESSWAY,3.87
marina_coastal_expressway,Marina Coastal Expressway,5316.0,31496.185,28461.66,3.967,3.967,3.967,-0.073,1.0,MARINA COASTAL EXPRESSWAY,3.611
marina_coastal_expressway,Marina Coastal Expressway,5318.0,31494.418,28460.724,3.978,3.978,3.967,-0.073,1.0,MARINA COASTAL EXPRESSWAY,3.352
marina_coastal_expressway,Marina Coastal Expressway,5320.0,31492.651,28459.787,3.961,3.961,3.961,-0.073,1.0,MARINA COASTAL EXPRESSWAY,3.093
marina_coastal_expressway,Marina Coastal Expressway,5322.0,31490.884,28458.85,3.961,3.961,3.961,,,MARINA COASTAL EXPRESSWAY,2.834
marina_coastal_expressway,Marina Coastal Expressway,5324.0,31489.117,28457.913,3.94,3.94,3.961,,,MARINA COASTAL EXPRESSWAY,2.576
marina_coastal_expressway,Marina Coastal Expressway,5326.0,31487.35,28456.976,8.545,4.082,4.082,,,MARINA COASTAL EXPRESSWAY,2.317
marina_coastal_expressway,Marina Coastal Expressway,5328.0,31485.583,28456.04,4.845,4.224,4.224,,,MARINA COASTAL EXPRESSWAY,2.058
marina_coastal_expressway,Marina Coastal Expressway,5330.0,31483.816,28455.103,3.699,4.454,4.454,,,MARINA COASTAL EXPRESSWAY,1.799
marina_coastal_expressway,Marina Coastal Expressway,5332.0,31482.048,28454.166,4.403,4.685,4.685,,,MARINA COASTAL EXPRESSWAY,1.54
marina_coastal_expressway,Marina Coastal Expressway,5334.0,31480.281,28453.229,4.649,5.136,5.136,,,MARINA COASTAL EXPRESSWAY,1.281
marina_coastal_expressway,Marina Coastal Expressway,5336.0,31478.514,28452.292,4.478,5.587,5.587,,,MARINA COASTAL EXPRESSWAY,1.022
marina_coastal_expressway,Marina Coastal Expressway,5338.0,31476.747,28451.356,7.874,6.038,6.038,,,MARINA COASTAL EXPRESSWAY,0.764
marina_coastal_expressway,Marina Coastal Expressway,5340.0,31474.98,28450.419,9.661,,6.489,,,MARINA COASTAL EXPRESSWAY,0.505
marina_coastal_expressway,Marina Coastal Expressway,5342.0,31473.213,28449.482,9.232,,6.94,,,MARINA COASTAL EXPRESSWAY,0.246
marina_coastal_expressway,Marina Coastal Expressway,5344.0,31471.446,28448.545,8.907,7.391,7.391,,,MARINA COASTAL EXPRESSWAY,0.013
marina_coastal_expressway,Marina Coastal Expressway,5346.0,31469.679,28447.608,9.107,7.842,7.842,,,MARINA COASTAL EXPRESSWAY,0.272
marina_coastal_expressway,Marina Coastal Expressway,5348.0,31467.912,28446.672,8.478,8.294,8.294,,,MARINA COASTAL EXPRESSWAY,0.531
marina_coastal_expressway,Marina Coastal Expressway,5350.0,31466.145,28445.735,8.745,8.745,8.745,,,MARINA COASTAL EXPRESSWAY,0.79
marina_coastal_expressway,Marina Coastal Expressway,5352.0,31464.378,28444.798,9.099,8.816,8.816,,,MARINA COASTAL EXPRESSWAY,1.049
marina_coastal_expressway,Marina Coastal Expressway,5354.0,31462.611,28443.861,8.886,8.886,8.816,,,MARINA COASTAL EXPRESSWAY,1.307
marina_coastal_expressway,Marina Coastal Expressway,5356.0,31460.844,28442.924,8.953,8.953,8.816,,,MARINA COASTAL EXPRESSWAY,1.566
marina_coastal_expressway,Marina Coastal Expressway,5358.0,31459.077,28441.988,8.62,8.696,8.696,-7.917,1.0,MARINA COASTAL EXPRESSWAY,1.825
marina_coastal_expressway,Marina Coastal Expressway,5360.0,31457.31,28441.051,8.27,8.439,8.439,-7.917,1.0,MARINA COASTAL EXPRESSWAY,2.084
marina_coastal_expressway,Marina Coastal Expressway,5362.0,31455.543,28440.114,8.182,8.182,8.182,,,MARINA COASTAL EXPRESSWAY,2.343
marina_coastal_expressway,Marina Coastal Expressway,5364.0,31453.776,28439.177,8.182,8.182,8.182,,,MARINA COASTAL EXPRESSWAY,2.602
marina_coastal_expressway,Marina Coastal Expressway,5366.0,31452.009,28438.24,7.507,7.883,7.883,,,MARINA COASTAL EXPRESSWAY,2.861
marina_coastal_expressway,Marina Coastal Expressway,5368.0,31450.242,28437.304,8.112,7.583,7.583,,,MARINA COASTAL EXPRESSWAY,3.12
marina_coastal_expressway,Marina Coastal Expressway,5370.0,31448.475,28436.367,8.382,7.284,7.284,,,MARINA COASTAL EXPRESSWAY,3.378
marina_coastal_expressway,Marina Coastal Expressway,5372.0,31446.708,28435.43,7.557,6.996,6.996,,,MARINA COASTAL EXPRESSWAY,3.637
marina_coastal_expressway,Marina Coastal Expressway,5374.0,31444.941,28434.493,6.692,6.709,6.709,,,MARINA COASTAL EXPRESSWAY,3.896
marina_coastal_expressway,Marina Coastal Expressway,5376.0,31443.174,28433.557,7.438,6.421,6.421,,,MARINA COASTAL EXPRESSWAY,4.155
marina_coastal_expressway,Marina Coastal Expressway,5378.0,31441.407,28432.62,9.332,6.134,6.134,,,MARINA COASTAL EXPRESSWAY,4.414
marina_coastal_expressway,Marina Coastal Expressway,5380.0,31439.64,28431.683,6.182,5.893,5.893,,,MARINA COASTAL EXPRESSWAY,4.673
marina_coastal_expressway,Marina Coastal Expressway,5382.0,31437.873,28430.746,5.051,5.651,5.651,,,MARINA COASTAL EXPRESSWAY,4.932
marina_coastal_expressway,Marina Coastal Expressway,5384.0,31436.106,28429.809,7.46,5.409,5.409,,,MARINA COASTAL EXPRESSWAY,5.19
marina_coastal_expressway,Marina Coastal Expressway,5386.0,31434.339,28428.873,5.168,5.168,5.168,,,MARINA COASTAL EXPRESSWAY,5.449
marina_coastal_expressway,Marina Coastal Expressway,5388.0,31432.571,28427.936,4.768,5.11,5.143,,,MARINA COASTAL EXPRESSWAY,5.708
marina_coastal_expressway,Marina Coastal Expressway,5390.0,31430.804,28426.999,5.051,5.051,5.143,-1.458,1.0,MARINA COASTAL EXPRESSWAY,5.967
marina_coastal_expressway,Marina Coastal Expressway,5392.0,31429.037,28426.062,6.876,5.143,5.11,-1.094,1.0,MARINA COASTAL EXPRESSWAY,6.226
marina_coastal_expressway,Marina Coastal Expressway,5394.0,31427.27,28425.125,5.235,5.235,5.051,-0.729,1.0,MARINA COASTAL EXPRESSWAY,6.485
marina_coastal_expressway,Marina Coastal Expressway,5396.0,31425.503,28424.189,5.001,5.001,5.085,-0.312,1.0,MARINA COASTAL EXPRESSWAY,6.744
marina_coastal_expressway,Marina Coastal Expressway,5398.0,31423.736,28423.252,6.901,5.043,5.085,,,MARINA COASTAL EXPRESSWAY,7.003
marina_coastal_expressway,Marina Coastal Expressway,5400.0,31421.969,28422.315,5.085,5.085,5.085,,,MARINA COASTAL EXPRESSWAY,7.261
marina_coastal_expressway,Marina Coastal Expressway,5402.0,31420.202,28421.378,4.435,5.259,5.259,,,MARINA COASTAL EXPRESSWAY,7.52
marina_coastal_expressway,Marina Coastal Expressway,5404.0,31418.435,28420.441,4.568,5.433,5.433,,,MARINA COASTAL EXPRESSWAY,7.779
marina_coastal_expressway,Marina Coastal Expressway,5406.0,31416.668,28419.505,6.934,5.608,5.608,,,MARINA COASTAL EXPRESSWAY,8.038
marina_coastal_expressway,Marina Coastal Expressway,5408.0,31414.901,28418.568,4.701,5.782,5.782,,,MARINA COASTAL EXPRESSWAY,8.297
marina_coastal_expressway,Marina Coastal Expressway,5410.0,31413.134,28417.631,4.685,6.022,6.022,,,MARINA COASTAL EXPRESSWAY,8.556
marina_coastal_expressway,Marina Coastal Expressway,5412.0,31411.367,28416.694,10.551,6.261,6.261,,,MARINA COASTAL EXPRESSWAY,8.815
marina_coastal_expressway,Marina Coastal Expressway,5414.0,31409.6,28415.757,9.226,6.501,6.501,,,MARINA COASTAL EXPRESSWAY,9.073
marina_coastal_expressway,Marina Coastal Expressway,5416.0,31407.833,28414.821,9.693,6.74,6.74,,,MARINA COASTAL EXPRESSWAY,9.332
marina_coastal_expressway,Marina Coastal Expressway,5418.0,31406.066,28413.884,10.018,6.98,6.98,,,MARINA COASTAL EXPRESSWAY,9.591
marina_coastal_expressway,Marina Coastal Expressway,5420.0,31404.299,28412.947,7.268,7.22,7.22,,,MARINA COASTAL EXPRESSWAY,9.85
marina_coastal_expressway,Marina Coastal Expressway,5422.0,31402.532,28412.01,6.793,7.459,7.459,,,MARINA COASTAL EXPRESSWAY,10.109
marina_coastal_expressway,Marina Coastal Expressway,5424.0,31400.765,28411.073,9.734,7.699,7.699,,,MARINA COASTAL EXPRESSWAY,10.368
marina_coastal_expressway,Marina Coastal Expressway,5426.0,31398.998,28410.137,7.118,7.938,7.938,,,MARINA COASTAL EXPRESSWAY,10.627
marina_coastal_expressway,Marina Coastal Expressway,5428.0,31397.231,28409.2,6.718,8.178,8.178,,,MARINA COASTAL EXPRESSWAY,10.886
marina_coastal_expressway,Marina Coastal Expressway,5430.0,31395.464,28408.263,6.76,8.417,8.417,,,MARINA COASTAL EXPRESSWAY,11.144
marina_coastal_expressway,Marina Coastal Expressway,5432.0,31393.697,28407.326,8.058,8.657,8.657,,,MARINA COASTAL EXPRESSWAY,11.403
marina_coastal_expressway,Marina Coastal Expressway,5434.0,31391.93,28406.389,8.896,8.896,8.896,,,MARINA COASTAL EXPRESSWAY,11.662
marina_coastal_expressway,Marina Coastal Expressway,5436.0,31390.163,28405.453,10.666,8.904,8.904,,,MARINA COASTAL EXPRESSWAY,11.921
marina_coastal_expressway,Marina Coastal Expressway,5438.0,31388.396,28404.516,8.911,9.171,8.983,,,MARINA COASTAL EXPRESSWAY,12.18
marina_coastal_expressway,Marina Coastal Expressway,5440.0,31386.629,28403.579,8.891,9.077,8.983,,,MARINA COASTAL EXPRESSWAY,12.439
marina_coastal_expressway,Marina Coastal Expressway,5442.0,31384.862,28402.642,8.866,8.983,8.983,,,MARINA COASTAL EXPRESSWAY,12.698
marina_coastal_expressway,Marina Coastal Expressway,5444.0,31383.095,28401.705,10.494,8.528,8.528,,,MARINA COASTAL EXPRESSWAY,12.957
marina_coastal_expressway,Marina Coastal Expressway,5446.0,31381.327,28400.769,11.448,8.072,8.072,,,MARINA COASTAL EXPRESSWAY,13.215
marina_coastal_expressway,Marina Coastal Expressway,5448.0,31379.56,28399.832,10.957,7.617,7.617,,,MARINA COASTAL EXPRESSWAY,13.474
marina_coastal_expressway,Marina Coastal Expressway,5450.0,31377.793,28398.895,9.953,,7.161,,,MARINA COASTAL EXPRESSWAY,13.733
marina_coastal_expressway,Marina Coastal Expressway,5452.0,31376.026,28397.958,9.89,6.706,6.706,,,MARINA COASTAL EXPRESSWAY,13.992
marina_coastal_expressway,Marina Coastal Expressway,5454.0,31374.259,28397.021,8.855,6.25,6.25,,,MARINA COASTAL EXPRESSWAY,14.251
marina_coastal_expressway,Marina Coastal Expressway,5456.0,31372.492,28396.085,5.594,5.795,5.795,,,MARINA COASTAL EXPRESSWAY,14.51
marina_coastal_expressway,Marina Coastal Expressway,5458.0,31370.725,28395.148,5.947,5.339,5.339,,,MARINA COASTAL EXPRESSWAY,14.769
marina_coastal_expressway,Marina Coastal Expressway,5460.0,31368.958,28394.211,4.669,5.084,5.084,,,MARINA COASTAL EXPRESSWAY,15.027
marina_coastal_expressway,Marina Coastal Expressway,5462.0,31367.191,28393.274,4.83,4.83,4.83,,,MARINA COASTAL EXPRESSWAY,15.286
marina_coastal_expressway,Marina Coastal Expressway,5464.0,31365.424,28392.337,4.815,4.815,4.815,,,MARINA COASTAL EXPRESSWAY,15.545
marina_coastal_expressway,Marina Coastal Expressway,5466.0,31363.657,28391.401,4.722,4.722,4.722,-3.571,1.0,MARINA COASTAL EXPRESSWAY,15.804
marina_coastal_expressway,Marina Coastal Expressway,5468.0,31361.89,28390.464,4.619,4.619,4.619,,,MARINA COASTAL EXPRESSWAY,16.063
marina_coastal_expressway,Marina Coastal Expressway,5470.0,31360.123,28389.527,4.544,4.544,4.544,,,MARINA COASTAL EXPRESSWAY,16.322
marina_coastal_expressway,Marina Coastal Expressway,5472.0,31358.356,28388.59,5.005,4.41,4.41,-5.384,1.0,MARINA COASTAL EXPRESSWAY,16.581
marina_coastal_expressway,Marina Coastal Expressway,5474.0,31356.589,28387.654,4.142,4.276,4.276,-4.947,1.0,MARINA COASTAL EXPRESSWAY,16.84
marina_coastal_expressway,Marina Coastal Expressway,5476.0,31354.822,28386.717,4.142,4.142,4.188,,,MARINA COASTAL EXPRESSWAY,17.098
marina_coastal_expressway,Marina Coastal Expressway,5478.0,31353.055,28385.78,4.188,4.188,4.148,,,MARINA COASTAL EXPRESSWAY,17.357
marina_coastal_expressway,Marina Coastal Expressway,5480.0,31351.288,28384.843,6.496,4.148,4.142,-1.5,1.0,MARINA COASTAL EXPRESSWAY,17.616
marina_coastal_expressway,Marina Coastal Expressway,5482.0,31349.521,28383.906,6.626,4.108,4.108,-1.5,1.0,MARINA COASTAL EXPRESSWAY,17.875
marina_coastal_expressway,Marina Coastal Expressway,5484.0,31347.754,28382.97,5.726,4.068,4.068,-1.551,1.0,MARINA COASTAL EXPRESSWAY,18.134
marina_coastal_expressway,Marina Coastal Expressway,5486.0,31345.987,28382.033,4.028,4.028,4.028,-1.25,1.0,MARINA COASTAL EXPRESSWAY,18.393
marina_coastal_expressway,Marina Coastal Expressway,5488.0,31344.22,28381.096,4.018,4.018,4.018,-0.75,1.0,MARINA COASTAL EXPRESSWAY,18.652
marina_coastal_expressway,Marina Coastal Expressway,5490.0,31342.453,28380.159,4.008,4.008,4.008,-0.25,1.0,MARINA COASTAL EXPRESSWAY,18.911
marina_coastal_expressway,Marina Coastal Expressway,5492.0,31340.686,28379.222,3.985,3.985,4.008,-0.053,1.0,MARINA COASTAL EXPRESSWAY,19.169
marina_coastal_expressway,Marina Coastal Expressway,5494.0,31338.919,28378.286,4.006,4.006,4.008,0.123,1.0,MARINA COASTAL EXPRESSWAY,19.428
marina_coastal_expressway,Marina Coastal Expressway,5496.0,31337.152,28377.349,4.014,4.014,4.014,0.201,1.0,MARINA COASTAL EXPRESSWAY,19.687
marina_coastal_expressway,Marina Coastal Expressway,5498.0,31335.385,28376.412,4.018,4.018,4.018,0.201,1.0,MARINA COASTAL EXPRESSWAY,19.946
marina_coastal_expressway,Marina Coastal Expressway,5500.0,31333.618,28375.475,4.03,4.03,4.024,0.129,1.0,MARINA COASTAL EXPRESSWAY,20.205
marina_coastal_expressway,Marina Coastal Expressway,5502.0,31331.85,28374.538,4.024,4.024,4.024,,,MARINA COASTAL EXPRESSWAY,20.464
marina_coastal_expressway,Marina Coastal Expressway,5504.0,31330.083,28373.602,4.027,4.027,4.024,,,MARINA COASTAL EXPRESSWAY,20.723
marina_coastal_expressway,Marina Coastal Expressway,5506.0,31328.316,28372.665,5.555,4.008,4.008,,,MARINA COASTAL EXPRESSWAY,20.982
marina_coastal_expressway,Marina Coastal Expressway,5508.0,31326.549,28371.728,5.549,3.989,3.989,,,MARINA COASTAL EXPRESSWAY,21.24
marina_coastal_expressway,Marina Coastal Expressway,5592.0,31252.221,28347.585,2.996,3.97,3.97,,,MARINA COASTAL EXPRESSWAY,42.097
marina_coastal_expressway,Marina Coastal Expressway,5594.0,31251.317,28345.801,3.928,3.951,3.951,,,MARINA COASTAL EXPRESSWAY,41.092
marina_coastal_expressway,Marina Coastal Expressway,5596.0,31250.413,28344.017,3.932,3.932,3.932,,,MARINA COASTAL EXPRESSWAY,40.087
marina_coastal_expressway,Marina Coastal Expressway,5598.0,31249.51,28342.233,3.932,3.932,3.932,,,MARINA COASTAL EXPRESSWAY,39.081
marina_coastal_expressway,Marina Coastal Expressway,5600.0,31248.606,28340.449,3.925,3.925,3.932,,,MARINA COASTAL EXPRESSWAY,38.076
marina_coastal_expressway,Marina Coastal Expressway,5602.0,31247.702,28338.665,4.025,4.025,4.001,,,MARINA COASTAL EXPRESSWAY,37.07
marina_coastal_expressway,Marina Coastal Expressway,5604.0,31246.798,28336.881,4.375,4.013,4.001,0.804,1.0,MARINA COASTAL EXPRESSWAY,36.065
marina_coastal_expressway,Marina Coastal Expressway,5606.0,31245.385,28335.471,4.375,4.001,4.001,-0.149,1.0,MARINA COASTAL EXPRESSWAY,35.651
marina_coastal_expressway,Marina Coastal Expressway,5608.0,31243.95,28334.078,3.989,3.989,3.996,,,MARINA COASTAL EXPRESSWAY,35.263
marina_coastal_expressway,Marina Coastal Expressway,5610.0,31242.515,28332.686,3.996,3.996,3.989,,,MARINA COASTAL EXPRESSWAY,34.875
marina_coastal_expressway,Marina Coastal Expressway,5612.0,31240.903,28331.525,3.965,3.965,3.965,-1.061,1.0,MARINA COASTAL EXPRESSWAY,34.777
marina_coastal_expressway,Marina Coastal Expressway,5614.0,31239.18,28330.508,3.911,3.911,3.915,-1.027,1.0,MARINA COASTAL EXPRESSWAY,34.861
marina_coastal_expressway,Marina Coastal Expressway,5616.0,31237.458,28329.492,3.915,3.915,3.911,-0.866,1.0,MARINA COASTAL EXPRESSWAY,34.945
marina_coastal_expressway,Marina Coastal Expressway,5618.0,31235.735,28328.475,3.89,3.89,3.907,-0.312,1.0,MARINA COASTAL EXPRESSWAY,35.029
marina_coastal_expressway,Marina Coastal Expressway,5620.0,31234.013,28327.458,3.907,3.907,3.896,-0.189,1.0,MARINA COASTAL EXPRESSWAY,35.113
marina_coastal_expressway,Marina Coastal Expressway,5622.0,31232.291,28326.442,3.896,3.896,3.89,-0.134,1.0,MARINA COASTAL EXPRESSWAY,35.197
marina_coastal_expressway,Marina Coastal Expressway,5624.0,31230.553,28325.451,3.878,3.878,3.896,0.402,1.0,MARINA COASTAL EXPRESSWAY,35.311
marina_coastal_expressway,Marina Coastal Expressway,5626.0,31228.81,28324.471,3.885,3.885,3.896,0.619,1.0,MARINA COASTAL EXPRESSWAY,35.436
marina_coastal_expressway,Marina Coastal Expressway,5628.0,31227.067,28323.49,3.928,3.928,3.928,,,MARINA COASTAL EXPRESSWAY,35.562
marina_coastal_expressway,Marina Coastal Expressway,5630.0,31225.323,28322.511,4.019,4.019,3.94,,,MARINA COASTAL EXPRESSWAY,35.689
marina_coastal_expressway,Marina Coastal Expressway,5632.0,31223.557,28321.573,2.815,3.98,3.94,-0.033,1.0,MARINA COASTAL EXPRESSWAY,35.863
marina_coastal_expressway,Marina Coastal Expressway,5634.0,31221.79,28320.635,3.92,3.94,3.94,-0.492,1.0,MARINA COASTAL EXPRESSWAY,36.037
marina_coastal_expressway,Marina Coastal Expressway,5636.0,31220.024,28319.697,3.9,3.9,3.925,,,MARINA COASTAL EXPRESSWAY,36.21
marina_coastal_expressway,Marina Coastal Expressway,5638.0,31218.257,28318.759,3.925,3.925,3.9,,,MARINA COASTAL EXPRESSWAY,36.384
marina_coastal_expressway,Marina Coastal Expressway,5640.0,31216.48,28317.845,3.9,3.9,3.9,0.887,1.0,MARINA COASTAL EXPRESSWAY,36.584
marina_coastal_expressway,Marina Coastal Expressway,5642.0,31214.637,28317.069,3.856,3.856,3.925,1.2,1.0,MARINA COASTAL EXPRESSWAY,36.935
marina_coastal_expressway,Marina Coastal Expressway,5644.0,31212.793,28316.293,3.996,3.996,3.996,1.2,1.0,MARINA COASTAL EXPRESSWAY,37.287
marina_coastal_expressway,Marina Coastal Expressway,5646.0,31210.95,28315.516,4.026,4.026,3.996,0.137,1.0,MARINA COASTAL EXPRESSWAY,37.638
marina_coastal_expressway,Marina Coastal Expressway,5648.0,31209.107,28314.74,4.021,4.021,3.996,-0.75,1.0,MARINA COASTAL EXPRESSWAY,37.989
marina_coastal_expressway,Marina Coastal Expressway,5650.0,31207.262,28313.967,3.936,3.936,3.936,-0.75,1.0,MARINA COASTAL EXPRESSWAY,38.344
marina_coastal_expressway,Marina Coastal Expressway,5652.0,31205.416,28313.197,3.901,3.901,3.936,-0.49,1.0,MARINA COASTAL EXPRESSWAY,38.702
marina_coastal_expressway,Marina Coastal Expressway,5654.0,31203.57,28312.428,3.936,3.936,3.936,0.468,1.0,MARINA COASTAL EXPRESSWAY,39.061
marina_coastal_expressway,Marina Coastal Expressway,5656.0,31201.724,28311.659,4.075,4.075,3.957,1.738,1.0,MARINA COASTAL EXPRESSWAY,39.42
marina_coastal_expressway,Marina Coastal Expressway,5658.0,31199.878,28310.889,3.957,3.957,3.974,2.129,1.0,MARINA COASTAL EXPRESSWAY,39.778
marina_coastal_expressway,Marina Coastal Expressway,5660.0,31198.032,28310.12,3.974,3.974,4.075,1.869,1.0,MARINA COASTAL EXPRESSWAY,40.137
marina_coastal_expressway,Marina Coastal Expressway,5662.0,31196.186,28309.35,4.125,4.125,4.107,1.895,1.0,MARINA COASTAL EXPRESSWAY,40.495
marina_coastal_expressway,Marina Coastal Expressway,5664.0,31194.42,28308.418,4.107,4.107,4.107,0.391,1.0,MARINA COASTAL EXPRESSWAY,40.674
marina_coastal_expressway,Marina Coastal Expressway,5666.0,31192.679,28307.433,4.125,4.125,4.125,-0.062,1.0,MARINA COASTAL EXPRESSWAY,40.794
marina_coastal_expressway,Marina Coastal Expressway,5668.0,31190.938,28306.448,3.903,3.903,4.107,-0.359,1.0,MARINA COASTAL EXPRESSWAY,40.915
marina_coastal_expressway,Marina Coastal Expressway,5670.0,31189.217,28305.431,4.175,4.175,4.102,-0.791,1.0,MARINA COASTAL EXPRESSWAY,40.998
marina_coastal_expressway,Marina Coastal Expressway,5672.0,31187.546,28304.375,4.078,4.078,4.078,-0.717,1.0,MARINA COASTAL EXPRESSWAY,41.02
