path_key,source_project,chainage_m,x_svy21,y_svy21,elevation_m_raw,elevation_m_filtered,elevation_m_smooth,gradient_pct,Grade,nearest_road_name,nearest_road_dist_m
thomson_road,Thomson Road,0.0,28562.667,36186.914,15.71,16.5,16.5,,,THOMSON ROAD,0.0
thomson_road,Thomson Road,2.0,28561.559,36185.248,16.5,16.5,16.617,,,THOMSON ROAD,0.0
thomson_road,Thomson Road,4.0,28560.452,36183.583,16.093,16.734,16.734,,,THOMSON ROAD,0.0
thomson_road,Thomson Road,6.0,28559.344,36181.918,16.334,16.968,16.968,,,THOMSON ROAD,0.0
thomson_road,Thomson Road,8.0,28558.236,36180.252,17.202,17.202,17.131,,,THOMSON ROAD,0.0
thomson_road,Thomson Road,10.0,28557.129,36178.587,18.206,17.167,17.131,,,THOMSON ROAD,0.0
thomson_road,Thomson Road,12.0,28556.021,36176.922,17.767,17.131,17.131,,,THOMSON ROAD,0.0
thomson_road,Thomson Road,14.0,28554.914,36175.256,16.964,17.096,17.096,,,THOMSON ROAD,0.0
thomson_road,Thomson Road,16.0,28553.806,36173.591,18.045,17.061,17.061,,,THOMSON ROAD,0.0
thomson_road,Thomson Road,18.0,28552.698,36171.926,18.376,17.025,17.025,,,THOMSON ROAD,0.0
thomson_road,Thomson Road,20.0,28551.591,36170.26,18.901,16.99,16.99,,,THOMSON ROAD,0.0
thomson_road,Thomson Road,22.0,28550.483,36168.595,19.844,16.955,16.955,,,THOMSON ROAD,0.0
thomson_road,Thomson Road,24.0,28549.376,36166.93,19.375,16.919,16.919,,,THOMSON ROAD,0.0
thomson_road,Thomson Road,26.0,28548.268,36165.264,17.316,16.884,16.884,,,THOMSON ROAD,0.0
thomson_road,Thomson Road,28.0,28547.16,36163.599,17.175,16.849,16.849,,,THOMSON ROAD,0.0
thomson_road,Thomson Road,30.0,28546.053,36161.934,16.813,16.813,16.813,,,THOMSON ROAD,0.0
thomson_road,Thomson Road,32.0,28544.945,36160.269,16.666,16.666,16.813,,,THOMSON ROAD,0.0
thomson_road,Thomson Road,34.0,28543.838,36158.603,16.668,16.668,16.813,,,THOMSON ROAD,0.0
thomson_road,Thomson Road,36.0,28542.73,36156.938,16.559,16.816,16.816,,,THOMSON ROAD,0.0
thomson_road,Thomson Road,38.0,28541.623,36155.273,16.418,17.056,17.056,,,THOMSON ROAD,0.0
thomson_road,Thomson Road,40.0,28540.515,36153.607,16.427,17.296,17.296,,,THOMSON ROAD,0.0
thomson_road,Thomson Road,42.0,28539.407,36151.942,16.402,17.575,17.575,,,THOMSON ROAD,0.0
thomson_road,Thomson Road,44.0,28538.3,36150.277,18.216,17.854,17.854,,,THOMSON ROAD,0.0
thomson_road,Thomson Road,46.0,28537.192,36148.611,19.05,18.133,18.133,,,THOMSON ROAD,0.0
thomson_road,Thomson Road,48.0,28536.085,36146.946,19.141,18.412,18.412,,,THOMSON ROAD,0.0
thomson_road,Thomson Road,50.0,28534.784,36145.438,20.247,18.53,18.53,,,THOMSON ROAD,0.0
thomson_road,Thomson Road,52.0,28533.376,36144.017,19.711,18.603,18.603,,,THOMSON ROAD,0.0
thomson_road,Thomson Road,54.0,28531.969,36142.597,19.372,18.675,18.675,,,THOMSON ROAD,0.0
thomson_road,Thomson Road,56.0,28530.561,36141.176,19.226,18.748,18.748,,,THOMSON ROAD,0.0
thomson_road,Thomson Road,58.0,28529.153,36139.755,16.087,18.82,18.82,,,THOMSON ROAD,0.0
thomson_road,Thomson Road,60.0,28527.746,36138.334,15.808,18.893,18.893,,,THOMSON ROAD,0.0
thomson_road,Thomson Road,62.0,28526.338,36136.914,17.018,18.965,18.965,,,THOMSON ROAD,0.0
thomson_road,Thomson Road,64.0,28524.93,36135.493,17.077,19.038,19.038,,,THOMSON ROAD,0.0
thomson_road,Thomson Road,66.0,28523.523,36134.072,15.837,19.11,19.11,,,THOMSON ROAD,0.0
thomson_road,Thomson Road,68.0,28522.115,36132.651,19.166,19.183,19.11,,,THOMSON ROAD,0.0
thomson_road,Thomson Road,70.0,28520.707,36131.231,19.256,19.256,19.183,,,THOMSON ROAD,0.0
thomson_road,Thomson Road,72.0,28519.3,36129.81,19.022,19.022,19.192,,,THOMSON ROAD,0.0
thomson_road,Thomson Road,74.0,28517.892,36128.389,19.007,19.192,19.256,,,THOMSON ROAD,0.0
thomson_road,Thomson Road,76.0,28516.485,36126.968,19.664,19.363,19.363,,,THOMSON ROAD,0.0
thomson_road,Thomson Road,78.0,28515.077,36125.548,18.999,19.653,19.653,,,THOMSON ROAD,0.0
thomson_road,Thomson Road,80.0,28513.669,36124.127,19.361,19.944,19.944,,,THOMSON ROAD,0.0
thomson_road,Thomson Road,82.0,28512.262,36122.706,20.849,20.234,20.234,,,THOMSON ROAD,0.0
thomson_road,Thomson Road,84.0,28510.854,36121.285,20.784,20.525,20.525,,,THOMSON ROAD,0.0
thomson_road,Thomson Road,86.0,28509.446,36119.865,20.156,20.816,20.816,,,THOMSON ROAD,0.0
thomson_road,Thomson Road,88.0,28508.039,36118.444,21.166,20.848,20.848,,,THOMSON ROAD,0.0
thomson_road,Thomson Road,90.0,28506.394,36117.323,20.702,20.88,20.88,,,THOMSON ROAD,0.0
thomson_road,Thomson Road,92.0,28504.685,36116.285,20.318,20.912,20.912,,,THOMSON ROAD,0.0
thomson_road,Thomson Road,94.0,28502.975,36115.248,20.843,20.944,20.944,,,THOMSON ROAD,0.0
thomson_road,Thomson Road,96.0,28501.265,36114.21,20.48,20.976,20.976,,,THOMSON ROAD,0.0
thomson_road,Thomson Road,98.0,28499.556,36113.172,20.062,21.007,21.007,,,THOMSON ROAD,0.0
thomson_road,Thomson Road,100.0,28497.846,36112.134,20.241,21.039,21.039,,,THOMSON ROAD,0.0
thomson_road,Thomson Road,102.0,28496.136,36111.096,21.071,21.071,21.071,,,THOMSON ROAD,0.0
thomson_road,Thomson Road,104.0,28494.427,36110.058,20.7,21.2,21.2,,,THOMSON ROAD,0.0
thomson_road,Thomson Road,106.0,28492.717,36109.021,21.475,21.328,21.328,,,THOMSON ROAD,0.0
thomson_road,Thomson Road,108.0,28491.007,36107.983,20.952,21.456,21.456,,,THOMSON ROAD,0.0
thomson_road,Thomson Road,110.0,28489.298,36106.945,21.495,21.585,21.585,,,THOMSON ROAD,0.0
thomson_road,Thomson Road,112.0,28487.588,36105.907,21.071,21.713,21.713,,,THOMSON ROAD,0.0
thomson_road,Thomson Road,114.0,28485.878,36104.869,21.987,21.841,21.841,,,THOMSON ROAD,0.0
thomson_road,Thomson Road,116.0,28484.169,36103.832,21.97,21.97,21.947,,,THOMSON ROAD,0.0
thomson_road,Thomson Road,118.0,28482.385,36102.928,21.951,21.951,21.947,,,THOMSON ROAD,0.0
thomson_road,Thomson Road,120.0,28480.597,36102.033,21.947,21.947,21.947,-0.649,1.0,THOMSON ROAD,0.0
thomson_road,Thomson Road,122.0,28478.808,36101.137,21.92,21.92,21.92,-0.649,1.0,THOMSON ROAD,0.0
thomson_road,Thomson Road,124.0,28477.02,36100.242,21.895,21.895,21.895,-0.649,1.0,THOMSON ROAD,0.0
thomson_road,Thomson Road,126.0,28475.231,36099.347,21.837,21.837,21.895,-0.24,1.0,THOMSON ROAD,0.0
thomson_road,Thomson Road,128.0,28473.443,36098.452,21.826,21.826,21.895,0.096,1.0,THOMSON ROAD,0.0
thomson_road,Thomson Road,130.0,28471.655,36097.556,21.906,21.906,21.901,0.144,1.0,THOMSON ROAD,0.0
thomson_road,Thomson Road,132.0,28469.866,36096.66,21.901,21.901,21.903,,,THOMSON ROAD,0.0
thomson_road,Thomson Road,134.0,28468.078,36095.764,21.903,21.903,21.906,,,THOMSON ROAD,0.0
thomson_road,Thomson Road,136.0,28466.29,36094.869,22.27,21.912,21.912,,,THOMSON ROAD,0.0
thomson_road,Thomson Road,138.0,28464.507,36093.963,21.872,21.922,21.922,,,THOMSON ROAD,0.0
thomson_road,Thomson Road,140.0,28462.729,36093.047,20.612,21.932,21.932,,,THOMSON ROAD,0.0
thomson_road,Thomson Road,142.0,28460.951,36092.13,22.047,21.941,21.932,,,THOMSON ROAD,0.0
thomson_road,Thomson Road,144.0,28459.174,36091.214,21.951,21.951,21.932,,,THOMSON ROAD,0.0
thomson_road,Thomson Road,146.0,28457.396,36090.297,21.888,21.888,21.888,,,THOMSON ROAD,0.0
thomson_road,Thomson Road,148.0,28455.619,36089.38,21.808,21.633,21.633,-9.101,2.0,THOMSON ROAD,0.0
thomson_road,Thomson Road,150.0,28453.841,36088.464,20.853,21.378,21.378,,,THOMSON ROAD,0.0
thomson_road,Thomson Road,152.0,28452.063,36087.547,21.123,21.123,21.203,,,THOMSON ROAD,0.0
thomson_road,Thomson Road,154.0,28450.286,36086.631,21.901,21.163,21.203,,,THOMSON ROAD,0.0
thomson_road,Thomson Road,156.0,28448.508,36085.714,20.496,21.203,21.203,0.505,1.0,THOMSON ROAD,0.0
thomson_road,Thomson Road,158.0,28446.731,36084.798,20.405,21.244,21.244,,,THOMSON ROAD,0.0
thomson_road,Thomson Road,160.0,28444.953,36083.881,21.284,21.284,21.244,,,THOMSON ROAD,0.0
thomson_road,Thomson Road,162.0,28443.175,36082.964,21.451,21.451,21.244,,,THOMSON ROAD,0.0
thomson_road,Thomson Road,164.0,28441.398,36082.048,21.305,21.2,21.2,,,THOMSON ROAD,0.0
thomson_road,Thomson Road,166.0,28439.62,36081.131,20.221,20.949,20.949,,,THOMSON ROAD,0.0
thomson_road,Thomson Road,168.0,28437.843,36080.215,21.173,20.705,20.705,,,THOMSON ROAD,0.0
thomson_road,Thomson Road,170.0,28436.065,36079.298,19.913,20.461,20.461,,,THOMSON ROAD,0.0
thomson_road,Thomson Road,172.0,28434.287,36078.382,19.519,20.217,20.217,,,THOMSON ROAD,0.0
thomson_road,Thomson Road,174.0,28432.51,36077.465,19.525,19.973,19.973,,,THOMSON ROAD,0.0
thomson_road,Thomson Road,176.0,28430.732,36076.548,19.73,19.73,19.73,,,THOMSON ROAD,0.0
thomson_road,Thomson Road,178.0,28428.954,36075.632,19.95,19.579,19.579,,,THOMSON ROAD,0.0
thomson_road,Thomson Road,180.0,28427.177,36074.715,19.428,19.428,19.428,,,THOMSON ROAD,0.0
thomson_road,Thomson Road,182.0,28425.399,36073.799,20.332,19.378,19.378,,,THOMSON ROAD,0.0
thomson_road,Thomson Road,184.0,28423.622,36072.882,18.877,19.328,19.328,,,THOMSON ROAD,0.0
thomson_road,Thomson Road,186.0,28421.844,36071.966,19.532,19.279,19.279,,,THOMSON ROAD,0.0
thomson_road,Thomson Road,188.0,28420.066,36071.049,20.198,19.229,19.229,,,THOMSON ROAD,0.0
thomson_road,Thomson Road,190.0,28418.289,36070.132,20.81,19.18,19.18,,,THOMSON ROAD,0.0
thomson_road,Thomson Road,192.0,28416.511,36069.216,19.271,19.13,19.18,,,THOMSON ROAD,0.0
thomson_road,Thomson Road,194.0,28414.734,36068.299,20.585,19.081,19.18,,,THOMSON ROAD,0.0
thomson_road,Thomson Road,196.0,28412.956,36067.383,19.05,19.244,19.244,,,THOMSON ROAD,0.0
thomson_road,Thomson Road,198.0,28411.178,36066.466,18.981,19.407,19.407,,,THOMSON ROAD,0.0
thomson_road,Thomson Road,200.0,28409.401,36065.549,18.886,19.503,19.413,,,THOMSON ROAD,0.0
thomson_road,Thomson Road,202.0,28407.623,36064.633,20.586,19.598,19.413,,,THOMSON ROAD,0.0
thomson_road,Thomson Road,204.0,28405.846,36063.716,20.561,19.413,19.413,,,THOMSON ROAD,0.0
thomson_road,Thomson Road,206.0,28404.068,36062.8,19.859,19.227,19.227,,,THOMSON ROAD,0.0
thomson_road,Thomson Road,208.0,28402.29,36061.883,19.47,19.042,19.042,,,THOMSON ROAD,0.0
thomson_road,Thomson Road,210.0,28400.513,36060.967,19.687,18.856,18.856,,,THOMSON ROAD,0.0
thomson_road,Thomson Road,212.0,28398.735,36060.05,18.457,18.671,18.671,,,THOMSON ROAD,0.0
thomson_road,Thomson Road,214.0,28396.958,36059.133,18.182,18.485,18.514,,,THOMSON ROAD,0.0
thomson_road,Thomson Road,216.0,28395.18,36058.217,18.514,18.514,18.489,,,THOMSON ROAD,0.0
thomson_road,Thomson Road,218.0,28393.402,36057.3,18.489,18.489,18.485,,,THOMSON ROAD,0.0
thomson_road,Thomson Road,220.0,28391.625,36056.384,18.266,18.266,18.266,,,THOMSON ROAD,0.0
thomson_road,Thomson Road,222.0,28389.847,36055.467,17.802,18.265,18.265,,,THOMSON ROAD,0.0
thomson_road,Thomson Road,224.0,28388.07,36054.551,18.799,18.265,18.265,,,THOMSON ROAD,0.0
thomson_road,Thomson Road,226.0,28386.292,36053.634,18.358,18.264,18.264,,,THOMSON ROAD,0.0
thomson_road,Thomson Road,228.0,28384.514,36052.717,18.264,18.012,18.012,,,THOMSON ROAD,0.0
thomson_road,Thomson Road,230.0,28382.737,36051.801,19.179,17.76,17.76,,,THOMSON ROAD,0.0
thomson_road,Thomson Road,232.0,28380.982,36050.841,17.234,17.508,17.508,,,THOMSON ROAD,0.0
thomson_road,Thomson Road,234.0,28379.23,36049.877,17.256,17.256,17.316,,,THOMSON ROAD,0.0
thomson_road,Thomson Road,236.0,28377.478,36048.912,17.197,17.197,17.316,,,THOMSON ROAD,0.0
thomson_road,Thomson Road,238.0,28375.726,36047.947,16.398,17.316,17.316,2.922,1.0,THOMSON ROAD,0.0
thomson_road,Thomson Road,240.0,28373.974,36046.983,17.852,17.436,17.436,,,THOMSON ROAD,0.0
thomson_road,Thomson Road,242.0,28372.222,36046.018,17.555,17.555,17.55,,,THOMSON ROAD,0.0
thomson_road,Thomson Road,244.0,28370.47,36045.053,17.223,17.553,17.55,,,THOMSON ROAD,0.0
thomson_road,Thomson Road,246.0,28368.718,36044.089,18.032,17.55,17.55,,,THOMSON ROAD,0.0
thomson_road,Thomson Road,248.0,28366.966,36043.124,17.056,17.547,17.547,,,THOMSON ROAD,0.0
thomson_road,Thomson Road,250.0,28365.214,36042.16,17.619,17.545,17.545,,,THOMSON ROAD,0.0
thomson_road,Thomson Road,252.0,28363.462,36041.195,17.542,17.251,17.251,,,THOMSON ROAD,0.0
thomson_road,Thomson Road,254.0,28361.71,36040.23,17.899,16.957,16.957,,,THOMSON ROAD,0.0
thomson_road,Thomson Road,256.0,28359.958,36039.266,17.372,16.687,16.687,,,THOMSON ROAD,0.0
thomson_road,Thomson Road,258.0,28358.206,36038.301,17.16,16.417,16.417,,,THOMSON ROAD,0.0
thomson_road,Thomson Road,260.0,28356.454,36037.337,15.927,16.147,16.147,,,THOMSON ROAD,0.0
thomson_road,Thomson Road,262.0,28354.702,36036.372,15.029,15.878,15.878,,,THOMSON ROAD,0.0
thomson_road,Thomson Road,264.0,28352.95,36035.407,15.28,15.608,15.608,,,THOMSON ROAD,0.0
thomson_road,Thomson Road,266.0,28351.198,36034.443,15.338,15.338,15.468,,,THOMSON ROAD,0.0
thomson_road,Thomson Road,268.0,28349.446,36033.478,15.404,15.404,15.468,,,THOMSON ROAD,0.0
thomson_road,Thomson Road,270.0,28347.694,36032.514,15.06,15.468,15.468,,,THOMSON ROAD,0.0
thomson_road,Thomson Road,272.0,28345.942,36031.549,16.396,15.532,15.532,,,THOMSON ROAD,0.0
thomson_road,Thomson Road,274.0,28344.19,36030.584,16.023,15.596,15.596,,,THOMSON ROAD,0.0
thomson_road,Thomson Road,276.0,28342.438,36029.62,15.029,15.66,15.66,,,THOMSON ROAD,0.0
thomson_road,Thomson Road,278.0,28340.686,36028.655,15.341,15.724,15.724,,,THOMSON ROAD,0.0
thomson_road,Thomson Road,280.0,28338.934,36027.691,15.158,15.788,15.788,,,THOMSON ROAD,0.0
thomson_road,Thomson Road,282.0,28337.182,36026.726,15.852,15.852,15.827,,,THOMSON ROAD,0.0
thomson_road,Thomson Road,284.0,28335.43,36025.761,16.523,15.839,15.827,,,THOMSON ROAD,0.0
thomson_road,Thomson Road,286.0,28333.678,36024.797,15.754,15.827,15.827,,,THOMSON ROAD,0.0
thomson_road,Thomson Road,288.0,28331.926,36023.832,15.814,15.814,15.814,,,THOMSON ROAD,0.0
thomson_road,Thomson Road,290.0,28330.174,36022.867,16.126,15.696,15.696,,,THOMSON ROAD,0.0
thomson_road,Thomson Road,292.0,28328.422,36021.903,16.042,15.578,15.578,-4.455,1.0,THOMSON ROAD,0.0
thomson_road,Thomson Road,294.0,28326.67,36020.938,15.735,15.46,15.46,,,THOMSON ROAD,0.0
thomson_road,Thomson Road,296.0,28324.918,36019.974,15.342,15.342,15.458,,,THOMSON ROAD,0.0
thomson_road,Thomson Road,298.0,28323.166,36019.009,15.458,15.458,15.342,,,THOMSON ROAD,0.0
thomson_road,Thomson Road,300.0,28321.414,36018.044,15.383,15.269,15.269,,,THOMSON ROAD,0.0
thomson_road,Thomson Road,302.0,28319.671,36017.063,14.51,15.08,15.08,,,THOMSON ROAD,0.0
thomson_road,Thomson Road,304.0,28317.971,36016.011,14.778,14.999,15.06,,,THOMSON ROAD,0.0
thomson_road,Thomson Road,306.0,28316.27,36014.959,14.648,14.919,15.06,,,THOMSON ROAD,0.0
thomson_road,Thomson Road,308.0,28314.569,36013.906,15.06,15.06,15.06,,,THOMSON ROAD,0.0
thomson_road,Thomson Road,310.0,28312.869,36012.854,15.175,15.175,15.06,,,THOMSON ROAD,0.0
thomson_road,Thomson Road,312.0,28311.168,36011.801,15.685,15.075,15.06,,,THOMSON ROAD,0.0
thomson_road,Thomson Road,314.0,28309.467,36010.749,16.209,14.975,14.975,,,THOMSON ROAD,0.0
thomson_road,Thomson Road,316.0,28307.766,36009.697,15.317,14.874,14.874,,,THOMSON ROAD,0.0
thomson_road,Thomson Road,318.0,28306.066,36008.644,14.929,14.774,14.774,,,THOMSON ROAD,0.0
thomson_road,Thomson Road,320.0,28304.365,36007.592,14.674,14.674,14.674,,,THOMSON ROAD,0.0
thomson_road,Thomson Road,322.0,28302.664,36006.539,14.5,14.5,14.5,,,THOMSON ROAD,0.0
thomson_road,Thomson Road,324.0,28300.963,36005.487,14.424,14.424,14.5,,,THOMSON ROAD,0.0
thomson_road,Thomson Road,326.0,28299.263,36004.435,14.462,14.462,14.5,,,THOMSON ROAD,0.0
thomson_road,Thomson Road,328.0,28297.562,36003.382,13.708,14.592,14.592,,,THOMSON ROAD,0.0
thomson_road,Thomson Road,330.0,28295.861,36002.33,13.772,14.722,14.722,,,THOMSON ROAD,0.0
thomson_road,Thomson Road,332.0,28294.16,36001.278,14.122,14.852,14.852,,,THOMSON ROAD,0.0
thomson_road,Thomson Road,334.0,28292.46,36000.225,15.341,14.981,14.981,,,THOMSON ROAD,0.0
thomson_road,Thomson Road,336.0,28290.759,35999.173,16.328,15.111,15.111,,,THOMSON ROAD,0.0
thomson_road,Thomson Road,338.0,28289.058,35998.121,16.158,15.241,15.241,,,THOMSON ROAD,0.0
thomson_road,Thomson Road,340.0,28287.357,35997.068,15.475,15.371,15.371,,,THOMSON ROAD,0.0
thomson_road,Thomson Road,342.0,28285.657,35996.016,14.937,15.501,15.501,,,THOMSON ROAD,0.0
thomson_road,Thomson Road,344.0,28283.956,35994.964,15.896,15.527,15.527,,,THOMSON ROAD,0.0
thomson_road,Thomson Road,346.0,28283.77,35994.849,15.886,15.553,15.527,,,THOMSON ROAD,0.0
thomson_road,Thomson Road,348.0,28282.07,35993.797,15.579,15.579,15.527,,,THOMSON ROAD,0.0
thomson_road,Thomson Road,350.0,28280.369,35992.745,15.409,15.338,15.338,,,THOMSON ROAD,0.0
thomson_road,Thomson Road,352.0,28278.668,35991.692,15.29,15.04,15.04,,,THOMSON ROAD,0.0
thomson_road,Thomson Road,354.0,28276.967,35990.64,15.264,14.733,14.733,,,THOMSON ROAD,0.0
thomson_road,Thomson Road,356.0,28275.266,35989.588,15.179,14.426,14.426,,,THOMSON ROAD,0.0
thomson_road,Thomson Road,358.0,28273.566,35988.536,13.607,14.119,14.119,,,THOMSON ROAD,0.0
thomson_road,Thomson Road,360.0,28271.865,35987.483,12.761,13.849,13.849,,,THOMSON ROAD,0.0
thomson_road,Thomson Road,362.0,28270.164,35986.432,12.752,13.579,13.579,,,THOMSON ROAD,0.0
thomson_road,Thomson Road,364.0,28268.463,35985.379,13.429,13.308,13.308,,,THOMSON ROAD,0.0
thomson_road,Thomson Road,366.0,28266.762,35984.327,12.868,13.038,13.038,,,THOMSON ROAD,0.0
thomson_road,Thomson Road,368.0,28265.061,35983.275,12.485,12.768,12.768,,,THOMSON ROAD,0.0
thomson_road,Thomson Road,370.0,28263.36,35982.223,12.497,12.497,12.497,,,THOMSON ROAD,0.0
thomson_road,Thomson Road,372.0,28261.66,35981.17,12.463,12.463,12.463,,,THOMSON ROAD,0.0
thomson_road,Thomson Road,374.0,28259.959,35980.118,12.081,12.429,12.429,-1.728,1.0,THOMSON ROAD,0.0
thomson_road,Thomson Road,376.0,28258.258,35979.066,11.977,12.394,12.394,,,THOMSON ROAD,0.0
thomson_road,Thomson Road,378.0,28256.557,35978.013,12.359,12.359,12.359,,,THOMSON ROAD,0.0
thomson_road,Thomson Road,380.0,28254.856,35976.961,12.865,12.321,12.321,,,THOMSON ROAD,0.0
thomson_road,Thomson Road,382.0,28253.156,35975.909,12.628,12.284,12.321,,,THOMSON ROAD,0.0
thomson_road,Thomson Road,384.0,28251.455,35974.857,12.246,12.246,12.321,,,THOMSON ROAD,0.0
thomson_road,Thomson Road,386.0,28249.739,35973.829,12.12,12.359,12.359,,,THOMSON ROAD,0.0
thomson_road,Thomson Road,388.0,28248.023,35972.802,12.472,12.472,12.359,,,THOMSON ROAD,0.0
thomson_road,Thomson Road,390.0,28246.306,35971.776,12.462,12.462,12.359,,,THOMSON ROAD,0.0
thomson_road,Thomson Road,392.0,28244.59,35970.749,12.619,12.284,12.284,-3.174,1.0,THOMSON ROAD,0.0
thomson_road,Thomson Road,394.0,28242.873,35969.723,12.105,12.105,12.14,-4.565,1.0,THOMSON ROAD,0.0
thomson_road,Thomson Road,396.0,28241.157,35968.696,11.897,11.897,12.105,,,THOMSON ROAD,0.0
thomson_road,Thomson Road,398.0,28239.44,35967.67,12.14,12.14,11.994,,,THOMSON ROAD,0.0
thomson_road,Thomson Road,400.0,28237.724,35966.643,12.474,11.994,11.897,-4.697,1.0,THOMSON ROAD,0.0
thomson_road,Thomson Road,402.0,28236.007,35965.617,11.661,11.847,11.847,-3.307,1.0,THOMSON ROAD,0.0
thomson_road,Thomson Road,404.0,28234.291,35964.59,11.701,11.701,11.729,,,THOMSON ROAD,0.0
thomson_road,Thomson Road,406.0,28232.574,35963.564,11.625,11.625,11.729,,,THOMSON ROAD,0.0
thomson_road,Thomson Road,408.0,28230.858,35962.538,11.169,11.729,11.729,0.0,1.0,THOMSON ROAD,0.0
thomson_road,Thomson Road,410.0,28229.141,35961.511,10.88,11.833,11.729,,,THOMSON ROAD,0.0
thomson_road,Thomson Road,412.0,28227.425,35960.485,11.937,11.937,11.729,,,THOMSON ROAD,0.0
thomson_road,Thomson Road,414.0,28225.708,35959.458,11.882,11.682,11.682,,,THOMSON ROAD,0.0
thomson_road,Thomson Road,416.0,28223.992,35958.432,11.829,11.428,11.428,-5.632,1.0,THOMSON ROAD,0.0
thomson_road,Thomson Road,418.0,28222.275,35957.405,11.173,11.173,11.279,,,THOMSON ROAD,0.0
thomson_road,Thomson Road,420.0,28220.559,35956.379,11.279,11.279,11.279,,,THOMSON ROAD,0.0
thomson_road,Thomson Road,422.0,28218.842,35955.353,11.192,11.192,11.192,0.477,1.0,THOMSON ROAD,0.0
thomson_road,Thomson Road,424.0,28217.125,35954.326,11.34,11.34,11.279,0.477,1.0,THOMSON ROAD,0.0
thomson_road,Thomson Road,426.0,28215.405,35953.306,11.129,11.129,11.317,0.062,1.0,THOMSON ROAD,0.0
thomson_road,Thomson Road,428.0,28213.685,35952.286,11.341,11.341,11.317,-1.024,1.0,THOMSON ROAD,0.0
thomson_road,Thomson Road,430.0,28211.964,35951.266,11.317,11.317,11.197,-4.736,1.0,THOMSON ROAD,0.0
thomson_road,Thomson Road,432.0,28210.244,35950.246,11.197,11.197,11.197,-4.636,1.0,THOMSON ROAD,0.0
thomson_road,Thomson Road,434.0,28208.524,35949.226,10.938,10.938,10.938,-4.536,1.0,THOMSON ROAD,0.0
thomson_road,Thomson Road,436.0,28206.803,35948.207,10.636,10.856,10.856,-5.282,1.0,THOMSON ROAD,0.0
thomson_road,Thomson Road,438.0,28205.083,35947.187,10.774,10.774,10.834,,,THOMSON ROAD,0.0
thomson_road,Thomson Road,440.0,28203.363,35946.166,10.834,10.834,10.774,,,THOMSON ROAD,0.0
thomson_road,Thomson Road,442.0,28201.642,35945.146,10.423,10.66,10.66,,,THOMSON ROAD,0.0
thomson_road,Thomson Road,444.0,28199.919,35944.132,10.486,10.486,10.66,,,THOMSON ROAD,0.0
thomson_road,Thomson Road,446.0,28198.123,35943.253,10.027,10.611,10.66,,,THOMSON ROAD,0.0
thomson_road,Thomson Road,448.0,28196.326,35942.373,11.392,10.737,10.737,,,THOMSON ROAD,0.0
thomson_road,Thomson Road,450.0,28194.53,35941.494,10.86,10.862,10.862,,,THOMSON ROAD,0.0
thomson_road,Thomson Road,452.0,28192.734,35940.615,11.445,10.987,10.987,,,THOMSON ROAD,0.0
thomson_road,Thomson Road,454.0,28190.937,35939.735,10.888,11.112,11.112,,,THOMSON ROAD,0.0
thomson_road,Thomson Road,456.0,28189.141,35938.856,11.404,11.238,11.223,,,THOMSON ROAD,0.0
thomson_road,Thomson Road,458.0,28187.345,35937.976,11.363,11.363,11.223,,,THOMSON ROAD,0.0
thomson_road,Thomson Road,460.0,28185.548,35937.097,9.995,11.223,11.223,,,THOMSON ROAD,0.0
thomson_road,Thomson Road,462.0,28183.752,35936.218,10.35,11.082,11.082,,,THOMSON ROAD,0.0
thomson_road,Thomson Road,464.0,28181.956,35935.338,11.548,10.942,10.942,,,THOMSON ROAD,0.0
thomson_road,Thomson Road,466.0,28180.16,35934.459,11.133,10.802,10.802,,,THOMSON ROAD,0.0
thomson_road,Thomson Road,468.0,28178.363,35933.579,10.358,10.662,10.662,,,THOMSON ROAD,0.0
thomson_road,Thomson Road,470.0,28176.567,35932.7,11.018,10.522,10.522,,,THOMSON ROAD,0.0
thomson_road,Thomson Road,472.0,28174.771,35931.821,10.161,10.381,10.381,,,THOMSON ROAD,0.0
thomson_road,Thomson Road,474.0,28172.974,35930.941,10.668,10.241,10.241,,,THOMSON ROAD,0.0
thomson_road,Thomson Road,476.0,28171.178,35930.062,10.038,10.101,10.101,,,THOMSON ROAD,0.0
thomson_road,Thomson Road,478.0,28169.382,35929.183,9.961,9.961,9.961,,,THOMSON ROAD,0.0
thomson_road,Thomson Road,480.0,28167.585,35928.303,9.567,9.856,9.856,,,THOMSON ROAD,0.0
thomson_road,Thomson Road,482.0,28165.789,35927.424,10.529,9.752,9.752,,,THOMSON ROAD,0.0
thomson_road,Thomson Road,484.0,28163.993,35926.544,10.083,9.647,9.647,,,THOMSON ROAD,0.0
thomson_road,Thomson Road,486.0,28162.197,35925.665,9.431,9.543,9.558,,,THOMSON ROAD,0.0
thomson_road,Thomson Road,488.0,28160.4,35924.786,9.438,9.438,9.543,,,THOMSON ROAD,0.0
thomson_road,Thomson Road,490.0,28158.604,35923.906,9.558,9.558,9.528,,,THOMSON ROAD,0.0
thomson_road,Thomson Road,492.0,28156.808,35923.027,9.528,9.528,9.528,,,THOMSON ROAD,0.0
thomson_road,Thomson Road,494.0,28155.011,35922.148,9.446,9.446,9.558,,,THOMSON ROAD,0.0
thomson_road,Thomson Road,496.0,28153.215,35921.268,9.506,9.694,9.694,,,THOMSON ROAD,0.0
thomson_road,Thomson Road,498.0,28151.419,35920.389,9.653,9.942,9.942,,,THOMSON ROAD,0.0
thomson_road,Thomson Road,500.0,28149.622,35919.509,10.164,10.206,10.206,,,THOMSON ROAD,0.0
thomson_road,Thomson Road,502.0,28147.826,35918.63,10.291,10.47,10.47,,,THOMSON ROAD,0.0
thomson_road,Thomson Road,504.0,28146.03,35917.751,11.213,10.734,10.734,,,THOMSON ROAD,0.0
thomson_road,Thomson Road,506.0,28144.234,35916.871,11.303,10.923,10.923,,,THOMSON ROAD,0.0
thomson_road,Thomson Road,508.0,28142.437,35915.992,11.576,11.111,11.024,,,THOMSON ROAD,0.0
thomson_road,Thomson Road,510.0,28140.641,35915.112,10.363,11.3,11.024,,,THOMSON ROAD,0.0
thomson_road,Thomson Road,512.0,28138.845,35914.233,11.013,11.024,11.024,,,THOMSON ROAD,0.0
thomson_road,Thomson Road,514.0,28137.046,35913.358,7.845,10.747,10.747,,,THOMSON ROAD,0.0
thomson_road,Thomson Road,516.0,28135.238,35912.504,7.091,10.482,10.747,,,THOMSON ROAD,0.0
thomson_road,Thomson Road,518.0,28133.429,35911.651,6.26,10.695,10.747,4.664,1.0,THOMSON ROAD,0.0
thomson_road,Thomson Road,520.0,28131.62,35910.797,9.951,10.908,10.908,4.852,1.0,THOMSON ROAD,0.0
thomson_road,Thomson Road,522.0,28129.811,35909.944,11.121,11.121,11.121,,,THOMSON ROAD,0.0
thomson_road,Thomson Road,524.0,28128.003,35909.09,11.196,11.196,11.136,,,THOMSON ROAD,0.0
thomson_road,Thomson Road,526.0,28126.194,35908.237,11.136,11.136,11.196,4.757,1.0,THOMSON ROAD,0.0
thomson_road,Thomson Road,528.0,28124.385,35907.383,10.958,11.328,11.328,4.569,1.0,THOMSON ROAD,0.0
thomson_road,Thomson Road,530.0,28122.577,35906.53,11.52,11.52,11.501,,,THOMSON ROAD,0.0
thomson_road,Thomson Road,532.0,28120.768,35905.676,11.6,11.6,11.501,,,THOMSON ROAD,0.0
thomson_road,Thomson Road,534.0,28118.959,35904.823,11.887,11.501,11.501,,,THOMSON ROAD,0.0
thomson_road,Thomson Road,536.0,28117.15,35903.969,11.402,11.402,11.477,,,THOMSON ROAD,0.0
thomson_road,Thomson Road,538.0,28115.342,35903.116,10.684,11.44,11.477,,,THOMSON ROAD,0.0
thomson_road,Thomson Road,540.0,28113.533,35902.262,11.003,11.477,11.477,,,THOMSON ROAD,0.0
thomson_road,Thomson Road,542.0,28111.725,35901.407,11.404,11.514,11.514,,,THOMSON ROAD,0.0
thomson_road,Thomson Road,544.0,28109.932,35900.521,11.712,11.551,11.551,,,THOMSON ROAD,0.0
thomson_road,Thomson Road,546.0,28108.139,35899.634,12.382,11.588,11.588,,,THOMSON ROAD,0.0
thomson_road,Thomson Road,548.0,28106.346,35898.748,11.82,11.625,11.625,,,THOMSON ROAD,0.0
thomson_road,Thomson Road,550.0,28104.553,35897.862,11.662,11.662,11.662,,,THOMSON ROAD,0.0
thomson_road,Thomson Road,552.0,28102.76,35896.976,11.562,11.94,11.94,,,THOMSON ROAD,0.0
thomson_road,Thomson Road,554.0,28100.967,35896.089,11.842,12.217,12.217,,,THOMSON ROAD,0.0
thomson_road,Thomson Road,556.0,28099.175,35895.203,12.495,12.495,12.495,,,THOMSON ROAD,0.0
thomson_road,Thomson Road,558.0,28097.382,35894.317,12.382,12.667,12.667,,,THOMSON ROAD,0.0
thomson_road,Thomson Road,560.0,28095.589,35893.431,12.685,12.84,12.84,,,THOMSON ROAD,0.0
thomson_road,Thomson Road,562.0,28093.796,35892.544,13.14,13.012,13.012,,,THOMSON ROAD,0.0
thomson_road,Thomson Road,564.0,28092.003,35891.658,13.327,13.127,13.127,,,THOMSON ROAD,0.0
thomson_road,Thomson Road,566.0,28090.21,35890.772,14.375,13.242,13.127,,,THOMSON ROAD,0.0
thomson_road,Thomson Road,568.0,28088.414,35889.892,13.948,13.157,13.127,,,THOMSON ROAD,0.0
thomson_road,Thomson Road,570.0,28086.549,35889.17,13.643,13.072,13.072,,,THOMSON ROAD,0.0
thomson_road,Thomson Road,572.0,28084.684,35888.447,13.297,12.987,12.987,,,THOMSON ROAD,0.0
thomson_road,Thomson Road,574.0,28082.819,35887.725,12.728,12.902,12.902,,,THOMSON ROAD,0.0
thomson_road,Thomson Road,576.0,28080.954,35887.003,12.147,12.817,12.817,,,THOMSON ROAD,0.0
thomson_road,Thomson Road,578.0,28079.089,35886.28,12.552,12.732,12.732,,,THOMSON ROAD,0.0
thomson_road,Thomson Road,580.0,28077.224,35885.558,12.647,12.647,12.732,,,THOMSON ROAD,0.0
thomson_road,Thomson Road,582.0,28075.359,35884.835,12.652,12.652,12.732,,,THOMSON ROAD,0.0
thomson_road,Thomson Road,584.0,28073.494,35884.113,12.922,12.922,12.922,,,THOMSON ROAD,0.0
thomson_road,Thomson Road,586.0,28071.629,35883.39,12.93,12.93,12.93,,,THOMSON ROAD,0.0
thomson_road,Thomson Road,588.0,28069.764,35882.668,13.238,13.137,13.137,,,THOMSON ROAD,0.0
thomson_road,Thomson Road,590.0,28067.881,35881.996,12.777,13.343,13.343,,,THOMSON ROAD,0.0
thomson_road,Thomson Road,592.0,28065.991,35881.34,13.417,13.55,13.55,,,THOMSON ROAD,0.0
thomson_road,Thomson Road,594.0,28064.102,35880.685,13.245,13.756,13.756,,,THOMSON ROAD,0.0
thomson_road,Thomson Road,596.0,28062.212,35880.03,15.3,13.963,13.963,,,THOMSON ROAD,0.0
thomson_road,Thomson Road,598.0,28060.323,35879.374,14.681,13.965,13.965,,,THOMSON ROAD,0.0
thomson_road,Thomson Road,600.0,28058.433,35878.719,13.734,13.966,13.966,0.086,1.0,THOMSON ROAD,0.0
thomson_road,Thomson Road,602.0,28056.544,35878.064,14.26,13.968,13.968,,,THOMSON ROAD,0.0
thomson_road,Thomson Road,604.0,28054.654,35877.408,13.97,13.97,13.97,,,THOMSON ROAD,0.0
thomson_road,Thomson Road,606.0,28052.764,35876.753,14.109,14.109,13.993,,,THOMSON ROAD,0.0
thomson_road,Thomson Road,608.0,28050.875,35876.097,14.256,14.256,13.993,,,THOMSON ROAD,0.0
thomson_road,Thomson Road,610.0,28048.981,35875.455,13.993,13.993,13.993,,,THOMSON ROAD,0.0
thomson_road,Thomson Road,612.0,28047.07,35874.865,13.059,13.761,13.761,,,THOMSON ROAD,0.0
thomson_road,Thomson Road,614.0,28045.159,35874.276,13.542,13.53,13.53,,,THOMSON ROAD,0.0
thomson_road,Thomson Road,616.0,28043.248,35873.687,13.037,13.299,13.508,,,THOMSON ROAD,0.0
thomson_road,Thomson Road,618.0,28041.336,35873.097,13.067,13.336,13.508,,,THOMSON ROAD,0.0
thomson_road,Thomson Road,620.0,28039.425,35872.508,13.541,13.508,13.508,,,THOMSON ROAD,0.0
thomson_road,Thomson Road,622.0,28037.514,35871.919,16.662,13.679,13.679,,,THOMSON ROAD,0.0
thomson_road,Thomson Road,624.0,28035.603,35871.329,17.959,13.953,13.953,,,THOMSON ROAD,0.0
thomson_road,Thomson Road,626.0,28033.692,35870.74,17.45,14.227,14.227,,,THOMSON ROAD,0.0
thomson_road,Thomson Road,628.0,28031.78,35870.151,13.218,14.501,14.501,,,THOMSON ROAD,0.0
thomson_road,Thomson Road,630.0,28029.869,35869.561,16.494,14.775,14.775,,,THOMSON ROAD,0.0
thomson_road,Thomson Road,632.0,28027.958,35868.972,14.057,15.049,15.049,,,THOMSON ROAD,0.0
thomson_road,Thomson Road,634.0,28026.047,35868.383,14.121,15.322,15.322,,,THOMSON ROAD,0.0
thomson_road,Thomson Road,636.0,28024.109,35867.901,14.546,15.596,15.596,,,THOMSON ROAD,0.0
thomson_road,Thomson Road,638.0,28022.142,35867.542,16.127,15.87,15.87,,,THOMSON ROAD,0.0
thomson_road,Thomson Road,640.0,28020.174,35867.183,16.144,16.144,16.144,,,THOMSON ROAD,0.0
thomson_road,Thomson Road,642.0,28018.207,35866.823,16.167,16.344,16.344,,,THOMSON ROAD,0.0
thomson_road,Thomson Road,644.0,28016.239,35866.464,16.543,16.653,16.653,,,THOMSON ROAD,0.0
thomson_road,Thomson Road,646.0,28014.272,35866.104,14.371,16.963,16.963,,,THOMSON ROAD,0.0
thomson_road,Thomson Road,648.0,28012.304,35865.745,14.421,17.273,17.273,,,THOMSON ROAD,0.0
thomson_road,Thomson Road,650.0,28010.337,35865.386,16.396,17.537,17.537,,,THOMSON ROAD,0.0
thomson_road,Thomson Road,652.0,28008.37,35865.026,18.587,17.8,17.8,,,THOMSON ROAD,0.0
thomson_road,Thomson Road,654.0,28006.402,35864.667,18.893,18.063,18.063,,,THOMSON ROAD,0.0
thomson_road,Thomson Road,656.0,28004.435,35864.307,18.626,18.327,18.101,,,THOMSON ROAD,0.0
thomson_road,Thomson Road,658.0,28002.467,35863.948,18.379,18.379,18.11,,,THOMSON ROAD,0.0
thomson_road,Thomson Road,660.0,28000.5,35863.588,18.101,18.101,18.11,,,THOMSON ROAD,0.0
thomson_road,Thomson Road,662.0,27998.532,35863.229,18.11,18.11,18.101,-1.211,1.0,THOMSON ROAD,0.0
thomson_road,Thomson Road,664.0,27996.565,35862.87,15.896,17.974,18.013,,,THOMSON ROAD,0.0
thomson_road,Thomson Road,666.0,27994.598,35862.51,14.978,17.838,18.013,,,THOMSON ROAD,0.0
thomson_road,Thomson Road,668.0,27992.63,35862.151,17.703,18.013,18.013,,,THOMSON ROAD,0.0
thomson_road,Thomson Road,670.0,27990.652,35861.892,17.79,18.187,18.187,,,THOMSON ROAD,0.0
thomson_road,Thomson Road,672.0,27988.653,35861.837,19.473,18.361,18.361,,,THOMSON ROAD,0.0
thomson_road,Thomson Road,674.0,27986.654,35861.782,18.991,18.451,18.451,,,THOMSON ROAD,0.0
thomson_road,Thomson Road,676.0,27984.654,35861.727,19.166,18.54,18.54,,,THOMSON ROAD,0.0
thomson_road,Thomson Road,678.0,27982.655,35861.672,20.15,18.629,18.629,,,THOMSON ROAD,0.0
thomson_road,Thomson Road,680.0,27980.656,35861.617,20.645,18.719,18.719,,,THOMSON ROAD,0.0
thomson_road,Thomson Road,682.0,27978.657,35861.562,20.786,18.808,18.808,,,THOMSON ROAD,0.0
thomson_road,Thomson Road,684.0,27976.657,35861.507,20.745,18.897,18.897,,,THOMSON ROAD,0.0
thomson_road,Thomson Road,686.0,27974.658,35861.452,18.986,18.986,18.963,,,THOMSON ROAD,0.0
thomson_road,Thomson Road,688.0,27972.659,35861.397,17.193,18.975,18.963,,,THOMSON ROAD,0.0
thomson_road,Thomson Road,690.0,27970.66,35861.343,18.963,18.963,18.963,,,THOMSON ROAD,0.0
thomson_road,Thomson Road,692.0,27968.66,35861.288,17.566,18.682,18.682,-7.847,1.0,THOMSON ROAD,0.0
thomson_road,Thomson Road,694.0,27966.661,35861.233,17.96,18.4,18.4,-10.556,2.0,THOMSON ROAD,0.0
thomson_road,Thomson Road,696.0,27964.662,35861.178,18.119,18.119,18.335,,,THOMSON ROAD,0.0
thomson_road,Thomson Road,698.0,27962.663,35861.123,18.105,18.105,18.119,,,THOMSON ROAD,0.0
thomson_road,Thomson Road,700.0,27960.663,35861.068,18.335,18.335,18.105,,,THOMSON ROAD,0.0
thomson_road,Thomson Road,702.0,27958.664,35861.013,16.416,18.043,18.043,,,THOMSON ROAD,0.0
thomson_road,Thomson Road,704.0,27956.665,35860.958,15.766,17.751,17.751,,,THOMSON ROAD,0.0
thomson_road,Thomson Road,706.0,27954.666,35860.903,14.628,17.46,17.46,,,THOMSON ROAD,0.0
thomson_road,Thomson Road,708.0,27952.666,35860.848,17.843,17.168,17.168,,,THOMSON ROAD,0.0
thomson_road,Thomson Road,710.0,27950.667,35860.793,17.271,16.876,16.876,,,THOMSON ROAD,0.0
thomson_road,Thomson Road,712.0,27948.668,35860.738,17.129,16.584,16.584,,,THOMSON ROAD,0.0
thomson_road,Thomson Road,714.0,27946.669,35860.683,16.405,16.292,16.292,,,THOMSON ROAD,0.0
thomson_road,Thomson Road,716.0,27944.67,35860.628,16.0,16.0,16.16,,,THOMSON ROAD,0.0
thomson_road,Thomson Road,718.0,27942.67,35860.573,16.109,16.109,16.16,,,THOMSON ROAD,0.0
thomson_road,Thomson Road,720.0,27940.671,35860.518,16.16,16.16,16.16,2.361,1.0,THOMSON ROAD,0.0
thomson_road,Thomson Road,722.0,27938.672,35860.464,16.249,16.249,16.249,,,THOMSON ROAD,0.0
thomson_road,Thomson Road,724.0,27936.673,35860.409,16.349,16.349,16.349,,,THOMSON ROAD,0.0
thomson_road,Thomson Road,726.0,27934.673,35860.354,16.435,16.548,16.548,,,THOMSON ROAD,0.0
thomson_road,Thomson Road,728.0,27932.674,35860.299,16.58,16.748,16.748,,,THOMSON ROAD,0.0
thomson_road,Thomson Road,730.0,27930.675,35860.244,16.69,17.041,17.041,,,THOMSON ROAD,0.0
thomson_road,Thomson Road,732.0,27928.676,35860.189,17.938,17.335,17.335,,,THOMSON ROAD,0.0
thomson_road,Thomson Road,734.0,27926.676,35860.134,18.021,17.629,17.629,,,THOMSON ROAD,0.0
thomson_road,Thomson Road,736.0,27924.678,35860.061,18.177,17.922,17.922,,,THOMSON ROAD,0.0
thomson_road,Thomson Road,738.0,27922.681,35859.953,17.22,18.216,18.216,,,THOMSON ROAD,0.0
thomson_road,Thomson Road,740.0,27920.684,35859.846,18.222,18.255,18.255,,,THOMSON ROAD,0.0
thomson_road,Thomson Road,742.0,27918.686,35859.738,18.295,18.295,18.295,,,THOMSON ROAD,0.0
thomson_road,Thomson Road,744.0,27916.689,35859.631,17.558,18.417,18.417,,,THOMSON ROAD,0.0
thomson_road,Thomson Road,746.0,27914.692,35859.523,17.57,18.54,18.54,4.608,1.0,THOMSON ROAD,0.0
thomson_road,Thomson Road,748.0,27912.695,35859.416,18.663,18.663,18.658,,,THOMSON ROAD,0.0
thomson_road,Thomson Road,750.0,27910.698,35859.308,18.658,18.658,18.663,,,THOMSON ROAD,0.0
thomson_road,Thomson Road,752.0,27908.701,35859.2,18.479,18.808,18.808,,,THOMSON ROAD,0.0
thomson_road,Thomson Road,754.0,27906.704,35859.093,18.958,18.958,18.958,9.318,2.0,THOMSON ROAD,0.0
thomson_road,Thomson Road,756.0,27904.707,35858.985,18.981,19.183,19.183,,,THOMSON ROAD,0.0
thomson_road,Thomson Road,758.0,27902.71,35858.878,19.409,19.409,19.409,,,THOMSON ROAD,0.0
thomson_road,Thomson Road,760.0,27900.713,35858.77,19.439,19.439,19.439,,,THOMSON ROAD,0.0
thomson_road,Thomson Road,762.0,27898.715,35858.662,19.793,19.563,19.563,,,THOMSON ROAD,0.0
thomson_road,Thomson Road,764.0,27896.718,35858.555,19.407,19.686,19.686,,,THOMSON ROAD,0.0
thomson_road,Thomson Road,766.0,27894.721,35858.447,20.039,19.809,19.809,,,THOMSON ROAD,0.0
thomson_road,Thomson Road,768.0,27892.724,35858.34,20.457,19.932,19.932,,,THOMSON ROAD,0.0
thomson_road,Thomson Road,770.0,27890.727,35858.232,20.803,20.055,20.055,,,THOMSON ROAD,0.0
thomson_road,Thomson Road,772.0,27888.73,35858.124,20.175,20.178,20.178,,,THOMSON ROAD,0.0
thomson_road,Thomson Road,774.0,27886.733,35858.017,20.301,20.301,20.255,,,THOMSON ROAD,0.0
thomson_road,Thomson Road,776.0,27884.736,35857.909,20.255,20.255,20.301,,,THOMSON ROAD,0.0
thomson_road,Thomson Road,778.0,27882.739,35857.802,19.486,20.487,20.487,,,THOMSON ROAD,0.0
thomson_road,Thomson Road,780.0,27880.741,35857.694,20.422,20.718,20.718,8.116,1.0,THOMSON ROAD,0.0
thomson_road,Thomson Road,782.0,27878.744,35857.587,20.657,20.95,20.95,,,THOMSON ROAD,0.0
thomson_road,Thomson Road,784.0,27876.747,35857.479,21.182,21.182,20.95,,,THOMSON ROAD,0.0
thomson_road,Thomson Road,786.0,27874.75,35857.371,22.764,21.116,20.95,,,THOMSON ROAD,0.0
thomson_road,Thomson Road,788.0,27872.753,35857.264,22.985,20.928,20.928,,,THOMSON ROAD,0.0
thomson_road,Thomson Road,790.0,27870.756,35857.156,20.986,20.739,20.739,,,THOMSON ROAD,0.0
thomson_road,Thomson Road,792.0,27868.759,35857.049,20.046,20.517,20.517,,,THOMSON ROAD,0.0
thomson_road,Thomson Road,794.0,27866.762,35856.941,20.115,20.294,20.294,,,THOMSON ROAD,0.0
thomson_road,Thomson Road,796.0,27864.765,35856.833,20.072,20.072,20.104,,,THOMSON ROAD,0.0
thomson_road,Thomson Road,798.0,27862.768,35856.726,20.104,20.104,20.072,,,THOMSON ROAD,0.0
thomson_road,Thomson Road,800.0,27860.77,35856.618,19.904,19.904,20.069,-0.435,1.0,THOMSON ROAD,0.0
thomson_road,Thomson Road,802.0,27858.773,35856.511,20.069,20.069,20.069,1.421,1.0,THOMSON ROAD,0.0
thomson_road,Thomson Road,804.0,27856.776,35856.403,20.038,20.038,20.069,2.59,1.0,THOMSON ROAD,0.0
thomson_road,Thomson Road,806.0,27854.779,35856.295,20.276,20.276,20.186,3.184,1.0,THOMSON ROAD,0.0
thomson_road,Thomson Road,808.0,27852.782,35856.188,20.186,20.186,20.276,4.017,1.0,THOMSON ROAD,0.0
thomson_road,Thomson Road,810.0,27850.785,35856.08,20.324,20.324,20.324,3.117,1.0,THOMSON ROAD,0.0
thomson_road,Thomson Road,812.0,27848.788,35855.973,20.391,20.391,20.391,3.406,1.0,THOMSON ROAD,0.0
thomson_road,Thomson Road,814.0,27846.791,35855.865,20.435,20.435,20.435,2.951,1.0,THOMSON ROAD,0.0
thomson_road,Thomson Road,816.0,27844.794,35855.757,20.549,20.549,20.549,3.576,1.0,THOMSON ROAD,0.0
thomson_road,Thomson Road,818.0,27842.797,35855.65,20.56,20.56,20.56,3.229,1.0,THOMSON ROAD,0.0
thomson_road,Thomson Road,820.0,27840.799,35855.542,20.677,20.677,20.677,2.569,1.0,THOMSON ROAD,0.0
thomson_road,Thomson Road,822.0,27838.802,35855.435,20.693,20.693,20.693,,,THOMSON ROAD,0.0
thomson_road,Thomson Road,824.0,27836.805,35855.327,20.755,20.755,20.755,,,THOMSON ROAD,0.0
thomson_road,Thomson Road,826.0,27834.808,35855.22,21.188,20.768,20.768,1.268,1.0,THOMSON ROAD,0.0
thomson_road,Thomson Road,828.0,27832.811,35855.112,21.152,20.781,20.781,1.025,1.0,THOMSON ROAD,0.0
thomson_road,Thomson Road,830.0,27830.814,35855.004,20.795,20.795,20.795,,,THOMSON ROAD,0.0
thomson_road,Thomson Road,832.0,27828.817,35854.897,20.837,20.837,20.837,,,THOMSON ROAD,0.0
thomson_road,Thomson Road,834.0,27826.82,35854.789,20.892,20.892,20.892,2.708,1.0,THOMSON ROAD,0.0
thomson_road,Thomson Road,836.0,27824.823,35854.682,20.953,20.953,20.953,2.778,1.0,THOMSON ROAD,0.0
thomson_road,Thomson Road,838.0,27822.825,35854.574,21.012,21.012,21.012,2.847,1.0,THOMSON ROAD,0.0
thomson_road,Thomson Road,840.0,27820.828,35854.466,21.059,21.059,21.059,3.09,1.0,THOMSON ROAD,0.0
thomson_road,Thomson Road,842.0,27818.831,35854.359,21.12,21.12,21.12,3.368,1.0,THOMSON ROAD,0.0
thomson_road,Thomson Road,844.0,27816.834,35854.251,21.2,21.2,21.2,3.576,1.0,THOMSON ROAD,0.0
thomson_road,Thomson Road,846.0,27814.837,35854.144,21.281,21.281,21.281,3.125,1.0,THOMSON ROAD,0.0
thomson_road,Thomson Road,848.0,27812.84,35854.036,21.345,21.345,21.345,2.118,1.0,THOMSON ROAD,0.0
thomson_road,Thomson Road,850.0,27810.843,35853.929,21.4,21.4,21.37,1.493,1.0,THOMSON ROAD,0.0
thomson_road,Thomson Road,852.0,27809.937,35853.637,21.428,21.428,21.37,0.313,1.0,THOMSON ROAD,0.0
thomson_road,Thomson Road,854.0,27811.789,35852.882,21.37,21.37,21.4,-0.243,1.0,THOMSON ROAD,0.0
thomson_road,Thomson Road,856.0,27813.641,35852.126,21.35,21.35,21.37,-1.319,1.0,THOMSON ROAD,0.0
thomson_road,Thomson Road,858.0,27815.493,35851.371,21.409,21.409,21.35,-2.847,1.0,THOMSON ROAD,0.0
thomson_road,Thomson Road,860.0,27817.345,35850.616,21.264,21.264,21.264,-3.646,1.0,THOMSON ROAD,0.0
thomson_road,Thomson Road,862.0,27819.196,35849.86,21.173,21.173,21.173,-5.793,1.0,THOMSON ROAD,0.0
thomson_road,Thomson Road,864.0,27821.048,35849.105,21.078,21.078,21.078,-4.716,1.0,THOMSON ROAD,0.0
thomson_road,Thomson Road,866.0,27822.9,35848.349,20.864,20.864,20.887,-3.598,1.0,THOMSON ROAD,0.0
thomson_road,Thomson Road,868.0,27824.752,35847.594,20.825,20.825,20.887,-2.417,1.0,THOMSON ROAD,0.0
thomson_road,Thomson Road,870.0,27826.604,35846.838,20.887,20.887,20.885,-0.027,1.0,THOMSON ROAD,0.0
thomson_road,Thomson Road,872.0,27828.456,35846.083,20.89,20.89,20.885,-2.802,1.0,THOMSON ROAD,0.0
thomson_road,Thomson Road,874.0,27830.308,35845.327,20.885,20.885,20.885,-3.226,1.0,THOMSON ROAD,0.0
thomson_road,Thomson Road,876.0,27832.159,35844.572,20.663,20.663,20.663,-3.535,1.0,THOMSON ROAD,0.0
thomson_road,Thomson Road,878.0,27834.011,35843.817,20.627,20.627,20.627,-3.851,1.0,THOMSON ROAD,0.0
thomson_road,Thomson Road,880.0,27835.863,35843.061,20.577,20.577,20.602,-1.885,1.0,THOMSON ROAD,0.0
thomson_road,Thomson Road,882.0,27837.715,35842.306,20.512,20.512,20.577,-1.826,1.0,THOMSON ROAD,0.0
thomson_road,Thomson Road,884.0,27839.567,35841.55,20.602,20.602,20.512,-2.199,1.0,THOMSON ROAD,0.0
thomson_road,Thomson Road,886.0,27841.419,35840.795,20.426,20.426,20.481,-2.338,1.0,THOMSON ROAD,0.0
thomson_road,Thomson Road,888.0,27843.27,35840.039,20.481,20.481,20.426,-1.642,1.0,THOMSON ROAD,0.0
thomson_road,Thomson Road,890.0,27845.122,35839.284,20.381,20.381,20.39,-1.669,1.0,THOMSON ROAD,0.0
thomson_road,Thomson Road,892.0,27846.974,35838.529,20.39,20.39,20.381,-1.08,1.0,THOMSON ROAD,0.0
thomson_road,Thomson Road,894.0,27848.826,35837.773,20.34,20.34,20.347,-1.278,1.0,THOMSON ROAD,0.0
thomson_road,Thomson Road,896.0,27850.678,35837.018,20.287,20.287,20.34,-3.398,1.0,THOMSON ROAD,0.0
thomson_road,Thomson Road,898.0,27852.53,35836.262,20.347,20.347,20.287,-3.937,1.0,THOMSON ROAD,0.0
thomson_road,Thomson Road,900.0,27854.381,35835.507,20.109,20.109,20.109,-4.408,1.0,THOMSON ROAD,0.0
thomson_road,Thomson Road,902.0,27856.233,35834.751,20.032,20.032,20.032,-4.38,1.0,THOMSON ROAD,0.0
thomson_road,Thomson Road,904.0,27858.085,35833.995,19.987,19.987,19.987,-2.429,1.0,THOMSON ROAD,0.0
thomson_road,Thomson Road,906.0,27859.937,35833.24,19.937,19.937,19.937,-1.58,1.0,THOMSON ROAD,0.0
thomson_road,Thomson Road,908.0,27861.789,35832.485,19.914,19.914,19.914,,,THOMSON ROAD,0.0
thomson_road,Thomson Road,910.0,27863.641,35831.73,19.906,19.906,19.906,,,THOMSON ROAD,0.0
thomson_road,Thomson Road,912.0,27865.501,35831.001,20.507,19.844,19.844,,,THOMSON ROAD,0.0
thomson_road,Thomson Road,914.0,27867.443,35830.522,22.373,19.781,19.781,,,THOMSON ROAD,0.0
thomson_road,Thomson Road,916.0,27869.385,35830.043,23.007,19.719,19.719,,,THOMSON ROAD,0.0
thomson_road,Thomson Road,918.0,27871.327,35829.565,23.234,19.657,19.657,,,THOMSON ROAD,0.0
thomson_road,Thomson Road,920.0,27873.269,35829.086,22.682,19.595,19.595,,,THOMSON ROAD,0.0
thomson_road,Thomson Road,922.0,27875.211,35828.607,21.127,19.533,19.533,,,THOMSON ROAD,0.0
thomson_road,Thomson Road,924.0,27877.152,35828.129,20.536,19.471,19.488,,,THOMSON ROAD,0.0
thomson_road,Thomson Road,926.0,27879.094,35827.65,19.409,19.409,19.471,,,THOMSON ROAD,0.0
thomson_road,Thomson Road,928.0,27881.036,35827.171,19.488,19.488,19.409,,,THOMSON ROAD,0.0
thomson_road,Thomson Road,930.0,27882.978,35826.693,19.261,19.261,19.31,-4.091,1.0,THOMSON ROAD,0.0
thomson_road,Thomson Road,932.0,27884.92,35826.214,19.31,19.31,19.261,-3.767,1.0,THOMSON ROAD,0.0
thomson_road,Thomson Road,934.0,27886.862,35825.735,19.144,19.144,19.144,-3.073,1.0,THOMSON ROAD,0.0
thomson_road,Thomson Road,936.0,27888.804,35825.257,19.064,19.064,19.107,-4.381,1.0,THOMSON ROAD,0.0
thomson_road,Thomson Road,938.0,27890.745,35824.778,18.868,18.868,19.064,-3.452,1.0,THOMSON ROAD,0.0
thomson_road,Thomson Road,940.0,27892.687,35824.299,19.107,19.107,18.91,-4.625,1.0,THOMSON ROAD,0.0
thomson_road,Thomson Road,942.0,27894.629,35823.82,18.91,18.91,18.868,-5.898,1.0,THOMSON ROAD,0.0
thomson_road,Thomson Road,944.0,27896.571,35823.342,18.738,18.738,18.738,-4.308,1.0,THOMSON ROAD,0.0
thomson_road,Thomson Road,946.0,27898.513,35822.863,18.593,18.593,18.593,,,THOMSON ROAD,0.0
thomson_road,Thomson Road,948.0,27900.455,35822.384,18.565,18.565,18.565,,,THOMSON ROAD,0.0
thomson_road,Thomson Road,950.0,27902.397,35821.906,19.504,18.514,18.514,-2.283,1.0,THOMSON ROAD,0.0
thomson_road,Thomson Road,952.0,27904.339,35821.427,18.399,18.462,18.462,-4.974,1.0,THOMSON ROAD,0.0
thomson_road,Thomson Road,954.0,27906.28,35820.948,18.41,18.41,18.41,,,THOMSON ROAD,0.0
thomson_road,Thomson Road,956.0,27908.222,35820.47,18.168,18.168,18.168,,,THOMSON ROAD,0.0
thomson_road,Thomson Road,958.0,27910.164,35819.991,18.02,18.02,18.028,-7.563,1.0,THOMSON ROAD,0.0
thomson_road,Thomson Road,960.0,27912.106,35819.512,18.028,18.028,18.02,-4.702,1.0,THOMSON ROAD,0.0
thomson_road,Thomson Road,962.0,27914.068,35819.142,17.791,17.791,17.805,-3.75,1.0,THOMSON ROAD,0.0
thomson_road,Thomson Road,964.0,27916.053,35818.899,17.728,17.728,17.791,-5.188,1.0,THOMSON ROAD,0.0
thomson_road,Thomson Road,966.0,27918.038,35818.656,17.805,17.805,17.728,-3.727,1.0,THOMSON ROAD,0.0
thomson_road,Thomson Road,968.0,27920.023,35818.414,17.605,17.605,17.605,-3.734,1.0,THOMSON ROAD,0.0
thomson_road,Thomson Road,970.0,27922.009,35818.171,17.493,17.493,17.507,-3.98,1.0,THOMSON ROAD,0.0
thomson_road,Thomson Road,972.0,27923.994,35817.928,17.409,17.409,17.493,-2.946,1.0,THOMSON ROAD,0.0
thomson_road,Thomson Road,974.0,27925.979,35817.685,17.507,17.507,17.409,,,THOMSON ROAD,0.0
thomson_road,Thomson Road,976.0,27927.964,35817.442,17.369,17.369,17.369,,,THOMSON ROAD,0.0
thomson_road,Thomson Road,978.0,27929.949,35817.199,19.848,17.256,17.256,,,THOMSON ROAD,0.0
thomson_road,Thomson Road,980.0,27931.935,35816.957,21.512,17.142,17.142,,,THOMSON ROAD,0.0
thomson_road,Thomson Road,982.0,27933.92,35816.714,22.098,17.028,17.028,,,THOMSON ROAD,0.0
thomson_road,Thomson Road,984.0,27935.905,35816.471,22.789,16.915,16.915,,,THOMSON ROAD,0.0
thomson_road,Thomson Road,986.0,27937.89,35816.228,17.628,16.801,16.801,,,THOMSON ROAD,0.0
thomson_road,Thomson Road,988.0,27939.875,35815.985,16.694,16.687,16.687,,,THOMSON ROAD,0.0
thomson_road,Thomson Road,990.0,27941.871,35815.858,16.574,16.574,16.574,,,THOMSON ROAD,0.0
thomson_road,Thomson Road,992.0,27943.868,35815.748,16.499,16.499,16.499,,,THOMSON ROAD,0.0
thomson_road,Thomson Road,994.0,27945.865,35815.638,16.399,16.399,16.399,-4.453,1.0,THOMSON ROAD,0.0
thomson_road,Thomson Road,996.0,27947.862,35815.529,16.311,16.311,16.311,-4.688,1.0,THOMSON ROAD,0.0
thomson_road,Thomson Road,998.0,27949.859,35815.419,19.359,16.217,16.217,-4.375,1.0,THOMSON ROAD,0.0
thomson_road,Thomson Road,1000.0,27951.856,35815.309,16.124,16.124,16.124,-3.281,1.0,THOMSON ROAD,0.0
thomson_road,Thomson Road,1002.0,27953.853,35815.2,16.049,16.049,16.049,-2.109,1.0,THOMSON ROAD,0.0
thomson_road,Thomson Road,1004.0,27955.85,35815.09,15.974,15.974,16.049,,,THOMSON ROAD,0.0
thomson_road,Thomson Road,1006.0,27957.847,35814.98,15.899,15.899,16.049,,,THOMSON ROAD,0.0
thomson_road,Thomson Road,1008.0,27959.844,35814.87,15.822,16.085,16.085,,,THOMSON ROAD,0.0
thomson_road,Thomson Road,1010.0,27961.842,35814.79,16.255,16.271,16.085,,,THOMSON ROAD,0.0
thomson_road,Thomson Road,1012.0,27963.841,35814.712,18.959,16.141,16.085,,,THOMSON ROAD,0.0
thomson_road,Thomson Road,1014.0,27965.839,35814.635,19.576,16.011,16.011,,,THOMSON ROAD,0.0
thomson_road,Thomson Road,1016.0,27967.838,35814.558,19.589,15.881,15.881,,,THOMSON ROAD,0.0
thomson_road,Thomson Road,1018.0,27969.836,35814.48,18.984,15.752,15.752,,,THOMSON ROAD,0.0
thomson_road,Thomson Road,1020.0,27971.835,35814.403,18.513,15.622,15.622,,,THOMSON ROAD,0.0
thomson_road,Thomson Road,1022.0,27973.833,35814.325,17.652,15.492,15.492,,,THOMSON ROAD,0.0
thomson_road,Thomson Road,1024.0,27975.824,35814.51,17.959,15.362,15.362,,,THOMSON ROAD,0.0
thomson_road,Thomson Road,1026.0,27977.815,35814.699,15.123,15.233,15.233,,,THOMSON ROAD,0.0
thomson_road,Thomson Road,1028.0,27979.806,35814.888,15.042,15.103,15.103,,,THOMSON ROAD,0.0
thomson_road,Thomson Road,1030.0,27981.798,35815.077,14.973,14.973,14.973,,,THOMSON ROAD,0.0
thomson_road,Thomson Road,1032.0,27983.789,35815.266,14.755,14.755,14.755,,,THOMSON ROAD,0.0
thomson_road,Thomson Road,1034.0,27985.78,35815.455,14.644,14.644,14.644,-5.986,1.0,THOMSON ROAD,0.0
thomson_road,Thomson Road,1036.0,27987.771,35815.644,14.614,14.614,14.614,-4.564,1.0,THOMSON ROAD,0.0
thomson_road,Thomson Road,1038.0,27989.762,35815.833,14.494,14.494,14.494,-3.188,1.0,THOMSON ROAD,0.0
thomson_road,Thomson Road,1040.0,27991.753,35816.022,14.389,14.389,14.389,-2.813,1.0,THOMSON ROAD,0.0
thomson_road,Thomson Road,1042.0,27993.744,35816.21,14.289,14.289,14.389,0.635,1.0,THOMSON ROAD,0.0
thomson_road,Thomson Road,1044.0,27995.735,35816.399,14.194,14.194,14.389,4.083,1.0,THOMSON ROAD,0.0
thomson_road,Thomson Road,1046.0,27997.726,35816.588,14.069,14.455,14.455,,,THOMSON ROAD,0.0
thomson_road,Thomson Road,1048.0,27999.717,35816.777,14.716,14.716,14.716,,,THOMSON ROAD,0.0
thomson_road,Thomson Road,1050.0,28001.708,35816.966,15.333,14.766,14.766,,,THOMSON ROAD,0.0
thomson_road,Thomson Road,1052.0,28003.699,35817.155,16.31,14.816,14.816,,,THOMSON ROAD,0.0
thomson_road,Thomson Road,1054.0,28005.69,35817.344,17.363,14.867,14.867,,,THOMSON ROAD,0.0
thomson_road,Thomson Road,1056.0,28007.681,35817.533,16.754,14.917,14.917,,,THOMSON ROAD,0.0
thomson_road,Thomson Road,1058.0,28009.672,35817.721,16.015,14.967,14.967,,,THOMSON ROAD,0.0
thomson_road,Thomson Road,1060.0,28011.663,35817.91,18.013,15.017,15.017,,,THOMSON ROAD,0.0
thomson_road,Thomson Road,1062.0,28013.654,35818.099,16.691,15.068,15.068,,,THOMSON ROAD,0.0
thomson_road,Thomson Road,1064.0,28015.646,35818.288,13.284,15.118,15.118,,,THOMSON ROAD,0.0
thomson_road,Thomson Road,1066.0,28017.637,35818.477,14.593,15.168,15.168,,,THOMSON ROAD,0.0
thomson_road,Thomson Road,1068.0,28019.605,35818.827,14.499,15.218,15.218,,,THOMSON ROAD,0.0
thomson_road,Thomson Road,1070.0,28021.569,35819.203,14.808,15.269,15.269,,,THOMSON ROAD,0.0
thomson_road,Thomson Road,1072.0,28023.533,35819.579,15.319,15.319,15.319,,,THOMSON ROAD,0.0
thomson_road,Thomson Road,1074.0,28025.498,35819.955,16.128,15.465,15.465,,,THOMSON ROAD,0.0
thomson_road,Thomson Road,1076.0,28027.462,35820.331,15.725,15.611,15.611,,,THOMSON ROAD,0.0
thomson_road,Thomson Road,1078.0,28029.426,35820.707,15.756,15.756,15.756,,,THOMSON ROAD,0.0
thomson_road,Thomson Road,1080.0,28031.391,35821.083,14.243,15.793,15.793,,,THOMSON ROAD,0.0
thomson_road,Thomson Road,1082.0,28033.355,35821.459,13.633,15.83,15.83,0.922,1.0,THOMSON ROAD,0.0
thomson_road,Thomson Road,1084.0,28035.319,35821.835,15.742,15.867,15.83,,,THOMSON ROAD,0.0
thomson_road,Thomson Road,1086.0,28037.284,35822.211,15.904,15.904,15.83,,,THOMSON ROAD,0.0
thomson_road,Thomson Road,1088.0,28039.248,35822.586,15.999,15.659,15.659,,,THOMSON ROAD,0.0
thomson_road,Thomson Road,1090.0,28041.212,35822.962,15.414,15.414,15.414,,,THOMSON ROAD,0.0
thomson_road,Thomson Road,1092.0,28043.177,35823.338,14.763,15.341,15.341,,,THOMSON ROAD,0.0
thomson_road,Thomson Road,1094.0,28045.141,35823.714,15.218,15.268,15.268,,,THOMSON ROAD,0.0
thomson_road,Thomson Road,1096.0,28047.105,35824.09,14.886,15.079,15.079,,,THOMSON ROAD,0.0
thomson_road,Thomson Road,1098.0,28049.07,35824.466,15.123,14.89,14.89,,,THOMSON ROAD,0.0
thomson_road,Thomson Road,1100.0,28051.034,35824.842,15.367,14.524,14.524,,,THOMSON ROAD,0.0
thomson_road,Thomson Road,1102.0,28052.97,35825.334,14.412,14.158,14.158,,,THOMSON ROAD,0.0
thomson_road,Thomson Road,1104.0,28054.88,35825.925,14.49,13.792,13.792,,,THOMSON ROAD,0.0
thomson_road,Thomson Road,1106.0,28056.791,35826.516,15.02,13.426,13.426,,,THOMSON ROAD,0.0
thomson_road,Thomson Road,1108.0,28058.702,35827.107,14.378,13.04,13.04,,,THOMSON ROAD,0.0
thomson_road,Thomson Road,1110.0,28060.612,35827.698,11.378,12.654,12.654,,,THOMSON ROAD,0.0
thomson_road,Thomson Road,1112.0,28062.523,35828.289,11.328,12.268,12.268,,,THOMSON ROAD,0.0
thomson_road,Thomson Road,1114.0,28064.434,35828.881,11.246,11.966,11.966,,,THOMSON ROAD,0.0
thomson_road,Thomson Road,1116.0,28066.344,35829.472,11.16,11.664,11.664,,,THOMSON ROAD,0.0
thomson_road,Thomson Road,1118.0,28068.255,35830.063,13.275,11.362,11.362,,,THOMSON ROAD,0.0
thomson_road,Thomson Road,1120.0,28070.166,35830.654,13.261,11.06,11.362,,,THOMSON ROAD,0.0
thomson_road,Thomson Road,1122.0,28072.076,35831.245,11.01,11.222,11.294,,,THOMSON ROAD,0.0
thomson_road,Thomson Road,1124.0,28073.987,35831.835,10.975,11.384,11.222,,,THOMSON ROAD,0.0
thomson_road,Thomson Road,1126.0,28075.898,35832.426,10.828,11.294,11.222,,,THOMSON ROAD,0.0
thomson_road,Thomson Road,1128.0,28077.809,35833.017,10.788,11.203,11.203,,,THOMSON ROAD,0.0
thomson_road,Thomson Road,1130.0,28079.719,35833.608,14.076,11.112,11.112,,,THOMSON ROAD,0.0
thomson_road,Thomson Road,1132.0,28081.63,35834.199,13.814,11.021,11.021,,,THOMSON ROAD,0.0
thomson_road,Thomson Road,1134.0,28083.491,35834.923,13.737,10.93,10.93,,,THOMSON ROAD,0.0
thomson_road,Thomson Road,1136.0,28085.322,35835.728,13.528,10.839,10.839,,,THOMSON ROAD,0.0
thomson_road,Thomson Road,1138.0,28087.153,35836.533,13.5,10.749,10.749,,,THOMSON ROAD,0.0
thomson_road,Thomson Road,1140.0,28088.983,35837.338,10.442,10.658,10.658,,,THOMSON ROAD,0.0
thomson_road,Thomson Road,1142.0,28090.814,35838.143,10.01,10.567,10.567,,,THOMSON ROAD,0.0
thomson_road,Thomson Road,1144.0,28092.645,35838.948,10.148,10.476,10.567,,,THOMSON ROAD,0.0
thomson_road,Thomson Road,1146.0,28094.476,35839.753,10.044,10.385,10.476,,,THOMSON ROAD,0.0
thomson_road,Thomson Road,1148.0,28096.307,35840.558,10.623,10.623,10.413,,,THOMSON ROAD,0.0
thomson_road,Thomson Road,1150.0,28098.137,35841.363,10.413,10.413,10.385,,,THOMSON ROAD,0.0
thomson_road,Thomson Road,1152.0,28099.968,35842.169,10.465,10.221,10.221,,,THOMSON ROAD,0.0
thomson_road,Thomson Road,1154.0,28101.799,35842.974,10.403,10.028,10.028,,,THOMSON ROAD,0.0
thomson_road,Thomson Road,1156.0,28103.63,35843.779,9.355,9.836,9.836,,,THOMSON ROAD,0.0
thomson_road,Thomson Road,1158.0,28105.461,35844.584,9.269,9.652,9.836,,,THOMSON ROAD,0.0
thomson_road,Thomson Road,1160.0,28107.283,35845.403,9.469,9.726,9.836,,,THOMSON ROAD,0.0
thomson_road,Thomson Road,1162.0,28108.923,35846.549,9.888,9.956,9.956,,,THOMSON ROAD,0.0
thomson_road,Thomson Road,1164.0,28110.562,35847.694,9.869,10.185,10.185,,,THOMSON ROAD,0.0
thomson_road,Thomson Road,1166.0,28112.202,35848.84,8.959,10.415,10.415,,,THOMSON ROAD,0.0
thomson_road,Thomson Road,1168.0,28113.841,35849.985,11.925,10.682,10.682,,,THOMSON ROAD,0.0
thomson_road,Thomson Road,1170.0,28115.481,35851.13,12.888,10.95,10.95,,,THOMSON ROAD,0.0
thomson_road,Thomson Road,1172.0,28117.12,35852.276,12.777,11.217,11.217,,,THOMSON ROAD,0.0
thomson_road,Thomson Road,1174.0,28118.76,35853.421,12.456,11.484,11.484,,,THOMSON ROAD,0.0
thomson_road,Thomson Road,1176.0,28120.4,35854.567,10.31,11.751,11.751,,,THOMSON ROAD,0.0
thomson_road,Thomson Road,1178.0,28122.039,35855.712,9.353,12.019,11.913,,,THOMSON ROAD,0.0
thomson_road,Thomson Road,1180.0,28123.679,35856.858,8.408,12.086,11.913,,,THOMSON ROAD,0.0
thomson_road,Thomson Road,1182.0,28125.318,35858.003,8.931,11.913,11.913,,,THOMSON ROAD,0.0
thomson_road,Thomson Road,1184.0,28126.958,35859.148,9.731,11.74,11.74,,,THOMSON ROAD,0.0
thomson_road,Thomson Road,1186.0,28128.597,35860.294,10.195,11.568,11.568,,,THOMSON ROAD,0.0
thomson_road,Thomson Road,1188.0,28130.237,35861.439,11.504,11.395,11.412,,,THOMSON ROAD,0.0
thomson_road,Thomson Road,1190.0,28131.876,35862.585,11.222,11.222,11.412,,,THOMSON ROAD,0.0
thomson_road,Thomson Road,1192.0,28133.516,35863.73,11.045,11.412,11.412,,,THOMSON ROAD,0.0
thomson_road,Thomson Road,1194.0,28135.155,35864.875,11.015,11.601,11.601,7.102,1.0,THOMSON ROAD,0.0
thomson_road,Thomson Road,1196.0,28136.795,35866.021,11.279,11.79,11.79,,,THOMSON ROAD,0.0
thomson_road,Thomson Road,1198.0,28138.434,35867.166,11.98,11.98,11.98,,,THOMSON ROAD,0.0
thomson_road,Thomson Road,1200.0,28139.954,35868.462,12.037,12.037,12.037,,,THOMSON ROAD,0.0
thomson_road,Thomson Road,1202.0,28141.436,35869.805,12.406,12.085,12.037,-0.121,1.0,THOMSON ROAD,0.0
thomson_road,Thomson Road,1204.0,28142.918,35871.148,12.133,12.133,12.037,-2.263,1.0,THOMSON ROAD,0.0
thomson_road,Thomson Road,1206.0,28144.399,35872.492,11.84,11.84,11.97,-2.423,1.0,THOMSON ROAD,0.0
thomson_road,Thomson Road,1208.0,28145.881,35873.835,11.856,11.856,11.856,-2.583,1.0,THOMSON ROAD,0.0
thomson_road,Thomson Road,1210.0,28147.363,35875.178,11.97,11.97,11.84,-1.752,1.0,THOMSON ROAD,0.0
thomson_road,Thomson Road,1212.0,28148.845,35876.521,11.745,11.745,11.83,-0.979,1.0,THOMSON ROAD,0.0
thomson_road,Thomson Road,1214.0,28150.326,35877.865,11.712,11.712,11.83,-0.206,1.0,THOMSON ROAD,0.0
thomson_road,Thomson Road,1216.0,28151.722,35879.29,12.102,11.83,11.823,-0.087,1.0,THOMSON ROAD,0.0
thomson_road,Thomson Road,1218.0,28152.997,35880.831,11.948,11.948,11.823,-0.087,1.0,THOMSON ROAD,0.0
thomson_road,Thomson Road,1220.0,28154.271,35882.373,11.823,11.823,11.823,-0.579,1.0,THOMSON ROAD,0.0
thomson_road,Thomson Road,1222.0,28155.546,35883.914,11.727,11.727,11.823,-1.072,1.0,THOMSON ROAD,0.0
thomson_road,Thomson Road,1224.0,28156.82,35885.455,11.71,11.71,11.737,1.04,1.0,THOMSON ROAD,0.0
thomson_road,Thomson Road,1226.0,28158.094,35886.997,11.984,11.984,11.737,1.576,1.0,THOMSON ROAD,0.0
thomson_road,Thomson Road,1228.0,28159.369,35888.538,11.737,11.737,11.906,2.112,1.0,THOMSON ROAD,0.0
thomson_road,Thomson Road,1230.0,28160.643,35890.08,12.273,11.906,11.906,2.112,1.0,THOMSON ROAD,0.0
thomson_road,Thomson Road,1232.0,28161.918,35891.621,12.075,12.075,11.906,-0.076,1.0,THOMSON ROAD,0.0
thomson_road,Thomson Road,1234.0,28163.192,35893.162,11.9,11.9,11.906,,,THOMSON ROAD,0.0
thomson_road,Thomson Road,1236.0,28164.466,35894.704,11.923,11.923,11.9,,,THOMSON ROAD,0.0
thomson_road,Thomson Road,1238.0,28165.741,35896.245,12.002,11.793,11.793,,,THOMSON ROAD,0.0
thomson_road,Thomson Road,1240.0,28167.015,35897.787,11.429,11.663,11.663,,,THOMSON ROAD,0.0
thomson_road,Thomson Road,1242.0,28168.29,35899.328,11.323,11.552,11.561,,,THOMSON ROAD,0.0
thomson_road,Thomson Road,1244.0,28169.564,35900.869,12.342,11.442,11.561,,,THOMSON ROAD,0.0
thomson_road,Thomson Road,1246.0,28170.838,35902.411,11.542,11.561,11.561,,,THOMSON ROAD,0.0
thomson_road,Thomson Road,1248.0,28172.113,35903.952,10.828,11.68,11.68,,,THOMSON ROAD,0.0
thomson_road,Thomson Road,1250.0,28173.387,35905.494,10.935,11.799,11.799,,,THOMSON ROAD,0.0
thomson_road,Thomson Road,1252.0,28174.662,35907.035,11.918,11.918,11.918,,,THOMSON ROAD,0.0
thomson_road,Thomson Road,1254.0,28175.936,35908.576,12.161,12.161,11.945,,,THOMSON ROAD,0.0
thomson_road,Thomson Road,1256.0,28177.21,35910.118,12.305,12.053,11.945,,,THOMSON ROAD,0.0
thomson_road,Thomson Road,1258.0,28178.485,35911.659,11.659,11.945,11.945,,,THOMSON ROAD,0.0
thomson_road,Thomson Road,1260.0,28179.759,35913.201,12.095,11.686,11.686,,,THOMSON ROAD,0.0
thomson_road,Thomson Road,1262.0,28181.034,35914.742,12.141,11.427,11.427,,,THOMSON ROAD,0.0
thomson_road,Thomson Road,1264.0,28182.308,35916.283,10.865,11.168,11.168,,,THOMSON ROAD,0.0
thomson_road,Thomson Road,1266.0,28183.582,35917.825,10.502,10.91,10.999,,,THOMSON ROAD,0.0
thomson_road,Thomson Road,1268.0,28184.857,35919.366,10.489,10.954,10.999,,,THOMSON ROAD,0.0
thomson_road,Thomson Road,1270.0,28186.131,35920.908,10.999,10.999,10.998,,,THOMSON ROAD,0.0
thomson_road,Thomson Road,1272.0,28187.406,35922.449,11.553,10.999,10.998,,,THOMSON ROAD,0.0
thomson_road,Thomson Road,1274.0,28188.68,35923.99,11.023,10.998,10.998,,,THOMSON ROAD,0.0
thomson_road,Thomson Road,1276.0,28189.954,35925.532,11.39,10.998,10.998,,,THOMSON ROAD,0.0
thomson_road,Thomson Road,1278.0,28191.229,35927.073,10.92,10.997,10.997,,,THOMSON ROAD,0.0
thomson_road,Thomson Road,1280.0,28192.503,35928.615,10.997,10.997,10.997,,,THOMSON ROAD,0.0
thomson_road,Thomson Road,1282.0,28193.778,35930.156,10.973,10.973,10.997,,,THOMSON ROAD,0.0
thomson_road,Thomson Road,1284.0,28195.052,35931.697,10.965,10.965,10.997,,,THOMSON ROAD,0.0
thomson_road,Thomson Road,1286.0,28196.326,35933.239,11.556,11.06,11.06,3.165,1.0,THOMSON ROAD,0.0
thomson_road,Thomson Road,1288.0,28197.601,35934.78,11.677,11.155,11.155,,,THOMSON ROAD,0.0
thomson_road,Thomson Road,1290.0,28198.875,35936.322,11.25,11.25,11.25,,,THOMSON ROAD,0.0
thomson_road,Thomson Road,1292.0,28200.15,35937.863,10.713,11.26,11.26,,,THOMSON ROAD,0.0
thomson_road,Thomson Road,1294.0,28201.424,35939.404,11.823,11.27,11.27,,,THOMSON ROAD,0.0
thomson_road,Thomson Road,1296.0,28202.698,35940.946,11.4,11.28,11.28,,,THOMSON ROAD,0.0
thomson_road,Thomson Road,1298.0,28203.973,35942.487,10.897,11.29,11.29,,,THOMSON ROAD,0.0
thomson_road,Thomson Road,1300.0,28205.247,35944.029,11.33,11.3,11.29,,,THOMSON ROAD,0.0
thomson_road,Thomson Road,1302.0,28206.522,35945.57,12.969,11.31,11.29,,,THOMSON ROAD,0.0
thomson_road,Thomson Road,1304.0,28207.796,35947.111,11.29,11.29,11.29,,,THOMSON ROAD,0.0
thomson_road,Thomson Road,1306.0,28209.071,35948.653,11.1,11.1,11.29,-1.314,1.0,THOMSON ROAD,0.0
thomson_road,Thomson Road,1308.0,28210.345,35950.194,11.185,11.185,11.29,0.406,1.0,THOMSON ROAD,0.0
thomson_road,Thomson Road,1310.0,28212.007,35951.288,11.322,11.322,11.185,0.406,1.0,THOMSON ROAD,0.003
thomson_road,Thomson Road,1312.0,28213.716,35952.325,11.339,11.339,11.322,-0.386,1.0,THOMSON ROAD,0.018
thomson_road,Thomson Road,1314.0,28215.426,35953.363,11.127,11.127,11.322,0.924,1.0,THOMSON ROAD,0.038
thomson_road,Thomson Road,1316.0,28217.135,35954.401,11.355,11.355,11.259,-0.305,1.0,THOMSON ROAD,0.059
thomson_road,Thomson Road,1318.0,28218.845,35955.439,11.236,11.236,11.259,,,THOMSON ROAD,0.072
thomson_road,Thomson Road,1320.0,28220.555,35956.477,11.259,11.259,11.298,,,THOMSON ROAD,0.086
thomson_road,Thomson Road,1324.0,28223.974,35958.552,12.009,11.298,11.298,1.171,1.0,THOMSON ROAD,0.113
thomson_road,Thomson Road,1326.0,28225.684,35959.59,11.886,11.337,11.337,,,THOMSON ROAD,0.126
thomson_road,Thomson Road,1328.0,28227.393,35960.628,11.376,11.376,11.376,,,THOMSON ROAD,0.139
thomson_road,Thomson Road,1330.0,28229.103,35961.666,10.862,11.56,11.56,,,THOMSON ROAD,0.152
thomson_road,Thomson Road,1332.0,28230.813,35962.703,10.688,11.744,11.705,4.595,1.0,THOMSON ROAD,0.165
thomson_road,Thomson Road,1334.0,28232.522,35963.741,11.927,11.927,11.705,,,THOMSON ROAD,0.179
thomson_road,Thomson Road,1336.0,28234.232,35964.779,11.705,11.705,11.744,,,THOMSON ROAD,0.192
thomson_road,Thomson Road,1338.0,28235.942,35965.817,11.705,11.705,11.788,,,THOMSON ROAD,0.205
thomson_road,Thomson Road,1340.0,28237.651,35966.855,12.559,11.788,11.788,2.641,1.0,THOMSON ROAD,0.218
thomson_road,Thomson Road,1342.0,28239.361,35967.893,12.177,11.872,11.872,4.177,1.0,THOMSON ROAD,0.232
thomson_road,Thomson Road,1344.0,28241.071,35968.93,11.955,11.955,11.955,,,THOMSON ROAD,0.245
thomson_road,Thomson Road,1346.0,28242.78,35969.968,12.122,12.122,12.122,,,THOMSON ROAD,0.258
thomson_road,Thomson Road,1348.0,28244.49,35971.006,12.636,12.277,12.277,6.559,1.0,THOMSON ROAD,0.271
thomson_road,Thomson Road,1350.0,28246.2,35972.044,12.431,12.431,12.431,,,THOMSON ROAD,0.285
thomson_road,Thomson Road,1352.0,28247.909,35973.082,12.48,12.48,12.48,,,THOMSON ROAD,0.298
thomson_road,Thomson Road,1354.0,28249.619,35974.119,12.136,12.525,12.525,1.69,1.0,THOMSON ROAD,0.311
thomson_road,Thomson Road,1356.0,28251.329,35975.157,12.761,12.571,12.566,1.082,1.0,THOMSON ROAD,0.322
thomson_road,Thomson Road,1358.0,28253.038,35976.195,12.617,12.617,12.566,,,THOMSON ROAD,0.305
thomson_road,Thomson Road,1360.0,28254.748,35977.233,12.566,12.566,12.566,,,THOMSON ROAD,0.288
thomson_road,Thomson Road,1362.0,28256.458,35978.271,12.356,12.356,12.493,,,THOMSON ROAD,0.271
thomson_road,Thomson Road,1364.0,28258.167,35979.309,11.934,12.425,12.493,-0.066,1.0,THOMSON ROAD,0.254
thomson_road,Thomson Road,1366.0,28259.877,35980.346,11.999,12.493,12.493,0.874,1.0,THOMSON ROAD,0.237
thomson_road,Thomson Road,1368.0,28261.587,35981.384,12.561,12.561,12.561,,,THOMSON ROAD,0.22
thomson_road,Thomson Road,1370.0,28263.296,35982.422,12.563,12.563,12.563,,,THOMSON ROAD,0.203
thomson_road,Thomson Road,1372.0,28265.006,35983.46,12.492,12.722,12.722,,,THOMSON ROAD,0.186
thomson_road,Thomson Road,1374.0,28266.716,35984.498,12.882,12.882,12.842,,,THOMSON ROAD,0.169
thomson_road,Thomson Road,1376.0,28268.425,35985.535,13.432,12.842,12.882,,,THOMSON ROAD,0.152
thomson_road,Thomson Road,1378.0,28270.135,35986.573,12.743,13.087,13.087,,,THOMSON ROAD,0.135
thomson_road,Thomson Road,1380.0,28271.845,35987.611,12.762,13.373,13.373,,,THOMSON ROAD,0.119
thomson_road,Thomson Road,1382.0,28273.554,35988.649,13.58,13.66,13.66,,,THOMSON ROAD,0.102
thomson_road,Thomson Road,1384.0,28275.264,35989.687,15.192,13.949,13.949,,,THOMSON ROAD,0.085
thomson_road,Thomson Road,1386.0,28276.974,35990.724,15.267,14.239,14.239,,,THOMSON ROAD,0.068
thomson_road,Thomson Road,1388.0,28278.683,35991.762,15.293,14.528,14.528,,,THOMSON ROAD,0.051
thomson_road,Thomson Road,1390.0,28280.393,35992.8,15.406,14.818,14.818,,,THOMSON ROAD,0.035
thomson_road,Thomson Road,1392.0,28282.103,35993.838,15.576,15.107,15.107,,,THOMSON ROAD,0.018
thomson_road,Thomson Road,1394.0,28283.812,35994.876,15.89,15.397,15.397,,,THOMSON ROAD,0.001
thomson_road,Thomson Road,1396.0,28285.158,35993.482,16.88,15.686,15.686,,,THOMSON ROAD,0.0
thomson_road,Thomson Road,1398.0,28286.488,35991.989,15.65,15.741,15.741,,,THOMSON ROAD,0.0
thomson_road,Thomson Road,1400.0,28287.818,35990.496,16.137,15.796,15.741,,,THOMSON ROAD,0.0
thomson_road,Thomson Road,1402.0,28289.149,35989.002,15.851,15.851,15.741,,,THOMSON ROAD,0.0
thomson_road,Thomson Road,1404.0,28290.479,35987.509,15.173,15.741,15.741,,,THOMSON ROAD,0.0
thomson_road,Thomson Road,1406.0,28291.809,35986.015,16.934,15.63,15.63,,,THOMSON ROAD,0.0
thomson_road,Thomson Road,1408.0,28293.14,35984.522,15.696,15.52,15.52,,,THOMSON ROAD,0.0
thomson_road,Thomson Road,1410.0,28294.47,35983.029,15.227,15.259,15.259,,,THOMSON ROAD,0.0
thomson_road,Thomson Road,1412.0,28295.8,35981.535,15.3,14.998,14.998,,,THOMSON ROAD,0.0
thomson_road,Thomson Road,1414.0,28297.131,35980.042,14.986,14.758,14.758,,,THOMSON ROAD,0.0
thomson_road,Thomson Road,1416.0,28298.459,35978.546,15.011,14.517,14.517,,,THOMSON ROAD,0.0
thomson_road,Thomson Road,1418.0,28299.77,35977.036,14.062,14.276,14.276,,,THOMSON ROAD,0.0
thomson_road,Thomson Road,1420.0,28301.081,35975.526,13.173,14.036,14.036,,,THOMSON ROAD,0.0
thomson_road,Thomson Road,1422.0,28302.392,35974.016,12.615,13.795,13.795,,,THOMSON ROAD,0.0
thomson_road,Thomson Road,1424.0,28303.704,35972.506,13.155,13.555,13.555,,,THOMSON ROAD,0.0
thomson_road,Thomson Road,1426.0,28305.015,35970.996,12.88,13.314,13.314,,,THOMSON ROAD,0.0
thomson_road,Thomson Road,1428.0,28306.326,35969.486,13.074,13.074,13.074,,,THOMSON ROAD,0.0
thomson_road,Thomson Road,1430.0,28307.638,35967.975,13.386,12.889,12.889,,,THOMSON ROAD,0.0
thomson_road,Thomson Road,1432.0,28308.949,35966.465,12.768,12.705,12.705,,,THOMSON ROAD,0.0
thomson_road,Thomson Road,1434.0,28310.26,35964.955,12.521,12.521,12.521,,,THOMSON ROAD,0.0
thomson_road,Thomson Road,1436.0,28311.572,35963.445,12.999,12.494,12.494,,,THOMSON ROAD,0.0
thomson_road,Thomson Road,1438.0,28312.883,35961.935,12.375,12.467,12.467,-0.674,1.0,THOMSON ROAD,0.0
thomson_road,Thomson Road,1440.0,28314.194,35960.425,12.44,12.44,12.467,,,THOMSON ROAD,0.0
thomson_road,Thomson Road,1442.0,28315.505,35958.915,12.443,12.443,12.467,,,THOMSON ROAD,0.0
thomson_road,Thomson Road,1444.0,28316.817,35957.404,12.503,12.503,12.503,3.408,1.0,THOMSON ROAD,0.0
thomson_road,Thomson Road,1446.0,28318.128,35955.894,12.575,12.575,12.575,3.408,1.0,THOMSON ROAD,0.0
thomson_road,Thomson Road,1448.0,28319.439,35954.384,12.84,12.84,12.74,1.847,1.0,THOMSON ROAD,0.0
thomson_road,Thomson Road,1450.0,28320.751,35952.874,12.881,12.881,12.74,0.285,1.0,THOMSON ROAD,0.0
thomson_road,Thomson Road,1452.0,28322.062,35951.364,13.027,12.74,12.74,,,THOMSON ROAD,0.0
thomson_road,Thomson Road,1454.0,28323.373,35949.854,12.598,12.598,12.598,,,THOMSON ROAD,0.0
thomson_road,Thomson Road,1456.0,28324.684,35948.344,12.142,12.348,12.348,,,THOMSON ROAD,0.0
thomson_road,Thomson Road,1458.0,28325.996,35946.834,6.846,12.099,12.099,,,THOMSON ROAD,0.0
thomson_road,Thomson Road,1460.0,28327.307,35945.323,11.162,11.849,11.849,,,THOMSON ROAD,0.0
thomson_road,Thomson Road,1462.0,28328.618,35943.813,11.466,11.6,11.6,,,THOMSON ROAD,0.0
thomson_road,Thomson Road,1464.0,28329.93,35942.303,11.901,11.35,11.35,,,THOMSON ROAD,0.0
thomson_road,Thomson Road,1466.0,28331.241,35940.793,11.257,11.101,11.101,,,THOMSON ROAD,0.0
thomson_road,Thomson Road,1468.0,28332.552,35939.283,10.899,10.851,10.851,,,THOMSON ROAD,0.0
thomson_road,Thomson Road,1470.0,28333.739,35937.682,10.602,10.602,10.602,,,THOMSON ROAD,0.0
thomson_road,Thomson Road,1472.0,28334.763,35935.964,12.183,10.478,10.478,,,THOMSON ROAD,0.0
thomson_road,Thomson Road,1474.0,28335.787,35934.247,10.355,10.241,10.241,,,THOMSON ROAD,0.0
thomson_road,Thomson Road,1476.0,28336.811,35932.529,9.889,10.003,10.003,,,THOMSON ROAD,0.0
thomson_road,Thomson Road,1478.0,28337.835,35930.811,10.099,9.878,9.878,,,THOMSON ROAD,0.0
thomson_road,Thomson Road,1480.0,28338.859,35929.093,10.319,9.753,9.753,,,THOMSON ROAD,0.0
thomson_road,Thomson Road,1482.0,28339.884,35927.375,7.355,9.628,9.628,,,THOMSON ROAD,0.0
thomson_road,Thomson Road,1484.0,28340.908,35925.657,7.021,9.503,9.503,,,THOMSON ROAD,0.0
thomson_road,Thomson Road,1486.0,28341.932,35923.939,6.991,9.378,9.378,,,THOMSON ROAD,0.0
thomson_road,Thomson Road,1488.0,28342.956,35922.221,6.966,9.254,9.254,,,THOMSON ROAD,0.0
thomson_road,Thomson Road,1490.0,28343.98,35920.504,6.991,9.129,9.129,,,THOMSON ROAD,0.0
thomson_road,Thomson Road,1492.0,28345.004,35918.786,6.96,9.004,9.004,,,THOMSON ROAD,0.0
thomson_road,Thomson Road,1494.0,28346.029,35917.068,7.141,8.879,8.879,,,THOMSON ROAD,0.0
thomson_road,Thomson Road,1496.0,28347.053,35915.35,8.789,8.754,8.754,,,THOMSON ROAD,0.0
thomson_road,Thomson Road,1498.0,28348.077,35913.632,11.664,8.629,8.629,,,THOMSON ROAD,0.0
thomson_road,Thomson Road,1500.0,28349.101,35911.914,10.358,8.38,8.38,,,THOMSON ROAD,0.0
thomson_road,Thomson Road,1502.0,28350.125,35910.196,10.005,8.131,8.131,,,THOMSON ROAD,0.0
thomson_road,Thomson Road,1504.0,28351.149,35908.479,10.885,7.881,7.881,,,THOMSON ROAD,0.0
thomson_road,Thomson Road,1506.0,28352.174,35906.761,7.131,7.632,7.632,,,THOMSON ROAD,0.0
thomson_road,Thomson Road,1508.0,28353.198,35905.043,6.956,7.383,7.383,,,THOMSON ROAD,0.0
thomson_road,Thomson Road,1510.0,28354.222,35903.325,6.923,7.133,7.133,,,THOMSON ROAD,0.0
thomson_road,Thomson Road,1512.0,28355.246,35901.607,6.884,6.884,6.884,,,THOMSON ROAD,0.0
thomson_road,Thomson Road,1514.0,28356.27,35899.889,6.827,6.827,6.868,,,THOMSON ROAD,0.0
thomson_road,Thomson Road,1516.0,28357.295,35898.171,6.851,6.851,6.851,-1.652,1.0,THOMSON ROAD,0.0
thomson_road,Thomson Road,1518.0,28358.319,35896.453,6.868,6.868,6.827,-1.628,1.0,THOMSON ROAD,0.0
thomson_road,Thomson Road,1520.0,28359.343,35894.736,6.752,6.752,6.752,-1.687,1.0,THOMSON ROAD,0.0
thomson_road,Thomson Road,1522.0,28360.367,35893.018,6.737,6.737,6.737,-2.679,1.0,THOMSON ROAD,0.0
thomson_road,Thomson Road,1524.0,28361.391,35891.3,6.716,6.716,6.716,-2.054,1.0,THOMSON ROAD,0.0
thomson_road,Thomson Road,1526.0,28362.415,35889.582,6.612,6.612,6.612,-2.321,1.0,THOMSON ROAD,0.0
thomson_road,Thomson Road,1528.0,28363.44,35887.864,6.587,6.587,6.587,-2.455,1.0,THOMSON ROAD,0.0
thomson_road,Thomson Road,1530.0,28364.464,35886.146,6.552,6.552,6.552,-1.438,1.0,THOMSON ROAD,0.0
thomson_road,Thomson Road,1532.0,28365.488,35884.428,6.519,6.519,6.519,-2.271,1.0,THOMSON ROAD,0.0
thomson_road,Thomson Road,1534.0,28366.512,35882.71,6.497,6.497,6.497,-2.554,1.0,THOMSON ROAD,0.0
thomson_road,Thomson Road,1536.0,28367.536,35880.993,6.406,6.406,6.406,-2.308,1.0,THOMSON ROAD,0.0
thomson_road,Thomson Road,1538.0,28368.56,35879.275,6.347,6.347,6.347,-2.344,1.0,THOMSON ROAD,0.0
thomson_road,Thomson Road,1540.0,28369.585,35877.557,6.335,6.335,6.335,-1.751,1.0,THOMSON ROAD,0.0
thomson_road,Thomson Road,1542.0,28370.545,35875.805,6.31,6.31,6.31,-2.147,1.0,THOMSON ROAD,0.0
thomson_road,Thomson Road,1544.0,28371.408,35874.0,6.266,6.266,6.266,-2.74,1.0,THOMSON ROAD,0.0
thomson_road,Thomson Road,1546.0,28372.27,35872.196,6.176,6.176,6.176,-2.615,1.0,THOMSON ROAD,0.0
thomson_road,Thomson Road,1548.0,28373.133,35870.392,6.116,6.116,6.116,-2.375,1.0,THOMSON ROAD,0.0
thomson_road,Thomson Road,1550.0,28373.996,35868.587,6.101,6.101,6.101,-1.25,1.0,THOMSON ROAD,0.0
thomson_road,Thomson Road,1552.0,28374.859,35866.783,6.071,6.071,6.076,-0.5,1.0,THOMSON ROAD,0.0
thomson_road,Thomson Road,1554.0,28375.722,35864.979,6.047,6.047,6.076,-0.312,1.0,THOMSON ROAD,0.0
thomson_road,Thomson Road,1556.0,28376.584,35863.175,6.076,6.076,6.076,0.0,1.0,THOMSON ROAD,0.0
thomson_road,Thomson Road,1558.0,28377.447,35861.37,6.151,6.151,6.076,,,THOMSON ROAD,0.0
thomson_road,Thomson Road,1560.0,28378.31,35859.566,6.081,6.081,6.076,,,THOMSON ROAD,0.0
thomson_road,Thomson Road,1562.0,28379.173,35857.762,8.784,6.062,6.062,,,THOMSON ROAD,0.0
thomson_road,Thomson Road,1564.0,28380.036,35855.957,9.408,6.044,6.044,,,THOMSON ROAD,0.0
thomson_road,Thomson Road,1566.0,28380.898,35854.153,8.648,6.025,6.025,,,THOMSON ROAD,0.0
thomson_road,Thomson Road,1568.0,28381.761,35852.349,9.817,6.007,6.007,,,THOMSON ROAD,0.0
thomson_road,Thomson Road,1570.0,28382.624,35850.544,8.277,5.989,5.989,,,THOMSON ROAD,0.0
thomson_road,Thomson Road,1572.0,28383.521,35848.758,8.249,5.97,5.97,,,THOMSON ROAD,0.0
thomson_road,Thomson Road,1574.0,28384.539,35847.037,5.952,5.952,5.952,,,THOMSON ROAD,0.0
thomson_road,Thomson Road,1576.0,28385.557,35845.315,6.253,5.888,5.888,,,THOMSON ROAD,0.0
thomson_road,Thomson Road,1578.0,28386.576,35843.594,6.256,5.824,5.824,-2.765,1.0,THOMSON ROAD,0.0
thomson_road,Thomson Road,1580.0,28387.594,35841.873,5.761,5.761,5.761,,,THOMSON ROAD,0.0
thomson_road,Thomson Road,1582.0,28388.613,35840.152,5.731,5.731,5.731,,,THOMSON ROAD,0.0
thomson_road,Thomson Road,1584.0,28389.631,35838.43,5.691,5.691,5.691,-1.625,1.0,THOMSON ROAD,0.0
thomson_road,Thomson Road,1586.0,28390.65,35836.709,5.681,5.681,5.681,-1.25,1.0,THOMSON ROAD,0.0
thomson_road,Thomson Road,1588.0,28391.668,35834.988,5.631,5.631,5.631,-1.25,1.0,THOMSON ROAD,0.0
thomson_road,Thomson Road,1590.0,28392.687,35833.266,5.631,5.631,5.631,-1.25,1.0,THOMSON ROAD,0.0
thomson_road,Thomson Road,1592.0,28393.705,35831.545,5.591,5.591,5.591,-0.938,1.0,THOMSON ROAD,0.0
thomson_road,Thomson Road,1594.0,28394.723,35829.824,5.581,5.581,5.581,-1.25,1.0,THOMSON ROAD,0.0
thomson_road,Thomson Road,1596.0,28395.742,35828.103,5.556,5.556,5.556,-0.75,1.0,THOMSON ROAD,0.0
thomson_road,Thomson Road,1598.0,28396.76,35826.381,5.531,5.531,5.531,-1.0,1.0,THOMSON ROAD,0.0
thomson_road,Thomson Road,1600.0,28397.779,35824.66,5.531,5.531,5.531,-0.812,1.0,THOMSON ROAD,0.0
thomson_road,Thomson Road,1602.0,28398.797,35822.939,5.501,5.501,5.501,-0.625,1.0,THOMSON ROAD,0.0
thomson_road,Thomson Road,1604.0,28399.816,35821.218,5.491,5.491,5.491,-0.625,1.0,THOMSON ROAD,0.0
thomson_road,Thomson Road,1606.0,28400.834,35819.496,5.481,5.481,5.481,-0.25,1.0,THOMSON ROAD,0.0
thomson_road,Thomson Road,1608.0,28401.852,35817.775,5.481,5.481,5.481,-0.125,1.0,THOMSON ROAD,0.0
thomson_road,Thomson Road,1610.0,28402.871,35816.054,5.481,5.481,5.481,0.0,1.0,THOMSON ROAD,0.0
thomson_road,Thomson Road,1612.0,28403.889,35814.332,5.481,5.481,5.481,0.0,1.0,THOMSON ROAD,0.0
thomson_road,Thomson Road,1614.0,28404.908,35812.611,5.471,5.471,5.481,,,THOMSON ROAD,0.0
thomson_road,Thomson Road,1616.0,28405.926,35810.89,5.461,5.461,5.481,,,THOMSON ROAD,0.0
thomson_road,Thomson Road,1618.0,28406.945,35809.169,5.547,5.726,5.726,,,THOMSON ROAD,0.0
thomson_road,Thomson Road,1620.0,28407.963,35807.447,5.58,5.99,5.99,,,THOMSON ROAD,0.0
thomson_road,Thomson Road,1622.0,28408.981,35805.726,5.501,6.599,6.599,,,THOMSON ROAD,0.0
thomson_road,Thomson Road,1624.0,28410.0,35804.005,5.531,7.207,7.207,,,THOMSON ROAD,0.0
thomson_road,Thomson Road,1626.0,28411.018,35802.283,7.321,7.815,7.815,,,THOMSON ROAD,0.0
thomson_road,Thomson Road,1628.0,28412.037,35800.562,7.512,,8.423,,,THOMSON ROAD,0.0
thomson_road,Thomson Road,1630.0,28413.055,35798.841,7.512,9.032,9.032,,,THOMSON ROAD,0.0
thomson_road,Thomson Road,1632.0,28414.074,35797.12,7.554,9.64,9.64,,,THOMSON ROAD,0.0
thomson_road,Thomson Road,1634.0,28415.092,35795.398,7.367,10.248,10.248,,,THOMSON ROAD,0.0
thomson_road,Thomson Road,1636.0,28416.11,35793.677,10.856,10.856,10.856,,,THOMSON ROAD,0.0
thomson_road,Thomson Road,1638.0,28417.129,35791.956,11.038,11.038,11.038,,,THOMSON ROAD,0.0
thomson_road,Thomson Road,1640.0,28418.147,35790.235,10.796,11.283,11.283,,,THOMSON ROAD,0.0
thomson_road,Thomson Road,1642.0,28419.166,35788.513,10.615,11.528,11.528,,,THOMSON ROAD,0.0
thomson_road,Thomson Road,1644.0,28420.184,35786.792,10.555,11.973,11.973,,,THOMSON ROAD,0.0
thomson_road,Thomson Road,1646.0,28421.203,35785.071,12.993,12.417,12.417,,,THOMSON ROAD,0.0
thomson_road,Thomson Road,1648.0,28422.221,35783.349,12.793,12.862,12.862,,,THOMSON ROAD,0.0
thomson_road,Thomson Road,1650.0,28423.239,35781.628,12.711,,13.307,,,THOMSON ROAD,0.0
thomson_road,Thomson Road,1652.0,28424.258,35779.907,14.333,13.751,13.751,,,THOMSON ROAD,0.0
thomson_road,Thomson Road,1654.0,28425.276,35778.186,14.177,14.196,14.196,,,THOMSON ROAD,0.0
thomson_road,Thomson Road,1656.0,28426.295,35776.464,14.346,14.641,14.641,,,THOMSON ROAD,0.0
thomson_road,Thomson Road,1658.0,28427.313,35774.743,12.999,15.085,15.085,,,THOMSON ROAD,0.0
thomson_road,Thomson Road,1660.0,28428.332,35773.022,15.519,15.219,15.164,,,THOMSON ROAD,0.0
thomson_road,Thomson Road,1662.0,28429.35,35771.3,16.503,15.352,15.164,,,THOMSON ROAD,0.0
thomson_road,Thomson Road,1664.0,28430.368,35769.579,16.733,15.164,15.164,,,THOMSON ROAD,0.0
thomson_road,Thomson Road,1666.0,28431.387,35767.858,16.973,14.976,14.976,,,THOMSON ROAD,0.0
thomson_road,Thomson Road,1668.0,28432.405,35766.137,14.608,14.788,14.788,,,THOMSON ROAD,0.0
thomson_road,Thomson Road,1670.0,28433.424,35764.415,14.6,14.44,14.44,,,THOMSON ROAD,0.0
thomson_road,Thomson Road,1672.0,28434.442,35762.694,14.718,14.091,14.091,,,THOMSON ROAD,0.0
thomson_road,Thomson Road,1674.0,28435.461,35760.973,14.515,13.716,13.716,,,THOMSON ROAD,0.0
thomson_road,Thomson Road,1676.0,28436.479,35759.252,17.423,13.342,13.342,,,THOMSON ROAD,0.0
thomson_road,Thomson Road,1678.0,28437.497,35757.53,17.635,12.968,12.968,,,THOMSON ROAD,0.0
thomson_road,Thomson Road,1680.0,28438.516,35755.809,13.258,12.863,12.863,,,THOMSON ROAD,0.0
thomson_road,Thomson Road,1682.0,28439.534,35754.088,7.266,12.759,12.759,,,THOMSON ROAD,0.0
thomson_road,Thomson Road,1684.0,28440.553,35752.366,7.341,12.655,12.655,,,THOMSON ROAD,0.0
thomson_road,Thomson Road,1686.0,28441.571,35750.645,7.351,12.55,12.55,,,THOMSON ROAD,0.0
thomson_road,Thomson Road,1688.0,28442.59,35748.924,7.488,12.446,12.446,,,THOMSON ROAD,0.0
thomson_road,Thomson Road,1690.0,28443.608,35747.203,7.702,12.341,12.341,,,THOMSON ROAD,0.0
thomson_road,Thomson Road,1692.0,28444.627,35745.481,9.449,12.237,12.237,,,THOMSON ROAD,0.0
thomson_road,Thomson Road,1694.0,28445.645,35743.76,9.671,12.133,12.133,,,THOMSON ROAD,0.0
thomson_road,Thomson Road,1696.0,28446.663,35742.039,9.646,12.028,12.028,,,THOMSON ROAD,0.0
thomson_road,Thomson Road,1698.0,28447.682,35740.317,12.169,11.924,11.924,,,THOMSON ROAD,0.0
thomson_road,Thomson Road,1700.0,28448.7,35738.596,11.426,11.82,11.924,,,THOMSON ROAD,0.0
thomson_road,Thomson Road,1702.0,28449.719,35736.875,12.614,11.715,11.924,,,THOMSON ROAD,0.0
thomson_road,Thomson Road,1704.0,28450.737,35735.154,11.081,12.005,12.005,,,THOMSON ROAD,0.0
thomson_road,Thomson Road,1706.0,28451.756,35733.432,12.627,12.294,12.294,,,THOMSON ROAD,0.0
thomson_road,Thomson Road,1708.0,28452.774,35731.711,10.784,12.583,12.54,,,THOMSON ROAD,0.0
thomson_road,Thomson Road,1710.0,28453.792,35729.99,12.54,12.54,12.583,,,THOMSON ROAD,0.0
thomson_road,Thomson Road,1712.0,28454.811,35728.269,12.585,12.815,12.815,,,THOMSON ROAD,0.0
thomson_road,Thomson Road,1714.0,28455.829,35726.547,10.978,13.091,13.091,,,THOMSON ROAD,0.0
thomson_road,Thomson Road,1716.0,28456.848,35724.826,11.731,13.366,13.366,,,THOMSON ROAD,0.0
thomson_road,Thomson Road,1718.0,28457.866,35723.105,10.809,13.518,13.518,,,THOMSON ROAD,0.0
thomson_road,Thomson Road,1720.0,28458.885,35721.383,13.827,13.67,13.67,,,THOMSON ROAD,0.0
thomson_road,Thomson Road,1722.0,28459.903,35719.662,13.354,13.821,13.821,,,THOMSON ROAD,0.0
thomson_road,Thomson Road,1724.0,28460.921,35717.941,13.459,13.973,13.973,,,THOMSON ROAD,0.0
thomson_road,Thomson Road,1726.0,28461.94,35716.22,15.319,14.125,13.98,,,THOMSON ROAD,0.0
thomson_road,Thomson Road,1728.0,28462.958,35714.498,16.604,14.276,13.98,,,THOMSON ROAD,0.0
thomson_road,Thomson Road,1730.0,28463.977,35712.777,15.921,13.98,13.98,,,THOMSON ROAD,0.0
thomson_road,Thomson Road,1732.0,28464.995,35711.056,15.365,13.656,13.656,,,THOMSON ROAD,0.0
thomson_road,Thomson Road,1734.0,28466.014,35709.334,13.669,13.332,13.332,,,THOMSON ROAD,0.0
thomson_road,Thomson Road,1736.0,28467.032,35707.613,14.425,12.908,12.908,,,THOMSON ROAD,0.0
thomson_road,Thomson Road,1738.0,28467.696,35705.856,11.908,12.483,12.483,,,THOMSON ROAD,0.0
thomson_road,Thomson Road,1740.0,28467.045,35703.965,13.167,12.058,12.058,,,THOMSON ROAD,0.0
thomson_road,Thomson Road,1742.0,28466.394,35702.073,12.46,,11.633,,,THOMSON ROAD,0.0
thomson_road,Thomson Road,1744.0,28465.744,35700.182,10.372,,11.209,,,THOMSON ROAD,0.0
thomson_road,Thomson Road,1746.0,28465.093,35698.291,11.717,,10.784,,,THOMSON ROAD,0.0
thomson_road,Thomson Road,1748.0,28464.442,35696.4,10.881,10.359,10.359,,,THOMSON ROAD,0.0
thomson_road,Thomson Road,1750.0,28463.792,35694.509,13.809,9.934,9.934,,,THOMSON ROAD,0.0
thomson_road,Thomson Road,1752.0,28463.141,35692.617,13.239,9.51,9.51,,,THOMSON ROAD,0.0
thomson_road,Thomson Road,1754.0,28462.49,35690.726,14.903,9.085,9.085,,,THOMSON ROAD,0.0
thomson_road,Thomson Road,1756.0,28461.84,35688.835,14.043,8.64,8.64,,,THOMSON ROAD,0.0
thomson_road,Thomson Road,1758.0,28461.189,35686.944,15.158,8.194,8.194,,,THOMSON ROAD,0.0
thomson_road,Thomson Road,1760.0,28460.538,35685.053,16.067,7.749,7.749,,,THOMSON ROAD,0.0
thomson_road,Thomson Road,1762.0,28459.888,35683.161,15.128,7.304,7.304,,,THOMSON ROAD,0.0
thomson_road,Thomson Road,1764.0,28459.237,35681.27,15.211,6.859,6.859,,,THOMSON ROAD,0.0
thomson_road,Thomson Road,1766.0,28458.586,35679.379,14.645,6.413,6.413,,,THOMSON ROAD,0.0
thomson_road,Thomson Road,1768.0,28457.936,35677.488,5.968,5.968,6.11,,,THOMSON ROAD,0.0
thomson_road,Thomson Road,1770.0,28457.285,35675.597,5.962,5.962,6.11,,,THOMSON ROAD,0.0
thomson_road,Thomson Road,1772.0,28456.634,35673.706,5.712,6.11,6.11,0.0,1.0,THOMSON ROAD,0.0
thomson_road,Thomson Road,1774.0,28455.984,35671.814,6.259,6.259,6.11,,,THOMSON ROAD,0.0
thomson_road,Thomson Road,1776.0,28455.333,35669.923,6.179,6.179,6.11,,,THOMSON ROAD,0.0
thomson_road,Thomson Road,1778.0,28454.682,35668.032,7.099,6.039,6.039,,,THOMSON ROAD,0.0
thomson_road,Thomson Road,1780.0,28454.032,35666.141,6.231,5.898,5.898,,,THOMSON ROAD,0.0
thomson_road,Thomson Road,1782.0,28453.381,35664.25,5.871,5.758,5.758,,,THOMSON ROAD,0.0
thomson_road,Thomson Road,1784.0,28452.73,35662.358,5.403,5.617,5.617,,,THOMSON ROAD,0.0
thomson_road,Thomson Road,1786.0,28452.079,35660.467,5.477,5.477,5.477,,,THOMSON ROAD,0.0
thomson_road,Thomson Road,1788.0,28451.429,35658.576,5.469,5.469,5.469,,,THOMSON ROAD,0.0
thomson_road,Thomson Road,1790.0,28450.778,35656.685,5.345,5.345,5.469,-0.056,1.0,THOMSON ROAD,0.0
thomson_road,Thomson Road,1792.0,28450.127,35654.794,5.28,5.28,5.469,0.864,1.0,THOMSON ROAD,0.0
thomson_road,Thomson Road,1794.0,28449.477,35652.902,5.472,5.472,5.472,1.784,1.0,THOMSON ROAD,0.0
thomson_road,Thomson Road,1796.0,28448.826,35651.011,5.866,5.611,5.611,1.784,1.0,THOMSON ROAD,0.0
thomson_road,Thomson Road,1798.0,28448.175,35649.12,5.75,5.75,5.611,-1.27,1.0,THOMSON ROAD,0.0
thomson_road,Thomson Road,1800.0,28447.525,35647.229,5.657,5.657,5.611,-3.476,1.0,THOMSON ROAD,0.0
thomson_road,Thomson Road,1802.0,28446.874,35645.338,5.371,5.371,5.371,-5.682,1.0,THOMSON ROAD,0.0
thomson_road,Thomson Road,1804.0,28446.223,35643.446,5.176,5.176,5.176,-6.129,1.0,THOMSON ROAD,0.0
thomson_road,Thomson Road,1806.0,28445.573,35641.555,5.157,5.157,5.157,-3.128,1.0,THOMSON ROAD,0.0
thomson_road,Thomson Road,1808.0,28444.922,35639.664,5.121,5.121,5.121,-0.747,1.0,THOMSON ROAD,0.0
thomson_road,Thomson Road,1810.0,28444.271,35637.773,5.117,5.117,5.121,-0.569,1.0,THOMSON ROAD,0.0
thomson_road,Thomson Road,1812.0,28443.621,35635.882,5.121,5.121,5.117,-0.258,1.0,THOMSON ROAD,0.0
thomson_road,Thomson Road,1814.0,28442.97,35633.99,5.093,5.093,5.111,-0.338,1.0,THOMSON ROAD,0.0
thomson_road,Thomson Road,1816.0,28442.319,35632.099,5.076,5.076,5.1,-0.203,1.0,THOMSON ROAD,0.0
thomson_road,Thomson Road,1818.0,28441.669,35630.208,5.111,5.111,5.093,0.0,1.0,THOMSON ROAD,0.0
thomson_road,Thomson Road,1820.0,28441.249,35628.284,5.1,5.1,5.1,0.199,1.0,THOMSON ROAD,0.0
thomson_road,Thomson Road,1822.0,28441.354,35626.287,5.076,5.076,5.111,0.307,1.0,THOMSON ROAD,0.0
thomson_road,Thomson Road,1824.0,28441.459,35624.29,5.116,5.116,5.116,0.345,1.0,THOMSON ROAD,0.0
thomson_road,Thomson Road,1826.0,28441.564,35622.293,5.118,5.118,5.118,1.582,1.0,THOMSON ROAD,0.0
thomson_road,Thomson Road,1828.0,28441.67,35620.295,5.128,5.128,5.128,1.611,1.0,THOMSON ROAD,0.0
thomson_road,Thomson Road,1830.0,28441.775,35618.298,5.238,5.238,5.238,2.808,1.0,THOMSON ROAD,0.0
thomson_road,Thomson Road,1832.0,28441.88,35616.301,5.245,5.245,5.245,2.683,1.0,THOMSON ROAD,0.0
thomson_road,Thomson Road,1834.0,28441.985,35614.304,5.343,5.343,5.343,1.31,1.0,THOMSON ROAD,0.0
thomson_road,Thomson Road,1836.0,28442.09,35612.307,5.397,5.397,5.343,1.903,1.0,THOMSON ROAD,0.0
thomson_road,Thomson Road,1838.0,28442.195,35610.309,5.41,5.41,5.343,-0.161,1.0,THOMSON ROAD,0.0
thomson_road,Thomson Road,1840.0,28442.301,35608.312,5.287,5.287,5.397,-0.282,1.0,THOMSON ROAD,0.0
thomson_road,Thomson Road,1842.0,28442.406,35606.315,5.318,5.318,5.33,-0.161,1.0,THOMSON ROAD,0.0
thomson_road,Thomson Road,1844.0,28442.511,35604.318,5.428,5.428,5.32,-0.489,1.0,THOMSON ROAD,0.0
thomson_road,Thomson Road,1846.0,28442.616,35602.32,5.33,5.33,5.33,0.0,1.0,THOMSON ROAD,0.0
thomson_road,Thomson Road,1848.0,28442.721,35600.323,5.32,5.32,5.358,0.0,1.0,THOMSON ROAD,0.0
thomson_road,Thomson Road,1850.0,28442.826,35598.326,5.358,5.358,5.33,-0.822,1.0,THOMSON ROAD,0.0
thomson_road,Thomson Road,1852.0,28442.932,35596.329,5.384,5.384,5.32,-2.682,1.0,THOMSON ROAD,0.0
thomson_road,Thomson Road,1854.0,28443.037,35594.331,7.422,5.264,5.264,-3.26,1.0,THOMSON ROAD,0.0
thomson_road,Thomson Road,1856.0,28443.142,35592.334,5.144,5.144,5.144,-3.877,1.0,THOMSON ROAD,0.0
thomson_road,Thomson Road,1858.0,28443.247,35590.337,5.01,5.01,5.069,-3.636,1.0,THOMSON ROAD,0.0
thomson_road,Thomson Road,1860.0,28443.352,35588.34,5.069,5.069,5.01,-2.367,1.0,THOMSON ROAD,0.0
thomson_road,Thomson Road,1862.0,28443.457,35586.343,4.973,4.973,4.973,,,THOMSON ROAD,0.0
thomson_road,Thomson Road,1864.0,28443.563,35584.345,4.954,4.954,4.954,,,THOMSON ROAD,0.0
thomson_road,Thomson Road,1866.0,28443.668,35582.348,4.591,4.916,4.954,,,THOMSON ROAD,0.0
thomson_road,Thomson Road,1868.0,28443.701,35580.349,4.901,4.878,4.954,,,THOMSON ROAD,0.0
thomson_road,Thomson Road,1870.0,28443.684,35578.349,4.84,5.018,5.018,,,THOMSON ROAD,0.0
thomson_road,Thomson Road,1872.0,28443.667,35576.349,4.828,5.157,5.129,,,THOMSON ROAD,0.0
thomson_road,Thomson Road,1874.0,28443.65,35574.349,4.871,5.143,5.129,,,THOMSON ROAD,0.0
thomson_road,Thomson Road,1876.0,28443.633,35572.35,4.497,5.129,5.129,,,THOMSON ROAD,0.0
thomson_road,Thomson Road,1878.0,28443.616,35570.35,4.447,5.114,5.114,,,THOMSON ROAD,0.0
thomson_road,Thomson Road,1880.0,28443.598,35568.35,7.413,5.1,5.1,,,THOMSON ROAD,0.0
thomson_road,Thomson Road,1882.0,28443.581,35566.35,7.305,5.085,5.085,,,THOMSON ROAD,0.0
thomson_road,Thomson Road,1884.0,28443.564,35564.35,7.45,5.071,5.071,,,THOMSON ROAD,0.0
thomson_road,Thomson Road,1886.0,28443.547,35562.35,7.364,5.057,5.057,,,THOMSON ROAD,0.0
thomson_road,Thomson Road,1888.0,28443.53,35560.35,7.465,5.042,5.042,,,THOMSON ROAD,0.0
thomson_road,Thomson Road,1890.0,28443.513,35558.35,4.952,5.028,5.028,,,THOMSON ROAD,0.0
thomson_road,Thomson Road,1892.0,28443.496,35556.35,5.013,5.013,5.013,,,THOMSON ROAD,0.0
thomson_road,Thomson Road,1894.0,28443.479,35554.35,4.903,4.903,4.903,,,THOMSON ROAD,0.0
thomson_road,Thomson Road,1896.0,28443.462,35552.35,4.885,4.885,4.903,-0.349,1.0,THOMSON ROAD,0.0
thomson_road,Thomson Road,1898.0,28443.445,35550.35,4.902,4.902,4.903,,,THOMSON ROAD,0.0
thomson_road,Thomson Road,1900.0,28443.428,35548.35,4.986,4.986,4.986,,,THOMSON ROAD,0.0
thomson_road,Thomson Road,1902.0,28443.411,35546.35,5.161,5.161,5.161,,,THOMSON ROAD,0.0
thomson_road,Thomson Road,1904.0,28443.394,35544.351,5.311,5.311,5.228,,,THOMSON ROAD,0.0
thomson_road,Thomson Road,1906.0,28443.377,35542.351,5.526,5.526,5.228,-0.81,1.0,THOMSON ROAD,0.0
thomson_road,Thomson Road,1908.0,28443.36,35540.351,5.228,5.228,5.228,-1.658,1.0,THOMSON ROAD,0.0
thomson_road,Thomson Road,1910.0,28443.342,35538.351,5.072,5.072,5.096,-1.658,1.0,THOMSON ROAD,0.0
thomson_road,Thomson Road,1912.0,28443.325,35536.351,5.049,5.049,5.096,-1.514,1.0,THOMSON ROAD,0.0
thomson_road,Thomson Road,1914.0,28443.308,35534.351,5.096,5.096,5.096,0.144,1.0,THOMSON ROAD,0.0
thomson_road,Thomson Road,1916.0,28443.291,35532.351,5.107,5.107,5.107,0.986,1.0,THOMSON ROAD,0.0
thomson_road,Thomson Road,1918.0,28443.274,35530.351,5.175,5.175,5.107,1.096,1.0,THOMSON ROAD,0.0
thomson_road,Thomson Road,1920.0,28443.257,35528.351,5.183,5.183,5.175,1.687,1.0,THOMSON ROAD,0.0
thomson_road,Thomson Road,1922.0,28443.24,35526.351,5.105,5.105,5.183,2.187,1.0,THOMSON ROAD,0.0
thomson_road,Thomson Road,1924.0,28443.223,35524.351,5.282,5.282,5.242,2.651,1.0,THOMSON ROAD,0.0
thomson_road,Thomson Road,1926.0,28443.206,35522.351,5.242,5.242,5.282,2.804,1.0,THOMSON ROAD,0.0
thomson_road,Thomson Road,1928.0,28443.189,35520.351,5.387,5.387,5.387,,,THOMSON ROAD,0.0
thomson_road,Thomson Road,1930.0,28443.172,35518.351,5.408,5.408,5.408,,,THOMSON ROAD,0.0
thomson_road,Thomson Road,1932.0,28443.155,35516.352,5.478,5.7,5.7,,,THOMSON ROAD,0.0
thomson_road,Thomson Road,1934.0,28443.138,35514.352,5.466,5.991,5.991,,,THOMSON ROAD,0.0
thomson_road,Thomson Road,1936.0,28443.121,35512.352,6.143,6.283,6.23,,,THOMSON ROAD,0.0
thomson_road,Thomson Road,1938.0,28443.104,35510.352,6.575,6.257,6.23,,,THOMSON ROAD,0.0
thomson_road,Thomson Road,1940.0,28443.087,35508.352,6.869,6.23,6.23,,,THOMSON ROAD,0.0
thomson_road,Thomson Road,1942.0,28443.069,35506.352,6.536,5.974,5.974,,,THOMSON ROAD,0.0
thomson_road,Thomson Road,1944.0,28443.052,35504.352,6.392,5.718,5.718,,,THOMSON ROAD,0.0
thomson_road,Thomson Road,1946.0,28443.035,35502.352,5.195,5.462,5.462,,,THOMSON ROAD,0.0
thomson_road,Thomson Road,1948.0,28442.76,35500.371,5.206,5.206,5.435,,,THOMSON ROAD,0.0
thomson_road,Thomson Road,1950.0,28442.48,35498.391,5.283,5.283,5.377,,,THOMSON ROAD,0.0
thomson_road,Thomson Road,1952.0,28442.2,35496.411,5.435,5.435,5.377,-0.721,1.0,THOMSON ROAD,0.0
thomson_road,Thomson Road,1954.0,28441.92,35494.43,5.377,5.377,5.377,0.0,1.0,THOMSON ROAD,0.0
thomson_road,Thomson Road,1956.0,28441.64,35492.45,5.392,5.392,5.377,0.191,1.0,THOMSON ROAD,0.0
thomson_road,Thomson Road,1958.0,28441.36,35490.47,5.296,5.296,5.377,0.527,1.0,THOMSON ROAD,0.0
thomson_road,Thomson Road,1960.0,28441.08,35488.489,5.362,5.362,5.392,2.03,1.0,THOMSON ROAD,0.0
thomson_road,Thomson Road,1962.0,28440.801,35486.509,5.419,5.419,5.419,2.387,1.0,THOMSON ROAD,0.0
thomson_road,Thomson Road,1964.0,28440.521,35484.529,5.539,5.539,5.539,2.799,1.0,THOMSON ROAD,0.0
thomson_road,Thomson Road,1966.0,28440.241,35482.549,5.568,5.568,5.568,3.021,1.0,THOMSON ROAD,0.0
thomson_road,Thomson Road,1968.0,28439.961,35480.568,5.616,5.616,5.616,3.661,1.0,THOMSON ROAD,0.0
thomson_road,Thomson Road,1970.0,28439.681,35478.588,5.661,5.661,5.661,,,THOMSON ROAD,0.0
thomson_road,Thomson Road,1972.0,28439.401,35476.608,5.832,5.832,5.832,,,THOMSON ROAD,0.0
thomson_road,Thomson Road,1974.0,28439.121,35474.627,7.013,6.092,6.092,,,THOMSON ROAD,0.0
thomson_road,Thomson Road,1976.0,28438.841,35472.647,7.532,6.351,6.351,12.97,2.0,THOMSON ROAD,0.0
thomson_road,Thomson Road,1978.0,28438.562,35470.667,7.704,6.611,6.611,,,THOMSON ROAD,0.0
thomson_road,Thomson Road,1980.0,28438.282,35468.686,6.87,6.87,6.87,,,THOMSON ROAD,0.0
thomson_road,Thomson Road,1982.0,28438.002,35466.706,6.954,6.954,6.954,,,THOMSON ROAD,0.0
thomson_road,Thomson Road,1984.0,28437.722,35464.726,5.688,6.959,6.954,,,THOMSON ROAD,0.0
thomson_road,Thomson Road,1986.0,28437.442,35462.745,5.729,6.965,6.954,,,THOMSON ROAD,0.0
thomson_road,Thomson Road,1988.0,28437.162,35460.765,6.97,6.743,6.743,,,THOMSON ROAD,0.0
thomson_road,Thomson Road,1990.0,28436.882,35458.785,7.103,6.521,6.521,,,THOMSON ROAD,0.0
thomson_road,Thomson Road,1992.0,28436.602,35456.804,6.073,6.358,6.358,,,THOMSON ROAD,0.0
thomson_road,Thomson Road,1994.0,28436.323,35454.824,6.195,6.195,6.318,,,THOMSON ROAD,0.0
thomson_road,Thomson Road,1996.0,28436.043,35452.844,6.318,6.318,6.195,,,THOMSON ROAD,0.0
thomson_road,Thomson Road,1998.0,28435.763,35450.863,6.126,6.126,6.183,-2.234,1.0,THOMSON ROAD,0.0
thomson_road,Thomson Road,2000.0,28435.483,35448.883,6.183,6.183,6.139,-0.507,1.0,THOMSON ROAD,0.0
thomson_road,Thomson Road,2002.0,28435.203,35446.903,6.139,6.139,6.139,-0.547,1.0,THOMSON ROAD,0.0
thomson_road,Thomson Road,2004.0,28434.923,35444.922,6.086,6.086,6.154,0.195,1.0,THOMSON ROAD,0.0
thomson_road,Thomson Road,2006.0,28434.643,35442.942,6.242,6.242,6.139,1.201,1.0,THOMSON ROAD,0.0
thomson_road,Thomson Road,2008.0,28434.346,35440.964,6.154,6.154,6.154,1.005,1.0,THOMSON ROAD,0.0
thomson_road,Thomson Road,2010.0,28434.04,35438.988,6.117,6.117,6.235,1.201,1.0,THOMSON ROAD,0.0
thomson_road,Thomson Road,2012.0,28433.735,35437.011,6.307,6.307,6.235,1.318,1.0,THOMSON ROAD,0.0
thomson_road,Thomson Road,2014.0,28433.429,35435.035,6.235,6.235,6.235,0.312,1.0,THOMSON ROAD,0.0
thomson_road,Thomson Road,2016.0,28433.123,35433.058,6.26,6.26,6.26,0.977,1.0,THOMSON ROAD,0.0
thomson_road,Thomson Road,2018.0,28432.818,35431.082,6.191,6.191,6.26,0.977,1.0,THOMSON ROAD,0.0
thomson_road,Thomson Road,2020.0,28432.512,35429.105,6.313,6.313,6.313,0.664,1.0,THOMSON ROAD,0.0
thomson_road,Thomson Road,2022.0,28432.207,35427.129,6.422,6.422,6.313,-0.907,1.0,THOMSON ROAD,0.0
thomson_road,Thomson Road,2024.0,28431.901,35425.152,6.36,6.36,6.313,-1.571,1.0,THOMSON ROAD,0.0
thomson_road,Thomson Road,2026.0,28431.596,35423.176,6.187,6.187,6.187,-1.571,1.0,THOMSON ROAD,0.0
thomson_road,Thomson Road,2028.0,28431.29,35421.199,6.155,6.155,6.187,0.17,1.0,THOMSON ROAD,0.0
thomson_road,Thomson Road,2030.0,28430.984,35419.223,6.173,6.173,6.187,4.439,1.0,THOMSON ROAD,0.0
thomson_road,Thomson Road,2032.0,28430.679,35417.246,6.327,6.327,6.327,6.511,1.0,THOMSON ROAD,0.0
thomson_road,Thomson Road,2034.0,28430.373,35415.27,6.542,6.542,6.542,7.067,1.0,THOMSON ROAD,0.0
thomson_road,Thomson Road,2036.0,28430.068,35413.293,6.753,6.753,6.708,5.742,1.0,THOMSON ROAD,0.0
thomson_road,Thomson Road,2038.0,28429.762,35411.317,6.708,6.708,6.753,,,THOMSON ROAD,0.0
thomson_road,Thomson Road,2040.0,28429.456,35409.34,6.786,6.786,6.786,,,THOMSON ROAD,0.0
thomson_road,Thomson Road,2042.0,28429.151,35407.364,6.494,6.798,6.798,,,THOMSON ROAD,0.0
thomson_road,Thomson Road,2044.0,28428.845,35405.387,6.567,6.809,6.809,,,THOMSON ROAD,0.0
thomson_road,Thomson Road,2046.0,28428.54,35403.411,6.639,7.006,7.006,,,THOMSON ROAD,0.0
thomson_road,Thomson Road,2048.0,28428.234,35401.434,8.177,7.202,7.202,,,THOMSON ROAD,0.0
thomson_road,Thomson Road,2050.0,28427.929,35399.458,8.227,7.398,7.398,,,THOMSON ROAD,0.0
thomson_road,Thomson Road,2052.0,28427.623,35397.481,8.25,7.594,7.398,,,THOMSON ROAD,0.0
thomson_road,Thomson Road,2054.0,28427.317,35395.505,7.925,7.433,7.398,,,THOMSON ROAD,0.0
thomson_road,Thomson Road,2056.0,28427.012,35393.528,7.861,7.273,7.273,,,THOMSON ROAD,0.0
thomson_road,Thomson Road,2058.0,28426.706,35391.551,6.929,7.112,7.112,,,THOMSON ROAD,0.0
thomson_road,Thomson Road,2060.0,28426.401,35389.575,6.951,6.951,7.024,,,THOMSON ROAD,0.0
thomson_road,Thomson Road,2062.0,28426.095,35387.598,7.024,7.024,6.951,,,THOMSON ROAD,0.0
thomson_road,Thomson Road,2064.0,28425.79,35385.622,6.779,6.779,6.779,,,THOMSON ROAD,0.0
thomson_road,Thomson Road,2066.0,28425.484,35383.645,7.696,6.768,6.768,,,THOMSON ROAD,0.0
thomson_road,Thomson Road,2068.0,28425.178,35381.669,6.888,6.757,6.757,,,THOMSON ROAD,0.0
thomson_road,Thomson Road,2070.0,28424.873,35379.692,7.821,6.746,6.746,,,THOMSON ROAD,0.0
thomson_road,Thomson Road,2072.0,28424.567,35377.716,6.988,6.735,6.735,,,THOMSON ROAD,0.0
thomson_road,Thomson Road,2074.0,28424.262,35375.739,7.449,6.724,6.724,,,THOMSON ROAD,0.0
thomson_road,Thomson Road,2076.0,28423.956,35373.763,7.413,6.713,6.713,,,THOMSON ROAD,0.0
thomson_road,Thomson Road,2078.0,28423.65,35371.786,6.702,6.702,6.713,,,THOMSON ROAD,0.0
thomson_road,Thomson Road,2080.0,28423.345,35369.81,6.656,6.656,6.713,,,THOMSON ROAD,0.0
thomson_road,Thomson Road,2082.0,28423.039,35367.833,8.058,6.753,6.753,1.965,1.0,THOMSON ROAD,0.0
thomson_road,Thomson Road,2084.0,28422.734,35365.857,6.952,6.851,6.851,1.965,1.0,THOMSON ROAD,0.0
thomson_road,Thomson Road,2086.0,28422.428,35363.88,6.949,6.949,6.87,,,THOMSON ROAD,0.0
thomson_road,Thomson Road,2088.0,28422.123,35361.904,6.87,6.87,6.87,,,THOMSON ROAD,0.0
thomson_road,Thomson Road,2090.0,28421.817,35359.927,7.064,7.064,6.87,-1.328,1.0,THOMSON ROAD,0.0
thomson_road,Thomson Road,2092.0,28421.511,35357.951,6.777,6.777,6.777,-1.328,1.0,THOMSON ROAD,0.0
thomson_road,Thomson Road,2094.0,28421.206,35355.974,6.717,6.717,6.764,-1.328,1.0,THOMSON ROAD,0.0
thomson_road,Thomson Road,2096.0,28420.9,35353.998,6.764,6.764,6.764,-0.156,1.0,THOMSON ROAD,0.0
thomson_road,Thomson Road,2098.0,28420.595,35352.021,6.764,6.764,6.764,0.422,1.0,THOMSON ROAD,0.0
thomson_road,Thomson Road,2100.0,28420.289,35350.045,6.752,6.752,6.764,0.699,1.0,THOMSON ROAD,0.0
thomson_road,Thomson Road,2102.0,28419.984,35348.068,6.87,6.87,6.798,0.699,1.0,THOMSON ROAD,0.0
thomson_road,Thomson Road,2104.0,28419.678,35346.092,6.82,6.82,6.82,0.595,1.0,THOMSON ROAD,0.0
thomson_road,Thomson Road,2106.0,28419.372,35344.115,6.798,6.798,6.82,0.0,1.0,THOMSON ROAD,0.0
thomson_road,Thomson Road,2108.0,28419.067,35342.139,6.826,6.826,6.812,-0.338,1.0,THOMSON ROAD,0.0
thomson_road,Thomson Road,2110.0,28418.761,35340.162,6.812,6.812,6.798,-0.338,1.0,THOMSON ROAD,0.0
thomson_road,Thomson Road,2112.0,28418.456,35338.186,6.758,6.758,6.793,-0.234,1.0,THOMSON ROAD,0.0
thomson_road,Thomson Road,2114.0,28418.15,35336.209,6.793,6.793,6.793,0.866,1.0,THOMSON ROAD,0.0
thomson_road,Thomson Road,2116.0,28417.845,35334.232,6.776,6.776,6.793,1.966,1.0,THOMSON ROAD,0.0
thomson_road,Thomson Road,2118.0,28417.536,35332.256,7.189,6.943,6.943,1.966,1.0,THOMSON ROAD,0.0
thomson_road,Thomson Road,2120.0,28417.218,35330.282,7.109,7.109,6.95,1.966,1.0,THOMSON ROAD,0.0
thomson_road,Thomson Road,2122.0,28416.9,35328.307,6.95,6.95,6.95,0.139,1.0,THOMSON ROAD,0.0
thomson_road,Thomson Road,2124.0,28416.582,35326.333,7.041,7.041,6.95,-1.688,1.0,THOMSON ROAD,0.0
thomson_road,Thomson Road,2126.0,28416.264,35324.358,7.232,6.928,6.928,-2.878,1.0,THOMSON ROAD,0.0
thomson_road,Thomson Road,2128.0,28415.945,35322.384,6.815,6.815,6.815,-3.051,1.0,THOMSON ROAD,0.0
thomson_road,Thomson Road,2130.0,28415.627,35320.409,6.66,6.66,6.72,-2.207,1.0,THOMSON ROAD,0.0
thomson_road,Thomson Road,2132.0,28415.309,35318.435,6.703,6.703,6.706,-1.363,1.0,THOMSON ROAD,0.0
thomson_road,Thomson Road,2134.0,28414.991,35316.46,6.72,6.72,6.706,-0.174,1.0,THOMSON ROAD,0.0
thomson_road,Thomson Road,2136.0,28414.673,35314.486,6.706,6.706,6.706,-0.955,1.0,THOMSON ROAD,0.0
thomson_road,Thomson Road,2138.0,28414.354,35312.511,6.737,6.737,6.706,-1.723,1.0,THOMSON ROAD,0.0
thomson_road,Thomson Road,2140.0,28414.036,35310.537,6.63,6.63,6.63,-1.723,1.0,THOMSON ROAD,0.0
thomson_road,Thomson Road,2142.0,28413.718,35308.562,6.424,6.424,6.568,-1.723,1.0,THOMSON ROAD,0.0
thomson_road,Thomson Road,2144.0,28413.4,35306.588,6.498,6.498,6.568,0.026,1.0,THOMSON ROAD,0.0
thomson_road,Thomson Road,2146.0,28413.082,35304.613,6.568,6.568,6.568,0.794,1.0,THOMSON ROAD,0.0
thomson_road,Thomson Road,2148.0,28412.763,35302.638,6.678,6.678,6.632,0.802,1.0,THOMSON ROAD,0.0
thomson_road,Thomson Road,2150.0,28412.445,35300.664,6.632,6.632,6.632,0.802,1.0,THOMSON ROAD,0.0
thomson_road,Thomson Road,2152.0,28412.127,35298.689,6.649,6.649,6.633,,,THOMSON ROAD,0.0
thomson_road,Thomson Road,2154.0,28411.809,35296.715,6.599,6.599,6.633,,,THOMSON ROAD,0.0
thomson_road,Thomson Road,2156.0,28411.491,35294.74,7.61,6.633,6.649,,,THOMSON ROAD,0.0
thomson_road,Thomson Road,2158.0,28411.172,35292.766,7.61,6.666,6.666,,,THOMSON ROAD,0.0
thomson_road,Thomson Road,2160.0,28410.854,35290.791,7.637,6.7,6.7,,,THOMSON ROAD,0.0
thomson_road,Thomson Road,2162.0,28410.536,35288.817,6.751,6.734,6.7,,,THOMSON ROAD,0.0
thomson_road,Thomson Road,2164.0,28410.218,35286.842,6.768,6.768,6.734,,,THOMSON ROAD,0.0
thomson_road,Thomson Road,2166.0,28409.9,35284.868,6.698,6.698,6.738,,,THOMSON ROAD,0.0
thomson_road,Thomson Road,2168.0,28409.835,35282.869,6.738,6.738,6.763,4.016,1.0,THOMSON ROAD,0.0
thomson_road,Thomson Road,2170.0,28409.774,35280.87,6.763,6.763,6.763,4.222,1.0,THOMSON ROAD,0.0
thomson_road,Thomson Road,2172.0,28410.188,35278.922,7.056,7.056,7.056,3.914,1.0,THOMSON ROAD,0.0
thomson_road,Thomson Road,2174.0,28410.675,35276.983,7.076,7.076,7.076,3.914,1.0,THOMSON ROAD,0.0
thomson_road,Thomson Road,2176.0,28411.163,35275.043,7.083,7.083,7.076,0.042,1.0,THOMSON ROAD,0.0
thomson_road,Thomson Road,2178.0,28411.65,35273.103,7.106,7.106,7.076,-1.614,1.0,THOMSON ROAD,0.0
thomson_road,Thomson Road,2180.0,28412.138,35271.164,7.059,7.059,7.059,-3.27,1.0,THOMSON ROAD,0.0
thomson_road,Thomson Road,2182.0,28412.625,35269.224,6.748,6.937,6.937,-5.735,1.0,THOMSON ROAD,0.0
thomson_road,Thomson Road,2184.0,28413.112,35267.284,6.815,6.815,6.815,-5.522,1.0,THOMSON ROAD,0.0
thomson_road,Thomson Road,2186.0,28413.6,35265.345,6.617,6.617,6.617,-3.661,1.0,THOMSON ROAD,0.0
thomson_road,Thomson Road,2188.0,28414.087,35263.405,6.611,6.611,6.617,-1.801,1.0,THOMSON ROAD,0.0
thomson_road,Thomson Road,2190.0,28414.575,35261.465,6.611,6.611,6.617,2.232,1.0,THOMSON ROAD,0.0
thomson_road,Thomson Road,2192.0,28415.062,35259.525,6.67,6.67,6.67,2.649,1.0,THOMSON ROAD,0.0
thomson_road,Thomson Road,2194.0,28415.55,35257.586,6.829,6.829,6.796,2.649,1.0,THOMSON ROAD,0.0
thomson_road,Thomson Road,2196.0,28416.184,35255.69,6.796,6.796,6.829,1.568,1.0,THOMSON ROAD,0.0
thomson_road,Thomson Road,2198.0,28416.842,35253.801,6.838,6.838,6.829,0.486,1.0,THOMSON ROAD,0.0
thomson_road,Thomson Road,2200.0,28417.5,35251.913,6.835,6.835,6.796,0.069,1.0,THOMSON ROAD,0.0
thomson_road,Thomson Road,2202.0,28418.158,35250.024,6.736,6.736,6.835,1.127,1.0,THOMSON ROAD,0.0
thomson_road,Thomson Road,2204.0,28418.816,35248.135,6.699,6.699,6.835,2.655,1.0,THOMSON ROAD,0.0
thomson_road,Thomson Road,2206.0,28419.473,35246.247,6.919,6.919,6.919,4.599,1.0,THOMSON ROAD,0.0
thomson_road,Thomson Road,2208.0,28420.131,35244.358,7.008,7.008,7.008,5.745,1.0,THOMSON ROAD,0.0
thomson_road,Thomson Road,2210.0,28420.789,35242.469,7.203,7.203,7.203,4.688,1.0,THOMSON ROAD,0.0
thomson_road,Thomson Road,2212.0,28421.447,35240.58,7.294,7.294,7.294,3.576,1.0,THOMSON ROAD,0.0
thomson_road,Thomson Road,2214.0,28422.105,35238.692,7.314,7.314,7.294,0.799,1.0,THOMSON ROAD,0.0
thomson_road,Thomson Road,2216.0,28422.763,35236.803,7.498,7.498,7.294,-2.682,1.0,THOMSON ROAD,0.0
thomson_road,Thomson Road,2218.0,28423.421,35234.914,7.267,7.267,7.267,-2.916,1.0,THOMSON ROAD,0.0
thomson_road,Thomson Road,2220.0,28424.079,35233.026,7.061,7.061,7.08,-2.916,1.0,THOMSON ROAD,0.0
thomson_road,Thomson Road,2222.0,28424.736,35231.137,7.08,7.08,7.061,-2.335,1.0,THOMSON ROAD,0.0
thomson_road,Thomson Road,2224.0,28425.458,35229.274,6.836,6.836,7.061,0.0,1.0,THOMSON ROAD,0.0
thomson_road,Thomson Road,2226.0,28426.331,35227.475,6.995,6.995,7.08,2.031,1.0,THOMSON ROAD,0.0
thomson_road,Thomson Road,2228.0,28427.205,35225.676,7.08,7.08,7.08,2.031,1.0,THOMSON ROAD,0.0
thomson_road,Thomson Road,2230.0,28428.079,35223.877,7.224,7.224,7.224,2.5,1.0,THOMSON ROAD,0.0
thomson_road,Thomson Road,2232.0,28428.953,35222.078,7.358,7.358,7.224,2.5,1.0,THOMSON ROAD,0.0
thomson_road,Thomson Road,2234.0,28429.827,35220.279,7.317,7.317,7.28,0.703,1.0,THOMSON ROAD,0.0
thomson_road,Thomson Road,2236.0,28430.7,35218.48,7.205,7.205,7.28,0.703,1.0,THOMSON ROAD,0.0
thomson_road,Thomson Road,2238.0,28431.574,35216.681,7.28,7.28,7.28,0.0,1.0,THOMSON ROAD,0.0
thomson_road,Thomson Road,2240.0,28432.448,35214.882,7.236,7.236,7.28,-0.547,1.0,THOMSON ROAD,0.0
thomson_road,Thomson Road,2242.0,28433.322,35213.083,7.305,7.305,7.28,-0.758,1.0,THOMSON ROAD,0.0
thomson_road,Thomson Road,2244.0,28434.196,35211.284,7.302,7.302,7.236,-0.758,1.0,THOMSON ROAD,0.0
thomson_road,Thomson Road,2246.0,28435.069,35209.485,7.205,7.205,7.219,-0.758,1.0,THOMSON ROAD,0.0
thomson_road,Thomson Road,2248.0,28435.943,35207.686,7.219,7.219,7.219,,,THOMSON ROAD,0.0
thomson_road,Thomson Road,2250.0,28436.817,35205.887,7.219,7.219,7.219,,,THOMSON ROAD,0.0
thomson_road,Thomson Road,2252.0,28437.691,35204.088,7.226,7.506,7.506,,,THOMSON ROAD,0.0
thomson_road,Thomson Road,2254.0,28438.565,35202.289,6.978,7.792,7.792,,,THOMSON ROAD,0.0
thomson_road,Thomson Road,2256.0,28439.439,35200.49,7.262,8.079,8.079,,,THOMSON ROAD,0.0
thomson_road,Thomson Road,2258.0,28440.312,35198.691,7.262,8.187,8.086,,,THOMSON ROAD,0.0
thomson_road,Thomson Road,2260.0,28441.186,35196.892,8.536,8.295,8.086,,,THOMSON ROAD,0.0
thomson_road,Thomson Road,2262.0,28442.06,35195.093,10.272,8.086,8.086,,,THOMSON ROAD,0.0
thomson_road,Thomson Road,2264.0,28442.934,35193.294,10.26,7.876,7.876,,,THOMSON ROAD,0.0
thomson_road,Thomson Road,2266.0,28443.808,35191.495,10.217,7.666,7.666,,,THOMSON ROAD,0.0
thomson_road,Thomson Road,2268.0,28444.681,35189.696,9.29,7.456,7.456,,,THOMSON ROAD,0.0
thomson_road,Thomson Road,2270.0,28445.555,35187.897,7.039,7.247,7.247,,,THOMSON ROAD,0.0
thomson_road,Thomson Road,2272.0,28446.482,35186.129,7.037,7.037,7.037,,,THOMSON ROAD,0.0
thomson_road,Thomson Road,2274.0,28447.587,35184.461,7.012,7.012,7.037,,,THOMSON ROAD,0.0
thomson_road,Thomson Road,2276.0,28448.692,35182.794,6.995,6.995,7.012,-1.853,1.0,THOMSON ROAD,0.0
thomson_road,Thomson Road,2278.0,28449.797,35181.127,7.142,7.142,6.995,-2.353,1.0,THOMSON ROAD,0.0
thomson_road,Thomson Road,2280.0,28450.901,35179.46,6.889,6.889,6.889,-2.166,1.0,THOMSON ROAD,0.0
thomson_road,Thomson Road,2282.0,28452.006,35177.793,6.849,6.849,6.849,-2.208,1.0,THOMSON ROAD,0.0
thomson_road,Thomson Road,2284.0,28453.111,35176.125,6.839,6.839,6.839,-0.875,1.0,THOMSON ROAD,0.0
thomson_road,Thomson Road,2286.0,28454.216,35174.458,6.819,6.819,6.819,-0.375,1.0,THOMSON ROAD,0.0
thomson_road,Thomson Road,2288.0,28455.32,35172.791,6.795,6.795,6.819,0.54,1.0,THOMSON ROAD,0.0
thomson_road,Thomson Road,2290.0,28456.425,35171.124,6.795,6.795,6.819,0.79,1.0,THOMSON ROAD,0.0
thomson_road,Thomson Road,2292.0,28457.53,35169.457,6.922,6.922,6.882,0.79,1.0,THOMSON ROAD,0.0
thomson_road,Thomson Road,2294.0,28458.635,35167.789,6.892,6.892,6.882,0.79,1.0,THOMSON ROAD,0.0
thomson_road,Thomson Road,2296.0,28459.739,35166.122,6.882,6.882,6.882,0.0,1.0,THOMSON ROAD,0.0
thomson_road,Thomson Road,2298.0,28460.844,35164.455,6.862,6.862,6.882,1.268,1.0,THOMSON ROAD,0.0
thomson_road,Thomson Road,2300.0,28461.949,35162.788,6.852,6.852,6.882,3.868,1.0,THOMSON ROAD,0.0
thomson_road,Thomson Road,2302.0,28463.053,35161.121,6.983,6.983,6.983,,,THOMSON ROAD,0.0
thomson_road,Thomson Road,2304.0,28464.158,35159.453,7.208,7.208,7.192,,,THOMSON ROAD,0.0
thomson_road,Thomson Road,2306.0,28465.263,35157.786,7.666,7.2,7.192,2.548,1.0,THOMSON ROAD,0.0
thomson_road,Thomson Road,2308.0,28466.368,35156.119,7.599,7.192,7.192,-0.052,1.0,THOMSON ROAD,0.0
thomson_road,Thomson Road,2310.0,28467.472,35154.452,7.183,7.183,7.187,,,THOMSON ROAD,0.0
thomson_road,Thomson Road,2312.0,28468.577,35152.785,7.183,7.183,7.187,,,THOMSON ROAD,0.0
thomson_road,Thomson Road,2314.0,28469.682,35151.117,7.187,7.187,7.187,3.479,1.0,THOMSON ROAD,0.0
thomson_road,Thomson Road,2316.0,28470.787,35149.45,7.373,7.373,7.373,3.613,1.0,THOMSON ROAD,0.0
thomson_road,Thomson Road,2318.0,28471.891,35147.783,7.466,7.466,7.466,3.483,1.0,THOMSON ROAD,0.0
thomson_road,Thomson Road,2320.0,28472.996,35146.116,7.476,7.476,7.476,3.353,1.0,THOMSON ROAD,0.0
thomson_road,Thomson Road,2322.0,28474.101,35144.449,7.863,7.641,7.641,2.193,1.0,THOMSON ROAD,0.0
thomson_road,Thomson Road,2324.0,28475.206,35142.781,7.806,7.806,7.641,,,THOMSON ROAD,0.0
thomson_road,Thomson Road,2326.0,28476.31,35141.114,7.715,7.715,7.641,,,THOMSON ROAD,0.0
thomson_road,Thomson Road,2328.0,28477.415,35139.447,7.654,7.511,7.511,,,THOMSON ROAD,0.0
thomson_road,Thomson Road,2330.0,28478.52,35137.78,7.307,7.307,7.397,,,THOMSON ROAD,0.0
thomson_road,Thomson Road,2332.0,28479.625,35136.113,6.816,7.352,7.352,,,THOMSON ROAD,0.0
thomson_road,Thomson Road,2334.0,28480.729,35134.445,7.07,7.397,7.307,,,THOMSON ROAD,0.0
thomson_road,Thomson Road,2336.0,28481.834,35132.778,7.442,7.261,7.261,,,THOMSON ROAD,0.0
thomson_road,Thomson Road,2338.0,28482.939,35131.111,7.459,7.124,7.124,,,THOMSON ROAD,0.0
thomson_road,Thomson Road,2340.0,28484.044,35129.444,7.219,6.869,6.869,,,THOMSON ROAD,0.0
thomson_road,Thomson Road,2342.0,28485.148,35127.777,6.488,6.613,6.613,,,THOMSON ROAD,0.0
thomson_road,Thomson Road,2344.0,28486.253,35126.109,6.358,6.358,6.358,,,THOMSON ROAD,0.0
thomson_road,Thomson Road,2346.0,28487.358,35124.442,6.358,6.358,6.358,,,THOMSON ROAD,0.0
thomson_road,Thomson Road,2348.0,28488.463,35122.775,6.243,6.243,6.243,,,THOMSON ROAD,0.0
thomson_road,Thomson Road,2350.0,28489.567,35121.108,5.995,5.995,5.995,,,THOMSON ROAD,0.0
thomson_road,Thomson Road,2352.0,28490.672,35119.441,7.456,5.958,5.958,-4.496,1.0,THOMSON ROAD,0.0
thomson_road,Thomson Road,2354.0,28491.784,35117.778,7.434,5.92,5.92,-1.406,1.0,THOMSON ROAD,0.0
thomson_road,Thomson Road,2356.0,28492.898,35116.117,5.883,5.883,5.883,,,THOMSON ROAD,0.0
thomson_road,Thomson Road,2358.0,28494.011,35114.456,5.845,5.845,5.883,,,THOMSON ROAD,0.0
thomson_road,Thomson Road,2360.0,28495.125,35112.794,5.795,5.795,5.883,,,THOMSON ROAD,0.0
thomson_road,Thomson Road,2362.0,28496.238,35111.133,5.723,5.962,5.962,,,THOMSON ROAD,0.0
thomson_road,Thomson Road,2364.0,28497.352,35109.472,7.429,6.128,5.966,,,THOMSON ROAD,0.0
thomson_road,Thomson Road,2366.0,28498.465,35107.81,7.387,6.047,5.966,,,THOMSON ROAD,0.0
thomson_road,Thomson Road,2368.0,28499.579,35106.149,6.938,5.966,5.966,,,THOMSON ROAD,0.0
thomson_road,Thomson Road,2370.0,28500.692,35104.487,6.913,5.885,5.885,,,THOMSON ROAD,0.0
thomson_road,Thomson Road,2372.0,28501.806,35102.826,5.837,5.804,5.804,,,THOMSON ROAD,0.0
thomson_road,Thomson Road,2374.0,28502.919,35101.165,5.723,5.723,5.723,,,THOMSON ROAD,0.0
thomson_road,Thomson Road,2376.0,28504.032,35099.503,5.669,5.669,5.669,,,THOMSON ROAD,0.0
thomson_road,Thomson Road,2378.0,28505.146,35097.842,5.648,5.648,5.648,-2.31,1.0,THOMSON ROAD,0.0
thomson_road,Thomson Road,2380.0,28506.259,35096.181,5.523,5.523,5.538,-1.83,1.0,THOMSON ROAD,0.0
thomson_road,Thomson Road,2382.0,28507.373,35094.519,5.494,5.494,5.538,-1.92,1.0,THOMSON ROAD,0.0
thomson_road,Thomson Road,2384.0,28508.487,35092.858,5.538,5.538,5.523,-0.589,1.0,THOMSON ROAD,0.0
thomson_road,Thomson Road,2386.0,28509.6,35091.197,5.631,5.631,5.494,-0.597,1.0,THOMSON ROAD,0.0
thomson_road,Thomson Road,2388.0,28510.714,35089.535,5.491,5.491,5.491,-0.634,1.0,THOMSON ROAD,0.0
thomson_road,Thomson Road,2390.0,28511.827,35087.874,5.472,5.472,5.49,-0.605,1.0,THOMSON ROAD,0.0
thomson_road,Thomson Road,2392.0,28512.941,35086.212,5.49,5.49,5.472,-0.91,1.0,THOMSON ROAD,0.0
thomson_road,Thomson Road,2394.0,28514.054,35084.551,5.446,5.446,5.446,-1.175,1.0,THOMSON ROAD,0.0
thomson_road,Thomson Road,2396.0,28515.168,35082.89,5.418,5.418,5.418,-2.276,1.0,THOMSON ROAD,0.0
thomson_road,Thomson Road,2398.0,28516.281,35081.228,5.259,5.259,5.396,-2.338,1.0,THOMSON ROAD,0.0
thomson_road,Thomson Road,2400.0,28517.395,35079.567,5.29,5.29,5.29,-3.007,1.0,THOMSON ROAD,0.0
thomson_road,Thomson Road,2402.0,28518.189,35077.738,5.396,5.396,5.259,-4.102,1.0,THOMSON ROAD,0.0
thomson_road,Thomson Road,2404.0,28518.93,35075.88,5.178,5.178,5.178,-3.32,1.0,THOMSON ROAD,0.0
thomson_road,Thomson Road,2406.0,28519.672,35074.022,5.068,5.068,5.068,-3.164,1.0,THOMSON ROAD,0.0
thomson_road,Thomson Road,2408.0,28520.413,35072.165,5.024,5.024,5.024,-2.148,1.0,THOMSON ROAD,0.0
thomson_road,Thomson Road,2410.0,28521.154,35070.307,4.971,4.971,5.006,-0.781,1.0,THOMSON ROAD,0.0
thomson_road,Thomson Road,2412.0,28521.895,35068.45,5.006,5.006,5.006,1.506,1.0,THOMSON ROAD,0.0
thomson_road,Thomson Road,2414.0,28522.636,35066.592,4.962,4.962,5.006,3.793,1.0,THOMSON ROAD,0.0
thomson_road,Thomson Road,2416.0,28523.378,35064.735,4.926,5.146,5.146,3.793,1.0,THOMSON ROAD,0.0
thomson_road,Thomson Road,2418.0,28524.119,35062.877,5.33,5.33,5.309,3.793,1.0,THOMSON ROAD,0.0
thomson_road,Thomson Road,2420.0,28524.86,35061.019,5.338,5.338,5.309,1.107,1.0,THOMSON ROAD,0.0
thomson_road,Thomson Road,2422.0,28525.601,35059.162,5.309,5.309,5.309,-1.579,1.0,THOMSON ROAD,0.0
thomson_road,Thomson Road,2424.0,28526.342,35057.304,5.249,5.249,5.249,-1.579,1.0,THOMSON ROAD,0.0
thomson_road,Thomson Road,2426.0,28527.083,35055.447,5.066,5.066,5.183,-1.579,1.0,THOMSON ROAD,0.0
thomson_road,Thomson Road,2428.0,28527.825,35053.589,5.088,5.088,5.183,,,THOMSON ROAD,0.0
thomson_road,Thomson Road,2430.0,28528.566,35051.731,5.183,5.183,5.183,,,THOMSON ROAD,0.0
thomson_road,Thomson Road,2432.0,28529.307,35049.874,6.336,5.316,5.316,1.667,1.0,THOMSON ROAD,0.0
thomson_road,Thomson Road,2434.0,28530.048,35048.016,5.579,5.449,5.316,,,THOMSON ROAD,0.0
thomson_road,Thomson Road,2436.0,28530.789,35046.159,8.279,5.583,5.316,,,THOMSON ROAD,0.0
thomson_road,Thomson Road,2438.0,28531.531,35044.301,10.32,5.314,5.314,,,THOMSON ROAD,0.0
thomson_road,Thomson Road,2440.0,28532.272,35042.443,5.59,5.046,5.046,-7.561,1.0,THOMSON ROAD,0.0
thomson_road,Thomson Road,2442.0,28533.013,35040.586,4.777,4.777,4.777,,,THOMSON ROAD,0.0
thomson_road,Thomson Road,2444.0,28533.754,35038.728,4.711,4.711,4.711,,,THOMSON ROAD,0.0
thomson_road,Thomson Road,2446.0,28534.495,35036.871,4.69,4.69,4.69,-2.231,1.0,THOMSON ROAD,0.0
thomson_road,Thomson Road,2448.0,28535.236,35035.013,4.599,4.599,4.611,-1.412,1.0,THOMSON ROAD,0.0
thomson_road,Thomson Road,2450.0,28535.978,35033.155,4.611,4.611,4.599,-1.771,1.0,THOMSON ROAD,0.0
thomson_road,Thomson Road,2452.0,28536.719,35031.298,4.52,4.52,4.598,-0.787,1.0,THOMSON ROAD,0.0
thomson_road,Thomson Road,2454.0,28537.46,35029.44,4.549,4.549,4.549,-0.625,1.0,THOMSON ROAD,0.0
thomson_road,Thomson Road,2456.0,28538.201,35027.583,4.598,4.598,4.548,-0.223,1.0,THOMSON ROAD,0.0
thomson_road,Thomson Road,2458.0,28538.942,35025.725,4.548,4.548,4.549,0.396,1.0,THOMSON ROAD,0.0
thomson_road,Thomson Road,2460.0,28539.683,35023.867,4.53,4.53,4.58,,,THOMSON ROAD,0.0
thomson_road,Thomson Road,2462.0,28540.425,35022.01,4.58,4.58,4.58,,,THOMSON ROAD,0.0
thomson_road,Thomson Road,2464.0,28541.166,35020.152,4.609,4.81,4.81,8.624,1.0,THOMSON ROAD,0.0
thomson_road,Thomson Road,2466.0,28541.907,35018.295,4.605,5.04,5.04,8.624,1.0,THOMSON ROAD,0.0
thomson_road,Thomson Road,2468.0,28542.648,35016.437,5.27,5.27,5.27,,,THOMSON ROAD,0.0
thomson_road,Thomson Road,2470.0,28543.389,35014.579,7.915,5.351,5.27,,,THOMSON ROAD,0.0
thomson_road,Thomson Road,2472.0,28544.131,35012.722,7.8,5.432,5.27,,,THOMSON ROAD,0.0
thomson_road,Thomson Road,2474.0,28544.872,35010.864,5.512,5.17,5.17,,,THOMSON ROAD,0.0
thomson_road,Thomson Road,2476.0,28545.613,35009.007,5.949,4.909,4.909,-9.858,2.0,THOMSON ROAD,0.0
thomson_road,Thomson Road,2478.0,28546.354,35007.149,4.527,4.648,4.648,,,THOMSON ROAD,0.0
thomson_road,Thomson Road,2480.0,28547.095,35005.292,4.387,4.387,4.482,,,THOMSON ROAD,0.0
thomson_road,Thomson Road,2482.0,28547.836,35003.434,4.477,4.477,4.482,,,THOMSON ROAD,0.0
thomson_road,Thomson Road,2484.0,28548.578,35001.576,4.482,4.482,4.482,2.375,1.0,THOMSON ROAD,0.0
thomson_road,Thomson Road,2486.0,28549.319,34999.719,4.582,4.582,4.582,2.375,1.0,THOMSON ROAD,0.0
thomson_road,Thomson Road,2488.0,28550.06,34997.861,4.677,4.677,4.672,2.375,1.0,THOMSON ROAD,0.0
thomson_road,Thomson Road,2490.0,28550.801,34996.004,4.677,4.677,4.672,1.125,1.0,THOMSON ROAD,0.0
thomson_road,Thomson Road,2492.0,28551.542,34994.146,4.672,4.672,4.672,,,THOMSON ROAD,0.0
thomson_road,Thomson Road,2494.0,28552.284,34992.288,4.517,4.517,4.672,,,THOMSON ROAD,0.0
thomson_road,Thomson Road,2496.0,28553.025,34990.431,4.417,4.618,4.672,,,THOMSON ROAD,0.0
thomson_road,Thomson Road,2498.0,28553.766,34988.573,4.72,4.853,4.853,7.364,1.0,THOMSON ROAD,0.0
thomson_road,Thomson Road,2500.0,28554.507,34986.716,4.757,5.087,5.087,,,THOMSON ROAD,0.0
thomson_road,Thomson Road,2502.0,28555.248,34984.858,5.321,5.321,5.261,,,THOMSON ROAD,0.0
thomson_road,Thomson Road,2504.0,28555.989,34983.0,5.261,5.261,5.321,,,THOMSON ROAD,0.0
thomson_road,Thomson Road,2506.0,28556.731,34981.143,12.386,5.457,5.321,,,THOMSON ROAD,0.0
thomson_road,Thomson Road,2508.0,28557.472,34979.285,13.207,5.364,5.261,,,THOMSON ROAD,0.0
thomson_road,Thomson Road,2510.0,28558.213,34977.428,9.639,5.152,5.152,,,THOMSON ROAD,0.0
thomson_road,Thomson Road,2512.0,28558.954,34975.57,6.045,4.94,4.94,,,THOMSON ROAD,0.0
thomson_road,Thomson Road,2514.0,28559.695,34973.712,4.507,4.643,4.643,,,THOMSON ROAD,0.0
thomson_road,Thomson Road,2516.0,28560.436,34971.855,4.603,4.345,4.345,,,THOMSON ROAD,0.0
thomson_road,Thomson Road,2518.0,28561.178,34969.997,4.478,4.048,4.048,,,THOMSON ROAD,0.0
thomson_road,Thomson Road,2520.0,28561.919,34968.14,3.818,3.818,3.987,,,THOMSON ROAD,0.0
thomson_road,Thomson Road,2522.0,28562.66,34966.282,3.987,3.987,3.967,,,THOMSON ROAD,0.0
thomson_road,Thomson Road,2524.0,28563.401,34964.424,3.967,3.967,3.967,,,THOMSON ROAD,0.0
thomson_road,Thomson Road,2526.0,28564.142,34962.567,3.947,3.947,3.987,,,THOMSON ROAD,0.0
thomson_road,Thomson Road,2528.0,28564.884,34960.709,3.977,4.223,4.223,10.105,2.0,THOMSON ROAD,0.0
thomson_road,Thomson Road,2530.0,28565.625,34958.852,4.832,4.499,4.499,9.855,2.0,THOMSON ROAD,0.0
thomson_road,Thomson Road,2532.0,28566.366,34956.994,4.775,4.775,4.775,,,THOMSON ROAD,0.0
thomson_road,Thomson Road,2534.0,28567.107,34955.136,4.786,4.786,4.775,,,THOMSON ROAD,0.0
thomson_road,Thomson Road,2536.0,28567.848,34953.279,4.807,4.807,4.775,,,THOMSON ROAD,0.0
thomson_road,Thomson Road,2538.0,28568.589,34951.421,3.767,4.71,4.71,-3.251,1.0,THOMSON ROAD,0.0
thomson_road,Thomson Road,2540.0,28569.331,34949.564,4.423,4.612,4.612,,,THOMSON ROAD,0.0
thomson_road,Thomson Road,2542.0,28570.072,34947.706,7.973,4.515,4.515,,,THOMSON ROAD,0.0
thomson_road,Thomson Road,2544.0,28570.813,34945.849,6.269,4.395,4.395,,,THOMSON ROAD,0.0
thomson_road,Thomson Road,2546.0,28571.554,34943.991,4.698,4.275,4.275,-4.179,1.0,THOMSON ROAD,0.0
thomson_road,Thomson Road,2548.0,28572.295,34942.133,3.943,4.228,4.228,,,THOMSON ROAD,0.0
thomson_road,Thomson Road,2550.0,28573.037,34940.276,4.181,4.181,4.181,,,THOMSON ROAD,0.0
thomson_road,Thomson Road,2552.0,28573.778,34938.418,4.137,4.137,4.174,,,THOMSON ROAD,0.0
thomson_road,Thomson Road,2554.0,28574.519,34936.561,4.168,4.168,4.168,,,THOMSON ROAD,0.0
thomson_road,Thomson Road,2556.0,28575.26,34934.703,4.174,4.174,4.137,-6.172,1.0,THOMSON ROAD,0.0
thomson_road,Thomson Road,2558.0,28576.001,34932.845,3.987,3.927,3.927,-8.594,1.0,THOMSON ROAD,0.0
thomson_road,Thomson Road,2560.0,28576.742,34930.988,3.681,3.681,3.681,-8.203,1.0,THOMSON ROAD,0.0
thomson_road,Thomson Road,2562.0,28577.484,34929.13,3.481,3.481,3.481,-5.43,1.0,THOMSON ROAD,0.0
thomson_road,Thomson Road,2564.0,28578.225,34927.273,3.468,3.468,3.481,-2.656,1.0,THOMSON ROAD,0.0
thomson_road,Thomson Road,2566.0,28578.966,34925.415,3.468,3.468,3.481,-0.156,1.0,THOMSON ROAD,0.0
thomson_road,Thomson Road,2568.0,28579.707,34923.557,3.543,3.543,3.468,0.781,1.0,THOMSON ROAD,0.0
thomson_road,Thomson Road,2570.0,28580.448,34921.7,3.543,3.543,3.468,0.781,1.0,THOMSON ROAD,0.0
thomson_road,Thomson Road,2572.0,28581.189,34919.842,3.431,3.431,3.543,,,THOMSON ROAD,0.0
thomson_road,Thomson Road,2574.0,28581.931,34917.985,3.431,3.431,3.543,,,THOMSON ROAD,0.0
thomson_road,Thomson Road,2576.0,28582.672,34916.127,3.499,3.662,3.662,7.288,1.0,THOMSON ROAD,0.0
thomson_road,Thomson Road,2578.0,28583.413,34914.269,4.19,3.894,3.894,7.467,1.0,THOMSON ROAD,0.0
thomson_road,Thomson Road,2580.0,28584.154,34912.412,4.126,4.126,4.126,,,THOMSON ROAD,0.0
thomson_road,Thomson Road,2582.0,28584.895,34910.554,4.14,4.14,4.14,,,THOMSON ROAD,0.0
thomson_road,Thomson Road,2584.0,28585.637,34908.697,4.148,4.148,4.14,,,THOMSON ROAD,0.0
thomson_road,Thomson Road,2586.0,28586.378,34906.839,4.158,4.158,4.14,-4.81,1.0,THOMSON ROAD,0.0
thomson_road,Thomson Road,2588.0,28587.119,34904.981,3.531,3.866,3.866,-4.81,1.0,THOMSON ROAD,0.0
thomson_road,Thomson Road,2590.0,28587.86,34903.124,3.574,3.574,3.756,-4.81,1.0,THOMSON ROAD,0.0
thomson_road,Thomson Road,2592.0,28588.601,34901.266,3.668,3.668,3.756,-0.921,1.0,THOMSON ROAD,0.0
thomson_road,Thomson Road,2594.0,28589.342,34899.409,3.756,3.756,3.756,2.969,1.0,THOMSON ROAD,0.0
thomson_road,Thomson Road,2596.0,28590.084,34897.551,3.874,3.874,3.874,2.969,1.0,THOMSON ROAD,0.0
thomson_road,Thomson Road,2598.0,28590.825,34895.693,3.993,3.993,3.993,3.594,1.0,THOMSON ROAD,0.0
thomson_road,Thomson Road,2600.0,28591.566,34893.836,3.993,3.993,3.993,2.578,1.0,THOMSON ROAD,0.0
thomson_road,Thomson Road,2602.0,28592.307,34891.978,4.043,4.043,4.043,1.719,1.0,THOMSON ROAD,0.0
thomson_road,Thomson Road,2604.0,28593.028,34890.113,4.081,4.081,4.081,1.74,1.0,THOMSON ROAD,0.0
thomson_road,Thomson Road,2606.0,28593.749,34888.247,4.131,4.131,4.131,1.99,1.0,THOMSON ROAD,0.0
thomson_road,Thomson Road,2608.0,28594.47,34886.382,4.132,4.132,4.132,2.083,1.0,THOMSON ROAD,0.0
thomson_road,Thomson Road,2610.0,28595.192,34884.516,4.202,4.202,4.202,2.896,1.0,THOMSON ROAD,0.0
thomson_road,Thomson Road,2612.0,28595.913,34882.651,4.247,4.247,4.247,5.338,1.0,THOMSON ROAD,0.0
thomson_road,Thomson Road,2614.0,28596.634,34880.786,4.362,4.362,4.362,7.779,1.0,THOMSON ROAD,0.0
thomson_road,Thomson Road,2616.0,28597.355,34878.92,4.85,4.612,4.612,7.686,1.0,THOMSON ROAD,0.0
thomson_road,Thomson Road,2618.0,28598.092,34877.061,4.862,4.862,4.825,6.248,1.0,THOMSON ROAD,0.0
thomson_road,Thomson Road,2620.0,28598.899,34875.231,4.825,4.825,4.862,2.953,1.0,THOMSON ROAD,0.0
thomson_road,Thomson Road,2622.0,28599.706,34873.401,4.918,4.918,4.862,-0.342,1.0,THOMSON ROAD,0.0
thomson_road,Thomson Road,2624.0,28600.513,34871.571,5.062,5.062,4.825,-3.425,1.0,THOMSON ROAD,0.0
thomson_road,Thomson Road,2626.0,28601.321,34869.742,4.797,4.797,4.797,-6.508,1.0,THOMSON ROAD,0.0
thomson_road,Thomson Road,2628.0,28602.128,34867.912,4.816,4.569,4.569,-7.289,1.0,THOMSON ROAD,0.0
thomson_road,Thomson Road,2630.0,28602.935,34866.082,4.342,4.342,4.342,-7.182,1.0,THOMSON ROAD,0.0
thomson_road,Thomson Road,2632.0,28603.743,34864.252,4.241,4.241,4.241,-4.489,1.0,THOMSON ROAD,0.0
thomson_road,Thomson Road,2634.0,28604.55,34862.422,4.198,4.198,4.223,-1.797,1.0,THOMSON ROAD,0.0
thomson_road,Thomson Road,2636.0,28605.357,34860.592,4.223,4.223,4.223,-0.234,1.0,THOMSON ROAD,0.0
thomson_road,Thomson Road,2638.0,28606.165,34858.763,4.148,4.148,4.198,0.362,1.0,THOMSON ROAD,0.0
thomson_road,Thomson Road,2640.0,28606.972,34856.933,4.347,4.347,4.223,1.549,1.0,THOMSON ROAD,0.0
thomson_road,Thomson Road,2642.0,28607.779,34855.103,4.097,4.097,4.252,2.112,1.0,THOMSON ROAD,0.0
thomson_road,Thomson Road,2644.0,28608.586,34853.273,4.252,4.252,4.347,3.799,1.0,THOMSON ROAD,0.0
thomson_road,Thomson Road,2646.0,28609.394,34851.443,4.527,4.527,4.367,3.655,1.0,THOMSON ROAD,0.0
thomson_road,Thomson Road,2648.0,28610.201,34849.613,4.367,4.367,4.527,,,THOMSON ROAD,0.0
thomson_road,Thomson Road,2650.0,28611.008,34847.784,4.614,4.614,4.544,,,THOMSON ROAD,0.0
thomson_road,Thomson Road,2652.0,28611.816,34845.954,5.242,4.579,4.544,,,THOMSON ROAD,0.0
thomson_road,Thomson Road,2654.0,28612.623,34844.124,4.792,4.544,4.544,,,THOMSON ROAD,0.0
thomson_road,Thomson Road,2656.0,28613.43,34842.294,7.185,4.509,4.509,,,THOMSON ROAD,0.0
thomson_road,Thomson Road,2658.0,28614.237,34840.464,5.864,4.474,4.474,,,THOMSON ROAD,0.0
thomson_road,Thomson Road,2660.0,28615.045,34838.634,6.185,4.439,4.439,,,THOMSON ROAD,0.0
thomson_road,Thomson Road,2662.0,28615.852,34836.805,4.874,4.404,4.404,,,THOMSON ROAD,0.0
thomson_road,Thomson Road,2664.0,28616.659,34834.975,4.359,4.369,4.369,,,THOMSON ROAD,0.0
thomson_road,Thomson Road,2666.0,28617.467,34833.145,4.334,4.334,4.369,,,THOMSON ROAD,0.0
thomson_road,Thomson Road,2668.0,28618.274,34831.315,4.219,4.219,4.365,,,THOMSON ROAD,0.0
thomson_road,Thomson Road,2670.0,28619.081,34829.485,4.505,4.505,4.334,-1.122,1.0,THOMSON ROAD,0.0
thomson_road,Thomson Road,2672.0,28619.888,34827.655,4.601,4.365,4.279,-1.748,1.0,THOMSON ROAD,0.0
thomson_road,Thomson Road,2674.0,28620.696,34825.826,4.226,4.226,4.279,-1.857,1.0,THOMSON ROAD,0.0
thomson_road,Thomson Road,2676.0,28621.503,34823.996,4.279,4.279,4.226,-1.706,1.0,THOMSON ROAD,0.0
thomson_road,Thomson Road,2678.0,28622.31,34822.166,4.186,4.186,4.186,-1.555,1.0,THOMSON ROAD,0.0
thomson_road,Thomson Road,2680.0,28623.118,34820.336,4.042,4.042,4.155,-0.34,1.0,THOMSON ROAD,0.0
thomson_road,Thomson Road,2682.0,28623.925,34818.506,4.054,4.054,4.155,0.875,1.0,THOMSON ROAD,0.0
thomson_road,Thomson Road,2684.0,28624.732,34816.676,4.476,4.155,4.155,1.258,1.0,THOMSON ROAD,0.0
thomson_road,Thomson Road,2686.0,28625.54,34814.847,4.256,4.256,4.256,1.258,1.0,THOMSON ROAD,0.0
thomson_road,Thomson Road,2688.0,28626.347,34813.017,4.256,4.256,4.256,0.629,1.0,THOMSON ROAD,0.0
thomson_road,Thomson Road,2690.0,28627.154,34811.187,4.256,4.256,4.256,0.0,1.0,THOMSON ROAD,0.0
thomson_road,Thomson Road,2692.0,28627.961,34809.357,4.256,4.256,4.256,0.125,1.0,THOMSON ROAD,0.0
thomson_road,Thomson Road,2694.0,28628.769,34807.527,4.266,4.266,4.256,1.919,1.0,THOMSON ROAD,0.0
thomson_road,Thomson Road,2696.0,28629.576,34805.698,4.142,4.142,4.266,1.919,1.0,THOMSON ROAD,0.0
thomson_road,Thomson Road,2698.0,28630.383,34803.868,4.409,4.409,4.409,1.919,1.0,THOMSON ROAD,0.0
thomson_road,Thomson Road,2700.0,28631.191,34802.038,4.409,4.409,4.409,2.169,1.0,THOMSON ROAD,0.0
thomson_road,Thomson Road,2702.0,28631.998,34800.208,4.439,4.439,4.409,1.804,1.0,THOMSON ROAD,0.0
thomson_road,Thomson Road,2704.0,28632.805,34798.378,4.399,4.399,4.439,1.439,1.0,THOMSON ROAD,0.0
thomson_road,Thomson Road,2706.0,28633.612,34796.548,4.189,4.509,4.509,1.439,1.0,THOMSON ROAD,0.0
thomson_road,Thomson Road,2708.0,28634.42,34794.719,4.619,4.619,4.524,,,THOMSON ROAD,0.0
thomson_road,Thomson Road,2710.0,28635.227,34792.889,4.809,4.809,4.524,,,THOMSON ROAD,0.0
thomson_road,Thomson Road,2712.0,28636.034,34791.059,4.839,4.524,4.524,-3.561,1.0,THOMSON ROAD,0.0
thomson_road,Thomson Road,2714.0,28636.842,34789.229,4.239,4.239,4.239,-3.561,1.0,THOMSON ROAD,0.0
thomson_road,Thomson Road,2716.0,28637.649,34787.399,4.233,4.233,4.239,-1.781,1.0,THOMSON ROAD,0.0
thomson_road,Thomson Road,2718.0,28638.456,34785.569,4.227,4.227,4.239,0.0,1.0,THOMSON ROAD,0.0
thomson_road,Thomson Road,2720.0,28639.264,34783.74,4.239,4.239,4.239,0.0,1.0,THOMSON ROAD,0.0
thomson_road,Thomson Road,2722.0,28640.071,34781.91,4.239,4.239,4.239,0.0,1.0,THOMSON ROAD,0.0
thomson_road,Thomson Road,2724.0,28641.086,34780.198,4.239,4.239,4.239,0.156,1.0,THOMSON ROAD,0.0
thomson_road,Thomson Road,2726.0,28642.248,34778.571,4.239,4.239,4.239,0.156,1.0,THOMSON ROAD,0.0
thomson_road,Thomson Road,2728.0,28643.411,34776.943,4.252,4.252,4.252,0.469,1.0,THOMSON ROAD,0.0
thomson_road,Thomson Road,2730.0,28644.573,34775.316,4.252,4.252,4.252,0.469,1.0,THOMSON ROAD,0.0
thomson_road,Thomson Road,2732.0,28645.736,34773.689,4.414,4.414,4.277,0.469,1.0,THOMSON ROAD,0.0
thomson_road,Thomson Road,2734.0,28646.898,34772.061,4.277,4.277,4.277,0.469,1.0,THOMSON ROAD,0.0
thomson_road,Thomson Road,2736.0,28648.061,34770.434,4.277,4.277,4.289,0.156,1.0,THOMSON ROAD,0.0
thomson_road,Thomson Road,2738.0,28649.223,34768.806,4.289,4.289,4.289,,,THOMSON ROAD,0.0
thomson_road,Thomson Road,2740.0,28650.386,34767.179,4.289,4.289,4.289,,,THOMSON ROAD,0.0
thomson_road,Thomson Road,2742.0,28651.548,34765.551,5.508,4.307,4.307,,,THOMSON ROAD,0.0
thomson_road,Thomson Road,2744.0,28652.711,34763.924,5.528,4.324,4.324,,,THOMSON ROAD,0.0
thomson_road,Thomson Road,2746.0,28653.873,34762.296,5.528,4.342,4.342,,,THOMSON ROAD,0.0
thomson_road,Thomson Road,2748.0,28655.036,34760.669,4.339,4.359,4.359,,,THOMSON ROAD,0.0
thomson_road,Thomson Road,2750.0,28656.198,34759.041,4.377,4.377,4.377,,,THOMSON ROAD,0.0
thomson_road,Thomson Road,2752.0,28657.361,34757.414,4.377,4.377,4.377,,,THOMSON ROAD,0.0
thomson_road,Thomson Road,2754.0,28658.523,34755.786,4.478,4.478,4.478,,,THOMSON ROAD,0.0
thomson_road,Thomson Road,2756.0,28659.686,34754.159,4.478,4.478,4.478,,,THOMSON ROAD,0.0
thomson_road,Thomson Road,2758.0,28660.848,34752.531,6.253,4.48,4.48,,,THOMSON ROAD,0.0
thomson_road,Thomson Road,2760.0,28662.011,34750.904,6.244,4.482,4.482,,,THOMSON ROAD,0.0
thomson_road,Thomson Road,2762.0,28663.173,34749.276,7.936,4.485,4.485,,,THOMSON ROAD,0.0
thomson_road,Thomson Road,2764.0,28664.335,34747.649,7.986,4.487,4.487,,,THOMSON ROAD,0.0
thomson_road,Thomson Road,2766.0,28665.498,34746.022,4.489,4.489,4.489,,,THOMSON ROAD,0.0
thomson_road,Thomson Road,2768.0,28666.66,34744.394,4.514,4.514,4.514,,,THOMSON ROAD,0.0
thomson_road,Thomson Road,2770.0,28667.823,34742.767,4.599,4.599,4.549,1.907,1.0,THOMSON ROAD,0.0
thomson_road,Thomson Road,2772.0,28668.985,34741.139,4.549,4.549,4.599,2.167,1.0,THOMSON ROAD,0.0
thomson_road,Thomson Road,2774.0,28670.148,34739.512,4.688,4.688,4.642,3.085,1.0,THOMSON ROAD,0.0
thomson_road,Thomson Road,2776.0,28671.31,34737.884,4.642,4.642,4.688,4.746,1.0,THOMSON ROAD,0.0
thomson_road,Thomson Road,2778.0,28672.473,34736.257,4.796,4.796,4.796,4.213,1.0,THOMSON ROAD,0.0
thomson_road,Thomson Road,2780.0,28673.635,34734.629,5.025,5.025,4.979,3.641,1.0,THOMSON ROAD,0.0
thomson_road,Thomson Road,2782.0,28674.798,34733.002,5.021,5.021,4.979,1.008,1.0,THOMSON ROAD,0.0
thomson_road,Thomson Road,2784.0,28675.96,34731.374,4.979,4.979,4.979,-1.278,1.0,THOMSON ROAD,0.0
thomson_road,Thomson Road,2786.0,28677.123,34729.747,4.743,4.743,4.877,-2.216,1.0,THOMSON ROAD,0.0
thomson_road,Thomson Road,2788.0,28678.285,34728.119,4.777,4.777,4.877,-1.278,1.0,THOMSON ROAD,0.0
thomson_road,Thomson Road,2790.0,28679.527,34726.558,4.877,4.877,4.802,0.469,1.0,THOMSON ROAD,0.0
thomson_road,Thomson Road,2792.0,28680.923,34725.126,4.943,4.943,4.877,0.234,1.0,THOMSON ROAD,0.0
thomson_road,Thomson Road,2794.0,28682.32,34723.695,4.802,4.802,4.914,0.0,1.0,THOMSON ROAD,0.0
thomson_road,Thomson Road,2796.0,28683.717,34722.263,5.156,4.914,4.914,-1.043,1.0,THOMSON ROAD,0.0
thomson_road,Thomson Road,2798.0,28685.113,34720.832,5.027,5.027,4.802,-1.512,1.0,THOMSON ROAD,0.0
thomson_road,Thomson Road,2800.0,28686.51,34719.4,4.759,4.759,4.793,-0.682,1.0,THOMSON ROAD,0.0
thomson_road,Thomson Road,2802.0,28687.907,34717.969,4.654,4.654,4.793,0.147,1.0,THOMSON ROAD,0.0
thomson_road,Thomson Road,2804.0,28689.303,34716.537,5.132,4.793,4.793,0.461,1.0,THOMSON ROAD,0.0
thomson_road,Thomson Road,2806.0,28690.7,34715.106,4.932,4.932,4.814,1.086,1.0,THOMSON ROAD,0.0
thomson_road,Thomson Road,2808.0,28692.097,34713.674,4.83,4.83,4.83,0.96,1.0,THOMSON ROAD,0.0
thomson_road,Thomson Road,2810.0,28693.493,34712.243,4.814,4.814,4.88,0.833,1.0,THOMSON ROAD,0.0
thomson_road,Thomson Road,2812.0,28694.89,34710.811,5.141,4.88,4.88,1.458,1.0,THOMSON ROAD,0.0
thomson_road,Thomson Road,2814.0,28696.287,34709.379,4.947,4.947,4.88,1.264,1.0,THOMSON ROAD,0.0
thomson_road,Thomson Road,2816.0,28697.683,34707.948,5.019,5.019,4.947,1.264,1.0,THOMSON ROAD,0.0
thomson_road,Thomson Road,2818.0,28699.08,34706.516,4.861,4.861,4.981,1.264,1.0,THOMSON ROAD,0.0
thomson_road,Thomson Road,2820.0,28700.477,34705.085,4.981,4.981,4.981,0.708,1.0,THOMSON ROAD,0.0
thomson_road,Thomson Road,2822.0,28701.873,34703.653,5.004,5.004,4.981,0.278,1.0,THOMSON ROAD,0.0
thomson_road,Thomson Road,2824.0,28703.27,34702.222,4.915,4.915,5.004,-0.833,1.0,THOMSON ROAD,0.0
thomson_road,Thomson Road,2826.0,28704.667,34700.79,5.138,5.138,5.004,-1.114,1.0,THOMSON ROAD,0.0
thomson_road,Thomson Road,2828.0,28706.063,34699.359,5.103,5.103,4.915,-1.394,1.0,THOMSON ROAD,0.0
thomson_road,Thomson Road,2830.0,28707.46,34697.927,5.257,4.892,4.892,-1.537,1.0,THOMSON ROAD,0.0
thomson_road,Thomson Road,2832.0,28708.857,34696.495,4.681,4.681,4.892,-0.426,1.0,THOMSON ROAD,0.0
thomson_road,Thomson Road,2834.0,28710.253,34695.064,4.659,4.659,4.881,0.231,1.0,THOMSON ROAD,0.0
thomson_road,Thomson Road,2836.0,28711.65,34693.632,4.903,4.903,4.881,0.888,1.0,THOMSON ROAD,0.0
thomson_road,Thomson Road,2838.0,28713.047,34692.201,4.881,4.881,4.903,1.031,1.0,THOMSON ROAD,0.0
thomson_road,Thomson Road,2840.0,28714.443,34690.769,4.963,4.963,4.963,1.031,1.0,THOMSON ROAD,0.0
thomson_road,Thomson Road,2842.0,28715.84,34689.338,5.013,5.013,4.963,0.106,1.0,THOMSON ROAD,0.0
thomson_road,Thomson Road,2844.0,28717.237,34687.906,4.983,4.983,4.963,-0.644,1.0,THOMSON ROAD,0.0
thomson_road,Thomson Road,2846.0,28718.633,34686.475,4.912,4.912,4.912,-0.644,1.0,THOMSON ROAD,0.0
thomson_road,Thomson Road,2848.0,28720.03,34685.043,4.864,4.864,4.912,0.931,1.0,THOMSON ROAD,0.0
thomson_road,Thomson Road,2850.0,28721.427,34683.612,4.81,4.81,4.912,2.506,1.0,THOMSON ROAD,0.0
thomson_road,Thomson Road,2852.0,28722.823,34682.18,4.704,4.961,4.961,,,THOMSON ROAD,0.0
thomson_road,Thomson Road,2854.0,28724.22,34680.749,5.112,5.112,5.112,,,THOMSON ROAD,0.0
thomson_road,Thomson Road,2856.0,28725.595,34679.298,6.122,5.291,5.291,,,THOMSON ROAD,0.0
thomson_road,Thomson Road,2858.0,28726.799,34677.701,5.467,5.471,5.471,,,THOMSON ROAD,0.0
thomson_road,Thomson Road,2860.0,28728.002,34676.104,4.732,5.65,5.65,,,THOMSON ROAD,0.0
thomson_road,Thomson Road,2862.0,28729.205,34674.506,4.443,5.83,5.83,,,THOMSON ROAD,0.0
thomson_road,Thomson Road,2864.0,28730.409,34672.909,5.004,6.009,6.009,,,THOMSON ROAD,0.0
thomson_road,Thomson Road,2866.0,28731.612,34671.311,6.188,6.188,6.038,,,THOMSON ROAD,0.0
thomson_road,Thomson Road,2868.0,28732.816,34669.714,8.413,6.113,6.038,,,THOMSON ROAD,0.0
thomson_road,Thomson Road,2870.0,28734.019,34668.116,8.421,6.038,6.038,,,THOMSON ROAD,0.0
thomson_road,Thomson Road,2872.0,28735.222,34666.519,5.963,5.784,5.784,,,THOMSON ROAD,0.0
thomson_road,Thomson Road,2874.0,28736.426,34664.922,4.239,5.506,5.506,,,THOMSON ROAD,0.0
thomson_road,Thomson Road,2876.0,28737.629,34663.324,4.225,5.229,5.229,,,THOMSON ROAD,0.0
thomson_road,Thomson Road,2878.0,28738.833,34661.727,4.66,4.929,4.929,,,THOMSON ROAD,0.0
thomson_road,Thomson Road,2880.0,28740.036,34660.129,4.629,4.752,4.752,,,THOMSON ROAD,0.0
thomson_road,Thomson Road,2882.0,28741.24,34658.532,4.576,4.576,4.576,,,THOMSON ROAD,0.0
thomson_road,Thomson Road,2884.0,28742.443,34656.934,4.576,4.576,4.576,,,THOMSON ROAD,0.0
thomson_road,Thomson Road,2886.0,28743.646,34655.337,4.538,4.538,4.538,,,THOMSON ROAD,0.0
thomson_road,Thomson Road,2888.0,28744.85,34653.74,4.519,4.519,4.519,-5.052,1.0,THOMSON ROAD,0.0
thomson_road,Thomson Road,2890.0,28746.053,34652.142,4.175,4.346,4.346,-4.941,1.0,THOMSON ROAD,0.0
thomson_road,Thomson Road,2892.0,28747.257,34650.545,4.172,4.172,4.172,-4.706,1.0,THOMSON ROAD,0.0
thomson_road,Thomson Road,2894.0,28748.46,34648.947,4.143,4.143,4.143,,,THOMSON ROAD,0.0
thomson_road,Thomson Road,2896.0,28749.663,34647.35,4.036,4.036,4.143,,,THOMSON ROAD,0.0
thomson_road,Thomson Road,2898.0,28750.867,34645.752,4.129,4.129,4.143,1.433,1.0,THOMSON ROAD,0.0
thomson_road,Thomson Road,2900.0,28752.07,34644.155,3.979,4.224,4.224,1.433,1.0,THOMSON ROAD,0.0
thomson_road,Thomson Road,2902.0,28753.274,34642.558,4.319,4.319,4.258,1.433,1.0,THOMSON ROAD,0.0
thomson_road,Thomson Road,2904.0,28754.477,34640.96,4.258,4.258,4.258,-1.094,1.0,THOMSON ROAD,0.0
thomson_road,Thomson Road,2906.0,28755.681,34639.363,5.885,4.334,4.258,-3.62,1.0,THOMSON ROAD,0.0
thomson_road,Thomson Road,2908.0,28756.884,34637.765,4.41,4.151,4.151,-3.977,1.0,THOMSON ROAD,0.0
thomson_road,Thomson Road,2910.0,28758.087,34636.168,3.968,3.968,3.968,-4.602,1.0,THOMSON ROAD,0.0
thomson_road,Thomson Road,2912.0,28759.291,34634.57,3.939,3.939,3.939,-3.015,1.0,THOMSON ROAD,0.0
thomson_road,Thomson Road,2914.0,28760.494,34632.973,3.889,3.889,3.889,-1.429,1.0,THOMSON ROAD,0.0
thomson_road,Thomson Road,2916.0,28761.698,34631.376,3.822,3.822,3.854,-1.25,1.0,THOMSON ROAD,0.0
thomson_road,Thomson Road,2918.0,28762.901,34629.778,3.839,3.839,3.854,-0.625,1.0,THOMSON ROAD,0.0
thomson_road,Thomson Road,2920.0,28764.104,34628.181,3.854,3.854,3.839,-2.366,1.0,THOMSON ROAD,0.0
thomson_road,Thomson Road,2922.0,28765.308,34626.583,3.889,3.889,3.839,-4.107,1.0,THOMSON ROAD,0.0
thomson_road,Thomson Road,2924.0,28766.511,34624.986,3.839,3.707,3.707,-4.038,1.0,THOMSON ROAD,0.0
thomson_road,Thomson Road,2926.0,28767.715,34623.388,3.525,3.525,3.525,-4.654,1.0,THOMSON ROAD,0.0
thomson_road,Thomson Road,2928.0,28768.918,34621.791,3.516,3.516,3.516,-3.36,1.0,THOMSON ROAD,0.0
thomson_road,Thomson Road,2930.0,28770.122,34620.194,3.467,3.467,3.467,-2.065,1.0,THOMSON ROAD,0.0
thomson_road,Thomson Road,2932.0,28771.325,34618.596,3.396,3.396,3.396,-2.223,1.0,THOMSON ROAD,0.0
thomson_road,Thomson Road,2934.0,28772.528,34616.999,3.36,3.36,3.36,-1.83,1.0,THOMSON ROAD,0.0
thomson_road,Thomson Road,2936.0,28773.732,34615.401,3.338,3.338,3.338,-0.937,1.0,THOMSON ROAD,0.0
thomson_road,Thomson Road,2938.0,28774.935,34613.804,3.321,3.321,3.321,-0.491,1.0,THOMSON ROAD,0.0
thomson_road,Thomson Road,2940.0,28776.139,34612.206,3.288,3.288,3.321,,,THOMSON ROAD,0.0
thomson_road,Thomson Road,2942.0,28777.342,34610.609,3.274,3.274,3.321,,,THOMSON ROAD,0.0
thomson_road,Thomson Road,2944.0,28778.545,34609.012,3.324,3.575,3.575,,,THOMSON ROAD,0.0
thomson_road,Thomson Road,2946.0,28779.749,34607.414,3.381,3.875,3.875,,,THOMSON ROAD,0.0
thomson_road,Thomson Road,2948.0,28780.952,34605.817,3.378,4.191,4.191,,,THOMSON ROAD,0.0
thomson_road,Thomson Road,2950.0,28782.156,34604.219,3.238,4.506,4.506,,,THOMSON ROAD,0.0
thomson_road,Thomson Road,2952.0,28783.359,34602.622,5.228,4.822,4.822,,,THOMSON ROAD,0.0
thomson_road,Thomson Road,2954.0,28784.563,34601.024,5.228,5.137,5.137,,,THOMSON ROAD,0.0
thomson_road,Thomson Road,2956.0,28785.766,34599.427,7.164,5.453,5.453,,,THOMSON ROAD,0.0
thomson_road,Thomson Road,2958.0,28786.969,34597.83,5.934,5.678,5.678,,,THOMSON ROAD,0.0
thomson_road,Thomson Road,2960.0,28788.173,34596.232,5.903,5.903,5.678,,,THOMSON ROAD,0.0
thomson_road,Thomson Road,2962.0,28789.376,34594.635,5.845,5.704,5.678,,,THOMSON ROAD,0.0
thomson_road,Thomson Road,2964.0,28790.58,34593.037,5.725,5.504,5.504,,,THOMSON ROAD,0.0
thomson_road,Thomson Road,2966.0,28791.783,34591.44,5.164,5.338,5.338,,,THOMSON ROAD,0.0
thomson_road,Thomson Road,2968.0,28792.987,34589.842,5.339,5.172,5.172,,,THOMSON ROAD,0.0
thomson_road,Thomson Road,2970.0,28793.931,34588.084,4.745,5.005,5.005,,,THOMSON ROAD,0.0
thomson_road,Thomson Road,2972.0,28794.826,34586.296,4.671,4.904,4.933,,,THOMSON ROAD,0.0
thomson_road,Thomson Road,2974.0,28795.721,34584.507,6.114,4.802,4.933,,,THOMSON ROAD,0.0
thomson_road,Thomson Road,2976.0,28796.616,34582.719,7.228,4.933,4.933,,,THOMSON ROAD,0.0
thomson_road,Thomson Road,2978.0,28797.511,34580.93,4.777,5.064,5.064,,,THOMSON ROAD,0.0
thomson_road,Thomson Road,2980.0,28798.406,34579.141,5.646,5.196,5.196,,,THOMSON ROAD,0.0
thomson_road,Thomson Road,2982.0,28799.301,34577.353,6.58,5.327,5.327,,,THOMSON ROAD,0.0
thomson_road,Thomson Road,2984.0,28800.196,34575.564,5.618,5.458,5.458,,,THOMSON ROAD,0.0
thomson_road,Thomson Road,2986.0,28801.091,34573.776,5.589,5.589,5.589,,,THOMSON ROAD,0.0
thomson_road,Thomson Road,2988.0,28801.986,34571.987,5.611,5.774,5.774,,,THOMSON ROAD,0.0
thomson_road,Thomson Road,2990.0,28802.881,34570.199,5.958,5.958,5.885,3.7,1.0,THOMSON ROAD,0.0
thomson_road,Thomson Road,2992.0,28803.776,34568.41,5.885,5.885,5.885,1.711,1.0,THOMSON ROAD,0.0
thomson_road,Thomson Road,2994.0,28804.671,34566.621,6.013,6.013,5.885,-0.278,1.0,THOMSON ROAD,0.0
thomson_road,Thomson Road,2996.0,28805.566,34564.833,5.841,5.841,5.863,-0.278,1.0,THOMSON ROAD,0.0
thomson_road,Thomson Road,2998.0,28806.461,34563.044,5.838,5.838,5.863,,,THOMSON ROAD,0.0
thomson_road,Thomson Road,3000.0,28807.356,34561.256,5.863,5.863,5.863,,,THOMSON ROAD,0.0
thomson_road,Thomson Road,3002.0,28808.25,34559.467,5.869,6.106,6.106,9.109,2.0,THOMSON ROAD,0.0
thomson_road,Thomson Road,3004.0,28809.145,34557.679,6.597,6.349,6.349,,,THOMSON ROAD,0.0
thomson_road,Thomson Road,3006.0,28810.04,34555.89,6.592,6.592,6.592,,,THOMSON ROAD,0.0
thomson_road,Thomson Road,3008.0,28810.935,34554.101,7.177,6.649,6.649,,,THOMSON ROAD,0.0
thomson_road,Thomson Road,3010.0,28811.83,34552.313,6.877,6.705,6.705,2.969,1.0,THOMSON ROAD,0.0
thomson_road,Thomson Road,3012.0,28812.725,34550.524,6.762,6.762,6.762,,,THOMSON ROAD,0.0
thomson_road,Thomson Road,3014.0,28813.62,34548.736,6.829,6.829,6.829,,,THOMSON ROAD,0.0
thomson_road,Thomson Road,3016.0,28814.515,34546.947,4.935,6.928,6.928,,,THOMSON ROAD,0.0
thomson_road,Thomson Road,3018.0,28815.41,34545.159,6.086,7.026,7.02,,,THOMSON ROAD,0.0
thomson_road,Thomson Road,3020.0,28816.305,34543.37,7.012,7.124,7.02,,,THOMSON ROAD,0.0
thomson_road,Thomson Road,3022.0,28817.2,34541.581,8.81,7.02,7.02,,,THOMSON ROAD,0.0
thomson_road,Thomson Road,3024.0,28818.095,34539.793,8.532,6.915,6.915,,,THOMSON ROAD,0.0
thomson_road,Thomson Road,3026.0,28818.99,34538.004,7.642,6.724,6.724,,,THOMSON ROAD,0.0
thomson_road,Thomson Road,3028.0,28819.885,34536.216,5.784,6.533,6.533,,,THOMSON ROAD,0.0
thomson_road,Thomson Road,3030.0,28820.78,34534.427,5.146,6.342,6.342,,,THOMSON ROAD,0.0
thomson_road,Thomson Road,3032.0,28821.675,34532.638,5.725,6.151,6.342,,,THOMSON ROAD,0.0
thomson_road,Thomson Road,3034.0,28822.57,34530.85,5.799,6.334,6.342,,,THOMSON ROAD,0.0
thomson_road,Thomson Road,3036.0,28823.465,34529.061,6.179,6.517,6.517,,,THOMSON ROAD,0.0
thomson_road,Thomson Road,3038.0,28824.36,34527.273,6.7,6.7,6.7,,,THOMSON ROAD,0.0
thomson_road,Thomson Road,3040.0,28825.255,34525.484,7.631,6.918,6.918,,,THOMSON ROAD,0.0
thomson_road,Thomson Road,3042.0,28826.15,34523.696,6.364,7.137,7.137,,,THOMSON ROAD,0.0
thomson_road,Thomson Road,3044.0,28827.045,34521.907,6.642,7.355,7.201,,,THOMSON ROAD,0.0
thomson_road,Thomson Road,3046.0,28827.94,34520.118,7.574,7.278,7.201,,,THOMSON ROAD,0.0
thomson_road,Thomson Road,3048.0,28828.835,34518.33,6.126,7.201,7.201,,,THOMSON ROAD,0.0
thomson_road,Thomson Road,3050.0,28829.73,34516.541,8.164,6.846,6.846,,,THOMSON ROAD,0.0
thomson_road,Thomson Road,3052.0,28830.625,34514.753,7.974,6.49,6.49,,,THOMSON ROAD,0.0
thomson_road,Thomson Road,3054.0,28831.52,34512.964,6.084,6.135,6.135,,,THOMSON ROAD,0.0
thomson_road,Thomson Road,3056.0,28832.415,34511.176,7.101,,5.779,,,THOMSON ROAD,0.0
thomson_road,Thomson Road,3058.0,28833.31,34509.387,4.959,5.424,5.424,,,THOMSON ROAD,0.0
thomson_road,Thomson Road,3060.0,28834.205,34507.598,5.006,5.068,5.068,,,THOMSON ROAD,0.0
thomson_road,Thomson Road,3062.0,28835.1,34505.81,4.461,4.713,4.713,,,THOMSON ROAD,0.0
thomson_road,Thomson Road,3064.0,28835.995,34504.021,4.689,4.357,4.357,,,THOMSON ROAD,0.0
thomson_road,Thomson Road,3066.0,28836.89,34502.233,4.253,4.253,4.357,,,THOMSON ROAD,0.0
thomson_road,Thomson Road,3068.0,28837.785,34500.444,4.262,4.262,4.262,,,THOMSON ROAD,0.0
thomson_road,Thomson Road,3070.0,28838.68,34498.656,4.472,4.472,4.253,,,THOMSON ROAD,0.0
thomson_road,Thomson Road,3072.0,28839.575,34496.867,4.719,4.217,4.217,-5.967,1.0,THOMSON ROAD,0.0
thomson_road,Thomson Road,3074.0,28840.47,34495.078,4.466,3.961,3.961,-6.371,1.0,THOMSON ROAD,0.0
thomson_road,Thomson Road,3076.0,28841.365,34493.29,3.706,3.706,3.785,,,THOMSON ROAD,0.0
thomson_road,Thomson Road,3078.0,28842.26,34491.501,3.743,3.743,3.743,,,THOMSON ROAD,0.0
thomson_road,Thomson Road,3080.0,28843.155,34489.713,3.785,3.785,3.743,,,THOMSON ROAD,0.0
thomson_road,Thomson Road,3082.0,28844.05,34487.924,3.547,3.547,3.754,2.606,1.0,THOMSON ROAD,0.0
thomson_road,Thomson Road,3084.0,28844.945,34486.136,3.607,3.754,3.785,2.606,1.0,THOMSON ROAD,0.0
thomson_road,Thomson Road,3086.0,28845.84,34484.347,3.962,3.962,3.952,2.469,1.0,THOMSON ROAD,0.0
thomson_road,Thomson Road,3088.0,28846.735,34482.558,4.047,4.047,3.952,,,THOMSON ROAD,0.0
thomson_road,Thomson Road,3090.0,28847.63,34480.77,3.952,3.952,3.952,,,THOMSON ROAD,0.0
thomson_road,Thomson Road,3092.0,28848.525,34478.981,3.952,3.952,3.952,,,THOMSON ROAD,0.0
thomson_road,Thomson Road,3094.0,28849.42,34477.193,4.283,3.943,3.943,-0.225,1.0,THOMSON ROAD,0.0
thomson_road,Thomson Road,3096.0,28850.315,34475.404,3.917,3.934,3.943,-0.337,1.0,THOMSON ROAD,0.0
thomson_road,Thomson Road,3098.0,28851.21,34473.616,3.925,3.925,3.934,,,THOMSON ROAD,0.0
thomson_road,Thomson Road,3100.0,28852.105,34471.827,3.992,3.992,3.925,,,THOMSON ROAD,0.0
thomson_road,Thomson Road,3102.0,28853.0,34470.038,3.858,3.858,3.858,-2.925,1.0,THOMSON ROAD,0.0
thomson_road,Thomson Road,3104.0,28853.895,34468.25,3.792,3.792,3.792,-2.812,1.0,THOMSON ROAD,0.0
thomson_road,Thomson Road,3106.0,28854.79,34466.461,3.7,3.7,3.7,-1.979,1.0,THOMSON ROAD,0.0
thomson_road,Thomson Road,3108.0,28855.685,34464.673,3.625,3.625,3.7,-0.312,1.0,THOMSON ROAD,0.0
thomson_road,Thomson Road,3110.0,28856.596,34462.892,3.642,3.642,3.7,,,THOMSON ROAD,0.0
thomson_road,Thomson Road,3112.0,28857.524,34461.121,3.767,3.767,3.767,,,THOMSON ROAD,0.0
thomson_road,Thomson Road,3114.0,28858.453,34459.349,5.097,3.868,3.868,3.379,1.0,THOMSON ROAD,0.0
thomson_road,Thomson Road,3116.0,28859.381,34457.578,4.116,3.97,3.97,2.546,1.0,THOMSON ROAD,0.0
thomson_road,Thomson Road,3118.0,28860.31,34455.807,4.072,4.072,3.97,,,THOMSON ROAD,0.0
thomson_road,Thomson Road,3120.0,28861.239,34454.035,3.972,3.972,3.97,,,THOMSON ROAD,0.0
thomson_road,Thomson Road,3122.0,28862.167,34452.264,3.766,3.766,3.972,0.101,1.0,THOMSON ROAD,0.0
thomson_road,Thomson Road,3124.0,28863.096,34450.493,3.916,3.916,3.972,0.101,1.0,THOMSON ROAD,0.0
thomson_road,Thomson Road,3126.0,28864.024,34448.721,4.097,4.097,3.978,-0.653,1.0,THOMSON ROAD,0.0
thomson_road,Thomson Road,3128.0,28864.953,34446.95,4.097,4.097,3.978,-1.406,1.0,THOMSON ROAD,0.0
thomson_road,Thomson Road,3130.0,28865.881,34445.179,4.191,3.978,3.978,-4.297,1.0,THOMSON ROAD,0.0
thomson_road,Thomson Road,3132.0,28866.81,34443.407,3.86,3.86,3.86,-4.688,1.0,THOMSON ROAD,0.0
thomson_road,Thomson Road,3134.0,28867.739,34441.636,3.591,3.591,3.635,-3.945,1.0,THOMSON ROAD,0.0
thomson_road,Thomson Road,3136.0,28868.667,34439.864,3.603,3.603,3.603,-3.203,1.0,THOMSON ROAD,0.0
thomson_road,Thomson Road,3138.0,28869.596,34438.093,3.635,3.635,3.591,-0.13,1.0,THOMSON ROAD,0.0
thomson_road,Thomson Road,3140.0,28870.524,34436.322,3.46,3.46,3.603,,,THOMSON ROAD,0.0
thomson_road,Thomson Road,3142.0,28871.453,34434.55,3.435,3.435,3.624,,,THOMSON ROAD,0.0
thomson_road,Thomson Road,3144.0,28872.381,34432.779,3.247,3.624,3.624,5.0,1.0,THOMSON ROAD,0.0
thomson_road,Thomson Road,3146.0,28873.31,34431.007,3.285,3.814,3.814,,,THOMSON ROAD,0.0
thomson_road,Thomson Road,3148.0,28874.238,34429.236,4.003,4.003,4.003,,,THOMSON ROAD,0.0
thomson_road,Thomson Road,3150.0,28875.167,34427.465,4.603,4.272,4.272,,,THOMSON ROAD,0.0
thomson_road,Thomson Road,3152.0,28876.095,34425.693,4.541,4.541,4.541,,,THOMSON ROAD,0.0
thomson_road,Thomson Road,3154.0,28877.024,34423.922,4.135,4.676,4.676,,,THOMSON ROAD,0.0
thomson_road,Thomson Road,3156.0,28877.952,34422.15,4.206,4.812,4.812,4.388,1.0,THOMSON ROAD,0.0
thomson_road,Thomson Road,3158.0,28878.881,34420.379,4.947,4.947,4.892,,,THOMSON ROAD,0.0
thomson_road,Thomson Road,3160.0,28879.81,34418.608,5.106,5.106,4.892,,,THOMSON ROAD,0.0
thomson_road,Thomson Road,3162.0,28880.738,34416.836,4.226,4.892,4.892,,,THOMSON ROAD,0.0
thomson_road,Thomson Road,3164.0,28881.667,34415.065,5.666,4.678,4.678,,,THOMSON ROAD,0.0
thomson_road,Thomson Road,3166.0,28882.595,34413.294,5.721,4.464,4.464,,,THOMSON ROAD,0.0
thomson_road,Thomson Road,3168.0,28883.524,34411.522,4.836,4.251,4.251,,,THOMSON ROAD,0.0
thomson_road,Thomson Road,3170.0,28884.452,34409.751,4.361,4.037,4.037,,,THOMSON ROAD,0.0
thomson_road,Thomson Road,3172.0,28885.381,34407.979,3.996,3.823,3.823,,,THOMSON ROAD,0.0
thomson_road,Thomson Road,3174.0,28886.309,34406.208,3.61,3.61,3.61,,,THOMSON ROAD,0.0
thomson_road,Thomson Road,3176.0,28887.238,34404.437,3.577,3.577,3.61,,,THOMSON ROAD,0.0
thomson_road,Thomson Road,3178.0,28888.166,34402.665,3.597,3.597,3.61,1.91,1.0,THOMSON ROAD,0.0
thomson_road,Thomson Road,3180.0,28889.095,34400.894,3.712,3.712,3.712,4.004,1.0,THOMSON ROAD,0.0
thomson_road,Thomson Road,3182.0,28890.024,34399.123,3.762,3.762,3.762,6.098,1.0,THOMSON ROAD,0.0
thomson_road,Thomson Road,3184.0,28890.952,34397.351,4.082,3.93,3.93,4.813,1.0,THOMSON ROAD,0.0
thomson_road,Thomson Road,3186.0,28891.881,34395.58,4.097,4.097,4.097,4.5,1.0,THOMSON ROAD,0.0
thomson_road,Thomson Road,3188.0,28892.809,34393.808,4.137,4.137,4.097,2.406,1.0,THOMSON ROAD,0.0
thomson_road,Thomson Road,3190.0,28893.738,34392.037,4.122,4.122,4.122,0.312,1.0,THOMSON ROAD,0.0
thomson_road,Thomson Road,3192.0,28894.666,34390.266,4.087,4.087,4.122,0.312,1.0,THOMSON ROAD,0.0
thomson_road,Thomson Road,3194.0,28895.595,34388.494,4.122,4.122,4.122,1.188,1.0,THOMSON ROAD,0.0
thomson_road,Thomson Road,3196.0,28896.523,34386.723,4.112,4.112,4.122,1.563,1.0,THOMSON ROAD,0.0
thomson_road,Thomson Road,3198.0,28897.452,34384.951,4.217,4.217,4.217,3.5,1.0,THOMSON ROAD,0.0
thomson_road,Thomson Road,3200.0,28898.381,34383.18,4.247,4.247,4.247,3.875,1.0,THOMSON ROAD,0.0
thomson_road,Thomson Road,3202.0,28899.309,34381.409,4.402,4.402,4.402,5.813,1.0,THOMSON ROAD,0.0
thomson_road,Thomson Road,3204.0,28900.238,34379.637,4.432,4.432,4.432,,,THOMSON ROAD,0.0
thomson_road,Thomson Road,3206.0,28901.166,34377.866,4.682,4.682,4.682,,,THOMSON ROAD,0.0
thomson_road,Thomson Road,3208.0,28902.095,34376.095,5.146,4.969,4.969,,,THOMSON ROAD,0.0
thomson_road,Thomson Road,3210.0,28903.023,34374.323,4.829,5.255,5.255,14.317,2.0,THOMSON ROAD,0.0
thomson_road,Thomson Road,3212.0,28903.952,34372.552,5.09,5.541,5.541,,,THOMSON ROAD,0.0
thomson_road,Thomson Road,3214.0,28904.88,34370.78,5.828,5.828,5.828,,,THOMSON ROAD,0.0
thomson_road,Thomson Road,3216.0,28905.809,34369.009,6.052,6.052,6.052,,,THOMSON ROAD,0.0
thomson_road,Thomson Road,3218.0,28906.738,34367.238,6.444,6.143,6.076,,,THOMSON ROAD,0.0
thomson_road,Thomson Road,3220.0,28907.666,34365.466,6.234,6.234,6.076,,,THOMSON ROAD,0.0
thomson_road,Thomson Road,3222.0,28908.595,34363.695,6.597,6.076,6.076,,,THOMSON ROAD,0.0
thomson_road,Thomson Road,3224.0,28909.523,34361.924,5.545,5.917,5.917,-7.575,1.0,THOMSON ROAD,0.0
thomson_road,Thomson Road,3226.0,28910.452,34360.152,5.758,5.758,5.758,,,THOMSON ROAD,0.0
thomson_road,Thomson Road,3228.0,28911.38,34358.381,5.47,5.47,5.47,,,THOMSON ROAD,0.0
thomson_road,Thomson Road,3230.0,28912.309,34356.609,5.283,5.283,5.302,,,THOMSON ROAD,0.0
thomson_road,Thomson Road,3232.0,28913.237,34354.838,5.236,5.236,5.302,,,THOMSON ROAD,0.0
thomson_road,Thomson Road,3234.0,28914.165,34353.066,4.932,5.302,5.302,,,THOMSON ROAD,0.0
thomson_road,Thomson Road,3236.0,28915.094,34351.295,5.037,5.368,5.368,,,THOMSON ROAD,0.0
thomson_road,Thomson Road,3238.0,28916.022,34349.524,5.434,5.597,5.597,,,THOMSON ROAD,0.0
thomson_road,Thomson Road,3240.0,28916.951,34347.752,5.132,5.826,5.597,,,THOMSON ROAD,0.0
thomson_road,Thomson Road,3242.0,28917.88,34345.981,6.414,5.663,5.597,,,THOMSON ROAD,0.0
thomson_road,Thomson Road,3244.0,28918.808,34344.209,6.61,5.5,5.5,,,THOMSON ROAD,0.0
thomson_road,Thomson Road,3246.0,28919.737,34342.438,6.474,5.336,5.336,,,THOMSON ROAD,0.0
thomson_road,Thomson Road,3248.0,28920.665,34340.667,6.555,5.173,5.173,,,THOMSON ROAD,0.0
thomson_road,Thomson Road,3250.0,28921.594,34338.895,5.01,5.01,5.01,,,THOMSON ROAD,0.0
thomson_road,Thomson Road,3252.0,28922.523,34337.124,4.94,4.94,4.94,,,THOMSON ROAD,0.0
thomson_road,Thomson Road,3254.0,28923.451,34335.353,4.788,4.788,4.788,-6.07,1.0,THOMSON ROAD,0.0
thomson_road,Thomson Road,3256.0,28924.38,34333.581,4.634,4.634,4.634,-5.195,1.0,THOMSON ROAD,0.0
thomson_road,Thomson Road,3258.0,28925.308,34331.81,4.524,4.524,4.524,-3.956,1.0,THOMSON ROAD,0.0
thomson_road,Thomson Road,3260.0,28926.237,34330.039,4.435,4.435,4.524,-2.493,1.0,THOMSON ROAD,0.0
thomson_road,Thomson Road,3262.0,28927.166,34328.267,4.399,4.399,4.472,-1.21,1.0,THOMSON ROAD,0.0
thomson_road,Thomson Road,3264.0,28928.094,34326.496,4.539,4.539,4.435,-0.652,1.0,THOMSON ROAD,0.0
thomson_road,Thomson Road,3266.0,28929.023,34324.724,4.472,4.472,4.427,0.0,1.0,THOMSON ROAD,0.0
thomson_road,Thomson Road,3268.0,28929.951,34322.953,4.427,4.427,4.472,-0.418,1.0,THOMSON ROAD,0.0
thomson_road,Thomson Road,3270.0,28930.88,34321.182,4.333,4.333,4.472,-0.837,1.0,THOMSON ROAD,0.0
thomson_road,Thomson Road,3272.0,28931.809,34319.41,4.794,4.475,4.427,-2.43,1.0,THOMSON ROAD,0.0
thomson_road,Thomson Road,3274.0,28932.737,34317.639,4.617,4.617,4.36,-4.024,1.0,THOMSON ROAD,0.0
thomson_road,Thomson Road,3276.0,28933.666,34315.868,4.49,4.36,4.36,-3.373,1.0,THOMSON ROAD,0.0
thomson_road,Thomson Road,3278.0,28934.594,34314.096,4.103,4.103,4.15,-2.723,1.0,THOMSON ROAD,0.0
thomson_road,Thomson Road,3280.0,28935.523,34312.325,4.15,4.15,4.142,-1.404,1.0,THOMSON ROAD,0.0
thomson_road,Thomson Road,3282.0,28936.451,34310.554,4.142,4.142,4.142,-0.084,1.0,THOMSON ROAD,0.0
thomson_road,Thomson Road,3284.0,28937.38,34308.782,4.097,4.097,4.143,1.635,1.0,THOMSON ROAD,0.0
thomson_road,Thomson Road,3286.0,28938.309,34307.011,4.273,4.273,4.143,2.179,1.0,THOMSON ROAD,0.0
thomson_road,Thomson Road,3288.0,28939.237,34305.24,4.143,4.143,4.273,2.765,1.0,THOMSON ROAD,0.0
thomson_road,Thomson Road,3290.0,28940.166,34303.468,4.396,4.396,4.317,2.765,1.0,THOMSON ROAD,0.0
thomson_road,Thomson Road,3292.0,28941.094,34301.697,4.317,4.317,4.364,0.544,1.0,THOMSON ROAD,0.0
thomson_road,Thomson Road,3294.0,28942.022,34299.925,4.364,4.364,4.364,-1.003,1.0,THOMSON ROAD,0.0
thomson_road,Thomson Road,3296.0,28942.951,34298.154,4.396,4.396,4.317,-2.533,1.0,THOMSON ROAD,0.0
thomson_road,Thomson Road,3298.0,28943.879,34296.382,4.236,4.236,4.236,-4.062,1.0,THOMSON ROAD,0.0
thomson_road,Thomson Road,3300.0,28944.807,34294.61,3.906,4.121,4.121,-3.466,1.0,THOMSON ROAD,0.0
thomson_road,Thomson Road,3302.0,28945.735,34292.839,4.006,4.006,4.039,-2.463,1.0,THOMSON ROAD,0.0
thomson_road,Thomson Road,3304.0,28946.565,34291.022,3.931,3.931,4.039,-0.294,1.0,THOMSON ROAD,0.0
thomson_road,Thomson Road,3306.0,28947.299,34289.162,4.039,4.039,4.039,1.875,1.0,THOMSON ROAD,0.0
thomson_road,Thomson Road,3308.0,28948.034,34287.302,4.158,4.158,4.158,3.029,1.0,THOMSON ROAD,0.0
thomson_road,Thomson Road,3310.0,28948.769,34285.442,4.189,4.189,4.189,3.548,1.0,THOMSON ROAD,0.0
thomson_road,Thomson Road,3312.0,28949.503,34283.581,4.282,4.282,4.282,2.617,1.0,THOMSON ROAD,0.0
thomson_road,Thomson Road,3314.0,28950.238,34281.721,4.375,4.375,4.323,2.318,1.0,THOMSON ROAD,0.0
thomson_road,Thomson Road,3316.0,28950.972,34279.861,4.367,4.367,4.367,1.43,1.0,THOMSON ROAD,0.0
thomson_road,Thomson Road,3318.0,28951.707,34278.001,4.323,4.323,4.375,0.911,1.0,THOMSON ROAD,0.0
thomson_road,Thomson Road,3320.0,28952.442,34276.141,4.396,4.396,4.396,0.807,1.0,THOMSON ROAD,0.0
thomson_road,Thomson Road,3322.0,28953.176,34274.28,4.432,4.432,4.396,1.1,1.0,THOMSON ROAD,0.0
thomson_road,Thomson Road,3324.0,28953.911,34272.42,4.463,4.463,4.432,3.439,1.0,THOMSON ROAD,0.0
thomson_road,Thomson Road,3326.0,28954.645,34270.56,4.392,4.392,4.463,3.93,1.0,THOMSON ROAD,0.0
thomson_road,Thomson Road,3328.0,28955.38,34268.7,4.671,4.671,4.671,4.041,1.0,THOMSON ROAD,0.0
thomson_road,Thomson Road,3330.0,28956.115,34266.84,4.711,4.711,4.711,4.144,1.0,THOMSON ROAD,0.0
thomson_road,Thomson Road,3332.0,28956.849,34264.979,4.794,4.794,4.755,1.871,1.0,THOMSON ROAD,0.0
thomson_road,Thomson Road,3334.0,28957.584,34263.119,4.821,4.821,4.794,1.871,1.0,THOMSON ROAD,0.0
thomson_road,Thomson Road,3336.0,28958.319,34261.259,4.755,4.755,4.821,3.393,1.0,THOMSON ROAD,0.0
thomson_road,Thomson Road,3338.0,28959.053,34259.399,4.86,4.86,4.86,3.123,1.0,THOMSON ROAD,0.0
thomson_road,Thomson Road,3340.0,28959.654,34257.507,5.026,5.026,5.026,2.812,1.0,THOMSON ROAD,0.0
thomson_road,Thomson Road,3342.0,28959.826,34255.515,5.166,5.166,5.044,2.586,1.0,THOMSON ROAD,0.0
thomson_road,Thomson Road,3344.0,28959.999,34253.522,5.046,5.046,5.046,0.51,1.0,THOMSON ROAD,0.0
thomson_road,Thomson Road,3346.0,28960.171,34251.529,5.044,5.044,5.067,1.328,1.0,THOMSON ROAD,0.0
thomson_road,Thomson Road,3348.0,28960.343,34249.537,5.067,5.067,5.067,3.814,1.0,THOMSON ROAD,0.0
thomson_road,Thomson Road,3350.0,28960.515,34247.544,5.15,5.15,5.15,3.549,1.0,THOMSON ROAD,0.0
thomson_road,Thomson Road,3352.0,28960.687,34245.552,5.446,5.446,5.351,3.549,1.0,THOMSON ROAD,0.0
thomson_road,Thomson Road,3354.0,28960.859,34243.559,5.441,5.441,5.351,1.548,1.0,THOMSON ROAD,0.0
thomson_road,Thomson Road,3356.0,28961.032,34241.567,5.351,5.351,5.351,,,THOMSON ROAD,0.0
thomson_road,Thomson Road,3358.0,28961.204,34239.574,5.194,5.194,5.274,,,THOMSON ROAD,0.0
thomson_road,Thomson Road,3360.0,28961.376,34237.581,5.274,5.274,5.194,,,THOMSON ROAD,0.0
thomson_road,Thomson Road,3362.0,28961.548,34235.589,5.024,5.024,5.024,,,THOMSON ROAD,0.0
thomson_road,Thomson Road,3364.0,28961.72,34233.596,4.972,4.972,4.972,,,THOMSON ROAD,0.0
thomson_road,Thomson Road,3366.0,28961.892,34231.604,4.841,4.841,4.841,,,THOMSON ROAD,0.0
thomson_road,Thomson Road,3368.0,28962.065,34229.611,4.616,4.616,4.616,,,THOMSON ROAD,0.0
thomson_road,Thomson Road,3370.0,28962.237,34227.618,4.573,4.573,4.616,,,THOMSON ROAD,0.0
thomson_road,Thomson Road,3372.0,28962.409,34225.626,4.53,4.53,4.616,2.131,1.0,THOMSON ROAD,0.0
thomson_road,Thomson Road,3374.0,28962.581,34223.633,4.65,4.65,4.65,2.381,1.0,THOMSON ROAD,0.0
thomson_road,Thomson Road,3376.0,28962.753,34221.641,4.787,4.787,4.787,,,THOMSON ROAD,0.0
thomson_road,Thomson Road,3378.0,28962.926,34219.648,4.807,4.807,4.807,,,THOMSON ROAD,0.0
thomson_road,Thomson Road,3380.0,28963.085,34217.655,4.899,5.077,5.077,10.4,2.0,THOMSON ROAD,0.0
thomson_road,Thomson Road,3382.0,28963.2,34215.658,5.317,5.348,5.348,10.957,2.0,THOMSON ROAD,0.0
thomson_road,Thomson Road,3384.0,28963.314,34213.661,5.619,5.619,5.619,,,THOMSON ROAD,0.0
thomson_road,Thomson Road,3386.0,28963.429,34211.665,5.683,5.683,5.683,,,THOMSON ROAD,0.0
thomson_road,Thomson Road,3388.0,28963.544,34209.668,8.021,5.891,5.891,7.294,1.0,THOMSON ROAD,0.0
thomson_road,Thomson Road,3390.0,28963.659,34207.671,8.246,6.098,6.098,5.592,1.0,THOMSON ROAD,0.0
thomson_road,Thomson Road,3392.0,28963.774,34205.674,8.181,6.306,6.202,3.891,1.0,THOMSON ROAD,0.0
thomson_road,Thomson Road,3394.0,28963.808,34203.675,6.514,6.254,6.202,,,THOMSON ROAD,0.0
thomson_road,Thomson Road,3396.0,28963.819,34201.675,6.202,6.202,6.202,,,THOMSON ROAD,0.0
thomson_road,Thomson Road,3398.0,28963.831,34199.675,6.539,6.113,6.113,,,THOMSON ROAD,0.0
thomson_road,Thomson Road,3400.0,28963.842,34197.675,6.387,6.023,6.023,-4.265,1.0,THOMSON ROAD,0.0
thomson_road,Thomson Road,3402.0,28963.854,34195.675,5.934,5.934,5.934,,,THOMSON ROAD,0.0
thomson_road,Thomson Road,3404.0,28963.865,34193.675,5.678,5.678,5.861,,,THOMSON ROAD,0.0
thomson_road,Thomson Road,3406.0,28963.877,34191.675,5.861,5.861,5.678,-3.223,1.0,THOMSON ROAD,0.0
thomson_road,Thomson Road,3408.0,28963.888,34189.675,5.634,5.634,5.678,-2.311,1.0,THOMSON ROAD,0.0
thomson_road,Thomson Road,3410.0,28963.9,34187.675,5.565,5.565,5.676,0.072,1.0,THOMSON ROAD,0.0
thomson_road,Thomson Road,3412.0,28963.911,34185.676,5.684,5.684,5.676,1.849,1.0,THOMSON ROAD,0.0
thomson_road,Thomson Road,3414.0,28963.923,34183.676,5.676,5.676,5.684,3.08,1.0,THOMSON ROAD,0.0
thomson_road,Thomson Road,3416.0,28963.934,34181.676,5.826,5.826,5.826,4.311,1.0,THOMSON ROAD,0.0
thomson_road,Thomson Road,3418.0,28963.946,34179.676,6.185,5.923,5.923,,,THOMSON ROAD,0.0
thomson_road,Thomson Road,3420.0,28963.957,34177.676,6.021,6.021,6.021,,,THOMSON ROAD,0.0
thomson_road,Thomson Road,3422.0,28963.925,34175.677,6.1,6.306,6.306,,,THOMSON ROAD,0.0
thomson_road,Thomson Road,3424.0,28963.801,34173.681,5.855,6.591,6.591,,,THOMSON ROAD,0.0
thomson_road,Thomson Road,3426.0,28963.678,34171.685,6.293,6.876,6.876,,,THOMSON ROAD,0.0
thomson_road,Thomson Road,3428.0,28963.554,34169.688,7.729,7.16,7.16,,,THOMSON ROAD,0.0
thomson_road,Thomson Road,3430.0,28963.431,34167.692,8.227,7.196,7.16,,,THOMSON ROAD,0.0
thomson_road,Thomson Road,3432.0,28963.307,34165.696,8.067,7.231,7.16,,,THOMSON ROAD,0.0
thomson_road,Thomson Road,3434.0,28963.184,34163.7,8.344,6.947,6.947,,,THOMSON ROAD,0.0
thomson_road,Thomson Road,3436.0,28963.06,34161.704,7.242,6.664,6.664,,,THOMSON ROAD,0.0
thomson_road,Thomson Road,3438.0,28962.879,34159.713,5.985,6.381,6.381,,,THOMSON ROAD,0.0
thomson_road,Thomson Road,3440.0,28962.601,34157.733,6.098,6.098,6.098,,,THOMSON ROAD,0.0
thomson_road,Thomson Road,3442.0,28962.323,34155.752,6.711,6.055,6.055,,,THOMSON ROAD,0.0
thomson_road,Thomson Road,3444.0,28962.044,34153.772,6.053,5.851,5.851,,,THOMSON ROAD,0.0
thomson_road,Thomson Road,3446.0,28961.766,34151.791,5.969,5.646,5.646,,,THOMSON ROAD,0.0
thomson_road,Thomson Road,3448.0,28961.488,34149.811,5.975,5.402,5.402,,,THOMSON ROAD,0.0
thomson_road,Thomson Road,3450.0,28961.209,34147.83,4.914,5.158,5.158,,,THOMSON ROAD,0.0
thomson_road,Thomson Road,3452.0,28960.931,34145.849,4.914,4.914,4.914,,,THOMSON ROAD,0.0
thomson_road,Thomson Road,3454.0,28960.653,34143.869,4.897,4.897,4.897,,,THOMSON ROAD,0.0
thomson_road,Thomson Road,3456.0,28959.151,34143.246,4.889,4.889,4.897,0.214,1.0,THOMSON ROAD,0.0
thomson_road,Thomson Road,3458.0,28957.152,34143.174,4.847,4.847,4.897,0.422,1.0,THOMSON ROAD,0.0
thomson_road,Thomson Road,3460.0,28955.153,34143.102,4.972,4.972,4.931,0.193,1.0,THOMSON ROAD,0.0
thomson_road,Thomson Road,3462.0,28953.155,34143.03,5.107,5.107,4.931,-0.035,1.0,THOMSON ROAD,0.0
thomson_road,Thomson Road,3464.0,28951.156,34142.958,5.123,4.931,4.931,-0.458,1.0,THOMSON ROAD,0.0
thomson_road,Thomson Road,3466.0,28949.157,34142.886,4.755,4.755,4.894,-0.458,1.0,THOMSON ROAD,0.0
thomson_road,Thomson Road,3468.0,28947.159,34142.814,4.805,4.805,4.894,0.813,1.0,THOMSON ROAD,0.0
thomson_road,Thomson Road,3470.0,28945.16,34142.743,4.894,4.894,4.894,2.083,1.0,THOMSON ROAD,0.0
thomson_road,Thomson Road,3472.0,28943.161,34142.671,4.969,4.969,4.969,3.958,1.0,THOMSON ROAD,0.0
thomson_road,Thomson Road,3474.0,28941.163,34142.599,5.061,5.061,5.061,6.354,1.0,THOMSON ROAD,0.0
thomson_road,Thomson Road,3476.0,28939.164,34142.527,5.211,5.211,5.211,7.708,1.0,THOMSON ROAD,0.0
thomson_road,Thomson Road,3478.0,28937.165,34142.455,5.403,5.403,5.403,8.854,2.0,THOMSON ROAD,0.0
thomson_road,Thomson Road,3480.0,28935.166,34142.383,5.586,5.586,5.586,8.958,2.0,THOMSON ROAD,0.0
thomson_road,Thomson Road,3482.0,28933.168,34142.311,5.769,5.769,5.769,8.854,2.0,THOMSON ROAD,0.0
thomson_road,Thomson Road,3484.0,28931.169,34142.239,5.928,5.928,5.928,9.062,2.0,THOMSON ROAD,0.0
thomson_road,Thomson Road,3486.0,28929.17,34142.167,6.111,6.111,6.111,9.271,2.0,THOMSON ROAD,0.0
thomson_road,Thomson Road,3488.0,28927.172,34142.095,6.436,6.311,6.311,9.531,2.0,THOMSON ROAD,0.0
thomson_road,Thomson Road,3490.0,28925.173,34142.023,6.511,6.511,6.511,9.896,2.0,THOMSON ROAD,0.0
thomson_road,Thomson Road,3492.0,28923.174,34141.952,6.69,6.69,6.69,9.479,2.0,THOMSON ROAD,0.0
thomson_road,Thomson Road,3494.0,28921.175,34141.88,6.903,6.903,6.903,9.062,2.0,THOMSON ROAD,0.0
thomson_road,Thomson Road,3496.0,28919.177,34141.808,7.061,7.061,7.061,8.854,2.0,THOMSON ROAD,0.0
thomson_road,Thomson Road,3498.0,28917.178,34141.736,7.236,7.236,7.236,8.49,1.0,THOMSON ROAD,0.0
thomson_road,Thomson Road,3500.0,28915.179,34141.664,7.398,7.398,7.398,,,THOMSON ROAD,0.0
thomson_road,Thomson Road,3502.0,28913.181,34141.592,7.582,7.582,7.582,,,THOMSON ROAD,0.0
thomson_road,Thomson Road,3504.0,28911.182,34141.52,8.294,8.002,8.002,,,THOMSON ROAD,0.0
thomson_road,Thomson Road,3506.0,28909.183,34141.448,7.978,8.422,8.422,,,THOMSON ROAD,0.0
thomson_road,Thomson Road,3508.0,28907.185,34141.376,8.067,9.12,9.12,,,THOMSON ROAD,0.0
thomson_road,Thomson Road,3510.0,28905.186,34141.304,9.089,9.818,9.818,,,THOMSON ROAD,0.0
thomson_road,Thomson Road,3512.0,28903.187,34141.233,9.307,10.516,10.516,,,THOMSON ROAD,0.0
thomson_road,Thomson Road,3514.0,28901.188,34141.161,11.887,11.215,11.215,,,THOMSON ROAD,0.0
thomson_road,Thomson Road,3516.0,28899.19,34141.089,12.706,11.964,11.964,,,THOMSON ROAD,0.0
thomson_road,Thomson Road,3518.0,28897.191,34141.017,14.253,12.714,12.714,,,THOMSON ROAD,0.0
thomson_road,Thomson Road,3520.0,28895.192,34140.945,14.335,13.463,13.463,,,THOMSON ROAD,0.0
thomson_road,Thomson Road,3522.0,28893.194,34140.873,13.298,,14.212,,,THOMSON ROAD,0.0
thomson_road,Thomson Road,3524.0,28891.195,34140.801,16.703,14.962,14.962,,,THOMSON ROAD,0.0
thomson_road,Thomson Road,3526.0,28889.196,34140.729,16.819,15.711,15.711,,,THOMSON ROAD,0.0
thomson_road,Thomson Road,3528.0,28887.197,34140.657,16.496,16.461,16.461,,,THOMSON ROAD,0.0
thomson_road,Thomson Road,3530.0,28885.199,34140.585,17.289,17.21,17.21,,,THOMSON ROAD,0.0
thomson_road,Thomson Road,3532.0,28883.2,34140.514,20.357,17.406,17.21,,,THOMSON ROAD,0.0
thomson_road,Thomson Road,3534.0,28881.201,34140.442,19.143,17.269,17.21,,,THOMSON ROAD,0.0
thomson_road,Thomson Road,3536.0,28879.203,34140.37,17.639,16.993,16.993,,,THOMSON ROAD,0.0
thomson_road,Thomson Road,3538.0,28877.204,34140.298,16.314,16.716,16.716,,,THOMSON ROAD,0.0
thomson_road,Thomson Road,3540.0,28875.205,34140.226,12.062,16.439,16.439,,,THOMSON ROAD,0.0
thomson_road,Thomson Road,3542.0,28873.206,34140.154,12.1,16.144,16.144,,,THOMSON ROAD,0.0
thomson_road,Thomson Road,3544.0,28871.208,34140.082,12.437,15.848,15.848,,,THOMSON ROAD,0.0
thomson_road,Thomson Road,3546.0,28869.209,34140.01,13.162,15.552,15.552,,,THOMSON ROAD,0.0
thomson_road,Thomson Road,3548.0,28867.21,34139.938,13.387,15.256,15.256,,,THOMSON ROAD,0.0
thomson_road,Thomson Road,3550.0,28865.212,34139.866,13.25,14.96,14.96,,,THOMSON ROAD,0.0
thomson_road,Thomson Road,3552.0,28863.213,34139.795,13.462,14.664,14.888,,,THOMSON ROAD,0.0
thomson_road,Thomson Road,3554.0,28861.214,34139.723,24.575,14.623,14.888,,,THOMSON ROAD,0.0
thomson_road,Thomson Road,3556.0,28859.216,34139.651,24.614,14.888,14.888,,,THOMSON ROAD,0.0
thomson_road,Thomson Road,3558.0,28857.217,34139.579,25.5,15.153,15.153,,,THOMSON ROAD,0.0
thomson_road,Thomson Road,3560.0,28855.218,34139.507,24.087,15.417,15.417,,,THOMSON ROAD,0.0
thomson_road,Thomson Road,3562.0,28853.219,34139.435,22.174,15.682,15.682,,,THOMSON ROAD,0.0
thomson_road,Thomson Road,3564.0,28851.221,34139.363,19.294,15.947,15.947,,,THOMSON ROAD,0.0
thomson_road,Thomson Road,3566.0,28849.222,34139.291,19.144,16.211,16.211,,,THOMSON ROAD,0.0
thomson_road,Thomson Road,3568.0,28847.223,34139.219,19.136,16.476,16.476,,,THOMSON ROAD,0.0
thomson_road,Thomson Road,3570.0,28845.225,34139.147,14.759,16.741,16.545,,,THOMSON ROAD,0.0
thomson_road,Thomson Road,3572.0,28843.226,34139.076,14.984,16.802,16.545,,,THOMSON ROAD,0.0
thomson_road,Thomson Road,3574.0,28841.227,34139.004,16.225,16.545,16.545,,,THOMSON ROAD,0.0
thomson_road,Thomson Road,3576.0,28839.228,34138.932,16.287,16.287,16.545,,,THOMSON ROAD,0.0
thomson_road,Thomson Road,3578.0,28837.23,34138.86,16.4,16.4,16.545,,,THOMSON ROAD,0.0
thomson_road,Thomson Road,3580.0,28836.577,34137.872,16.562,16.683,16.683,,,THOMSON ROAD,0.963
thomson_road,Thomson Road,3582.0,28837.245,34135.987,16.15,16.966,16.966,,,THOMSON ROAD,2.871
thomson_road,Thomson Road,3584.0,28837.913,34134.102,16.35,18.408,18.408,,,THOMSON ROAD,4.78
thomson_road,Thomson Road,3586.0,28838.58,34132.216,16.262,19.851,19.851,,,THOMSON ROAD,6.688
thomson_road,Thomson Road,3588.0,28839.248,34130.331,16.362,21.293,21.293,,,THOMSON ROAD,8.596
thomson_road,Thomson Road,3590.0,28839.915,34128.446,25.941,,22.736,,,THOMSON ROAD,10.504
thomson_road,Thomson Road,3592.0,28840.583,34126.561,29.574,,24.179,,,THOMSON ROAD,12.412
thomson_road,Thomson Road,3594.0,28841.251,34124.675,30.42,25.621,25.621,,,THOMSON ROAD,14.32
thomson_road,Thomson Road,3596.0,28841.918,34122.79,30.42,27.064,27.064,,,THOMSON ROAD,16.228
thomson_road,Thomson Road,3598.0,28842.586,34120.905,30.42,28.506,28.506,,,THOMSON ROAD,18.136
thomson_road,Thomson Road,3600.0,28843.253,34119.019,29.949,29.949,29.949,,,THOMSON ROAD,20.044
thomson_road,Thomson Road,3602.0,28843.921,34117.134,30.044,30.044,30.044,,,THOMSON ROAD,21.952
thomson_road,Thomson Road,3604.0,28844.589,34115.249,29.553,30.318,30.318,,,THOMSON ROAD,23.86
thomson_road,Thomson Road,3606.0,28845.256,34113.364,27.547,30.591,30.591,,,THOMSON ROAD,25.768
thomson_road,Thomson Road,3608.0,28845.924,34111.478,27.333,30.865,30.865,,,THOMSON ROAD,27.676
thomson_road,Thomson Road,3610.0,28846.591,34109.593,26.498,31.138,31.12,,,THOMSON ROAD,29.584
thomson_road,Thomson Road,3612.0,28847.259,34107.708,31.158,31.412,31.12,,,THOMSON ROAD,31.492
thomson_road,Thomson Road,3614.0,28847.927,34105.823,32.144,31.12,31.12,,,THOMSON ROAD,33.401
thomson_road,Thomson Road,3616.0,28848.594,34103.937,33.507,30.829,30.829,,,THOMSON ROAD,35.309
thomson_road,Thomson Road,3618.0,28849.262,34102.052,31.773,30.231,30.231,,,THOMSON ROAD,37.217
thomson_road,Thomson Road,3620.0,28849.93,34100.167,31.553,29.633,29.633,,,THOMSON ROAD,39.125
thomson_road,Thomson Road,3622.0,28850.597,34098.281,29.697,29.035,29.035,,,THOMSON ROAD,41.033
thomson_road,Thomson Road,3624.0,28851.265,34096.396,29.95,28.436,28.436,,,THOMSON ROAD,42.941
thomson_road,Thomson Road,3626.0,28851.932,34094.511,22.649,27.838,27.838,,,THOMSON ROAD,44.849
thomson_road,Thomson Road,3628.0,28852.6,34092.626,22.682,27.24,27.24,,,THOMSON ROAD,46.197
thomson_road,Thomson Road,3630.0,28853.268,34090.74,23.243,26.642,26.642,,,THOMSON ROAD,44.197
thomson_road,Thomson Road,3632.0,28853.935,34088.855,25.626,26.012,26.012,,,THOMSON ROAD,42.197
thomson_road,Thomson Road,3634.0,28854.603,34086.97,25.736,25.382,25.382,,,THOMSON ROAD,40.197
thomson_road,Thomson Road,3636.0,28855.27,34085.084,24.901,24.751,24.751,,,THOMSON ROAD,38.197
thomson_road,Thomson Road,3638.0,28855.938,34083.199,25.628,24.121,24.121,,,THOMSON ROAD,36.197
thomson_road,Thomson Road,3640.0,28856.606,34081.314,25.523,,23.491,,,THOMSON ROAD,34.197
thomson_road,Thomson Road,3642.0,28857.273,34079.429,22.458,,22.86,,,THOMSON ROAD,32.197
thomson_road,Thomson Road,3644.0,28857.941,34077.543,10.659,,22.23,,,THOMSON ROAD,30.197
thomson_road,Thomson Road,3646.0,28858.609,34075.658,10.584,21.6,21.6,,,THOMSON ROAD,28.197
thomson_road,Thomson Road,3648.0,28859.276,34073.773,21.679,20.969,20.969,,,THOMSON ROAD,26.197
thomson_road,Thomson Road,3650.0,28859.944,34071.887,20.544,20.339,20.339,,,THOMSON ROAD,24.197
thomson_road,Thomson Road,3652.0,28860.611,34070.002,19.709,19.709,19.709,,,THOMSON ROAD,22.197
thomson_road,Thomson Road,3654.0,28861.279,34068.117,19.699,19.699,19.699,,,THOMSON ROAD,20.197
thomson_road,Thomson Road,3656.0,28861.947,34066.232,19.699,19.441,19.441,,,THOMSON ROAD,18.197
thomson_road,Thomson Road,3658.0,28862.614,34064.346,19.754,19.103,19.103,,,THOMSON ROAD,16.197
thomson_road,Thomson Road,3660.0,28863.282,34062.461,21.085,18.765,18.765,,,THOMSON ROAD,14.197
thomson_road,Thomson Road,3662.0,28863.949,34060.576,26.127,18.427,18.427,,,THOMSON ROAD,12.197
thomson_road,Thomson Road,3664.0,28864.617,34058.69,19.29,18.032,18.032,,,THOMSON ROAD,10.197
thomson_road,Thomson Road,3666.0,28865.285,34056.805,18.647,17.637,17.637,,,THOMSON ROAD,8.197
thomson_road,Thomson Road,3668.0,28865.952,34054.92,17.486,17.243,17.243,,,THOMSON ROAD,6.197
thomson_road,Thomson Road,3670.0,28866.62,34053.035,13.726,,16.848,,,THOMSON ROAD,4.197
thomson_road,Thomson Road,3672.0,28867.288,34051.149,13.82,,16.453,,,THOMSON ROAD,2.197
thomson_road,Thomson Road,3674.0,28867.955,34049.264,13.932,,16.058,,,THOMSON ROAD,0.197
thomson_road,Thomson Road,3676.0,28869.818,34048.939,14.862,15.663,15.663,,,THOMSON ROAD,0.0
thomson_road,Thomson Road,3678.0,28871.812,34048.784,14.882,15.268,15.268,,,THOMSON ROAD,0.0
thomson_road,Thomson Road,3680.0,28873.806,34048.63,15.58,14.873,14.873,,,THOMSON ROAD,0.0
thomson_road,Thomson Road,3682.0,28875.8,34048.475,14.129,14.478,14.478,,,THOMSON ROAD,0.0
thomson_road,Thomson Road,3684.0,28877.794,34048.321,8.921,14.276,14.276,,,THOMSON ROAD,0.0
thomson_road,Thomson Road,3686.0,28879.788,34048.166,8.846,14.074,14.074,,,THOMSON ROAD,0.0
thomson_road,Thomson Road,3688.0,28881.782,34048.012,12.764,13.872,13.872,,,THOMSON ROAD,0.0
thomson_road,Thomson Road,3690.0,28883.776,34047.857,13.579,13.67,13.67,,,THOMSON ROAD,0.0
thomson_road,Thomson Road,3692.0,28885.77,34047.702,13.469,13.469,13.469,,,THOMSON ROAD,0.0
thomson_road,Thomson Road,3694.0,28887.764,34047.548,13.464,13.464,13.464,,,THOMSON ROAD,0.0
thomson_road,Thomson Road,3696.0,28889.758,34047.393,13.299,13.299,13.299,,,THOMSON ROAD,0.0
thomson_road,Thomson Road,3698.0,28891.753,34047.239,13.588,13.083,13.083,,,THOMSON ROAD,0.0
thomson_road,Thomson Road,3700.0,28893.747,34047.084,13.434,12.868,12.868,,,THOMSON ROAD,0.0
thomson_road,Thomson Road,3702.0,28895.741,34046.93,13.734,12.478,12.478,,,THOMSON ROAD,0.0
thomson_road,Thomson Road,3704.0,28897.735,34046.775,13.342,12.088,12.088,,,THOMSON ROAD,0.0
thomson_road,Thomson Road,3706.0,28899.729,34046.621,13.742,11.699,11.699,,,THOMSON ROAD,0.0
thomson_road,Thomson Road,3708.0,28901.723,34046.466,13.146,,11.309,,,THOMSON ROAD,0.0
thomson_road,Thomson Road,3710.0,28903.717,34046.312,13.259,10.919,10.919,,,THOMSON ROAD,0.0
thomson_road,Thomson Road,3712.0,28905.711,34046.157,11.055,10.53,10.53,,,THOMSON ROAD,0.0
thomson_road,Thomson Road,3714.0,28907.705,34046.003,9.044,10.14,10.14,,,THOMSON ROAD,0.0
thomson_road,Thomson Road,3716.0,28909.699,34045.848,10.249,9.75,9.75,,,THOMSON ROAD,0.0
thomson_road,Thomson Road,3718.0,28911.693,34045.693,9.243,9.345,9.345,,,THOMSON ROAD,0.0
thomson_road,Thomson Road,3720.0,28913.687,34045.539,8.284,8.939,8.939,,,THOMSON ROAD,0.0
thomson_road,Thomson Road,3722.0,28915.681,34045.384,9.589,8.534,8.534,,,THOMSON ROAD,0.0
thomson_road,Thomson Road,3724.0,28917.675,34045.23,9.216,8.128,8.128,,,THOMSON ROAD,0.0
thomson_road,Thomson Road,3726.0,28919.669,34045.075,9.601,,7.723,,,THOMSON ROAD,0.0
thomson_road,Thomson Road,3728.0,28921.663,34044.921,7.983,,7.317,,,THOMSON ROAD,0.0
thomson_road,Thomson Road,3730.0,28923.657,34044.766,8.55,6.912,6.912,,,THOMSON ROAD,0.0
thomson_road,Thomson Road,3732.0,28925.656,34044.701,8.644,6.506,6.506,,,THOMSON ROAD,0.0
thomson_road,Thomson Road,3734.0,28927.655,34044.639,6.09,6.1,6.1,,,THOMSON ROAD,0.0
thomson_road,Thomson Road,3736.0,28929.654,34044.578,5.695,5.695,5.752,,,THOMSON ROAD,0.0
thomson_road,Thomson Road,3738.0,28931.653,34044.516,6.293,5.723,5.752,,,THOMSON ROAD,0.0
thomson_road,Thomson Road,3740.0,28933.652,34044.454,5.59,5.752,5.752,0.04,1.0,THOMSON ROAD,0.0
thomson_road,Thomson Road,3742.0,28935.651,34044.393,5.781,5.781,5.755,,,THOMSON ROAD,0.0
thomson_road,Thomson Road,3744.0,28937.65,34044.331,5.762,5.762,5.755,,,THOMSON ROAD,0.0
thomson_road,Thomson Road,3746.0,28939.649,34044.269,6.105,5.755,5.755,-0.18,1.0,THOMSON ROAD,0.0
thomson_road,Thomson Road,3748.0,28941.648,34044.208,5.728,5.748,5.748,-0.18,1.0,THOMSON ROAD,0.0
thomson_road,Thomson Road,3750.0,28943.647,34044.146,5.741,5.741,5.741,,,THOMSON ROAD,0.0
thomson_road,Thomson Road,3752.0,28945.646,34044.085,5.728,5.728,5.741,,,THOMSON ROAD,0.0
thomson_road,Thomson Road,3754.0,28947.119,34043.568,5.545,5.545,5.741,,,THOMSON ROAD,0.0
thomson_road,Thomson Road,3756.0,28946.891,34041.582,5.599,5.807,5.807,,,THOMSON ROAD,0.0
thomson_road,Thomson Road,3758.0,28946.662,34039.595,6.909,6.069,6.069,10.654,2.0,THOMSON ROAD,0.0
thomson_road,Thomson Road,3760.0,28946.433,34037.608,6.562,6.331,6.331,,,THOMSON ROAD,0.0
thomson_road,Thomson Road,3762.0,28946.204,34035.621,6.593,6.593,6.593,,,THOMSON ROAD,0.0
thomson_road,Thomson Road,3764.0,28945.975,34033.634,6.869,6.869,6.856,,,THOMSON ROAD,0.0
thomson_road,Thomson Road,3766.0,28945.747,34031.647,6.908,6.908,6.856,,,THOMSON ROAD,0.0
thomson_road,Thomson Road,3768.0,28945.518,34029.66,6.472,6.856,6.856,,,THOMSON ROAD,0.0
thomson_road,Thomson Road,3770.0,28945.289,34027.673,7.783,6.804,6.804,-1.953,1.0,THOMSON ROAD,0.0
thomson_road,Thomson Road,3772.0,28945.06,34025.687,6.725,6.752,6.752,,,THOMSON ROAD,0.0
thomson_road,Thomson Road,3774.0,28944.831,34023.7,6.7,6.7,6.7,,,THOMSON ROAD,0.0
thomson_road,Thomson Road,3776.0,28944.603,34021.713,6.608,6.608,6.608,,,THOMSON ROAD,0.0
thomson_road,Thomson Road,3778.0,28944.374,34019.726,6.368,6.368,6.608,,,THOMSON ROAD,0.0
thomson_road,Thomson Road,3780.0,28944.145,34017.739,6.559,6.559,6.608,,,THOMSON ROAD,0.0
thomson_road,Thomson Road,3782.0,28943.916,34015.752,6.153,6.831,6.831,5.851,1.0,THOMSON ROAD,0.0
thomson_road,Thomson Road,3784.0,28943.687,34013.765,7.349,7.102,7.076,,,THOMSON ROAD,0.0
thomson_road,Thomson Road,3786.0,28943.459,34011.779,7.374,7.374,7.076,,,THOMSON ROAD,0.0
thomson_road,Thomson Road,3788.0,28943.23,34009.792,7.324,7.076,7.076,,,THOMSON ROAD,0.0
thomson_road,Thomson Road,3790.0,28943.001,34007.805,8.471,6.778,6.778,-9.818,2.0,THOMSON ROAD,0.0
thomson_road,Thomson Road,3792.0,28942.772,34005.818,6.432,6.481,6.481,,,THOMSON ROAD,0.0
thomson_road,Thomson Road,3794.0,28942.543,34003.831,6.183,6.183,6.291,,,THOMSON ROAD,0.0
thomson_road,Thomson Road,3796.0,28942.314,34001.844,6.208,6.208,6.291,,,THOMSON ROAD,0.0
thomson_road,Thomson Road,3798.0,28942.086,33999.857,6.291,6.291,6.291,,,THOMSON ROAD,0.0
thomson_road,Thomson Road,3800.0,28941.857,33997.87,6.411,6.411,6.411,,,THOMSON ROAD,0.0
thomson_road,Thomson Road,3802.0,28941.628,33995.884,6.447,6.659,6.659,10.808,2.0,THOMSON ROAD,0.0
thomson_road,Thomson Road,3804.0,28941.399,33993.897,7.168,6.907,6.907,9.622,2.0,THOMSON ROAD,0.0
thomson_road,Thomson Road,3806.0,28941.17,33991.91,7.156,7.156,7.156,,,THOMSON ROAD,0.0
thomson_road,Thomson Road,3808.0,28940.942,33989.923,7.181,7.181,7.181,,,THOMSON ROAD,0.0
thomson_road,Thomson Road,3810.0,28940.713,33987.936,7.056,7.361,7.361,,,THOMSON ROAD,0.0
thomson_road,Thomson Road,3812.0,28940.484,33985.949,7.081,7.542,7.52,,,THOMSON ROAD,0.0
thomson_road,Thomson Road,3814.0,28940.255,33983.962,7.159,7.531,7.52,,,THOMSON ROAD,0.0
thomson_road,Thomson Road,3816.0,28940.026,33981.976,9.829,7.52,7.52,,,THOMSON ROAD,0.0
thomson_road,Thomson Road,3818.0,28939.798,33979.989,9.551,7.508,7.508,,,THOMSON ROAD,0.0
thomson_road,Thomson Road,3820.0,28939.569,33978.002,9.49,7.497,7.497,,,THOMSON ROAD,0.0
thomson_road,Thomson Road,3822.0,28939.34,33976.015,6.727,7.486,7.486,,,THOMSON ROAD,0.0
thomson_road,Thomson Road,3824.0,28939.111,33974.028,6.877,7.475,7.475,,,THOMSON ROAD,0.0
thomson_road,Thomson Road,3826.0,28938.882,33972.041,9.118,7.463,7.463,,,THOMSON ROAD,0.0
thomson_road,Thomson Road,3828.0,28938.654,33970.054,9.243,7.452,7.452,,,THOMSON ROAD,0.0
thomson_road,Thomson Road,3830.0,28938.425,33968.067,9.223,7.441,7.441,,,THOMSON ROAD,0.0
thomson_road,Thomson Road,3832.0,28938.196,33966.081,7.037,7.429,7.429,,,THOMSON ROAD,0.0
thomson_road,Thomson Road,3834.0,28937.967,33964.094,7.009,7.312,7.413,,,THOMSON ROAD,0.0
thomson_road,Thomson Road,3836.0,28937.738,33962.107,7.196,7.196,7.413,,,THOMSON ROAD,0.0
thomson_road,Thomson Road,3838.0,28937.51,33960.12,7.021,7.413,7.413,,,THOMSON ROAD,0.0
thomson_road,Thomson Road,3840.0,28937.281,33958.133,7.813,7.631,7.631,6.024,1.0,THOMSON ROAD,0.0
thomson_road,Thomson Road,3842.0,28937.052,33956.146,7.848,7.848,7.848,,,THOMSON ROAD,0.0
thomson_road,Thomson Road,3844.0,28936.823,33954.159,8.048,8.048,7.895,,,THOMSON ROAD,0.0
thomson_road,Thomson Road,3846.0,28936.594,33952.172,7.403,7.972,7.895,0.586,1.0,THOMSON ROAD,0.0
thomson_road,Thomson Road,3848.0,28936.366,33950.186,7.818,7.895,7.895,,,THOMSON ROAD,0.0
thomson_road,Thomson Road,3850.0,28936.137,33948.199,7.818,7.818,7.895,,,THOMSON ROAD,0.0
thomson_road,Thomson Road,3852.0,28935.908,33946.212,7.428,7.894,7.895,,,THOMSON ROAD,0.0
thomson_road,Thomson Road,3854.0,28935.679,33944.225,8.34,7.97,7.97,0.933,1.0,THOMSON ROAD,0.0
thomson_road,Thomson Road,3856.0,28935.45,33942.238,8.045,8.045,7.97,,,THOMSON ROAD,0.0
thomson_road,Thomson Road,3858.0,28935.222,33940.251,8.078,8.078,7.97,,,THOMSON ROAD,0.0
thomson_road,Thomson Road,3860.0,28934.993,33938.264,7.918,7.918,7.918,-0.648,1.0,THOMSON ROAD,0.0
thomson_road,Thomson Road,3862.0,28934.764,33936.278,7.559,7.877,7.918,0.313,1.0,THOMSON ROAD,0.0
thomson_road,Thomson Road,3864.0,28934.535,33934.291,7.835,7.835,7.918,1.977,1.0,THOMSON ROAD,0.0
thomson_road,Thomson Road,3866.0,28934.306,33932.304,7.995,7.995,7.995,2.844,1.0,THOMSON ROAD,0.0
thomson_road,Thomson Road,3868.0,28934.078,33930.317,8.076,8.076,8.076,3.712,1.0,THOMSON ROAD,0.0
thomson_road,Thomson Road,3870.0,28933.849,33928.33,8.176,8.176,8.176,3.237,1.0,THOMSON ROAD,0.0
thomson_road,Thomson Road,3872.0,28933.62,33926.343,8.311,8.311,8.215,2.642,1.0,THOMSON ROAD,0.0
thomson_road,Thomson Road,3874.0,28933.391,33924.356,8.287,8.287,8.254,1.392,1.0,THOMSON ROAD,0.0
thomson_road,Thomson Road,3876.0,28933.162,33922.369,8.215,8.215,8.287,1.184,1.0,THOMSON ROAD,0.0
thomson_road,Thomson Road,3878.0,28932.933,33920.383,8.254,8.254,8.287,,,THOMSON ROAD,0.0
thomson_road,Thomson Road,3880.0,28932.732,33918.395,8.309,8.309,8.309,,,THOMSON ROAD,0.0
thomson_road,Thomson Road,3882.0,28932.786,33916.395,8.025,8.466,8.466,,,THOMSON ROAD,0.0
thomson_road,Thomson Road,3884.0,28932.841,33914.396,9.1,8.623,8.623,,,THOMSON ROAD,0.0
thomson_road,Thomson Road,3886.0,28932.896,33912.397,9.22,8.695,8.695,,,THOMSON ROAD,0.0
thomson_road,Thomson Road,3888.0,28932.808,33910.403,9.262,8.768,8.768,,,THOMSON ROAD,0.0
thomson_road,Thomson Road,3890.0,28932.59,33908.415,8.289,8.84,8.84,,,THOMSON ROAD,0.0
thomson_road,Thomson Road,3892.0,28932.371,33906.427,8.418,9.069,9.069,,,THOMSON ROAD,0.0
thomson_road,Thomson Road,3894.0,28932.152,33904.439,8.534,9.298,9.298,,,THOMSON ROAD,0.0
thomson_road,Thomson Road,3896.0,28931.934,33902.451,9.834,9.527,9.527,,,THOMSON ROAD,0.0
thomson_road,Thomson Road,3898.0,28931.715,33900.463,9.756,9.756,9.631,,,THOMSON ROAD,0.0
thomson_road,Thomson Road,3900.0,28931.496,33898.475,9.828,9.828,9.631,,,THOMSON ROAD,0.0
thomson_road,Thomson Road,3902.0,28931.277,33896.487,9.49,9.631,9.631,-4.923,1.0,THOMSON ROAD,0.0
thomson_road,Thomson Road,3904.0,28931.058,33894.499,9.704,9.435,9.435,,,THOMSON ROAD,0.0
thomson_road,Thomson Road,3906.0,28930.839,33892.511,9.238,9.238,9.238,,,THOMSON ROAD,0.0
thomson_road,Thomson Road,3908.0,28930.62,33890.523,8.739,9.042,9.042,,,THOMSON ROAD,0.0
thomson_road,Thomson Road,3910.0,28930.401,33888.535,8.846,8.846,8.973,,,THOMSON ROAD,0.0
thomson_road,Thomson Road,3912.0,28930.183,33886.547,8.97,8.97,8.973,,,THOMSON ROAD,0.0
thomson_road,Thomson Road,3914.0,28929.964,33884.559,9.363,8.973,8.973,0.065,1.0,THOMSON ROAD,0.0
thomson_road,Thomson Road,3916.0,28929.745,33882.571,9.32,8.975,8.975,,,THOMSON ROAD,0.0
thomson_road,Thomson Road,3918.0,28929.526,33880.583,8.978,8.978,8.978,,,THOMSON ROAD,0.0
thomson_road,Thomson Road,3920.0,28929.307,33878.595,8.958,9.119,9.119,,,THOMSON ROAD,0.0
thomson_road,Thomson Road,3922.0,28929.088,33876.607,9.008,9.259,9.259,,,THOMSON ROAD,0.0
thomson_road,Thomson Road,3924.0,28928.869,33874.619,9.174,9.507,9.507,,,THOMSON ROAD,0.0
thomson_road,Thomson Road,3926.0,28928.65,33872.632,9.287,9.754,9.754,,,THOMSON ROAD,0.0
thomson_road,Thomson Road,3928.0,28928.431,33870.644,10.59,10.002,10.002,,,THOMSON ROAD,0.0
thomson_road,Thomson Road,3930.0,28928.271,33868.65,10.549,10.249,10.119,,,THOMSON ROAD,0.0
thomson_road,Thomson Road,3932.0,28928.116,33866.656,10.706,10.334,10.119,,,THOMSON ROAD,0.0
thomson_road,Thomson Road,3934.0,28927.961,33864.662,12.193,10.119,10.119,,,THOMSON ROAD,0.0
thomson_road,Thomson Road,3936.0,28927.807,33862.668,11.168,9.904,9.904,,,THOMSON ROAD,0.0
thomson_road,Thomson Road,3938.0,28927.652,33860.674,9.689,9.689,9.789,,,THOMSON ROAD,0.0
thomson_road,Thomson Road,3940.0,28927.497,33858.68,9.789,9.789,9.703,,,THOMSON ROAD,0.0
thomson_road,Thomson Road,3942.0,28927.343,33856.686,9.703,9.703,9.689,-4.801,1.0,THOMSON ROAD,0.0
thomson_road,Thomson Road,3944.0,28927.188,33854.692,9.596,9.596,9.596,-3.73,1.0,THOMSON ROAD,0.0
thomson_road,Thomson Road,3946.0,28927.033,33852.698,9.3,9.3,9.405,-3.551,1.0,THOMSON ROAD,0.0
thomson_road,Thomson Road,3948.0,28926.879,33850.704,9.32,9.32,9.405,-2.327,1.0,THOMSON ROAD,0.0
thomson_road,Thomson Road,3950.0,28926.724,33848.71,9.405,9.405,9.405,0.336,1.0,THOMSON ROAD,0.0
thomson_road,Thomson Road,3952.0,28926.57,33846.716,9.41,9.41,9.41,,,THOMSON ROAD,0.0
thomson_road,Thomson Road,3954.0,28926.415,33844.722,9.432,9.432,9.432,,,THOMSON ROAD,0.0
thomson_road,Thomson Road,3956.0,28926.26,33842.728,9.51,9.628,9.628,,,THOMSON ROAD,0.0
thomson_road,Thomson Road,3958.0,28926.106,33840.734,9.517,9.824,9.824,,,THOMSON ROAD,0.0
thomson_road,Thomson Road,3960.0,28925.951,33838.74,9.564,10.085,10.085,,,THOMSON ROAD,0.0
thomson_road,Thomson Road,3962.0,28925.796,33836.746,12.247,10.346,10.346,,,THOMSON ROAD,0.0
thomson_road,Thomson Road,3964.0,28925.642,33834.752,11.145,10.607,10.607,,,THOMSON ROAD,0.0
thomson_road,Thomson Road,3966.0,28925.487,33832.758,11.56,10.868,10.868,,,THOMSON ROAD,0.0
thomson_road,Thomson Road,3968.0,28925.332,33830.764,11.95,11.129,10.885,,,THOMSON ROAD,0.0
thomson_road,Thomson Road,3970.0,28925.178,33828.77,11.948,11.178,10.885,,,THOMSON ROAD,0.0
thomson_road,Thomson Road,3972.0,28925.023,33826.776,11.652,10.885,10.885,,,THOMSON ROAD,0.0
thomson_road,Thomson Road,3974.0,28924.868,33824.782,11.441,10.591,10.591,,,THOMSON ROAD,0.0
thomson_road,Thomson Road,3976.0,28924.936,33822.79,10.298,10.298,10.299,,,THOMSON ROAD,0.0
thomson_road,Thomson Road,3978.0,28925.137,33820.801,10.299,10.299,10.298,,,THOMSON ROAD,0.0
thomson_road,Thomson Road,3980.0,28925.338,33818.811,10.12,10.12,10.192,-2.903,1.0,THOMSON ROAD,0.0
thomson_road,Thomson Road,3982.0,28925.539,33816.821,10.192,10.192,10.12,-2.897,1.0,THOMSON ROAD,0.0
thomson_road,Thomson Road,3984.0,28925.74,33814.831,10.067,10.067,10.067,-1.914,1.0,THOMSON ROAD,0.0
thomson_road,Thomson Road,3986.0,28926.338,33812.936,10.038,10.038,10.067,-2.229,1.0,THOMSON ROAD,0.0
thomson_road,Thomson Road,3988.0,28927.057,33811.07,9.923,9.923,10.038,-1.565,1.0,THOMSON ROAD,0.0
thomson_road,Thomson Road,3990.0,28927.777,33809.204,10.195,10.195,9.941,-1.446,1.0,THOMSON ROAD,0.0
thomson_road,Thomson Road,3992.0,28928.496,33807.338,9.941,9.941,9.941,,,THOMSON ROAD,0.0
thomson_road,Thomson Road,3994.0,28929.216,33805.471,9.934,9.934,9.951,,,THOMSON ROAD,0.0
thomson_road,Thomson Road,3996.0,28929.936,33803.605,9.511,9.951,9.951,,,THOMSON ROAD,0.0
thomson_road,Thomson Road,3998.0,28930.655,33801.739,9.527,10.222,10.222,,,THOMSON ROAD,0.0
thomson_road,Thomson Road,4000.0,28931.375,33799.873,9.984,10.493,10.493,,,THOMSON ROAD,0.0
thomson_road,Thomson Road,4002.0,28932.094,33798.007,9.902,10.764,10.764,,,THOMSON ROAD,0.0
thomson_road,Thomson Road,4004.0,28932.814,33796.141,10.054,11.047,11.047,,,THOMSON ROAD,0.0
thomson_road,Thomson Road,4006.0,28933.534,33794.275,13.185,11.33,11.047,,,THOMSON ROAD,0.0
thomson_road,Thomson Road,4008.0,28934.253,33792.409,13.15,11.117,11.047,,,THOMSON ROAD,0.0
thomson_road,Thomson Road,4010.0,28934.973,33790.543,13.857,10.903,10.903,,,THOMSON ROAD,0.0
thomson_road,Thomson Road,4012.0,28935.692,33788.677,13.215,10.69,10.69,,,THOMSON ROAD,0.0
thomson_road,Thomson Road,4014.0,28936.412,33786.811,12.672,10.476,10.476,,,THOMSON ROAD,0.0
thomson_road,Thomson Road,4016.0,28937.088,33784.929,11.321,10.263,10.263,,,THOMSON ROAD,0.0
thomson_road,Thomson Road,4018.0,28937.702,33783.026,9.892,10.05,10.05,,,THOMSON ROAD,0.0
thomson_road,Thomson Road,4020.0,28938.316,33781.123,9.836,9.836,9.836,,,THOMSON ROAD,0.0
thomson_road,Thomson Road,4022.0,28938.931,33779.219,9.731,9.597,9.597,,,THOMSON ROAD,0.0
thomson_road,Thomson Road,4024.0,28939.545,33777.316,9.358,9.358,9.461,-5.972,1.0,THOMSON ROAD,0.0
thomson_road,Thomson Road,4026.0,28940.253,33775.446,9.356,9.356,9.358,,,THOMSON ROAD,0.0
thomson_road,Thomson Road,4028.0,28940.987,33773.586,9.461,9.461,9.358,,,THOMSON ROAD,0.0
thomson_road,Thomson Road,4030.0,28941.72,33771.725,9.356,9.356,9.461,4.644,1.0,THOMSON ROAD,0.0
thomson_road,Thomson Road,4032.0,28942.454,33769.864,9.922,9.652,9.652,7.363,1.0,THOMSON ROAD,0.0
thomson_road,Thomson Road,4034.0,28943.187,33768.004,9.947,9.947,9.73,,,THOMSON ROAD,0.0
thomson_road,Thomson Road,4036.0,28943.901,33766.136,9.73,9.73,9.947,,,THOMSON ROAD,0.0
thomson_road,Thomson Road,4038.0,28944.578,33764.254,9.388,10.009,10.009,,,THOMSON ROAD,0.0
thomson_road,Thomson Road,4040.0,28945.254,33762.371,9.493,10.288,10.288,,,THOMSON ROAD,0.0
thomson_road,Thomson Road,4042.0,28945.93,33760.489,9.764,10.567,10.567,,,THOMSON ROAD,0.0
thomson_road,Thomson Road,4044.0,28946.606,33758.607,11.045,10.715,10.679,,,THOMSON ROAD,0.0
thomson_road,Thomson Road,4046.0,28947.283,33756.725,11.192,10.862,10.715,,,THOMSON ROAD,0.0
thomson_road,Thomson Road,4048.0,28947.959,33754.843,10.679,10.679,10.715,,,THOMSON ROAD,0.0
thomson_road,Thomson Road,4050.0,28948.635,33752.96,10.738,10.738,10.738,,,THOMSON ROAD,0.0
thomson_road,Thomson Road,4052.0,28949.311,33751.078,10.69,10.69,10.738,,,THOMSON ROAD,0.0
thomson_road,Thomson Road,4054.0,28949.987,33749.196,10.909,10.909,10.738,,,THOMSON ROAD,0.0
thomson_road,Thomson Road,4056.0,28950.664,33747.314,10.977,10.789,10.69,,,THOMSON ROAD,0.0
thomson_road,Thomson Road,4058.0,28951.466,33745.484,10.871,10.669,10.669,,,THOMSON ROAD,0.0
thomson_road,Thomson Road,4060.0,28952.335,33743.683,10.754,10.414,10.414,,,THOMSON ROAD,0.0
thomson_road,Thomson Road,4062.0,28953.204,33741.882,10.195,10.16,10.16,,,THOMSON ROAD,0.0
thomson_road,Thomson Road,4064.0,28954.073,33740.08,9.666,9.905,9.905,,,THOMSON ROAD,0.0
thomson_road,Thomson Road,4066.0,28954.942,33738.279,9.38,9.651,9.651,,,THOMSON ROAD,0.0
thomson_road,Thomson Road,4068.0,28955.81,33736.477,9.558,9.558,9.651,,,THOMSON ROAD,0.0
thomson_road,Thomson Road,4070.0,28956.679,33734.676,9.604,9.604,9.604,,,THOMSON ROAD,0.0
thomson_road,Thomson Road,4072.0,28957.548,33732.875,9.689,9.689,9.558,-1.491,1.0,THOMSON ROAD,0.0
thomson_road,Thomson Road,4074.0,28958.417,33731.073,9.436,9.436,9.537,-0.905,1.0,THOMSON ROAD,0.0
thomson_road,Thomson Road,4076.0,28959.286,33729.272,9.537,9.537,9.531,-0.271,1.0,THOMSON ROAD,0.0
thomson_road,Thomson Road,4078.0,28960.155,33727.471,9.442,9.442,9.531,,,THOMSON ROAD,0.0
thomson_road,Thomson Road,4080.0,28961.024,33725.669,9.531,9.531,9.537,,,THOMSON ROAD,0.0
thomson_road,Thomson Road,4082.0,28961.893,33723.868,9.423,9.717,9.717,,,THOMSON ROAD,0.0
thomson_road,Thomson Road,4084.0,28962.762,33722.066,9.823,9.903,9.717,,,THOMSON ROAD,0.0
thomson_road,Thomson Road,4086.0,28963.631,33720.265,10.798,9.772,9.717,,,THOMSON ROAD,0.0
thomson_road,Thomson Road,4088.0,28964.547,33718.491,10.862,9.642,9.642,,,THOMSON ROAD,0.0
thomson_road,Thomson Road,4090.0,28965.647,33716.82,10.676,9.512,9.512,,,THOMSON ROAD,0.0
thomson_road,Thomson Road,4092.0,28966.748,33715.15,9.234,9.382,9.382,,,THOMSON ROAD,0.0
thomson_road,Thomson Road,4094.0,28967.848,33713.48,9.252,9.252,9.252,,,THOMSON ROAD,0.0
thomson_road,Thomson Road,4096.0,28968.948,33711.81,9.17,9.17,9.17,,,THOMSON ROAD,0.0
thomson_road,Thomson Road,4098.0,28970.048,33710.14,9.102,9.102,9.102,-2.589,1.0,THOMSON ROAD,0.0
thomson_road,Thomson Road,4100.0,28971.149,33708.47,9.348,9.073,9.073,-2.857,1.0,THOMSON ROAD,0.0
thomson_road,Thomson Road,4102.0,28972.249,33706.799,9.045,9.045,9.045,-2.009,1.0,THOMSON ROAD,0.0
thomson_road,Thomson Road,4104.0,28973.349,33705.129,8.927,8.927,8.941,-1.652,1.0,THOMSON ROAD,0.0
thomson_road,Thomson Road,4106.0,28974.449,33703.459,8.873,8.873,8.941,-1.295,1.0,THOMSON ROAD,0.0
thomson_road,Thomson Road,4108.0,28975.55,33701.789,8.941,8.941,8.941,0.0,1.0,THOMSON ROAD,0.0
thomson_road,Thomson Road,4110.0,28976.65,33700.119,9.07,9.07,8.941,-0.67,1.0,THOMSON ROAD,0.0
thomson_road,Thomson Road,4112.0,28977.75,33698.449,9.052,9.052,8.941,,,THOMSON ROAD,0.0
thomson_road,Thomson Road,4114.0,28978.85,33696.778,8.888,8.888,8.888,,,THOMSON ROAD,0.0
thomson_road,Thomson Road,4116.0,28979.951,33695.108,7.645,8.597,8.597,,,THOMSON ROAD,0.0
thomson_road,Thomson Road,4118.0,28981.051,33693.438,7.745,8.306,8.306,,,THOMSON ROAD,0.0
thomson_road,Thomson Road,4120.0,28982.151,33691.768,7.339,8.014,8.306,,,THOMSON ROAD,0.0
thomson_road,Thomson Road,4122.0,28983.251,33690.098,8.625,8.284,8.306,,,THOMSON ROAD,0.0
thomson_road,Thomson Road,4124.0,28984.352,33688.428,8.553,8.553,8.553,,,THOMSON ROAD,0.0
thomson_road,Thomson Road,4126.0,28985.452,33686.757,8.611,8.611,8.553,,,THOMSON ROAD,0.0
thomson_road,Thomson Road,4128.0,28986.557,33685.091,8.618,8.618,8.553,,,THOMSON ROAD,0.0
thomson_road,Thomson Road,4130.0,28987.663,33683.424,8.552,8.552,8.552,-2.314,1.0,THOMSON ROAD,0.0
thomson_road,Thomson Road,4132.0,28988.769,33681.758,8.248,8.368,8.368,-2.379,1.0,THOMSON ROAD,0.0
thomson_road,Thomson Road,4134.0,28989.875,33680.092,8.185,8.185,8.368,-2.551,1.0,THOMSON ROAD,0.0
thomson_road,Thomson Road,4136.0,28990.981,33678.425,8.348,8.348,8.363,-2.187,1.0,THOMSON ROAD,0.0
thomson_road,Thomson Road,4138.0,28992.087,33676.759,8.413,8.413,8.348,-1.822,1.0,THOMSON ROAD,0.0
thomson_road,Thomson Road,4140.0,28993.193,33675.092,8.363,8.363,8.348,-2.148,1.0,THOMSON ROAD,0.0
thomson_road,Thomson Road,4142.0,28994.299,33673.426,8.223,8.223,8.223,,,THOMSON ROAD,0.0
thomson_road,Thomson Road,4144.0,28995.441,33671.784,8.191,8.191,8.191,,,THOMSON ROAD,0.0
thomson_road,Thomson Road,4146.0,28996.592,33670.149,8.502,8.114,8.114,-3.281,1.0,THOMSON ROAD,0.0
thomson_road,Thomson Road,4148.0,28997.744,33668.513,8.01,8.037,8.037,-3.438,1.0,THOMSON ROAD,0.0
thomson_road,Thomson Road,4150.0,28998.895,33666.878,7.96,7.96,7.96,,,THOMSON ROAD,0.0
thomson_road,Thomson Road,4152.0,29000.046,33665.243,7.916,7.916,7.916,,,THOMSON ROAD,0.0
thomson_road,Thomson Road,4154.0,29001.198,33663.607,7.885,7.885,7.885,-2.248,1.0,THOMSON ROAD,0.0
thomson_road,Thomson Road,4156.0,29002.349,33661.972,7.841,7.841,7.841,-1.969,1.0,THOMSON ROAD,0.0
thomson_road,Thomson Road,4158.0,29003.5,33660.337,7.78,7.78,7.78,-2.025,1.0,THOMSON ROAD,0.0
thomson_road,Thomson Road,4160.0,29004.792,33658.814,7.759,7.759,7.759,-1.875,1.0,THOMSON ROAD,0.0
thomson_road,Thomson Road,4162.0,29006.136,33657.332,7.723,7.723,7.723,-1.583,1.0,THOMSON ROAD,0.0
thomson_road,Thomson Road,4164.0,29007.479,33655.851,7.691,7.691,7.691,-1.698,1.0,THOMSON ROAD,0.0
thomson_road,Thomson Road,4166.0,29008.823,33654.369,7.654,7.654,7.654,-1.459,1.0,THOMSON ROAD,0.0
thomson_road,Thomson Road,4168.0,29010.166,33652.888,7.623,7.623,7.623,-1.063,1.0,THOMSON ROAD,0.0
thomson_road,Thomson Road,4170.0,29011.51,33651.406,7.606,7.606,7.606,-0.59,1.0,THOMSON ROAD,0.0
thomson_road,Thomson Road,4172.0,29012.854,33649.925,7.567,7.567,7.606,0.347,1.0,THOMSON ROAD,0.0
thomson_road,Thomson Road,4174.0,29014.197,33648.444,7.529,7.529,7.606,1.979,1.0,THOMSON ROAD,0.0
thomson_road,Thomson Road,4176.0,29015.541,33646.962,7.651,7.651,7.651,1.979,1.0,THOMSON ROAD,0.0
thomson_road,Thomson Road,4178.0,29016.885,33645.481,7.765,7.765,7.765,1.979,1.0,THOMSON ROAD,0.0
thomson_road,Thomson Road,4180.0,29018.228,33643.999,7.829,7.829,7.765,,,THOMSON ROAD,0.0
thomson_road,Thomson Road,4182.0,29019.572,33642.518,7.767,7.767,7.765,,,THOMSON ROAD,0.0
thomson_road,Thomson Road,4184.0,29020.916,33641.037,8.245,7.754,7.754,,,THOMSON ROAD,0.0
thomson_road,Thomson Road,4186.0,29022.26,33639.555,13.084,7.74,7.74,,,THOMSON ROAD,0.0
thomson_road,Thomson Road,4188.0,29023.603,33638.074,11.334,7.726,7.726,,,THOMSON ROAD,0.0
thomson_road,Thomson Road,4190.0,29024.947,33636.592,12.387,7.712,7.712,,,THOMSON ROAD,0.0
thomson_road,Thomson Road,4192.0,29026.291,33635.111,12.454,7.698,7.698,,,THOMSON ROAD,0.0
thomson_road,Thomson Road,4194.0,29027.634,33633.63,9.026,7.685,7.685,,,THOMSON ROAD,0.0
thomson_road,Thomson Road,4196.0,29028.978,33632.148,8.594,7.671,7.671,,,THOMSON ROAD,0.0
thomson_road,Thomson Road,4198.0,29030.332,33630.677,7.657,7.657,7.657,,,THOMSON ROAD,0.0
thomson_road,Thomson Road,4200.0,29031.687,33629.206,7.649,7.649,7.657,,,THOMSON ROAD,0.0
thomson_road,Thomson Road,4202.0,29033.042,33627.735,7.809,7.547,7.657,,,THOMSON ROAD,0.0
thomson_road,Thomson Road,4204.0,29034.397,33626.264,7.446,7.79,7.79,,,THOMSON ROAD,0.0
thomson_road,Thomson Road,4206.0,29035.752,33624.793,7.396,8.032,8.032,,,THOMSON ROAD,0.0
thomson_road,Thomson Road,4208.0,29037.107,33623.322,7.421,8.275,8.032,,,THOMSON ROAD,0.0
thomson_road,Thomson Road,4210.0,29038.462,33621.851,8.69,8.046,8.032,,,THOMSON ROAD,0.0
thomson_road,Thomson Road,4212.0,29039.817,33620.38,8.419,7.816,7.816,,,THOMSON ROAD,0.0
thomson_road,Thomson Road,4214.0,29041.173,33618.908,11.29,7.587,7.587,,,THOMSON ROAD,0.0
thomson_road,Thomson Road,4216.0,29042.528,33617.437,9.419,7.357,7.357,,,THOMSON ROAD,0.0
thomson_road,Thomson Road,4218.0,29043.882,33615.966,9.317,7.128,7.128,,,THOMSON ROAD,0.0
thomson_road,Thomson Road,4220.0,29045.237,33614.495,6.898,6.898,6.921,,,THOMSON ROAD,0.0
thomson_road,Thomson Road,4222.0,29046.592,33613.024,6.921,6.921,6.898,,,THOMSON ROAD,0.0
thomson_road,Thomson Road,4224.0,29047.947,33611.553,6.783,6.783,6.792,-1.615,1.0,THOMSON ROAD,0.0
thomson_road,Thomson Road,4226.0,29049.302,33610.082,6.692,6.692,6.792,-0.859,1.0,THOMSON ROAD,0.0
thomson_road,Thomson Road,4228.0,29050.657,33608.611,6.792,6.792,6.792,,,THOMSON ROAD,0.0
thomson_road,Thomson Road,4230.0,29052.012,33607.14,6.83,6.83,6.83,,,THOMSON ROAD,0.0
thomson_road,Thomson Road,4232.0,29053.367,33605.669,7.151,7.034,7.034,,,THOMSON ROAD,0.0
thomson_road,Thomson Road,4234.0,29054.722,33604.198,6.795,7.238,7.238,,,THOMSON ROAD,0.0
thomson_road,Thomson Road,4236.0,29056.077,33602.727,6.749,7.384,7.384,,,THOMSON ROAD,0.0
thomson_road,Thomson Road,4238.0,29057.432,33601.256,6.802,7.529,7.384,,,THOMSON ROAD,0.0
thomson_road,Thomson Road,4240.0,29058.787,33599.785,10.393,7.385,7.384,,,THOMSON ROAD,0.0
thomson_road,Thomson Road,4242.0,29060.142,33598.314,10.361,7.241,7.241,,,THOMSON ROAD,0.0
thomson_road,Thomson Road,4244.0,29061.497,33596.842,11.082,7.097,7.097,,,THOMSON ROAD,0.0
thomson_road,Thomson Road,4246.0,29062.852,33595.371,10.396,6.953,6.953,,,THOMSON ROAD,0.0
thomson_road,Thomson Road,4248.0,29064.207,33593.9,10.453,6.809,6.95,,,THOMSON ROAD,0.0
thomson_road,Thomson Road,4250.0,29065.364,33592.273,6.69,6.664,6.95,,,THOMSON ROAD,0.0
thomson_road,Thomson Road,4252.0,29066.48,33590.613,6.52,6.95,6.95,,,THOMSON ROAD,0.0
thomson_road,Thomson Road,4254.0,29067.596,33588.954,6.48,7.235,7.235,,,THOMSON ROAD,0.0
thomson_road,Thomson Road,4256.0,29068.792,33587.352,6.274,7.521,7.521,,,THOMSON ROAD,0.0
thomson_road,Thomson Road,4258.0,29070.041,33585.79,10.917,7.807,7.807,,,THOMSON ROAD,0.0
thomson_road,Thomson Road,4260.0,29071.29,33584.228,10.167,8.093,8.093,,,THOMSON ROAD,0.0
thomson_road,Thomson Road,4262.0,29072.539,33582.666,10.159,8.379,8.379,,,THOMSON ROAD,0.0
thomson_road,Thomson Road,4264.0,29073.788,33581.104,10.142,8.665,8.465,,,THOMSON ROAD,0.0
thomson_road,Thomson Road,4266.0,29075.037,33579.542,8.301,8.565,8.565,,,THOMSON ROAD,0.0
thomson_road,Thomson Road,4268.0,29076.286,33577.98,6.333,8.465,8.629,,,THOMSON ROAD,0.0
thomson_road,Thomson Road,4270.0,29077.535,33576.418,6.299,8.629,8.629,,,THOMSON ROAD,0.0
thomson_road,Thomson Road,4272.0,29078.784,33574.856,8.793,8.793,8.629,,,THOMSON ROAD,0.0
thomson_road,Thomson Road,4274.0,29080.033,33573.294,9.412,8.905,8.629,,,THOMSON ROAD,0.0
thomson_road,Thomson Road,4276.0,29081.282,33571.732,9.676,8.609,8.609,,,THOMSON ROAD,0.0
thomson_road,Thomson Road,4278.0,29082.486,33570.135,9.128,8.314,8.314,,,THOMSON ROAD,0.0
thomson_road,Thomson Road,4280.0,29083.681,33568.531,8.835,8.019,8.019,,,THOMSON ROAD,0.0
thomson_road,Thomson Road,4282.0,29084.875,33566.927,7.584,7.724,7.724,,,THOMSON ROAD,0.0
thomson_road,Thomson Road,4284.0,29086.07,33565.323,7.631,7.429,7.429,,,THOMSON ROAD,0.0
thomson_road,Thomson Road,4286.0,29087.264,33563.719,7.933,7.163,7.163,,,THOMSON ROAD,0.0
thomson_road,Thomson Road,4288.0,29088.459,33562.115,8.073,6.897,6.897,,,THOMSON ROAD,0.0
thomson_road,Thomson Road,4290.0,29089.654,33560.511,5.583,6.631,6.631,,,THOMSON ROAD,0.0
thomson_road,Thomson Road,4292.0,29090.848,33558.907,5.859,6.366,6.366,,,THOMSON ROAD,0.0
thomson_road,Thomson Road,4294.0,29092.043,33557.303,5.842,6.1,6.1,,,THOMSON ROAD,0.0
thomson_road,Thomson Road,4296.0,29093.237,33555.699,5.834,5.834,5.969,,,THOMSON ROAD,0.0
thomson_road,Thomson Road,4298.0,29094.432,33554.095,5.969,5.969,5.932,,,THOMSON ROAD,0.0
thomson_road,Thomson Road,4300.0,29095.627,33552.491,5.932,5.932,5.932,,,THOMSON ROAD,0.0
thomson_road,Thomson Road,4302.0,29096.821,33550.887,5.52,5.804,5.969,,,THOMSON ROAD,0.0
thomson_road,Thomson Road,4304.0,29098.016,33549.283,5.677,6.07,6.07,,,THOMSON ROAD,0.0
thomson_road,Thomson Road,4306.0,29099.21,33547.679,5.723,6.336,6.336,,,THOMSON ROAD,0.0
thomson_road,Thomson Road,4308.0,29100.405,33546.075,5.768,6.601,6.601,,,THOMSON ROAD,0.0
thomson_road,Thomson Road,4310.0,29101.599,33544.471,5.839,6.698,6.698,,,THOMSON ROAD,0.0
thomson_road,Thomson Road,4312.0,29102.794,33542.866,9.421,6.795,6.795,,,THOMSON ROAD,0.0
thomson_road,Thomson Road,4314.0,29103.989,33541.262,12.147,6.892,6.892,,,THOMSON ROAD,0.0
thomson_road,Thomson Road,4316.0,29105.183,33539.658,12.597,6.988,6.988,,,THOMSON ROAD,0.0
thomson_road,Thomson Road,4318.0,29106.378,33538.054,13.161,7.085,7.085,,,THOMSON ROAD,0.0
thomson_road,Thomson Road,4320.0,29107.572,33536.45,8.685,7.182,7.182,,,THOMSON ROAD,0.0
thomson_road,Thomson Road,4322.0,29108.767,33534.846,6.999,7.279,7.279,,,THOMSON ROAD,0.0
thomson_road,Thomson Road,4324.0,29109.961,33533.242,7.085,7.375,7.375,,,THOMSON ROAD,0.0
thomson_road,Thomson Road,4326.0,29111.156,33531.638,7.472,7.472,7.375,,,THOMSON ROAD,0.0
thomson_road,Thomson Road,4328.0,29112.351,33530.034,7.476,7.476,7.375,,,THOMSON ROAD,0.0
thomson_road,Thomson Road,4330.0,29113.545,33528.43,7.24,7.188,7.188,-5.317,1.0,THOMSON ROAD,0.0
thomson_road,Thomson Road,4332.0,29114.74,33526.826,6.9,6.9,6.95,-5.317,1.0,THOMSON ROAD,0.0
thomson_road,Thomson Road,4334.0,29115.934,33525.222,6.95,6.95,6.95,-1.894,1.0,THOMSON ROAD,0.0
thomson_road,Thomson Road,4336.0,29117.129,33523.618,6.94,6.94,6.95,1.53,1.0,THOMSON ROAD,0.0
thomson_road,Thomson Road,4338.0,29118.323,33522.014,6.837,7.051,7.051,1.575,1.0,THOMSON ROAD,0.0
thomson_road,Thomson Road,4340.0,29119.518,33520.41,7.162,7.162,7.072,1.575,1.0,THOMSON ROAD,0.0
thomson_road,Thomson Road,4342.0,29120.713,33518.806,7.076,7.076,7.076,-0.619,1.0,THOMSON ROAD,0.0
thomson_road,Thomson Road,4344.0,29121.907,33517.202,7.072,7.072,7.076,-2.812,1.0,THOMSON ROAD,0.0
thomson_road,Thomson Road,4346.0,29123.102,33515.598,7.126,7.126,7.072,-3.024,1.0,THOMSON ROAD,0.0
thomson_road,Thomson Road,4348.0,29124.296,33513.994,6.847,6.847,6.847,,,THOMSON ROAD,0.0
thomson_road,Thomson Road,4350.0,29125.491,33512.389,6.834,6.834,6.834,,,THOMSON ROAD,0.0
thomson_road,Thomson Road,4352.0,29126.685,33510.785,7.633,6.761,6.761,,,THOMSON ROAD,0.0
thomson_road,Thomson Road,4354.0,29127.88,33509.181,7.327,6.689,6.689,,,THOMSON ROAD,0.0
thomson_road,Thomson Road,4356.0,29129.075,33507.577,7.514,6.616,6.616,,,THOMSON ROAD,0.0
thomson_road,Thomson Road,4358.0,29130.269,33505.973,7.151,6.543,6.543,,,THOMSON ROAD,0.0
thomson_road,Thomson Road,4360.0,29131.464,33504.369,6.47,6.47,6.47,,,THOMSON ROAD,0.0
thomson_road,Thomson Road,4362.0,29132.658,33502.765,6.338,6.338,6.338,,,THOMSON ROAD,0.0
thomson_road,Thomson Road,4364.0,29133.853,33501.161,6.057,6.057,6.057,-7.562,1.0,THOMSON ROAD,0.0
thomson_road,Thomson Road,4366.0,29135.048,33499.557,5.865,5.865,5.885,-6.181,1.0,THOMSON ROAD,0.0
thomson_road,Thomson Road,4368.0,29136.242,33497.953,5.837,5.837,5.865,,,THOMSON ROAD,0.0
thomson_road,Thomson Road,4370.0,29137.437,33496.349,5.885,5.885,5.844,,,THOMSON ROAD,0.0
thomson_road,Thomson Road,4372.0,29138.631,33494.745,5.528,5.643,5.844,,,THOMSON ROAD,0.0
thomson_road,Thomson Road,4374.0,29139.826,33493.141,5.401,5.844,5.885,,,THOMSON ROAD,0.0
thomson_road,Thomson Road,4376.0,29141.02,33491.537,5.455,6.045,6.045,,,THOMSON ROAD,0.0
thomson_road,Thomson Road,4378.0,29142.215,33489.933,6.115,6.246,6.246,,,THOMSON ROAD,0.0
thomson_road,Thomson Road,4380.0,29143.409,33488.329,6.447,6.447,6.436,,,THOMSON ROAD,0.0
thomson_road,Thomson Road,4382.0,29144.604,33486.724,6.436,6.436,6.447,,,THOMSON ROAD,0.0
thomson_road,Thomson Road,4384.0,29145.799,33485.12,6.633,6.695,6.695,,,THOMSON ROAD,0.0
thomson_road,Thomson Road,4386.0,29146.993,33483.516,6.639,6.955,6.695,,,THOMSON ROAD,0.0
thomson_road,Thomson Road,4388.0,29148.189,33481.913,7.276,6.726,6.695,,,THOMSON ROAD,0.0
thomson_road,Thomson Road,4390.0,29149.427,33480.343,7.317,6.498,6.498,,,THOMSON ROAD,0.0
thomson_road,Thomson Road,4392.0,29150.666,33478.772,7.889,6.27,6.27,,,THOMSON ROAD,0.0
thomson_road,Thomson Road,4394.0,29151.904,33477.202,8.234,6.041,6.041,,,THOMSON ROAD,0.0
thomson_road,Thomson Road,4396.0,29153.143,33475.632,8.466,5.813,5.813,,,THOMSON ROAD,0.0
thomson_road,Thomson Road,4398.0,29154.382,33474.061,7.304,5.585,5.585,,,THOMSON ROAD,0.0
thomson_road,Thomson Road,4400.0,29155.62,33472.491,6.262,5.357,5.357,,,THOMSON ROAD,0.0
thomson_road,Thomson Road,4402.0,29156.859,33470.921,5.128,5.128,5.128,,,THOMSON ROAD,0.0
thomson_road,Thomson Road,4404.0,29158.097,33469.351,5.032,5.032,5.032,,,THOMSON ROAD,0.0
thomson_road,Thomson Road,4406.0,29159.336,33467.78,4.991,4.991,4.991,-3.566,1.0,THOMSON ROAD,0.0
thomson_road,Thomson Road,4408.0,29160.575,33466.21,4.893,4.893,4.893,-3.178,1.0,THOMSON ROAD,0.0
thomson_road,Thomson Road,4410.0,29161.813,33464.64,4.843,4.843,4.843,-3.245,1.0,THOMSON ROAD,0.0
thomson_road,Thomson Road,4412.0,29163.052,33463.069,4.778,4.778,4.778,-2.5,1.0,THOMSON ROAD,0.0
thomson_road,Thomson Road,4414.0,29164.29,33461.499,4.731,4.731,4.731,-2.115,1.0,THOMSON ROAD,0.0
thomson_road,Thomson Road,4416.0,29165.529,33459.929,4.693,4.693,4.693,-1.806,1.0,THOMSON ROAD,0.0
thomson_road,Thomson Road,4418.0,29166.768,33458.358,4.674,4.674,4.674,-1.568,1.0,THOMSON ROAD,0.0
thomson_road,Thomson Road,4420.0,29168.006,33456.788,4.633,4.633,4.633,-1.087,1.0,THOMSON ROAD,0.0
thomson_road,Thomson Road,4422.0,29169.245,33455.218,4.606,4.606,4.606,-0.847,1.0,THOMSON ROAD,0.0
thomson_road,Thomson Road,4424.0,29170.483,33453.647,4.581,4.581,4.606,0.278,1.0,THOMSON ROAD,0.0
thomson_road,Thomson Road,4426.0,29171.722,33452.077,4.552,4.552,4.606,0.616,1.0,THOMSON ROAD,0.0
thomson_road,Thomson Road,4428.0,29172.96,33450.507,4.782,4.782,4.655,0.616,1.0,THOMSON ROAD,0.0
thomson_road,Thomson Road,4430.0,29174.199,33448.936,4.697,4.697,4.655,0.448,1.0,THOMSON ROAD,0.0
thomson_road,Thomson Road,4432.0,29175.438,33447.366,4.655,4.655,4.655,-0.168,1.0,THOMSON ROAD,0.0
thomson_road,Thomson Road,4434.0,29176.676,33445.796,4.432,4.432,4.642,,,THOMSON ROAD,0.0
thomson_road,Thomson Road,4436.0,29177.915,33444.226,4.419,4.419,4.642,,,THOMSON ROAD,0.0
thomson_road,Thomson Road,4438.0,29179.153,33442.655,4.552,4.642,4.642,,,THOMSON ROAD,0.0
thomson_road,Thomson Road,4440.0,29180.181,33440.961,4.774,4.864,4.864,,,THOMSON ROAD,0.0
thomson_road,Thomson Road,4442.0,29180.945,33439.113,5.327,5.073,5.073,,,THOMSON ROAD,0.0
thomson_road,Thomson Road,4444.0,29181.709,33437.265,5.483,5.282,5.282,,,THOMSON ROAD,0.0
thomson_road,Thomson Road,4446.0,29182.473,33435.416,5.919,5.491,5.491,,,THOMSON ROAD,0.0
thomson_road,Thomson Road,4448.0,29183.237,33433.568,6.118,5.7,5.498,,,THOMSON ROAD,0.0
thomson_road,Thomson Road,4450.0,29184.001,33431.72,5.873,5.599,5.498,,,THOMSON ROAD,0.0
thomson_road,Thomson Road,4452.0,29184.765,33429.871,5.399,5.498,5.498,,,THOMSON ROAD,0.0
thomson_road,Thomson Road,4454.0,29185.529,33428.023,5.397,5.397,5.397,,,THOMSON ROAD,0.0
thomson_road,Thomson Road,4456.0,29186.293,33426.175,5.315,5.315,5.315,,,THOMSON ROAD,0.0
thomson_road,Thomson Road,4458.0,29187.057,33424.326,5.184,5.184,5.184,-5.037,1.0,THOMSON ROAD,0.0
thomson_road,Thomson Road,4460.0,29187.821,33422.478,5.094,5.094,5.094,-5.776,1.0,THOMSON ROAD,0.0
thomson_road,Thomson Road,4462.0,29188.585,33420.629,4.994,4.994,4.994,-5.381,1.0,THOMSON ROAD,0.0
thomson_road,Thomson Road,4464.0,29189.349,33418.781,4.853,4.853,4.853,-4.259,1.0,THOMSON ROAD,0.0
thomson_road,Thomson Road,4466.0,29190.113,33416.933,4.629,4.629,4.754,,,THOMSON ROAD,0.0
thomson_road,Thomson Road,4468.0,29190.877,33415.084,4.508,4.508,4.754,,,THOMSON ROAD,0.0
thomson_road,Thomson Road,4470.0,29191.641,33413.236,4.535,4.754,4.754,4.335,1.0,THOMSON ROAD,0.0
thomson_road,Thomson Road,4472.0,29192.404,33411.388,4.429,4.999,4.999,4.787,1.0,THOMSON ROAD,0.0
thomson_road,Thomson Road,4474.0,29193.168,33409.539,5.245,5.245,5.101,,,THOMSON ROAD,0.0
thomson_road,Thomson Road,4476.0,29193.932,33407.691,5.101,5.101,5.137,,,THOMSON ROAD,0.0
thomson_road,Thomson Road,4478.0,29194.696,33405.843,5.137,5.137,5.245,0.527,1.0,THOMSON ROAD,0.0
thomson_road,Thomson Road,4480.0,29195.363,33403.958,5.351,5.351,5.143,0.075,1.0,THOMSON ROAD,0.0
thomson_road,Thomson Road,4482.0,29195.987,33402.058,5.42,5.42,5.143,,,THOMSON ROAD,0.0
thomson_road,Thomson Road,4484.0,29196.611,33400.158,5.143,5.143,5.143,,,THOMSON ROAD,0.0
thomson_road,Thomson Road,4486.0,29197.235,33398.258,5.591,5.081,5.081,-1.541,1.0,THOMSON ROAD,0.0
thomson_road,Thomson Road,4488.0,29197.858,33396.357,5.135,5.019,5.019,-1.541,1.0,THOMSON ROAD,0.0
thomson_road,Thomson Road,4490.0,29198.482,33394.457,4.958,4.958,5.019,,,THOMSON ROAD,0.0
thomson_road,Thomson Road,4492.0,29199.106,33392.557,4.908,4.908,5.019,,,THOMSON ROAD,0.0
thomson_road,Thomson Road,4494.0,29199.73,33390.657,5.033,5.033,5.033,,,THOMSON ROAD,0.0
thomson_road,Thomson Road,4496.0,29200.353,33388.756,5.397,5.047,5.047,0.683,1.0,THOMSON ROAD,0.0
thomson_road,Thomson Road,4498.0,29200.977,33386.856,5.014,5.06,5.06,0.735,1.0,THOMSON ROAD,0.0
thomson_road,Thomson Road,4500.0,29201.601,33384.956,5.074,5.074,5.074,,,THOMSON ROAD,0.0
thomson_road,Thomson Road,4502.0,29202.225,33383.056,5.092,5.092,5.092,,,THOMSON ROAD,0.0
thomson_road,Thomson Road,4504.0,29202.848,33381.155,5.661,5.1,5.1,0.329,1.0,THOMSON ROAD,0.0
thomson_road,Thomson Road,4506.0,29203.453,33379.249,5.019,5.109,5.1,0.021,1.0,THOMSON ROAD,0.0
thomson_road,Thomson Road,4508.0,29204.051,33377.341,5.117,5.117,5.1,,,THOMSON ROAD,0.0
thomson_road,Thomson Road,4510.0,29204.649,33375.432,4.817,4.817,5.094,,,THOMSON ROAD,0.0
thomson_road,Thomson Road,4512.0,29205.247,33373.524,4.905,4.905,5.094,-0.085,1.0,THOMSON ROAD,0.0
thomson_road,Thomson Road,4514.0,29205.845,33371.615,5.094,5.094,4.998,0.166,1.0,THOMSON ROAD,0.0
thomson_road,Thomson Road,4516.0,29206.443,33369.707,5.187,5.187,5.094,1.165,1.0,THOMSON ROAD,0.0
thomson_road,Thomson Road,4518.0,29207.041,33367.798,4.998,4.998,5.107,3.495,1.0,THOMSON ROAD,0.0
thomson_road,Thomson Road,4520.0,29207.639,33365.89,5.107,5.107,5.187,2.666,1.0,THOMSON ROAD,0.0
thomson_road,Thomson Road,4522.0,29208.237,33363.981,5.278,5.278,5.278,2.5,1.0,THOMSON ROAD,0.0
thomson_road,Thomson Road,4524.0,29208.835,33362.073,5.307,5.307,5.307,1.502,1.0,THOMSON ROAD,0.0
thomson_road,Thomson Road,4526.0,29209.433,33360.164,5.319,5.319,5.307,,,THOMSON ROAD,0.0
thomson_road,Thomson Road,4528.0,29210.031,33358.256,5.505,5.505,5.307,,,THOMSON ROAD,0.0
thomson_road,Thomson Road,4530.0,29210.629,33356.347,5.495,5.233,5.233,-7.731,1.0,THOMSON ROAD,0.0
thomson_road,Thomson Road,4532.0,29211.228,33354.439,5.288,4.961,4.961,-8.856,2.0,THOMSON ROAD,0.0
thomson_road,Thomson Road,4534.0,29211.826,33352.53,4.688,4.688,4.688,,,THOMSON ROAD,0.0
thomson_road,Thomson Road,4536.0,29212.424,33350.622,4.598,4.598,4.598,,,THOMSON ROAD,0.0
thomson_road,Thomson Road,4538.0,29213.022,33348.713,4.543,4.543,4.543,-3.821,1.0,THOMSON ROAD,0.0
thomson_road,Thomson Road,4540.0,29213.62,33346.805,4.372,4.372,4.383,-2.696,1.0,THOMSON ROAD,0.0
thomson_road,Thomson Road,4542.0,29214.218,33344.896,4.383,4.383,4.383,-2.008,1.0,THOMSON ROAD,0.0
thomson_road,Thomson Road,4544.0,29214.816,33342.988,4.372,4.372,4.383,-0.139,1.0,THOMSON ROAD,0.0
thomson_road,Thomson Road,4546.0,29215.414,33341.079,4.388,4.388,4.383,-0.631,1.0,THOMSON ROAD,0.0
thomson_road,Thomson Road,4548.0,29216.012,33339.171,4.466,4.466,4.372,-2.427,1.0,THOMSON ROAD,0.0
thomson_road,Thomson Road,4550.0,29216.61,33337.262,4.332,4.332,4.332,-4.222,1.0,THOMSON ROAD,0.0
thomson_road,Thomson Road,4552.0,29217.208,33335.354,3.577,4.045,4.045,,,THOMSON ROAD,0.0
thomson_road,Thomson Road,4554.0,29217.806,33333.445,3.758,3.758,4.045,,,THOMSON ROAD,0.0
thomson_road,Thomson Road,4556.0,29218.404,33331.537,3.77,4.0,4.045,,,THOMSON ROAD,0.0
thomson_road,Thomson Road,4558.0,29219.002,33329.628,3.923,4.243,4.243,5.508,1.0,THOMSON ROAD,0.0
thomson_road,Thomson Road,4560.0,29219.607,33327.722,4.486,4.486,4.486,,,THOMSON ROAD,0.0
thomson_road,Thomson Road,4562.0,29220.227,33325.82,4.523,4.523,4.486,,,THOMSON ROAD,0.0
thomson_road,Thomson Road,4564.0,29220.852,33323.921,4.769,4.769,4.523,0.001,1.0,THOMSON ROAD,0.0
thomson_road,Thomson Road,4566.0,29221.478,33322.021,4.486,4.486,4.523,-0.543,1.0,THOMSON ROAD,0.0
thomson_road,Thomson Road,4568.0,29222.104,33320.122,4.574,4.574,4.486,-2.763,1.0,THOMSON ROAD,0.0
thomson_road,Thomson Road,4570.0,29222.73,33318.222,4.442,4.442,4.442,,,THOMSON ROAD,0.0
thomson_road,Thomson Road,4572.0,29223.356,33316.323,4.302,4.302,4.302,,,THOMSON ROAD,0.0
thomson_road,Thomson Road,4574.0,29223.981,33314.423,5.576,4.19,4.19,,,THOMSON ROAD,0.0
thomson_road,Thomson Road,4576.0,29224.607,33312.523,6.525,4.079,4.079,,,THOMSON ROAD,0.0
thomson_road,Thomson Road,4578.0,29225.233,33310.624,6.541,3.967,3.967,,,THOMSON ROAD,0.0
thomson_road,Thomson Road,4580.0,29225.859,33308.724,3.927,3.855,3.948,,,THOMSON ROAD,0.0
thomson_road,Thomson Road,4582.0,29226.485,33306.825,3.743,3.743,3.948,,,THOMSON ROAD,0.0
thomson_road,Thomson Road,4584.0,29227.11,33304.925,3.743,3.948,3.948,,,THOMSON ROAD,0.0
thomson_road,Thomson Road,4586.0,29227.736,33303.026,4.02,4.153,4.153,5.051,1.0,THOMSON ROAD,0.0
thomson_road,Thomson Road,4588.0,29228.362,33301.126,4.359,4.359,4.352,,,THOMSON ROAD,0.0
thomson_road,Thomson Road,4590.0,29228.988,33299.226,4.352,4.352,4.352,,,THOMSON ROAD,0.0
thomson_road,Thomson Road,4592.0,29229.613,33297.327,4.352,4.352,4.352,,,THOMSON ROAD,0.0
thomson_road,Thomson Road,4594.0,29230.239,33295.427,4.502,4.502,4.352,-1.379,1.0,THOMSON ROAD,0.0
thomson_road,Thomson Road,4596.0,29230.865,33293.528,4.765,4.242,4.242,-1.618,1.0,THOMSON ROAD,0.0
thomson_road,Thomson Road,4598.0,29231.491,33291.628,3.982,3.982,4.242,-1.896,1.0,THOMSON ROAD,0.0
thomson_road,Thomson Road,4600.0,29232.117,33289.728,3.957,3.957,4.223,-1.207,1.0,THOMSON ROAD,0.0
thomson_road,Thomson Road,4602.0,29232.742,33287.829,4.245,4.245,4.201,-0.517,1.0,THOMSON ROAD,0.0
thomson_road,Thomson Road,4604.0,29233.368,33285.929,5.987,4.223,4.201,,,THOMSON ROAD,0.0
thomson_road,Thomson Road,4606.0,29233.994,33284.03,6.174,4.201,4.201,,,THOMSON ROAD,0.0
thomson_road,Thomson Road,4608.0,29234.62,33282.13,4.178,3.965,3.965,-8.844,2.0,THOMSON ROAD,0.0
thomson_road,Thomson Road,4610.0,29235.246,33280.231,5.727,3.729,3.729,-9.0,2.0,THOMSON ROAD,0.0
thomson_road,Thomson Road,4612.0,29235.871,33278.331,3.493,3.493,3.493,,,THOMSON ROAD,0.0
thomson_road,Thomson Road,4614.0,29236.497,33276.431,3.481,3.481,3.481,,,THOMSON ROAD,0.0
thomson_road,Thomson Road,4616.0,29237.123,33274.532,3.456,3.456,3.456,-1.094,1.0,THOMSON ROAD,0.0
thomson_road,Thomson Road,4618.0,29237.749,33272.632,3.443,3.443,3.443,-0.938,1.0,THOMSON ROAD,0.0
thomson_road,Thomson Road,4620.0,29238.375,33270.733,3.406,3.406,3.406,-0.625,1.0,THOMSON ROAD,0.0
thomson_road,Thomson Road,4622.0,29239.0,33268.833,3.406,3.406,3.406,-0.469,1.0,THOMSON ROAD,0.0
thomson_road,Thomson Road,4624.0,29239.626,33266.934,3.406,3.406,3.406,0.0,1.0,THOMSON ROAD,0.0
thomson_road,Thomson Road,4626.0,29240.252,33265.034,3.406,3.406,3.406,0.0,1.0,THOMSON ROAD,0.0
thomson_road,Thomson Road,4628.0,29240.878,33263.134,3.406,3.406,3.406,0.0,1.0,THOMSON ROAD,0.0
thomson_road,Thomson Road,4630.0,29241.504,33261.235,3.406,3.406,3.406,0.0,1.0,THOMSON ROAD,0.0
thomson_road,Thomson Road,4632.0,29242.128,33259.335,3.406,3.406,3.406,0.0,1.0,THOMSON ROAD,0.0
thomson_road,Thomson Road,4634.0,29242.736,33257.429,3.406,3.406,3.406,1.406,1.0,THOMSON ROAD,0.0
thomson_road,Thomson Road,4636.0,29243.343,33255.524,3.406,3.406,3.406,3.427,1.0,THOMSON ROAD,0.0
thomson_road,Thomson Road,4638.0,29243.951,33253.619,3.518,3.518,3.518,3.427,1.0,THOMSON ROAD,0.0
thomson_road,Thomson Road,4640.0,29244.56,33251.713,3.68,3.68,3.68,3.427,1.0,THOMSON ROAD,0.0
thomson_road,Thomson Road,4642.0,29245.168,33249.808,3.703,3.703,3.68,0.753,1.0,THOMSON ROAD,0.0
thomson_road,Thomson Road,4644.0,29245.783,33247.905,3.848,3.848,3.68,-1.63,1.0,THOMSON ROAD,0.0
thomson_road,Thomson Road,4646.0,29246.415,33246.008,3.578,3.578,3.578,-1.63,1.0,THOMSON ROAD,0.0
thomson_road,Thomson Road,4648.0,29247.048,33244.11,3.543,3.543,3.549,-0.019,1.0,THOMSON ROAD,0.0
thomson_road,Thomson Road,4650.0,29247.68,33242.213,3.393,3.393,3.549,1.591,1.0,THOMSON ROAD,0.0
thomson_road,Thomson Road,4652.0,29248.312,33240.315,3.393,3.549,3.549,1.953,1.0,THOMSON ROAD,0.0
thomson_road,Thomson Road,4654.0,29248.945,33238.418,3.706,3.706,3.706,2.188,1.0,THOMSON ROAD,0.0
thomson_road,Thomson Road,4656.0,29249.577,33236.521,3.706,3.706,3.706,,,THOMSON ROAD,0.0
thomson_road,Thomson Road,4658.0,29250.209,33234.623,3.724,3.724,3.724,,,THOMSON ROAD,0.0
thomson_road,Thomson Road,4660.0,29250.842,33232.726,3.906,3.906,3.756,,,THOMSON ROAD,0.0
thomson_road,Thomson Road,4662.0,29251.474,33230.828,3.493,3.756,3.906,,,THOMSON ROAD,0.0
thomson_road,Thomson Road,4664.0,29252.107,33228.931,3.606,4.001,4.001,,,THOMSON ROAD,0.0
thomson_road,Thomson Road,4666.0,29252.739,33227.034,3.838,4.246,4.246,,,THOMSON ROAD,0.0
thomson_road,Thomson Road,4668.0,29253.371,33225.136,3.588,4.491,4.491,,,THOMSON ROAD,0.0
thomson_road,Thomson Road,4670.0,29253.981,33223.231,3.508,4.635,4.623,,,THOMSON ROAD,0.0
thomson_road,Thomson Road,4672.0,29254.573,33221.321,5.481,4.778,4.623,,,THOMSON ROAD,0.0
thomson_road,Thomson Road,4674.0,29255.166,33219.411,7.182,4.623,4.623,,,THOMSON ROAD,0.0
thomson_road,Thomson Road,4676.0,29255.758,33217.501,5.794,4.468,4.468,,,THOMSON ROAD,0.0
thomson_road,Thomson Road,4678.0,29256.351,33215.591,5.794,4.313,4.313,,,THOMSON ROAD,0.0
thomson_road,Thomson Road,4680.0,29256.943,33213.68,4.158,4.158,4.158,,,THOMSON ROAD,0.0
thomson_road,Thomson Road,4682.0,29257.536,33211.77,4.0,4.0,4.0,,,THOMSON ROAD,0.0
thomson_road,Thomson Road,4684.0,29258.128,33209.86,3.878,3.739,3.739,-7.313,1.0,THOMSON ROAD,0.0
thomson_road,Thomson Road,4686.0,29258.721,33207.95,3.478,3.478,3.573,-6.526,1.0,THOMSON ROAD,0.0
thomson_road,Thomson Road,4688.0,29259.314,33206.04,3.573,3.573,3.573,-4.273,1.0,THOMSON ROAD,0.0
thomson_road,Thomson Road,4690.0,29259.907,33204.13,3.573,3.573,3.478,-2.019,1.0,THOMSON ROAD,0.0
thomson_road,Thomson Road,4692.0,29260.499,33202.219,3.399,3.399,3.431,-2.019,1.0,THOMSON ROAD,0.0
thomson_road,Thomson Road,4694.0,29261.092,33200.309,3.406,3.406,3.412,-0.832,1.0,THOMSON ROAD,0.0
thomson_road,Thomson Road,4696.0,29261.684,33198.399,3.431,3.431,3.412,-0.234,1.0,THOMSON ROAD,0.0
thomson_road,Thomson Road,4698.0,29262.277,33196.489,3.412,3.412,3.412,0.0,1.0,THOMSON ROAD,0.0
thomson_road,Thomson Road,4700.0,29262.869,33194.579,3.412,3.412,3.412,0.078,1.0,THOMSON ROAD,0.0
thomson_road,Thomson Road,4702.0,29263.462,33192.668,3.399,3.399,3.412,,,THOMSON ROAD,0.0
thomson_road,Thomson Road,4704.0,29264.055,33190.758,3.418,3.418,3.418,,,THOMSON ROAD,0.0
thomson_road,Thomson Road,4706.0,29264.647,33188.848,3.412,3.64,3.64,,,THOMSON ROAD,0.0
thomson_road,Thomson Road,4708.0,29265.24,33186.938,7.159,3.926,3.926,,,THOMSON ROAD,0.0
thomson_road,Thomson Road,4710.0,29265.832,33185.028,7.147,4.212,4.212,,,THOMSON ROAD,0.0
thomson_road,Thomson Road,4712.0,29266.425,33183.117,7.093,4.498,4.498,,,THOMSON ROAD,0.0
thomson_road,Thomson Road,4714.0,29267.018,33181.207,5.214,4.784,4.498,,,THOMSON ROAD,0.0
thomson_road,Thomson Road,4716.0,29267.61,33179.297,5.092,4.613,4.498,,,THOMSON ROAD,0.0
thomson_road,Thomson Road,4718.0,29268.203,33177.387,5.092,4.443,4.443,,,THOMSON ROAD,0.0
thomson_road,Thomson Road,4720.0,29268.795,33175.477,4.57,4.272,4.272,,,THOMSON ROAD,0.0
thomson_road,Thomson Road,4722.0,29269.388,33173.567,3.832,4.101,4.101,,,THOMSON ROAD,0.0
thomson_road,Thomson Road,4724.0,29269.981,33171.656,3.362,3.93,4.101,,,THOMSON ROAD,0.0
thomson_road,Thomson Road,4726.0,29270.573,33169.746,3.837,4.029,4.101,,,THOMSON ROAD,0.0
thomson_road,Thomson Road,4728.0,29271.166,33167.836,3.887,4.127,4.127,,,THOMSON ROAD,0.0
thomson_road,Thomson Road,4730.0,29271.758,33165.926,4.226,4.226,4.226,,,THOMSON ROAD,0.0
thomson_road,Thomson Road,4732.0,29272.351,33164.016,4.457,4.457,4.312,,,THOMSON ROAD,0.0
thomson_road,Thomson Road,4734.0,29272.944,33162.105,4.312,4.312,4.381,,,THOMSON ROAD,0.0
thomson_road,Thomson Road,4736.0,29273.536,33160.195,3.962,4.381,4.45,2.578,1.0,THOMSON ROAD,0.0
thomson_road,Thomson Road,4738.0,29274.129,33158.285,3.903,4.45,4.45,,,THOMSON ROAD,0.0
thomson_road,Thomson Road,4740.0,29274.721,33156.375,4.518,4.518,4.518,,,THOMSON ROAD,0.0
thomson_road,Thomson Road,4742.0,29275.314,33154.465,4.525,4.742,4.742,,,THOMSON ROAD,0.0
thomson_road,Thomson Road,4744.0,29275.907,33152.554,4.965,4.965,4.965,7.925,1.0,THOMSON ROAD,0.0
thomson_road,Thomson Road,4746.0,29276.499,33150.644,5.009,5.152,5.152,,,THOMSON ROAD,0.0
thomson_road,Thomson Road,4748.0,29277.092,33148.734,5.339,5.339,5.152,,,THOMSON ROAD,0.0
thomson_road,Thomson Road,4750.0,29277.684,33146.824,5.801,5.207,5.152,,,THOMSON ROAD,0.0
thomson_road,Thomson Road,4752.0,29278.277,33144.914,5.428,5.074,5.074,-2.851,1.0,THOMSON ROAD,0.0
thomson_road,Thomson Road,4754.0,29278.87,33143.003,5.334,4.941,4.941,,,THOMSON ROAD,0.0
thomson_road,Thomson Road,4756.0,29279.451,33141.09,4.809,4.809,4.924,,,THOMSON ROAD,0.0
thomson_road,Thomson Road,4758.0,29280.006,33139.168,4.924,4.924,4.809,,,THOMSON ROAD,0.0
thomson_road,Thomson Road,4760.0,29280.561,33137.247,4.78,4.78,4.78,-8.438,1.0,THOMSON ROAD,0.0
thomson_road,Thomson Road,4762.0,29281.117,33135.326,4.534,4.534,4.534,,,THOMSON ROAD,0.0
thomson_road,Thomson Road,4764.0,29281.672,33133.404,4.249,4.249,4.249,,,THOMSON ROAD,0.0
thomson_road,Thomson Road,4766.0,29282.227,33131.483,3.743,4.169,4.169,,,THOMSON ROAD,0.0
thomson_road,Thomson Road,4768.0,29282.783,33129.562,4.083,4.088,4.088,,,THOMSON ROAD,0.0
thomson_road,Thomson Road,4770.0,29283.338,33127.64,4.468,4.008,4.008,,,THOMSON ROAD,0.0
thomson_road,Thomson Road,4772.0,29283.893,33125.719,4.215,3.927,3.927,,,THOMSON ROAD,0.0
thomson_road,Thomson Road,4774.0,29284.449,33123.798,3.847,3.847,3.847,,,THOMSON ROAD,0.0
thomson_road,Thomson Road,4776.0,29285.004,33121.876,3.733,3.733,3.811,,,THOMSON ROAD,0.0
thomson_road,Thomson Road,4778.0,29285.56,33119.955,3.811,3.811,3.733,,,THOMSON ROAD,0.0
thomson_road,Thomson Road,4780.0,29286.115,33118.034,3.575,3.575,3.731,-1.008,1.0,THOMSON ROAD,0.0
thomson_road,Thomson Road,4782.0,29286.67,33116.112,3.406,3.653,3.731,-0.025,1.0,THOMSON ROAD,0.0
thomson_road,Thomson Road,4784.0,29287.226,33114.191,3.731,3.731,3.731,0.0,1.0,THOMSON ROAD,0.0
thomson_road,Thomson Road,4786.0,29287.781,33112.27,3.902,3.902,3.731,-0.58,1.0,THOMSON ROAD,0.0
thomson_road,Thomson Road,4788.0,29288.336,33110.348,3.881,3.881,3.731,-1.161,1.0,THOMSON ROAD,0.0
thomson_road,Thomson Road,4790.0,29288.892,33108.427,3.638,3.638,3.653,,,THOMSON ROAD,0.0
thomson_road,Thomson Road,4792.0,29289.447,33106.506,3.653,3.653,3.638,,,THOMSON ROAD,0.0
thomson_road,Thomson Road,4794.0,29290.002,33104.584,4.486,3.602,3.602,,,THOMSON ROAD,0.0
thomson_road,Thomson Road,4796.0,29290.558,33102.663,3.724,3.55,3.55,-1.247,1.0,THOMSON ROAD,0.0
thomson_road,Thomson Road,4798.0,29291.113,33100.741,3.396,3.499,3.55,,,THOMSON ROAD,0.0
thomson_road,Thomson Road,4800.0,29291.669,33098.82,3.447,3.447,3.538,,,THOMSON ROAD,0.0
thomson_road,Thomson Road,4802.0,29292.224,33096.899,3.736,3.736,3.499,,,THOMSON ROAD,0.0
thomson_road,Thomson Road,4804.0,29292.779,33094.977,3.908,3.538,3.447,-3.156,1.0,THOMSON ROAD,0.0
thomson_road,Thomson Road,4806.0,29293.335,33093.056,3.34,3.34,3.34,,,THOMSON ROAD,0.0
thomson_road,Thomson Road,4808.0,29293.89,33091.135,3.285,3.285,3.285,,,THOMSON ROAD,0.0
thomson_road,Thomson Road,4810.0,29294.441,33089.212,3.546,2.995,2.995,-5.83,1.0,THOMSON ROAD,0.0
thomson_road,Thomson Road,4812.0,29294.978,33087.286,2.704,2.704,2.873,,,THOMSON ROAD,0.0
thomson_road,Thomson Road,4814.0,29295.514,33085.359,2.694,2.694,2.873,,,THOMSON ROAD,0.0
thomson_road,Thomson Road,4816.0,29296.051,33083.432,2.684,2.873,2.873,2.233,1.0,THOMSON ROAD,0.0
thomson_road,Thomson Road,4818.0,29296.588,33081.506,3.052,3.052,2.998,2.545,1.0,THOMSON ROAD,0.0
thomson_road,Thomson Road,4820.0,29297.124,33079.579,3.077,3.077,3.052,,,THOMSON ROAD,0.0
thomson_road,Thomson Road,4822.0,29297.661,33077.652,2.998,2.998,3.077,,,THOMSON ROAD,0.0
thomson_road,Thomson Road,4824.0,29298.229,33075.736,3.135,3.135,3.135,3.333,1.0,THOMSON ROAD,0.0
thomson_road,Thomson Road,4826.0,29298.909,33073.855,3.456,3.302,3.302,3.021,1.0,THOMSON ROAD,0.0
thomson_road,Thomson Road,4828.0,29299.59,33071.974,3.468,3.468,3.318,2.292,1.0,THOMSON ROAD,0.0
thomson_road,Thomson Road,4830.0,29300.271,33070.094,3.402,3.402,3.318,-0.911,1.0,THOMSON ROAD,0.0
thomson_road,Thomson Road,4832.0,29300.951,33068.213,3.318,3.318,3.318,-4.115,1.0,THOMSON ROAD,0.0
thomson_road,Thomson Road,4834.0,29301.632,33066.332,3.031,3.031,3.031,-4.167,1.0,THOMSON ROAD,0.0
thomson_road,Thomson Road,4836.0,29302.313,33064.452,2.989,2.989,2.989,-4.427,1.0,THOMSON ROAD,0.0
thomson_road,Thomson Road,4838.0,29302.993,33062.571,2.964,2.964,2.985,-0.833,1.0,THOMSON ROAD,0.0
thomson_road,Thomson Road,4840.0,29303.674,33060.691,2.948,2.948,2.964,-0.313,1.0,THOMSON ROAD,0.0
thomson_road,Thomson Road,4842.0,29304.355,33058.81,2.985,2.985,2.964,-0.26,1.0,THOMSON ROAD,0.0
thomson_road,Thomson Road,4844.0,29305.035,33056.929,2.964,2.964,2.964,-0.052,1.0,THOMSON ROAD,0.0
thomson_road,Thomson Road,4846.0,29305.716,33055.049,2.968,2.968,2.964,-0.052,1.0,THOMSON ROAD,0.0
thomson_road,Thomson Road,4848.0,29306.397,33053.168,2.943,2.943,2.96,-0.26,1.0,THOMSON ROAD,0.0
thomson_road,Thomson Road,4850.0,29307.077,33051.288,2.885,2.885,2.96,-0.26,1.0,THOMSON ROAD,0.0
thomson_road,Thomson Road,4852.0,29307.758,33049.407,2.96,2.96,2.943,0.0,1.0,THOMSON ROAD,0.0
thomson_road,Thomson Road,4854.0,29308.424,33047.521,3.11,3.11,2.943,-0.208,1.0,THOMSON ROAD,0.0
thomson_road,Thomson Road,4856.0,29309.068,33045.628,2.943,2.943,2.96,-0.0,1.0,THOMSON ROAD,0.0
thomson_road,Thomson Road,4858.0,29309.712,33043.734,2.943,2.943,2.943,0.0,1.0,THOMSON ROAD,0.0
thomson_road,Thomson Road,4860.0,29310.356,33041.841,2.968,2.968,2.943,0.044,1.0,THOMSON ROAD,0.0
thomson_road,Thomson Road,4862.0,29311.0,33039.947,2.928,2.928,2.943,0.253,1.0,THOMSON ROAD,0.0
thomson_road,Thomson Road,4864.0,29311.644,33038.054,2.907,2.907,2.964,0.292,1.0,THOMSON ROAD,0.0
thomson_road,Thomson Road,4866.0,29312.288,33036.16,2.964,2.964,2.964,1.331,1.0,THOMSON ROAD,0.0
thomson_road,Thomson Road,4868.0,29312.932,33034.267,2.967,2.967,2.967,3.894,1.0,THOMSON ROAD,0.0
thomson_road,Thomson Road,4870.0,29313.576,33032.373,3.05,3.05,3.05,6.458,1.0,THOMSON ROAD,0.0
thomson_road,Thomson Road,4872.0,29314.22,33030.48,3.552,3.304,3.304,7.078,1.0,THOMSON ROAD,0.0
thomson_road,Thomson Road,4874.0,29314.864,33028.587,3.558,3.558,3.48,6.351,1.0,THOMSON ROAD,0.0
thomson_road,Thomson Road,4876.0,29315.508,33026.693,3.533,3.533,3.533,4.304,1.0,THOMSON ROAD,0.0
thomson_road,Thomson Road,4878.0,29316.152,33024.8,3.48,3.48,3.558,2.257,1.0,THOMSON ROAD,0.0
thomson_road,Thomson Road,4880.0,29316.796,33022.906,3.661,3.661,3.661,1.597,1.0,THOMSON ROAD,0.0
thomson_road,Thomson Road,4882.0,29317.44,33021.013,3.661,3.661,3.661,0.035,1.0,THOMSON ROAD,0.0
thomson_road,Thomson Road,4884.0,29318.084,33019.119,3.864,3.864,3.661,-1.528,1.0,THOMSON ROAD,0.0
thomson_road,Thomson Road,4886.0,29318.728,33017.226,3.844,3.701,3.661,-2.24,1.0,THOMSON ROAD,0.0
thomson_road,Thomson Road,4888.0,29319.372,33015.332,3.539,3.539,3.539,-2.951,1.0,THOMSON ROAD,0.0
thomson_road,Thomson Road,4890.0,29320.016,33013.439,3.143,3.455,3.455,-2.188,1.0,THOMSON ROAD,0.0
thomson_road,Thomson Road,4892.0,29320.66,33011.545,3.372,3.372,3.425,-1.424,1.0,THOMSON ROAD,0.0
thomson_road,Thomson Road,4894.0,29321.304,33009.652,3.372,3.372,3.425,-0.313,1.0,THOMSON ROAD,0.0
thomson_road,Thomson Road,4896.0,29321.948,33007.758,3.425,3.425,3.425,0.799,1.0,THOMSON ROAD,0.0
thomson_road,Thomson Road,4898.0,29322.592,33005.865,3.425,3.425,3.425,1.849,1.0,THOMSON ROAD,0.0
thomson_road,Thomson Road,4900.0,29323.236,33003.971,3.489,3.489,3.489,2.899,1.0,THOMSON ROAD,0.0
thomson_road,Thomson Road,4902.0,29323.88,33002.078,4.08,3.657,3.657,2.899,1.0,THOMSON ROAD,0.0
thomson_road,Thomson Road,4904.0,29324.524,33000.184,3.825,3.825,3.657,,,THOMSON ROAD,0.0
thomson_road,Thomson Road,4906.0,29325.168,32998.291,3.855,3.855,3.657,,,THOMSON ROAD,0.0
thomson_road,Thomson Road,4908.0,29325.812,32996.397,3.761,3.644,3.644,-4.358,1.0,THOMSON ROAD,0.0
thomson_road,Thomson Road,4910.0,29326.456,32994.504,3.432,3.432,3.432,-4.358,1.0,THOMSON ROAD,0.0
thomson_road,Thomson Road,4912.0,29327.1,32992.61,3.24,3.24,3.308,-2.957,1.0,THOMSON ROAD,0.0
thomson_road,Thomson Road,4914.0,29327.744,32990.717,3.308,3.308,3.308,-1.556,1.0,THOMSON ROAD,0.0
thomson_road,Thomson Road,4916.0,29328.388,32988.823,3.291,3.291,3.291,2.047,1.0,THOMSON ROAD,0.0
thomson_road,Thomson Road,4918.0,29329.032,32986.93,3.475,3.475,3.308,3.315,1.0,THOMSON ROAD,0.0
thomson_road,Thomson Road,4920.0,29329.676,32985.036,3.285,3.285,3.472,4.583,1.0,THOMSON ROAD,0.0
thomson_road,Thomson Road,4922.0,29330.32,32983.143,3.897,3.472,3.475,5.313,1.0,THOMSON ROAD,0.0
thomson_road,Thomson Road,4924.0,29330.964,32981.25,3.658,3.658,3.658,4.238,1.0,THOMSON ROAD,0.0
thomson_road,Thomson Road,4926.0,29331.608,32979.356,3.733,3.733,3.733,4.428,1.0,THOMSON ROAD,0.0
thomson_road,Thomson Road,4928.0,29332.252,32977.463,3.827,3.827,3.811,4.618,1.0,THOMSON ROAD,0.0
thomson_road,Thomson Road,4930.0,29332.896,32975.569,3.811,3.811,3.827,6.845,1.0,THOMSON ROAD,0.0
thomson_road,Thomson Road,4932.0,29333.54,32973.676,4.027,4.027,4.027,9.071,2.0,THOMSON ROAD,0.0
thomson_road,Thomson Road,4934.0,29334.184,32971.782,4.502,4.282,4.282,9.346,2.0,THOMSON ROAD,0.0
thomson_road,Thomson Road,4936.0,29334.676,32969.845,4.536,4.536,4.536,,,THOMSON ROAD,0.0
thomson_road,Thomson Road,4938.0,29335.122,32967.896,4.575,4.575,4.575,,,THOMSON ROAD,0.0
thomson_road,Thomson Road,4940.0,29335.568,32965.946,4.229,4.83,4.83,,,THOMSON ROAD,0.0
thomson_road,Thomson Road,4942.0,29336.014,32963.997,5.304,5.084,5.084,,,THOMSON ROAD,0.0
thomson_road,Thomson Road,4944.0,29336.46,32962.047,5.646,5.339,5.339,,,THOMSON ROAD,0.0
thomson_road,Thomson Road,4946.0,29336.906,32960.097,9.441,5.593,5.593,,,THOMSON ROAD,0.0
thomson_road,Thomson Road,4948.0,29337.352,32958.148,8.889,5.848,5.848,,,THOMSON ROAD,0.0
thomson_road,Thomson Road,4950.0,29337.799,32956.198,12.091,6.103,6.103,,,THOMSON ROAD,0.0
thomson_road,Thomson Road,4952.0,29338.245,32954.249,9.696,6.357,6.357,,,THOMSON ROAD,0.0
thomson_road,Thomson Road,4954.0,29338.691,32952.299,10.141,6.612,6.612,,,THOMSON ROAD,0.0
thomson_road,Thomson Road,4956.0,29339.137,32950.349,5.06,6.866,6.866,,,THOMSON ROAD,0.0
thomson_road,Thomson Road,4958.0,29339.583,32948.4,8.776,7.121,7.121,,,THOMSON ROAD,0.0
thomson_road,Thomson Road,4960.0,29340.029,32946.45,4.845,7.376,7.376,,,THOMSON ROAD,0.0
thomson_road,Thomson Road,4962.0,29340.475,32944.5,4.866,7.63,7.63,,,THOMSON ROAD,0.0
thomson_road,Thomson Road,4964.0,29340.921,32942.551,10.885,7.885,7.885,,,THOMSON ROAD,0.0
thomson_road,Thomson Road,4966.0,29341.367,32940.601,9.61,8.139,8.139,,,THOMSON ROAD,0.0
thomson_road,Thomson Road,4968.0,29341.813,32938.652,6.299,8.394,8.394,,,THOMSON ROAD,0.0
thomson_road,Thomson Road,4970.0,29342.26,32936.702,6.852,8.649,8.649,,,THOMSON ROAD,0.0
thomson_road,Thomson Road,4972.0,29342.706,32934.752,5.446,8.93,8.93,,,THOMSON ROAD,0.0
thomson_road,Thomson Road,4974.0,29343.152,32932.803,10.86,9.21,9.21,,,THOMSON ROAD,0.0
thomson_road,Thomson Road,4976.0,29343.598,32930.853,9.599,9.507,9.507,,,THOMSON ROAD,0.0
thomson_road,Thomson Road,4978.0,29344.044,32928.904,7.349,9.804,9.804,,,THOMSON ROAD,0.0
thomson_road,Thomson Road,4980.0,29344.49,32926.954,9.735,10.1,10.1,,,THOMSON ROAD,0.0
thomson_road,Thomson Road,4982.0,29344.936,32925.004,10.65,10.375,10.375,,,THOMSON ROAD,0.0
thomson_road,Thomson Road,4984.0,29345.382,32923.055,11.313,10.65,10.513,,,THOMSON ROAD,0.0
thomson_road,Thomson Road,4986.0,29345.829,32921.105,4.538,10.65,10.65,,,THOMSON ROAD,0.0
