path_key,source_project,chainage_m,x_svy21,y_svy21,elevation_m_raw,elevation_m_filtered,elevation_m_smooth,gradient_pct,Grade,nearest_road_name,nearest_road_dist_m
bukit_timah_road,Bukit Timah Road,0.0,21940.397,35525.286,16.56,19.444,19.444,,,BUKIT TIMAH ROAD,0.0
bukit_timah_road,Bukit Timah Road,2.0,21942.246,35524.524,19.444,19.444,19.31,,,BUKIT TIMAH ROAD,0.0
bukit_timah_road,Bukit Timah Road,4.0,21944.095,35523.761,19.078,19.175,19.175,,,BUKIT TIMAH ROAD,0.0
bukit_timah_road,Bukit Timah Road,6.0,21945.944,35522.999,19.016,18.906,18.906,,,BUKIT TIMAH ROAD,0.0
bukit_timah_road,Bukit Timah Road,8.0,21947.793,35522.236,19.49,18.288,18.288,,,BUKIT TIMAH ROAD,0.0
bukit_timah_road,Bukit Timah Road,10.0,21949.642,35521.474,20.109,17.67,17.67,,,BUKIT TIMAH ROAD,0.0
bukit_timah_road,Bukit Timah Road,12.0,21951.491,35520.712,19.399,17.052,17.052,,,BUKIT TIMAH ROAD,0.0
bukit_timah_road,Bukit Timah Road,14.0,21953.34,35519.949,17.442,,16.434,,,BUKIT TIMAH ROAD,0.0
bukit_timah_road,Bukit Timah Road,16.0,21955.189,35519.187,13.215,,15.815,,,BUKIT TIMAH ROAD,0.0
bukit_timah_road,Bukit Timah Road,18.0,21957.038,35518.425,13.168,15.197,15.197,,,BUKIT TIMAH ROAD,0.0
bukit_timah_road,Bukit Timah Road,20.0,21958.887,35517.662,13.168,14.579,14.579,,,BUKIT TIMAH ROAD,0.0
bukit_timah_road,Bukit Timah Road,22.0,21960.736,35516.9,13.118,13.961,13.961,,,BUKIT TIMAH ROAD,0.0
bukit_timah_road,Bukit Timah Road,24.0,21962.585,35516.137,13.343,13.343,13.609,,,BUKIT TIMAH ROAD,0.0
bukit_timah_road,Bukit Timah Road,26.0,21964.434,35515.375,13.343,13.343,13.609,,,BUKIT TIMAH ROAD,0.0
bukit_timah_road,Bukit Timah Road,28.0,21966.283,35514.613,14.09,13.609,13.609,0.729,1.0,BUKIT TIMAH ROAD,0.0
bukit_timah_road,Bukit Timah Road,30.0,21968.132,35513.85,13.876,13.876,13.668,,,BUKIT TIMAH ROAD,0.0
bukit_timah_road,Bukit Timah Road,32.0,21969.981,35513.088,13.826,13.826,13.668,,,BUKIT TIMAH ROAD,0.0
bukit_timah_road,Bukit Timah Road,34.0,21971.83,35512.326,13.322,13.668,13.693,0.0,1.0,BUKIT TIMAH ROAD,0.0
bukit_timah_road,Bukit Timah Road,36.0,21973.679,35511.563,13.509,13.509,13.693,-0.093,1.0,BUKIT TIMAH ROAD,0.0
bukit_timah_road,Bukit Timah Road,38.0,21975.528,35510.801,13.693,13.693,13.668,-0.311,1.0,BUKIT TIMAH ROAD,0.0
bukit_timah_road,Bukit Timah Road,40.0,21977.377,35510.038,13.764,13.764,13.66,-0.529,1.0,BUKIT TIMAH ROAD,0.0
bukit_timah_road,Bukit Timah Road,42.0,21979.226,35509.276,13.66,13.66,13.66,-0.673,1.0,BUKIT TIMAH ROAD,0.0
bukit_timah_road,Bukit Timah Road,44.0,21981.075,35508.514,13.614,13.614,13.65,-1.519,1.0,BUKIT TIMAH ROAD,0.0
bukit_timah_road,Bukit Timah Road,46.0,21982.924,35507.751,13.65,13.65,13.614,-1.676,1.0,BUKIT TIMAH ROAD,0.0
bukit_timah_road,Bukit Timah Road,48.0,21984.773,35506.989,13.422,13.422,13.539,-2.623,1.0,BUKIT TIMAH ROAD,0.0
bukit_timah_road,Bukit Timah Road,50.0,21986.622,35506.226,13.526,13.526,13.526,-2.17,1.0,BUKIT TIMAH ROAD,0.0
bukit_timah_road,Bukit Timah Road,52.0,21988.471,35505.464,13.539,13.539,13.44,-1.969,1.0,BUKIT TIMAH ROAD,0.0
bukit_timah_road,Bukit Timah Road,54.0,21990.32,35504.702,13.38,13.38,13.44,-1.831,1.0,BUKIT TIMAH ROAD,0.0
bukit_timah_road,Bukit Timah Road,56.0,21992.169,35503.939,13.44,13.44,13.381,-2.778,1.0,BUKIT TIMAH ROAD,0.0
bukit_timah_road,Bukit Timah Road,58.0,21994.018,35503.177,13.218,13.218,13.38,-3.014,1.0,BUKIT TIMAH ROAD,0.0
bukit_timah_road,Bukit Timah Road,60.0,21995.867,35502.415,13.381,13.381,13.218,-2.47,1.0,BUKIT TIMAH ROAD,0.0
bukit_timah_road,Bukit Timah Road,62.0,21997.716,35501.652,13.12,13.12,13.199,-3.242,1.0,BUKIT TIMAH ROAD,0.0
bukit_timah_road,Bukit Timah Road,64.0,21999.565,35500.89,13.199,13.199,13.184,-2.794,1.0,BUKIT TIMAH ROAD,0.0
bukit_timah_road,Bukit Timah Road,66.0,22001.414,35500.127,13.184,13.184,13.12,-2.943,1.0,BUKIT TIMAH ROAD,0.0
bukit_timah_road,Bukit Timah Road,68.0,22003.263,35499.365,12.995,12.995,12.995,-2.749,1.0,BUKIT TIMAH ROAD,0.0
bukit_timah_road,Bukit Timah Road,70.0,22005.112,35498.603,12.95,12.95,12.964,-1.958,1.0,BUKIT TIMAH ROAD,0.0
bukit_timah_road,Bukit Timah Road,72.0,22006.961,35497.84,12.861,12.861,12.964,-0.247,1.0,BUKIT TIMAH ROAD,0.0
bukit_timah_road,Bukit Timah Road,74.0,22008.81,35497.078,12.964,12.964,12.964,2.899,1.0,BUKIT TIMAH ROAD,0.0
bukit_timah_road,Bukit Timah Road,76.0,22010.659,35496.316,12.975,12.975,12.975,2.899,1.0,BUKIT TIMAH ROAD,0.0
bukit_timah_road,Bukit Timah Road,78.0,22012.508,35495.553,13.272,13.272,13.196,2.899,1.0,BUKIT TIMAH ROAD,0.0
bukit_timah_road,Bukit Timah Road,80.0,22014.357,35494.791,13.205,13.205,13.196,1.628,1.0,BUKIT TIMAH ROAD,0.0
bukit_timah_road,Bukit Timah Road,82.0,22016.206,35494.029,13.196,13.196,13.196,,,BUKIT TIMAH ROAD,0.0
bukit_timah_road,Bukit Timah Road,84.0,22018.055,35493.266,13.105,13.105,13.105,,,BUKIT TIMAH ROAD,0.0
bukit_timah_road,Bukit Timah Road,86.0,22019.904,35492.504,12.677,13.06,13.06,-2.835,1.0,BUKIT TIMAH ROAD,0.0
bukit_timah_road,Bukit Timah Road,88.0,22021.753,35491.741,12.986,13.014,13.014,-2.132,1.0,BUKIT TIMAH ROAD,0.0
bukit_timah_road,Bukit Timah Road,90.0,22023.602,35490.979,12.969,12.969,12.969,,,BUKIT TIMAH ROAD,0.0
bukit_timah_road,Bukit Timah Road,92.0,22025.451,35490.217,12.935,12.935,12.935,,,BUKIT TIMAH ROAD,0.0
bukit_timah_road,Bukit Timah Road,94.0,22027.3,35489.454,12.93,12.93,12.93,-2.5,1.0,BUKIT TIMAH ROAD,0.0
bukit_timah_road,Bukit Timah Road,96.0,22029.149,35488.692,12.819,12.819,12.819,-2.538,1.0,BUKIT TIMAH ROAD,0.0
bukit_timah_road,Bukit Timah Road,98.0,22030.998,35487.93,12.769,12.769,12.769,,,BUKIT TIMAH ROAD,0.0
bukit_timah_road,Bukit Timah Road,100.0,22032.847,35487.167,12.732,12.732,12.732,,,BUKIT TIMAH ROAD,0.0
bukit_timah_road,Bukit Timah Road,102.0,22034.696,35486.405,12.523,12.523,12.523,,,BUKIT TIMAH ROAD,0.0
bukit_timah_road,Bukit Timah Road,104.0,22036.545,35485.642,12.281,12.281,12.281,,,BUKIT TIMAH ROAD,0.0
bukit_timah_road,Bukit Timah Road,106.0,22038.394,35484.88,12.273,12.273,12.276,-3.09,1.0,BUKIT TIMAH ROAD,0.0
bukit_timah_road,Bukit Timah Road,108.0,22040.243,35484.118,12.276,12.276,12.276,0.323,1.0,BUKIT TIMAH ROAD,0.0
bukit_timah_road,Bukit Timah Road,110.0,22042.092,35483.355,12.249,12.249,12.276,1.417,1.0,BUKIT TIMAH ROAD,0.0
bukit_timah_road,Bukit Timah Road,112.0,22043.941,35482.593,12.307,12.307,12.307,1.461,1.0,BUKIT TIMAH ROAD,0.0
bukit_timah_road,Bukit Timah Road,114.0,22045.79,35481.83,12.393,12.393,12.389,1.461,1.0,BUKIT TIMAH ROAD,0.0
bukit_timah_road,Bukit Timah Road,116.0,22047.639,35481.068,12.389,12.389,12.393,1.295,1.0,BUKIT TIMAH ROAD,0.0
bukit_timah_road,Bukit Timah Road,118.0,22049.488,35480.306,12.411,12.411,12.393,0.49,1.0,BUKIT TIMAH ROAD,0.0
bukit_timah_road,Bukit Timah Road,120.0,22051.337,35479.543,12.446,12.446,12.411,0.508,1.0,BUKIT TIMAH ROAD,0.0
bukit_timah_road,Bukit Timah Road,122.0,22053.197,35478.81,12.322,12.322,12.429,0.508,1.0,BUKIT TIMAH ROAD,0.0
bukit_timah_road,Bukit Timah Road,124.0,22055.086,35478.152,12.434,12.434,12.434,0.429,1.0,BUKIT TIMAH ROAD,0.0
bukit_timah_road,Bukit Timah Road,126.0,22056.974,35477.494,12.429,12.429,12.434,0.571,1.0,BUKIT TIMAH ROAD,0.0
bukit_timah_road,Bukit Timah Road,128.0,22058.863,35476.836,12.474,12.474,12.445,0.619,1.0,BUKIT TIMAH ROAD,0.0
bukit_timah_road,Bukit Timah Road,130.0,22060.752,35476.178,12.445,12.445,12.474,1.691,1.0,BUKIT TIMAH ROAD,0.0
bukit_timah_road,Bukit Timah Road,132.0,22062.64,35475.52,12.483,12.483,12.483,1.547,1.0,BUKIT TIMAH ROAD,0.0
bukit_timah_road,Bukit Timah Road,134.0,22064.529,35474.862,12.569,12.569,12.569,1.183,1.0,BUKIT TIMAH ROAD,0.0
bukit_timah_road,Bukit Timah Road,136.0,22066.418,35474.204,12.664,12.664,12.569,-0.582,1.0,BUKIT TIMAH ROAD,0.0
bukit_timah_road,Bukit Timah Road,138.0,22068.306,35473.546,12.698,12.698,12.569,-2.347,1.0,BUKIT TIMAH ROAD,0.0
bukit_timah_road,Bukit Timah Road,140.0,22070.195,35472.888,12.806,12.498,12.498,-2.972,1.0,BUKIT TIMAH ROAD,0.0
bukit_timah_road,Bukit Timah Road,142.0,22072.084,35472.23,12.298,12.298,12.381,-2.972,1.0,BUKIT TIMAH ROAD,0.0
bukit_timah_road,Bukit Timah Road,144.0,22073.972,35471.572,12.381,12.381,12.331,-1.798,1.0,BUKIT TIMAH ROAD,0.0
bukit_timah_road,Bukit Timah Road,146.0,22075.861,35470.914,12.248,12.248,12.331,-0.625,1.0,BUKIT TIMAH ROAD,0.0
bukit_timah_road,Bukit Timah Road,148.0,22077.75,35470.256,12.331,12.331,12.331,,,BUKIT TIMAH ROAD,0.0
bukit_timah_road,Bukit Timah Road,150.0,22079.638,35469.598,12.331,12.331,12.331,,,BUKIT TIMAH ROAD,0.0
bukit_timah_road,Bukit Timah Road,152.0,22081.527,35468.94,12.698,12.553,12.553,6.771,1.0,BUKIT TIMAH ROAD,0.0
bukit_timah_road,Bukit Timah Road,154.0,22083.416,35468.282,12.598,12.776,12.776,6.771,1.0,BUKIT TIMAH ROAD,0.0
bukit_timah_road,Bukit Timah Road,156.0,22085.304,35467.624,12.998,12.998,12.873,,,BUKIT TIMAH ROAD,0.0
bukit_timah_road,Bukit Timah Road,158.0,22087.193,35466.966,12.998,12.998,12.873,,,BUKIT TIMAH ROAD,0.0
bukit_timah_road,Bukit Timah Road,160.0,22089.082,35466.308,12.873,12.873,12.873,,,BUKIT TIMAH ROAD,0.0
bukit_timah_road,Bukit Timah Road,162.0,22090.97,35465.65,12.806,12.806,12.806,,,BUKIT TIMAH ROAD,0.0
bukit_timah_road,Bukit Timah Road,164.0,22092.859,35464.992,12.781,12.567,12.567,-9.792,2.0,BUKIT TIMAH ROAD,0.0
bukit_timah_road,Bukit Timah Road,166.0,22094.748,35464.334,12.106,12.328,12.328,-10.625,2.0,BUKIT TIMAH ROAD,0.0
bukit_timah_road,Bukit Timah Road,168.0,22096.636,35463.676,12.089,12.089,12.089,,,BUKIT TIMAH ROAD,0.0
bukit_timah_road,Bukit Timah Road,170.0,22098.525,35463.018,11.956,11.956,11.956,,,BUKIT TIMAH ROAD,0.0
bukit_timah_road,Bukit Timah Road,172.0,22100.414,35462.36,12.648,11.953,11.953,-1.711,1.0,BUKIT TIMAH ROAD,0.0
bukit_timah_road,Bukit Timah Road,174.0,22102.302,35461.702,11.966,11.949,11.953,0.165,1.0,BUKIT TIMAH ROAD,0.0
bukit_timah_road,Bukit Timah Road,176.0,22104.191,35461.044,11.945,11.945,11.953,,,BUKIT TIMAH ROAD,0.0
bukit_timah_road,Bukit Timah Road,178.0,22106.08,35460.386,11.97,11.97,11.969,,,BUKIT TIMAH ROAD,0.0
bukit_timah_road,Bukit Timah Road,180.0,22107.968,35459.728,11.97,11.97,11.969,,,BUKIT TIMAH ROAD,0.0
bukit_timah_road,Bukit Timah Road,182.0,22109.857,35459.07,12.27,11.969,11.969,,,BUKIT TIMAH ROAD,0.0
bukit_timah_road,Bukit Timah Road,184.0,22111.746,35458.412,12.945,11.968,11.968,-0.041,1.0,BUKIT TIMAH ROAD,0.0
bukit_timah_road,Bukit Timah Road,186.0,22113.634,35457.754,12.945,11.967,11.967,,,BUKIT TIMAH ROAD,0.0
bukit_timah_road,Bukit Timah Road,188.0,22115.523,35457.096,11.966,11.966,11.966,,,BUKIT TIMAH ROAD,0.0
bukit_timah_road,Bukit Timah Road,190.0,22117.412,35456.438,,11.933,11.933,,,BUKIT TIMAH ROAD,0.0
bukit_timah_road,Bukit Timah Road,192.0,22119.3,35455.78,,11.899,11.899,-1.667,1.0,BUKIT TIMAH ROAD,0.0
bukit_timah_road,Bukit Timah Road,194.0,22121.189,35455.122,,11.866,11.866,-1.667,1.0,BUKIT TIMAH ROAD,0.0
bukit_timah_road,Bukit Timah Road,196.0,22123.077,35454.464,,11.833,11.833,-1.25,1.0,BUKIT TIMAH ROAD,0.0
bukit_timah_road,Bukit Timah Road,198.0,22124.966,35453.806,,11.799,11.799,-0.833,1.0,BUKIT TIMAH ROAD,0.0
bukit_timah_road,Bukit Timah Road,200.0,22126.855,35453.148,11.766,11.766,11.799,0.417,1.0,BUKIT TIMAH ROAD,0.0
bukit_timah_road,Bukit Timah Road,202.0,22128.743,35452.49,11.766,11.766,11.799,2.083,1.0,BUKIT TIMAH ROAD,0.0
bukit_timah_road,Bukit Timah Road,204.0,22130.632,35451.832,,11.866,11.866,2.083,1.0,BUKIT TIMAH ROAD,0.0
bukit_timah_road,Bukit Timah Road,206.0,22132.521,35451.174,11.966,11.966,11.966,2.083,1.0,BUKIT TIMAH ROAD,0.0
bukit_timah_road,Bukit Timah Road,208.0,22134.409,35450.516,12.091,12.091,11.966,-0.292,1.0,BUKIT TIMAH ROAD,0.0
bukit_timah_road,Bukit Timah Road,210.0,22136.298,35449.858,,11.967,11.966,-2.469,1.0,BUKIT TIMAH ROAD,0.0
bukit_timah_road,Bukit Timah Road,212.0,22138.187,35449.2,,11.843,11.843,-2.469,1.0,BUKIT TIMAH ROAD,0.0
bukit_timah_road,Bukit Timah Road,214.0,22140.075,35448.542,11.718,11.718,11.768,-2.469,1.0,BUKIT TIMAH ROAD,0.0
bukit_timah_road,Bukit Timah Road,216.0,22141.964,35447.884,11.718,11.718,11.768,-0.927,1.0,BUKIT TIMAH ROAD,0.0
bukit_timah_road,Bukit Timah Road,218.0,22143.853,35447.226,11.768,11.768,11.768,0.0,1.0,BUKIT TIMAH ROAD,0.0
bukit_timah_road,Bukit Timah Road,220.0,22145.741,35446.568,11.768,11.768,11.768,0.0,1.0,BUKIT TIMAH ROAD,0.0
bukit_timah_road,Bukit Timah Road,222.0,22147.63,35445.91,11.768,11.768,11.768,2.492,1.0,BUKIT TIMAH ROAD,0.0
bukit_timah_road,Bukit Timah Road,224.0,22149.519,35445.252,11.768,11.768,11.768,4.984,1.0,BUKIT TIMAH ROAD,0.0
bukit_timah_road,Bukit Timah Road,226.0,22151.407,35444.594,12.267,11.968,11.968,4.984,1.0,BUKIT TIMAH ROAD,0.0
bukit_timah_road,Bukit Timah Road,228.0,22153.296,35443.936,12.167,12.167,12.167,4.984,1.0,BUKIT TIMAH ROAD,0.0
bukit_timah_road,Bukit Timah Road,230.0,22155.185,35443.278,12.167,12.167,12.167,,,BUKIT TIMAH ROAD,0.0
bukit_timah_road,Bukit Timah Road,232.0,22157.073,35442.62,12.167,12.167,12.167,,,BUKIT TIMAH ROAD,0.0
bukit_timah_road,Bukit Timah Road,234.0,22158.962,35441.962,12.242,12.242,12.242,,,BUKIT TIMAH ROAD,0.0
bukit_timah_road,Bukit Timah Road,236.0,22160.851,35441.304,12.167,12.542,12.542,10.625,2.0,BUKIT TIMAH ROAD,0.0
bukit_timah_road,Bukit Timah Road,238.0,22162.739,35440.646,12.842,12.78,12.78,9.687,2.0,BUKIT TIMAH ROAD,0.0
bukit_timah_road,Bukit Timah Road,240.0,22164.643,35440.034,13.017,13.017,13.017,,,BUKIT TIMAH ROAD,0.0
bukit_timah_road,Bukit Timah Road,242.0,22166.548,35439.423,13.018,13.018,13.017,,,BUKIT TIMAH ROAD,0.0
bukit_timah_road,Bukit Timah Road,244.0,22168.452,35438.813,13.018,13.018,13.017,,,BUKIT TIMAH ROAD,0.0
bukit_timah_road,Bukit Timah Road,246.0,22170.357,35438.203,11.868,12.83,12.83,-5.993,1.0,BUKIT TIMAH ROAD,0.0
bukit_timah_road,Bukit Timah Road,248.0,22172.262,35437.593,11.918,12.642,12.642,-7.034,1.0,BUKIT TIMAH ROAD,0.0
bukit_timah_road,Bukit Timah Road,250.0,22174.166,35436.982,12.454,12.454,12.538,,,BUKIT TIMAH ROAD,0.0
bukit_timah_road,Bukit Timah Road,252.0,22176.071,35436.372,12.538,12.538,12.454,,,BUKIT TIMAH ROAD,0.0
bukit_timah_road,Bukit Timah Road,254.0,22177.976,35435.762,12.238,12.238,12.238,,,BUKIT TIMAH ROAD,0.0
bukit_timah_road,Bukit Timah Road,256.0,22179.88,35435.152,12.042,12.042,12.131,,,BUKIT TIMAH ROAD,0.0
bukit_timah_road,Bukit Timah Road,258.0,22181.785,35434.541,13.62,12.087,12.131,,,BUKIT TIMAH ROAD,0.0
bukit_timah_road,Bukit Timah Road,260.0,22183.689,35433.931,14.497,12.131,12.131,0.693,1.0,BUKIT TIMAH ROAD,0.0
bukit_timah_road,Bukit Timah Road,262.0,22185.571,35433.256,12.22,12.175,12.175,,,BUKIT TIMAH ROAD,0.0
bukit_timah_road,Bukit Timah Road,264.0,22187.443,35432.55,12.22,12.22,12.186,,,BUKIT TIMAH ROAD,0.0
bukit_timah_road,Bukit Timah Road,266.0,22189.314,35431.844,12.186,12.186,12.22,,,BUKIT TIMAH ROAD,0.0
bukit_timah_road,Bukit Timah Road,268.0,22191.185,35431.139,12.121,12.416,12.416,,,BUKIT TIMAH ROAD,0.0
bukit_timah_road,Bukit Timah Road,270.0,22193.057,35430.433,12.646,12.646,12.646,10.717,2.0,BUKIT TIMAH ROAD,0.0
bukit_timah_road,Bukit Timah Road,272.0,22194.928,35429.727,12.684,12.907,12.907,8.624,1.0,BUKIT TIMAH ROAD,0.0
bukit_timah_road,Bukit Timah Road,274.0,22196.8,35429.022,13.169,13.169,13.077,6.532,1.0,BUKIT TIMAH ROAD,0.0
bukit_timah_road,Bukit Timah Road,276.0,22198.671,35428.316,13.144,13.144,13.144,3.266,1.0,BUKIT TIMAH ROAD,0.0
bukit_timah_road,Bukit Timah Road,278.0,22200.542,35427.61,13.077,13.077,13.169,0.0,1.0,BUKIT TIMAH ROAD,0.0
bukit_timah_road,Bukit Timah Road,280.0,22202.414,35426.905,13.302,13.302,13.144,,,BUKIT TIMAH ROAD,0.0
bukit_timah_road,Bukit Timah Road,282.0,22204.285,35426.199,13.235,13.235,13.077,,,BUKIT TIMAH ROAD,0.0
bukit_timah_road,Bukit Timah Road,284.0,22206.156,35425.493,12.745,13.013,13.013,-6.566,1.0,BUKIT TIMAH ROAD,0.0
bukit_timah_road,Bukit Timah Road,286.0,22208.028,35424.788,12.995,12.791,12.791,-5.732,1.0,BUKIT TIMAH ROAD,0.0
bukit_timah_road,Bukit Timah Road,288.0,22209.899,35424.082,12.568,12.568,12.618,,,BUKIT TIMAH ROAD,0.0
bukit_timah_road,Bukit Timah Road,290.0,22211.771,35423.376,12.618,12.618,12.618,,,BUKIT TIMAH ROAD,0.0
bukit_timah_road,Bukit Timah Road,292.0,22213.642,35422.671,12.618,12.618,12.618,-0.313,1.0,BUKIT TIMAH ROAD,0.0
bukit_timah_road,Bukit Timah Road,294.0,22215.513,35421.965,12.568,12.568,12.618,-0.625,1.0,BUKIT TIMAH ROAD,0.0
bukit_timah_road,Bukit Timah Road,296.0,22217.385,35421.259,12.618,12.618,12.593,-0.313,1.0,BUKIT TIMAH ROAD,0.0
bukit_timah_road,Bukit Timah Road,298.0,22219.256,35420.554,17.393,12.593,12.568,-0.313,1.0,BUKIT TIMAH ROAD,0.0
bukit_timah_road,Bukit Timah Road,300.0,22221.127,35419.848,17.344,12.568,12.593,2.812,1.0,BUKIT TIMAH ROAD,0.0
bukit_timah_road,Bukit Timah Road,302.0,22222.999,35419.142,12.543,12.543,12.593,5.937,1.0,BUKIT TIMAH ROAD,0.0
bukit_timah_road,Bukit Timah Road,304.0,22224.87,35418.437,12.943,12.793,12.793,,,BUKIT TIMAH ROAD,0.0
bukit_timah_road,Bukit Timah Road,306.0,22226.742,35417.731,13.043,13.043,13.043,,,BUKIT TIMAH ROAD,0.0
bukit_timah_road,Bukit Timah Road,308.0,22228.613,35417.025,12.568,13.453,13.453,,,BUKIT TIMAH ROAD,0.0
bukit_timah_road,Bukit Timah Road,310.0,22230.484,35416.32,12.718,13.863,13.863,,,BUKIT TIMAH ROAD,0.0
bukit_timah_road,Bukit Timah Road,312.0,22232.356,35415.614,13.093,14.935,14.935,,,BUKIT TIMAH ROAD,0.0
bukit_timah_road,Bukit Timah Road,314.0,22234.227,35414.908,13.093,16.007,16.007,,,BUKIT TIMAH ROAD,0.0
bukit_timah_road,Bukit Timah Road,316.0,22236.098,35414.203,13.393,17.079,17.079,,,BUKIT TIMAH ROAD,0.0
bukit_timah_road,Bukit Timah Road,318.0,22237.97,35413.497,13.468,18.152,18.152,,,BUKIT TIMAH ROAD,0.0
bukit_timah_road,Bukit Timah Road,320.0,22239.841,35412.791,21.018,19.224,19.224,,,BUKIT TIMAH ROAD,0.0
bukit_timah_road,Bukit Timah Road,322.0,22241.713,35412.086,21.218,20.296,20.296,,,BUKIT TIMAH ROAD,0.0
bukit_timah_road,Bukit Timah Road,324.0,22243.584,35411.38,21.368,21.368,21.368,,,BUKIT TIMAH ROAD,0.0
bukit_timah_road,Bukit Timah Road,326.0,22245.455,35410.675,21.543,21.543,21.543,,,BUKIT TIMAH ROAD,0.0
bukit_timah_road,Bukit Timah Road,328.0,22247.327,35409.969,21.768,21.768,21.768,,,BUKIT TIMAH ROAD,0.0
bukit_timah_road,Bukit Timah Road,330.0,22249.198,35409.263,22.468,21.887,21.887,7.24,1.0,BUKIT TIMAH ROAD,0.0
bukit_timah_road,Bukit Timah Road,332.0,22251.069,35408.558,21.943,22.005,22.005,4.427,1.0,BUKIT TIMAH ROAD,0.0
bukit_timah_road,Bukit Timah Road,334.0,22252.941,35407.852,23.818,22.123,22.123,,,BUKIT TIMAH ROAD,0.0
bukit_timah_road,Bukit Timah Road,336.0,22254.812,35407.146,18.518,22.302,22.123,,,BUKIT TIMAH ROAD,0.0
bukit_timah_road,Bukit Timah Road,338.0,22256.684,35406.441,18.568,22.481,22.123,,,BUKIT TIMAH ROAD,0.0
bukit_timah_road,Bukit Timah Road,340.0,22258.555,35405.735,19.268,22.04,22.04,,,BUKIT TIMAH ROAD,0.0
bukit_timah_road,Bukit Timah Road,342.0,22260.426,35405.029,22.944,21.598,21.598,,,BUKIT TIMAH ROAD,0.0
bukit_timah_road,Bukit Timah Road,344.0,22262.298,35404.324,23.018,20.989,20.989,,,BUKIT TIMAH ROAD,0.0
bukit_timah_road,Bukit Timah Road,346.0,22264.169,35403.618,23.068,20.38,20.38,,,BUKIT TIMAH ROAD,0.0
bukit_timah_road,Bukit Timah Road,348.0,22266.04,35402.912,,19.771,19.771,,,BUKIT TIMAH ROAD,0.0
bukit_timah_road,Bukit Timah Road,350.0,22267.912,35402.207,,19.162,19.162,,,BUKIT TIMAH ROAD,0.0
bukit_timah_road,Bukit Timah Road,352.0,22269.783,35401.501,12.368,18.553,18.553,,,BUKIT TIMAH ROAD,0.0
bukit_timah_road,Bukit Timah Road,354.0,22271.655,35400.795,12.343,17.944,17.944,,,BUKIT TIMAH ROAD,0.0
bukit_timah_road,Bukit Timah Road,356.0,22273.526,35400.09,12.343,17.335,17.335,,,BUKIT TIMAH ROAD,0.0
bukit_timah_road,Bukit Timah Road,358.0,22275.396,35399.379,25.018,17.094,17.094,,,BUKIT TIMAH ROAD,0.0
bukit_timah_road,Bukit Timah Road,360.0,22277.265,35398.669,24.768,16.854,16.854,,,BUKIT TIMAH ROAD,0.0
bukit_timah_road,Bukit Timah Road,362.0,22279.134,35397.958,29.868,16.613,16.613,,,BUKIT TIMAH ROAD,0.0
bukit_timah_road,Bukit Timah Road,364.0,22281.004,35397.247,,16.373,16.373,,,BUKIT TIMAH ROAD,0.0
bukit_timah_road,Bukit Timah Road,366.0,22282.873,35396.536,26.818,16.132,16.132,,,BUKIT TIMAH ROAD,0.0
bukit_timah_road,Bukit Timah Road,368.0,22284.743,35395.825,26.818,15.892,15.892,,,BUKIT TIMAH ROAD,0.0
bukit_timah_road,Bukit Timah Road,370.0,22286.612,35395.114,11.793,15.652,15.652,,,BUKIT TIMAH ROAD,0.0
bukit_timah_road,Bukit Timah Road,372.0,22288.482,35394.404,11.843,15.411,15.411,,,BUKIT TIMAH ROAD,0.0
bukit_timah_road,Bukit Timah Road,374.0,22290.351,35393.693,,15.171,15.171,,,BUKIT TIMAH ROAD,0.0
bukit_timah_road,Bukit Timah Road,376.0,22292.22,35392.982,,14.93,14.93,,,BUKIT TIMAH ROAD,0.0
bukit_timah_road,Bukit Timah Road,378.0,22294.09,35392.271,,14.69,14.69,,,BUKIT TIMAH ROAD,0.0
bukit_timah_road,Bukit Timah Road,380.0,22295.959,35391.56,13.918,14.449,14.449,,,BUKIT TIMAH ROAD,0.0
bukit_timah_road,Bukit Timah Road,382.0,22297.829,35390.849,,14.209,14.209,,,BUKIT TIMAH ROAD,0.0
bukit_timah_road,Bukit Timah Road,384.0,22299.698,35390.139,13.968,13.968,14.102,,,BUKIT TIMAH ROAD,0.0
bukit_timah_road,Bukit Timah Road,386.0,22301.567,35389.428,12.918,14.035,14.102,,,BUKIT TIMAH ROAD,0.0
bukit_timah_road,Bukit Timah Road,388.0,22303.437,35388.717,12.918,14.102,14.077,-0.316,1.0,BUKIT TIMAH ROAD,0.0
bukit_timah_road,Bukit Timah Road,390.0,22305.306,35388.006,14.168,14.168,14.077,,,BUKIT TIMAH ROAD,0.0
bukit_timah_road,Bukit Timah Road,392.0,22307.176,35387.295,,14.077,14.077,,,BUKIT TIMAH ROAD,0.0
bukit_timah_road,Bukit Timah Road,394.0,22309.045,35386.584,,13.985,13.985,-3.449,1.0,BUKIT TIMAH ROAD,0.0
bukit_timah_road,Bukit Timah Road,396.0,22310.915,35385.874,,13.893,13.893,-4.598,1.0,BUKIT TIMAH ROAD,0.0
bukit_timah_road,Bukit Timah Road,398.0,22312.784,35385.163,,13.801,13.801,-4.598,1.0,BUKIT TIMAH ROAD,0.0
bukit_timah_road,Bukit Timah Road,400.0,22314.653,35384.452,,13.709,13.709,-4.598,1.0,BUKIT TIMAH ROAD,0.0
bukit_timah_road,Bukit Timah Road,402.0,22316.523,35383.741,,13.617,13.617,-4.598,1.0,BUKIT TIMAH ROAD,0.0
bukit_timah_road,Bukit Timah Road,404.0,22318.392,35383.03,,13.525,13.525,-3.449,1.0,BUKIT TIMAH ROAD,0.0
bukit_timah_road,Bukit Timah Road,406.0,22320.262,35382.319,13.433,13.433,13.433,-2.299,1.0,BUKIT TIMAH ROAD,0.0
bukit_timah_road,Bukit Timah Road,408.0,22322.131,35381.609,13.433,13.433,13.433,-1.15,1.0,BUKIT TIMAH ROAD,0.0
bukit_timah_road,Bukit Timah Road,410.0,22324.0,35380.898,13.433,13.433,13.433,0.0,1.0,BUKIT TIMAH ROAD,0.0
bukit_timah_road,Bukit Timah Road,412.0,22325.87,35380.187,13.433,13.433,13.433,1.335,1.0,BUKIT TIMAH ROAD,0.0
bukit_timah_road,Bukit Timah Road,414.0,22327.739,35379.476,13.433,13.433,13.433,2.67,1.0,BUKIT TIMAH ROAD,0.0
bukit_timah_road,Bukit Timah Road,416.0,22329.609,35378.765,,13.54,13.54,4.005,1.0,BUKIT TIMAH ROAD,0.0
bukit_timah_road,Bukit Timah Road,418.0,22331.478,35378.054,,13.646,13.646,5.339,1.0,BUKIT TIMAH ROAD,0.0
bukit_timah_road,Bukit Timah Road,420.0,22333.348,35377.344,,13.753,13.753,5.339,1.0,BUKIT TIMAH ROAD,0.0
bukit_timah_road,Bukit Timah Road,422.0,22335.217,35376.633,,13.86,13.86,5.339,1.0,BUKIT TIMAH ROAD,0.0
bukit_timah_road,Bukit Timah Road,424.0,22337.086,35375.922,,13.967,13.967,5.339,1.0,BUKIT TIMAH ROAD,0.0
bukit_timah_road,Bukit Timah Road,426.0,22338.956,35375.211,,14.073,14.073,5.095,1.0,BUKIT TIMAH ROAD,0.0
bukit_timah_road,Bukit Timah Road,428.0,22340.825,35374.5,,14.18,14.18,3.76,1.0,BUKIT TIMAH ROAD,0.0
bukit_timah_road,Bukit Timah Road,430.0,22342.695,35373.789,,14.287,14.267,,,BUKIT TIMAH ROAD,0.0
bukit_timah_road,Bukit Timah Road,432.0,22344.564,35373.079,,14.394,14.267,,,BUKIT TIMAH ROAD,0.0
bukit_timah_road,Bukit Timah Road,434.0,22346.433,35372.368,14.501,14.267,14.267,,,BUKIT TIMAH ROAD,0.0
bukit_timah_road,Bukit Timah Road,436.0,22348.303,35371.657,14.606,14.003,14.003,,,BUKIT TIMAH ROAD,0.0
bukit_timah_road,Bukit Timah Road,438.0,22350.172,35370.946,14.606,13.711,13.711,,,BUKIT TIMAH ROAD,0.0
bukit_timah_road,Bukit Timah Road,440.0,22352.042,35370.235,13.451,13.418,13.418,,,BUKIT TIMAH ROAD,0.0
bukit_timah_road,Bukit Timah Road,442.0,22353.911,35369.524,12.133,13.161,13.161,,,BUKIT TIMAH ROAD,0.0
bukit_timah_road,Bukit Timah Road,444.0,22355.781,35368.814,12.133,12.904,12.904,,,BUKIT TIMAH ROAD,0.0
bukit_timah_road,Bukit Timah Road,446.0,22357.65,35368.103,12.133,12.647,12.647,,,BUKIT TIMAH ROAD,0.0
bukit_timah_road,Bukit Timah Road,448.0,22359.519,35367.392,12.133,12.39,12.39,,,BUKIT TIMAH ROAD,0.0
bukit_timah_road,Bukit Timah Road,450.0,22361.389,35366.681,12.133,12.133,12.322,,,BUKIT TIMAH ROAD,0.0
bukit_timah_road,Bukit Timah Road,452.0,22363.258,35365.97,12.322,12.322,12.322,,,BUKIT TIMAH ROAD,0.0
bukit_timah_road,Bukit Timah Road,454.0,22365.128,35365.259,12.272,12.272,12.272,0.188,1.0,BUKIT TIMAH ROAD,0.0
bukit_timah_road,Bukit Timah Road,456.0,22366.997,35364.549,12.337,12.337,12.322,0.188,1.0,BUKIT TIMAH ROAD,0.0
bukit_timah_road,Bukit Timah Road,458.0,22368.866,35363.838,12.272,12.272,12.337,0.625,1.0,BUKIT TIMAH ROAD,0.0
bukit_timah_road,Bukit Timah Road,460.0,22370.736,35363.127,12.511,12.511,12.337,0.0,1.0,BUKIT TIMAH ROAD,0.0
bukit_timah_road,Bukit Timah Road,462.0,22372.605,35362.416,,12.416,12.322,-1.369,1.0,BUKIT TIMAH ROAD,0.0
bukit_timah_road,Bukit Timah Road,464.0,22374.475,35361.705,,12.322,12.322,-2.55,1.0,BUKIT TIMAH ROAD,0.0
bukit_timah_road,Bukit Timah Road,466.0,22376.344,35360.994,,12.227,12.227,-2.533,1.0,BUKIT TIMAH ROAD,0.0
bukit_timah_road,Bukit Timah Road,468.0,22378.214,35360.284,12.133,12.133,12.133,-2.515,1.0,BUKIT TIMAH ROAD,0.0
bukit_timah_road,Bukit Timah Road,470.0,22380.083,35359.573,11.683,12.008,12.121,-0.054,1.0,BUKIT TIMAH ROAD,0.0
bukit_timah_road,Bukit Timah Road,472.0,22381.952,35358.862,11.882,11.882,12.121,2.406,1.0,BUKIT TIMAH ROAD,0.0
bukit_timah_road,Bukit Timah Road,474.0,22383.822,35358.151,12.02,12.121,12.121,2.483,1.0,BUKIT TIMAH ROAD,0.0
bukit_timah_road,Bukit Timah Road,476.0,22385.691,35357.44,12.359,12.359,12.325,2.559,1.0,BUKIT TIMAH ROAD,0.0
bukit_timah_road,Bukit Timah Road,478.0,22387.561,35356.729,12.325,12.325,12.325,1.279,1.0,BUKIT TIMAH ROAD,0.0
bukit_timah_road,Bukit Timah Road,480.0,22389.43,35356.019,12.325,12.325,12.325,0.0,1.0,BUKIT TIMAH ROAD,0.0
bukit_timah_road,Bukit Timah Road,482.0,22391.299,35355.308,12.317,12.317,12.325,0.716,1.0,BUKIT TIMAH ROAD,0.0
bukit_timah_road,Bukit Timah Road,484.0,22393.169,35354.597,12.325,12.325,12.325,0.716,1.0,BUKIT TIMAH ROAD,0.0
bukit_timah_road,Bukit Timah Road,486.0,22395.038,35353.886,12.382,12.382,12.382,0.769,1.0,BUKIT TIMAH ROAD,0.0
bukit_timah_road,Bukit Timah Road,488.0,22396.908,35353.175,12.519,12.519,12.382,0.769,1.0,BUKIT TIMAH ROAD,0.0
bukit_timah_road,Bukit Timah Road,490.0,22398.777,35352.464,12.586,12.586,12.387,0.053,1.0,BUKIT TIMAH ROAD,0.0
bukit_timah_road,Bukit Timah Road,492.0,22400.647,35351.754,12.362,12.362,12.387,0.053,1.0,BUKIT TIMAH ROAD,0.0
bukit_timah_road,Bukit Timah Road,494.0,22402.516,35351.043,12.387,12.387,12.387,0.104,1.0,BUKIT TIMAH ROAD,0.0
bukit_timah_road,Bukit Timah Road,496.0,22404.385,35350.332,12.37,12.37,12.387,0.298,1.0,BUKIT TIMAH ROAD,0.0
bukit_timah_road,Bukit Timah Road,498.0,22406.255,35349.621,12.395,12.395,12.395,0.312,1.0,BUKIT TIMAH ROAD,0.0
bukit_timah_road,Bukit Timah Road,500.0,22408.124,35348.91,12.412,12.412,12.411,0.602,1.0,BUKIT TIMAH ROAD,0.0
bukit_timah_road,Bukit Timah Road,502.0,22409.994,35348.199,12.411,12.411,12.412,0.498,1.0,BUKIT TIMAH ROAD,0.0
bukit_timah_road,Bukit Timah Road,504.0,22411.863,35347.489,12.49,12.49,12.435,0.617,1.0,BUKIT TIMAH ROAD,0.0
bukit_timah_road,Bukit Timah Road,506.0,22413.732,35346.778,12.555,12.555,12.435,0.29,1.0,BUKIT TIMAH ROAD,0.0
bukit_timah_road,Bukit Timah Road,508.0,22415.602,35346.067,12.435,12.435,12.46,-0.375,1.0,BUKIT TIMAH ROAD,0.0
bukit_timah_road,Bukit Timah Road,510.0,22417.471,35345.356,12.395,12.395,12.435,-0.375,1.0,BUKIT TIMAH ROAD,0.0
bukit_timah_road,Bukit Timah Road,512.0,22419.341,35344.645,12.46,12.46,12.405,0.0,1.0,BUKIT TIMAH ROAD,0.0
bukit_timah_road,Bukit Timah Road,514.0,22421.21,35343.934,12.405,12.405,12.405,0.79,1.0,BUKIT TIMAH ROAD,0.0
bukit_timah_road,Bukit Timah Road,516.0,22423.079,35343.224,12.329,12.329,12.46,1.165,1.0,BUKIT TIMAH ROAD,0.0
bukit_timah_road,Bukit Timah Road,518.0,22424.949,35342.513,12.504,12.504,12.498,1.165,1.0,BUKIT TIMAH ROAD,0.0
bukit_timah_road,Bukit Timah Road,520.0,22426.818,35341.802,12.498,12.498,12.498,-0.746,1.0,BUKIT TIMAH ROAD,0.0
bukit_timah_road,Bukit Timah Road,522.0,22428.688,35341.091,12.67,12.67,12.498,-2.656,1.0,BUKIT TIMAH ROAD,0.0
bukit_timah_road,Bukit Timah Road,524.0,22430.557,35340.38,12.6,12.462,12.462,-3.04,1.0,BUKIT TIMAH ROAD,0.0
bukit_timah_road,Bukit Timah Road,526.0,22432.427,35339.669,12.255,12.255,12.286,-3.04,1.0,BUKIT TIMAH ROAD,0.0
bukit_timah_road,Bukit Timah Road,528.0,22434.296,35338.959,12.286,12.286,12.255,,,BUKIT TIMAH ROAD,0.0
bukit_timah_road,Bukit Timah Road,530.0,22436.165,35338.248,12.236,12.236,12.255,,,BUKIT TIMAH ROAD,0.0
bukit_timah_road,Bukit Timah Road,532.0,22438.035,35337.537,12.192,12.192,12.286,,,BUKIT TIMAH ROAD,0.0
bukit_timah_road,Bukit Timah Road,534.0,22439.904,35336.826,12.192,12.351,12.351,,,BUKIT TIMAH ROAD,0.0
bukit_timah_road,Bukit Timah Road,536.0,22441.776,35336.12,12.248,12.509,12.509,,,BUKIT TIMAH ROAD,0.0
bukit_timah_road,Bukit Timah Road,538.0,22443.659,35335.447,12.304,12.742,12.742,,,BUKIT TIMAH ROAD,0.0
bukit_timah_road,Bukit Timah Road,540.0,22445.542,35334.773,13.422,12.976,12.976,,,BUKIT TIMAH ROAD,0.0
bukit_timah_road,Bukit Timah Road,542.0,22447.425,35334.1,13.462,13.209,13.209,,,BUKIT TIMAH ROAD,0.0
bukit_timah_road,Bukit Timah Road,544.0,22449.308,35333.426,13.442,13.442,13.209,,,BUKIT TIMAH ROAD,0.0
bukit_timah_road,Bukit Timah Road,546.0,22451.191,35332.753,13.412,13.245,13.209,,,BUKIT TIMAH ROAD,0.0
bukit_timah_road,Bukit Timah Road,548.0,22453.075,35332.079,13.487,13.049,13.049,,,BUKIT TIMAH ROAD,0.0
bukit_timah_road,Bukit Timah Road,550.0,22454.958,35331.406,14.102,12.755,12.755,,,BUKIT TIMAH ROAD,0.0
bukit_timah_road,Bukit Timah Road,552.0,22456.841,35330.732,11.998,12.461,12.461,,,BUKIT TIMAH ROAD,0.0
bukit_timah_road,Bukit Timah Road,554.0,22458.724,35330.059,11.961,12.167,12.167,,,BUKIT TIMAH ROAD,0.0
bukit_timah_road,Bukit Timah Road,556.0,22460.607,35329.385,11.873,11.873,11.873,,,BUKIT TIMAH ROAD,0.0
bukit_timah_road,Bukit Timah Road,558.0,22462.491,35328.712,11.804,11.804,11.804,,,BUKIT TIMAH ROAD,0.0
bukit_timah_road,Bukit Timah Road,560.0,22464.374,35328.038,11.752,11.752,11.804,-3.49,1.0,BUKIT TIMAH ROAD,0.0
bukit_timah_road,Bukit Timah Road,562.0,22466.257,35327.365,11.594,11.594,11.752,-2.631,1.0,BUKIT TIMAH ROAD,0.0
bukit_timah_road,Bukit Timah Road,564.0,22468.14,35326.692,11.819,11.819,11.594,-0.235,1.0,BUKIT TIMAH ROAD,0.0
bukit_timah_road,Bukit Timah Road,566.0,22470.024,35326.019,11.577,11.577,11.594,0.417,1.0,BUKIT TIMAH ROAD,0.0
bukit_timah_road,Bukit Timah Road,568.0,22471.907,35325.346,11.577,11.577,11.786,1.484,1.0,BUKIT TIMAH ROAD,0.0
bukit_timah_road,Bukit Timah Road,570.0,22473.79,35324.673,11.786,11.786,11.786,2.552,1.0,BUKIT TIMAH ROAD,0.0
bukit_timah_road,Bukit Timah Road,572.0,22475.674,35324.001,11.511,11.798,11.798,0.156,1.0,BUKIT TIMAH ROAD,0.0
bukit_timah_road,Bukit Timah Road,574.0,22477.562,35323.339,11.811,11.811,11.798,-0.417,1.0,BUKIT TIMAH ROAD,0.0
bukit_timah_road,Bukit Timah Road,576.0,22479.449,35322.678,11.802,11.802,11.798,-2.024,1.0,BUKIT TIMAH ROAD,0.0
bukit_timah_road,Bukit Timah Road,578.0,22481.336,35322.016,11.752,11.752,11.752,-3.632,1.0,BUKIT TIMAH ROAD,0.0
bukit_timah_road,Bukit Timah Road,580.0,22483.224,35321.354,11.752,11.752,11.752,-3.632,1.0,BUKIT TIMAH ROAD,0.0
bukit_timah_road,Bukit Timah Road,582.0,22485.111,35320.692,11.507,11.507,11.507,-3.059,1.0,BUKIT TIMAH ROAD,0.0
bukit_timah_road,Bukit Timah Road,584.0,22486.998,35320.03,11.482,11.482,11.507,-2.875,1.0,BUKIT TIMAH ROAD,0.0
bukit_timah_road,Bukit Timah Road,586.0,22488.885,35319.368,11.457,11.457,11.507,0.341,1.0,BUKIT TIMAH ROAD,0.0
bukit_timah_road,Bukit Timah Road,588.0,22490.773,35318.706,11.727,11.727,11.522,2.138,1.0,BUKIT TIMAH ROAD,0.0
bukit_timah_road,Bukit Timah Road,590.0,22492.66,35318.044,11.522,11.522,11.535,2.138,1.0,BUKIT TIMAH ROAD,0.0
bukit_timah_road,Bukit Timah Road,592.0,22494.547,35317.382,11.535,11.535,11.678,,,BUKIT TIMAH ROAD,0.0
bukit_timah_road,Bukit Timah Road,594.0,22496.435,35316.721,11.678,11.678,11.678,,,BUKIT TIMAH ROAD,0.0
bukit_timah_road,Bukit Timah Road,596.0,22498.322,35316.059,12.37,11.787,11.787,1.36,1.0,BUKIT TIMAH ROAD,0.0
bukit_timah_road,Bukit Timah Road,598.0,22500.209,35315.397,12.525,11.896,11.787,,,BUKIT TIMAH ROAD,0.0
bukit_timah_road,Bukit Timah Road,600.0,22502.097,35314.735,12.005,12.005,11.787,,,BUKIT TIMAH ROAD,0.0
bukit_timah_road,Bukit Timah Road,602.0,22503.984,35314.073,11.925,11.777,11.777,,,BUKIT TIMAH ROAD,0.0
bukit_timah_road,Bukit Timah Road,604.0,22505.871,35313.411,11.55,11.55,11.675,-2.967,1.0,BUKIT TIMAH ROAD,0.0
bukit_timah_road,Bukit Timah Road,606.0,22507.758,35312.749,11.675,11.675,11.55,-2.315,1.0,BUKIT TIMAH ROAD,0.0
bukit_timah_road,Bukit Timah Road,608.0,22509.646,35312.087,11.521,11.521,11.55,-1.663,1.0,BUKIT TIMAH ROAD,0.0
bukit_timah_road,Bukit Timah Road,610.0,22511.533,35311.426,11.502,11.502,11.542,0.316,1.0,BUKIT TIMAH ROAD,0.0
bukit_timah_road,Bukit Timah Road,612.0,22513.42,35310.764,11.575,11.575,11.542,0.594,1.0,BUKIT TIMAH ROAD,0.0
bukit_timah_road,Bukit Timah Road,614.0,22515.308,35310.102,11.542,11.542,11.575,0.871,1.0,BUKIT TIMAH ROAD,0.0
bukit_timah_road,Bukit Timah Road,616.0,22517.195,35309.44,11.275,11.577,11.577,0.871,1.0,BUKIT TIMAH ROAD,0.0
bukit_timah_road,Bukit Timah Road,618.0,22519.082,35308.778,11.612,11.612,11.612,1.183,1.0,BUKIT TIMAH ROAD,0.0
bukit_timah_road,Bukit Timah Road,620.0,22520.97,35308.116,11.612,11.612,11.612,2.195,1.0,BUKIT TIMAH ROAD,0.0
bukit_timah_road,Bukit Timah Road,622.0,22522.857,35307.454,11.67,11.67,11.67,3.208,1.0,BUKIT TIMAH ROAD,0.0
bukit_timah_road,Bukit Timah Road,624.0,22524.744,35306.792,11.67,11.67,11.67,,,BUKIT TIMAH ROAD,0.0
bukit_timah_road,Bukit Timah Road,626.0,22526.632,35306.13,11.912,11.912,11.868,,,BUKIT TIMAH ROAD,0.0
bukit_timah_road,Bukit Timah Road,628.0,22528.519,35305.469,12.403,11.89,11.868,2.75,1.0,BUKIT TIMAH ROAD,0.0
bukit_timah_road,Bukit Timah Road,630.0,22530.406,35304.807,12.553,11.868,11.89,0.438,1.0,BUKIT TIMAH ROAD,0.0
bukit_timah_road,Bukit Timah Road,632.0,22532.293,35304.145,11.846,11.846,11.89,,,BUKIT TIMAH ROAD,0.0
bukit_timah_road,Bukit Timah Road,634.0,22534.181,35303.483,11.946,11.946,11.903,,,BUKIT TIMAH ROAD,0.0
bukit_timah_road,Bukit Timah Road,636.0,22536.068,35302.821,11.903,11.903,11.946,2.25,1.0,BUKIT TIMAH ROAD,0.0
bukit_timah_road,Bukit Timah Road,638.0,22537.955,35302.159,12.287,11.987,11.987,,,BUKIT TIMAH ROAD,0.0
bukit_timah_road,Bukit Timah Road,640.0,22539.843,35301.497,12.07,12.07,12.07,,,BUKIT TIMAH ROAD,0.0
bukit_timah_road,Bukit Timah Road,642.0,22541.73,35300.835,12.703,12.216,12.216,,,BUKIT TIMAH ROAD,0.0
bukit_timah_road,Bukit Timah Road,644.0,22543.617,35300.174,12.695,12.363,12.323,,,BUKIT TIMAH ROAD,0.0
bukit_timah_road,Bukit Timah Road,646.0,22545.505,35299.512,12.603,12.509,12.323,,,BUKIT TIMAH ROAD,0.0
bukit_timah_road,Bukit Timah Road,648.0,22547.392,35298.85,11.837,12.323,12.323,,,BUKIT TIMAH ROAD,0.0
bukit_timah_road,Bukit Timah Road,650.0,22549.279,35298.188,12.137,12.137,12.323,,,BUKIT TIMAH ROAD,0.0
bukit_timah_road,Bukit Timah Road,652.0,22551.166,35297.526,12.103,12.291,12.323,,,BUKIT TIMAH ROAD,0.0
bukit_timah_road,Bukit Timah Road,654.0,22553.054,35296.864,12.17,12.701,12.701,,,BUKIT TIMAH ROAD,0.0
bukit_timah_road,Bukit Timah Road,656.0,22554.941,35296.202,12.253,13.111,13.111,,,BUKIT TIMAH ROAD,0.0
bukit_timah_road,Bukit Timah Road,658.0,22556.828,35295.54,12.353,13.778,13.778,,,BUKIT TIMAH ROAD,0.0
bukit_timah_road,Bukit Timah Road,660.0,22558.716,35294.879,,14.445,14.445,,,BUKIT TIMAH ROAD,0.0
bukit_timah_road,Bukit Timah Road,662.0,22560.603,35294.217,,15.112,15.112,,,BUKIT TIMAH ROAD,0.0
bukit_timah_road,Bukit Timah Road,664.0,22562.49,35293.555,23.994,15.779,15.779,,,BUKIT TIMAH ROAD,0.0
bukit_timah_road,Bukit Timah Road,666.0,22564.378,35292.893,21.138,16.446,16.446,,,BUKIT TIMAH ROAD,0.0
bukit_timah_road,Bukit Timah Road,668.0,22566.265,35292.231,21.219,17.113,17.113,,,BUKIT TIMAH ROAD,0.0
bukit_timah_road,Bukit Timah Road,670.0,22568.152,35291.569,21.419,17.78,17.78,,,BUKIT TIMAH ROAD,0.0
bukit_timah_road,Bukit Timah Road,672.0,22570.04,35290.907,20.738,18.447,18.447,,,BUKIT TIMAH ROAD,0.0
bukit_timah_road,Bukit Timah Road,674.0,22571.927,35290.245,17.682,19.114,19.114,,,BUKIT TIMAH ROAD,0.0
bukit_timah_road,Bukit Timah Road,676.0,22573.814,35289.584,18.881,19.781,19.781,,,BUKIT TIMAH ROAD,0.0
bukit_timah_road,Bukit Timah Road,678.0,22575.701,35288.922,19.401,20.447,20.447,,,BUKIT TIMAH ROAD,0.0
bukit_timah_road,Bukit Timah Road,680.0,22577.589,35288.26,21.138,21.114,21.114,,,BUKIT TIMAH ROAD,0.0
bukit_timah_road,Bukit Timah Road,682.0,22579.476,35287.598,21.388,21.388,21.352,,,BUKIT TIMAH ROAD,0.0
bukit_timah_road,Bukit Timah Road,684.0,22581.363,35286.936,21.488,21.488,21.352,,,BUKIT TIMAH ROAD,0.0
bukit_timah_road,Bukit Timah Road,686.0,22583.251,35286.274,22.916,21.352,21.352,,,BUKIT TIMAH ROAD,0.0
bukit_timah_road,Bukit Timah Road,688.0,22585.138,35285.612,,21.216,21.216,,,BUKIT TIMAH ROAD,0.0
bukit_timah_road,Bukit Timah Road,690.0,22587.025,35284.95,,21.08,21.08,,,BUKIT TIMAH ROAD,0.0
bukit_timah_road,Bukit Timah Road,692.0,22588.913,35284.289,21.526,20.944,20.944,,,BUKIT TIMAH ROAD,0.0
bukit_timah_road,Bukit Timah Road,694.0,22590.8,35283.627,20.638,20.808,20.808,,,BUKIT TIMAH ROAD,0.0
bukit_timah_road,Bukit Timah Road,696.0,22592.687,35282.965,20.014,20.672,20.672,,,BUKIT TIMAH ROAD,0.0
bukit_timah_road,Bukit Timah Road,698.0,22594.574,35282.303,21.126,20.536,20.536,,,BUKIT TIMAH ROAD,0.0
bukit_timah_road,Bukit Timah Road,700.0,22596.462,35281.641,20.288,20.4,20.4,,,BUKIT TIMAH ROAD,0.0
bukit_timah_road,Bukit Timah Road,702.0,22598.349,35280.979,20.264,20.029,20.029,,,BUKIT TIMAH ROAD,0.0
bukit_timah_road,Bukit Timah Road,704.0,22600.236,35280.317,20.288,19.659,19.659,,,BUKIT TIMAH ROAD,0.0
bukit_timah_road,Bukit Timah Road,706.0,22602.124,35279.655,27.388,19.112,19.112,,,BUKIT TIMAH ROAD,0.0
bukit_timah_road,Bukit Timah Road,708.0,22604.011,35278.994,20.214,18.566,18.566,,,BUKIT TIMAH ROAD,0.0
bukit_timah_road,Bukit Timah Road,710.0,22605.898,35278.332,13.216,18.019,18.019,,,BUKIT TIMAH ROAD,0.0
bukit_timah_road,Bukit Timah Road,712.0,22607.786,35277.67,16.614,17.473,17.473,,,BUKIT TIMAH ROAD,0.0
bukit_timah_road,Bukit Timah Road,714.0,22609.673,35277.008,16.214,16.894,16.894,,,BUKIT TIMAH ROAD,0.0
bukit_timah_road,Bukit Timah Road,716.0,22611.56,35276.346,16.476,16.315,16.315,,,BUKIT TIMAH ROAD,0.0
bukit_timah_road,Bukit Timah Road,718.0,22613.448,35275.684,16.888,15.736,15.736,,,BUKIT TIMAH ROAD,0.0
bukit_timah_road,Bukit Timah Road,720.0,22615.335,35275.022,16.938,,15.157,,,BUKIT TIMAH ROAD,0.0
bukit_timah_road,Bukit Timah Road,722.0,22617.222,35274.36,20.141,14.578,14.578,,,BUKIT TIMAH ROAD,0.0
bukit_timah_road,Bukit Timah Road,724.0,22619.109,35273.698,,13.999,13.999,,,BUKIT TIMAH ROAD,0.0
bukit_timah_road,Bukit Timah Road,726.0,22620.997,35273.037,12.766,13.42,13.42,,,BUKIT TIMAH ROAD,0.0
bukit_timah_road,Bukit Timah Road,728.0,22622.884,35272.375,12.841,12.841,13.116,,,BUKIT TIMAH ROAD,0.0
bukit_timah_road,Bukit Timah Road,730.0,22624.771,35271.713,12.866,12.866,13.007,,,BUKIT TIMAH ROAD,0.0
bukit_timah_road,Bukit Timah Road,732.0,22626.659,35271.051,13.116,13.116,13.007,,,BUKIT TIMAH ROAD,0.0
bukit_timah_road,Bukit Timah Road,734.0,22628.546,35270.389,13.466,13.007,13.116,,,BUKIT TIMAH ROAD,0.0
bukit_timah_road,Bukit Timah Road,736.0,22630.433,35269.727,13.466,13.379,13.379,,,BUKIT TIMAH ROAD,0.0
bukit_timah_road,Bukit Timah Road,738.0,22632.321,35269.065,13.466,13.751,13.751,,,BUKIT TIMAH ROAD,0.0
bukit_timah_road,Bukit Timah Road,740.0,22634.208,35268.403,11.541,14.163,14.163,,,BUKIT TIMAH ROAD,0.0
bukit_timah_road,Bukit Timah Road,742.0,22636.095,35267.742,11.541,14.576,14.576,,,BUKIT TIMAH ROAD,0.0
bukit_timah_road,Bukit Timah Road,744.0,22637.982,35267.08,11.541,14.988,14.988,,,BUKIT TIMAH ROAD,0.0
bukit_timah_road,Bukit Timah Road,746.0,22639.87,35266.418,11.541,,15.4,,,BUKIT TIMAH ROAD,0.0
bukit_timah_road,Bukit Timah Road,748.0,22641.757,35265.756,,,15.813,,,BUKIT TIMAH ROAD,0.0
bukit_timah_road,Bukit Timah Road,750.0,22643.644,35265.094,,16.225,16.225,,,BUKIT TIMAH ROAD,0.0
bukit_timah_road,Bukit Timah Road,752.0,22645.532,35264.432,18.638,16.638,16.638,,,BUKIT TIMAH ROAD,0.0
bukit_timah_road,Bukit Timah Road,754.0,22647.419,35263.77,18.411,17.05,17.05,,,BUKIT TIMAH ROAD,0.0
bukit_timah_road,Bukit Timah Road,756.0,22649.306,35263.108,18.666,17.462,17.127,,,BUKIT TIMAH ROAD,0.0
bukit_timah_road,Bukit Timah Road,758.0,22651.194,35262.446,,17.294,17.127,,,BUKIT TIMAH ROAD,0.0
bukit_timah_road,Bukit Timah Road,760.0,22653.081,35261.785,,17.127,17.127,,,BUKIT TIMAH ROAD,0.0
bukit_timah_road,Bukit Timah Road,762.0,22654.968,35261.123,17.541,16.959,16.959,,,BUKIT TIMAH ROAD,0.0
bukit_timah_road,Bukit Timah Road,764.0,22656.855,35260.461,17.466,16.791,16.791,,,BUKIT TIMAH ROAD,0.0
bukit_timah_road,Bukit Timah Road,766.0,22658.743,35259.799,14.496,16.623,16.623,,,BUKIT TIMAH ROAD,0.0
bukit_timah_road,Bukit Timah Road,768.0,22660.63,35259.137,11.676,16.455,16.455,,,BUKIT TIMAH ROAD,0.0
bukit_timah_road,Bukit Timah Road,770.0,22662.517,35258.475,11.726,16.287,16.287,,,BUKIT TIMAH ROAD,0.0
bukit_timah_road,Bukit Timah Road,772.0,22664.405,35257.813,11.726,16.119,16.119,,,BUKIT TIMAH ROAD,0.0
bukit_timah_road,Bukit Timah Road,774.0,22666.292,35257.151,11.726,15.951,15.951,,,BUKIT TIMAH ROAD,0.0
bukit_timah_road,Bukit Timah Road,776.0,22668.179,35256.49,11.726,15.783,15.783,,,BUKIT TIMAH ROAD,0.0
bukit_timah_road,Bukit Timah Road,778.0,22670.067,35255.828,11.776,15.615,15.615,,,BUKIT TIMAH ROAD,0.0
bukit_timah_road,Bukit Timah Road,780.0,22671.954,35255.166,11.626,15.447,15.447,,,BUKIT TIMAH ROAD,0.0
bukit_timah_road,Bukit Timah Road,782.0,22673.841,35254.504,,15.279,15.279,,,BUKIT TIMAH ROAD,0.0
bukit_timah_road,Bukit Timah Road,784.0,22675.729,35253.842,,15.112,15.112,,,BUKIT TIMAH ROAD,0.0
bukit_timah_road,Bukit Timah Road,786.0,22677.616,35253.18,,14.944,14.944,,,BUKIT TIMAH ROAD,0.0
bukit_timah_road,Bukit Timah Road,788.0,22679.503,35252.518,,14.705,14.705,,,BUKIT TIMAH ROAD,0.0
bukit_timah_road,Bukit Timah Road,790.0,22681.39,35251.856,20.516,14.466,14.466,,,BUKIT TIMAH ROAD,0.0
bukit_timah_road,Bukit Timah Road,792.0,22683.278,35251.195,20.616,14.228,14.228,,,BUKIT TIMAH ROAD,0.0
bukit_timah_road,Bukit Timah Road,794.0,22685.165,35250.533,,13.989,13.989,,,BUKIT TIMAH ROAD,0.0
bukit_timah_road,Bukit Timah Road,796.0,22687.052,35249.871,,13.751,13.751,,,BUKIT TIMAH ROAD,0.0
bukit_timah_road,Bukit Timah Road,798.0,22688.94,35249.209,,13.512,13.512,,,BUKIT TIMAH ROAD,0.0
bukit_timah_road,Bukit Timah Road,800.0,22690.827,35248.547,,13.273,13.273,,,BUKIT TIMAH ROAD,0.0
bukit_timah_road,Bukit Timah Road,802.0,22692.714,35247.885,,13.035,13.22,,,BUKIT TIMAH ROAD,0.0
bukit_timah_road,Bukit Timah Road,804.0,22694.602,35247.223,,13.128,13.22,,,BUKIT TIMAH ROAD,0.0
bukit_timah_road,Bukit Timah Road,806.0,22696.489,35246.561,,13.22,13.22,,,BUKIT TIMAH ROAD,0.0
bukit_timah_road,Bukit Timah Road,808.0,22698.376,35245.899,,13.687,13.687,,,BUKIT TIMAH ROAD,0.0
bukit_timah_road,Bukit Timah Road,810.0,22700.263,35245.238,11.282,14.154,14.154,,,BUKIT TIMAH ROAD,0.0
bukit_timah_road,Bukit Timah Road,812.0,22702.151,35244.576,11.482,14.621,14.621,,,BUKIT TIMAH ROAD,0.0
bukit_timah_road,Bukit Timah Road,814.0,22704.038,35243.914,11.582,,15.088,,,BUKIT TIMAH ROAD,0.0
bukit_timah_road,Bukit Timah Road,816.0,22705.925,35243.252,17.951,,15.555,,,BUKIT TIMAH ROAD,0.0
bukit_timah_road,Bukit Timah Road,818.0,22707.813,35242.59,21.229,,16.022,,,BUKIT TIMAH ROAD,0.0
bukit_timah_road,Bukit Timah Road,820.0,22709.7,35241.928,17.572,16.488,16.488,,,BUKIT TIMAH ROAD,0.0
bukit_timah_road,Bukit Timah Road,822.0,22711.587,35241.266,16.997,16.955,16.955,,,BUKIT TIMAH ROAD,0.0
bukit_timah_road,Bukit Timah Road,824.0,22713.475,35240.604,16.997,17.422,17.422,,,BUKIT TIMAH ROAD,0.0
bukit_timah_road,Bukit Timah Road,826.0,22715.362,35239.943,11.429,17.889,17.889,,,BUKIT TIMAH ROAD,0.0
bukit_timah_road,Bukit Timah Road,828.0,22717.249,35239.281,11.387,17.995,17.974,,,BUKIT TIMAH ROAD,0.0
bukit_timah_road,Bukit Timah Road,830.0,22719.136,35238.619,18.493,17.974,17.995,,,BUKIT TIMAH ROAD,0.0
bukit_timah_road,Bukit Timah Road,832.0,22721.024,35237.957,18.158,18.253,18.253,,,BUKIT TIMAH ROAD,0.0
bukit_timah_road,Bukit Timah Road,834.0,22722.911,35237.295,17.933,18.531,18.531,,,BUKIT TIMAH ROAD,0.0
bukit_timah_road,Bukit Timah Road,836.0,22724.798,35236.633,18.728,18.81,18.81,,,BUKIT TIMAH ROAD,0.0
bukit_timah_road,Bukit Timah Road,838.0,22726.686,35235.971,21.049,19.089,19.089,,,BUKIT TIMAH ROAD,0.0
bukit_timah_road,Bukit Timah Road,840.0,22728.573,35235.309,19.778,19.387,19.387,,,BUKIT TIMAH ROAD,0.0
bukit_timah_road,Bukit Timah Road,842.0,22730.46,35234.647,20.349,19.686,19.686,,,BUKIT TIMAH ROAD,0.0
bukit_timah_road,Bukit Timah Road,844.0,22732.348,35233.986,20.573,19.984,19.984,,,BUKIT TIMAH ROAD,0.0
bukit_timah_road,Bukit Timah Road,846.0,22734.235,35233.324,11.276,20.283,19.984,,,BUKIT TIMAH ROAD,0.0
bukit_timah_road,Bukit Timah Road,848.0,22736.122,35232.662,11.405,19.992,19.984,,,BUKIT TIMAH ROAD,0.0
bukit_timah_road,Bukit Timah Road,850.0,22738.01,35232.0,11.605,19.702,19.702,-10.786,2.0,BUKIT TIMAH ROAD,0.0
bukit_timah_road,Bukit Timah Road,852.0,22739.897,35231.338,20.82,19.412,19.412,-14.415,2.0,BUKIT TIMAH ROAD,0.0
bukit_timah_road,Bukit Timah Road,854.0,22741.784,35230.676,21.461,19.121,19.121,-12.451,2.0,BUKIT TIMAH ROAD,0.0
bukit_timah_road,Bukit Timah Road,856.0,22743.671,35230.014,18.831,18.831,18.831,,,BUKIT TIMAH ROAD,0.0
bukit_timah_road,Bukit Timah Road,858.0,22745.559,35229.352,18.706,18.706,18.706,,,BUKIT TIMAH ROAD,0.0
bukit_timah_road,Bukit Timah Road,860.0,22747.446,35228.691,18.361,17.884,17.884,,,BUKIT TIMAH ROAD,0.0
bukit_timah_road,Bukit Timah Road,862.0,22749.333,35228.029,15.021,17.061,17.061,,,BUKIT TIMAH ROAD,0.0
bukit_timah_road,Bukit Timah Road,864.0,22751.221,35227.367,18.966,16.239,16.239,,,BUKIT TIMAH ROAD,0.0
bukit_timah_road,Bukit Timah Road,866.0,22753.108,35226.705,17.514,,15.417,,,BUKIT TIMAH ROAD,0.0
bukit_timah_road,Bukit Timah Road,868.0,22754.995,35226.043,18.519,,14.594,,,BUKIT TIMAH ROAD,0.0
bukit_timah_road,Bukit Timah Road,870.0,22756.883,35225.381,16.849,13.772,13.772,,,BUKIT TIMAH ROAD,0.0
bukit_timah_road,Bukit Timah Road,872.0,22758.77,35224.719,14.924,12.949,12.949,,,BUKIT TIMAH ROAD,0.0
bukit_timah_road,Bukit Timah Road,874.0,22760.651,35224.04,15.024,12.127,12.127,,,BUKIT TIMAH ROAD,0.0
bukit_timah_road,Bukit Timah Road,876.0,22762.526,35223.345,11.305,11.305,11.305,,,BUKIT TIMAH ROAD,0.0
bukit_timah_road,Bukit Timah Road,878.0,22764.401,35222.649,11.286,11.286,11.305,,,BUKIT TIMAH ROAD,0.0
bukit_timah_road,Bukit Timah Road,880.0,22766.276,35221.953,11.173,11.173,11.305,0.391,1.0,BUKIT TIMAH ROAD,0.0
bukit_timah_road,Bukit Timah Road,882.0,22768.151,35221.257,11.53,11.342,11.336,0.391,1.0,BUKIT TIMAH ROAD,0.0
bukit_timah_road,Bukit Timah Road,884.0,22770.026,35220.562,11.511,11.511,11.336,0.312,1.0,BUKIT TIMAH ROAD,0.0
bukit_timah_road,Bukit Timah Road,886.0,22771.902,35219.868,11.336,11.336,11.336,-1.133,1.0,BUKIT TIMAH ROAD,0.0
bukit_timah_road,Bukit Timah Road,888.0,22773.795,35219.221,11.33,11.33,11.33,-2.578,1.0,BUKIT TIMAH ROAD,0.0
bukit_timah_road,Bukit Timah Road,890.0,22775.687,35218.574,11.221,11.221,11.221,-3.281,1.0,BUKIT TIMAH ROAD,0.0
bukit_timah_road,Bukit Timah Road,892.0,22777.58,35217.927,10.992,10.992,11.13,-3.203,1.0,BUKIT TIMAH ROAD,0.0
bukit_timah_road,Bukit Timah Road,894.0,22779.472,35217.28,11.13,11.13,11.073,-1.688,1.0,BUKIT TIMAH ROAD,0.0
bukit_timah_road,Bukit Timah Road,896.0,22781.364,35216.633,10.98,10.98,11.073,-0.547,1.0,BUKIT TIMAH ROAD,0.0
bukit_timah_road,Bukit Timah Road,898.0,22783.257,35215.986,11.073,11.073,11.086,1.953,1.0,BUKIT TIMAH ROAD,0.0
bukit_timah_road,Bukit Timah Road,900.0,22785.149,35215.338,11.086,11.086,11.086,2.031,1.0,BUKIT TIMAH ROAD,0.0
bukit_timah_road,Bukit Timah Road,902.0,22787.042,35214.691,11.23,11.23,11.23,1.953,1.0,BUKIT TIMAH ROAD,0.0
bukit_timah_road,Bukit Timah Road,904.0,22788.934,35214.044,11.236,11.236,11.236,1.953,1.0,BUKIT TIMAH ROAD,0.0
bukit_timah_road,Bukit Timah Road,906.0,22790.827,35213.397,11.286,11.286,11.242,0.156,1.0,BUKIT TIMAH ROAD,0.0
bukit_timah_road,Bukit Timah Road,908.0,22792.719,35212.75,11.273,11.273,11.242,,,BUKIT TIMAH ROAD,0.0
bukit_timah_road,Bukit Timah Road,910.0,22794.611,35212.103,11.242,11.242,11.242,,,BUKIT TIMAH ROAD,0.0
bukit_timah_road,Bukit Timah Road,912.0,22796.504,35211.456,11.623,11.211,11.211,-1.184,1.0,BUKIT TIMAH ROAD,0.0
bukit_timah_road,Bukit Timah Road,914.0,22798.396,35210.809,11.111,11.179,11.179,-2.973,1.0,BUKIT TIMAH ROAD,0.0
bukit_timah_road,Bukit Timah Road,916.0,22800.289,35210.161,11.147,11.147,11.147,,,BUKIT TIMAH ROAD,0.0
bukit_timah_road,Bukit Timah Road,918.0,22802.181,35209.514,10.959,10.959,11.004,,,BUKIT TIMAH ROAD,0.0
bukit_timah_road,Bukit Timah Road,920.0,22804.073,35208.867,11.004,11.004,11.004,-1.581,1.0,BUKIT TIMAH ROAD,0.0
bukit_timah_road,Bukit Timah Road,922.0,22805.966,35208.22,11.004,11.004,11.004,0.956,1.0,BUKIT TIMAH ROAD,0.0
bukit_timah_road,Bukit Timah Road,924.0,22807.858,35207.573,11.021,11.021,11.021,0.956,1.0,BUKIT TIMAH ROAD,0.0
bukit_timah_road,Bukit Timah Road,926.0,22809.751,35206.926,11.28,11.28,11.081,0.956,1.0,BUKIT TIMAH ROAD,0.0
bukit_timah_road,Bukit Timah Road,928.0,22811.643,35206.279,11.305,11.305,11.081,-0.834,1.0,BUKIT TIMAH ROAD,0.0
bukit_timah_road,Bukit Timah Road,930.0,22813.535,35205.632,11.081,11.081,11.081,-1.895,1.0,BUKIT TIMAH ROAD,0.0
bukit_timah_road,Bukit Timah Road,932.0,22815.428,35204.984,10.929,10.929,10.954,-1.895,1.0,BUKIT TIMAH ROAD,0.0
bukit_timah_road,Bukit Timah Road,934.0,22817.32,35204.337,10.954,10.954,10.929,-1.582,1.0,BUKIT TIMAH ROAD,0.0
bukit_timah_road,Bukit Timah Road,936.0,22819.213,35203.69,10.879,10.879,10.929,,,BUKIT TIMAH ROAD,0.0
bukit_timah_road,Bukit Timah Road,938.0,22821.105,35203.043,10.804,10.804,10.954,,,BUKIT TIMAH ROAD,0.0
bukit_timah_road,Bukit Timah Road,940.0,22822.998,35202.396,10.429,10.967,10.967,4.528,1.0,BUKIT TIMAH ROAD,0.0
bukit_timah_road,Bukit Timah Road,942.0,22824.89,35201.749,11.056,11.129,11.129,7.162,1.0,BUKIT TIMAH ROAD,0.0
bukit_timah_road,Bukit Timah Road,944.0,22826.782,35201.102,,11.291,11.291,,,BUKIT TIMAH ROAD,0.0
bukit_timah_road,Bukit Timah Road,946.0,22828.675,35200.455,,11.527,11.527,,,BUKIT TIMAH ROAD,0.0
bukit_timah_road,Bukit Timah Road,948.0,22830.567,35199.807,,11.763,11.763,11.786,2.0,BUKIT TIMAH ROAD,0.0
bukit_timah_road,Bukit Timah Road,950.0,22832.46,35199.16,,11.999,11.999,8.839,2.0,BUKIT TIMAH ROAD,0.0
bukit_timah_road,Bukit Timah Road,952.0,22834.352,35198.513,,12.234,12.234,,,BUKIT TIMAH ROAD,0.0
bukit_timah_road,Bukit Timah Road,954.0,22836.244,35197.866,,12.47,12.234,,,BUKIT TIMAH ROAD,0.0
bukit_timah_road,Bukit Timah Road,956.0,22838.137,35197.219,12.706,12.265,12.234,-4.732,1.0,BUKIT TIMAH ROAD,0.0
bukit_timah_road,Bukit Timah Road,958.0,22840.029,35196.572,12.281,12.061,12.061,-7.201,1.0,BUKIT TIMAH ROAD,0.0
bukit_timah_road,Bukit Timah Road,960.0,22841.922,35195.925,11.856,11.856,11.856,,,BUKIT TIMAH ROAD,0.0
bukit_timah_road,Bukit Timah Road,962.0,22843.814,35195.277,,11.658,11.658,,,BUKIT TIMAH ROAD,0.0
bukit_timah_road,Bukit Timah Road,964.0,22845.706,35194.63,,11.461,11.461,-9.875,2.0,BUKIT TIMAH ROAD,0.0
bukit_timah_road,Bukit Timah Road,966.0,22847.599,35193.983,,11.263,11.263,-9.875,2.0,BUKIT TIMAH ROAD,0.0
bukit_timah_road,Bukit Timah Road,968.0,22849.491,35193.336,,11.066,11.066,-9.875,2.0,BUKIT TIMAH ROAD,0.0
bukit_timah_road,Bukit Timah Road,970.0,22851.384,35192.689,,10.868,10.868,-7.406,1.0,BUKIT TIMAH ROAD,0.0
bukit_timah_road,Bukit Timah Road,972.0,22853.276,35192.042,10.671,10.671,10.671,-4.937,1.0,BUKIT TIMAH ROAD,0.0
bukit_timah_road,Bukit Timah Road,974.0,22855.169,35191.395,10.671,10.671,10.671,-1.068,1.0,BUKIT TIMAH ROAD,0.0
bukit_timah_road,Bukit Timah Road,976.0,22857.061,35190.748,10.671,10.671,10.671,1.401,1.0,BUKIT TIMAH ROAD,0.0
bukit_timah_road,Bukit Timah Road,978.0,22858.953,35190.101,10.783,10.783,10.783,1.401,1.0,BUKIT TIMAH ROAD,0.0
bukit_timah_road,Bukit Timah Road,980.0,22860.846,35189.453,10.866,10.866,10.783,1.302,1.0,BUKIT TIMAH ROAD,0.0
bukit_timah_road,Bukit Timah Road,982.0,22862.738,35188.806,10.837,10.837,10.783,-1.21,1.0,BUKIT TIMAH ROAD,0.0
bukit_timah_road,Bukit Timah Road,984.0,22864.631,35188.159,10.775,10.775,10.775,-1.489,1.0,BUKIT TIMAH ROAD,0.0
bukit_timah_road,Bukit Timah Road,986.0,22866.523,35187.512,10.686,10.686,10.686,-1.645,1.0,BUKIT TIMAH ROAD,0.0
bukit_timah_road,Bukit Timah Road,988.0,22868.415,35186.865,10.651,10.651,10.664,-1.546,1.0,BUKIT TIMAH ROAD,0.0
bukit_timah_road,Bukit Timah Road,990.0,22870.308,35186.218,10.639,10.639,10.651,-0.591,1.0,BUKIT TIMAH ROAD,0.0
bukit_timah_road,Bukit Timah Road,992.0,22872.2,35185.571,10.664,10.664,10.651,-0.156,1.0,BUKIT TIMAH ROAD,0.0
bukit_timah_road,Bukit Timah Road,994.0,22874.093,35184.923,10.651,10.651,10.639,,,BUKIT TIMAH ROAD,0.0
bukit_timah_road,Bukit Timah Road,996.0,22875.985,35184.276,10.464,10.464,10.651,,,BUKIT TIMAH ROAD,0.0
bukit_timah_road,Bukit Timah Road,998.0,22877.878,35183.629,10.176,10.565,10.651,,,BUKIT TIMAH ROAD,0.0
bukit_timah_road,Bukit Timah Road,1000.0,22879.77,35182.982,10.201,10.665,10.665,,,BUKIT TIMAH ROAD,0.0
bukit_timah_road,Bukit Timah Road,1002.0,22881.662,35182.335,10.339,10.857,10.857,,,BUKIT TIMAH ROAD,0.0
bukit_timah_road,Bukit Timah Road,1004.0,22883.555,35181.688,12.108,11.048,10.857,,,BUKIT TIMAH ROAD,0.0
bukit_timah_road,Bukit Timah Road,1006.0,22885.447,35181.041,12.914,10.941,10.857,,,BUKIT TIMAH ROAD,0.0
bukit_timah_road,Bukit Timah Road,1008.0,22887.34,35180.394,15.575,10.835,10.835,,,BUKIT TIMAH ROAD,0.0
bukit_timah_road,Bukit Timah Road,1010.0,22889.232,35179.746,15.258,10.728,10.728,,,BUKIT TIMAH ROAD,0.0
bukit_timah_road,Bukit Timah Road,1012.0,22891.124,35179.099,14.383,10.621,10.621,,,BUKIT TIMAH ROAD,0.0
bukit_timah_road,Bukit Timah Road,1014.0,22893.017,35178.452,14.35,10.515,10.515,,,BUKIT TIMAH ROAD,0.0
bukit_timah_road,Bukit Timah Road,1016.0,22894.909,35177.805,10.301,10.408,10.408,,,BUKIT TIMAH ROAD,0.0
bukit_timah_road,Bukit Timah Road,1018.0,22896.802,35177.158,10.301,10.301,10.301,,,BUKIT TIMAH ROAD,0.0
bukit_timah_road,Bukit Timah Road,1020.0,22898.694,35176.511,10.211,10.211,10.211,,,BUKIT TIMAH ROAD,0.0
bukit_timah_road,Bukit Timah Road,1022.0,22900.586,35175.864,10.186,10.186,10.186,-1.909,1.0,BUKIT TIMAH ROAD,0.0
bukit_timah_road,Bukit Timah Road,1024.0,22902.479,35175.216,10.086,10.086,10.186,-1.25,1.0,BUKIT TIMAH ROAD,0.0
bukit_timah_road,Bukit Timah Road,1026.0,22904.371,35174.569,10.148,10.148,10.148,-0.937,1.0,BUKIT TIMAH ROAD,0.0
bukit_timah_road,Bukit Timah Road,1028.0,22906.264,35173.922,10.311,10.311,10.111,-0.937,1.0,BUKIT TIMAH ROAD,0.0
bukit_timah_road,Bukit Timah Road,1030.0,22908.156,35173.275,10.111,10.111,10.111,-1.094,1.0,BUKIT TIMAH ROAD,0.0
bukit_timah_road,Bukit Timah Road,1032.0,22910.049,35172.628,9.948,9.948,10.111,-0.643,1.0,BUKIT TIMAH ROAD,0.0
bukit_timah_road,Bukit Timah Road,1034.0,22911.941,35171.981,10.111,10.111,10.061,-0.625,1.0,BUKIT TIMAH ROAD,0.0
bukit_timah_road,Bukit Timah Road,1036.0,22913.833,35171.334,10.061,10.061,10.06,-0.625,1.0,BUKIT TIMAH ROAD,0.0
bukit_timah_road,Bukit Timah Road,1038.0,22915.726,35170.687,9.898,9.898,10.061,0.607,1.0,BUKIT TIMAH ROAD,0.0
bukit_timah_road,Bukit Timah Road,1040.0,22917.618,35170.039,10.06,10.06,10.061,0.799,1.0,BUKIT TIMAH ROAD,0.0
bukit_timah_road,Bukit Timah Road,1042.0,22919.511,35169.392,10.11,10.11,10.11,0.781,1.0,BUKIT TIMAH ROAD,0.0
bukit_timah_road,Bukit Timah Road,1044.0,22921.403,35168.745,10.126,10.126,10.124,0.781,1.0,BUKIT TIMAH ROAD,0.0
bukit_timah_road,Bukit Timah Road,1046.0,22923.295,35168.098,10.126,10.126,10.124,0.174,1.0,BUKIT TIMAH ROAD,0.0
bukit_timah_road,Bukit Timah Road,1048.0,22925.188,35167.451,10.124,10.124,10.124,0.0,1.0,BUKIT TIMAH ROAD,0.0
bukit_timah_road,Bukit Timah Road,1050.0,22927.08,35166.804,10.061,10.061,10.124,-0.093,1.0,BUKIT TIMAH ROAD,0.0
bukit_timah_road,Bukit Timah Road,1052.0,22928.973,35166.157,10.036,10.036,10.124,0.324,1.0,BUKIT TIMAH ROAD,0.0
bukit_timah_road,Bukit Timah Road,1054.0,22930.865,35165.51,10.191,10.191,10.116,0.324,1.0,BUKIT TIMAH ROAD,0.0
bukit_timah_road,Bukit Timah Road,1056.0,22932.757,35164.862,10.158,10.158,10.149,-0.093,1.0,BUKIT TIMAH ROAD,0.0
bukit_timah_road,Bukit Timah Road,1058.0,22934.65,35164.215,10.116,10.116,10.149,-1.001,1.0,BUKIT TIMAH ROAD,0.0
bukit_timah_road,Bukit Timah Road,1060.0,22936.542,35163.568,10.149,10.149,10.116,-1.418,1.0,BUKIT TIMAH ROAD,0.0
bukit_timah_road,Bukit Timah Road,1062.0,22938.435,35162.921,10.011,10.011,10.036,-1.608,1.0,BUKIT TIMAH ROAD,0.0
bukit_timah_road,Bukit Timah Road,1064.0,22940.327,35162.274,9.998,9.998,10.036,-1.192,1.0,BUKIT TIMAH ROAD,0.0
bukit_timah_road,Bukit Timah Road,1066.0,22942.22,35161.627,10.036,10.036,10.021,-0.191,1.0,BUKIT TIMAH ROAD,0.0
bukit_timah_road,Bukit Timah Road,1068.0,22944.112,35160.98,10.061,10.061,10.021,-0.816,1.0,BUKIT TIMAH ROAD,0.0
bukit_timah_road,Bukit Timah Road,1070.0,22946.004,35160.333,10.021,10.021,10.021,-4.314,1.0,BUKIT TIMAH ROAD,0.0
bukit_timah_road,Bukit Timah Road,1072.0,22947.897,35159.685,9.971,9.971,9.971,-7.813,1.0,BUKIT TIMAH ROAD,0.0
bukit_timah_road,Bukit Timah Road,1074.0,22949.789,35159.038,10.021,9.683,9.683,-10.0,2.0,BUKIT TIMAH ROAD,0.0
bukit_timah_road,Bukit Timah Road,1076.0,22951.682,35158.391,9.396,9.396,9.396,-9.375,2.0,BUKIT TIMAH ROAD,0.0
bukit_timah_road,Bukit Timah Road,1078.0,22953.574,35157.744,9.221,9.221,9.221,-5.781,1.0,BUKIT TIMAH ROAD,0.0
bukit_timah_road,Bukit Timah Road,1080.0,22955.466,35157.097,9.221,9.221,9.221,-2.187,1.0,BUKIT TIMAH ROAD,0.0
bukit_timah_road,Bukit Timah Road,1082.0,22957.359,35156.45,9.221,9.221,9.221,0.0,1.0,BUKIT TIMAH ROAD,0.0
bukit_timah_road,Bukit Timah Road,1084.0,22959.251,35155.803,9.221,9.221,9.221,0.0,1.0,BUKIT TIMAH ROAD,0.0
bukit_timah_road,Bukit Timah Road,1086.0,22961.144,35155.155,9.221,9.221,9.221,,,BUKIT TIMAH ROAD,0.0
bukit_timah_road,Bukit Timah Road,1088.0,22963.036,35154.508,9.221,9.221,9.221,,,BUKIT TIMAH ROAD,0.0
bukit_timah_road,Bukit Timah Road,1090.0,22964.928,35153.861,9.271,9.521,9.521,,,BUKIT TIMAH ROAD,0.0
bukit_timah_road,Bukit Timah Road,1092.0,22966.821,35153.214,9.321,9.821,9.821,11.875,2.0,BUKIT TIMAH ROAD,0.0
bukit_timah_road,Bukit Timah Road,1094.0,22968.713,35152.567,10.121,9.996,9.996,,,BUKIT TIMAH ROAD,0.0
bukit_timah_road,Bukit Timah Road,1096.0,22970.606,35151.92,10.171,10.171,10.171,,,BUKIT TIMAH ROAD,0.0
bukit_timah_road,Bukit Timah Road,1098.0,22972.498,35151.273,10.171,10.171,10.171,,,BUKIT TIMAH ROAD,0.0
bukit_timah_road,Bukit Timah Road,1100.0,22974.391,35150.626,10.171,10.171,10.171,1.25,1.0,BUKIT TIMAH ROAD,0.0
bukit_timah_road,Bukit Timah Road,1102.0,22976.283,35149.978,10.271,10.271,10.271,,,BUKIT TIMAH ROAD,0.0
bukit_timah_road,Bukit Timah Road,1104.0,22978.175,35149.331,10.271,10.271,10.271,,,BUKIT TIMAH ROAD,0.0
bukit_timah_road,Bukit Timah Road,1106.0,22980.068,35148.684,11.034,10.393,10.393,,,BUKIT TIMAH ROAD,0.0
bukit_timah_road,Bukit Timah Road,1108.0,22981.96,35148.037,11.485,10.515,10.515,5.958,1.0,BUKIT TIMAH ROAD,0.0
bukit_timah_road,Bukit Timah Road,1110.0,22983.853,35147.39,10.747,10.638,10.638,,,BUKIT TIMAH ROAD,0.0
bukit_timah_road,Bukit Timah Road,1112.0,22985.745,35146.743,10.76,10.76,10.747,,,BUKIT TIMAH ROAD,0.0
bukit_timah_road,Bukit Timah Road,1114.0,22987.637,35146.096,10.747,10.747,10.747,,,BUKIT TIMAH ROAD,0.0
bukit_timah_road,Bukit Timah Road,1116.0,22989.53,35145.449,10.747,10.747,10.747,,,BUKIT TIMAH ROAD,0.0
bukit_timah_road,Bukit Timah Road,1118.0,22991.422,35144.801,10.66,10.66,10.66,,,BUKIT TIMAH ROAD,0.0
bukit_timah_road,Bukit Timah Road,1120.0,22993.315,35144.154,10.647,10.416,10.416,,,BUKIT TIMAH ROAD,0.0
bukit_timah_road,Bukit Timah Road,1122.0,22995.207,35143.507,10.172,10.118,10.118,-14.208,2.0,BUKIT TIMAH ROAD,0.0
bukit_timah_road,Bukit Timah Road,1124.0,22997.099,35142.86,10.135,9.821,9.821,,,BUKIT TIMAH ROAD,0.0
bukit_timah_road,Bukit Timah Road,1126.0,22998.992,35142.213,9.523,9.523,9.523,,,BUKIT TIMAH ROAD,0.0
bukit_timah_road,Bukit Timah Road,1128.0,23000.884,35141.566,,9.52,9.52,,,BUKIT TIMAH ROAD,0.0
bukit_timah_road,Bukit Timah Road,1130.0,23002.777,35140.919,,9.516,9.516,-0.179,1.0,BUKIT TIMAH ROAD,0.0
bukit_timah_road,Bukit Timah Road,1132.0,23004.669,35140.272,,9.513,9.513,-0.179,1.0,BUKIT TIMAH ROAD,0.0
bukit_timah_road,Bukit Timah Road,1134.0,23006.562,35139.624,,9.509,9.509,-0.134,1.0,BUKIT TIMAH ROAD,0.0
bukit_timah_road,Bukit Timah Road,1136.0,23008.454,35138.977,,9.505,9.505,-0.089,1.0,BUKIT TIMAH ROAD,0.0
bukit_timah_road,Bukit Timah Road,1138.0,23010.346,35138.33,11.81,9.502,9.505,0.491,1.0,BUKIT TIMAH ROAD,0.0
bukit_timah_road,Bukit Timah Road,1140.0,23012.239,35137.683,9.498,9.498,9.505,1.67,1.0,BUKIT TIMAH ROAD,0.0
bukit_timah_road,Bukit Timah Road,1142.0,23014.131,35137.036,9.548,9.548,9.548,2.686,1.0,BUKIT TIMAH ROAD,0.0
bukit_timah_road,Bukit Timah Road,1144.0,23016.024,35136.389,9.639,9.639,9.639,4.014,1.0,BUKIT TIMAH ROAD,0.0
bukit_timah_road,Bukit Timah Road,1146.0,23017.916,35135.742,9.876,9.876,9.72,,,BUKIT TIMAH ROAD,0.0
bukit_timah_road,Bukit Timah Road,1148.0,23019.808,35135.095,9.826,9.826,9.826,,,BUKIT TIMAH ROAD,0.0
bukit_timah_road,Bukit Timah Road,1150.0,23021.701,35134.447,9.973,9.72,9.876,,,BUKIT TIMAH ROAD,0.0
bukit_timah_road,Bukit Timah Road,1152.0,23023.593,35133.8,9.614,10.023,10.023,,,BUKIT TIMAH ROAD,0.0
bukit_timah_road,Bukit Timah Road,1154.0,23025.486,35133.153,9.614,10.325,10.325,,,BUKIT TIMAH ROAD,0.0
bukit_timah_road,Bukit Timah Road,1156.0,23027.378,35132.506,9.626,10.911,10.911,,,BUKIT TIMAH ROAD,0.0
bukit_timah_road,Bukit Timah Road,1158.0,23029.27,35131.859,10.599,11.496,11.496,,,BUKIT TIMAH ROAD,0.0
bukit_timah_road,Bukit Timah Road,1160.0,23031.163,35131.212,10.425,12.082,12.082,,,BUKIT TIMAH ROAD,0.0
bukit_timah_road,Bukit Timah Road,1162.0,23033.055,35130.565,10.5,,12.667,,,BUKIT TIMAH ROAD,0.0
bukit_timah_road,Bukit Timah Road,1164.0,23034.948,35129.917,10.325,,13.252,,,BUKIT TIMAH ROAD,0.0
bukit_timah_road,Bukit Timah Road,1166.0,23036.84,35129.27,14.759,13.838,13.838,,,BUKIT TIMAH ROAD,0.0
bukit_timah_road,Bukit Timah Road,1168.0,23038.733,35128.623,15.079,14.423,14.423,,,BUKIT TIMAH ROAD,0.0
bukit_timah_road,Bukit Timah Road,1170.0,23040.625,35127.976,16.544,15.009,15.009,,,BUKIT TIMAH ROAD,0.0
bukit_timah_road,Bukit Timah Road,1172.0,23042.517,35127.329,15.594,15.594,15.283,,,BUKIT TIMAH ROAD,0.0
bukit_timah_road,Bukit Timah Road,1174.0,23044.41,35126.682,14.229,15.438,15.283,,,BUKIT TIMAH ROAD,0.0
bukit_timah_road,Bukit Timah Road,1176.0,23046.302,35126.035,12.544,15.283,15.283,,,BUKIT TIMAH ROAD,0.0
bukit_timah_road,Bukit Timah Road,1178.0,23048.195,35125.388,14.83,15.127,15.127,,,BUKIT TIMAH ROAD,0.0
bukit_timah_road,Bukit Timah Road,1180.0,23050.087,35124.74,15.236,14.971,14.971,,,BUKIT TIMAH ROAD,0.0
bukit_timah_road,Bukit Timah Road,1182.0,23051.979,35124.093,14.968,14.815,14.815,,,BUKIT TIMAH ROAD,0.0
bukit_timah_road,Bukit Timah Road,1184.0,23053.872,35123.446,17.305,14.572,14.572,,,BUKIT TIMAH ROAD,0.0
bukit_timah_road,Bukit Timah Road,1186.0,23055.764,35122.799,17.424,14.33,14.33,,,BUKIT TIMAH ROAD,0.0
bukit_timah_road,Bukit Timah Road,1188.0,23057.657,35122.152,14.042,14.053,14.053,,,BUKIT TIMAH ROAD,0.0
bukit_timah_road,Bukit Timah Road,1190.0,23059.549,35121.505,12.299,13.777,13.777,,,BUKIT TIMAH ROAD,0.0
bukit_timah_road,Bukit Timah Road,1192.0,23061.441,35120.858,13.138,13.5,13.5,,,BUKIT TIMAH ROAD,0.0
bukit_timah_road,Bukit Timah Road,1194.0,23063.334,35120.211,13.013,13.223,13.223,,,BUKIT TIMAH ROAD,0.0
bukit_timah_road,Bukit Timah Road,1196.0,23065.226,35119.563,12.091,12.947,13.182,,,BUKIT TIMAH ROAD,0.0
bukit_timah_road,Bukit Timah Road,1198.0,23067.119,35118.916,11.173,13.065,13.182,,,BUKIT TIMAH ROAD,0.0
bukit_timah_road,Bukit Timah Road,1200.0,23069.011,35118.269,12.858,13.182,13.182,,,BUKIT TIMAH ROAD,0.0
bukit_timah_road,Bukit Timah Road,1202.0,23070.904,35117.622,12.748,13.472,13.472,,,BUKIT TIMAH ROAD,0.0
bukit_timah_road,Bukit Timah Road,1204.0,23072.796,35116.975,12.268,13.762,13.762,,,BUKIT TIMAH ROAD,0.0
bukit_timah_road,Bukit Timah Road,1206.0,23074.688,35116.328,15.361,14.051,14.051,,,BUKIT TIMAH ROAD,0.0
bukit_timah_road,Bukit Timah Road,1208.0,23076.581,35115.681,15.086,14.316,14.316,,,BUKIT TIMAH ROAD,0.0
bukit_timah_road,Bukit Timah Road,1210.0,23078.473,35115.034,14.999,14.581,14.581,,,BUKIT TIMAH ROAD,0.0
bukit_timah_road,Bukit Timah Road,1212.0,23080.366,35114.386,15.358,14.846,14.846,,,BUKIT TIMAH ROAD,0.0
bukit_timah_road,Bukit Timah Road,1214.0,23082.258,35113.739,12.355,15.111,15.111,,,BUKIT TIMAH ROAD,0.0
bukit_timah_road,Bukit Timah Road,1216.0,23084.15,35113.092,14.864,15.187,15.187,,,BUKIT TIMAH ROAD,0.0
bukit_timah_road,Bukit Timah Road,1218.0,23086.043,35112.445,15.264,15.264,15.187,,,BUKIT TIMAH ROAD,0.0
bukit_timah_road,Bukit Timah Road,1220.0,23087.935,35111.798,15.247,15.247,15.187,,,BUKIT TIMAH ROAD,0.0
bukit_timah_road,Bukit Timah Road,1222.0,23089.828,35111.151,15.439,15.181,15.181,,,BUKIT TIMAH ROAD,0.0
bukit_timah_road,Bukit Timah Road,1224.0,23091.72,35110.504,15.947,15.116,15.116,,,BUKIT TIMAH ROAD,0.0
bukit_timah_road,Bukit Timah Road,1226.0,23093.613,35109.856,15.797,14.72,14.72,,,BUKIT TIMAH ROAD,0.0
bukit_timah_road,Bukit Timah Road,1228.0,23095.505,35109.209,16.064,14.325,14.325,,,BUKIT TIMAH ROAD,0.0
bukit_timah_road,Bukit Timah Road,1230.0,23097.397,35108.562,13.522,13.93,13.93,,,BUKIT TIMAH ROAD,0.0
bukit_timah_road,Bukit Timah Road,1232.0,23099.29,35107.915,13.497,13.535,13.535,,,BUKIT TIMAH ROAD,0.0
bukit_timah_road,Bukit Timah Road,1234.0,23101.182,35107.268,16.921,13.115,13.115,,,BUKIT TIMAH ROAD,0.0
bukit_timah_road,Bukit Timah Road,1236.0,23103.075,35106.621,13.852,12.696,12.696,,,BUKIT TIMAH ROAD,0.0
bukit_timah_road,Bukit Timah Road,1238.0,23104.967,35105.974,12.88,12.277,12.277,,,BUKIT TIMAH ROAD,0.0
bukit_timah_road,Bukit Timah Road,1240.0,23106.859,35105.327,9.852,11.857,11.857,,,BUKIT TIMAH ROAD,0.0
bukit_timah_road,Bukit Timah Road,1242.0,23108.752,35104.679,9.79,11.438,11.438,,,BUKIT TIMAH ROAD,0.0
bukit_timah_road,Bukit Timah Road,1244.0,23110.644,35104.032,10.021,11.293,11.293,,,BUKIT TIMAH ROAD,0.0
bukit_timah_road,Bukit Timah Road,1246.0,23112.529,35103.365,10.033,11.148,11.293,,,BUKIT TIMAH ROAD,0.0
bukit_timah_road,Bukit Timah Road,1248.0,23114.411,35102.686,9.942,11.277,11.293,,,BUKIT TIMAH ROAD,0.0
bukit_timah_road,Bukit Timah Road,1250.0,23116.292,35102.008,11.406,11.406,11.342,,,BUKIT TIMAH ROAD,0.0
bukit_timah_road,Bukit Timah Road,1252.0,23118.174,35101.33,11.385,11.385,11.342,,,BUKIT TIMAH ROAD,0.0
bukit_timah_road,Bukit Timah Road,1254.0,23120.055,35100.652,11.883,11.342,11.342,,,BUKIT TIMAH ROAD,0.0
bukit_timah_road,Bukit Timah Road,1256.0,23121.937,35099.974,14.017,11.299,11.299,,,BUKIT TIMAH ROAD,0.0
bukit_timah_road,Bukit Timah Road,1258.0,23123.818,35099.296,11.773,11.027,11.027,,,BUKIT TIMAH ROAD,0.0
bukit_timah_road,Bukit Timah Road,1260.0,23125.7,35098.617,9.217,10.755,10.755,,,BUKIT TIMAH ROAD,0.0
bukit_timah_road,Bukit Timah Road,1262.0,23127.581,35097.939,9.368,10.483,10.483,,,BUKIT TIMAH ROAD,0.0
bukit_timah_road,Bukit Timah Road,1264.0,23129.463,35097.261,11.156,10.283,10.483,,,BUKIT TIMAH ROAD,0.0
bukit_timah_road,Bukit Timah Road,1266.0,23131.344,35096.583,9.193,10.454,10.483,,,BUKIT TIMAH ROAD,0.0
bukit_timah_road,Bukit Timah Road,1268.0,23133.226,35095.905,9.163,10.625,10.625,,,BUKIT TIMAH ROAD,0.0
bukit_timah_road,Bukit Timah Road,1270.0,23135.107,35095.226,10.752,10.796,10.796,,,BUKIT TIMAH ROAD,0.0
bukit_timah_road,Bukit Timah Road,1272.0,23136.989,35094.548,10.968,10.968,10.798,,,BUKIT TIMAH ROAD,0.0
bukit_timah_road,Bukit Timah Road,1274.0,23138.87,35093.87,10.798,10.798,10.798,,,BUKIT TIMAH ROAD,0.0
bukit_timah_road,Bukit Timah Road,1276.0,23140.752,35093.192,10.798,10.798,10.798,-2.578,1.0,BUKIT TIMAH ROAD,0.0
bukit_timah_road,Bukit Timah Road,1278.0,23142.633,35092.514,10.798,10.591,10.591,,,BUKIT TIMAH ROAD,0.0
bukit_timah_road,Bukit Timah Road,1280.0,23144.515,35091.835,8.76,10.385,10.591,,,BUKIT TIMAH ROAD,0.0
bukit_timah_road,Bukit Timah Road,1282.0,23146.396,35091.157,8.748,10.492,10.591,,,BUKIT TIMAH ROAD,0.0
bukit_timah_road,Bukit Timah Road,1284.0,23148.278,35090.479,10.858,10.598,10.598,,,BUKIT TIMAH ROAD,0.0
bukit_timah_road,Bukit Timah Road,1286.0,23150.159,35089.801,10.858,10.704,10.704,,,BUKIT TIMAH ROAD,0.0
bukit_timah_road,Bukit Timah Road,1288.0,23152.041,35089.123,8.735,10.81,10.81,,,BUKIT TIMAH ROAD,0.0
bukit_timah_road,Bukit Timah Road,1290.0,23153.922,35088.444,8.735,10.916,10.916,,,BUKIT TIMAH ROAD,0.0
bukit_timah_road,Bukit Timah Road,1292.0,23155.804,35087.766,8.978,11.023,11.023,,,BUKIT TIMAH ROAD,0.0
bukit_timah_road,Bukit Timah Road,1294.0,23157.685,35087.088,10.639,11.129,11.129,,,BUKIT TIMAH ROAD,0.0
bukit_timah_road,Bukit Timah Road,1296.0,23159.567,35086.41,12.56,11.235,11.235,,,BUKIT TIMAH ROAD,0.0
bukit_timah_road,Bukit Timah Road,1298.0,23161.448,35085.731,12.768,11.341,11.341,,,BUKIT TIMAH ROAD,0.0
bukit_timah_road,Bukit Timah Road,1300.0,23163.33,35085.053,11.448,11.448,11.389,,,BUKIT TIMAH ROAD,0.0
bukit_timah_road,Bukit Timah Road,1302.0,23165.211,35084.375,11.804,11.389,11.448,,,BUKIT TIMAH ROAD,0.0
bukit_timah_road,Bukit Timah Road,1304.0,23167.093,35083.697,11.248,11.685,11.685,,,BUKIT TIMAH ROAD,0.0
bukit_timah_road,Bukit Timah Road,1306.0,23168.974,35083.019,11.273,11.981,11.981,,,BUKIT TIMAH ROAD,0.0
bukit_timah_road,Bukit Timah Road,1308.0,23170.856,35082.34,13.583,12.337,12.337,,,BUKIT TIMAH ROAD,0.0
bukit_timah_road,Bukit Timah Road,1310.0,23172.737,35081.662,12.054,12.693,12.693,,,BUKIT TIMAH ROAD,0.0
bukit_timah_road,Bukit Timah Road,1312.0,23174.619,35080.984,14.833,13.049,13.049,,,BUKIT TIMAH ROAD,0.0
bukit_timah_road,Bukit Timah Road,1314.0,23176.5,35080.306,15.052,13.405,13.405,,,BUKIT TIMAH ROAD,0.0
bukit_timah_road,Bukit Timah Road,1316.0,23178.382,35079.628,14.408,13.761,13.761,,,BUKIT TIMAH ROAD,0.0
bukit_timah_road,Bukit Timah Road,1318.0,23180.263,35078.949,15.737,14.118,14.118,,,BUKIT TIMAH ROAD,0.0
bukit_timah_road,Bukit Timah Road,1320.0,23182.145,35078.271,15.587,14.474,14.474,,,BUKIT TIMAH ROAD,0.0
bukit_timah_road,Bukit Timah Road,1322.0,23184.026,35077.593,15.472,14.507,14.474,,,BUKIT TIMAH ROAD,0.0
bukit_timah_road,Bukit Timah Road,1324.0,23185.908,35076.915,15.112,14.54,14.474,,,BUKIT TIMAH ROAD,0.0
bukit_timah_road,Bukit Timah Road,1326.0,23187.789,35076.237,12.896,14.251,14.251,,,BUKIT TIMAH ROAD,0.0
bukit_timah_road,Bukit Timah Road,1328.0,23189.671,35075.558,13.371,13.961,13.961,,,BUKIT TIMAH ROAD,0.0
bukit_timah_road,Bukit Timah Road,1330.0,23191.552,35074.88,13.227,13.671,13.671,,,BUKIT TIMAH ROAD,0.0
bukit_timah_road,Bukit Timah Road,1332.0,23193.434,35074.202,13.258,13.505,13.524,,,BUKIT TIMAH ROAD,0.0
bukit_timah_road,Bukit Timah Road,1334.0,23195.315,35073.524,13.34,13.34,13.524,,,BUKIT TIMAH ROAD,0.0
bukit_timah_road,Bukit Timah Road,1336.0,23197.197,35072.846,13.377,13.524,13.524,,,BUKIT TIMAH ROAD,0.0
bukit_timah_road,Bukit Timah Road,1338.0,23199.078,35072.167,13.477,13.708,13.708,,,BUKIT TIMAH ROAD,0.0
bukit_timah_road,Bukit Timah Road,1340.0,23200.96,35071.489,16.146,13.749,13.749,,,BUKIT TIMAH ROAD,0.0
bukit_timah_road,Bukit Timah Road,1342.0,23202.841,35070.811,17.84,13.789,13.789,,,BUKIT TIMAH ROAD,0.0
bukit_timah_road,Bukit Timah Road,1344.0,23204.723,35070.133,15.165,13.829,13.829,,,BUKIT TIMAH ROAD,0.0
bukit_timah_road,Bukit Timah Road,1346.0,23206.604,35069.455,14.013,13.87,13.87,,,BUKIT TIMAH ROAD,0.0
bukit_timah_road,Bukit Timah Road,1348.0,23208.486,35068.776,18.336,13.91,13.91,,,BUKIT TIMAH ROAD,0.0
bukit_timah_road,Bukit Timah Road,1350.0,23210.367,35068.098,18.342,13.95,13.95,,,BUKIT TIMAH ROAD,0.0
bukit_timah_road,Bukit Timah Road,1352.0,23212.261,35067.455,18.692,13.99,13.99,,,BUKIT TIMAH ROAD,0.0
bukit_timah_road,Bukit Timah Road,1354.0,23214.156,35066.816,17.917,14.031,14.031,,,BUKIT TIMAH ROAD,0.0
bukit_timah_road,Bukit Timah Road,1356.0,23216.052,35066.177,15.909,14.071,14.071,,,BUKIT TIMAH ROAD,0.0
bukit_timah_road,Bukit Timah Road,1358.0,23217.947,35065.539,14.939,14.111,14.111,,,BUKIT TIMAH ROAD,0.0
bukit_timah_road,Bukit Timah Road,1360.0,23219.842,35064.9,14.525,14.152,14.152,,,BUKIT TIMAH ROAD,0.0
bukit_timah_road,Bukit Timah Road,1362.0,23221.737,35064.261,14.525,14.192,14.152,,,BUKIT TIMAH ROAD,0.0
bukit_timah_road,Bukit Timah Road,1364.0,23223.633,35063.622,14.562,14.232,14.152,,,BUKIT TIMAH ROAD,0.0
bukit_timah_road,Bukit Timah Road,1366.0,23225.528,35062.983,13.94,13.94,14.065,,,BUKIT TIMAH ROAD,0.0
bukit_timah_road,Bukit Timah Road,1368.0,23227.423,35062.345,13.973,13.973,14.065,,,BUKIT TIMAH ROAD,0.0
bukit_timah_road,Bukit Timah Road,1370.0,23229.318,35061.706,16.298,14.065,14.065,1.146,1.0,BUKIT TIMAH ROAD,0.0
bukit_timah_road,Bukit Timah Road,1372.0,23231.214,35061.067,17.74,14.157,14.157,1.146,1.0,BUKIT TIMAH ROAD,0.0
bukit_timah_road,Bukit Timah Road,1374.0,23233.109,35060.428,16.948,14.248,14.157,,,BUKIT TIMAH ROAD,0.0
bukit_timah_road,Bukit Timah Road,1376.0,23235.004,35059.79,14.34,14.34,14.157,,,BUKIT TIMAH ROAD,0.0
bukit_timah_road,Bukit Timah Road,1378.0,23236.899,35059.151,15.173,14.05,14.05,,,BUKIT TIMAH ROAD,0.0
bukit_timah_road,Bukit Timah Road,1380.0,23238.795,35058.512,13.173,13.76,13.76,,,BUKIT TIMAH ROAD,0.0
bukit_timah_road,Bukit Timah Road,1382.0,23240.69,35057.873,9.396,13.469,13.469,,,BUKIT TIMAH ROAD,0.0
bukit_timah_road,Bukit Timah Road,1384.0,23242.585,35057.235,13.923,13.179,13.179,,,BUKIT TIMAH ROAD,0.0
bukit_timah_road,Bukit Timah Road,1386.0,23244.48,35056.596,12.561,12.889,12.889,,,BUKIT TIMAH ROAD,0.0
bukit_timah_road,Bukit Timah Road,1388.0,23246.376,35055.957,12.598,12.598,12.598,,,BUKIT TIMAH ROAD,0.0
bukit_timah_road,Bukit Timah Road,1390.0,23248.271,35055.318,12.523,12.523,12.536,,,BUKIT TIMAH ROAD,0.0
bukit_timah_road,Bukit Timah Road,1392.0,23250.166,35054.679,12.536,12.536,12.536,,,BUKIT TIMAH ROAD,0.0
bukit_timah_road,Bukit Timah Road,1394.0,23252.061,35054.041,12.473,12.473,12.536,0.781,1.0,BUKIT TIMAH ROAD,0.0
bukit_timah_road,Bukit Timah Road,1396.0,23253.957,35053.402,12.298,12.598,12.598,,,BUKIT TIMAH ROAD,0.0
bukit_timah_road,Bukit Timah Road,1398.0,23255.852,35052.763,12.723,12.723,12.598,,,BUKIT TIMAH ROAD,0.0
bukit_timah_road,Bukit Timah Road,1400.0,23257.747,35052.124,12.673,12.6,12.598,,,BUKIT TIMAH ROAD,0.0
bukit_timah_road,Bukit Timah Road,1402.0,23259.642,35051.486,12.223,12.477,12.477,,,BUKIT TIMAH ROAD,0.0
bukit_timah_road,Bukit Timah Road,1404.0,23261.538,35050.847,12.648,12.063,12.063,,,BUKIT TIMAH ROAD,0.0
bukit_timah_road,Bukit Timah Road,1406.0,23263.433,35050.208,13.983,11.65,11.65,,,BUKIT TIMAH ROAD,0.0
bukit_timah_road,Bukit Timah Road,1408.0,23265.328,35049.569,13.908,11.236,11.236,,,BUKIT TIMAH ROAD,0.0
bukit_timah_road,Bukit Timah Road,1410.0,23267.223,35048.931,14.017,10.823,10.823,,,BUKIT TIMAH ROAD,0.0
bukit_timah_road,Bukit Timah Road,1412.0,23269.119,35048.292,13.883,10.397,10.397,,,BUKIT TIMAH ROAD,0.0
bukit_timah_road,Bukit Timah Road,1414.0,23271.014,35047.653,10.025,9.971,9.971,,,BUKIT TIMAH ROAD,0.0
bukit_timah_road,Bukit Timah Road,1416.0,23272.909,35047.014,8.233,9.545,9.545,,,BUKIT TIMAH ROAD,0.0
bukit_timah_road,Bukit Timah Road,1418.0,23274.804,35046.375,8.25,9.225,9.225,,,BUKIT TIMAH ROAD,0.0
bukit_timah_road,Bukit Timah Road,1420.0,23276.7,35045.737,8.267,8.906,8.906,,,BUKIT TIMAH ROAD,0.0
bukit_timah_road,Bukit Timah Road,1422.0,23278.595,35045.098,8.267,8.586,8.586,,,BUKIT TIMAH ROAD,0.0
bukit_timah_road,Bukit Timah Road,1424.0,23280.49,35044.459,8.267,8.267,8.283,,,BUKIT TIMAH ROAD,0.0
bukit_timah_road,Bukit Timah Road,1426.0,23282.385,35043.82,8.283,8.283,8.283,,,BUKIT TIMAH ROAD,0.0
bukit_timah_road,Bukit Timah Road,1428.0,23284.281,35043.182,8.283,8.283,8.283,0.0,1.0,BUKIT TIMAH ROAD,0.0
bukit_timah_road,Bukit Timah Road,1430.0,23286.176,35042.543,8.283,8.283,8.283,2.006,1.0,BUKIT TIMAH ROAD,0.0
bukit_timah_road,Bukit Timah Road,1432.0,23288.071,35041.904,8.283,8.283,8.283,,,BUKIT TIMAH ROAD,0.0
bukit_timah_road,Bukit Timah Road,1434.0,23289.957,35041.237,8.444,8.444,8.444,,,BUKIT TIMAH ROAD,0.0
bukit_timah_road,Bukit Timah Road,1436.0,23291.841,35040.568,8.419,8.686,8.686,,,BUKIT TIMAH ROAD,0.0
bukit_timah_road,Bukit Timah Road,1438.0,23293.726,35039.898,8.419,8.928,8.928,,,BUKIT TIMAH ROAD,0.0
bukit_timah_road,Bukit Timah Road,1440.0,23295.611,35039.229,8.212,9.032,9.032,,,BUKIT TIMAH ROAD,0.0
bukit_timah_road,Bukit Timah Road,1442.0,23297.495,35038.56,10.456,9.135,9.135,,,BUKIT TIMAH ROAD,0.0
bukit_timah_road,Bukit Timah Road,1444.0,23299.38,35037.89,10.575,9.239,9.239,,,BUKIT TIMAH ROAD,0.0
bukit_timah_road,Bukit Timah Road,1446.0,23301.264,35037.221,12.812,9.342,9.342,,,BUKIT TIMAH ROAD,0.0
bukit_timah_road,Bukit Timah Road,1448.0,23303.149,35036.551,13.056,9.446,9.446,,,BUKIT TIMAH ROAD,0.0
bukit_timah_road,Bukit Timah Road,1450.0,23305.034,35035.882,13.856,9.549,9.549,,,BUKIT TIMAH ROAD,0.0
bukit_timah_road,Bukit Timah Road,1452.0,23306.918,35035.212,13.687,9.653,9.653,,,BUKIT TIMAH ROAD,0.0
bukit_timah_road,Bukit Timah Road,1454.0,23308.803,35034.543,14.599,9.756,9.756,,,BUKIT TIMAH ROAD,0.0
bukit_timah_road,Bukit Timah Road,1456.0,23310.688,35033.873,10.229,9.86,9.86,,,BUKIT TIMAH ROAD,0.0
bukit_timah_road,Bukit Timah Road,1458.0,23312.572,35033.204,10.184,9.963,9.963,,,BUKIT TIMAH ROAD,0.0
bukit_timah_road,Bukit Timah Road,1460.0,23314.457,35032.534,9.309,10.067,10.067,,,BUKIT TIMAH ROAD,0.0
bukit_timah_road,Bukit Timah Road,1462.0,23316.341,35031.865,10.091,10.17,10.156,,,BUKIT TIMAH ROAD,0.0
bukit_timah_road,Bukit Timah Road,1464.0,23318.226,35031.195,11.091,10.163,10.156,,,BUKIT TIMAH ROAD,0.0
bukit_timah_road,Bukit Timah Road,1466.0,23320.111,35030.526,11.399,10.156,10.156,,,BUKIT TIMAH ROAD,0.0
bukit_timah_road,Bukit Timah Road,1468.0,23321.995,35029.856,10.424,10.149,10.149,,,BUKIT TIMAH ROAD,0.0
bukit_timah_road,Bukit Timah Road,1470.0,23323.88,35029.187,8.324,10.142,10.142,,,BUKIT TIMAH ROAD,0.0
bukit_timah_road,Bukit Timah Road,1472.0,23325.765,35028.517,9.859,9.859,10.079,,,BUKIT TIMAH ROAD,0.0
bukit_timah_road,Bukit Timah Road,1474.0,23327.649,35027.848,10.079,10.079,10.079,-1.342,1.0,BUKIT TIMAH ROAD,0.0
bukit_timah_road,Bukit Timah Road,1476.0,23329.534,35027.179,10.034,10.034,10.034,,,BUKIT TIMAH ROAD,0.0
bukit_timah_road,Bukit Timah Road,1478.0,23331.418,35026.509,10.124,10.124,10.034,,,BUKIT TIMAH ROAD,0.0
bukit_timah_road,Bukit Timah Road,1480.0,23333.303,35025.84,11.657,10.019,10.019,,,BUKIT TIMAH ROAD,0.0
bukit_timah_road,Bukit Timah Road,1482.0,23335.188,35025.17,11.411,9.915,9.915,,,BUKIT TIMAH ROAD,0.0
bukit_timah_road,Bukit Timah Road,1484.0,23337.072,35024.501,10.449,9.652,9.652,,,BUKIT TIMAH ROAD,0.0
bukit_timah_road,Bukit Timah Road,1486.0,23338.957,35023.831,10.486,9.389,9.389,,,BUKIT TIMAH ROAD,0.0
bukit_timah_road,Bukit Timah Road,1488.0,23340.842,35023.162,8.489,9.126,9.126,,,BUKIT TIMAH ROAD,0.0
bukit_timah_road,Bukit Timah Road,1490.0,23342.726,35022.492,8.337,8.863,8.863,,,BUKIT TIMAH ROAD,0.0
bukit_timah_road,Bukit Timah Road,1492.0,23344.611,35021.823,8.324,8.6,8.6,,,BUKIT TIMAH ROAD,0.0
bukit_timah_road,Bukit Timah Road,1494.0,23346.495,35021.153,8.337,8.337,8.511,,,BUKIT TIMAH ROAD,0.0
bukit_timah_road,Bukit Timah Road,1496.0,23348.38,35020.484,8.368,8.368,8.511,,,BUKIT TIMAH ROAD,0.0
bukit_timah_road,Bukit Timah Road,1498.0,23350.265,35019.814,8.706,8.511,8.511,0.482,1.0,BUKIT TIMAH ROAD,0.0
bukit_timah_road,Bukit Timah Road,1500.0,23352.149,35019.145,10.429,8.654,8.549,0.482,1.0,BUKIT TIMAH ROAD,0.0
bukit_timah_road,Bukit Timah Road,1502.0,23354.034,35018.475,10.264,8.602,8.549,0.163,1.0,BUKIT TIMAH ROAD,0.0
bukit_timah_road,Bukit Timah Road,1504.0,23355.919,35017.806,8.549,8.549,8.549,-0.156,1.0,BUKIT TIMAH ROAD,0.0
bukit_timah_road,Bukit Timah Road,1506.0,23357.803,35017.137,8.537,8.537,8.543,-2.612,1.0,BUKIT TIMAH ROAD,0.0
bukit_timah_road,Bukit Timah Road,1508.0,23359.688,35016.467,8.543,8.543,8.537,-2.612,1.0,BUKIT TIMAH ROAD,0.0
bukit_timah_road,Bukit Timah Road,1510.0,23361.572,35015.798,8.316,8.316,8.34,-2.534,1.0,BUKIT TIMAH ROAD,0.0
bukit_timah_road,Bukit Timah Road,1512.0,23363.457,35015.128,8.316,8.316,8.34,-1.83,1.0,BUKIT TIMAH ROAD,0.0
bukit_timah_road,Bukit Timah Road,1514.0,23365.342,35014.459,8.34,8.34,8.34,1.662,1.0,BUKIT TIMAH ROAD,0.0
bukit_timah_road,Bukit Timah Road,1516.0,23367.226,35013.789,8.391,8.391,8.391,,,BUKIT TIMAH ROAD,0.0
bukit_timah_road,Bukit Timah Road,1518.0,23369.111,35013.12,8.473,8.473,8.473,,,BUKIT TIMAH ROAD,0.0
bukit_timah_road,Bukit Timah Road,1520.0,23370.996,35012.45,8.467,8.755,8.755,,,BUKIT TIMAH ROAD,0.0
bukit_timah_road,Bukit Timah Road,1522.0,23372.88,35011.781,8.473,9.037,9.037,,,BUKIT TIMAH ROAD,0.0
bukit_timah_road,Bukit Timah Road,1524.0,23374.765,35011.111,11.016,9.318,9.318,,,BUKIT TIMAH ROAD,0.0
bukit_timah_road,Bukit Timah Road,1526.0,23376.649,35010.442,11.016,9.603,9.603,,,BUKIT TIMAH ROAD,0.0
bukit_timah_road,Bukit Timah Road,1528.0,23378.534,35009.772,10.441,9.888,9.888,,,BUKIT TIMAH ROAD,0.0
bukit_timah_road,Bukit Timah Road,1530.0,23380.419,35009.103,10.391,10.173,10.173,,,BUKIT TIMAH ROAD,0.0
bukit_timah_road,Bukit Timah Road,1532.0,23382.303,35008.433,8.085,10.458,10.458,,,BUKIT TIMAH ROAD,0.0
bukit_timah_road,Bukit Timah Road,1534.0,23384.188,35007.764,8.272,10.526,10.526,,,BUKIT TIMAH ROAD,0.0
bukit_timah_road,Bukit Timah Road,1536.0,23386.073,35007.094,8.06,10.593,10.593,,,BUKIT TIMAH ROAD,0.0
bukit_timah_road,Bukit Timah Road,1538.0,23387.957,35006.425,10.66,10.66,10.66,4.128,1.0,BUKIT TIMAH ROAD,0.0
bukit_timah_road,Bukit Timah Road,1540.0,23389.842,35005.756,11.298,10.868,10.856,3.288,1.0,BUKIT TIMAH ROAD,0.0
bukit_timah_road,Bukit Timah Road,1542.0,23391.726,35005.086,13.122,11.077,10.856,1.856,1.0,BUKIT TIMAH ROAD,0.0
bukit_timah_road,Bukit Timah Road,1544.0,23393.611,35004.417,13.11,10.856,10.856,,,BUKIT TIMAH ROAD,0.0
bukit_timah_road,Bukit Timah Road,1546.0,23395.496,35003.747,10.635,10.635,10.808,,,BUKIT TIMAH ROAD,0.0
bukit_timah_road,Bukit Timah Road,1548.0,23397.38,35003.078,10.722,10.722,10.808,,,BUKIT TIMAH ROAD,0.0
bukit_timah_road,Bukit Timah Road,1550.0,23399.265,35002.408,10.291,10.808,10.808,,,BUKIT TIMAH ROAD,0.0
bukit_timah_road,Bukit Timah Road,1552.0,23401.15,35001.739,10.347,11.018,11.018,,,BUKIT TIMAH ROAD,0.0
bukit_timah_road,Bukit Timah Road,1554.0,23403.034,35001.069,8.114,11.228,11.228,,,BUKIT TIMAH ROAD,0.0
bukit_timah_road,Bukit Timah Road,1556.0,23404.919,35000.4,10.754,11.543,11.543,,,BUKIT TIMAH ROAD,0.0
bukit_timah_road,Bukit Timah Road,1558.0,23406.803,34999.73,10.766,11.857,11.857,,,BUKIT TIMAH ROAD,0.0
bukit_timah_road,Bukit Timah Road,1560.0,23408.688,34999.061,12.724,12.172,12.172,,,BUKIT TIMAH ROAD,0.0
bukit_timah_road,Bukit Timah Road,1562.0,23410.573,34998.391,14.719,12.486,12.172,,,BUKIT TIMAH ROAD,0.0
bukit_timah_road,Bukit Timah Road,1564.0,23412.457,34997.722,14.574,12.288,12.172,,,BUKIT TIMAH ROAD,0.0
bukit_timah_road,Bukit Timah Road,1566.0,23414.342,34997.052,11.58,12.09,12.09,,,BUKIT TIMAH ROAD,0.0
bukit_timah_road,Bukit Timah Road,1568.0,23416.227,34996.383,13.456,11.892,11.892,,,BUKIT TIMAH ROAD,0.0
bukit_timah_road,Bukit Timah Road,1570.0,23418.111,34995.714,13.668,11.694,11.694,,,BUKIT TIMAH ROAD,0.0
bukit_timah_road,Bukit Timah Road,1572.0,23419.996,34995.044,10.962,11.496,11.496,,,BUKIT TIMAH ROAD,0.0
bukit_timah_road,Bukit Timah Road,1574.0,23421.88,34994.375,10.962,11.297,11.297,,,BUKIT TIMAH ROAD,0.0
bukit_timah_road,Bukit Timah Road,1576.0,23423.765,34993.705,11.099,11.099,11.099,,,BUKIT TIMAH ROAD,0.0
bukit_timah_road,Bukit Timah Road,1578.0,23425.65,34993.036,8.089,10.871,10.871,,,BUKIT TIMAH ROAD,0.0
bukit_timah_road,Bukit Timah Road,1580.0,23427.534,34992.366,8.097,10.642,10.642,-11.428,2.0,BUKIT TIMAH ROAD,0.0
bukit_timah_road,Bukit Timah Road,1582.0,23429.419,34991.697,8.085,10.414,10.414,,,BUKIT TIMAH ROAD,0.0
bukit_timah_road,Bukit Timah Road,1584.0,23431.304,34991.027,10.185,10.185,10.185,,,BUKIT TIMAH ROAD,0.0
bukit_timah_road,Bukit Timah Road,1586.0,23433.188,34990.358,9.985,9.898,9.898,,,BUKIT TIMAH ROAD,0.0
bukit_timah_road,Bukit Timah Road,1588.0,23435.073,34989.688,9.893,9.611,9.611,,,BUKIT TIMAH ROAD,0.0
bukit_timah_road,Bukit Timah Road,1590.0,23436.957,34989.019,9.86,9.324,9.324,,,BUKIT TIMAH ROAD,0.0
bukit_timah_road,Bukit Timah Road,1592.0,23438.842,34988.349,10.292,9.037,9.037,,,BUKIT TIMAH ROAD,0.0
bukit_timah_road,Bukit Timah Road,1594.0,23440.727,34987.68,8.102,8.786,8.786,,,BUKIT TIMAH ROAD,0.0
bukit_timah_road,Bukit Timah Road,1596.0,23442.611,34987.01,7.947,8.535,8.535,,,BUKIT TIMAH ROAD,0.0
bukit_timah_road,Bukit Timah Road,1598.0,23444.496,34986.341,7.927,8.284,8.284,,,BUKIT TIMAH ROAD,0.0
bukit_timah_road,Bukit Timah Road,1600.0,23446.381,34985.672,7.812,8.033,8.033,,,BUKIT TIMAH ROAD,0.0
bukit_timah_road,Bukit Timah Road,1602.0,23448.265,34985.002,7.782,7.782,7.792,,,BUKIT TIMAH ROAD,0.0
bukit_timah_road,Bukit Timah Road,1604.0,23450.15,34984.333,7.792,7.792,7.792,,,BUKIT TIMAH ROAD,0.0
bukit_timah_road,Bukit Timah Road,1606.0,23452.034,34983.663,7.792,7.792,7.792,1.625,1.0,BUKIT TIMAH ROAD,0.0
bukit_timah_road,Bukit Timah Road,1608.0,23453.919,34982.994,7.802,7.802,7.802,1.625,1.0,BUKIT TIMAH ROAD,0.0
bukit_timah_road,Bukit Timah Road,1610.0,23455.804,34982.324,7.942,7.942,7.922,1.625,1.0,BUKIT TIMAH ROAD,0.0
bukit_timah_road,Bukit Timah Road,1612.0,23457.688,34981.655,7.942,7.942,7.922,0.625,1.0,BUKIT TIMAH ROAD,0.0
bukit_timah_road,Bukit Timah Road,1614.0,23459.573,34980.985,7.922,7.922,7.922,-1.44,1.0,BUKIT TIMAH ROAD,0.0
bukit_timah_road,Bukit Timah Road,1616.0,23461.458,34980.316,7.802,7.802,7.852,-1.5,1.0,BUKIT TIMAH ROAD,0.0
bukit_timah_road,Bukit Timah Road,1618.0,23463.342,34979.646,7.792,7.792,7.807,-1.315,1.0,BUKIT TIMAH ROAD,0.0
bukit_timah_road,Bukit Timah Road,1620.0,23465.227,34978.977,7.852,7.852,7.802,-1.131,1.0,BUKIT TIMAH ROAD,0.0
bukit_timah_road,Bukit Timah Road,1622.0,23467.111,34978.307,8.092,7.807,7.792,-0.722,1.0,BUKIT TIMAH ROAD,0.0
bukit_timah_road,Bukit Timah Road,1624.0,23468.996,34977.638,7.762,7.762,7.762,-0.662,1.0,BUKIT TIMAH ROAD,0.0
bukit_timah_road,Bukit Timah Road,1626.0,23470.881,34976.968,7.749,7.749,7.749,-0.409,1.0,BUKIT TIMAH ROAD,0.0
bukit_timah_road,Bukit Timah Road,1628.0,23472.765,34976.299,7.749,7.749,7.749,-0.156,1.0,BUKIT TIMAH ROAD,0.0
bukit_timah_road,Bukit Timah Road,1630.0,23474.65,34975.63,7.749,7.749,7.749,0.0,1.0,BUKIT TIMAH ROAD,0.0
bukit_timah_road,Bukit Timah Road,1632.0,23476.535,34974.96,7.749,7.749,7.749,0.0,1.0,BUKIT TIMAH ROAD,0.0
bukit_timah_road,Bukit Timah Road,1634.0,23478.419,34974.291,7.749,7.749,7.749,0.0,1.0,BUKIT TIMAH ROAD,0.0
bukit_timah_road,Bukit Timah Road,1636.0,23480.304,34973.621,7.749,7.749,7.749,0.259,1.0,BUKIT TIMAH ROAD,0.0
bukit_timah_road,Bukit Timah Road,1638.0,23482.188,34972.952,7.812,7.812,7.749,,,BUKIT TIMAH ROAD,0.0
bukit_timah_road,Bukit Timah Road,1640.0,23484.073,34972.282,7.743,7.743,7.77,,,BUKIT TIMAH ROAD,0.0
bukit_timah_road,Bukit Timah Road,1642.0,23485.958,34971.613,9.096,7.77,7.797,,,BUKIT TIMAH ROAD,0.0
bukit_timah_road,Bukit Timah Road,1644.0,23487.842,34970.943,9.086,7.797,7.797,,,BUKIT TIMAH ROAD,0.0
bukit_timah_road,Bukit Timah Road,1646.0,23489.727,34970.274,8.845,7.824,7.824,,,BUKIT TIMAH ROAD,0.0
bukit_timah_road,Bukit Timah Road,1648.0,23491.612,34969.604,7.874,7.851,7.851,,,BUKIT TIMAH ROAD,0.0
bukit_timah_road,Bukit Timah Road,1650.0,23493.496,34968.935,7.878,7.878,7.851,,,BUKIT TIMAH ROAD,0.0
bukit_timah_road,Bukit Timah Road,1652.0,23495.381,34968.265,7.932,7.932,7.851,,,BUKIT TIMAH ROAD,0.0
bukit_timah_road,Bukit Timah Road,1654.0,23497.265,34967.596,7.694,7.694,7.844,-1.967,1.0,BUKIT TIMAH ROAD,0.0
bukit_timah_road,Bukit Timah Road,1656.0,23499.15,34966.926,7.694,7.694,7.694,-1.967,1.0,BUKIT TIMAH ROAD,0.0
bukit_timah_road,Bukit Timah Road,1658.0,23501.035,34966.257,7.844,7.844,7.694,,,BUKIT TIMAH ROAD,0.0
bukit_timah_road,Bukit Timah Road,1660.0,23502.919,34965.587,7.694,7.694,7.694,,,BUKIT TIMAH ROAD,0.0
bukit_timah_road,Bukit Timah Road,1662.0,23504.804,34964.918,9.173,7.679,7.844,,,BUKIT TIMAH ROAD,0.0
bukit_timah_road,Bukit Timah Road,1664.0,23506.689,34964.249,7.649,7.885,7.885,,,BUKIT TIMAH ROAD,0.0
bukit_timah_road,Bukit Timah Road,1666.0,23508.573,34963.579,7.649,8.09,8.09,,,BUKIT TIMAH ROAD,0.0
bukit_timah_road,Bukit Timah Road,1668.0,23510.458,34962.91,7.637,8.296,8.296,,,BUKIT TIMAH ROAD,0.0
bukit_timah_road,Bukit Timah Road,1670.0,23512.342,34962.24,7.637,8.591,8.591,,,BUKIT TIMAH ROAD,0.0
bukit_timah_road,Bukit Timah Road,1672.0,23514.227,34961.571,9.359,8.887,8.887,,,BUKIT TIMAH ROAD,0.0
bukit_timah_road,Bukit Timah Road,1674.0,23516.112,34960.901,9.359,9.182,9.182,,,BUKIT TIMAH ROAD,0.0
bukit_timah_road,Bukit Timah Road,1676.0,23517.996,34960.232,9.477,9.477,9.182,,,BUKIT TIMAH ROAD,0.0
bukit_timah_road,Bukit Timah Road,1678.0,23519.881,34959.562,9.782,9.217,9.182,,,BUKIT TIMAH ROAD,0.0
bukit_timah_road,Bukit Timah Road,1680.0,23521.766,34958.893,11.806,8.956,8.956,,,BUKIT TIMAH ROAD,0.0
bukit_timah_road,Bukit Timah Road,1682.0,23523.652,34958.228,11.19,8.695,8.695,,,BUKIT TIMAH ROAD,0.0
bukit_timah_road,Bukit Timah Road,1684.0,23525.541,34957.572,11.51,8.434,8.434,,,BUKIT TIMAH ROAD,0.0
bukit_timah_road,Bukit Timah Road,1686.0,23527.43,34956.915,11.531,8.174,8.174,,,BUKIT TIMAH ROAD,0.0
bukit_timah_road,Bukit Timah Road,1688.0,23529.319,34956.259,10.115,7.913,7.913,,,BUKIT TIMAH ROAD,0.0
bukit_timah_road,Bukit Timah Road,1690.0,23531.209,34955.602,7.652,7.652,7.652,,,BUKIT TIMAH ROAD,0.0
bukit_timah_road,Bukit Timah Road,1692.0,23533.098,34954.946,7.652,7.652,7.652,,,BUKIT TIMAH ROAD,0.0
bukit_timah_road,Bukit Timah Road,1694.0,23534.987,34954.289,7.622,7.622,7.622,-0.483,1.0,BUKIT TIMAH ROAD,0.0
bukit_timah_road,Bukit Timah Road,1696.0,23536.876,34953.633,7.612,7.612,7.614,-0.483,1.0,BUKIT TIMAH ROAD,0.0
bukit_timah_road,Bukit Timah Road,1698.0,23538.765,34952.976,7.614,7.614,7.614,,,BUKIT TIMAH ROAD,0.0
bukit_timah_road,Bukit Timah Road,1700.0,23540.654,34952.319,7.601,7.601,7.614,,,BUKIT TIMAH ROAD,0.0
bukit_timah_road,Bukit Timah Road,1702.0,23542.544,34951.663,7.608,7.936,7.936,,,BUKIT TIMAH ROAD,0.0
bukit_timah_road,Bukit Timah Road,1704.0,23544.433,34951.006,7.614,8.272,8.272,,,BUKIT TIMAH ROAD,0.0
bukit_timah_road,Bukit Timah Road,1706.0,23546.322,34950.35,7.608,8.919,8.919,,,BUKIT TIMAH ROAD,0.0
bukit_timah_road,Bukit Timah Road,1708.0,23548.211,34949.693,7.601,9.565,9.565,,,BUKIT TIMAH ROAD,0.0
bukit_timah_road,Bukit Timah Road,1710.0,23550.1,34949.037,10.001,10.212,10.212,,,BUKIT TIMAH ROAD,0.0
bukit_timah_road,Bukit Timah Road,1712.0,23551.989,34948.38,10.789,10.859,10.859,,,BUKIT TIMAH ROAD,0.0
bukit_timah_road,Bukit Timah Road,1714.0,23553.879,34947.724,10.758,11.566,11.566,,,BUKIT TIMAH ROAD,0.0
bukit_timah_road,Bukit Timah Road,1716.0,23555.768,34947.067,10.114,12.273,12.273,,,BUKIT TIMAH ROAD,0.0
bukit_timah_road,Bukit Timah Road,1718.0,23557.657,34946.41,17.114,12.979,12.979,,,BUKIT TIMAH ROAD,0.0
bukit_timah_road,Bukit Timah Road,1720.0,23559.535,34945.723,17.83,,13.686,,,BUKIT TIMAH ROAD,0.0
bukit_timah_road,Bukit Timah Road,1722.0,23561.409,34945.026,17.623,14.393,14.393,,,BUKIT TIMAH ROAD,0.0
bukit_timah_road,Bukit Timah Road,1724.0,23563.284,34944.328,16.955,15.1,15.1,,,BUKIT TIMAH ROAD,0.0
bukit_timah_road,Bukit Timah Road,1726.0,23565.158,34943.631,16.805,15.807,15.807,,,BUKIT TIMAH ROAD,0.0
bukit_timah_road,Bukit Timah Road,1728.0,23567.033,34942.934,16.514,16.514,16.514,,,BUKIT TIMAH ROAD,0.0
bukit_timah_road,Bukit Timah Road,1730.0,23568.907,34942.236,16.622,16.622,16.622,,,BUKIT TIMAH ROAD,0.0
bukit_timah_road,Bukit Timah Road,1732.0,23570.782,34941.539,16.714,16.714,16.714,,,BUKIT TIMAH ROAD,0.0
bukit_timah_road,Bukit Timah Road,1734.0,23572.656,34940.842,16.33,16.928,16.928,,,BUKIT TIMAH ROAD,0.0
bukit_timah_road,Bukit Timah Road,1736.0,23574.531,34940.144,19.064,17.222,17.222,,,BUKIT TIMAH ROAD,0.0
bukit_timah_road,Bukit Timah Road,1738.0,23576.405,34939.447,17.646,17.515,17.515,,,BUKIT TIMAH ROAD,0.0
bukit_timah_road,Bukit Timah Road,1740.0,23578.28,34938.75,17.572,17.809,17.809,,,BUKIT TIMAH ROAD,0.0
bukit_timah_road,Bukit Timah Road,1742.0,23580.154,34938.052,18.959,18.103,17.961,,,BUKIT TIMAH ROAD,0.0
bukit_timah_road,Bukit Timah Road,1744.0,23582.029,34937.355,17.609,18.032,17.961,,,BUKIT TIMAH ROAD,0.0
bukit_timah_road,Bukit Timah Road,1746.0,23583.903,34936.658,17.755,17.961,17.961,,,BUKIT TIMAH ROAD,0.0
bukit_timah_road,Bukit Timah Road,1748.0,23585.778,34935.96,19.696,17.89,17.89,,,BUKIT TIMAH ROAD,0.0
bukit_timah_road,Bukit Timah Road,1750.0,23587.652,34935.263,19.448,17.819,17.819,,,BUKIT TIMAH ROAD,0.0
bukit_timah_road,Bukit Timah Road,1752.0,23589.527,34934.566,18.998,17.748,17.748,,,BUKIT TIMAH ROAD,0.0
bukit_timah_road,Bukit Timah Road,1754.0,23591.401,34933.869,18.858,17.677,17.677,,,BUKIT TIMAH ROAD,0.0
bukit_timah_road,Bukit Timah Road,1756.0,23593.276,34933.171,18.258,17.606,17.606,,,BUKIT TIMAH ROAD,0.0
bukit_timah_road,Bukit Timah Road,1758.0,23595.15,34932.474,18.252,17.536,17.536,,,BUKIT TIMAH ROAD,0.0
bukit_timah_road,Bukit Timah Road,1760.0,23597.025,34931.777,17.25,17.465,17.465,,,BUKIT TIMAH ROAD,0.0
bukit_timah_road,Bukit Timah Road,1762.0,23598.899,34931.079,17.394,17.233,17.233,,,BUKIT TIMAH ROAD,0.0
bukit_timah_road,Bukit Timah Road,1764.0,23600.774,34930.382,17.506,17.001,17.001,,,BUKIT TIMAH ROAD,0.0
bukit_timah_road,Bukit Timah Road,1766.0,23602.648,34929.685,14.992,16.769,16.769,,,BUKIT TIMAH ROAD,0.0
bukit_timah_road,Bukit Timah Road,1768.0,23604.523,34928.987,16.117,16.519,16.519,,,BUKIT TIMAH ROAD,0.0
bukit_timah_road,Bukit Timah Road,1770.0,23606.397,34928.29,16.1,16.27,16.27,,,BUKIT TIMAH ROAD,0.0
bukit_timah_road,Bukit Timah Road,1772.0,23608.272,34927.593,17.505,16.021,16.021,,,BUKIT TIMAH ROAD,0.0
bukit_timah_road,Bukit Timah Road,1774.0,23610.146,34926.895,17.392,15.941,15.941,,,BUKIT TIMAH ROAD,0.0
bukit_timah_road,Bukit Timah Road,1776.0,23612.021,34926.198,15.861,15.861,15.861,,,BUKIT TIMAH ROAD,0.0
bukit_timah_road,Bukit Timah Road,1778.0,23613.895,34925.501,13.224,15.755,15.755,,,BUKIT TIMAH ROAD,0.0
bukit_timah_road,Bukit Timah Road,1780.0,23615.77,34924.803,13.355,15.649,15.649,-3.049,1.0,BUKIT TIMAH ROAD,0.0
bukit_timah_road,Bukit Timah Road,1782.0,23617.644,34924.106,13.355,15.542,15.649,,,BUKIT TIMAH ROAD,0.0
bukit_timah_road,Bukit Timah Road,1784.0,23619.519,34923.409,15.436,15.436,15.617,,,BUKIT TIMAH ROAD,0.0
bukit_timah_road,Bukit Timah Road,1786.0,23621.393,34922.712,16.905,15.734,15.542,,,BUKIT TIMAH ROAD,0.0
bukit_timah_road,Bukit Timah Road,1788.0,23623.268,34922.014,16.967,15.617,15.5,,,BUKIT TIMAH ROAD,0.0
bukit_timah_road,Bukit Timah Road,1790.0,23625.142,34921.317,16.33,15.5,15.5,,,BUKIT TIMAH ROAD,0.0
bukit_timah_road,Bukit Timah Road,1792.0,23627.017,34920.62,16.642,15.383,15.383,,,BUKIT TIMAH ROAD,0.0
bukit_timah_road,Bukit Timah Road,1794.0,23628.891,34919.922,14.199,15.306,15.383,,,BUKIT TIMAH ROAD,0.0
bukit_timah_road,Bukit Timah Road,1796.0,23630.766,34919.225,14.424,15.229,15.383,,,BUKIT TIMAH ROAD,0.0
bukit_timah_road,Bukit Timah Road,1798.0,23632.64,34918.528,13.901,15.398,15.398,,,BUKIT TIMAH ROAD,0.0
bukit_timah_road,Bukit Timah Road,1800.0,23634.515,34917.83,15.251,15.567,15.567,,,BUKIT TIMAH ROAD,0.0
bukit_timah_road,Bukit Timah Road,1802.0,23636.389,34917.133,16.363,15.737,15.737,,,BUKIT TIMAH ROAD,0.0
bukit_timah_road,Bukit Timah Road,1804.0,23638.264,34916.436,25.251,15.906,15.906,,,BUKIT TIMAH ROAD,0.0
bukit_timah_road,Bukit Timah Road,1806.0,23640.138,34915.738,13.588,16.076,15.906,,,BUKIT TIMAH ROAD,0.0
bukit_timah_road,Bukit Timah Road,1808.0,23642.013,34915.041,22.813,15.932,15.906,,,BUKIT TIMAH ROAD,0.0
bukit_timah_road,Bukit Timah Road,1810.0,23643.887,34914.344,15.788,15.788,15.788,-5.539,1.0,BUKIT TIMAH ROAD,0.0
bukit_timah_road,Bukit Timah Road,1812.0,23645.762,34913.646,15.388,15.626,15.626,,,BUKIT TIMAH ROAD,0.0
bukit_timah_road,Bukit Timah Road,1814.0,23647.636,34912.949,15.463,15.463,15.463,,,BUKIT TIMAH ROAD,0.0
bukit_timah_road,Bukit Timah Road,1816.0,23649.511,34912.252,15.701,15.192,15.192,,,BUKIT TIMAH ROAD,0.0
bukit_timah_road,Bukit Timah Road,1818.0,23651.385,34911.554,16.363,14.204,14.204,,,BUKIT TIMAH ROAD,0.0
bukit_timah_road,Bukit Timah Road,1820.0,23653.26,34910.857,16.363,13.216,13.216,,,BUKIT TIMAH ROAD,0.0
bukit_timah_road,Bukit Timah Road,1822.0,23655.134,34910.16,13.363,12.228,12.228,,,BUKIT TIMAH ROAD,0.0
bukit_timah_road,Bukit Timah Road,1824.0,23657.009,34909.463,13.238,,11.24,,,BUKIT TIMAH ROAD,0.0
bukit_timah_road,Bukit Timah Road,1826.0,23658.883,34908.765,13.738,10.252,10.252,,,BUKIT TIMAH ROAD,0.0
bukit_timah_road,Bukit Timah Road,1828.0,23660.758,34908.068,12.388,9.264,9.264,,,BUKIT TIMAH ROAD,0.0
bukit_timah_road,Bukit Timah Road,1830.0,23662.632,34907.371,7.288,8.276,8.276,,,BUKIT TIMAH ROAD,0.0
bukit_timah_road,Bukit Timah Road,1832.0,23664.507,34906.673,7.288,7.288,7.288,,,BUKIT TIMAH ROAD,0.0
bukit_timah_road,Bukit Timah Road,1834.0,23666.381,34905.976,7.276,7.276,7.276,,,BUKIT TIMAH ROAD,0.0
bukit_timah_road,Bukit Timah Road,1836.0,23668.256,34905.279,7.238,7.238,7.276,,,BUKIT TIMAH ROAD,0.0
bukit_timah_road,Bukit Timah Road,1838.0,23670.13,34904.581,7.213,7.213,7.276,,,BUKIT TIMAH ROAD,0.0
bukit_timah_road,Bukit Timah Road,1840.0,23672.005,34903.884,7.188,7.586,7.586,,,BUKIT TIMAH ROAD,0.0
bukit_timah_road,Bukit Timah Road,1842.0,23673.879,34903.187,7.188,7.958,7.958,,,BUKIT TIMAH ROAD,0.0
bukit_timah_road,Bukit Timah Road,1844.0,23675.754,34902.489,7.188,8.428,8.428,,,BUKIT TIMAH ROAD,0.0
bukit_timah_road,Bukit Timah Road,1846.0,23677.628,34901.792,10.973,8.898,8.898,,,BUKIT TIMAH ROAD,0.0
bukit_timah_road,Bukit Timah Road,1848.0,23679.503,34901.095,10.798,9.368,9.368,,,BUKIT TIMAH ROAD,0.0
bukit_timah_road,Bukit Timah Road,1850.0,23681.377,34900.397,10.865,9.838,9.838,,,BUKIT TIMAH ROAD,0.0
bukit_timah_road,Bukit Timah Road,1852.0,23683.252,34899.7,10.915,10.308,10.308,,,BUKIT TIMAH ROAD,0.0
bukit_timah_road,Bukit Timah Road,1854.0,23685.126,34899.003,11.465,10.778,10.778,,,BUKIT TIMAH ROAD,0.0
bukit_timah_road,Bukit Timah Road,1856.0,23687.001,34898.306,11.248,11.248,10.799,,,BUKIT TIMAH ROAD,0.0
bukit_timah_road,Bukit Timah Road,1858.0,23688.875,34897.608,11.265,11.024,10.799,,,BUKIT TIMAH ROAD,0.0
bukit_timah_road,Bukit Timah Road,1860.0,23690.75,34896.912,13.857,10.799,10.799,,,BUKIT TIMAH ROAD,0.0
bukit_timah_road,Bukit Timah Road,1862.0,23692.625,34896.214,12.707,10.574,10.574,,,BUKIT TIMAH ROAD,0.0
bukit_timah_road,Bukit Timah Road,1864.0,23694.5,34895.519,9.901,10.315,10.315,,,BUKIT TIMAH ROAD,0.0
bukit_timah_road,Bukit Timah Road,1866.0,23696.387,34894.856,9.564,10.056,10.056,,,BUKIT TIMAH ROAD,0.0
bukit_timah_road,Bukit Timah Road,1868.0,23698.274,34894.192,9.539,9.798,9.798,,,BUKIT TIMAH ROAD,0.0
bukit_timah_road,Bukit Timah Road,1870.0,23700.16,34893.529,9.539,9.539,9.539,,,BUKIT TIMAH ROAD,0.0
bukit_timah_road,Bukit Timah Road,1872.0,23702.047,34892.866,9.526,9.354,9.354,,,BUKIT TIMAH ROAD,0.0
bukit_timah_road,Bukit Timah Road,1874.0,23703.934,34892.202,8.814,9.17,9.17,-5.938,1.0,BUKIT TIMAH ROAD,0.0
bukit_timah_road,Bukit Timah Road,1876.0,23705.821,34891.539,8.814,9.117,9.117,,,BUKIT TIMAH ROAD,0.0
bukit_timah_road,Bukit Timah Road,1878.0,23707.708,34890.876,9.064,9.064,9.064,,,BUKIT TIMAH ROAD,0.0
bukit_timah_road,Bukit Timah Road,1880.0,23709.594,34890.213,9.051,9.051,9.051,,,BUKIT TIMAH ROAD,0.0
bukit_timah_road,Bukit Timah Road,1882.0,23711.493,34889.584,9.482,9.003,9.003,-0.755,1.0,BUKIT TIMAH ROAD,0.0
bukit_timah_road,Bukit Timah Road,1884.0,23713.405,34888.999,8.845,8.955,9.003,-1.198,1.0,BUKIT TIMAH ROAD,0.0
bukit_timah_road,Bukit Timah Road,1886.0,23715.318,34888.413,8.907,8.907,9.003,,,BUKIT TIMAH ROAD,0.0
bukit_timah_road,Bukit Timah Road,1888.0,23717.23,34887.828,9.139,9.139,8.955,,,BUKIT TIMAH ROAD,0.0
bukit_timah_road,Bukit Timah Road,1890.0,23719.142,34887.242,9.276,9.039,8.939,-2.76,1.0,BUKIT TIMAH ROAD,0.0
bukit_timah_road,Bukit Timah Road,1892.0,23721.055,34886.657,8.939,8.939,8.939,-2.708,1.0,BUKIT TIMAH ROAD,0.0
bukit_timah_road,Bukit Timah Road,1894.0,23722.967,34886.071,8.782,8.782,8.782,,,BUKIT TIMAH ROAD,0.0
bukit_timah_road,Bukit Timah Road,1896.0,23724.879,34885.486,8.739,8.739,8.739,,,BUKIT TIMAH ROAD,0.0
bukit_timah_road,Bukit Timah Road,1898.0,23726.792,34884.9,8.801,8.585,8.585,,,BUKIT TIMAH ROAD,0.0
bukit_timah_road,Bukit Timah Road,1900.0,23728.704,34884.315,10.399,8.432,8.432,,,BUKIT TIMAH ROAD,0.0
bukit_timah_road,Bukit Timah Road,1902.0,23730.617,34883.729,10.794,8.134,8.134,,,BUKIT TIMAH ROAD,0.0
bukit_timah_road,Bukit Timah Road,1904.0,23732.529,34883.144,8.979,7.837,7.837,,,BUKIT TIMAH ROAD,0.0
bukit_timah_road,Bukit Timah Road,1906.0,23734.441,34882.558,8.974,7.539,7.539,,,BUKIT TIMAH ROAD,0.0
bukit_timah_road,Bukit Timah Road,1908.0,23736.354,34881.973,6.954,7.242,7.242,,,BUKIT TIMAH ROAD,0.0
bukit_timah_road,Bukit Timah Road,1910.0,23738.266,34881.388,6.944,6.944,6.949,,,BUKIT TIMAH ROAD,0.0
bukit_timah_road,Bukit Timah Road,1912.0,23740.178,34880.802,6.949,6.949,6.944,,,BUKIT TIMAH ROAD,0.0
bukit_timah_road,Bukit Timah Road,1914.0,23742.091,34880.217,6.924,6.924,6.944,,,BUKIT TIMAH ROAD,0.0
bukit_timah_road,Bukit Timah Road,1916.0,23744.003,34879.631,6.914,6.914,6.949,,,BUKIT TIMAH ROAD,0.0
bukit_timah_road,Bukit Timah Road,1918.0,23745.916,34879.046,6.914,7.138,7.138,,,BUKIT TIMAH ROAD,0.0
bukit_timah_road,Bukit Timah Road,1920.0,23747.828,34878.46,6.914,7.426,7.426,,,BUKIT TIMAH ROAD,0.0
bukit_timah_road,Bukit Timah Road,1922.0,23749.74,34877.875,6.901,7.74,7.74,,,BUKIT TIMAH ROAD,0.0
bukit_timah_road,Bukit Timah Road,1924.0,23751.653,34877.289,9.826,8.053,8.053,,,BUKIT TIMAH ROAD,0.0
bukit_timah_road,Bukit Timah Road,1926.0,23753.565,34876.704,9.184,8.381,8.381,,,BUKIT TIMAH ROAD,0.0
bukit_timah_road,Bukit Timah Road,1928.0,23755.478,34876.118,9.154,8.709,8.709,,,BUKIT TIMAH ROAD,0.0
bukit_timah_road,Bukit Timah Road,1930.0,23757.39,34875.533,9.124,9.036,9.036,,,BUKIT TIMAH ROAD,0.0
bukit_timah_road,Bukit Timah Road,1932.0,23759.302,34874.947,8.942,9.364,9.364,,,BUKIT TIMAH ROAD,0.0
bukit_timah_road,Bukit Timah Road,1934.0,23761.215,34874.362,13.417,9.692,9.51,,,BUKIT TIMAH ROAD,0.0
bukit_timah_road,Bukit Timah Road,1936.0,23763.127,34873.776,12.874,9.601,9.51,,,BUKIT TIMAH ROAD,0.0
bukit_timah_road,Bukit Timah Road,1938.0,23765.039,34873.191,12.881,9.51,9.51,,,BUKIT TIMAH ROAD,0.0
bukit_timah_road,Bukit Timah Road,1940.0,23766.946,34872.587,11.345,9.42,9.42,,,BUKIT TIMAH ROAD,0.0
bukit_timah_road,Bukit Timah Road,1942.0,23768.847,34871.966,11.124,9.329,9.329,,,BUKIT TIMAH ROAD,0.0
bukit_timah_road,Bukit Timah Road,1944.0,23770.748,34871.344,11.174,9.238,9.238,,,BUKIT TIMAH ROAD,0.0
bukit_timah_road,Bukit Timah Road,1946.0,23772.649,34870.722,10.999,9.147,9.147,,,BUKIT TIMAH ROAD,0.0
bukit_timah_road,Bukit Timah Road,1948.0,23774.55,34870.101,12.083,9.056,9.056,,,BUKIT TIMAH ROAD,0.0
bukit_timah_road,Bukit Timah Road,1950.0,23776.451,34869.479,12.108,8.966,8.966,,,BUKIT TIMAH ROAD,0.0
bukit_timah_road,Bukit Timah Road,1952.0,23778.352,34868.858,8.804,8.875,8.875,,,BUKIT TIMAH ROAD,0.0
bukit_timah_road,Bukit Timah Road,1954.0,23780.253,34868.236,7.329,8.784,8.784,,,BUKIT TIMAH ROAD,0.0
bukit_timah_road,Bukit Timah Road,1956.0,23782.154,34867.614,8.752,8.514,8.514,,,BUKIT TIMAH ROAD,0.0
bukit_timah_road,Bukit Timah Road,1958.0,23784.055,34866.993,8.745,8.244,8.244,,,BUKIT TIMAH ROAD,0.0
bukit_timah_road,Bukit Timah Road,1960.0,23785.956,34866.371,8.667,7.974,7.974,,,BUKIT TIMAH ROAD,0.0
bukit_timah_road,Bukit Timah Road,1962.0,23787.857,34865.75,8.734,7.704,7.896,,,BUKIT TIMAH ROAD,0.0
bukit_timah_road,Bukit Timah Road,1964.0,23789.758,34865.128,7.351,7.8,7.896,,,BUKIT TIMAH ROAD,0.0
bukit_timah_road,Bukit Timah Road,1966.0,23791.658,34864.506,7.386,7.896,7.896,,,BUKIT TIMAH ROAD,0.0
bukit_timah_road,Bukit Timah Road,1968.0,23793.55,34863.857,7.396,7.991,7.991,,,BUKIT TIMAH ROAD,0.0
bukit_timah_road,Bukit Timah Road,1970.0,23795.441,34863.205,7.466,8.087,8.087,,,BUKIT TIMAH ROAD,0.0
bukit_timah_road,Bukit Timah Road,1972.0,23797.331,34862.552,7.566,8.304,8.304,,,BUKIT TIMAH ROAD,0.0
bukit_timah_road,Bukit Timah Road,1974.0,23799.222,34861.899,10.991,8.521,8.521,,,BUKIT TIMAH ROAD,0.0
bukit_timah_road,Bukit Timah Road,1976.0,23801.112,34861.247,11.404,8.739,8.739,,,BUKIT TIMAH ROAD,0.0
bukit_timah_road,Bukit Timah Road,1978.0,23803.003,34860.594,11.312,8.956,8.956,,,BUKIT TIMAH ROAD,0.0
bukit_timah_road,Bukit Timah Road,1980.0,23804.893,34859.941,9.454,9.173,9.173,,,BUKIT TIMAH ROAD,0.0
bukit_timah_road,Bukit Timah Road,1982.0,23806.784,34859.289,13.216,9.39,9.39,,,BUKIT TIMAH ROAD,0.0
bukit_timah_road,Bukit Timah Road,1984.0,23808.674,34858.636,14.295,9.607,9.607,,,BUKIT TIMAH ROAD,0.0
bukit_timah_road,Bukit Timah Road,1986.0,23810.565,34857.984,16.374,9.824,9.824,,,BUKIT TIMAH ROAD,0.0
bukit_timah_road,Bukit Timah Road,1988.0,23812.455,34857.331,14.872,10.042,10.042,,,BUKIT TIMAH ROAD,0.0
bukit_timah_road,Bukit Timah Road,1990.0,23814.346,34856.678,14.752,10.259,10.259,,,BUKIT TIMAH ROAD,0.0
bukit_timah_road,Bukit Timah Road,1992.0,23816.236,34856.026,11.662,10.476,10.476,,,BUKIT TIMAH ROAD,0.0
bukit_timah_road,Bukit Timah Road,1994.0,23818.127,34855.373,9.951,10.693,10.693,,,BUKIT TIMAH ROAD,0.0
bukit_timah_road,Bukit Timah Road,1996.0,23820.018,34854.721,9.801,10.91,10.91,,,BUKIT TIMAH ROAD,0.0
bukit_timah_road,Bukit Timah Road,1998.0,23821.908,34854.068,7.953,11.127,11.127,,,BUKIT TIMAH ROAD,0.0
bukit_timah_road,Bukit Timah Road,2000.0,23823.799,34853.415,7.878,11.345,11.345,,,BUKIT TIMAH ROAD,0.0
bukit_timah_road,Bukit Timah Road,2002.0,23825.689,34852.763,7.971,11.562,11.562,,,BUKIT TIMAH ROAD,0.0
bukit_timah_road,Bukit Timah Road,2004.0,23827.58,34852.11,8.514,11.779,11.779,,,BUKIT TIMAH ROAD,0.0
bukit_timah_road,Bukit Timah Road,2006.0,23829.47,34851.458,6.993,11.996,11.996,,,BUKIT TIMAH ROAD,0.0
bukit_timah_road,Bukit Timah Road,2008.0,23831.361,34850.805,13.107,12.213,12.213,,,BUKIT TIMAH ROAD,0.0
bukit_timah_road,Bukit Timah Road,2010.0,23833.251,34850.152,14.502,12.43,12.43,,,BUKIT TIMAH ROAD,0.0
bukit_timah_road,Bukit Timah Road,2012.0,23835.142,34849.5,12.647,12.647,12.617,,,BUKIT TIMAH ROAD,0.0
bukit_timah_road,Bukit Timah Road,2014.0,23837.032,34848.847,12.617,12.617,12.647,,,BUKIT TIMAH ROAD,0.0
bukit_timah_road,Bukit Timah Road,2016.0,23838.923,34848.195,13.737,12.744,12.744,4.75,1.0,BUKIT TIMAH ROAD,0.0
bukit_timah_road,Bukit Timah Road,2018.0,23840.813,34847.542,13.717,12.871,12.871,,,BUKIT TIMAH ROAD,0.0
bukit_timah_road,Bukit Timah Road,2020.0,23842.704,34846.889,12.997,12.997,12.997,,,BUKIT TIMAH ROAD,0.0
bukit_timah_road,Bukit Timah Road,2022.0,23844.594,34846.237,13.507,13.176,13.176,,,BUKIT TIMAH ROAD,0.0
bukit_timah_road,Bukit Timah Road,2024.0,23846.485,34845.584,11.697,13.355,13.355,,,BUKIT TIMAH ROAD,0.0
bukit_timah_road,Bukit Timah Road,2026.0,23848.376,34844.932,10.63,13.534,13.534,,,BUKIT TIMAH ROAD,0.0
bukit_timah_road,Bukit Timah Road,2028.0,23850.266,34844.279,10.674,13.713,13.713,,,BUKIT TIMAH ROAD,0.0
bukit_timah_road,Bukit Timah Road,2030.0,23852.157,34843.626,10.051,13.891,13.891,,,BUKIT TIMAH ROAD,0.0
bukit_timah_road,Bukit Timah Road,2032.0,23854.047,34842.974,12.782,14.07,14.018,,,BUKIT TIMAH ROAD,0.0
bukit_timah_road,Bukit Timah Road,2034.0,23855.938,34842.321,14.249,14.249,14.018,,,BUKIT TIMAH ROAD,0.0
bukit_timah_road,Bukit Timah Road,2036.0,23857.828,34841.669,14.018,14.018,14.07,,,BUKIT TIMAH ROAD,0.0
bukit_timah_road,Bukit Timah Road,2038.0,23859.719,34841.016,13.974,13.974,14.153,,,BUKIT TIMAH ROAD,0.0
bukit_timah_road,Bukit Timah Road,2040.0,23861.609,34840.363,13.899,14.153,14.153,,,BUKIT TIMAH ROAD,0.0
bukit_timah_road,Bukit Timah Road,2042.0,23863.5,34839.711,13.83,14.331,14.331,,,BUKIT TIMAH ROAD,0.0
bukit_timah_road,Bukit Timah Road,2044.0,23865.39,34839.058,14.03,14.51,14.51,,,BUKIT TIMAH ROAD,0.0
bukit_timah_road,Bukit Timah Road,2046.0,23867.281,34838.406,13.686,14.792,14.792,,,BUKIT TIMAH ROAD,0.0
bukit_timah_road,Bukit Timah Road,2048.0,23869.171,34837.753,13.693,15.074,15.074,,,BUKIT TIMAH ROAD,0.0
bukit_timah_road,Bukit Timah Road,2050.0,23871.062,34837.1,15.968,15.356,15.356,,,BUKIT TIMAH ROAD,0.0
bukit_timah_road,Bukit Timah Road,2052.0,23872.952,34836.448,16.024,15.638,15.638,,,BUKIT TIMAH ROAD,0.0
bukit_timah_road,Bukit Timah Road,2054.0,23874.843,34835.795,16.398,15.921,15.714,,,BUKIT TIMAH ROAD,0.0
bukit_timah_road,Bukit Timah Road,2056.0,23876.733,34835.142,16.282,15.817,15.714,,,BUKIT TIMAH ROAD,0.0
bukit_timah_road,Bukit Timah Road,2058.0,23878.624,34834.49,15.714,15.714,15.714,,,BUKIT TIMAH ROAD,0.0
bukit_timah_road,Bukit Timah Road,2060.0,23880.515,34833.837,15.026,15.426,15.426,,,BUKIT TIMAH ROAD,0.0
bukit_timah_road,Bukit Timah Road,2062.0,23882.405,34833.185,15.139,15.139,15.426,,,BUKIT TIMAH ROAD,0.0
bukit_timah_road,Bukit Timah Road,2064.0,23884.296,34832.532,16.314,15.308,15.426,,,BUKIT TIMAH ROAD,0.0
bukit_timah_road,Bukit Timah Road,2066.0,23886.186,34831.879,15.958,15.476,15.476,,,BUKIT TIMAH ROAD,0.0
bukit_timah_road,Bukit Timah Road,2068.0,23888.077,34831.227,15.233,15.645,15.645,,,BUKIT TIMAH ROAD,0.0
bukit_timah_road,Bukit Timah Road,2070.0,23889.967,34830.574,15.283,15.814,15.814,,,BUKIT TIMAH ROAD,0.0
bukit_timah_road,Bukit Timah Road,2072.0,23891.858,34829.922,15.983,16.082,16.082,,,BUKIT TIMAH ROAD,0.0
bukit_timah_road,Bukit Timah Road,2074.0,23893.748,34829.269,16.774,16.35,16.35,,,BUKIT TIMAH ROAD,0.0
bukit_timah_road,Bukit Timah Road,2076.0,23895.639,34828.616,16.618,16.618,16.585,,,BUKIT TIMAH ROAD,0.0
bukit_timah_road,Bukit Timah Road,2078.0,23897.529,34827.964,15.282,16.585,16.618,,,BUKIT TIMAH ROAD,0.0
bukit_timah_road,Bukit Timah Road,2080.0,23899.42,34827.311,15.169,16.777,16.777,,,BUKIT TIMAH ROAD,0.0
bukit_timah_road,Bukit Timah Road,2082.0,23901.31,34826.659,16.519,16.968,16.968,,,BUKIT TIMAH ROAD,0.0
bukit_timah_road,Bukit Timah Road,2084.0,23903.201,34826.006,16.519,17.159,17.159,,,BUKIT TIMAH ROAD,0.0
bukit_timah_road,Bukit Timah Road,2086.0,23905.091,34825.353,17.668,17.449,17.449,,,BUKIT TIMAH ROAD,0.0
bukit_timah_road,Bukit Timah Road,2088.0,23906.982,34824.701,18.219,17.739,17.739,,,BUKIT TIMAH ROAD,0.0
bukit_timah_road,Bukit Timah Road,2090.0,23908.872,34824.048,18.219,18.03,17.979,,,BUKIT TIMAH ROAD,0.0
bukit_timah_road,Bukit Timah Road,2092.0,23910.763,34823.396,18.219,18.219,17.979,,,BUKIT TIMAH ROAD,0.0
bukit_timah_road,Bukit Timah Road,2094.0,23912.654,34822.743,,17.979,17.979,,,BUKIT TIMAH ROAD,0.0
bukit_timah_road,Bukit Timah Road,2096.0,23914.543,34822.088,,17.74,17.74,-8.973,2.0,BUKIT TIMAH ROAD,0.0
bukit_timah_road,Bukit Timah Road,2098.0,23916.432,34821.431,,17.501,17.501,,,BUKIT TIMAH ROAD,0.0
bukit_timah_road,Bukit Timah Road,2100.0,23918.321,34820.773,,17.261,17.261,,,BUKIT TIMAH ROAD,0.0
bukit_timah_road,Bukit Timah Road,2102.0,23920.21,34820.116,,17.022,17.022,,,BUKIT TIMAH ROAD,0.0
bukit_timah_road,Bukit Timah Road,2104.0,23922.099,34819.458,,16.783,16.783,-8.321,1.0,BUKIT TIMAH ROAD,0.0
bukit_timah_road,Bukit Timah Road,2106.0,23923.987,34818.8,16.544,16.544,16.596,-5.33,1.0,BUKIT TIMAH ROAD,0.0
bukit_timah_road,Bukit Timah Road,2108.0,23925.876,34818.143,16.544,16.544,16.596,-1.686,1.0,BUKIT TIMAH ROAD,0.0
bukit_timah_road,Bukit Timah Road,2110.0,23927.765,34817.485,19.219,16.596,16.596,,,BUKIT TIMAH ROAD,0.0
bukit_timah_road,Bukit Timah Road,2112.0,23929.654,34816.828,16.648,16.648,16.648,,,BUKIT TIMAH ROAD,0.0
bukit_timah_road,Bukit Timah Road,2114.0,23931.543,34816.17,15.306,16.761,16.761,,,BUKIT TIMAH ROAD,0.0
bukit_timah_road,Bukit Timah Road,2116.0,23933.431,34815.512,15.515,16.874,16.761,,,BUKIT TIMAH ROAD,0.0
bukit_timah_road,Bukit Timah Road,2118.0,23935.32,34814.855,15.513,16.987,16.761,,,BUKIT TIMAH ROAD,0.0
bukit_timah_road,Bukit Timah Road,2120.0,23937.209,34814.197,16.263,16.698,16.698,,,BUKIT TIMAH ROAD,0.0
bukit_timah_road,Bukit Timah Road,2122.0,23939.098,34813.54,19.975,16.409,16.409,,,BUKIT TIMAH ROAD,0.0
bukit_timah_road,Bukit Timah Road,2124.0,23940.987,34812.882,19.888,16.248,16.248,,,BUKIT TIMAH ROAD,0.0
bukit_timah_road,Bukit Timah Road,2126.0,23942.875,34812.224,18.913,16.086,16.089,,,BUKIT TIMAH ROAD,0.0
bukit_timah_road,Bukit Timah Road,2128.0,23944.764,34811.567,18.65,15.925,16.089,,,BUKIT TIMAH ROAD,0.0
bukit_timah_road,Bukit Timah Road,2130.0,23946.653,34810.909,14.438,16.089,16.089,,,BUKIT TIMAH ROAD,0.0
bukit_timah_road,Bukit Timah Road,2132.0,23948.542,34810.252,14.162,16.253,16.253,,,BUKIT TIMAH ROAD,0.0
bukit_timah_road,Bukit Timah Road,2134.0,23950.431,34809.594,12.418,16.417,16.417,,,BUKIT TIMAH ROAD,0.0
bukit_timah_road,Bukit Timah Road,2136.0,23952.319,34808.936,12.481,16.581,16.581,,,BUKIT TIMAH ROAD,0.0
bukit_timah_road,Bukit Timah Road,2138.0,23954.208,34808.279,14.644,16.745,16.745,,,BUKIT TIMAH ROAD,0.0
bukit_timah_road,Bukit Timah Road,2140.0,23956.097,34807.621,14.809,16.91,16.91,,,BUKIT TIMAH ROAD,0.0
bukit_timah_road,Bukit Timah Road,2142.0,23957.986,34806.963,14.864,17.074,17.074,,,BUKIT TIMAH ROAD,0.0
bukit_timah_road,Bukit Timah Road,2144.0,23959.875,34806.306,14.504,17.238,17.238,,,BUKIT TIMAH ROAD,0.0
bukit_timah_road,Bukit Timah Road,2146.0,23961.763,34805.648,14.626,17.402,17.402,,,BUKIT TIMAH ROAD,0.0
bukit_timah_road,Bukit Timah Road,2148.0,23963.652,34804.991,16.888,17.566,17.566,,,BUKIT TIMAH ROAD,0.0
bukit_timah_road,Bukit Timah Road,2150.0,23965.541,34804.333,19.293,17.693,17.566,,,BUKIT TIMAH ROAD,0.0
bukit_timah_road,Bukit Timah Road,2152.0,23967.43,34803.675,19.285,17.821,17.566,,,BUKIT TIMAH ROAD,0.0
bukit_timah_road,Bukit Timah Road,2154.0,23969.319,34803.018,18.852,17.533,17.533,,,BUKIT TIMAH ROAD,0.0
bukit_timah_road,Bukit Timah Road,2156.0,23971.207,34802.36,19.177,17.182,17.182,,,BUKIT TIMAH ROAD,0.0
bukit_timah_road,Bukit Timah Road,2158.0,23973.096,34801.703,18.418,16.831,16.831,,,BUKIT TIMAH ROAD,0.0
bukit_timah_road,Bukit Timah Road,2160.0,23974.985,34801.045,18.727,16.327,16.327,,,BUKIT TIMAH ROAD,0.0
bukit_timah_road,Bukit Timah Road,2162.0,23976.874,34800.387,18.885,15.823,15.823,,,BUKIT TIMAH ROAD,0.0
bukit_timah_road,Bukit Timah Road,2164.0,23978.763,34799.73,10.385,15.319,15.319,,,BUKIT TIMAH ROAD,0.0
bukit_timah_road,Bukit Timah Road,2166.0,23980.651,34799.072,10.043,14.814,14.814,,,BUKIT TIMAH ROAD,0.0
bukit_timah_road,Bukit Timah Road,2168.0,23982.54,34798.415,12.318,14.28,14.28,,,BUKIT TIMAH ROAD,0.0
bukit_timah_road,Bukit Timah Road,2170.0,23984.429,34797.757,13.71,13.746,13.746,,,BUKIT TIMAH ROAD,0.0
bukit_timah_road,Bukit Timah Road,2172.0,23986.318,34797.099,14.243,13.212,13.212,,,BUKIT TIMAH ROAD,0.0
bukit_timah_road,Bukit Timah Road,2174.0,23988.206,34796.442,13.477,,12.678,,,BUKIT TIMAH ROAD,0.0
bukit_timah_road,Bukit Timah Road,2176.0,23990.095,34795.784,10.285,12.144,12.144,,,BUKIT TIMAH ROAD,0.0
bukit_timah_road,Bukit Timah Road,2178.0,23991.984,34795.127,14.343,11.609,11.609,,,BUKIT TIMAH ROAD,0.0
bukit_timah_road,Bukit Timah Road,2180.0,23993.873,34794.469,9.985,11.075,11.075,,,BUKIT TIMAH ROAD,0.0
bukit_timah_road,Bukit Timah Road,2182.0,23995.762,34793.811,9.835,10.541,10.785,,,BUKIT TIMAH ROAD,0.0
bukit_timah_road,Bukit Timah Road,2184.0,23997.65,34793.154,9.885,10.663,10.785,,,BUKIT TIMAH ROAD,0.0
bukit_timah_road,Bukit Timah Road,2186.0,23999.539,34792.496,10.435,10.785,10.785,,,BUKIT TIMAH ROAD,0.0
bukit_timah_road,Bukit Timah Road,2188.0,24001.428,34791.838,10.652,10.907,10.907,,,BUKIT TIMAH ROAD,0.0
bukit_timah_road,Bukit Timah Road,2190.0,24003.317,34791.181,11.085,11.03,11.03,,,BUKIT TIMAH ROAD,0.0
bukit_timah_road,Bukit Timah Road,2192.0,24005.206,34790.523,11.152,11.152,11.085,,,BUKIT TIMAH ROAD,0.0
bukit_timah_road,Bukit Timah Road,2194.0,24007.094,34789.866,11.085,11.085,11.152,,,BUKIT TIMAH ROAD,0.0
bukit_timah_road,Bukit Timah Road,2196.0,24008.983,34789.208,11.315,11.37,11.37,10.491,2.0,BUKIT TIMAH ROAD,0.0
bukit_timah_road,Bukit Timah Road,2198.0,24010.872,34788.55,11.209,11.655,11.655,,,BUKIT TIMAH ROAD,0.0
bukit_timah_road,Bukit Timah Road,2200.0,24012.761,34787.893,11.94,11.94,11.924,,,BUKIT TIMAH ROAD,0.0
bukit_timah_road,Bukit Timah Road,2202.0,24014.65,34787.235,12.415,12.053,11.924,,,BUKIT TIMAH ROAD,0.0
bukit_timah_road,Bukit Timah Road,2204.0,24016.538,34786.578,11.834,11.924,11.924,,,BUKIT TIMAH ROAD,0.0
bukit_timah_road,Bukit Timah Road,2206.0,24018.427,34785.92,11.89,11.513,11.513,,,BUKIT TIMAH ROAD,0.0
bukit_timah_road,Bukit Timah Road,2208.0,24020.316,34785.262,12.39,11.101,11.101,,,BUKIT TIMAH ROAD,0.0
bukit_timah_road,Bukit Timah Road,2210.0,24022.205,34784.605,12.528,10.484,10.484,,,BUKIT TIMAH ROAD,0.0
bukit_timah_road,Bukit Timah Road,2212.0,24024.094,34783.947,12.615,9.868,9.868,,,BUKIT TIMAH ROAD,0.0
bukit_timah_road,Bukit Timah Road,2214.0,24025.982,34783.29,6.942,9.252,9.252,,,BUKIT TIMAH ROAD,0.0
bukit_timah_road,Bukit Timah Road,2216.0,24027.871,34782.632,6.937,8.635,8.635,,,BUKIT TIMAH ROAD,0.0
bukit_timah_road,Bukit Timah Road,2218.0,24029.76,34781.974,6.922,8.019,8.019,,,BUKIT TIMAH ROAD,0.0
bukit_timah_road,Bukit Timah Road,2220.0,24031.649,34781.317,6.932,7.403,7.403,,,BUKIT TIMAH ROAD,0.0
bukit_timah_road,Bukit Timah Road,2222.0,24033.538,34780.659,6.615,6.786,6.786,,,BUKIT TIMAH ROAD,0.0
bukit_timah_road,Bukit Timah Road,2224.0,24035.425,34779.997,6.64,6.64,6.734,,,BUKIT TIMAH ROAD,0.0
bukit_timah_road,Bukit Timah Road,2226.0,24037.311,34779.332,6.647,6.647,6.734,,,BUKIT TIMAH ROAD,0.0
bukit_timah_road,Bukit Timah Road,2228.0,24039.197,34778.668,6.734,6.734,6.734,0.938,1.0,BUKIT TIMAH ROAD,0.0
bukit_timah_road,Bukit Timah Road,2230.0,24041.084,34778.003,6.809,6.809,6.734,1.172,1.0,BUKIT TIMAH ROAD,0.0
bukit_timah_road,Bukit Timah Road,2232.0,24042.97,34777.338,6.828,6.828,6.809,,,BUKIT TIMAH ROAD,0.0
bukit_timah_road,Bukit Timah Road,2234.0,24044.856,34776.674,6.709,6.709,6.828,,,BUKIT TIMAH ROAD,0.0
bukit_timah_road,Bukit Timah Road,2236.0,24046.743,34776.009,6.665,6.979,6.979,,,BUKIT TIMAH ROAD,0.0
bukit_timah_road,Bukit Timah Road,2238.0,24048.629,34775.345,6.665,7.25,7.205,,,BUKIT TIMAH ROAD,0.0
bukit_timah_road,Bukit Timah Road,2240.0,24050.516,34774.68,13.552,7.227,7.205,,,BUKIT TIMAH ROAD,0.0
bukit_timah_road,Bukit Timah Road,2242.0,24052.402,34774.016,13.042,7.205,7.205,,,BUKIT TIMAH ROAD,0.0
bukit_timah_road,Bukit Timah Road,2244.0,24054.288,34773.351,12.347,7.182,7.182,,,BUKIT TIMAH ROAD,0.0
bukit_timah_road,Bukit Timah Road,2246.0,24056.175,34772.686,12.672,7.159,7.159,,,BUKIT TIMAH ROAD,0.0
bukit_timah_road,Bukit Timah Road,2248.0,24058.061,34772.022,13.627,7.137,7.137,,,BUKIT TIMAH ROAD,0.0
bukit_timah_road,Bukit Timah Road,2250.0,24059.947,34771.357,10.467,7.114,7.114,,,BUKIT TIMAH ROAD,0.0
bukit_timah_road,Bukit Timah Road,2252.0,24061.834,34770.693,10.177,7.092,7.092,,,BUKIT TIMAH ROAD,0.0
bukit_timah_road,Bukit Timah Road,2254.0,24063.72,34770.028,13.772,7.069,7.069,,,BUKIT TIMAH ROAD,0.0
bukit_timah_road,Bukit Timah Road,2256.0,24065.606,34769.363,12.957,7.047,7.047,,,BUKIT TIMAH ROAD,0.0
bukit_timah_road,Bukit Timah Road,2258.0,24067.493,34768.699,14.417,7.024,7.024,,,BUKIT TIMAH ROAD,0.0
bukit_timah_road,Bukit Timah Road,2260.0,24069.379,34768.034,10.842,7.002,7.002,,,BUKIT TIMAH ROAD,0.0
bukit_timah_road,Bukit Timah Road,2262.0,24071.265,34767.37,10.727,6.979,6.979,,,BUKIT TIMAH ROAD,0.0
bukit_timah_road,Bukit Timah Road,2264.0,24073.152,34766.705,7.185,6.957,6.957,,,BUKIT TIMAH ROAD,0.0
bukit_timah_road,Bukit Timah Road,2266.0,24075.038,34766.041,6.832,6.934,6.957,,,BUKIT TIMAH ROAD,0.0
bukit_timah_road,Bukit Timah Road,2268.0,24076.925,34765.376,6.912,6.912,6.957,,,BUKIT TIMAH ROAD,0.0
bukit_timah_road,Bukit Timah Road,2270.0,24078.811,34764.711,7.202,7.202,6.934,,,BUKIT TIMAH ROAD,0.0
bukit_timah_road,Bukit Timah Road,2272.0,24080.697,34764.047,7.002,7.002,6.94,-0.438,1.0,BUKIT TIMAH ROAD,0.0
bukit_timah_road,Bukit Timah Road,2274.0,24082.584,34763.382,6.922,6.922,6.94,-0.219,1.0,BUKIT TIMAH ROAD,0.0
bukit_timah_road,Bukit Timah Road,2276.0,24084.47,34762.718,6.94,6.94,6.922,0.0,1.0,BUKIT TIMAH ROAD,0.0
bukit_timah_road,Bukit Timah Road,2278.0,24086.356,34762.053,6.619,6.888,6.922,2.745,1.0,BUKIT TIMAH ROAD,0.0
bukit_timah_road,Bukit Timah Road,2280.0,24088.243,34761.388,6.836,6.836,6.94,5.489,1.0,BUKIT TIMAH ROAD,0.0
bukit_timah_road,Bukit Timah Road,2282.0,24090.129,34760.724,6.953,7.098,7.098,6.493,1.0,BUKIT TIMAH ROAD,0.0
bukit_timah_road,Bukit Timah Road,2284.0,24092.015,34760.059,7.361,7.361,7.361,7.497,1.0,BUKIT TIMAH ROAD,0.0
bukit_timah_road,Bukit Timah Road,2286.0,24093.902,34759.395,7.903,7.569,7.54,4.868,1.0,BUKIT TIMAH ROAD,0.0
bukit_timah_road,Bukit Timah Road,2288.0,24095.788,34758.73,7.778,7.778,7.54,2.24,1.0,BUKIT TIMAH ROAD,0.0
bukit_timah_road,Bukit Timah Road,2290.0,24097.674,34758.066,7.678,7.54,7.54,,,BUKIT TIMAH ROAD,0.0
bukit_timah_road,Bukit Timah Road,2292.0,24099.561,34757.401,7.303,7.303,7.54,,,BUKIT TIMAH ROAD,0.0
bukit_timah_road,Bukit Timah Road,2294.0,24101.447,34756.736,7.286,7.456,7.54,,,BUKIT TIMAH ROAD,0.0
bukit_timah_road,Bukit Timah Road,2296.0,24103.333,34756.072,7.203,7.61,7.61,,,BUKIT TIMAH ROAD,0.0
bukit_timah_road,Bukit Timah Road,2298.0,24105.22,34755.407,7.662,8.107,8.107,,,BUKIT TIMAH ROAD,0.0
bukit_timah_road,Bukit Timah Road,2300.0,24107.106,34754.743,9.341,8.604,8.604,,,BUKIT TIMAH ROAD,0.0
bukit_timah_road,Bukit Timah Road,2302.0,24108.993,34754.078,6.298,9.101,9.101,,,BUKIT TIMAH ROAD,0.0
bukit_timah_road,Bukit Timah Road,2304.0,24110.879,34753.413,12.116,,9.598,,,BUKIT TIMAH ROAD,0.0
bukit_timah_road,Bukit Timah Road,2306.0,24112.765,34752.749,11.566,10.095,10.095,,,BUKIT TIMAH ROAD,0.0
bukit_timah_road,Bukit Timah Road,2308.0,24114.652,34752.084,11.591,10.592,10.592,,,BUKIT TIMAH ROAD,0.0
bukit_timah_road,Bukit Timah Road,2310.0,24116.538,34751.42,14.224,11.089,11.089,,,BUKIT TIMAH ROAD,0.0
bukit_timah_road,Bukit Timah Road,2312.0,24118.424,34750.755,14.207,11.586,11.582,,,BUKIT TIMAH ROAD,0.0
bukit_timah_road,Bukit Timah Road,2314.0,24120.311,34750.091,14.599,11.584,11.582,,,BUKIT TIMAH ROAD,0.0
bukit_timah_road,Bukit Timah Road,2316.0,24122.197,34749.426,11.582,11.582,11.582,0.0,1.0,BUKIT TIMAH ROAD,0.0
bukit_timah_road,Bukit Timah Road,2318.0,24124.083,34748.761,11.347,11.505,11.582,,,BUKIT TIMAH ROAD,0.0
bukit_timah_road,Bukit Timah Road,2320.0,24125.97,34748.097,11.427,11.427,11.582,,,BUKIT TIMAH ROAD,0.0
bukit_timah_road,Bukit Timah Road,2322.0,24127.856,34747.432,12.912,11.669,11.669,,,BUKIT TIMAH ROAD,0.0
bukit_timah_road,Bukit Timah Road,2324.0,24129.742,34746.768,12.937,11.911,11.911,10.154,2.0,BUKIT TIMAH ROAD,0.0
bukit_timah_road,Bukit Timah Road,2326.0,24131.629,34746.103,12.097,12.153,12.153,,,BUKIT TIMAH ROAD,0.0
bukit_timah_road,Bukit Timah Road,2328.0,24133.515,34745.438,11.387,12.394,12.394,,,BUKIT TIMAH ROAD,0.0
bukit_timah_road,Bukit Timah Road,2330.0,24135.401,34744.774,11.364,12.692,12.692,,,BUKIT TIMAH ROAD,0.0
bukit_timah_road,Bukit Timah Road,2332.0,24137.288,34744.109,12.989,12.989,12.989,7.432,1.0,BUKIT TIMAH ROAD,0.0
bukit_timah_road,Bukit Timah Road,2334.0,24139.174,34743.445,13.127,13.127,12.989,,,BUKIT TIMAH ROAD,0.0
bukit_timah_road,Bukit Timah Road,2336.0,24141.061,34742.78,13.042,13.042,12.989,,,BUKIT TIMAH ROAD,0.0
bukit_timah_road,Bukit Timah Road,2338.0,24142.947,34742.116,12.047,12.816,12.816,,,BUKIT TIMAH ROAD,0.0
bukit_timah_road,Bukit Timah Road,2340.0,24144.833,34741.451,12.497,12.59,12.59,-9.91,2.0,BUKIT TIMAH ROAD,0.0
bukit_timah_road,Bukit Timah Road,2342.0,24146.72,34740.786,12.482,12.364,12.364,,,BUKIT TIMAH ROAD,0.0
bukit_timah_road,Bukit Timah Road,2344.0,24148.606,34740.122,12.138,12.138,12.196,,,BUKIT TIMAH ROAD,0.0
bukit_timah_road,Bukit Timah Road,2346.0,24150.492,34739.457,12.196,12.196,12.138,,,BUKIT TIMAH ROAD,0.0
bukit_timah_road,Bukit Timah Road,2348.0,24152.379,34738.793,12.034,11.939,11.939,,,BUKIT TIMAH ROAD,0.0
bukit_timah_road,Bukit Timah Road,2350.0,24154.265,34738.128,11.559,11.683,11.683,,,BUKIT TIMAH ROAD,0.0
bukit_timah_road,Bukit Timah Road,2352.0,24156.151,34737.464,11.474,11.583,11.583,,,BUKIT TIMAH ROAD,0.0
bukit_timah_road,Bukit Timah Road,2354.0,24158.038,34736.799,11.804,11.484,11.484,,,BUKIT TIMAH ROAD,0.0
bukit_timah_road,Bukit Timah Road,2356.0,24159.924,34736.134,9.794,11.385,11.385,,,BUKIT TIMAH ROAD,0.0
bukit_timah_road,Bukit Timah Road,2358.0,24161.811,34735.471,6.237,11.286,11.286,,,BUKIT TIMAH ROAD,0.0
bukit_timah_road,Bukit Timah Road,2360.0,24163.701,34734.817,9.024,11.187,11.187,,,BUKIT TIMAH ROAD,0.0
bukit_timah_road,Bukit Timah Road,2362.0,24165.591,34734.164,7.934,11.088,11.088,,,BUKIT TIMAH ROAD,0.0
bukit_timah_road,Bukit Timah Road,2364.0,24167.482,34733.511,7.944,10.989,10.989,,,BUKIT TIMAH ROAD,0.0
bukit_timah_road,Bukit Timah Road,2366.0,24169.372,34732.857,7.514,10.89,10.89,,,BUKIT TIMAH ROAD,0.0
bukit_timah_road,Bukit Timah Road,2368.0,24171.262,34732.204,7.534,10.791,10.791,,,BUKIT TIMAH ROAD,0.0
bukit_timah_road,Bukit Timah Road,2370.0,24173.152,34731.551,7.534,,10.692,,,BUKIT TIMAH ROAD,0.0
bukit_timah_road,Bukit Timah Road,2372.0,24175.043,34730.897,6.332,10.593,10.593,,,BUKIT TIMAH ROAD,0.0
bukit_timah_road,Bukit Timah Road,2374.0,24176.933,34730.244,6.332,10.493,10.493,,,BUKIT TIMAH ROAD,0.0
bukit_timah_road,Bukit Timah Road,2376.0,24178.823,34729.591,6.357,10.394,10.394,,,BUKIT TIMAH ROAD,0.0
bukit_timah_road,Bukit Timah Road,2378.0,24180.714,34728.937,6.382,10.295,10.295,,,BUKIT TIMAH ROAD,0.0
bukit_timah_road,Bukit Timah Road,2380.0,24182.604,34728.284,6.37,10.196,10.196,,,BUKIT TIMAH ROAD,0.0
bukit_timah_road,Bukit Timah Road,2382.0,24184.494,34727.631,7.719,10.097,10.097,,,BUKIT TIMAH ROAD,0.0
bukit_timah_road,Bukit Timah Road,2384.0,24186.384,34726.977,8.257,9.998,9.998,,,BUKIT TIMAH ROAD,0.0
bukit_timah_road,Bukit Timah Road,2386.0,24188.275,34726.324,9.388,9.899,9.899,,,BUKIT TIMAH ROAD,0.0
bukit_timah_road,Bukit Timah Road,2388.0,24190.165,34725.671,10.309,9.8,9.8,,,BUKIT TIMAH ROAD,0.0
bukit_timah_road,Bukit Timah Road,2390.0,24192.055,34725.017,10.289,9.701,9.8,,,BUKIT TIMAH ROAD,0.0
bukit_timah_road,Bukit Timah Road,2392.0,24193.945,34724.364,10.134,9.754,9.754,,,BUKIT TIMAH ROAD,0.0
bukit_timah_road,Bukit Timah Road,2394.0,24195.836,34723.711,10.014,9.808,9.701,,,BUKIT TIMAH ROAD,0.0
bukit_timah_road,Bukit Timah Road,2396.0,24197.726,34723.057,9.482,9.566,9.566,,,BUKIT TIMAH ROAD,0.0
bukit_timah_road,Bukit Timah Road,2398.0,24199.616,34722.404,8.588,9.325,9.325,,,BUKIT TIMAH ROAD,0.0
bukit_timah_road,Bukit Timah Road,2400.0,24201.507,34721.751,9.632,9.083,9.083,,,BUKIT TIMAH ROAD,0.0
bukit_timah_road,Bukit Timah Road,2402.0,24203.397,34721.097,9.276,8.841,8.841,,,BUKIT TIMAH ROAD,0.0
bukit_timah_road,Bukit Timah Road,2404.0,24205.287,34720.444,7.044,8.599,8.599,,,BUKIT TIMAH ROAD,0.0
bukit_timah_road,Bukit Timah Road,2406.0,24207.177,34719.791,7.881,8.358,8.358,,,BUKIT TIMAH ROAD,0.0
bukit_timah_road,Bukit Timah Road,2408.0,24209.068,34719.137,6.451,8.116,8.116,,,BUKIT TIMAH ROAD,0.0
bukit_timah_road,Bukit Timah Road,2410.0,24210.958,34718.484,6.501,7.874,7.874,,,BUKIT TIMAH ROAD,0.0
bukit_timah_road,Bukit Timah Road,2412.0,24212.848,34717.831,6.531,7.632,7.632,,,BUKIT TIMAH ROAD,0.0
bukit_timah_road,Bukit Timah Road,2414.0,24214.739,34717.177,6.676,7.391,7.391,,,BUKIT TIMAH ROAD,0.0
bukit_timah_road,Bukit Timah Road,2416.0,24216.629,34716.524,11.271,7.149,7.149,,,BUKIT TIMAH ROAD,0.0
bukit_timah_road,Bukit Timah Road,2418.0,24218.519,34715.871,11.786,7.083,7.083,,,BUKIT TIMAH ROAD,0.0
bukit_timah_road,Bukit Timah Road,2420.0,24220.409,34715.217,11.646,7.018,7.018,,,BUKIT TIMAH ROAD,0.0
bukit_timah_road,Bukit Timah Road,2422.0,24222.3,34714.564,8.566,6.952,6.952,,,BUKIT TIMAH ROAD,0.0
bukit_timah_road,Bukit Timah Road,2424.0,24224.19,34713.911,6.656,6.887,6.887,,,BUKIT TIMAH ROAD,0.0
bukit_timah_road,Bukit Timah Road,2426.0,24226.08,34713.257,6.821,6.821,6.821,,,BUKIT TIMAH ROAD,0.0
bukit_timah_road,Bukit Timah Road,2428.0,24227.971,34712.604,6.561,6.561,6.591,,,BUKIT TIMAH ROAD,0.0
bukit_timah_road,Bukit Timah Road,2430.0,24229.861,34711.951,6.591,6.591,6.561,-3.792,1.0,BUKIT TIMAH ROAD,0.0
bukit_timah_road,Bukit Timah Road,2432.0,24231.751,34711.297,9.011,6.555,6.555,-0.917,1.0,BUKIT TIMAH ROAD,0.0
bukit_timah_road,Bukit Timah Road,2434.0,24233.641,34710.644,9.161,6.518,6.518,-0.542,1.0,BUKIT TIMAH ROAD,0.0
bukit_timah_road,Bukit Timah Road,2436.0,24235.532,34709.991,6.481,6.481,6.518,1.542,1.0,BUKIT TIMAH ROAD,0.0
bukit_timah_road,Bukit Timah Road,2438.0,24237.422,34709.337,6.501,6.501,6.518,,,BUKIT TIMAH ROAD,0.0
bukit_timah_road,Bukit Timah Road,2440.0,24239.312,34708.684,6.751,6.751,6.678,,,BUKIT TIMAH ROAD,0.0
bukit_timah_road,Bukit Timah Road,2442.0,24241.202,34708.031,7.217,6.715,6.678,2.458,1.0,BUKIT TIMAH ROAD,0.0
bukit_timah_road,Bukit Timah Road,2444.0,24243.093,34707.377,6.671,6.678,6.715,,,BUKIT TIMAH ROAD,0.0
bukit_timah_road,Bukit Timah Road,2446.0,24244.983,34706.724,6.641,6.641,6.715,,,BUKIT TIMAH ROAD,0.0
bukit_timah_road,Bukit Timah Road,2448.0,24246.873,34706.071,6.613,6.921,6.921,,,BUKIT TIMAH ROAD,0.0
bukit_timah_road,Bukit Timah Road,2450.0,24248.764,34705.417,7.201,7.201,7.034,,,BUKIT TIMAH ROAD,0.0
bukit_timah_road,Bukit Timah Road,2452.0,24250.654,34704.764,7.107,7.107,7.034,,,BUKIT TIMAH ROAD,0.0
bukit_timah_road,Bukit Timah Road,2454.0,24252.544,34704.111,7.619,7.034,7.034,-1.823,1.0,BUKIT TIMAH ROAD,0.0
bukit_timah_road,Bukit Timah Road,2456.0,24254.434,34703.457,7.18,6.961,6.961,-1.823,1.0,BUKIT TIMAH ROAD,0.0
bukit_timah_road,Bukit Timah Road,2458.0,24256.325,34702.804,6.888,6.888,6.888,,,BUKIT TIMAH ROAD,0.0
bukit_timah_road,Bukit Timah Road,2460.0,24258.215,34702.151,6.888,6.888,6.888,,,BUKIT TIMAH ROAD,0.0
bukit_timah_road,Bukit Timah Road,2462.0,24260.105,34701.497,6.888,6.888,6.888,,,BUKIT TIMAH ROAD,0.0
bukit_timah_road,Bukit Timah Road,2464.0,24261.996,34700.844,6.988,6.988,6.988,,,BUKIT TIMAH ROAD,0.0
bukit_timah_road,Bukit Timah Road,2466.0,24263.886,34700.191,7.119,7.21,7.21,,,BUKIT TIMAH ROAD,0.0
bukit_timah_road,Bukit Timah Road,2468.0,24265.776,34699.537,7.682,7.432,7.432,,,BUKIT TIMAH ROAD,0.0
bukit_timah_road,Bukit Timah Road,2470.0,24267.666,34698.884,6.832,7.877,7.877,,,BUKIT TIMAH ROAD,0.0
bukit_timah_road,Bukit Timah Road,2472.0,24269.557,34698.231,7.082,8.322,8.322,,,BUKIT TIMAH ROAD,0.0
bukit_timah_road,Bukit Timah Road,2474.0,24271.447,34697.577,7.144,8.767,8.767,,,BUKIT TIMAH ROAD,0.0
bukit_timah_road,Bukit Timah Road,2476.0,24273.342,34696.939,7.319,,9.212,,,BUKIT TIMAH ROAD,0.0
bukit_timah_road,Bukit Timah Road,2478.0,24275.24,34696.307,12.282,,9.657,,,BUKIT TIMAH ROAD,0.0
bukit_timah_road,Bukit Timah Road,2480.0,24277.137,34695.675,12.469,10.102,10.102,,,BUKIT TIMAH ROAD,0.0
bukit_timah_road,Bukit Timah Road,2482.0,24279.035,34695.043,11.571,10.547,10.547,,,BUKIT TIMAH ROAD,0.0
bukit_timah_road,Bukit Timah Road,2484.0,24280.932,34694.41,11.429,10.992,10.992,,,BUKIT TIMAH ROAD,0.0
bukit_timah_road,Bukit Timah Road,2486.0,24282.83,34693.778,11.121,11.436,11.436,,,BUKIT TIMAH ROAD,0.0
bukit_timah_road,Bukit Timah Road,2488.0,24284.727,34693.146,9.887,11.444,11.436,,,BUKIT TIMAH ROAD,0.0
bukit_timah_road,Bukit Timah Road,2490.0,24286.624,34692.513,10.225,11.451,11.436,,,BUKIT TIMAH ROAD,0.0
bukit_timah_road,Bukit Timah Road,2492.0,24288.522,34691.881,12.808,11.252,11.252,,,BUKIT TIMAH ROAD,0.0
bukit_timah_road,Bukit Timah Road,2494.0,24290.419,34691.249,11.35,10.901,10.901,,,BUKIT TIMAH ROAD,0.0
bukit_timah_road,Bukit Timah Road,2496.0,24292.317,34690.617,11.777,10.55,10.55,,,BUKIT TIMAH ROAD,0.0
bukit_timah_road,Bukit Timah Road,2498.0,24294.214,34689.984,12.945,10.2,10.2,,,BUKIT TIMAH ROAD,0.0
bukit_timah_road,Bukit Timah Road,2500.0,24296.112,34689.352,11.185,9.89,9.89,,,BUKIT TIMAH ROAD,0.0
bukit_timah_road,Bukit Timah Road,2502.0,24297.997,34688.685,7.07,9.581,9.581,,,BUKIT TIMAH ROAD,0.0
bukit_timah_road,Bukit Timah Road,2504.0,24299.872,34687.99,7.08,9.272,9.272,,,BUKIT TIMAH ROAD,0.0
bukit_timah_road,Bukit Timah Road,2506.0,24301.747,34687.294,9.62,8.963,8.963,,,BUKIT TIMAH ROAD,0.0
bukit_timah_road,Bukit Timah Road,2508.0,24303.622,34686.599,7.1,8.654,8.963,,,BUKIT TIMAH ROAD,0.0
bukit_timah_road,Bukit Timah Road,2510.0,24305.498,34685.904,7.945,8.812,8.963,,,BUKIT TIMAH ROAD,0.0
bukit_timah_road,Bukit Timah Road,2512.0,24307.373,34685.208,12.62,8.97,8.869,,,BUKIT TIMAH ROAD,0.0
bukit_timah_road,Bukit Timah Road,2514.0,24309.248,34684.513,10.24,9.129,8.869,,,BUKIT TIMAH ROAD,0.0
bukit_timah_road,Bukit Timah Road,2516.0,24311.123,34683.818,8.98,8.869,8.869,,,BUKIT TIMAH ROAD,0.0
bukit_timah_road,Bukit Timah Road,2518.0,24312.999,34683.122,9.2,8.61,8.61,,,BUKIT TIMAH ROAD,0.0
bukit_timah_road,Bukit Timah Road,2520.0,24314.874,34682.427,9.645,8.351,8.351,,,BUKIT TIMAH ROAD,0.0
bukit_timah_road,Bukit Timah Road,2522.0,24316.749,34681.732,7.229,8.091,8.091,,,BUKIT TIMAH ROAD,0.0
bukit_timah_road,Bukit Timah Road,2524.0,24318.624,34681.036,7.45,8.0,8.091,,,BUKIT TIMAH ROAD,0.0
bukit_timah_road,Bukit Timah Road,2526.0,24320.5,34680.341,7.229,7.909,8.091,,,BUKIT TIMAH ROAD,0.0
bukit_timah_road,Bukit Timah Road,2528.0,24322.375,34679.646,7.21,8.127,8.127,,,BUKIT TIMAH ROAD,0.0
bukit_timah_road,Bukit Timah Road,2530.0,24324.25,34678.95,6.941,8.345,8.345,,,BUKIT TIMAH ROAD,0.0
bukit_timah_road,Bukit Timah Road,2532.0,24326.125,34678.255,9.12,8.563,8.563,,,BUKIT TIMAH ROAD,0.0
bukit_timah_road,Bukit Timah Road,2534.0,24328.001,34677.56,8.565,8.78,8.723,,,BUKIT TIMAH ROAD,0.0
bukit_timah_road,Bukit Timah Road,2536.0,24329.876,34676.864,9.15,8.998,8.723,,,BUKIT TIMAH ROAD,0.0
bukit_timah_road,Bukit Timah Road,2538.0,24331.751,34676.169,9.445,8.723,8.723,,,BUKIT TIMAH ROAD,0.0
bukit_timah_road,Bukit Timah Road,2540.0,24333.626,34675.474,10.849,8.447,8.447,,,BUKIT TIMAH ROAD,0.0
bukit_timah_road,Bukit Timah Road,2542.0,24335.501,34674.778,13.649,8.171,8.171,,,BUKIT TIMAH ROAD,0.0
bukit_timah_road,Bukit Timah Road,2544.0,24337.377,34674.083,9.293,7.896,7.896,,,BUKIT TIMAH ROAD,0.0
bukit_timah_road,Bukit Timah Road,2546.0,24339.252,34673.388,7.62,7.62,7.62,,,BUKIT TIMAH ROAD,0.0
bukit_timah_road,Bukit Timah Road,2548.0,24341.127,34672.692,7.445,7.445,7.445,,,BUKIT TIMAH ROAD,0.0
bukit_timah_road,Bukit Timah Road,2550.0,24343.002,34671.997,7.42,7.42,7.428,-5.729,1.0,BUKIT TIMAH ROAD,0.0
bukit_timah_road,Bukit Timah Road,2552.0,24344.878,34671.302,7.428,7.428,7.42,-5.511,1.0,BUKIT TIMAH ROAD,0.0
bukit_timah_road,Bukit Timah Road,2554.0,24346.753,34670.606,7.162,7.162,7.162,,,BUKIT TIMAH ROAD,0.0
bukit_timah_road,Bukit Timah Road,2556.0,24348.628,34669.911,7.004,7.004,7.004,,,BUKIT TIMAH ROAD,0.0
bukit_timah_road,Bukit Timah Road,2558.0,24350.503,34669.216,7.728,7.004,7.004,-1.974,1.0,BUKIT TIMAH ROAD,0.0
bukit_timah_road,Bukit Timah Road,2560.0,24352.379,34668.52,7.762,7.004,7.004,-0.308,1.0,BUKIT TIMAH ROAD,0.0
bukit_timah_road,Bukit Timah Road,2562.0,24354.254,34667.825,7.005,7.005,7.004,,,BUKIT TIMAH ROAD,0.0
bukit_timah_road,Bukit Timah Road,2564.0,24356.129,34667.13,6.98,6.98,6.98,,,BUKIT TIMAH ROAD,0.0
bukit_timah_road,Bukit Timah Road,2566.0,24358.004,34666.434,6.955,6.955,6.98,1.169,1.0,BUKIT TIMAH ROAD,0.0
bukit_timah_road,Bukit Timah Road,2568.0,24359.879,34665.739,6.955,6.955,6.98,1.681,1.0,BUKIT TIMAH ROAD,0.0
bukit_timah_road,Bukit Timah Road,2570.0,24361.755,34665.044,7.114,7.114,7.097,2.064,1.0,BUKIT TIMAH ROAD,0.0
bukit_timah_road,Bukit Timah Road,2572.0,24363.63,34664.348,7.097,7.097,7.114,2.064,1.0,BUKIT TIMAH ROAD,0.0
bukit_timah_road,Bukit Timah Road,2574.0,24365.505,34663.653,10.305,7.145,7.145,0.592,1.0,BUKIT TIMAH ROAD,0.0
bukit_timah_road,Bukit Timah Road,2576.0,24367.38,34662.958,7.192,7.192,7.145,-0.549,1.0,BUKIT TIMAH ROAD,0.0
bukit_timah_road,Bukit Timah Road,2578.0,24369.256,34662.262,7.187,7.187,7.145,-0.933,1.0,BUKIT TIMAH ROAD,0.0
bukit_timah_road,Bukit Timah Road,2580.0,24371.131,34661.567,7.07,7.07,7.07,-0.933,1.0,BUKIT TIMAH ROAD,0.0
bukit_timah_road,Bukit Timah Road,2582.0,24373.006,34660.871,7.07,7.07,7.07,-1.655,1.0,BUKIT TIMAH ROAD,0.0
bukit_timah_road,Bukit Timah Road,2584.0,24374.881,34660.176,7.07,7.07,7.07,-1.444,1.0,BUKIT TIMAH ROAD,0.0
bukit_timah_road,Bukit Timah Road,2586.0,24376.757,34659.481,10.012,7.012,7.012,-1.444,1.0,BUKIT TIMAH ROAD,0.0
bukit_timah_road,Bukit Timah Road,2588.0,24378.632,34658.785,6.955,6.955,6.955,-1.444,1.0,BUKIT TIMAH ROAD,0.0
bukit_timah_road,Bukit Timah Road,2590.0,24380.507,34658.09,6.955,6.955,6.955,-0.41,1.0,BUKIT TIMAH ROAD,0.0
bukit_timah_road,Bukit Timah Road,2592.0,24382.382,34657.395,6.955,6.955,6.955,0.625,1.0,BUKIT TIMAH ROAD,0.0
bukit_timah_road,Bukit Timah Road,2594.0,24384.258,34656.699,6.98,6.98,6.98,0.625,1.0,BUKIT TIMAH ROAD,0.0
bukit_timah_road,Bukit Timah Road,2596.0,24386.133,34656.004,7.005,7.005,7.005,2.924,1.0,BUKIT TIMAH ROAD,0.0
bukit_timah_road,Bukit Timah Road,2598.0,24388.008,34655.309,7.005,7.005,7.005,5.222,1.0,BUKIT TIMAH ROAD,0.0
bukit_timah_road,Bukit Timah Road,2600.0,24389.883,34654.613,7.005,7.201,7.201,4.979,1.0,BUKIT TIMAH ROAD,0.0
bukit_timah_road,Bukit Timah Road,2602.0,24391.758,34653.918,7.397,7.397,7.397,4.979,1.0,BUKIT TIMAH ROAD,0.0
bukit_timah_road,Bukit Timah Road,2604.0,24393.634,34653.223,9.717,7.403,7.403,1.91,1.0,BUKIT TIMAH ROAD,0.0
bukit_timah_road,Bukit Timah Road,2606.0,24395.509,34652.527,9.73,7.409,7.403,-1.16,1.0,BUKIT TIMAH ROAD,0.0
bukit_timah_road,Bukit Timah Road,2608.0,24397.384,34651.832,7.414,7.414,7.403,-1.319,1.0,BUKIT TIMAH ROAD,0.0
bukit_timah_road,Bukit Timah Road,2610.0,24399.259,34651.137,7.297,7.297,7.305,-2.167,1.0,BUKIT TIMAH ROAD,0.0
bukit_timah_road,Bukit Timah Road,2612.0,24401.135,34650.441,7.197,7.197,7.297,-2.569,1.0,BUKIT TIMAH ROAD,0.0
bukit_timah_road,Bukit Timah Road,2614.0,24403.01,34649.746,7.305,7.305,7.23,-2.292,1.0,BUKIT TIMAH ROAD,0.0
bukit_timah_road,Bukit Timah Road,2616.0,24404.89,34649.065,7.23,7.23,7.197,-2.202,1.0,BUKIT TIMAH ROAD,0.0
bukit_timah_road,Bukit Timah Road,2618.0,24406.771,34648.383,7.105,7.105,7.121,-1.354,1.0,BUKIT TIMAH ROAD,0.0
bukit_timah_road,Bukit Timah Road,2620.0,24408.651,34647.702,10.647,7.113,7.121,,,BUKIT TIMAH ROAD,0.0
bukit_timah_road,Bukit Timah Road,2622.0,24410.531,34647.02,10.664,7.121,7.121,,,BUKIT TIMAH ROAD,0.0
bukit_timah_road,Bukit Timah Road,2624.0,24412.411,34646.339,7.13,7.278,7.278,,,BUKIT TIMAH ROAD,0.0
bukit_timah_road,Bukit Timah Road,2626.0,24414.292,34645.657,7.13,7.56,7.56,,,BUKIT TIMAH ROAD,0.0
bukit_timah_road,Bukit Timah Road,2628.0,24416.172,34644.976,7.155,7.88,7.88,,,BUKIT TIMAH ROAD,0.0
bukit_timah_road,Bukit Timah Road,2630.0,24418.052,34644.294,7.18,8.2,8.2,,,BUKIT TIMAH ROAD,0.0
bukit_timah_road,Bukit Timah Road,2632.0,24419.933,34643.613,10.314,8.514,8.514,,,BUKIT TIMAH ROAD,0.0
bukit_timah_road,Bukit Timah Road,2634.0,24421.813,34642.931,7.18,8.829,8.829,,,BUKIT TIMAH ROAD,0.0
bukit_timah_road,Bukit Timah Road,2636.0,24423.693,34642.25,12.481,9.143,9.143,,,BUKIT TIMAH ROAD,0.0
bukit_timah_road,Bukit Timah Road,2638.0,24425.574,34641.568,11.181,9.457,9.457,,,BUKIT TIMAH ROAD,0.0
bukit_timah_road,Bukit Timah Road,2640.0,24427.454,34640.887,10.164,9.771,9.771,,,BUKIT TIMAH ROAD,0.0
bukit_timah_road,Bukit Timah Road,2642.0,24429.334,34640.205,9.722,10.085,10.085,,,BUKIT TIMAH ROAD,0.0
bukit_timah_road,Bukit Timah Road,2644.0,24431.214,34639.524,9.214,10.4,10.4,,,BUKIT TIMAH ROAD,0.0
bukit_timah_road,Bukit Timah Road,2646.0,24433.095,34638.842,9.464,10.454,10.454,,,BUKIT TIMAH ROAD,0.0
bukit_timah_road,Bukit Timah Road,2648.0,24434.975,34638.16,9.981,10.509,10.454,,,BUKIT TIMAH ROAD,0.0
bukit_timah_road,Bukit Timah Road,2650.0,24436.855,34637.479,10.564,10.564,10.454,,,BUKIT TIMAH ROAD,0.0
bukit_timah_road,Bukit Timah Road,2652.0,24438.736,34636.797,10.397,10.397,10.447,,,BUKIT TIMAH ROAD,0.0
bukit_timah_road,Bukit Timah Road,2654.0,24440.616,34636.116,10.447,10.447,10.397,,,BUKIT TIMAH ROAD,0.0
bukit_timah_road,Bukit Timah Road,2656.0,24442.496,34635.434,10.714,10.231,10.231,,,BUKIT TIMAH ROAD,0.0
bukit_timah_road,Bukit Timah Road,2658.0,24444.377,34634.753,11.181,10.015,10.015,,,BUKIT TIMAH ROAD,0.0
bukit_timah_road,Bukit Timah Road,2660.0,24446.257,34634.071,11.364,9.799,9.799,,,BUKIT TIMAH ROAD,0.0
bukit_timah_road,Bukit Timah Road,2662.0,24448.137,34633.39,11.181,9.583,9.583,,,BUKIT TIMAH ROAD,0.0
bukit_timah_road,Bukit Timah Road,2664.0,24450.017,34632.708,11.139,9.367,9.367,,,BUKIT TIMAH ROAD,0.0
bukit_timah_road,Bukit Timah Road,2666.0,24451.898,34632.027,9.031,9.307,9.367,,,BUKIT TIMAH ROAD,0.0
bukit_timah_road,Bukit Timah Road,2668.0,24453.778,34631.345,9.247,9.247,9.367,,,BUKIT TIMAH ROAD,0.0
bukit_timah_road,Bukit Timah Road,2670.0,24455.658,34630.664,9.297,9.49,9.49,,,BUKIT TIMAH ROAD,0.0
bukit_timah_road,Bukit Timah Road,2672.0,24457.539,34629.982,9.497,9.733,9.49,,,BUKIT TIMAH ROAD,0.0
bukit_timah_road,Bukit Timah Road,2674.0,24459.419,34629.301,11.214,9.602,9.49,,,BUKIT TIMAH ROAD,0.0
bukit_timah_road,Bukit Timah Road,2676.0,24461.299,34628.619,11.189,9.471,9.471,,,BUKIT TIMAH ROAD,0.0
bukit_timah_road,Bukit Timah Road,2678.0,24463.18,34627.938,12.497,9.339,9.339,,,BUKIT TIMAH ROAD,0.0
bukit_timah_road,Bukit Timah Road,2680.0,24465.06,34627.256,12.181,9.114,9.114,,,BUKIT TIMAH ROAD,0.0
bukit_timah_road,Bukit Timah Road,2682.0,24466.94,34626.575,12.222,8.888,8.888,,,BUKIT TIMAH ROAD,0.0
bukit_timah_road,Bukit Timah Road,2684.0,24468.82,34625.893,12.006,8.621,8.621,,,BUKIT TIMAH ROAD,0.0
bukit_timah_road,Bukit Timah Road,2686.0,24470.701,34625.211,11.172,8.355,8.355,,,BUKIT TIMAH ROAD,0.0
bukit_timah_road,Bukit Timah Road,2688.0,24472.581,34624.53,9.239,8.088,8.088,,,BUKIT TIMAH ROAD,0.0
bukit_timah_road,Bukit Timah Road,2690.0,24474.461,34623.848,9.206,7.821,7.821,,,BUKIT TIMAH ROAD,0.0
bukit_timah_road,Bukit Timah Road,2692.0,24476.342,34623.167,7.288,7.555,7.555,,,BUKIT TIMAH ROAD,0.0
bukit_timah_road,Bukit Timah Road,2694.0,24478.222,34622.485,7.288,7.288,7.313,,,BUKIT TIMAH ROAD,0.0
bukit_timah_road,Bukit Timah Road,2696.0,24480.102,34621.804,7.313,7.313,7.313,,,BUKIT TIMAH ROAD,0.0
bukit_timah_road,Bukit Timah Road,2698.0,24481.983,34621.122,7.313,7.313,7.313,0.0,1.0,BUKIT TIMAH ROAD,0.0
bukit_timah_road,Bukit Timah Road,2700.0,24483.863,34620.441,7.313,7.313,7.313,0.0,1.0,BUKIT TIMAH ROAD,0.0
bukit_timah_road,Bukit Timah Road,2702.0,24485.743,34619.759,7.313,7.313,7.313,0.0,1.0,BUKIT TIMAH ROAD,0.0
bukit_timah_road,Bukit Timah Road,2704.0,24487.623,34619.078,7.288,7.288,7.313,2.514,1.0,BUKIT TIMAH ROAD,0.0
bukit_timah_road,Bukit Timah Road,2706.0,24489.504,34618.396,7.288,7.288,7.313,3.034,1.0,BUKIT TIMAH ROAD,0.0
bukit_timah_road,Bukit Timah Road,2708.0,24491.384,34617.715,7.514,7.514,7.514,,,BUKIT TIMAH ROAD,0.0
bukit_timah_road,Bukit Timah Road,2710.0,24493.264,34617.033,7.556,7.556,7.556,,,BUKIT TIMAH ROAD,0.0
bukit_timah_road,Bukit Timah Road,2712.0,24495.145,34616.352,7.564,7.78,7.78,,,BUKIT TIMAH ROAD,0.0
bukit_timah_road,Bukit Timah Road,2714.0,24497.025,34615.67,7.647,8.004,7.819,,,BUKIT TIMAH ROAD,0.0
bukit_timah_road,Bukit Timah Road,2716.0,24498.905,34614.989,7.781,7.911,7.819,,,BUKIT TIMAH ROAD,0.0
bukit_timah_road,Bukit Timah Road,2718.0,24500.786,34614.307,9.331,7.819,7.819,,,BUKIT TIMAH ROAD,0.0
bukit_timah_road,Bukit Timah Road,2720.0,24502.666,34613.626,9.322,7.726,7.726,,,BUKIT TIMAH ROAD,0.0
bukit_timah_road,Bukit Timah Road,2722.0,24504.546,34612.944,9.306,7.633,7.633,,,BUKIT TIMAH ROAD,0.0
bukit_timah_road,Bukit Timah Road,2724.0,24506.426,34612.262,9.306,7.541,7.541,,,BUKIT TIMAH ROAD,0.0
bukit_timah_road,Bukit Timah Road,2726.0,24508.307,34611.581,9.297,7.448,7.448,,,BUKIT TIMAH ROAD,0.0
bukit_timah_road,Bukit Timah Road,2728.0,24510.187,34610.899,7.263,7.356,7.356,,,BUKIT TIMAH ROAD,0.0
bukit_timah_road,Bukit Timah Road,2730.0,24512.067,34610.218,7.263,7.263,7.263,,,BUKIT TIMAH ROAD,0.0
bukit_timah_road,Bukit Timah Road,2732.0,24513.948,34609.536,7.238,7.238,7.263,,,BUKIT TIMAH ROAD,0.0
bukit_timah_road,Bukit Timah Road,2734.0,24515.828,34608.855,7.238,7.238,7.263,1.68,1.0,BUKIT TIMAH ROAD,0.0
bukit_timah_road,Bukit Timah Road,2736.0,24517.708,34608.173,7.397,7.397,7.397,1.68,1.0,BUKIT TIMAH ROAD,0.0
bukit_timah_road,Bukit Timah Road,2738.0,24519.588,34607.492,7.397,7.397,7.397,-0.312,1.0,BUKIT TIMAH ROAD,0.0
bukit_timah_road,Bukit Timah Road,2740.0,24521.469,34606.81,7.397,7.397,7.397,-1.993,1.0,BUKIT TIMAH ROAD,0.0
bukit_timah_road,Bukit Timah Road,2742.0,24523.349,34606.129,7.238,7.238,7.238,-1.993,1.0,BUKIT TIMAH ROAD,0.0
bukit_timah_road,Bukit Timah Road,2744.0,24525.236,34605.484,7.238,7.238,7.238,-1.993,1.0,BUKIT TIMAH ROAD,0.109
bukit_timah_road,Bukit Timah Road,2746.0,24527.143,34604.914,7.238,7.238,7.238,-0.313,1.0,BUKIT TIMAH ROAD,0.0
bukit_timah_road,Bukit Timah Road,2748.0,24529.041,34604.281,7.238,7.238,7.238,-0.469,1.0,BUKIT TIMAH ROAD,0.0
bukit_timah_road,Bukit Timah Road,2750.0,24530.938,34603.649,7.213,7.213,7.213,-0.625,1.0,BUKIT TIMAH ROAD,0.0
bukit_timah_road,Bukit Timah Road,2752.0,24532.835,34603.017,7.201,7.201,7.201,-0.625,1.0,BUKIT TIMAH ROAD,0.0
bukit_timah_road,Bukit Timah Road,2754.0,24534.733,34602.384,7.188,7.188,7.188,-0.313,1.0,BUKIT TIMAH ROAD,0.0
bukit_timah_road,Bukit Timah Road,2756.0,24536.63,34601.752,7.188,7.188,7.188,-0.469,1.0,BUKIT TIMAH ROAD,0.0
bukit_timah_road,Bukit Timah Road,2758.0,24538.528,34601.119,7.188,7.188,7.188,-0.313,1.0,BUKIT TIMAH ROAD,0.0
bukit_timah_road,Bukit Timah Road,2760.0,24540.425,34600.487,7.163,7.163,7.163,-0.625,1.0,BUKIT TIMAH ROAD,0.0
bukit_timah_road,Bukit Timah Road,2762.0,24542.322,34599.855,7.163,7.163,7.163,-0.625,1.0,BUKIT TIMAH ROAD,0.0
bukit_timah_road,Bukit Timah Road,2764.0,24544.22,34599.222,7.138,7.138,7.138,-0.313,1.0,BUKIT TIMAH ROAD,0.0
bukit_timah_road,Bukit Timah Road,2766.0,24546.117,34598.59,7.138,7.138,7.138,,,BUKIT TIMAH ROAD,0.0
bukit_timah_road,Bukit Timah Road,2768.0,24548.015,34597.957,7.138,7.138,7.138,,,BUKIT TIMAH ROAD,0.0
bukit_timah_road,Bukit Timah Road,2770.0,24549.912,34597.325,7.113,7.283,7.283,,,BUKIT TIMAH ROAD,0.0
bukit_timah_road,Bukit Timah Road,2772.0,24551.809,34596.693,7.088,7.428,7.428,,,BUKIT TIMAH ROAD,0.0
bukit_timah_road,Bukit Timah Road,2774.0,24553.707,34596.06,7.088,7.732,7.732,,,BUKIT TIMAH ROAD,0.0
bukit_timah_road,Bukit Timah Road,2776.0,24555.604,34595.428,7.088,8.036,8.036,,,BUKIT TIMAH ROAD,0.0
bukit_timah_road,Bukit Timah Road,2778.0,24557.501,34594.795,7.088,8.34,8.34,,,BUKIT TIMAH ROAD,0.0
bukit_timah_road,Bukit Timah Road,2780.0,24559.399,34594.163,7.088,8.644,8.644,,,BUKIT TIMAH ROAD,0.0
bukit_timah_road,Bukit Timah Road,2782.0,24561.296,34593.53,9.514,8.948,8.948,,,BUKIT TIMAH ROAD,0.0
bukit_timah_road,Bukit Timah Road,2784.0,24563.194,34592.898,9.531,9.252,9.252,,,BUKIT TIMAH ROAD,0.0
bukit_timah_road,Bukit Timah Road,2786.0,24565.091,34592.266,9.556,9.556,9.539,,,BUKIT TIMAH ROAD,0.0
bukit_timah_road,Bukit Timah Road,2788.0,24566.988,34591.633,9.539,9.539,9.556,,,BUKIT TIMAH ROAD,0.0
bukit_timah_road,Bukit Timah Road,2790.0,24568.886,34591.001,9.639,9.639,9.639,,,BUKIT TIMAH ROAD,0.0
bukit_timah_road,Bukit Timah Road,2792.0,24570.783,34590.368,9.747,9.747,9.747,,,BUKIT TIMAH ROAD,0.0
bukit_timah_road,Bukit Timah Road,2794.0,24572.681,34589.736,9.739,9.993,9.993,,,BUKIT TIMAH ROAD,0.0
bukit_timah_road,Bukit Timah Road,2796.0,24574.578,34589.104,7.151,10.239,10.239,,,BUKIT TIMAH ROAD,0.0
bukit_timah_road,Bukit Timah Road,2798.0,24576.475,34588.471,7.188,10.739,10.739,,,BUKIT TIMAH ROAD,0.0
bukit_timah_road,Bukit Timah Road,2800.0,24578.373,34587.839,7.638,11.239,11.239,,,BUKIT TIMAH ROAD,0.0
bukit_timah_road,Bukit Timah Road,2802.0,24580.27,34587.206,7.263,11.739,11.739,,,BUKIT TIMAH ROAD,0.0
bukit_timah_road,Bukit Timah Road,2804.0,24582.167,34586.574,13.701,,12.239,,,BUKIT TIMAH ROAD,0.0
bukit_timah_road,Bukit Timah Road,2806.0,24584.065,34585.942,13.876,12.739,12.739,,,BUKIT TIMAH ROAD,0.0
bukit_timah_road,Bukit Timah Road,2808.0,24585.962,34585.309,13.938,13.239,13.239,,,BUKIT TIMAH ROAD,0.0
bukit_timah_road,Bukit Timah Road,2810.0,24587.86,34584.677,12.926,13.739,13.739,,,BUKIT TIMAH ROAD,0.0
bukit_timah_road,Bukit Timah Road,2812.0,24589.757,34584.044,18.163,14.239,14.239,,,BUKIT TIMAH ROAD,0.0
bukit_timah_road,Bukit Timah Road,2814.0,24591.612,34583.303,12.563,14.358,14.239,,,BUKIT TIMAH ROAD,0.0
bukit_timah_road,Bukit Timah Road,2816.0,24593.439,34582.489,12.613,14.476,14.239,,,BUKIT TIMAH ROAD,0.0
bukit_timah_road,Bukit Timah Road,2818.0,24595.266,34581.676,18.663,14.213,14.213,,,BUKIT TIMAH ROAD,0.0
bukit_timah_road,Bukit Timah Road,2820.0,24597.093,34580.862,16.738,13.886,13.886,,,BUKIT TIMAH ROAD,0.0
bukit_timah_road,Bukit Timah Road,2822.0,24598.92,34580.049,17.038,13.559,13.559,,,BUKIT TIMAH ROAD,0.0
bukit_timah_road,Bukit Timah Road,2824.0,24600.747,34579.235,17.038,13.225,13.225,,,BUKIT TIMAH ROAD,0.0
bukit_timah_road,Bukit Timah Road,2826.0,24602.574,34578.422,19.126,12.891,12.891,,,BUKIT TIMAH ROAD,0.0
bukit_timah_road,Bukit Timah Road,2828.0,24604.402,34577.608,11.288,12.557,12.557,,,BUKIT TIMAH ROAD,0.0
bukit_timah_road,Bukit Timah Road,2830.0,24606.229,34576.795,11.013,,12.223,,,BUKIT TIMAH ROAD,0.0
bukit_timah_road,Bukit Timah Road,2832.0,24608.056,34575.981,10.963,,11.889,,,BUKIT TIMAH ROAD,0.0
bukit_timah_road,Bukit Timah Road,2834.0,24609.883,34575.168,11.126,11.555,11.555,,,BUKIT TIMAH ROAD,0.0
bukit_timah_road,Bukit Timah Road,2836.0,24611.71,34574.354,11.238,11.222,11.222,,,BUKIT TIMAH ROAD,0.0
bukit_timah_road,Bukit Timah Road,2838.0,24613.537,34573.541,7.408,10.888,10.888,,,BUKIT TIMAH ROAD,0.0
bukit_timah_road,Bukit Timah Road,2840.0,24615.364,34572.727,14.751,10.554,10.888,,,BUKIT TIMAH ROAD,0.0
bukit_timah_road,Bukit Timah Road,2842.0,24617.191,34571.914,14.763,10.8,10.888,,,BUKIT TIMAH ROAD,0.0
bukit_timah_road,Bukit Timah Road,2844.0,24619.018,34571.1,7.433,11.047,11.047,,,BUKIT TIMAH ROAD,0.0
bukit_timah_road,Bukit Timah Road,2846.0,24620.845,34570.287,7.783,11.548,11.548,,,BUKIT TIMAH ROAD,0.0
bukit_timah_road,Bukit Timah Road,2848.0,24622.672,34569.473,8.333,12.049,12.049,,,BUKIT TIMAH ROAD,0.0
bukit_timah_road,Bukit Timah Road,2850.0,24624.499,34568.66,,12.551,12.551,,,BUKIT TIMAH ROAD,0.0
bukit_timah_road,Bukit Timah Road,2852.0,24626.326,34567.846,,,13.052,,,BUKIT TIMAH ROAD,0.0
bukit_timah_road,Bukit Timah Road,2854.0,24628.154,34567.033,,,13.553,,,BUKIT TIMAH ROAD,0.0
bukit_timah_road,Bukit Timah Road,2856.0,24629.981,34566.219,,14.054,14.054,,,BUKIT TIMAH ROAD,0.0
bukit_timah_road,Bukit Timah Road,2858.0,24631.808,34565.406,,14.556,14.556,,,BUKIT TIMAH ROAD,0.0
bukit_timah_road,Bukit Timah Road,2860.0,24633.635,34564.592,,15.057,15.057,,,BUKIT TIMAH ROAD,0.0
bukit_timah_road,Bukit Timah Road,2862.0,24635.462,34563.779,21.593,15.558,15.558,,,BUKIT TIMAH ROAD,0.0
bukit_timah_road,Bukit Timah Road,2864.0,24637.289,34562.965,17.243,15.781,15.731,,,BUKIT TIMAH ROAD,0.0
bukit_timah_road,Bukit Timah Road,2866.0,24639.116,34562.152,,16.003,15.731,,,BUKIT TIMAH ROAD,0.0
bukit_timah_road,Bukit Timah Road,2868.0,24640.943,34561.338,16.743,15.731,15.731,,,BUKIT TIMAH ROAD,0.0
bukit_timah_road,Bukit Timah Road,2870.0,24642.77,34560.525,15.288,15.458,15.458,,,BUKIT TIMAH ROAD,0.0
bukit_timah_road,Bukit Timah Road,2872.0,24644.597,34559.711,14.663,15.186,15.186,,,BUKIT TIMAH ROAD,0.0
bukit_timah_road,Bukit Timah Road,2874.0,24646.424,34558.898,14.913,14.913,14.943,,,BUKIT TIMAH ROAD,0.0
bukit_timah_road,Bukit Timah Road,2876.0,24648.251,34558.084,14.888,14.888,14.943,,,BUKIT TIMAH ROAD,0.0
bukit_timah_road,Bukit Timah Road,2878.0,24650.078,34557.271,,14.943,14.943,1.381,1.0,BUKIT TIMAH ROAD,0.0
bukit_timah_road,Bukit Timah Road,2880.0,24651.905,34556.457,,14.999,14.999,2.072,1.0,BUKIT TIMAH ROAD,0.0
bukit_timah_road,Bukit Timah Road,2882.0,24653.733,34555.644,,15.054,15.054,2.763,1.0,BUKIT TIMAH ROAD,0.0
bukit_timah_road,Bukit Timah Road,2884.0,24655.56,34554.83,,15.109,15.109,2.763,1.0,BUKIT TIMAH ROAD,0.0
bukit_timah_road,Bukit Timah Road,2886.0,24657.387,34554.017,,15.164,15.164,2.763,1.0,BUKIT TIMAH ROAD,0.0
bukit_timah_road,Bukit Timah Road,2888.0,24659.214,34553.203,,15.22,15.22,2.763,1.0,BUKIT TIMAH ROAD,0.0
bukit_timah_road,Bukit Timah Road,2890.0,24661.041,34552.389,,15.275,15.275,2.763,1.0,BUKIT TIMAH ROAD,0.0
bukit_timah_road,Bukit Timah Road,2892.0,24662.868,34551.576,,15.33,15.33,2.763,1.0,BUKIT TIMAH ROAD,0.0
bukit_timah_road,Bukit Timah Road,2894.0,24664.695,34550.762,,15.385,15.385,2.762,1.0,BUKIT TIMAH ROAD,0.0
bukit_timah_road,Bukit Timah Road,2896.0,24666.522,34549.949,,15.441,15.441,2.763,1.0,BUKIT TIMAH ROAD,0.0
bukit_timah_road,Bukit Timah Road,2898.0,24668.349,34549.135,,15.496,15.496,2.762,1.0,BUKIT TIMAH ROAD,0.0
bukit_timah_road,Bukit Timah Road,2900.0,24670.176,34548.322,,15.551,15.551,2.763,1.0,BUKIT TIMAH ROAD,0.0
bukit_timah_road,Bukit Timah Road,2902.0,24671.992,34547.488,,15.606,15.606,2.763,1.0,BUKIT TIMAH ROAD,0.0
bukit_timah_road,Bukit Timah Road,2904.0,24673.667,34546.396,,15.662,15.662,2.763,1.0,BUKIT TIMAH ROAD,0.0
bukit_timah_road,Bukit Timah Road,2906.0,24675.342,34545.303,,15.717,15.717,2.763,1.0,BUKIT TIMAH ROAD,0.0
bukit_timah_road,Bukit Timah Road,2908.0,24677.017,34544.21,,15.772,15.772,2.763,1.0,BUKIT TIMAH ROAD,0.0
bukit_timah_road,Bukit Timah Road,2910.0,24678.692,34543.117,,15.827,15.827,2.763,1.0,BUKIT TIMAH ROAD,0.0
bukit_timah_road,Bukit Timah Road,2912.0,24680.367,34542.024,,15.883,15.883,2.258,1.0,BUKIT TIMAH ROAD,0.0
bukit_timah_road,Bukit Timah Road,2914.0,24682.042,34540.931,,15.938,15.938,1.568,1.0,BUKIT TIMAH ROAD,0.0
bukit_timah_road,Bukit Timah Road,2916.0,24683.717,34539.838,15.993,15.993,15.953,0.877,1.0,BUKIT TIMAH ROAD,0.0
bukit_timah_road,Bukit Timah Road,2918.0,24685.392,34538.745,15.993,15.993,15.953,-0.318,1.0,BUKIT TIMAH ROAD,0.0
bukit_timah_road,Bukit Timah Road,2920.0,24687.067,34537.652,,15.953,15.953,-1.008,1.0,BUKIT TIMAH ROAD,0.0
bukit_timah_road,Bukit Timah Road,2922.0,24688.742,34536.559,,15.912,15.912,-1.513,1.0,BUKIT TIMAH ROAD,0.0
bukit_timah_road,Bukit Timah Road,2924.0,24690.417,34535.466,,15.872,15.872,-2.017,1.0,BUKIT TIMAH ROAD,0.0
bukit_timah_road,Bukit Timah Road,2926.0,24692.092,34534.373,,15.832,15.832,-2.017,1.0,BUKIT TIMAH ROAD,0.0
bukit_timah_road,Bukit Timah Road,2928.0,24693.766,34533.28,,15.791,15.791,-2.017,1.0,BUKIT TIMAH ROAD,0.0
bukit_timah_road,Bukit Timah Road,2930.0,24695.441,34532.187,,15.751,15.751,-2.017,1.0,BUKIT TIMAH ROAD,0.0
bukit_timah_road,Bukit Timah Road,2932.0,24697.116,34531.094,,15.711,15.711,-2.017,1.0,BUKIT TIMAH ROAD,0.0
bukit_timah_road,Bukit Timah Road,2934.0,24698.791,34530.001,,15.67,15.67,-2.017,1.0,BUKIT TIMAH ROAD,0.0
bukit_timah_road,Bukit Timah Road,2936.0,24700.466,34528.908,,15.63,15.63,-2.017,1.0,BUKIT TIMAH ROAD,0.0
bukit_timah_road,Bukit Timah Road,2938.0,24702.141,34527.815,,15.59,15.59,-2.017,1.0,BUKIT TIMAH ROAD,0.0
bukit_timah_road,Bukit Timah Road,2940.0,24703.816,34526.722,,15.549,15.549,-2.017,1.0,BUKIT TIMAH ROAD,0.0
bukit_timah_road,Bukit Timah Road,2942.0,24705.491,34525.629,,15.509,15.509,-2.017,1.0,BUKIT TIMAH ROAD,0.0
bukit_timah_road,Bukit Timah Road,2944.0,24707.166,34524.536,,15.469,15.469,-2.017,1.0,BUKIT TIMAH ROAD,0.0
bukit_timah_road,Bukit Timah Road,2946.0,24708.841,34523.443,,15.428,15.428,-2.017,1.0,BUKIT TIMAH ROAD,0.0
bukit_timah_road,Bukit Timah Road,2948.0,24710.516,34522.35,,15.388,15.388,-2.017,1.0,BUKIT TIMAH ROAD,0.0
bukit_timah_road,Bukit Timah Road,2950.0,24712.191,34521.257,,15.348,15.348,-2.017,1.0,BUKIT TIMAH ROAD,0.0
bukit_timah_road,Bukit Timah Road,2952.0,24713.866,34520.164,,15.307,15.307,-2.017,1.0,BUKIT TIMAH ROAD,0.0
bukit_timah_road,Bukit Timah Road,2954.0,24715.541,34519.071,,15.267,15.267,-2.017,1.0,BUKIT TIMAH ROAD,0.0
bukit_timah_road,Bukit Timah Road,2956.0,24717.215,34517.978,,15.227,15.227,-2.017,1.0,BUKIT TIMAH ROAD,0.0
bukit_timah_road,Bukit Timah Road,2958.0,24718.89,34516.885,,15.186,15.186,-2.017,1.0,BUKIT TIMAH ROAD,0.0
bukit_timah_road,Bukit Timah Road,2960.0,24720.565,34515.792,,15.146,15.146,-2.017,1.0,BUKIT TIMAH ROAD,0.0
bukit_timah_road,Bukit Timah Road,2962.0,24722.24,34514.699,,15.106,15.106,-1.765,1.0,BUKIT TIMAH ROAD,0.0
bukit_timah_road,Bukit Timah Road,2964.0,24723.915,34513.606,,15.065,15.065,-1.513,1.0,BUKIT TIMAH ROAD,0.0
bukit_timah_road,Bukit Timah Road,2966.0,24725.59,34512.513,,,15.045,-1.261,1.0,BUKIT TIMAH ROAD,0.0
bukit_timah_road,Bukit Timah Road,2968.0,24727.265,34511.42,,,15.025,,,BUKIT TIMAH ROAD,0.0
bukit_timah_road,Bukit Timah Road,2970.0,24728.94,34510.327,,,15.005,,,BUKIT TIMAH ROAD,0.0
bukit_timah_road,Bukit Timah Road,2972.0,24730.615,34509.234,,,,,,BUKIT TIMAH ROAD,0.0
bukit_timah_road,Bukit Timah Road,2974.0,24732.29,34508.141,,,,,,BUKIT TIMAH ROAD,0.0
bukit_timah_road,Bukit Timah Road,2976.0,24733.965,34507.048,,,,,,BUKIT TIMAH ROAD,0.0
bukit_timah_road,Bukit Timah Road,2978.0,24735.64,34505.955,,,,,,BUKIT TIMAH ROAD,0.0
bukit_timah_road,Bukit Timah Road,2980.0,24737.315,34504.862,,,,,,BUKIT TIMAH ROAD,0.0
bukit_timah_road,Bukit Timah Road,2982.0,24738.99,34503.769,,,,,,BUKIT TIMAH ROAD,0.0
bukit_timah_road,Bukit Timah Road,2984.0,24740.664,34502.676,,,,,,BUKIT TIMAH ROAD,0.0
bukit_timah_road,Bukit Timah Road,2986.0,24742.339,34501.583,,,,,,BUKIT TIMAH ROAD,0.0
bukit_timah_road,Bukit Timah Road,2988.0,24744.014,34500.49,,,,,,BUKIT TIMAH ROAD,0.0
bukit_timah_road,Bukit Timah Road,2990.0,24745.689,34499.397,,,,,,BUKIT TIMAH ROAD,0.0
bukit_timah_road,Bukit Timah Road,2992.0,24747.364,34498.304,,,,,,BUKIT TIMAH ROAD,0.0
bukit_timah_road,Bukit Timah Road,2994.0,24749.039,34497.211,,,,,,BUKIT TIMAH ROAD,0.0
bukit_timah_road,Bukit Timah Road,2996.0,24750.714,34496.118,,,,,,BUKIT TIMAH ROAD,0.0
bukit_timah_road,Bukit Timah Road,2998.0,24752.389,34495.025,,,,,,BUKIT TIMAH ROAD,0.0
bukit_timah_road,Bukit Timah Road,3000.0,24754.064,34493.932,,,,,,BUKIT TIMAH ROAD,0.0
bukit_timah_road,Bukit Timah Road,3002.0,24755.739,34492.839,,,,,,BUKIT TIMAH ROAD,0.0
bukit_timah_road,Bukit Timah Road,3004.0,24757.414,34491.746,,,,,,BUKIT TIMAH ROAD,0.0
bukit_timah_road,Bukit Timah Road,3006.0,24759.089,34490.653,,,,,,BUKIT TIMAH ROAD,0.0
bukit_timah_road,Bukit Timah Road,3008.0,24760.764,34489.56,,,,,,BUKIT TIMAH ROAD,0.0
bukit_timah_road,Bukit Timah Road,3010.0,24762.438,34488.467,,,,,,BUKIT TIMAH ROAD,0.0
bukit_timah_road,Bukit Timah Road,3012.0,24764.113,34487.374,,,,,,BUKIT TIMAH ROAD,0.0
bukit_timah_road,Bukit Timah Road,3014.0,24765.788,34486.281,,,,,,BUKIT TIMAH ROAD,0.0
bukit_timah_road,Bukit Timah Road,3016.0,24767.463,34485.188,,,,,,BUKIT TIMAH ROAD,0.0
bukit_timah_road,Bukit Timah Road,3018.0,24769.138,34484.095,,,,,,BUKIT TIMAH ROAD,0.0
bukit_timah_road,Bukit Timah Road,3020.0,24770.813,34483.002,,,,,,BUKIT TIMAH ROAD,0.0
bukit_timah_road,Bukit Timah Road,3022.0,24772.488,34481.909,,,,,,BUKIT TIMAH ROAD,0.0
bukit_timah_road,Bukit Timah Road,3024.0,24774.163,34480.816,,,,,,BUKIT TIMAH ROAD,0.0
bukit_timah_road,Bukit Timah Road,3026.0,24775.838,34479.723,,,,,,BUKIT TIMAH ROAD,0.0
bukit_timah_road,Bukit Timah Road,3028.0,24777.513,34478.63,,,,,,BUKIT TIMAH ROAD,0.0
bukit_timah_road,Bukit Timah Road,3030.0,24779.188,34477.537,,,,,,BUKIT TIMAH ROAD,0.0
bukit_timah_road,Bukit Timah Road,3032.0,24780.863,34476.444,,,,,,BUKIT TIMAH ROAD,0.0
bukit_timah_road,Bukit Timah Road,3034.0,24782.538,34475.351,,,,,,BUKIT TIMAH ROAD,0.0
bukit_timah_road,Bukit Timah Road,3036.0,24784.213,34474.258,,,,,,BUKIT TIMAH ROAD,0.0
bukit_timah_road,Bukit Timah Road,3038.0,24785.887,34473.165,,,,,,BUKIT TIMAH ROAD,0.0
bukit_timah_road,Bukit Timah Road,3040.0,24787.562,34472.072,,,,,,BUKIT TIMAH ROAD,0.0
bukit_timah_road,Bukit Timah Road,3042.0,24789.237,34470.979,,,,,,BUKIT TIMAH ROAD,0.0
bukit_timah_road,Bukit Timah Road,3044.0,24790.912,34469.886,,,,,,BUKIT TIMAH ROAD,0.0
bukit_timah_road,Bukit Timah Road,3046.0,24792.587,34468.793,,,,,,BUKIT TIMAH ROAD,0.0
bukit_timah_road,Bukit Timah Road,3048.0,24794.262,34467.701,,,,,,BUKIT TIMAH ROAD,0.0
bukit_timah_road,Bukit Timah Road,3050.0,24795.937,34466.608,,,,,,BUKIT TIMAH ROAD,0.0
bukit_timah_road,Bukit Timah Road,3052.0,24797.612,34465.515,,,,,,BUKIT TIMAH ROAD,0.0
bukit_timah_road,Bukit Timah Road,3054.0,24799.287,34464.422,,,,,,BUKIT TIMAH ROAD,0.0
bukit_timah_road,Bukit Timah Road,3056.0,24800.962,34463.329,,,,,,BUKIT TIMAH ROAD,0.0
bukit_timah_road,Bukit Timah Road,3058.0,24802.637,34462.236,,,,,,BUKIT TIMAH ROAD,0.0
bukit_timah_road,Bukit Timah Road,3060.0,24804.312,34461.143,,,,,,BUKIT TIMAH ROAD,0.0
bukit_timah_road,Bukit Timah Road,3062.0,24805.987,34460.05,,,,,,BUKIT TIMAH ROAD,0.0
bukit_timah_road,Bukit Timah Road,3064.0,24807.662,34458.957,,,,,,BUKIT TIMAH ROAD,0.0
bukit_timah_road,Bukit Timah Road,3066.0,24809.336,34457.864,,,,,,BUKIT TIMAH ROAD,0.0
bukit_timah_road,Bukit Timah Road,3068.0,24811.011,34456.771,,,,,,BUKIT TIMAH ROAD,0.0
bukit_timah_road,Bukit Timah Road,3070.0,24812.686,34455.678,,,,,,BUKIT TIMAH ROAD,0.0
bukit_timah_road,Bukit Timah Road,3072.0,24814.361,34454.585,,,,,,BUKIT TIMAH ROAD,0.0
bukit_timah_road,Bukit Timah Road,3074.0,24816.036,34453.492,,,,,,BUKIT TIMAH ROAD,0.0
bukit_timah_road,Bukit Timah Road,3076.0,24817.711,34452.399,,,,,,BUKIT TIMAH ROAD,0.0
bukit_timah_road,Bukit Timah Road,3078.0,24819.386,34451.306,,,,,,BUKIT TIMAH ROAD,0.0
bukit_timah_road,Bukit Timah Road,3080.0,24821.061,34450.213,,,,,,BUKIT TIMAH ROAD,0.0
bukit_timah_road,Bukit Timah Road,3082.0,24822.736,34449.12,,,,,,BUKIT TIMAH ROAD,0.0
bukit_timah_road,Bukit Timah Road,3084.0,24824.411,34448.027,,,,,,BUKIT TIMAH ROAD,0.0
bukit_timah_road,Bukit Timah Road,3086.0,24826.086,34446.934,,,,,,BUKIT TIMAH ROAD,0.0
bukit_timah_road,Bukit Timah Road,3088.0,24827.761,34445.841,,,,,,BUKIT TIMAH ROAD,0.0
bukit_timah_road,Bukit Timah Road,3090.0,24829.436,34444.748,,,,,,BUKIT TIMAH ROAD,0.0
bukit_timah_road,Bukit Timah Road,3092.0,24831.11,34443.655,,,,,,BUKIT TIMAH ROAD,0.0
bukit_timah_road,Bukit Timah Road,3094.0,24832.785,34442.562,,,,,,BUKIT TIMAH ROAD,0.0
bukit_timah_road,Bukit Timah Road,3096.0,24834.46,34441.469,,,,,,BUKIT TIMAH ROAD,0.0
bukit_timah_road,Bukit Timah Road,3098.0,24836.135,34440.376,,,,,,BUKIT TIMAH ROAD,0.0
bukit_timah_road,Bukit Timah Road,3100.0,24837.81,34439.283,,,,,,BUKIT TIMAH ROAD,0.0
bukit_timah_road,Bukit Timah Road,3102.0,24839.485,34438.19,,,,,,BUKIT TIMAH ROAD,0.0
bukit_timah_road,Bukit Timah Road,3104.0,24841.16,34437.097,,,,,,BUKIT TIMAH ROAD,0.0
bukit_timah_road,Bukit Timah Road,3106.0,24842.835,34436.004,,,,,,BUKIT TIMAH ROAD,0.0
bukit_timah_road,Bukit Timah Road,3108.0,24844.51,34434.911,,,,,,BUKIT TIMAH ROAD,0.0
bukit_timah_road,Bukit Timah Road,3110.0,24846.185,34433.818,,,,,,BUKIT TIMAH ROAD,0.0
bukit_timah_road,Bukit Timah Road,3112.0,24847.86,34432.725,,,,,,BUKIT TIMAH ROAD,0.0
bukit_timah_road,Bukit Timah Road,3114.0,24849.535,34431.632,,,,,,BUKIT TIMAH ROAD,0.0
bukit_timah_road,Bukit Timah Road,3116.0,24851.21,34430.539,,,,,,BUKIT TIMAH ROAD,0.0
bukit_timah_road,Bukit Timah Road,3118.0,24852.885,34429.446,,,,,,BUKIT TIMAH ROAD,0.0
bukit_timah_road,Bukit Timah Road,3120.0,24854.559,34428.353,,,,,,BUKIT TIMAH ROAD,0.0
bukit_timah_road,Bukit Timah Road,3122.0,24856.234,34427.26,,,,,,BUKIT TIMAH ROAD,0.0
bukit_timah_road,Bukit Timah Road,3124.0,24857.909,34426.167,,,,,,BUKIT TIMAH ROAD,0.0
bukit_timah_road,Bukit Timah Road,3126.0,24859.584,34425.074,,,,,,BUKIT TIMAH ROAD,0.0
bukit_timah_road,Bukit Timah Road,3128.0,24861.259,34423.981,,,,,,BUKIT TIMAH ROAD,0.0
bukit_timah_road,Bukit Timah Road,3130.0,24862.934,34422.888,,,,,,BUKIT TIMAH ROAD,0.0
bukit_timah_road,Bukit Timah Road,3132.0,24864.609,34421.795,,,,,,BUKIT TIMAH ROAD,0.0
bukit_timah_road,Bukit Timah Road,3134.0,24866.284,34420.702,,,,,,BUKIT TIMAH ROAD,0.0
bukit_timah_road,Bukit Timah Road,3136.0,24867.959,34419.609,,,,,,BUKIT TIMAH ROAD,0.0
bukit_timah_road,Bukit Timah Road,3138.0,24869.634,34418.516,,,,,,BUKIT TIMAH ROAD,0.0
bukit_timah_road,Bukit Timah Road,3140.0,24871.309,34417.423,,,,,,BUKIT TIMAH ROAD,0.0
bukit_timah_road,Bukit Timah Road,3142.0,24872.984,34416.33,,,,,,BUKIT TIMAH ROAD,0.0
bukit_timah_road,Bukit Timah Road,3144.0,24874.659,34415.237,,,,,,BUKIT TIMAH ROAD,0.0
bukit_timah_road,Bukit Timah Road,3146.0,24876.334,34414.144,,,,,,BUKIT TIMAH ROAD,0.0
bukit_timah_road,Bukit Timah Road,3148.0,24878.008,34413.051,,,,,,BUKIT TIMAH ROAD,0.0
bukit_timah_road,Bukit Timah Road,3150.0,24879.683,34411.958,,,,,,BUKIT TIMAH ROAD,0.0
bukit_timah_road,Bukit Timah Road,3152.0,24881.358,34410.865,,,,,,BUKIT TIMAH ROAD,0.0
bukit_timah_road,Bukit Timah Road,3154.0,24883.033,34409.772,,,,,,BUKIT TIMAH ROAD,0.0
bukit_timah_road,Bukit Timah Road,3156.0,24884.708,34408.679,,,,,,BUKIT TIMAH ROAD,0.0
bukit_timah_road,Bukit Timah Road,3158.0,24886.383,34407.586,,,,,,BUKIT TIMAH ROAD,0.0
bukit_timah_road,Bukit Timah Road,3160.0,24888.058,34406.493,,,,,,BUKIT TIMAH ROAD,0.0
bukit_timah_road,Bukit Timah Road,3162.0,24889.733,34405.4,,,,,,BUKIT TIMAH ROAD,0.0
bukit_timah_road,Bukit Timah Road,3164.0,24891.408,34404.307,,,,,,BUKIT TIMAH ROAD,0.0
bukit_timah_road,Bukit Timah Road,3166.0,24893.083,34403.214,,,,,,BUKIT TIMAH ROAD,0.0
bukit_timah_road,Bukit Timah Road,3168.0,24894.758,34402.121,,,,,,BUKIT TIMAH ROAD,0.0
bukit_timah_road,Bukit Timah Road,3170.0,24896.433,34401.028,,,,,,BUKIT TIMAH ROAD,0.0
bukit_timah_road,Bukit Timah Road,3172.0,24898.108,34399.935,,,,,,BUKIT TIMAH ROAD,0.0
bukit_timah_road,Bukit Timah Road,3174.0,24899.783,34398.842,,,,,,BUKIT TIMAH ROAD,0.0
bukit_timah_road,Bukit Timah Road,3176.0,24901.457,34397.749,,,,,,BUKIT TIMAH ROAD,0.0
bukit_timah_road,Bukit Timah Road,3178.0,24903.132,34396.656,,,,,,BUKIT TIMAH ROAD,0.0
bukit_timah_road,Bukit Timah Road,3180.0,24904.807,34395.563,,,,,,BUKIT TIMAH ROAD,0.0
bukit_timah_road,Bukit Timah Road,3182.0,24906.482,34394.47,,,,,,BUKIT TIMAH ROAD,0.0
bukit_timah_road,Bukit Timah Road,3184.0,24908.157,34393.377,,,,,,BUKIT TIMAH ROAD,0.0
bukit_timah_road,Bukit Timah Road,3186.0,24909.832,34392.284,,,,,,BUKIT TIMAH ROAD,0.0
bukit_timah_road,Bukit Timah Road,3188.0,24911.507,34391.192,,,,,,BUKIT TIMAH ROAD,0.0
bukit_timah_road,Bukit Timah Road,3190.0,24913.182,34390.099,,,,,,BUKIT TIMAH ROAD,0.0
bukit_timah_road,Bukit Timah Road,3192.0,24914.857,34389.006,,,,,,BUKIT TIMAH ROAD,0.0
bukit_timah_road,Bukit Timah Road,3194.0,24916.532,34387.913,,,,,,BUKIT TIMAH ROAD,0.0
bukit_timah_road,Bukit Timah Road,3196.0,24918.207,34386.82,,,,,,BUKIT TIMAH ROAD,0.0
bukit_timah_road,Bukit Timah Road,3198.0,24919.882,34385.727,,,,,,BUKIT TIMAH ROAD,0.0
bukit_timah_road,Bukit Timah Road,3200.0,24921.557,34384.634,,,,,,BUKIT TIMAH ROAD,0.0
bukit_timah_road,Bukit Timah Road,3202.0,24923.232,34383.541,,,,,,BUKIT TIMAH ROAD,0.0
bukit_timah_road,Bukit Timah Road,3204.0,24924.906,34382.448,,,,,,BUKIT TIMAH ROAD,0.0
bukit_timah_road,Bukit Timah Road,3206.0,24926.581,34381.355,,,,,,BUKIT TIMAH ROAD,0.0
bukit_timah_road,Bukit Timah Road,3208.0,24928.256,34380.262,,,,,,BUKIT TIMAH ROAD,0.0
bukit_timah_road,Bukit Timah Road,3210.0,24929.931,34379.169,,,,,,BUKIT TIMAH ROAD,0.0
bukit_timah_road,Bukit Timah Road,3212.0,24931.606,34378.076,,,,,,BUKIT TIMAH ROAD,0.0
bukit_timah_road,Bukit Timah Road,3214.0,24933.37,34377.137,,,,,,BUKIT TIMAH ROAD,1.604
bukit_timah_road,Bukit Timah Road,3216.0,24935.155,34376.236,,,,,,BUKIT TIMAH ROAD,3.604
bukit_timah_road,Bukit Timah Road,3218.0,24936.941,34375.335,,,,,,BUKIT TIMAH ROAD,2.391
bukit_timah_road,Bukit Timah Road,3220.0,24938.727,34374.434,,,,,,BUKIT TIMAH ROAD,0.391
bukit_timah_road,Bukit Timah Road,3222.0,24940.409,34373.357,,,,,,BUKIT TIMAH ROAD,0.0
bukit_timah_road,Bukit Timah Road,3224.0,24942.066,34372.238,,,,,,BUKIT TIMAH ROAD,0.0
bukit_timah_road,Bukit Timah Road,3226.0,24943.724,34371.118,,,,,,BUKIT TIMAH ROAD,0.0
bukit_timah_road,Bukit Timah Road,3228.0,24945.381,34369.999,,,,,,BUKIT TIMAH ROAD,0.0
bukit_timah_road,Bukit Timah Road,3230.0,24947.038,34368.879,,,,,,BUKIT TIMAH ROAD,0.0
bukit_timah_road,Bukit Timah Road,3232.0,24948.696,34367.76,,,,,,BUKIT TIMAH ROAD,0.0
bukit_timah_road,Bukit Timah Road,3234.0,24950.353,34366.64,,,,,,BUKIT TIMAH ROAD,0.0
bukit_timah_road,Bukit Timah Road,3236.0,24952.01,34365.521,,,,,,BUKIT TIMAH ROAD,0.0
bukit_timah_road,Bukit Timah Road,3238.0,24953.668,34364.401,,,,,,BUKIT TIMAH ROAD,0.0
bukit_timah_road,Bukit Timah Road,3240.0,24955.325,34363.282,,,,,,BUKIT TIMAH ROAD,0.0
bukit_timah_road,Bukit Timah Road,3242.0,24956.982,34362.162,,,,,,BUKIT TIMAH ROAD,0.0
bukit_timah_road,Bukit Timah Road,3244.0,24958.639,34361.043,,,,,,BUKIT TIMAH ROAD,0.0
bukit_timah_road,Bukit Timah Road,3246.0,24960.297,34359.923,,,,,,BUKIT TIMAH ROAD,0.0
bukit_timah_road,Bukit Timah Road,3248.0,24961.954,34358.804,,,,,,BUKIT TIMAH ROAD,0.0
bukit_timah_road,Bukit Timah Road,3250.0,24963.611,34357.684,,,,,,BUKIT TIMAH ROAD,0.0
bukit_timah_road,Bukit Timah Road,3252.0,24965.269,34356.564,,,,,,BUKIT TIMAH ROAD,0.0
bukit_timah_road,Bukit Timah Road,3254.0,24966.926,34355.445,,,,,,BUKIT TIMAH ROAD,0.0
bukit_timah_road,Bukit Timah Road,3256.0,24968.583,34354.325,,,,,,BUKIT TIMAH ROAD,0.0
bukit_timah_road,Bukit Timah Road,3258.0,24970.241,34353.206,,,,,,BUKIT TIMAH ROAD,0.0
bukit_timah_road,Bukit Timah Road,3260.0,24971.898,34352.086,,,,,,BUKIT TIMAH ROAD,0.0
bukit_timah_road,Bukit Timah Road,3262.0,24973.555,34350.967,,,,,,BUKIT TIMAH ROAD,0.0
bukit_timah_road,Bukit Timah Road,3264.0,24975.212,34349.847,,,,,,BUKIT TIMAH ROAD,0.0
bukit_timah_road,Bukit Timah Road,3266.0,24976.87,34348.728,,,,,,BUKIT TIMAH ROAD,0.0
bukit_timah_road,Bukit Timah Road,3268.0,24978.527,34347.608,,,,,,BUKIT TIMAH ROAD,0.0
bukit_timah_road,Bukit Timah Road,3270.0,24980.184,34346.489,,,,,,BUKIT TIMAH ROAD,0.0
bukit_timah_road,Bukit Timah Road,3272.0,24981.842,34345.369,,,,,,BUKIT TIMAH ROAD,0.0
bukit_timah_road,Bukit Timah Road,3274.0,24983.499,34344.25,,,,,,BUKIT TIMAH ROAD,0.0
bukit_timah_road,Bukit Timah Road,3276.0,24985.156,34343.13,,,,,,BUKIT TIMAH ROAD,0.0
bukit_timah_road,Bukit Timah Road,3278.0,24986.814,34342.011,,,,,,BUKIT TIMAH ROAD,0.0
bukit_timah_road,Bukit Timah Road,3280.0,24988.471,34340.891,,,,,,BUKIT TIMAH ROAD,0.0
bukit_timah_road,Bukit Timah Road,3282.0,24990.128,34339.772,,,,,,BUKIT TIMAH ROAD,0.0
bukit_timah_road,Bukit Timah Road,3284.0,24991.786,34338.652,,,,,,BUKIT TIMAH ROAD,0.0
bukit_timah_road,Bukit Timah Road,3286.0,24993.443,34337.532,,,,,,BUKIT TIMAH ROAD,0.0
bukit_timah_road,Bukit Timah Road,3288.0,24995.1,34336.413,,,,,,BUKIT TIMAH ROAD,0.0
bukit_timah_road,Bukit Timah Road,3290.0,24996.757,34335.293,,,,,,BUKIT TIMAH ROAD,0.0
bukit_timah_road,Bukit Timah Road,3292.0,24998.415,34334.174,,,,,,BUKIT TIMAH ROAD,0.0
bukit_timah_road,Bukit Timah Road,3294.0,25000.072,34333.054,,,,,,BUKIT TIMAH ROAD,0.0
bukit_timah_road,Bukit Timah Road,3296.0,25001.729,34331.935,,,,,,BUKIT TIMAH ROAD,0.0
bukit_timah_road,Bukit Timah Road,3298.0,25003.387,34330.815,,,,,,BUKIT TIMAH ROAD,0.0
bukit_timah_road,Bukit Timah Road,3300.0,25005.044,34329.696,,,,,,BUKIT TIMAH ROAD,0.0
bukit_timah_road,Bukit Timah Road,3302.0,25006.701,34328.576,,,,,,BUKIT TIMAH ROAD,0.0
bukit_timah_road,Bukit Timah Road,3304.0,25008.359,34327.457,,,,,,BUKIT TIMAH ROAD,0.0
bukit_timah_road,Bukit Timah Road,3306.0,25010.016,34326.337,,,,,,BUKIT TIMAH ROAD,0.0
bukit_timah_road,Bukit Timah Road,3308.0,25011.673,34325.218,,,,,,BUKIT TIMAH ROAD,0.0
bukit_timah_road,Bukit Timah Road,3310.0,25013.33,34324.098,,,,,,BUKIT TIMAH ROAD,0.0
bukit_timah_road,Bukit Timah Road,3312.0,25014.988,34322.979,,,,,,BUKIT TIMAH ROAD,0.0
bukit_timah_road,Bukit Timah Road,3314.0,25016.645,34321.859,,,,,,BUKIT TIMAH ROAD,0.0
bukit_timah_road,Bukit Timah Road,3316.0,25018.302,34320.74,,,,,,BUKIT TIMAH ROAD,0.0
bukit_timah_road,Bukit Timah Road,3318.0,25019.96,34319.62,,,,,,BUKIT TIMAH ROAD,0.0
bukit_timah_road,Bukit Timah Road,3320.0,25021.617,34318.5,,,,,,BUKIT TIMAH ROAD,0.0
bukit_timah_road,Bukit Timah Road,3322.0,25023.274,34317.381,,,,,,BUKIT TIMAH ROAD,0.0
bukit_timah_road,Bukit Timah Road,3324.0,25024.932,34316.261,,,,,,BUKIT TIMAH ROAD,0.0
bukit_timah_road,Bukit Timah Road,3326.0,25026.589,34315.142,,,,,,BUKIT TIMAH ROAD,0.0
bukit_timah_road,Bukit Timah Road,3328.0,25028.246,34314.022,,,,,,BUKIT TIMAH ROAD,0.0
bukit_timah_road,Bukit Timah Road,3330.0,25029.904,34312.903,,,,,,BUKIT TIMAH ROAD,0.0
bukit_timah_road,Bukit Timah Road,3332.0,25031.561,34311.783,,,,,,BUKIT TIMAH ROAD,0.0
bukit_timah_road,Bukit Timah Road,3334.0,25033.218,34310.664,,,,,,BUKIT TIMAH ROAD,0.0
bukit_timah_road,Bukit Timah Road,3336.0,25034.875,34309.544,,,,,,BUKIT TIMAH ROAD,0.0
bukit_timah_road,Bukit Timah Road,3338.0,25036.533,34308.425,,,,,,BUKIT TIMAH ROAD,0.0
bukit_timah_road,Bukit Timah Road,3340.0,25038.19,34307.305,,,,,,BUKIT TIMAH ROAD,0.0
bukit_timah_road,Bukit Timah Road,3342.0,25039.847,34306.186,,,,,,BUKIT TIMAH ROAD,0.0
bukit_timah_road,Bukit Timah Road,3344.0,25041.505,34305.066,,,,,,BUKIT TIMAH ROAD,0.0
bukit_timah_road,Bukit Timah Road,3346.0,25043.162,34303.947,,,,,,BUKIT TIMAH ROAD,0.0
bukit_timah_road,Bukit Timah Road,3348.0,25044.819,34302.827,,,,,,BUKIT TIMAH ROAD,0.0
bukit_timah_road,Bukit Timah Road,3350.0,25046.477,34301.708,,,,,,BUKIT TIMAH ROAD,0.0
bukit_timah_road,Bukit Timah Road,3352.0,25048.134,34300.588,,,,,,BUKIT TIMAH ROAD,0.0
bukit_timah_road,Bukit Timah Road,3354.0,25049.791,34299.468,,,,,,BUKIT TIMAH ROAD,0.0
bukit_timah_road,Bukit Timah Road,3356.0,25051.448,34298.349,,,,,,BUKIT TIMAH ROAD,0.0
bukit_timah_road,Bukit Timah Road,3358.0,25053.106,34297.229,,,,,,BUKIT TIMAH ROAD,0.0
bukit_timah_road,Bukit Timah Road,3360.0,25054.763,34296.11,,,,,,BUKIT TIMAH ROAD,0.0
bukit_timah_road,Bukit Timah Road,3362.0,25056.42,34294.99,,,,,,BUKIT TIMAH ROAD,0.0
bukit_timah_road,Bukit Timah Road,3364.0,25058.078,34293.871,,,,,,BUKIT TIMAH ROAD,0.0
bukit_timah_road,Bukit Timah Road,3366.0,25059.735,34292.751,,,,,,BUKIT TIMAH ROAD,0.0
bukit_timah_road,Bukit Timah Road,3368.0,25061.392,34291.632,,,,,,BUKIT TIMAH ROAD,0.0
bukit_timah_road,Bukit Timah Road,3370.0,25063.05,34290.512,,,,,,BUKIT TIMAH ROAD,0.0
bukit_timah_road,Bukit Timah Road,3372.0,25064.707,34289.393,,,,,,BUKIT TIMAH ROAD,0.0
bukit_timah_road,Bukit Timah Road,3374.0,25066.364,34288.273,,,,,,BUKIT TIMAH ROAD,0.0
bukit_timah_road,Bukit Timah Road,3376.0,25068.021,34287.154,,,,,,BUKIT TIMAH ROAD,0.0
bukit_timah_road,Bukit Timah Road,3378.0,25069.679,34286.034,,,,,,BUKIT TIMAH ROAD,0.0
bukit_timah_road,Bukit Timah Road,3380.0,25071.336,34284.915,,,,,,BUKIT TIMAH ROAD,0.0
bukit_timah_road,Bukit Timah Road,3382.0,25072.993,34283.795,,,,,,BUKIT TIMAH ROAD,0.0
bukit_timah_road,Bukit Timah Road,3384.0,25074.651,34282.676,,,,,,BUKIT TIMAH ROAD,0.0
bukit_timah_road,Bukit Timah Road,3386.0,25076.308,34281.556,,,,,,BUKIT TIMAH ROAD,0.0
bukit_timah_road,Bukit Timah Road,3388.0,25077.965,34280.436,,,,,,BUKIT TIMAH ROAD,0.0
bukit_timah_road,Bukit Timah Road,3390.0,25079.623,34279.317,,,,,,BUKIT TIMAH ROAD,0.0
bukit_timah_road,Bukit Timah Road,3392.0,25081.28,34278.197,,,,,,BUKIT TIMAH ROAD,0.0
bukit_timah_road,Bukit Timah Road,3394.0,25082.937,34277.078,,,,,,BUKIT TIMAH ROAD,0.0
bukit_timah_road,Bukit Timah Road,3396.0,25084.595,34275.958,,,,,,BUKIT TIMAH ROAD,0.0
bukit_timah_road,Bukit Timah Road,3398.0,25086.252,34274.839,,,,,,BUKIT TIMAH ROAD,0.0
bukit_timah_road,Bukit Timah Road,3400.0,25087.909,34273.719,,,,,,BUKIT TIMAH ROAD,0.0
bukit_timah_road,Bukit Timah Road,3402.0,25089.566,34272.6,,,,,,BUKIT TIMAH ROAD,0.0
bukit_timah_road,Bukit Timah Road,3404.0,25091.224,34271.48,,,,,,BUKIT TIMAH ROAD,0.0
bukit_timah_road,Bukit Timah Road,3406.0,25092.881,34270.361,,,,,,BUKIT TIMAH ROAD,0.0
bukit_timah_road,Bukit Timah Road,3408.0,25094.538,34269.241,,,,,,BUKIT TIMAH ROAD,0.0
bukit_timah_road,Bukit Timah Road,3410.0,25096.196,34268.122,,,,,,BUKIT TIMAH ROAD,0.0
bukit_timah_road,Bukit Timah Road,3412.0,25097.853,34267.002,,,,,,BUKIT TIMAH ROAD,0.0
bukit_timah_road,Bukit Timah Road,3414.0,25099.51,34265.883,,,,,,BUKIT TIMAH ROAD,0.0
bukit_timah_road,Bukit Timah Road,3416.0,25101.168,34264.763,,,,,,BUKIT TIMAH ROAD,0.0
bukit_timah_road,Bukit Timah Road,3418.0,25102.825,34263.644,,,,,,BUKIT TIMAH ROAD,0.0
bukit_timah_road,Bukit Timah Road,3420.0,25104.482,34262.524,,,,,,BUKIT TIMAH ROAD,0.0
bukit_timah_road,Bukit Timah Road,3422.0,25106.139,34261.405,,,,,,BUKIT TIMAH ROAD,0.0
bukit_timah_road,Bukit Timah Road,3424.0,25107.797,34260.285,,,,,,BUKIT TIMAH ROAD,0.0
bukit_timah_road,Bukit Timah Road,3426.0,25109.454,34259.165,,,5.687,,,BUKIT TIMAH ROAD,0.0
bukit_timah_road,Bukit Timah Road,3428.0,25111.111,34258.046,,,5.666,,,BUKIT TIMAH ROAD,0.0
bukit_timah_road,Bukit Timah Road,3430.0,25112.769,34256.926,,,5.646,-1.261,1.0,BUKIT TIMAH ROAD,0.0
bukit_timah_road,Bukit Timah Road,3432.0,25114.426,34255.807,,5.626,5.626,-1.513,1.0,BUKIT TIMAH ROAD,0.0
bukit_timah_road,Bukit Timah Road,3434.0,25116.083,34254.687,,5.586,5.586,-1.765,1.0,BUKIT TIMAH ROAD,0.0
bukit_timah_road,Bukit Timah Road,3436.0,25117.741,34253.568,,5.545,5.545,-2.017,1.0,BUKIT TIMAH ROAD,0.0
bukit_timah_road,Bukit Timah Road,3438.0,25119.398,34252.448,,5.505,5.505,-2.017,1.0,BUKIT TIMAH ROAD,0.0
bukit_timah_road,Bukit Timah Road,3440.0,25121.055,34251.329,,5.465,5.465,-2.017,1.0,BUKIT TIMAH ROAD,0.0
bukit_timah_road,Bukit Timah Road,3442.0,25122.713,34250.209,,5.424,5.424,-2.017,1.0,BUKIT TIMAH ROAD,0.0
bukit_timah_road,Bukit Timah Road,3444.0,25124.37,34249.09,,5.384,5.384,-2.017,1.0,BUKIT TIMAH ROAD,0.0
bukit_timah_road,Bukit Timah Road,3446.0,25126.027,34247.97,,5.344,5.344,-2.017,1.0,BUKIT TIMAH ROAD,0.0
bukit_timah_road,Bukit Timah Road,3448.0,25127.684,34246.851,,5.303,5.303,-2.017,1.0,BUKIT TIMAH ROAD,0.0
bukit_timah_road,Bukit Timah Road,3450.0,25129.342,34245.731,,5.263,5.263,-2.017,1.0,BUKIT TIMAH ROAD,0.0
bukit_timah_road,Bukit Timah Road,3452.0,25130.999,34244.612,,5.223,5.223,-2.017,1.0,BUKIT TIMAH ROAD,0.0
bukit_timah_road,Bukit Timah Road,3454.0,25132.656,34243.492,,5.182,5.182,-2.017,1.0,BUKIT TIMAH ROAD,0.0
bukit_timah_road,Bukit Timah Road,3456.0,25134.314,34242.373,,5.142,5.142,-2.017,1.0,BUKIT TIMAH ROAD,0.0
bukit_timah_road,Bukit Timah Road,3458.0,25135.971,34241.253,,5.102,5.102,-2.017,1.0,BUKIT TIMAH ROAD,0.0
bukit_timah_road,Bukit Timah Road,3460.0,25137.628,34240.133,,5.061,5.061,-2.017,1.0,BUKIT TIMAH ROAD,0.0
bukit_timah_road,Bukit Timah Road,3462.0,25139.286,34239.014,,5.021,5.021,-2.017,1.0,BUKIT TIMAH ROAD,0.0
bukit_timah_road,Bukit Timah Road,3464.0,25140.943,34237.894,,4.981,4.981,-2.017,1.0,BUKIT TIMAH ROAD,0.0
bukit_timah_road,Bukit Timah Road,3466.0,25142.6,34236.775,,4.94,4.94,-2.017,1.0,BUKIT TIMAH ROAD,0.0
bukit_timah_road,Bukit Timah Road,3468.0,25144.257,34235.655,,4.9,4.9,-2.017,1.0,BUKIT TIMAH ROAD,0.0
bukit_timah_road,Bukit Timah Road,3470.0,25145.915,34234.536,,4.86,4.86,-2.017,1.0,BUKIT TIMAH ROAD,0.0
bukit_timah_road,Bukit Timah Road,3472.0,25147.572,34233.416,,4.819,4.819,-1.513,1.0,BUKIT TIMAH ROAD,0.0
bukit_timah_road,Bukit Timah Road,3474.0,25149.229,34232.297,,4.779,4.779,-1.008,1.0,BUKIT TIMAH ROAD,0.0
bukit_timah_road,Bukit Timah Road,3476.0,25150.887,34231.177,,4.739,4.779,-0.575,1.0,BUKIT TIMAH ROAD,0.0
bukit_timah_road,Bukit Timah Road,3478.0,25152.544,34230.058,4.698,4.698,4.779,-0.071,1.0,BUKIT TIMAH ROAD,0.0
bukit_timah_road,Bukit Timah Road,3480.0,25154.201,34228.938,,4.823,4.773,0.554,1.0,BUKIT TIMAH ROAD,0.0
bukit_timah_road,Bukit Timah Road,3482.0,25155.859,34227.819,4.948,4.948,4.773,2.117,1.0,BUKIT TIMAH ROAD,0.0
bukit_timah_road,Bukit Timah Road,3484.0,25157.516,34226.699,4.773,4.773,4.823,,,BUKIT TIMAH ROAD,0.0
bukit_timah_road,Bukit Timah Road,3486.0,25159.173,34225.58,,4.761,4.948,,,BUKIT TIMAH ROAD,0.0
bukit_timah_road,Bukit Timah Road,3488.0,25160.83,34224.46,4.748,4.953,4.953,,,BUKIT TIMAH ROAD,0.0
bukit_timah_road,Bukit Timah Road,3490.0,25162.488,34223.34,4.848,5.215,5.215,,,BUKIT TIMAH ROAD,0.0
bukit_timah_road,Bukit Timah Road,3492.0,25164.145,34222.221,4.848,5.477,5.477,,,BUKIT TIMAH ROAD,0.0
bukit_timah_road,Bukit Timah Road,3494.0,25165.802,34221.101,4.748,5.766,5.766,,,BUKIT TIMAH ROAD,0.0
bukit_timah_road,Bukit Timah Road,3496.0,25167.46,34219.982,4.748,6.055,6.055,,,BUKIT TIMAH ROAD,0.0
bukit_timah_road,Bukit Timah Road,3498.0,25169.117,34218.862,,6.344,6.07,,,BUKIT TIMAH ROAD,0.0
bukit_timah_road,Bukit Timah Road,3500.0,25170.774,34217.743,9.948,6.207,6.07,,,BUKIT TIMAH ROAD,0.0
bukit_timah_road,Bukit Timah Road,3502.0,25172.432,34216.623,9.948,6.07,6.07,,,BUKIT TIMAH ROAD,0.0
bukit_timah_road,Bukit Timah Road,3504.0,25174.089,34215.504,10.686,5.932,5.932,,,BUKIT TIMAH ROAD,0.0
bukit_timah_road,Bukit Timah Road,3506.0,25175.746,34214.384,10.724,5.795,5.795,,,BUKIT TIMAH ROAD,0.0
bukit_timah_road,Bukit Timah Road,3508.0,25177.403,34213.265,10.874,5.658,5.658,,,BUKIT TIMAH ROAD,0.0
bukit_timah_road,Bukit Timah Road,3510.0,25179.061,34212.145,7.924,5.52,5.52,,,BUKIT TIMAH ROAD,0.0
bukit_timah_road,Bukit Timah Road,3512.0,25180.718,34211.026,7.189,5.383,5.383,,,BUKIT TIMAH ROAD,0.0
bukit_timah_road,Bukit Timah Road,3514.0,25182.375,34209.906,5.121,5.246,5.246,,,BUKIT TIMAH ROAD,0.0
bukit_timah_road,Bukit Timah Road,3516.0,25184.033,34208.787,5.108,5.108,5.194,,,BUKIT TIMAH ROAD,0.0
bukit_timah_road,Bukit Timah Road,3518.0,25185.69,34207.667,4.948,4.948,5.194,,,BUKIT TIMAH ROAD,0.0
bukit_timah_road,Bukit Timah Road,3520.0,25187.347,34206.548,4.848,5.194,5.194,,,BUKIT TIMAH ROAD,0.0
bukit_timah_road,Bukit Timah Road,3522.0,25189.005,34205.428,4.798,5.441,5.441,,,BUKIT TIMAH ROAD,0.0
bukit_timah_road,Bukit Timah Road,3524.0,25190.662,34204.308,4.348,5.687,5.687,,,BUKIT TIMAH ROAD,0.0
bukit_timah_road,Bukit Timah Road,3526.0,25192.319,34203.189,8.989,6.035,6.035,,,BUKIT TIMAH ROAD,0.0
bukit_timah_road,Bukit Timah Road,3528.0,25193.977,34202.069,8.852,6.384,6.384,,,BUKIT TIMAH ROAD,0.0
bukit_timah_road,Bukit Timah Road,3530.0,25195.634,34200.95,8.827,6.732,6.732,,,BUKIT TIMAH ROAD,0.0
bukit_timah_road,Bukit Timah Road,3532.0,25197.291,34199.83,5.302,,7.081,,,BUKIT TIMAH ROAD,0.0
bukit_timah_road,Bukit Timah Road,3534.0,25198.948,34198.711,5.302,7.429,7.429,,,BUKIT TIMAH ROAD,0.0
bukit_timah_road,Bukit Timah Road,3536.0,25200.606,34197.591,10.201,7.778,7.778,,,BUKIT TIMAH ROAD,0.0
bukit_timah_road,Bukit Timah Road,3538.0,25202.263,34196.472,7.701,8.126,8.126,,,BUKIT TIMAH ROAD,0.0
bukit_timah_road,Bukit Timah Road,3540.0,25203.92,34195.352,7.751,8.475,8.475,,,BUKIT TIMAH ROAD,0.0
bukit_timah_road,Bukit Timah Road,3542.0,25205.578,34194.233,7.984,8.721,8.721,,,BUKIT TIMAH ROAD,0.0
bukit_timah_road,Bukit Timah Road,3544.0,25207.235,34193.113,8.968,8.968,8.968,,,BUKIT TIMAH ROAD,0.0
bukit_timah_road,Bukit Timah Road,3546.0,25208.892,34191.994,4.302,9.095,9.095,,,BUKIT TIMAH ROAD,0.0
bukit_timah_road,Bukit Timah Road,3548.0,25210.55,34190.874,4.277,9.222,9.095,,,BUKIT TIMAH ROAD,0.0
bukit_timah_road,Bukit Timah Road,3550.0,25212.207,34189.755,4.577,9.108,9.095,,,BUKIT TIMAH ROAD,0.0
bukit_timah_road,Bukit Timah Road,3552.0,25213.864,34188.635,9.476,8.822,8.822,,,BUKIT TIMAH ROAD,0.0
bukit_timah_road,Bukit Timah Road,3554.0,25215.521,34187.516,8.734,8.513,8.513,,,BUKIT TIMAH ROAD,0.0
bukit_timah_road,Bukit Timah Road,3556.0,25217.179,34186.396,8.284,8.205,8.205,,,BUKIT TIMAH ROAD,0.0
bukit_timah_road,Bukit Timah Road,3558.0,25218.836,34185.277,13.068,7.861,7.861,,,BUKIT TIMAH ROAD,0.0
bukit_timah_road,Bukit Timah Road,3560.0,25220.493,34184.157,16.476,7.518,7.518,,,BUKIT TIMAH ROAD,0.0
bukit_timah_road,Bukit Timah Road,3562.0,25222.151,34183.037,10.401,7.175,7.175,,,BUKIT TIMAH ROAD,0.0
bukit_timah_road,Bukit Timah Road,3564.0,25223.808,34181.918,6.218,6.831,6.831,,,BUKIT TIMAH ROAD,0.0
bukit_timah_road,Bukit Timah Road,3566.0,25225.465,34180.798,6.226,6.476,6.476,,,BUKIT TIMAH ROAD,0.0
bukit_timah_road,Bukit Timah Road,3568.0,25227.123,34179.679,6.226,6.121,6.121,,,BUKIT TIMAH ROAD,0.0
bukit_timah_road,Bukit Timah Road,3570.0,25228.78,34178.559,8.684,5.767,5.767,,,BUKIT TIMAH ROAD,0.0
bukit_timah_road,Bukit Timah Road,3572.0,25230.437,34177.44,4.401,5.412,5.412,,,BUKIT TIMAH ROAD,0.0
bukit_timah_road,Bukit Timah Road,3574.0,25232.095,34176.32,4.401,5.057,5.057,,,BUKIT TIMAH ROAD,0.0
bukit_timah_road,Bukit Timah Road,3576.0,25233.752,34175.201,4.401,4.702,4.702,,,BUKIT TIMAH ROAD,0.0
bukit_timah_road,Bukit Timah Road,3578.0,25235.409,34174.081,7.714,4.347,4.347,,,BUKIT TIMAH ROAD,0.0
bukit_timah_road,Bukit Timah Road,3580.0,25237.066,34172.962,7.248,4.293,4.32,,,BUKIT TIMAH ROAD,0.0
bukit_timah_road,Bukit Timah Road,3582.0,25238.724,34171.842,4.239,4.239,4.32,,,BUKIT TIMAH ROAD,0.0
bukit_timah_road,Bukit Timah Road,3584.0,25240.378,34170.718,5.331,4.32,4.32,2.014,1.0,BUKIT TIMAH ROAD,0.0
bukit_timah_road,Bukit Timah Road,3586.0,25242.029,34169.59,4.339,4.4,4.4,2.447,1.0,BUKIT TIMAH ROAD,0.0
bukit_timah_road,Bukit Timah Road,3588.0,25243.681,34168.462,4.481,4.481,4.481,,,BUKIT TIMAH ROAD,0.0
bukit_timah_road,Bukit Timah Road,3590.0,25245.333,34167.334,4.574,4.574,4.516,,,BUKIT TIMAH ROAD,0.0
bukit_timah_road,Bukit Timah Road,3592.0,25246.985,34166.207,4.599,4.599,4.516,-0.609,1.0,BUKIT TIMAH ROAD,0.0
bukit_timah_road,Bukit Timah Road,3594.0,25248.636,34165.079,6.197,4.516,4.516,-1.042,1.0,BUKIT TIMAH ROAD,0.0
bukit_timah_road,Bukit Timah Road,3596.0,25250.288,34163.951,7.561,4.432,4.432,-1.042,1.0,BUKIT TIMAH ROAD,0.0
bukit_timah_road,Bukit Timah Road,3598.0,25251.94,34162.823,4.349,4.349,4.432,,,BUKIT TIMAH ROAD,0.0
bukit_timah_road,Bukit Timah Road,3600.0,25253.591,34161.696,4.199,4.199,4.432,,,BUKIT TIMAH ROAD,0.0
bukit_timah_road,Bukit Timah Road,3602.0,25255.243,34160.568,4.049,4.433,4.433,,,BUKIT TIMAH ROAD,0.0
bukit_timah_road,Bukit Timah Road,3604.0,25256.895,34159.44,4.049,4.668,4.668,,,BUKIT TIMAH ROAD,0.0
bukit_timah_road,Bukit Timah Road,3606.0,25258.547,34158.313,4.024,4.903,4.903,,,BUKIT TIMAH ROAD,0.0
bukit_timah_road,Bukit Timah Road,3608.0,25260.198,34157.185,7.314,5.181,5.162,,,BUKIT TIMAH ROAD,0.0
bukit_timah_road,Bukit Timah Road,3610.0,25261.85,34156.057,7.489,5.459,5.162,,,BUKIT TIMAH ROAD,0.0
bukit_timah_road,Bukit Timah Road,3612.0,25263.502,34154.929,8.939,5.162,5.162,,,BUKIT TIMAH ROAD,0.0
bukit_timah_road,Bukit Timah Road,3614.0,25265.154,34153.802,4.239,4.865,4.865,,,BUKIT TIMAH ROAD,0.0
bukit_timah_road,Bukit Timah Road,3616.0,25266.805,34152.674,6.997,4.568,4.568,,,BUKIT TIMAH ROAD,0.0
bukit_timah_road,Bukit Timah Road,3618.0,25268.457,34151.546,3.999,4.271,4.271,,,BUKIT TIMAH ROAD,0.0
bukit_timah_road,Bukit Timah Road,3620.0,25270.109,34150.418,3.974,3.974,3.974,,,BUKIT TIMAH ROAD,0.0
bukit_timah_road,Bukit Timah Road,3622.0,25271.761,34149.291,3.974,3.974,3.974,,,BUKIT TIMAH ROAD,0.0
bukit_timah_road,Bukit Timah Road,3624.0,25273.412,34148.163,3.949,3.949,3.974,2.165,1.0,BUKIT TIMAH ROAD,0.0
bukit_timah_road,Bukit Timah Road,3626.0,25275.064,34147.035,3.949,3.949,3.974,2.373,1.0,BUKIT TIMAH ROAD,0.0
bukit_timah_road,Bukit Timah Road,3628.0,25276.716,34145.907,4.164,4.164,4.147,3.728,1.0,BUKIT TIMAH ROAD,0.0
bukit_timah_road,Bukit Timah Road,3630.0,25278.367,34144.78,4.147,4.147,4.164,4.375,1.0,BUKIT TIMAH ROAD,0.0
bukit_timah_road,Bukit Timah Road,3632.0,25280.019,34143.652,4.272,4.272,4.272,2.21,1.0,BUKIT TIMAH ROAD,0.0
bukit_timah_road,Bukit Timah Road,3634.0,25281.671,34142.524,4.339,4.339,4.324,2.187,1.0,BUKIT TIMAH ROAD,0.0
bukit_timah_road,Bukit Timah Road,3636.0,25283.323,34141.396,4.349,4.349,4.324,0.915,1.0,BUKIT TIMAH ROAD,0.0
bukit_timah_road,Bukit Timah Road,3638.0,25284.974,34140.269,4.324,4.324,4.339,,,BUKIT TIMAH ROAD,0.0
bukit_timah_road,Bukit Timah Road,3640.0,25286.626,34139.141,4.111,4.111,4.345,,,BUKIT TIMAH ROAD,0.0
bukit_timah_road,Bukit Timah Road,3642.0,25288.278,34138.013,4.099,4.345,4.345,,,BUKIT TIMAH ROAD,0.0
bukit_timah_road,Bukit Timah Road,3644.0,25289.93,34136.886,4.347,4.704,4.704,,,BUKIT TIMAH ROAD,0.0
bukit_timah_road,Bukit Timah Road,3646.0,25291.581,34135.758,4.172,5.063,5.063,,,BUKIT TIMAH ROAD,0.0
bukit_timah_road,Bukit Timah Road,3648.0,25293.233,34134.63,4.264,5.491,5.491,,,BUKIT TIMAH ROAD,0.0
bukit_timah_road,Bukit Timah Road,3650.0,25294.885,34133.502,7.164,5.918,5.918,,,BUKIT TIMAH ROAD,0.0
bukit_timah_road,Bukit Timah Road,3652.0,25296.536,34132.375,7.197,6.345,6.345,,,BUKIT TIMAH ROAD,0.0
bukit_timah_road,Bukit Timah Road,3654.0,25298.188,34131.247,6.536,6.773,6.773,,,BUKIT TIMAH ROAD,0.0
bukit_timah_road,Bukit Timah Road,3656.0,25299.84,34130.119,7.217,7.2,7.2,,,BUKIT TIMAH ROAD,0.0
bukit_timah_road,Bukit Timah Road,3658.0,25301.492,34128.991,8.298,7.627,7.627,,,BUKIT TIMAH ROAD,0.0
bukit_timah_road,Bukit Timah Road,3660.0,25303.143,34127.864,8.942,7.771,7.771,,,BUKIT TIMAH ROAD,0.0
bukit_timah_road,Bukit Timah Road,3662.0,25304.795,34126.736,6.797,7.914,7.914,,,BUKIT TIMAH ROAD,0.0
bukit_timah_road,Bukit Timah Road,3664.0,25306.458,34125.624,7.922,8.058,7.974,,,BUKIT TIMAH ROAD,0.0
bukit_timah_road,Bukit Timah Road,3666.0,25308.121,34124.514,3.974,8.201,7.974,,,BUKIT TIMAH ROAD,0.0
bukit_timah_road,Bukit Timah Road,3668.0,25309.715,34123.307,8.48,7.974,7.999,,,BUKIT TIMAH ROAD,0.0
bukit_timah_road,Bukit Timah Road,3670.0,25311.283,34122.066,4.197,7.747,7.999,,,BUKIT TIMAH ROAD,0.0
bukit_timah_road,Bukit Timah Road,3672.0,25312.851,34120.825,7.014,7.999,7.999,,,BUKIT TIMAH ROAD,0.0
bukit_timah_road,Bukit Timah Road,3674.0,25314.419,34119.584,7.814,8.25,8.25,,,BUKIT TIMAH ROAD,0.0
bukit_timah_road,Bukit Timah Road,3676.0,25315.987,34118.342,7.847,8.502,8.502,,,BUKIT TIMAH ROAD,0.0
bukit_timah_road,Bukit Timah Road,3678.0,25317.555,34117.101,9.664,8.754,8.754,,,BUKIT TIMAH ROAD,0.0
bukit_timah_road,Bukit Timah Road,3680.0,25319.124,34115.86,9.005,9.005,8.754,,,BUKIT TIMAH ROAD,0.0
bukit_timah_road,Bukit Timah Road,3682.0,25320.692,34114.618,8.93,8.79,8.754,,,BUKIT TIMAH ROAD,0.0
bukit_timah_road,Bukit Timah Road,3684.0,25322.26,34113.377,9.13,8.574,8.574,,,BUKIT TIMAH ROAD,0.0
bukit_timah_road,Bukit Timah Road,3686.0,25323.828,34112.136,8.198,7.981,7.981,,,BUKIT TIMAH ROAD,0.0
bukit_timah_road,Bukit Timah Road,3688.0,25325.396,34110.894,8.436,7.388,7.388,,,BUKIT TIMAH ROAD,0.0
bukit_timah_road,Bukit Timah Road,3690.0,25326.964,34109.653,8.654,6.795,6.795,,,BUKIT TIMAH ROAD,0.0
bukit_timah_road,Bukit Timah Road,3692.0,25328.533,34108.412,3.967,6.202,6.202,,,BUKIT TIMAH ROAD,0.0
bukit_timah_road,Bukit Timah Road,3694.0,25330.101,34107.17,3.967,5.609,5.609,,,BUKIT TIMAH ROAD,0.0
bukit_timah_road,Bukit Timah Road,3696.0,25331.669,34105.929,3.864,5.016,5.016,,,BUKIT TIMAH ROAD,0.0
bukit_timah_road,Bukit Timah Road,3698.0,25333.237,34104.688,3.864,4.423,4.655,,,BUKIT TIMAH ROAD,0.0
bukit_timah_road,Bukit Timah Road,3700.0,25334.805,34103.446,3.83,4.539,4.655,,,BUKIT TIMAH ROAD,0.0
bukit_timah_road,Bukit Timah Road,3702.0,25336.373,34102.205,3.521,4.655,4.655,,,BUKIT TIMAH ROAD,0.0
bukit_timah_road,Bukit Timah Road,3704.0,25337.942,34100.964,3.89,4.77,4.77,,,BUKIT TIMAH ROAD,0.0
bukit_timah_road,Bukit Timah Road,3706.0,25339.51,34099.722,3.873,4.886,4.886,,,BUKIT TIMAH ROAD,0.0
bukit_timah_road,Bukit Timah Road,3708.0,25341.078,34098.481,3.54,5.001,5.001,,,BUKIT TIMAH ROAD,0.0
bukit_timah_road,Bukit Timah Road,3710.0,25342.646,34097.24,5.833,5.289,5.289,,,BUKIT TIMAH ROAD,0.0
bukit_timah_road,Bukit Timah Road,3712.0,25344.214,34095.998,7.466,5.577,5.577,,,BUKIT TIMAH ROAD,0.0
bukit_timah_road,Bukit Timah Road,3714.0,25345.782,34094.757,7.466,5.864,5.864,,,BUKIT TIMAH ROAD,0.0
bukit_timah_road,Bukit Timah Road,3716.0,25347.35,34093.516,7.556,6.152,6.152,,,BUKIT TIMAH ROAD,0.0
bukit_timah_road,Bukit Timah Road,3718.0,25348.919,34092.274,8.151,6.439,6.439,,,BUKIT TIMAH ROAD,0.0
bukit_timah_road,Bukit Timah Road,3720.0,25350.487,34091.033,6.455,6.727,6.48,,,BUKIT TIMAH ROAD,0.0
bukit_timah_road,Bukit Timah Road,3722.0,25352.055,34089.792,6.48,6.48,6.526,,,BUKIT TIMAH ROAD,0.0
bukit_timah_road,Bukit Timah Road,3724.0,25353.623,34088.551,6.526,6.526,6.526,,,BUKIT TIMAH ROAD,0.0
bukit_timah_road,Bukit Timah Road,3726.0,25355.191,34087.309,6.526,6.526,6.48,,,BUKIT TIMAH ROAD,0.0
bukit_timah_road,Bukit Timah Road,3728.0,25356.759,34086.068,6.891,6.405,6.405,,,BUKIT TIMAH ROAD,0.0
bukit_timah_road,Bukit Timah Road,3730.0,25358.328,34084.826,5.476,6.284,6.284,,,BUKIT TIMAH ROAD,0.0
bukit_timah_road,Bukit Timah Road,3732.0,25359.896,34083.585,6.721,6.163,6.163,,,BUKIT TIMAH ROAD,0.0
bukit_timah_road,Bukit Timah Road,3734.0,25361.464,34082.344,4.165,6.041,6.041,,,BUKIT TIMAH ROAD,0.0
bukit_timah_road,Bukit Timah Road,3736.0,25363.032,34081.102,3.656,5.92,5.92,,,BUKIT TIMAH ROAD,0.0
bukit_timah_road,Bukit Timah Road,3738.0,25364.6,34079.861,4.205,5.799,5.799,,,BUKIT TIMAH ROAD,0.0
bukit_timah_road,Bukit Timah Road,3740.0,25366.168,34078.62,3.748,5.678,5.678,,,BUKIT TIMAH ROAD,0.0
bukit_timah_road,Bukit Timah Road,3742.0,25367.736,34077.378,3.64,5.556,5.67,,,BUKIT TIMAH ROAD,0.0
bukit_timah_road,Bukit Timah Road,3744.0,25369.305,34076.137,5.435,5.435,5.67,,,BUKIT TIMAH ROAD,0.0
bukit_timah_road,Bukit Timah Road,3746.0,25370.873,34074.896,4.82,5.67,5.67,,,BUKIT TIMAH ROAD,0.0
bukit_timah_road,Bukit Timah Road,3748.0,25372.441,34073.655,6.04,5.905,5.89,3.055,1.0,BUKIT TIMAH ROAD,0.0
bukit_timah_road,Bukit Timah Road,3750.0,25374.009,34072.413,6.14,6.14,5.905,,,BUKIT TIMAH ROAD,0.0
bukit_timah_road,Bukit Timah Road,3752.0,25375.577,34071.172,5.89,5.89,5.915,,,BUKIT TIMAH ROAD,0.0
bukit_timah_road,Bukit Timah Road,3754.0,25377.145,34069.931,5.915,5.915,5.915,,,BUKIT TIMAH ROAD,0.0
bukit_timah_road,Bukit Timah Road,3756.0,25378.714,34068.689,5.923,5.923,5.89,,,BUKIT TIMAH ROAD,0.0
bukit_timah_road,Bukit Timah Road,3758.0,25380.282,34067.448,6.94,5.74,5.74,,,BUKIT TIMAH ROAD,0.0
bukit_timah_road,Bukit Timah Road,3760.0,25381.85,34066.207,6.287,5.558,5.558,-6.433,1.0,BUKIT TIMAH ROAD,0.0
bukit_timah_road,Bukit Timah Road,3762.0,25383.418,34064.965,5.104,5.375,5.418,,,BUKIT TIMAH ROAD,0.0
bukit_timah_road,Bukit Timah Road,3764.0,25385.016,34063.764,5.192,5.192,5.375,,,BUKIT TIMAH ROAD,0.0
bukit_timah_road,Bukit Timah Road,3766.0,25386.632,34062.585,5.418,5.418,5.192,,,BUKIT TIMAH ROAD,0.0
bukit_timah_road,Bukit Timah Road,3768.0,25388.248,34061.406,5.45,5.119,5.119,-10.666,2.0,BUKIT TIMAH ROAD,0.0
bukit_timah_road,Bukit Timah Road,3770.0,25389.863,34060.227,5.382,4.821,4.821,,,BUKIT TIMAH ROAD,0.0
bukit_timah_road,Bukit Timah Road,3772.0,25391.479,34059.049,4.522,4.522,4.522,,,BUKIT TIMAH ROAD,0.0
bukit_timah_road,Bukit Timah Road,3774.0,25393.095,34057.87,4.092,4.353,4.471,,,BUKIT TIMAH ROAD,0.0
bukit_timah_road,Bukit Timah Road,3776.0,25394.711,34056.691,4.184,4.184,4.471,2.962,1.0,BUKIT TIMAH ROAD,0.0
bukit_timah_road,Bukit Timah Road,3778.0,25396.326,34055.512,4.067,4.471,4.471,,,BUKIT TIMAH ROAD,0.0
bukit_timah_road,Bukit Timah Road,3780.0,25397.942,34054.333,4.759,4.759,4.759,,,BUKIT TIMAH ROAD,0.0
bukit_timah_road,Bukit Timah Road,3782.0,25399.558,34053.155,4.381,4.76,4.76,,,BUKIT TIMAH ROAD,0.0
bukit_timah_road,Bukit Timah Road,3784.0,25401.173,34051.976,7.843,4.762,4.762,,,BUKIT TIMAH ROAD,0.0
bukit_timah_road,Bukit Timah Road,3786.0,25402.789,34050.797,8.931,4.764,4.764,,,BUKIT TIMAH ROAD,0.0
bukit_timah_road,Bukit Timah Road,3788.0,25404.405,34049.618,10.706,4.766,4.766,,,BUKIT TIMAH ROAD,0.0
bukit_timah_road,Bukit Timah Road,3790.0,25406.021,34048.44,11.506,4.767,4.767,,,BUKIT TIMAH ROAD,0.0
bukit_timah_road,Bukit Timah Road,3792.0,25407.636,34047.261,12.621,4.769,4.769,,,BUKIT TIMAH ROAD,0.0
bukit_timah_road,Bukit Timah Road,3794.0,25409.252,34046.082,9.612,4.771,4.771,,,BUKIT TIMAH ROAD,0.0
bukit_timah_road,Bukit Timah Road,3796.0,25410.868,34044.903,7.799,4.773,4.773,,,BUKIT TIMAH ROAD,0.0
bukit_timah_road,Bukit Timah Road,3798.0,25412.483,34043.725,7.196,4.774,4.774,,,BUKIT TIMAH ROAD,0.0
bukit_timah_road,Bukit Timah Road,3800.0,25414.099,34042.546,7.327,4.776,4.776,,,BUKIT TIMAH ROAD,0.0
bukit_timah_road,Bukit Timah Road,3802.0,25415.715,34041.367,6.765,4.778,4.776,,,BUKIT TIMAH ROAD,0.0
bukit_timah_road,Bukit Timah Road,3804.0,25417.331,34040.188,4.78,4.78,4.776,,,BUKIT TIMAH ROAD,0.0
bukit_timah_road,Bukit Timah Road,3806.0,25418.946,34039.01,4.534,4.534,4.534,,,BUKIT TIMAH ROAD,0.0
bukit_timah_road,Bukit Timah Road,3808.0,25420.562,34037.831,4.45,4.45,4.45,,,BUKIT TIMAH ROAD,0.0
bukit_timah_road,Bukit Timah Road,3810.0,25422.178,34036.652,4.8,4.333,4.333,-3.987,1.0,BUKIT TIMAH ROAD,0.0
bukit_timah_road,Bukit Timah Road,3812.0,25423.793,34035.473,4.235,4.215,4.333,-3.689,1.0,BUKIT TIMAH ROAD,0.0
bukit_timah_road,Bukit Timah Road,3814.0,25425.409,34034.295,4.097,4.097,4.215,,,BUKIT TIMAH ROAD,0.0
bukit_timah_road,Bukit Timah Road,3816.0,25427.025,34033.116,4.385,4.385,4.155,,,BUKIT TIMAH ROAD,0.0
bukit_timah_road,Bukit Timah Road,3818.0,25428.641,34031.937,4.155,4.155,4.097,-2.494,1.0,BUKIT TIMAH ROAD,0.0
bukit_timah_road,Bukit Timah Road,3820.0,25430.256,34030.758,3.995,3.995,4.015,-1.75,1.0,BUKIT TIMAH ROAD,0.0
bukit_timah_road,Bukit Timah Road,3822.0,25431.872,34029.58,4.015,4.015,4.015,,,BUKIT TIMAH ROAD,0.0
bukit_timah_road,Bukit Timah Road,3824.0,25433.488,34028.401,4.015,4.015,4.015,,,BUKIT TIMAH ROAD,0.0
bukit_timah_road,Bukit Timah Road,3826.0,25435.103,34027.222,4.14,4.378,4.378,,,BUKIT TIMAH ROAD,0.0
bukit_timah_road,Bukit Timah Road,3828.0,25436.719,34026.043,4.12,4.741,4.741,,,BUKIT TIMAH ROAD,0.0
bukit_timah_road,Bukit Timah Road,3830.0,25438.335,34024.865,4.28,5.104,5.104,,,BUKIT TIMAH ROAD,0.0
bukit_timah_road,Bukit Timah Road,3832.0,25439.951,34023.686,6.72,5.387,5.387,,,BUKIT TIMAH ROAD,0.0
bukit_timah_road,Bukit Timah Road,3834.0,25441.566,34022.507,6.455,5.67,5.67,,,BUKIT TIMAH ROAD,0.0
bukit_timah_road,Bukit Timah Road,3836.0,25443.182,34021.328,7.039,5.952,5.952,,,BUKIT TIMAH ROAD,0.0
bukit_timah_road,Bukit Timah Road,3838.0,25444.798,34020.15,9.289,6.235,6.235,,,BUKIT TIMAH ROAD,0.0
bukit_timah_road,Bukit Timah Road,3840.0,25446.413,34018.971,3.865,6.518,6.518,,,BUKIT TIMAH ROAD,0.0
bukit_timah_road,Bukit Timah Road,3842.0,25448.029,34017.792,3.755,6.739,6.739,,,BUKIT TIMAH ROAD,0.0
bukit_timah_road,Bukit Timah Road,3844.0,25449.645,34016.613,3.765,6.96,6.96,,,BUKIT TIMAH ROAD,0.0
bukit_timah_road,Bukit Timah Road,3846.0,25451.261,34015.435,5.735,7.181,6.96,,,BUKIT TIMAH ROAD,0.0
bukit_timah_road,Bukit Timah Road,3848.0,25452.876,34014.256,7.935,6.982,6.96,,,BUKIT TIMAH ROAD,0.0
bukit_timah_road,Bukit Timah Road,3850.0,25454.492,34013.077,10.555,6.782,6.782,,,BUKIT TIMAH ROAD,0.0
bukit_timah_road,Bukit Timah Road,3852.0,25456.108,34011.898,9.0,6.527,6.527,,,BUKIT TIMAH ROAD,0.0
bukit_timah_road,Bukit Timah Road,3854.0,25457.724,34010.72,8.375,6.273,6.273,,,BUKIT TIMAH ROAD,0.0
bukit_timah_road,Bukit Timah Road,3856.0,25459.339,34009.541,9.335,5.979,5.979,,,BUKIT TIMAH ROAD,0.0
bukit_timah_road,Bukit Timah Road,3858.0,25460.955,34008.362,7.839,5.684,5.684,,,BUKIT TIMAH ROAD,0.0
bukit_timah_road,Bukit Timah Road,3860.0,25462.571,34007.183,6.833,5.39,5.39,,,BUKIT TIMAH ROAD,0.0
bukit_timah_road,Bukit Timah Road,3862.0,25464.186,34006.005,7.686,5.096,5.096,,,BUKIT TIMAH ROAD,0.0
bukit_timah_road,Bukit Timah Road,3864.0,25465.802,34004.826,3.828,4.802,4.802,,,BUKIT TIMAH ROAD,0.0
bukit_timah_road,Bukit Timah Road,3866.0,25467.418,34003.647,3.861,4.508,4.508,,,BUKIT TIMAH ROAD,0.0
bukit_timah_road,Bukit Timah Road,3868.0,25469.034,34002.468,3.87,4.214,4.214,,,BUKIT TIMAH ROAD,0.0
bukit_timah_road,Bukit Timah Road,3870.0,25470.649,34001.29,3.92,3.92,3.92,,,BUKIT TIMAH ROAD,0.0
bukit_timah_road,Bukit Timah Road,3872.0,25472.288,34000.145,3.92,3.92,3.92,,,BUKIT TIMAH ROAD,0.0
bukit_timah_road,Bukit Timah Road,3874.0,25473.973,33999.067,3.92,3.92,3.92,0.156,1.0,BUKIT TIMAH ROAD,0.0
bukit_timah_road,Bukit Timah Road,3876.0,25475.658,33997.989,3.92,3.92,3.92,1.479,1.0,BUKIT TIMAH ROAD,0.0
bukit_timah_road,Bukit Timah Road,3878.0,25477.343,33996.912,3.933,3.933,3.933,2.801,1.0,BUKIT TIMAH ROAD,0.0
bukit_timah_road,Bukit Timah Road,3880.0,25479.027,33995.834,5.569,4.039,4.039,,,BUKIT TIMAH ROAD,0.0
bukit_timah_road,Bukit Timah Road,3882.0,25480.712,33994.756,4.144,4.144,4.144,,,BUKIT TIMAH ROAD,0.0
bukit_timah_road,Bukit Timah Road,3884.0,25482.397,33993.679,4.011,4.36,4.36,,,BUKIT TIMAH ROAD,0.0
bukit_timah_road,Bukit Timah Road,3886.0,25484.082,33992.601,4.028,4.575,4.575,,,BUKIT TIMAH ROAD,0.0
bukit_timah_road,Bukit Timah Road,3888.0,25485.767,33991.523,4.078,4.791,4.791,,,BUKIT TIMAH ROAD,0.0
bukit_timah_road,Bukit Timah Road,3890.0,25487.452,33990.446,4.078,4.936,4.936,,,BUKIT TIMAH ROAD,0.0
bukit_timah_road,Bukit Timah Road,3892.0,25489.136,33989.368,4.128,5.081,4.936,,,BUKIT TIMAH ROAD,0.0
bukit_timah_road,Bukit Timah Road,3894.0,25490.821,33988.29,8.39,4.98,4.936,,,BUKIT TIMAH ROAD,0.0
bukit_timah_road,Bukit Timah Road,3896.0,25492.506,33987.213,10.698,4.88,4.88,,,BUKIT TIMAH ROAD,0.0
bukit_timah_road,Bukit Timah Road,3898.0,25494.191,33986.135,10.706,4.78,4.78,,,BUKIT TIMAH ROAD,0.0
bukit_timah_road,Bukit Timah Road,3900.0,25495.876,33985.057,10.719,4.679,4.679,,,BUKIT TIMAH ROAD,0.0
bukit_timah_road,Bukit Timah Road,3902.0,25497.56,33983.98,10.731,4.579,4.579,,,BUKIT TIMAH ROAD,0.0
bukit_timah_road,Bukit Timah Road,3904.0,25499.245,33982.902,6.821,4.478,4.478,,,BUKIT TIMAH ROAD,0.0
bukit_timah_road,Bukit Timah Road,3906.0,25500.93,33981.824,4.269,4.378,4.378,,,BUKIT TIMAH ROAD,0.0
bukit_timah_road,Bukit Timah Road,3908.0,25502.615,33980.747,4.278,4.278,4.328,,,BUKIT TIMAH ROAD,0.0
bukit_timah_road,Bukit Timah Road,3910.0,25504.3,33979.669,4.311,4.311,4.328,,,BUKIT TIMAH ROAD,0.0
bukit_timah_road,Bukit Timah Road,3912.0,25505.985,33978.591,4.328,4.328,4.328,2.5,1.0,BUKIT TIMAH ROAD,0.0
bukit_timah_road,Bukit Timah Road,3914.0,25507.669,33977.514,4.361,4.361,4.361,,,BUKIT TIMAH ROAD,0.0
bukit_timah_road,Bukit Timah Road,3916.0,25509.354,33976.436,4.528,4.528,4.528,,,BUKIT TIMAH ROAD,0.0
bukit_timah_road,Bukit Timah Road,3918.0,25511.039,33975.358,4.544,4.798,4.798,,,BUKIT TIMAH ROAD,0.0
bukit_timah_road,Bukit Timah Road,3920.0,25512.724,33974.28,4.428,5.069,5.069,,,BUKIT TIMAH ROAD,0.0
bukit_timah_road,Bukit Timah Road,3922.0,25514.409,33973.203,4.453,5.339,5.339,,,BUKIT TIMAH ROAD,0.0
bukit_timah_road,Bukit Timah Road,3924.0,25516.093,33972.125,7.769,5.453,5.395,,,BUKIT TIMAH ROAD,0.0
bukit_timah_road,Bukit Timah Road,3926.0,25517.778,33971.047,7.278,5.566,5.395,,,BUKIT TIMAH ROAD,0.0
bukit_timah_road,Bukit Timah Road,3928.0,25519.463,33969.97,7.361,5.395,5.395,,,BUKIT TIMAH ROAD,0.0
bukit_timah_road,Bukit Timah Road,3930.0,25521.148,33968.892,7.078,5.224,5.224,,,BUKIT TIMAH ROAD,0.0
bukit_timah_road,Bukit Timah Road,3932.0,25522.833,33967.814,6.994,5.053,5.053,,,BUKIT TIMAH ROAD,0.0
bukit_timah_road,Bukit Timah Road,3934.0,25524.517,33966.737,4.678,4.882,4.882,,,BUKIT TIMAH ROAD,0.0
bukit_timah_road,Bukit Timah Road,3936.0,25526.202,33965.659,4.711,4.711,4.779,,,BUKIT TIMAH ROAD,0.0
bukit_timah_road,Bukit Timah Road,3938.0,25527.887,33964.581,4.744,4.744,4.779,,,BUKIT TIMAH ROAD,0.0
bukit_timah_road,Bukit Timah Road,3940.0,25529.572,33963.504,4.779,4.779,4.779,,,BUKIT TIMAH ROAD,0.0
bukit_timah_road,Bukit Timah Road,3942.0,25531.257,33962.426,4.804,4.804,4.804,4.78,1.0,BUKIT TIMAH ROAD,0.0
bukit_timah_road,Bukit Timah Road,3944.0,25532.942,33961.348,5.244,4.982,4.982,6.319,1.0,BUKIT TIMAH ROAD,0.0
bukit_timah_road,Bukit Timah Road,3946.0,25534.804,33960.621,5.161,5.161,5.161,6.006,1.0,BUKIT TIMAH ROAD,0.0
bukit_timah_road,Bukit Timah Road,3948.0,25536.669,33959.898,5.284,5.284,5.284,2.958,1.0,BUKIT TIMAH ROAD,0.0
bukit_timah_road,Bukit Timah Road,3950.0,25538.534,33959.175,5.284,5.284,5.284,-0.091,1.0,BUKIT TIMAH ROAD,0.0
bukit_timah_road,Bukit Timah Road,3952.0,25540.398,33958.452,5.284,5.284,5.284,-1.63,1.0,BUKIT TIMAH ROAD,0.0
bukit_timah_road,Bukit Timah Road,3954.0,25542.263,33957.729,4.992,4.992,5.154,,,BUKIT TIMAH ROAD,0.0
bukit_timah_road,Bukit Timah Road,3956.0,25544.128,33957.006,4.942,4.942,5.154,,,BUKIT TIMAH ROAD,0.0
bukit_timah_road,Bukit Timah Road,3958.0,25545.993,33956.283,4.942,5.154,5.154,5.281,1.0,BUKIT TIMAH ROAD,0.0
bukit_timah_road,Bukit Timah Road,3960.0,25547.857,33955.56,4.932,5.365,5.365,5.281,1.0,BUKIT TIMAH ROAD,0.0
bukit_timah_road,Bukit Timah Road,3962.0,25549.722,33954.837,5.576,5.576,5.576,,,BUKIT TIMAH ROAD,0.0
bukit_timah_road,Bukit Timah Road,3964.0,25551.587,33954.114,5.82,5.82,5.576,,,BUKIT TIMAH ROAD,0.0
bukit_timah_road,Bukit Timah Road,3966.0,25553.452,33953.391,5.8,5.8,5.576,,,BUKIT TIMAH ROAD,0.0
bukit_timah_road,Bukit Timah Road,3968.0,25555.316,33952.668,5.539,5.539,5.539,,,BUKIT TIMAH ROAD,0.0
bukit_timah_road,Bukit Timah Road,3970.0,25557.181,33951.945,5.539,5.296,5.296,-9.032,2.0,BUKIT TIMAH ROAD,0.0
bukit_timah_road,Bukit Timah Road,3972.0,25559.046,33951.222,4.843,5.053,5.053,-8.562,1.0,BUKIT TIMAH ROAD,0.0
bukit_timah_road,Bukit Timah Road,3974.0,25560.91,33950.499,4.809,4.809,4.854,,,BUKIT TIMAH ROAD,0.0
bukit_timah_road,Bukit Timah Road,3976.0,25562.775,33949.776,4.854,4.854,4.854,,,BUKIT TIMAH ROAD,0.0
bukit_timah_road,Bukit Timah Road,3978.0,25564.64,33949.053,4.854,4.854,4.829,-2.639,1.0,BUKIT TIMAH ROAD,0.0
bukit_timah_road,Bukit Timah Road,3980.0,25566.505,33948.33,4.829,4.829,4.829,-2.639,1.0,BUKIT TIMAH ROAD,0.0
bukit_timah_road,Bukit Timah Road,3982.0,25568.369,33947.606,4.642,4.642,4.642,-2.327,1.0,BUKIT TIMAH ROAD,0.0
bukit_timah_road,Bukit Timah Road,3984.0,25570.234,33946.883,4.642,4.642,4.642,-2.327,1.0,BUKIT TIMAH ROAD,0.0
bukit_timah_road,Bukit Timah Road,3986.0,25572.099,33946.16,4.642,4.642,4.642,-0.625,1.0,BUKIT TIMAH ROAD,0.0
bukit_timah_road,Bukit Timah Road,3988.0,25573.964,33945.437,4.642,4.642,4.642,-0.625,1.0,BUKIT TIMAH ROAD,0.0
bukit_timah_road,Bukit Timah Road,3990.0,25575.828,33944.714,4.592,4.592,4.592,-0.625,1.0,BUKIT TIMAH ROAD,0.0
bukit_timah_road,Bukit Timah Road,3992.0,25577.693,33943.991,4.592,4.592,4.592,1.305,1.0,BUKIT TIMAH ROAD,0.0
bukit_timah_road,Bukit Timah Road,3994.0,25579.558,33943.268,4.542,4.542,4.592,3.236,1.0,BUKIT TIMAH ROAD,0.0
bukit_timah_road,Bukit Timah Road,3996.0,25581.422,33942.545,4.542,4.697,4.697,,,BUKIT TIMAH ROAD,0.0
bukit_timah_road,Bukit Timah Road,3998.0,25583.287,33941.822,4.851,4.851,4.851,,,BUKIT TIMAH ROAD,0.0
bukit_timah_road,Bukit Timah Road,4000.0,25585.152,33941.099,4.826,5.048,5.048,,,BUKIT TIMAH ROAD,0.0
bukit_timah_road,Bukit Timah Road,4002.0,25587.017,33940.376,4.826,5.244,5.244,,,BUKIT TIMAH ROAD,0.0
bukit_timah_road,Bukit Timah Road,4004.0,25588.956,33939.889,4.826,5.44,5.44,,,BUKIT TIMAH ROAD,0.0
bukit_timah_road,Bukit Timah Road,4006.0,25590.897,33939.404,12.623,5.668,5.668,,,BUKIT TIMAH ROAD,0.0
bukit_timah_road,Bukit Timah Road,4008.0,25592.837,33938.919,12.373,5.895,5.668,,,BUKIT TIMAH ROAD,0.0
bukit_timah_road,Bukit Timah Road,4010.0,25594.777,33938.434,12.405,5.737,5.668,,,BUKIT TIMAH ROAD,0.0
bukit_timah_road,Bukit Timah Road,4012.0,25596.717,33937.949,9.736,5.578,5.578,,,BUKIT TIMAH ROAD,0.0
bukit_timah_road,Bukit Timah Road,4014.0,25598.658,33937.463,9.236,5.42,5.42,,,BUKIT TIMAH ROAD,0.0
bukit_timah_road,Bukit Timah Road,4016.0,25600.598,33936.978,7.673,5.261,5.261,,,BUKIT TIMAH ROAD,0.0
bukit_timah_road,Bukit Timah Road,4018.0,25602.538,33936.493,8.142,5.103,5.103,,,BUKIT TIMAH ROAD,0.0
bukit_timah_road,Bukit Timah Road,4020.0,25604.478,33936.008,8.73,4.944,4.944,,,BUKIT TIMAH ROAD,0.0
bukit_timah_road,Bukit Timah Road,4022.0,25606.419,33935.523,9.386,4.785,4.785,,,BUKIT TIMAH ROAD,0.0
bukit_timah_road,Bukit Timah Road,4024.0,25608.359,33935.038,7.822,4.627,4.627,,,BUKIT TIMAH ROAD,0.0
bukit_timah_road,Bukit Timah Road,4026.0,25610.299,33934.553,7.214,4.468,4.468,,,BUKIT TIMAH ROAD,0.0
bukit_timah_road,Bukit Timah Road,4028.0,25612.24,33934.067,4.176,4.31,4.31,,,BUKIT TIMAH ROAD,0.0
bukit_timah_road,Bukit Timah Road,4030.0,25614.18,33933.582,4.151,4.151,4.151,,,BUKIT TIMAH ROAD,0.0
bukit_timah_road,Bukit Timah Road,4032.0,25616.12,33933.097,4.101,4.101,4.151,,,BUKIT TIMAH ROAD,0.0
bukit_timah_road,Bukit Timah Road,4034.0,25618.06,33932.612,4.076,4.076,4.151,4.154,1.0,BUKIT TIMAH ROAD,0.0
bukit_timah_road,Bukit Timah Road,4036.0,25620.001,33932.127,4.026,4.288,4.288,4.362,1.0,BUKIT TIMAH ROAD,0.0
bukit_timah_road,Bukit Timah Road,4038.0,25621.992,33931.963,4.5,4.5,4.484,,,BUKIT TIMAH ROAD,0.0
bukit_timah_road,Bukit Timah Road,4040.0,25623.987,33931.822,4.484,4.484,4.5,,,BUKIT TIMAH ROAD,0.0
bukit_timah_road,Bukit Timah Road,4042.0,25625.982,33931.682,4.45,4.641,4.641,,,BUKIT TIMAH ROAD,0.0
bukit_timah_road,Bukit Timah Road,4044.0,25627.977,33931.541,4.45,4.798,4.798,,,BUKIT TIMAH ROAD,0.0
bukit_timah_road,Bukit Timah Road,4046.0,25629.972,33931.401,4.417,5.573,5.573,,,BUKIT TIMAH ROAD,0.0
bukit_timah_road,Bukit Timah Road,4048.0,25631.967,33931.261,4.862,6.348,6.348,,,BUKIT TIMAH ROAD,0.0
bukit_timah_road,Bukit Timah Road,4050.0,25633.962,33931.12,4.862,7.123,7.123,,,BUKIT TIMAH ROAD,0.0
bukit_timah_road,Bukit Timah Road,4052.0,25635.957,33930.98,4.829,,7.51,,,BUKIT TIMAH ROAD,0.0
bukit_timah_road,Bukit Timah Road,4054.0,25637.952,33930.839,11.354,,8.285,,,BUKIT TIMAH ROAD,0.0
bukit_timah_road,Bukit Timah Road,4056.0,25639.947,33930.699,11.843,,9.447,,,BUKIT TIMAH ROAD,0.0
bukit_timah_road,Bukit Timah Road,4058.0,25641.943,33930.558,11.516,,10.61,,,BUKIT TIMAH ROAD,0.0
bukit_timah_road,Bukit Timah Road,4060.0,25643.938,33930.418,11.464,,11.385,,,BUKIT TIMAH ROAD,0.0
bukit_timah_road,Bukit Timah Road,4062.0,25645.933,33930.277,12.633,11.772,11.772,,,BUKIT TIMAH ROAD,0.0
bukit_timah_road,Bukit Timah Road,4064.0,25647.928,33930.137,15.153,12.547,12.547,,,BUKIT TIMAH ROAD,0.0
bukit_timah_road,Bukit Timah Road,4066.0,25649.923,33929.996,15.337,13.322,13.322,,,BUKIT TIMAH ROAD,0.0
bukit_timah_road,Bukit Timah Road,4068.0,25651.918,33929.856,15.629,14.097,13.954,,,BUKIT TIMAH ROAD,0.0
bukit_timah_road,Bukit Timah Road,4070.0,25653.913,33929.715,15.598,14.025,13.954,,,BUKIT TIMAH ROAD,0.0
bukit_timah_road,Bukit Timah Road,4072.0,25655.908,33929.575,14.768,13.954,13.954,,,BUKIT TIMAH ROAD,0.0
bukit_timah_road,Bukit Timah Road,4074.0,25657.903,33929.435,14.094,13.883,13.883,,,BUKIT TIMAH ROAD,0.0
bukit_timah_road,Bukit Timah Road,4076.0,25659.898,33929.297,14.381,13.812,13.812,,,BUKIT TIMAH ROAD,0.0
bukit_timah_road,Bukit Timah Road,4078.0,25661.894,33929.164,15.762,13.749,13.749,,,BUKIT TIMAH ROAD,0.0
bukit_timah_road,Bukit Timah Road,4080.0,25663.889,33929.032,11.168,13.687,13.687,,,BUKIT TIMAH ROAD,0.0
bukit_timah_road,Bukit Timah Road,4082.0,25665.885,33928.899,4.543,13.625,13.625,,,BUKIT TIMAH ROAD,0.0
bukit_timah_road,Bukit Timah Road,4084.0,25667.881,33928.767,9.243,13.562,13.562,,,BUKIT TIMAH ROAD,0.0
bukit_timah_road,Bukit Timah Road,4086.0,25669.876,33928.635,10.512,13.5,13.5,,,BUKIT TIMAH ROAD,0.0
bukit_timah_road,Bukit Timah Road,4088.0,25671.872,33928.502,12.029,13.438,13.438,,,BUKIT TIMAH ROAD,0.0
bukit_timah_road,Bukit Timah Road,4090.0,25673.868,33928.37,12.386,13.375,13.375,,,BUKIT TIMAH ROAD,0.0
bukit_timah_road,Bukit Timah Road,4092.0,25675.863,33928.236,12.595,13.313,13.313,,,BUKIT TIMAH ROAD,0.0
bukit_timah_road,Bukit Timah Road,4094.0,25677.845,33927.969,13.33,13.25,13.25,,,BUKIT TIMAH ROAD,0.0
bukit_timah_road,Bukit Timah Road,4096.0,25679.827,33927.702,13.188,13.188,13.225,,,BUKIT TIMAH ROAD,0.0
bukit_timah_road,Bukit Timah Road,4098.0,25681.809,33927.435,13.218,13.218,13.218,,,BUKIT TIMAH ROAD,0.0
bukit_timah_road,Bukit Timah Road,4100.0,25683.791,33927.168,13.225,13.225,13.188,,,BUKIT TIMAH ROAD,0.0
bukit_timah_road,Bukit Timah Road,4102.0,25685.774,33926.901,13.007,13.007,13.218,,,BUKIT TIMAH ROAD,0.0
bukit_timah_road,Bukit Timah Road,4104.0,25687.756,33926.634,12.285,13.179,13.225,,,BUKIT TIMAH ROAD,0.0
bukit_timah_road,Bukit Timah Road,4106.0,25689.738,33926.367,13.717,13.352,13.352,,,BUKIT TIMAH ROAD,0.0
bukit_timah_road,Bukit Timah Road,4108.0,25691.72,33926.1,14.103,13.524,13.524,,,BUKIT TIMAH ROAD,0.0
bukit_timah_road,Bukit Timah Road,4110.0,25693.702,33925.833,14.232,13.696,13.696,,,BUKIT TIMAH ROAD,0.0
bukit_timah_road,Bukit Timah Road,4112.0,25695.684,33925.566,13.868,13.868,13.868,,,BUKIT TIMAH ROAD,0.0
bukit_timah_road,Bukit Timah Road,4114.0,25697.666,33925.299,12.966,13.902,13.868,,,BUKIT TIMAH ROAD,0.0
bukit_timah_road,Bukit Timah Road,4116.0,25699.648,33925.032,13.75,13.936,13.868,,,BUKIT TIMAH ROAD,0.0
bukit_timah_road,Bukit Timah Road,4118.0,25701.63,33924.765,13.97,13.713,13.713,,,BUKIT TIMAH ROAD,0.0
bukit_timah_road,Bukit Timah Road,4120.0,25703.612,33924.498,13.67,13.436,13.436,,,BUKIT TIMAH ROAD,0.0
bukit_timah_road,Bukit Timah Road,4122.0,25705.595,33924.231,13.572,13.158,13.158,,,BUKIT TIMAH ROAD,0.0
bukit_timah_road,Bukit Timah Road,4124.0,25707.577,33923.964,12.528,12.911,12.911,,,BUKIT TIMAH ROAD,0.0
bukit_timah_road,Bukit Timah Road,4126.0,25709.559,33923.697,12.496,12.664,12.664,,,BUKIT TIMAH ROAD,0.0
bukit_timah_road,Bukit Timah Road,4128.0,25711.541,33923.43,13.089,12.416,12.416,,,BUKIT TIMAH ROAD,0.0
bukit_timah_road,Bukit Timah Road,4130.0,25713.523,33923.163,13.07,12.337,12.337,,,BUKIT TIMAH ROAD,0.0
bukit_timah_road,Bukit Timah Road,4132.0,25715.505,33922.896,12.258,12.1,12.1,,,BUKIT TIMAH ROAD,0.0
bukit_timah_road,Bukit Timah Road,4134.0,25717.487,33922.629,11.992,11.863,11.863,,,BUKIT TIMAH ROAD,0.0
bukit_timah_road,Bukit Timah Road,4136.0,25719.469,33922.362,11.4,11.594,11.594,,,BUKIT TIMAH ROAD,0.0
bukit_timah_road,Bukit Timah Road,4138.0,25721.451,33922.095,11.074,11.325,11.325,,,BUKIT TIMAH ROAD,0.0
bukit_timah_road,Bukit Timah Road,4140.0,25723.433,33921.828,10.284,11.057,11.057,,,BUKIT TIMAH ROAD,0.0
bukit_timah_road,Bukit Timah Road,4142.0,25725.415,33921.561,10.48,11.04,11.057,,,BUKIT TIMAH ROAD,0.0
bukit_timah_road,Bukit Timah Road,4144.0,25727.398,33921.294,11.023,11.023,11.04,,,BUKIT TIMAH ROAD,0.0
bukit_timah_road,Bukit Timah Road,4146.0,25729.38,33921.027,11.218,11.218,11.023,,,BUKIT TIMAH ROAD,0.0
bukit_timah_road,Bukit Timah Road,4148.0,25731.362,33920.76,11.311,10.935,10.935,,,BUKIT TIMAH ROAD,0.0
bukit_timah_road,Bukit Timah Road,4150.0,25733.345,33920.508,11.603,10.653,10.653,,,BUKIT TIMAH ROAD,0.0
bukit_timah_road,Bukit Timah Road,4152.0,25735.345,33920.508,10.508,10.37,10.37,,,BUKIT TIMAH ROAD,0.0
bukit_timah_road,Bukit Timah Road,4154.0,25737.345,33920.508,10.21,10.092,10.092,,,BUKIT TIMAH ROAD,0.0
bukit_timah_road,Bukit Timah Road,4156.0,25739.345,33920.504,9.483,9.814,9.814,,,BUKIT TIMAH ROAD,0.0
bukit_timah_road,Bukit Timah Road,4158.0,25741.334,33920.294,9.329,9.536,9.536,,,BUKIT TIMAH ROAD,0.0
bukit_timah_road,Bukit Timah Road,4160.0,25743.323,33920.085,9.258,9.258,9.258,,,BUKIT TIMAH ROAD,0.0
bukit_timah_road,Bukit Timah Road,4162.0,25745.312,33919.875,10.063,9.016,9.016,,,BUKIT TIMAH ROAD,0.0
bukit_timah_road,Bukit Timah Road,4164.0,25747.301,33919.666,8.896,8.774,8.774,,,BUKIT TIMAH ROAD,0.0
bukit_timah_road,Bukit Timah Road,4166.0,25749.29,33919.457,9.213,8.532,8.532,,,BUKIT TIMAH ROAD,0.0
bukit_timah_road,Bukit Timah Road,4168.0,25751.279,33919.247,7.757,8.291,8.291,,,BUKIT TIMAH ROAD,0.0
bukit_timah_road,Bukit Timah Road,4170.0,25753.268,33919.038,8.049,8.049,8.049,,,BUKIT TIMAH ROAD,0.0
bukit_timah_road,Bukit Timah Road,4172.0,25755.257,33918.828,7.853,7.853,8.049,,,BUKIT TIMAH ROAD,0.0
bukit_timah_road,Bukit Timah Road,4174.0,25757.246,33918.619,7.705,7.971,8.049,,,BUKIT TIMAH ROAD,0.0
bukit_timah_road,Bukit Timah Road,4176.0,25759.235,33918.41,7.943,8.252,8.252,,,BUKIT TIMAH ROAD,0.0
bukit_timah_road,Bukit Timah Road,4178.0,25761.229,33918.28,8.228,8.533,8.533,,,BUKIT TIMAH ROAD,0.0
bukit_timah_road,Bukit Timah Road,4180.0,25763.228,33918.237,8.121,8.814,8.814,,,BUKIT TIMAH ROAD,0.0
bukit_timah_road,Bukit Timah Road,4182.0,25765.228,33918.193,8.933,9.055,9.055,,,BUKIT TIMAH ROAD,0.0
bukit_timah_road,Bukit Timah Road,4184.0,25767.227,33918.15,10.072,9.296,9.296,,,BUKIT TIMAH ROAD,0.0
bukit_timah_road,Bukit Timah Road,4186.0,25769.227,33918.107,10.055,9.537,9.537,,,BUKIT TIMAH ROAD,0.0
bukit_timah_road,Bukit Timah Road,4188.0,25771.226,33918.064,10.263,9.778,9.778,,,BUKIT TIMAH ROAD,0.0
bukit_timah_road,Bukit Timah Road,4190.0,25773.226,33918.02,10.019,10.019,9.778,,,BUKIT TIMAH ROAD,0.0
bukit_timah_road,Bukit Timah Road,4192.0,25775.225,33917.977,10.038,10.038,9.972,,,BUKIT TIMAH ROAD,0.0
bukit_timah_road,Bukit Timah Road,4194.0,25777.222,33917.908,9.752,9.752,9.972,,,BUKIT TIMAH ROAD,0.0
bukit_timah_road,Bukit Timah Road,4196.0,25779.191,33917.556,9.636,9.972,9.752,,,BUKIT TIMAH ROAD,0.0
bukit_timah_road,Bukit Timah Road,4198.0,25781.16,33917.204,10.708,9.676,9.676,,,BUKIT TIMAH ROAD,0.0
bukit_timah_road,Bukit Timah Road,4200.0,25783.129,33916.852,10.748,9.279,9.279,,,BUKIT TIMAH ROAD,0.0
bukit_timah_road,Bukit Timah Road,4202.0,25785.097,33916.5,10.675,8.883,8.883,,,BUKIT TIMAH ROAD,0.0
bukit_timah_road,Bukit Timah Road,4204.0,25787.066,33916.148,9.924,8.409,8.409,,,BUKIT TIMAH ROAD,0.0
bukit_timah_road,Bukit Timah Road,4206.0,25789.035,33915.796,8.643,7.935,7.935,,,BUKIT TIMAH ROAD,0.0
bukit_timah_road,Bukit Timah Road,4208.0,25791.004,33915.444,6.035,7.462,7.462,,,BUKIT TIMAH ROAD,0.0
bukit_timah_road,Bukit Timah Road,4210.0,25792.973,33915.092,7.891,,6.988,,,BUKIT TIMAH ROAD,0.0
bukit_timah_road,Bukit Timah Road,4212.0,25794.949,33914.791,6.527,,6.514,,,BUKIT TIMAH ROAD,0.0
bukit_timah_road,Bukit Timah Road,4214.0,25796.933,33914.541,6.435,,6.041,,,BUKIT TIMAH ROAD,0.0
bukit_timah_road,Bukit Timah Road,4216.0,25798.918,33914.29,6.361,5.567,5.567,,,BUKIT TIMAH ROAD,0.0
bukit_timah_road,Bukit Timah Road,4218.0,25800.902,33914.04,4.13,5.093,5.093,,,BUKIT TIMAH ROAD,0.0
bukit_timah_road,Bukit Timah Road,4220.0,25802.886,33913.789,4.223,4.619,4.619,,,BUKIT TIMAH ROAD,0.0
bukit_timah_road,Bukit Timah Road,4222.0,25804.87,33913.539,4.146,4.146,4.268,,,BUKIT TIMAH ROAD,0.0
bukit_timah_road,Bukit Timah Road,4224.0,25806.855,33913.288,4.095,4.095,4.176,,,BUKIT TIMAH ROAD,0.0
bukit_timah_road,Bukit Timah Road,4226.0,25808.839,33913.037,4.268,4.268,4.146,-1.147,1.0,BUKIT TIMAH ROAD,0.0
bukit_timah_road,Bukit Timah Road,4228.0,25810.823,33912.787,4.176,4.176,4.116,-0.76,1.0,BUKIT TIMAH ROAD,0.0
bukit_timah_road,Bukit Timah Road,4230.0,25812.807,33912.536,4.057,4.057,4.176,-0.424,1.0,BUKIT TIMAH ROAD,0.0
bukit_timah_road,Bukit Timah Road,4232.0,25814.792,33912.286,4.116,4.116,4.116,0.0,1.0,BUKIT TIMAH ROAD,0.0
bukit_timah_road,Bukit Timah Road,4234.0,25816.776,33912.035,4.339,4.339,4.112,-0.493,1.0,BUKIT TIMAH ROAD,0.0
bukit_timah_road,Bukit Timah Road,4236.0,25818.76,33911.785,4.112,4.112,4.116,-0.049,1.0,BUKIT TIMAH ROAD,0.0
bukit_timah_road,Bukit Timah Road,4238.0,25820.744,33911.534,4.089,4.089,4.137,0.317,1.0,BUKIT TIMAH ROAD,0.0
bukit_timah_road,Bukit Timah Road,4240.0,25822.729,33911.284,4.137,4.137,4.112,0.315,1.0,BUKIT TIMAH ROAD,0.0
bukit_timah_road,Bukit Timah Road,4242.0,25824.713,33911.033,4.141,4.141,4.137,1.025,1.0,BUKIT TIMAH ROAD,0.0
bukit_timah_road,Bukit Timah Road,4244.0,25826.697,33910.783,3.926,3.926,4.141,1.341,1.0,BUKIT TIMAH ROAD,0.0
bukit_timah_road,Bukit Timah Road,4246.0,25828.681,33910.532,5.653,4.221,4.219,-0.704,1.0,BUKIT TIMAH ROAD,0.0
bukit_timah_road,Bukit Timah Road,4248.0,25830.666,33910.282,7.377,4.517,4.219,-2.749,1.0,BUKIT TIMAH ROAD,0.0
bukit_timah_road,Bukit Timah Road,4250.0,25832.65,33910.031,4.813,4.219,4.219,-5.468,1.0,BUKIT TIMAH ROAD,0.0
bukit_timah_road,Bukit Timah Road,4252.0,25834.634,33909.781,3.921,3.921,3.921,-6.247,1.0,BUKIT TIMAH ROAD,0.0
bukit_timah_road,Bukit Timah Road,4254.0,25836.618,33909.53,3.654,3.654,3.782,-4.563,1.0,BUKIT TIMAH ROAD,0.0
bukit_timah_road,Bukit Timah Road,4256.0,25838.603,33909.279,3.719,3.719,3.719,-2.879,1.0,BUKIT TIMAH ROAD,0.0
bukit_timah_road,Bukit Timah Road,4258.0,25840.587,33909.029,3.782,3.782,3.654,-1.136,1.0,BUKIT TIMAH ROAD,0.0
bukit_timah_road,Bukit Timah Road,4260.0,25842.571,33908.778,3.51,3.51,3.691,0.868,1.0,BUKIT TIMAH ROAD,0.0
bukit_timah_road,Bukit Timah Road,4262.0,25844.555,33908.528,3.497,3.497,3.691,2.872,1.0,BUKIT TIMAH ROAD,0.0
bukit_timah_road,Bukit Timah Road,4264.0,25846.54,33908.277,3.577,3.691,3.691,3.271,1.0,BUKIT TIMAH ROAD,0.0
bukit_timah_road,Bukit Timah Road,4266.0,25848.524,33908.027,3.884,3.884,3.884,3.271,1.0,BUKIT TIMAH ROAD,0.0
bukit_timah_road,Bukit Timah Road,4268.0,25850.509,33907.784,4.073,4.073,3.952,1.946,1.0,BUKIT TIMAH ROAD,0.0
bukit_timah_road,Bukit Timah Road,4270.0,25852.494,33907.543,4.1,4.1,3.952,0.62,1.0,BUKIT TIMAH ROAD,0.0
bukit_timah_road,Bukit Timah Road,4272.0,25854.48,33907.303,3.952,3.952,3.952,-0.369,1.0,BUKIT TIMAH ROAD,0.0
bukit_timah_road,Bukit Timah Road,4274.0,25856.466,33907.063,3.934,3.934,3.934,-0.502,1.0,BUKIT TIMAH ROAD,0.0
bukit_timah_road,Bukit Timah Road,4276.0,25858.451,33906.823,3.923,3.923,3.923,-0.564,1.0,BUKIT TIMAH ROAD,0.0
bukit_timah_road,Bukit Timah Road,4278.0,25860.437,33906.582,5.681,3.899,3.912,-0.33,1.0,BUKIT TIMAH ROAD,0.0
bukit_timah_road,Bukit Timah Road,4280.0,25862.422,33906.342,3.875,3.875,3.907,-0.154,1.0,BUKIT TIMAH ROAD,0.0
bukit_timah_road,Bukit Timah Road,4282.0,25864.408,33906.102,3.912,3.912,3.907,0.0,1.0,BUKIT TIMAH ROAD,0.0
bukit_timah_road,Bukit Timah Road,4284.0,25866.393,33905.862,3.907,3.907,3.911,0.156,1.0,BUKIT TIMAH ROAD,0.0
bukit_timah_road,Bukit Timah Road,4286.0,25868.379,33905.621,3.92,3.92,3.912,0.156,1.0,BUKIT TIMAH ROAD,0.0
bukit_timah_road,Bukit Timah Road,4288.0,25870.364,33905.381,3.911,3.911,3.92,0.163,1.0,BUKIT TIMAH ROAD,0.0
bukit_timah_road,Bukit Timah Road,4290.0,25872.35,33905.141,3.967,3.967,3.92,0.142,1.0,BUKIT TIMAH ROAD,0.0
bukit_timah_road,Bukit Timah Road,4292.0,25874.335,33904.901,3.931,3.931,3.924,-0.041,1.0,BUKIT TIMAH ROAD,0.0
bukit_timah_road,Bukit Timah Road,4294.0,25876.321,33904.66,3.916,3.916,3.924,-1.246,1.0,BUKIT TIMAH ROAD,0.0
bukit_timah_road,Bukit Timah Road,4296.0,25878.306,33904.42,3.924,3.924,3.916,-1.294,1.0,BUKIT TIMAH ROAD,0.0
bukit_timah_road,Bukit Timah Road,4298.0,25880.292,33904.18,3.82,3.82,3.82,-1.294,1.0,BUKIT TIMAH ROAD,0.0
bukit_timah_road,Bukit Timah Road,4300.0,25882.277,33903.94,3.82,3.82,3.82,-1.204,1.0,BUKIT TIMAH ROAD,0.0
bukit_timah_road,Bukit Timah Road,4302.0,25884.263,33903.699,3.82,3.82,3.82,0.0,1.0,BUKIT TIMAH ROAD,0.0
bukit_timah_road,Bukit Timah Road,4304.0,25886.248,33903.459,3.82,3.82,3.82,0.0,1.0,BUKIT TIMAH ROAD,0.0
bukit_timah_road,Bukit Timah Road,4306.0,25888.234,33903.219,3.82,3.82,3.82,-0.104,1.0,BUKIT TIMAH ROAD,0.0
bukit_timah_road,Bukit Timah Road,4308.0,25890.219,33902.979,3.82,3.82,3.82,-0.104,1.0,BUKIT TIMAH ROAD,0.0
bukit_timah_road,Bukit Timah Road,4310.0,25892.205,33902.739,3.812,3.812,3.812,-0.104,1.0,BUKIT TIMAH ROAD,0.0
bukit_timah_road,Bukit Timah Road,4312.0,25894.19,33902.498,3.812,3.812,3.812,,,BUKIT TIMAH ROAD,0.0
bukit_timah_road,Bukit Timah Road,4314.0,25896.176,33902.258,3.812,3.812,3.812,,,BUKIT TIMAH ROAD,0.0
bukit_timah_road,Bukit Timah Road,4316.0,25898.161,33902.018,5.259,3.856,3.856,,,BUKIT TIMAH ROAD,0.0
bukit_timah_road,Bukit Timah Road,4318.0,25900.147,33901.778,5.245,3.9,3.9,,,BUKIT TIMAH ROAD,0.0
bukit_timah_road,Bukit Timah Road,4320.0,25902.132,33901.537,5.245,3.944,3.944,,,BUKIT TIMAH ROAD,0.0
bukit_timah_road,Bukit Timah Road,4322.0,25904.118,33901.297,3.812,3.988,3.988,,,BUKIT TIMAH ROAD,0.0
bukit_timah_road,Bukit Timah Road,4324.0,25906.103,33901.057,4.032,4.032,4.032,,,BUKIT TIMAH ROAD,0.0
bukit_timah_road,Bukit Timah Road,4326.0,25908.089,33900.817,4.098,4.098,4.098,,,BUKIT TIMAH ROAD,0.0
bukit_timah_road,Bukit Timah Road,4328.0,25910.075,33900.576,4.151,4.151,4.098,,,BUKIT TIMAH ROAD,0.0
bukit_timah_road,Bukit Timah Road,4330.0,25912.06,33900.336,4.098,4.098,4.098,,,BUKIT TIMAH ROAD,0.0
bukit_timah_road,Bukit Timah Road,4332.0,25914.046,33900.096,4.425,4.003,4.003,-2.385,1.0,BUKIT TIMAH ROAD,0.0
bukit_timah_road,Bukit Timah Road,4334.0,25916.031,33899.856,3.812,3.907,3.907,-2.385,1.0,BUKIT TIMAH ROAD,0.0
bukit_timah_road,Bukit Timah Road,4336.0,25918.017,33899.615,3.812,3.812,3.907,,,BUKIT TIMAH ROAD,0.0
bukit_timah_road,Bukit Timah Road,4338.0,25920.002,33899.375,3.837,3.837,3.907,,,BUKIT TIMAH ROAD,0.0
bukit_timah_road,Bukit Timah Road,4340.0,25921.415,33898.636,4.002,4.002,3.837,-1.402,1.0,BUKIT TIMAH ROAD,0.0
bukit_timah_road,Bukit Timah Road,4342.0,25923.405,33898.444,3.988,3.988,3.837,,,BUKIT TIMAH ROAD,0.0
bukit_timah_road,Bukit Timah Road,4344.0,25925.396,33898.253,3.795,3.795,3.795,,,BUKIT TIMAH ROAD,0.0
bukit_timah_road,Bukit Timah Road,4346.0,25927.387,33898.061,3.195,3.788,3.795,,,BUKIT TIMAH ROAD,0.0
bukit_timah_road,Bukit Timah Road,4348.0,25929.378,33897.87,3.774,3.781,3.795,,,BUKIT TIMAH ROAD,0.0
bukit_timah_road,Bukit Timah Road,4350.0,25931.369,33897.679,3.774,4.054,4.054,,,BUKIT TIMAH ROAD,0.0
bukit_timah_road,Bukit Timah Road,4352.0,25933.36,33897.487,3.774,4.327,4.327,,,BUKIT TIMAH ROAD,0.0
bukit_timah_road,Bukit Timah Road,4354.0,25935.35,33897.296,3.781,4.844,4.844,,,BUKIT TIMAH ROAD,0.0
bukit_timah_road,Bukit Timah Road,4356.0,25937.341,33897.105,3.807,5.36,5.36,,,BUKIT TIMAH ROAD,0.0
bukit_timah_road,Bukit Timah Road,4358.0,25939.332,33896.913,8.513,5.877,5.877,,,BUKIT TIMAH ROAD,0.0
bukit_timah_road,Bukit Timah Road,4360.0,25941.323,33896.722,8.476,6.393,6.393,,,BUKIT TIMAH ROAD,0.0
bukit_timah_road,Bukit Timah Road,4362.0,25943.314,33896.53,8.553,6.91,6.91,,,BUKIT TIMAH ROAD,0.0
bukit_timah_road,Bukit Timah Road,4364.0,25945.305,33896.339,9.142,7.427,7.427,,,BUKIT TIMAH ROAD,0.0
bukit_timah_road,Bukit Timah Road,4366.0,25947.295,33896.148,9.349,,7.943,,,BUKIT TIMAH ROAD,0.0
bukit_timah_road,Bukit Timah Road,4368.0,25949.286,33895.956,9.952,8.46,8.46,,,BUKIT TIMAH ROAD,0.0
bukit_timah_road,Bukit Timah Road,4370.0,25951.277,33895.765,10.008,8.976,8.976,,,BUKIT TIMAH ROAD,0.0
bukit_timah_road,Bukit Timah Road,4372.0,25953.268,33895.574,10.584,9.493,9.493,,,BUKIT TIMAH ROAD,0.0
bukit_timah_road,Bukit Timah Road,4374.0,25955.259,33895.382,9.644,10.009,10.009,,,BUKIT TIMAH ROAD,0.0
bukit_timah_road,Bukit Timah Road,4376.0,25957.249,33895.191,8.89,10.01,10.01,,,BUKIT TIMAH ROAD,0.0
bukit_timah_road,Bukit Timah Road,4378.0,25959.24,33895.0,11.215,10.011,10.011,,,BUKIT TIMAH ROAD,0.0
bukit_timah_road,Bukit Timah Road,4380.0,25961.231,33894.808,10.011,10.011,10.011,,,BUKIT TIMAH ROAD,0.0
bukit_timah_road,Bukit Timah Road,4382.0,25963.222,33894.617,11.217,10.012,10.012,,,BUKIT TIMAH ROAD,0.0
bukit_timah_road,Bukit Timah Road,4384.0,25965.213,33894.425,9.901,10.012,10.012,,,BUKIT TIMAH ROAD,0.0
bukit_timah_road,Bukit Timah Road,4386.0,25967.204,33894.234,10.013,10.013,10.012,,,BUKIT TIMAH ROAD,0.0
bukit_timah_road,Bukit Timah Road,4388.0,25969.194,33894.043,10.25,9.974,9.974,,,BUKIT TIMAH ROAD,0.0
bukit_timah_road,Bukit Timah Road,4390.0,25971.185,33893.851,10.24,9.936,9.936,,,BUKIT TIMAH ROAD,0.0
bukit_timah_road,Bukit Timah Road,4392.0,25973.176,33893.66,9.622,9.474,9.474,,,BUKIT TIMAH ROAD,0.0
bukit_timah_road,Bukit Timah Road,4394.0,25975.167,33893.469,8.939,9.013,9.013,,,BUKIT TIMAH ROAD,0.0
bukit_timah_road,Bukit Timah Road,4396.0,25977.158,33893.277,8.012,8.551,8.551,,,BUKIT TIMAH ROAD,0.0
bukit_timah_road,Bukit Timah Road,4398.0,25979.149,33893.086,7.749,,8.09,,,BUKIT TIMAH ROAD,0.0
bukit_timah_road,Bukit Timah Road,4400.0,25981.139,33892.895,6.912,,7.629,,,BUKIT TIMAH ROAD,0.0
bukit_timah_road,Bukit Timah Road,4402.0,25983.13,33892.703,6.902,7.167,7.167,,,BUKIT TIMAH ROAD,0.0
bukit_timah_road,Bukit Timah Road,4404.0,25985.121,33892.512,6.558,6.706,6.706,,,BUKIT TIMAH ROAD,0.0
bukit_timah_road,Bukit Timah Road,4406.0,25987.112,33892.32,5.744,6.244,6.244,,,BUKIT TIMAH ROAD,0.0
bukit_timah_road,Bukit Timah Road,4408.0,25989.103,33892.129,5.783,5.783,5.783,,,BUKIT TIMAH ROAD,0.0
bukit_timah_road,Bukit Timah Road,4410.0,25991.093,33891.938,5.769,5.513,5.513,,,BUKIT TIMAH ROAD,0.0
bukit_timah_road,Bukit Timah Road,4412.0,25993.084,33891.746,5.921,5.244,5.244,-9.46,2.0,BUKIT TIMAH ROAD,0.0
bukit_timah_road,Bukit Timah Road,4414.0,25995.075,33891.555,4.72,5.114,5.114,,,BUKIT TIMAH ROAD,0.0
bukit_timah_road,Bukit Timah Road,4416.0,25997.066,33891.364,4.984,4.984,5.026,,,BUKIT TIMAH ROAD,0.0
bukit_timah_road,Bukit Timah Road,4418.0,25999.057,33891.172,4.962,4.962,5.026,,,BUKIT TIMAH ROAD,0.0
bukit_timah_road,Bukit Timah Road,4420.0,26001.048,33890.981,5.026,5.026,5.026,4.448,1.0,BUKIT TIMAH ROAD,0.0
bukit_timah_road,Bukit Timah Road,4422.0,26003.038,33890.79,5.346,5.204,5.204,5.003,1.0,BUKIT TIMAH ROAD,0.0
bukit_timah_road,Bukit Timah Road,4424.0,26005.029,33890.598,5.382,5.382,5.382,,,BUKIT TIMAH ROAD,0.0
bukit_timah_road,Bukit Timah Road,4426.0,26007.02,33890.407,5.426,5.426,5.426,,,BUKIT TIMAH ROAD,0.0
bukit_timah_road,Bukit Timah Road,4428.0,26009.011,33890.215,5.436,5.674,5.674,,,BUKIT TIMAH ROAD,0.0
bukit_timah_road,Bukit Timah Road,4430.0,26011.002,33890.024,5.207,5.922,5.922,,,BUKIT TIMAH ROAD,0.0
bukit_timah_road,Bukit Timah Road,4432.0,26012.993,33889.833,6.356,6.381,6.381,,,BUKIT TIMAH ROAD,0.0
bukit_timah_road,Bukit Timah Road,4434.0,26014.983,33889.641,6.893,6.841,6.841,,,BUKIT TIMAH ROAD,0.0
bukit_timah_road,Bukit Timah Road,4436.0,26016.974,33889.45,6.832,7.301,7.301,,,BUKIT TIMAH ROAD,0.0
bukit_timah_road,Bukit Timah Road,4438.0,26018.965,33889.259,7.92,,7.76,,,BUKIT TIMAH ROAD,0.0
bukit_timah_road,Bukit Timah Road,4440.0,26020.956,33889.067,8.713,,8.22,,,BUKIT TIMAH ROAD,0.0
bukit_timah_road,Bukit Timah Road,4442.0,26022.947,33888.876,9.129,8.68,8.68,,,BUKIT TIMAH ROAD,0.0
bukit_timah_road,Bukit Timah Road,4444.0,26024.937,33888.685,10.039,9.14,9.14,,,BUKIT TIMAH ROAD,0.0
bukit_timah_road,Bukit Timah Road,4446.0,26026.928,33888.493,10.076,9.599,9.599,,,BUKIT TIMAH ROAD,0.0
bukit_timah_road,Bukit Timah Road,4448.0,26028.919,33888.302,10.059,10.059,9.939,,,BUKIT TIMAH ROAD,0.0
bukit_timah_road,Bukit Timah Road,4450.0,26030.91,33888.11,10.106,10.106,10.059,,,BUKIT TIMAH ROAD,0.0
bukit_timah_road,Bukit Timah Road,4452.0,26032.901,33887.919,9.939,9.939,10.059,0.0,1.0,BUKIT TIMAH ROAD,0.0
bukit_timah_road,Bukit Timah Road,4454.0,26034.892,33887.728,10.089,10.089,9.956,,,BUKIT TIMAH ROAD,0.0
bukit_timah_road,Bukit Timah Road,4456.0,26036.882,33887.536,9.956,9.956,9.939,,,BUKIT TIMAH ROAD,0.0
bukit_timah_road,Bukit Timah Road,4458.0,26038.873,33887.345,10.009,9.628,9.628,,,BUKIT TIMAH ROAD,0.0
bukit_timah_road,Bukit Timah Road,4460.0,26040.864,33887.154,9.426,9.3,9.3,,,BUKIT TIMAH ROAD,0.0
bukit_timah_road,Bukit Timah Road,4462.0,26042.855,33886.962,8.789,8.834,8.834,,,BUKIT TIMAH ROAD,0.0
bukit_timah_road,Bukit Timah Road,4464.0,26044.846,33886.771,8.839,8.369,8.369,,,BUKIT TIMAH ROAD,0.0
bukit_timah_road,Bukit Timah Road,4466.0,26046.837,33886.58,9.169,7.904,7.904,,,BUKIT TIMAH ROAD,0.0
bukit_timah_road,Bukit Timah Road,4468.0,26048.827,33886.388,9.226,,7.439,,,BUKIT TIMAH ROAD,0.0
bukit_timah_road,Bukit Timah Road,4470.0,26050.818,33886.197,5.533,6.974,6.974,,,BUKIT TIMAH ROAD,0.0
bukit_timah_road,Bukit Timah Road,4472.0,26052.809,33886.005,5.558,6.509,6.509,,,BUKIT TIMAH ROAD,0.0
bukit_timah_road,Bukit Timah Road,4474.0,26054.8,33885.814,5.558,6.044,6.044,,,BUKIT TIMAH ROAD,0.0
bukit_timah_road,Bukit Timah Road,4476.0,26056.791,33885.623,5.578,5.578,5.826,,,BUKIT TIMAH ROAD,0.0
bukit_timah_road,Bukit Timah Road,4478.0,26058.781,33885.431,5.826,5.826,5.647,,,BUKIT TIMAH ROAD,0.0
bukit_timah_road,Bukit Timah Road,4480.0,26060.772,33885.24,5.826,5.647,5.578,-2.953,1.0,BUKIT TIMAH ROAD,0.0
bukit_timah_road,Bukit Timah Road,4482.0,26062.763,33885.049,5.469,5.469,5.589,-1.893,1.0,BUKIT TIMAH ROAD,0.0
bukit_timah_road,Bukit Timah Road,4484.0,26064.754,33884.857,5.496,5.496,5.589,-1.861,1.0,BUKIT TIMAH ROAD,0.0
bukit_timah_road,Bukit Timah Road,4486.0,26066.745,33884.666,5.589,5.589,5.496,-1.83,1.0,BUKIT TIMAH ROAD,0.0
bukit_timah_road,Bukit Timah Road,4488.0,26068.736,33884.474,5.599,5.599,5.496,-1.83,1.0,BUKIT TIMAH ROAD,0.0
bukit_timah_road,Bukit Timah Road,4490.0,26070.726,33884.283,5.443,5.443,5.443,-0.658,1.0,BUKIT TIMAH ROAD,0.0
bukit_timah_road,Bukit Timah Road,4492.0,26072.717,33884.092,5.436,5.436,5.443,1.553,1.0,BUKIT TIMAH ROAD,0.0
bukit_timah_road,Bukit Timah Road,4494.0,26074.708,33883.9,5.409,5.409,5.443,2.211,1.0,BUKIT TIMAH ROAD,0.0
bukit_timah_road,Bukit Timah Road,4496.0,26076.699,33883.709,5.7,5.7,5.62,2.211,1.0,BUKIT TIMAH ROAD,0.0
bukit_timah_road,Bukit Timah Road,4498.0,26078.698,33883.722,5.689,5.689,5.62,,,BUKIT TIMAH ROAD,0.0
bukit_timah_road,Bukit Timah Road,4500.0,26080.698,33883.747,5.62,5.62,5.62,,,BUKIT TIMAH ROAD,0.0
bukit_timah_road,Bukit Timah Road,4502.0,26082.698,33883.771,8.183,5.504,5.504,,,BUKIT TIMAH ROAD,0.0
bukit_timah_road,Bukit Timah Road,4504.0,26084.698,33883.795,8.098,5.389,5.389,,,BUKIT TIMAH ROAD,0.0
bukit_timah_road,Bukit Timah Road,4506.0,26086.698,33883.82,8.853,5.273,5.273,,,BUKIT TIMAH ROAD,0.0
bukit_timah_road,Bukit Timah Road,4508.0,26088.698,33883.844,9.389,5.158,5.22,,,BUKIT TIMAH ROAD,0.0
bukit_timah_road,Bukit Timah Road,4510.0,26090.697,33883.868,4.998,5.042,5.22,,,BUKIT TIMAH ROAD,0.0
bukit_timah_road,Bukit Timah Road,4512.0,26092.697,33883.893,4.861,5.22,5.22,,,BUKIT TIMAH ROAD,0.0
bukit_timah_road,Bukit Timah Road,4514.0,26094.697,33883.917,4.811,5.478,5.478,,,BUKIT TIMAH ROAD,0.0
bukit_timah_road,Bukit Timah Road,4516.0,26096.697,33883.941,4.751,5.736,5.736,,,BUKIT TIMAH ROAD,0.0
bukit_timah_road,Bukit Timah Road,4518.0,26098.697,33883.966,4.701,5.975,5.975,,,BUKIT TIMAH ROAD,0.0
bukit_timah_road,Bukit Timah Road,4520.0,26100.697,33883.99,4.8,6.214,6.214,,,BUKIT TIMAH ROAD,0.0
bukit_timah_road,Bukit Timah Road,4522.0,26102.697,33884.014,8.595,6.453,6.453,,,BUKIT TIMAH ROAD,0.0
bukit_timah_road,Bukit Timah Road,4524.0,26104.696,33884.038,8.384,6.692,6.574,,,BUKIT TIMAH ROAD,0.0
bukit_timah_road,Bukit Timah Road,4526.0,26106.696,33884.063,8.353,6.633,6.574,,,BUKIT TIMAH ROAD,0.0
bukit_timah_road,Bukit Timah Road,4528.0,26108.696,33884.087,4.642,6.574,6.574,,,BUKIT TIMAH ROAD,0.0
bukit_timah_road,Bukit Timah Road,4530.0,26110.696,33884.111,7.411,6.274,6.274,,,BUKIT TIMAH ROAD,0.0
bukit_timah_road,Bukit Timah Road,4532.0,26112.696,33884.136,8.989,5.974,5.974,,,BUKIT TIMAH ROAD,0.0
bukit_timah_road,Bukit Timah Road,4534.0,26114.696,33884.16,8.123,5.673,5.673,,,BUKIT TIMAH ROAD,0.0
bukit_timah_road,Bukit Timah Road,4536.0,26116.695,33884.184,8.095,,5.373,,,BUKIT TIMAH ROAD,0.0
bukit_timah_road,Bukit Timah Road,4538.0,26118.695,33884.209,6.189,5.072,5.072,,,BUKIT TIMAH ROAD,0.0
bukit_timah_road,Bukit Timah Road,4540.0,26120.695,33884.233,4.706,4.772,4.772,,,BUKIT TIMAH ROAD,0.0
bukit_timah_road,Bukit Timah Road,4542.0,26122.695,33884.257,4.664,4.472,4.472,,,BUKIT TIMAH ROAD,0.0
bukit_timah_road,Bukit Timah Road,4544.0,26124.695,33884.282,4.171,4.171,4.171,,,BUKIT TIMAH ROAD,0.0
bukit_timah_road,Bukit Timah Road,4546.0,26126.695,33884.306,4.151,4.151,4.171,,,BUKIT TIMAH ROAD,0.0
bukit_timah_road,Bukit Timah Road,4548.0,26128.695,33884.33,4.111,4.111,4.171,1.694,1.0,BUKIT TIMAH ROAD,0.0
bukit_timah_road,Bukit Timah Road,4550.0,26130.694,33884.355,4.34,4.34,4.307,1.694,1.0,BUKIT TIMAH ROAD,0.0
bukit_timah_road,Bukit Timah Road,4552.0,26132.694,33884.379,4.307,4.307,4.307,1.173,1.0,BUKIT TIMAH ROAD,0.0
bukit_timah_road,Bukit Timah Road,4554.0,26134.694,33884.403,4.307,4.307,4.307,-3.819,1.0,BUKIT TIMAH ROAD,0.0
bukit_timah_road,Bukit Timah Road,4556.0,26136.694,33884.428,4.265,4.265,4.265,-3.819,1.0,BUKIT TIMAH ROAD,0.0
bukit_timah_road,Bukit Timah Road,4558.0,26138.694,33884.452,4.001,4.001,4.001,-4.069,1.0,BUKIT TIMAH ROAD,0.0
bukit_timah_road,Bukit Timah Road,4560.0,26140.694,33884.476,6.025,3.981,4.001,-3.759,1.0,BUKIT TIMAH ROAD,0.0
bukit_timah_road,Bukit Timah Road,4562.0,26142.694,33884.501,3.961,3.961,3.981,-0.5,1.0,BUKIT TIMAH ROAD,0.0
bukit_timah_road,Bukit Timah Road,4564.0,26144.693,33884.525,4.006,4.006,3.964,-0.566,1.0,BUKIT TIMAH ROAD,0.0
bukit_timah_road,Bukit Timah Road,4566.0,26146.693,33884.549,3.964,3.964,3.961,-0.316,1.0,BUKIT TIMAH ROAD,0.0
bukit_timah_road,Bukit Timah Road,4568.0,26148.693,33884.574,3.956,3.956,3.956,-0.104,1.0,BUKIT TIMAH ROAD,0.0
bukit_timah_road,Bukit Timah Road,4570.0,26150.693,33884.598,3.923,3.923,3.956,,,BUKIT TIMAH ROAD,0.0
bukit_timah_road,Bukit Timah Road,4572.0,26152.693,33884.622,3.917,3.917,3.956,,,BUKIT TIMAH ROAD,0.0
bukit_timah_road,Bukit Timah Road,4574.0,26154.693,33884.647,3.914,4.114,4.114,,,BUKIT TIMAH ROAD,0.0
bukit_timah_road,Bukit Timah Road,4576.0,26156.693,33884.671,3.923,4.311,4.173,,,BUKIT TIMAH ROAD,0.0
bukit_timah_road,Bukit Timah Road,4578.0,26158.692,33884.695,3.857,4.242,4.173,,,BUKIT TIMAH ROAD,0.0
bukit_timah_road,Bukit Timah Road,4580.0,26160.692,33884.72,3.882,4.173,4.173,,,BUKIT TIMAH ROAD,0.0
bukit_timah_road,Bukit Timah Road,4582.0,26162.692,33884.744,5.271,4.104,4.104,,,BUKIT TIMAH ROAD,0.0
bukit_timah_road,Bukit Timah Road,4584.0,26164.692,33884.768,7.065,4.034,4.034,,,BUKIT TIMAH ROAD,0.0
bukit_timah_road,Bukit Timah Road,4586.0,26166.692,33884.793,6.894,3.965,3.965,,,BUKIT TIMAH ROAD,0.0
bukit_timah_road,Bukit Timah Road,4588.0,26168.692,33884.817,6.851,3.896,3.896,,,BUKIT TIMAH ROAD,0.0
bukit_timah_road,Bukit Timah Road,4590.0,26170.691,33884.841,6.662,3.827,3.827,,,BUKIT TIMAH ROAD,0.0
bukit_timah_road,Bukit Timah Road,4592.0,26172.691,33884.866,6.672,3.757,3.757,,,BUKIT TIMAH ROAD,0.0
bukit_timah_road,Bukit Timah Road,4594.0,26174.69,33884.857,6.244,3.688,3.688,,,BUKIT TIMAH ROAD,0.0
bukit_timah_road,Bukit Timah Road,4596.0,26176.676,33884.627,3.461,3.619,3.619,,,BUKIT TIMAH ROAD,0.0
bukit_timah_road,Bukit Timah Road,4598.0,26178.663,33884.397,3.441,3.55,3.55,,,BUKIT TIMAH ROAD,0.0
bukit_timah_road,Bukit Timah Road,4600.0,26180.65,33884.168,3.411,3.481,3.481,,,BUKIT TIMAH ROAD,0.0
bukit_timah_road,Bukit Timah Road,4602.0,26182.636,33883.938,3.411,3.411,3.411,,,BUKIT TIMAH ROAD,0.0
bukit_timah_road,Bukit Timah Road,4604.0,26184.623,33883.708,3.411,3.411,3.411,,,BUKIT TIMAH ROAD,0.0
bukit_timah_road,Bukit Timah Road,4606.0,26186.61,33883.478,3.411,3.411,3.411,2.548,1.0,BUKIT TIMAH ROAD,0.0
bukit_timah_road,Bukit Timah Road,4608.0,26188.597,33883.248,3.469,3.469,3.469,2.548,1.0,BUKIT TIMAH ROAD,0.0
bukit_timah_road,Bukit Timah Road,4610.0,26190.583,33883.018,3.623,3.623,3.615,2.548,1.0,BUKIT TIMAH ROAD,0.0
bukit_timah_road,Bukit Timah Road,4612.0,26192.57,33882.788,3.628,3.628,3.615,1.823,1.0,BUKIT TIMAH ROAD,0.0
bukit_timah_road,Bukit Timah Road,4614.0,26194.557,33882.558,3.615,3.615,3.615,0.0,1.0,BUKIT TIMAH ROAD,0.0
bukit_timah_road,Bukit Timah Road,4616.0,26196.544,33882.329,3.371,3.371,3.615,,,BUKIT TIMAH ROAD,0.0
bukit_timah_road,Bukit Timah Road,4618.0,26198.53,33882.099,3.51,3.51,3.615,,,BUKIT TIMAH ROAD,0.0
bukit_timah_road,Bukit Timah Road,4620.0,26200.517,33881.869,3.513,3.688,3.688,,,BUKIT TIMAH ROAD,0.0
bukit_timah_road,Bukit Timah Road,4622.0,26202.504,33881.639,4.811,3.952,3.952,,,BUKIT TIMAH ROAD,0.0
bukit_timah_road,Bukit Timah Road,4624.0,26204.491,33881.409,5.918,4.217,4.217,,,BUKIT TIMAH ROAD,0.0
bukit_timah_road,Bukit Timah Road,4626.0,26206.477,33881.179,4.677,4.533,4.533,,,BUKIT TIMAH ROAD,0.0
bukit_timah_road,Bukit Timah Road,4628.0,26208.464,33880.949,3.46,4.849,4.849,,,BUKIT TIMAH ROAD,0.0
bukit_timah_road,Bukit Timah Road,4630.0,26210.451,33880.72,4.033,5.166,5.166,,,BUKIT TIMAH ROAD,0.0
bukit_timah_road,Bukit Timah Road,4632.0,26212.438,33880.49,3.639,,5.482,,,BUKIT TIMAH ROAD,0.0
bukit_timah_road,Bukit Timah Road,4634.0,26214.424,33880.26,3.449,,5.798,,,BUKIT TIMAH ROAD,0.0
bukit_timah_road,Bukit Timah Road,4636.0,26216.411,33880.03,5.461,,6.114,,,BUKIT TIMAH ROAD,0.0
bukit_timah_road,Bukit Timah Road,4638.0,26218.398,33879.8,6.549,6.43,6.43,,,BUKIT TIMAH ROAD,0.0
bukit_timah_road,Bukit Timah Road,4640.0,26220.385,33879.57,7.329,6.746,6.746,,,BUKIT TIMAH ROAD,0.0
bukit_timah_road,Bukit Timah Road,4642.0,26222.371,33879.34,7.384,7.062,7.062,,,BUKIT TIMAH ROAD,0.0
bukit_timah_road,Bukit Timah Road,4644.0,26224.358,33879.111,7.379,7.379,7.379,,,BUKIT TIMAH ROAD,0.0
bukit_timah_road,Bukit Timah Road,4646.0,26226.345,33878.881,5.926,7.513,7.513,,,BUKIT TIMAH ROAD,0.0
bukit_timah_road,Bukit Timah Road,4648.0,26228.332,33878.651,6.481,7.648,7.648,,,BUKIT TIMAH ROAD,0.0
bukit_timah_road,Bukit Timah Road,4650.0,26230.318,33878.421,6.473,7.783,7.648,,,BUKIT TIMAH ROAD,0.0
bukit_timah_road,Bukit Timah Road,4652.0,26232.305,33878.191,6.942,7.918,7.648,,,BUKIT TIMAH ROAD,0.0
bukit_timah_road,Bukit Timah Road,4654.0,26234.292,33877.961,8.053,7.617,7.617,,,BUKIT TIMAH ROAD,0.0
bukit_timah_road,Bukit Timah Road,4656.0,26236.279,33877.731,8.258,7.317,7.317,,,BUKIT TIMAH ROAD,0.0
bukit_timah_road,Bukit Timah Road,4658.0,26238.265,33877.501,7.593,6.846,6.846,,,BUKIT TIMAH ROAD,0.0
bukit_timah_road,Bukit Timah Road,4660.0,26240.252,33877.272,6.55,6.374,6.374,,,BUKIT TIMAH ROAD,0.0
bukit_timah_road,Bukit Timah Road,4662.0,26242.239,33877.042,3.458,5.903,5.903,,,BUKIT TIMAH ROAD,0.0
bukit_timah_road,Bukit Timah Road,4664.0,26244.226,33876.812,3.408,,5.431,,,BUKIT TIMAH ROAD,0.0
bukit_timah_road,Bukit Timah Road,4666.0,26246.212,33876.582,3.364,,4.96,,,BUKIT TIMAH ROAD,0.0
bukit_timah_road,Bukit Timah Road,4668.0,26248.199,33876.352,4.546,4.489,4.489,,,BUKIT TIMAH ROAD,0.0
bukit_timah_road,Bukit Timah Road,4670.0,26250.186,33876.122,3.171,4.017,4.017,,,BUKIT TIMAH ROAD,0.0
bukit_timah_road,Bukit Timah Road,4672.0,26252.173,33875.892,3.081,3.546,3.546,,,BUKIT TIMAH ROAD,0.0
bukit_timah_road,Bukit Timah Road,4674.0,26254.159,33875.663,4.125,3.075,3.075,,,BUKIT TIMAH ROAD,0.0
bukit_timah_road,Bukit Timah Road,4676.0,26256.146,33875.433,3.061,3.068,3.071,,,BUKIT TIMAH ROAD,0.0
bukit_timah_road,Bukit Timah Road,4678.0,26258.133,33875.203,3.061,3.061,3.071,,,BUKIT TIMAH ROAD,0.0
bukit_timah_road,Bukit Timah Road,4680.0,26260.12,33874.973,3.071,3.071,3.071,,,BUKIT TIMAH ROAD,0.0
bukit_timah_road,Bukit Timah Road,4682.0,26262.106,33874.743,3.081,3.081,3.081,,,BUKIT TIMAH ROAD,0.0
bukit_timah_road,Bukit Timah Road,4684.0,26264.093,33874.513,3.101,3.101,3.101,,,BUKIT TIMAH ROAD,0.0
bukit_timah_road,Bukit Timah Road,4686.0,26266.08,33874.283,3.101,3.402,3.402,,,BUKIT TIMAH ROAD,0.0
bukit_timah_road,Bukit Timah Road,4688.0,26268.067,33874.054,3.111,3.702,3.702,,,BUKIT TIMAH ROAD,0.0
bukit_timah_road,Bukit Timah Road,4690.0,26270.053,33873.824,3.392,4.229,4.229,,,BUKIT TIMAH ROAD,0.0
bukit_timah_road,Bukit Timah Road,4692.0,26272.04,33873.594,3.378,4.756,4.756,,,BUKIT TIMAH ROAD,0.0
bukit_timah_road,Bukit Timah Road,4694.0,26274.027,33873.364,5.76,5.283,5.283,,,BUKIT TIMAH ROAD,0.0
bukit_timah_road,Bukit Timah Road,4696.0,26276.014,33873.134,7.063,,5.809,,,BUKIT TIMAH ROAD,0.0
bukit_timah_road,Bukit Timah Road,4698.0,26278.0,33872.904,8.032,,6.336,,,BUKIT TIMAH ROAD,0.0
bukit_timah_road,Bukit Timah Road,4700.0,26279.987,33872.674,7.378,6.863,6.863,,,BUKIT TIMAH ROAD,0.0
bukit_timah_road,Bukit Timah Road,4702.0,26281.974,33872.444,7.48,7.39,7.39,,,BUKIT TIMAH ROAD,0.0
bukit_timah_road,Bukit Timah Road,4704.0,26283.961,33872.215,6.181,7.917,7.917,,,BUKIT TIMAH ROAD,0.0
bukit_timah_road,Bukit Timah Road,4706.0,26285.947,33871.985,8.444,8.444,8.183,,,BUKIT TIMAH ROAD,0.0
bukit_timah_road,Bukit Timah Road,4708.0,26287.934,33871.755,8.853,8.452,8.183,,,BUKIT TIMAH ROAD,0.0
bukit_timah_road,Bukit Timah Road,4710.0,26289.921,33871.525,8.41,8.183,8.183,,,BUKIT TIMAH ROAD,0.0
bukit_timah_road,Bukit Timah Road,4712.0,26291.908,33871.295,8.469,7.914,7.914,,,BUKIT TIMAH ROAD,0.0
bukit_timah_road,Bukit Timah Road,4714.0,26293.894,33871.065,8.63,7.646,7.646,,,BUKIT TIMAH ROAD,0.0
bukit_timah_road,Bukit Timah Road,4716.0,26295.881,33870.835,7.56,7.377,7.377,,,BUKIT TIMAH ROAD,0.0
bukit_timah_road,Bukit Timah Road,4718.0,26297.868,33870.606,6.334,7.095,7.095,,,BUKIT TIMAH ROAD,0.0
bukit_timah_road,Bukit Timah Road,4720.0,26299.855,33870.376,5.159,6.813,6.813,,,BUKIT TIMAH ROAD,0.0
bukit_timah_road,Bukit Timah Road,4722.0,26301.841,33870.146,6.226,6.532,6.532,,,BUKIT TIMAH ROAD,0.0
bukit_timah_road,Bukit Timah Road,4724.0,26303.828,33869.916,6.551,6.25,6.25,,,BUKIT TIMAH ROAD,0.0
bukit_timah_road,Bukit Timah Road,4726.0,26305.815,33869.686,6.589,6.222,6.222,,,BUKIT TIMAH ROAD,0.0
bukit_timah_road,Bukit Timah Road,4728.0,26307.802,33869.456,6.194,6.194,6.194,,,BUKIT TIMAH ROAD,0.0
bukit_timah_road,Bukit Timah Road,4730.0,26309.788,33869.226,5.997,5.997,5.997,,,BUKIT TIMAH ROAD,0.0
bukit_timah_road,Bukit Timah Road,4732.0,26311.775,33868.997,6.553,5.982,5.982,,,BUKIT TIMAH ROAD,0.0
bukit_timah_road,Bukit Timah Road,4734.0,26313.762,33868.767,7.997,5.967,5.967,,,BUKIT TIMAH ROAD,0.0
bukit_timah_road,Bukit Timah Road,4736.0,26315.749,33868.537,10.25,5.952,5.952,,,BUKIT TIMAH ROAD,0.0
bukit_timah_road,Bukit Timah Road,4738.0,26317.735,33868.307,9.346,5.938,5.938,,,BUKIT TIMAH ROAD,0.0
bukit_timah_road,Bukit Timah Road,4740.0,26319.716,33868.035,10.484,5.923,5.923,,,BUKIT TIMAH ROAD,0.0
bukit_timah_road,Bukit Timah Road,4742.0,26321.694,33867.736,11.492,5.908,5.908,,,BUKIT TIMAH ROAD,0.0
bukit_timah_road,Bukit Timah Road,4744.0,26323.672,33867.438,6.93,5.893,5.893,,,BUKIT TIMAH ROAD,0.0
bukit_timah_road,Bukit Timah Road,4746.0,26325.649,33867.139,6.48,5.878,5.878,,,BUKIT TIMAH ROAD,0.0
bukit_timah_road,Bukit Timah Road,4748.0,26327.627,33866.841,5.469,5.863,5.863,,,BUKIT TIMAH ROAD,0.0
bukit_timah_road,Bukit Timah Road,4750.0,26329.604,33866.543,5.425,5.848,5.863,,,BUKIT TIMAH ROAD,0.0
bukit_timah_road,Bukit Timah Road,4752.0,26331.582,33866.244,5.833,5.833,5.863,,,BUKIT TIMAH ROAD,0.0
bukit_timah_road,Bukit Timah Road,4754.0,26333.56,33865.946,4.787,6.087,6.087,,,BUKIT TIMAH ROAD,0.0
bukit_timah_road,Bukit Timah Road,4756.0,26335.537,33865.647,6.403,6.423,6.423,,,BUKIT TIMAH ROAD,0.0
bukit_timah_road,Bukit Timah Road,4758.0,26337.515,33865.349,6.303,6.76,6.76,,,BUKIT TIMAH ROAD,0.0
bukit_timah_road,Bukit Timah Road,4760.0,26339.492,33865.05,6.136,7.087,7.087,,,BUKIT TIMAH ROAD,0.0
bukit_timah_road,Bukit Timah Road,4762.0,26341.47,33864.752,6.947,7.413,7.413,,,BUKIT TIMAH ROAD,0.0
bukit_timah_road,Bukit Timah Road,4764.0,26343.448,33864.453,8.848,7.74,7.74,,,BUKIT TIMAH ROAD,0.0
bukit_timah_road,Bukit Timah Road,4766.0,26345.425,33864.155,9.414,8.067,8.067,,,BUKIT TIMAH ROAD,0.0
bukit_timah_road,Bukit Timah Road,4768.0,26347.403,33863.856,9.509,8.393,8.393,,,BUKIT TIMAH ROAD,0.0
bukit_timah_road,Bukit Timah Road,4770.0,26349.38,33863.558,10.121,8.72,8.72,,,BUKIT TIMAH ROAD,0.0
bukit_timah_road,Bukit Timah Road,4772.0,26351.358,33863.26,9.675,9.047,8.72,,,BUKIT TIMAH ROAD,0.0
bukit_timah_road,Bukit Timah Road,4774.0,26353.336,33862.961,9.354,8.816,8.72,,,BUKIT TIMAH ROAD,0.0
bukit_timah_road,Bukit Timah Road,4776.0,26355.313,33862.663,8.294,8.585,8.585,,,BUKIT TIMAH ROAD,0.0
bukit_timah_road,Bukit Timah Road,4778.0,26357.291,33862.364,8.354,8.354,8.354,,,BUKIT TIMAH ROAD,0.0
bukit_timah_road,Bukit Timah Road,4780.0,26359.269,33862.066,8.161,8.161,8.161,,,BUKIT TIMAH ROAD,0.0
bukit_timah_road,Bukit Timah Road,4782.0,26361.246,33861.767,8.092,7.914,7.914,,,BUKIT TIMAH ROAD,0.0
bukit_timah_road,Bukit Timah Road,4784.0,26363.224,33861.469,8.42,7.668,7.668,-12.333,2.0,BUKIT TIMAH ROAD,0.0
bukit_timah_road,Bukit Timah Road,4786.0,26365.201,33861.17,8.637,7.421,7.421,,,BUKIT TIMAH ROAD,0.0
bukit_timah_road,Bukit Timah Road,4788.0,26367.179,33860.872,7.174,7.174,7.174,,,BUKIT TIMAH ROAD,0.0
bukit_timah_road,Bukit Timah Road,4790.0,26369.157,33860.573,7.422,7.109,7.109,,,BUKIT TIMAH ROAD,0.0
bukit_timah_road,Bukit Timah Road,4792.0,26371.134,33860.275,7.447,7.044,7.044,,,BUKIT TIMAH ROAD,0.0
bukit_timah_road,Bukit Timah Road,4794.0,26373.112,33859.977,6.666,6.961,7.044,,,BUKIT TIMAH ROAD,0.0
bukit_timah_road,Bukit Timah Road,4796.0,26375.089,33859.678,6.098,6.878,6.961,,,BUKIT TIMAH ROAD,0.0
bukit_timah_road,Bukit Timah Road,4798.0,26377.067,33859.38,6.695,7.09,6.878,,,BUKIT TIMAH ROAD,0.0
bukit_timah_road,Bukit Timah Road,4800.0,26379.045,33859.081,7.224,6.79,6.79,,,BUKIT TIMAH ROAD,0.0
bukit_timah_road,Bukit Timah Road,4802.0,26381.022,33858.783,3.31,6.49,6.49,,,BUKIT TIMAH ROAD,0.0
bukit_timah_road,Bukit Timah Road,4804.0,26382.971,33858.344,7.803,6.19,6.19,,,BUKIT TIMAH ROAD,0.0
bukit_timah_road,Bukit Timah Road,4806.0,26384.909,33857.847,7.646,5.89,5.89,,,BUKIT TIMAH ROAD,0.0
bukit_timah_road,Bukit Timah Road,4808.0,26386.846,33857.351,4.971,5.802,5.89,,,BUKIT TIMAH ROAD,0.0
bukit_timah_road,Bukit Timah Road,4810.0,26388.783,33856.854,3.328,5.715,5.89,,,BUKIT TIMAH ROAD,0.0
bukit_timah_road,Bukit Timah Road,4812.0,26390.721,33856.357,3.382,5.983,5.983,,,BUKIT TIMAH ROAD,0.0
bukit_timah_road,Bukit Timah Road,4814.0,26392.658,33855.86,5.823,6.252,6.252,,,BUKIT TIMAH ROAD,0.0
bukit_timah_road,Bukit Timah Road,4816.0,26394.595,33855.364,7.243,6.52,6.52,,,BUKIT TIMAH ROAD,0.0
bukit_timah_road,Bukit Timah Road,4818.0,26396.533,33854.867,7.12,6.808,6.808,,,BUKIT TIMAH ROAD,0.0
bukit_timah_road,Bukit Timah Road,4820.0,26398.47,33854.37,8.158,7.097,7.097,,,BUKIT TIMAH ROAD,0.0
bukit_timah_road,Bukit Timah Road,4822.0,26400.407,33853.873,8.286,7.385,7.385,,,BUKIT TIMAH ROAD,0.0
bukit_timah_road,Bukit Timah Road,4824.0,26402.345,33853.377,8.274,7.673,7.673,,,BUKIT TIMAH ROAD,0.0
bukit_timah_road,Bukit Timah Road,4826.0,26404.282,33852.88,7.244,7.961,7.961,,,BUKIT TIMAH ROAD,0.0
bukit_timah_road,Bukit Timah Road,4828.0,26406.219,33852.383,8.582,8.249,8.249,,,BUKIT TIMAH ROAD,0.0
bukit_timah_road,Bukit Timah Road,4830.0,26408.157,33851.886,7.609,8.537,8.537,,,BUKIT TIMAH ROAD,0.0
bukit_timah_road,Bukit Timah Road,4832.0,26410.094,33851.39,8.378,8.625,8.625,,,BUKIT TIMAH ROAD,0.0
bukit_timah_road,Bukit Timah Road,4834.0,26412.031,33850.893,7.72,8.713,8.713,,,BUKIT TIMAH ROAD,0.0
bukit_timah_road,Bukit Timah Road,4836.0,26413.969,33850.396,8.69,8.8,8.8,,,BUKIT TIMAH ROAD,0.0
bukit_timah_road,Bukit Timah Road,4838.0,26415.906,33849.899,9.933,8.888,8.888,,,BUKIT TIMAH ROAD,0.0
bukit_timah_road,Bukit Timah Road,4840.0,26417.843,33849.403,9.379,8.976,8.976,,,BUKIT TIMAH ROAD,0.0
bukit_timah_road,Bukit Timah Road,4842.0,26419.781,33848.906,9.987,9.063,9.063,,,BUKIT TIMAH ROAD,0.0
bukit_timah_road,Bukit Timah Road,4844.0,26421.718,33848.409,10.469,9.151,9.151,,,BUKIT TIMAH ROAD,0.0
bukit_timah_road,Bukit Timah Road,4846.0,26423.655,33847.913,10.88,9.239,9.239,,,BUKIT TIMAH ROAD,0.0
bukit_timah_road,Bukit Timah Road,4848.0,26425.593,33847.416,11.135,9.326,9.326,,,BUKIT TIMAH ROAD,0.0
bukit_timah_road,Bukit Timah Road,4850.0,26427.53,33846.919,10.382,9.414,9.326,,,BUKIT TIMAH ROAD,0.0
bukit_timah_road,Bukit Timah Road,4852.0,26429.472,33846.443,9.502,9.502,9.326,,,BUKIT TIMAH ROAD,0.0
bukit_timah_road,Bukit Timah Road,4854.0,26431.417,33845.975,9.428,9.254,9.254,,,BUKIT TIMAH ROAD,0.0
bukit_timah_road,Bukit Timah Road,4856.0,26433.361,33845.507,8.747,9.006,9.006,-5.624,1.0,BUKIT TIMAH ROAD,0.0
bukit_timah_road,Bukit Timah Road,4858.0,26435.306,33845.039,8.584,8.941,8.941,,,BUKIT TIMAH ROAD,0.0
bukit_timah_road,Bukit Timah Road,4860.0,26437.25,33844.571,8.876,8.876,8.876,,,BUKIT TIMAH ROAD,0.0
bukit_timah_road,Bukit Timah Road,4862.0,26439.195,33844.103,9.785,8.772,8.772,,,BUKIT TIMAH ROAD,0.0
bukit_timah_road,Bukit Timah Road,4864.0,26441.139,33843.634,9.178,8.667,8.667,,,BUKIT TIMAH ROAD,0.0
bukit_timah_road,Bukit Timah Road,4866.0,26443.083,33843.166,8.24,8.407,8.407,,,BUKIT TIMAH ROAD,0.0
bukit_timah_road,Bukit Timah Road,4868.0,26445.028,33842.698,8.458,8.147,8.147,,,BUKIT TIMAH ROAD,0.0
bukit_timah_road,Bukit Timah Road,4870.0,26446.972,33842.23,8.244,7.621,7.621,,,BUKIT TIMAH ROAD,0.0
bukit_timah_road,Bukit Timah Road,4872.0,26448.917,33841.762,6.99,7.095,7.095,,,BUKIT TIMAH ROAD,0.0
bukit_timah_road,Bukit Timah Road,4874.0,26450.861,33841.293,6.278,6.569,6.569,,,BUKIT TIMAH ROAD,0.0
bukit_timah_road,Bukit Timah Road,4876.0,26452.806,33840.825,6.607,,6.043,,,BUKIT TIMAH ROAD,0.0
bukit_timah_road,Bukit Timah Road,4878.0,26454.75,33840.357,5.735,,5.517,,,BUKIT TIMAH ROAD,0.0
bukit_timah_road,Bukit Timah Road,4880.0,26456.694,33839.889,4.692,4.991,4.991,,,BUKIT TIMAH ROAD,0.0
bukit_timah_road,Bukit Timah Road,4882.0,26458.639,33839.421,3.598,4.465,4.465,,,BUKIT TIMAH ROAD,0.0
bukit_timah_road,Bukit Timah Road,4884.0,26460.583,33838.953,3.602,3.938,3.938,,,BUKIT TIMAH ROAD,0.0
bukit_timah_road,Bukit Timah Road,4886.0,26462.528,33838.484,3.412,3.412,3.721,,,BUKIT TIMAH ROAD,0.0
bukit_timah_road,Bukit Timah Road,4888.0,26464.472,33838.016,3.362,3.566,3.619,,,BUKIT TIMAH ROAD,0.0
bukit_timah_road,Bukit Timah Road,4890.0,26466.417,33837.548,3.721,3.721,3.566,,,BUKIT TIMAH ROAD,0.0
bukit_timah_road,Bukit Timah Road,4892.0,26468.361,33837.08,5.934,3.619,3.566,,,BUKIT TIMAH ROAD,0.0
bukit_timah_road,Bukit Timah Road,4894.0,26470.306,33836.612,4.88,3.518,3.518,-2.816,1.0,BUKIT TIMAH ROAD,0.0
bukit_timah_road,Bukit Timah Road,4896.0,26472.25,33836.143,4.853,3.416,3.416,,,BUKIT TIMAH ROAD,0.0
bukit_timah_road,Bukit Timah Road,4898.0,26474.194,33835.675,3.315,3.315,3.341,,,BUKIT TIMAH ROAD,0.0
bukit_timah_road,Bukit Timah Road,4900.0,26476.139,33835.207,3.341,3.341,3.323,,,BUKIT TIMAH ROAD,0.0
bukit_timah_road,Bukit Timah Road,4902.0,26478.083,33834.739,3.311,3.311,3.323,,,BUKIT TIMAH ROAD,0.0
bukit_timah_road,Bukit Timah Road,4904.0,26480.028,33834.271,3.71,3.323,3.335,0.3,1.0,BUKIT TIMAH ROAD,0.0
bukit_timah_road,Bukit Timah Road,4906.0,26481.972,33833.803,3.31,3.335,3.335,1.09,1.0,BUKIT TIMAH ROAD,0.0
bukit_timah_road,Bukit Timah Road,4908.0,26483.917,33833.334,3.347,3.347,3.347,,,BUKIT TIMAH ROAD,0.0
bukit_timah_road,Bukit Timah Road,4910.0,26485.861,33832.866,3.41,3.41,3.41,,,BUKIT TIMAH ROAD,0.0
bukit_timah_road,Bukit Timah Road,4912.0,26487.805,33832.398,3.437,3.437,3.437,3.038,1.0,BUKIT TIMAH ROAD,0.0
bukit_timah_road,Bukit Timah Road,4914.0,26489.75,33831.93,3.637,3.637,3.59,2.248,1.0,BUKIT TIMAH ROAD,0.0
bukit_timah_road,Bukit Timah Road,4916.0,26491.694,33831.462,3.601,3.601,3.59,1.911,1.0,BUKIT TIMAH ROAD,0.0
bukit_timah_road,Bukit Timah Road,4918.0,26493.638,33830.992,3.59,3.59,3.59,0.0,1.0,BUKIT TIMAH ROAD,0.0
bukit_timah_road,Bukit Timah Road,4920.0,26495.582,33830.52,3.502,3.502,3.59,0.904,1.0,BUKIT TIMAH ROAD,0.0
bukit_timah_road,Bukit Timah Road,4922.0,26497.526,33830.049,3.454,3.454,3.59,1.809,1.0,BUKIT TIMAH ROAD,0.0
bukit_timah_road,Bukit Timah Road,4924.0,26499.469,33829.578,3.234,3.594,3.594,,,BUKIT TIMAH ROAD,0.0
bukit_timah_road,Bukit Timah Road,4926.0,26501.413,33829.107,3.735,3.735,3.735,,,BUKIT TIMAH ROAD,0.0
bukit_timah_road,Bukit Timah Road,4928.0,26503.357,33828.636,4.114,3.979,3.979,,,BUKIT TIMAH ROAD,0.0
bukit_timah_road,Bukit Timah Road,4930.0,26505.3,33828.165,5.301,4.224,4.224,,,BUKIT TIMAH ROAD,0.0
bukit_timah_road,Bukit Timah Road,4932.0,26507.244,33827.694,5.877,4.468,4.468,,,BUKIT TIMAH ROAD,0.0
bukit_timah_road,Bukit Timah Road,4934.0,26509.188,33827.223,6.355,4.713,4.713,,,BUKIT TIMAH ROAD,0.0
bukit_timah_road,Bukit Timah Road,4936.0,26511.132,33826.751,6.763,4.957,4.957,,,BUKIT TIMAH ROAD,0.0
bukit_timah_road,Bukit Timah Road,4938.0,26513.075,33826.28,5.753,5.201,5.201,,,BUKIT TIMAH ROAD,0.0
bukit_timah_road,Bukit Timah Road,4940.0,26515.019,33825.809,5.296,5.527,5.527,,,BUKIT TIMAH ROAD,0.0
bukit_timah_road,Bukit Timah Road,4942.0,26516.963,33825.338,6.209,5.852,5.852,,,BUKIT TIMAH ROAD,0.0
bukit_timah_road,Bukit Timah Road,4944.0,26518.907,33824.867,5.935,6.178,6.178,,,BUKIT TIMAH ROAD,0.0
bukit_timah_road,Bukit Timah Road,4946.0,26520.85,33824.396,8.083,6.503,6.471,,,BUKIT TIMAH ROAD,0.0
bukit_timah_road,Bukit Timah Road,4948.0,26522.794,33823.925,8.381,6.487,6.471,,,BUKIT TIMAH ROAD,0.0
bukit_timah_road,Bukit Timah Road,4950.0,26524.738,33823.454,6.831,6.471,6.471,,,BUKIT TIMAH ROAD,0.0
bukit_timah_road,Bukit Timah Road,4952.0,26526.681,33822.982,5.29,6.455,6.455,,,BUKIT TIMAH ROAD,0.0
bukit_timah_road,Bukit Timah Road,4954.0,26528.625,33822.511,5.931,6.438,6.438,,,BUKIT TIMAH ROAD,0.0
bukit_timah_road,Bukit Timah Road,4956.0,26530.569,33822.04,10.425,6.422,6.422,,,BUKIT TIMAH ROAD,0.0
bukit_timah_road,Bukit Timah Road,4958.0,26532.503,33821.531,10.04,6.406,6.406,,,BUKIT TIMAH ROAD,0.0
bukit_timah_road,Bukit Timah Road,4960.0,26534.424,33820.978,11.357,6.39,6.39,,,BUKIT TIMAH ROAD,0.0
bukit_timah_road,Bukit Timah Road,4962.0,26536.346,33820.424,11.203,6.373,6.373,,,BUKIT TIMAH ROAD,0.0
bukit_timah_road,Bukit Timah Road,4964.0,26538.268,33819.871,10.566,6.357,6.357,,,BUKIT TIMAH ROAD,0.0
bukit_timah_road,Bukit Timah Road,4966.0,26540.19,33819.317,8.367,6.341,6.341,,,BUKIT TIMAH ROAD,0.0
bukit_timah_road,Bukit Timah Road,4968.0,26542.112,33818.764,4.523,6.325,6.325,,,BUKIT TIMAH ROAD,0.0
bukit_timah_road,Bukit Timah Road,4970.0,26544.034,33818.21,3.357,6.309,6.309,,,BUKIT TIMAH ROAD,0.0
bukit_timah_road,Bukit Timah Road,4972.0,26545.956,33817.657,4.602,6.292,6.309,,,BUKIT TIMAH ROAD,0.0
bukit_timah_road,Bukit Timah Road,4974.0,26547.878,33817.103,5.312,6.276,6.309,,,BUKIT TIMAH ROAD,0.0
bukit_timah_road,Bukit Timah Road,4976.0,26549.799,33816.55,5.152,6.436,6.436,,,BUKIT TIMAH ROAD,0.0
bukit_timah_road,Bukit Timah Road,4978.0,26551.721,33815.996,5.036,6.595,6.595,,,BUKIT TIMAH ROAD,0.0
bukit_timah_road,Bukit Timah Road,4980.0,26553.643,33815.443,6.989,6.755,6.755,,,BUKIT TIMAH ROAD,0.0
bukit_timah_road,Bukit Timah Road,4982.0,26555.565,33814.889,8.357,6.915,6.767,,,BUKIT TIMAH ROAD,0.0
bukit_timah_road,Bukit Timah Road,4984.0,26557.487,33814.335,7.996,6.841,6.767,,,BUKIT TIMAH ROAD,0.0
bukit_timah_road,Bukit Timah Road,4986.0,26559.409,33813.782,6.912,6.767,6.767,,,BUKIT TIMAH ROAD,0.0
bukit_timah_road,Bukit Timah Road,4988.0,26561.331,33813.228,5.526,6.693,6.693,,,BUKIT TIMAH ROAD,0.0
bukit_timah_road,Bukit Timah Road,4990.0,26563.253,33812.675,4.094,6.619,6.619,,,BUKIT TIMAH ROAD,0.0
bukit_timah_road,Bukit Timah Road,4992.0,26565.174,33812.121,5.592,6.546,6.546,,,BUKIT TIMAH ROAD,0.0
bukit_timah_road,Bukit Timah Road,4994.0,26567.096,33811.568,5.47,6.472,6.472,,,BUKIT TIMAH ROAD,0.0
bukit_timah_road,Bukit Timah Road,4996.0,26569.018,33811.014,6.398,6.398,6.398,,,BUKIT TIMAH ROAD,0.0
bukit_timah_road,Bukit Timah Road,4998.0,26570.94,33810.461,6.169,6.169,6.169,,,BUKIT TIMAH ROAD,0.0
bukit_timah_road,Bukit Timah Road,5000.0,26572.862,33809.907,7.489,6.094,6.094,,,BUKIT TIMAH ROAD,0.0
bukit_timah_road,Bukit Timah Road,5002.0,26574.784,33809.354,6.736,6.019,6.019,-2.721,1.0,BUKIT TIMAH ROAD,0.0
bukit_timah_road,Bukit Timah Road,5004.0,26576.706,33808.8,6.472,5.945,5.951,,,BUKIT TIMAH ROAD,0.0
bukit_timah_road,Bukit Timah Road,5006.0,26578.628,33808.247,5.87,5.87,5.951,,,BUKIT TIMAH ROAD,0.0
bukit_timah_road,Bukit Timah Road,5008.0,26580.549,33807.693,5.484,5.951,5.951,,,BUKIT TIMAH ROAD,0.0
bukit_timah_road,Bukit Timah Road,5010.0,26582.471,33807.14,5.555,6.032,6.032,2.016,1.0,BUKIT TIMAH ROAD,0.0
bukit_timah_road,Bukit Timah Road,5012.0,26584.393,33806.586,6.112,6.112,6.112,,,BUKIT TIMAH ROAD,0.0
bukit_timah_road,Bukit Timah Road,5014.0,26586.315,33806.033,3.297,6.224,6.112,,,BUKIT TIMAH ROAD,0.0
bukit_timah_road,Bukit Timah Road,5016.0,26588.237,33805.479,6.336,6.336,6.112,-3.013,1.0,BUKIT TIMAH ROAD,0.0
bukit_timah_road,Bukit Timah Road,5018.0,26590.159,33804.926,5.815,6.104,6.104,,,BUKIT TIMAH ROAD,0.0
bukit_timah_road,Bukit Timah Road,5020.0,26592.081,33804.372,5.871,5.871,5.871,,,BUKIT TIMAH ROAD,0.0
bukit_timah_road,Bukit Timah Road,5022.0,26594.003,33803.819,6.421,5.594,5.594,,,BUKIT TIMAH ROAD,0.0
bukit_timah_road,Bukit Timah Road,5024.0,26595.924,33803.265,4.833,5.318,5.318,-7.778,1.0,BUKIT TIMAH ROAD,0.0
bukit_timah_road,Bukit Timah Road,5026.0,26597.846,33802.711,3.37,5.041,5.318,,,BUKIT TIMAH ROAD,0.0
bukit_timah_road,Bukit Timah Road,5028.0,26599.768,33802.158,3.377,5.249,5.249,,,BUKIT TIMAH ROAD,0.0
bukit_timah_road,Bukit Timah Road,5030.0,26601.69,33801.604,5.457,5.457,5.19,,,BUKIT TIMAH ROAD,0.0
bukit_timah_road,Bukit Timah Road,5032.0,26603.612,33801.051,5.487,5.19,5.19,,,BUKIT TIMAH ROAD,0.0
bukit_timah_road,Bukit Timah Road,5034.0,26605.534,33800.497,5.497,4.922,4.922,,,BUKIT TIMAH ROAD,0.0
bukit_timah_road,Bukit Timah Road,5036.0,26607.456,33799.944,6.496,4.654,4.654,,,BUKIT TIMAH ROAD,0.0
bukit_timah_road,Bukit Timah Road,5038.0,26609.378,33799.39,2.414,4.379,4.379,,,BUKIT TIMAH ROAD,0.0
bukit_timah_road,Bukit Timah Road,5040.0,26611.3,33798.837,2.104,4.103,4.103,,,BUKIT TIMAH ROAD,0.0
bukit_timah_road,Bukit Timah Road,5042.0,26613.221,33798.283,2.126,3.827,3.827,,,BUKIT TIMAH ROAD,0.0
bukit_timah_road,Bukit Timah Road,5044.0,26615.143,33797.73,2.074,3.552,3.552,,,BUKIT TIMAH ROAD,0.0
bukit_timah_road,Bukit Timah Road,5046.0,26617.065,33797.176,3.205,3.276,3.276,,,BUKIT TIMAH ROAD,0.0
bukit_timah_road,Bukit Timah Road,5048.0,26618.987,33796.623,3.0,3.0,3.19,,,BUKIT TIMAH ROAD,0.0
bukit_timah_road,Bukit Timah Road,5050.0,26620.909,33796.069,3.15,3.15,3.19,,,BUKIT TIMAH ROAD,0.0
bukit_timah_road,Bukit Timah Road,5052.0,26622.831,33795.516,4.183,3.19,3.19,,,BUKIT TIMAH ROAD,0.0
bukit_timah_road,Bukit Timah Road,5054.0,26624.753,33794.962,3.473,3.229,3.229,,,BUKIT TIMAH ROAD,0.0
bukit_timah_road,Bukit Timah Road,5056.0,26626.675,33794.409,4.308,3.268,3.268,,,BUKIT TIMAH ROAD,0.0
bukit_timah_road,Bukit Timah Road,5058.0,26628.596,33793.855,4.965,3.308,3.308,,,BUKIT TIMAH ROAD,0.0
bukit_timah_road,Bukit Timah Road,5060.0,26630.518,33793.302,7.1,3.347,3.347,,,BUKIT TIMAH ROAD,0.0
bukit_timah_road,Bukit Timah Road,5062.0,26632.44,33792.748,6.648,3.386,3.386,,,BUKIT TIMAH ROAD,0.0
bukit_timah_road,Bukit Timah Road,5064.0,26634.362,33792.195,6.038,3.426,3.426,,,BUKIT TIMAH ROAD,0.0
bukit_timah_road,Bukit Timah Road,5066.0,26636.284,33791.641,5.442,3.465,3.465,,,BUKIT TIMAH ROAD,0.0
bukit_timah_road,Bukit Timah Road,5068.0,26638.206,33791.088,5.587,3.504,3.504,,,BUKIT TIMAH ROAD,0.0
bukit_timah_road,Bukit Timah Road,5070.0,26640.128,33790.534,4.335,3.544,3.504,,,BUKIT TIMAH ROAD,0.0
bukit_timah_road,Bukit Timah Road,5072.0,26642.05,33789.98,3.583,3.583,3.504,,,BUKIT TIMAH ROAD,0.0
bukit_timah_road,Bukit Timah Road,5074.0,26643.971,33789.427,3.317,3.317,3.32,,,BUKIT TIMAH ROAD,0.0
bukit_timah_road,Bukit Timah Road,5076.0,26645.893,33788.873,3.32,3.32,3.317,-2.307,1.0,BUKIT TIMAH ROAD,0.0
bukit_timah_road,Bukit Timah Road,5078.0,26647.815,33788.32,3.214,3.214,3.317,,,BUKIT TIMAH ROAD,0.0
bukit_timah_road,Bukit Timah Road,5080.0,26649.737,33787.766,3.286,3.286,3.32,,,BUKIT TIMAH ROAD,0.0
bukit_timah_road,Bukit Timah Road,5082.0,26651.659,33787.213,3.639,3.352,3.352,,,BUKIT TIMAH ROAD,0.0
bukit_timah_road,Bukit Timah Road,5084.0,26653.581,33786.659,3.246,3.418,3.418,1.231,1.0,BUKIT TIMAH ROAD,0.0
bukit_timah_road,Bukit Timah Road,5086.0,26655.503,33786.106,3.756,3.484,3.418,,,BUKIT TIMAH ROAD,0.0
bukit_timah_road,Bukit Timah Road,5088.0,26657.425,33785.552,3.55,3.55,3.418,,,BUKIT TIMAH ROAD,0.0
bukit_timah_road,Bukit Timah Road,5090.0,26659.346,33784.998,3.251,3.251,3.251,,,BUKIT TIMAH ROAD,0.0
bukit_timah_road,Bukit Timah Road,5092.0,26661.268,33784.445,2.99,2.99,3.139,-3.771,1.0,BUKIT TIMAH ROAD,0.0
bukit_timah_road,Bukit Timah Road,5094.0,26663.19,33783.891,2.983,2.983,3.133,-1.68,1.0,BUKIT TIMAH ROAD,0.0
bukit_timah_road,Bukit Timah Road,5096.0,26665.112,33783.338,3.139,3.139,3.116,-0.278,1.0,BUKIT TIMAH ROAD,0.0
bukit_timah_road,Bukit Timah Road,5098.0,26667.034,33782.784,3.133,3.133,3.116,,,BUKIT TIMAH ROAD,0.0
bukit_timah_road,Bukit Timah Road,5100.0,26668.956,33782.23,3.116,3.116,3.116,,,BUKIT TIMAH ROAD,0.0
bukit_timah_road,Bukit Timah Road,5102.0,26670.878,33781.677,4.08,3.105,3.105,,,BUKIT TIMAH ROAD,0.0
bukit_timah_road,Bukit Timah Road,5104.0,26672.799,33781.123,4.075,3.094,3.094,,,BUKIT TIMAH ROAD,0.0
bukit_timah_road,Bukit Timah Road,5106.0,26674.721,33780.57,4.374,3.082,3.082,,,BUKIT TIMAH ROAD,0.0
bukit_timah_road,Bukit Timah Road,5108.0,26676.643,33780.016,3.06,3.071,3.071,,,BUKIT TIMAH ROAD,0.0
bukit_timah_road,Bukit Timah Road,5110.0,26678.565,33779.463,3.06,3.06,3.06,,,BUKIT TIMAH ROAD,0.0
bukit_timah_road,Bukit Timah Road,5112.0,26680.487,33778.909,2.988,2.988,3.024,,,BUKIT TIMAH ROAD,0.0
bukit_timah_road,Bukit Timah Road,5114.0,26682.409,33778.355,3.024,3.024,3.024,-0.636,1.0,BUKIT TIMAH ROAD,0.0
bukit_timah_road,Bukit Timah Road,5116.0,26684.331,33777.802,3.024,3.024,3.009,-0.38,1.0,BUKIT TIMAH ROAD,0.0
bukit_timah_road,Bukit Timah Road,5118.0,26686.252,33777.248,8.614,3.009,3.009,-0.38,1.0,BUKIT TIMAH ROAD,0.0
bukit_timah_road,Bukit Timah Road,5120.0,26688.174,33776.695,8.614,2.994,2.994,-0.19,1.0,BUKIT TIMAH ROAD,0.0
bukit_timah_road,Bukit Timah Road,5122.0,26690.096,33776.141,8.589,2.978,2.994,0.448,1.0,BUKIT TIMAH ROAD,0.0
bukit_timah_road,Bukit Timah Road,5124.0,26692.018,33775.587,2.963,2.963,2.994,2.104,1.0,BUKIT TIMAH ROAD,0.0
bukit_timah_road,Bukit Timah Road,5126.0,26693.94,33775.034,3.168,3.168,3.045,2.182,1.0,BUKIT TIMAH ROAD,0.0
bukit_timah_road,Bukit Timah Road,5128.0,26695.862,33774.48,3.168,3.168,3.162,2.182,1.0,BUKIT TIMAH ROAD,0.0
bukit_timah_road,Bukit Timah Road,5130.0,26697.784,33773.927,3.045,3.045,3.168,,,BUKIT TIMAH ROAD,0.0
bukit_timah_road,Bukit Timah Road,5132.0,26699.705,33773.373,3.162,3.162,3.168,,,BUKIT TIMAH ROAD,0.0
bukit_timah_road,Bukit Timah Road,5134.0,26701.627,33772.819,3.163,3.427,3.427,,,BUKIT TIMAH ROAD,0.0
bukit_timah_road,Bukit Timah Road,5136.0,26703.549,33772.266,3.032,3.692,3.692,,,BUKIT TIMAH ROAD,0.0
bukit_timah_road,Bukit Timah Road,5138.0,26705.471,33771.712,2.842,3.989,3.989,,,BUKIT TIMAH ROAD,0.0
bukit_timah_road,Bukit Timah Road,5140.0,26707.393,33771.159,4.882,4.287,4.287,,,BUKIT TIMAH ROAD,0.0
bukit_timah_road,Bukit Timah Road,5142.0,26709.315,33770.605,4.929,4.561,4.561,,,BUKIT TIMAH ROAD,0.0
bukit_timah_road,Bukit Timah Road,5144.0,26711.237,33770.051,7.401,4.835,4.835,,,BUKIT TIMAH ROAD,0.0
bukit_timah_road,Bukit Timah Road,5146.0,26713.158,33769.498,7.183,5.109,5.109,,,BUKIT TIMAH ROAD,0.0
bukit_timah_road,Bukit Timah Road,5148.0,26715.08,33768.944,6.414,5.326,5.326,,,BUKIT TIMAH ROAD,0.0
bukit_timah_road,Bukit Timah Road,5150.0,26717.002,33768.391,6.064,5.544,5.544,,,BUKIT TIMAH ROAD,0.0
bukit_timah_road,Bukit Timah Road,5152.0,26718.924,33767.837,6.189,5.761,5.761,,,BUKIT TIMAH ROAD,0.0
bukit_timah_road,Bukit Timah Road,5154.0,26720.846,33767.283,6.43,5.978,5.961,,,BUKIT TIMAH ROAD,0.0
bukit_timah_road,Bukit Timah Road,5156.0,26722.768,33766.73,7.226,6.196,5.961,,,BUKIT TIMAH ROAD,0.0
bukit_timah_road,Bukit Timah Road,5158.0,26724.69,33766.176,5.704,5.961,5.977,,,BUKIT TIMAH ROAD,0.0
bukit_timah_road,Bukit Timah Road,5160.0,26726.611,33765.623,2.893,5.726,5.977,,,BUKIT TIMAH ROAD,0.0
bukit_timah_road,Bukit Timah Road,5162.0,26728.533,33765.069,2.767,5.977,5.977,,,BUKIT TIMAH ROAD,0.0
bukit_timah_road,Bukit Timah Road,5164.0,26730.455,33764.516,5.771,6.228,6.228,,,BUKIT TIMAH ROAD,0.0
bukit_timah_road,Bukit Timah Road,5166.0,26732.377,33763.962,7.548,6.479,6.479,,,BUKIT TIMAH ROAD,0.0
bukit_timah_road,Bukit Timah Road,5168.0,26734.299,33763.408,6.514,6.73,6.73,,,BUKIT TIMAH ROAD,0.0
bukit_timah_road,Bukit Timah Road,5170.0,26736.221,33762.855,6.915,7.014,7.014,,,BUKIT TIMAH ROAD,0.0
bukit_timah_road,Bukit Timah Road,5172.0,26738.143,33762.301,8.019,7.298,7.298,,,BUKIT TIMAH ROAD,0.0
bukit_timah_road,Bukit Timah Road,5174.0,26740.064,33761.748,8.93,7.582,7.582,,,BUKIT TIMAH ROAD,0.0
bukit_timah_road,Bukit Timah Road,5176.0,26741.986,33761.194,8.954,7.866,7.866,,,BUKIT TIMAH ROAD,0.0
bukit_timah_road,Bukit Timah Road,5178.0,26743.908,33760.64,9.33,8.15,8.15,,,BUKIT TIMAH ROAD,0.0
bukit_timah_road,Bukit Timah Road,5180.0,26745.83,33760.087,9.001,8.434,8.434,,,BUKIT TIMAH ROAD,0.0
bukit_timah_road,Bukit Timah Road,5182.0,26747.752,33759.533,4.422,8.718,8.561,,,BUKIT TIMAH ROAD,0.0
bukit_timah_road,Bukit Timah Road,5184.0,26748.973,33759.372,8.242,8.64,8.561,,,BUKIT TIMAH ROAD,0.183
bukit_timah_road,Bukit Timah Road,5186.0,26749.462,33759.59,9.838,8.561,8.561,,,BUKIT TIMAH ROAD,0.0
bukit_timah_road,Bukit Timah Road,5188.0,26751.37,33758.992,9.671,8.483,8.483,,,BUKIT TIMAH ROAD,0.0
bukit_timah_road,Bukit Timah Road,5190.0,26753.279,33758.394,9.229,8.405,8.405,,,BUKIT TIMAH ROAD,0.0
bukit_timah_road,Bukit Timah Road,5192.0,26755.187,33757.797,8.748,8.326,8.326,,,BUKIT TIMAH ROAD,0.0
bukit_timah_road,Bukit Timah Road,5194.0,26757.096,33757.199,8.248,8.248,8.326,,,BUKIT TIMAH ROAD,0.0
bukit_timah_road,Bukit Timah Road,5196.0,26759.005,33756.601,8.278,8.278,8.326,,,BUKIT TIMAH ROAD,0.0
bukit_timah_road,Bukit Timah Road,5198.0,26760.913,33756.004,8.41,8.41,8.373,,,BUKIT TIMAH ROAD,0.0
bukit_timah_road,Bukit Timah Road,5200.0,26762.822,33755.407,8.373,8.373,8.403,,,BUKIT TIMAH ROAD,0.0
bukit_timah_road,Bukit Timah Road,5202.0,26764.731,33754.81,7.524,8.403,8.41,,,BUKIT TIMAH ROAD,0.0
bukit_timah_road,Bukit Timah Road,5204.0,26766.639,33754.212,8.705,8.433,8.433,,,BUKIT TIMAH ROAD,0.0
bukit_timah_road,Bukit Timah Road,5206.0,26768.548,33753.615,10.543,8.463,8.463,,,BUKIT TIMAH ROAD,0.0
bukit_timah_road,Bukit Timah Road,5208.0,26770.457,33753.018,9.56,8.493,8.493,,,BUKIT TIMAH ROAD,0.0
bukit_timah_road,Bukit Timah Road,5210.0,26772.366,33752.42,9.73,8.523,8.493,,,BUKIT TIMAH ROAD,0.0
bukit_timah_road,Bukit Timah Road,5212.0,26774.274,33751.823,8.553,8.553,8.493,,,BUKIT TIMAH ROAD,0.0
bukit_timah_road,Bukit Timah Road,5214.0,26776.183,33751.226,8.967,8.289,8.289,,,BUKIT TIMAH ROAD,0.0
bukit_timah_road,Bukit Timah Road,5216.0,26778.092,33750.629,9.125,8.025,8.025,,,BUKIT TIMAH ROAD,0.0
bukit_timah_road,Bukit Timah Road,5218.0,26780.001,33750.031,7.761,7.761,7.761,,,BUKIT TIMAH ROAD,0.0
bukit_timah_road,Bukit Timah Road,5220.0,26781.909,33749.434,7.897,7.658,7.658,,,BUKIT TIMAH ROAD,0.0
bukit_timah_road,Bukit Timah Road,5222.0,26783.818,33748.837,7.979,7.421,7.421,,,BUKIT TIMAH ROAD,0.0
bukit_timah_road,Bukit Timah Road,5224.0,26785.727,33748.239,6.868,7.117,7.117,,,BUKIT TIMAH ROAD,0.0
bukit_timah_road,Bukit Timah Road,5226.0,26787.635,33747.642,7.076,6.813,6.813,,,BUKIT TIMAH ROAD,0.0
bukit_timah_road,Bukit Timah Road,5228.0,26789.544,33747.045,7.682,6.476,6.476,,,BUKIT TIMAH ROAD,0.0
bukit_timah_road,Bukit Timah Road,5230.0,26791.453,33746.447,7.18,6.139,6.139,,,BUKIT TIMAH ROAD,0.0
bukit_timah_road,Bukit Timah Road,5232.0,26793.362,33745.85,6.738,5.802,5.802,,,BUKIT TIMAH ROAD,0.0
bukit_timah_road,Bukit Timah Road,5234.0,26795.27,33745.253,6.409,,5.465,,,BUKIT TIMAH ROAD,0.0
bukit_timah_road,Bukit Timah Road,5236.0,26797.179,33744.656,7.438,,5.128,,,BUKIT TIMAH ROAD,0.0
bukit_timah_road,Bukit Timah Road,5238.0,26799.088,33744.058,7.075,,4.791,,,BUKIT TIMAH ROAD,0.0
bukit_timah_road,Bukit Timah Road,5240.0,26800.997,33743.461,3.953,,4.454,,,BUKIT TIMAH ROAD,0.0
bukit_timah_road,Bukit Timah Road,5242.0,26802.905,33742.864,3.061,4.117,4.117,,,BUKIT TIMAH ROAD,0.0
bukit_timah_road,Bukit Timah Road,5244.0,26804.814,33742.266,3.082,3.78,3.78,,,BUKIT TIMAH ROAD,0.0
bukit_timah_road,Bukit Timah Road,5246.0,26806.723,33741.669,3.101,3.443,3.443,,,BUKIT TIMAH ROAD,0.0
bukit_timah_road,Bukit Timah Road,5248.0,26808.631,33741.072,3.106,3.106,3.106,,,BUKIT TIMAH ROAD,0.0
bukit_timah_road,Bukit Timah Road,5250.0,26810.54,33740.474,3.001,3.001,3.001,,,BUKIT TIMAH ROAD,0.0
bukit_timah_road,Bukit Timah Road,5252.0,26812.449,33739.877,2.97,2.97,2.97,-2.247,1.0,BUKIT TIMAH ROAD,0.0
bukit_timah_road,Bukit Timah Road,5254.0,26814.358,33739.28,2.897,2.897,2.926,-0.939,1.0,BUKIT TIMAH ROAD,0.0
bukit_timah_road,Bukit Timah Road,5256.0,26816.266,33738.683,2.926,2.926,2.926,1.018,1.0,BUKIT TIMAH ROAD,0.0
bukit_timah_road,Bukit Timah Road,5258.0,26818.175,33738.085,2.88,2.88,2.926,1.781,1.0,BUKIT TIMAH ROAD,0.0
bukit_timah_road,Bukit Timah Road,5260.0,26820.084,33737.488,3.051,3.051,3.051,2.238,1.0,BUKIT TIMAH ROAD,0.0
bukit_timah_road,Bukit Timah Road,5262.0,26821.993,33736.891,3.069,3.069,3.069,2.238,1.0,BUKIT TIMAH ROAD,0.0
bukit_timah_road,Bukit Timah Road,5264.0,26823.901,33736.293,3.105,3.105,3.105,1.758,1.0,BUKIT TIMAH ROAD,0.0
bukit_timah_road,Bukit Timah Road,5266.0,26825.81,33735.696,3.199,3.199,3.105,1.629,1.0,BUKIT TIMAH ROAD,0.0
bukit_timah_road,Bukit Timah Road,5268.0,26827.719,33735.099,3.192,3.192,3.192,,,BUKIT TIMAH ROAD,0.0
bukit_timah_road,Bukit Timah Road,5270.0,26829.627,33734.502,3.068,3.068,3.199,,,BUKIT TIMAH ROAD,0.0
bukit_timah_road,Bukit Timah Road,5272.0,26831.536,33733.904,2.952,3.263,3.263,,,BUKIT TIMAH ROAD,0.0
bukit_timah_road,Bukit Timah Road,5274.0,26833.445,33733.307,2.916,3.458,3.458,,,BUKIT TIMAH ROAD,0.0
bukit_timah_road,Bukit Timah Road,5276.0,26835.354,33732.71,2.906,3.652,3.652,,,BUKIT TIMAH ROAD,0.0
bukit_timah_road,Bukit Timah Road,5278.0,26837.262,33732.112,4.002,3.774,3.774,,,BUKIT TIMAH ROAD,0.0
bukit_timah_road,Bukit Timah Road,5280.0,26839.171,33731.515,4.787,3.896,3.774,,,BUKIT TIMAH ROAD,0.0
bukit_timah_road,Bukit Timah Road,5282.0,26841.067,33730.879,6.147,3.79,3.774,,,BUKIT TIMAH ROAD,0.0
bukit_timah_road,Bukit Timah Road,5284.0,26842.957,33730.226,7.488,3.684,3.684,,,BUKIT TIMAH ROAD,0.0
bukit_timah_road,Bukit Timah Road,5286.0,26844.848,33729.572,8.316,3.577,3.577,,,BUKIT TIMAH ROAD,0.0
bukit_timah_road,Bukit Timah Road,5288.0,26846.738,33728.918,9.294,3.471,3.471,,,BUKIT TIMAH ROAD,0.0
bukit_timah_road,Bukit Timah Road,5290.0,26848.628,33728.265,8.842,3.365,3.365,,,BUKIT TIMAH ROAD,0.0
bukit_timah_road,Bukit Timah Road,5292.0,26850.518,33727.611,8.996,3.259,3.259,,,BUKIT TIMAH ROAD,0.0
bukit_timah_road,Bukit Timah Road,5294.0,26852.408,33726.957,4.467,3.153,3.153,,,BUKIT TIMAH ROAD,0.0
bukit_timah_road,Bukit Timah Road,5296.0,26854.298,33726.304,3.046,3.046,3.112,,,BUKIT TIMAH ROAD,0.0
bukit_timah_road,Bukit Timah Road,5298.0,26856.188,33725.65,3.112,3.112,3.112,,,BUKIT TIMAH ROAD,0.0
bukit_timah_road,Bukit Timah Road,5300.0,26858.079,33724.996,3.064,3.064,3.112,1.63,1.0,BUKIT TIMAH ROAD,0.0
bukit_timah_road,Bukit Timah Road,5302.0,26859.969,33724.342,3.19,3.19,3.19,1.719,1.0,BUKIT TIMAH ROAD,0.0
bukit_timah_road,Bukit Timah Road,5304.0,26861.859,33723.689,3.243,3.243,3.243,2.008,1.0,BUKIT TIMAH ROAD,0.0
bukit_timah_road,Bukit Timah Road,5306.0,26863.749,33723.035,3.25,3.25,3.25,2.71,1.0,BUKIT TIMAH ROAD,0.0
bukit_timah_road,Bukit Timah Road,5308.0,26865.639,33722.381,3.273,3.273,3.273,,,BUKIT TIMAH ROAD,0.0
bukit_timah_road,Bukit Timah Road,5310.0,26867.529,33721.728,3.407,3.407,3.407,,,BUKIT TIMAH ROAD,0.0
bukit_timah_road,Bukit Timah Road,5312.0,26869.419,33721.074,4.846,3.648,3.648,10.715,2.0,BUKIT TIMAH ROAD,0.0
bukit_timah_road,Bukit Timah Road,5314.0,26871.31,33720.42,4.963,3.889,3.889,,,BUKIT TIMAH ROAD,0.0
bukit_timah_road,Bukit Timah Road,5316.0,26873.2,33719.766,4.13,4.13,4.13,,,BUKIT TIMAH ROAD,0.0
bukit_timah_road,Bukit Timah Road,5318.0,26875.09,33719.113,4.071,4.414,4.414,,,BUKIT TIMAH ROAD,0.0
bukit_timah_road,Bukit Timah Road,5320.0,26876.98,33718.459,4.697,4.697,4.57,,,BUKIT TIMAH ROAD,0.0
bukit_timah_road,Bukit Timah Road,5322.0,26878.87,33717.805,4.681,4.681,4.57,,,BUKIT TIMAH ROAD,0.0
bukit_timah_road,Bukit Timah Road,5324.0,26880.76,33717.152,4.822,4.57,4.57,-1.866,1.0,BUKIT TIMAH ROAD,0.0
bukit_timah_road,Bukit Timah Road,5326.0,26882.651,33716.498,4.459,4.459,4.459,-2.943,1.0,BUKIT TIMAH ROAD,0.0
bukit_timah_road,Bukit Timah Road,5328.0,26884.541,33715.844,4.421,4.421,4.421,-2.251,1.0,BUKIT TIMAH ROAD,0.0
bukit_timah_road,Bukit Timah Road,5330.0,26886.431,33715.191,4.294,4.294,4.335,-1.558,1.0,BUKIT TIMAH ROAD,0.0
bukit_timah_road,Bukit Timah Road,5332.0,26888.321,33714.537,4.147,4.147,4.335,-0.636,1.0,BUKIT TIMAH ROAD,0.0
bukit_timah_road,Bukit Timah Road,5334.0,26890.211,33713.883,4.335,4.335,4.335,1.746,1.0,BUKIT TIMAH ROAD,0.0
bukit_timah_road,Bukit Timah Road,5336.0,26892.101,33713.229,4.37,4.37,4.37,1.893,1.0,BUKIT TIMAH ROAD,0.0
bukit_timah_road,Bukit Timah Road,5338.0,26893.991,33712.576,4.486,4.486,4.474,1.893,1.0,BUKIT TIMAH ROAD,0.0
bukit_timah_road,Bukit Timah Road,5340.0,26895.882,33711.922,4.474,4.474,4.486,1.305,1.0,BUKIT TIMAH ROAD,0.0
bukit_timah_road,Bukit Timah Road,5342.0,26897.772,33711.268,4.59,4.59,4.486,-1.185,1.0,BUKIT TIMAH ROAD,0.0
bukit_timah_road,Bukit Timah Road,5344.0,26899.662,33710.615,4.502,4.502,4.474,-1.332,1.0,BUKIT TIMAH ROAD,0.0
bukit_timah_road,Bukit Timah Road,5346.0,26901.552,33709.961,4.338,4.338,4.379,-1.332,1.0,BUKIT TIMAH ROAD,0.0
bukit_timah_road,Bukit Timah Road,5348.0,26903.442,33709.307,4.292,4.292,4.379,-0.872,1.0,BUKIT TIMAH ROAD,0.0
bukit_timah_road,Bukit Timah Road,5350.0,26905.332,33708.654,4.379,4.379,4.379,1.985,1.0,BUKIT TIMAH ROAD,0.0
bukit_timah_road,Bukit Timah Road,5352.0,26907.223,33708.0,4.404,4.404,4.404,4.842,1.0,BUKIT TIMAH ROAD,0.0
bukit_timah_road,Bukit Timah Road,5354.0,26909.113,33707.346,4.376,4.586,4.586,6.258,1.0,BUKIT TIMAH ROAD,0.0
bukit_timah_road,Bukit Timah Road,5356.0,26911.003,33706.692,4.767,4.767,4.767,8.836,2.0,BUKIT TIMAH ROAD,0.0
bukit_timah_road,Bukit Timah Road,5358.0,26912.893,33706.039,4.88,4.88,4.88,7.266,1.0,BUKIT TIMAH ROAD,0.0
bukit_timah_road,Bukit Timah Road,5360.0,26914.783,33705.385,5.111,5.111,5.111,5.696,1.0,BUKIT TIMAH ROAD,0.0
bukit_timah_road,Bukit Timah Road,5362.0,26916.673,33704.731,5.222,5.222,5.222,,,BUKIT TIMAH ROAD,0.0
bukit_timah_road,Bukit Timah Road,5364.0,26918.563,33704.078,5.431,5.431,5.222,,,BUKIT TIMAH ROAD,0.0
bukit_timah_road,Bukit Timah Road,5366.0,26920.454,33703.424,5.471,5.258,5.222,,,BUKIT TIMAH ROAD,0.0
bukit_timah_road,Bukit Timah Road,5368.0,26922.344,33702.77,5.768,5.085,5.085,-4.217,1.0,BUKIT TIMAH ROAD,0.0
bukit_timah_road,Bukit Timah Road,5370.0,26924.234,33702.117,4.698,4.873,4.885,,,BUKIT TIMAH ROAD,0.0
bukit_timah_road,Bukit Timah Road,5372.0,26926.124,33701.463,4.662,4.662,4.885,,,BUKIT TIMAH ROAD,0.0
bukit_timah_road,Bukit Timah Road,5374.0,26928.014,33700.809,4.885,4.885,4.885,,,BUKIT TIMAH ROAD,0.0
bukit_timah_road,Bukit Timah Road,5376.0,26929.904,33700.155,5.087,5.087,4.931,2.521,1.0,BUKIT TIMAH ROAD,0.0
bukit_timah_road,Bukit Timah Road,5378.0,26931.794,33699.502,5.027,5.027,5.027,4.007,1.0,BUKIT TIMAH ROAD,0.0
bukit_timah_road,Bukit Timah Road,5380.0,26933.685,33698.848,4.931,4.931,5.087,3.435,1.0,BUKIT TIMAH ROAD,0.0
bukit_timah_road,Bukit Timah Road,5382.0,26935.575,33698.194,5.206,5.206,5.206,2.153,1.0,BUKIT TIMAH ROAD,0.0
bukit_timah_road,Bukit Timah Road,5384.0,26937.465,33697.541,5.408,5.408,5.206,0.872,1.0,BUKIT TIMAH ROAD,0.0
bukit_timah_road,Bukit Timah Road,5386.0,26939.355,33696.887,5.417,5.246,5.206,,,BUKIT TIMAH ROAD,0.0
bukit_timah_road,Bukit Timah Road,5388.0,26941.229,33696.258,5.083,5.083,5.157,,,BUKIT TIMAH ROAD,0.0
bukit_timah_road,Bukit Timah Road,5390.0,26942.761,33696.169,5.357,5.014,5.157,,,BUKIT TIMAH ROAD,0.0
bukit_timah_road,Bukit Timah Road,5392.0,26944.655,33695.527,4.946,5.157,5.157,,,BUKIT TIMAH ROAD,0.0
bukit_timah_road,Bukit Timah Road,5394.0,26946.55,33694.886,5.031,5.382,5.382,,,BUKIT TIMAH ROAD,0.0
bukit_timah_road,Bukit Timah Road,5396.0,26948.444,33694.244,4.892,5.608,5.608,,,BUKIT TIMAH ROAD,0.0
bukit_timah_road,Bukit Timah Road,5398.0,26950.338,33693.602,5.134,5.811,5.811,,,BUKIT TIMAH ROAD,0.0
bukit_timah_road,Bukit Timah Road,5400.0,26952.233,33692.961,6.265,6.013,6.013,,,BUKIT TIMAH ROAD,0.0
bukit_timah_road,Bukit Timah Road,5402.0,26954.127,33692.319,6.711,6.216,6.216,,,BUKIT TIMAH ROAD,0.0
bukit_timah_road,Bukit Timah Road,5404.0,26956.021,33691.678,6.845,6.419,6.419,,,BUKIT TIMAH ROAD,0.0
bukit_timah_road,Bukit Timah Road,5406.0,26957.916,33691.036,6.621,6.621,6.419,,,BUKIT TIMAH ROAD,0.0
bukit_timah_road,Bukit Timah Road,5408.0,26959.81,33690.395,6.535,6.535,6.419,,,BUKIT TIMAH ROAD,0.0
bukit_timah_road,Bukit Timah Road,5410.0,26961.704,33689.753,5.522,6.351,6.351,,,BUKIT TIMAH ROAD,0.0
bukit_timah_road,Bukit Timah Road,5412.0,26963.599,33689.112,5.733,6.166,6.23,-2.355,1.0,BUKIT TIMAH ROAD,0.0
bukit_timah_road,Bukit Timah Road,5414.0,26965.493,33688.47,5.865,5.982,6.23,,,BUKIT TIMAH ROAD,0.0
bukit_timah_road,Bukit Timah Road,5416.0,26967.387,33687.829,6.23,6.23,6.23,,,BUKIT TIMAH ROAD,0.0
bukit_timah_road,Bukit Timah Road,5418.0,26969.281,33687.187,6.293,6.293,6.23,,,BUKIT TIMAH ROAD,0.0
bukit_timah_road,Bukit Timah Road,5420.0,26971.176,33686.545,6.411,6.411,6.293,-0.989,1.0,BUKIT TIMAH ROAD,0.0
bukit_timah_road,Bukit Timah Road,5422.0,26973.07,33685.904,6.151,6.151,6.293,-1.859,1.0,BUKIT TIMAH ROAD,0.0
bukit_timah_road,Bukit Timah Road,5424.0,26974.964,33685.262,6.297,6.297,6.151,-3.534,1.0,BUKIT TIMAH ROAD,0.0
bukit_timah_road,Bukit Timah Road,5426.0,26976.859,33684.621,6.082,6.082,6.082,-3.534,1.0,BUKIT TIMAH ROAD,0.0
bukit_timah_road,Bukit Timah Road,5428.0,26978.753,33683.979,5.918,5.918,6.01,-1.762,1.0,BUKIT TIMAH ROAD,0.0
bukit_timah_road,Bukit Timah Road,5430.0,26980.647,33683.338,5.934,5.934,6.01,-0.744,1.0,BUKIT TIMAH ROAD,0.0
bukit_timah_road,Bukit Timah Road,5432.0,26982.542,33682.696,6.01,6.01,6.01,2.211,1.0,BUKIT TIMAH ROAD,0.0
bukit_timah_road,Bukit Timah Road,5434.0,26984.436,33682.055,6.022,6.022,6.022,,,BUKIT TIMAH ROAD,0.0
bukit_timah_road,Bukit Timah Road,5436.0,26986.33,33681.413,6.187,6.187,6.187,,,BUKIT TIMAH ROAD,0.0
bukit_timah_road,Bukit Timah Road,5438.0,26988.225,33680.772,7.173,6.426,6.426,8.025,1.0,BUKIT TIMAH ROAD,0.0
bukit_timah_road,Bukit Timah Road,5440.0,26990.119,33680.13,7.46,6.664,6.664,5.962,1.0,BUKIT TIMAH ROAD,0.0
bukit_timah_road,Bukit Timah Road,5442.0,26992.013,33679.489,6.902,6.902,6.664,,,BUKIT TIMAH ROAD,0.0
bukit_timah_road,Bukit Timah Road,5444.0,26993.908,33678.847,6.833,6.833,6.664,,,BUKIT TIMAH ROAD,0.0
bukit_timah_road,Bukit Timah Road,5446.0,26995.802,33678.206,6.573,6.573,6.573,,,BUKIT TIMAH ROAD,0.0
bukit_timah_road,Bukit Timah Road,5448.0,26997.696,33677.564,6.101,6.329,6.329,-9.722,2.0,BUKIT TIMAH ROAD,0.0
bukit_timah_road,Bukit Timah Road,5450.0,26999.591,33676.923,6.35,6.085,6.085,-8.587,1.0,BUKIT TIMAH ROAD,0.0
bukit_timah_road,Bukit Timah Road,5452.0,27001.485,33676.281,5.841,5.841,5.886,,,BUKIT TIMAH ROAD,0.0
bukit_timah_road,Bukit Timah Road,5454.0,27003.379,33675.64,5.64,5.64,5.886,,,BUKIT TIMAH ROAD,0.0
bukit_timah_road,Bukit Timah Road,5456.0,27005.274,33674.998,5.886,5.886,5.886,3.342,1.0,BUKIT TIMAH ROAD,0.0
bukit_timah_road,Bukit Timah Road,5458.0,27007.168,33674.357,6.154,6.154,6.051,4.244,1.0,BUKIT TIMAH ROAD,0.0
bukit_timah_road,Bukit Timah Road,5460.0,27009.062,33673.715,6.051,6.051,6.154,7.934,1.0,BUKIT TIMAH ROAD,0.0
bukit_timah_road,Bukit Timah Road,5462.0,27010.957,33673.074,6.226,6.226,6.226,8.5,1.0,BUKIT TIMAH ROAD,0.0
bukit_timah_road,Bukit Timah Road,5464.0,27012.851,33672.432,6.521,6.521,6.521,,,BUKIT TIMAH ROAD,0.0
bukit_timah_road,Bukit Timah Road,5466.0,27014.745,33671.791,6.731,6.731,6.731,,,BUKIT TIMAH ROAD,0.0
bukit_timah_road,Bukit Timah Road,5468.0,27016.64,33671.149,7.135,6.766,6.766,,,BUKIT TIMAH ROAD,0.0
bukit_timah_road,Bukit Timah Road,5470.0,27018.534,33670.508,6.784,6.801,6.801,,,BUKIT TIMAH ROAD,0.0
bukit_timah_road,Bukit Timah Road,5472.0,27020.428,33669.866,6.836,6.975,6.975,,,BUKIT TIMAH ROAD,0.0
bukit_timah_road,Bukit Timah Road,5474.0,27022.323,33669.225,6.547,7.148,7.148,,,BUKIT TIMAH ROAD,0.0
bukit_timah_road,Bukit Timah Road,5476.0,27024.217,33668.583,7.46,7.29,7.248,,,BUKIT TIMAH ROAD,0.0
bukit_timah_road,Bukit Timah Road,5478.0,27026.111,33667.942,7.432,7.432,7.248,,,BUKIT TIMAH ROAD,0.0
bukit_timah_road,Bukit Timah Road,5480.0,27028.006,33667.3,7.988,7.248,7.248,,,BUKIT TIMAH ROAD,0.0
bukit_timah_road,Bukit Timah Road,5482.0,27029.9,33666.659,7.563,7.064,7.064,-4.988,1.0,BUKIT TIMAH ROAD,0.0
bukit_timah_road,Bukit Timah Road,5484.0,27031.794,33666.017,7.291,6.88,6.88,,,BUKIT TIMAH ROAD,0.0
bukit_timah_road,Bukit Timah Road,5486.0,27033.688,33665.376,6.696,6.696,6.849,,,BUKIT TIMAH ROAD,0.0
bukit_timah_road,Bukit Timah Road,5488.0,27035.583,33664.734,6.51,6.772,6.849,,,BUKIT TIMAH ROAD,0.0
bukit_timah_road,Bukit Timah Road,5490.0,27037.477,33664.092,6.276,6.849,6.849,,,BUKIT TIMAH ROAD,0.0
bukit_timah_road,Bukit Timah Road,5492.0,27039.371,33663.451,7.091,7.137,7.137,,,BUKIT TIMAH ROAD,0.0
bukit_timah_road,Bukit Timah Road,5494.0,27041.266,33662.809,7.189,7.424,7.424,,,BUKIT TIMAH ROAD,0.0
bukit_timah_road,Bukit Timah Road,5496.0,27043.16,33662.168,7.864,7.712,7.712,,,BUKIT TIMAH ROAD,0.0
bukit_timah_road,Bukit Timah Road,5498.0,27045.054,33661.526,8.121,8.0,8.0,,,BUKIT TIMAH ROAD,0.0
bukit_timah_road,Bukit Timah Road,5500.0,27046.949,33660.885,8.196,8.287,8.287,,,BUKIT TIMAH ROAD,0.0
bukit_timah_road,Bukit Timah Road,5502.0,27048.843,33660.243,7.449,8.575,8.516,,,BUKIT TIMAH ROAD,0.0
bukit_timah_road,Bukit Timah Road,5504.0,27050.737,33659.602,7.391,8.674,8.516,,,BUKIT TIMAH ROAD,0.0
bukit_timah_road,Bukit Timah Road,5506.0,27052.632,33658.96,9.265,8.516,8.516,,,BUKIT TIMAH ROAD,0.0
bukit_timah_road,Bukit Timah Road,5508.0,27054.526,33658.319,10.742,8.358,8.358,,,BUKIT TIMAH ROAD,0.0
bukit_timah_road,Bukit Timah Road,5510.0,27056.42,33657.677,11.597,8.2,8.2,,,BUKIT TIMAH ROAD,0.0
bukit_timah_road,Bukit Timah Road,5512.0,27058.315,33657.036,11.232,8.042,8.042,,,BUKIT TIMAH ROAD,0.0
bukit_timah_road,Bukit Timah Road,5514.0,27060.209,33656.394,9.862,7.884,7.884,,,BUKIT TIMAH ROAD,0.0
bukit_timah_road,Bukit Timah Road,5516.0,27062.103,33655.753,8.754,7.726,7.726,,,BUKIT TIMAH ROAD,0.0
bukit_timah_road,Bukit Timah Road,5518.0,27063.998,33655.111,7.86,7.568,7.585,,,BUKIT TIMAH ROAD,0.0
bukit_timah_road,Bukit Timah Road,5520.0,27065.892,33654.47,7.41,7.41,7.585,,,BUKIT TIMAH ROAD,0.0
bukit_timah_road,Bukit Timah Road,5522.0,27067.786,33653.828,7.131,7.585,7.585,,,BUKIT TIMAH ROAD,0.0
bukit_timah_road,Bukit Timah Road,5524.0,27069.681,33653.187,7.074,7.761,7.761,4.459,1.0,BUKIT TIMAH ROAD,0.0
bukit_timah_road,Bukit Timah Road,5526.0,27071.575,33652.545,7.936,7.936,7.936,,,BUKIT TIMAH ROAD,0.0
bukit_timah_road,Bukit Timah Road,5528.0,27073.469,33651.904,8.035,8.035,7.942,,,BUKIT TIMAH ROAD,0.0
bukit_timah_road,Bukit Timah Road,5530.0,27075.364,33651.262,8.026,8.026,7.942,,,BUKIT TIMAH ROAD,0.0
bukit_timah_road,Bukit Timah Road,5532.0,27077.258,33650.621,8.88,7.942,7.942,,,BUKIT TIMAH ROAD,0.0
bukit_timah_road,Bukit Timah Road,5534.0,27079.152,33649.979,8.787,7.859,7.859,,,BUKIT TIMAH ROAD,0.0
bukit_timah_road,Bukit Timah Road,5536.0,27081.047,33649.338,8.474,7.624,7.624,,,BUKIT TIMAH ROAD,0.0
bukit_timah_road,Bukit Timah Road,5538.0,27082.941,33648.696,8.634,7.389,7.389,,,BUKIT TIMAH ROAD,0.0
bukit_timah_road,Bukit Timah Road,5540.0,27084.835,33648.055,6.91,7.155,7.155,,,BUKIT TIMAH ROAD,0.0
bukit_timah_road,Bukit Timah Road,5542.0,27086.73,33647.413,6.92,6.92,6.92,,,BUKIT TIMAH ROAD,0.0
bukit_timah_road,Bukit Timah Road,5544.0,27088.624,33646.772,7.047,6.796,6.796,,,BUKIT TIMAH ROAD,0.0
bukit_timah_road,Bukit Timah Road,5546.0,27090.518,33646.13,6.133,6.671,6.671,,,BUKIT TIMAH ROAD,0.0
bukit_timah_road,Bukit Timah Road,5548.0,27092.412,33645.489,6.295,6.593,6.671,,,BUKIT TIMAH ROAD,0.0
bukit_timah_road,Bukit Timah Road,5550.0,27094.307,33644.847,6.396,6.515,6.655,,,BUKIT TIMAH ROAD,0.0
bukit_timah_road,Bukit Timah Road,5552.0,27096.201,33644.206,6.735,6.735,6.655,,,BUKIT TIMAH ROAD,0.0
bukit_timah_road,Bukit Timah Road,5554.0,27098.095,33643.564,6.655,6.655,6.735,,,BUKIT TIMAH ROAD,0.0
bukit_timah_road,Bukit Timah Road,5556.0,27099.99,33642.923,6.797,6.797,6.797,3.385,1.0,BUKIT TIMAH ROAD,0.0
bukit_timah_road,Bukit Timah Road,5558.0,27101.884,33642.281,7.058,7.058,6.926,2.387,1.0,BUKIT TIMAH ROAD,0.0
bukit_timah_road,Bukit Timah Road,5560.0,27103.778,33641.64,7.04,7.04,6.926,-0.601,1.0,BUKIT TIMAH ROAD,0.0
bukit_timah_road,Bukit Timah Road,5562.0,27105.676,33641.009,6.926,6.926,6.926,-3.589,1.0,BUKIT TIMAH ROAD,0.0
bukit_timah_road,Bukit Timah Road,5564.0,27107.578,33640.388,7.06,6.767,6.767,-3.982,1.0,BUKIT TIMAH ROAD,0.0
bukit_timah_road,Bukit Timah Road,5566.0,27109.479,33639.767,6.608,6.608,6.639,-4.468,1.0,BUKIT TIMAH ROAD,0.0
bukit_timah_road,Bukit Timah Road,5568.0,27111.38,33639.146,6.569,6.569,6.608,,,BUKIT TIMAH ROAD,0.0
bukit_timah_road,Bukit Timah Road,5570.0,27113.281,33638.524,6.639,6.639,6.569,,,BUKIT TIMAH ROAD,0.0
bukit_timah_road,Bukit Timah Road,5572.0,27115.182,33637.903,6.006,6.529,6.529,-2.141,1.0,BUKIT TIMAH ROAD,0.0
bukit_timah_road,Bukit Timah Road,5574.0,27117.083,33637.282,5.917,6.418,6.436,-1.655,1.0,BUKIT TIMAH ROAD,0.0
bukit_timah_road,Bukit Timah Road,5576.0,27118.984,33636.661,6.307,6.307,6.436,,,BUKIT TIMAH ROAD,0.0
bukit_timah_road,Bukit Timah Road,5578.0,27120.885,33636.039,6.436,6.436,6.436,,,BUKIT TIMAH ROAD,0.0
bukit_timah_road,Bukit Timah Road,5580.0,27122.786,33635.418,6.787,6.6,6.6,,,BUKIT TIMAH ROAD,0.0
bukit_timah_road,Bukit Timah Road,5582.0,27124.687,33634.797,6.345,6.763,6.763,,,BUKIT TIMAH ROAD,0.0
bukit_timah_road,Bukit Timah Road,5584.0,27126.592,33634.186,5.422,6.927,6.927,,,BUKIT TIMAH ROAD,0.0
bukit_timah_road,Bukit Timah Road,5586.0,27128.497,33633.579,5.566,7.09,7.09,,,BUKIT TIMAH ROAD,0.0
bukit_timah_road,Bukit Timah Road,5588.0,27130.403,33632.971,6.574,7.253,7.253,,,BUKIT TIMAH ROAD,0.0
bukit_timah_road,Bukit Timah Road,5590.0,27132.308,33632.364,7.417,7.417,7.253,,,BUKIT TIMAH ROAD,0.0
bukit_timah_road,Bukit Timah Road,5592.0,27134.214,33631.756,7.316,7.316,7.253,,,BUKIT TIMAH ROAD,0.0
bukit_timah_road,Bukit Timah Road,5594.0,27136.119,33631.149,8.349,7.081,7.081,-6.703,1.0,BUKIT TIMAH ROAD,0.0
bukit_timah_road,Bukit Timah Road,5596.0,27138.025,33630.541,6.845,6.845,6.845,-7.513,1.0,BUKIT TIMAH ROAD,0.0
bukit_timah_road,Bukit Timah Road,5598.0,27139.93,33629.934,6.717,6.717,6.717,-5.353,1.0,BUKIT TIMAH ROAD,0.0
bukit_timah_road,Bukit Timah Road,5600.0,27141.836,33629.327,6.652,6.652,6.652,,,BUKIT TIMAH ROAD,0.0
bukit_timah_road,Bukit Timah Road,5602.0,27143.741,33628.719,6.645,6.645,6.652,,,BUKIT TIMAH ROAD,0.0
bukit_timah_road,Bukit Timah Road,5604.0,27145.647,33628.112,5.623,6.652,6.652,,,BUKIT TIMAH ROAD,0.0
bukit_timah_road,Bukit Timah Road,5606.0,27147.552,33627.504,6.352,6.659,6.659,,,BUKIT TIMAH ROAD,0.0
bukit_timah_road,Bukit Timah Road,5608.0,27149.458,33626.897,6.853,6.666,6.666,,,BUKIT TIMAH ROAD,0.0
bukit_timah_road,Bukit Timah Road,5610.0,27151.363,33626.289,7.263,6.673,6.673,,,BUKIT TIMAH ROAD,0.0
bukit_timah_road,Bukit Timah Road,5612.0,27153.269,33625.682,7.729,6.68,6.68,,,BUKIT TIMAH ROAD,0.0
bukit_timah_road,Bukit Timah Road,5614.0,27155.174,33625.074,6.411,6.687,6.687,,,BUKIT TIMAH ROAD,0.0
bukit_timah_road,Bukit Timah Road,5616.0,27157.08,33624.467,6.273,6.694,6.694,,,BUKIT TIMAH ROAD,0.0
bukit_timah_road,Bukit Timah Road,5618.0,27158.985,33623.86,6.701,6.701,6.701,,,BUKIT TIMAH ROAD,0.0
bukit_timah_road,Bukit Timah Road,5620.0,27160.891,33623.252,7.103,6.721,6.721,,,BUKIT TIMAH ROAD,0.0
bukit_timah_road,Bukit Timah Road,5622.0,27162.797,33622.645,6.783,6.74,6.74,,,BUKIT TIMAH ROAD,0.0
bukit_timah_road,Bukit Timah Road,5624.0,27164.702,33622.037,6.76,6.76,6.76,,,BUKIT TIMAH ROAD,0.0
bukit_timah_road,Bukit Timah Road,5626.0,27166.608,33621.43,5.763,6.986,6.986,,,BUKIT TIMAH ROAD,0.0
bukit_timah_road,Bukit Timah Road,5628.0,27168.513,33620.822,6.162,7.213,7.213,10.077,2.0,BUKIT TIMAH ROAD,0.0
bukit_timah_road,Bukit Timah Road,5630.0,27170.419,33620.215,7.72,7.439,7.439,,,BUKIT TIMAH ROAD,0.0
bukit_timah_road,Bukit Timah Road,5632.0,27172.324,33619.607,7.665,7.665,7.566,,,BUKIT TIMAH ROAD,0.0
bukit_timah_road,Bukit Timah Road,5634.0,27174.23,33619.0,7.866,7.866,7.566,,,BUKIT TIMAH ROAD,0.0
bukit_timah_road,Bukit Timah Road,5636.0,27176.135,33618.392,8.017,7.566,7.566,,,BUKIT TIMAH ROAD,0.0
bukit_timah_road,Bukit Timah Road,5638.0,27178.041,33617.785,7.4,7.267,7.267,,,BUKIT TIMAH ROAD,0.0
bukit_timah_road,Bukit Timah Road,5640.0,27179.946,33617.178,5.62,6.967,6.967,,,BUKIT TIMAH ROAD,0.0
bukit_timah_road,Bukit Timah Road,5642.0,27181.852,33616.57,6.051,6.668,6.668,,,BUKIT TIMAH ROAD,0.0
bukit_timah_road,Bukit Timah Road,5644.0,27183.757,33615.963,6.369,6.369,6.429,,,BUKIT TIMAH ROAD,0.0
bukit_timah_road,Bukit Timah Road,5646.0,27185.663,33615.355,6.429,6.429,6.369,,,BUKIT TIMAH ROAD,0.0
bukit_timah_road,Bukit Timah Road,5648.0,27187.568,33614.748,6.358,6.358,6.358,,,BUKIT TIMAH ROAD,0.0
bukit_timah_road,Bukit Timah Road,5650.0,27189.474,33614.14,6.164,6.164,6.286,,,BUKIT TIMAH ROAD,0.0
bukit_timah_road,Bukit Timah Road,5652.0,27191.379,33613.533,5.791,6.225,6.286,-1.111,1.0,BUKIT TIMAH ROAD,0.0
bukit_timah_road,Bukit Timah Road,5654.0,27193.285,33612.925,6.148,6.286,6.27,,,BUKIT TIMAH ROAD,0.0
bukit_timah_road,Bukit Timah Road,5656.0,27195.19,33612.318,6.347,6.347,6.27,,,BUKIT TIMAH ROAD,0.0
bukit_timah_road,Bukit Timah Road,5658.0,27197.096,33611.711,5.926,6.27,6.286,,,BUKIT TIMAH ROAD,0.0
bukit_timah_road,Bukit Timah Road,5660.0,27199.001,33611.103,6.338,6.192,6.347,,,BUKIT TIMAH ROAD,0.0
bukit_timah_road,Bukit Timah Road,5662.0,27200.907,33610.496,6.115,6.426,6.426,,,BUKIT TIMAH ROAD,0.0
bukit_timah_road,Bukit Timah Road,5664.0,27202.812,33609.888,5.98,6.659,6.659,,,BUKIT TIMAH ROAD,0.0
bukit_timah_road,Bukit Timah Road,5666.0,27204.718,33609.281,5.791,6.893,6.893,,,BUKIT TIMAH ROAD,0.0
bukit_timah_road,Bukit Timah Road,5668.0,27206.623,33608.673,7.66,7.126,7.126,,,BUKIT TIMAH ROAD,0.0
bukit_timah_road,Bukit Timah Road,5670.0,27208.529,33608.066,8.292,7.166,7.126,,,BUKIT TIMAH ROAD,0.0
bukit_timah_road,Bukit Timah Road,5672.0,27210.435,33607.458,7.536,7.205,7.126,,,BUKIT TIMAH ROAD,0.0
bukit_timah_road,Bukit Timah Road,5674.0,27212.34,33606.851,8.812,6.978,6.978,,,BUKIT TIMAH ROAD,0.0
bukit_timah_road,Bukit Timah Road,5676.0,27214.246,33606.244,8.123,6.751,6.751,,,BUKIT TIMAH ROAD,0.0
bukit_timah_road,Bukit Timah Road,5678.0,27216.151,33605.636,4.919,6.523,6.523,,,BUKIT TIMAH ROAD,0.0
bukit_timah_road,Bukit Timah Road,5680.0,27218.057,33605.029,5.356,6.296,6.296,,,BUKIT TIMAH ROAD,0.0
bukit_timah_road,Bukit Timah Road,5682.0,27219.962,33604.421,4.734,6.069,6.069,,,BUKIT TIMAH ROAD,0.0
bukit_timah_road,Bukit Timah Road,5684.0,27221.868,33603.814,5.502,5.841,5.841,,,BUKIT TIMAH ROAD,0.0
bukit_timah_road,Bukit Timah Road,5686.0,27223.773,33603.206,5.614,5.614,5.841,,,BUKIT TIMAH ROAD,0.0
bukit_timah_road,Bukit Timah Road,5688.0,27225.679,33602.599,5.436,5.829,5.841,,,BUKIT TIMAH ROAD,0.0
bukit_timah_road,Bukit Timah Road,5690.0,27227.584,33601.991,5.675,6.044,6.044,6.362,1.0,BUKIT TIMAH ROAD,0.0
bukit_timah_road,Bukit Timah Road,5692.0,27229.49,33601.384,6.023,6.259,6.259,,,BUKIT TIMAH ROAD,0.0
bukit_timah_road,Bukit Timah Road,5694.0,27231.395,33600.776,6.474,6.474,6.35,,,BUKIT TIMAH ROAD,0.0
bukit_timah_road,Bukit Timah Road,5696.0,27233.301,33600.169,6.384,6.384,6.35,,,BUKIT TIMAH ROAD,0.0
bukit_timah_road,Bukit Timah Road,5698.0,27235.206,33599.562,6.35,6.35,6.35,,,BUKIT TIMAH ROAD,0.0
bukit_timah_road,Bukit Timah Road,5700.0,27237.112,33598.954,6.148,6.148,6.35,,,BUKIT TIMAH ROAD,0.0
bukit_timah_road,Bukit Timah Road,5702.0,27239.017,33598.347,6.58,6.34,6.35,,,BUKIT TIMAH ROAD,0.0
bukit_timah_road,Bukit Timah Road,5704.0,27240.923,33597.739,5.744,6.532,6.532,,,BUKIT TIMAH ROAD,0.0
bukit_timah_road,Bukit Timah Road,5706.0,27242.828,33597.132,5.669,6.724,6.724,,,BUKIT TIMAH ROAD,0.0
bukit_timah_road,Bukit Timah Road,5708.0,27244.734,33596.524,6.594,6.916,6.916,,,BUKIT TIMAH ROAD,0.0
bukit_timah_road,Bukit Timah Road,5710.0,27246.639,33595.917,7.108,7.108,7.108,,,BUKIT TIMAH ROAD,0.0
bukit_timah_road,Bukit Timah Road,5712.0,27248.545,33595.309,7.393,7.393,7.108,,,BUKIT TIMAH ROAD,0.0
bukit_timah_road,Bukit Timah Road,5714.0,27250.45,33594.702,7.336,7.336,7.108,,,BUKIT TIMAH ROAD,0.0
bukit_timah_road,Bukit Timah Road,5716.0,27252.356,33594.095,7.258,7.082,7.082,,,BUKIT TIMAH ROAD,0.0
bukit_timah_road,Bukit Timah Road,5718.0,27254.261,33593.487,6.069,6.827,6.827,-8.629,1.0,BUKIT TIMAH ROAD,0.0
bukit_timah_road,Bukit Timah Road,5720.0,27256.167,33592.88,6.005,6.572,6.572,,,BUKIT TIMAH ROAD,0.0
bukit_timah_road,Bukit Timah Road,5722.0,27258.073,33592.272,6.317,6.317,6.417,,,BUKIT TIMAH ROAD,0.0
bukit_timah_road,Bukit Timah Road,5724.0,27259.978,33591.665,6.417,6.417,6.317,,,BUKIT TIMAH ROAD,0.0
bukit_timah_road,Bukit Timah Road,5726.0,27261.884,33591.057,6.292,6.292,6.292,,,BUKIT TIMAH ROAD,0.0
bukit_timah_road,Bukit Timah Road,5728.0,27263.789,33590.45,5.666,6.149,6.149,,,BUKIT TIMAH ROAD,0.0
bukit_timah_road,Bukit Timah Road,5730.0,27265.695,33589.842,6.18,6.006,6.006,,,BUKIT TIMAH ROAD,0.0
bukit_timah_road,Bukit Timah Road,5732.0,27267.6,33589.235,5.535,5.863,5.863,,,BUKIT TIMAH ROAD,0.0
bukit_timah_road,Bukit Timah Road,5734.0,27269.506,33588.627,5.12,5.72,5.72,,,BUKIT TIMAH ROAD,0.0
bukit_timah_road,Bukit Timah Road,5736.0,27271.411,33588.02,5.958,5.577,5.577,,,BUKIT TIMAH ROAD,0.0
bukit_timah_road,Bukit Timah Road,5738.0,27273.317,33587.413,5.881,5.434,5.485,,,BUKIT TIMAH ROAD,0.0
bukit_timah_road,Bukit Timah Road,5740.0,27275.222,33586.805,5.291,5.291,5.485,,,BUKIT TIMAH ROAD,0.0
bukit_timah_road,Bukit Timah Road,5742.0,27277.128,33586.198,5.485,5.485,5.434,,,BUKIT TIMAH ROAD,0.0
bukit_timah_road,Bukit Timah Road,5744.0,27279.033,33585.59,5.606,5.606,5.485,0.524,1.0,BUKIT TIMAH ROAD,0.0
bukit_timah_road,Bukit Timah Road,5746.0,27280.939,33584.983,5.416,5.416,5.526,,,BUKIT TIMAH ROAD,0.0
bukit_timah_road,Bukit Timah Road,5748.0,27282.844,33584.375,5.608,5.608,5.526,,,BUKIT TIMAH ROAD,0.0
bukit_timah_road,Bukit Timah Road,5750.0,27284.75,33583.768,6.241,5.526,5.445,,,BUKIT TIMAH ROAD,0.0
bukit_timah_road,Bukit Timah Road,5752.0,27286.655,33583.16,5.698,5.445,5.445,,,BUKIT TIMAH ROAD,0.0
bukit_timah_road,Bukit Timah Road,5754.0,27288.561,33582.553,6.173,5.364,5.364,,,BUKIT TIMAH ROAD,0.0
bukit_timah_road,Bukit Timah Road,5756.0,27290.466,33581.946,6.434,5.282,5.285,,,BUKIT TIMAH ROAD,0.0
bukit_timah_road,Bukit Timah Road,5758.0,27292.372,33581.338,5.201,5.201,5.285,,,BUKIT TIMAH ROAD,0.0
bukit_timah_road,Bukit Timah Road,5760.0,27294.277,33580.731,5.285,5.285,5.282,,,BUKIT TIMAH ROAD,0.0
bukit_timah_road,Bukit Timah Road,5762.0,27296.183,33580.123,5.321,5.321,5.238,-2.513,1.0,BUKIT TIMAH ROAD,0.0
bukit_timah_road,Bukit Timah Road,5764.0,27298.088,33579.516,5.238,5.238,5.238,,,BUKIT TIMAH ROAD,0.0
bukit_timah_road,Bukit Timah Road,5766.0,27299.994,33578.908,5.084,5.084,5.084,,,BUKIT TIMAH ROAD,0.0
bukit_timah_road,Bukit Timah Road,5768.0,27301.899,33578.301,4.846,4.846,4.846,,,BUKIT TIMAH ROAD,0.0
bukit_timah_road,Bukit Timah Road,5770.0,27303.805,33577.693,4.841,4.841,4.841,,,BUKIT TIMAH ROAD,0.0
bukit_timah_road,Bukit Timah Road,5772.0,27305.711,33577.086,4.714,4.714,4.714,-1.936,1.0,BUKIT TIMAH ROAD,0.0
bukit_timah_road,Bukit Timah Road,5774.0,27307.617,33576.482,4.691,4.691,4.714,-2.226,1.0,BUKIT TIMAH ROAD,0.0
bukit_timah_road,Bukit Timah Road,5776.0,27309.53,33575.899,4.63,4.63,4.691,-0.875,1.0,BUKIT TIMAH ROAD,0.0
bukit_timah_road,Bukit Timah Road,5778.0,27311.444,33575.317,4.73,4.73,4.663,-0.875,1.0,BUKIT TIMAH ROAD,0.0
bukit_timah_road,Bukit Timah Road,5780.0,27313.357,33574.735,4.64,4.64,4.644,-0.639,1.0,BUKIT TIMAH ROAD,0.0
bukit_timah_road,Bukit Timah Road,5782.0,27315.27,33574.152,4.663,4.663,4.644,-0.604,1.0,BUKIT TIMAH ROAD,0.0
bukit_timah_road,Bukit Timah Road,5784.0,27317.184,33573.57,4.644,4.644,4.64,,,BUKIT TIMAH ROAD,0.0
bukit_timah_road,Bukit Timah Road,5786.0,27319.097,33572.988,4.614,4.614,4.614,,,BUKIT TIMAH ROAD,0.0
bukit_timah_road,Bukit Timah Road,5788.0,27321.011,33572.406,5.346,4.566,4.566,,,BUKIT TIMAH ROAD,0.0
bukit_timah_road,Bukit Timah Road,5790.0,27322.924,33571.823,5.348,4.519,4.519,,,BUKIT TIMAH ROAD,0.0
bukit_timah_road,Bukit Timah Road,5792.0,27324.837,33571.241,5.226,4.471,4.471,,,BUKIT TIMAH ROAD,0.0
bukit_timah_road,Bukit Timah Road,5794.0,27326.751,33570.659,4.592,4.423,4.423,,,BUKIT TIMAH ROAD,0.0
bukit_timah_road,Bukit Timah Road,5796.0,27328.664,33570.076,4.375,4.375,4.375,,,BUKIT TIMAH ROAD,0.0
bukit_timah_road,Bukit Timah Road,5798.0,27330.577,33569.494,5.765,4.355,4.355,,,BUKIT TIMAH ROAD,0.0
bukit_timah_road,Bukit Timah Road,5800.0,27332.491,33568.912,5.816,4.335,4.335,,,BUKIT TIMAH ROAD,0.0
bukit_timah_road,Bukit Timah Road,5802.0,27334.404,33568.329,4.316,4.316,4.316,,,BUKIT TIMAH ROAD,0.0
bukit_timah_road,Bukit Timah Road,5804.0,27336.317,33567.747,4.196,4.063,4.063,,,BUKIT TIMAH ROAD,0.0
bukit_timah_road,Bukit Timah Road,5806.0,27338.231,33567.165,4.068,3.81,3.81,-8.594,1.0,BUKIT TIMAH ROAD,0.0
bukit_timah_road,Bukit Timah Road,5808.0,27340.144,33566.583,3.557,3.557,3.671,,,BUKIT TIMAH ROAD,0.0
bukit_timah_road,Bukit Timah Road,5810.0,27342.057,33566.0,3.671,3.671,3.628,,,BUKIT TIMAH ROAD,0.0
bukit_timah_road,Bukit Timah Road,5812.0,27343.971,33565.418,3.628,3.628,3.591,,,BUKIT TIMAH ROAD,0.0
bukit_timah_road,Bukit Timah Road,5814.0,27345.884,33564.836,3.591,3.591,3.591,-4.756,1.0,BUKIT TIMAH ROAD,0.0
bukit_timah_road,Bukit Timah Road,5816.0,27347.797,33564.253,3.584,3.419,3.419,-4.461,1.0,BUKIT TIMAH ROAD,0.0
bukit_timah_road,Bukit Timah Road,5818.0,27349.711,33563.671,3.248,3.248,3.248,-4.461,1.0,BUKIT TIMAH ROAD,0.0
bukit_timah_road,Bukit Timah Road,5820.0,27351.624,33563.089,3.234,3.234,3.234,-2.404,1.0,BUKIT TIMAH ROAD,0.0
bukit_timah_road,Bukit Timah Road,5822.0,27353.538,33562.506,3.169,3.169,3.234,-0.347,1.0,BUKIT TIMAH ROAD,0.0
bukit_timah_road,Bukit Timah Road,5824.0,27355.451,33561.924,3.186,3.186,3.22,0.601,1.0,BUKIT TIMAH ROAD,0.0
bukit_timah_road,Bukit Timah Road,5826.0,27357.364,33561.342,3.314,3.314,3.22,1.007,1.0,BUKIT TIMAH ROAD,0.0
bukit_timah_road,Bukit Timah Road,5828.0,27359.278,33560.76,3.22,3.22,3.282,0.775,1.0,BUKIT TIMAH ROAD,0.0
bukit_timah_road,Bukit Timah Road,5830.0,27361.191,33560.177,3.282,3.282,3.314,1.149,1.0,BUKIT TIMAH ROAD,0.0
bukit_timah_road,Bukit Timah Road,5832.0,27363.104,33559.595,3.369,3.369,3.282,1.087,1.0,BUKIT TIMAH ROAD,0.0
bukit_timah_road,Bukit Timah Road,5834.0,27365.018,33559.013,3.376,3.376,3.312,0.77,1.0,BUKIT TIMAH ROAD,0.0
bukit_timah_road,Bukit Timah Road,5836.0,27366.931,33558.43,3.143,3.143,3.369,1.277,1.0,BUKIT TIMAH ROAD,0.0
bukit_timah_road,Bukit Timah Road,5838.0,27368.844,33557.848,3.312,3.312,3.376,0.903,1.0,BUKIT TIMAH ROAD,0.0
bukit_timah_road,Bukit Timah Road,5840.0,27370.758,33557.266,3.384,3.384,3.384,0.191,1.0,BUKIT TIMAH ROAD,0.0
bukit_timah_road,Bukit Timah Road,5842.0,27372.671,33556.683,3.397,3.397,3.384,-0.134,1.0,BUKIT TIMAH ROAD,0.0
bukit_timah_road,Bukit Timah Road,5844.0,27374.587,33556.109,3.478,3.478,3.384,-0.978,1.0,BUKIT TIMAH ROAD,0.0
bukit_timah_road,Bukit Timah Road,5846.0,27376.504,33555.539,3.182,3.182,3.365,-0.978,1.0,BUKIT TIMAH ROAD,0.0
bukit_timah_road,Bukit Timah Road,5848.0,27378.421,33554.969,3.365,3.365,3.306,-0.978,1.0,BUKIT TIMAH ROAD,0.0
bukit_timah_road,Bukit Timah Road,5850.0,27380.338,33554.399,3.306,3.306,3.306,-1.689,1.0,BUKIT TIMAH ROAD,0.0
bukit_timah_road,Bukit Timah Road,5852.0,27382.255,33553.829,3.23,3.23,3.306,-1.281,1.0,BUKIT TIMAH ROAD,0.0
bukit_timah_road,Bukit Timah Road,5854.0,27384.172,33553.259,3.355,3.355,3.23,-1.629,1.0,BUKIT TIMAH ROAD,0.0
bukit_timah_road,Bukit Timah Road,5856.0,27386.089,33552.689,3.176,3.176,3.203,-1.629,1.0,BUKIT TIMAH ROAD,0.0
bukit_timah_road,Bukit Timah Road,5858.0,27388.006,33552.119,3.203,3.203,3.176,-0.335,1.0,BUKIT TIMAH ROAD,0.0
bukit_timah_road,Bukit Timah Road,5860.0,27389.923,33551.548,2.998,2.998,3.176,,,BUKIT TIMAH ROAD,0.0
bukit_timah_road,Bukit Timah Road,5862.0,27391.84,33550.978,2.982,2.982,3.203,,,BUKIT TIMAH ROAD,0.0
bukit_timah_road,Bukit Timah Road,5864.0,27393.757,33550.408,3.136,3.215,3.215,,,BUKIT TIMAH ROAD,0.0
bukit_timah_road,Bukit Timah Road,5866.0,27395.674,33549.838,2.969,3.448,3.448,,,BUKIT TIMAH ROAD,0.0
bukit_timah_road,Bukit Timah Road,5868.0,27397.591,33549.268,2.956,3.675,3.675,,,BUKIT TIMAH ROAD,0.0
bukit_timah_road,Bukit Timah Road,5870.0,27399.508,33548.698,4.581,3.902,3.902,,,BUKIT TIMAH ROAD,0.0
bukit_timah_road,Bukit Timah Road,5872.0,27401.425,33548.128,5.453,4.128,4.128,,,BUKIT TIMAH ROAD,0.0
bukit_timah_road,Bukit Timah Road,5874.0,27403.342,33547.558,6.419,4.183,4.183,,,BUKIT TIMAH ROAD,0.0
bukit_timah_road,Bukit Timah Road,5876.0,27405.259,33546.988,6.081,4.238,4.238,,,BUKIT TIMAH ROAD,0.0
bukit_timah_road,Bukit Timah Road,5878.0,27407.176,33546.417,6.004,4.292,4.292,,,BUKIT TIMAH ROAD,0.0
bukit_timah_road,Bukit Timah Road,5880.0,27409.093,33545.847,6.004,4.347,4.347,,,BUKIT TIMAH ROAD,0.0
bukit_timah_road,Bukit Timah Road,5882.0,27411.01,33545.277,2.871,4.401,4.401,,,BUKIT TIMAH ROAD,0.0
bukit_timah_road,Bukit Timah Road,5884.0,27412.927,33544.707,4.081,4.456,4.401,,,BUKIT TIMAH ROAD,0.0
bukit_timah_road,Bukit Timah Road,5886.0,27414.844,33544.137,4.052,4.51,4.456,,,BUKIT TIMAH ROAD,0.0
bukit_timah_road,Bukit Timah Road,5888.0,27416.761,33543.567,2.963,4.319,4.51,,,BUKIT TIMAH ROAD,0.0
bukit_timah_road,Bukit Timah Road,5890.0,27418.678,33542.997,5.368,4.586,4.586,,,BUKIT TIMAH ROAD,0.0
bukit_timah_road,Bukit Timah Road,5892.0,27420.595,33542.427,4.17,4.853,4.853,,,BUKIT TIMAH ROAD,0.0
bukit_timah_road,Bukit Timah Road,5894.0,27422.512,33541.857,5.381,5.12,4.882,,,BUKIT TIMAH ROAD,0.0
bukit_timah_road,Bukit Timah Road,5896.0,27424.429,33541.286,5.387,5.001,4.882,,,BUKIT TIMAH ROAD,0.0
bukit_timah_road,Bukit Timah Road,5898.0,27426.346,33540.716,4.167,4.882,4.882,,,BUKIT TIMAH ROAD,0.0
bukit_timah_road,Bukit Timah Road,5900.0,27428.263,33540.146,5.567,4.667,4.667,,,BUKIT TIMAH ROAD,0.0
bukit_timah_road,Bukit Timah Road,5902.0,27430.181,33539.576,7.883,4.452,4.452,,,BUKIT TIMAH ROAD,0.0
bukit_timah_road,Bukit Timah Road,5904.0,27432.098,33539.006,7.07,4.199,4.199,,,BUKIT TIMAH ROAD,0.0
bukit_timah_road,Bukit Timah Road,5906.0,27434.015,33538.436,7.408,3.947,3.947,,,BUKIT TIMAH ROAD,0.0
bukit_timah_road,Bukit Timah Road,5908.0,27435.932,33537.866,6.099,3.695,3.695,,,BUKIT TIMAH ROAD,0.0
bukit_timah_road,Bukit Timah Road,5910.0,27437.849,33537.296,2.927,3.443,3.443,,,BUKIT TIMAH ROAD,0.0
bukit_timah_road,Bukit Timah Road,5912.0,27439.766,33536.725,2.893,3.37,3.37,,,BUKIT TIMAH ROAD,0.0
bukit_timah_road,Bukit Timah Road,5914.0,27441.683,33536.155,2.971,3.296,3.296,,,BUKIT TIMAH ROAD,0.0
bukit_timah_road,Bukit Timah Road,5916.0,27443.6,33535.585,4.089,3.223,3.223,,,BUKIT TIMAH ROAD,0.0
bukit_timah_road,Bukit Timah Road,5918.0,27445.517,33535.015,5.864,3.15,3.15,,,BUKIT TIMAH ROAD,0.0
bukit_timah_road,Bukit Timah Road,5920.0,27447.434,33534.445,6.649,3.077,3.077,,,BUKIT TIMAH ROAD,0.0
bukit_timah_road,Bukit Timah Road,5922.0,27449.351,33533.875,6.616,3.003,3.003,,,BUKIT TIMAH ROAD,0.0
bukit_timah_road,Bukit Timah Road,5924.0,27451.268,33533.305,6.489,2.93,2.93,,,BUKIT TIMAH ROAD,0.0
bukit_timah_road,Bukit Timah Road,5926.0,27453.185,33532.735,3.945,2.857,2.857,,,BUKIT TIMAH ROAD,0.0
bukit_timah_road,Bukit Timah Road,5928.0,27455.102,33532.165,2.783,2.783,2.844,,,BUKIT TIMAH ROAD,0.0
bukit_timah_road,Bukit Timah Road,5930.0,27457.019,33531.594,2.838,2.838,2.841,,,BUKIT TIMAH ROAD,0.0
bukit_timah_road,Bukit Timah Road,5932.0,27458.936,33531.024,2.844,2.844,2.841,0.343,1.0,BUKIT TIMAH ROAD,0.0
bukit_timah_road,Bukit Timah Road,5934.0,27460.853,33530.454,2.841,2.841,2.844,0.505,1.0,BUKIT TIMAH ROAD,0.0
bukit_timah_road,Bukit Timah Road,5936.0,27462.77,33529.884,2.872,2.872,2.872,1.846,1.0,BUKIT TIMAH ROAD,0.0
bukit_timah_road,Bukit Timah Road,5938.0,27464.687,33529.314,2.882,2.882,2.882,1.875,1.0,BUKIT TIMAH ROAD,0.0
bukit_timah_road,Bukit Timah Road,5940.0,27466.604,33528.744,2.989,2.989,2.989,1.693,1.0,BUKIT TIMAH ROAD,0.0
bukit_timah_road,Bukit Timah Road,5942.0,27468.521,33528.174,3.007,3.007,2.994,1.738,1.0,BUKIT TIMAH ROAD,0.0
bukit_timah_road,Bukit Timah Road,5944.0,27470.438,33527.604,3.021,3.021,3.007,1.947,1.0,BUKIT TIMAH ROAD,0.0
bukit_timah_road,Bukit Timah Road,5946.0,27472.355,33527.034,2.994,2.994,3.021,1.882,1.0,BUKIT TIMAH ROAD,0.0
bukit_timah_road,Bukit Timah Road,5948.0,27474.272,33526.463,3.145,3.145,3.145,1.72,1.0,BUKIT TIMAH ROAD,0.0
bukit_timah_road,Bukit Timah Road,5950.0,27476.189,33525.893,3.236,3.236,3.145,-0.847,1.0,BUKIT TIMAH ROAD,0.0
bukit_timah_road,Bukit Timah Road,5952.0,27478.106,33525.323,3.216,3.216,3.145,-2.539,1.0,BUKIT TIMAH ROAD,0.0
bukit_timah_road,Bukit Timah Road,5954.0,27480.023,33524.753,2.953,2.953,2.953,-3.306,1.0,BUKIT TIMAH ROAD,0.0
bukit_timah_road,Bukit Timah Road,5956.0,27481.92,33524.12,2.942,2.942,2.942,-3.331,1.0,BUKIT TIMAH ROAD,0.0
bukit_timah_road,Bukit Timah Road,5958.0,27483.817,33523.485,2.872,2.872,2.88,-1.01,1.0,BUKIT TIMAH ROAD,0.0
bukit_timah_road,Bukit Timah Road,5960.0,27485.713,33522.85,2.88,2.88,2.878,-1.136,1.0,BUKIT TIMAH ROAD,0.0
bukit_timah_road,Bukit Timah Road,5962.0,27487.61,33522.215,2.878,2.878,2.872,-0.368,1.0,BUKIT TIMAH ROAD,0.0
bukit_timah_road,Bukit Timah Road,5964.0,27489.506,33521.58,2.823,2.823,2.851,-0.344,1.0,BUKIT TIMAH ROAD,0.0
bukit_timah_road,Bukit Timah Road,5966.0,27491.403,33520.945,2.821,2.821,2.851,0.013,1.0,BUKIT TIMAH ROAD,0.0
bukit_timah_road,Bukit Timah Road,5968.0,27493.299,33520.311,2.851,2.851,2.851,0.281,1.0,BUKIT TIMAH ROAD,0.0
bukit_timah_road,Bukit Timah Road,5970.0,27495.196,33519.676,2.873,2.873,2.873,0.281,1.0,BUKIT TIMAH ROAD,0.0
bukit_timah_road,Bukit Timah Road,5972.0,27497.093,33519.041,2.873,2.873,2.873,0.281,1.0,BUKIT TIMAH ROAD,0.0
bukit_timah_road,Bukit Timah Road,5974.0,27498.989,33518.406,2.886,2.886,2.873,0.094,1.0,BUKIT TIMAH ROAD,0.0
bukit_timah_road,Bukit Timah Road,5976.0,27500.886,33517.771,2.881,2.881,2.873,0.094,1.0,BUKIT TIMAH ROAD,0.0
bukit_timah_road,Bukit Timah Road,5978.0,27502.782,33517.136,2.821,2.821,2.881,0.313,1.0,BUKIT TIMAH ROAD,0.0
bukit_timah_road,Bukit Timah Road,5980.0,27504.679,33516.501,2.851,2.851,2.881,3.65,1.0,BUKIT TIMAH ROAD,0.0
bukit_timah_road,Bukit Timah Road,5982.0,27506.575,33515.866,2.898,2.898,2.898,6.987,1.0,BUKIT TIMAH ROAD,0.0
bukit_timah_road,Bukit Timah Road,5984.0,27508.472,33515.231,3.708,3.169,3.169,,,BUKIT TIMAH ROAD,0.0
bukit_timah_road,Bukit Timah Road,5986.0,27510.368,33514.596,3.44,3.44,3.44,,,BUKIT TIMAH ROAD,0.0
bukit_timah_road,Bukit Timah Road,5988.0,27512.265,33513.961,4.124,3.705,3.705,,,BUKIT TIMAH ROAD,0.0
bukit_timah_road,Bukit Timah Road,5990.0,27514.161,33513.326,3.574,3.97,3.97,,,BUKIT TIMAH ROAD,0.0
bukit_timah_road,Bukit Timah Road,5992.0,27516.058,33512.691,2.973,4.235,4.235,,,BUKIT TIMAH ROAD,0.0
bukit_timah_road,Bukit Timah Road,5994.0,27517.954,33512.056,4.095,4.5,4.5,,,BUKIT TIMAH ROAD,0.0
bukit_timah_road,Bukit Timah Road,5996.0,27519.851,33511.421,5.666,4.765,4.765,,,BUKIT TIMAH ROAD,0.0
bukit_timah_road,Bukit Timah Road,5998.0,27521.747,33510.786,5.297,5.03,5.03,,,BUKIT TIMAH ROAD,0.0
bukit_timah_road,Bukit Timah Road,6000.0,27523.644,33510.151,5.295,5.295,5.03,,,BUKIT TIMAH ROAD,0.0
bukit_timah_road,Bukit Timah Road,6002.0,27525.54,33509.516,5.542,5.086,5.03,,,BUKIT TIMAH ROAD,0.0
bukit_timah_road,Bukit Timah Road,6004.0,27527.437,33508.881,5.451,4.877,4.877,-2.203,1.0,BUKIT TIMAH ROAD,0.0
bukit_timah_road,Bukit Timah Road,6006.0,27529.334,33508.246,4.668,4.668,4.854,,,BUKIT TIMAH ROAD,0.0
bukit_timah_road,Bukit Timah Road,6008.0,27531.23,33507.611,4.559,4.559,4.854,,,BUKIT TIMAH ROAD,0.0
bukit_timah_road,Bukit Timah Road,6010.0,27533.127,33506.976,4.854,4.854,4.854,,,BUKIT TIMAH ROAD,0.0
bukit_timah_road,Bukit Timah Road,6012.0,27535.023,33506.342,3.074,4.902,4.902,,,BUKIT TIMAH ROAD,0.0
bukit_timah_road,Bukit Timah Road,6014.0,27536.92,33505.707,3.104,4.95,4.95,,,BUKIT TIMAH ROAD,0.0
bukit_timah_road,Bukit Timah Road,6016.0,27538.816,33505.072,3.764,4.997,4.997,,,BUKIT TIMAH ROAD,0.0
bukit_timah_road,Bukit Timah Road,6018.0,27540.713,33504.437,4.262,5.045,5.045,,,BUKIT TIMAH ROAD,0.0
bukit_timah_road,Bukit Timah Road,6020.0,27542.609,33503.802,5.607,5.093,5.093,,,BUKIT TIMAH ROAD,0.0
bukit_timah_road,Bukit Timah Road,6022.0,27544.506,33503.167,5.141,5.141,5.141,,,BUKIT TIMAH ROAD,0.0
bukit_timah_road,Bukit Timah Road,6024.0,27546.402,33502.532,5.111,5.437,5.437,,,BUKIT TIMAH ROAD,0.0
bukit_timah_road,Bukit Timah Road,6026.0,27548.299,33501.897,5.457,5.733,5.733,13.417,2.0,BUKIT TIMAH ROAD,0.0
bukit_timah_road,Bukit Timah Road,6028.0,27550.195,33501.262,6.029,6.029,6.029,,,BUKIT TIMAH ROAD,0.0
bukit_timah_road,Bukit Timah Road,6030.0,27552.092,33500.627,3.096,6.214,6.214,,,BUKIT TIMAH ROAD,0.0
bukit_timah_road,Bukit Timah Road,6032.0,27553.988,33499.992,6.399,6.399,6.278,,,BUKIT TIMAH ROAD,0.0
bukit_timah_road,Bukit Timah Road,6034.0,27555.885,33499.357,6.985,6.339,6.278,,,BUKIT TIMAH ROAD,0.0
bukit_timah_road,Bukit Timah Road,6036.0,27557.782,33498.722,6.654,6.278,6.278,,,BUKIT TIMAH ROAD,0.0
bukit_timah_road,Bukit Timah Road,6038.0,27559.678,33498.087,5.809,6.218,6.218,,,BUKIT TIMAH ROAD,0.0
bukit_timah_road,Bukit Timah Road,6040.0,27561.575,33497.452,6.112,6.158,6.218,,,BUKIT TIMAH ROAD,0.0
bukit_timah_road,Bukit Timah Road,6042.0,27563.471,33496.817,6.097,6.097,6.218,,,BUKIT TIMAH ROAD,0.0
bukit_timah_road,Bukit Timah Road,6044.0,27565.368,33496.182,5.83,6.337,6.302,,,BUKIT TIMAH ROAD,0.0
bukit_timah_road,Bukit Timah Road,6046.0,27567.264,33495.547,6.246,6.576,6.302,,,BUKIT TIMAH ROAD,0.0
bukit_timah_road,Bukit Timah Road,6048.0,27569.161,33494.912,6.327,6.302,6.302,,,BUKIT TIMAH ROAD,0.0
bukit_timah_road,Bukit Timah Road,6050.0,27571.057,33494.277,8.541,6.027,6.027,,,BUKIT TIMAH ROAD,0.0
bukit_timah_road,Bukit Timah Road,6052.0,27572.954,33493.642,7.79,5.752,5.752,,,BUKIT TIMAH ROAD,0.0
bukit_timah_road,Bukit Timah Road,6054.0,27574.85,33493.007,7.79,5.477,5.477,,,BUKIT TIMAH ROAD,0.0
bukit_timah_road,Bukit Timah Road,6056.0,27576.747,33492.372,7.641,5.202,5.202,,,BUKIT TIMAH ROAD,0.0
bukit_timah_road,Bukit Timah Road,6058.0,27578.643,33491.737,7.034,4.928,4.928,,,BUKIT TIMAH ROAD,0.0
bukit_timah_road,Bukit Timah Road,6060.0,27580.54,33491.103,7.633,4.653,4.653,,,BUKIT TIMAH ROAD,0.0
bukit_timah_road,Bukit Timah Road,6062.0,27582.436,33490.468,6.99,4.378,4.378,,,BUKIT TIMAH ROAD,0.0
bukit_timah_road,Bukit Timah Road,6064.0,27584.333,33489.833,4.383,4.103,4.378,,,BUKIT TIMAH ROAD,0.0
bukit_timah_road,Bukit Timah Road,6066.0,27586.229,33489.198,2.717,4.125,4.378,,,BUKIT TIMAH ROAD,0.0
bukit_timah_road,Bukit Timah Road,6068.0,27588.126,33488.563,2.707,4.419,4.419,,,BUKIT TIMAH ROAD,0.0
bukit_timah_road,Bukit Timah Road,6070.0,27590.023,33487.928,2.943,4.713,4.713,,,BUKIT TIMAH ROAD,0.0
bukit_timah_road,Bukit Timah Road,6072.0,27591.919,33487.293,2.879,5.232,5.232,,,BUKIT TIMAH ROAD,0.0
bukit_timah_road,Bukit Timah Road,6074.0,27593.816,33486.658,2.879,5.752,5.752,,,BUKIT TIMAH ROAD,0.0
bukit_timah_road,Bukit Timah Road,6076.0,27595.712,33486.023,2.889,6.272,6.272,,,BUKIT TIMAH ROAD,0.0
bukit_timah_road,Bukit Timah Road,6078.0,27597.609,33485.388,8.113,6.791,6.791,,,BUKIT TIMAH ROAD,0.0
bukit_timah_road,Bukit Timah Road,6080.0,27599.505,33484.753,9.894,7.311,7.311,,,BUKIT TIMAH ROAD,0.0
bukit_timah_road,Bukit Timah Road,6082.0,27601.402,33484.118,8.108,7.831,7.831,,,BUKIT TIMAH ROAD,0.0
bukit_timah_road,Bukit Timah Road,6084.0,27603.298,33483.483,8.35,8.35,8.17,,,BUKIT TIMAH ROAD,0.0
bukit_timah_road,Bukit Timah Road,6086.0,27605.195,33482.848,8.268,8.268,8.17,,,BUKIT TIMAH ROAD,0.0
bukit_timah_road,Bukit Timah Road,6088.0,27607.091,33482.213,8.17,8.17,8.17,,,BUKIT TIMAH ROAD,0.0
bukit_timah_road,Bukit Timah Road,6090.0,27608.988,33481.578,9.737,8.076,8.076,,,BUKIT TIMAH ROAD,0.0
bukit_timah_road,Bukit Timah Road,6092.0,27610.884,33480.943,9.655,7.983,7.983,,,BUKIT TIMAH ROAD,0.0
bukit_timah_road,Bukit Timah Road,6094.0,27612.781,33480.308,8.758,7.411,7.411,,,BUKIT TIMAH ROAD,0.0
bukit_timah_road,Bukit Timah Road,6096.0,27614.677,33479.673,8.317,6.838,6.838,,,BUKIT TIMAH ROAD,0.0
bukit_timah_road,Bukit Timah Road,6098.0,27616.574,33479.038,4.355,6.266,6.266,,,BUKIT TIMAH ROAD,0.0
bukit_timah_road,Bukit Timah Road,6100.0,27618.47,33478.403,2.787,,5.694,,,BUKIT TIMAH ROAD,0.0
bukit_timah_road,Bukit Timah Road,6102.0,27620.367,33477.768,2.777,,5.122,,,BUKIT TIMAH ROAD,0.0
bukit_timah_road,Bukit Timah Road,6104.0,27622.264,33477.133,2.844,4.55,4.55,,,BUKIT TIMAH ROAD,0.0
bukit_timah_road,Bukit Timah Road,6106.0,27624.16,33476.498,2.794,3.978,3.978,,,BUKIT TIMAH ROAD,0.0
bukit_timah_road,Bukit Timah Road,6108.0,27626.057,33475.864,2.823,3.406,3.406,,,BUKIT TIMAH ROAD,0.0
bukit_timah_road,Bukit Timah Road,6110.0,27627.953,33475.229,2.834,2.834,3.192,,,BUKIT TIMAH ROAD,0.0
bukit_timah_road,Bukit Timah Road,6112.0,27629.85,33474.594,2.744,3.013,3.192,,,BUKIT TIMAH ROAD,0.0
bukit_timah_road,Bukit Timah Road,6114.0,27631.746,33473.959,3.192,3.192,3.153,0.0,1.0,BUKIT TIMAH ROAD,0.0
bukit_timah_road,Bukit Timah Road,6116.0,27633.643,33473.324,3.266,3.266,3.153,,,BUKIT TIMAH ROAD,0.0
bukit_timah_road,Bukit Timah Road,6118.0,27635.539,33472.689,3.153,3.153,3.192,,,BUKIT TIMAH ROAD,0.0
bukit_timah_road,Bukit Timah Road,6120.0,27637.436,33472.054,3.153,3.153,3.266,,,BUKIT TIMAH ROAD,0.0
bukit_timah_road,Bukit Timah Road,6122.0,27639.332,33471.419,3.15,3.373,3.373,,,BUKIT TIMAH ROAD,0.0
bukit_timah_road,Bukit Timah Road,6124.0,27641.229,33470.784,2.868,3.593,3.593,,,BUKIT TIMAH ROAD,0.0
bukit_timah_road,Bukit Timah Road,6126.0,27643.125,33470.149,4.037,3.834,3.593,,,BUKIT TIMAH ROAD,0.0
bukit_timah_road,Bukit Timah Road,6128.0,27645.022,33469.514,4.074,3.623,3.593,,,BUKIT TIMAH ROAD,0.0
bukit_timah_road,Bukit Timah Road,6130.0,27646.918,33468.879,4.099,3.412,3.412,,,BUKIT TIMAH ROAD,0.0
bukit_timah_road,Bukit Timah Road,6132.0,27648.815,33468.244,4.214,3.202,3.202,,,BUKIT TIMAH ROAD,0.0
bukit_timah_road,Bukit Timah Road,6134.0,27650.712,33467.609,2.767,2.991,3.202,,,BUKIT TIMAH ROAD,0.0
bukit_timah_road,Bukit Timah Road,6136.0,27652.608,33466.974,2.63,3.087,3.202,,,BUKIT TIMAH ROAD,0.0
bukit_timah_road,Bukit Timah Road,6138.0,27654.505,33466.339,2.637,3.334,3.334,,,BUKIT TIMAH ROAD,0.0
bukit_timah_road,Bukit Timah Road,6140.0,27656.401,33465.704,2.637,3.581,3.581,,,BUKIT TIMAH ROAD,0.0
bukit_timah_road,Bukit Timah Road,6142.0,27658.298,33465.069,2.637,4.086,4.086,,,BUKIT TIMAH ROAD,0.0
bukit_timah_road,Bukit Timah Road,6144.0,27660.194,33464.434,8.294,4.59,4.59,,,BUKIT TIMAH ROAD,0.0
bukit_timah_road,Bukit Timah Road,6146.0,27662.091,33463.799,8.531,5.094,5.094,,,BUKIT TIMAH ROAD,0.0
bukit_timah_road,Bukit Timah Road,6148.0,27663.987,33463.164,7.785,,5.598,,,BUKIT TIMAH ROAD,0.0
bukit_timah_road,Bukit Timah Road,6150.0,27665.884,33462.529,7.798,6.102,6.102,,,BUKIT TIMAH ROAD,0.0
bukit_timah_road,Bukit Timah Road,6152.0,27667.78,33461.894,7.473,6.606,6.606,,,BUKIT TIMAH ROAD,0.0
bukit_timah_road,Bukit Timah Road,6154.0,27669.677,33461.26,7.349,7.11,7.11,,,BUKIT TIMAH ROAD,0.0
bukit_timah_road,Bukit Timah Road,6156.0,27671.573,33460.625,7.272,7.614,7.614,,,BUKIT TIMAH ROAD,0.0
bukit_timah_road,Bukit Timah Road,6158.0,27673.47,33459.99,7.879,7.879,7.614,,,BUKIT TIMAH ROAD,0.0
bukit_timah_road,Bukit Timah Road,6160.0,27675.366,33459.355,8.251,7.711,7.614,,,BUKIT TIMAH ROAD,0.0
bukit_timah_road,Bukit Timah Road,6162.0,27677.263,33458.72,8.815,7.543,7.543,,,BUKIT TIMAH ROAD,0.0
bukit_timah_road,Bukit Timah Road,6164.0,27679.159,33458.085,7.933,7.374,7.374,,,BUKIT TIMAH ROAD,0.0
bukit_timah_road,Bukit Timah Road,6166.0,27681.056,33457.45,5.695,7.206,7.206,,,BUKIT TIMAH ROAD,0.0
bukit_timah_road,Bukit Timah Road,6168.0,27682.953,33456.815,5.816,7.037,7.037,,,BUKIT TIMAH ROAD,0.0
bukit_timah_road,Bukit Timah Road,6170.0,27684.849,33456.18,5.937,6.869,6.869,,,BUKIT TIMAH ROAD,0.0
bukit_timah_road,Bukit Timah Road,6172.0,27686.746,33455.545,8.131,6.7,6.823,,,BUKIT TIMAH ROAD,0.0
bukit_timah_road,Bukit Timah Road,6174.0,27688.642,33454.91,7.509,6.532,6.823,,,BUKIT TIMAH ROAD,0.0
bukit_timah_road,Bukit Timah Road,6176.0,27690.539,33454.275,7.329,6.823,6.823,,,BUKIT TIMAH ROAD,0.0
bukit_timah_road,Bukit Timah Road,6178.0,27692.435,33453.64,6.195,7.115,7.115,,,BUKIT TIMAH ROAD,0.0
bukit_timah_road,Bukit Timah Road,6180.0,27694.332,33453.005,6.207,7.407,7.407,,,BUKIT TIMAH ROAD,0.0
bukit_timah_road,Bukit Timah Road,6182.0,27696.228,33452.37,6.939,7.699,7.699,,,BUKIT TIMAH ROAD,0.0
bukit_timah_road,Bukit Timah Road,6184.0,27698.125,33451.735,8.524,7.99,7.699,,,BUKIT TIMAH ROAD,0.0
bukit_timah_road,Bukit Timah Road,6186.0,27700.021,33451.1,8.635,7.767,7.699,,,BUKIT TIMAH ROAD,0.0
bukit_timah_road,Bukit Timah Road,6188.0,27701.918,33450.465,7.942,7.544,7.544,,,BUKIT TIMAH ROAD,0.0
bukit_timah_road,Bukit Timah Road,6190.0,27703.814,33449.83,8.131,7.321,7.321,,,BUKIT TIMAH ROAD,0.0
bukit_timah_road,Bukit Timah Road,6192.0,27705.711,33449.195,8.017,7.098,7.266,,,BUKIT TIMAH ROAD,0.0
bukit_timah_road,Bukit Timah Road,6194.0,27707.607,33448.56,7.042,7.182,7.266,,,BUKIT TIMAH ROAD,0.0
bukit_timah_road,Bukit Timah Road,6196.0,27709.504,33447.925,7.17,7.266,7.266,,,BUKIT TIMAH ROAD,0.0
bukit_timah_road,Bukit Timah Road,6198.0,27711.401,33447.29,2.885,7.35,7.35,,,BUKIT TIMAH ROAD,0.0
bukit_timah_road,Bukit Timah Road,6200.0,27713.297,33446.655,2.965,7.434,7.434,,,BUKIT TIMAH ROAD,0.0
bukit_timah_road,Bukit Timah Road,6202.0,27715.194,33446.021,2.919,7.519,7.519,,,BUKIT TIMAH ROAD,0.0
bukit_timah_road,Bukit Timah Road,6204.0,27717.09,33445.386,2.968,7.603,7.603,,,BUKIT TIMAH ROAD,0.0
bukit_timah_road,Bukit Timah Road,6206.0,27718.987,33444.751,3.058,7.687,7.687,,,BUKIT TIMAH ROAD,0.0
bukit_timah_road,Bukit Timah Road,6210.0,27722.82,33443.661,7.415,7.771,7.771,,,BUKIT TIMAH ROAD,0.0
bukit_timah_road,Bukit Timah Road,6212.0,27724.715,33443.022,7.35,7.855,7.855,,,BUKIT TIMAH ROAD,0.0
bukit_timah_road,Bukit Timah Road,6214.0,27726.61,33442.383,7.793,7.939,7.939,,,BUKIT TIMAH ROAD,0.0
bukit_timah_road,Bukit Timah Road,6216.0,27728.505,33441.744,9.418,8.024,8.024,,,BUKIT TIMAH ROAD,0.0
bukit_timah_road,Bukit Timah Road,6218.0,27730.4,33441.104,9.379,8.108,8.108,,,BUKIT TIMAH ROAD,0.0
bukit_timah_road,Bukit Timah Road,6220.0,27732.295,33440.465,8.037,8.192,8.192,,,BUKIT TIMAH ROAD,0.0
bukit_timah_road,Bukit Timah Road,6222.0,27734.19,33439.826,7.637,8.428,8.192,,,BUKIT TIMAH ROAD,0.0
bukit_timah_road,Bukit Timah Road,6224.0,27736.086,33439.188,6.441,8.234,8.192,,,BUKIT TIMAH ROAD,0.0
bukit_timah_road,Bukit Timah Road,6226.0,27737.987,33438.567,9.908,8.04,8.04,,,BUKIT TIMAH ROAD,0.0
bukit_timah_road,Bukit Timah Road,6228.0,27739.888,33437.947,9.599,7.847,7.847,,,BUKIT TIMAH ROAD,0.0
bukit_timah_road,Bukit Timah Road,6230.0,27741.79,33437.326,8.147,7.653,7.653,,,BUKIT TIMAH ROAD,0.0
bukit_timah_road,Bukit Timah Road,6232.0,27743.691,33436.706,8.447,7.459,7.459,,,BUKIT TIMAH ROAD,0.0
bukit_timah_road,Bukit Timah Road,6234.0,27745.592,33436.086,9.406,7.178,7.178,,,BUKIT TIMAH ROAD,0.0
bukit_timah_road,Bukit Timah Road,6236.0,27747.494,33435.465,7.639,6.869,6.869,,,BUKIT TIMAH ROAD,0.0
bukit_timah_road,Bukit Timah Road,6238.0,27749.395,33434.845,7.721,6.56,6.56,,,BUKIT TIMAH ROAD,0.0
bukit_timah_road,Bukit Timah Road,6240.0,27751.296,33434.224,6.685,6.25,6.25,,,BUKIT TIMAH ROAD,0.0
bukit_timah_road,Bukit Timah Road,6242.0,27753.198,33433.604,6.434,6.024,6.024,,,BUKIT TIMAH ROAD,0.0
bukit_timah_road,Bukit Timah Road,6244.0,27755.099,33432.983,4.894,5.797,5.797,,,BUKIT TIMAH ROAD,0.0
bukit_timah_road,Bukit Timah Road,6246.0,27757.0,33432.363,4.926,5.57,5.57,,,BUKIT TIMAH ROAD,0.0
bukit_timah_road,Bukit Timah Road,6248.0,27758.902,33431.743,4.958,5.343,5.343,,,BUKIT TIMAH ROAD,0.0
bukit_timah_road,Bukit Timah Road,6250.0,27760.803,33431.122,5.486,5.116,5.274,,,BUKIT TIMAH ROAD,0.0
bukit_timah_road,Bukit Timah Road,6252.0,27762.704,33430.502,5.274,5.274,5.116,,,BUKIT TIMAH ROAD,0.0
bukit_timah_road,Bukit Timah Road,6254.0,27764.606,33429.881,7.624,5.092,5.092,,,BUKIT TIMAH ROAD,0.0
bukit_timah_road,Bukit Timah Road,6256.0,27766.507,33429.261,8.522,4.909,4.909,,,BUKIT TIMAH ROAD,0.0
bukit_timah_road,Bukit Timah Road,6258.0,27768.408,33428.64,10.975,4.727,4.727,,,BUKIT TIMAH ROAD,0.0
bukit_timah_road,Bukit Timah Road,6260.0,27770.31,33428.02,6.015,4.544,4.544,,,BUKIT TIMAH ROAD,0.0
bukit_timah_road,Bukit Timah Road,6262.0,27772.211,33427.4,6.217,4.361,4.361,,,BUKIT TIMAH ROAD,0.0
bukit_timah_road,Bukit Timah Road,6264.0,27774.112,33426.779,7.205,4.179,4.179,,,BUKIT TIMAH ROAD,0.0
bukit_timah_road,Bukit Timah Road,6266.0,27776.014,33426.159,8.395,3.996,3.996,,,BUKIT TIMAH ROAD,0.0
bukit_timah_road,Bukit Timah Road,6268.0,27777.915,33425.538,9.04,3.813,3.813,,,BUKIT TIMAH ROAD,0.0
bukit_timah_road,Bukit Timah Road,6270.0,27779.816,33424.918,7.62,3.631,3.631,,,BUKIT TIMAH ROAD,0.0
bukit_timah_road,Bukit Timah Road,6272.0,27781.718,33424.297,8.474,3.448,3.448,,,BUKIT TIMAH ROAD,0.0
bukit_timah_road,Bukit Timah Road,6274.0,27783.619,33423.677,7.178,3.266,3.266,,,BUKIT TIMAH ROAD,0.0
bukit_timah_road,Bukit Timah Road,6276.0,27785.52,33423.057,2.886,3.083,3.083,,,BUKIT TIMAH ROAD,0.0
bukit_timah_road,Bukit Timah Road,6278.0,27787.422,33422.436,2.9,2.9,2.9,,,BUKIT TIMAH ROAD,0.0
bukit_timah_road,Bukit Timah Road,6280.0,27789.323,33421.816,2.79,2.79,2.79,,,BUKIT TIMAH ROAD,0.0
bukit_timah_road,Bukit Timah Road,6282.0,27791.224,33421.195,2.607,2.607,2.649,-3.145,1.0,BUKIT TIMAH ROAD,0.0
bukit_timah_road,Bukit Timah Road,6284.0,27793.126,33420.575,2.607,2.607,2.649,,,BUKIT TIMAH ROAD,0.0
bukit_timah_road,Bukit Timah Road,6286.0,27795.027,33419.954,2.649,2.649,2.649,,,BUKIT TIMAH ROAD,0.0
bukit_timah_road,Bukit Timah Road,6288.0,27796.928,33419.334,2.469,2.897,2.897,,,BUKIT TIMAH ROAD,0.0
bukit_timah_road,Bukit Timah Road,6290.0,27798.83,33418.714,2.469,3.146,3.146,,,BUKIT TIMAH ROAD,0.0
bukit_timah_road,Bukit Timah Road,6292.0,27800.731,33418.093,11.27,3.812,3.812,,,BUKIT TIMAH ROAD,0.0
bukit_timah_road,Bukit Timah Road,6294.0,27802.632,33417.473,10.943,4.479,4.479,,,BUKIT TIMAH ROAD,0.0
bukit_timah_road,Bukit Timah Road,6296.0,27804.534,33416.852,11.576,5.145,5.145,,,BUKIT TIMAH ROAD,0.0
bukit_timah_road,Bukit Timah Road,6298.0,27806.435,33416.232,12.248,,5.811,,,BUKIT TIMAH ROAD,0.0
bukit_timah_road,Bukit Timah Road,6300.0,27808.336,33415.611,11.565,,6.478,,,BUKIT TIMAH ROAD,0.0
bukit_timah_road,Bukit Timah Road,6302.0,27810.238,33414.991,9.434,7.144,7.144,,,BUKIT TIMAH ROAD,0.0
bukit_timah_road,Bukit Timah Road,6304.0,27812.139,33414.371,9.573,7.811,7.811,,,BUKIT TIMAH ROAD,0.0
bukit_timah_road,Bukit Timah Road,6306.0,27814.04,33413.75,9.948,8.477,8.477,,,BUKIT TIMAH ROAD,0.0
bukit_timah_road,Bukit Timah Road,6308.0,27815.942,33413.13,9.84,9.144,8.815,,,BUKIT TIMAH ROAD,0.0
bukit_timah_road,Bukit Timah Road,6310.0,27817.843,33412.509,8.929,8.929,8.815,,,BUKIT TIMAH ROAD,0.0
bukit_timah_road,Bukit Timah Road,6312.0,27819.744,33411.889,8.815,8.815,8.815,,,BUKIT TIMAH ROAD,0.0
bukit_timah_road,Bukit Timah Road,6314.0,27821.646,33411.268,7.537,8.695,8.695,,,BUKIT TIMAH ROAD,0.0
bukit_timah_road,Bukit Timah Road,6316.0,27823.547,33410.648,8.421,8.576,8.576,,,BUKIT TIMAH ROAD,0.0
bukit_timah_road,Bukit Timah Road,6318.0,27825.448,33410.028,9.059,8.457,8.457,,,BUKIT TIMAH ROAD,0.0
bukit_timah_road,Bukit Timah Road,6320.0,27827.35,33409.407,10.132,8.337,8.337,,,BUKIT TIMAH ROAD,0.0
bukit_timah_road,Bukit Timah Road,6322.0,27829.251,33408.787,9.714,8.218,8.218,,,BUKIT TIMAH ROAD,0.0
bukit_timah_road,Bukit Timah Road,6324.0,27831.152,33408.166,10.654,8.099,8.099,,,BUKIT TIMAH ROAD,0.0
bukit_timah_road,Bukit Timah Road,6326.0,27833.054,33407.546,11.04,7.979,7.979,,,BUKIT TIMAH ROAD,0.0
bukit_timah_road,Bukit Timah Road,6328.0,27834.955,33406.926,8.861,7.86,7.86,,,BUKIT TIMAH ROAD,0.0
bukit_timah_road,Bukit Timah Road,6330.0,27836.856,33406.305,7.582,7.741,7.741,,,BUKIT TIMAH ROAD,0.0
bukit_timah_road,Bukit Timah Road,6332.0,27838.758,33405.685,5.425,7.621,7.699,,,BUKIT TIMAH ROAD,0.0
bukit_timah_road,Bukit Timah Road,6334.0,27840.659,33405.064,3.124,7.66,7.699,,,BUKIT TIMAH ROAD,0.0
bukit_timah_road,Bukit Timah Road,6336.0,27842.56,33404.444,4.822,7.699,7.66,,,BUKIT TIMAH ROAD,0.0
bukit_timah_road,Bukit Timah Road,6338.0,27844.462,33403.823,7.738,7.738,7.66,,,BUKIT TIMAH ROAD,0.0
bukit_timah_road,Bukit Timah Road,6340.0,27846.363,33403.203,8.515,7.218,7.218,,,BUKIT TIMAH ROAD,0.0
bukit_timah_road,Bukit Timah Road,6342.0,27848.264,33402.583,10.264,6.699,6.699,,,BUKIT TIMAH ROAD,0.0
bukit_timah_road,Bukit Timah Road,6344.0,27850.166,33401.962,11.003,6.18,6.18,,,BUKIT TIMAH ROAD,0.0
bukit_timah_road,Bukit Timah Road,6346.0,27852.067,33401.342,11.592,,5.66,,,BUKIT TIMAH ROAD,0.0
bukit_timah_road,Bukit Timah Road,6348.0,27853.968,33400.721,10.778,,5.141,,,BUKIT TIMAH ROAD,0.0
bukit_timah_road,Bukit Timah Road,6350.0,27855.87,33400.101,9.174,4.621,4.621,,,BUKIT TIMAH ROAD,0.0
bukit_timah_road,Bukit Timah Road,6352.0,27857.771,33399.48,10.599,4.102,4.102,,,BUKIT TIMAH ROAD,0.0
bukit_timah_road,Bukit Timah Road,6354.0,27859.672,33398.86,3.144,3.582,3.582,,,BUKIT TIMAH ROAD,0.0
bukit_timah_road,Bukit Timah Road,6356.0,27861.574,33398.24,3.063,3.063,3.094,,,BUKIT TIMAH ROAD,0.0
bukit_timah_road,Bukit Timah Road,6358.0,27863.475,33397.619,3.082,3.082,3.094,,,BUKIT TIMAH ROAD,0.0
bukit_timah_road,Bukit Timah Road,6360.0,27865.376,33396.999,3.094,3.094,3.082,-1.25,1.0,BUKIT TIMAH ROAD,0.0
bukit_timah_road,Bukit Timah Road,6362.0,27867.278,33396.378,3.094,3.094,3.082,,,BUKIT TIMAH ROAD,0.0
bukit_timah_road,Bukit Timah Road,6364.0,27869.179,33395.758,2.994,2.994,2.994,,,BUKIT TIMAH ROAD,0.0
bukit_timah_road,Bukit Timah Road,6366.0,27871.08,33395.138,2.569,2.956,2.994,,,BUKIT TIMAH ROAD,0.0
bukit_timah_road,Bukit Timah Road,6368.0,27872.982,33394.517,2.569,2.917,2.994,,,BUKIT TIMAH ROAD,0.0
bukit_timah_road,Bukit Timah Road,6370.0,27874.883,33393.897,2.879,3.148,3.148,,,BUKIT TIMAH ROAD,0.0
bukit_timah_road,Bukit Timah Road,6372.0,27876.784,33393.276,2.929,3.379,3.379,,,BUKIT TIMAH ROAD,0.0
bukit_timah_road,Bukit Timah Road,6374.0,27878.686,33392.656,3.111,3.61,3.564,,,BUKIT TIMAH ROAD,0.0
bukit_timah_road,Bukit Timah Road,6376.0,27880.587,33392.036,3.111,3.587,3.564,,,BUKIT TIMAH ROAD,0.0
bukit_timah_road,Bukit Timah Road,6378.0,27882.488,33391.415,7.578,3.564,3.564,,,BUKIT TIMAH ROAD,0.0
bukit_timah_road,Bukit Timah Road,6380.0,27884.39,33390.795,5.816,3.54,3.54,,,BUKIT TIMAH ROAD,0.0
bukit_timah_road,Bukit Timah Road,6382.0,27886.291,33390.174,6.466,3.517,3.517,,,BUKIT TIMAH ROAD,0.0
bukit_timah_road,Bukit Timah Road,6384.0,27888.192,33389.554,8.655,3.494,3.494,,,BUKIT TIMAH ROAD,0.0
bukit_timah_road,Bukit Timah Road,6386.0,27890.094,33388.933,8.805,3.47,3.47,,,BUKIT TIMAH ROAD,0.0
bukit_timah_road,Bukit Timah Road,6388.0,27891.995,33388.313,8.327,3.447,3.447,,,BUKIT TIMAH ROAD,0.0
bukit_timah_road,Bukit Timah Road,6390.0,27893.896,33387.693,8.227,3.423,3.423,,,BUKIT TIMAH ROAD,0.0
bukit_timah_road,Bukit Timah Road,6392.0,27895.798,33387.072,8.859,3.4,3.4,,,BUKIT TIMAH ROAD,0.0
bukit_timah_road,Bukit Timah Road,6394.0,27897.699,33386.452,3.241,3.377,3.377,,,BUKIT TIMAH ROAD,0.0
bukit_timah_road,Bukit Timah Road,6396.0,27899.6,33385.831,3.273,3.353,3.353,,,BUKIT TIMAH ROAD,0.0
bukit_timah_road,Bukit Timah Road,6398.0,27901.502,33385.211,3.33,3.33,3.341,,,BUKIT TIMAH ROAD,0.0
bukit_timah_road,Bukit Timah Road,6400.0,27903.403,33384.591,3.341,3.341,3.33,,,BUKIT TIMAH ROAD,0.0
bukit_timah_road,Bukit Timah Road,6402.0,27905.304,33383.97,8.123,3.291,3.291,,,BUKIT TIMAH ROAD,0.0
bukit_timah_road,Bukit Timah Road,6404.0,27907.206,33383.35,8.141,3.241,3.241,,,BUKIT TIMAH ROAD,0.0
bukit_timah_road,Bukit Timah Road,6406.0,27909.107,33382.729,4.411,3.191,3.191,,,BUKIT TIMAH ROAD,0.0
bukit_timah_road,Bukit Timah Road,6408.0,27911.008,33382.109,3.061,3.141,3.141,,,BUKIT TIMAH ROAD,0.0
bukit_timah_road,Bukit Timah Road,6410.0,27912.91,33381.489,3.091,3.091,3.136,,,BUKIT TIMAH ROAD,0.0
bukit_timah_road,Bukit Timah Road,6412.0,27914.811,33380.868,3.045,3.045,3.128,,,BUKIT TIMAH ROAD,0.0
bukit_timah_road,Bukit Timah Road,6414.0,27916.712,33380.248,3.136,3.136,3.103,,,BUKIT TIMAH ROAD,0.0
bukit_timah_road,Bukit Timah Road,6416.0,27918.614,33379.627,3.128,3.128,3.103,,,BUKIT TIMAH ROAD,0.0
bukit_timah_road,Bukit Timah Road,6418.0,27920.515,33379.007,4.512,3.103,3.103,,,BUKIT TIMAH ROAD,0.0
bukit_timah_road,Bukit Timah Road,6420.0,27922.416,33378.386,4.494,3.077,3.077,,,BUKIT TIMAH ROAD,0.0
bukit_timah_road,Bukit Timah Road,6422.0,27924.318,33377.766,4.491,3.052,3.052,,,BUKIT TIMAH ROAD,0.0
bukit_timah_road,Bukit Timah Road,6424.0,27926.219,33377.146,4.584,3.026,3.026,,,BUKIT TIMAH ROAD,0.0
bukit_timah_road,Bukit Timah Road,6426.0,27928.12,33376.525,3.0,3.0,3.019,,,BUKIT TIMAH ROAD,0.0
bukit_timah_road,Bukit Timah Road,6428.0,27930.022,33375.905,3.019,3.019,3.019,,,BUKIT TIMAH ROAD,0.0
bukit_timah_road,Bukit Timah Road,6430.0,27931.923,33375.284,3.019,3.019,3.019,,,BUKIT TIMAH ROAD,0.0
bukit_timah_road,Bukit Timah Road,6432.0,27933.825,33374.664,2.994,3.356,3.356,,,BUKIT TIMAH ROAD,0.0
bukit_timah_road,Bukit Timah Road,6434.0,27935.726,33374.044,2.494,3.693,3.693,,,BUKIT TIMAH ROAD,0.0
bukit_timah_road,Bukit Timah Road,6436.0,27937.627,33373.423,2.494,4.029,4.029,,,BUKIT TIMAH ROAD,0.0
bukit_timah_road,Bukit Timah Road,6438.0,27939.529,33372.803,11.905,4.366,4.366,,,BUKIT TIMAH ROAD,0.0
bukit_timah_road,Bukit Timah Road,6440.0,27941.43,33372.182,11.952,4.703,4.703,,,BUKIT TIMAH ROAD,0.0
bukit_timah_road,Bukit Timah Road,6442.0,27943.331,33371.562,10.144,5.002,5.002,,,BUKIT TIMAH ROAD,0.0
bukit_timah_road,Bukit Timah Road,6444.0,27945.233,33370.942,10.123,5.302,5.302,,,BUKIT TIMAH ROAD,0.0
bukit_timah_road,Bukit Timah Road,6446.0,27947.134,33370.321,10.119,5.601,5.601,,,BUKIT TIMAH ROAD,0.0
bukit_timah_road,Bukit Timah Road,6448.0,27949.035,33369.701,11.959,5.9,5.9,,,BUKIT TIMAH ROAD,0.0
bukit_timah_road,Bukit Timah Road,6450.0,27950.937,33369.08,12.019,6.2,6.2,,,BUKIT TIMAH ROAD,0.0
bukit_timah_road,Bukit Timah Road,6452.0,27952.838,33368.46,11.309,6.499,6.499,,,BUKIT TIMAH ROAD,0.0
bukit_timah_road,Bukit Timah Road,6454.0,27954.738,33367.835,11.137,6.799,6.799,,,BUKIT TIMAH ROAD,0.0
bukit_timah_road,Bukit Timah Road,6456.0,27956.638,33367.21,9.598,7.098,7.098,,,BUKIT TIMAH ROAD,0.0
bukit_timah_road,Bukit Timah Road,6458.0,27958.537,33366.585,9.48,7.397,7.397,,,BUKIT TIMAH ROAD,0.0
bukit_timah_road,Bukit Timah Road,6460.0,27960.437,33365.96,7.78,7.697,7.409,,,BUKIT TIMAH ROAD,0.0
bukit_timah_road,Bukit Timah Road,6462.0,27962.337,33365.335,7.996,7.553,7.409,,,BUKIT TIMAH ROAD,0.0
bukit_timah_road,Bukit Timah Road,6464.0,27964.237,33364.71,7.883,7.409,7.409,,,BUKIT TIMAH ROAD,0.0
bukit_timah_road,Bukit Timah Road,6466.0,27966.137,33364.085,8.215,6.847,6.847,,,BUKIT TIMAH ROAD,0.0
bukit_timah_road,Bukit Timah Road,6468.0,27968.037,33363.46,8.377,6.284,6.284,,,BUKIT TIMAH ROAD,0.0
bukit_timah_road,Bukit Timah Road,6470.0,27969.937,33362.835,5.41,5.722,5.722,,,BUKIT TIMAH ROAD,0.0
bukit_timah_road,Bukit Timah Road,6472.0,27971.836,33362.21,4.981,,5.16,,,BUKIT TIMAH ROAD,0.0
bukit_timah_road,Bukit Timah Road,6474.0,27973.736,33361.585,5.211,4.598,4.598,,,BUKIT TIMAH ROAD,0.0
bukit_timah_road,Bukit Timah Road,6476.0,27975.636,33360.96,2.924,4.035,4.035,,,BUKIT TIMAH ROAD,0.0
bukit_timah_road,Bukit Timah Road,6478.0,27977.536,33360.335,2.799,3.473,3.473,,,BUKIT TIMAH ROAD,0.0
bukit_timah_road,Bukit Timah Road,6480.0,27979.436,33359.71,2.911,2.911,2.916,,,BUKIT TIMAH ROAD,0.0
bukit_timah_road,Bukit Timah Road,6482.0,27981.336,33359.085,2.916,2.916,2.916,,,BUKIT TIMAH ROAD,0.0
bukit_timah_road,Bukit Timah Road,6484.0,27983.235,33358.46,2.916,2.916,2.916,1.688,1.0,BUKIT TIMAH ROAD,0.0
bukit_timah_road,Bukit Timah Road,6486.0,27985.135,33357.835,3.066,3.066,3.051,1.688,1.0,BUKIT TIMAH ROAD,0.0
bukit_timah_road,Bukit Timah Road,6488.0,27987.035,33357.21,3.071,3.071,3.051,0.891,1.0,BUKIT TIMAH ROAD,0.0
bukit_timah_road,Bukit Timah Road,6490.0,27988.935,33356.585,3.051,3.051,3.051,-0.797,1.0,BUKIT TIMAH ROAD,0.0
bukit_timah_road,Bukit Timah Road,6492.0,27990.835,33355.96,2.967,2.967,2.987,-1.047,1.0,BUKIT TIMAH ROAD,0.0
bukit_timah_road,Bukit Timah Road,6494.0,27992.735,33355.335,2.987,2.987,2.987,-1.645,1.0,BUKIT TIMAH ROAD,0.0
bukit_timah_road,Bukit Timah Road,6496.0,27994.634,33354.71,2.987,2.987,2.967,-0.875,1.0,BUKIT TIMAH ROAD,0.0
bukit_timah_road,Bukit Timah Road,6498.0,27996.534,33354.085,2.917,2.917,2.919,-1.386,1.0,BUKIT TIMAH ROAD,0.0
bukit_timah_road,Bukit Timah Road,6500.0,27998.434,33353.46,2.919,2.919,2.917,-0.962,1.0,BUKIT TIMAH ROAD,0.0
bukit_timah_road,Bukit Timah Road,6502.0,28000.334,33352.836,2.876,2.876,2.876,-0.538,1.0,BUKIT TIMAH ROAD,0.0
bukit_timah_road,Bukit Timah Road,6504.0,28002.234,33352.211,2.469,2.797,2.876,,,BUKIT TIMAH ROAD,0.0
bukit_timah_road,Bukit Timah Road,6506.0,28004.134,33351.586,2.718,2.718,2.876,,,BUKIT TIMAH ROAD,0.0
bukit_timah_road,Bukit Timah Road,6508.0,28006.034,33350.961,2.718,2.995,2.995,,,BUKIT TIMAH ROAD,0.0
bukit_timah_road,Bukit Timah Road,6510.0,28007.933,33350.336,2.743,3.272,3.272,,,BUKIT TIMAH ROAD,0.0
bukit_timah_road,Bukit Timah Road,6512.0,28009.833,33349.711,2.743,3.549,3.549,,,BUKIT TIMAH ROAD,0.0
bukit_timah_road,Bukit Timah Road,6514.0,28011.733,33349.086,3.653,3.825,3.825,,,BUKIT TIMAH ROAD,0.0
bukit_timah_road,Bukit Timah Road,6516.0,28013.633,33348.461,4.827,4.121,4.121,,,BUKIT TIMAH ROAD,0.0
bukit_timah_road,Bukit Timah Road,6518.0,28015.533,33347.836,6.459,4.416,4.416,,,BUKIT TIMAH ROAD,0.0
bukit_timah_road,Bukit Timah Road,6520.0,28017.433,33347.211,6.371,4.711,4.711,,,BUKIT TIMAH ROAD,0.0
bukit_timah_road,Bukit Timah Road,6522.0,28019.332,33346.586,2.903,5.006,5.006,,,BUKIT TIMAH ROAD,0.0
bukit_timah_road,Bukit Timah Road,6524.0,28021.232,33345.961,2.928,5.066,5.066,,,BUKIT TIMAH ROAD,0.0
bukit_timah_road,Bukit Timah Road,6526.0,28023.132,33345.336,5.126,5.126,5.126,,,BUKIT TIMAH ROAD,0.0
bukit_timah_road,Bukit Timah Road,6528.0,28025.032,33344.711,4.576,5.631,5.631,,,BUKIT TIMAH ROAD,0.0
bukit_timah_road,Bukit Timah Road,6530.0,28026.932,33344.086,4.461,6.137,6.137,,,BUKIT TIMAH ROAD,0.0
bukit_timah_road,Bukit Timah Road,6532.0,28028.832,33343.461,5.416,6.643,6.643,,,BUKIT TIMAH ROAD,0.0
bukit_timah_road,Bukit Timah Road,6534.0,28030.731,33342.836,7.871,,7.148,,,BUKIT TIMAH ROAD,0.0
bukit_timah_road,Bukit Timah Road,6536.0,28032.631,33342.211,2.469,7.654,7.654,,,BUKIT TIMAH ROAD,0.0
bukit_timah_road,Bukit Timah Road,6538.0,28034.531,33341.586,9.086,8.16,8.16,,,BUKIT TIMAH ROAD,0.0
bukit_timah_road,Bukit Timah Road,6540.0,28036.431,33340.961,9.141,8.665,8.665,,,BUKIT TIMAH ROAD,0.0
bukit_timah_road,Bukit Timah Road,6542.0,28038.331,33340.336,9.171,9.171,8.665,,,BUKIT TIMAH ROAD,0.0
bukit_timah_road,Bukit Timah Road,6544.0,28040.231,33339.711,9.191,8.876,8.665,,,BUKIT TIMAH ROAD,0.0
bukit_timah_road,Bukit Timah Road,6546.0,28042.131,33339.086,9.001,8.582,8.582,,,BUKIT TIMAH ROAD,0.0
bukit_timah_road,Bukit Timah Road,6548.0,28044.03,33338.461,9.531,8.287,8.287,,,BUKIT TIMAH ROAD,0.0
bukit_timah_road,Bukit Timah Road,6550.0,28045.93,33337.836,9.056,7.993,7.993,,,BUKIT TIMAH ROAD,0.0
bukit_timah_road,Bukit Timah Road,6552.0,28047.83,33337.211,8.866,7.699,7.699,,,BUKIT TIMAH ROAD,0.0
bukit_timah_road,Bukit Timah Road,6554.0,28049.73,33336.586,10.261,7.404,7.5,,,BUKIT TIMAH ROAD,0.0
bukit_timah_road,Bukit Timah Road,6556.0,28051.63,33335.961,11.636,7.452,7.5,,,BUKIT TIMAH ROAD,0.0
bukit_timah_road,Bukit Timah Road,6558.0,28053.53,33335.336,2.759,7.5,7.5,,,BUKIT TIMAH ROAD,0.0
bukit_timah_road,Bukit Timah Road,6560.0,28055.429,33334.711,3.218,7.549,7.549,,,BUKIT TIMAH ROAD,0.0
bukit_timah_road,Bukit Timah Road,6562.0,28057.329,33334.086,3.328,7.73,7.73,,,BUKIT TIMAH ROAD,0.0
bukit_timah_road,Bukit Timah Road,6564.0,28059.229,33333.461,3.103,7.912,7.912,,,BUKIT TIMAH ROAD,0.0
bukit_timah_road,Bukit Timah Road,6566.0,28061.129,33332.836,3.434,8.187,8.187,,,BUKIT TIMAH ROAD,0.0
bukit_timah_road,Bukit Timah Road,6568.0,28063.029,33332.211,6.159,8.463,8.463,,,BUKIT TIMAH ROAD,0.0
bukit_timah_road,Bukit Timah Road,6570.0,28064.929,33331.586,5.709,8.738,8.738,,,BUKIT TIMAH ROAD,0.0
bukit_timah_road,Bukit Timah Road,6572.0,28066.828,33330.961,8.547,9.014,9.014,,,BUKIT TIMAH ROAD,0.0
bukit_timah_road,Bukit Timah Road,6574.0,28068.728,33330.336,9.865,9.289,9.289,,,BUKIT TIMAH ROAD,0.0
bukit_timah_road,Bukit Timah Road,6576.0,28070.628,33329.711,9.804,9.564,9.564,,,BUKIT TIMAH ROAD,0.0
bukit_timah_road,Bukit Timah Road,6578.0,28072.528,33329.086,9.84,9.84,9.577,,,BUKIT TIMAH ROAD,0.0
bukit_timah_road,Bukit Timah Road,6580.0,28074.428,33328.461,9.577,9.577,9.617,,,BUKIT TIMAH ROAD,0.0
bukit_timah_road,Bukit Timah Road,6582.0,28076.328,33327.836,9.091,9.617,9.658,,,BUKIT TIMAH ROAD,0.0
bukit_timah_road,Bukit Timah Road,6584.0,28078.228,33327.211,11.105,9.658,9.658,,,BUKIT TIMAH ROAD,0.0
bukit_timah_road,Bukit Timah Road,6586.0,28080.127,33326.586,11.408,9.698,9.698,,,BUKIT TIMAH ROAD,0.0
bukit_timah_road,Bukit Timah Road,6588.0,28082.027,33325.961,13.419,9.738,9.738,,,BUKIT TIMAH ROAD,0.0
bukit_timah_road,Bukit Timah Road,6590.0,28083.927,33325.336,13.306,9.778,9.778,,,BUKIT TIMAH ROAD,0.0
bukit_timah_road,Bukit Timah Road,6592.0,28085.827,33324.711,12.991,9.818,9.818,,,BUKIT TIMAH ROAD,0.0
bukit_timah_road,Bukit Timah Road,6594.0,28087.727,33324.086,11.802,9.858,9.858,,,BUKIT TIMAH ROAD,0.0
bukit_timah_road,Bukit Timah Road,6596.0,28089.627,33323.461,11.322,9.899,9.899,,,BUKIT TIMAH ROAD,0.0
bukit_timah_road,Bukit Timah Road,6598.0,28091.526,33322.836,5.868,9.939,9.939,,,BUKIT TIMAH ROAD,0.0
bukit_timah_road,Bukit Timah Road,6600.0,28093.426,33322.211,5.049,9.979,9.979,,,BUKIT TIMAH ROAD,0.0
bukit_timah_road,Bukit Timah Road,6602.0,28095.326,33321.586,8.504,10.019,10.019,,,BUKIT TIMAH ROAD,0.0
bukit_timah_road,Bukit Timah Road,6604.0,28097.226,33320.962,9.371,10.059,10.059,,,BUKIT TIMAH ROAD,0.0
bukit_timah_road,Bukit Timah Road,6606.0,28099.126,33320.337,11.342,10.099,10.099,,,BUKIT TIMAH ROAD,0.0
bukit_timah_road,Bukit Timah Road,6608.0,28101.026,33319.712,10.736,10.14,10.14,,,BUKIT TIMAH ROAD,0.0
bukit_timah_road,Bukit Timah Road,6610.0,28102.925,33319.087,9.544,10.18,10.18,,,BUKIT TIMAH ROAD,0.0
bukit_timah_road,Bukit Timah Road,6612.0,28104.825,33318.461,8.497,10.22,10.22,,,BUKIT TIMAH ROAD,0.0
bukit_timah_road,Bukit Timah Road,6614.0,28106.725,33317.836,8.824,10.26,10.26,,,BUKIT TIMAH ROAD,0.0
bukit_timah_road,Bukit Timah Road,6616.0,28108.625,33317.211,8.879,10.3,10.3,,,BUKIT TIMAH ROAD,0.0
bukit_timah_road,Bukit Timah Road,6618.0,28110.525,33316.586,11.369,10.34,10.34,,,BUKIT TIMAH ROAD,0.0
bukit_timah_road,Bukit Timah Road,6620.0,28112.424,33315.961,10.381,10.381,10.381,,,BUKIT TIMAH ROAD,0.0
bukit_timah_road,Bukit Timah Road,6622.0,28114.324,33315.336,10.619,10.619,10.619,,,BUKIT TIMAH ROAD,0.0
bukit_timah_road,Bukit Timah Road,6624.0,28116.224,33314.711,10.058,10.681,10.681,,,BUKIT TIMAH ROAD,0.0
bukit_timah_road,Bukit Timah Road,6626.0,28118.124,33314.086,10.9,10.743,10.743,,,BUKIT TIMAH ROAD,0.0
bukit_timah_road,Bukit Timah Road,6628.0,28120.024,33313.461,11.369,10.805,10.743,,,BUKIT TIMAH ROAD,0.0
bukit_timah_road,Bukit Timah Road,6630.0,28121.923,33312.835,11.294,10.867,10.743,,,BUKIT TIMAH ROAD,0.0
bukit_timah_road,Bukit Timah Road,6632.0,28123.823,33312.21,10.928,10.604,10.604,,,BUKIT TIMAH ROAD,0.0
bukit_timah_road,Bukit Timah Road,6634.0,28125.723,33311.585,10.77,10.342,10.342,,,BUKIT TIMAH ROAD,0.0
bukit_timah_road,Bukit Timah Road,6636.0,28127.623,33310.96,10.086,10.08,10.112,,,BUKIT TIMAH ROAD,0.0
bukit_timah_road,Bukit Timah Road,6638.0,28129.523,33310.335,7.257,10.112,10.08,,,BUKIT TIMAH ROAD,0.0
bukit_timah_road,Bukit Timah Road,6640.0,28131.422,33309.71,7.048,9.905,9.905,,,BUKIT TIMAH ROAD,0.0
bukit_timah_road,Bukit Timah Road,6642.0,28133.322,33309.085,6.921,9.579,9.579,,,BUKIT TIMAH ROAD,0.0
bukit_timah_road,Bukit Timah Road,6644.0,28135.222,33308.46,8.811,9.252,9.252,,,BUKIT TIMAH ROAD,0.0
bukit_timah_road,Bukit Timah Road,6646.0,28137.122,33307.834,9.694,8.806,8.806,,,BUKIT TIMAH ROAD,0.0
bukit_timah_road,Bukit Timah Road,6648.0,28139.022,33307.209,12.372,8.36,8.36,,,BUKIT TIMAH ROAD,0.0
bukit_timah_road,Bukit Timah Road,6650.0,28140.921,33306.584,12.108,7.914,7.914,,,BUKIT TIMAH ROAD,0.0
bukit_timah_road,Bukit Timah Road,6652.0,28142.821,33305.959,12.099,7.468,7.468,,,BUKIT TIMAH ROAD,0.0
bukit_timah_road,Bukit Timah Road,6654.0,28144.721,33305.334,11.914,7.022,7.022,,,BUKIT TIMAH ROAD,0.0
bukit_timah_road,Bukit Timah Road,6656.0,28146.621,33304.709,11.868,6.576,6.576,,,BUKIT TIMAH ROAD,0.0
bukit_timah_road,Bukit Timah Road,6658.0,28148.521,33304.084,10.704,6.13,6.13,,,BUKIT TIMAH ROAD,0.0
bukit_timah_road,Bukit Timah Road,6660.0,28150.42,33303.459,7.681,5.684,5.684,,,BUKIT TIMAH ROAD,0.0
bukit_timah_road,Bukit Timah Road,6662.0,28152.32,33302.834,6.948,5.238,5.238,,,BUKIT TIMAH ROAD,0.0
bukit_timah_road,Bukit Timah Road,6664.0,28154.22,33302.208,6.416,4.792,4.792,,,BUKIT TIMAH ROAD,0.0
bukit_timah_road,Bukit Timah Road,6666.0,28156.12,33301.583,6.98,4.346,4.346,,,BUKIT TIMAH ROAD,0.0
bukit_timah_road,Bukit Timah Road,6668.0,28158.02,33300.958,3.132,3.9,3.9,,,BUKIT TIMAH ROAD,0.0
bukit_timah_road,Bukit Timah Road,6670.0,28159.919,33300.333,3.023,3.454,3.454,,,BUKIT TIMAH ROAD,0.0
bukit_timah_road,Bukit Timah Road,6672.0,28161.819,33299.708,3.008,3.008,3.008,,,BUKIT TIMAH ROAD,0.0
bukit_timah_road,Bukit Timah Road,6674.0,28163.719,33299.083,2.914,2.914,2.914,,,BUKIT TIMAH ROAD,0.0
bukit_timah_road,Bukit Timah Road,6676.0,28165.619,33298.458,2.698,2.698,2.914,,,BUKIT TIMAH ROAD,0.0
bukit_timah_road,Bukit Timah Road,6678.0,28167.519,33297.833,2.816,2.816,2.914,,,BUKIT TIMAH ROAD,0.0
bukit_timah_road,Bukit Timah Road,6680.0,28169.418,33297.208,2.816,3.052,3.052,,,BUKIT TIMAH ROAD,0.0
bukit_timah_road,Bukit Timah Road,6682.0,28171.318,33296.582,3.028,3.289,3.289,9.021,2.0,BUKIT TIMAH ROAD,0.0
bukit_timah_road,Bukit Timah Road,6684.0,28173.161,33295.807,3.759,3.526,3.526,,,BUKIT TIMAH ROAD,0.0
bukit_timah_road,Bukit Timah Road,6686.0,28174.996,33295.012,3.763,3.763,3.635,,,BUKIT TIMAH ROAD,0.0
bukit_timah_road,Bukit Timah Road,6688.0,28176.831,33294.217,3.742,3.742,3.644,,,BUKIT TIMAH ROAD,0.0
bukit_timah_road,Bukit Timah Road,6690.0,28178.667,33293.423,3.635,3.635,3.644,0.105,1.0,BUKIT TIMAH ROAD,0.0
bukit_timah_road,Bukit Timah Road,6692.0,28180.502,33292.628,3.644,3.644,3.644,2.362,1.0,BUKIT TIMAH ROAD,0.0
bukit_timah_road,Bukit Timah Road,6694.0,28182.337,33291.833,3.635,3.635,3.644,3.398,1.0,BUKIT TIMAH ROAD,0.0
bukit_timah_road,Bukit Timah Road,6696.0,28184.173,33291.038,3.915,3.915,3.833,4.501,1.0,BUKIT TIMAH ROAD,0.0
bukit_timah_road,Bukit Timah Road,6698.0,28186.008,33290.243,3.833,3.833,3.915,4.501,1.0,BUKIT TIMAH ROAD,0.0
bukit_timah_road,Bukit Timah Road,6700.0,28187.843,33289.449,4.063,4.063,4.004,2.139,1.0,BUKIT TIMAH ROAD,0.0
bukit_timah_road,Bukit Timah Road,6702.0,28189.679,33288.654,4.004,4.004,4.004,0.976,1.0,BUKIT TIMAH ROAD,0.0
bukit_timah_road,Bukit Timah Road,6704.0,28191.514,33287.859,4.052,4.052,4.004,-0.226,1.0,BUKIT TIMAH ROAD,0.0
bukit_timah_road,Bukit Timah Road,6706.0,28193.349,33287.064,3.994,3.994,3.994,-1.667,1.0,BUKIT TIMAH ROAD,0.0
bukit_timah_road,Bukit Timah Road,6708.0,28195.184,33286.27,3.986,3.986,3.986,-1.667,1.0,BUKIT TIMAH ROAD,0.0
bukit_timah_road,Bukit Timah Road,6710.0,28197.02,33285.475,3.815,3.815,3.87,-1.54,1.0,BUKIT TIMAH ROAD,0.0
bukit_timah_road,Bukit Timah Road,6712.0,28198.855,33284.68,3.802,3.802,3.87,,,BUKIT TIMAH ROAD,0.0
bukit_timah_road,Bukit Timah Road,6714.0,28200.69,33283.885,3.87,3.87,3.87,,,BUKIT TIMAH ROAD,0.0
bukit_timah_road,Bukit Timah Road,6716.0,28202.526,33283.091,4.341,3.879,3.879,0.209,1.0,BUKIT TIMAH ROAD,0.0
bukit_timah_road,Bukit Timah Road,6718.0,28204.361,33282.296,4.487,3.887,3.887,0.209,1.0,BUKIT TIMAH ROAD,0.0
bukit_timah_road,Bukit Timah Road,6720.0,28206.113,33281.384,3.895,3.895,3.887,,,BUKIT TIMAH ROAD,0.0
bukit_timah_road,Bukit Timah Road,6722.0,28207.458,33279.904,3.961,3.961,3.887,,,BUKIT TIMAH ROAD,0.0
bukit_timah_road,Bukit Timah Road,6724.0,28208.804,33278.425,3.698,3.698,3.698,-2.361,1.0,BUKIT TIMAH ROAD,0.0
bukit_timah_road,Bukit Timah Road,6726.0,28210.149,33276.945,3.685,3.685,3.698,,,BUKIT TIMAH ROAD,0.0
bukit_timah_road,Bukit Timah Road,6728.0,28211.495,33275.465,3.682,3.682,3.698,,,BUKIT TIMAH ROAD,0.0
bukit_timah_road,Bukit Timah Road,6730.0,28212.84,33273.985,3.678,3.973,3.973,,,BUKIT TIMAH ROAD,0.0
bukit_timah_road,Bukit Timah Road,6732.0,28214.186,33272.506,4.294,4.264,4.264,,,BUKIT TIMAH ROAD,0.0
bukit_timah_road,Bukit Timah Road,6734.0,28215.531,33271.026,6.05,4.659,4.659,,,BUKIT TIMAH ROAD,0.0
bukit_timah_road,Bukit Timah Road,6736.0,28216.877,33269.546,7.261,5.053,5.053,,,BUKIT TIMAH ROAD,0.0
bukit_timah_road,Bukit Timah Road,6738.0,28218.222,33268.066,7.71,5.447,5.447,,,BUKIT TIMAH ROAD,0.0
bukit_timah_road,Bukit Timah Road,6740.0,28219.568,33266.587,9.283,5.841,5.841,,,BUKIT TIMAH ROAD,0.0
bukit_timah_road,Bukit Timah Road,6742.0,28220.913,33265.107,9.728,6.252,6.252,,,BUKIT TIMAH ROAD,0.0
bukit_timah_road,Bukit Timah Road,6744.0,28222.259,33263.627,10.161,6.664,6.664,,,BUKIT TIMAH ROAD,0.0
bukit_timah_road,Bukit Timah Road,6746.0,28223.604,33262.147,9.087,7.075,7.075,,,BUKIT TIMAH ROAD,0.0
bukit_timah_road,Bukit Timah Road,6748.0,28224.95,33260.668,9.421,7.487,7.487,,,BUKIT TIMAH ROAD,0.0
bukit_timah_road,Bukit Timah Road,6750.0,28226.295,33259.188,8.963,7.898,7.898,,,BUKIT TIMAH ROAD,0.0
bukit_timah_road,Bukit Timah Road,6752.0,28227.641,33257.708,8.993,8.309,8.309,,,BUKIT TIMAH ROAD,0.0
bukit_timah_road,Bukit Timah Road,6754.0,28228.986,33256.229,8.152,8.379,8.309,,,BUKIT TIMAH ROAD,0.0
bukit_timah_road,Bukit Timah Road,6756.0,28230.332,33254.749,6.801,8.449,8.309,,,BUKIT TIMAH ROAD,0.0
bukit_timah_road,Bukit Timah Road,6758.0,28231.677,33253.269,9.96,8.177,8.177,,,BUKIT TIMAH ROAD,0.0
bukit_timah_road,Bukit Timah Road,6760.0,28233.023,33251.789,11.268,7.905,7.905,,,BUKIT TIMAH ROAD,0.0
bukit_timah_road,Bukit Timah Road,6762.0,28234.368,33250.31,10.358,7.633,7.633,,,BUKIT TIMAH ROAD,0.0
bukit_timah_road,Bukit Timah Road,6764.0,28235.714,33248.83,9.907,7.361,7.361,,,BUKIT TIMAH ROAD,0.0
bukit_timah_road,Bukit Timah Road,6766.0,28237.059,33247.35,10.223,7.09,7.09,,,BUKIT TIMAH ROAD,0.0
bukit_timah_road,Bukit Timah Road,6768.0,28238.405,33245.87,8.856,6.818,6.818,,,BUKIT TIMAH ROAD,0.0
bukit_timah_road,Bukit Timah Road,6770.0,28239.75,33244.391,8.281,6.546,6.546,,,BUKIT TIMAH ROAD,0.0
bukit_timah_road,Bukit Timah Road,6772.0,28241.096,33242.911,8.95,6.274,6.274,,,BUKIT TIMAH ROAD,0.0
bukit_timah_road,Bukit Timah Road,6774.0,28242.441,33241.431,7.461,6.002,6.002,,,BUKIT TIMAH ROAD,0.0
bukit_timah_road,Bukit Timah Road,6776.0,28243.787,33239.951,5.585,5.73,5.73,,,BUKIT TIMAH ROAD,0.0
bukit_timah_road,Bukit Timah Road,6778.0,28245.132,33238.472,5.458,5.458,5.458,,,BUKIT TIMAH ROAD,0.0
bukit_timah_road,Bukit Timah Road,6780.0,28246.478,33236.992,4.703,5.413,5.413,,,BUKIT TIMAH ROAD,0.0
bukit_timah_road,Bukit Timah Road,6782.0,28247.823,33235.512,5.389,5.368,5.413,,,BUKIT TIMAH ROAD,0.0
bukit_timah_road,Bukit Timah Road,6784.0,28249.169,33234.033,5.322,5.322,5.413,,,BUKIT TIMAH ROAD,0.0
bukit_timah_road,Bukit Timah Road,6786.0,28250.514,33232.553,4.84,5.615,5.615,,,BUKIT TIMAH ROAD,0.0
bukit_timah_road,Bukit Timah Road,6788.0,28251.86,33231.073,4.051,5.908,5.836,,,BUKIT TIMAH ROAD,0.0
bukit_timah_road,Bukit Timah Road,6790.0,28253.205,33229.593,6.779,5.872,5.836,,,BUKIT TIMAH ROAD,0.0
bukit_timah_road,Bukit Timah Road,6792.0,28254.551,33228.114,6.493,5.836,5.836,,,BUKIT TIMAH ROAD,0.0
bukit_timah_road,Bukit Timah Road,6794.0,28255.896,33226.634,6.486,5.562,5.562,,,BUKIT TIMAH ROAD,0.0
bukit_timah_road,Bukit Timah Road,6796.0,28257.242,33225.154,5.143,5.288,5.288,,,BUKIT TIMAH ROAD,0.0
bukit_timah_road,Bukit Timah Road,6798.0,28258.587,33223.674,4.743,5.014,5.014,,,BUKIT TIMAH ROAD,0.0
bukit_timah_road,Bukit Timah Road,6800.0,28259.933,33222.195,4.74,4.74,4.74,,,BUKIT TIMAH ROAD,0.0
bukit_timah_road,Bukit Timah Road,6802.0,28261.278,33220.715,4.965,4.622,4.622,,,BUKIT TIMAH ROAD,0.0
bukit_timah_road,Bukit Timah Road,6804.0,28262.624,33219.235,4.504,4.504,4.566,,,BUKIT TIMAH ROAD,0.0
bukit_timah_road,Bukit Timah Road,6806.0,28263.969,33217.755,4.533,4.533,4.566,,,BUKIT TIMAH ROAD,0.0
bukit_timah_road,Bukit Timah Road,6808.0,28265.315,33216.276,4.207,4.566,4.566,,,BUKIT TIMAH ROAD,0.0
bukit_timah_road,Bukit Timah Road,6810.0,28266.66,33214.796,3.495,4.598,4.598,,,BUKIT TIMAH ROAD,0.0
bukit_timah_road,Bukit Timah Road,6812.0,28268.006,33213.316,4.617,4.631,4.631,,,BUKIT TIMAH ROAD,0.0
bukit_timah_road,Bukit Timah Road,6814.0,28269.351,33211.837,4.664,4.807,4.807,,,BUKIT TIMAH ROAD,0.0
bukit_timah_road,Bukit Timah Road,6816.0,28270.697,33210.357,4.733,4.984,4.807,,,BUKIT TIMAH ROAD,0.0
bukit_timah_road,Bukit Timah Road,6818.0,28272.042,33208.877,4.87,4.851,4.807,,,BUKIT TIMAH ROAD,0.0
bukit_timah_road,Bukit Timah Road,6820.0,28273.388,33207.397,4.783,4.718,4.718,,,BUKIT TIMAH ROAD,0.0
bukit_timah_road,Bukit Timah Road,6822.0,28274.733,33205.918,6.12,4.585,4.585,,,BUKIT TIMAH ROAD,0.0
bukit_timah_road,Bukit Timah Road,6824.0,28276.079,33204.438,7.79,4.453,4.453,,,BUKIT TIMAH ROAD,0.0
bukit_timah_road,Bukit Timah Road,6826.0,28277.424,33202.958,8.885,4.32,4.32,,,BUKIT TIMAH ROAD,0.0
bukit_timah_road,Bukit Timah Road,6828.0,28278.77,33201.478,9.55,4.187,4.187,,,BUKIT TIMAH ROAD,0.0
bukit_timah_road,Bukit Timah Road,6830.0,28280.115,33199.999,8.515,4.054,4.054,,,BUKIT TIMAH ROAD,0.0
bukit_timah_road,Bukit Timah Road,6832.0,28281.461,33198.519,8.853,3.921,3.921,,,BUKIT TIMAH ROAD,0.0
bukit_timah_road,Bukit Timah Road,6834.0,28282.806,33197.039,10.48,3.789,3.789,,,BUKIT TIMAH ROAD,0.0
bukit_timah_road,Bukit Timah Road,6836.0,28284.152,33195.559,8.721,3.656,3.656,,,BUKIT TIMAH ROAD,0.0
bukit_timah_road,Bukit Timah Road,6838.0,28285.497,33194.08,3.31,3.523,3.523,,,BUKIT TIMAH ROAD,0.0
bukit_timah_road,Bukit Timah Road,6840.0,28286.843,33192.6,3.39,3.39,3.523,,,BUKIT TIMAH ROAD,0.0
bukit_timah_road,Bukit Timah Road,6842.0,28288.188,33191.12,3.346,3.346,3.523,,,BUKIT TIMAH ROAD,0.0
bukit_timah_road,Bukit Timah Road,6844.0,28289.533,33189.64,3.357,3.611,3.611,,,BUKIT TIMAH ROAD,0.0
bukit_timah_road,Bukit Timah Road,6846.0,28290.862,33188.145,4.734,3.876,3.876,,,BUKIT TIMAH ROAD,0.0
bukit_timah_road,Bukit Timah Road,6848.0,28292.191,33186.65,3.525,4.142,4.142,,,BUKIT TIMAH ROAD,0.0
bukit_timah_road,Bukit Timah Road,6850.0,28293.519,33185.155,4.739,4.407,4.407,,,BUKIT TIMAH ROAD,0.0
bukit_timah_road,Bukit Timah Road,6852.0,28294.848,33183.66,4.672,4.672,4.56,,,BUKIT TIMAH ROAD,0.0
bukit_timah_road,Bukit Timah Road,6854.0,28296.177,33182.166,5.565,4.616,4.56,,,BUKIT TIMAH ROAD,0.0
bukit_timah_road,Bukit Timah Road,6856.0,28297.505,33180.671,5.289,4.56,4.616,,,BUKIT TIMAH ROAD,0.0
bukit_timah_road,Bukit Timah Road,6858.0,28298.834,33179.176,4.505,4.505,4.616,,,BUKIT TIMAH ROAD,0.0
bukit_timah_road,Bukit Timah Road,6860.0,28300.163,33177.681,3.61,4.709,4.709,,,BUKIT TIMAH ROAD,0.0
bukit_timah_road,Bukit Timah Road,6862.0,28301.491,33176.186,3.594,4.914,4.914,3.725,1.0,BUKIT TIMAH ROAD,0.0
bukit_timah_road,Bukit Timah Road,6864.0,28302.82,33174.691,5.119,5.119,4.914,,,BUKIT TIMAH ROAD,0.0
bukit_timah_road,Bukit Timah Road,6866.0,28304.149,33173.196,4.929,4.929,4.914,,,BUKIT TIMAH ROAD,0.0
bukit_timah_road,Bukit Timah Road,6868.0,28305.478,33171.702,4.155,4.725,4.725,,,BUKIT TIMAH ROAD,0.0
bukit_timah_road,Bukit Timah Road,6870.0,28306.806,33170.207,4.584,4.52,4.52,,,BUKIT TIMAH ROAD,0.0
bukit_timah_road,Bukit Timah Road,6872.0,28308.135,33168.712,4.958,4.316,4.316,,,BUKIT TIMAH ROAD,0.0
bukit_timah_road,Bukit Timah Road,6874.0,28309.464,33167.217,7.635,4.112,4.112,,,BUKIT TIMAH ROAD,0.0
bukit_timah_road,Bukit Timah Road,6876.0,28310.792,33165.722,8.434,3.907,3.907,,,BUKIT TIMAH ROAD,0.0
bukit_timah_road,Bukit Timah Road,6878.0,28312.121,33164.227,6.996,3.703,3.703,,,BUKIT TIMAH ROAD,0.0
bukit_timah_road,Bukit Timah Road,6880.0,28313.45,33162.733,2.918,3.499,3.499,,,BUKIT TIMAH ROAD,0.0
bukit_timah_road,Bukit Timah Road,6882.0,28314.779,33161.238,3.138,3.294,3.294,,,BUKIT TIMAH ROAD,0.0
bukit_timah_road,Bukit Timah Road,6884.0,28316.107,33159.743,5.441,3.09,3.09,,,BUKIT TIMAH ROAD,0.0
bukit_timah_road,Bukit Timah Road,6886.0,28317.436,33158.248,3.041,3.041,3.09,,,BUKIT TIMAH ROAD,0.0
bukit_timah_road,Bukit Timah Road,6888.0,28318.765,33156.753,2.885,2.885,3.09,1.595,1.0,BUKIT TIMAH ROAD,0.0
bukit_timah_road,Bukit Timah Road,6890.0,28320.093,33155.258,3.11,3.11,3.11,,,BUKIT TIMAH ROAD,0.0
bukit_timah_road,Bukit Timah Road,6892.0,28321.422,33153.764,3.218,3.218,3.218,,,BUKIT TIMAH ROAD,0.0
bukit_timah_road,Bukit Timah Road,6894.0,28322.751,33152.269,2.888,3.479,3.479,,,BUKIT TIMAH ROAD,0.0
bukit_timah_road,Bukit Timah Road,6896.0,28324.079,33150.774,3.198,3.74,3.74,,,BUKIT TIMAH ROAD,0.0
bukit_timah_road,Bukit Timah Road,6898.0,28325.408,33149.279,3.273,4.002,4.002,,,BUKIT TIMAH ROAD,0.0
bukit_timah_road,Bukit Timah Road,6900.0,28326.737,33147.784,3.477,4.263,4.263,,,BUKIT TIMAH ROAD,0.0
bukit_timah_road,Bukit Timah Road,6902.0,28328.066,33146.289,6.319,4.552,4.552,,,BUKIT TIMAH ROAD,0.0
bukit_timah_road,Bukit Timah Road,6904.0,28329.394,33144.795,5.423,4.841,4.841,,,BUKIT TIMAH ROAD,0.0
bukit_timah_road,Bukit Timah Road,6906.0,28330.723,33143.3,5.662,5.13,5.13,,,BUKIT TIMAH ROAD,0.0
bukit_timah_road,Bukit Timah Road,6908.0,28332.052,33141.805,6.715,5.419,5.13,,,BUKIT TIMAH ROAD,0.0
bukit_timah_road,Bukit Timah Road,6910.0,28333.38,33140.31,5.019,5.175,5.13,,,BUKIT TIMAH ROAD,0.0
bukit_timah_road,Bukit Timah Road,6912.0,28334.709,33138.815,3.036,4.932,4.932,,,BUKIT TIMAH ROAD,0.0
bukit_timah_road,Bukit Timah Road,6914.0,28336.038,33137.32,7.415,4.688,4.688,,,BUKIT TIMAH ROAD,0.0
bukit_timah_road,Bukit Timah Road,6916.0,28337.366,33135.825,7.797,4.445,4.445,,,BUKIT TIMAH ROAD,0.0
bukit_timah_road,Bukit Timah Road,6918.0,28338.695,33134.331,5.734,4.202,4.202,,,BUKIT TIMAH ROAD,0.0
bukit_timah_road,Bukit Timah Road,6920.0,28340.024,33132.836,6.859,3.958,3.958,,,BUKIT TIMAH ROAD,0.0
bukit_timah_road,Bukit Timah Road,6922.0,28341.353,33131.341,4.621,3.715,3.715,,,BUKIT TIMAH ROAD,0.0
bukit_timah_road,Bukit Timah Road,6924.0,28342.681,33129.846,3.21,3.471,3.471,,,BUKIT TIMAH ROAD,0.0
bukit_timah_road,Bukit Timah Road,6926.0,28344.01,33128.351,3.228,3.228,3.328,,,BUKIT TIMAH ROAD,0.0
bukit_timah_road,Bukit Timah Road,6928.0,28345.339,33126.856,3.328,3.328,3.267,,,BUKIT TIMAH ROAD,0.0
bukit_timah_road,Bukit Timah Road,6930.0,28346.667,33125.361,3.587,3.267,3.267,,,BUKIT TIMAH ROAD,0.0
bukit_timah_road,Bukit Timah Road,6932.0,28347.996,33123.867,3.206,3.206,3.328,,,BUKIT TIMAH ROAD,0.0
bukit_timah_road,Bukit Timah Road,6934.0,28349.325,33122.372,3.258,3.398,3.398,,,BUKIT TIMAH ROAD,0.0
bukit_timah_road,Bukit Timah Road,6936.0,28350.653,33120.877,3.226,3.68,3.68,,,BUKIT TIMAH ROAD,0.0
bukit_timah_road,Bukit Timah Road,6938.0,28351.982,33119.382,3.197,3.962,3.962,,,BUKIT TIMAH ROAD,0.0
bukit_timah_road,Bukit Timah Road,6940.0,28353.311,33117.887,3.118,4.244,4.244,,,BUKIT TIMAH ROAD,0.0
bukit_timah_road,Bukit Timah Road,6942.0,28354.639,33116.392,4.496,4.526,4.526,,,BUKIT TIMAH ROAD,0.0
bukit_timah_road,Bukit Timah Road,6944.0,28355.968,33114.898,6.429,4.8,4.8,,,BUKIT TIMAH ROAD,0.0
bukit_timah_road,Bukit Timah Road,6946.0,28357.297,33113.403,7.419,5.074,5.074,,,BUKIT TIMAH ROAD,0.0
bukit_timah_road,Bukit Timah Road,6948.0,28358.626,33111.908,8.318,5.348,5.348,,,BUKIT TIMAH ROAD,0.0
bukit_timah_road,Bukit Timah Road,6950.0,28359.954,33110.413,7.908,5.621,5.621,,,BUKIT TIMAH ROAD,0.0
bukit_timah_road,Bukit Timah Road,6952.0,28361.283,33108.918,5.895,5.895,5.621,,,BUKIT TIMAH ROAD,0.0
bukit_timah_road,Bukit Timah Road,6954.0,28362.612,33107.423,6.105,5.689,5.621,,,BUKIT TIMAH ROAD,0.0
bukit_timah_road,Bukit Timah Road,6956.0,28363.941,33105.929,4.192,5.413,5.413,,,BUKIT TIMAH ROAD,0.0
bukit_timah_road,Bukit Timah Road,6958.0,28365.269,33104.434,4.18,5.137,5.137,,,BUKIT TIMAH ROAD,0.0
bukit_timah_road,Bukit Timah Road,6960.0,28366.598,33102.939,2.886,4.861,4.861,,,BUKIT TIMAH ROAD,0.0
bukit_timah_road,Bukit Timah Road,6962.0,28367.927,33101.444,6.307,4.819,4.819,,,BUKIT TIMAH ROAD,0.0
bukit_timah_road,Bukit Timah Road,6964.0,28369.255,33099.949,6.297,4.777,4.777,,,BUKIT TIMAH ROAD,0.0
bukit_timah_road,Bukit Timah Road,6966.0,28370.584,33098.455,6.656,4.735,4.735,,,BUKIT TIMAH ROAD,0.0
bukit_timah_road,Bukit Timah Road,6968.0,28371.913,33096.96,2.768,4.693,4.693,,,BUKIT TIMAH ROAD,0.0
bukit_timah_road,Bukit Timah Road,6970.0,28373.247,33095.47,2.788,4.651,4.651,,,BUKIT TIMAH ROAD,0.0
bukit_timah_road,Bukit Timah Road,6972.0,28374.605,33094.002,2.749,4.609,4.609,,,BUKIT TIMAH ROAD,0.0
bukit_timah_road,Bukit Timah Road,6974.0,28375.963,33092.533,2.734,4.567,4.567,,,BUKIT TIMAH ROAD,0.0
bukit_timah_road,Bukit Timah Road,6976.0,28377.321,33091.065,2.87,4.525,4.525,,,BUKIT TIMAH ROAD,0.0
bukit_timah_road,Bukit Timah Road,6978.0,28378.679,33089.597,2.869,4.483,4.525,,,BUKIT TIMAH ROAD,0.0
bukit_timah_road,Bukit Timah Road,6980.0,28380.037,33088.128,5.134,4.441,4.525,,,BUKIT TIMAH ROAD,0.0
bukit_timah_road,Bukit Timah Road,6982.0,28381.395,33086.66,7.179,4.533,4.483,,,BUKIT TIMAH ROAD,0.0
bukit_timah_road,Bukit Timah Road,6984.0,28382.753,33085.192,6.234,4.625,4.466,,,BUKIT TIMAH ROAD,0.0
bukit_timah_road,Bukit Timah Road,6986.0,28384.111,33083.723,5.316,4.37,4.533,,,BUKIT TIMAH ROAD,0.0
bukit_timah_road,Bukit Timah Road,6988.0,28385.468,33082.255,3.594,4.466,4.625,,,BUKIT TIMAH ROAD,0.0
bukit_timah_road,Bukit Timah Road,6990.0,28386.826,33080.786,3.861,4.717,4.717,,,BUKIT TIMAH ROAD,0.0
bukit_timah_road,Bukit Timah Road,6992.0,28388.184,33079.318,3.444,5.039,5.039,,,BUKIT TIMAH ROAD,0.0
bukit_timah_road,Bukit Timah Road,6994.0,28389.542,33077.85,3.444,5.362,5.362,,,BUKIT TIMAH ROAD,0.0
bukit_timah_road,Bukit Timah Road,6996.0,28390.9,33076.381,4.482,5.685,5.685,,,BUKIT TIMAH ROAD,0.0
bukit_timah_road,Bukit Timah Road,6998.0,28392.258,33074.913,6.344,5.996,5.996,,,BUKIT TIMAH ROAD,0.0
bukit_timah_road,Bukit Timah Road,7000.0,28393.616,33073.445,6.599,6.308,6.308,,,BUKIT TIMAH ROAD,0.0
bukit_timah_road,Bukit Timah Road,7002.0,28394.974,33071.976,6.749,6.619,6.619,,,BUKIT TIMAH ROAD,0.0
bukit_timah_road,Bukit Timah Road,7004.0,28396.332,33070.508,7.597,6.931,6.931,,,BUKIT TIMAH ROAD,0.0
bukit_timah_road,Bukit Timah Road,7006.0,28397.69,33069.04,7.809,7.242,7.242,,,BUKIT TIMAH ROAD,0.0
bukit_timah_road,Bukit Timah Road,7008.0,28399.048,33067.571,8.279,7.554,7.242,,,BUKIT TIMAH ROAD,0.0
bukit_timah_road,Bukit Timah Road,7010.0,28400.405,33066.103,8.647,7.298,7.242,,,BUKIT TIMAH ROAD,0.0
bukit_timah_road,Bukit Timah Road,7012.0,28401.763,33064.635,9.602,7.043,7.043,,,BUKIT TIMAH ROAD,0.0
bukit_timah_road,Bukit Timah Road,7014.0,28403.113,33063.159,6.422,6.787,6.787,,,BUKIT TIMAH ROAD,0.0
bukit_timah_road,Bukit Timah Road,7016.0,28404.46,33061.681,6.531,6.531,6.787,,,BUKIT TIMAH ROAD,0.0
bukit_timah_road,Bukit Timah Road,7018.0,28405.808,33060.202,6.638,6.638,6.787,,,BUKIT TIMAH ROAD,0.0
bukit_timah_road,Bukit Timah Road,7020.0,28407.155,33058.724,5.921,6.862,6.862,,,BUKIT TIMAH ROAD,0.0
bukit_timah_road,Bukit Timah Road,7022.0,28408.502,33057.246,2.778,7.086,7.086,,,BUKIT TIMAH ROAD,0.0
bukit_timah_road,Bukit Timah Road,7024.0,28409.85,33055.768,7.349,7.309,7.309,,,BUKIT TIMAH ROAD,0.0
bukit_timah_road,Bukit Timah Road,7026.0,28411.197,33054.29,7.427,7.533,7.533,,,BUKIT TIMAH ROAD,0.0
bukit_timah_road,Bukit Timah Road,7028.0,28412.544,33052.812,7.757,7.757,7.757,,,BUKIT TIMAH ROAD,0.0
bukit_timah_road,Bukit Timah Road,7030.0,28413.892,33051.334,9.067,7.877,7.877,,,BUKIT TIMAH ROAD,0.0
bukit_timah_road,Bukit Timah Road,7032.0,28415.239,33049.856,10.109,7.997,7.997,,,BUKIT TIMAH ROAD,0.0
bukit_timah_road,Bukit Timah Road,7034.0,28416.586,33048.378,10.107,8.118,8.118,,,BUKIT TIMAH ROAD,0.0
bukit_timah_road,Bukit Timah Road,7036.0,28417.934,33046.9,7.064,8.238,8.238,,,BUKIT TIMAH ROAD,0.0
bukit_timah_road,Bukit Timah Road,7038.0,28419.281,33045.422,5.939,8.358,8.358,,,BUKIT TIMAH ROAD,0.0
bukit_timah_road,Bukit Timah Road,7040.0,28420.628,33043.944,5.947,8.478,8.478,,,BUKIT TIMAH ROAD,0.0
bukit_timah_road,Bukit Timah Road,7042.0,28421.976,33042.466,13.034,8.599,8.599,,,BUKIT TIMAH ROAD,0.0
bukit_timah_road,Bukit Timah Road,7044.0,28423.323,33040.988,6.417,8.719,8.599,,,BUKIT TIMAH ROAD,0.0
bukit_timah_road,Bukit Timah Road,7046.0,28424.67,33039.51,8.839,8.624,8.599,,,BUKIT TIMAH ROAD,0.0
bukit_timah_road,Bukit Timah Road,7048.0,28426.018,33038.031,8.764,8.529,8.529,,,BUKIT TIMAH ROAD,0.0
bukit_timah_road,Bukit Timah Road,7050.0,28427.365,33036.553,8.887,8.122,8.122,,,BUKIT TIMAH ROAD,0.0
bukit_timah_road,Bukit Timah Road,7052.0,28428.712,33035.075,7.732,7.716,7.716,,,BUKIT TIMAH ROAD,0.0
bukit_timah_road,Bukit Timah Road,7054.0,28430.06,33033.597,8.314,7.309,7.309,,,BUKIT TIMAH ROAD,0.0
bukit_timah_road,Bukit Timah Road,7056.0,28431.407,33032.119,6.162,,6.902,,,BUKIT TIMAH ROAD,0.0
bukit_timah_road,Bukit Timah Road,7058.0,28432.754,33030.641,6.097,,6.495,,,BUKIT TIMAH ROAD,0.0
bukit_timah_road,Bukit Timah Road,7060.0,28434.102,33029.163,4.337,6.088,6.088,,,BUKIT TIMAH ROAD,0.0
bukit_timah_road,Bukit Timah Road,7062.0,28435.449,33027.685,4.657,5.681,5.681,,,BUKIT TIMAH ROAD,0.0
bukit_timah_road,Bukit Timah Road,7064.0,28436.796,33026.207,4.794,5.274,5.274,,,BUKIT TIMAH ROAD,0.0
bukit_timah_road,Bukit Timah Road,7066.0,28438.144,33024.729,5.837,4.867,5.013,,,BUKIT TIMAH ROAD,0.0
bukit_timah_road,Bukit Timah Road,7068.0,28439.491,33023.251,9.292,4.94,5.013,,,BUKIT TIMAH ROAD,0.0
bukit_timah_road,Bukit Timah Road,7070.0,28440.838,33021.773,9.336,5.013,5.013,,,BUKIT TIMAH ROAD,0.0
bukit_timah_road,Bukit Timah Road,7072.0,28442.186,33020.295,10.279,5.085,5.085,,,BUKIT TIMAH ROAD,0.0
bukit_timah_road,Bukit Timah Road,7074.0,28443.533,33018.817,8.549,5.158,5.158,,,BUKIT TIMAH ROAD,0.0
bukit_timah_road,Bukit Timah Road,7076.0,28444.88,33017.338,5.231,5.231,5.231,,,BUKIT TIMAH ROAD,0.0
bukit_timah_road,Bukit Timah Road,7078.0,28446.228,33015.86,4.816,5.366,5.366,,,BUKIT TIMAH ROAD,0.0
bukit_timah_road,Bukit Timah Road,7080.0,28447.575,33014.382,5.398,5.502,5.502,,,BUKIT TIMAH ROAD,0.0
bukit_timah_road,Bukit Timah Road,7082.0,28448.922,33012.904,6.064,5.637,5.637,,,BUKIT TIMAH ROAD,0.0
bukit_timah_road,Bukit Timah Road,7084.0,28450.27,33011.426,5.705,5.772,5.772,,,BUKIT TIMAH ROAD,0.0
bukit_timah_road,Bukit Timah Road,7086.0,28451.617,33009.948,5.907,5.907,5.772,,,BUKIT TIMAH ROAD,0.0
bukit_timah_road,Bukit Timah Road,7088.0,28452.964,33008.47,7.356,5.818,5.772,,,BUKIT TIMAH ROAD,0.0
bukit_timah_road,Bukit Timah Road,7090.0,28454.312,33006.992,5.729,5.729,5.729,,,BUKIT TIMAH ROAD,0.0
bukit_timah_road,Bukit Timah Road,7092.0,28455.659,33005.514,5.695,5.547,5.547,,,BUKIT TIMAH ROAD,0.0
bukit_timah_road,Bukit Timah Road,7094.0,28457.007,33004.036,5.554,5.365,5.365,,,BUKIT TIMAH ROAD,0.0
bukit_timah_road,Bukit Timah Road,7096.0,28458.354,33002.558,3.822,5.163,5.163,,,BUKIT TIMAH ROAD,0.0
bukit_timah_road,Bukit Timah Road,7098.0,28459.696,33001.076,2.849,4.961,4.961,,,BUKIT TIMAH ROAD,0.0
bukit_timah_road,Bukit Timah Road,7100.0,28461.031,32999.586,3.727,4.758,4.758,,,BUKIT TIMAH ROAD,0.0
bukit_timah_road,Bukit Timah Road,7102.0,28462.366,32998.097,2.964,4.556,4.556,,,BUKIT TIMAH ROAD,0.0
bukit_timah_road,Bukit Timah Road,7104.0,28463.701,32996.608,2.964,4.354,4.354,,,BUKIT TIMAH ROAD,0.0
bukit_timah_road,Bukit Timah Road,7106.0,28465.036,32995.119,2.949,4.152,4.152,,,BUKIT TIMAH ROAD,0.0
bukit_timah_road,Bukit Timah Road,7108.0,28466.371,32993.629,2.894,3.949,3.949,,,BUKIT TIMAH ROAD,0.0
bukit_timah_road,Bukit Timah Road,7110.0,28467.706,32992.14,3.062,3.747,3.747,,,BUKIT TIMAH ROAD,0.0
bukit_timah_road,Bukit Timah Road,7112.0,28469.041,32990.651,3.082,3.545,3.692,,,BUKIT TIMAH ROAD,0.0
bukit_timah_road,Bukit Timah Road,7114.0,28470.376,32989.162,3.588,3.619,3.692,,,BUKIT TIMAH ROAD,0.0
bukit_timah_road,Bukit Timah Road,7116.0,28471.711,32987.672,4.51,3.692,3.692,,,BUKIT TIMAH ROAD,0.0
bukit_timah_road,Bukit Timah Road,7118.0,28473.046,32986.183,4.457,3.766,3.766,,,BUKIT TIMAH ROAD,0.0
bukit_timah_road,Bukit Timah Road,7120.0,28474.381,32984.694,7.949,3.84,3.84,,,BUKIT TIMAH ROAD,0.0
bukit_timah_road,Bukit Timah Road,7122.0,28475.716,32983.205,6.863,3.914,3.914,,,BUKIT TIMAH ROAD,0.0
bukit_timah_road,Bukit Timah Road,7124.0,28477.051,32981.715,6.539,3.988,3.988,,,BUKIT TIMAH ROAD,0.0
bukit_timah_road,Bukit Timah Road,7126.0,28478.386,32980.226,6.562,4.062,4.062,,,BUKIT TIMAH ROAD,0.0
bukit_timah_road,Bukit Timah Road,7128.0,28479.721,32978.737,6.957,4.136,4.136,,,BUKIT TIMAH ROAD,0.0
bukit_timah_road,Bukit Timah Road,7130.0,28481.056,32977.248,6.304,4.21,4.21,,,BUKIT TIMAH ROAD,0.0
bukit_timah_road,Bukit Timah Road,7132.0,28482.391,32975.759,4.374,4.283,4.283,,,BUKIT TIMAH ROAD,0.0
bukit_timah_road,Bukit Timah Road,7134.0,28483.726,32974.269,2.99,4.357,4.357,,,BUKIT TIMAH ROAD,0.0
bukit_timah_road,Bukit Timah Road,7136.0,28485.061,32972.78,3.749,4.431,4.431,,,BUKIT TIMAH ROAD,0.0
bukit_timah_road,Bukit Timah Road,7138.0,28486.396,32971.291,4.132,4.713,4.713,,,BUKIT TIMAH ROAD,0.0
bukit_timah_road,Bukit Timah Road,7140.0,28487.731,32969.802,4.162,4.995,4.995,,,BUKIT TIMAH ROAD,0.0
bukit_timah_road,Bukit Timah Road,7142.0,28489.066,32968.312,3.379,5.276,5.276,,,BUKIT TIMAH ROAD,0.0
bukit_timah_road,Bukit Timah Road,7144.0,28490.401,32966.823,3.876,5.743,5.743,,,BUKIT TIMAH ROAD,0.0
bukit_timah_road,Bukit Timah Road,7146.0,28491.736,32965.334,7.612,6.209,6.209,,,BUKIT TIMAH ROAD,0.0
bukit_timah_road,Bukit Timah Road,7148.0,28493.071,32963.845,9.037,6.676,6.676,,,BUKIT TIMAH ROAD,0.0
bukit_timah_road,Bukit Timah Road,7150.0,28494.406,32962.355,8.365,7.16,7.16,,,BUKIT TIMAH ROAD,0.0
bukit_timah_road,Bukit Timah Road,7152.0,28495.741,32960.866,8.985,7.644,7.644,,,BUKIT TIMAH ROAD,0.0
bukit_timah_road,Bukit Timah Road,7154.0,28497.078,32959.379,9.412,8.128,8.128,,,BUKIT TIMAH ROAD,0.0
bukit_timah_road,Bukit Timah Road,7156.0,28498.415,32957.892,10.821,,8.612,,,BUKIT TIMAH ROAD,0.0
bukit_timah_road,Bukit Timah Road,7158.0,28499.753,32956.404,10.515,,9.096,,,BUKIT TIMAH ROAD,0.0
bukit_timah_road,Bukit Timah Road,7160.0,28501.09,32954.917,11.004,,9.58,,,BUKIT TIMAH ROAD,0.0
bukit_timah_road,Bukit Timah Road,7162.0,28502.427,32953.43,9.929,10.064,10.064,,,BUKIT TIMAH ROAD,0.0
bukit_timah_road,Bukit Timah Road,7164.0,28503.764,32951.942,14.573,10.548,10.548,,,BUKIT TIMAH ROAD,0.0
bukit_timah_road,Bukit Timah Road,7166.0,28505.101,32950.455,13.29,11.032,11.032,,,BUKIT TIMAH ROAD,0.0
bukit_timah_road,Bukit Timah Road,7168.0,28506.438,32948.968,14.147,11.516,11.516,,,BUKIT TIMAH ROAD,0.0
bukit_timah_road,Bukit Timah Road,7170.0,28507.775,32947.48,9.937,12.041,12.041,,,BUKIT TIMAH ROAD,0.0
bukit_timah_road,Bukit Timah Road,7172.0,28509.112,32945.993,11.721,12.567,12.567,,,BUKIT TIMAH ROAD,0.0
bukit_timah_road,Bukit Timah Road,7174.0,28510.449,32944.506,11.507,13.092,13.092,,,BUKIT TIMAH ROAD,0.0
bukit_timah_road,Bukit Timah Road,7176.0,28511.786,32943.018,14.351,13.617,13.617,,,BUKIT TIMAH ROAD,0.0
bukit_timah_road,Bukit Timah Road,7178.0,28513.123,32941.531,11.543,14.142,14.142,,,BUKIT TIMAH ROAD,0.0
bukit_timah_road,Bukit Timah Road,7180.0,28514.46,32940.043,14.396,14.668,14.668,,,BUKIT TIMAH ROAD,0.0
bukit_timah_road,Bukit Timah Road,7182.0,28515.797,32938.556,15.193,15.193,15.193,,,BUKIT TIMAH ROAD,0.0
bukit_timah_road,Bukit Timah Road,7184.0,28517.135,32937.069,15.387,15.387,15.387,,,BUKIT TIMAH ROAD,0.0
bukit_timah_road,Bukit Timah Road,7186.0,28518.472,32935.581,16.15,15.506,15.506,,,BUKIT TIMAH ROAD,0.0
bukit_timah_road,Bukit Timah Road,7188.0,28519.809,32934.094,16.245,15.624,15.624,,,BUKIT TIMAH ROAD,0.0
bukit_timah_road,Bukit Timah Road,7190.0,28521.146,32932.607,14.625,15.743,15.743,,,BUKIT TIMAH ROAD,0.0
bukit_timah_road,Bukit Timah Road,7192.0,28522.483,32931.119,15.262,15.861,15.743,,,BUKIT TIMAH ROAD,0.0
bukit_timah_road,Bukit Timah Road,7194.0,28523.82,32929.632,14.9,15.77,15.743,,,BUKIT TIMAH ROAD,0.0
bukit_timah_road,Bukit Timah Road,7196.0,28525.157,32928.145,16.098,15.679,15.679,,,BUKIT TIMAH ROAD,0.0
bukit_timah_road,Bukit Timah Road,7198.0,28526.494,32926.657,16.571,15.23,15.23,,,BUKIT TIMAH ROAD,0.0
bukit_timah_road,Bukit Timah Road,7200.0,28527.831,32925.17,14.582,14.781,14.781,,,BUKIT TIMAH ROAD,0.0
bukit_timah_road,Bukit Timah Road,7202.0,28529.168,32923.683,15.508,14.331,14.331,,,BUKIT TIMAH ROAD,0.0
bukit_timah_road,Bukit Timah Road,7204.0,28530.505,32922.195,15.012,13.882,13.882,,,BUKIT TIMAH ROAD,0.0
bukit_timah_road,Bukit Timah Road,7206.0,28531.842,32920.708,13.328,13.432,13.432,,,BUKIT TIMAH ROAD,0.0
bukit_timah_road,Bukit Timah Road,7208.0,28533.18,32919.221,12.547,12.983,12.983,,,BUKIT TIMAH ROAD,0.0
bukit_timah_road,Bukit Timah Road,7210.0,28534.517,32917.733,13.201,,12.534,,,BUKIT TIMAH ROAD,0.0
bukit_timah_road,Bukit Timah Road,7212.0,28535.854,32916.246,12.235,,12.084,,,BUKIT TIMAH ROAD,0.0
bukit_timah_road,Bukit Timah Road,7214.0,28537.191,32914.758,12.315,11.635,11.635,,,BUKIT TIMAH ROAD,0.0
bukit_timah_road,Bukit Timah Road,7216.0,28538.528,32913.271,11.246,11.186,11.186,,,BUKIT TIMAH ROAD,0.0
bukit_timah_road,Bukit Timah Road,7218.0,28539.865,32911.784,10.032,10.736,10.736,,,BUKIT TIMAH ROAD,0.0
bukit_timah_road,Bukit Timah Road,7220.0,28541.202,32910.296,10.287,10.287,10.287,,,BUKIT TIMAH ROAD,0.0
bukit_timah_road,Bukit Timah Road,7222.0,28542.539,32908.809,9.287,10.069,10.069,,,BUKIT TIMAH ROAD,0.0
bukit_timah_road,Bukit Timah Road,7224.0,28543.876,32907.322,9.739,9.851,9.851,,,BUKIT TIMAH ROAD,0.0
bukit_timah_road,Bukit Timah Road,7226.0,28545.213,32905.834,9.634,9.583,9.583,,,BUKIT TIMAH ROAD,0.0
bukit_timah_road,Bukit Timah Road,7228.0,28546.55,32904.347,10.196,9.315,9.315,,,BUKIT TIMAH ROAD,0.0
bukit_timah_road,Bukit Timah Road,7230.0,28547.887,32902.86,10.354,9.034,9.034,,,BUKIT TIMAH ROAD,0.0
bukit_timah_road,Bukit Timah Road,7232.0,28549.225,32901.372,9.366,8.753,8.753,,,BUKIT TIMAH ROAD,0.0
bukit_timah_road,Bukit Timah Road,7234.0,28550.562,32899.885,6.474,8.472,8.472,,,BUKIT TIMAH ROAD,0.0
bukit_timah_road,Bukit Timah Road,7236.0,28551.899,32898.398,6.592,8.191,8.191,,,BUKIT TIMAH ROAD,0.0
bukit_timah_road,Bukit Timah Road,7238.0,28553.236,32896.91,7.378,7.91,7.91,,,BUKIT TIMAH ROAD,0.0
bukit_timah_road,Bukit Timah Road,7240.0,28554.573,32895.423,8.581,7.629,7.629,,,BUKIT TIMAH ROAD,0.0
bukit_timah_road,Bukit Timah Road,7242.0,28555.91,32893.936,9.673,7.348,7.348,,,BUKIT TIMAH ROAD,0.0
bukit_timah_road,Bukit Timah Road,7244.0,28557.247,32892.448,9.12,7.067,7.067,,,BUKIT TIMAH ROAD,0.0
bukit_timah_road,Bukit Timah Road,7246.0,28558.584,32890.961,5.692,6.786,6.786,,,BUKIT TIMAH ROAD,0.0
bukit_timah_road,Bukit Timah Road,7248.0,28559.921,32889.473,5.988,6.505,6.505,,,BUKIT TIMAH ROAD,0.0
bukit_timah_road,Bukit Timah Road,7250.0,28561.258,32887.986,6.224,6.224,6.312,,,BUKIT TIMAH ROAD,0.0
bukit_timah_road,Bukit Timah Road,7252.0,28562.595,32886.499,6.18,6.18,6.312,,,BUKIT TIMAH ROAD,0.0
bukit_timah_road,Bukit Timah Road,7254.0,28563.932,32885.011,6.312,6.312,6.312,0.869,1.0,BUKIT TIMAH ROAD,0.0
bukit_timah_road,Bukit Timah Road,7256.0,28565.269,32883.524,6.454,6.454,6.312,,,BUKIT TIMAH ROAD,0.0
bukit_timah_road,Bukit Timah Road,7258.0,28566.606,32882.037,6.381,6.381,6.381,,,BUKIT TIMAH ROAD,0.0
bukit_timah_road,Bukit Timah Road,7260.0,28567.944,32880.549,7.381,6.23,6.454,,,BUKIT TIMAH ROAD,0.0
bukit_timah_road,Bukit Timah Road,7262.0,28569.281,32879.062,7.211,6.463,6.463,,,BUKIT TIMAH ROAD,0.0
bukit_timah_road,Bukit Timah Road,7264.0,28570.618,32877.575,5.929,6.696,6.696,,,BUKIT TIMAH ROAD,0.0
bukit_timah_road,Bukit Timah Road,7266.0,28571.955,32876.087,5.71,6.93,6.93,,,BUKIT TIMAH ROAD,0.0
bukit_timah_road,Bukit Timah Road,7268.0,28573.292,32874.6,6.499,7.163,7.163,,,BUKIT TIMAH ROAD,0.0
bukit_timah_road,Bukit Timah Road,7270.0,28574.629,32873.113,6.558,7.396,7.215,,,BUKIT TIMAH ROAD,0.0
bukit_timah_road,Bukit Timah Road,7272.0,28575.966,32871.625,9.165,7.305,7.215,,,BUKIT TIMAH ROAD,0.0
bukit_timah_road,Bukit Timah Road,7274.0,28577.303,32870.138,9.691,7.215,7.215,,,BUKIT TIMAH ROAD,0.0
bukit_timah_road,Bukit Timah Road,7276.0,28578.64,32868.65,10.084,7.124,7.124,,,BUKIT TIMAH ROAD,0.0
bukit_timah_road,Bukit Timah Road,7278.0,28580.144,32867.337,10.149,7.034,7.034,,,BUKIT TIMAH ROAD,0.0
bukit_timah_road,Bukit Timah Road,7280.0,28581.685,32866.061,11.014,6.944,6.944,,,BUKIT TIMAH ROAD,0.0
bukit_timah_road,Bukit Timah Road,7282.0,28583.225,32864.786,10.373,6.853,6.853,,,BUKIT TIMAH ROAD,0.0
bukit_timah_road,Bukit Timah Road,7284.0,28584.765,32863.51,8.092,6.763,6.763,,,BUKIT TIMAH ROAD,0.0
bukit_timah_road,Bukit Timah Road,7286.0,28586.306,32862.235,6.468,6.673,6.673,,,BUKIT TIMAH ROAD,0.0
bukit_timah_road,Bukit Timah Road,7288.0,28587.846,32860.959,6.582,6.582,6.582,,,BUKIT TIMAH ROAD,0.0
bukit_timah_road,Bukit Timah Road,7290.0,28589.387,32859.684,6.378,6.378,6.378,,,BUKIT TIMAH ROAD,0.0
bukit_timah_road,Bukit Timah Road,7292.0,28590.927,32858.408,6.271,6.271,6.271,-6.933,1.0,BUKIT TIMAH ROAD,0.0
bukit_timah_road,Bukit Timah Road,7294.0,28592.468,32857.133,6.028,6.028,6.028,-5.213,1.0,BUKIT TIMAH ROAD,0.0
bukit_timah_road,Bukit Timah Road,7296.0,28594.008,32855.857,5.796,5.796,6.028,-4.788,1.0,BUKIT TIMAH ROAD,0.0
bukit_timah_road,Bukit Timah Road,7298.0,28595.549,32854.582,5.789,5.789,5.961,,,BUKIT TIMAH ROAD,0.0
bukit_timah_road,Bukit Timah Road,7300.0,28597.089,32853.306,6.034,6.034,5.888,,,BUKIT TIMAH ROAD,0.0
bukit_timah_road,Bukit Timah Road,7302.0,28598.63,32852.031,6.743,5.961,5.888,,,BUKIT TIMAH ROAD,0.0
bukit_timah_road,Bukit Timah Road,7304.0,28600.17,32850.755,6.925,5.888,5.888,,,BUKIT TIMAH ROAD,0.0
bukit_timah_road,Bukit Timah Road,7306.0,28601.711,32849.48,6.677,5.815,5.815,,,BUKIT TIMAH ROAD,0.0
bukit_timah_road,Bukit Timah Road,7308.0,28603.251,32848.204,5.783,5.742,5.742,,,BUKIT TIMAH ROAD,0.0
bukit_timah_road,Bukit Timah Road,7310.0,28604.792,32846.929,5.67,5.67,5.67,,,BUKIT TIMAH ROAD,0.0
bukit_timah_road,Bukit Timah Road,7312.0,28606.332,32845.653,5.265,5.538,5.632,,,BUKIT TIMAH ROAD,0.0
bukit_timah_road,Bukit Timah Road,7314.0,28607.872,32844.377,5.407,5.407,5.538,-2.809,1.0,BUKIT TIMAH ROAD,0.0
bukit_timah_road,Bukit Timah Road,7316.0,28609.413,32843.102,5.632,5.632,5.445,-2.227,1.0,BUKIT TIMAH ROAD,0.0
bukit_timah_road,Bukit Timah Road,7318.0,28610.953,32841.826,5.393,5.393,5.445,-1.644,1.0,BUKIT TIMAH ROAD,0.0
bukit_timah_road,Bukit Timah Road,7320.0,28612.494,32840.551,5.445,5.445,5.445,,,BUKIT TIMAH ROAD,0.0
bukit_timah_road,Bukit Timah Road,7322.0,28614.298,32839.696,5.637,5.637,5.407,,,BUKIT TIMAH ROAD,0.0
bukit_timah_road,Bukit Timah Road,7324.0,28616.117,32838.865,4.847,5.383,5.43,,,BUKIT TIMAH ROAD,0.0
bukit_timah_road,Bukit Timah Road,7326.0,28617.936,32838.033,5.129,5.407,5.43,,,BUKIT TIMAH ROAD,0.0
bukit_timah_road,Bukit Timah Road,7328.0,28619.755,32837.202,4.567,5.43,5.43,,,BUKIT TIMAH ROAD,0.0
bukit_timah_road,Bukit Timah Road,7330.0,28621.574,32836.37,5.407,5.689,5.689,,,BUKIT TIMAH ROAD,0.0
bukit_timah_road,Bukit Timah Road,7332.0,28623.393,32835.538,5.686,5.948,5.948,,,BUKIT TIMAH ROAD,0.0
bukit_timah_road,Bukit Timah Road,7334.0,28625.212,32834.707,6.169,6.206,6.206,,,BUKIT TIMAH ROAD,0.0
bukit_timah_road,Bukit Timah Road,7336.0,28627.031,32833.875,6.434,6.465,6.465,,,BUKIT TIMAH ROAD,0.0
bukit_timah_road,Bukit Timah Road,7338.0,28628.85,32833.044,7.658,6.724,6.724,,,BUKIT TIMAH ROAD,0.0
bukit_timah_road,Bukit Timah Road,7340.0,28630.669,32832.212,6.961,6.983,6.983,,,BUKIT TIMAH ROAD,0.0
bukit_timah_road,Bukit Timah Road,7342.0,28632.488,32831.381,7.809,7.242,6.983,,,BUKIT TIMAH ROAD,0.0
bukit_timah_road,Bukit Timah Road,7344.0,28634.307,32830.549,8.037,7.034,6.99,,,BUKIT TIMAH ROAD,0.0
bukit_timah_road,Bukit Timah Road,7346.0,28636.125,32829.717,6.826,6.826,6.99,,,BUKIT TIMAH ROAD,0.0
bukit_timah_road,Bukit Timah Road,7348.0,28637.944,32828.886,6.99,6.99,6.895,,,BUKIT TIMAH ROAD,0.0
bukit_timah_road,Bukit Timah Road,7350.0,28639.763,32828.054,7.138,6.895,6.826,,,BUKIT TIMAH ROAD,0.0
bukit_timah_road,Bukit Timah Road,7352.0,28641.582,32827.223,7.565,6.801,6.801,,,BUKIT TIMAH ROAD,0.0
bukit_timah_road,Bukit Timah Road,7354.0,28643.401,32826.391,7.464,6.606,6.606,,,BUKIT TIMAH ROAD,0.0
bukit_timah_road,Bukit Timah Road,7356.0,28645.22,32825.56,5.323,6.411,6.606,,,BUKIT TIMAH ROAD,0.0
bukit_timah_road,Bukit Timah Road,7358.0,28647.039,32824.728,5.79,6.595,6.606,,,BUKIT TIMAH ROAD,0.0
bukit_timah_road,Bukit Timah Road,7360.0,28648.858,32823.897,6.022,6.779,6.779,,,BUKIT TIMAH ROAD,0.0
bukit_timah_road,Bukit Timah Road,7362.0,28650.677,32823.065,6.213,6.963,6.963,,,BUKIT TIMAH ROAD,0.0
bukit_timah_road,Bukit Timah Road,7364.0,28652.496,32822.233,6.896,7.133,7.133,,,BUKIT TIMAH ROAD,0.0
bukit_timah_road,Bukit Timah Road,7366.0,28654.315,32821.402,9.987,7.302,7.302,,,BUKIT TIMAH ROAD,0.0
bukit_timah_road,Bukit Timah Road,7368.0,28656.134,32820.57,9.966,7.471,7.471,,,BUKIT TIMAH ROAD,0.0
bukit_timah_road,Bukit Timah Road,7370.0,28657.953,32819.739,10.98,7.64,7.64,,,BUKIT TIMAH ROAD,0.0
bukit_timah_road,Bukit Timah Road,7372.0,28659.772,32818.907,12.497,7.81,7.81,,,BUKIT TIMAH ROAD,0.0
bukit_timah_road,Bukit Timah Road,7374.0,28661.59,32818.076,10.59,7.979,7.979,,,BUKIT TIMAH ROAD,0.0
bukit_timah_road,Bukit Timah Road,7376.0,28663.151,32816.843,8.502,8.148,8.148,,,BUKIT TIMAH ROAD,0.0
bukit_timah_road,Bukit Timah Road,7378.0,28664.66,32815.531,7.263,8.318,8.198,,,BUKIT TIMAH ROAD,0.0
bukit_timah_road,Bukit Timah Road,7380.0,28666.169,32814.218,7.485,8.198,8.318,,,BUKIT TIMAH ROAD,0.0
bukit_timah_road,Bukit Timah Road,7382.0,28667.679,32812.906,6.637,8.482,8.482,,,BUKIT TIMAH ROAD,0.0
bukit_timah_road,Bukit Timah Road,7384.0,28669.188,32811.594,7.641,8.766,8.766,,,BUKIT TIMAH ROAD,0.0
bukit_timah_road,Bukit Timah Road,7386.0,28670.697,32810.281,9.584,9.05,9.05,,,BUKIT TIMAH ROAD,0.0
bukit_timah_road,Bukit Timah Road,7388.0,28672.206,32808.969,12.521,9.334,9.334,,,BUKIT TIMAH ROAD,0.0
bukit_timah_road,Bukit Timah Road,7390.0,28673.715,32807.656,14.236,9.618,9.618,,,BUKIT TIMAH ROAD,0.0
bukit_timah_road,Bukit Timah Road,7392.0,28675.225,32806.344,12.585,9.902,9.902,,,BUKIT TIMAH ROAD,0.0
bukit_timah_road,Bukit Timah Road,7394.0,28676.734,32805.032,10.697,10.186,9.902,,,BUKIT TIMAH ROAD,0.0
bukit_timah_road,Bukit Timah Road,7396.0,28678.243,32803.719,10.775,9.953,9.902,,,BUKIT TIMAH ROAD,0.0
bukit_timah_road,Bukit Timah Road,7398.0,28679.752,32802.407,10.307,9.72,9.72,,,BUKIT TIMAH ROAD,0.0
bukit_timah_road,Bukit Timah Road,7400.0,28681.262,32801.095,9.487,9.453,9.453,,,BUKIT TIMAH ROAD,0.0
bukit_timah_road,Bukit Timah Road,7402.0,28682.771,32799.782,9.222,9.186,9.186,,,BUKIT TIMAH ROAD,0.0
bukit_timah_road,Bukit Timah Road,7404.0,28684.28,32798.47,7.109,8.875,8.875,,,BUKIT TIMAH ROAD,0.0
bukit_timah_road,Bukit Timah Road,7406.0,28685.789,32797.158,8.507,8.564,8.564,,,BUKIT TIMAH ROAD,0.0
bukit_timah_road,Bukit Timah Road,7408.0,28687.298,32795.845,8.419,8.254,8.254,,,BUKIT TIMAH ROAD,0.0
bukit_timah_road,Bukit Timah Road,7410.0,28688.807,32794.533,8.045,,7.943,,,BUKIT TIMAH ROAD,0.0
bukit_timah_road,Bukit Timah Road,7412.0,28690.317,32793.22,6.792,7.632,7.632,,,BUKIT TIMAH ROAD,0.0
bukit_timah_road,Bukit Timah Road,7414.0,28691.826,32791.908,5.221,7.321,7.321,,,BUKIT TIMAH ROAD,0.0
bukit_timah_road,Bukit Timah Road,7416.0,28693.335,32790.596,4.823,7.01,7.01,,,BUKIT TIMAH ROAD,0.0
bukit_timah_road,Bukit Timah Road,7418.0,28694.844,32789.283,4.775,6.699,6.699,,,BUKIT TIMAH ROAD,0.0
bukit_timah_road,Bukit Timah Road,7420.0,28696.354,32787.971,5.157,6.488,6.488,,,BUKIT TIMAH ROAD,0.0
bukit_timah_road,Bukit Timah Road,7422.0,28697.863,32786.659,3.134,6.277,6.277,,,BUKIT TIMAH ROAD,0.0
bukit_timah_road,Bukit Timah Road,7424.0,28699.372,32785.346,4.957,6.066,6.066,,,BUKIT TIMAH ROAD,0.0
bukit_timah_road,Bukit Timah Road,7426.0,28700.881,32784.034,5.855,5.855,5.855,,,BUKIT TIMAH ROAD,0.0
bukit_timah_road,Bukit Timah Road,7428.0,28702.39,32782.721,5.722,5.722,5.82,,,BUKIT TIMAH ROAD,0.0
bukit_timah_road,Bukit Timah Road,7430.0,28703.9,32781.409,5.663,5.663,5.722,,,BUKIT TIMAH ROAD,0.0
bukit_timah_road,Bukit Timah Road,7432.0,28705.409,32780.097,5.82,5.82,5.697,,,BUKIT TIMAH ROAD,0.0
bukit_timah_road,Bukit Timah Road,7434.0,28706.918,32778.784,7.862,5.697,5.663,,,BUKIT TIMAH ROAD,0.0
bukit_timah_road,Bukit Timah Road,7436.0,28708.427,32777.472,7.865,5.575,5.575,,,BUKIT TIMAH ROAD,0.0
bukit_timah_road,Bukit Timah Road,7438.0,28709.936,32776.16,7.897,5.453,5.453,,,BUKIT TIMAH ROAD,0.0
bukit_timah_road,Bukit Timah Road,7440.0,28711.445,32774.847,6.783,5.33,5.33,,,BUKIT TIMAH ROAD,0.0
bukit_timah_road,Bukit Timah Road,7442.0,28712.955,32773.535,6.882,5.208,5.208,,,BUKIT TIMAH ROAD,0.0
bukit_timah_road,Bukit Timah Road,7444.0,28714.464,32772.222,6.663,5.086,5.086,,,BUKIT TIMAH ROAD,0.0
bukit_timah_road,Bukit Timah Road,7446.0,28715.973,32770.91,5.966,4.963,4.963,,,BUKIT TIMAH ROAD,0.0
bukit_timah_road,Bukit Timah Road,7448.0,28717.482,32769.598,5.344,4.841,4.841,,,BUKIT TIMAH ROAD,0.0
bukit_timah_road,Bukit Timah Road,7450.0,28718.991,32768.285,4.719,4.719,4.841,,,BUKIT TIMAH ROAD,0.0
bukit_timah_road,Bukit Timah Road,7452.0,28720.501,32766.973,4.245,4.82,4.841,,,BUKIT TIMAH ROAD,0.0
bukit_timah_road,Bukit Timah Road,7454.0,28722.01,32765.661,4.901,4.921,4.921,,,BUKIT TIMAH ROAD,0.0
bukit_timah_road,Bukit Timah Road,7456.0,28723.519,32764.348,5.022,5.022,4.921,,,BUKIT TIMAH ROAD,0.0
bukit_timah_road,Bukit Timah Road,7458.0,28725.028,32763.036,5.519,4.945,4.921,,,BUKIT TIMAH ROAD,0.0
bukit_timah_road,Bukit Timah Road,7460.0,28726.537,32761.723,5.039,4.867,4.945,1.534,1.0,BUKIT TIMAH ROAD,0.0
bukit_timah_road,Bukit Timah Road,7462.0,28728.047,32760.411,4.79,4.79,4.945,,,BUKIT TIMAH ROAD,0.0
bukit_timah_road,Bukit Timah Road,7464.0,28729.556,32759.099,5.044,5.044,5.044,,,BUKIT TIMAH ROAD,0.0
bukit_timah_road,Bukit Timah Road,7466.0,28731.065,32757.786,4.705,5.165,5.165,3.281,1.0,BUKIT TIMAH ROAD,0.0
bukit_timah_road,Bukit Timah Road,7468.0,28732.574,32756.474,5.125,5.286,5.17,2.043,1.0,BUKIT TIMAH ROAD,0.0
bukit_timah_road,Bukit Timah Road,7470.0,28734.083,32755.162,5.407,5.407,5.207,,,BUKIT TIMAH ROAD,0.0
bukit_timah_road,Bukit Timah Road,7472.0,28735.593,32753.849,5.17,5.17,5.207,,,BUKIT TIMAH ROAD,0.0
bukit_timah_road,Bukit Timah Road,7474.0,28737.102,32752.537,5.207,5.207,5.17,-3.057,1.0,BUKIT TIMAH ROAD,0.0
bukit_timah_road,Bukit Timah Road,7476.0,28738.611,32751.225,4.909,4.909,5.044,-2.822,1.0,BUKIT TIMAH ROAD,0.0
bukit_timah_road,Bukit Timah Road,7478.0,28740.12,32749.912,5.044,5.044,4.963,-2.588,1.0,BUKIT TIMAH ROAD,0.0
bukit_timah_road,Bukit Timah Road,7480.0,28741.629,32748.6,4.652,4.963,4.963,-1.02,1.0,BUKIT TIMAH ROAD,0.0
bukit_timah_road,Bukit Timah Road,7482.0,28743.139,32747.287,4.881,4.881,4.963,-1.02,1.0,BUKIT TIMAH ROAD,0.0
bukit_timah_road,Bukit Timah Road,7484.0,28744.648,32745.975,4.98,4.98,4.963,,,BUKIT TIMAH ROAD,0.0
bukit_timah_road,Bukit Timah Road,7486.0,28746.157,32744.663,4.874,4.874,4.881,,,BUKIT TIMAH ROAD,0.0
bukit_timah_road,Bukit Timah Road,7488.0,28747.666,32743.35,5.017,5.017,4.874,-3.715,1.0,BUKIT TIMAH ROAD,0.0
bukit_timah_road,Bukit Timah Road,7490.0,28749.263,32742.179,4.585,4.841,4.841,-4.063,1.0,BUKIT TIMAH ROAD,0.0
bukit_timah_road,Bukit Timah Road,7492.0,28751.109,32741.409,4.666,4.666,4.666,-4.411,1.0,BUKIT TIMAH ROAD,0.0
bukit_timah_road,Bukit Timah Road,7494.0,28752.954,32740.638,4.883,4.593,4.593,,,BUKIT TIMAH ROAD,0.0
bukit_timah_road,Bukit Timah Road,7496.0,28754.8,32739.867,4.521,4.521,4.521,,,BUKIT TIMAH ROAD,0.0
bukit_timah_road,Bukit Timah Road,7498.0,28756.645,32739.096,4.477,4.477,4.477,,,BUKIT TIMAH ROAD,0.0
bukit_timah_road,Bukit Timah Road,7500.0,28758.491,32738.325,4.172,4.475,4.475,,,BUKIT TIMAH ROAD,0.0
bukit_timah_road,Bukit Timah Road,7502.0,28760.336,32737.554,4.12,4.472,4.475,,,BUKIT TIMAH ROAD,0.0
bukit_timah_road,Bukit Timah Road,7504.0,28762.182,32736.783,4.778,4.47,4.475,,,BUKIT TIMAH ROAD,0.0
bukit_timah_road,Bukit Timah Road,7506.0,28764.027,32736.012,4.468,4.623,4.623,,,BUKIT TIMAH ROAD,0.0
bukit_timah_road,Bukit Timah Road,7508.0,28765.872,32735.241,4.495,4.775,4.775,,,BUKIT TIMAH ROAD,0.0
bukit_timah_road,Bukit Timah Road,7510.0,28767.718,32734.47,4.687,5.023,5.023,,,BUKIT TIMAH ROAD,0.0
bukit_timah_road,Bukit Timah Road,7512.0,28769.563,32733.7,5.079,5.27,5.27,,,BUKIT TIMAH ROAD,0.0
bukit_timah_road,Bukit Timah Road,7514.0,28771.409,32732.929,5.099,5.518,5.518,,,BUKIT TIMAH ROAD,0.0
bukit_timah_road,Bukit Timah Road,7516.0,28773.254,32732.158,6.193,5.765,5.765,,,BUKIT TIMAH ROAD,0.0
bukit_timah_road,Bukit Timah Road,7518.0,28775.1,32731.387,6.31,6.013,6.013,,,BUKIT TIMAH ROAD,0.0
bukit_timah_road,Bukit Timah Road,7520.0,28776.945,32730.616,6.26,6.26,6.013,,,BUKIT TIMAH ROAD,0.0
bukit_timah_road,Bukit Timah Road,7522.0,28778.791,32729.845,6.202,6.202,6.013,,,BUKIT TIMAH ROAD,0.0
bukit_timah_road,Bukit Timah Road,7524.0,28780.636,32729.074,5.998,5.998,5.998,-2.054,1.0,BUKIT TIMAH ROAD,0.0
bukit_timah_road,Bukit Timah Road,7526.0,28782.482,32728.303,5.924,5.924,5.924,-2.054,1.0,BUKIT TIMAH ROAD,0.0
bukit_timah_road,Bukit Timah Road,7528.0,28784.327,32727.532,5.848,5.848,5.848,-1.875,1.0,BUKIT TIMAH ROAD,0.0
bukit_timah_road,Bukit Timah Road,7530.0,28786.173,32726.762,5.748,5.748,5.848,,,BUKIT TIMAH ROAD,0.0
bukit_timah_road,Bukit Timah Road,7532.0,28788.018,32725.991,5.674,5.674,5.848,,,BUKIT TIMAH ROAD,0.0
bukit_timah_road,Bukit Timah Road,7534.0,28789.863,32725.22,11.374,5.951,5.951,,,BUKIT TIMAH ROAD,0.0
bukit_timah_road,Bukit Timah Road,7536.0,28791.709,32724.449,11.324,6.228,6.056,,,BUKIT TIMAH ROAD,0.0
bukit_timah_road,Bukit Timah Road,7538.0,28793.554,32723.678,5.424,6.142,6.056,,,BUKIT TIMAH ROAD,0.0
bukit_timah_road,Bukit Timah Road,7540.0,28795.4,32722.907,5.323,6.056,6.056,,,BUKIT TIMAH ROAD,0.0
bukit_timah_road,Bukit Timah Road,7542.0,28797.245,32722.136,5.986,5.97,5.97,,,BUKIT TIMAH ROAD,0.0
bukit_timah_road,Bukit Timah Road,7544.0,28799.091,32721.365,8.777,5.885,5.885,,,BUKIT TIMAH ROAD,0.0
bukit_timah_road,Bukit Timah Road,7546.0,28800.936,32720.594,8.74,5.799,5.799,,,BUKIT TIMAH ROAD,0.0
bukit_timah_road,Bukit Timah Road,7548.0,28802.782,32719.824,8.698,5.713,5.713,,,BUKIT TIMAH ROAD,0.0
bukit_timah_road,Bukit Timah Road,7550.0,28804.627,32719.053,8.203,5.628,5.628,,,BUKIT TIMAH ROAD,0.0
bukit_timah_road,Bukit Timah Road,7552.0,28806.473,32718.282,5.341,5.542,5.542,,,BUKIT TIMAH ROAD,0.0
bukit_timah_road,Bukit Timah Road,7554.0,28808.318,32717.511,5.642,5.456,5.456,,,BUKIT TIMAH ROAD,0.0
bukit_timah_road,Bukit Timah Road,7556.0,28810.164,32716.74,5.542,5.371,5.371,,,BUKIT TIMAH ROAD,0.0
bukit_timah_road,Bukit Timah Road,7558.0,28812.009,32715.969,5.54,5.285,5.285,,,BUKIT TIMAH ROAD,0.0
bukit_timah_road,Bukit Timah Road,7560.0,28813.854,32715.198,5.028,5.028,5.203,,,BUKIT TIMAH ROAD,0.0
bukit_timah_road,Bukit Timah Road,7562.0,28815.7,32714.427,5.203,5.203,5.099,,,BUKIT TIMAH ROAD,0.0
bukit_timah_road,Bukit Timah Road,7564.0,28817.545,32713.656,5.099,5.099,5.028,-5.692,1.0,BUKIT TIMAH ROAD,0.0
bukit_timah_road,Bukit Timah Road,7566.0,28819.391,32712.886,4.987,4.987,4.987,-5.26,1.0,BUKIT TIMAH ROAD,0.0
bukit_timah_road,Bukit Timah Road,7568.0,28821.236,32712.115,4.748,4.748,4.748,-4.862,1.0,BUKIT TIMAH ROAD,0.0
bukit_timah_road,Bukit Timah Road,7570.0,28823.082,32711.344,4.678,4.678,4.678,-5.889,1.0,BUKIT TIMAH ROAD,0.0
bukit_timah_road,Bukit Timah Road,7572.0,28824.927,32710.573,4.639,4.639,4.639,-3.66,1.0,BUKIT TIMAH ROAD,0.0
bukit_timah_road,Bukit Timah Road,7574.0,28826.773,32709.802,4.515,4.515,4.515,-3.062,1.0,BUKIT TIMAH ROAD,0.0
bukit_timah_road,Bukit Timah Road,7576.0,28828.618,32709.031,4.455,4.455,4.455,-3.196,1.0,BUKIT TIMAH ROAD,0.0
bukit_timah_road,Bukit Timah Road,7578.0,28830.464,32708.26,4.433,4.433,4.433,-3.152,1.0,BUKIT TIMAH ROAD,0.0
bukit_timah_road,Bukit Timah Road,7580.0,28832.309,32707.489,4.383,4.383,4.383,-3.499,1.0,BUKIT TIMAH ROAD,0.0
bukit_timah_road,Bukit Timah Road,7582.0,28834.155,32706.718,4.263,4.263,4.263,-3.283,1.0,BUKIT TIMAH ROAD,0.0
bukit_timah_road,Bukit Timah Road,7584.0,28836.008,32705.966,4.171,4.171,4.175,-3.96,1.0,BUKIT TIMAH ROAD,0.0
bukit_timah_road,Bukit Timah Road,7586.0,28837.862,32705.217,4.175,4.175,4.171,-2.565,1.0,BUKIT TIMAH ROAD,0.0
bukit_timah_road,Bukit Timah Road,7588.0,28839.717,32704.468,4.066,4.066,4.066,-1.771,1.0,BUKIT TIMAH ROAD,0.0
bukit_timah_road,Bukit Timah Road,7590.0,28841.571,32703.719,4.033,4.033,4.058,-1.875,1.0,BUKIT TIMAH ROAD,0.0
bukit_timah_road,Bukit Timah Road,7592.0,28843.425,32702.97,4.021,4.021,4.033,-0.573,1.0,BUKIT TIMAH ROAD,0.0
bukit_timah_road,Bukit Timah Road,7594.0,28845.28,32702.221,4.058,4.058,4.021,-0.182,1.0,BUKIT TIMAH ROAD,0.0
bukit_timah_road,Bukit Timah Road,7596.0,28847.134,32701.472,3.987,3.987,4.021,0.247,1.0,BUKIT TIMAH ROAD,0.0
bukit_timah_road,Bukit Timah Road,7598.0,28848.989,32700.723,3.975,3.975,4.044,0.677,1.0,BUKIT TIMAH ROAD,0.0
bukit_timah_road,Bukit Timah Road,7600.0,28850.843,32699.974,4.375,4.044,4.044,0.677,1.0,BUKIT TIMAH ROAD,0.0
bukit_timah_road,Bukit Timah Road,7602.0,28852.698,32699.225,4.112,4.112,4.075,0.391,1.0,BUKIT TIMAH ROAD,0.0
bukit_timah_road,Bukit Timah Road,7604.0,28854.552,32698.476,4.087,4.087,4.075,-0.299,1.0,BUKIT TIMAH ROAD,0.0
bukit_timah_road,Bukit Timah Road,7606.0,28856.407,32697.727,4.075,4.075,4.075,-0.99,1.0,BUKIT TIMAH ROAD,0.0
bukit_timah_road,Bukit Timah Road,7608.0,28858.261,32696.978,4.012,4.012,4.012,-1.094,1.0,BUKIT TIMAH ROAD,0.0
bukit_timah_road,Bukit Timah Road,7610.0,28860.115,32696.229,3.996,3.996,3.996,-1.094,1.0,BUKIT TIMAH ROAD,0.0
bukit_timah_road,Bukit Timah Road,7612.0,28861.97,32695.48,3.987,3.987,3.987,-0.99,1.0,BUKIT TIMAH ROAD,0.0
bukit_timah_road,Bukit Timah Road,7614.0,28863.824,32694.731,3.933,3.933,3.987,-1.094,1.0,BUKIT TIMAH ROAD,0.0
bukit_timah_road,Bukit Timah Road,7616.0,28865.679,32693.982,3.908,3.908,3.933,-1.042,1.0,BUKIT TIMAH ROAD,0.0
bukit_timah_road,Bukit Timah Road,7618.0,28867.533,32693.233,4.153,4.153,3.908,-1.406,1.0,BUKIT TIMAH ROAD,0.0
bukit_timah_road,Bukit Timah Road,7620.0,28869.388,32692.484,3.904,3.904,3.904,-2.24,1.0,BUKIT TIMAH ROAD,0.0
bukit_timah_road,Bukit Timah Road,7622.0,28871.242,32691.735,3.875,3.875,3.875,-1.927,1.0,BUKIT TIMAH ROAD,0.0
bukit_timah_road,Bukit Timah Road,7624.0,28873.097,32690.986,3.754,3.754,3.754,-1.875,1.0,BUKIT TIMAH ROAD,0.0
bukit_timah_road,Bukit Timah Road,7626.0,28874.951,32690.237,3.737,3.737,3.754,-0.965,1.0,BUKIT TIMAH ROAD,0.0
bukit_timah_road,Bukit Timah Road,7628.0,28876.806,32689.488,3.737,3.737,3.754,0.99,1.0,BUKIT TIMAH ROAD,0.0
bukit_timah_road,Bukit Timah Road,7630.0,28878.66,32688.739,3.833,3.833,3.798,0.99,1.0,BUKIT TIMAH ROAD,0.0
bukit_timah_road,Bukit Timah Road,7632.0,28880.514,32687.99,3.841,3.841,3.833,0.819,1.0,BUKIT TIMAH ROAD,0.0
bukit_timah_road,Bukit Timah Road,7634.0,28882.369,32687.241,3.798,3.798,3.833,0.0,1.0,BUKIT TIMAH ROAD,0.0
bukit_timah_road,Bukit Timah Road,7636.0,28884.223,32686.492,3.891,3.891,3.819,-1.42,1.0,BUKIT TIMAH ROAD,0.0
bukit_timah_road,Bukit Timah Road,7638.0,28886.078,32685.743,3.819,3.819,3.798,-1.42,1.0,BUKIT TIMAH ROAD,0.0
bukit_timah_road,Bukit Timah Road,7640.0,28887.932,32684.994,3.679,3.679,3.719,-1.25,1.0,BUKIT TIMAH ROAD,0.0
bukit_timah_road,Bukit Timah Road,7642.0,28889.787,32684.245,3.707,3.707,3.719,-0.82,1.0,BUKIT TIMAH ROAD,0.0
bukit_timah_road,Bukit Timah Road,7644.0,28891.641,32683.496,3.719,3.719,3.719,,,BUKIT TIMAH ROAD,0.0
bukit_timah_road,Bukit Timah Road,7646.0,28893.496,32682.747,3.732,3.732,3.732,,,BUKIT TIMAH ROAD,0.0
bukit_timah_road,Bukit Timah Road,7648.0,28895.35,32681.998,3.91,4.015,4.015,,,BUKIT TIMAH ROAD,0.0
bukit_timah_road,Bukit Timah Road,7650.0,28897.204,32681.249,3.973,4.298,4.298,,,BUKIT TIMAH ROAD,0.0
bukit_timah_road,Bukit Timah Road,7652.0,28899.059,32680.5,3.93,4.581,4.581,,,BUKIT TIMAH ROAD,0.0
bukit_timah_road,Bukit Timah Road,7654.0,28900.913,32679.751,3.905,4.582,4.582,,,BUKIT TIMAH ROAD,0.0
bukit_timah_road,Bukit Timah Road,7656.0,28902.768,32679.002,3.89,4.583,4.583,,,BUKIT TIMAH ROAD,0.0
bukit_timah_road,Bukit Timah Road,7658.0,28904.622,32678.253,4.001,4.584,4.584,,,BUKIT TIMAH ROAD,0.0
bukit_timah_road,Bukit Timah Road,7660.0,28906.477,32677.504,8.971,4.585,4.585,,,BUKIT TIMAH ROAD,0.0
bukit_timah_road,Bukit Timah Road,7662.0,28908.331,32676.755,9.213,4.585,4.585,,,BUKIT TIMAH ROAD,0.0
bukit_timah_road,Bukit Timah Road,7664.0,28910.186,32676.006,9.149,4.586,4.586,,,BUKIT TIMAH ROAD,0.0
bukit_timah_road,Bukit Timah Road,7666.0,28912.04,32675.257,9.169,4.587,4.587,,,BUKIT TIMAH ROAD,0.0
bukit_timah_road,Bukit Timah Road,7668.0,28913.894,32674.508,9.058,4.588,4.588,,,BUKIT TIMAH ROAD,0.0
bukit_timah_road,Bukit Timah Road,7670.0,28915.749,32673.759,4.166,4.589,4.589,,,BUKIT TIMAH ROAD,0.0
bukit_timah_road,Bukit Timah Road,7672.0,28917.603,32673.01,4.294,4.59,4.59,,,BUKIT TIMAH ROAD,0.0
bukit_timah_road,Bukit Timah Road,7674.0,28919.458,32672.26,3.854,4.59,4.59,,,BUKIT TIMAH ROAD,0.0
bukit_timah_road,Bukit Timah Road,7676.0,28921.312,32671.511,3.823,4.886,4.886,,,BUKIT TIMAH ROAD,0.0
bukit_timah_road,Bukit Timah Road,7678.0,28923.167,32670.763,3.882,5.182,5.182,,,BUKIT TIMAH ROAD,0.0
bukit_timah_road,Bukit Timah Road,7680.0,28925.021,32670.014,5.478,5.478,5.478,,,BUKIT TIMAH ROAD,0.0
bukit_timah_road,Bukit Timah Road,7682.0,28926.876,32669.265,5.532,5.532,5.532,,,BUKIT TIMAH ROAD,0.0
bukit_timah_road,Bukit Timah Road,7684.0,28928.731,32668.517,5.625,5.625,5.625,2.026,1.0,BUKIT TIMAH ROAD,0.0
bukit_timah_road,Bukit Timah Road,7686.0,28930.585,32667.767,5.723,5.723,5.64,1.344,1.0,BUKIT TIMAH ROAD,0.0
bukit_timah_road,Bukit Timah Road,7688.0,28932.439,32667.017,5.64,5.64,5.64,-0.122,1.0,BUKIT TIMAH ROAD,0.0
bukit_timah_road,Bukit Timah Road,7690.0,28934.293,32666.268,5.686,5.686,5.64,,,BUKIT TIMAH ROAD,0.0
bukit_timah_road,Bukit Timah Road,7692.0,28936.148,32665.519,5.438,5.438,5.615,,,BUKIT TIMAH ROAD,0.0
bukit_timah_road,Bukit Timah Road,7694.0,28938.002,32664.77,4.093,5.527,5.615,,,BUKIT TIMAH ROAD,0.0
bukit_timah_road,Bukit Timah Road,7696.0,28939.857,32664.021,4.027,5.615,5.615,,,BUKIT TIMAH ROAD,0.0
bukit_timah_road,Bukit Timah Road,7698.0,28941.711,32663.272,4.23,5.704,5.704,,,BUKIT TIMAH ROAD,0.0
bukit_timah_road,Bukit Timah Road,7700.0,28943.566,32662.523,4.049,5.793,5.704,,,BUKIT TIMAH ROAD,0.0
bukit_timah_road,Bukit Timah Road,7702.0,28945.387,32661.7,5.882,5.882,5.793,,,BUKIT TIMAH ROAD,0.0
bukit_timah_road,Bukit Timah Road,7704.0,28947.178,32660.81,5.66,5.66,5.882,,,BUKIT TIMAH ROAD,0.0
bukit_timah_road,Bukit Timah Road,7706.0,28948.974,32659.93,7.678,5.933,5.933,,,BUKIT TIMAH ROAD,0.0
bukit_timah_road,Bukit Timah Road,7708.0,28950.774,32659.059,7.239,6.206,6.206,,,BUKIT TIMAH ROAD,0.0
bukit_timah_road,Bukit Timah Road,7710.0,28952.574,32658.188,6.035,6.48,6.48,,,BUKIT TIMAH ROAD,0.0
bukit_timah_road,Bukit Timah Road,7712.0,28954.375,32657.317,5.862,6.753,6.753,,,BUKIT TIMAH ROAD,0.0
bukit_timah_road,Bukit Timah Road,7714.0,28956.175,32656.446,6.323,7.027,7.027,,,BUKIT TIMAH ROAD,0.0
bukit_timah_road,Bukit Timah Road,7716.0,28957.976,32655.575,6.664,7.3,7.027,,,BUKIT TIMAH ROAD,0.0
bukit_timah_road,Bukit Timah Road,7718.0,28959.776,32654.704,7.573,7.179,7.027,,,BUKIT TIMAH ROAD,0.0
bukit_timah_road,Bukit Timah Road,7720.0,28961.577,32653.834,7.841,6.937,6.937,,,BUKIT TIMAH ROAD,0.0
bukit_timah_road,Bukit Timah Road,7722.0,28963.377,32652.963,7.923,6.656,6.656,,,BUKIT TIMAH ROAD,0.0
bukit_timah_road,Bukit Timah Road,7724.0,28965.177,32652.092,6.029,6.375,6.375,,,BUKIT TIMAH ROAD,0.0
bukit_timah_road,Bukit Timah Road,7726.0,28966.978,32651.221,5.773,6.095,6.095,,,BUKIT TIMAH ROAD,0.0
bukit_timah_road,Bukit Timah Road,7728.0,28968.778,32650.35,6.43,5.857,5.857,,,BUKIT TIMAH ROAD,0.0
bukit_timah_road,Bukit Timah Road,7730.0,28970.579,32649.479,4.522,5.62,5.62,,,BUKIT TIMAH ROAD,0.0
bukit_timah_road,Bukit Timah Road,7732.0,28972.379,32648.608,4.607,5.383,5.383,,,BUKIT TIMAH ROAD,0.0
bukit_timah_road,Bukit Timah Road,7734.0,28974.179,32647.737,4.514,5.146,5.146,,,BUKIT TIMAH ROAD,0.0
bukit_timah_road,Bukit Timah Road,7736.0,28975.98,32646.866,4.816,4.909,4.909,,,BUKIT TIMAH ROAD,0.0
bukit_timah_road,Bukit Timah Road,7738.0,28977.78,32645.995,4.672,4.672,4.672,,,BUKIT TIMAH ROAD,0.0
bukit_timah_road,Bukit Timah Road,7740.0,28979.581,32645.124,4.27,4.604,4.604,,,BUKIT TIMAH ROAD,0.0
bukit_timah_road,Bukit Timah Road,7742.0,28981.381,32644.253,5.801,4.535,4.535,,,BUKIT TIMAH ROAD,0.0
bukit_timah_road,Bukit Timah Road,7744.0,28983.182,32643.382,5.289,4.467,4.467,,,BUKIT TIMAH ROAD,0.0
bukit_timah_road,Bukit Timah Road,7746.0,28984.982,32642.511,5.781,4.399,4.399,,,BUKIT TIMAH ROAD,0.0
bukit_timah_road,Bukit Timah Road,7748.0,28986.783,32641.641,6.866,4.33,4.399,,,BUKIT TIMAH ROAD,0.0
bukit_timah_road,Bukit Timah Road,7750.0,28988.585,32640.774,4.045,4.262,4.399,,,BUKIT TIMAH ROAD,0.0
bukit_timah_road,Bukit Timah Road,7752.0,28990.387,32639.906,4.193,4.44,4.44,,,BUKIT TIMAH ROAD,0.0
bukit_timah_road,Bukit Timah Road,7754.0,28992.188,32639.038,4.175,4.619,4.619,,,BUKIT TIMAH ROAD,0.0
bukit_timah_road,Bukit Timah Road,7756.0,28993.99,32638.17,5.045,4.721,4.721,,,BUKIT TIMAH ROAD,0.0
bukit_timah_road,Bukit Timah Road,7758.0,28995.792,32637.302,4.822,4.822,4.721,,,BUKIT TIMAH ROAD,0.0
bukit_timah_road,Bukit Timah Road,7760.0,28997.596,32636.438,5.786,4.725,4.721,,,BUKIT TIMAH ROAD,0.0
bukit_timah_road,Bukit Timah Road,7762.0,28999.4,32635.576,6.212,4.629,4.629,,,BUKIT TIMAH ROAD,0.0
bukit_timah_road,Bukit Timah Road,7764.0,29001.205,32634.713,5.075,4.532,4.532,,,BUKIT TIMAH ROAD,0.0
bukit_timah_road,Bukit Timah Road,7766.0,29003.009,32633.85,7.148,4.435,4.435,,,BUKIT TIMAH ROAD,0.0
bukit_timah_road,Bukit Timah Road,7768.0,29004.813,32632.987,7.068,4.338,4.338,,,BUKIT TIMAH ROAD,0.0
bukit_timah_road,Bukit Timah Road,7770.0,29006.618,32632.124,5.35,4.241,4.241,,,BUKIT TIMAH ROAD,0.0
bukit_timah_road,Bukit Timah Road,7772.0,29008.422,32631.261,5.355,4.145,4.145,,,BUKIT TIMAH ROAD,0.0
bukit_timah_road,Bukit Timah Road,7774.0,29010.226,32630.398,4.048,4.048,4.145,,,BUKIT TIMAH ROAD,0.0
bukit_timah_road,Bukit Timah Road,7776.0,29012.03,32629.535,4.073,4.073,4.145,,,BUKIT TIMAH ROAD,0.0
bukit_timah_road,Bukit Timah Road,7778.0,29013.835,32628.672,4.27,4.27,4.136,1.574,1.0,BUKIT TIMAH ROAD,0.0
bukit_timah_road,Bukit Timah Road,7780.0,29015.639,32627.809,4.214,4.214,4.214,2.492,1.0,BUKIT TIMAH ROAD,0.0
bukit_timah_road,Bukit Timah Road,7782.0,29017.443,32626.947,4.136,4.136,4.27,3.917,1.0,BUKIT TIMAH ROAD,0.0
bukit_timah_road,Bukit Timah Road,7784.0,29019.247,32626.084,4.344,4.344,4.344,2.952,1.0,BUKIT TIMAH ROAD,0.0
bukit_timah_road,Bukit Timah Road,7786.0,29021.052,32625.221,4.45,4.45,4.45,3.122,1.0,BUKIT TIMAH ROAD,0.0
bukit_timah_road,Bukit Timah Road,7788.0,29022.856,32624.358,4.45,4.45,4.45,3.34,1.0,BUKIT TIMAH ROAD,0.0
bukit_timah_road,Bukit Timah Road,7790.0,29024.66,32623.495,4.611,4.611,4.52,2.045,1.0,BUKIT TIMAH ROAD,0.0
bukit_timah_road,Bukit Timah Road,7792.0,29026.465,32622.632,4.52,4.52,4.611,2.074,1.0,BUKIT TIMAH ROAD,0.0
bukit_timah_road,Bukit Timah Road,7794.0,29028.269,32621.769,4.613,4.613,4.613,1.193,1.0,BUKIT TIMAH ROAD,0.0
bukit_timah_road,Bukit Timah Road,7796.0,29030.073,32620.906,4.616,4.616,4.616,0.284,1.0,BUKIT TIMAH ROAD,0.0
bukit_timah_road,Bukit Timah Road,7798.0,29031.877,32620.043,4.634,4.634,4.616,0.483,1.0,BUKIT TIMAH ROAD,0.0
bukit_timah_road,Bukit Timah Road,7800.0,29033.682,32619.18,4.695,4.695,4.634,0.994,1.0,BUKIT TIMAH ROAD,0.0
bukit_timah_road,Bukit Timah Road,7802.0,29035.486,32618.318,4.566,4.566,4.652,1.733,1.0,BUKIT TIMAH ROAD,0.0
bukit_timah_road,Bukit Timah Road,7804.0,29037.29,32617.455,4.652,4.652,4.695,,,BUKIT TIMAH ROAD,0.0
bukit_timah_road,Bukit Timah Road,7806.0,29039.094,32616.592,4.754,4.754,4.754,,,BUKIT TIMAH ROAD,0.0
bukit_timah_road,Bukit Timah Road,7808.0,29040.899,32615.729,5.035,5.048,5.048,,,BUKIT TIMAH ROAD,0.0
bukit_timah_road,Bukit Timah Road,7810.0,29042.703,32614.866,5.056,5.342,5.342,,,BUKIT TIMAH ROAD,0.0
bukit_timah_road,Bukit Timah Road,7812.0,29044.507,32614.003,5.99,5.625,5.625,,,BUKIT TIMAH ROAD,0.0
bukit_timah_road,Bukit Timah Road,7814.0,29046.312,32613.14,5.956,5.907,5.907,,,BUKIT TIMAH ROAD,0.0
bukit_timah_road,Bukit Timah Road,7816.0,29048.116,32612.277,6.19,6.19,6.09,,,BUKIT TIMAH ROAD,0.0
bukit_timah_road,Bukit Timah Road,7818.0,29049.92,32611.414,6.09,6.09,6.09,,,BUKIT TIMAH ROAD,0.0
bukit_timah_road,Bukit Timah Road,7820.0,29051.724,32610.551,6.185,6.185,6.139,,,BUKIT TIMAH ROAD,0.0
bukit_timah_road,Bukit Timah Road,7822.0,29053.529,32609.689,6.076,6.076,6.139,,,BUKIT TIMAH ROAD,0.0
bukit_timah_road,Bukit Timah Road,7824.0,29055.333,32608.826,6.511,6.139,6.185,,,BUKIT TIMAH ROAD,0.0
bukit_timah_road,Bukit Timah Road,7826.0,29057.137,32607.963,5.992,6.202,6.202,,,BUKIT TIMAH ROAD,0.0
bukit_timah_road,Bukit Timah Road,7828.0,29058.941,32607.1,5.57,6.265,6.265,,,BUKIT TIMAH ROAD,0.0
bukit_timah_road,Bukit Timah Road,7830.0,29060.746,32606.237,5.769,6.328,6.328,,,BUKIT TIMAH ROAD,0.0
bukit_timah_road,Bukit Timah Road,7832.0,29062.55,32605.374,6.392,6.392,6.392,,,BUKIT TIMAH ROAD,0.0
bukit_timah_road,Bukit Timah Road,7834.0,29064.354,32604.511,6.465,6.465,6.42,,,BUKIT TIMAH ROAD,0.0
bukit_timah_road,Bukit Timah Road,7836.0,29066.159,32603.648,6.42,6.42,6.465,,,BUKIT TIMAH ROAD,0.0
bukit_timah_road,Bukit Timah Road,7838.0,29067.963,32602.785,5.742,6.531,6.531,,,BUKIT TIMAH ROAD,0.0
bukit_timah_road,Bukit Timah Road,7840.0,29069.767,32601.922,6.326,6.642,6.642,,,BUKIT TIMAH ROAD,0.0
bukit_timah_road,Bukit Timah Road,7842.0,29071.571,32601.06,5.956,6.752,6.752,,,BUKIT TIMAH ROAD,0.0
bukit_timah_road,Bukit Timah Road,7844.0,29073.376,32600.197,5.961,6.863,6.808,,,BUKIT TIMAH ROAD,0.0
bukit_timah_road,Bukit Timah Road,7846.0,29075.18,32599.334,6.974,6.974,6.808,,,BUKIT TIMAH ROAD,0.0
bukit_timah_road,Bukit Timah Road,7848.0,29076.984,32598.471,7.151,6.808,6.808,,,BUKIT TIMAH ROAD,0.0
bukit_timah_road,Bukit Timah Road,7850.0,29078.788,32597.608,6.641,6.641,6.808,,,BUKIT TIMAH ROAD,0.0
bukit_timah_road,Bukit Timah Road,7852.0,29080.593,32596.745,6.242,6.762,6.808,,,BUKIT TIMAH ROAD,0.0
bukit_timah_road,Bukit Timah Road,7854.0,29082.397,32595.882,6.524,6.882,6.882,3.085,1.0,BUKIT TIMAH ROAD,0.0
bukit_timah_road,Bukit Timah Road,7856.0,29084.201,32595.019,7.77,7.003,7.003,,,BUKIT TIMAH ROAD,0.0
bukit_timah_road,Bukit Timah Road,7858.0,29086.006,32594.156,7.123,7.123,7.054,,,BUKIT TIMAH ROAD,0.0
bukit_timah_road,Bukit Timah Road,7860.0,29087.81,32593.293,7.35,7.35,7.054,,,BUKIT TIMAH ROAD,0.0
bukit_timah_road,Bukit Timah Road,7862.0,29089.614,32592.431,7.946,7.054,7.054,,,BUKIT TIMAH ROAD,0.0
bukit_timah_road,Bukit Timah Road,7864.0,29091.418,32591.568,7.25,6.759,6.759,-7.832,1.0,BUKIT TIMAH ROAD,0.0
bukit_timah_road,Bukit Timah Road,7866.0,29093.223,32590.705,6.372,6.464,6.464,,,BUKIT TIMAH ROAD,0.0
bukit_timah_road,Bukit Timah Road,7868.0,29095.027,32589.842,6.168,6.168,6.428,,,BUKIT TIMAH ROAD,0.0
bukit_timah_road,Bukit Timah Road,7870.0,29096.864,32589.054,6.428,6.428,6.428,,,BUKIT TIMAH ROAD,0.0
bukit_timah_road,Bukit Timah Road,7872.0,29098.719,32588.307,6.337,6.337,6.428,,,BUKIT TIMAH ROAD,0.0
bukit_timah_road,Bukit Timah Road,7874.0,29100.575,32587.56,6.25,6.45,6.45,,,BUKIT TIMAH ROAD,0.0
bukit_timah_road,Bukit Timah Road,7876.0,29102.43,32586.813,8.258,6.562,6.562,,,BUKIT TIMAH ROAD,0.0
bukit_timah_road,Bukit Timah Road,7878.0,29104.285,32586.066,8.959,6.812,6.812,,,BUKIT TIMAH ROAD,0.0
bukit_timah_road,Bukit Timah Road,7880.0,29106.141,32585.319,8.319,7.063,7.063,,,BUKIT TIMAH ROAD,0.0
bukit_timah_road,Bukit Timah Road,7882.0,29107.996,32584.572,7.728,7.313,7.313,,,BUKIT TIMAH ROAD,0.0
bukit_timah_road,Bukit Timah Road,7884.0,29109.851,32583.826,7.809,7.564,7.564,,,BUKIT TIMAH ROAD,0.0
bukit_timah_road,Bukit Timah Road,7886.0,29111.707,32583.079,7.815,7.815,7.564,,,BUKIT TIMAH ROAD,0.0
bukit_timah_road,Bukit Timah Road,7888.0,29113.562,32582.332,7.707,7.707,7.564,,,BUKIT TIMAH ROAD,0.0
bukit_timah_road,Bukit Timah Road,7890.0,29115.417,32581.585,7.732,7.48,7.48,,,BUKIT TIMAH ROAD,0.0
bukit_timah_road,Bukit Timah Road,7892.0,29117.272,32580.838,9.118,7.254,7.254,,,BUKIT TIMAH ROAD,0.0
bukit_timah_road,Bukit Timah Road,7894.0,29119.128,32580.091,6.771,7.134,7.134,,,BUKIT TIMAH ROAD,0.0
bukit_timah_road,Bukit Timah Road,7896.0,29120.983,32579.344,5.785,7.015,7.015,,,BUKIT TIMAH ROAD,0.0
bukit_timah_road,Bukit Timah Road,7898.0,29122.838,32578.597,5.818,6.895,6.895,,,BUKIT TIMAH ROAD,0.0
bukit_timah_road,Bukit Timah Road,7900.0,29124.694,32577.85,5.86,6.776,6.776,,,BUKIT TIMAH ROAD,0.0
bukit_timah_road,Bukit Timah Road,7902.0,29126.549,32577.103,5.912,6.657,6.657,,,BUKIT TIMAH ROAD,0.0
bukit_timah_road,Bukit Timah Road,7904.0,29128.404,32576.356,6.537,6.537,6.557,,,BUKIT TIMAH ROAD,0.0
bukit_timah_road,Bukit Timah Road,7906.0,29130.259,32575.609,6.53,6.53,6.557,,,BUKIT TIMAH ROAD,0.0
bukit_timah_road,Bukit Timah Road,7908.0,29132.115,32574.863,6.557,6.557,6.557,0.0,1.0,BUKIT TIMAH ROAD,0.0
bukit_timah_road,Bukit Timah Road,7910.0,29133.97,32574.116,6.595,6.595,6.557,-1.286,1.0,BUKIT TIMAH ROAD,0.0
bukit_timah_road,Bukit Timah Road,7912.0,29135.825,32573.369,6.6,6.6,6.557,-2.572,1.0,BUKIT TIMAH ROAD,0.0
bukit_timah_road,Bukit Timah Road,7914.0,29137.681,32572.622,6.079,6.404,6.404,-2.572,1.0,BUKIT TIMAH ROAD,0.0
bukit_timah_road,Bukit Timah Road,7916.0,29139.536,32571.875,6.208,6.208,6.351,-2.572,1.0,BUKIT TIMAH ROAD,0.0
bukit_timah_road,Bukit Timah Road,7918.0,29141.391,32571.128,6.216,6.216,6.351,-1.108,1.0,BUKIT TIMAH ROAD,0.0
bukit_timah_road,Bukit Timah Road,7920.0,29143.246,32570.381,6.351,6.351,6.351,0.356,1.0,BUKIT TIMAH ROAD,0.0
bukit_timah_road,Bukit Timah Road,7922.0,29145.102,32569.634,6.38,6.38,6.351,0.356,1.0,BUKIT TIMAH ROAD,0.0
bukit_timah_road,Bukit Timah Road,7924.0,29146.957,32568.887,6.453,6.453,6.38,0.845,1.0,BUKIT TIMAH ROAD,0.0
bukit_timah_road,Bukit Timah Road,7926.0,29148.812,32568.14,6.279,6.279,6.38,0.845,1.0,BUKIT TIMAH ROAD,0.0
bukit_timah_road,Bukit Timah Road,7928.0,29150.668,32567.393,6.419,6.419,6.419,1.462,1.0,BUKIT TIMAH ROAD,0.0
bukit_timah_road,Bukit Timah Road,7930.0,29152.523,32566.646,6.376,6.376,6.419,,,BUKIT TIMAH ROAD,0.0
bukit_timah_road,Bukit Timah Road,7932.0,29154.378,32565.899,6.497,6.497,6.497,,,BUKIT TIMAH ROAD,0.0
bukit_timah_road,Bukit Timah Road,7934.0,29156.234,32565.153,6.59,6.707,6.707,,,BUKIT TIMAH ROAD,0.0
bukit_timah_road,Bukit Timah Road,7936.0,29158.089,32564.406,6.63,6.918,6.918,,,BUKIT TIMAH ROAD,0.0
bukit_timah_road,Bukit Timah Road,7938.0,29159.944,32563.659,6.798,7.263,7.263,,,BUKIT TIMAH ROAD,0.0
bukit_timah_road,Bukit Timah Road,7940.0,29161.799,32562.912,6.763,7.608,7.608,,,BUKIT TIMAH ROAD,0.0
bukit_timah_road,Bukit Timah Road,7942.0,29163.655,32562.165,7.713,7.953,7.953,,,BUKIT TIMAH ROAD,0.0
bukit_timah_road,Bukit Timah Road,7944.0,29165.51,32561.418,9.108,,8.298,,,BUKIT TIMAH ROAD,0.0
bukit_timah_road,Bukit Timah Road,7946.0,29167.365,32560.671,10.062,,8.643,,,BUKIT TIMAH ROAD,0.0
bukit_timah_road,Bukit Timah Road,7948.0,29169.221,32559.924,9.295,8.988,8.988,,,BUKIT TIMAH ROAD,0.0
bukit_timah_road,Bukit Timah Road,7950.0,29171.076,32559.177,10.53,9.333,9.333,,,BUKIT TIMAH ROAD,0.0
bukit_timah_road,Bukit Timah Road,7952.0,29172.931,32558.43,9.298,9.679,9.679,,,BUKIT TIMAH ROAD,0.0
bukit_timah_road,Bukit Timah Road,7954.0,29174.787,32557.683,9.586,10.024,10.024,,,BUKIT TIMAH ROAD,0.0
bukit_timah_road,Bukit Timah Road,7956.0,29176.642,32556.936,10.207,10.207,10.174,,,BUKIT TIMAH ROAD,0.0
bukit_timah_road,Bukit Timah Road,7958.0,29178.497,32556.19,10.614,10.191,10.174,,,BUKIT TIMAH ROAD,0.0
bukit_timah_road,Bukit Timah Road,7960.0,29180.352,32555.443,10.637,10.174,10.191,,,BUKIT TIMAH ROAD,0.0
bukit_timah_road,Bukit Timah Road,7962.0,29182.208,32554.696,10.158,10.158,10.191,,,BUKIT TIMAH ROAD,0.0
bukit_timah_road,Bukit Timah Road,7964.0,29184.063,32553.949,9.963,10.313,10.313,,,BUKIT TIMAH ROAD,0.0
bukit_timah_road,Bukit Timah Road,7966.0,29185.918,32553.202,9.973,10.467,10.467,,,BUKIT TIMAH ROAD,0.0
bukit_timah_road,Bukit Timah Road,7968.0,29187.774,32552.455,10.306,10.621,10.621,,,BUKIT TIMAH ROAD,0.0
bukit_timah_road,Bukit Timah Road,7970.0,29189.629,32551.708,11.211,10.726,10.711,,,BUKIT TIMAH ROAD,0.0
bukit_timah_road,Bukit Timah Road,7972.0,29191.484,32550.961,11.439,10.831,10.711,,,BUKIT TIMAH ROAD,0.0
bukit_timah_road,Bukit Timah Road,7974.0,29193.339,32550.214,12.595,10.711,10.711,,,BUKIT TIMAH ROAD,0.0
bukit_timah_road,Bukit Timah Road,7976.0,29195.195,32549.467,10.752,10.591,10.591,,,BUKIT TIMAH ROAD,0.0
bukit_timah_road,Bukit Timah Road,7978.0,29197.05,32548.72,11.536,10.336,10.336,,,BUKIT TIMAH ROAD,0.0
bukit_timah_road,Bukit Timah Road,7980.0,29198.905,32547.974,11.006,10.081,10.081,,,BUKIT TIMAH ROAD,0.0
bukit_timah_road,Bukit Timah Road,7982.0,29200.761,32547.227,11.795,9.826,9.826,,,BUKIT TIMAH ROAD,0.0
bukit_timah_road,Bukit Timah Road,7984.0,29202.616,32546.48,12.146,9.553,9.553,,,BUKIT TIMAH ROAD,0.0
bukit_timah_road,Bukit Timah Road,7986.0,29204.471,32545.733,10.295,9.279,9.279,,,BUKIT TIMAH ROAD,0.0
bukit_timah_road,Bukit Timah Road,7988.0,29206.326,32544.986,9.77,9.006,9.006,,,BUKIT TIMAH ROAD,0.0
bukit_timah_road,Bukit Timah Road,7990.0,29208.182,32544.239,9.776,8.732,8.732,,,BUKIT TIMAH ROAD,0.0
bukit_timah_road,Bukit Timah Road,7992.0,29210.037,32543.492,8.213,8.459,8.459,,,BUKIT TIMAH ROAD,0.0
bukit_timah_road,Bukit Timah Road,7994.0,29211.892,32542.745,8.382,8.382,8.459,,,BUKIT TIMAH ROAD,0.0
bukit_timah_road,Bukit Timah Road,7996.0,29213.748,32541.998,8.393,8.393,8.459,,,BUKIT TIMAH ROAD,0.0
bukit_timah_road,Bukit Timah Road,7998.0,29215.603,32541.251,8.627,8.627,8.602,1.786,1.0,BUKIT TIMAH ROAD,0.0
bukit_timah_road,Bukit Timah Road,8000.0,29217.458,32540.504,8.635,8.635,8.602,-0.57,1.0,BUKIT TIMAH ROAD,0.0
bukit_timah_road,Bukit Timah Road,8002.0,29219.314,32539.757,8.602,8.602,8.602,-2.389,1.0,BUKIT TIMAH ROAD,0.0
bukit_timah_road,Bukit Timah Road,8004.0,29221.169,32539.01,8.413,8.413,8.413,-2.389,1.0,BUKIT TIMAH ROAD,0.0
bukit_timah_road,Bukit Timah Road,8006.0,29223.024,32538.264,8.281,8.281,8.41,-2.389,1.0,BUKIT TIMAH ROAD,0.0
bukit_timah_road,Bukit Timah Road,8008.0,29224.956,32537.753,8.299,8.299,8.41,0.015,1.0,BUKIT TIMAH ROAD,0.0
bukit_timah_road,Bukit Timah Road,8010.0,29226.897,32537.273,8.41,8.41,8.41,0.351,1.0,BUKIT TIMAH ROAD,0.0
bukit_timah_road,Bukit Timah Road,8012.0,29228.839,32536.793,8.414,8.414,8.414,1.972,1.0,BUKIT TIMAH ROAD,0.0
bukit_timah_road,Bukit Timah Road,8014.0,29230.78,32536.312,8.619,8.619,8.439,1.972,1.0,BUKIT TIMAH ROAD,0.0
bukit_timah_road,Bukit Timah Road,8016.0,29232.722,32535.832,8.669,8.669,8.568,0.303,1.0,BUKIT TIMAH ROAD,0.0
bukit_timah_road,Bukit Timah Road,8018.0,29234.663,32535.351,8.439,8.439,8.568,-0.866,1.0,BUKIT TIMAH ROAD,0.0
bukit_timah_road,Bukit Timah Road,8020.0,29236.605,32534.871,8.568,8.568,8.439,-4.254,1.0,BUKIT TIMAH ROAD,0.0
bukit_timah_road,Bukit Timah Road,8022.0,29238.546,32534.391,8.369,8.369,8.369,-4.254,1.0,BUKIT TIMAH ROAD,0.0
bukit_timah_road,Bukit Timah Road,8024.0,29240.488,32533.91,8.212,8.212,8.228,-2.633,1.0,BUKIT TIMAH ROAD,0.0
bukit_timah_road,Bukit Timah Road,8026.0,29242.429,32533.43,8.18,8.18,8.228,-0.373,1.0,BUKIT TIMAH ROAD,0.0
bukit_timah_road,Bukit Timah Road,8028.0,29244.37,32532.949,8.228,8.228,8.228,1.696,1.0,BUKIT TIMAH ROAD,0.0
bukit_timah_road,Bukit Timah Road,8030.0,29246.312,32532.469,8.364,8.364,8.339,2.497,1.0,BUKIT TIMAH ROAD,0.0
bukit_timah_road,Bukit Timah Road,8032.0,29248.253,32531.989,8.339,8.339,8.364,3.299,1.0,BUKIT TIMAH ROAD,0.0
bukit_timah_road,Bukit Timah Road,8034.0,29250.195,32531.508,8.929,8.492,8.492,2.581,1.0,BUKIT TIMAH ROAD,0.0
bukit_timah_road,Bukit Timah Road,8036.0,29252.136,32531.028,8.644,8.644,8.492,2.279,1.0,BUKIT TIMAH ROAD,0.0
bukit_timah_road,Bukit Timah Road,8038.0,29254.078,32530.549,8.546,8.546,8.546,1.011,1.0,BUKIT TIMAH ROAD,0.0
bukit_timah_road,Bukit Timah Road,8040.0,29256.02,32530.07,8.467,8.467,8.546,-0.257,1.0,BUKIT TIMAH ROAD,0.0
bukit_timah_road,Bukit Timah Road,8042.0,29257.962,32529.591,8.678,8.678,8.505,-0.933,1.0,BUKIT TIMAH ROAD,0.0
bukit_timah_road,Bukit Timah Road,8044.0,29259.903,32529.112,8.471,8.471,8.471,-2.825,1.0,BUKIT TIMAH ROAD,0.0
bukit_timah_road,Bukit Timah Road,8046.0,29261.845,32528.633,8.505,8.505,8.471,-2.308,1.0,BUKIT TIMAH ROAD,0.0
bukit_timah_road,Bukit Timah Road,8048.0,29263.787,32528.154,8.32,8.32,8.32,-2.365,1.0,BUKIT TIMAH ROAD,0.0
bukit_timah_road,Bukit Timah Road,8050.0,29265.729,32527.675,8.208,8.208,8.32,-3.287,1.0,BUKIT TIMAH ROAD,0.0
bukit_timah_road,Bukit Timah Road,8052.0,29267.671,32527.196,8.145,8.145,8.282,-2.471,1.0,BUKIT TIMAH ROAD,0.0
bukit_timah_road,Bukit Timah Road,8054.0,29269.612,32526.717,8.377,8.377,8.208,-1.656,1.0,BUKIT TIMAH ROAD,0.0
bukit_timah_road,Bukit Timah Road,8056.0,29271.554,32526.238,8.608,8.282,8.187,-1.666,1.0,BUKIT TIMAH ROAD,0.0
bukit_timah_road,Bukit Timah Road,8058.0,29273.496,32525.76,8.187,8.187,8.187,-0.865,1.0,BUKIT TIMAH ROAD,0.0
bukit_timah_road,Bukit Timah Road,8060.0,29275.438,32525.281,8.139,8.139,8.149,-1.773,1.0,BUKIT TIMAH ROAD,0.0
bukit_timah_road,Bukit Timah Road,8062.0,29277.38,32524.802,8.149,8.149,8.139,-2.682,1.0,BUKIT TIMAH ROAD,0.0
bukit_timah_road,Bukit Timah Road,8064.0,29279.322,32524.323,7.931,7.931,7.973,-2.2,1.0,BUKIT TIMAH ROAD,0.0
bukit_timah_road,Bukit Timah Road,8066.0,29281.263,32523.844,7.973,7.973,7.973,-1.799,1.0,BUKIT TIMAH ROAD,0.0
bukit_timah_road,Bukit Timah Road,8068.0,29283.205,32523.365,7.832,7.832,7.973,0.24,1.0,BUKIT TIMAH ROAD,0.0
bukit_timah_road,Bukit Timah Road,8070.0,29285.147,32522.886,7.995,7.995,7.995,2.278,1.0,BUKIT TIMAH ROAD,0.0
bukit_timah_road,Bukit Timah Road,8072.0,29287.089,32522.407,7.706,8.155,8.155,,,BUKIT TIMAH ROAD,0.0
bukit_timah_road,Bukit Timah Road,8074.0,29289.031,32521.928,8.315,8.315,8.155,,,BUKIT TIMAH ROAD,0.0
bukit_timah_road,Bukit Timah Road,8076.0,29290.972,32521.449,8.864,8.219,8.155,,,BUKIT TIMAH ROAD,0.0
bukit_timah_road,Bukit Timah Road,8078.0,29292.914,32520.971,8.95,8.124,8.124,,,BUKIT TIMAH ROAD,0.0
bukit_timah_road,Bukit Timah Road,8080.0,29294.856,32520.492,8.601,8.029,8.029,,,BUKIT TIMAH ROAD,0.0
bukit_timah_road,Bukit Timah Road,8082.0,29296.798,32520.013,7.28,7.933,7.933,,,BUKIT TIMAH ROAD,0.0
bukit_timah_road,Bukit Timah Road,8084.0,29298.74,32519.534,7.517,7.838,7.933,,,BUKIT TIMAH ROAD,0.0
bukit_timah_road,Bukit Timah Road,8086.0,29300.682,32519.055,7.437,7.742,7.838,,,BUKIT TIMAH ROAD,0.0
bukit_timah_road,Bukit Timah Road,8088.0,29302.532,32518.359,7.967,7.967,7.823,,,BUKIT TIMAH ROAD,0.0
bukit_timah_road,Bukit Timah Road,8090.0,29304.231,32517.304,8.092,7.823,7.742,,,BUKIT TIMAH ROAD,0.0
bukit_timah_road,Bukit Timah Road,8092.0,29305.929,32516.248,8.015,7.679,7.679,,,BUKIT TIMAH ROAD,0.0
bukit_timah_road,Bukit Timah Road,8094.0,29307.628,32515.192,7.269,7.386,7.386,,,BUKIT TIMAH ROAD,0.0
bukit_timah_road,Bukit Timah Road,8096.0,29309.326,32514.136,6.852,7.093,7.093,,,BUKIT TIMAH ROAD,0.0
bukit_timah_road,Bukit Timah Road,8098.0,29311.025,32513.08,6.8,6.8,6.8,,,BUKIT TIMAH ROAD,0.0
bukit_timah_road,Bukit Timah Road,8100.0,29312.724,32512.025,6.787,6.787,6.787,,,BUKIT TIMAH ROAD,0.0
bukit_timah_road,Bukit Timah Road,8102.0,29314.422,32510.969,6.582,6.582,6.73,-2.036,1.0,BUKIT TIMAH ROAD,0.0
bukit_timah_road,Bukit Timah Road,8104.0,29316.121,32509.913,6.73,6.73,6.694,-1.88,1.0,BUKIT TIMAH ROAD,0.0
bukit_timah_road,Bukit Timah Road,8106.0,29317.819,32508.857,6.694,6.694,6.637,-3.377,1.0,BUKIT TIMAH ROAD,0.0
bukit_timah_road,Bukit Timah Road,8108.0,29319.518,32507.801,6.637,6.637,6.637,-3.299,1.0,BUKIT TIMAH ROAD,0.0
bukit_timah_road,Bukit Timah Road,8110.0,29321.217,32506.746,6.459,6.459,6.459,-3.651,1.0,BUKIT TIMAH ROAD,0.0
bukit_timah_road,Bukit Timah Road,8112.0,29322.915,32505.69,6.165,6.165,6.43,-4.276,1.0,BUKIT TIMAH ROAD,0.0
bukit_timah_road,Bukit Timah Road,8114.0,29324.614,32504.634,6.345,6.345,6.345,-2.06,1.0,BUKIT TIMAH ROAD,0.0
bukit_timah_road,Bukit Timah Road,8116.0,29326.313,32503.578,6.43,6.43,6.295,-2.063,1.0,BUKIT TIMAH ROAD,0.0
bukit_timah_road,Bukit Timah Road,8118.0,29328.011,32502.522,6.295,6.295,6.295,-1.0,1.0,BUKIT TIMAH ROAD,0.0
bukit_timah_road,Bukit Timah Road,8120.0,29329.71,32501.466,6.042,6.042,6.265,-0.375,1.0,BUKIT TIMAH ROAD,0.0
bukit_timah_road,Bukit Timah Road,8122.0,29331.408,32500.411,6.265,6.265,6.265,,,BUKIT TIMAH ROAD,0.0
bukit_timah_road,Bukit Timah Road,8124.0,29333.107,32499.355,6.265,6.265,6.265,,,BUKIT TIMAH ROAD,0.0
bukit_timah_road,Bukit Timah Road,8126.0,29334.806,32498.299,5.755,6.487,6.487,7.584,1.0,BUKIT TIMAH ROAD,0.0
bukit_timah_road,Bukit Timah Road,8128.0,29336.504,32497.243,6.733,6.71,6.71,7.584,1.0,BUKIT TIMAH ROAD,0.0
bukit_timah_road,Bukit Timah Road,8130.0,29338.203,32496.187,6.933,6.933,6.871,,,BUKIT TIMAH ROAD,0.0
bukit_timah_road,Bukit Timah Road,8132.0,29339.901,32495.132,6.93,6.93,6.871,,,BUKIT TIMAH ROAD,0.0
bukit_timah_road,Bukit Timah Road,8134.0,29341.6,32494.076,6.871,6.871,6.871,,,BUKIT TIMAH ROAD,0.0
bukit_timah_road,Bukit Timah Road,8136.0,29343.299,32493.02,6.783,6.577,6.577,-11.051,2.0,BUKIT TIMAH ROAD,0.0
bukit_timah_road,Bukit Timah Road,8138.0,29344.997,32491.964,5.971,6.282,6.282,-11.335,2.0,BUKIT TIMAH ROAD,0.0
bukit_timah_road,Bukit Timah Road,8140.0,29346.696,32490.908,5.987,5.987,5.987,,,BUKIT TIMAH ROAD,0.0
bukit_timah_road,Bukit Timah Road,8142.0,29348.394,32489.852,5.965,5.965,5.965,,,BUKIT TIMAH ROAD,0.0
bukit_timah_road,Bukit Timah Road,8144.0,29350.093,32488.797,5.696,5.696,5.808,-3.636,1.0,BUKIT TIMAH ROAD,0.0
bukit_timah_road,Bukit Timah Road,8146.0,29351.792,32487.741,5.808,5.808,5.696,-2.905,1.0,BUKIT TIMAH ROAD,0.0
bukit_timah_road,Bukit Timah Road,8148.0,29353.49,32486.685,5.683,5.683,5.696,-0.945,1.0,BUKIT TIMAH ROAD,0.0
bukit_timah_road,Bukit Timah Road,8150.0,29355.189,32485.629,5.649,5.649,5.732,0.773,1.0,BUKIT TIMAH ROAD,0.0
bukit_timah_road,Bukit Timah Road,8152.0,29356.887,32484.573,5.732,5.732,5.732,0.773,1.0,BUKIT TIMAH ROAD,0.0
bukit_timah_road,Bukit Timah Road,8154.0,29358.586,32483.518,5.758,5.758,5.758,0.503,1.0,BUKIT TIMAH ROAD,0.0
bukit_timah_road,Bukit Timah Road,8156.0,29360.285,32482.462,5.915,5.915,5.758,0.503,1.0,BUKIT TIMAH ROAD,0.0
bukit_timah_road,Bukit Timah Road,8158.0,29361.983,32481.406,5.87,5.87,5.772,-1.073,1.0,BUKIT TIMAH ROAD,0.0
bukit_timah_road,Bukit Timah Road,8160.0,29363.682,32480.35,5.62,5.62,5.772,-1.272,1.0,BUKIT TIMAH ROAD,0.0
bukit_timah_road,Bukit Timah Road,8162.0,29365.38,32479.294,5.772,5.772,5.672,-1.449,1.0,BUKIT TIMAH ROAD,0.0
bukit_timah_road,Bukit Timah Road,8164.0,29367.079,32478.239,5.627,5.627,5.656,-1.477,1.0,BUKIT TIMAH ROAD,0.0
bukit_timah_road,Bukit Timah Road,8166.0,29368.778,32477.183,5.672,5.672,5.656,-0.227,1.0,BUKIT TIMAH ROAD,0.0
bukit_timah_road,Bukit Timah Road,8168.0,29370.476,32476.127,5.656,5.656,5.654,-0.028,1.0,BUKIT TIMAH ROAD,0.0
bukit_timah_road,Bukit Timah Road,8170.0,29372.175,32475.071,5.484,5.484,5.654,-0.028,1.0,BUKIT TIMAH ROAD,0.0
bukit_timah_road,Bukit Timah Road,8172.0,29373.873,32474.015,5.654,5.654,5.654,0.0,1.0,BUKIT TIMAH ROAD,0.0
bukit_timah_road,Bukit Timah Road,8174.0,29375.572,32472.959,5.527,5.527,5.654,-0.54,1.0,BUKIT TIMAH ROAD,0.0
bukit_timah_road,Bukit Timah Road,8176.0,29377.271,32471.904,5.761,5.761,5.654,-0.54,1.0,BUKIT TIMAH ROAD,0.0
bukit_timah_road,Bukit Timah Road,8178.0,29378.969,32470.848,5.759,5.759,5.611,-0.54,1.0,BUKIT TIMAH ROAD,0.0
bukit_timah_road,Bukit Timah Road,8180.0,29380.297,32469.388,5.556,5.556,5.611,-1.222,1.0,BUKIT TIMAH ROAD,0.0
bukit_timah_road,Bukit Timah Road,8182.0,29381.496,32467.787,5.611,5.611,5.611,-0.682,1.0,BUKIT TIMAH ROAD,0.0
bukit_timah_road,Bukit Timah Road,8184.0,29382.695,32466.186,5.556,5.556,5.556,-0.682,1.0,BUKIT TIMAH ROAD,0.0
bukit_timah_road,Bukit Timah Road,8186.0,29383.894,32464.585,5.72,5.72,5.556,1.151,1.0,BUKIT TIMAH ROAD,0.0
bukit_timah_road,Bukit Timah Road,8188.0,29385.092,32462.984,5.429,5.429,5.556,2.053,1.0,BUKIT TIMAH ROAD,0.0
bukit_timah_road,Bukit Timah Road,8190.0,29386.291,32461.383,5.543,5.543,5.703,2.956,1.0,BUKIT TIMAH ROAD,0.0
bukit_timah_road,Bukit Timah Road,8192.0,29387.49,32459.782,5.538,5.703,5.703,3.242,1.0,BUKIT TIMAH ROAD,0.0
bukit_timah_road,Bukit Timah Road,8194.0,29388.689,32458.181,5.863,5.863,5.793,1.41,1.0,BUKIT TIMAH ROAD,0.0
bukit_timah_road,Bukit Timah Road,8196.0,29389.888,32456.581,5.793,5.793,5.816,0.112,1.0,BUKIT TIMAH ROAD,0.0
bukit_timah_road,Bukit Timah Road,8198.0,29391.086,32454.98,5.816,5.816,5.816,-1.186,1.0,BUKIT TIMAH ROAD,0.0
bukit_timah_road,Bukit Timah Road,8200.0,29392.285,32453.379,5.932,5.932,5.793,,,BUKIT TIMAH ROAD,0.0
bukit_timah_road,Bukit Timah Road,8202.0,29393.484,32451.778,5.698,5.698,5.698,,,BUKIT TIMAH ROAD,0.0
bukit_timah_road,Bukit Timah Road,8204.0,29394.683,32450.177,6.714,5.647,5.647,,,BUKIT TIMAH ROAD,0.0
bukit_timah_road,Bukit Timah Road,8206.0,29395.882,32448.576,6.692,5.596,5.596,-1.271,1.0,BUKIT TIMAH ROAD,0.0
bukit_timah_road,Bukit Timah Road,8208.0,29397.08,32446.975,6.219,5.545,5.596,,,BUKIT TIMAH ROAD,0.0
bukit_timah_road,Bukit Timah Road,8210.0,29398.279,32445.374,5.495,5.495,5.596,,,BUKIT TIMAH ROAD,0.0
bukit_timah_road,Bukit Timah Road,8212.0,29399.478,32443.773,5.431,5.682,5.682,,,BUKIT TIMAH ROAD,0.0
bukit_timah_road,Bukit Timah Road,8214.0,29400.677,32442.172,5.579,5.87,5.87,5.773,1.0,BUKIT TIMAH ROAD,0.0
bukit_timah_road,Bukit Timah Road,8216.0,29401.875,32440.571,6.058,6.058,5.927,,,BUKIT TIMAH ROAD,0.0
bukit_timah_road,Bukit Timah Road,8218.0,29403.074,32438.971,5.927,5.927,6.058,,,BUKIT TIMAH ROAD,0.0
bukit_timah_road,Bukit Timah Road,8220.0,29404.273,32437.37,6.122,6.122,6.058,,,BUKIT TIMAH ROAD,0.0
bukit_timah_road,Bukit Timah Road,8222.0,29405.472,32435.769,6.123,6.123,5.948,-3.579,1.0,BUKIT TIMAH ROAD,0.0
bukit_timah_road,Bukit Timah Road,8224.0,29406.671,32434.168,5.537,5.948,5.948,-3.579,1.0,BUKIT TIMAH ROAD,0.0
bukit_timah_road,Bukit Timah Road,8226.0,29407.869,32432.567,5.772,5.772,5.772,-2.197,1.0,BUKIT TIMAH ROAD,0.0
bukit_timah_road,Bukit Timah Road,8228.0,29409.068,32430.966,5.613,5.613,5.772,,,BUKIT TIMAH ROAD,0.0
bukit_timah_road,Bukit Timah Road,8230.0,29410.267,32429.365,5.74,5.74,5.772,,,BUKIT TIMAH ROAD,0.0
bukit_timah_road,Bukit Timah Road,8232.0,29411.466,32427.764,5.562,5.836,5.836,,,BUKIT TIMAH ROAD,0.0
bukit_timah_road,Bukit Timah Road,8234.0,29412.665,32426.163,6.324,5.931,5.836,,,BUKIT TIMAH ROAD,0.0
bukit_timah_road,Bukit Timah Road,8236.0,29413.863,32424.562,6.3,6.018,5.836,,,BUKIT TIMAH ROAD,0.0
bukit_timah_road,Bukit Timah Road,8238.0,29415.062,32422.962,6.105,5.815,5.815,,,BUKIT TIMAH ROAD,0.0
bukit_timah_road,Bukit Timah Road,8240.0,29416.261,32421.361,6.315,5.611,5.611,,,BUKIT TIMAH ROAD,0.0
bukit_timah_road,Bukit Timah Road,8242.0,29417.46,32419.76,6.514,5.407,5.407,,,BUKIT TIMAH ROAD,0.0
bukit_timah_road,Bukit Timah Road,8244.0,29418.659,32418.159,5.057,5.345,5.345,,,BUKIT TIMAH ROAD,0.0
bukit_timah_road,Bukit Timah Road,8246.0,29419.857,32416.558,5.284,5.284,5.284,,,BUKIT TIMAH ROAD,0.0
bukit_timah_road,Bukit Timah Road,8248.0,29421.056,32414.957,5.424,5.187,5.284,,,BUKIT TIMAH ROAD,0.0
bukit_timah_road,Bukit Timah Road,8250.0,29422.255,32413.356,5.09,5.09,5.284,,,BUKIT TIMAH ROAD,0.0
bukit_timah_road,Bukit Timah Road,8252.0,29423.454,32411.755,5.213,5.325,5.325,,,BUKIT TIMAH ROAD,0.0
bukit_timah_road,Bukit Timah Road,8254.0,29424.653,32410.154,5.19,5.607,5.607,,,BUKIT TIMAH ROAD,0.0
bukit_timah_road,Bukit Timah Road,8256.0,29425.851,32408.553,5.909,5.889,5.889,,,BUKIT TIMAH ROAD,0.0
bukit_timah_road,Bukit Timah Road,8258.0,29427.05,32406.952,6.006,6.075,6.075,,,BUKIT TIMAH ROAD,0.0
bukit_timah_road,Bukit Timah Road,8260.0,29428.249,32405.352,6.66,6.261,6.261,,,BUKIT TIMAH ROAD,0.0
bukit_timah_road,Bukit Timah Road,8262.0,29429.448,32403.751,6.874,6.447,6.447,,,BUKIT TIMAH ROAD,0.0
bukit_timah_road,Bukit Timah Road,8264.0,29430.646,32402.15,6.633,6.633,6.457,,,BUKIT TIMAH ROAD,0.0
bukit_timah_road,Bukit Timah Road,8266.0,29431.845,32400.549,6.457,6.457,6.457,,,BUKIT TIMAH ROAD,0.0
bukit_timah_road,Bukit Timah Road,8268.0,29433.044,32398.948,6.511,6.511,6.457,,,BUKIT TIMAH ROAD,0.0
bukit_timah_road,Bukit Timah Road,8270.0,29434.243,32397.347,6.408,6.408,6.408,,,BUKIT TIMAH ROAD,0.0
bukit_timah_road,Bukit Timah Road,8272.0,29435.442,32395.746,5.715,6.112,6.112,-8.022,1.0,BUKIT TIMAH ROAD,0.0
bukit_timah_road,Bukit Timah Road,8274.0,29436.64,32394.145,5.325,5.815,5.815,-7.414,1.0,BUKIT TIMAH ROAD,0.0
bukit_timah_road,Bukit Timah Road,8276.0,29437.839,32392.544,5.519,5.519,5.815,,,BUKIT TIMAH ROAD,0.0
bukit_timah_road,Bukit Timah Road,8278.0,29439.038,32390.943,5.744,5.744,5.815,,,BUKIT TIMAH ROAD,0.0
bukit_timah_road,Bukit Timah Road,8280.0,29440.237,32389.343,5.665,6.038,6.038,,,BUKIT TIMAH ROAD,0.0
bukit_timah_road,Bukit Timah Road,8282.0,29441.436,32387.742,5.718,6.332,6.332,,,BUKIT TIMAH ROAD,0.0
bukit_timah_road,Bukit Timah Road,8284.0,29442.634,32386.141,6.341,6.619,6.619,,,BUKIT TIMAH ROAD,0.0
bukit_timah_road,Bukit Timah Road,8286.0,29443.833,32384.54,7.326,6.906,6.906,,,BUKIT TIMAH ROAD,0.0
bukit_timah_road,Bukit Timah Road,8288.0,29445.032,32382.939,7.44,7.193,7.155,,,BUKIT TIMAH ROAD,0.0
bukit_timah_road,Bukit Timah Road,8290.0,29446.231,32381.338,8.856,7.353,7.155,,,BUKIT TIMAH ROAD,0.0
bukit_timah_road,Bukit Timah Road,8292.0,29447.43,32379.737,7.265,7.155,7.155,,,BUKIT TIMAH ROAD,0.0
bukit_timah_road,Bukit Timah Road,8294.0,29448.628,32378.136,7.733,6.957,6.957,,,BUKIT TIMAH ROAD,0.0
bukit_timah_road,Bukit Timah Road,8296.0,29449.827,32376.535,6.536,6.716,6.716,,,BUKIT TIMAH ROAD,0.0
bukit_timah_road,Bukit Timah Road,8298.0,29451.026,32374.934,6.518,6.476,6.476,,,BUKIT TIMAH ROAD,0.0
bukit_timah_road,Bukit Timah Road,8300.0,29452.225,32373.333,6.031,6.235,6.235,,,BUKIT TIMAH ROAD,0.0
bukit_timah_road,Bukit Timah Road,8302.0,29453.423,32371.733,5.995,5.995,6.057,,,BUKIT TIMAH ROAD,0.0
bukit_timah_road,Bukit Timah Road,8304.0,29454.622,32370.132,6.057,6.057,5.995,,,BUKIT TIMAH ROAD,0.0
bukit_timah_road,Bukit Timah Road,8306.0,29455.821,32368.531,6.249,5.812,5.812,-9.497,2.0,BUKIT TIMAH ROAD,0.0
bukit_timah_road,Bukit Timah Road,8308.0,29457.02,32366.93,5.567,5.567,5.567,-8.714,1.0,BUKIT TIMAH ROAD,0.0
bukit_timah_road,Bukit Timah Road,8310.0,29458.219,32365.329,5.297,5.297,5.297,-6.102,1.0,BUKIT TIMAH ROAD,0.0
bukit_timah_road,Bukit Timah Road,8312.0,29459.417,32363.728,5.288,5.288,5.297,-3.49,1.0,BUKIT TIMAH ROAD,0.0
bukit_timah_road,Bukit Timah Road,8314.0,29460.616,32362.127,5.278,5.278,5.288,0.538,1.0,BUKIT TIMAH ROAD,0.0
bukit_timah_road,Bukit Timah Road,8316.0,29461.815,32360.526,5.341,5.341,5.288,1.927,1.0,BUKIT TIMAH ROAD,0.0
bukit_timah_road,Bukit Timah Road,8318.0,29463.014,32358.925,5.26,5.26,5.341,,,BUKIT TIMAH ROAD,0.0
bukit_timah_road,Bukit Timah Road,8320.0,29464.213,32357.324,5.452,5.452,5.452,,,BUKIT TIMAH ROAD,0.0
bukit_timah_road,Bukit Timah Road,8322.0,29465.411,32355.723,5.05,5.687,5.687,,,BUKIT TIMAH ROAD,0.0
bukit_timah_road,Bukit Timah Road,8324.0,29466.61,32354.123,5.667,5.922,5.922,,,BUKIT TIMAH ROAD,0.0
bukit_timah_road,Bukit Timah Road,8326.0,29467.809,32352.522,6.035,6.158,6.158,,,BUKIT TIMAH ROAD,0.0
bukit_timah_road,Bukit Timah Road,8328.0,29469.008,32350.921,6.59,6.393,6.393,,,BUKIT TIMAH ROAD,0.0
bukit_timah_road,Bukit Timah Road,8330.0,29470.207,32349.32,6.628,6.628,6.59,,,BUKIT TIMAH ROAD,0.0
bukit_timah_road,Bukit Timah Road,8332.0,29471.405,32347.719,6.788,6.788,6.59,,,BUKIT TIMAH ROAD,0.0
bukit_timah_road,Bukit Timah Road,8334.0,29472.604,32346.118,7.876,6.59,6.59,,,BUKIT TIMAH ROAD,0.0
bukit_timah_road,Bukit Timah Road,8336.0,29473.803,32344.517,6.507,6.391,6.391,,,BUKIT TIMAH ROAD,0.0
bukit_timah_road,Bukit Timah Road,8338.0,29475.002,32342.916,6.123,6.193,6.193,,,BUKIT TIMAH ROAD,0.0
bukit_timah_road,Bukit Timah Road,8340.0,29476.201,32341.315,5.642,5.995,5.995,,,BUKIT TIMAH ROAD,0.0
bukit_timah_road,Bukit Timah Road,8342.0,29477.399,32339.714,5.796,5.796,5.796,,,BUKIT TIMAH ROAD,0.0
bukit_timah_road,Bukit Timah Road,8344.0,29478.598,32338.114,5.65,5.65,5.73,,,BUKIT TIMAH ROAD,0.0
bukit_timah_road,Bukit Timah Road,8346.0,29479.797,32336.513,5.73,5.73,5.65,,,BUKIT TIMAH ROAD,0.0
bukit_timah_road,Bukit Timah Road,8348.0,29480.996,32334.912,5.007,5.605,5.605,-4.7,1.0,BUKIT TIMAH ROAD,0.0
bukit_timah_road,Bukit Timah Road,8350.0,29482.194,32333.311,4.853,5.479,5.479,-4.308,1.0,BUKIT TIMAH ROAD,0.0
bukit_timah_road,Bukit Timah Road,8352.0,29483.393,32331.71,5.354,5.354,5.354,,,BUKIT TIMAH ROAD,0.0
bukit_timah_road,Bukit Timah Road,8354.0,29484.592,32330.109,5.305,5.305,5.305,,,BUKIT TIMAH ROAD,0.0
bukit_timah_road,Bukit Timah Road,8356.0,29485.791,32328.508,6.338,5.284,5.284,-1.157,1.0,BUKIT TIMAH ROAD,0.0
bukit_timah_road,Bukit Timah Road,8358.0,29486.99,32326.907,5.212,5.262,5.262,-0.548,1.0,BUKIT TIMAH ROAD,0.0
bukit_timah_road,Bukit Timah Road,8360.0,29488.188,32325.306,5.24,5.24,5.262,,,BUKIT TIMAH ROAD,0.0
bukit_timah_road,Bukit Timah Road,8362.0,29489.387,32323.705,5.182,5.182,5.262,,,BUKIT TIMAH ROAD,0.0
bukit_timah_road,Bukit Timah Road,8364.0,29490.586,32322.104,5.082,5.441,5.441,5.493,1.0,BUKIT TIMAH ROAD,0.0
bukit_timah_road,Bukit Timah Road,8366.0,29491.785,32320.504,5.165,5.701,5.701,,,BUKIT TIMAH ROAD,0.0
bukit_timah_road,Bukit Timah Road,8368.0,29492.984,32318.903,5.961,5.961,5.701,,,BUKIT TIMAH ROAD,0.0
bukit_timah_road,Bukit Timah Road,8370.0,29494.182,32317.302,6.956,5.718,5.701,,,BUKIT TIMAH ROAD,0.0
bukit_timah_road,Bukit Timah Road,8372.0,29495.381,32315.701,7.576,5.475,5.475,,,BUKIT TIMAH ROAD,0.0
bukit_timah_road,Bukit Timah Road,8374.0,29496.58,32314.1,6.509,5.232,5.232,,,BUKIT TIMAH ROAD,0.0
bukit_timah_road,Bukit Timah Road,8376.0,29497.779,32312.499,4.831,4.989,4.989,,,BUKIT TIMAH ROAD,0.0
bukit_timah_road,Bukit Timah Road,8378.0,29498.978,32310.898,4.288,4.746,4.746,,,BUKIT TIMAH ROAD,0.0
bukit_timah_road,Bukit Timah Road,8380.0,29500.176,32309.297,4.503,4.503,4.503,,,BUKIT TIMAH ROAD,0.0
bukit_timah_road,Bukit Timah Road,8382.0,29501.375,32307.696,4.373,4.373,4.439,,,BUKIT TIMAH ROAD,0.0
bukit_timah_road,Bukit Timah Road,8384.0,29502.574,32306.095,4.058,4.406,4.439,-0.38,1.0,BUKIT TIMAH ROAD,0.0
bukit_timah_road,Bukit Timah Road,8386.0,29503.773,32304.495,4.361,4.439,4.439,,,BUKIT TIMAH ROAD,0.0
bukit_timah_road,Bukit Timah Road,8388.0,29504.972,32302.894,4.472,4.472,4.472,,,BUKIT TIMAH ROAD,0.0
bukit_timah_road,Bukit Timah Road,8390.0,29506.17,32301.293,4.086,4.682,4.682,,,BUKIT TIMAH ROAD,0.0
bukit_timah_road,Bukit Timah Road,8392.0,29507.507,32299.811,4.978,4.892,4.892,,,BUKIT TIMAH ROAD,0.0
bukit_timah_road,Bukit Timah Road,8394.0,29508.92,32298.396,4.485,5.102,5.102,,,BUKIT TIMAH ROAD,0.0
bukit_timah_road,Bukit Timah Road,8396.0,29510.334,32296.982,4.617,5.313,5.313,,,BUKIT TIMAH ROAD,0.0
bukit_timah_road,Bukit Timah Road,8398.0,29511.748,32295.567,5.0,5.523,5.523,,,BUKIT TIMAH ROAD,0.0
bukit_timah_road,Bukit Timah Road,8400.0,29513.162,32294.152,5.733,5.733,5.523,,,BUKIT TIMAH ROAD,0.0
bukit_timah_road,Bukit Timah Road,8402.0,29514.575,32292.737,5.234,5.562,5.523,,,BUKIT TIMAH ROAD,0.0
bukit_timah_road,Bukit Timah Road,8404.0,29515.989,32291.323,5.653,5.392,5.392,,,BUKIT TIMAH ROAD,0.0
bukit_timah_road,Bukit Timah Road,8406.0,29517.403,32289.908,6.005,5.222,5.222,,,BUKIT TIMAH ROAD,0.0
bukit_timah_road,Bukit Timah Road,8408.0,29518.816,32288.493,5.41,5.052,5.052,,,BUKIT TIMAH ROAD,0.0
bukit_timah_road,Bukit Timah Road,8410.0,29520.23,32287.078,4.91,4.882,4.882,,,BUKIT TIMAH ROAD,0.0
bukit_timah_road,Bukit Timah Road,8412.0,29521.644,32285.664,5.2,4.711,4.711,,,BUKIT TIMAH ROAD,0.0
bukit_timah_road,Bukit Timah Road,8414.0,29523.058,32284.249,4.691,4.541,4.541,,,BUKIT TIMAH ROAD,0.0
bukit_timah_road,Bukit Timah Road,8416.0,29524.471,32282.834,4.371,4.371,4.371,,,BUKIT TIMAH ROAD,0.0
bukit_timah_road,Bukit Timah Road,8418.0,29525.885,32281.42,4.194,4.194,4.371,,,BUKIT TIMAH ROAD,0.0
bukit_timah_road,Bukit Timah Road,8420.0,29527.324,32280.032,4.175,4.175,4.371,,,BUKIT TIMAH ROAD,0.0
bukit_timah_road,Bukit Timah Road,8422.0,29528.816,32278.7,3.99,4.378,4.378,5.176,1.0,BUKIT TIMAH ROAD,0.0
bukit_timah_road,Bukit Timah Road,8424.0,29530.308,32277.368,4.005,4.582,4.582,5.892,1.0,BUKIT TIMAH ROAD,0.0
bukit_timah_road,Bukit Timah Road,8426.0,29531.799,32276.035,4.785,4.785,4.785,,,BUKIT TIMAH ROAD,0.0
bukit_timah_road,Bukit Timah Road,8428.0,29533.291,32274.703,4.879,4.879,4.842,,,BUKIT TIMAH ROAD,0.0
bukit_timah_road,Bukit Timah Road,8430.0,29534.783,32273.371,5.589,4.861,4.842,,,BUKIT TIMAH ROAD,0.0
bukit_timah_road,Bukit Timah Road,8432.0,29536.274,32272.039,5.272,4.842,4.842,0.0,1.0,BUKIT TIMAH ROAD,0.0
bukit_timah_road,Bukit Timah Road,8434.0,29537.766,32270.706,5.329,4.824,4.842,,,BUKIT TIMAH ROAD,0.0
bukit_timah_road,Bukit Timah Road,8436.0,29539.258,32269.374,4.806,4.806,4.842,,,BUKIT TIMAH ROAD,0.0
bukit_timah_road,Bukit Timah Road,8438.0,29540.75,32268.042,5.019,5.019,4.915,,,BUKIT TIMAH ROAD,0.0
bukit_timah_road,Bukit Timah Road,8440.0,29542.241,32266.71,4.915,4.915,4.915,0.904,1.0,BUKIT TIMAH ROAD,0.0
bukit_timah_road,Bukit Timah Road,8442.0,29543.733,32265.378,4.981,4.981,4.981,-0.123,1.0,BUKIT TIMAH ROAD,0.0
bukit_timah_road,Bukit Timah Road,8444.0,29545.225,32264.045,4.897,4.897,4.915,-0.221,1.0,BUKIT TIMAH ROAD,0.0
bukit_timah_road,Bukit Timah Road,8446.0,29546.716,32262.713,4.984,4.984,4.905,-2.332,1.0,BUKIT TIMAH ROAD,0.0
bukit_timah_road,Bukit Timah Road,8448.0,29548.208,32261.381,4.905,4.905,4.897,-1.669,1.0,BUKIT TIMAH ROAD,0.0
bukit_timah_road,Bukit Timah Road,8450.0,29549.7,32260.049,4.794,4.794,4.794,-3.536,1.0,BUKIT TIMAH ROAD,0.0
bukit_timah_road,Bukit Timah Road,8452.0,29551.191,32258.716,4.781,4.781,4.781,-5.017,1.0,BUKIT TIMAH ROAD,0.0
bukit_timah_road,Bukit Timah Road,8454.0,29552.683,32257.384,4.622,4.622,4.622,-3.998,1.0,BUKIT TIMAH ROAD,0.0
bukit_timah_road,Bukit Timah Road,8456.0,29554.175,32256.052,4.496,4.496,4.496,-4.098,1.0,BUKIT TIMAH ROAD,0.0
bukit_timah_road,Bukit Timah Road,8458.0,29555.667,32254.72,6.346,4.474,4.474,-2.372,1.0,BUKIT TIMAH ROAD,0.0
bukit_timah_road,Bukit Timah Road,8460.0,29557.158,32253.388,6.338,4.453,4.453,-1.057,1.0,BUKIT TIMAH ROAD,0.0
bukit_timah_road,Bukit Timah Road,8462.0,29558.65,32252.055,6.442,4.432,4.432,-0.848,1.0,BUKIT TIMAH ROAD,0.0
bukit_timah_road,Bukit Timah Road,8464.0,29560.142,32250.723,4.411,4.411,4.411,-1.613,1.0,BUKIT TIMAH ROAD,0.0
bukit_timah_road,Bukit Timah Road,8466.0,29561.633,32249.391,4.324,4.324,4.407,-1.772,1.0,BUKIT TIMAH ROAD,0.0
bukit_timah_road,Bukit Timah Road,8468.0,29563.125,32248.059,4.29,4.29,4.324,-1.507,1.0,BUKIT TIMAH ROAD,0.0
bukit_timah_road,Bukit Timah Road,8470.0,29564.617,32246.726,4.407,4.407,4.29,-0.969,1.0,BUKIT TIMAH ROAD,0.0
bukit_timah_road,Bukit Timah Road,8472.0,29566.109,32245.394,4.204,4.204,4.29,,,BUKIT TIMAH ROAD,0.0
bukit_timah_road,Bukit Timah Road,8474.0,29567.6,32244.062,4.126,4.126,4.329,,,BUKIT TIMAH ROAD,0.0
bukit_timah_road,Bukit Timah Road,8476.0,29569.092,32242.73,3.903,4.329,4.316,,,BUKIT TIMAH ROAD,0.0
bukit_timah_road,Bukit Timah Road,8478.0,29570.584,32241.398,5.105,4.532,4.316,,,BUKIT TIMAH ROAD,0.0
bukit_timah_road,Bukit Timah Road,8480.0,29572.075,32240.065,5.161,4.316,4.316,,,BUKIT TIMAH ROAD,0.0
bukit_timah_road,Bukit Timah Road,8482.0,29573.567,32238.733,5.179,4.1,4.148,,,BUKIT TIMAH ROAD,0.0
bukit_timah_road,Bukit Timah Road,8484.0,29575.059,32237.401,3.608,3.884,4.148,,,BUKIT TIMAH ROAD,0.0
bukit_timah_road,Bukit Timah Road,8486.0,29576.55,32236.069,3.668,4.148,4.148,,,BUKIT TIMAH ROAD,0.0
bukit_timah_road,Bukit Timah Road,8488.0,29578.042,32234.736,3.67,4.412,4.412,,,BUKIT TIMAH ROAD,0.0
bukit_timah_road,Bukit Timah Road,8490.0,29579.534,32233.404,3.778,4.676,4.676,,,BUKIT TIMAH ROAD,0.0
bukit_timah_road,Bukit Timah Road,8492.0,29581.026,32232.072,3.758,4.818,4.741,,,BUKIT TIMAH ROAD,0.0
bukit_timah_road,Bukit Timah Road,8494.0,29582.517,32230.74,6.088,4.961,4.741,,,BUKIT TIMAH ROAD,0.0
bukit_timah_road,Bukit Timah Road,8496.0,29584.009,32229.407,7.013,4.741,4.741,,,BUKIT TIMAH ROAD,0.0
bukit_timah_road,Bukit Timah Road,8498.0,29585.501,32228.075,8.465,4.522,4.522,,,BUKIT TIMAH ROAD,0.0
bukit_timah_road,Bukit Timah Road,8500.0,29586.992,32226.743,7.921,4.303,4.303,,,BUKIT TIMAH ROAD,0.0
bukit_timah_road,Bukit Timah Road,8502.0,29588.484,32225.411,6.606,4.084,4.084,,,BUKIT TIMAH ROAD,0.0
bukit_timah_road,Bukit Timah Road,8504.0,29589.976,32224.079,3.453,3.865,3.865,,,BUKIT TIMAH ROAD,0.0
bukit_timah_road,Bukit Timah Road,8506.0,29591.467,32222.746,3.413,3.646,3.646,,,BUKIT TIMAH ROAD,0.0
bukit_timah_road,Bukit Timah Road,8508.0,29592.959,32221.414,3.24,3.427,3.427,,,BUKIT TIMAH ROAD,0.0
bukit_timah_road,Bukit Timah Road,8510.0,29594.451,32220.082,3.208,3.208,3.228,,,BUKIT TIMAH ROAD,0.0
bukit_timah_road,Bukit Timah Road,8512.0,29595.943,32218.75,3.228,3.228,3.228,,,BUKIT TIMAH ROAD,0.0
bukit_timah_road,Bukit Timah Road,8514.0,29597.434,32217.417,3.213,3.213,3.213,0.063,1.0,BUKIT TIMAH ROAD,0.0
bukit_timah_road,Bukit Timah Road,8516.0,29598.926,32216.085,3.233,3.233,3.228,1.576,1.0,BUKIT TIMAH ROAD,0.0
bukit_timah_road,Bukit Timah Road,8518.0,29600.418,32214.753,3.123,3.123,3.233,3.474,1.0,BUKIT TIMAH ROAD,0.0
bukit_timah_road,Bukit Timah Road,8520.0,29601.909,32213.421,3.354,3.354,3.354,4.133,1.0,BUKIT TIMAH ROAD,0.0
bukit_timah_road,Bukit Timah Road,8522.0,29603.401,32212.089,3.558,3.558,3.491,4.07,1.0,BUKIT TIMAH ROAD,0.0
bukit_timah_road,Bukit Timah Road,8524.0,29604.893,32210.756,3.491,3.491,3.558,2.72,1.0,BUKIT TIMAH ROAD,0.0
bukit_timah_road,Bukit Timah Road,8526.0,29606.384,32209.424,3.571,3.571,3.558,1.611,1.0,BUKIT TIMAH ROAD,0.0
bukit_timah_road,Bukit Timah Road,8528.0,29607.882,32208.099,3.62,3.62,3.571,,,BUKIT TIMAH ROAD,0.0
bukit_timah_road,Bukit Timah Road,8530.0,29609.388,32206.783,3.451,3.451,3.62,,,BUKIT TIMAH ROAD,0.0
bukit_timah_road,Bukit Timah Road,8532.0,29610.894,32205.467,2.982,3.624,3.624,,,BUKIT TIMAH ROAD,0.0
bukit_timah_road,Bukit Timah Road,8534.0,29612.401,32204.151,3.135,3.797,3.797,,,BUKIT TIMAH ROAD,0.0
bukit_timah_road,Bukit Timah Road,8536.0,29613.907,32202.835,3.037,3.969,3.969,,,BUKIT TIMAH ROAD,0.0
bukit_timah_road,Bukit Timah Road,8538.0,29615.413,32201.519,4.165,4.038,3.969,,,BUKIT TIMAH ROAD,0.0
bukit_timah_road,Bukit Timah Road,8540.0,29616.919,32200.203,5.903,4.106,3.969,,,BUKIT TIMAH ROAD,0.0
bukit_timah_road,Bukit Timah Road,8542.0,29618.425,32198.887,5.624,3.905,3.905,,,BUKIT TIMAH ROAD,0.0
bukit_timah_road,Bukit Timah Road,8544.0,29619.931,32197.571,4.939,3.704,3.704,,,BUKIT TIMAH ROAD,0.0
bukit_timah_road,Bukit Timah Road,8546.0,29621.437,32196.255,3.032,3.503,3.503,,,BUKIT TIMAH ROAD,0.0
bukit_timah_road,Bukit Timah Road,8548.0,29622.943,32194.939,3.085,3.302,3.302,,,BUKIT TIMAH ROAD,0.0
bukit_timah_road,Bukit Timah Road,8550.0,29624.449,32193.623,3.101,3.101,3.151,,,BUKIT TIMAH ROAD,0.0
bukit_timah_road,Bukit Timah Road,8552.0,29625.955,32192.307,3.028,3.028,3.151,,,BUKIT TIMAH ROAD,0.0
bukit_timah_road,Bukit Timah Road,8554.0,29627.461,32190.991,3.151,3.151,3.151,0.0,1.0,BUKIT TIMAH ROAD,0.0
bukit_timah_road,Bukit Timah Road,8556.0,29628.967,32189.675,3.247,3.247,3.151,0.142,1.0,BUKIT TIMAH ROAD,0.0
bukit_timah_road,Bukit Timah Road,8558.0,29630.473,32188.359,3.162,3.162,3.151,0.142,1.0,BUKIT TIMAH ROAD,0.0
bukit_timah_road,Bukit Timah Road,8560.0,29631.979,32187.043,3.132,3.132,3.162,0.284,1.0,BUKIT TIMAH ROAD,0.0
bukit_timah_road,Bukit Timah Road,8562.0,29633.485,32185.727,3.101,3.101,3.162,0.345,1.0,BUKIT TIMAH ROAD,0.0
bukit_timah_road,Bukit Timah Road,8564.0,29634.991,32184.411,3.173,3.173,3.173,,,BUKIT TIMAH ROAD,0.0
bukit_timah_road,Bukit Timah Road,8566.0,29636.497,32183.094,3.178,3.178,3.178,,,BUKIT TIMAH ROAD,0.0
bukit_timah_road,Bukit Timah Road,8568.0,29638.003,32181.778,3.401,3.401,3.401,,,BUKIT TIMAH ROAD,0.0
bukit_timah_road,Bukit Timah Road,8570.0,29639.509,32180.462,3.415,3.415,3.415,,,BUKIT TIMAH ROAD,0.0
bukit_timah_road,Bukit Timah Road,8572.0,29641.015,32179.146,3.446,3.446,3.446,0.566,1.0,BUKIT TIMAH ROAD,0.0
bukit_timah_road,Bukit Timah Road,8574.0,29642.521,32177.83,3.469,3.469,3.446,-0.611,1.0,BUKIT TIMAH ROAD,0.0
bukit_timah_road,Bukit Timah Road,8576.0,29644.027,32176.514,3.524,3.524,3.446,,,BUKIT TIMAH ROAD,0.0
bukit_timah_road,Bukit Timah Road,8578.0,29645.533,32175.198,3.366,3.366,3.366,,,BUKIT TIMAH ROAD,0.0
bukit_timah_road,Bukit Timah Road,8580.0,29647.039,32173.882,4.581,3.362,3.362,-1.059,1.0,BUKIT TIMAH ROAD,0.0
bukit_timah_road,Bukit Timah Road,8582.0,29648.545,32172.566,4.554,3.358,3.362,-0.0,1.0,BUKIT TIMAH ROAD,0.0
bukit_timah_road,Bukit Timah Road,8584.0,29650.051,32171.25,3.353,3.353,3.362,,,BUKIT TIMAH ROAD,0.0
bukit_timah_road,Bukit Timah Road,8586.0,29651.557,32169.934,3.366,3.366,3.366,,,BUKIT TIMAH ROAD,0.0
bukit_timah_road,Bukit Timah Road,8588.0,29653.063,32168.618,3.415,3.415,3.37,0.525,1.0,BUKIT TIMAH ROAD,0.0
bukit_timah_road,Bukit Timah Road,8590.0,29654.569,32167.302,3.409,3.409,3.404,0.056,1.0,BUKIT TIMAH ROAD,0.0
bukit_timah_road,Bukit Timah Road,8592.0,29656.075,32165.986,3.37,3.37,3.404,-0.513,1.0,BUKIT TIMAH ROAD,0.0
bukit_timah_road,Bukit Timah Road,8594.0,29657.581,32164.67,3.404,3.404,3.37,-1.083,1.0,BUKIT TIMAH ROAD,0.0
bukit_timah_road,Bukit Timah Road,8596.0,29659.087,32163.354,3.093,3.265,3.317,-1.083,1.0,BUKIT TIMAH ROAD,0.0
bukit_timah_road,Bukit Timah Road,8598.0,29660.593,32162.038,3.126,3.126,3.317,-0.468,1.0,BUKIT TIMAH ROAD,0.0
bukit_timah_road,Bukit Timah Road,8600.0,29662.099,32160.722,3.317,3.317,3.317,1.385,1.0,BUKIT TIMAH ROAD,0.0
bukit_timah_road,Bukit Timah Road,8602.0,29663.605,32159.406,3.333,3.333,3.333,3.239,1.0,BUKIT TIMAH ROAD,0.0
bukit_timah_road,Bukit Timah Road,8604.0,29665.111,32158.09,3.576,3.576,3.512,3.295,1.0,BUKIT TIMAH ROAD,0.0
bukit_timah_road,Bukit Timah Road,8606.0,29666.617,32156.774,3.581,3.581,3.576,4.316,1.0,BUKIT TIMAH ROAD,0.0
bukit_timah_road,Bukit Timah Road,8608.0,29668.123,32155.458,3.512,3.512,3.581,2.799,1.0,BUKIT TIMAH ROAD,0.0
bukit_timah_road,Bukit Timah Road,8610.0,29669.629,32154.142,3.678,3.678,3.678,2.998,1.0,BUKIT TIMAH ROAD,0.0
bukit_timah_road,Bukit Timah Road,8612.0,29671.135,32152.826,3.736,3.736,3.736,3.198,1.0,BUKIT TIMAH ROAD,0.0
bukit_timah_road,Bukit Timah Road,8614.0,29672.641,32151.51,3.84,3.84,3.816,2.02,1.0,BUKIT TIMAH ROAD,0.0
bukit_timah_road,Bukit Timah Road,8616.0,29674.147,32150.194,3.837,3.837,3.837,1.936,1.0,BUKIT TIMAH ROAD,0.0
bukit_timah_road,Bukit Timah Road,8618.0,29675.653,32148.878,3.816,3.816,3.84,2.636,1.0,BUKIT TIMAH ROAD,0.0
bukit_timah_road,Bukit Timah Road,8620.0,29677.159,32147.562,3.89,3.89,3.89,2.379,1.0,BUKIT TIMAH ROAD,0.0
bukit_timah_road,Bukit Timah Road,8622.0,29678.665,32146.246,4.027,4.027,4.027,2.338,1.0,BUKIT TIMAH ROAD,0.0
bukit_timah_road,Bukit Timah Road,8624.0,29680.171,32144.93,4.055,4.055,4.027,1.546,1.0,BUKIT TIMAH ROAD,0.0
bukit_timah_road,Bukit Timah Road,8626.0,29681.677,32143.614,4.07,4.07,4.027,-0.159,1.0,BUKIT TIMAH ROAD,0.0
bukit_timah_road,Bukit Timah Road,8628.0,29683.183,32142.298,3.987,3.987,4.014,-0.159,1.0,BUKIT TIMAH ROAD,0.0
bukit_timah_road,Bukit Timah Road,8630.0,29684.689,32140.982,3.91,3.91,4.014,-0.055,1.0,BUKIT TIMAH ROAD,0.0
bukit_timah_road,Bukit Timah Road,8632.0,29686.195,32139.666,4.014,4.014,4.014,0.229,1.0,BUKIT TIMAH ROAD,0.0
bukit_timah_road,Bukit Timah Road,8634.0,29687.701,32138.35,4.022,4.022,4.022,1.205,1.0,BUKIT TIMAH ROAD,0.0
bukit_timah_road,Bukit Timah Road,8636.0,29689.207,32137.034,4.111,4.111,4.032,2.118,1.0,BUKIT TIMAH ROAD,0.0
bukit_timah_road,Bukit Timah Road,8638.0,29690.713,32135.717,4.032,4.032,4.111,4.436,1.0,BUKIT TIMAH ROAD,0.0
bukit_timah_road,Bukit Timah Road,8640.0,29692.219,32134.401,4.184,4.184,4.184,6.755,1.0,BUKIT TIMAH ROAD,0.0
bukit_timah_road,Bukit Timah Road,8642.0,29693.725,32133.085,4.536,4.378,4.378,5.779,1.0,BUKIT TIMAH ROAD,0.0
bukit_timah_road,Bukit Timah Road,8644.0,29695.231,32131.769,4.573,4.573,4.573,4.866,1.0,BUKIT TIMAH ROAD,0.0
bukit_timah_road,Bukit Timah Road,8646.0,29696.737,32130.453,4.604,4.604,4.573,,,BUKIT TIMAH ROAD,0.0
bukit_timah_road,Bukit Timah Road,8648.0,29698.243,32129.137,4.643,4.643,4.573,,,BUKIT TIMAH ROAD,0.0
bukit_timah_road,Bukit Timah Road,8650.0,29699.749,32127.821,4.517,4.369,4.369,-9.382,2.0,BUKIT TIMAH ROAD,0.0
bukit_timah_road,Bukit Timah Road,8652.0,29701.255,32126.505,3.754,4.096,4.096,-9.382,2.0,BUKIT TIMAH ROAD,0.0
bukit_timah_road,Bukit Timah Road,8654.0,29702.761,32125.189,3.822,3.822,3.822,,,BUKIT TIMAH ROAD,0.0
bukit_timah_road,Bukit Timah Road,8656.0,29704.267,32123.873,3.775,3.775,3.822,,,BUKIT TIMAH ROAD,0.0
bukit_timah_road,Bukit Timah Road,8658.0,29705.773,32122.557,3.714,3.714,3.822,0.519,1.0,BUKIT TIMAH ROAD,0.0
bukit_timah_road,Bukit Timah Road,8660.0,29707.279,32121.241,3.824,3.824,3.824,0.519,1.0,BUKIT TIMAH ROAD,0.0
bukit_timah_road,Bukit Timah Road,8662.0,29708.785,32119.925,3.916,3.916,3.864,0.519,1.0,BUKIT TIMAH ROAD,0.0
bukit_timah_road,Bukit Timah Road,8664.0,29710.291,32118.609,3.901,3.901,3.864,-1.638,1.0,BUKIT TIMAH ROAD,0.0
bukit_timah_road,Bukit Timah Road,8666.0,29711.797,32117.293,3.864,3.864,3.864,-2.138,1.0,BUKIT TIMAH ROAD,0.0
bukit_timah_road,Bukit Timah Road,8668.0,29713.303,32115.977,3.693,3.693,3.693,-2.138,1.0,BUKIT TIMAH ROAD,0.0
bukit_timah_road,Bukit Timah Road,8670.0,29714.809,32114.661,3.461,3.461,3.693,-1.778,1.0,BUKIT TIMAH ROAD,0.0
bukit_timah_road,Bukit Timah Road,8672.0,29716.315,32113.345,3.554,3.554,3.693,2.387,1.0,BUKIT TIMAH ROAD,0.0
bukit_timah_road,Bukit Timah Road,8674.0,29717.821,32112.029,3.722,3.722,3.722,6.552,1.0,BUKIT TIMAH ROAD,0.0
bukit_timah_road,Bukit Timah Road,8676.0,29719.327,32110.713,3.867,3.969,3.969,6.792,1.0,BUKIT TIMAH ROAD,0.0
bukit_timah_road,Bukit Timah Road,8678.0,29720.833,32109.397,4.217,4.217,4.217,6.432,1.0,BUKIT TIMAH ROAD,0.0
bukit_timah_road,Bukit Timah Road,8680.0,29722.332,32108.072,4.39,4.39,4.236,2.093,1.0,BUKIT TIMAH ROAD,0.0
bukit_timah_road,Bukit Timah Road,8682.0,29723.822,32106.739,4.46,4.46,4.236,-2.246,1.0,BUKIT TIMAH ROAD,0.0
bukit_timah_road,Bukit Timah Road,8684.0,29725.313,32105.405,4.436,4.236,4.236,-2.542,1.0,BUKIT TIMAH ROAD,0.0
bukit_timah_road,Bukit Timah Road,8686.0,29726.804,32104.072,4.012,4.012,4.037,-2.542,1.0,BUKIT TIMAH ROAD,0.0
bukit_timah_road,Bukit Timah Road,8688.0,29728.294,32102.739,3.909,3.909,4.033,-1.299,1.0,BUKIT TIMAH ROAD,0.0
bukit_timah_road,Bukit Timah Road,8690.0,29729.785,32101.405,4.037,4.037,4.033,-0.056,1.0,BUKIT TIMAH ROAD,0.0
bukit_timah_road,Bukit Timah Road,8692.0,29731.276,32100.072,4.033,4.033,4.033,-0.086,1.0,BUKIT TIMAH ROAD,0.0
bukit_timah_road,Bukit Timah Road,8694.0,29732.766,32098.738,4.049,4.049,4.033,-0.95,1.0,BUKIT TIMAH ROAD,0.0
bukit_timah_road,Bukit Timah Road,8696.0,29734.257,32097.405,4.026,4.026,4.026,,,BUKIT TIMAH ROAD,0.0
bukit_timah_road,Bukit Timah Road,8698.0,29735.748,32096.072,3.957,3.957,3.957,,,BUKIT TIMAH ROAD,0.0
bukit_timah_road,Bukit Timah Road,8700.0,29737.238,32094.738,3.436,3.915,3.915,-2.018,1.0,BUKIT TIMAH ROAD,0.0
bukit_timah_road,Bukit Timah Road,8702.0,29738.729,32093.405,3.777,3.874,3.874,-1.154,1.0,BUKIT TIMAH ROAD,0.0
bukit_timah_road,Bukit Timah Road,8704.0,29740.22,32092.071,3.832,3.832,3.864,,,BUKIT TIMAH ROAD,0.0
bukit_timah_road,Bukit Timah Road,8706.0,29741.71,32090.738,3.751,3.751,3.864,,,BUKIT TIMAH ROAD,0.0
bukit_timah_road,Bukit Timah Road,8708.0,29743.201,32089.405,3.864,3.864,3.864,1.208,1.0,BUKIT TIMAH ROAD,0.0
bukit_timah_road,Bukit Timah Road,8710.0,29744.691,32088.071,4.063,4.063,3.961,1.208,1.0,BUKIT TIMAH ROAD,0.0
bukit_timah_road,Bukit Timah Road,8712.0,29746.182,32086.738,4.032,4.032,3.961,-0.886,1.0,BUKIT TIMAH ROAD,0.0
bukit_timah_road,Bukit Timah Road,8714.0,29747.673,32085.404,3.961,3.961,3.961,-2.98,1.0,BUKIT TIMAH ROAD,0.0
bukit_timah_road,Bukit Timah Road,8716.0,29749.163,32084.071,4.011,3.821,3.821,-3.496,1.0,BUKIT TIMAH ROAD,0.0
bukit_timah_road,Bukit Timah Road,8718.0,29750.654,32082.738,3.681,3.681,3.723,-3.925,1.0,BUKIT TIMAH ROAD,0.0
bukit_timah_road,Bukit Timah Road,8720.0,29752.145,32081.404,3.534,3.534,3.681,-2.464,1.0,BUKIT TIMAH ROAD,0.0
bukit_timah_road,Bukit Timah Road,8722.0,29753.635,32080.071,3.723,3.723,3.647,-1.002,1.0,BUKIT TIMAH ROAD,0.0
bukit_timah_road,Bukit Timah Road,8724.0,29755.126,32078.737,3.647,3.647,3.643,-0.983,1.0,BUKIT TIMAH ROAD,0.0
bukit_timah_road,Bukit Timah Road,8726.0,29756.617,32077.404,3.603,3.603,3.643,-0.554,1.0,BUKIT TIMAH ROAD,0.0
bukit_timah_road,Bukit Timah Road,8728.0,29758.107,32076.071,3.643,3.643,3.603,0.0,1.0,BUKIT TIMAH ROAD,0.0
bukit_timah_road,Bukit Timah Road,8730.0,29759.598,32074.737,3.475,3.475,3.603,-1.511,1.0,BUKIT TIMAH ROAD,0.0
bukit_timah_road,Bukit Timah Road,8732.0,29761.089,32073.404,3.46,3.46,3.643,-1.015,1.0,BUKIT TIMAH ROAD,0.0
bukit_timah_road,Bukit Timah Road,8734.0,29762.579,32072.07,3.753,3.753,3.522,-1.015,1.0,BUKIT TIMAH ROAD,0.0
bukit_timah_road,Bukit Timah Road,8736.0,29764.07,32070.737,3.785,3.785,3.522,-1.57,1.0,BUKIT TIMAH ROAD,0.0
bukit_timah_road,Bukit Timah Road,8738.0,29765.561,32069.404,3.522,3.522,3.522,-0.999,1.0,BUKIT TIMAH ROAD,0.0
bukit_timah_road,Bukit Timah Road,8740.0,29767.051,32068.07,3.407,3.407,3.517,-1.436,1.0,BUKIT TIMAH ROAD,0.0
bukit_timah_road,Bukit Timah Road,8742.0,29768.553,32066.75,3.517,3.517,3.442,-1.325,1.0,BUKIT TIMAH ROAD,0.0
bukit_timah_road,Bukit Timah Road,8744.0,29770.105,32065.489,3.442,3.442,3.407,-1.403,1.0,BUKIT TIMAH ROAD,0.0
bukit_timah_road,Bukit Timah Road,8746.0,29771.657,32064.227,3.352,3.352,3.416,-0.659,1.0,BUKIT TIMAH ROAD,0.0
bukit_timah_road,Bukit Timah Road,8748.0,29773.209,32062.965,3.389,3.389,3.405,-0.221,1.0,BUKIT TIMAH ROAD,0.0
bukit_timah_road,Bukit Timah Road,8750.0,29774.761,32061.704,3.416,3.416,3.389,-0.137,1.0,BUKIT TIMAH ROAD,0.0
bukit_timah_road,Bukit Timah Road,8752.0,29776.313,32060.442,3.405,3.405,3.389,-0.914,1.0,BUKIT TIMAH ROAD,0.0
bukit_timah_road,Bukit Timah Road,8754.0,29777.865,32059.181,3.33,3.33,3.405,-0.743,1.0,BUKIT TIMAH ROAD,0.0
bukit_timah_road,Bukit Timah Road,8756.0,29779.417,32057.919,3.332,3.332,3.332,-0.719,1.0,BUKIT TIMAH ROAD,0.0
bukit_timah_road,Bukit Timah Road,8758.0,29780.969,32056.658,3.472,3.472,3.33,-0.132,1.0,BUKIT TIMAH ROAD,0.0
bukit_timah_road,Bukit Timah Road,8760.0,29782.484,32055.353,3.191,3.191,3.332,1.206,1.0,BUKIT TIMAH ROAD,0.0
bukit_timah_road,Bukit Timah Road,8762.0,29783.978,32054.023,3.255,3.255,3.394,2.543,1.0,BUKIT TIMAH ROAD,0.0
bukit_timah_road,Bukit Timah Road,8764.0,29785.472,32052.694,3.206,3.394,3.394,2.593,1.0,BUKIT TIMAH ROAD,0.0
bukit_timah_road,Bukit Timah Road,8766.0,29786.967,32051.365,3.533,3.533,3.533,1.811,1.0,BUKIT TIMAH ROAD,0.0
bukit_timah_road,Bukit Timah Road,8768.0,29788.461,32050.036,3.551,3.551,3.539,,,BUKIT TIMAH ROAD,0.0
bukit_timah_road,Bukit Timah Road,8770.0,29789.955,32048.706,3.633,3.633,3.539,,,BUKIT TIMAH ROAD,0.0
bukit_timah_road,Bukit Timah Road,8772.0,29791.45,32047.377,3.539,3.539,3.539,,,BUKIT TIMAH ROAD,0.0
bukit_timah_road,Bukit Timah Road,8774.0,29792.944,32046.048,3.123,3.49,3.49,-1.065,1.0,BUKIT TIMAH ROAD,0.0
bukit_timah_road,Bukit Timah Road,8776.0,29794.438,32044.719,3.472,3.44,3.454,,,BUKIT TIMAH ROAD,0.0
bukit_timah_road,Bukit Timah Road,8778.0,29795.933,32043.389,3.391,3.391,3.454,,,BUKIT TIMAH ROAD,0.0
bukit_timah_road,Bukit Timah Road,8780.0,29797.427,32042.06,3.726,3.454,3.44,,,BUKIT TIMAH ROAD,0.0
bukit_timah_road,Bukit Timah Road,8782.0,29798.921,32040.731,3.517,3.517,3.391,,,BUKIT TIMAH ROAD,0.0
bukit_timah_road,Bukit Timah Road,8784.0,29800.416,32039.401,3.542,3.303,3.303,,,BUKIT TIMAH ROAD,0.0
bukit_timah_road,Bukit Timah Road,8786.0,29801.91,32038.072,3.449,3.09,3.09,-5.767,1.0,BUKIT TIMAH ROAD,0.0
bukit_timah_road,Bukit Timah Road,8788.0,29803.404,32036.743,2.876,2.876,2.929,,,BUKIT TIMAH ROAD,0.0
bukit_timah_road,Bukit Timah Road,8790.0,29804.899,32035.414,2.922,2.922,2.929,,,BUKIT TIMAH ROAD,0.0
bukit_timah_road,Bukit Timah Road,8792.0,29806.393,32034.084,2.929,2.929,2.929,,,BUKIT TIMAH ROAD,0.0
bukit_timah_road,Bukit Timah Road,8794.0,29807.887,32032.755,2.924,3.1,3.1,,,BUKIT TIMAH ROAD,0.0
bukit_timah_road,Bukit Timah Road,8796.0,29809.382,32031.426,3.689,3.27,3.27,5.98,1.0,BUKIT TIMAH ROAD,0.0
bukit_timah_road,Bukit Timah Road,8798.0,29810.876,32030.097,5.305,3.408,3.408,,,BUKIT TIMAH ROAD,0.0
bukit_timah_road,Bukit Timah Road,8800.0,29812.37,32028.767,7.333,3.545,3.408,,,BUKIT TIMAH ROAD,0.0
bukit_timah_road,Bukit Timah Road,8802.0,29813.865,32027.438,3.473,3.473,3.408,,,BUKIT TIMAH ROAD,0.0
bukit_timah_road,Bukit Timah Road,8804.0,29815.359,32026.109,3.026,3.321,3.321,-1.84,1.0,BUKIT TIMAH ROAD,0.0
bukit_timah_road,Bukit Timah Road,8806.0,29816.853,32024.779,3.169,3.169,3.321,-1.84,1.0,BUKIT TIMAH ROAD,0.0
bukit_timah_road,Bukit Timah Road,8808.0,29818.348,32023.45,3.261,3.261,3.261,,,BUKIT TIMAH ROAD,0.0
bukit_timah_road,Bukit Timah Road,8810.0,29819.842,32022.121,3.344,3.344,3.261,,,BUKIT TIMAH ROAD,0.0
bukit_timah_road,Bukit Timah Road,8812.0,29821.336,32020.792,3.17,3.17,3.322,0.911,1.0,BUKIT TIMAH ROAD,0.0
bukit_timah_road,Bukit Timah Road,8814.0,29822.831,32019.462,3.513,3.322,3.333,1.363,1.0,BUKIT TIMAH ROAD,0.0
bukit_timah_road,Bukit Timah Road,8816.0,29824.325,32018.133,3.474,3.474,3.333,1.012,1.0,BUKIT TIMAH ROAD,0.0
bukit_timah_road,Bukit Timah Road,8818.0,29825.819,32016.804,3.333,3.333,3.37,1.031,1.0,BUKIT TIMAH ROAD,0.0
bukit_timah_road,Bukit Timah Road,8820.0,29827.314,32015.474,3.37,3.37,3.403,1.05,1.0,BUKIT TIMAH ROAD,0.0
bukit_timah_road,Bukit Timah Road,8822.0,29828.808,32014.145,3.403,3.403,3.403,0.599,1.0,BUKIT TIMAH ROAD,0.0
bukit_timah_road,Bukit Timah Road,8824.0,29830.302,32012.816,3.492,3.492,3.417,0.681,1.0,BUKIT TIMAH ROAD,0.0
bukit_timah_road,Bukit Timah Road,8826.0,29831.797,32011.487,3.459,3.459,3.417,0.681,1.0,BUKIT TIMAH ROAD,0.0
bukit_timah_road,Bukit Timah Road,8828.0,29833.291,32010.157,3.417,3.417,3.457,0.499,1.0,BUKIT TIMAH ROAD,0.0
bukit_timah_road,Bukit Timah Road,8830.0,29834.785,32008.828,3.406,3.406,3.457,,,BUKIT TIMAH ROAD,0.0
bukit_timah_road,Bukit Timah Road,8832.0,29836.28,32007.499,3.457,3.457,3.457,,,BUKIT TIMAH ROAD,0.0
bukit_timah_road,Bukit Timah Road,8834.0,29837.774,32006.17,3.437,3.651,3.651,,,BUKIT TIMAH ROAD,0.0
bukit_timah_road,Bukit Timah Road,8836.0,29839.268,32004.84,7.009,3.844,3.774,,,BUKIT TIMAH ROAD,0.0
bukit_timah_road,Bukit Timah Road,8838.0,29840.763,32003.511,6.113,4.037,3.774,,,BUKIT TIMAH ROAD,0.0
bukit_timah_road,Bukit Timah Road,8840.0,29842.257,32002.182,6.025,3.774,3.774,,,BUKIT TIMAH ROAD,0.0
bukit_timah_road,Bukit Timah Road,8842.0,29843.751,32000.852,6.233,3.512,3.512,,,BUKIT TIMAH ROAD,0.0
bukit_timah_road,Bukit Timah Road,8844.0,29845.246,31999.523,2.887,3.249,3.249,,,BUKIT TIMAH ROAD,0.0
bukit_timah_road,Bukit Timah Road,8846.0,29846.74,31998.194,2.987,2.987,3.198,,,BUKIT TIMAH ROAD,0.0
bukit_timah_road,Bukit Timah Road,8848.0,29848.234,31996.865,2.992,2.992,3.035,,,BUKIT TIMAH ROAD,0.0
bukit_timah_road,Bukit Timah Road,8850.0,29849.729,31995.535,3.198,3.198,3.033,-1.25,1.0,BUKIT TIMAH ROAD,0.0
bukit_timah_road,Bukit Timah Road,8852.0,29851.223,31994.206,3.035,3.035,3.035,0.781,1.0,BUKIT TIMAH ROAD,0.0
bukit_timah_road,Bukit Timah Road,8854.0,29852.717,31992.877,3.033,3.033,3.098,3.126,1.0,BUKIT TIMAH ROAD,0.0
bukit_timah_road,Bukit Timah Road,8856.0,29854.212,31991.547,3.098,3.098,3.098,4.278,1.0,BUKIT TIMAH ROAD,0.0
bukit_timah_road,Bukit Timah Road,8858.0,29855.706,31990.218,3.378,3.378,3.283,5.012,1.0,BUKIT TIMAH ROAD,0.0
bukit_timah_road,Bukit Timah Road,8860.0,29857.2,31988.889,3.283,3.283,3.378,5.152,1.0,BUKIT TIMAH ROAD,0.0
bukit_timah_road,Bukit Timah Road,8862.0,29858.695,31987.56,3.499,3.499,3.499,,,BUKIT TIMAH ROAD,0.0
bukit_timah_road,Bukit Timah Road,8864.0,29860.189,31986.23,3.51,3.51,3.51,,,BUKIT TIMAH ROAD,0.0
bukit_timah_road,Bukit Timah Road,8866.0,29861.683,31984.901,3.528,3.769,3.769,,,BUKIT TIMAH ROAD,0.0
bukit_timah_road,Bukit Timah Road,8868.0,29863.177,31983.572,3.067,4.029,4.029,,,BUKIT TIMAH ROAD,0.0
bukit_timah_road,Bukit Timah Road,8870.0,29864.672,31982.242,3.29,4.288,4.288,,,BUKIT TIMAH ROAD,0.0
bukit_timah_road,Bukit Timah Road,8872.0,29866.253,31981.019,3.301,4.548,4.548,,,BUKIT TIMAH ROAD,0.0
bukit_timah_road,Bukit Timah Road,8874.0,29867.842,31979.804,6.834,4.603,4.548,,,BUKIT TIMAH ROAD,0.0
bukit_timah_road,Bukit Timah Road,8876.0,29869.431,31978.589,8.225,4.657,4.548,,,BUKIT TIMAH ROAD,0.0
bukit_timah_road,Bukit Timah Road,8878.0,29871.019,31977.374,7.48,4.455,4.455,,,BUKIT TIMAH ROAD,0.0
bukit_timah_road,Bukit Timah Road,8880.0,29872.608,31976.159,6.443,4.253,4.253,,,BUKIT TIMAH ROAD,0.0
bukit_timah_road,Bukit Timah Road,8882.0,29874.197,31974.944,5.786,4.05,4.05,,,BUKIT TIMAH ROAD,0.0
bukit_timah_road,Bukit Timah Road,8884.0,29875.786,31973.73,3.228,3.848,3.848,,,BUKIT TIMAH ROAD,0.0
bukit_timah_road,Bukit Timah Road,8886.0,29877.375,31972.515,3.491,3.645,3.645,,,BUKIT TIMAH ROAD,0.0
bukit_timah_road,Bukit Timah Road,8888.0,29878.963,31971.3,3.443,3.443,3.443,,,BUKIT TIMAH ROAD,0.0
bukit_timah_road,Bukit Timah Road,8890.0,29880.552,31970.085,3.37,3.37,3.37,,,BUKIT TIMAH ROAD,0.0
bukit_timah_road,Bukit Timah Road,8892.0,29882.141,31968.87,3.284,3.284,3.37,1.347,1.0,BUKIT TIMAH ROAD,0.0
bukit_timah_road,Bukit Timah Road,8894.0,29883.73,31967.655,3.355,3.355,3.37,2.255,1.0,BUKIT TIMAH ROAD,0.0
bukit_timah_road,Bukit Timah Road,8896.0,29885.318,31966.441,3.551,3.551,3.551,2.255,1.0,BUKIT TIMAH ROAD,0.0
bukit_timah_road,Bukit Timah Road,8898.0,29886.907,31965.226,3.56,3.56,3.551,0.372,1.0,BUKIT TIMAH ROAD,0.0
bukit_timah_road,Bukit Timah Road,8900.0,29888.496,31964.011,3.562,3.562,3.551,-3.116,1.0,BUKIT TIMAH ROAD,0.0
bukit_timah_road,Bukit Timah Road,8902.0,29890.085,31962.796,3.301,3.301,3.4,-5.79,1.0,BUKIT TIMAH ROAD,0.0
bukit_timah_road,Bukit Timah Road,8904.0,29891.673,31961.581,3.4,3.4,3.301,-8.463,1.0,BUKIT TIMAH ROAD,0.0
bukit_timah_road,Bukit Timah Road,8906.0,29893.262,31960.366,3.338,3.137,3.137,-6.58,1.0,BUKIT TIMAH ROAD,0.0
bukit_timah_road,Bukit Timah Road,8908.0,29894.851,31959.151,2.874,2.874,2.874,-5.347,1.0,BUKIT TIMAH ROAD,0.0
bukit_timah_road,Bukit Timah Road,8910.0,29896.44,31957.937,2.858,2.858,2.874,,,BUKIT TIMAH ROAD,0.0
bukit_timah_road,Bukit Timah Road,8912.0,29898.028,31956.722,2.866,2.866,2.874,,,BUKIT TIMAH ROAD,0.0
bukit_timah_road,Bukit Timah Road,8914.0,29899.617,31955.507,2.913,2.913,2.913,4.145,1.0,BUKIT TIMAH ROAD,0.0
bukit_timah_road,Bukit Timah Road,8916.0,29901.206,31954.292,2.863,3.059,3.059,5.395,1.0,BUKIT TIMAH ROAD,0.0
bukit_timah_road,Bukit Timah Road,8918.0,29902.795,31953.077,3.205,3.205,3.205,5.862,1.0,BUKIT TIMAH ROAD,0.0
bukit_timah_road,Bukit Timah Road,8920.0,29904.383,31951.862,3.305,3.305,3.305,4.316,1.0,BUKIT TIMAH ROAD,0.0
bukit_timah_road,Bukit Timah Road,8922.0,29905.972,31950.648,3.382,3.382,3.382,2.771,1.0,BUKIT TIMAH ROAD,0.0
bukit_timah_road,Bukit Timah Road,8924.0,29907.561,31949.433,3.565,3.565,3.382,2.91,1.0,BUKIT TIMAH ROAD,0.0
bukit_timah_road,Bukit Timah Road,8926.0,29909.15,31948.218,3.585,3.585,3.427,1.951,1.0,BUKIT TIMAH ROAD,0.0
bukit_timah_road,Bukit Timah Road,8928.0,29910.738,31947.003,3.378,3.378,3.538,1.951,1.0,BUKIT TIMAH ROAD,0.0
bukit_timah_road,Bukit Timah Road,8930.0,29912.327,31945.788,3.427,3.427,3.538,3.979,1.0,BUKIT TIMAH ROAD,0.0
bukit_timah_road,Bukit Timah Road,8932.0,29913.916,31944.573,3.538,3.538,3.538,6.338,1.0,BUKIT TIMAH ROAD,0.0
bukit_timah_road,Bukit Timah Road,8934.0,29915.505,31943.359,3.745,3.745,3.745,7.956,1.0,BUKIT TIMAH ROAD,0.0
bukit_timah_road,Bukit Timah Road,8936.0,29917.094,31942.144,4.045,4.045,4.045,8.552,1.0,BUKIT TIMAH ROAD,0.0
bukit_timah_road,Bukit Timah Road,8938.0,29918.682,31940.929,4.174,4.174,4.174,6.91,1.0,BUKIT TIMAH ROAD,0.0
bukit_timah_road,Bukit Timah Road,8940.0,29920.271,31939.714,4.298,4.298,4.222,4.927,1.0,BUKIT TIMAH ROAD,0.0
bukit_timah_road,Bukit Timah Road,8942.0,29921.86,31938.499,4.222,4.222,4.298,2.943,1.0,BUKIT TIMAH ROAD,0.0
bukit_timah_road,Bukit Timah Road,8944.0,29923.449,31937.284,4.593,4.41,4.371,4.695,1.0,BUKIT TIMAH ROAD,0.0
bukit_timah_road,Bukit Timah Road,8946.0,29925.037,31936.07,4.598,4.598,4.41,,,BUKIT TIMAH ROAD,0.0
bukit_timah_road,Bukit Timah Road,8948.0,29926.626,31934.855,4.371,4.371,4.598,,,BUKIT TIMAH ROAD,0.0
bukit_timah_road,Bukit Timah Road,8950.0,29928.215,31933.64,4.23,4.614,4.614,,,BUKIT TIMAH ROAD,0.0
bukit_timah_road,Bukit Timah Road,8952.0,29929.804,31932.425,4.858,4.858,4.858,,,BUKIT TIMAH ROAD,0.0
bukit_timah_road,Bukit Timah Road,8954.0,29931.392,31931.21,4.597,4.894,4.894,,,BUKIT TIMAH ROAD,0.0
bukit_timah_road,Bukit Timah Road,8956.0,29932.981,31929.995,4.631,4.929,4.929,2.935,1.0,BUKIT TIMAH ROAD,0.0
bukit_timah_road,Bukit Timah Road,8958.0,29934.57,31928.78,5.262,5.092,5.092,,,BUKIT TIMAH ROAD,0.0
bukit_timah_road,Bukit Timah Road,8960.0,29936.159,31927.566,5.255,5.255,5.092,,,BUKIT TIMAH ROAD,0.0
bukit_timah_road,Bukit Timah Road,8962.0,29937.747,31926.351,5.17,5.17,5.092,,,BUKIT TIMAH ROAD,0.0
bukit_timah_road,Bukit Timah Road,8964.0,29939.336,31925.136,3.898,4.939,4.939,-4.837,1.0,BUKIT TIMAH ROAD,0.0
bukit_timah_road,Bukit Timah Road,8966.0,29940.925,31923.921,3.734,4.708,4.708,-5.116,1.0,BUKIT TIMAH ROAD,0.0
bukit_timah_road,Bukit Timah Road,8968.0,29942.514,31922.706,4.477,4.477,4.705,,,BUKIT TIMAH ROAD,0.0
bukit_timah_road,Bukit Timah Road,8970.0,29944.102,31921.491,4.705,4.705,4.683,,,BUKIT TIMAH ROAD,0.0
bukit_timah_road,Bukit Timah Road,8972.0,29945.299,31920.576,4.661,4.661,4.661,-1.113,1.0,BUKIT TIMAH ROAD,0.0
