path_key,source_project,chainage_m,x_svy21,y_svy21,elevation_m_raw,elevation_m_filtered,elevation_m_smooth,gradient_pct,Grade,nearest_road_name,nearest_road_dist_m
sengkang_west_avenue,Sengkang West Avenue,0.0,32009.698,41484.793,14.728,14.728,14.895,,,SENGKANG WEST AVENUE,21.197
sengkang_west_avenue,Sengkang West Avenue,2.0,32009.237,41482.847,14.922,14.922,14.882,,,SENGKANG WEST AVENUE,19.22
sengkang_west_avenue,Sengkang West Avenue,4.0,32008.776,41480.901,15.617,14.895,14.868,-0.335,1.0,SENGKANG WEST AVENUE,17.242
sengkang_west_avenue,Sengkang West Avenue,6.0,32008.315,41478.955,14.922,14.868,14.868,-0.167,1.0,SENGKANG WEST AVENUE,15.264
sengkang_west_avenue,Sengkang West Avenue,8.0,32007.853,41477.009,14.842,14.842,14.868,,,SENGKANG WEST AVENUE,13.287
sengkang_west_avenue,Sengkang West Avenue,10.0,32007.392,41475.063,14.861,14.861,14.868,,,SENGKANG WEST AVENUE,11.309
sengkang_west_avenue,Sengkang West Avenue,12.0,32006.931,41473.117,14.926,14.926,14.861,,,SENGKANG WEST AVENUE,9.331
sengkang_west_avenue,Sengkang West Avenue,14.0,32007.101,41471.19,14.976,14.976,14.884,,,SENGKANG WEST AVENUE,7.426
sengkang_west_avenue,Sengkang West Avenue,16.0,32007.682,41469.276,14.568,14.771,14.926,,,SENGKANG WEST AVENUE,5.567
sengkang_west_avenue,Sengkang West Avenue,18.0,32008.262,41467.363,14.566,14.884,14.976,,,SENGKANG WEST AVENUE,3.707
sengkang_west_avenue,Sengkang West Avenue,20.0,32008.843,41465.449,14.618,14.998,14.998,,,SENGKANG WEST AVENUE,1.848
sengkang_west_avenue,Sengkang West Avenue,22.0,32009.423,41463.535,15.43,15.074,15.074,,,SENGKANG WEST AVENUE,0.011
sengkang_west_avenue,Sengkang West Avenue,24.0,32010.004,41461.621,16.201,15.15,15.15,,,SENGKANG WEST AVENUE,1.87
sengkang_west_avenue,Sengkang West Avenue,26.0,32010.585,41459.707,16.849,15.226,15.226,,,SENGKANG WEST AVENUE,3.729
sengkang_west_avenue,Sengkang West Avenue,28.0,32011.165,41457.793,15.588,15.301,15.301,,,SENGKANG WEST AVENUE,5.588
sengkang_west_avenue,Sengkang West Avenue,30.0,32011.746,41455.879,15.664,15.377,15.377,,,SENGKANG WEST AVENUE,7.447
sengkang_west_avenue,Sengkang West Avenue,32.0,32012.326,41453.965,21.916,15.453,15.453,,,SENGKANG WEST AVENUE,9.306
sengkang_west_avenue,Sengkang West Avenue,34.0,32012.907,41452.051,20.332,15.529,15.529,,,SENGKANG WEST AVENUE,11.165
sengkang_west_avenue,Sengkang West Avenue,36.0,32013.487,41450.138,19.104,15.605,15.605,,,SENGKANG WEST AVENUE,13.024
sengkang_west_avenue,Sengkang West Avenue,38.0,32014.068,41448.224,20.524,15.681,15.681,,,SENGKANG WEST AVENUE,14.883
sengkang_west_avenue,Sengkang West Avenue,40.0,32014.649,41446.31,20.939,15.757,15.757,,,SENGKANG WEST AVENUE,16.742
sengkang_west_avenue,Sengkang West Avenue,42.0,32015.707,41444.677,19.191,15.833,15.833,,,SENGKANG WEST AVENUE,18.282
sengkang_west_avenue,Sengkang West Avenue,44.0,32017.096,41443.238,16.548,15.909,15.909,,,SENGKANG WEST AVENUE,19.601
sengkang_west_avenue,Sengkang West Avenue,46.0,32018.485,41441.798,15.799,15.985,15.985,,,SENGKANG WEST AVENUE,20.919
sengkang_west_avenue,Sengkang West Avenue,48.0,32019.874,41440.359,15.935,16.061,16.061,,,SENGKANG WEST AVENUE,22.238
sengkang_west_avenue,Sengkang West Avenue,50.0,32021.263,41438.92,16.136,16.136,16.085,,,SENGKANG WEST AVENUE,23.557
sengkang_west_avenue,Sengkang West Avenue,52.0,32022.912,41438.267,16.085,16.085,16.136,,,SENGKANG WEST AVENUE,24.071
sengkang_west_avenue,Sengkang West Avenue,54.0,32024.885,41438.593,15.442,16.153,16.153,,,SENGKANG WEST AVENUE,23.583
sengkang_west_avenue,Sengkang West Avenue,56.0,32026.858,41438.918,15.324,16.221,16.221,,,SENGKANG WEST AVENUE,23.094
sengkang_west_avenue,Sengkang West Avenue,58.0,32028.831,41439.244,15.568,16.288,16.288,,,SENGKANG WEST AVENUE,22.606
sengkang_west_avenue,Sengkang West Avenue,60.0,32030.805,41439.57,17.516,16.356,16.356,,,SENGKANG WEST AVENUE,22.117
sengkang_west_avenue,Sengkang West Avenue,62.0,32032.778,41439.896,16.807,16.424,16.424,,,SENGKANG WEST AVENUE,21.628
sengkang_west_avenue,Sengkang West Avenue,64.0,32034.722,41440.363,15.868,16.66,16.66,,,SENGKANG WEST AVENUE,21.002
sengkang_west_avenue,Sengkang West Avenue,66.0,32036.66,41440.856,16.715,16.896,16.896,,,SENGKANG WEST AVENUE,20.35
sengkang_west_avenue,Sengkang West Avenue,68.0,32038.598,41441.349,17.618,17.133,17.12,,,SENGKANG WEST AVENUE,19.697
sengkang_west_avenue,Sengkang West Avenue,70.0,32040.537,41441.841,14.593,17.369,17.133,,,SENGKANG WEST AVENUE,19.045
sengkang_west_avenue,Sengkang West Avenue,72.0,32042.487,41442.277,14.509,17.12,17.358,,,SENGKANG WEST AVENUE,18.449
sengkang_west_avenue,Sengkang West Avenue,74.0,32044.457,41442.623,16.87,17.358,17.369,,,SENGKANG WEST AVENUE,17.941
sengkang_west_avenue,Sengkang West Avenue,76.0,32046.427,41442.969,21.149,17.597,17.358,,,SENGKANG WEST AVENUE,17.432
sengkang_west_avenue,Sengkang West Avenue,78.0,32048.397,41443.315,20.611,17.415,17.358,,,SENGKANG WEST AVENUE,16.924
sengkang_west_avenue,Sengkang West Avenue,80.0,32050.367,41443.661,19.051,17.233,17.233,,,SENGKANG WEST AVENUE,16.416
sengkang_west_avenue,Sengkang West Avenue,82.0,32052.355,41443.712,18.581,17.051,17.051,,,SENGKANG WEST AVENUE,16.199
sengkang_west_avenue,Sengkang West Avenue,84.0,32054.352,41443.609,17.471,16.869,16.869,,,SENGKANG WEST AVENUE,16.136
sengkang_west_avenue,Sengkang West Avenue,86.0,32056.349,41443.506,18.32,16.687,16.687,,,SENGKANG WEST AVENUE,16.073
sengkang_west_avenue,Sengkang West Avenue,88.0,32058.347,41443.403,17.525,16.505,16.505,,,SENGKANG WEST AVENUE,16.01
sengkang_west_avenue,Sengkang West Avenue,90.0,32060.344,41443.299,15.896,16.323,16.323,,,SENGKANG WEST AVENUE,15.947
sengkang_west_avenue,Sengkang West Avenue,92.0,32062.341,41443.196,16.141,16.141,16.222,,,SENGKANG WEST AVENUE,15.885
sengkang_west_avenue,Sengkang West Avenue,94.0,32064.339,41443.093,16.458,16.182,16.182,,,SENGKANG WEST AVENUE,15.822
sengkang_west_avenue,Sengkang West Avenue,96.0,32066.336,41442.99,16.222,16.222,16.141,,,SENGKANG WEST AVENUE,15.759
sengkang_west_avenue,Sengkang West Avenue,98.0,32068.333,41442.886,15.04,16.095,16.095,,,SENGKANG WEST AVENUE,15.696
sengkang_west_avenue,Sengkang West Avenue,100.0,32070.331,41442.783,16.052,15.871,15.871,,,SENGKANG WEST AVENUE,15.633
sengkang_west_avenue,Sengkang West Avenue,102.0,32072.328,41442.68,15.841,15.648,15.648,,,SENGKANG WEST AVENUE,15.57
sengkang_west_avenue,Sengkang West Avenue,104.0,32074.325,41442.577,15.545,15.426,15.426,,,SENGKANG WEST AVENUE,15.507
sengkang_west_avenue,Sengkang West Avenue,106.0,32076.323,41442.473,15.027,15.205,15.205,,,SENGKANG WEST AVENUE,15.444
sengkang_west_avenue,Sengkang West Avenue,108.0,32078.32,41442.37,14.686,14.984,14.984,,,SENGKANG WEST AVENUE,15.381
sengkang_west_avenue,Sengkang West Avenue,110.0,32080.317,41442.267,14.511,14.762,14.958,,,SENGKANG WEST AVENUE,15.318
sengkang_west_avenue,Sengkang West Avenue,112.0,32082.315,41442.164,14.839,14.839,14.958,,,SENGKANG WEST AVENUE,15.255
sengkang_west_avenue,Sengkang West Avenue,114.0,32084.312,41442.06,14.499,14.958,14.958,,,SENGKANG WEST AVENUE,15.192
sengkang_west_avenue,Sengkang West Avenue,116.0,32086.309,41441.957,15.093,15.078,14.958,0.23,1.0,SENGKANG WEST AVENUE,15.129
sengkang_west_avenue,Sengkang West Avenue,118.0,32088.307,41441.854,15.197,15.197,14.958,,,SENGKANG WEST AVENUE,15.066
sengkang_west_avenue,Sengkang West Avenue,120.0,32090.304,41441.751,14.915,14.915,14.977,,,SENGKANG WEST AVENUE,15.003
sengkang_west_avenue,Sengkang West Avenue,122.0,32092.301,41441.648,14.7,14.7,14.977,,,SENGKANG WEST AVENUE,14.94
sengkang_west_avenue,Sengkang West Avenue,124.0,32094.299,41441.544,14.977,14.977,14.966,,,SENGKANG WEST AVENUE,14.877
sengkang_west_avenue,Sengkang West Avenue,126.0,32096.296,41441.441,15.346,15.075,14.966,,,SENGKANG WEST AVENUE,14.814
sengkang_west_avenue,Sengkang West Avenue,128.0,32098.293,41441.338,15.173,14.966,14.966,,,SENGKANG WEST AVENUE,14.751
sengkang_west_avenue,Sengkang West Avenue,130.0,32100.291,41441.235,15.059,14.857,14.857,,,SENGKANG WEST AVENUE,14.688
sengkang_west_avenue,Sengkang West Avenue,132.0,32102.287,41441.112,13.914,14.61,14.61,,,SENGKANG WEST AVENUE,14.644
sengkang_west_avenue,Sengkang West Avenue,134.0,32104.282,41440.977,14.227,14.362,14.362,,,SENGKANG WEST AVENUE,14.613
sengkang_west_avenue,Sengkang West Avenue,136.0,32106.278,41440.842,14.115,14.115,14.115,,,SENGKANG WEST AVENUE,14.582
sengkang_west_avenue,Sengkang West Avenue,138.0,32108.273,41440.707,14.341,13.942,13.942,,,SENGKANG WEST AVENUE,14.551
sengkang_west_avenue,Sengkang West Avenue,140.0,32110.268,41440.572,13.984,13.769,13.769,-6.482,1.0,SENGKANG WEST AVENUE,14.52
sengkang_west_avenue,Sengkang West Avenue,142.0,32112.253,41440.327,13.596,13.596,13.675,,,SENGKANG WEST AVENUE,14.598
sengkang_west_avenue,Sengkang West Avenue,144.0,32114.237,41440.072,13.521,13.521,13.596,,,SENGKANG WEST AVENUE,14.689
sengkang_west_avenue,Sengkang West Avenue,146.0,32116.22,41439.816,13.675,13.675,13.596,-2.476,1.0,SENGKANG WEST AVENUE,14.781
sengkang_west_avenue,Sengkang West Avenue,148.0,32118.204,41439.56,13.459,13.459,13.521,-1.49,1.0,SENGKANG WEST AVENUE,14.884
sengkang_west_avenue,Sengkang West Avenue,150.0,32120.187,41439.304,13.601,13.601,13.477,-0.289,1.0,SENGKANG WEST AVENUE,14.987
sengkang_west_avenue,Sengkang West Avenue,152.0,32122.171,41439.045,13.477,13.477,13.477,,,SENGKANG WEST AVENUE,15.093
sengkang_west_avenue,Sengkang West Avenue,154.0,32124.151,41438.763,13.411,13.411,13.573,,,SENGKANG WEST AVENUE,15.223
sengkang_west_avenue,Sengkang West Avenue,156.0,32126.13,41438.48,14.033,13.679,13.477,,,SENGKANG WEST AVENUE,15.353
sengkang_west_avenue,Sengkang West Avenue,158.0,32128.11,41438.197,13.947,13.573,13.467,,,SENGKANG WEST AVENUE,15.483
sengkang_west_avenue,Sengkang West Avenue,160.0,32130.09,41437.915,12.141,13.467,13.467,,,SENGKANG WEST AVENUE,15.613
sengkang_west_avenue,Sengkang West Avenue,162.0,32132.07,41437.632,13.325,13.361,13.361,,,SENGKANG WEST AVENUE,15.743
sengkang_west_avenue,Sengkang West Avenue,164.0,32134.05,41437.349,13.406,13.256,13.256,,,SENGKANG WEST AVENUE,15.873
sengkang_west_avenue,Sengkang West Avenue,166.0,32136.03,41437.067,12.027,13.15,13.15,,,SENGKANG WEST AVENUE,16.003
sengkang_west_avenue,Sengkang West Avenue,168.0,32138.01,41436.784,11.917,13.044,13.044,,,SENGKANG WEST AVENUE,16.133
sengkang_west_avenue,Sengkang West Avenue,170.0,32139.99,41436.501,12.666,12.939,12.939,,,SENGKANG WEST AVENUE,16.263
sengkang_west_avenue,Sengkang West Avenue,172.0,32141.97,41436.219,13.036,12.833,12.833,,,SENGKANG WEST AVENUE,16.393
sengkang_west_avenue,Sengkang West Avenue,174.0,32143.95,41435.936,13.001,12.627,12.627,,,SENGKANG WEST AVENUE,16.523
sengkang_west_avenue,Sengkang West Avenue,176.0,32145.93,41435.653,12.772,12.42,12.42,,,SENGKANG WEST AVENUE,16.653
sengkang_west_avenue,Sengkang West Avenue,178.0,32147.91,41435.371,12.214,12.214,12.214,,,SENGKANG WEST AVENUE,16.783
sengkang_west_avenue,Sengkang West Avenue,180.0,32149.89,41435.088,11.626,12.065,12.065,,,SENGKANG WEST AVENUE,16.913
sengkang_west_avenue,Sengkang West Avenue,182.0,32151.869,41434.805,11.917,11.917,12.056,-2.887,1.0,SENGKANG WEST AVENUE,17.043
sengkang_west_avenue,Sengkang West Avenue,184.0,32153.849,41434.523,12.056,12.056,11.983,,,SENGKANG WEST AVENUE,17.173
sengkang_west_avenue,Sengkang West Avenue,186.0,32155.829,41434.24,11.967,11.967,11.983,,,SENGKANG WEST AVENUE,17.303
sengkang_west_avenue,Sengkang West Avenue,188.0,32157.821,41434.156,11.105,11.983,11.999,0.0,1.0,SENGKANG WEST AVENUE,17.234
sengkang_west_avenue,Sengkang West Avenue,190.0,32159.82,41434.208,12.044,11.999,11.983,,,SENGKANG WEST AVENUE,17.029
sengkang_west_avenue,Sengkang West Avenue,192.0,32161.819,41434.26,12.015,12.015,11.983,,,SENGKANG WEST AVENUE,16.823
sengkang_west_avenue,Sengkang West Avenue,194.0,32163.819,41434.313,12.056,11.751,11.751,,,SENGKANG WEST AVENUE,16.618
sengkang_west_avenue,Sengkang West Avenue,196.0,32165.818,41434.365,12.061,11.487,11.487,-9.49,2.0,SENGKANG WEST AVENUE,16.412
sengkang_west_avenue,Sengkang West Avenue,198.0,32167.816,41434.435,11.223,11.223,11.223,,,SENGKANG WEST AVENUE,16.189
sengkang_west_avenue,Sengkang West Avenue,200.0,32169.811,41434.583,10.98,10.98,11.223,,,SENGKANG WEST AVENUE,15.889
sengkang_west_avenue,Sengkang West Avenue,202.0,32171.806,41434.731,11.005,11.005,11.223,,,SENGKANG WEST AVENUE,15.589
sengkang_west_avenue,Sengkang West Avenue,204.0,32173.8,41434.878,10.686,11.283,11.283,6.921,1.0,SENGKANG WEST AVENUE,15.288
sengkang_west_avenue,Sengkang West Avenue,206.0,32175.795,41435.026,11.895,11.56,11.56,6.921,1.0,SENGKANG WEST AVENUE,14.988
sengkang_west_avenue,Sengkang West Avenue,208.0,32177.791,41435.079,11.838,11.838,11.777,,,SENGKANG WEST AVENUE,14.782
sengkang_west_avenue,Sengkang West Avenue,210.0,32179.789,41435.003,11.791,11.791,11.777,,,SENGKANG WEST AVENUE,14.705
sengkang_west_avenue,Sengkang West Avenue,212.0,32181.788,41434.926,11.777,11.777,11.777,-1.101,1.0,SENGKANG WEST AVENUE,14.628
sengkang_west_avenue,Sengkang West Avenue,214.0,32183.786,41434.85,11.764,11.764,11.764,-1.179,1.0,SENGKANG WEST AVENUE,14.551
sengkang_west_avenue,Sengkang West Avenue,216.0,32185.785,41434.774,11.689,11.689,11.689,-1.491,1.0,SENGKANG WEST AVENUE,14.473
sengkang_west_avenue,Sengkang West Avenue,218.0,32187.784,41434.698,11.683,11.683,11.683,-2.266,1.0,SENGKANG WEST AVENUE,14.396
sengkang_west_avenue,Sengkang West Avenue,220.0,32189.774,41434.524,11.658,11.658,11.658,-3.48,1.0,SENGKANG WEST AVENUE,14.416
sengkang_west_avenue,Sengkang West Avenue,222.0,32191.758,41434.27,11.583,11.583,11.583,-3.975,1.0,SENGKANG WEST AVENUE,14.518
sengkang_west_avenue,Sengkang West Avenue,224.0,32193.741,41434.015,11.411,11.411,11.411,-3.923,1.0,SENGKANG WEST AVENUE,14.62
sengkang_west_avenue,Sengkang West Avenue,226.0,32195.725,41433.76,11.365,11.365,11.365,-3.037,1.0,SENGKANG WEST AVENUE,14.721
sengkang_west_avenue,Sengkang West Avenue,228.0,32197.709,41433.506,11.344,11.344,11.344,,,SENGKANG WEST AVENUE,14.823
sengkang_west_avenue,Sengkang West Avenue,230.0,32199.693,41433.251,11.34,11.34,11.34,,,SENGKANG WEST AVENUE,14.925
sengkang_west_avenue,Sengkang West Avenue,232.0,32201.684,41433.068,10.193,11.248,11.248,-3.49,1.0,SENGKANG WEST AVENUE,14.954
sengkang_west_avenue,Sengkang West Avenue,234.0,32203.678,41432.915,10.268,11.156,11.156,,,SENGKANG WEST AVENUE,14.954
sengkang_west_avenue,Sengkang West Avenue,236.0,32205.672,41432.762,11.065,11.065,11.065,,,SENGKANG WEST AVENUE,14.953
sengkang_west_avenue,Sengkang West Avenue,238.0,32207.666,41432.609,11.602,10.817,10.817,,,SENGKANG WEST AVENUE,14.953
sengkang_west_avenue,Sengkang West Avenue,240.0,32209.66,41432.457,11.624,10.569,10.569,,,SENGKANG WEST AVENUE,14.953
sengkang_west_avenue,Sengkang West Avenue,242.0,32211.654,41432.304,11.089,10.321,10.321,,,SENGKANG WEST AVENUE,14.952
sengkang_west_avenue,Sengkang West Avenue,244.0,32213.649,41432.151,10.833,10.074,10.074,,,SENGKANG WEST AVENUE,14.952
sengkang_west_avenue,Sengkang West Avenue,246.0,32215.643,41431.998,9.57,9.939,9.939,,,SENGKANG WEST AVENUE,14.951
sengkang_west_avenue,Sengkang West Avenue,248.0,32217.637,41431.845,9.805,9.805,9.939,,,SENGKANG WEST AVENUE,14.951
sengkang_west_avenue,Sengkang West Avenue,250.0,32219.631,41431.692,9.905,9.905,9.939,,,SENGKANG WEST AVENUE,14.95
sengkang_west_avenue,Sengkang West Avenue,252.0,32221.625,41431.533,11.9,10.091,10.091,,,SENGKANG WEST AVENUE,14.955
sengkang_west_avenue,Sengkang West Avenue,254.0,32223.61,41431.295,9.785,10.278,10.278,,,SENGKANG WEST AVENUE,15.041
sengkang_west_avenue,Sengkang West Avenue,256.0,32225.596,41431.056,9.58,10.465,10.465,,,SENGKANG WEST AVENUE,15.127
sengkang_west_avenue,Sengkang West Avenue,258.0,32227.582,41430.817,11.145,10.504,10.465,,,SENGKANG WEST AVENUE,15.213
sengkang_west_avenue,Sengkang West Avenue,260.0,32229.567,41430.578,10.995,10.543,10.465,,,SENGKANG WEST AVENUE,15.299
sengkang_west_avenue,Sengkang West Avenue,262.0,32231.553,41430.339,12.325,10.402,10.402,,,SENGKANG WEST AVENUE,15.384
sengkang_west_avenue,Sengkang West Avenue,264.0,32233.539,41430.1,15.015,10.26,10.26,,,SENGKANG WEST AVENUE,15.47
sengkang_west_avenue,Sengkang West Avenue,266.0,32235.527,41429.88,9.355,10.012,10.012,,,SENGKANG WEST AVENUE,15.493
sengkang_west_avenue,Sengkang West Avenue,268.0,32237.516,41429.674,9.345,9.763,9.763,,,SENGKANG WEST AVENUE,15.485
sengkang_west_avenue,Sengkang West Avenue,270.0,32239.505,41429.467,9.295,9.514,9.545,,,SENGKANG WEST AVENUE,15.476
sengkang_west_avenue,Sengkang West Avenue,272.0,32241.495,41429.261,9.265,9.265,9.545,,,SENGKANG WEST AVENUE,15.467
sengkang_west_avenue,Sengkang West Avenue,274.0,32243.484,41429.054,9.25,9.545,9.545,,,SENGKANG WEST AVENUE,15.459
sengkang_west_avenue,Sengkang West Avenue,276.0,32245.473,41428.846,10.655,9.825,9.825,,,SENGKANG WEST AVENUE,15.452
sengkang_west_avenue,Sengkang West Avenue,278.0,32247.462,41428.638,9.21,10.105,10.105,,,SENGKANG WEST AVENUE,15.445
sengkang_west_avenue,Sengkang West Avenue,280.0,32249.451,41428.429,11.021,10.37,10.37,,,SENGKANG WEST AVENUE,15.438
sengkang_west_avenue,Sengkang West Avenue,282.0,32251.44,41428.221,11.034,10.634,10.634,,,SENGKANG WEST AVENUE,15.431
sengkang_west_avenue,Sengkang West Avenue,284.0,32253.429,41428.012,11.333,10.898,10.898,,,SENGKANG WEST AVENUE,15.425
sengkang_west_avenue,Sengkang West Avenue,286.0,32255.419,41427.804,11.163,11.163,11.163,,,SENGKANG WEST AVENUE,15.418
sengkang_west_avenue,Sengkang West Avenue,288.0,32257.408,41427.596,14.598,11.388,11.388,,,SENGKANG WEST AVENUE,15.411
sengkang_west_avenue,Sengkang West Avenue,290.0,32259.397,41427.387,14.248,11.613,11.388,,,SENGKANG WEST AVENUE,15.404
sengkang_west_avenue,Sengkang West Avenue,292.0,32261.386,41427.179,11.838,11.43,11.388,,,SENGKANG WEST AVENUE,15.397
sengkang_west_avenue,Sengkang West Avenue,294.0,32263.375,41426.971,11.248,11.136,11.136,-10.518,2.0,SENGKANG WEST AVENUE,15.39
sengkang_west_avenue,Sengkang West Avenue,296.0,32265.364,41426.762,10.734,10.841,10.841,,,SENGKANG WEST AVENUE,15.383
sengkang_west_avenue,Sengkang West Avenue,298.0,32267.353,41426.554,10.546,10.546,10.546,,,SENGKANG WEST AVENUE,15.376
sengkang_west_avenue,Sengkang West Avenue,300.0,32269.345,41426.372,11.392,10.345,10.345,,,SENGKANG WEST AVENUE,15.343
sengkang_west_avenue,Sengkang West Avenue,302.0,32271.337,41426.198,9.984,10.144,10.144,,,SENGKANG WEST AVENUE,15.302
sengkang_west_avenue,Sengkang West Avenue,304.0,32273.33,41426.024,10.363,9.943,9.943,,,SENGKANG WEST AVENUE,15.261
sengkang_west_avenue,Sengkang West Avenue,306.0,32275.322,41425.849,9.396,9.741,9.741,,,SENGKANG WEST AVENUE,15.22
sengkang_west_avenue,Sengkang West Avenue,308.0,32277.314,41425.674,11.865,9.54,9.54,,,SENGKANG WEST AVENUE,15.18
sengkang_west_avenue,Sengkang West Avenue,310.0,32279.306,41425.49,10.195,9.339,9.339,,,SENGKANG WEST AVENUE,15.148
sengkang_west_avenue,Sengkang West Avenue,312.0,32281.297,41425.307,11.35,9.137,9.137,,,SENGKANG WEST AVENUE,15.116
sengkang_west_avenue,Sengkang West Avenue,314.0,32283.289,41425.124,11.48,8.936,8.936,,,SENGKANG WEST AVENUE,15.084
sengkang_west_avenue,Sengkang West Avenue,316.0,32285.281,41424.94,8.735,8.735,8.775,,,SENGKANG WEST AVENUE,15.052
sengkang_west_avenue,Sengkang West Avenue,318.0,32287.272,41424.757,8.72,8.72,8.735,,,SENGKANG WEST AVENUE,15.02
sengkang_west_avenue,Sengkang West Avenue,320.0,32289.263,41424.57,8.775,8.775,8.735,1.34,1.0,SENGKANG WEST AVENUE,14.992
sengkang_west_avenue,Sengkang West Avenue,322.0,32291.254,41424.374,8.685,8.685,8.775,4.305,1.0,SENGKANG WEST AVENUE,14.973
sengkang_west_avenue,Sengkang West Avenue,324.0,32293.244,41424.177,10.774,8.882,8.882,6.77,1.0,SENGKANG WEST AVENUE,14.954
sengkang_west_avenue,Sengkang West Avenue,326.0,32295.234,41423.981,12.195,9.079,9.079,,,SENGKANG WEST AVENUE,14.935
sengkang_west_avenue,Sengkang West Avenue,328.0,32297.225,41423.785,9.276,9.276,9.276,,,SENGKANG WEST AVENUE,14.916
sengkang_west_avenue,Sengkang West Avenue,330.0,32299.215,41423.588,9.045,9.48,9.475,,,SENGKANG WEST AVENUE,14.897
sengkang_west_avenue,Sengkang West Avenue,332.0,32301.201,41423.354,10.167,9.685,9.475,,,SENGKANG WEST AVENUE,14.916
sengkang_west_avenue,Sengkang West Avenue,334.0,32303.182,41423.081,10.324,9.475,9.475,,,SENGKANG WEST AVENUE,14.975
sengkang_west_avenue,Sengkang West Avenue,336.0,32305.163,41422.807,10.213,9.265,9.265,,,SENGKANG WEST AVENUE,15.034
sengkang_west_avenue,Sengkang West Avenue,338.0,32307.146,41422.547,9.403,9.055,9.055,,,SENGKANG WEST AVENUE,15.08
sengkang_west_avenue,Sengkang West Avenue,340.0,32309.136,41422.346,8.7,8.845,8.845,,,SENGKANG WEST AVENUE,15.066
sengkang_west_avenue,Sengkang West Avenue,342.0,32311.126,41422.144,8.635,8.635,8.675,,,SENGKANG WEST AVENUE,15.052
sengkang_west_avenue,Sengkang West Avenue,344.0,32313.116,41421.943,8.635,8.635,8.655,,,SENGKANG WEST AVENUE,15.037
sengkang_west_avenue,Sengkang West Avenue,346.0,32315.106,41421.742,8.675,8.675,8.645,0.0,1.0,SENGKANG WEST AVENUE,15.023
sengkang_west_avenue,Sengkang West Avenue,348.0,32317.096,41421.541,8.655,8.655,8.655,0.5,1.0,SENGKANG WEST AVENUE,15.009
sengkang_west_avenue,Sengkang West Avenue,350.0,32319.085,41421.34,8.645,8.645,8.675,1.0,1.0,SENGKANG WEST AVENUE,14.995
sengkang_west_avenue,Sengkang West Avenue,352.0,32321.075,41421.139,8.695,8.695,8.695,1.0,1.0,SENGKANG WEST AVENUE,14.981
sengkang_west_avenue,Sengkang West Avenue,354.0,32323.065,41420.938,8.725,8.725,8.725,0.986,1.0,SENGKANG WEST AVENUE,14.974
sengkang_west_avenue,Sengkang West Avenue,356.0,32325.055,41420.737,8.795,8.795,8.735,0.736,1.0,SENGKANG WEST AVENUE,14.986
sengkang_west_avenue,Sengkang West Avenue,358.0,32327.045,41420.535,8.805,8.805,8.754,0.361,1.0,SENGKANG WEST AVENUE,14.999
sengkang_west_avenue,Sengkang West Avenue,360.0,32329.035,41420.334,8.735,8.735,8.754,0.236,1.0,SENGKANG WEST AVENUE,15.012
sengkang_west_avenue,Sengkang West Avenue,362.0,32331.025,41420.133,8.754,8.754,8.754,,,SENGKANG WEST AVENUE,15.025
sengkang_west_avenue,Sengkang West Avenue,364.0,32333.014,41419.932,8.754,8.754,8.754,,,SENGKANG WEST AVENUE,15.037
sengkang_west_avenue,Sengkang West Avenue,366.0,32335.011,41419.821,9.985,8.86,8.86,,,SENGKANG WEST AVENUE,14.96
sengkang_west_avenue,Sengkang West Avenue,368.0,32337.009,41419.72,9.235,8.967,8.967,,,SENGKANG WEST AVENUE,14.873
sengkang_west_avenue,Sengkang West Avenue,370.0,32339.006,41419.618,9.962,9.074,9.074,,,SENGKANG WEST AVENUE,14.785
sengkang_west_avenue,Sengkang West Avenue,372.0,32341.003,41419.517,9.158,9.18,9.137,,,SENGKANG WEST AVENUE,14.698
sengkang_west_avenue,Sengkang West Avenue,374.0,32343.001,41419.415,9.287,9.287,9.137,,,SENGKANG WEST AVENUE,14.611
sengkang_west_avenue,Sengkang West Avenue,376.0,32344.998,41419.314,10.137,9.137,9.137,,,SENGKANG WEST AVENUE,14.524
sengkang_west_avenue,Sengkang West Avenue,378.0,32346.994,41419.179,8.974,8.987,8.987,-2.396,1.0,SENGKANG WEST AVENUE,14.471
sengkang_west_avenue,Sengkang West Avenue,380.0,32348.989,41419.037,8.837,8.837,8.987,,,SENGKANG WEST AVENUE,14.423
sengkang_west_avenue,Sengkang West Avenue,382.0,32350.984,41418.896,8.799,8.799,8.945,,,SENGKANG WEST AVENUE,14.376
sengkang_west_avenue,Sengkang West Avenue,384.0,32352.979,41418.755,8.995,8.995,8.84,0.104,1.0,SENGKANG WEST AVENUE,14.329
sengkang_west_avenue,Sengkang West Avenue,386.0,32354.973,41418.61,8.945,8.945,8.945,1.369,1.0,SENGKANG WEST AVENUE,14.284
sengkang_west_avenue,Sengkang West Avenue,388.0,32356.963,41418.41,8.84,8.84,8.995,2.823,1.0,SENGKANG WEST AVENUE,14.296
sengkang_west_avenue,Sengkang West Avenue,390.0,32358.953,41418.21,9.055,9.055,9.055,4.278,1.0,SENGKANG WEST AVENUE,14.308
sengkang_west_avenue,Sengkang West Avenue,392.0,32360.943,41418.009,9.404,9.287,9.287,3.017,1.0,SENGKANG WEST AVENUE,14.321
sengkang_west_avenue,Sengkang West Avenue,394.0,32362.933,41417.809,9.52,9.52,9.287,1.756,1.0,SENGKANG WEST AVENUE,14.333
sengkang_west_avenue,Sengkang West Avenue,396.0,32364.923,41417.608,9.47,9.337,9.287,-0.115,1.0,SENGKANG WEST AVENUE,14.345
sengkang_west_avenue,Sengkang West Avenue,398.0,32366.913,41417.407,9.154,9.154,9.195,-1.986,1.0,SENGKANG WEST AVENUE,14.358
sengkang_west_avenue,Sengkang West Avenue,400.0,32368.902,41417.203,9.195,9.195,9.154,-2.139,1.0,SENGKANG WEST AVENUE,14.373
sengkang_west_avenue,Sengkang West Avenue,402.0,32370.892,41416.999,9.129,9.129,9.129,-2.292,1.0,SENGKANG WEST AVENUE,14.389
sengkang_west_avenue,Sengkang West Avenue,404.0,32372.881,41416.794,8.995,8.995,9.012,-1.771,1.0,SENGKANG WEST AVENUE,14.405
sengkang_west_avenue,Sengkang West Avenue,406.0,32374.87,41416.585,8.97,8.97,9.012,-1.458,1.0,SENGKANG WEST AVENUE,14.426
sengkang_west_avenue,Sengkang West Avenue,408.0,32376.859,41416.373,9.012,9.012,9.012,,,SENGKANG WEST AVENUE,14.452
sengkang_west_avenue,Sengkang West Avenue,410.0,32378.848,41416.161,9.012,9.012,9.012,,,SENGKANG WEST AVENUE,14.484
sengkang_west_avenue,Sengkang West Avenue,412.0,32380.837,41415.949,8.632,9.117,9.117,1.921,1.0,SENGKANG WEST AVENUE,14.516
sengkang_west_avenue,Sengkang West Avenue,414.0,32382.825,41415.737,9.312,9.223,9.166,,,SENGKANG WEST AVENUE,14.547
sengkang_west_avenue,Sengkang West Avenue,416.0,32384.815,41415.535,9.329,9.329,9.166,,,SENGKANG WEST AVENUE,14.569
sengkang_west_avenue,Sengkang West Avenue,418.0,32386.805,41415.336,9.787,9.166,9.166,,,SENGKANG WEST AVENUE,14.588
sengkang_west_avenue,Sengkang West Avenue,420.0,32388.795,41415.136,9.287,9.003,9.003,,,SENGKANG WEST AVENUE,14.608
sengkang_west_avenue,Sengkang West Avenue,422.0,32390.785,41414.937,8.844,8.84,8.84,,,SENGKANG WEST AVENUE,14.627
sengkang_west_avenue,Sengkang West Avenue,424.0,32392.775,41414.737,8.488,8.677,8.677,,,SENGKANG WEST AVENUE,14.646
sengkang_west_avenue,Sengkang West Avenue,426.0,32394.766,41414.55,8.514,8.514,8.514,,,SENGKANG WEST AVENUE,14.654
sengkang_west_avenue,Sengkang West Avenue,428.0,32396.758,41414.366,8.514,8.514,8.514,,,SENGKANG WEST AVENUE,14.657
sengkang_west_avenue,Sengkang West Avenue,430.0,32398.75,41414.182,8.488,8.488,8.501,-0.312,1.0,SENGKANG WEST AVENUE,14.66
sengkang_west_avenue,Sengkang West Avenue,432.0,32400.741,41413.999,8.501,8.501,8.501,-0.312,1.0,SENGKANG WEST AVENUE,14.664
sengkang_west_avenue,Sengkang West Avenue,434.0,32402.733,41413.815,8.501,8.501,8.489,-0.156,1.0,SENGKANG WEST AVENUE,14.667
sengkang_west_avenue,Sengkang West Avenue,436.0,32404.724,41413.632,8.464,8.464,8.489,-0.469,1.0,SENGKANG WEST AVENUE,14.67
sengkang_west_avenue,Sengkang West Avenue,438.0,32406.716,41413.448,8.489,8.489,8.489,0.0,1.0,SENGKANG WEST AVENUE,14.674
sengkang_west_avenue,Sengkang West Avenue,440.0,32408.707,41413.264,8.439,8.439,8.464,0.0,1.0,SENGKANG WEST AVENUE,14.677
sengkang_west_avenue,Sengkang West Avenue,442.0,32410.699,41413.081,8.501,8.501,8.489,0.156,1.0,SENGKANG WEST AVENUE,14.68
sengkang_west_avenue,Sengkang West Avenue,444.0,32412.69,41412.897,8.464,8.464,8.489,0.313,1.0,SENGKANG WEST AVENUE,14.683
sengkang_west_avenue,Sengkang West Avenue,446.0,32414.682,41412.714,8.551,8.551,8.501,0.0,1.0,SENGKANG WEST AVENUE,14.687
sengkang_west_avenue,Sengkang West Avenue,448.0,32416.674,41412.53,8.489,8.489,8.489,-0.781,1.0,SENGKANG WEST AVENUE,14.69
sengkang_west_avenue,Sengkang West Avenue,450.0,32418.665,41412.347,8.557,8.557,8.489,-0.938,1.0,SENGKANG WEST AVENUE,14.693
sengkang_west_avenue,Sengkang West Avenue,452.0,32420.657,41412.163,8.426,8.426,8.426,-1.172,1.0,SENGKANG WEST AVENUE,14.697
sengkang_west_avenue,Sengkang West Avenue,454.0,32422.648,41411.979,8.395,8.395,8.426,-1.172,1.0,SENGKANG WEST AVENUE,14.7
sengkang_west_avenue,Sengkang West Avenue,456.0,32424.642,41411.82,8.376,8.376,8.395,-1.484,1.0,SENGKANG WEST AVENUE,14.679
sengkang_west_avenue,Sengkang West Avenue,458.0,32426.636,41411.672,8.514,8.514,8.395,-1.797,1.0,SENGKANG WEST AVENUE,14.647
sengkang_west_avenue,Sengkang West Avenue,460.0,32428.631,41411.523,8.601,8.395,8.376,-1.406,1.0,SENGKANG WEST AVENUE,14.615
sengkang_west_avenue,Sengkang West Avenue,462.0,32430.625,41411.374,8.276,8.276,8.282,-1.406,1.0,SENGKANG WEST AVENUE,14.584
sengkang_west_avenue,Sengkang West Avenue,464.0,32432.62,41411.225,8.276,8.276,8.282,,,SENGKANG WEST AVENUE,14.552
sengkang_west_avenue,Sengkang West Avenue,466.0,32434.607,41411.005,8.282,8.282,8.282,,,SENGKANG WEST AVENUE,14.593
sengkang_west_avenue,Sengkang West Avenue,468.0,32436.588,41410.733,9.965,8.417,8.417,,,SENGKANG WEST AVENUE,14.684
sengkang_west_avenue,Sengkang West Avenue,470.0,32438.57,41410.462,10.875,8.551,8.551,6.725,1.0,SENGKANG WEST AVENUE,14.776
sengkang_west_avenue,Sengkang West Avenue,472.0,32440.551,41410.19,8.82,8.686,8.686,,,SENGKANG WEST AVENUE,14.868
sengkang_west_avenue,Sengkang West Avenue,474.0,32442.533,41409.919,8.82,8.82,8.82,,,SENGKANG WEST AVENUE,14.96
sengkang_west_avenue,Sengkang West Avenue,476.0,32444.514,41409.647,8.805,9.087,9.087,,,SENGKANG WEST AVENUE,15.052
sengkang_west_avenue,Sengkang West Avenue,478.0,32446.491,41409.348,8.785,9.354,9.354,9.875,2.0,SENGKANG WEST AVENUE,15.171
sengkang_west_avenue,Sengkang West Avenue,480.0,32448.467,41409.035,9.62,9.62,9.6,,,SENGKANG WEST AVENUE,15.305
sengkang_west_avenue,Sengkang West Avenue,482.0,32450.442,41408.721,9.61,9.61,9.61,,,SENGKANG WEST AVENUE,15.44
sengkang_west_avenue,Sengkang West Avenue,484.0,32452.41,41409.005,9.6,9.6,9.62,,,SENGKANG WEST AVENUE,14.979
sengkang_west_avenue,Sengkang West Avenue,486.0,32454.377,41409.366,9.745,9.745,9.745,,,SENGKANG WEST AVENUE,14.442
sengkang_west_avenue,Sengkang West Avenue,488.0,32456.344,41409.728,10.47,9.848,9.745,,,SENGKANG WEST AVENUE,13.905
sengkang_west_avenue,Sengkang West Avenue,490.0,32458.311,41410.089,10.44,9.952,9.745,,,SENGKANG WEST AVENUE,13.368
sengkang_west_avenue,Sengkang West Avenue,492.0,32460.278,41410.45,8.051,9.734,9.734,,,SENGKANG WEST AVENUE,12.831
sengkang_west_avenue,Sengkang West Avenue,494.0,32462.245,41410.812,9.67,9.455,9.455,,,SENGKANG WEST AVENUE,12.293
sengkang_west_avenue,Sengkang West Avenue,496.0,32464.212,41411.173,9.764,9.175,9.175,,,SENGKANG WEST AVENUE,11.756
sengkang_west_avenue,Sengkang West Avenue,498.0,32466.18,41411.534,7.901,8.982,8.982,,,SENGKANG WEST AVENUE,11.219
sengkang_west_avenue,Sengkang West Avenue,500.0,32468.147,41411.896,7.901,8.788,8.788,,,SENGKANG WEST AVENUE,10.682
sengkang_west_avenue,Sengkang West Avenue,502.0,32470.114,41412.257,7.901,8.595,8.595,,,SENGKANG WEST AVENUE,10.145
sengkang_west_avenue,Sengkang West Avenue,504.0,32472.081,41412.618,8.401,8.401,8.401,,,SENGKANG WEST AVENUE,9.607
sengkang_west_avenue,Sengkang West Avenue,506.0,32474.048,41412.98,8.261,8.261,8.291,,,SENGKANG WEST AVENUE,9.07
sengkang_west_avenue,Sengkang West Avenue,508.0,32476.015,41413.341,8.281,8.281,8.281,,,SENGKANG WEST AVENUE,8.533
sengkang_west_avenue,Sengkang West Avenue,510.0,32477.982,41413.702,8.291,8.291,8.261,-1.815,1.0,SENGKANG WEST AVENUE,7.996
sengkang_west_avenue,Sengkang West Avenue,512.0,32479.949,41414.064,7.951,8.146,8.146,-0.751,1.0,SENGKANG WEST AVENUE,7.459
sengkang_west_avenue,Sengkang West Avenue,514.0,32481.916,41414.425,8.001,8.001,8.146,0.056,1.0,SENGKANG WEST AVENUE,6.922
sengkang_west_avenue,Sengkang West Avenue,526.0,32493.719,41416.593,8.101,8.101,8.146,0.82,1.0,SENGKANG WEST AVENUE,3.684
sengkang_west_avenue,Sengkang West Avenue,528.0,32495.686,41416.954,8.271,8.271,8.271,1.584,1.0,SENGKANG WEST AVENUE,3.14
sengkang_west_avenue,Sengkang West Avenue,530.0,32497.653,41417.316,8.271,8.271,8.271,,,SENGKANG WEST AVENUE,2.596
sengkang_west_avenue,Sengkang West Avenue,532.0,32499.62,41417.677,8.431,8.431,8.431,,,SENGKANG WEST AVENUE,2.052
sengkang_west_avenue,Sengkang West Avenue,534.0,32501.587,41418.038,9.191,8.596,8.596,6.122,1.0,SENGKANG WEST AVENUE,1.508
sengkang_west_avenue,Sengkang West Avenue,536.0,32503.554,41418.4,8.771,8.761,8.761,4.122,1.0,SENGKANG WEST AVENUE,0.964
sengkang_west_avenue,Sengkang West Avenue,538.0,32505.521,41418.761,8.926,8.926,8.761,,,SENGKANG WEST AVENUE,0.42
sengkang_west_avenue,Sengkang West Avenue,540.0,32507.488,41419.122,10.538,8.77,8.761,,,SENGKANG WEST AVENUE,0.124
sengkang_west_avenue,Sengkang West Avenue,542.0,32509.456,41419.484,8.614,8.614,8.77,,,SENGKANG WEST AVENUE,0.668
sengkang_west_avenue,Sengkang West Avenue,544.0,32511.423,41419.845,8.701,8.701,8.77,,,SENGKANG WEST AVENUE,1.212
sengkang_west_avenue,Sengkang West Avenue,546.0,32513.39,41420.206,8.607,8.815,8.815,,,SENGKANG WEST AVENUE,1.755
sengkang_west_avenue,Sengkang West Avenue,548.0,32515.357,41420.568,8.576,8.929,8.929,,,SENGKANG WEST AVENUE,2.299
sengkang_west_avenue,Sengkang West Avenue,550.0,32517.324,41420.929,8.37,9.208,9.208,,,SENGKANG WEST AVENUE,2.843
sengkang_west_avenue,Sengkang West Avenue,552.0,32519.291,41421.29,8.251,9.486,9.486,,,SENGKANG WEST AVENUE,3.387
sengkang_west_avenue,Sengkang West Avenue,554.0,32521.258,41421.652,9.99,9.765,9.765,,,SENGKANG WEST AVENUE,3.931
sengkang_west_avenue,Sengkang West Avenue,556.0,32523.225,41422.013,9.9,10.043,10.043,,,SENGKANG WEST AVENUE,4.475
sengkang_west_avenue,Sengkang West Avenue,558.0,32525.192,41422.374,11.07,10.322,10.322,,,SENGKANG WEST AVENUE,5.019
sengkang_west_avenue,Sengkang West Avenue,560.0,32527.159,41422.736,11.13,10.6,10.6,,,SENGKANG WEST AVENUE,5.563
sengkang_west_avenue,Sengkang West Avenue,562.0,32529.126,41423.097,12.595,10.879,10.6,,,SENGKANG WEST AVENUE,6.107
sengkang_west_avenue,Sengkang West Avenue,564.0,32531.094,41423.458,12.545,10.627,10.6,,,SENGKANG WEST AVENUE,6.651
sengkang_west_avenue,Sengkang West Avenue,566.0,32533.061,41423.82,12.25,10.375,10.375,,,SENGKANG WEST AVENUE,7.195
sengkang_west_avenue,Sengkang West Avenue,568.0,32535.028,41424.181,10.4,10.124,10.124,,,SENGKANG WEST AVENUE,7.739
sengkang_west_avenue,Sengkang West Avenue,570.0,32536.995,41424.542,9.45,9.872,9.872,,,SENGKANG WEST AVENUE,8.282
sengkang_west_avenue,Sengkang West Avenue,572.0,32538.962,41424.904,9.62,9.62,9.63,,,SENGKANG WEST AVENUE,8.826
sengkang_west_avenue,Sengkang West Avenue,574.0,32540.929,41425.265,9.63,9.63,9.62,,,SENGKANG WEST AVENUE,9.37
sengkang_west_avenue,Sengkang West Avenue,576.0,32542.896,41425.626,9.68,9.462,9.462,,,SENGKANG WEST AVENUE,9.914
sengkang_west_avenue,Sengkang West Avenue,578.0,32544.863,41425.988,8.223,9.293,9.434,,,SENGKANG WEST AVENUE,10.458
sengkang_west_avenue,Sengkang West Avenue,580.0,32546.83,41426.349,8.524,9.364,9.434,,,SENGKANG WEST AVENUE,11.002
sengkang_west_avenue,Sengkang West Avenue,582.0,32548.797,41426.71,8.52,9.434,9.434,,,SENGKANG WEST AVENUE,11.546
sengkang_west_avenue,Sengkang West Avenue,584.0,32550.764,41427.072,8.684,9.504,9.504,,,SENGKANG WEST AVENUE,12.09
sengkang_west_avenue,Sengkang West Avenue,586.0,32552.731,41427.433,9.356,9.575,9.575,,,SENGKANG WEST AVENUE,12.634
sengkang_west_avenue,Sengkang West Avenue,588.0,32554.699,41427.794,9.316,9.645,9.645,,,SENGKANG WEST AVENUE,13.178
sengkang_west_avenue,Sengkang West Avenue,590.0,32556.666,41428.156,9.164,9.715,9.715,,,SENGKANG WEST AVENUE,13.722
sengkang_west_avenue,Sengkang West Avenue,592.0,32558.633,41428.517,10.114,9.76,9.76,,,SENGKANG WEST AVENUE,14.266
sengkang_west_avenue,Sengkang West Avenue,594.0,32560.6,41428.878,10.514,9.804,9.804,,,SENGKANG WEST AVENUE,14.809
sengkang_west_avenue,Sengkang West Avenue,596.0,32562.567,41429.24,10.033,9.849,9.849,,,SENGKANG WEST AVENUE,15.353
sengkang_west_avenue,Sengkang West Avenue,598.0,32564.534,41429.601,8.804,9.893,9.893,,,SENGKANG WEST AVENUE,15.897
sengkang_west_avenue,Sengkang West Avenue,600.0,32566.501,41429.962,8.872,9.937,9.937,,,SENGKANG WEST AVENUE,16.441
sengkang_west_avenue,Sengkang West Avenue,602.0,32568.468,41430.324,8.997,9.982,9.982,,,SENGKANG WEST AVENUE,16.985
sengkang_west_avenue,Sengkang West Avenue,604.0,32570.435,41430.685,8.322,10.026,10.026,,,SENGKANG WEST AVENUE,17.529
sengkang_west_avenue,Sengkang West Avenue,606.0,32572.402,41431.046,11.672,10.07,10.07,,,SENGKANG WEST AVENUE,18.073
sengkang_west_avenue,Sengkang West Avenue,608.0,32574.369,41431.408,10.657,10.115,10.115,,,SENGKANG WEST AVENUE,18.617
sengkang_west_avenue,Sengkang West Avenue,610.0,32576.337,41431.769,10.487,10.227,10.192,,,SENGKANG WEST AVENUE,19.161
sengkang_west_avenue,Sengkang West Avenue,612.0,32578.304,41432.13,11.157,10.34,10.192,,,SENGKANG WEST AVENUE,19.705
sengkang_west_avenue,Sengkang West Avenue,614.0,32580.271,41432.492,12.617,10.192,10.192,,,SENGKANG WEST AVENUE,20.249
sengkang_west_avenue,Sengkang West Avenue,616.0,32582.238,41432.853,9.647,9.907,9.907,,,SENGKANG WEST AVENUE,20.792
sengkang_west_avenue,Sengkang West Avenue,618.0,32584.205,41433.214,9.897,9.622,9.622,,,SENGKANG WEST AVENUE,21.336
sengkang_west_avenue,Sengkang West Avenue,620.0,32586.172,41433.576,9.897,9.338,9.338,,,SENGKANG WEST AVENUE,21.88
sengkang_west_avenue,Sengkang West Avenue,622.0,32588.139,41433.937,8.778,9.091,9.091,,,SENGKANG WEST AVENUE,22.424
sengkang_west_avenue,Sengkang West Avenue,624.0,32590.106,41434.298,8.845,8.845,9.083,,,SENGKANG WEST AVENUE,22.968
sengkang_west_avenue,Sengkang West Avenue,626.0,32592.073,41434.66,9.083,9.083,9.083,,,SENGKANG WEST AVENUE,23.512
sengkang_west_avenue,Sengkang West Avenue,628.0,32594.04,41435.021,9.051,9.051,9.083,,,SENGKANG WEST AVENUE,24.056
sengkang_west_avenue,Sengkang West Avenue,630.0,32596.007,41435.382,9.111,9.111,9.111,,,SENGKANG WEST AVENUE,24.6
sengkang_west_avenue,Sengkang West Avenue,632.0,32597.975,41435.744,10.951,9.155,9.155,,,SENGKANG WEST AVENUE,25.144
sengkang_west_avenue,Sengkang West Avenue,634.0,32599.942,41436.105,11.739,9.199,9.199,,,SENGKANG WEST AVENUE,25.688
sengkang_west_avenue,Sengkang West Avenue,636.0,32601.909,41436.466,11.702,9.243,9.243,,,SENGKANG WEST AVENUE,26.232
sengkang_west_avenue,Sengkang West Avenue,638.0,32603.876,41436.828,10.866,9.288,9.288,,,SENGKANG WEST AVENUE,26.776
sengkang_west_avenue,Sengkang West Avenue,640.0,32605.843,41437.189,9.902,9.332,9.288,,,SENGKANG WEST AVENUE,27.319
sengkang_west_avenue,Sengkang West Avenue,642.0,32607.81,41437.55,9.376,9.376,9.288,,,SENGKANG WEST AVENUE,27.863
sengkang_west_avenue,Sengkang West Avenue,644.0,32609.777,41437.912,9.094,9.094,9.278,,,SENGKANG WEST AVENUE,28.407
sengkang_west_avenue,Sengkang West Avenue,646.0,32611.744,41438.273,9.149,9.149,9.182,-0.439,1.0,SENGKANG WEST AVENUE,28.951
sengkang_west_avenue,Sengkang West Avenue,648.0,32613.711,41438.634,9.278,9.278,9.182,,,SENGKANG WEST AVENUE,29.495
sengkang_west_avenue,Sengkang West Avenue,650.0,32615.678,41438.996,9.182,9.182,9.252,,,SENGKANG WEST AVENUE,30.039
sengkang_west_avenue,Sengkang West Avenue,652.0,32617.645,41439.357,8.794,9.252,9.278,,,SENGKANG WEST AVENUE,30.583
sengkang_west_avenue,Sengkang West Avenue,654.0,32619.613,41439.718,9.714,9.323,9.323,,,SENGKANG WEST AVENUE,31.127
sengkang_west_avenue,Sengkang West Avenue,656.0,32621.58,41440.08,11.509,9.393,9.393,,,SENGKANG WEST AVENUE,31.671
sengkang_west_avenue,Sengkang West Avenue,658.0,32623.547,41440.441,10.549,9.464,9.464,,,SENGKANG WEST AVENUE,32.215
sengkang_west_avenue,Sengkang West Avenue,660.0,32625.514,41440.802,9.361,9.534,9.534,,,SENGKANG WEST AVENUE,32.759
sengkang_west_avenue,Sengkang West Avenue,662.0,32627.481,41441.164,9.605,9.605,9.605,,,SENGKANG WEST AVENUE,33.303
sengkang_west_avenue,Sengkang West Avenue,664.0,32629.448,41441.525,9.636,9.636,9.636,,,SENGKANG WEST AVENUE,33.846
sengkang_west_avenue,Sengkang West Avenue,666.0,32631.415,41441.886,9.849,9.849,9.849,5.857,1.0,SENGKANG WEST AVENUE,34.39
sengkang_west_avenue,Sengkang West Avenue,668.0,32633.382,41442.248,9.889,9.889,9.889,6.796,1.0,SENGKANG WEST AVENUE,34.934
sengkang_west_avenue,Sengkang West Avenue,670.0,32635.349,41442.609,10.074,10.074,10.074,7.734,1.0,SENGKANG WEST AVENUE,35.478
sengkang_west_avenue,Sengkang West Avenue,672.0,32637.316,41442.97,10.524,10.27,10.27,8.409,1.0,SENGKANG WEST AVENUE,36.022
sengkang_west_avenue,Sengkang West Avenue,674.0,32639.283,41443.332,10.467,10.467,10.467,,,SENGKANG WEST AVENUE,36.566
sengkang_west_avenue,Sengkang West Avenue,676.0,32641.25,41443.693,10.561,10.561,10.561,,,SENGKANG WEST AVENUE,37.11
sengkang_west_avenue,Sengkang West Avenue,678.0,32643.218,41444.054,9.437,10.761,10.761,,,SENGKANG WEST AVENUE,37.654
sengkang_west_avenue,Sengkang West Avenue,680.0,32645.185,41444.416,16.648,10.961,10.961,,,SENGKANG WEST AVENUE,38.198
sengkang_west_avenue,Sengkang West Avenue,682.0,32647.152,41444.777,17.364,11.16,11.16,,,SENGKANG WEST AVENUE,38.742
sengkang_west_avenue,Sengkang West Avenue,684.0,32649.119,41445.138,15.948,11.36,11.36,,,SENGKANG WEST AVENUE,39.286
sengkang_west_avenue,Sengkang West Avenue,686.0,32651.086,41445.5,20.388,11.56,11.56,,,SENGKANG WEST AVENUE,39.829
sengkang_west_avenue,Sengkang West Avenue,688.0,32653.053,41445.861,19.781,11.759,11.759,,,SENGKANG WEST AVENUE,40.373
sengkang_west_avenue,Sengkang West Avenue,690.0,32655.02,41446.222,20.908,11.959,11.959,,,SENGKANG WEST AVENUE,40.917
sengkang_west_avenue,Sengkang West Avenue,692.0,32656.987,41446.584,19.888,12.159,12.159,,,SENGKANG WEST AVENUE,41.461
sengkang_west_avenue,Sengkang West Avenue,694.0,32658.954,41446.945,20.83,12.358,12.358,,,SENGKANG WEST AVENUE,42.005
sengkang_west_avenue,Sengkang West Avenue,696.0,32660.921,41447.306,19.459,12.558,12.558,,,SENGKANG WEST AVENUE,42.549
sengkang_west_avenue,Sengkang West Avenue,698.0,32662.888,41447.668,18.36,12.758,12.758,,,SENGKANG WEST AVENUE,43.093
sengkang_west_avenue,Sengkang West Avenue,836.0,32781.482,41489.315,21.702,12.957,12.957,,,SENGKANG WEST AVENUE,67.154
sengkang_west_avenue,Sengkang West Avenue,838.0,32783.44,41489.719,26.371,13.157,13.157,,,SENGKANG WEST AVENUE,66.828
sengkang_west_avenue,Sengkang West Avenue,840.0,32785.399,41490.124,18.94,13.357,13.357,,,SENGKANG WEST AVENUE,66.502
sengkang_west_avenue,Sengkang West Avenue,842.0,32787.358,41490.528,24.079,13.556,13.556,,,SENGKANG WEST AVENUE,66.175
sengkang_west_avenue,Sengkang West Avenue,844.0,32789.317,41490.932,16.917,13.756,13.756,,,SENGKANG WEST AVENUE,65.849
sengkang_west_avenue,Sengkang West Avenue,846.0,32791.275,41491.336,13.836,13.956,13.956,,,SENGKANG WEST AVENUE,65.523
sengkang_west_avenue,Sengkang West Avenue,848.0,32793.234,41491.74,13.292,14.155,14.155,,,SENGKANG WEST AVENUE,65.197
sengkang_west_avenue,Sengkang West Avenue,850.0,32795.193,41492.145,13.43,14.355,14.355,,,SENGKANG WEST AVENUE,64.87
sengkang_west_avenue,Sengkang West Avenue,852.0,32797.152,41492.549,9.882,14.555,14.555,,,SENGKANG WEST AVENUE,64.544
sengkang_west_avenue,Sengkang West Avenue,854.0,32799.11,41492.953,9.973,14.755,14.755,,,SENGKANG WEST AVENUE,64.218
sengkang_west_avenue,Sengkang West Avenue,856.0,32801.069,41493.357,10.241,14.954,14.954,,,SENGKANG WEST AVENUE,63.892
sengkang_west_avenue,Sengkang West Avenue,858.0,32803.028,41493.761,15.154,15.154,14.954,,,SENGKANG WEST AVENUE,63.565
sengkang_west_avenue,Sengkang West Avenue,860.0,32804.986,41494.165,15.141,15.141,14.954,,,SENGKANG WEST AVENUE,63.239
sengkang_west_avenue,Sengkang West Avenue,862.0,32806.945,41494.57,15.141,14.886,14.886,,,SENGKANG WEST AVENUE,62.913
sengkang_west_avenue,Sengkang West Avenue,864.0,32808.904,41494.974,15.429,14.631,14.631,,,SENGKANG WEST AVENUE,62.587
sengkang_west_avenue,Sengkang West Avenue,866.0,32810.863,41495.378,15.941,14.243,14.243,,,SENGKANG WEST AVENUE,62.26
sengkang_west_avenue,Sengkang West Avenue,868.0,32812.821,41495.782,16.454,13.856,13.856,,,SENGKANG WEST AVENUE,61.934
sengkang_west_avenue,Sengkang West Avenue,870.0,32814.78,41496.186,16.516,13.468,13.468,,,SENGKANG WEST AVENUE,61.608
sengkang_west_avenue,Sengkang West Avenue,872.0,32816.739,41496.591,10.316,,13.08,,,SENGKANG WEST AVENUE,61.282
sengkang_west_avenue,Sengkang West Avenue,874.0,32818.698,41496.995,10.841,,12.692,,,SENGKANG WEST AVENUE,60.955
sengkang_west_avenue,Sengkang West Avenue,876.0,32820.656,41497.399,10.366,12.305,12.305,,,SENGKANG WEST AVENUE,60.629
sengkang_west_avenue,Sengkang West Avenue,878.0,32822.615,41497.803,11.504,11.917,11.917,,,SENGKANG WEST AVENUE,60.303
sengkang_west_avenue,Sengkang West Avenue,880.0,32824.574,41498.207,12.191,11.529,11.529,,,SENGKANG WEST AVENUE,59.977
sengkang_west_avenue,Sengkang West Avenue,882.0,32826.533,41498.612,11.216,11.141,11.216,,,SENGKANG WEST AVENUE,59.65
sengkang_west_avenue,Sengkang West Avenue,884.0,32828.491,41499.016,11.216,11.216,11.141,,,SENGKANG WEST AVENUE,59.324
sengkang_west_avenue,Sengkang West Avenue,886.0,32830.45,41499.42,12.416,11.013,11.013,,,SENGKANG WEST AVENUE,58.998
sengkang_west_avenue,Sengkang West Avenue,888.0,32832.409,41499.824,13.841,10.809,10.809,,,SENGKANG WEST AVENUE,58.672
sengkang_west_avenue,Sengkang West Avenue,890.0,32834.367,41500.228,11.116,10.605,10.605,,,SENGKANG WEST AVENUE,58.345
sengkang_west_avenue,Sengkang West Avenue,892.0,32836.326,41500.632,11.166,10.402,10.402,,,SENGKANG WEST AVENUE,58.019
sengkang_west_avenue,Sengkang West Avenue,894.0,32838.285,41501.037,9.579,10.198,10.198,,,SENGKANG WEST AVENUE,57.693
sengkang_west_avenue,Sengkang West Avenue,896.0,32840.244,41501.441,10.429,9.994,9.994,,,SENGKANG WEST AVENUE,57.366
sengkang_west_avenue,Sengkang West Avenue,898.0,32842.202,41501.845,15.516,9.791,9.791,,,SENGKANG WEST AVENUE,57.04
sengkang_west_avenue,Sengkang West Avenue,900.0,32844.161,41502.249,15.491,9.587,9.723,,,SENGKANG WEST AVENUE,56.714
sengkang_west_avenue,Sengkang West Avenue,902.0,32846.12,41502.653,9.166,9.655,9.723,,,SENGKANG WEST AVENUE,56.388
sengkang_west_avenue,Sengkang West Avenue,904.0,32848.079,41503.058,8.866,9.723,9.723,,,SENGKANG WEST AVENUE,56.061
sengkang_west_avenue,Sengkang West Avenue,906.0,32850.037,41503.462,9.791,9.984,9.984,,,SENGKANG WEST AVENUE,55.735
sengkang_west_avenue,Sengkang West Avenue,908.0,32851.996,41503.866,10.054,10.245,10.245,,,SENGKANG WEST AVENUE,55.409
sengkang_west_avenue,Sengkang West Avenue,910.0,32853.955,41504.27,10.004,10.682,10.682,,,SENGKANG WEST AVENUE,55.083
sengkang_west_avenue,Sengkang West Avenue,912.0,32855.914,41504.674,16.991,11.118,11.118,,,SENGKANG WEST AVENUE,54.756
sengkang_west_avenue,Sengkang West Avenue,914.0,32857.872,41505.079,14.238,11.555,11.555,,,SENGKANG WEST AVENUE,54.43
sengkang_west_avenue,Sengkang West Avenue,916.0,32859.831,41505.483,12.504,,11.991,,,SENGKANG WEST AVENUE,54.104
sengkang_west_avenue,Sengkang West Avenue,918.0,32861.79,41505.887,9.555,12.428,12.428,,,SENGKANG WEST AVENUE,53.778
sengkang_west_avenue,Sengkang West Avenue,920.0,32863.748,41506.291,13.921,12.865,12.865,,,SENGKANG WEST AVENUE,53.451
sengkang_west_avenue,Sengkang West Avenue,922.0,32865.707,41506.695,13.788,13.301,13.301,,,SENGKANG WEST AVENUE,53.125
sengkang_west_avenue,Sengkang West Avenue,924.0,32867.666,41507.099,13.738,13.738,13.569,,,SENGKANG WEST AVENUE,52.799
sengkang_west_avenue,Sengkang West Avenue,926.0,32869.625,41507.504,13.738,13.738,13.569,,,SENGKANG WEST AVENUE,52.473
sengkang_west_avenue,Sengkang West Avenue,928.0,32871.583,41507.908,10.488,13.569,13.569,-4.209,1.0,SENGKANG WEST AVENUE,52.146
sengkang_west_avenue,Sengkang West Avenue,930.0,32873.542,41508.312,9.841,13.401,13.401,-6.313,1.0,SENGKANG WEST AVENUE,51.82
sengkang_west_avenue,Sengkang West Avenue,932.0,32875.501,41508.716,9.879,13.233,13.233,-8.418,1.0,SENGKANG WEST AVENUE,51.494
sengkang_west_avenue,Sengkang West Avenue,934.0,32877.46,41509.12,17.196,13.064,13.064,-6.313,1.0,SENGKANG WEST AVENUE,51.168
sengkang_west_avenue,Sengkang West Avenue,936.0,32879.418,41509.525,14.638,12.896,12.896,,,SENGKANG WEST AVENUE,50.841
sengkang_west_avenue,Sengkang West Avenue,938.0,32881.377,41509.929,15.071,12.728,12.896,,,SENGKANG WEST AVENUE,50.515
sengkang_west_avenue,Sengkang West Avenue,940.0,32883.336,41510.333,12.559,12.796,12.896,,,SENGKANG WEST AVENUE,50.189
sengkang_west_avenue,Sengkang West Avenue,942.0,32885.294,41510.737,11.513,13.006,13.006,,,SENGKANG WEST AVENUE,49.862
sengkang_west_avenue,Sengkang West Avenue,944.0,32887.253,41511.141,13.171,13.215,13.215,,,SENGKANG WEST AVENUE,49.531
sengkang_west_avenue,Sengkang West Avenue,946.0,32889.212,41511.546,13.071,13.503,13.503,,,SENGKANG WEST AVENUE,49.201
sengkang_west_avenue,Sengkang West Avenue,948.0,32891.171,41511.95,12.946,13.792,13.792,,,SENGKANG WEST AVENUE,48.871
sengkang_west_avenue,Sengkang West Avenue,950.0,32893.129,41512.354,20.43,14.08,14.08,,,SENGKANG WEST AVENUE,48.54
sengkang_west_avenue,Sengkang West Avenue,952.0,32895.088,41512.758,13.113,14.368,14.368,,,SENGKANG WEST AVENUE,48.21
sengkang_west_avenue,Sengkang West Avenue,954.0,32897.047,41513.162,16.004,14.472,14.472,,,SENGKANG WEST AVENUE,47.88
sengkang_west_avenue,Sengkang West Avenue,956.0,32899.006,41513.566,19.105,14.576,14.576,,,SENGKANG WEST AVENUE,47.55
sengkang_west_avenue,Sengkang West Avenue,958.0,32900.964,41513.971,19.221,14.68,14.68,,,SENGKANG WEST AVENUE,47.219
sengkang_west_avenue,Sengkang West Avenue,960.0,32902.923,41514.375,15.996,14.784,14.784,,,SENGKANG WEST AVENUE,46.889
sengkang_west_avenue,Sengkang West Avenue,962.0,32904.882,41514.779,11.997,14.887,14.887,,,SENGKANG WEST AVENUE,46.559
sengkang_west_avenue,Sengkang West Avenue,964.0,32906.841,41515.183,12.309,14.991,14.991,,,SENGKANG WEST AVENUE,46.229
sengkang_west_avenue,Sengkang West Avenue,966.0,32908.799,41515.587,11.984,15.095,15.095,,,SENGKANG WEST AVENUE,45.898
sengkang_west_avenue,Sengkang West Avenue,968.0,32910.758,41515.992,9.147,15.199,15.199,,,SENGKANG WEST AVENUE,45.568
sengkang_west_avenue,Sengkang West Avenue,970.0,32912.717,41516.396,8.159,15.303,15.303,,,SENGKANG WEST AVENUE,45.238
sengkang_west_avenue,Sengkang West Avenue,972.0,32914.675,41516.8,8.109,15.407,15.407,,,SENGKANG WEST AVENUE,44.907
sengkang_west_avenue,Sengkang West Avenue,974.0,32916.634,41517.204,7.922,15.511,15.511,,,SENGKANG WEST AVENUE,44.577
sengkang_west_avenue,Sengkang West Avenue,976.0,32918.593,41517.608,9.234,15.958,15.958,,,SENGKANG WEST AVENUE,44.247
sengkang_west_avenue,Sengkang West Avenue,978.0,32920.552,41518.013,21.346,16.406,16.406,,,SENGKANG WEST AVENUE,43.917
sengkang_west_avenue,Sengkang West Avenue,980.0,32922.51,41518.417,21.438,17.164,17.164,,,SENGKANG WEST AVENUE,43.586
sengkang_west_avenue,Sengkang West Avenue,982.0,32924.469,41518.821,34.605,17.921,17.921,,,SENGKANG WEST AVENUE,43.256
sengkang_west_avenue,Sengkang West Avenue,984.0,32926.428,41519.225,35.913,18.679,18.679,,,SENGKANG WEST AVENUE,42.926
sengkang_west_avenue,Sengkang West Avenue,986.0,32928.387,41519.629,31.379,,19.436,,,SENGKANG WEST AVENUE,42.595
sengkang_west_avenue,Sengkang West Avenue,988.0,32930.345,41520.033,29.991,,20.193,,,SENGKANG WEST AVENUE,42.265
sengkang_west_avenue,Sengkang West Avenue,990.0,32932.304,41520.438,24.449,,20.951,,,SENGKANG WEST AVENUE,41.935
sengkang_west_avenue,Sengkang West Avenue,992.0,32934.263,41520.842,27.232,,21.708,,,SENGKANG WEST AVENUE,41.605
sengkang_west_avenue,Sengkang West Avenue,994.0,32936.222,41521.246,28.707,22.466,22.466,,,SENGKANG WEST AVENUE,41.274
sengkang_west_avenue,Sengkang West Avenue,996.0,32938.18,41521.65,26.282,23.223,23.223,,,SENGKANG WEST AVENUE,40.944
sengkang_west_avenue,Sengkang West Avenue,998.0,32940.139,41522.054,30.299,23.98,23.98,,,SENGKANG WEST AVENUE,40.614
sengkang_west_avenue,Sengkang West Avenue,1000.0,32942.098,41522.459,16.997,24.738,24.675,,,SENGKANG WEST AVENUE,40.283
sengkang_west_avenue,Sengkang West Avenue,1002.0,32944.056,41522.863,19.859,24.707,24.675,,,SENGKANG WEST AVENUE,39.953
sengkang_west_avenue,Sengkang West Avenue,1004.0,32946.015,41523.267,19.009,24.675,24.675,,,SENGKANG WEST AVENUE,39.623
sengkang_west_avenue,Sengkang West Avenue,1006.0,32947.974,41523.671,23.022,24.496,24.496,,,SENGKANG WEST AVENUE,39.293
sengkang_west_avenue,Sengkang West Avenue,1008.0,32949.933,41524.075,17.84,24.317,24.317,,,SENGKANG WEST AVENUE,38.962
sengkang_west_avenue,Sengkang West Avenue,1010.0,32951.891,41524.48,16.86,23.95,23.95,,,SENGKANG WEST AVENUE,38.632
sengkang_west_avenue,Sengkang West Avenue,1012.0,32953.85,41524.884,19.504,23.582,23.582,,,SENGKANG WEST AVENUE,38.302
sengkang_west_avenue,Sengkang West Avenue,1014.0,32955.809,41525.288,18.723,23.214,23.214,,,SENGKANG WEST AVENUE,37.972
sengkang_west_avenue,Sengkang West Avenue,1016.0,32957.768,41525.692,18.024,,22.846,,,SENGKANG WEST AVENUE,37.641
sengkang_west_avenue,Sengkang West Avenue,1018.0,32959.726,41526.096,22.292,,22.478,,,SENGKANG WEST AVENUE,37.311
sengkang_west_avenue,Sengkang West Avenue,1020.0,32961.685,41526.5,22.573,,22.11,,,SENGKANG WEST AVENUE,36.981
sengkang_west_avenue,Sengkang West Avenue,1022.0,32963.644,41526.905,22.667,,21.742,,,SENGKANG WEST AVENUE,36.65
sengkang_west_avenue,Sengkang West Avenue,1024.0,32965.603,41527.309,23.423,21.375,21.375,,,SENGKANG WEST AVENUE,36.32
sengkang_west_avenue,Sengkang West Avenue,1026.0,32967.561,41527.713,23.779,21.007,21.007,,,SENGKANG WEST AVENUE,35.99
sengkang_west_avenue,Sengkang West Avenue,1028.0,32969.52,41528.117,22.329,20.639,20.639,,,SENGKANG WEST AVENUE,35.66
sengkang_west_avenue,Sengkang West Avenue,1030.0,32971.479,41528.521,18.286,20.271,20.271,,,SENGKANG WEST AVENUE,35.329
sengkang_west_avenue,Sengkang West Avenue,1032.0,32973.437,41528.926,9.729,19.869,19.869,,,SENGKANG WEST AVENUE,34.999
sengkang_west_avenue,Sengkang West Avenue,1034.0,32975.396,41529.33,10.086,19.467,19.467,,,SENGKANG WEST AVENUE,34.669
sengkang_west_avenue,Sengkang West Avenue,1036.0,32977.355,41529.734,9.321,19.065,19.065,,,SENGKANG WEST AVENUE,34.338
sengkang_west_avenue,Sengkang West Avenue,1038.0,32979.314,41530.138,9.336,18.662,18.662,,,SENGKANG WEST AVENUE,34.008
sengkang_west_avenue,Sengkang West Avenue,1040.0,32981.272,41530.542,9.601,,18.26,,,SENGKANG WEST AVENUE,33.678
sengkang_west_avenue,Sengkang West Avenue,1042.0,32983.231,41530.947,9.261,,17.858,,,SENGKANG WEST AVENUE,33.348
sengkang_west_avenue,Sengkang West Avenue,1044.0,32985.19,41531.351,8.491,,17.456,,,SENGKANG WEST AVENUE,33.017
sengkang_west_avenue,Sengkang West Avenue,1046.0,32987.149,41531.755,9.296,,17.054,,,SENGKANG WEST AVENUE,32.687
sengkang_west_avenue,Sengkang West Avenue,1048.0,32989.107,41532.159,9.921,16.652,16.652,,,SENGKANG WEST AVENUE,32.357
sengkang_west_avenue,Sengkang West Avenue,1050.0,32991.066,41532.563,13.431,16.249,16.249,,,SENGKANG WEST AVENUE,32.027
sengkang_west_avenue,Sengkang West Avenue,1052.0,32993.025,41532.967,13.571,15.847,15.847,,,SENGKANG WEST AVENUE,31.696
sengkang_west_avenue,Sengkang West Avenue,1054.0,32994.984,41533.372,14.811,15.445,15.445,,,SENGKANG WEST AVENUE,31.366
sengkang_west_avenue,Sengkang West Avenue,1056.0,32996.942,41533.776,14.526,15.36,15.445,,,SENGKANG WEST AVENUE,31.036
sengkang_west_avenue,Sengkang West Avenue,1058.0,32998.901,41534.18,10.726,15.274,15.36,,,SENGKANG WEST AVENUE,30.705
sengkang_west_avenue,Sengkang West Avenue,1060.0,33000.86,41534.584,12.646,15.506,15.274,,,SENGKANG WEST AVENUE,30.375
sengkang_west_avenue,Sengkang West Avenue,1062.0,33002.818,41534.988,12.496,15.164,15.164,,,SENGKANG WEST AVENUE,30.045
sengkang_west_avenue,Sengkang West Avenue,1064.0,33004.777,41535.393,16.141,14.823,14.823,,,SENGKANG WEST AVENUE,29.715
sengkang_west_avenue,Sengkang West Avenue,1066.0,33006.736,41535.797,18.696,14.482,14.482,,,SENGKANG WEST AVENUE,29.384
sengkang_west_avenue,Sengkang West Avenue,1068.0,33008.695,41536.201,17.361,14.086,14.086,,,SENGKANG WEST AVENUE,29.054
sengkang_west_avenue,Sengkang West Avenue,1070.0,33010.653,41536.605,14.801,13.691,13.691,,,SENGKANG WEST AVENUE,28.724
sengkang_west_avenue,Sengkang West Avenue,1072.0,33012.612,41537.009,15.631,13.296,13.296,,,SENGKANG WEST AVENUE,28.393
sengkang_west_avenue,Sengkang West Avenue,1074.0,33014.571,41537.414,10.34,12.901,12.901,,,SENGKANG WEST AVENUE,28.063
sengkang_west_avenue,Sengkang West Avenue,1076.0,33016.53,41537.818,11.409,12.502,12.502,,,SENGKANG WEST AVENUE,27.733
sengkang_west_avenue,Sengkang West Avenue,1078.0,33018.488,41538.222,9.74,12.103,12.103,,,SENGKANG WEST AVENUE,27.403
sengkang_west_avenue,Sengkang West Avenue,1080.0,33020.447,41538.626,10.065,11.704,11.704,,,SENGKANG WEST AVENUE,27.072
sengkang_west_avenue,Sengkang West Avenue,1082.0,33022.406,41539.03,12.376,11.355,11.355,,,SENGKANG WEST AVENUE,26.742
sengkang_west_avenue,Sengkang West Avenue,1084.0,33024.364,41539.434,11.701,11.007,11.007,,,SENGKANG WEST AVENUE,26.412
sengkang_west_avenue,Sengkang West Avenue,1086.0,33026.323,41539.839,10.506,10.659,10.659,,,SENGKANG WEST AVENUE,26.081
sengkang_west_avenue,Sengkang West Avenue,1088.0,33028.282,41540.243,9.731,10.31,10.31,,,SENGKANG WEST AVENUE,25.751
sengkang_west_avenue,Sengkang West Avenue,1090.0,33030.241,41540.647,10.091,10.114,10.114,,,SENGKANG WEST AVENUE,25.421
sengkang_west_avenue,Sengkang West Avenue,1092.0,33032.199,41541.051,9.351,9.918,9.918,,,SENGKANG WEST AVENUE,25.091
sengkang_west_avenue,Sengkang West Avenue,1094.0,33034.158,41541.455,9.656,9.722,9.722,,,SENGKANG WEST AVENUE,24.76
sengkang_west_avenue,Sengkang West Avenue,1096.0,33036.117,41541.86,9.296,9.526,9.526,,,SENGKANG WEST AVENUE,24.43
sengkang_west_avenue,Sengkang West Avenue,1098.0,33038.076,41542.264,8.006,9.33,9.33,,,SENGKANG WEST AVENUE,24.1
sengkang_west_avenue,Sengkang West Avenue,1100.0,33040.034,41542.668,10.081,9.134,9.134,,,SENGKANG WEST AVENUE,23.77
sengkang_west_avenue,Sengkang West Avenue,1102.0,33041.993,41543.072,8.721,8.938,8.938,,,SENGKANG WEST AVENUE,23.439
sengkang_west_avenue,Sengkang West Avenue,1104.0,33043.952,41543.476,8.742,8.679,8.679,,,SENGKANG WEST AVENUE,23.109
sengkang_west_avenue,Sengkang West Avenue,1106.0,33045.911,41543.881,9.192,8.396,8.396,,,SENGKANG WEST AVENUE,22.779
sengkang_west_avenue,Sengkang West Avenue,1108.0,33047.869,41544.285,8.05,8.113,8.113,,,SENGKANG WEST AVENUE,22.448
sengkang_west_avenue,Sengkang West Avenue,1110.0,33049.828,41544.689,10.696,7.817,7.817,,,SENGKANG WEST AVENUE,22.118
sengkang_west_avenue,Sengkang West Avenue,1112.0,33051.787,41545.093,10.709,7.521,7.523,,,SENGKANG WEST AVENUE,21.845
sengkang_west_avenue,Sengkang West Avenue,1114.0,33053.745,41545.497,7.225,7.225,7.523,,,SENGKANG WEST AVENUE,21.606
sengkang_west_avenue,Sengkang West Avenue,1116.0,33055.704,41545.901,7.459,7.523,7.523,,,SENGKANG WEST AVENUE,21.367
sengkang_west_avenue,Sengkang West Avenue,1118.0,33057.663,41546.306,7.434,7.879,7.879,,,SENGKANG WEST AVENUE,21.128
sengkang_west_avenue,Sengkang West Avenue,1120.0,33059.622,41546.71,7.317,8.234,8.234,,,SENGKANG WEST AVENUE,20.889
sengkang_west_avenue,Sengkang West Avenue,1122.0,33061.58,41547.114,8.45,8.699,8.699,,,SENGKANG WEST AVENUE,20.65
sengkang_west_avenue,Sengkang West Avenue,1124.0,33063.539,41547.518,8.592,9.165,9.165,,,SENGKANG WEST AVENUE,20.411
sengkang_west_avenue,Sengkang West Avenue,1126.0,33065.498,41547.922,11.884,9.63,9.63,,,SENGKANG WEST AVENUE,20.172
sengkang_west_avenue,Sengkang West Avenue,1128.0,33067.457,41548.327,9.213,10.095,10.095,,,SENGKANG WEST AVENUE,19.933
sengkang_west_avenue,Sengkang West Avenue,1130.0,33069.415,41548.731,8.559,10.578,10.578,,,SENGKANG WEST AVENUE,19.694
sengkang_west_avenue,Sengkang West Avenue,1132.0,33071.374,41549.135,8.853,11.061,11.061,,,SENGKANG WEST AVENUE,19.455
sengkang_west_avenue,Sengkang West Avenue,1230.0,33047.544,41561.653,12.478,11.543,11.543,,,SENGKANG WEST AVENUE,38.895
sengkang_west_avenue,Sengkang West Avenue,1232.0,33045.545,41561.602,12.213,12.026,12.026,,,SENGKANG WEST AVENUE,39.481
sengkang_west_avenue,Sengkang West Avenue,1234.0,33043.545,41561.55,20.367,12.509,12.509,,,SENGKANG WEST AVENUE,40.11
sengkang_west_avenue,Sengkang West Avenue,1236.0,33041.546,41561.499,21.309,12.992,12.849,,,SENGKANG WEST AVENUE,40.784
sengkang_west_avenue,Sengkang West Avenue,1238.0,33039.547,41561.447,20.684,13.12,12.909,,,SENGKANG WEST AVENUE,41.458
sengkang_west_avenue,Sengkang West Avenue,1240.0,33037.547,41561.395,16.559,12.849,12.992,,,SENGKANG WEST AVENUE,42.132
sengkang_west_avenue,Sengkang West Avenue,1242.0,33035.548,41561.344,11.261,12.909,13.12,,,SENGKANG WEST AVENUE,42.805
sengkang_west_avenue,Sengkang West Avenue,1244.0,33033.549,41561.292,9.116,13.135,13.135,,,SENGKANG WEST AVENUE,43.479
sengkang_west_avenue,Sengkang West Avenue,1246.0,33031.549,41561.24,9.696,13.361,13.361,,,SENGKANG WEST AVENUE,44.153
sengkang_west_avenue,Sengkang West Avenue,1248.0,33029.55,41561.189,18.976,13.752,13.752,,,SENGKANG WEST AVENUE,44.826
sengkang_west_avenue,Sengkang West Avenue,1250.0,33027.551,41561.137,9.088,14.144,14.144,,,SENGKANG WEST AVENUE,45.5
sengkang_west_avenue,Sengkang West Avenue,1252.0,33025.551,41561.085,9.338,14.535,14.535,,,SENGKANG WEST AVENUE,46.174
sengkang_west_avenue,Sengkang West Avenue,1254.0,33023.552,41561.034,8.963,,14.926,,,SENGKANG WEST AVENUE,46.847
sengkang_west_avenue,Sengkang West Avenue,1256.0,33021.553,41560.982,5.511,15.318,15.318,,,SENGKANG WEST AVENUE,47.521
sengkang_west_avenue,Sengkang West Avenue,1258.0,33019.553,41560.93,8.378,15.709,15.709,,,SENGKANG WEST AVENUE,48.195
sengkang_west_avenue,Sengkang West Avenue,1260.0,33017.554,41560.879,19.344,16.101,16.101,,,SENGKANG WEST AVENUE,48.868
sengkang_west_avenue,Sengkang West Avenue,1262.0,33015.555,41560.827,18.211,16.492,16.492,,,SENGKANG WEST AVENUE,49.542
sengkang_west_avenue,Sengkang West Avenue,1264.0,33013.555,41560.775,32.184,16.561,16.492,,,SENGKANG WEST AVENUE,50.216
sengkang_west_avenue,Sengkang West Avenue,1266.0,33011.556,41560.724,18.434,16.63,16.492,,,SENGKANG WEST AVENUE,50.889
sengkang_west_avenue,Sengkang West Avenue,1268.0,33009.557,41560.672,21.414,16.377,16.377,,,SENGKANG WEST AVENUE,51.563
sengkang_west_avenue,Sengkang West Avenue,1270.0,33007.557,41560.62,11.184,16.043,16.043,,,SENGKANG WEST AVENUE,52.237
sengkang_west_avenue,Sengkang West Avenue,1272.0,33005.558,41560.569,13.388,15.709,15.709,,,SENGKANG WEST AVENUE,52.911
sengkang_west_avenue,Sengkang West Avenue,1274.0,33003.559,41560.517,10.289,15.271,15.271,,,SENGKANG WEST AVENUE,53.584
sengkang_west_avenue,Sengkang West Avenue,1276.0,33001.559,41560.465,16.983,14.833,14.833,,,SENGKANG WEST AVENUE,54.258
sengkang_west_avenue,Sengkang West Avenue,1278.0,32999.56,41560.414,16.983,14.395,14.395,,,SENGKANG WEST AVENUE,54.932
sengkang_west_avenue,Sengkang West Avenue,1280.0,32997.561,41560.362,10.933,,14.176,,,SENGKANG WEST AVENUE,55.605
sengkang_west_avenue,Sengkang West Avenue,1282.0,32995.561,41560.31,11.381,,13.738,,,SENGKANG WEST AVENUE,56.279
sengkang_west_avenue,Sengkang West Avenue,1284.0,32993.562,41560.259,20.458,,13.08,,,SENGKANG WEST AVENUE,56.953
sengkang_west_avenue,Sengkang West Avenue,1286.0,32991.563,41560.207,20.15,,12.423,,,SENGKANG WEST AVENUE,57.626
sengkang_west_avenue,Sengkang West Avenue,1288.0,32989.563,41560.155,19.97,,11.985,,,SENGKANG WEST AVENUE,58.3
sengkang_west_avenue,Sengkang West Avenue,1290.0,32987.564,41560.104,12.126,11.766,11.766,,,SENGKANG WEST AVENUE,58.974
sengkang_west_avenue,Sengkang West Avenue,1292.0,32985.565,41560.052,12.02,11.328,11.328,,,SENGKANG WEST AVENUE,59.647
sengkang_west_avenue,Sengkang West Avenue,1294.0,32983.565,41560.001,10.72,10.89,10.89,,,SENGKANG WEST AVENUE,60.321
sengkang_west_avenue,Sengkang West Avenue,1296.0,32981.566,41559.949,9.176,10.452,10.452,,,SENGKANG WEST AVENUE,60.995
sengkang_west_avenue,Sengkang West Avenue,1298.0,32979.567,41559.897,10.37,10.183,10.183,,,SENGKANG WEST AVENUE,61.669
sengkang_west_avenue,Sengkang West Avenue,1300.0,32977.567,41559.846,10.036,9.915,9.915,,,SENGKANG WEST AVENUE,62.342
sengkang_west_avenue,Sengkang West Avenue,1302.0,32975.568,41559.794,9.761,9.646,9.646,,,SENGKANG WEST AVENUE,63.016
sengkang_west_avenue,Sengkang West Avenue,1304.0,32973.569,41559.742,9.378,9.378,9.403,,,SENGKANG WEST AVENUE,63.69
sengkang_west_avenue,Sengkang West Avenue,1306.0,32971.569,41559.691,9.403,9.403,9.403,,,SENGKANG WEST AVENUE,64.363
sengkang_west_avenue,Sengkang West Avenue,1308.0,32969.57,41559.639,9.394,9.394,9.403,,,SENGKANG WEST AVENUE,65.037
sengkang_west_avenue,Sengkang West Avenue,1310.0,32967.571,41559.587,9.261,9.543,9.543,,,SENGKANG WEST AVENUE,65.711
sengkang_west_avenue,Sengkang West Avenue,1312.0,32965.571,41559.536,9.069,9.691,9.691,,,SENGKANG WEST AVENUE,66.384
sengkang_west_avenue,Sengkang West Avenue,1314.0,32963.572,41559.484,11.21,9.841,9.841,,,SENGKANG WEST AVENUE,67.058
sengkang_west_avenue,Sengkang West Avenue,1316.0,32961.573,41559.432,11.173,9.991,9.841,,,SENGKANG WEST AVENUE,67.732
sengkang_west_avenue,Sengkang West Avenue,1318.0,32959.573,41559.381,11.235,9.861,9.841,,,SENGKANG WEST AVENUE,68.405
sengkang_west_avenue,Sengkang West Avenue,1320.0,32957.574,41559.329,10.581,9.732,9.732,,,SENGKANG WEST AVENUE,69.079
sengkang_west_avenue,Sengkang West Avenue,1322.0,32955.575,41559.277,9.472,9.602,9.602,,,SENGKANG WEST AVENUE,69.753
sengkang_west_avenue,Sengkang West Avenue,1324.0,32953.575,41559.226,9.472,9.472,9.472,,,SENGKANG WEST AVENUE,70.427
sengkang_west_avenue,Sengkang West Avenue,1326.0,32951.576,41559.174,10.07,9.428,9.472,,,SENGKANG WEST AVENUE,71.1
sengkang_west_avenue,Sengkang West Avenue,1328.0,32949.577,41559.122,9.601,9.383,9.472,,,SENGKANG WEST AVENUE,71.774
sengkang_west_avenue,Sengkang West Avenue,1330.0,32947.577,41559.071,9.339,9.637,9.637,,,SENGKANG WEST AVENUE,72.448
sengkang_west_avenue,Sengkang West Avenue,1332.0,32945.578,41559.019,8.997,9.892,9.892,,,SENGKANG WEST AVENUE,73.121
sengkang_west_avenue,Sengkang West Avenue,1334.0,32943.579,41558.967,9.309,10.312,10.312,,,SENGKANG WEST AVENUE,73.795
sengkang_west_avenue,Sengkang West Avenue,1336.0,32941.579,41558.916,10.798,10.733,10.733,,,SENGKANG WEST AVENUE,74.469
sengkang_west_avenue,Sengkang West Avenue,1338.0,32939.58,41558.864,11.231,11.154,11.154,,,SENGKANG WEST AVENUE,75.142
sengkang_west_avenue,Sengkang West Avenue,1340.0,32937.581,41558.812,12.019,,11.364,,,SENGKANG WEST AVENUE,75.816
sengkang_west_avenue,Sengkang West Avenue,1342.0,32935.581,41558.761,12.019,,11.575,,,SENGKANG WEST AVENUE,76.49
sengkang_west_avenue,Sengkang West Avenue,1344.0,32933.582,41558.709,11.965,,11.785,,,SENGKANG WEST AVENUE,77.163
sengkang_west_avenue,Sengkang West Avenue,1346.0,32931.583,41558.657,,,,,,SENGKANG WEST AVENUE,77.837
sengkang_west_avenue,Sengkang West Avenue,1348.0,32929.583,41558.606,,,,,,SENGKANG WEST AVENUE,78.511
sengkang_west_avenue,Sengkang West Avenue,1350.0,32927.584,41558.554,,,14.31,,,SENGKANG WEST AVENUE,79.184
sengkang_west_avenue,Sengkang West Avenue,1352.0,32925.585,41558.502,,,14.52,,,SENGKANG WEST AVENUE,79.858
sengkang_west_avenue,Sengkang West Avenue,1354.0,32923.585,41558.451,,,14.731,,,SENGKANG WEST AVENUE,80.532
sengkang_west_avenue,Sengkang West Avenue,1356.0,32921.586,41558.399,,14.941,14.941,,,SENGKANG WEST AVENUE,81.206
sengkang_west_avenue,Sengkang West Avenue,1358.0,32919.587,41558.348,,15.362,15.362,,,SENGKANG WEST AVENUE,81.879
sengkang_west_avenue,Sengkang West Avenue,1360.0,32917.587,41558.296,,15.782,15.782,,,SENGKANG WEST AVENUE,82.553
sengkang_west_avenue,Sengkang West Avenue,1362.0,32915.588,41558.244,21.688,16.203,16.203,,,SENGKANG WEST AVENUE,83.227
sengkang_west_avenue,Sengkang West Avenue,1364.0,32913.589,41558.193,17.179,16.304,16.203,,,SENGKANG WEST AVENUE,83.9
sengkang_west_avenue,Sengkang West Avenue,1366.0,32911.589,41558.141,17.116,16.406,16.203,,,SENGKANG WEST AVENUE,84.574
sengkang_west_avenue,Sengkang West Avenue,1368.0,32909.59,41558.089,17.041,16.151,16.151,,,SENGKANG WEST AVENUE,85.248
sengkang_west_avenue,Sengkang West Avenue,1370.0,32907.591,41558.038,12.838,15.897,15.897,,,SENGKANG WEST AVENUE,85.921
sengkang_west_avenue,Sengkang West Avenue,1372.0,32905.591,41557.986,12.838,15.643,15.703,,,SENGKANG WEST AVENUE,86.595
sengkang_west_avenue,Sengkang West Avenue,1374.0,32903.592,41557.934,14.788,15.389,15.703,,,SENGKANG WEST AVENUE,87.269
sengkang_west_avenue,Sengkang West Avenue,1376.0,32901.593,41557.883,15.088,15.703,15.703,,,SENGKANG WEST AVENUE,87.942
sengkang_west_avenue,Sengkang West Avenue,1378.0,32899.593,41557.831,15.088,16.016,16.016,,,SENGKANG WEST AVENUE,88.616
sengkang_west_avenue,Sengkang West Avenue,1380.0,32897.594,41557.779,,16.742,16.742,,,SENGKANG WEST AVENUE,89.29
sengkang_west_avenue,Sengkang West Avenue,1382.0,32895.595,41557.728,,17.467,17.467,,,SENGKANG WEST AVENUE,89.964
sengkang_west_avenue,Sengkang West Avenue,1384.0,32893.595,41557.676,,18.192,18.192,,,SENGKANG WEST AVENUE,90.637
sengkang_west_avenue,Sengkang West Avenue,1386.0,32891.596,41557.624,,,18.918,,,SENGKANG WEST AVENUE,91.311
sengkang_west_avenue,Sengkang West Avenue,1388.0,32889.597,41557.573,,19.643,19.643,,,SENGKANG WEST AVENUE,91.985
sengkang_west_avenue,Sengkang West Avenue,1390.0,32887.597,41557.521,,20.368,20.368,,,SENGKANG WEST AVENUE,92.658
sengkang_west_avenue,Sengkang West Avenue,1392.0,32885.598,41557.469,32.081,21.094,21.094,,,SENGKANG WEST AVENUE,93.332
sengkang_west_avenue,Sengkang West Avenue,1394.0,32883.599,41557.418,32.081,21.819,21.819,,,SENGKANG WEST AVENUE,94.006
sengkang_west_avenue,Sengkang West Avenue,1396.0,32881.599,41557.366,12.006,22.598,22.598,,,SENGKANG WEST AVENUE,94.679
sengkang_west_avenue,Sengkang West Avenue,1398.0,32879.6,41557.314,12.006,23.386,23.386,,,SENGKANG WEST AVENUE,95.353
sengkang_west_avenue,Sengkang West Avenue,1400.0,32877.601,41557.263,,24.174,24.174,,,SENGKANG WEST AVENUE,96.027
sengkang_west_avenue,Sengkang West Avenue,1402.0,32875.601,41557.211,,24.962,24.962,,,SENGKANG WEST AVENUE,96.7
sengkang_west_avenue,Sengkang West Avenue,1404.0,32873.602,41557.159,,,25.75,,,SENGKANG WEST AVENUE,97.374
sengkang_west_avenue,Sengkang West Avenue,1406.0,32871.603,41557.108,,,26.538,,,SENGKANG WEST AVENUE,98.048
sengkang_west_avenue,Sengkang West Avenue,1408.0,32869.603,41557.056,,,27.326,,,SENGKANG WEST AVENUE,98.722
sengkang_west_avenue,Sengkang West Avenue,1410.0,32867.604,41557.004,,28.114,28.114,,,SENGKANG WEST AVENUE,99.395
sengkang_west_avenue,Sengkang West Avenue,1412.0,32865.605,41556.953,,28.902,28.902,,,SENGKANG WEST AVENUE,100.066
sengkang_west_avenue,Sengkang West Avenue,1414.0,32863.605,41556.901,,29.69,29.69,,,SENGKANG WEST AVENUE,100.736
sengkang_west_avenue,Sengkang West Avenue,1416.0,32861.606,41556.85,,30.478,30.478,,,SENGKANG WEST AVENUE,101.406
sengkang_west_avenue,Sengkang West Avenue,1418.0,32859.607,41556.798,,31.288,31.288,,,SENGKANG WEST AVENUE,102.076
sengkang_west_avenue,Sengkang West Avenue,1420.0,32857.607,41556.746,,32.098,32.098,40.499,2.0,SENGKANG WEST AVENUE,102.746
sengkang_west_avenue,Sengkang West Avenue,1422.0,32855.608,41556.695,,32.908,32.908,35.437,2.0,SENGKANG WEST AVENUE,103.416
sengkang_west_avenue,Sengkang West Avenue,1424.0,32853.609,41556.643,,33.718,33.718,30.375,2.0,SENGKANG WEST AVENUE,104.085
sengkang_west_avenue,Sengkang West Avenue,1426.0,32851.609,41556.591,,,34.123,25.312,2.0,SENGKANG WEST AVENUE,104.755
sengkang_west_avenue,Sengkang West Avenue,1428.0,32849.61,41556.54,,,34.528,,,SENGKANG WEST AVENUE,105.425
sengkang_west_avenue,Sengkang West Avenue,1430.0,32847.611,41556.488,,,34.933,,,SENGKANG WEST AVENUE,106.095
sengkang_west_avenue,Sengkang West Avenue,1432.0,32845.611,41556.436,,,,65.812,2.0,SENGKANG WEST AVENUE,106.765
sengkang_west_avenue,Sengkang West Avenue,1434.0,32843.612,41556.385,,,,,,SENGKANG WEST AVENUE,107.435
sengkang_west_avenue,Sengkang West Avenue,1436.0,32841.613,41556.333,,,39.793,,,SENGKANG WEST AVENUE,108.105
sengkang_west_avenue,Sengkang West Avenue,1438.0,32839.613,41556.281,,,40.198,,,SENGKANG WEST AVENUE,108.774
sengkang_west_avenue,Sengkang West Avenue,1440.0,32837.614,41556.23,,,40.603,,,SENGKANG WEST AVENUE,109.444
sengkang_west_avenue,Sengkang West Avenue,1442.0,32835.615,41556.178,,41.008,41.008,,,SENGKANG WEST AVENUE,110.114
sengkang_west_avenue,Sengkang West Avenue,1444.0,32833.615,41556.126,,41.818,41.818,,,SENGKANG WEST AVENUE,110.784
sengkang_west_avenue,Sengkang West Avenue,1446.0,32831.616,41556.075,,42.628,42.628,,,SENGKANG WEST AVENUE,111.454
sengkang_west_avenue,Sengkang West Avenue,1698.0,32579.7,41549.566,43.438,43.438,43.296,,,SENGKANG WEST AVENUE,136.755
sengkang_west_avenue,Sengkang West Avenue,1700.0,32577.701,41549.514,43.438,43.438,43.296,,,SENGKANG WEST AVENUE,136.517
sengkang_west_avenue,Sengkang West Avenue,1702.0,32575.701,41549.463,43.913,43.296,43.296,,,SENGKANG WEST AVENUE,136.278
sengkang_west_avenue,Sengkang West Avenue,1704.0,32573.702,41549.411,48.885,43.155,43.155,,,SENGKANG WEST AVENUE,136.039
sengkang_west_avenue,Sengkang West Avenue,1706.0,32571.703,41549.359,45.835,43.014,43.014,,,SENGKANG WEST AVENUE,135.801
sengkang_west_avenue,Sengkang West Avenue,1708.0,32569.703,41549.308,46.21,42.873,42.873,,,SENGKANG WEST AVENUE,135.562
sengkang_west_avenue,Sengkang West Avenue,1710.0,32567.704,41549.256,45.635,42.732,42.732,,,SENGKANG WEST AVENUE,135.324
sengkang_west_avenue,Sengkang West Avenue,1712.0,32565.705,41549.205,,42.591,42.591,,,SENGKANG WEST AVENUE,135.085
sengkang_west_avenue,Sengkang West Avenue,1714.0,32563.705,41549.153,,42.313,42.313,,,SENGKANG WEST AVENUE,134.846
sengkang_west_avenue,Sengkang West Avenue,1716.0,32561.706,41549.101,,41.791,41.791,,,SENGKANG WEST AVENUE,134.608
sengkang_west_avenue,Sengkang West Avenue,1718.0,32559.707,41549.05,,41.269,41.269,,,SENGKANG WEST AVENUE,134.369
sengkang_west_avenue,Sengkang West Avenue,1720.0,32557.707,41548.998,,40.486,40.486,,,SENGKANG WEST AVENUE,134.131
sengkang_west_avenue,Sengkang West Avenue,1722.0,32555.708,41548.946,,39.704,39.704,,,SENGKANG WEST AVENUE,133.892
sengkang_west_avenue,Sengkang West Avenue,1724.0,32553.709,41548.895,,38.922,38.922,,,SENGKANG WEST AVENUE,133.653
sengkang_west_avenue,Sengkang West Avenue,1726.0,32551.709,41548.843,,38.14,38.14,,,SENGKANG WEST AVENUE,133.415
sengkang_west_avenue,Sengkang West Avenue,1728.0,32549.71,41548.791,,37.342,37.342,,,SENGKANG WEST AVENUE,133.176
sengkang_west_avenue,Sengkang West Avenue,1730.0,32547.711,41548.74,,36.524,36.524,,,SENGKANG WEST AVENUE,132.937
sengkang_west_avenue,Sengkang West Avenue,1732.0,32545.711,41548.688,,35.706,35.706,,,SENGKANG WEST AVENUE,132.699
sengkang_west_avenue,Sengkang West Avenue,1734.0,32543.712,41548.636,,34.888,34.888,,,SENGKANG WEST AVENUE,132.46
sengkang_west_avenue,Sengkang West Avenue,1736.0,32541.713,41548.585,,,34.069,,,SENGKANG WEST AVENUE,132.222
sengkang_west_avenue,Sengkang West Avenue,1738.0,32539.713,41548.533,,,33.251,,,SENGKANG WEST AVENUE,131.983
sengkang_west_avenue,Sengkang West Avenue,1740.0,32537.714,41548.481,,,32.433,,,SENGKANG WEST AVENUE,131.744
sengkang_west_avenue,Sengkang West Avenue,1742.0,32535.715,41548.43,,31.615,31.615,,,SENGKANG WEST AVENUE,131.506
sengkang_west_avenue,Sengkang West Avenue,1744.0,32533.715,41548.378,,30.797,30.797,,,SENGKANG WEST AVENUE,131.267
sengkang_west_avenue,Sengkang West Avenue,1746.0,32531.716,41548.326,,29.978,29.978,,,SENGKANG WEST AVENUE,131.029
sengkang_west_avenue,Sengkang West Avenue,1748.0,32529.717,41548.275,,29.16,29.16,,,SENGKANG WEST AVENUE,130.79
sengkang_west_avenue,Sengkang West Avenue,1750.0,32527.717,41548.223,,28.293,28.293,,,SENGKANG WEST AVENUE,130.551
sengkang_west_avenue,Sengkang West Avenue,1752.0,32525.718,41548.171,,27.426,27.426,-43.356,2.0,SENGKANG WEST AVENUE,130.313
sengkang_west_avenue,Sengkang West Avenue,1754.0,32523.719,41548.12,,26.559,26.559,-37.937,2.0,SENGKANG WEST AVENUE,130.074
sengkang_west_avenue,Sengkang West Avenue,1756.0,32521.719,41548.068,,25.692,25.692,-32.517,2.0,SENGKANG WEST AVENUE,129.835
sengkang_west_avenue,Sengkang West Avenue,1758.0,32519.72,41548.016,,,25.258,-27.098,2.0,SENGKANG WEST AVENUE,129.597
sengkang_west_avenue,Sengkang West Avenue,1760.0,32517.721,41547.965,,,24.824,-43.356,2.0,SENGKANG WEST AVENUE,129.358
sengkang_west_avenue,Sengkang West Avenue,1762.0,32515.721,41547.913,,,24.391,,,SENGKANG WEST AVENUE,129.12
sengkang_west_avenue,Sengkang West Avenue,1764.0,32513.722,41547.861,,,22.223,,,SENGKANG WEST AVENUE,128.881
sengkang_west_avenue,Sengkang West Avenue,1766.0,32511.723,41547.81,,,20.055,,,SENGKANG WEST AVENUE,128.642
sengkang_west_avenue,Sengkang West Avenue,1768.0,32509.723,41547.758,,,19.622,-43.356,2.0,SENGKANG WEST AVENUE,128.404
sengkang_west_avenue,Sengkang West Avenue,1770.0,32507.724,41547.707,,,19.188,,,SENGKANG WEST AVENUE,128.165
sengkang_west_avenue,Sengkang West Avenue,1772.0,32505.725,41547.655,,18.755,18.755,,,SENGKANG WEST AVENUE,127.927
sengkang_west_avenue,Sengkang West Avenue,1774.0,32503.725,41547.603,,17.888,17.888,,,SENGKANG WEST AVENUE,127.688
sengkang_west_avenue,Sengkang West Avenue,1778.0,32499.727,41547.5,,17.02,17.02,,,SENGKANG WEST AVENUE,127.217
sengkang_west_avenue,Sengkang West Avenue,1780.0,32497.727,41547.448,,16.153,17.02,,,SENGKANG WEST AVENUE,126.985
sengkang_west_avenue,Sengkang West Avenue,1782.0,32495.728,41547.397,,16.893,17.02,,,SENGKANG WEST AVENUE,126.754
sengkang_west_avenue,Sengkang West Avenue,1784.0,32493.729,41547.345,,17.633,17.633,,,SENGKANG WEST AVENUE,126.522
sengkang_west_avenue,Sengkang West Avenue,1786.0,32491.729,41547.293,,18.374,18.374,,,SENGKANG WEST AVENUE,126.29
sengkang_west_avenue,Sengkang West Avenue,1788.0,32489.73,41547.242,,,18.744,,,SENGKANG WEST AVENUE,126.059
sengkang_west_avenue,Sengkang West Avenue,1790.0,32487.731,41547.19,,,19.114,,,SENGKANG WEST AVENUE,125.827
sengkang_west_avenue,Sengkang West Avenue,1792.0,32485.731,41547.138,10.95,,19.484,,,SENGKANG WEST AVENUE,125.595
sengkang_west_avenue,Sengkang West Avenue,1794.0,32483.732,41547.087,,,,,,SENGKANG WEST AVENUE,125.364
sengkang_west_avenue,Sengkang West Avenue,1796.0,32481.733,41547.035,,,,,,SENGKANG WEST AVENUE,125.132
sengkang_west_avenue,Sengkang West Avenue,1798.0,32479.733,41546.983,,,,,,SENGKANG WEST AVENUE,124.9
sengkang_west_avenue,Sengkang West Avenue,1800.0,32477.734,41546.932,,,24.664,,,SENGKANG WEST AVENUE,124.669
sengkang_west_avenue,Sengkang West Avenue,1802.0,32475.735,41546.88,,,25.035,,,SENGKANG WEST AVENUE,124.437
sengkang_west_avenue,Sengkang West Avenue,1804.0,32473.735,41546.828,,,25.405,,,SENGKANG WEST AVENUE,124.205
sengkang_west_avenue,Sengkang West Avenue,1806.0,32471.736,41546.777,,25.775,25.775,,,SENGKANG WEST AVENUE,123.974
sengkang_west_avenue,Sengkang West Avenue,1808.0,32469.737,41546.725,,26.515,26.515,,,SENGKANG WEST AVENUE,123.742
sengkang_west_avenue,Sengkang West Avenue,1810.0,32467.737,41546.673,,27.255,27.183,,,SENGKANG WEST AVENUE,123.51
sengkang_west_avenue,Sengkang West Avenue,1812.0,32465.738,41546.622,,27.995,27.183,,,SENGKANG WEST AVENUE,123.279
sengkang_west_avenue,Sengkang West Avenue,1814.0,32463.739,41546.57,,27.183,27.183,,,SENGKANG WEST AVENUE,122.506
sengkang_west_avenue,Sengkang West Avenue,1816.0,32461.739,41546.518,,26.371,26.371,,,SENGKANG WEST AVENUE,120.644
sengkang_west_avenue,Sengkang West Avenue,1818.0,32459.74,41546.467,31.328,25.559,25.559,,,SENGKANG WEST AVENUE,118.786
sengkang_west_avenue,Sengkang West Avenue,1820.0,32457.741,41546.415,31.328,24.746,24.746,,,SENGKANG WEST AVENUE,116.934
sengkang_west_avenue,Sengkang West Avenue,1822.0,32455.741,41546.363,31.328,23.293,23.293,,,SENGKANG WEST AVENUE,115.086
sengkang_west_avenue,Sengkang West Avenue,1824.0,32453.742,41546.312,31.653,21.84,21.84,,,SENGKANG WEST AVENUE,113.244
sengkang_west_avenue,Sengkang West Avenue,1826.0,32451.743,41546.26,,20.387,20.387,,,SENGKANG WEST AVENUE,111.406
sengkang_west_avenue,Sengkang West Avenue,1828.0,32449.743,41546.209,,,18.934,,,SENGKANG WEST AVENUE,109.575
sengkang_west_avenue,Sengkang West Avenue,1830.0,32447.744,41546.157,,,17.48,,,SENGKANG WEST AVENUE,107.749
sengkang_west_avenue,Sengkang West Avenue,1832.0,32445.745,41546.105,,,16.027,,,SENGKANG WEST AVENUE,105.93
sengkang_west_avenue,Sengkang West Avenue,1834.0,32443.745,41546.054,10.214,14.574,14.574,,,SENGKANG WEST AVENUE,104.118
sengkang_west_avenue,Sengkang West Avenue,1836.0,32441.746,41546.002,10.214,13.121,13.121,,,SENGKANG WEST AVENUE,102.312
sengkang_west_avenue,Sengkang West Avenue,1838.0,32439.747,41545.95,10.214,11.667,11.667,,,SENGKANG WEST AVENUE,100.514
sengkang_west_avenue,Sengkang West Avenue,1840.0,32437.747,41545.899,10.214,10.214,10.214,,,SENGKANG WEST AVENUE,98.724
sengkang_west_avenue,Sengkang West Avenue,1842.0,32435.748,41545.847,,10.162,10.162,,,SENGKANG WEST AVENUE,96.942
sengkang_west_avenue,Sengkang West Avenue,1844.0,32433.749,41545.795,,10.109,10.109,-2.636,1.0,SENGKANG WEST AVENUE,95.168
sengkang_west_avenue,Sengkang West Avenue,1846.0,32431.749,41545.744,,10.056,10.056,-2.636,1.0,SENGKANG WEST AVENUE,93.404
sengkang_west_avenue,Sengkang West Avenue,1848.0,32429.75,41545.692,,10.003,10.003,,,SENGKANG WEST AVENUE,91.649
sengkang_west_avenue,Sengkang West Avenue,1850.0,32427.751,41545.64,9.951,9.951,9.951,,,SENGKANG WEST AVENUE,89.905
sengkang_west_avenue,Sengkang West Avenue,1852.0,32425.751,41545.589,9.51,9.734,9.951,,,SENGKANG WEST AVENUE,88.171
sengkang_west_avenue,Sengkang West Avenue,1854.0,32423.752,41545.537,9.518,9.86,9.951,,,SENGKANG WEST AVENUE,86.449
sengkang_west_avenue,Sengkang West Avenue,1856.0,32421.753,41545.485,9.51,9.986,9.986,,,SENGKANG WEST AVENUE,84.739
sengkang_west_avenue,Sengkang West Avenue,1858.0,32419.753,41545.434,10.068,10.985,10.985,,,SENGKANG WEST AVENUE,83.042
sengkang_west_avenue,Sengkang West Avenue,1860.0,32417.754,41545.382,10.303,11.984,11.984,,,SENGKANG WEST AVENUE,81.359
sengkang_west_avenue,Sengkang West Avenue,1862.0,32415.755,41545.33,,12.982,12.982,,,SENGKANG WEST AVENUE,79.69
sengkang_west_avenue,Sengkang West Avenue,1864.0,32413.755,41545.279,,,13.482,,,SENGKANG WEST AVENUE,78.037
sengkang_west_avenue,Sengkang West Avenue,1866.0,32411.756,41545.227,,,13.981,,,SENGKANG WEST AVENUE,76.401
sengkang_west_avenue,Sengkang West Avenue,1868.0,32409.757,41545.175,,,14.979,,,SENGKANG WEST AVENUE,74.782
sengkang_west_avenue,Sengkang West Avenue,1870.0,32407.757,41545.124,,,17.975,,,SENGKANG WEST AVENUE,73.183
sengkang_west_avenue,Sengkang West Avenue,1872.0,32405.758,41545.072,,,18.974,,,SENGKANG WEST AVENUE,71.603
sengkang_west_avenue,Sengkang West Avenue,1874.0,32403.759,41545.02,,,19.473,,,SENGKANG WEST AVENUE,70.045
sengkang_west_avenue,Sengkang West Avenue,1876.0,32401.759,41544.969,38.65,19.973,19.973,,,SENGKANG WEST AVENUE,68.51
sengkang_west_avenue,Sengkang West Avenue,1878.0,32399.76,41544.917,24.877,20.971,20.971,,,SENGKANG WEST AVENUE,66.999
sengkang_west_avenue,Sengkang West Avenue,1880.0,32397.761,41544.865,24.852,21.97,21.97,,,SENGKANG WEST AVENUE,65.514
sengkang_west_avenue,Sengkang West Avenue,1882.0,32395.761,41544.814,26.075,22.968,22.54,,,SENGKANG WEST AVENUE,64.058
sengkang_west_avenue,Sengkang West Avenue,1884.0,32393.762,41544.762,22.82,22.754,22.54,,,SENGKANG WEST AVENUE,62.632
sengkang_west_avenue,Sengkang West Avenue,1886.0,32391.763,41544.711,22.27,22.54,22.54,,,SENGKANG WEST AVENUE,61.237
sengkang_west_avenue,Sengkang West Avenue,1888.0,32389.763,41544.659,20.861,22.326,22.326,,,SENGKANG WEST AVENUE,59.877
sengkang_west_avenue,Sengkang West Avenue,1890.0,32387.764,41544.607,19.686,22.111,22.111,,,SENGKANG WEST AVENUE,58.554
sengkang_west_avenue,Sengkang West Avenue,1892.0,32385.765,41544.556,24.593,22.032,22.032,,,SENGKANG WEST AVENUE,57.27
sengkang_west_avenue,Sengkang West Avenue,1894.0,32383.765,41544.504,25.47,21.953,22.032,,,SENGKANG WEST AVENUE,56.028
sengkang_west_avenue,Sengkang West Avenue,1896.0,32381.766,41544.452,19.845,21.874,21.953,,,SENGKANG WEST AVENUE,54.831
sengkang_west_avenue,Sengkang West Avenue,1898.0,32379.767,41544.401,21.795,22.054,21.874,,,SENGKANG WEST AVENUE,53.682
sengkang_west_avenue,Sengkang West Avenue,1900.0,32377.767,41544.349,22.005,21.649,21.649,,,SENGKANG WEST AVENUE,52.583
sengkang_west_avenue,Sengkang West Avenue,1902.0,32375.768,41544.297,22.675,21.244,21.244,,,SENGKANG WEST AVENUE,51.539
sengkang_west_avenue,Sengkang West Avenue,1904.0,32373.769,41544.246,22.77,20.254,20.254,,,SENGKANG WEST AVENUE,50.553
sengkang_west_avenue,Sengkang West Avenue,1906.0,32371.769,41544.194,23.46,19.264,19.264,,,SENGKANG WEST AVENUE,49.627
sengkang_west_avenue,Sengkang West Avenue,1908.0,32369.77,41544.142,26.005,18.274,18.274,,,SENGKANG WEST AVENUE,48.766
sengkang_west_avenue,Sengkang West Avenue,1910.0,32367.771,41544.091,22.425,17.285,17.285,,,SENGKANG WEST AVENUE,47.973
sengkang_west_avenue,Sengkang West Avenue,1912.0,32365.771,41544.039,25.75,16.189,16.189,,,SENGKANG WEST AVENUE,47.252
sengkang_west_avenue,Sengkang West Avenue,1914.0,32363.772,41543.987,10.084,15.094,15.094,,,SENGKANG WEST AVENUE,46.605
sengkang_west_avenue,Sengkang West Avenue,1916.0,32361.773,41543.936,9.734,13.999,13.999,,,SENGKANG WEST AVENUE,46.036
sengkang_west_avenue,Sengkang West Avenue,1918.0,32359.773,41543.884,9.459,12.903,12.903,,,SENGKANG WEST AVENUE,45.548
sengkang_west_avenue,Sengkang West Avenue,1920.0,32357.774,41543.832,9.559,11.808,11.808,,,SENGKANG WEST AVENUE,45.143
sengkang_west_avenue,Sengkang West Avenue,1922.0,32355.775,41543.781,9.696,10.712,10.712,,,SENGKANG WEST AVENUE,44.824
sengkang_west_avenue,Sengkang West Avenue,1924.0,32353.775,41543.729,10.246,9.617,9.617,,,SENGKANG WEST AVENUE,44.592
sengkang_west_avenue,Sengkang West Avenue,1926.0,32351.776,41543.677,10.059,9.538,9.538,,,SENGKANG WEST AVENUE,44.449
sengkang_west_avenue,Sengkang West Avenue,1928.0,32349.777,41543.626,9.459,9.459,9.459,,,SENGKANG WEST AVENUE,44.396
sengkang_west_avenue,Sengkang West Avenue,2088.0,32269.601,41461.305,9.357,9.184,9.184,,,SENGKANG WEST AVENUE,19.414
sengkang_west_avenue,Sengkang West Avenue,2090.0,32271.561,41461.703,9.378,8.909,8.909,-0.459,1.0,SENGKANG WEST AVENUE,20.021
sengkang_west_avenue,Sengkang West Avenue,2092.0,32273.521,41462.1,8.634,8.634,8.696,,,SENGKANG WEST AVENUE,20.627
sengkang_west_avenue,Sengkang West Avenue,2094.0,32275.481,41462.498,8.663,8.663,8.696,,,SENGKANG WEST AVENUE,21.233
sengkang_west_avenue,Sengkang West Avenue,2096.0,32277.442,41462.896,8.696,8.696,8.696,,,SENGKANG WEST AVENUE,21.839
sengkang_west_avenue,Sengkang West Avenue,2098.0,32279.418,41463.115,8.742,8.742,8.742,,,SENGKANG WEST AVENUE,22.27
sengkang_west_avenue,Sengkang West Avenue,2100.0,32281.417,41463.075,8.776,8.967,8.967,,,SENGKANG WEST AVENUE,22.445
sengkang_west_avenue,Sengkang West Avenue,2102.0,32283.417,41463.035,12.059,9.25,9.25,,,SENGKANG WEST AVENUE,22.621
sengkang_west_avenue,Sengkang West Avenue,2104.0,32285.417,41462.995,10.976,9.533,9.533,,,SENGKANG WEST AVENUE,22.796
sengkang_west_avenue,Sengkang West Avenue,2106.0,32287.416,41462.955,9.705,9.771,9.771,,,SENGKANG WEST AVENUE,22.972
sengkang_west_avenue,Sengkang West Avenue,2108.0,32289.33,41462.409,10.193,10.009,10.009,,,SENGKANG WEST AVENUE,22.635
sengkang_west_avenue,Sengkang West Avenue,2110.0,32291.233,41461.791,11.049,10.247,10.247,,,SENGKANG WEST AVENUE,22.225
sengkang_west_avenue,Sengkang West Avenue,2112.0,32293.135,41461.173,11.27,10.486,10.486,,,SENGKANG WEST AVENUE,21.815
sengkang_west_avenue,Sengkang West Avenue,2114.0,32295.037,41460.555,11.241,10.724,10.724,,,SENGKANG WEST AVENUE,21.405
sengkang_west_avenue,Sengkang West Avenue,2116.0,32296.939,41459.937,10.962,10.962,10.962,,,SENGKANG WEST AVENUE,20.996
sengkang_west_avenue,Sengkang West Avenue,2118.0,32298.841,41459.319,10.387,11.049,11.049,,,SENGKANG WEST AVENUE,20.586
sengkang_west_avenue,Sengkang West Avenue,2120.0,32300.743,41458.701,11.074,11.137,11.12,1.973,1.0,SENGKANG WEST AVENUE,20.176
sengkang_west_avenue,Sengkang West Avenue,2122.0,32302.677,41458.196,11.224,11.224,11.12,,,SENGKANG WEST AVENUE,19.882
sengkang_west_avenue,Sengkang West Avenue,2124.0,32304.62,41457.722,11.12,11.12,11.12,,,SENGKANG WEST AVENUE,19.62
sengkang_west_avenue,Sengkang West Avenue,2126.0,32306.563,41457.248,10.165,11.023,11.023,,,SENGKANG WEST AVENUE,19.358
sengkang_west_avenue,Sengkang West Avenue,2128.0,32308.521,41456.844,11.195,10.927,10.927,-2.406,1.0,SENGKANG WEST AVENUE,19.166
sengkang_west_avenue,Sengkang West Avenue,2130.0,32310.493,41456.508,11.445,10.831,10.927,,,SENGKANG WEST AVENUE,19.045
sengkang_west_avenue,Sengkang West Avenue,2132.0,32312.464,41456.173,10.735,10.735,10.927,,,SENGKANG WEST AVENUE,18.923
sengkang_west_avenue,Sengkang West Avenue,2134.0,32314.436,41455.837,10.937,10.937,10.937,,,SENGKANG WEST AVENUE,18.802
sengkang_west_avenue,Sengkang West Avenue,2136.0,32316.407,41455.501,10.12,10.998,10.998,,,SENGKANG WEST AVENUE,18.68
sengkang_west_avenue,Sengkang West Avenue,2138.0,32318.378,41455.162,11.429,11.059,11.059,,,SENGKANG WEST AVENUE,18.554
sengkang_west_avenue,Sengkang West Avenue,2140.0,32320.349,41454.822,10.358,11.119,11.119,,,SENGKANG WEST AVENUE,18.429
sengkang_west_avenue,Sengkang West Avenue,2142.0,32322.32,41454.482,10.074,11.18,11.119,,,SENGKANG WEST AVENUE,18.303
sengkang_west_avenue,Sengkang West Avenue,2144.0,32324.291,41454.142,11.241,11.241,11.119,,,SENGKANG WEST AVENUE,18.177
sengkang_west_avenue,Sengkang West Avenue,2146.0,32326.263,41453.809,11.012,11.012,11.012,,,SENGKANG WEST AVENUE,18.053
sengkang_west_avenue,Sengkang West Avenue,2148.0,32328.242,41453.517,10.054,10.751,10.751,,,SENGKANG WEST AVENUE,17.949
sengkang_west_avenue,Sengkang West Avenue,2150.0,32330.22,41453.225,12.065,10.49,10.49,,,SENGKANG WEST AVENUE,16.793
sengkang_west_avenue,Sengkang West Avenue,2152.0,32332.199,41452.933,11.574,10.229,10.229,,,SENGKANG WEST AVENUE,14.794
sengkang_west_avenue,Sengkang West Avenue,2154.0,32334.177,41452.641,11.129,9.968,9.968,,,SENGKANG WEST AVENUE,12.795
sengkang_west_avenue,Sengkang West Avenue,2156.0,32336.156,41452.349,10.824,9.707,9.707,,,SENGKANG WEST AVENUE,10.796
sengkang_west_avenue,Sengkang West Avenue,2158.0,32338.145,41452.15,9.533,9.446,9.446,,,SENGKANG WEST AVENUE,8.797
sengkang_west_avenue,Sengkang West Avenue,2160.0,32340.138,41451.98,8.745,9.185,9.185,,,SENGKANG WEST AVENUE,6.798
sengkang_west_avenue,Sengkang West Avenue,2162.0,32342.131,41451.81,8.924,8.924,8.924,,,SENGKANG WEST AVENUE,4.799
sengkang_west_avenue,Sengkang West Avenue,2164.0,32344.124,41451.639,8.745,8.745,8.745,,,SENGKANG WEST AVENUE,2.8
sengkang_west_avenue,Sengkang West Avenue,2166.0,32346.116,41451.469,8.579,8.579,8.579,-4.323,1.0,SENGKANG WEST AVENUE,0.8
sengkang_west_avenue,Sengkang West Avenue,2168.0,32348.109,41451.3,8.491,8.491,8.579,,,SENGKANG WEST AVENUE,1.199
sengkang_west_avenue,Sengkang West Avenue,2170.0,32350.102,41451.133,8.516,8.516,8.579,,,SENGKANG WEST AVENUE,3.198
sengkang_west_avenue,Sengkang West Avenue,2172.0,32352.095,41450.967,8.956,8.698,8.698,6.042,1.0,SENGKANG WEST AVENUE,5.197
sengkang_west_avenue,Sengkang West Avenue,2174.0,32354.088,41450.8,8.72,8.88,8.88,6.042,1.0,SENGKANG WEST AVENUE,7.196
sengkang_west_avenue,Sengkang West Avenue,2176.0,32356.081,41450.629,9.062,9.062,9.062,,,SENGKANG WEST AVENUE,9.195
sengkang_west_avenue,Sengkang West Avenue,2178.0,32358.071,41450.432,9.345,9.345,9.062,,,SENGKANG WEST AVENUE,11.194
sengkang_west_avenue,Sengkang West Avenue,2180.0,32360.062,41450.235,9.437,9.141,9.062,-3.131,1.0,SENGKANG WEST AVENUE,13.194
sengkang_west_avenue,Sengkang West Avenue,2182.0,32362.052,41450.039,9.629,8.936,8.936,-3.131,1.0,SENGKANG WEST AVENUE,15.194
sengkang_west_avenue,Sengkang West Avenue,2184.0,32364.042,41449.842,8.731,8.731,8.811,,,SENGKANG WEST AVENUE,17.194
sengkang_west_avenue,Sengkang West Avenue,2186.0,32366.032,41449.646,8.801,8.801,8.811,,,SENGKANG WEST AVENUE,17.655
sengkang_west_avenue,Sengkang West Avenue,2188.0,32368.024,41449.459,8.811,8.811,8.811,,,SENGKANG WEST AVENUE,17.657
sengkang_west_avenue,Sengkang West Avenue,2190.0,32370.015,41449.275,8.826,8.826,8.826,2.156,1.0,SENGKANG WEST AVENUE,17.661
sengkang_west_avenue,Sengkang West Avenue,2192.0,32372.007,41449.09,9.181,8.971,8.971,2.156,1.0,SENGKANG WEST AVENUE,17.665
sengkang_west_avenue,Sengkang West Avenue,2194.0,32373.998,41448.906,9.116,9.116,8.984,,,SENGKANG WEST AVENUE,17.669
sengkang_west_avenue,Sengkang West Avenue,2196.0,32375.99,41448.722,9.101,9.101,8.984,,,SENGKANG WEST AVENUE,17.673
sengkang_west_avenue,Sengkang West Avenue,2198.0,32377.98,41448.529,8.439,8.984,8.984,,,SENGKANG WEST AVENUE,17.669
sengkang_west_avenue,Sengkang West Avenue,2200.0,32379.967,41448.299,9.426,8.866,8.866,-4.406,1.0,SENGKANG WEST AVENUE,17.625
sengkang_west_avenue,Sengkang West Avenue,2202.0,32381.954,41448.07,9.416,8.749,8.749,,,SENGKANG WEST AVENUE,17.575
sengkang_west_avenue,Sengkang West Avenue,2204.0,32383.941,41447.84,8.631,8.631,8.631,,,SENGKANG WEST AVENUE,17.526
sengkang_west_avenue,Sengkang West Avenue,2206.0,32385.927,41447.611,8.611,8.611,8.611,,,SENGKANG WEST AVENUE,17.476
sengkang_west_avenue,Sengkang West Avenue,2208.0,32387.914,41447.381,8.586,8.586,8.601,-0.562,1.0,SENGKANG WEST AVENUE,17.427
sengkang_west_avenue,Sengkang West Avenue,2210.0,32389.902,41447.158,8.464,8.464,8.595,-0.69,1.0,SENGKANG WEST AVENUE,17.383
sengkang_west_avenue,Sengkang West Avenue,2212.0,32391.89,41446.945,8.601,8.601,8.586,,,SENGKANG WEST AVENUE,17.351
sengkang_west_avenue,Sengkang West Avenue,2214.0,32393.879,41446.733,8.595,8.595,8.556,,,SENGKANG WEST AVENUE,17.318
sengkang_west_avenue,Sengkang West Avenue,2216.0,32395.868,41446.52,9.608,8.556,8.556,,,SENGKANG WEST AVENUE,17.286
sengkang_west_avenue,Sengkang West Avenue,2218.0,32397.859,41446.332,9.612,8.518,8.518,,,SENGKANG WEST AVENUE,17.278
sengkang_west_avenue,Sengkang West Avenue,2220.0,32399.85,41446.149,9.395,8.479,8.479,,,SENGKANG WEST AVENUE,17.276
sengkang_west_avenue,Sengkang West Avenue,2222.0,32401.842,41445.967,10.108,8.441,8.441,,,SENGKANG WEST AVENUE,17.273
sengkang_west_avenue,Sengkang West Avenue,2224.0,32403.834,41445.784,10.112,8.402,8.402,,,SENGKANG WEST AVENUE,17.271
sengkang_west_avenue,Sengkang West Avenue,2226.0,32405.825,41445.601,8.364,8.364,8.388,,,SENGKANG WEST AVENUE,17.269
sengkang_west_avenue,Sengkang West Avenue,2228.0,32407.817,41445.419,8.345,8.345,8.388,,,SENGKANG WEST AVENUE,17.266
sengkang_west_avenue,Sengkang West Avenue,2230.0,32409.809,41445.236,8.388,8.388,8.388,3.286,1.0,SENGKANG WEST AVENUE,17.264
sengkang_west_avenue,Sengkang West Avenue,2232.0,32411.8,41445.053,8.439,8.439,8.439,,,SENGKANG WEST AVENUE,17.262
sengkang_west_avenue,Sengkang West Avenue,2234.0,32413.792,41444.871,8.651,8.651,8.651,,,SENGKANG WEST AVENUE,17.259
sengkang_west_avenue,Sengkang West Avenue,2236.0,32415.784,41444.688,9.706,8.913,8.913,,,SENGKANG WEST AVENUE,17.257
sengkang_west_avenue,Sengkang West Avenue,2238.0,32417.775,41444.505,9.711,9.175,9.162,,,SENGKANG WEST AVENUE,17.254
sengkang_west_avenue,Sengkang West Avenue,2240.0,32419.767,41444.323,10.561,9.437,9.162,,,SENGKANG WEST AVENUE,17.252
sengkang_west_avenue,Sengkang West Avenue,2242.0,32421.759,41444.14,10.601,9.162,9.162,,,SENGKANG WEST AVENUE,17.25
sengkang_west_avenue,Sengkang West Avenue,2244.0,32423.753,41443.991,9.251,8.888,8.888,,,SENGKANG WEST AVENUE,17.281
sengkang_west_avenue,Sengkang West Avenue,2246.0,32425.749,41443.863,8.781,8.613,8.613,,,SENGKANG WEST AVENUE,17.333
sengkang_west_avenue,Sengkang West Avenue,2248.0,32427.745,41443.735,8.339,8.339,8.339,,,SENGKANG WEST AVENUE,17.386
sengkang_west_avenue,Sengkang West Avenue,2250.0,32429.74,41443.607,8.326,8.326,8.326,,,SENGKANG WEST AVENUE,17.438
sengkang_west_avenue,Sengkang West Avenue,2252.0,32431.736,41443.479,8.326,8.326,8.326,-0.156,1.0,SENGKANG WEST AVENUE,17.491
sengkang_west_avenue,Sengkang West Avenue,2254.0,32433.73,41443.32,8.32,8.32,8.326,-0.078,1.0,SENGKANG WEST AVENUE,17.512
sengkang_west_avenue,Sengkang West Avenue,2256.0,32435.723,41443.156,8.476,8.476,8.326,-0.299,1.0,SENGKANG WEST AVENUE,17.529
sengkang_west_avenue,Sengkang West Avenue,2258.0,32437.717,41442.993,8.451,8.451,8.32,-0.299,1.0,SENGKANG WEST AVENUE,17.546
sengkang_west_avenue,Sengkang West Avenue,2260.0,32439.71,41442.829,8.282,8.282,8.302,-0.299,1.0,SENGKANG WEST AVENUE,17.562
sengkang_west_avenue,Sengkang West Avenue,2262.0,32441.703,41442.666,8.264,8.264,8.302,-0.221,1.0,SENGKANG WEST AVENUE,17.579
sengkang_west_avenue,Sengkang West Avenue,2264.0,32443.697,41442.502,8.302,8.302,8.302,0.0,1.0,SENGKANG WEST AVENUE,17.596
sengkang_west_avenue,Sengkang West Avenue,2266.0,32445.69,41442.339,8.302,8.302,8.302,0.0,1.0,SENGKANG WEST AVENUE,17.613
sengkang_west_avenue,Sengkang West Avenue,2268.0,32447.683,41442.175,8.402,8.402,8.302,0.0,1.0,SENGKANG WEST AVENUE,17.63
sengkang_west_avenue,Sengkang West Avenue,2270.0,32449.676,41442.012,8.302,8.302,8.302,0.0,1.0,SENGKANG WEST AVENUE,17.646
sengkang_west_avenue,Sengkang West Avenue,2272.0,32451.67,41441.848,8.302,8.302,8.302,-0.104,1.0,SENGKANG WEST AVENUE,17.663
sengkang_west_avenue,Sengkang West Avenue,2274.0,32453.663,41441.685,8.302,8.302,8.302,-0.208,1.0,SENGKANG WEST AVENUE,17.68
sengkang_west_avenue,Sengkang West Avenue,2276.0,32455.656,41441.521,8.285,8.285,8.294,-0.326,1.0,SENGKANG WEST AVENUE,17.697
sengkang_west_avenue,Sengkang West Avenue,2278.0,32457.654,41441.442,8.294,8.294,8.285,-0.639,1.0,SENGKANG WEST AVENUE,17.798
sengkang_west_avenue,Sengkang West Avenue,2280.0,32459.653,41441.386,8.276,8.276,8.276,-0.534,1.0,SENGKANG WEST AVENUE,17.923
sengkang_west_avenue,Sengkang West Avenue,2282.0,32461.653,41441.33,8.251,8.251,8.251,-0.43,1.0,SENGKANG WEST AVENUE,18.047
sengkang_west_avenue,Sengkang West Avenue,2284.0,32463.652,41441.274,8.251,8.251,8.251,-0.312,1.0,SENGKANG WEST AVENUE,18.172
sengkang_west_avenue,Sengkang West Avenue,2286.0,32465.651,41441.218,8.251,8.251,8.251,0.0,1.0,SENGKANG WEST AVENUE,18.296
sengkang_west_avenue,Sengkang West Avenue,2288.0,32467.65,41441.15,8.251,8.251,8.251,0.0,1.0,SENGKANG WEST AVENUE,18.409
sengkang_west_avenue,Sengkang West Avenue,2290.0,32469.648,41441.062,8.251,8.251,8.251,0.0,1.0,SENGKANG WEST AVENUE,18.501
sengkang_west_avenue,Sengkang West Avenue,2292.0,32471.646,41440.973,8.251,8.251,8.251,0.0,1.0,SENGKANG WEST AVENUE,18.592
sengkang_west_avenue,Sengkang West Avenue,2294.0,32473.644,41440.884,8.251,8.251,8.251,0.0,1.0,SENGKANG WEST AVENUE,18.684
sengkang_west_avenue,Sengkang West Avenue,2296.0,32475.642,41440.795,8.251,8.251,8.251,2.266,1.0,SENGKANG WEST AVENUE,18.776
sengkang_west_avenue,Sengkang West Avenue,2298.0,32477.64,41440.707,8.251,8.251,8.251,,,SENGKANG WEST AVENUE,18.868
sengkang_west_avenue,Sengkang West Avenue,2300.0,32479.631,41440.521,8.432,8.432,8.432,,,SENGKANG WEST AVENUE,18.862
sengkang_west_avenue,Sengkang West Avenue,2302.0,32481.621,41440.318,10.045,8.649,8.649,,,SENGKANG WEST AVENUE,18.84
sengkang_west_avenue,Sengkang West Avenue,2304.0,32483.61,41440.116,9.557,8.865,8.865,,,SENGKANG WEST AVENUE,18.817
sengkang_west_avenue,Sengkang West Avenue,2306.0,32485.6,41439.914,8.251,9.081,9.081,,,SENGKANG WEST AVENUE,18.795
sengkang_west_avenue,Sengkang West Avenue,2308.0,32487.59,41439.711,8.245,9.297,9.297,,,SENGKANG WEST AVENUE,18.773
sengkang_west_avenue,Sengkang West Avenue,2310.0,32489.579,41439.501,9.514,9.514,9.297,,,SENGKANG WEST AVENUE,18.743
sengkang_west_avenue,Sengkang West Avenue,2314.0,32493.532,41438.891,9.414,9.414,9.297,,,SENGKANG WEST AVENUE,18.499
sengkang_west_avenue,Sengkang West Avenue,2316.0,32495.509,41438.586,8.251,9.192,9.192,,,SENGKANG WEST AVENUE,18.381
sengkang_west_avenue,Sengkang West Avenue,2318.0,32497.485,41438.277,9.695,8.971,8.971,,,SENGKANG WEST AVENUE,18.258
sengkang_west_avenue,Sengkang West Avenue,2320.0,32499.46,41437.965,9.859,8.75,8.75,,,SENGKANG WEST AVENUE,18.132
sengkang_west_avenue,Sengkang West Avenue,2322.0,32501.435,41437.652,9.844,8.528,8.528,,,SENGKANG WEST AVENUE,18.005
sengkang_west_avenue,Sengkang West Avenue,2324.0,32503.411,41437.34,8.307,8.307,8.307,,,SENGKANG WEST AVENUE,17.879
sengkang_west_avenue,Sengkang West Avenue,2326.0,32505.386,41437.027,8.276,8.276,8.307,,,SENGKANG WEST AVENUE,17.753
sengkang_west_avenue,Sengkang West Avenue,2328.0,32507.369,41436.766,8.276,8.276,8.307,,,SENGKANG WEST AVENUE,17.679
sengkang_west_avenue,Sengkang West Avenue,2330.0,32509.353,41436.51,10.782,8.388,8.388,,,SENGKANG WEST AVENUE,17.609
sengkang_west_avenue,Sengkang West Avenue,2332.0,32511.336,41436.254,8.501,8.621,8.621,,,SENGKANG WEST AVENUE,17.54
sengkang_west_avenue,Sengkang West Avenue,2334.0,32513.32,41435.997,8.47,8.853,8.853,,,SENGKANG WEST AVENUE,17.471
sengkang_west_avenue,Sengkang West Avenue,2336.0,32515.303,41435.741,8.301,9.13,9.13,,,SENGKANG WEST AVENUE,17.401
sengkang_west_avenue,Sengkang West Avenue,2338.0,32517.288,41435.496,8.301,9.408,9.408,,,SENGKANG WEST AVENUE,17.343
sengkang_west_avenue,Sengkang West Avenue,2340.0,32519.28,41435.313,9.907,9.686,9.686,,,SENGKANG WEST AVENUE,17.347
sengkang_west_avenue,Sengkang West Avenue,2342.0,32521.271,41435.131,9.964,9.964,9.939,,,SENGKANG WEST AVENUE,17.352
sengkang_west_avenue,Sengkang West Avenue,2344.0,32523.263,41434.948,9.97,9.97,9.964,,,SENGKANG WEST AVENUE,17.357
sengkang_west_avenue,Sengkang West Avenue,2346.0,32525.254,41434.766,9.939,9.939,9.97,0.0,1.0,SENGKANG WEST AVENUE,17.362
sengkang_west_avenue,Sengkang West Avenue,2348.0,32527.233,41434.492,10.026,10.026,9.97,,,SENGKANG WEST AVENUE,17.275
sengkang_west_avenue,Sengkang West Avenue,2350.0,32529.194,41434.099,10.039,10.039,9.939,,,SENGKANG WEST AVENUE,17.066
sengkang_west_avenue,Sengkang West Avenue,2352.0,32531.155,41433.705,8.426,9.885,9.885,,,SENGKANG WEST AVENUE,16.858
sengkang_west_avenue,Sengkang West Avenue,2354.0,32533.116,41433.312,10.039,9.732,9.732,,,SENGKANG WEST AVENUE,16.65
sengkang_west_avenue,Sengkang West Avenue,2356.0,32535.076,41432.918,9.426,9.443,9.443,,,SENGKANG WEST AVENUE,16.442
sengkang_west_avenue,Sengkang West Avenue,2358.0,32537.044,41432.561,9.326,9.154,9.154,,,SENGKANG WEST AVENUE,16.271
sengkang_west_avenue,Sengkang West Avenue,2360.0,32539.019,41432.243,8.551,8.865,8.865,,,SENGKANG WEST AVENUE,16.139
sengkang_west_avenue,Sengkang West Avenue,2362.0,32540.993,41431.925,8.576,8.576,8.576,,,SENGKANG WEST AVENUE,16.007
sengkang_west_avenue,Sengkang West Avenue,2364.0,32542.968,41431.608,8.473,8.473,8.576,,,SENGKANG WEST AVENUE,15.876
sengkang_west_avenue,Sengkang West Avenue,2366.0,32544.942,41431.29,8.478,8.478,8.576,3.898,1.0,SENGKANG WEST AVENUE,15.744
sengkang_west_avenue,Sengkang West Avenue,2368.0,32546.939,41431.21,8.999,8.704,8.704,4.433,1.0,SENGKANG WEST AVENUE,15.852
sengkang_west_avenue,Sengkang West Avenue,2370.0,32548.938,41431.162,8.931,8.931,8.888,,,SENGKANG WEST AVENUE,15.991
sengkang_west_avenue,Sengkang West Avenue,2372.0,32550.938,41431.114,8.888,8.888,8.931,,,SENGKANG WEST AVENUE,16.131
sengkang_west_avenue,Sengkang West Avenue,2374.0,32552.937,41431.066,9.106,9.185,9.185,,,SENGKANG WEST AVENUE,16.27
sengkang_west_avenue,Sengkang West Avenue,2376.0,32554.937,41431.018,9.483,9.483,9.483,,,SENGKANG WEST AVENUE,16.409
sengkang_west_avenue,Sengkang West Avenue,2378.0,32556.936,41431.014,10.251,9.613,9.483,,,SENGKANG WEST AVENUE,16.592
sengkang_west_avenue,Sengkang West Avenue,2380.0,32558.935,41431.074,9.72,9.743,9.483,,,SENGKANG WEST AVENUE,16.839
sengkang_west_avenue,Sengkang West Avenue,2382.0,32560.934,41431.134,9.873,9.465,9.465,,,SENGKANG WEST AVENUE,17.086
sengkang_west_avenue,Sengkang West Avenue,2384.0,32562.933,41431.194,9.652,9.188,9.188,,,SENGKANG WEST AVENUE,17.333
sengkang_west_avenue,Sengkang West Avenue,2386.0,32564.932,41431.254,8.503,8.94,8.94,,,SENGKANG WEST AVENUE,17.58
sengkang_west_avenue,Sengkang West Avenue,2388.0,32566.931,41431.314,8.691,8.691,8.94,,,SENGKANG WEST AVENUE,17.827
sengkang_west_avenue,Sengkang West Avenue,2390.0,32568.927,41431.265,8.841,8.841,8.94,,,SENGKANG WEST AVENUE,17.965
sengkang_west_avenue,Sengkang West Avenue,2392.0,32570.92,41431.092,8.335,9.041,9.041,,,SENGKANG WEST AVENUE,17.98
sengkang_west_avenue,Sengkang West Avenue,2394.0,32572.912,41430.919,10.687,9.24,9.24,,,SENGKANG WEST AVENUE,17.994
sengkang_west_avenue,Sengkang West Avenue,2396.0,32574.905,41430.746,11.767,9.44,9.44,,,SENGKANG WEST AVENUE,18.008
sengkang_west_avenue,Sengkang West Avenue,2398.0,32576.881,41430.446,11.107,9.639,9.639,,,SENGKANG WEST AVENUE,17.895
sengkang_west_avenue,Sengkang West Avenue,2400.0,32578.855,41430.122,10.087,9.839,9.839,,,SENGKANG WEST AVENUE,17.757
sengkang_west_avenue,Sengkang West Avenue,2402.0,32580.829,41429.799,10.52,10.038,10.038,,,SENGKANG WEST AVENUE,17.62
sengkang_west_avenue,Sengkang West Avenue,2404.0,32582.802,41429.475,10.238,10.238,10.047,,,SENGKANG WEST AVENUE,17.482
sengkang_west_avenue,Sengkang West Avenue,2406.0,32584.776,41429.152,10.441,10.142,10.047,,,SENGKANG WEST AVENUE,17.345
sengkang_west_avenue,Sengkang West Avenue,2408.0,32586.765,41428.941,10.047,10.047,10.142,2.537,1.0,SENGKANG WEST AVENUE,17.322
sengkang_west_avenue,Sengkang West Avenue,2410.0,32588.754,41428.731,9.964,9.964,10.142,4.693,1.0,SENGKANG WEST AVENUE,17.299
sengkang_west_avenue,Sengkang West Avenue,2412.0,32590.743,41428.521,8.478,10.25,10.25,6.848,1.0,SENGKANG WEST AVENUE,17.276
sengkang_west_avenue,Sengkang West Avenue,2414.0,32592.732,41428.312,10.536,10.536,10.536,6.848,1.0,SENGKANG WEST AVENUE,17.254
sengkang_west_avenue,Sengkang West Avenue,2416.0,32594.721,41428.102,8.212,10.741,10.69,,,SENGKANG WEST AVENUE,17.231
sengkang_west_avenue,Sengkang West Avenue,2418.0,32596.71,41427.892,10.946,10.946,10.69,,,SENGKANG WEST AVENUE,17.208
sengkang_west_avenue,Sengkang West Avenue,2420.0,32598.699,41427.682,11.364,10.69,10.69,,,SENGKANG WEST AVENUE,17.185
sengkang_west_avenue,Sengkang West Avenue,2422.0,32600.688,41427.472,11.489,10.435,10.435,,,SENGKANG WEST AVENUE,17.163
sengkang_west_avenue,Sengkang West Avenue,2424.0,32602.677,41427.263,10.331,10.179,10.179,,,SENGKANG WEST AVENUE,17.14
sengkang_west_avenue,Sengkang West Avenue,2426.0,32604.666,41427.053,8.377,9.924,9.924,,,SENGKANG WEST AVENUE,17.117
sengkang_west_avenue,Sengkang West Avenue,2428.0,32606.655,41426.843,8.102,9.816,9.924,,,SENGKANG WEST AVENUE,17.095
sengkang_west_avenue,Sengkang West Avenue,2430.0,32608.643,41426.633,8.827,9.708,9.924,,,SENGKANG WEST AVENUE,17.072
sengkang_west_avenue,Sengkang West Avenue,2432.0,32610.632,41426.423,8.856,9.925,9.925,,,SENGKANG WEST AVENUE,17.049
sengkang_west_avenue,Sengkang West Avenue,2434.0,32612.625,41426.259,9.493,10.141,10.141,,,SENGKANG WEST AVENUE,17.073
sengkang_west_avenue,Sengkang West Avenue,2436.0,32614.621,41426.12,10.006,10.357,10.357,,,SENGKANG WEST AVENUE,17.121
sengkang_west_avenue,Sengkang West Avenue,2438.0,32616.616,41425.981,10.539,10.574,10.574,,,SENGKANG WEST AVENUE,17.17
sengkang_west_avenue,Sengkang West Avenue,2440.0,32618.611,41425.843,10.252,10.79,10.79,,,SENGKANG WEST AVENUE,17.218
sengkang_west_avenue,Sengkang West Avenue,2442.0,32620.606,41425.704,11.041,11.041,11.041,,,SENGKANG WEST AVENUE,17.267
sengkang_west_avenue,Sengkang West Avenue,2444.0,32622.602,41425.572,11.877,11.118,11.118,,,SENGKANG WEST AVENUE,17.323
sengkang_west_avenue,Sengkang West Avenue,2446.0,32624.602,41425.578,9.203,11.195,11.195,,,SENGKANG WEST AVENUE,17.516
sengkang_west_avenue,Sengkang West Avenue,2448.0,32626.602,41425.584,10.532,11.272,11.272,,,SENGKANG WEST AVENUE,17.709
sengkang_west_avenue,Sengkang West Avenue,2450.0,32628.602,41425.589,9.115,11.349,11.349,,,SENGKANG WEST AVENUE,17.901
sengkang_west_avenue,Sengkang West Avenue,2452.0,32630.602,41425.595,10.445,11.426,11.426,,,SENGKANG WEST AVENUE,18.094
sengkang_west_avenue,Sengkang West Avenue,2454.0,32632.602,41425.6,11.16,11.503,11.503,,,SENGKANG WEST AVENUE,18.287
sengkang_west_avenue,Sengkang West Avenue,2456.0,32634.6,41425.553,11.0,11.58,11.56,,,SENGKANG WEST AVENUE,18.427
sengkang_west_avenue,Sengkang West Avenue,2458.0,32636.598,41425.451,11.657,11.657,11.56,,,SENGKANG WEST AVENUE,18.512
sengkang_west_avenue,Sengkang West Avenue,2460.0,32638.595,41425.349,9.31,11.56,11.58,,,SENGKANG WEST AVENUE,18.598
sengkang_west_avenue,Sengkang West Avenue,2462.0,32640.592,41425.247,11.464,11.464,11.56,,,SENGKANG WEST AVENUE,18.683
sengkang_west_avenue,Sengkang West Avenue,2464.0,32642.576,41425.027,11.601,11.601,11.464,,,SENGKANG WEST AVENUE,18.65
sengkang_west_avenue,Sengkang West Avenue,2466.0,32644.54,41424.652,11.829,11.4,11.4,,,SENGKANG WEST AVENUE,18.46
sengkang_west_avenue,Sengkang West Avenue,2468.0,32646.504,41424.276,13.57,11.198,11.198,,,SENGKANG WEST AVENUE,18.27
sengkang_west_avenue,Sengkang West Avenue,2470.0,32648.469,41423.901,12.411,10.837,10.837,,,SENGKANG WEST AVENUE,18.08
sengkang_west_avenue,Sengkang West Avenue,2472.0,32650.433,41423.525,12.976,10.477,10.477,,,SENGKANG WEST AVENUE,17.89
sengkang_west_avenue,Sengkang West Avenue,2474.0,32652.398,41423.15,13.687,10.116,10.116,,,SENGKANG WEST AVENUE,17.701
sengkang_west_avenue,Sengkang West Avenue,2476.0,32654.362,41422.774,9.581,,9.755,,,SENGKANG WEST AVENUE,17.511
sengkang_west_avenue,Sengkang West Avenue,2478.0,32656.327,41422.399,10.54,9.394,9.394,,,SENGKANG WEST AVENUE,17.321
sengkang_west_avenue,Sengkang West Avenue,2480.0,32658.291,41422.023,11.066,9.034,9.034,,,SENGKANG WEST AVENUE,17.131
sengkang_west_avenue,Sengkang West Avenue,2482.0,32660.256,41421.648,9.157,8.673,8.673,,,SENGKANG WEST AVENUE,16.941
sengkang_west_avenue,Sengkang West Avenue,2484.0,32662.22,41421.272,7.762,8.312,8.312,,,SENGKANG WEST AVENUE,16.751
sengkang_west_avenue,Sengkang West Avenue,2486.0,32664.184,41420.897,7.665,8.22,8.307,,,SENGKANG WEST AVENUE,16.561
sengkang_west_avenue,Sengkang West Avenue,2488.0,32666.149,41420.521,7.576,8.129,8.307,,,SENGKANG WEST AVENUE,16.371
sengkang_west_avenue,Sengkang West Avenue,2490.0,32668.113,41420.146,7.679,8.307,8.307,,,SENGKANG WEST AVENUE,16.181
sengkang_west_avenue,Sengkang West Avenue,2492.0,32670.078,41419.77,12.588,8.484,8.484,,,SENGKANG WEST AVENUE,15.991
sengkang_west_avenue,Sengkang West Avenue,2494.0,32672.042,41419.395,8.282,8.662,8.662,,,SENGKANG WEST AVENUE,15.801
sengkang_west_avenue,Sengkang West Avenue,2496.0,32674.007,41419.019,9.473,8.84,8.84,,,SENGKANG WEST AVENUE,15.611
sengkang_west_avenue,Sengkang West Avenue,2498.0,32675.971,41418.644,9.301,9.017,9.017,,,SENGKANG WEST AVENUE,15.421
sengkang_west_avenue,Sengkang West Avenue,2500.0,32677.935,41418.268,10.922,9.195,9.017,,,SENGKANG WEST AVENUE,15.231
sengkang_west_avenue,Sengkang West Avenue,2502.0,32679.9,41417.893,9.853,9.089,9.017,,,SENGKANG WEST AVENUE,15.041
sengkang_west_avenue,Sengkang West Avenue,2504.0,32681.864,41417.517,10.103,8.984,8.984,,,SENGKANG WEST AVENUE,14.851
sengkang_west_avenue,Sengkang West Avenue,2506.0,32683.829,41417.142,8.878,8.878,8.878,,,SENGKANG WEST AVENUE,14.661
sengkang_west_avenue,Sengkang West Avenue,2508.0,32685.793,41416.766,8.661,8.661,8.878,,,SENGKANG WEST AVENUE,14.471
sengkang_west_avenue,Sengkang West Avenue,2510.0,32687.759,41416.553,7.115,8.817,8.878,,,SENGKANG WEST AVENUE,14.443
sengkang_west_avenue,Sengkang West Avenue,2550.0,32727.173,41423.372,7.839,8.974,8.974,,,SENGKANG WEST AVENUE,21.789
sengkang_west_avenue,Sengkang West Avenue,2552.0,32729.144,41423.713,8.878,9.13,9.13,,,SENGKANG WEST AVENUE,21.858
sengkang_west_avenue,Sengkang West Avenue,2554.0,32731.115,41424.054,8.843,9.286,9.286,,,SENGKANG WEST AVENUE,21.928
sengkang_west_avenue,Sengkang West Avenue,2556.0,32733.086,41424.395,9.216,9.443,9.443,,,SENGKANG WEST AVENUE,21.998
sengkang_west_avenue,Sengkang West Avenue,2558.0,32735.056,41424.736,9.599,9.599,9.599,,,SENGKANG WEST AVENUE,22.067
sengkang_west_avenue,Sengkang West Avenue,2560.0,32737.027,41425.077,10.212,9.763,9.625,,,SENGKANG WEST AVENUE,21.894
sengkang_west_avenue,Sengkang West Avenue,2562.0,32738.998,41425.418,7.337,9.694,9.625,,,SENGKANG WEST AVENUE,21.655
sengkang_west_avenue,Sengkang West Avenue,2564.0,32740.968,41425.759,7.566,9.625,9.625,,,SENGKANG WEST AVENUE,21.415
sengkang_west_avenue,Sengkang West Avenue,2566.0,32742.939,41426.1,10.991,9.34,9.34,,,SENGKANG WEST AVENUE,21.176
sengkang_west_avenue,Sengkang West Avenue,2568.0,32744.91,41426.441,9.074,9.055,9.055,,,SENGKANG WEST AVENUE,20.937
sengkang_west_avenue,Sengkang West Avenue,2570.0,32746.893,41426.666,10.778,8.77,8.77,,,SENGKANG WEST AVENUE,20.584
sengkang_west_avenue,Sengkang West Avenue,2572.0,32748.891,41426.744,7.303,8.521,8.521,,,SENGKANG WEST AVENUE,20.085
sengkang_west_avenue,Sengkang West Avenue,2574.0,32750.89,41426.822,8.003,8.272,8.272,,,SENGKANG WEST AVENUE,19.586
sengkang_west_avenue,Sengkang West Avenue,2576.0,32752.888,41426.901,8.023,8.023,8.023,,,SENGKANG WEST AVENUE,19.088
sengkang_west_avenue,Sengkang West Avenue,2578.0,32754.887,41426.979,9.823,7.825,8.023,,,SENGKANG WEST AVENUE,18.529
sengkang_west_avenue,Sengkang West Avenue,2580.0,32756.851,41427.257,7.628,8.023,8.023,,,SENGKANG WEST AVENUE,18.083
sengkang_west_avenue,Sengkang West Avenue,2582.0,32758.759,41427.857,7.553,8.311,8.311,,,SENGKANG WEST AVENUE,17.957
sengkang_west_avenue,Sengkang West Avenue,2584.0,32760.667,41428.456,7.543,8.599,8.599,,,SENGKANG WEST AVENUE,17.831
sengkang_west_avenue,Sengkang West Avenue,2586.0,32762.575,41429.055,10.383,8.814,8.814,,,SENGKANG WEST AVENUE,17.705
sengkang_west_avenue,Sengkang West Avenue,2588.0,32764.483,41429.655,10.773,9.03,9.03,,,SENGKANG WEST AVENUE,17.579
sengkang_west_avenue,Sengkang West Avenue,2590.0,32766.391,41430.254,10.818,9.245,9.191,,,SENGKANG WEST AVENUE,17.453
sengkang_west_avenue,Sengkang West Avenue,2592.0,32768.261,41430.961,8.267,9.461,9.191,,,SENGKANG WEST AVENUE,17.442
sengkang_west_avenue,Sengkang West Avenue,2594.0,32770.119,41431.701,8.693,9.191,9.191,,,SENGKANG WEST AVENUE,17.465
sengkang_west_avenue,Sengkang West Avenue,2596.0,32771.977,41432.44,9.903,8.92,8.92,,,SENGKANG WEST AVENUE,17.487
sengkang_west_avenue,Sengkang West Avenue,2598.0,32773.836,41433.18,9.243,8.65,8.65,,,SENGKANG WEST AVENUE,17.51
sengkang_west_avenue,Sengkang West Avenue,2600.0,32775.694,41433.919,8.808,8.38,8.38,,,SENGKANG WEST AVENUE,17.533
sengkang_west_avenue,Sengkang West Avenue,2602.0,32777.552,41434.658,9.091,8.11,8.11,,,SENGKANG WEST AVENUE,17.555
sengkang_west_avenue,Sengkang West Avenue,2604.0,32779.429,41435.35,7.839,7.839,7.839,,,SENGKANG WEST AVENUE,17.527
sengkang_west_avenue,Sengkang West Avenue,2606.0,32781.307,41436.037,7.759,7.575,7.575,,,SENGKANG WEST AVENUE,17.493
sengkang_west_avenue,Sengkang West Avenue,2608.0,32783.185,41436.723,7.31,7.31,7.342,-7.315,1.0,SENGKANG WEST AVENUE,17.459
sengkang_west_avenue,Sengkang West Avenue,2610.0,32785.064,41437.41,7.342,7.342,7.31,-4.204,1.0,SENGKANG WEST AVENUE,17.425
sengkang_west_avenue,Sengkang West Avenue,2612.0,32786.942,41438.096,7.217,7.217,7.254,-1.094,1.0,SENGKANG WEST AVENUE,17.391
sengkang_west_avenue,Sengkang West Avenue,2614.0,32788.821,41438.783,7.254,7.254,7.254,-0.703,1.0,SENGKANG WEST AVENUE,17.358
sengkang_west_avenue,Sengkang West Avenue,2616.0,32790.699,41439.469,7.223,7.223,7.254,,,SENGKANG WEST AVENUE,17.324
sengkang_west_avenue,Sengkang West Avenue,2618.0,32792.578,41440.156,7.254,7.254,7.254,,,SENGKANG WEST AVENUE,17.29
sengkang_west_avenue,Sengkang West Avenue,2620.0,32794.456,41440.843,7.894,7.342,7.342,,,SENGKANG WEST AVENUE,17.256
sengkang_west_avenue,Sengkang West Avenue,2622.0,32796.335,41441.529,8.104,7.617,7.617,,,SENGKANG WEST AVENUE,17.222
sengkang_west_avenue,Sengkang West Avenue,2624.0,32798.213,41442.216,7.517,7.892,7.892,,,SENGKANG WEST AVENUE,17.188
sengkang_west_avenue,Sengkang West Avenue,2626.0,32800.092,41442.902,7.585,8.167,8.167,,,SENGKANG WEST AVENUE,17.154
sengkang_west_avenue,Sengkang West Avenue,2628.0,32801.996,41443.511,7.542,8.304,8.304,,,SENGKANG WEST AVENUE,17.038
sengkang_west_avenue,Sengkang West Avenue,2630.0,32803.91,41444.091,8.148,8.44,8.304,,,SENGKANG WEST AVENUE,16.893
sengkang_west_avenue,Sengkang West Avenue,2632.0,32805.824,41444.672,8.892,8.343,8.304,,,SENGKANG WEST AVENUE,16.747
sengkang_west_avenue,Sengkang West Avenue,2634.0,32807.738,41445.253,8.904,8.246,8.246,,,SENGKANG WEST AVENUE,16.602
sengkang_west_avenue,Sengkang West Avenue,2636.0,32809.652,41445.834,14.441,8.15,8.15,,,SENGKANG WEST AVENUE,16.457
sengkang_west_avenue,Sengkang West Avenue,2638.0,32811.557,41446.44,14.441,8.053,8.053,,,SENGKANG WEST AVENUE,16.338
sengkang_west_avenue,Sengkang West Avenue,2640.0,32813.436,41447.126,13.799,7.956,7.956,,,SENGKANG WEST AVENUE,16.304
sengkang_west_avenue,Sengkang West Avenue,2642.0,32815.314,41447.812,14.613,7.86,7.86,,,SENGKANG WEST AVENUE,16.269
sengkang_west_avenue,Sengkang West Avenue,2644.0,32817.193,41448.498,14.413,7.763,7.763,,,SENGKANG WEST AVENUE,16.234
sengkang_west_avenue,Sengkang West Avenue,2646.0,32819.072,41449.183,14.403,7.666,7.666,,,SENGKANG WEST AVENUE,16.2
sengkang_west_avenue,Sengkang West Avenue,2648.0,32820.951,41449.869,7.929,7.569,7.569,,,SENGKANG WEST AVENUE,16.165
sengkang_west_avenue,Sengkang West Avenue,2650.0,32822.829,41450.555,7.96,7.473,7.473,,,SENGKANG WEST AVENUE,16.13
sengkang_west_avenue,Sengkang West Avenue,2652.0,32824.708,41451.241,7.267,7.376,7.376,,,SENGKANG WEST AVENUE,16.095
sengkang_west_avenue,Sengkang West Avenue,2654.0,32826.587,41451.927,7.279,7.279,7.367,,,SENGKANG WEST AVENUE,16.061
sengkang_west_avenue,Sengkang West Avenue,2656.0,32828.466,41452.612,7.298,7.298,7.367,,,SENGKANG WEST AVENUE,16.026
sengkang_west_avenue,Sengkang West Avenue,2658.0,32830.344,41453.298,7.367,7.367,7.367,2.227,1.0,SENGKANG WEST AVENUE,15.991
sengkang_west_avenue,Sengkang West Avenue,2660.0,32832.223,41453.984,7.729,7.545,7.479,3.97,1.0,SENGKANG WEST AVENUE,15.957
sengkang_west_avenue,Sengkang West Avenue,2662.0,32834.102,41454.67,7.723,7.723,7.545,,,SENGKANG WEST AVENUE,15.922
sengkang_west_avenue,Sengkang West Avenue,2664.0,32835.965,41455.395,7.479,7.479,7.684,,,SENGKANG WEST AVENUE,15.929
sengkang_west_avenue,Sengkang West Avenue,2666.0,32837.807,41456.175,7.542,7.684,7.723,,,SENGKANG WEST AVENUE,15.996
sengkang_west_avenue,Sengkang West Avenue,2668.0,32839.648,41456.955,7.96,7.979,7.979,,,SENGKANG WEST AVENUE,16.062
sengkang_west_avenue,Sengkang West Avenue,2670.0,32841.49,41457.735,7.642,8.274,8.274,,,SENGKANG WEST AVENUE,16.129
sengkang_west_avenue,Sengkang West Avenue,2672.0,32843.331,41458.515,7.66,8.569,8.569,,,SENGKANG WEST AVENUE,16.196
sengkang_west_avenue,Sengkang West Avenue,2674.0,32845.267,41458.973,7.66,8.866,8.866,,,SENGKANG WEST AVENUE,15.928
sengkang_west_avenue,Sengkang West Avenue,2676.0,32847.239,41459.305,10.204,9.163,9.163,,,SENGKANG WEST AVENUE,15.53
sengkang_west_avenue,Sengkang West Avenue,2678.0,32849.211,41459.638,10.142,9.46,9.46,,,SENGKANG WEST AVENUE,15.132
sengkang_west_avenue,Sengkang West Avenue,2680.0,32851.184,41459.97,9.929,9.757,9.757,,,SENGKANG WEST AVENUE,14.734
sengkang_west_avenue,Sengkang West Avenue,2682.0,32853.156,41460.303,10.054,10.054,9.758,,,SENGKANG WEST AVENUE,14.336
sengkang_west_avenue,Sengkang West Avenue,2684.0,32855.128,41460.635,10.941,9.906,9.758,,,SENGKANG WEST AVENUE,13.938
sengkang_west_avenue,Sengkang West Avenue,2686.0,32857.1,41460.968,11.142,9.758,9.758,,,SENGKANG WEST AVENUE,13.54
sengkang_west_avenue,Sengkang West Avenue,2688.0,32859.067,41461.329,9.61,9.61,9.61,,,SENGKANG WEST AVENUE,13.171
sengkang_west_avenue,Sengkang West Avenue,2690.0,32861.034,41461.694,9.91,9.516,9.516,,,SENGKANG WEST AVENUE,12.805
sengkang_west_avenue,Sengkang West Avenue,2692.0,32863.0,41462.059,11.142,9.421,9.421,,,SENGKANG WEST AVENUE,12.44
sengkang_west_avenue,Sengkang West Avenue,2694.0,32864.894,41462.671,11.167,9.327,9.327,,,SENGKANG WEST AVENUE,12.33
sengkang_west_avenue,Sengkang West Avenue,2696.0,32866.745,41463.428,7.791,9.232,9.232,,,SENGKANG WEST AVENUE,12.372
sengkang_west_avenue,Sengkang West Avenue,2698.0,32868.596,41464.186,8.116,9.137,9.137,,,SENGKANG WEST AVENUE,12.415
sengkang_west_avenue,Sengkang West Avenue,2700.0,32870.447,41464.944,8.179,9.043,9.043,,,SENGKANG WEST AVENUE,12.457
sengkang_west_avenue,Sengkang West Avenue,2702.0,32872.297,41465.702,8.948,8.948,8.948,,,SENGKANG WEST AVENUE,12.5
sengkang_west_avenue,Sengkang West Avenue,2704.0,32874.148,41466.459,8.929,8.776,8.81,,,SENGKANG WEST AVENUE,12.542
sengkang_west_avenue,Sengkang West Avenue,2706.0,32875.999,41467.217,8.604,8.604,8.81,,,SENGKANG WEST AVENUE,12.585
sengkang_west_avenue,Sengkang West Avenue,2708.0,32877.85,41467.975,8.273,8.81,8.81,,,SENGKANG WEST AVENUE,12.627
sengkang_west_avenue,Sengkang West Avenue,2710.0,32879.701,41468.733,8.185,9.016,9.016,5.151,1.0,SENGKANG WEST AVENUE,12.669
sengkang_west_avenue,Sengkang West Avenue,2712.0,32881.552,41469.49,8.71,9.222,9.222,,,SENGKANG WEST AVENUE,12.712
sengkang_west_avenue,Sengkang West Avenue,2714.0,32883.403,41470.248,7.116,9.428,9.222,,,SENGKANG WEST AVENUE,12.754
sengkang_west_avenue,Sengkang West Avenue,2716.0,32885.254,41471.006,10.146,9.263,9.222,,,SENGKANG WEST AVENUE,12.797
sengkang_west_avenue,Sengkang West Avenue,2718.0,32887.105,41471.764,9.89,9.099,9.099,,,SENGKANG WEST AVENUE,12.839
sengkang_west_avenue,Sengkang West Avenue,2720.0,32888.956,41472.521,8.934,8.934,8.934,,,SENGKANG WEST AVENUE,12.882
sengkang_west_avenue,Sengkang West Avenue,2722.0,32890.854,41473.136,9.221,8.737,8.737,,,SENGKANG WEST AVENUE,12.773
sengkang_west_avenue,Sengkang West Avenue,2724.0,32892.79,41473.638,8.234,8.54,8.54,,,SENGKANG WEST AVENUE,12.546
sengkang_west_avenue,Sengkang West Avenue,2726.0,32894.726,41474.14,9.338,8.277,8.277,,,SENGKANG WEST AVENUE,12.319
sengkang_west_avenue,Sengkang West Avenue,2728.0,32896.662,41474.641,7.563,8.014,8.014,,,SENGKANG WEST AVENUE,12.092
sengkang_west_avenue,Sengkang West Avenue,2730.0,32898.592,41475.162,7.744,7.822,7.822,,,SENGKANG WEST AVENUE,11.885
sengkang_west_avenue,Sengkang West Avenue,2732.0,32900.47,41475.851,7.027,7.629,7.629,,,SENGKANG WEST AVENUE,11.849
sengkang_west_avenue,Sengkang West Avenue,2734.0,32902.348,41476.539,7.027,7.436,7.436,,,SENGKANG WEST AVENUE,11.813
sengkang_west_avenue,Sengkang West Avenue,2736.0,32904.226,41477.228,7.244,7.244,7.339,,,SENGKANG WEST AVENUE,11.777
sengkang_west_avenue,Sengkang West Avenue,2738.0,32906.103,41477.916,7.127,7.127,7.339,,,SENGKANG WEST AVENUE,11.742
sengkang_west_avenue,Sengkang West Avenue,2740.0,32907.981,41478.605,7.069,7.339,7.339,,,SENGKANG WEST AVENUE,11.706
sengkang_west_avenue,Sengkang West Avenue,2742.0,32909.859,41479.293,6.934,7.551,7.551,,,SENGKANG WEST AVENUE,11.67
sengkang_west_avenue,Sengkang West Avenue,2744.0,32911.737,41479.982,10.534,7.706,7.688,,,SENGKANG WEST AVENUE,11.634
sengkang_west_avenue,Sengkang West Avenue,2746.0,32913.607,41480.69,9.132,7.861,7.688,,,SENGKANG WEST AVENUE,11.619
sengkang_west_avenue,Sengkang West Avenue,2748.0,32915.476,41481.401,9.082,7.688,7.688,,,SENGKANG WEST AVENUE,11.607
sengkang_west_avenue,Sengkang West Avenue,2750.0,32917.346,41482.112,7.819,7.516,7.516,,,SENGKANG WEST AVENUE,11.595
sengkang_west_avenue,Sengkang West Avenue,2752.0,32919.215,41482.823,7.344,7.344,7.344,,,SENGKANG WEST AVENUE,11.583
sengkang_west_avenue,Sengkang West Avenue,2754.0,32921.085,41483.534,7.327,7.327,7.327,,,SENGKANG WEST AVENUE,11.571
sengkang_west_avenue,Sengkang West Avenue,2756.0,32922.954,41484.244,7.327,7.327,7.327,,,SENGKANG WEST AVENUE,11.559
sengkang_west_avenue,Sengkang West Avenue,2758.0,32924.823,41484.955,7.327,7.327,7.327,-7.408,1.0,SENGKANG WEST AVENUE,11.547
sengkang_west_avenue,Sengkang West Avenue,2760.0,32926.693,41485.666,7.327,7.031,7.031,-7.408,1.0,SENGKANG WEST AVENUE,11.535
sengkang_west_avenue,Sengkang West Avenue,2762.0,32928.562,41486.377,6.734,6.734,6.734,-7.408,1.0,SENGKANG WEST AVENUE,11.522
sengkang_west_avenue,Sengkang West Avenue,2764.0,32930.432,41487.087,6.734,6.734,6.734,-3.704,1.0,SENGKANG WEST AVENUE,11.51
sengkang_west_avenue,Sengkang West Avenue,2766.0,32932.301,41487.798,6.734,6.734,6.734,0.0,1.0,SENGKANG WEST AVENUE,11.498
sengkang_west_avenue,Sengkang West Avenue,2768.0,32934.181,41488.48,6.734,6.734,6.734,0.0,1.0,SENGKANG WEST AVENUE,11.456
sengkang_west_avenue,Sengkang West Avenue,2770.0,32936.066,41489.15,6.734,6.734,6.734,0.0,1.0,SENGKANG WEST AVENUE,11.399
sengkang_west_avenue,Sengkang West Avenue,2772.0,32937.95,41489.819,6.734,6.734,6.734,0.0,1.0,SENGKANG WEST AVENUE,11.343
sengkang_west_avenue,Sengkang West Avenue,2774.0,32939.835,41490.488,6.734,6.734,6.734,0.0,1.0,SENGKANG WEST AVENUE,11.287
sengkang_west_avenue,Sengkang West Avenue,2776.0,32941.72,41491.158,6.734,6.734,6.734,0.0,1.0,SENGKANG WEST AVENUE,11.231
sengkang_west_avenue,Sengkang West Avenue,2778.0,32943.604,41491.827,6.734,6.734,6.734,0.0,1.0,SENGKANG WEST AVENUE,11.174
sengkang_west_avenue,Sengkang West Avenue,2780.0,32945.493,41492.484,6.747,6.747,6.734,0.156,1.0,SENGKANG WEST AVENUE,11.105
sengkang_west_avenue,Sengkang West Avenue,2782.0,32947.4,41493.089,6.734,6.734,6.734,,,SENGKANG WEST AVENUE,10.981
sengkang_west_avenue,Sengkang West Avenue,2784.0,32949.306,41493.695,6.734,6.734,6.747,,,SENGKANG WEST AVENUE,10.857
sengkang_west_avenue,Sengkang West Avenue,2786.0,32951.212,41494.3,6.759,6.928,6.928,,,SENGKANG WEST AVENUE,10.734
sengkang_west_avenue,Sengkang West Avenue,2788.0,32953.122,41494.893,6.747,7.182,7.182,,,SENGKANG WEST AVENUE,10.597
sengkang_west_avenue,Sengkang West Avenue,2790.0,32955.041,41495.457,6.994,7.436,7.436,,,SENGKANG WEST AVENUE,10.431
sengkang_west_avenue,Sengkang West Avenue,2792.0,32956.959,41496.021,7.044,7.712,7.712,,,SENGKANG WEST AVENUE,10.264
sengkang_west_avenue,Sengkang West Avenue,2794.0,32958.878,41496.586,7.027,7.987,7.987,,,SENGKANG WEST AVENUE,10.097
sengkang_west_avenue,Sengkang West Avenue,2796.0,32960.797,41497.15,9.026,8.262,8.262,,,SENGKANG WEST AVENUE,9.93
sengkang_west_avenue,Sengkang West Avenue,2798.0,32962.715,41497.718,11.282,8.537,8.537,,,SENGKANG WEST AVENUE,9.768
sengkang_west_avenue,Sengkang West Avenue,2800.0,32964.632,41498.287,9.026,8.812,8.537,,,SENGKANG WEST AVENUE,9.607
sengkang_west_avenue,Sengkang West Avenue,2802.0,32966.549,41498.857,11.11,8.599,8.537,,,SENGKANG WEST AVENUE,9.446
sengkang_west_avenue,Sengkang West Avenue,2804.0,32968.466,41499.427,10.86,8.385,8.385,,,SENGKANG WEST AVENUE,9.285
sengkang_west_avenue,Sengkang West Avenue,2806.0,32970.383,41499.996,9.972,8.114,8.114,,,SENGKANG WEST AVENUE,9.124
sengkang_west_avenue,Sengkang West Avenue,2808.0,32972.288,41500.606,10.484,7.843,7.843,,,SENGKANG WEST AVENUE,9.004
sengkang_west_avenue,Sengkang West Avenue,2810.0,32974.192,41501.218,6.784,7.572,7.572,,,SENGKANG WEST AVENUE,8.888
sengkang_west_avenue,Sengkang West Avenue,2812.0,32976.096,41501.831,6.784,7.301,7.301,,,SENGKANG WEST AVENUE,8.772
sengkang_west_avenue,Sengkang West Avenue,2814.0,32978.0,41502.443,6.784,7.03,7.03,,,SENGKANG WEST AVENUE,8.656
sengkang_west_avenue,Sengkang West Avenue,2816.0,32979.904,41503.056,6.759,6.759,6.809,,,SENGKANG WEST AVENUE,8.54
sengkang_west_avenue,Sengkang West Avenue,2818.0,32981.804,41503.679,6.809,6.809,6.809,,,SENGKANG WEST AVENUE,8.435
sengkang_west_avenue,Sengkang West Avenue,2820.0,32983.695,41504.331,6.759,6.759,6.809,,,SENGKANG WEST AVENUE,8.36
sengkang_west_avenue,Sengkang West Avenue,2822.0,32985.585,41504.983,6.759,7.039,7.039,,,SENGKANG WEST AVENUE,8.286
sengkang_west_avenue,Sengkang West Avenue,2824.0,32987.476,41505.635,6.784,7.318,7.318,,,SENGKANG WEST AVENUE,8.211
sengkang_west_avenue,Sengkang West Avenue,2826.0,32989.367,41506.287,6.809,7.614,7.614,,,SENGKANG WEST AVENUE,8.136
sengkang_west_avenue,Sengkang West Avenue,2828.0,32991.259,41506.935,6.809,7.911,7.911,,,SENGKANG WEST AVENUE,8.058
sengkang_west_avenue,Sengkang West Avenue,2830.0,32993.157,41507.566,9.622,8.207,8.207,,,SENGKANG WEST AVENUE,7.96
sengkang_west_avenue,Sengkang West Avenue,2832.0,32995.055,41508.197,9.63,8.504,8.504,,,SENGKANG WEST AVENUE,7.863
sengkang_west_avenue,Sengkang West Avenue,2834.0,32996.953,41508.827,12.51,8.801,8.801,,,SENGKANG WEST AVENUE,7.766
sengkang_west_avenue,Sengkang West Avenue,2836.0,32998.851,41509.458,12.535,8.996,8.996,,,SENGKANG WEST AVENUE,7.669
sengkang_west_avenue,Sengkang West Avenue,2838.0,33000.749,41510.089,12.366,9.191,9.191,,,SENGKANG WEST AVENUE,7.572
sengkang_west_avenue,Sengkang West Avenue,2840.0,33002.62,41510.791,13.921,9.386,9.386,,,SENGKANG WEST AVENUE,7.552
sengkang_west_avenue,Sengkang West Avenue,2842.0,33004.47,41511.551,11.528,9.581,9.581,,,SENGKANG WEST AVENUE,7.592
sengkang_west_avenue,Sengkang West Avenue,2844.0,33006.32,41512.31,11.69,9.776,9.776,,,SENGKANG WEST AVENUE,7.632
sengkang_west_avenue,Sengkang West Avenue,2846.0,33008.171,41513.07,11.171,9.971,9.971,,,SENGKANG WEST AVENUE,7.672
sengkang_west_avenue,Sengkang West Avenue,2848.0,33010.021,41513.829,11.14,10.166,10.166,,,SENGKANG WEST AVENUE,7.713
sengkang_west_avenue,Sengkang West Avenue,2850.0,33011.871,41514.589,10.361,10.361,10.197,,,SENGKANG WEST AVENUE,7.753
sengkang_west_avenue,Sengkang West Avenue,2852.0,33013.76,41515.244,9.576,10.279,10.197,,,SENGKANG WEST AVENUE,7.681
sengkang_west_avenue,Sengkang West Avenue,2854.0,33015.652,41515.894,10.529,10.197,10.197,-2.056,1.0,SENGKANG WEST AVENUE,7.605
sengkang_west_avenue,Sengkang West Avenue,2856.0,33017.543,41516.544,10.675,10.114,10.114,,,SENGKANG WEST AVENUE,7.528
sengkang_west_avenue,Sengkang West Avenue,2858.0,33019.435,41517.194,10.032,10.032,10.032,,,SENGKANG WEST AVENUE,7.451
sengkang_west_avenue,Sengkang West Avenue,2860.0,33021.373,41517.682,10.036,9.774,9.774,,,SENGKANG WEST AVENUE,7.206
sengkang_west_avenue,Sengkang West Avenue,2862.0,33023.317,41518.152,7.587,9.516,9.516,,,SENGKANG WEST AVENUE,6.943
sengkang_west_avenue,Sengkang West Avenue,2864.0,33025.261,41518.623,8.995,9.35,9.35,,,SENGKANG WEST AVENUE,6.68
sengkang_west_avenue,Sengkang West Avenue,2866.0,33027.205,41519.093,9.767,9.185,9.185,-5.104,1.0,SENGKANG WEST AVENUE,6.417
sengkang_west_avenue,Sengkang West Avenue,2868.0,33029.146,41519.577,9.746,9.019,9.107,,,SENGKANG WEST AVENUE,6.168
sengkang_west_avenue,Sengkang West Avenue,2870.0,33031.084,41520.07,8.854,8.854,9.107,,,SENGKANG WEST AVENUE,5.927
sengkang_west_avenue,Sengkang West Avenue,2872.0,33033.022,41520.563,9.243,9.107,9.107,,,SENGKANG WEST AVENUE,5.687
sengkang_west_avenue,Sengkang West Avenue,2874.0,33034.961,41521.056,9.211,9.361,9.361,,,SENGKANG WEST AVENUE,5.447
sengkang_west_avenue,Sengkang West Avenue,2876.0,33036.899,41521.548,7.814,9.614,9.614,,,SENGKANG WEST AVENUE,5.207
sengkang_west_avenue,Sengkang West Avenue,2878.0,33038.837,41522.041,7.557,9.868,9.868,,,SENGKANG WEST AVENUE,4.966
sengkang_west_avenue,Sengkang West Avenue,2880.0,33040.802,41522.415,8.318,10.121,10.121,,,SENGKANG WEST AVENUE,4.606
sengkang_west_avenue,Sengkang West Avenue,2882.0,33042.767,41522.786,8.946,10.375,10.375,,,SENGKANG WEST AVENUE,4.242
sengkang_west_avenue,Sengkang West Avenue,2884.0,33044.733,41523.156,10.671,10.628,10.628,,,SENGKANG WEST AVENUE,3.877
sengkang_west_avenue,Sengkang West Avenue,2886.0,33046.698,41523.526,9.534,10.881,10.881,,,SENGKANG WEST AVENUE,3.513
sengkang_west_avenue,Sengkang West Avenue,2888.0,33048.652,41523.951,10.817,11.092,11.092,,,SENGKANG WEST AVENUE,3.204
sengkang_west_avenue,Sengkang West Avenue,2890.0,33050.598,41524.412,11.286,11.302,11.302,,,SENGKANG WEST AVENUE,2.931
sengkang_west_avenue,Sengkang West Avenue,2892.0,33052.545,41524.872,10.439,11.512,11.512,,,SENGKANG WEST AVENUE,2.657
sengkang_west_avenue,Sengkang West Avenue,2894.0,33054.491,41525.333,12.168,11.722,11.722,,,SENGKANG WEST AVENUE,2.384
sengkang_west_avenue,Sengkang West Avenue,2896.0,33056.437,41525.793,11.932,11.932,11.739,,,SENGKANG WEST AVENUE,2.111
sengkang_west_avenue,Sengkang West Avenue,2898.0,33058.293,41526.49,11.054,11.835,11.739,,,SENGKANG WEST AVENUE,2.138
sengkang_west_avenue,Sengkang West Avenue,2900.0,33060.049,41527.447,11.554,11.739,11.739,-1.208,1.0,SENGKANG WEST AVENUE,2.488
sengkang_west_avenue,Sengkang West Avenue,2902.0,33061.805,41528.404,10.175,11.642,11.729,,,SENGKANG WEST AVENUE,2.838
sengkang_west_avenue,Sengkang West Avenue,2904.0,33063.561,41529.362,13.35,11.729,11.642,,,SENGKANG WEST AVENUE,3.188
sengkang_west_avenue,Sengkang West Avenue,2906.0,33065.317,41530.319,13.116,11.62,11.62,,,SENGKANG WEST AVENUE,3.538
sengkang_west_avenue,Sengkang West Avenue,2908.0,33067.04,41531.335,11.904,11.51,11.51,,,SENGKANG WEST AVENUE,3.954
sengkang_west_avenue,Sengkang West Avenue,2910.0,33068.76,41532.354,10.679,11.191,11.191,,,SENGKANG WEST AVENUE,4.373
sengkang_west_avenue,Sengkang West Avenue,2912.0,33070.481,41533.373,11.017,10.872,10.872,,,SENGKANG WEST AVENUE,4.793
sengkang_west_avenue,Sengkang West Avenue,2914.0,33072.202,41534.392,10.082,10.553,10.553,,,SENGKANG WEST AVENUE,5.212
sengkang_west_avenue,Sengkang West Avenue,2916.0,33073.923,41535.411,9.024,,10.234,,,SENGKANG WEST AVENUE,5.632
sengkang_west_avenue,Sengkang West Avenue,2918.0,33075.644,41536.43,9.024,9.915,9.915,,,SENGKANG WEST AVENUE,6.051
sengkang_west_avenue,Sengkang West Avenue,2920.0,33077.365,41537.449,9.432,9.596,9.596,,,SENGKANG WEST AVENUE,6.471
sengkang_west_avenue,Sengkang West Avenue,2922.0,33079.086,41538.468,9.291,9.277,9.277,,,SENGKANG WEST AVENUE,6.89
sengkang_west_avenue,Sengkang West Avenue,2924.0,33080.807,41539.487,6.862,8.958,8.958,,,SENGKANG WEST AVENUE,7.31
sengkang_west_avenue,Sengkang West Avenue,2926.0,33082.528,41540.506,6.875,8.873,8.938,,,SENGKANG WEST AVENUE,7.729
sengkang_west_avenue,Sengkang West Avenue,2928.0,33084.249,41541.525,6.887,8.789,8.938,,,SENGKANG WEST AVENUE,8.149
sengkang_west_avenue,Sengkang West Avenue,2956.0,33108.342,41555.791,9.657,8.938,8.938,,,SENGKANG WEST AVENUE,16.665
sengkang_west_avenue,Sengkang West Avenue,2958.0,33110.063,41556.81,10.528,9.088,9.088,,,SENGKANG WEST AVENUE,17.38
sengkang_west_avenue,Sengkang West Avenue,2960.0,33111.784,41557.829,6.644,9.238,9.238,,,SENGKANG WEST AVENUE,18.096
sengkang_west_avenue,Sengkang West Avenue,2962.0,33113.505,41558.848,9.829,9.387,9.376,,,SENGKANG WEST AVENUE,18.812
sengkang_west_avenue,Sengkang West Avenue,2964.0,33115.226,41559.867,12.284,9.537,9.376,,,SENGKANG WEST AVENUE,19.527
sengkang_west_avenue,Sengkang West Avenue,2966.0,33116.947,41560.886,9.244,9.376,9.376,,,SENGKANG WEST AVENUE,20.243
sengkang_west_avenue,Sengkang West Avenue,2968.0,33118.668,41561.905,7.814,9.215,9.215,,,SENGKANG WEST AVENUE,20.959
sengkang_west_avenue,Sengkang West Avenue,2970.0,33120.389,41562.924,7.284,9.054,9.054,,,SENGKANG WEST AVENUE,21.674
sengkang_west_avenue,Sengkang West Avenue,2972.0,33122.11,41563.943,11.062,8.894,8.894,,,SENGKANG WEST AVENUE,22.39
sengkang_west_avenue,Sengkang West Avenue,2974.0,33123.831,41564.962,8.733,8.733,8.733,,,SENGKANG WEST AVENUE,23.106
sengkang_west_avenue,Sengkang West Avenue,2976.0,33125.821,41564.978,9.794,8.591,8.591,,,SENGKANG WEST AVENUE,22.788
sengkang_west_avenue,Sengkang West Avenue,2978.0,33127.821,41564.958,9.087,8.45,8.45,-4.323,1.0,SENGKANG WEST AVENUE,22.432
sengkang_west_avenue,Sengkang West Avenue,2980.0,33129.82,41564.937,9.266,8.308,8.387,,,SENGKANG WEST AVENUE,22.076
sengkang_west_avenue,Sengkang West Avenue,2982.0,33131.82,41564.917,8.166,8.166,8.387,,,SENGKANG WEST AVENUE,21.721
sengkang_west_avenue,Sengkang West Avenue,2984.0,33133.82,41564.897,8.387,8.387,8.387,,,SENGKANG WEST AVENUE,21.365
sengkang_west_avenue,Sengkang West Avenue,2986.0,33135.812,41564.739,8.4,8.4,8.391,0.156,1.0,SENGKANG WEST AVENUE,20.875
sengkang_west_avenue,Sengkang West Avenue,2988.0,33137.801,41564.528,8.416,8.416,8.4,0.156,1.0,SENGKANG WEST AVENUE,20.333
sengkang_west_avenue,Sengkang West Avenue,2990.0,33139.79,41564.316,8.391,8.391,8.4,0.104,1.0,SENGKANG WEST AVENUE,19.791
sengkang_west_avenue,Sengkang West Avenue,2992.0,33141.779,41564.105,8.4,8.4,8.4,,,SENGKANG WEST AVENUE,19.249
sengkang_west_avenue,Sengkang West Avenue,2994.0,33143.767,41563.894,8.4,8.4,8.4,,,SENGKANG WEST AVENUE,18.707
sengkang_west_avenue,Sengkang West Avenue,2996.0,33145.756,41563.683,9.441,8.545,8.545,,,SENGKANG WEST AVENUE,18.165
sengkang_west_avenue,Sengkang West Avenue,2998.0,33147.745,41563.472,9.025,8.69,8.69,,,SENGKANG WEST AVENUE,17.623
sengkang_west_avenue,Sengkang West Avenue,3000.0,33149.734,41563.261,11.038,8.836,8.836,,,SENGKANG WEST AVENUE,17.081
sengkang_west_avenue,Sengkang West Avenue,3002.0,33151.723,41563.049,11.986,8.981,8.981,,,SENGKANG WEST AVENUE,16.539
sengkang_west_avenue,Sengkang West Avenue,3004.0,33153.712,41562.838,12.06,9.127,9.127,,,SENGKANG WEST AVENUE,15.997
sengkang_west_avenue,Sengkang West Avenue,3006.0,33155.7,41562.627,9.68,9.272,9.272,,,SENGKANG WEST AVENUE,15.455
sengkang_west_avenue,Sengkang West Avenue,3008.0,33157.683,41562.457,9.417,9.417,9.417,,,SENGKANG WEST AVENUE,14.954
sengkang_west_avenue,Sengkang West Avenue,3010.0,33159.533,41563.218,8.643,9.499,9.499,,,SENGKANG WEST AVENUE,15.394
sengkang_west_avenue,Sengkang West Avenue,3012.0,33161.383,41563.979,10.627,9.58,9.58,3.051,1.0,SENGKANG WEST AVENUE,15.834
sengkang_west_avenue,Sengkang West Avenue,3014.0,33163.232,41564.74,9.833,9.661,9.58,,,SENGKANG WEST AVENUE,16.273
sengkang_west_avenue,Sengkang West Avenue,3016.0,33165.082,41565.501,9.743,9.743,9.661,,,SENGKANG WEST AVENUE,16.828
sengkang_west_avenue,Sengkang West Avenue,3018.0,33166.984,41566.067,9.513,9.513,9.662,,,SENGKANG WEST AVENUE,17.336
sengkang_west_avenue,Sengkang West Avenue,3020.0,33168.964,41566.347,10.293,9.755,9.662,,,SENGKANG WEST AVENUE,17.561
sengkang_west_avenue,Sengkang West Avenue,3022.0,33170.945,41566.626,9.998,9.662,9.513,,,SENGKANG WEST AVENUE,17.785
sengkang_west_avenue,Sengkang West Avenue,3024.0,33172.925,41566.905,9.528,9.421,9.421,,,SENGKANG WEST AVENUE,18.009
sengkang_west_avenue,Sengkang West Avenue,3026.0,33174.906,41567.185,7.823,9.18,9.18,,,SENGKANG WEST AVENUE,18.234
sengkang_west_avenue,Sengkang West Avenue,3028.0,33176.886,41567.464,7.83,8.899,8.899,,,SENGKANG WEST AVENUE,18.458
sengkang_west_avenue,Sengkang West Avenue,3030.0,33178.866,41567.744,8.28,8.618,8.618,,,SENGKANG WEST AVENUE,18.682
sengkang_west_avenue,Sengkang West Avenue,3032.0,33180.84,41568.064,8.017,8.336,8.336,,,SENGKANG WEST AVENUE,18.948
sengkang_west_avenue,Sengkang West Avenue,3034.0,33182.809,41568.416,8.055,8.055,8.055,,,SENGKANG WEST AVENUE,19.245
sengkang_west_avenue,Sengkang West Avenue,3036.0,33184.778,41568.768,10.261,8.03,8.03,,,SENGKANG WEST AVENUE,19.541
sengkang_west_avenue,Sengkang West Avenue,3038.0,33186.747,41569.119,8.005,8.005,8.005,-3.672,1.0,SENGKANG WEST AVENUE,19.838
sengkang_west_avenue,Sengkang West Avenue,3040.0,33188.699,41569.553,7.886,7.886,7.886,-5.476,1.0,SENGKANG WEST AVENUE,20.218
sengkang_west_avenue,Sengkang West Avenue,3042.0,33190.65,41569.993,7.761,7.761,7.761,-7.28,1.0,SENGKANG WEST AVENUE,20.603
sengkang_west_avenue,Sengkang West Avenue,3044.0,33192.601,41570.432,7.861,7.592,7.592,-7.352,1.0,SENGKANG WEST AVENUE,20.988
sengkang_west_avenue,Sengkang West Avenue,3046.0,33194.552,41570.871,7.422,7.422,7.422,-6.649,1.0,SENGKANG WEST AVENUE,21.373
sengkang_west_avenue,Sengkang West Avenue,3048.0,33196.513,41571.245,7.298,7.298,7.298,-4.962,1.0,SENGKANG WEST AVENUE,21.692
sengkang_west_avenue,Sengkang West Avenue,3050.0,33198.509,41571.371,9.441,7.229,7.229,-3.275,1.0,SENGKANG WEST AVENUE,21.763
sengkang_west_avenue,Sengkang West Avenue,3052.0,33200.505,41571.497,7.16,7.16,7.16,-1.719,1.0,SENGKANG WEST AVENUE,21.833
sengkang_west_avenue,Sengkang West Avenue,3054.0,33202.501,41571.623,7.16,7.16,7.16,-0.859,1.0,SENGKANG WEST AVENUE,21.903
sengkang_west_avenue,Sengkang West Avenue,3056.0,33204.497,41571.749,7.16,7.16,7.16,0.0,1.0,SENGKANG WEST AVENUE,21.974
sengkang_west_avenue,Sengkang West Avenue,3058.0,33206.493,41571.875,7.16,7.16,7.16,0.0,1.0,SENGKANG WEST AVENUE,22.044
sengkang_west_avenue,Sengkang West Avenue,3060.0,33208.489,41572.001,7.16,7.16,7.16,0.0,1.0,SENGKANG WEST AVENUE,22.115
sengkang_west_avenue,Sengkang West Avenue,3062.0,33210.485,41572.127,7.16,7.16,7.16,0.0,1.0,SENGKANG WEST AVENUE,22.185
sengkang_west_avenue,Sengkang West Avenue,3064.0,33212.481,41572.253,7.16,7.16,7.16,0.0,1.0,SENGKANG WEST AVENUE,22.255
sengkang_west_avenue,Sengkang West Avenue,3066.0,33214.477,41572.379,7.135,7.135,7.16,,,SENGKANG WEST AVENUE,22.326
sengkang_west_avenue,Sengkang West Avenue,3068.0,33216.473,41572.505,7.135,7.135,7.16,,,SENGKANG WEST AVENUE,22.396
sengkang_west_avenue,Sengkang West Avenue,3070.0,33218.469,41572.631,7.135,7.312,7.312,,,SENGKANG WEST AVENUE,22.467
sengkang_west_avenue,Sengkang West Avenue,3072.0,33220.465,41572.756,7.135,7.489,7.489,,,SENGKANG WEST AVENUE,22.537
sengkang_west_avenue,Sengkang West Avenue,3074.0,33222.461,41572.882,7.135,7.813,7.813,,,SENGKANG WEST AVENUE,22.607
sengkang_west_avenue,Sengkang West Avenue,3076.0,33224.456,41573.022,7.635,8.137,8.137,,,SENGKANG WEST AVENUE,22.692
sengkang_west_avenue,Sengkang West Avenue,3078.0,33226.45,41573.176,7.473,8.461,8.461,,,SENGKANG WEST AVENUE,22.79
sengkang_west_avenue,Sengkang West Avenue,3080.0,33228.444,41573.33,7.348,8.786,8.786,,,SENGKANG WEST AVENUE,22.889
sengkang_west_avenue,Sengkang West Avenue,3082.0,33230.439,41573.484,9.61,9.11,9.11,,,SENGKANG WEST AVENUE,22.987
sengkang_west_avenue,Sengkang West Avenue,3084.0,33232.433,41573.638,10.585,9.316,9.11,,,SENGKANG WEST AVENUE,23.086
sengkang_west_avenue,Sengkang West Avenue,3086.0,33234.427,41573.792,10.835,9.139,9.11,,,SENGKANG WEST AVENUE,23.184
sengkang_west_avenue,Sengkang West Avenue,3088.0,33236.421,41573.946,9.885,8.961,8.961,,,SENGKANG WEST AVENUE,23.283
sengkang_west_avenue,Sengkang West Avenue,3090.0,33234.563,41573.614,10.835,8.784,8.784,,,SENGKANG WEST AVENUE,23.003
sengkang_west_avenue,Sengkang West Avenue,3092.0,33232.593,41573.268,10.56,8.607,8.607,,,SENGKANG WEST AVENUE,22.711
sengkang_west_avenue,Sengkang West Avenue,3094.0,33230.623,41572.921,8.148,8.43,8.43,,,SENGKANG WEST AVENUE,22.42
sengkang_west_avenue,Sengkang West Avenue,3096.0,33228.653,41572.575,8.31,8.252,8.252,,,SENGKANG WEST AVENUE,22.128
sengkang_west_avenue,Sengkang West Avenue,3098.0,33226.684,41572.229,7.323,8.075,8.075,,,SENGKANG WEST AVENUE,21.837
sengkang_west_avenue,Sengkang West Avenue,3100.0,33224.714,41571.882,7.835,7.84,7.84,,,SENGKANG WEST AVENUE,21.545
sengkang_west_avenue,Sengkang West Avenue,3102.0,33222.744,41571.536,8.26,7.605,7.605,,,SENGKANG WEST AVENUE,21.254
sengkang_west_avenue,Sengkang West Avenue,3104.0,33220.774,41571.19,7.135,7.37,7.37,,,SENGKANG WEST AVENUE,20.962
sengkang_west_avenue,Sengkang West Avenue,3106.0,33218.805,41570.843,7.135,7.135,7.135,,,SENGKANG WEST AVENUE,20.671
sengkang_west_avenue,Sengkang West Avenue,3108.0,33216.835,41570.497,7.135,7.135,7.135,,,SENGKANG WEST AVENUE,20.379
sengkang_west_avenue,Sengkang West Avenue,3110.0,33214.865,41570.15,7.135,7.135,7.135,,,SENGKANG WEST AVENUE,20.088
sengkang_west_avenue,Sengkang West Avenue,3112.0,33212.895,41569.804,7.11,7.36,7.36,,,SENGKANG WEST AVENUE,19.796
sengkang_west_avenue,Sengkang West Avenue,3114.0,33210.925,41569.458,7.11,7.585,7.585,,,SENGKANG WEST AVENUE,19.505
sengkang_west_avenue,Sengkang West Avenue,3116.0,33208.956,41569.111,8.66,7.81,7.81,,,SENGKANG WEST AVENUE,19.213
sengkang_west_avenue,Sengkang West Avenue,3118.0,33206.986,41568.765,8.51,8.095,8.095,,,SENGKANG WEST AVENUE,18.922
sengkang_west_avenue,Sengkang West Avenue,3120.0,33205.016,41568.419,10.31,8.379,8.095,,,SENGKANG WEST AVENUE,18.63
sengkang_west_avenue,Sengkang West Avenue,3122.0,33203.046,41568.072,8.248,8.248,8.095,,,SENGKANG WEST AVENUE,18.339
sengkang_west_avenue,Sengkang West Avenue,3124.0,33201.077,41567.726,13.41,7.977,7.977,-5.187,1.0,SENGKANG WEST AVENUE,18.047
sengkang_west_avenue,Sengkang West Avenue,3126.0,33199.107,41567.379,16.598,7.706,7.706,-4.451,1.0,SENGKANG WEST AVENUE,17.756
sengkang_west_avenue,Sengkang West Avenue,3128.0,33197.137,41567.033,7.435,7.435,7.68,-3.715,1.0,SENGKANG WEST AVENUE,17.464
sengkang_west_avenue,Sengkang West Avenue,3130.0,33195.167,41566.687,7.322,7.557,7.68,0.92,1.0,SENGKANG WEST AVENUE,17.173
sengkang_west_avenue,Sengkang West Avenue,3132.0,33193.197,41566.34,7.68,7.68,7.68,2.812,1.0,SENGKANG WEST AVENUE,16.881
sengkang_west_avenue,Sengkang West Avenue,3134.0,33191.228,41565.994,7.78,7.78,7.78,2.969,1.0,SENGKANG WEST AVENUE,16.59
sengkang_west_avenue,Sengkang West Avenue,3136.0,33189.258,41565.648,7.93,7.93,7.905,3.125,1.0,SENGKANG WEST AVENUE,16.298
sengkang_west_avenue,Sengkang West Avenue,3138.0,33187.288,41565.301,9.692,7.917,7.917,2.266,1.0,SENGKANG WEST AVENUE,16.007
sengkang_west_avenue,Sengkang West Avenue,3140.0,33185.318,41564.955,7.905,7.905,7.93,,,SENGKANG WEST AVENUE,15.715
sengkang_west_avenue,Sengkang West Avenue,3142.0,33183.349,41564.608,7.961,7.961,7.961,,,SENGKANG WEST AVENUE,15.424
sengkang_west_avenue,Sengkang West Avenue,3144.0,33181.379,41564.262,8.448,8.139,8.139,,,SENGKANG WEST AVENUE,15.132
sengkang_west_avenue,Sengkang West Avenue,3146.0,33179.409,41563.916,7.73,8.317,8.317,,,SENGKANG WEST AVENUE,14.841
sengkang_west_avenue,Sengkang West Avenue,3148.0,33177.439,41563.569,7.655,8.494,8.494,,,SENGKANG WEST AVENUE,14.549
sengkang_west_avenue,Sengkang West Avenue,3150.0,33175.469,41563.223,7.667,8.755,8.755,,,SENGKANG WEST AVENUE,14.258
sengkang_west_avenue,Sengkang West Avenue,3152.0,33173.5,41562.877,7.53,9.016,9.016,,,SENGKANG WEST AVENUE,13.966
sengkang_west_avenue,Sengkang West Avenue,3154.0,33171.53,41562.53,9.448,9.277,9.277,,,SENGKANG WEST AVENUE,13.675
sengkang_west_avenue,Sengkang West Avenue,3156.0,33169.56,41562.184,11.203,9.538,9.538,,,SENGKANG WEST AVENUE,13.383
sengkang_west_avenue,Sengkang West Avenue,3158.0,33167.59,41561.837,10.518,9.628,9.628,,,SENGKANG WEST AVENUE,13.092
sengkang_west_avenue,Sengkang West Avenue,3160.0,33165.621,41561.491,9.243,9.717,9.717,,,SENGKANG WEST AVENUE,12.8
sengkang_west_avenue,Sengkang West Avenue,3162.0,33163.651,41561.145,9.013,9.807,9.807,,,SENGKANG WEST AVENUE,12.659
sengkang_west_avenue,Sengkang West Avenue,3164.0,33161.681,41560.798,11.727,10.024,10.024,,,SENGKANG WEST AVENUE,12.648
sengkang_west_avenue,Sengkang West Avenue,3166.0,33159.711,41560.452,9.987,10.241,10.241,,,SENGKANG WEST AVENUE,12.638
sengkang_west_avenue,Sengkang West Avenue,3168.0,33157.741,41560.106,9.829,10.503,10.503,,,SENGKANG WEST AVENUE,12.627
sengkang_west_avenue,Sengkang West Avenue,3170.0,33155.772,41559.759,10.929,10.766,10.766,,,SENGKANG WEST AVENUE,12.616
sengkang_west_avenue,Sengkang West Avenue,3172.0,33153.802,41559.413,10.348,11.028,11.028,,,SENGKANG WEST AVENUE,12.605
sengkang_west_avenue,Sengkang West Avenue,3174.0,33151.832,41559.066,11.679,11.127,11.127,,,SENGKANG WEST AVENUE,12.594
sengkang_west_avenue,Sengkang West Avenue,3176.0,33149.862,41558.72,11.328,11.225,11.225,,,SENGKANG WEST AVENUE,12.583
sengkang_west_avenue,Sengkang West Avenue,3178.0,33147.893,41558.374,11.324,11.324,11.324,,,SENGKANG WEST AVENUE,12.573
sengkang_west_avenue,Sengkang West Avenue,3180.0,33145.923,41558.027,12.796,11.478,11.478,,,SENGKANG WEST AVENUE,12.562
sengkang_west_avenue,Sengkang West Avenue,3182.0,33143.953,41557.681,11.703,11.631,11.631,3.839,1.0,SENGKANG WEST AVENUE,12.551
sengkang_west_avenue,Sengkang West Avenue,3184.0,33141.983,41557.335,11.785,11.785,11.631,,,SENGKANG WEST AVENUE,12.54
sengkang_west_avenue,Sengkang West Avenue,3186.0,33140.013,41556.988,11.803,11.803,11.631,,,SENGKANG WEST AVENUE,12.529
sengkang_west_avenue,Sengkang West Avenue,3188.0,33138.044,41556.642,11.285,11.615,11.615,,,SENGKANG WEST AVENUE,12.518
sengkang_west_avenue,Sengkang West Avenue,3190.0,33136.074,41556.295,11.428,11.428,11.428,,,SENGKANG WEST AVENUE,12.508
sengkang_west_avenue,Sengkang West Avenue,3192.0,33134.104,41555.949,12.174,11.154,11.154,,,SENGKANG WEST AVENUE,12.497
sengkang_west_avenue,Sengkang West Avenue,3194.0,33132.134,41555.603,10.81,10.881,10.881,,,SENGKANG WEST AVENUE,12.486
sengkang_west_avenue,Sengkang West Avenue,3196.0,33130.165,41555.256,12.199,10.608,10.608,,,SENGKANG WEST AVENUE,12.475
sengkang_west_avenue,Sengkang West Avenue,3198.0,33128.195,41554.91,10.335,10.334,10.334,,,SENGKANG WEST AVENUE,12.464
sengkang_west_avenue,Sengkang West Avenue,3200.0,33126.225,41554.564,8.764,10.061,10.061,,,SENGKANG WEST AVENUE,12.453
sengkang_west_avenue,Sengkang West Avenue,3202.0,33124.255,41554.217,7.024,9.788,9.788,,,SENGKANG WEST AVENUE,12.442
sengkang_west_avenue,Sengkang West Avenue,3204.0,33122.285,41553.871,9.234,9.514,9.514,,,SENGKANG WEST AVENUE,12.432
sengkang_west_avenue,Sengkang West Avenue,3206.0,33120.316,41553.525,11.309,9.241,9.254,,,SENGKANG WEST AVENUE,12.421
sengkang_west_avenue,Sengkang West Avenue,3208.0,33118.346,41553.178,11.229,9.248,9.248,,,SENGKANG WEST AVENUE,12.41
sengkang_west_avenue,Sengkang West Avenue,3210.0,33116.376,41552.832,9.254,9.254,9.241,,,SENGKANG WEST AVENUE,12.399
sengkang_west_avenue,Sengkang West Avenue,3212.0,33114.406,41552.485,9.189,9.049,9.049,,,SENGKANG WEST AVENUE,12.388
sengkang_west_avenue,Sengkang West Avenue,3214.0,33112.437,41552.139,9.164,8.845,8.845,,,SENGKANG WEST AVENUE,12.377
sengkang_west_avenue,Sengkang West Avenue,3216.0,33110.467,41551.793,9.308,8.586,8.586,,,SENGKANG WEST AVENUE,12.367
sengkang_west_avenue,Sengkang West Avenue,3218.0,33108.497,41551.446,9.241,8.327,8.327,,,SENGKANG WEST AVENUE,12.356
sengkang_west_avenue,Sengkang West Avenue,3220.0,33106.527,41551.1,7.81,8.069,8.069,,,SENGKANG WEST AVENUE,12.345
sengkang_west_avenue,Sengkang West Avenue,3222.0,33104.557,41550.754,7.81,7.81,8.069,,,SENGKANG WEST AVENUE,12.334
sengkang_west_avenue,Sengkang West Avenue,3250.0,33076.981,41545.904,7.425,7.945,8.069,,,SENGKANG WEST AVENUE,14.61
sengkang_west_avenue,Sengkang West Avenue,3252.0,33075.011,41545.558,7.736,8.079,8.079,,,SENGKANG WEST AVENUE,14.908
sengkang_west_avenue,Sengkang West Avenue,3254.0,33073.041,41545.212,7.274,8.214,8.214,,,SENGKANG WEST AVENUE,15.205
sengkang_west_avenue,Sengkang West Avenue,3256.0,33071.071,41544.865,10.866,8.348,8.348,,,SENGKANG WEST AVENUE,15.502
sengkang_west_avenue,Sengkang West Avenue,3258.0,33069.101,41544.519,8.864,8.483,8.4,,,SENGKANG WEST AVENUE,15.8
sengkang_west_avenue,Sengkang West Avenue,3260.0,33067.132,41544.172,8.617,8.617,8.4,,,SENGKANG WEST AVENUE,16.097
sengkang_west_avenue,Sengkang West Avenue,3262.0,33065.162,41543.826,8.4,8.4,8.4,,,SENGKANG WEST AVENUE,16.394
sengkang_west_avenue,Sengkang West Avenue,3264.0,33063.192,41543.48,11.721,8.395,8.395,,,SENGKANG WEST AVENUE,16.692
sengkang_west_avenue,Sengkang West Avenue,3266.0,33061.222,41543.133,9.742,8.389,8.389,,,SENGKANG WEST AVENUE,16.989
sengkang_west_avenue,Sengkang West Avenue,3268.0,33059.253,41542.787,8.588,8.383,8.383,,,SENGKANG WEST AVENUE,17.286
sengkang_west_avenue,Sengkang West Avenue,3270.0,33057.283,41542.441,10.163,8.378,8.378,,,SENGKANG WEST AVENUE,17.584
sengkang_west_avenue,Sengkang West Avenue,3272.0,33055.313,41542.094,11.371,8.372,8.372,,,SENGKANG WEST AVENUE,17.881
sengkang_west_avenue,Sengkang West Avenue,3274.0,33053.343,41541.748,8.384,8.366,8.366,,,SENGKANG WEST AVENUE,18.178
sengkang_west_avenue,Sengkang West Avenue,3276.0,33051.373,41541.401,8.163,8.361,8.361,,,SENGKANG WEST AVENUE,18.494
sengkang_west_avenue,Sengkang West Avenue,3278.0,33049.404,41541.055,11.238,8.355,8.355,,,SENGKANG WEST AVENUE,18.883
sengkang_west_avenue,Sengkang West Avenue,3280.0,33047.434,41540.709,9.856,8.349,8.349,,,SENGKANG WEST AVENUE,19.271
sengkang_west_avenue,Sengkang West Avenue,3282.0,33045.464,41540.362,8.613,8.343,8.343,,,SENGKANG WEST AVENUE,19.659
sengkang_west_avenue,Sengkang West Avenue,3284.0,33043.494,41540.016,7.509,8.338,8.338,,,SENGKANG WEST AVENUE,20.047
sengkang_west_avenue,Sengkang West Avenue,3286.0,33041.525,41539.67,8.237,8.332,8.338,,,SENGKANG WEST AVENUE,20.435
sengkang_west_avenue,Sengkang West Avenue,3288.0,33039.555,41539.323,8.326,8.326,8.338,,,SENGKANG WEST AVENUE,20.824
sengkang_west_avenue,Sengkang West Avenue,3290.0,33037.585,41538.977,8.396,8.396,8.396,,,SENGKANG WEST AVENUE,21.212
sengkang_west_avenue,Sengkang West Avenue,3292.0,33035.615,41538.63,9.066,8.481,8.481,,,SENGKANG WEST AVENUE,21.6
sengkang_west_avenue,Sengkang West Avenue,3294.0,33033.645,41538.284,8.151,8.566,8.566,3.141,1.0,SENGKANG WEST AVENUE,21.988
sengkang_west_avenue,Sengkang West Avenue,3296.0,33031.676,41537.938,8.916,8.651,8.648,,,SENGKANG WEST AVENUE,22.376
sengkang_west_avenue,Sengkang West Avenue,3298.0,33029.706,41537.591,8.736,8.736,8.648,,,SENGKANG WEST AVENUE,22.764
sengkang_west_avenue,Sengkang West Avenue,3300.0,33027.736,41537.245,9.176,8.648,8.648,,,SENGKANG WEST AVENUE,23.153
sengkang_west_avenue,Sengkang West Avenue,3302.0,33025.766,41536.899,9.676,8.559,8.579,,,SENGKANG WEST AVENUE,23.541
sengkang_west_avenue,Sengkang West Avenue,3304.0,33023.797,41536.552,8.211,8.47,8.579,,,SENGKANG WEST AVENUE,23.929
sengkang_west_avenue,Sengkang West Avenue,3306.0,33021.827,41536.206,8.381,8.579,8.579,,,SENGKANG WEST AVENUE,24.317
sengkang_west_avenue,Sengkang West Avenue,3308.0,33019.857,41535.859,8.503,8.857,8.857,,,SENGKANG WEST AVENUE,24.705
sengkang_west_avenue,Sengkang West Avenue,3310.0,33017.887,41535.513,8.659,9.135,9.135,,,SENGKANG WEST AVENUE,25.094
sengkang_west_avenue,Sengkang West Avenue,3312.0,33015.917,41535.167,9.015,9.541,9.541,,,SENGKANG WEST AVENUE,25.482
sengkang_west_avenue,Sengkang West Avenue,3314.0,33013.948,41534.82,10.74,9.947,9.947,,,SENGKANG WEST AVENUE,25.87
sengkang_west_avenue,Sengkang West Avenue,3316.0,33011.978,41534.474,10.796,10.353,10.353,,,SENGKANG WEST AVENUE,26.258
sengkang_west_avenue,Sengkang West Avenue,3318.0,33010.008,41534.128,11.959,10.759,10.759,,,SENGKANG WEST AVENUE,26.646
sengkang_west_avenue,Sengkang West Avenue,3320.0,33008.038,41533.781,11.171,11.165,11.165,,,SENGKANG WEST AVENUE,27.034
sengkang_west_avenue,Sengkang West Avenue,3322.0,33006.069,41533.435,9.406,11.571,11.571,,,SENGKANG WEST AVENUE,27.423
sengkang_west_avenue,Sengkang West Avenue,3324.0,33004.099,41533.089,7.971,11.977,11.856,,,SENGKANG WEST AVENUE,27.811
sengkang_west_avenue,Sengkang West Avenue,3326.0,33002.129,41532.742,12.516,12.135,11.856,,,SENGKANG WEST AVENUE,28.199
sengkang_west_avenue,Sengkang West Avenue,3328.0,33000.159,41532.396,12.471,11.856,11.856,,,SENGKANG WEST AVENUE,28.587
sengkang_west_avenue,Sengkang West Avenue,3330.0,32998.189,41532.049,11.426,11.576,11.576,,,SENGKANG WEST AVENUE,28.975
sengkang_west_avenue,Sengkang West Avenue,3332.0,32996.22,41531.703,12.311,11.296,11.296,,,SENGKANG WEST AVENUE,29.364
sengkang_west_avenue,Sengkang West Avenue,3334.0,32994.25,41531.357,13.461,10.942,10.942,,,SENGKANG WEST AVENUE,29.752
sengkang_west_avenue,Sengkang West Avenue,3336.0,32992.28,41531.01,13.171,10.589,10.589,,,SENGKANG WEST AVENUE,30.14
sengkang_west_avenue,Sengkang West Avenue,3338.0,32990.31,41530.664,8.851,10.235,10.235,,,SENGKANG WEST AVENUE,30.528
sengkang_west_avenue,Sengkang West Avenue,3340.0,32988.34,41530.318,8.881,9.881,9.881,,,SENGKANG WEST AVENUE,30.916
sengkang_west_avenue,Sengkang West Avenue,3342.0,32986.371,41529.971,8.826,9.527,9.527,,,SENGKANG WEST AVENUE,31.304
sengkang_west_avenue,Sengkang West Avenue,3344.0,32984.401,41529.625,8.521,9.458,9.527,,,SENGKANG WEST AVENUE,31.693
sengkang_west_avenue,Sengkang West Avenue,3346.0,32982.431,41529.278,8.421,9.39,9.527,,,SENGKANG WEST AVENUE,32.081
sengkang_west_avenue,Sengkang West Avenue,3348.0,32980.461,41528.932,8.536,10.486,10.486,,,SENGKANG WEST AVENUE,32.469
sengkang_west_avenue,Sengkang West Avenue,3350.0,32978.492,41528.586,8.676,11.582,11.582,,,SENGKANG WEST AVENUE,32.857
sengkang_west_avenue,Sengkang West Avenue,3352.0,32976.522,41528.239,10.292,12.679,12.679,,,SENGKANG WEST AVENUE,33.245
sengkang_west_avenue,Sengkang West Avenue,3354.0,32974.552,41527.893,10.085,,13.775,,,SENGKANG WEST AVENUE,33.634
sengkang_west_avenue,Sengkang West Avenue,3356.0,32972.582,41527.547,18.573,,14.871,,,SENGKANG WEST AVENUE,34.022
sengkang_west_avenue,Sengkang West Avenue,3358.0,32970.612,41527.2,18.679,,15.968,,,SENGKANG WEST AVENUE,34.41
sengkang_west_avenue,Sengkang West Avenue,3360.0,32968.643,41526.854,23.867,,17.064,,,SENGKANG WEST AVENUE,34.798
sengkang_west_avenue,Sengkang West Avenue,3362.0,32966.673,41526.507,21.029,18.161,18.161,,,SENGKANG WEST AVENUE,35.186
sengkang_west_avenue,Sengkang West Avenue,3364.0,32964.703,41526.161,22.767,19.257,19.257,,,SENGKANG WEST AVENUE,35.574
sengkang_west_avenue,Sengkang West Avenue,3366.0,32962.733,41525.815,22.642,20.353,20.353,,,SENGKANG WEST AVENUE,35.963
sengkang_west_avenue,Sengkang West Avenue,3368.0,32960.764,41525.468,15.179,21.45,21.45,,,SENGKANG WEST AVENUE,36.351
sengkang_west_avenue,Sengkang West Avenue,3370.0,32958.794,41525.122,18.786,21.59,21.59,,,SENGKANG WEST AVENUE,36.739
sengkang_west_avenue,Sengkang West Avenue,3372.0,32956.824,41524.776,22.486,21.73,21.73,,,SENGKANG WEST AVENUE,37.127
sengkang_west_avenue,Sengkang West Avenue,3374.0,32954.854,41524.429,17.685,21.87,21.87,,,SENGKANG WEST AVENUE,37.515
sengkang_west_avenue,Sengkang West Avenue,3376.0,32952.884,41524.083,18.01,22.01,22.01,,,SENGKANG WEST AVENUE,37.904
sengkang_west_avenue,Sengkang West Avenue,3378.0,32950.915,41523.736,16.532,22.151,22.151,,,SENGKANG WEST AVENUE,38.292
sengkang_west_avenue,Sengkang West Avenue,3380.0,32948.945,41523.39,22.374,22.291,22.291,,,SENGKANG WEST AVENUE,38.68
sengkang_west_avenue,Sengkang West Avenue,3382.0,32946.975,41523.044,18.634,22.431,22.431,,,SENGKANG WEST AVENUE,39.068
sengkang_west_avenue,Sengkang West Avenue,3384.0,32945.005,41522.697,16.997,22.571,22.571,,,SENGKANG WEST AVENUE,39.456
sengkang_west_avenue,Sengkang West Avenue,3386.0,32943.036,41522.351,18.434,22.711,22.711,,,SENGKANG WEST AVENUE,39.844
sengkang_west_avenue,Sengkang West Avenue,3388.0,32941.066,41522.005,21.347,22.852,22.852,,,SENGKANG WEST AVENUE,40.233
sengkang_west_avenue,Sengkang West Avenue,3390.0,32939.096,41521.658,23.024,22.992,22.992,,,SENGKANG WEST AVENUE,40.621
sengkang_west_avenue,Sengkang West Avenue,3392.0,32937.126,41521.312,28.999,23.132,22.992,,,SENGKANG WEST AVENUE,41.009
sengkang_west_avenue,Sengkang West Avenue,3394.0,32935.156,41520.965,23.24,23.24,22.992,,,SENGKANG WEST AVENUE,41.397
sengkang_west_avenue,Sengkang West Avenue,3396.0,32933.187,41520.619,28.457,22.978,22.978,,,SENGKANG WEST AVENUE,41.785
sengkang_west_avenue,Sengkang West Avenue,3398.0,32931.217,41520.273,24.124,22.716,22.716,,,SENGKANG WEST AVENUE,42.174
sengkang_west_avenue,Sengkang West Avenue,3400.0,32929.247,41519.926,30.741,22.231,22.231,,,SENGKANG WEST AVENUE,42.562
sengkang_west_avenue,Sengkang West Avenue,3402.0,32927.277,41519.58,26.888,21.746,21.746,,,SENGKANG WEST AVENUE,42.95
sengkang_west_avenue,Sengkang West Avenue,3404.0,32925.308,41519.234,36.821,21.109,21.109,,,SENGKANG WEST AVENUE,43.338
sengkang_west_avenue,Sengkang West Avenue,3406.0,32923.338,41518.887,30.238,20.473,20.473,,,SENGKANG WEST AVENUE,43.726
sengkang_west_avenue,Sengkang West Avenue,3408.0,32921.368,41518.541,21.405,19.837,19.837,,,SENGKANG WEST AVENUE,44.114
sengkang_west_avenue,Sengkang West Avenue,3410.0,32919.398,41518.194,21.354,19.201,19.201,,,SENGKANG WEST AVENUE,44.503
sengkang_west_avenue,Sengkang West Avenue,3412.0,32917.428,41517.848,9.234,18.564,18.564,,,SENGKANG WEST AVENUE,44.891
sengkang_west_avenue,Sengkang West Avenue,3414.0,32915.459,41517.502,8.047,17.928,17.928,,,SENGKANG WEST AVENUE,45.279
sengkang_west_avenue,Sengkang West Avenue,3416.0,32913.489,41517.155,8.159,17.292,17.292,,,SENGKANG WEST AVENUE,45.667
sengkang_west_avenue,Sengkang West Avenue,3418.0,32911.519,41516.809,8.309,16.751,16.751,,,SENGKANG WEST AVENUE,46.055
sengkang_west_avenue,Sengkang West Avenue,3420.0,32909.549,41516.463,10.509,16.211,16.211,,,SENGKANG WEST AVENUE,46.444
sengkang_west_avenue,Sengkang West Avenue,3422.0,32907.58,41516.116,11.959,15.67,15.67,,,SENGKANG WEST AVENUE,46.832
sengkang_west_avenue,Sengkang West Avenue,3424.0,32905.61,41515.77,11.909,15.13,15.13,,,SENGKANG WEST AVENUE,47.22
sengkang_west_avenue,Sengkang West Avenue,3426.0,32903.64,41515.423,13.688,14.589,14.589,,,SENGKANG WEST AVENUE,47.608
sengkang_west_avenue,Sengkang West Avenue,3428.0,32901.67,41515.077,15.713,14.048,14.048,,,SENGKANG WEST AVENUE,47.996
sengkang_west_avenue,Sengkang West Avenue,3430.0,32899.7,41514.731,15.738,13.508,13.508,,,SENGKANG WEST AVENUE,48.384
sengkang_west_avenue,Sengkang West Avenue,3432.0,32897.731,41514.384,20.613,13.418,13.418,,,SENGKANG WEST AVENUE,48.773
sengkang_west_avenue,Sengkang West Avenue,3434.0,32895.761,41514.038,12.988,13.328,13.328,-3.375,1.0,SENGKANG WEST AVENUE,49.161
sengkang_west_avenue,Sengkang West Avenue,3436.0,32893.791,41513.692,13.238,13.238,13.238,-2.25,1.0,SENGKANG WEST AVENUE,49.549
sengkang_west_avenue,Sengkang West Avenue,3438.0,32891.821,41513.345,16.596,13.209,13.238,,,SENGKANG WEST AVENUE,49.937
sengkang_west_avenue,Sengkang West Avenue,3440.0,32889.852,41512.999,13.18,13.18,13.238,,,SENGKANG WEST AVENUE,50.325
sengkang_west_avenue,Sengkang West Avenue,3442.0,32887.882,41512.653,13.205,13.462,13.462,,,SENGKANG WEST AVENUE,50.714
sengkang_west_avenue,Sengkang West Avenue,3444.0,32885.912,41512.306,10.296,13.745,13.745,,,SENGKANG WEST AVENUE,51.102
sengkang_west_avenue,Sengkang West Avenue,3446.0,32883.942,41511.96,12.559,14.027,14.027,,,SENGKANG WEST AVENUE,51.489
sengkang_west_avenue,Sengkang West Avenue,3448.0,32881.972,41511.613,14.738,14.31,14.31,,,SENGKANG WEST AVENUE,51.873
sengkang_west_avenue,Sengkang West Avenue,3450.0,32880.003,41511.267,15.063,14.592,14.31,,,SENGKANG WEST AVENUE,52.258
sengkang_west_avenue,Sengkang West Avenue,3452.0,32878.033,41510.921,17.129,14.369,14.31,,,SENGKANG WEST AVENUE,52.642
sengkang_west_avenue,Sengkang West Avenue,3454.0,32876.063,41510.574,20.779,14.146,14.146,,,SENGKANG WEST AVENUE,53.026
sengkang_west_avenue,Sengkang West Avenue,3456.0,32874.093,41510.228,14.691,13.641,13.641,,,SENGKANG WEST AVENUE,53.41
sengkang_west_avenue,Sengkang West Avenue,3458.0,32872.124,41509.882,17.088,13.136,13.136,,,SENGKANG WEST AVENUE,53.794
sengkang_west_avenue,Sengkang West Avenue,3460.0,32870.154,41509.535,13.688,12.631,12.631,,,SENGKANG WEST AVENUE,54.179
sengkang_west_avenue,Sengkang West Avenue,3462.0,32868.184,41509.189,9.963,,12.126,,,SENGKANG WEST AVENUE,54.563
sengkang_west_avenue,Sengkang West Avenue,3464.0,32866.214,41508.842,9.963,,11.621,,,SENGKANG WEST AVENUE,54.947
sengkang_west_avenue,Sengkang West Avenue,3466.0,32864.244,41508.496,10.004,11.115,11.115,,,SENGKANG WEST AVENUE,55.331
sengkang_west_avenue,Sengkang West Avenue,3468.0,32862.275,41508.15,9.146,10.61,10.61,,,SENGKANG WEST AVENUE,55.715
sengkang_west_avenue,Sengkang West Avenue,3470.0,32860.305,41507.803,9.171,10.105,10.105,,,SENGKANG WEST AVENUE,56.099
sengkang_west_avenue,Sengkang West Avenue,3472.0,32858.335,41507.457,13.305,9.6,9.977,,,SENGKANG WEST AVENUE,56.484
sengkang_west_avenue,Sengkang West Avenue,3474.0,32856.365,41507.111,10.029,9.673,9.977,,,SENGKANG WEST AVENUE,56.868
sengkang_west_avenue,Sengkang West Avenue,3476.0,32854.396,41506.764,14.138,9.977,9.977,,,SENGKANG WEST AVENUE,57.252
sengkang_west_avenue,Sengkang West Avenue,3478.0,32852.426,41506.418,9.463,10.281,10.281,,,SENGKANG WEST AVENUE,57.636
sengkang_west_avenue,Sengkang West Avenue,3480.0,32850.456,41506.071,9.713,10.646,10.646,,,SENGKANG WEST AVENUE,58.02
sengkang_west_avenue,Sengkang West Avenue,3482.0,32848.486,41505.725,11.066,11.011,11.011,,,SENGKANG WEST AVENUE,58.404
sengkang_west_avenue,Sengkang West Avenue,3484.0,32846.516,41505.379,8.666,11.376,11.376,,,SENGKANG WEST AVENUE,58.789
sengkang_west_avenue,Sengkang West Avenue,3486.0,32844.547,41505.032,11.016,,11.741,,,SENGKANG WEST AVENUE,59.173
sengkang_west_avenue,Sengkang West Avenue,3488.0,32842.577,41504.686,15.516,,12.106,,,SENGKANG WEST AVENUE,59.557
sengkang_west_avenue,Sengkang West Avenue,3490.0,32840.607,41504.34,15.466,12.471,12.471,,,SENGKANG WEST AVENUE,59.941
sengkang_west_avenue,Sengkang West Avenue,3492.0,32838.637,41503.993,10.441,12.836,12.836,,,SENGKANG WEST AVENUE,60.325
sengkang_west_avenue,Sengkang West Avenue,3494.0,32836.668,41503.647,14.679,13.2,13.2,,,SENGKANG WEST AVENUE,60.71
sengkang_west_avenue,Sengkang West Avenue,3496.0,32834.698,41503.3,14.191,13.565,13.2,,,SENGKANG WEST AVENUE,61.094
sengkang_west_avenue,Sengkang West Avenue,3498.0,32832.728,41502.954,14.129,13.372,13.2,,,SENGKANG WEST AVENUE,61.478
sengkang_west_avenue,Sengkang West Avenue,3500.0,32830.758,41502.608,12.866,13.179,13.179,,,SENGKANG WEST AVENUE,61.862
sengkang_west_avenue,Sengkang West Avenue,3502.0,32828.788,41502.261,11.554,12.986,13.179,,,SENGKANG WEST AVENUE,62.246
sengkang_west_avenue,Sengkang West Avenue,3504.0,32826.819,41501.915,11.554,13.106,13.179,,,SENGKANG WEST AVENUE,62.631
sengkang_west_avenue,Sengkang West Avenue,3506.0,32824.849,41501.569,12.591,13.226,13.226,,,SENGKANG WEST AVENUE,63.015
sengkang_west_avenue,Sengkang West Avenue,3508.0,32822.879,41501.222,14.741,13.346,13.346,,,SENGKANG WEST AVENUE,63.399
sengkang_west_avenue,Sengkang West Avenue,3510.0,32820.909,41500.876,13.466,13.466,13.466,,,SENGKANG WEST AVENUE,63.783
sengkang_west_avenue,Sengkang West Avenue,3512.0,32818.94,41500.529,13.516,13.516,13.488,,,SENGKANG WEST AVENUE,64.167
sengkang_west_avenue,Sengkang West Avenue,3514.0,32816.97,41500.183,11.666,13.704,13.488,,,SENGKANG WEST AVENUE,64.551
sengkang_west_avenue,Sengkang West Avenue,3516.0,32815.0,41499.837,16.604,13.488,13.488,,,SENGKANG WEST AVENUE,64.936
sengkang_west_avenue,Sengkang West Avenue,3518.0,32813.03,41499.49,16.679,13.272,13.272,,,SENGKANG WEST AVENUE,65.32
sengkang_west_avenue,Sengkang West Avenue,3520.0,32811.06,41499.144,16.716,12.972,12.972,,,SENGKANG WEST AVENUE,65.704
sengkang_west_avenue,Sengkang West Avenue,3522.0,32809.091,41498.798,14.454,12.671,12.671,,,SENGKANG WEST AVENUE,66.088
sengkang_west_avenue,Sengkang West Avenue,3524.0,32807.121,41498.451,11.904,12.371,12.371,,,SENGKANG WEST AVENUE,66.472
sengkang_west_avenue,Sengkang West Avenue,3526.0,32805.151,41498.105,10.673,12.071,12.371,,,SENGKANG WEST AVENUE,66.857
sengkang_west_avenue,Sengkang West Avenue,3528.0,32803.181,41497.758,10.123,12.27,12.371,,,SENGKANG WEST AVENUE,67.241
sengkang_west_avenue,Sengkang West Avenue,3530.0,32801.212,41497.412,10.123,12.47,12.47,,,SENGKANG WEST AVENUE,67.625
sengkang_west_avenue,Sengkang West Avenue,3532.0,32799.242,41497.066,10.56,12.669,12.669,,,SENGKANG WEST AVENUE,68.009
sengkang_west_avenue,Sengkang West Avenue,3534.0,32797.272,41496.719,11.535,12.869,12.814,,,SENGKANG WEST AVENUE,68.393
sengkang_west_avenue,Sengkang West Avenue,3536.0,32795.302,41496.373,9.835,13.068,12.814,,,SENGKANG WEST AVENUE,68.777
sengkang_west_avenue,Sengkang West Avenue,3538.0,32793.332,41496.027,13.605,12.814,12.814,,,SENGKANG WEST AVENUE,69.162
sengkang_west_avenue,Sengkang West Avenue,3540.0,32791.363,41495.68,13.467,12.514,12.514,,,SENGKANG WEST AVENUE,69.546
sengkang_west_avenue,Sengkang West Avenue,3542.0,32789.393,41495.334,13.273,12.214,12.214,,,SENGKANG WEST AVENUE,69.93
sengkang_west_avenue,Sengkang West Avenue,3544.0,32787.423,41494.987,13.242,11.928,11.928,,,SENGKANG WEST AVENUE,70.314
sengkang_west_avenue,Sengkang West Avenue,3546.0,32785.453,41494.641,21.967,11.643,11.643,,,SENGKANG WEST AVENUE,70.698
sengkang_west_avenue,Sengkang West Avenue,3688.0,32645.599,41470.049,19.995,11.357,11.357,,,SENGKANG WEST AVENUE,63.757
sengkang_west_avenue,Sengkang West Avenue,3690.0,32643.629,41469.702,9.678,11.071,11.071,,,SENGKANG WEST AVENUE,63.228
sengkang_west_avenue,Sengkang West Avenue,3692.0,32641.66,41469.356,9.945,10.786,11.015,,,SENGKANG WEST AVENUE,62.698
sengkang_west_avenue,Sengkang West Avenue,3694.0,32639.69,41469.01,10.345,10.746,11.015,,,SENGKANG WEST AVENUE,62.169
sengkang_west_avenue,Sengkang West Avenue,3696.0,32637.72,41468.663,10.706,11.015,11.015,,,SENGKANG WEST AVENUE,61.64
sengkang_west_avenue,Sengkang West Avenue,3698.0,32635.75,41468.317,10.812,11.434,11.434,,,SENGKANG WEST AVENUE,61.111
sengkang_west_avenue,Sengkang West Avenue,3700.0,32633.78,41467.97,10.766,11.852,11.852,,,SENGKANG WEST AVENUE,60.581
sengkang_west_avenue,Sengkang West Avenue,3702.0,32631.811,41467.624,10.741,12.297,12.297,,,SENGKANG WEST AVENUE,60.052
sengkang_west_avenue,Sengkang West Avenue,3704.0,32629.841,41467.278,10.608,12.742,12.742,,,SENGKANG WEST AVENUE,59.523
sengkang_west_avenue,Sengkang West Avenue,3706.0,32627.871,41466.931,22.474,13.186,13.186,,,SENGKANG WEST AVENUE,58.993
sengkang_west_avenue,Sengkang West Avenue,3708.0,32625.901,41466.585,18.018,13.631,13.631,,,SENGKANG WEST AVENUE,58.464
sengkang_west_avenue,Sengkang West Avenue,3710.0,32623.932,41466.239,23.854,14.075,14.075,,,SENGKANG WEST AVENUE,57.935
sengkang_west_avenue,Sengkang West Avenue,3712.0,32621.962,41465.892,25.922,14.52,14.184,,,SENGKANG WEST AVENUE,57.406
sengkang_west_avenue,Sengkang West Avenue,3714.0,32619.992,41465.546,25.094,14.352,14.184,,,SENGKANG WEST AVENUE,56.876
sengkang_west_avenue,Sengkang West Avenue,3716.0,32618.022,41465.199,22.409,14.184,14.184,,,SENGKANG WEST AVENUE,56.347
sengkang_west_avenue,Sengkang West Avenue,3718.0,32616.052,41464.853,21.043,14.017,14.017,,,SENGKANG WEST AVENUE,55.818
sengkang_west_avenue,Sengkang West Avenue,3720.0,32614.083,41464.507,24.299,13.849,13.849,,,SENGKANG WEST AVENUE,55.289
sengkang_west_avenue,Sengkang West Avenue,3722.0,32612.113,41464.16,23.784,13.681,13.681,,,SENGKANG WEST AVENUE,54.759
sengkang_west_avenue,Sengkang West Avenue,3724.0,32610.143,41463.814,25.594,13.513,13.513,,,SENGKANG WEST AVENUE,54.23
sengkang_west_avenue,Sengkang West Avenue,3726.0,32608.173,41463.468,25.045,13.345,13.345,,,SENGKANG WEST AVENUE,53.701
sengkang_west_avenue,Sengkang West Avenue,3728.0,32606.204,41463.121,26.411,13.177,13.177,,,SENGKANG WEST AVENUE,53.171
sengkang_west_avenue,Sengkang West Avenue,3730.0,32604.234,41462.775,24.868,13.01,13.01,,,SENGKANG WEST AVENUE,52.642
sengkang_west_avenue,Sengkang West Avenue,3732.0,32602.264,41462.428,26.594,12.842,12.842,,,SENGKANG WEST AVENUE,52.113
sengkang_west_avenue,Sengkang West Avenue,3734.0,32600.294,41462.082,20.481,12.674,12.674,,,SENGKANG WEST AVENUE,51.584
sengkang_west_avenue,Sengkang West Avenue,3736.0,32598.324,41461.736,14.769,12.506,12.506,,,SENGKANG WEST AVENUE,51.054
sengkang_west_avenue,Sengkang West Avenue,3738.0,32596.355,41461.389,14.431,12.338,12.338,,,SENGKANG WEST AVENUE,50.525
sengkang_west_avenue,Sengkang West Avenue,3740.0,32594.385,41461.043,15.698,12.171,12.254,,,SENGKANG WEST AVENUE,49.996
sengkang_west_avenue,Sengkang West Avenue,3742.0,32592.415,41460.697,16.234,12.003,12.254,,,SENGKANG WEST AVENUE,49.467
sengkang_west_avenue,Sengkang West Avenue,3744.0,32590.445,41460.35,12.705,12.254,12.254,,,SENGKANG WEST AVENUE,48.937
sengkang_west_avenue,Sengkang West Avenue,3746.0,32588.476,41460.004,11.78,12.505,12.505,,,SENGKANG WEST AVENUE,48.408
sengkang_west_avenue,Sengkang West Avenue,3748.0,32586.506,41459.657,9.83,13.146,13.146,,,SENGKANG WEST AVENUE,47.879
sengkang_west_avenue,Sengkang West Avenue,3750.0,32584.536,41459.311,11.218,13.787,13.787,,,SENGKANG WEST AVENUE,47.349
sengkang_west_avenue,Sengkang West Avenue,3752.0,32582.566,41458.965,9.768,14.428,14.428,,,SENGKANG WEST AVENUE,46.82
sengkang_west_avenue,Sengkang West Avenue,3754.0,32580.596,41458.618,17.961,15.068,15.068,,,SENGKANG WEST AVENUE,46.291
sengkang_west_avenue,Sengkang West Avenue,3756.0,32578.627,41458.272,18.217,15.796,15.796,,,SENGKANG WEST AVENUE,45.762
sengkang_west_avenue,Sengkang West Avenue,3758.0,32576.657,41457.926,21.067,16.524,16.524,,,SENGKANG WEST AVENUE,45.232
sengkang_west_avenue,Sengkang West Avenue,3760.0,32574.687,41457.579,15.032,17.252,17.252,,,SENGKANG WEST AVENUE,44.703
sengkang_west_avenue,Sengkang West Avenue,3762.0,32572.717,41457.233,18.337,,17.98,,,SENGKANG WEST AVENUE,44.174
sengkang_west_avenue,Sengkang West Avenue,3764.0,32570.748,41456.886,20.623,18.708,18.708,,,SENGKANG WEST AVENUE,43.645
sengkang_west_avenue,Sengkang West Avenue,3766.0,32568.778,41456.54,20.964,19.436,19.436,,,SENGKANG WEST AVENUE,43.115
sengkang_west_avenue,Sengkang West Avenue,3768.0,32566.808,41456.194,20.34,20.164,20.164,,,SENGKANG WEST AVENUE,42.586
sengkang_west_avenue,Sengkang West Avenue,3770.0,32564.838,41455.847,25.223,20.892,20.892,,,SENGKANG WEST AVENUE,42.057
sengkang_west_avenue,Sengkang West Avenue,3772.0,32562.868,41455.501,21.357,20.982,20.929,,,SENGKANG WEST AVENUE,41.527
sengkang_west_avenue,Sengkang West Avenue,3774.0,32560.899,41455.155,21.601,21.072,20.929,,,SENGKANG WEST AVENUE,40.998
sengkang_west_avenue,Sengkang West Avenue,3776.0,32558.929,41454.808,16.473,20.929,20.929,,,SENGKANG WEST AVENUE,40.469
sengkang_west_avenue,Sengkang West Avenue,3778.0,32556.959,41454.462,17.001,20.786,20.786,,,SENGKANG WEST AVENUE,39.94
sengkang_west_avenue,Sengkang West Avenue,3780.0,32554.989,41454.115,20.282,20.676,20.676,,,SENGKANG WEST AVENUE,39.41
sengkang_west_avenue,Sengkang West Avenue,3782.0,32553.02,41453.769,21.62,20.565,20.565,,,SENGKANG WEST AVENUE,38.881
sengkang_west_avenue,Sengkang West Avenue,3784.0,32551.05,41453.423,17.663,20.455,20.455,,,SENGKANG WEST AVENUE,38.352
sengkang_west_avenue,Sengkang West Avenue,3786.0,32549.08,41453.076,20.235,20.344,20.344,,,SENGKANG WEST AVENUE,37.823
sengkang_west_avenue,Sengkang West Avenue,3788.0,32547.11,41452.73,18.477,20.234,20.234,,,SENGKANG WEST AVENUE,37.293
sengkang_west_avenue,Sengkang West Avenue,3790.0,32545.14,41452.384,14.877,20.123,20.123,,,SENGKANG WEST AVENUE,36.764
sengkang_west_avenue,Sengkang West Avenue,3792.0,32543.171,41452.037,16.857,20.013,20.013,,,SENGKANG WEST AVENUE,36.235
sengkang_west_avenue,Sengkang West Avenue,3794.0,32541.201,41451.691,18.651,19.902,19.902,,,SENGKANG WEST AVENUE,35.705
sengkang_west_avenue,Sengkang West Avenue,3796.0,32539.231,41451.344,19.792,19.792,19.792,,,SENGKANG WEST AVENUE,35.176
sengkang_west_avenue,Sengkang West Avenue,3798.0,32537.261,41450.998,21.988,19.707,19.707,,,SENGKANG WEST AVENUE,34.647
sengkang_west_avenue,Sengkang West Avenue,3800.0,32535.292,41450.652,19.623,19.623,19.707,-1.06,1.0,SENGKANG WEST AVENUE,34.118
sengkang_west_avenue,Sengkang West Avenue,3802.0,32533.322,41450.305,23.16,19.707,19.707,-0.006,1.0,SENGKANG WEST AVENUE,33.588
sengkang_west_avenue,Sengkang West Avenue,3804.0,32531.352,41449.959,22.117,19.791,19.707,,,SENGKANG WEST AVENUE,33.059
sengkang_west_avenue,Sengkang West Avenue,3806.0,32529.382,41449.613,13.387,19.875,19.707,,,SENGKANG WEST AVENUE,32.53
sengkang_west_avenue,Sengkang West Avenue,3808.0,32527.412,41449.266,16.183,19.625,19.625,,,SENGKANG WEST AVENUE,32.001
sengkang_west_avenue,Sengkang West Avenue,3810.0,32525.443,41448.92,20.042,19.375,19.375,,,SENGKANG WEST AVENUE,31.471
sengkang_west_avenue,Sengkang West Avenue,3812.0,32523.473,41448.574,20.153,18.181,18.181,,,SENGKANG WEST AVENUE,30.942
sengkang_west_avenue,Sengkang West Avenue,3814.0,32521.503,41448.227,20.132,16.986,16.986,,,SENGKANG WEST AVENUE,30.413
sengkang_west_avenue,Sengkang West Avenue,3816.0,32519.533,41447.881,16.289,15.792,15.792,,,SENGKANG WEST AVENUE,29.883
sengkang_west_avenue,Sengkang West Avenue,3818.0,32517.564,41447.534,13.961,,14.598,,,SENGKANG WEST AVENUE,29.354
sengkang_west_avenue,Sengkang West Avenue,3820.0,32515.594,41447.188,11.83,,13.403,,,SENGKANG WEST AVENUE,28.825
sengkang_west_avenue,Sengkang West Avenue,3822.0,32513.624,41446.842,13.017,12.209,12.209,,,SENGKANG WEST AVENUE,28.296
sengkang_west_avenue,Sengkang West Avenue,3824.0,32511.654,41446.495,8.511,11.015,11.015,,,SENGKANG WEST AVENUE,27.766
sengkang_west_avenue,Sengkang West Avenue,3826.0,32509.684,41446.149,8.507,9.82,9.82,,,SENGKANG WEST AVENUE,27.237
sengkang_west_avenue,Sengkang West Avenue,3828.0,32507.715,41445.803,8.626,8.626,8.626,,,SENGKANG WEST AVENUE,26.708
sengkang_west_avenue,Sengkang West Avenue,3830.0,32505.745,41445.456,8.595,8.595,8.595,,,SENGKANG WEST AVENUE,26.179
sengkang_west_avenue,Sengkang West Avenue,3832.0,32503.775,41445.11,8.551,8.551,8.593,-0.41,1.0,SENGKANG WEST AVENUE,25.649
sengkang_west_avenue,Sengkang West Avenue,3834.0,32501.805,41444.763,8.576,8.576,8.593,0.195,1.0,SENGKANG WEST AVENUE,25.12
sengkang_west_avenue,Sengkang West Avenue,3836.0,32499.836,41444.417,11.788,8.593,8.593,0.215,1.0,SENGKANG WEST AVENUE,24.591
sengkang_west_avenue,Sengkang West Avenue,3838.0,32497.866,41444.071,12.889,8.61,8.61,0.215,1.0,SENGKANG WEST AVENUE,24.062
sengkang_west_avenue,Sengkang West Avenue,3840.0,32495.896,41443.724,12.751,8.628,8.61,0.176,1.0,SENGKANG WEST AVENUE,23.532
sengkang_west_avenue,Sengkang West Avenue,3842.0,32493.926,41443.378,8.645,8.645,8.61,-0.742,1.0,SENGKANG WEST AVENUE,23.003
sengkang_west_avenue,Sengkang West Avenue,3844.0,32491.956,41443.032,8.607,8.607,8.607,-1.445,1.0,SENGKANG WEST AVENUE,22.474
sengkang_west_avenue,Sengkang West Avenue,3846.0,32489.987,41442.685,8.551,8.551,8.551,-3.242,1.0,SENGKANG WEST AVENUE,21.951
sengkang_west_avenue,Sengkang West Avenue,3848.0,32488.017,41442.339,8.495,8.495,8.495,-4.453,1.0,SENGKANG WEST AVENUE,21.428
sengkang_west_avenue,Sengkang West Avenue,3850.0,32486.047,41441.992,8.351,8.351,8.351,,,SENGKANG WEST AVENUE,20.906
sengkang_west_avenue,Sengkang West Avenue,3852.0,32484.077,41441.646,8.251,8.251,8.251,,,SENGKANG WEST AVENUE,20.383
sengkang_west_avenue,Sengkang West Avenue,3854.0,32482.108,41441.3,9.926,8.251,8.251,,,SENGKANG WEST AVENUE,19.861
sengkang_west_avenue,Sengkang West Avenue,3856.0,32480.138,41440.953,9.207,8.251,8.251,0.0,1.0,SENGKANG WEST AVENUE,19.338
sengkang_west_avenue,Sengkang West Avenue,3858.0,32478.168,41440.607,8.251,8.251,8.251,,,SENGKANG WEST AVENUE,18.816
sengkang_west_avenue,Sengkang West Avenue,3860.0,32476.198,41440.261,8.251,8.251,8.251,,,SENGKANG WEST AVENUE,18.293
sengkang_west_avenue,Sengkang West Avenue,3862.0,32474.228,41439.914,8.251,8.251,8.251,,,SENGKANG WEST AVENUE,17.771
sengkang_west_avenue,Sengkang West Avenue,3864.0,32472.259,41439.568,8.251,8.251,8.251,0.0,1.0,SENGKANG WEST AVENUE,17.248
sengkang_west_avenue,Sengkang West Avenue,3866.0,32470.336,41439.225,8.251,8.251,8.251,0.0,1.0,SENGKANG WEST AVENUE,16.733
sengkang_west_avenue,Sengkang West Avenue,3868.0,32472.335,41439.151,15.588,8.251,8.251,0.0,1.0,SENGKANG WEST AVENUE,16.84
sengkang_west_avenue,Sengkang West Avenue,3870.0,32474.334,41439.077,8.251,8.251,8.251,1.314,1.0,SENGKANG WEST AVENUE,16.946
sengkang_west_avenue,Sengkang West Avenue,3872.0,32476.332,41439.003,8.251,8.251,8.251,2.628,1.0,SENGKANG WEST AVENUE,17.053
sengkang_west_avenue,Sengkang West Avenue,3874.0,32478.331,41438.929,8.671,8.461,8.461,2.628,1.0,SENGKANG WEST AVENUE,17.16
sengkang_west_avenue,Sengkang West Avenue,3876.0,32480.329,41438.855,9.831,8.671,8.461,,,SENGKANG WEST AVENUE,17.266
sengkang_west_avenue,Sengkang West Avenue,3878.0,32482.328,41438.782,8.671,8.671,8.461,,,SENGKANG WEST AVENUE,17.373
sengkang_west_avenue,Sengkang West Avenue,3880.0,32484.327,41438.708,8.251,8.461,8.461,0.0,1.0,SENGKANG WEST AVENUE,17.479
sengkang_west_avenue,Sengkang West Avenue,3882.0,32486.325,41438.634,8.251,8.251,8.461,,,SENGKANG WEST AVENUE,17.586
sengkang_west_avenue,Sengkang West Avenue,3884.0,32488.324,41438.56,8.251,8.251,8.461,,,SENGKANG WEST AVENUE,17.693
sengkang_west_avenue,Sengkang West Avenue,3886.0,32490.323,41438.486,9.695,8.523,8.523,,,SENGKANG WEST AVENUE,17.799
sengkang_west_avenue,Sengkang West Avenue,3888.0,32492.321,41438.412,9.576,8.795,8.795,,,SENGKANG WEST AVENUE,17.909
sengkang_west_avenue,Sengkang West Avenue,3890.0,32494.32,41438.338,8.251,9.067,8.795,,,SENGKANG WEST AVENUE,18.023
sengkang_west_avenue,Sengkang West Avenue,3892.0,32496.319,41438.265,9.339,8.866,8.795,,,SENGKANG WEST AVENUE,18.136
sengkang_west_avenue,Sengkang West Avenue,3894.0,32498.317,41438.191,9.507,8.665,8.665,,,SENGKANG WEST AVENUE,18.25
sengkang_west_avenue,Sengkang West Avenue,3896.0,32500.316,41438.117,9.624,8.464,8.464,,,SENGKANG WEST AVENUE,18.363
sengkang_west_avenue,Sengkang West Avenue,3898.0,32502.314,41438.043,8.264,8.264,8.288,,,SENGKANG WEST AVENUE,18.477
sengkang_west_avenue,Sengkang West Avenue,3900.0,32504.313,41437.969,8.276,8.276,8.288,,,SENGKANG WEST AVENUE,18.59
sengkang_west_avenue,Sengkang West Avenue,3902.0,32506.312,41437.895,8.288,8.288,8.276,0.052,1.0,SENGKANG WEST AVENUE,18.704
sengkang_west_avenue,Sengkang West Avenue,3904.0,32508.31,41437.822,8.301,8.301,8.288,,,SENGKANG WEST AVENUE,18.818
sengkang_west_avenue,Sengkang West Avenue,3906.0,32510.309,41437.748,8.276,8.276,8.293,,,SENGKANG WEST AVENUE,18.931
sengkang_west_avenue,Sengkang West Avenue,3908.0,32512.308,41437.674,8.888,8.293,8.301,0.26,1.0,SENGKANG WEST AVENUE,19.045
sengkang_west_avenue,Sengkang West Avenue,3910.0,32514.306,41437.6,8.445,8.309,8.307,0.417,1.0,SENGKANG WEST AVENUE,19.158
sengkang_west_avenue,Sengkang West Avenue,3912.0,32516.305,41437.526,8.326,8.326,8.309,,,SENGKANG WEST AVENUE,19.272
sengkang_west_avenue,Sengkang West Avenue,3914.0,32518.303,41437.452,8.307,8.307,8.326,,,SENGKANG WEST AVENUE,19.386
sengkang_west_avenue,Sengkang West Avenue,3916.0,32520.302,41437.378,11.27,8.326,8.326,0.443,1.0,SENGKANG WEST AVENUE,19.499
sengkang_west_avenue,Sengkang West Avenue,3918.0,32522.301,41437.305,11.388,8.345,8.326,0.234,1.0,SENGKANG WEST AVENUE,19.613
sengkang_west_avenue,Sengkang West Avenue,3920.0,32524.299,41437.231,8.364,8.364,8.345,-0.234,1.0,SENGKANG WEST AVENUE,19.726
sengkang_west_avenue,Sengkang West Avenue,3922.0,32526.298,41437.157,8.307,8.307,8.345,-0.234,1.0,SENGKANG WEST AVENUE,19.84
sengkang_west_avenue,Sengkang West Avenue,3924.0,32528.297,41437.083,8.407,8.407,8.307,-0.625,1.0,SENGKANG WEST AVENUE,19.954
sengkang_west_avenue,Sengkang West Avenue,3926.0,32530.295,41437.009,8.288,8.288,8.307,-0.625,1.0,SENGKANG WEST AVENUE,20.067
sengkang_west_avenue,Sengkang West Avenue,3928.0,32532.294,41436.935,8.295,8.295,8.295,0.0,1.0,SENGKANG WEST AVENUE,20.181
sengkang_west_avenue,Sengkang West Avenue,3930.0,32534.293,41436.861,8.307,8.307,8.295,3.203,1.0,SENGKANG WEST AVENUE,20.294
sengkang_west_avenue,Sengkang West Avenue,3932.0,32536.291,41436.788,8.288,8.288,8.307,,,SENGKANG WEST AVENUE,20.408
sengkang_west_avenue,Sengkang West Avenue,3934.0,32538.29,41436.714,8.564,8.564,8.564,,,SENGKANG WEST AVENUE,20.522
sengkang_west_avenue,Sengkang West Avenue,3936.0,32540.288,41436.64,8.668,8.839,8.839,13.532,2.0,SENGKANG WEST AVENUE,20.635
sengkang_west_avenue,Sengkang West Avenue,3938.0,32542.287,41436.566,8.513,9.114,9.114,,,SENGKANG WEST AVENUE,20.749
sengkang_west_avenue,Sengkang West Avenue,3940.0,32544.286,41436.492,9.39,9.39,9.39,,,SENGKANG WEST AVENUE,20.862
sengkang_west_avenue,Sengkang West Avenue,3942.0,32546.284,41436.418,10.373,9.444,9.444,,,SENGKANG WEST AVENUE,20.976
sengkang_west_avenue,Sengkang West Avenue,3944.0,32548.283,41436.345,10.044,9.499,9.499,,,SENGKANG WEST AVENUE,21.09
sengkang_west_avenue,Sengkang West Avenue,3946.0,32550.282,41436.271,9.264,9.553,9.553,,,SENGKANG WEST AVENUE,21.203
sengkang_west_avenue,Sengkang West Avenue,3948.0,32552.28,41436.197,9.33,9.607,9.553,,,SENGKANG WEST AVENUE,21.317
sengkang_west_avenue,Sengkang West Avenue,3950.0,32554.279,41436.123,9.662,9.662,9.553,,,SENGKANG WEST AVENUE,21.43
sengkang_west_avenue,Sengkang West Avenue,3952.0,32556.278,41436.049,9.373,9.373,9.607,,,SENGKANG WEST AVENUE,21.544
sengkang_west_avenue,Sengkang West Avenue,3954.0,32558.276,41435.975,10.176,9.505,9.637,2.708,1.0,SENGKANG WEST AVENUE,21.658
sengkang_west_avenue,Sengkang West Avenue,3956.0,32560.275,41435.901,9.567,9.637,9.637,,,SENGKANG WEST AVENUE,21.771
sengkang_west_avenue,Sengkang West Avenue,3958.0,32562.273,41435.828,9.77,9.77,9.77,,,SENGKANG WEST AVENUE,21.885
sengkang_west_avenue,Sengkang West Avenue,3960.0,32564.272,41435.754,9.498,9.865,9.865,,,SENGKANG WEST AVENUE,21.998
sengkang_west_avenue,Sengkang West Avenue,3962.0,32566.271,41435.68,8.785,10.106,10.106,,,SENGKANG WEST AVENUE,22.112
sengkang_west_avenue,Sengkang West Avenue,3964.0,32568.269,41435.606,9.253,10.381,10.381,,,SENGKANG WEST AVENUE,22.226
sengkang_west_avenue,Sengkang West Avenue,3966.0,32570.268,41435.532,9.104,10.657,10.381,,,SENGKANG WEST AVENUE,22.339
sengkang_west_avenue,Sengkang West Avenue,3968.0,32572.267,41435.458,11.032,10.476,10.381,,,SENGKANG WEST AVENUE,22.453
sengkang_west_avenue,Sengkang West Avenue,3970.0,32574.265,41435.384,11.807,10.296,10.296,,,SENGKANG WEST AVENUE,22.566
sengkang_west_avenue,Sengkang West Avenue,3972.0,32576.264,41435.311,11.892,10.115,10.115,,,SENGKANG WEST AVENUE,22.68
sengkang_west_avenue,Sengkang West Avenue,3974.0,32578.263,41435.237,11.897,9.935,9.935,,,SENGKANG WEST AVENUE,22.794
sengkang_west_avenue,Sengkang West Avenue,3976.0,32580.261,41435.163,11.857,9.755,9.755,,,SENGKANG WEST AVENUE,22.907
sengkang_west_avenue,Sengkang West Avenue,3978.0,32582.26,41435.089,12.078,9.574,9.574,,,SENGKANG WEST AVENUE,23.021
sengkang_west_avenue,Sengkang West Avenue,3980.0,32584.258,41435.015,11.935,9.394,9.394,,,SENGKANG WEST AVENUE,23.134
sengkang_west_avenue,Sengkang West Avenue,3982.0,32586.257,41434.941,9.891,9.214,9.214,,,SENGKANG WEST AVENUE,23.248
sengkang_west_avenue,Sengkang West Avenue,3984.0,32588.256,41434.868,8.736,9.033,9.089,,,SENGKANG WEST AVENUE,23.362
sengkang_west_avenue,Sengkang West Avenue,3986.0,32590.254,41434.794,8.853,8.853,9.051,,,SENGKANG WEST AVENUE,23.475
sengkang_west_avenue,Sengkang West Avenue,3988.0,32592.253,41434.72,9.089,9.089,9.051,,,SENGKANG WEST AVENUE,23.589
sengkang_west_avenue,Sengkang West Avenue,3990.0,32594.252,41434.646,9.051,9.051,9.089,,,SENGKANG WEST AVENUE,23.702
sengkang_west_avenue,Sengkang West Avenue,3992.0,32596.25,41434.572,9.101,9.101,9.101,,,SENGKANG WEST AVENUE,23.816
sengkang_west_avenue,Sengkang West Avenue,3994.0,32598.249,41434.498,11.514,9.379,9.379,,,SENGKANG WEST AVENUE,23.93
sengkang_west_avenue,Sengkang West Avenue,3996.0,32600.248,41434.424,12.222,9.657,9.657,,,SENGKANG WEST AVENUE,24.043
sengkang_west_avenue,Sengkang West Avenue,3998.0,32602.246,41434.351,10.41,9.935,9.935,,,SENGKANG WEST AVENUE,24.157
sengkang_west_avenue,Sengkang West Avenue,4000.0,32604.245,41434.277,11.347,10.213,10.213,,,SENGKANG WEST AVENUE,24.27
sengkang_west_avenue,Sengkang West Avenue,4002.0,32606.243,41434.203,10.867,10.491,10.491,,,SENGKANG WEST AVENUE,24.384
sengkang_west_avenue,Sengkang West Avenue,4004.0,32608.242,41434.129,11.257,10.769,10.769,,,SENGKANG WEST AVENUE,24.498
sengkang_west_avenue,Sengkang West Avenue,4006.0,32610.241,41434.055,12.264,11.047,11.047,,,SENGKANG WEST AVENUE,24.611
sengkang_west_avenue,Sengkang West Avenue,4008.0,32612.239,41433.981,9.802,11.325,11.325,,,SENGKANG WEST AVENUE,24.725
sengkang_west_avenue,Sengkang West Avenue,4010.0,32614.238,41433.907,8.364,11.603,11.603,,,SENGKANG WEST AVENUE,24.838
sengkang_west_avenue,Sengkang West Avenue,4012.0,32616.237,41433.834,12.602,11.881,11.881,,,SENGKANG WEST AVENUE,24.952
sengkang_west_avenue,Sengkang West Avenue,4014.0,32618.235,41433.76,12.121,12.159,12.159,,,SENGKANG WEST AVENUE,25.066
sengkang_west_avenue,Sengkang West Avenue,4016.0,32620.234,41433.686,11.681,12.437,12.437,,,SENGKANG WEST AVENUE,25.179
sengkang_west_avenue,Sengkang West Avenue,4018.0,32622.233,41433.612,12.256,12.715,12.715,,,SENGKANG WEST AVENUE,25.293
sengkang_west_avenue,Sengkang West Avenue,4020.0,32624.231,41433.538,11.634,12.993,12.993,,,SENGKANG WEST AVENUE,25.406
sengkang_west_avenue,Sengkang West Avenue,4022.0,32626.23,41433.464,13.078,13.271,13.271,,,SENGKANG WEST AVENUE,25.52
sengkang_west_avenue,Sengkang West Avenue,4024.0,32628.228,41433.391,12.419,13.549,13.499,,,SENGKANG WEST AVENUE,25.634
sengkang_west_avenue,Sengkang West Avenue,4026.0,32630.227,41433.317,12.799,13.827,13.499,,,SENGKANG WEST AVENUE,25.747
sengkang_west_avenue,Sengkang West Avenue,4028.0,32632.226,41433.243,13.64,13.499,13.499,,,SENGKANG WEST AVENUE,25.861
sengkang_west_avenue,Sengkang West Avenue,4030.0,32634.224,41433.169,14.736,13.17,13.17,,,SENGKANG WEST AVENUE,25.974
sengkang_west_avenue,Sengkang West Avenue,4032.0,32636.223,41433.095,14.661,12.642,12.642,,,SENGKANG WEST AVENUE,26.088
sengkang_west_avenue,Sengkang West Avenue,4034.0,32638.222,41433.021,14.565,12.114,12.114,,,SENGKANG WEST AVENUE,26.201
sengkang_west_avenue,Sengkang West Avenue,4036.0,32640.22,41432.947,11.619,11.585,11.585,,,SENGKANG WEST AVENUE,26.315
sengkang_west_avenue,Sengkang West Avenue,4038.0,32642.219,41432.874,8.455,,11.057,,,SENGKANG WEST AVENUE,26.429
sengkang_west_avenue,Sengkang West Avenue,4040.0,32644.218,41432.8,8.567,10.529,10.529,,,SENGKANG WEST AVENUE,26.542
sengkang_west_avenue,Sengkang West Avenue,4042.0,32646.216,41432.726,8.537,10.0,10.0,,,SENGKANG WEST AVENUE,26.656
sengkang_west_avenue,Sengkang West Avenue,4044.0,32648.215,41432.652,8.672,9.472,9.472,,,SENGKANG WEST AVENUE,26.769
sengkang_west_avenue,Sengkang West Avenue,4046.0,32650.213,41432.578,8.692,8.944,9.216,,,SENGKANG WEST AVENUE,26.883
sengkang_west_avenue,Sengkang West Avenue,4048.0,32652.212,41432.504,8.602,9.216,9.107,,,SENGKANG WEST AVENUE,26.997
sengkang_west_avenue,Sengkang West Avenue,4050.0,32654.211,41432.43,13.322,9.107,8.998,,,SENGKANG WEST AVENUE,27.11
sengkang_west_avenue,Sengkang West Avenue,4052.0,32656.209,41432.357,12.961,8.998,8.998,,,SENGKANG WEST AVENUE,27.224
sengkang_west_avenue,Sengkang West Avenue,4054.0,32658.208,41432.283,13.997,8.888,8.888,,,SENGKANG WEST AVENUE,27.337
sengkang_west_avenue,Sengkang West Avenue,4056.0,32660.207,41432.209,14.932,8.779,8.779,,,SENGKANG WEST AVENUE,27.451
sengkang_west_avenue,Sengkang West Avenue,4058.0,32662.205,41432.135,15.511,8.67,8.67,,,SENGKANG WEST AVENUE,27.565
sengkang_west_avenue,Sengkang West Avenue,4060.0,32664.204,41432.061,15.436,8.56,8.56,,,SENGKANG WEST AVENUE,27.678
sengkang_west_avenue,Sengkang West Avenue,4062.0,32666.203,41431.987,14.429,8.451,8.451,,,SENGKANG WEST AVENUE,27.792
sengkang_west_avenue,Sengkang West Avenue,4064.0,32668.201,41431.914,15.418,8.342,8.342,,,SENGKANG WEST AVENUE,27.905
sengkang_west_avenue,Sengkang West Avenue,4066.0,32670.2,41431.84,17.118,8.233,8.233,,,SENGKANG WEST AVENUE,28.019
sengkang_west_avenue,Sengkang West Avenue,4068.0,32672.198,41431.766,16.332,8.123,8.123,,,SENGKANG WEST AVENUE,28.133
sengkang_west_avenue,Sengkang West Avenue,4070.0,32674.197,41431.692,17.111,8.014,8.014,,,SENGKANG WEST AVENUE,28.246
sengkang_west_avenue,Sengkang West Avenue,4072.0,32676.196,41431.618,16.111,7.905,7.905,,,SENGKANG WEST AVENUE,28.36
sengkang_west_avenue,Sengkang West Avenue,4130.0,32734.156,41429.476,8.649,7.796,7.796,,,SENGKANG WEST AVENUE,26.886
sengkang_west_avenue,Sengkang West Avenue,4132.0,32736.155,41429.403,7.324,7.686,7.686,,,SENGKANG WEST AVENUE,26.288
sengkang_west_avenue,Sengkang West Avenue,4134.0,32738.153,41429.329,7.328,7.577,7.607,,,SENGKANG WEST AVENUE,25.643
sengkang_west_avenue,Sengkang West Avenue,4136.0,32740.152,41429.255,7.287,7.468,7.607,,,SENGKANG WEST AVENUE,24.999
sengkang_west_avenue,Sengkang West Avenue,4138.0,32742.151,41429.181,7.607,7.607,7.607,,,SENGKANG WEST AVENUE,24.354
sengkang_west_avenue,Sengkang West Avenue,4140.0,32744.149,41429.107,7.641,7.641,7.641,,,SENGKANG WEST AVENUE,23.71
sengkang_west_avenue,Sengkang West Avenue,4142.0,32746.148,41429.033,7.762,7.762,7.708,,,SENGKANG WEST AVENUE,23.065
sengkang_west_avenue,Sengkang West Avenue,4144.0,32748.147,41428.96,8.173,7.735,7.708,,,SENGKANG WEST AVENUE,22.421
sengkang_west_avenue,Sengkang West Avenue,4146.0,32750.145,41428.886,8.638,7.708,7.708,,,SENGKANG WEST AVENUE,21.776
sengkang_west_avenue,Sengkang West Avenue,4148.0,32752.144,41428.812,8.308,7.681,7.681,,,SENGKANG WEST AVENUE,21.132
sengkang_west_avenue,Sengkang West Avenue,4150.0,32754.143,41428.738,7.658,7.655,7.655,,,SENGKANG WEST AVENUE,20.437
sengkang_west_avenue,Sengkang West Avenue,4152.0,32756.141,41428.664,7.628,7.628,7.628,,,SENGKANG WEST AVENUE,19.651
sengkang_west_avenue,Sengkang West Avenue,4154.0,32758.14,41428.59,7.528,7.528,7.628,,,SENGKANG WEST AVENUE,18.864
sengkang_west_avenue,Sengkang West Avenue,4156.0,32760.138,41428.516,7.553,7.553,7.628,2.437,1.0,SENGKANG WEST AVENUE,18.077
sengkang_west_avenue,Sengkang West Avenue,4158.0,32762.137,41428.443,10.468,7.688,7.688,4.125,1.0,SENGKANG WEST AVENUE,17.291
sengkang_west_avenue,Sengkang West Avenue,4160.0,32764.136,41428.369,10.698,7.823,7.823,5.813,1.0,SENGKANG WEST AVENUE,16.504
sengkang_west_avenue,Sengkang West Avenue,4162.0,32766.134,41428.295,10.278,7.958,7.958,,,SENGKANG WEST AVENUE,15.717
sengkang_west_avenue,Sengkang West Avenue,4164.0,32768.133,41428.221,8.093,8.093,8.093,,,SENGKANG WEST AVENUE,14.93
sengkang_west_avenue,Sengkang West Avenue,4166.0,32770.132,41428.147,8.023,8.309,8.309,,,SENGKANG WEST AVENUE,14.144
sengkang_west_avenue,Sengkang West Avenue,4168.0,32772.13,41428.073,7.848,8.525,8.525,,,SENGKANG WEST AVENUE,13.357
sengkang_west_avenue,Sengkang West Avenue,4170.0,32774.129,41427.999,7.653,8.74,8.74,,,SENGKANG WEST AVENUE,12.57
sengkang_west_avenue,Sengkang West Avenue,4172.0,32776.128,41427.926,9.633,8.885,8.773,,,SENGKANG WEST AVENUE,11.783
sengkang_west_avenue,Sengkang West Avenue,4174.0,32778.126,41427.852,9.616,9.029,8.773,,,SENGKANG WEST AVENUE,10.997
sengkang_west_avenue,Sengkang West Avenue,4176.0,32780.125,41427.778,10.389,8.773,8.773,,,SENGKANG WEST AVENUE,10.21
sengkang_west_avenue,Sengkang West Avenue,4178.0,32782.123,41427.704,9.104,8.517,8.517,,,SENGKANG WEST AVENUE,9.423
sengkang_west_avenue,Sengkang West Avenue,4180.0,32784.122,41427.63,8.364,8.261,8.261,,,SENGKANG WEST AVENUE,8.636
sengkang_west_avenue,Sengkang West Avenue,4182.0,32786.121,41427.556,7.292,7.986,7.986,,,SENGKANG WEST AVENUE,7.85
sengkang_west_avenue,Sengkang West Avenue,4184.0,32788.119,41427.482,7.404,7.71,7.71,,,SENGKANG WEST AVENUE,7.063
sengkang_west_avenue,Sengkang West Avenue,4186.0,32790.118,41427.409,7.629,7.435,7.435,,,SENGKANG WEST AVENUE,6.276
sengkang_west_avenue,Sengkang West Avenue,4188.0,32792.117,41427.335,6.935,7.159,7.213,,,SENGKANG WEST AVENUE,5.49
sengkang_west_avenue,Sengkang West Avenue,4190.0,32794.115,41427.261,7.016,7.016,7.213,,,SENGKANG WEST AVENUE,4.703
sengkang_west_avenue,Sengkang West Avenue,4192.0,32796.114,41427.187,7.041,7.213,7.213,,,SENGKANG WEST AVENUE,3.916
sengkang_west_avenue,Sengkang West Avenue,4194.0,32798.113,41427.113,7.41,7.41,7.41,2.979,1.0,SENGKANG WEST AVENUE,3.129
sengkang_west_avenue,Sengkang West Avenue,4196.0,32800.111,41427.039,7.518,7.518,7.451,1.75,1.0,SENGKANG WEST AVENUE,2.343
sengkang_west_avenue,Sengkang West Avenue,4198.0,32802.11,41426.966,7.726,7.726,7.451,0.521,1.0,SENGKANG WEST AVENUE,1.556
sengkang_west_avenue,Sengkang West Avenue,4200.0,32804.108,41426.892,7.451,7.451,7.451,-0.417,1.0,SENGKANG WEST AVENUE,0.769
sengkang_west_avenue,Sengkang West Avenue,4202.0,32806.107,41426.818,7.451,7.451,7.451,-0.417,1.0,SENGKANG WEST AVENUE,0.018
sengkang_west_avenue,Sengkang West Avenue,4204.0,32808.106,41426.744,7.418,7.418,7.418,-0.938,1.0,SENGKANG WEST AVENUE,0.804
sengkang_west_avenue,Sengkang West Avenue,4206.0,32810.104,41426.67,7.418,7.418,7.418,-3.125,1.0,SENGKANG WEST AVENUE,1.591
sengkang_west_avenue,Sengkang West Avenue,4208.0,32812.103,41426.596,7.376,7.376,7.376,-2.708,1.0,SENGKANG WEST AVENUE,2.378
sengkang_west_avenue,Sengkang West Avenue,4210.0,32814.102,41426.522,7.201,7.201,7.201,-2.708,1.0,SENGKANG WEST AVENUE,3.164
sengkang_west_avenue,Sengkang West Avenue,4212.0,32816.1,41426.449,7.168,7.168,7.201,0.104,1.0,SENGKANG WEST AVENUE,3.951
sengkang_west_avenue,Sengkang West Avenue,4214.0,32818.099,41426.375,7.201,7.201,7.201,2.292,1.0,SENGKANG WEST AVENUE,4.738
sengkang_west_avenue,Sengkang West Avenue,4216.0,32820.098,41426.301,7.385,7.385,7.385,2.292,1.0,SENGKANG WEST AVENUE,5.525
sengkang_west_avenue,Sengkang West Avenue,4218.0,32822.096,41426.227,7.385,7.385,7.385,,,SENGKANG WEST AVENUE,6.311
sengkang_west_avenue,Sengkang West Avenue,4220.0,32824.095,41426.153,7.401,7.401,7.385,,,SENGKANG WEST AVENUE,7.098
sengkang_west_avenue,Sengkang West Avenue,4222.0,32826.093,41426.079,8.476,7.374,7.374,,,SENGKANG WEST AVENUE,7.885
sengkang_west_avenue,Sengkang West Avenue,4224.0,32828.092,41426.005,8.301,7.346,7.346,,,SENGKANG WEST AVENUE,8.672
sengkang_west_avenue,Sengkang West Avenue,4226.0,32830.091,41425.932,8.751,7.318,7.318,,,SENGKANG WEST AVENUE,9.458
sengkang_west_avenue,Sengkang West Avenue,4228.0,32832.089,41425.858,7.041,7.29,7.29,,,SENGKANG WEST AVENUE,10.245
sengkang_west_avenue,Sengkang West Avenue,4230.0,32834.088,41425.784,7.201,7.262,7.262,,,SENGKANG WEST AVENUE,11.032
sengkang_west_avenue,Sengkang West Avenue,4232.0,32836.087,41425.71,7.235,7.235,7.235,,,SENGKANG WEST AVENUE,11.818
sengkang_west_avenue,Sengkang West Avenue,4234.0,32838.085,41425.636,7.21,7.21,7.218,,,SENGKANG WEST AVENUE,12.605
sengkang_west_avenue,Sengkang West Avenue,4236.0,32840.084,41425.562,7.201,7.201,7.21,-1.791,1.0,SENGKANG WEST AVENUE,13.392
sengkang_west_avenue,Sengkang West Avenue,4238.0,32842.083,41425.489,7.218,7.218,7.201,-1.583,1.0,SENGKANG WEST AVENUE,14.179
sengkang_west_avenue,Sengkang West Avenue,4240.0,32844.081,41425.415,7.091,7.091,7.091,-1.479,1.0,SENGKANG WEST AVENUE,14.965
sengkang_west_avenue,Sengkang West Avenue,4242.0,32846.08,41425.341,7.091,7.091,7.091,0.697,1.0,SENGKANG WEST AVENUE,15.752
sengkang_west_avenue,Sengkang West Avenue,4244.0,32848.078,41425.267,7.091,7.091,7.091,2.071,1.0,SENGKANG WEST AVENUE,16.539
sengkang_west_avenue,Sengkang West Avenue,4246.0,32850.077,41425.193,7.263,7.263,7.257,2.149,1.0,SENGKANG WEST AVENUE,17.326
sengkang_west_avenue,Sengkang West Avenue,4248.0,32852.076,41425.119,7.257,7.257,7.257,,,SENGKANG WEST AVENUE,18.112
sengkang_west_avenue,Sengkang West Avenue,4250.0,32854.074,41425.045,7.257,7.257,7.263,,,SENGKANG WEST AVENUE,18.899
sengkang_west_avenue,Sengkang West Avenue,4252.0,32852.513,41424.5,7.257,7.511,7.511,,,SENGKANG WEST AVENUE,18.848
sengkang_west_avenue,Sengkang West Avenue,4254.0,32850.602,41423.907,8.976,7.766,7.766,,,SENGKANG WEST AVENUE,18.714
sengkang_west_avenue,Sengkang West Avenue,4256.0,32848.692,41423.315,8.385,8.02,8.02,,,SENGKANG WEST AVENUE,18.581
sengkang_west_avenue,Sengkang West Avenue,4258.0,32846.781,41422.723,8.401,8.073,8.02,,,SENGKANG WEST AVENUE,18.447
sengkang_west_avenue,Sengkang West Avenue,4260.0,32844.871,41422.131,8.41,8.126,8.02,,,SENGKANG WEST AVENUE,18.314
sengkang_west_avenue,Sengkang West Avenue,4262.0,32842.961,41421.539,7.851,7.851,7.868,,,SENGKANG WEST AVENUE,18.18
sengkang_west_avenue,Sengkang West Avenue,4264.0,32841.043,41420.973,7.851,7.851,7.868,,,SENGKANG WEST AVENUE,18.02
sengkang_west_avenue,Sengkang West Avenue,4266.0,32839.122,41420.415,7.868,7.868,7.868,0.313,1.0,SENGKANG WEST AVENUE,17.851
sengkang_west_avenue,Sengkang West Avenue,4268.0,32837.201,41419.857,7.868,7.868,7.868,2.083,1.0,SENGKANG WEST AVENUE,17.681
sengkang_west_avenue,Sengkang West Avenue,4270.0,32835.281,41419.299,7.893,7.893,7.893,,,SENGKANG WEST AVENUE,17.512
sengkang_west_avenue,Sengkang West Avenue,4272.0,32833.36,41418.742,8.035,8.035,8.035,,,SENGKANG WEST AVENUE,17.343
sengkang_west_avenue,Sengkang West Avenue,4274.0,32831.455,41418.134,8.963,8.153,8.153,,,SENGKANG WEST AVENUE,17.226
sengkang_west_avenue,Sengkang West Avenue,4276.0,32829.565,41417.481,8.086,8.271,8.271,,,SENGKANG WEST AVENUE,17.156
sengkang_west_avenue,Sengkang West Avenue,4278.0,32827.674,41416.829,8.876,8.389,8.389,,,SENGKANG WEST AVENUE,17.085
sengkang_west_avenue,Sengkang West Avenue,4280.0,32825.785,41416.172,8.451,8.508,8.508,,,SENGKANG WEST AVENUE,17.02
sengkang_west_avenue,Sengkang West Avenue,4282.0,32823.896,41415.514,8.626,8.626,8.626,,,SENGKANG WEST AVENUE,16.956
sengkang_west_avenue,Sengkang West Avenue,4284.0,32822.008,41414.857,8.626,8.626,8.626,,,SENGKANG WEST AVENUE,16.891
sengkang_west_avenue,Sengkang West Avenue,4286.0,32820.119,41414.199,8.626,8.626,8.626,,,SENGKANG WEST AVENUE,16.827
sengkang_west_avenue,Sengkang West Avenue,4288.0,32818.23,41413.541,9.127,8.52,8.52,,,SENGKANG WEST AVENUE,16.762
sengkang_west_avenue,Sengkang West Avenue,4290.0,32816.334,41412.905,8.826,8.413,8.413,-3.984,1.0,SENGKANG WEST AVENUE,16.676
sengkang_west_avenue,Sengkang West Avenue,4292.0,32814.436,41412.276,8.332,8.307,8.307,,,SENGKANG WEST AVENUE,16.58
sengkang_west_avenue,Sengkang West Avenue,4294.0,32812.537,41411.647,8.201,8.201,8.307,,,SENGKANG WEST AVENUE,16.485
sengkang_west_avenue,Sengkang West Avenue,4296.0,32810.638,41411.019,8.201,8.201,8.307,,,SENGKANG WEST AVENUE,16.39
sengkang_west_avenue,Sengkang West Avenue,4298.0,32808.74,41410.39,8.613,8.499,8.499,,,SENGKANG WEST AVENUE,16.295
sengkang_west_avenue,Sengkang West Avenue,4300.0,32806.892,41409.637,8.798,8.798,8.798,,,SENGKANG WEST AVENUE,16.334
sengkang_west_avenue,Sengkang West Avenue,4302.0,32805.096,41408.756,8.018,8.869,8.869,,,SENGKANG WEST AVENUE,16.511
sengkang_west_avenue,Sengkang West Avenue,4304.0,32803.301,41407.875,8.958,8.94,8.94,1.813,1.0,SENGKANG WEST AVENUE,16.689
sengkang_west_avenue,Sengkang West Avenue,4306.0,32801.505,41406.994,9.01,9.01,8.943,,,SENGKANG WEST AVENUE,16.866
sengkang_west_avenue,Sengkang West Avenue,4308.0,32799.71,41406.113,8.981,8.981,8.943,,,SENGKANG WEST AVENUE,17.044
sengkang_west_avenue,Sengkang West Avenue,4310.0,32797.926,41405.21,8.119,8.943,8.943,,,SENGKANG WEST AVENUE,17.246
sengkang_west_avenue,Sengkang West Avenue,4312.0,32796.209,41404.185,10.198,8.905,8.905,,,SENGKANG WEST AVENUE,17.585
sengkang_west_avenue,Sengkang West Avenue,4314.0,32794.491,41403.16,8.206,8.866,8.866,,,SENGKANG WEST AVENUE,17.925
sengkang_west_avenue,Sengkang West Avenue,4316.0,32792.774,41402.136,8.898,8.828,8.828,,,SENGKANG WEST AVENUE,18.264
sengkang_west_avenue,Sengkang West Avenue,4318.0,32791.056,41401.111,8.79,8.624,8.624,,,SENGKANG WEST AVENUE,18.604
sengkang_west_avenue,Sengkang West Avenue,4320.0,32789.339,41400.086,8.573,8.419,8.419,,,SENGKANG WEST AVENUE,18.943
sengkang_west_avenue,Sengkang West Avenue,4322.0,32787.596,41399.105,8.048,8.295,8.295,,,SENGKANG WEST AVENUE,19.233
sengkang_west_avenue,Sengkang West Avenue,4324.0,32785.842,41398.144,7.736,8.172,8.295,,,SENGKANG WEST AVENUE,19.5
sengkang_west_avenue,Sengkang West Avenue,4326.0,32784.088,41397.183,7.752,8.295,8.295,,,SENGKANG WEST AVENUE,19.767
sengkang_west_avenue,Sengkang West Avenue,4328.0,32782.334,41396.222,8.419,8.419,8.316,,,SENGKANG WEST AVENUE,20.034
sengkang_west_avenue,Sengkang West Avenue,4330.0,32780.455,41395.566,8.316,8.316,8.316,,,SENGKANG WEST AVENUE,19.972
sengkang_west_avenue,Sengkang West Avenue,4332.0,32778.533,41395.013,8.352,8.352,8.316,,,SENGKANG WEST AVENUE,19.797
sengkang_west_avenue,Sengkang West Avenue,4334.0,32776.61,41394.461,8.523,8.284,8.316,,,SENGKANG WEST AVENUE,19.622
sengkang_west_avenue,Sengkang West Avenue,4336.0,32774.688,41393.908,9.248,8.217,8.352,,,SENGKANG WEST AVENUE,19.447
sengkang_west_avenue,Sengkang West Avenue,4338.0,32772.766,41393.356,8.411,8.407,8.407,,,SENGKANG WEST AVENUE,19.272
sengkang_west_avenue,Sengkang West Avenue,4340.0,32770.844,41392.804,8.123,8.597,8.597,,,SENGKANG WEST AVENUE,19.098
sengkang_west_avenue,Sengkang West Avenue,4342.0,32768.922,41392.251,7.298,8.787,8.787,,,SENGKANG WEST AVENUE,18.923
sengkang_west_avenue,Sengkang West Avenue,4344.0,32766.999,41391.699,7.331,8.977,8.977,,,SENGKANG WEST AVENUE,18.748
sengkang_west_avenue,Sengkang West Avenue,4346.0,32765.077,41391.146,7.373,9.167,9.167,,,SENGKANG WEST AVENUE,18.661
sengkang_west_avenue,Sengkang West Avenue,4348.0,32763.155,41390.594,9.356,9.356,9.356,,,SENGKANG WEST AVENUE,18.638
sengkang_west_avenue,Sengkang West Avenue,4350.0,32761.233,41390.042,10.606,9.487,9.487,,,SENGKANG WEST AVENUE,18.616
sengkang_west_avenue,Sengkang West Avenue,4352.0,32759.311,41389.489,10.298,9.617,9.617,6.51,1.0,SENGKANG WEST AVENUE,18.593
sengkang_west_avenue,Sengkang West Avenue,4354.0,32757.388,41388.937,9.661,9.747,9.747,,,SENGKANG WEST AVENUE,18.57
sengkang_west_avenue,Sengkang West Avenue,4356.0,32755.466,41388.384,9.877,9.877,9.877,,,SENGKANG WEST AVENUE,18.548
sengkang_west_avenue,Sengkang West Avenue,4358.0,32753.544,41387.832,8.015,10.141,10.141,,,SENGKANG WEST AVENUE,18.525
sengkang_west_avenue,Sengkang West Avenue,4360.0,32751.622,41387.279,9.794,10.405,10.405,,,SENGKANG WEST AVENUE,18.502
sengkang_west_avenue,Sengkang West Avenue,4362.0,32749.7,41386.727,11.448,10.669,10.654,,,SENGKANG WEST AVENUE,18.48
sengkang_west_avenue,Sengkang West Avenue,4364.0,32747.777,41386.175,11.544,10.661,10.654,,,SENGKANG WEST AVENUE,18.457
sengkang_west_avenue,Sengkang West Avenue,4366.0,32745.855,41385.622,10.794,10.654,10.654,,,SENGKANG WEST AVENUE,18.435
sengkang_west_avenue,Sengkang West Avenue,4368.0,32743.933,41385.07,9.045,10.473,10.473,,,SENGKANG WEST AVENUE,18.481
sengkang_west_avenue,Sengkang West Avenue,4370.0,32742.011,41384.517,10.498,10.293,10.293,,,SENGKANG WEST AVENUE,18.723
sengkang_west_avenue,Sengkang West Avenue,4372.0,32740.089,41383.965,8.519,10.068,10.068,,,SENGKANG WEST AVENUE,19.009
sengkang_west_avenue,Sengkang West Avenue,4374.0,32738.132,41383.919,11.911,9.844,9.844,,,SENGKANG WEST AVENUE,18.788
sengkang_west_avenue,Sengkang West Avenue,4376.0,32736.152,41384.205,8.011,9.619,9.619,,,SENGKANG WEST AVENUE,18.236
sengkang_west_avenue,Sengkang West Avenue,4378.0,32734.173,41384.491,9.593,9.394,9.394,,,SENGKANG WEST AVENUE,17.683
sengkang_west_avenue,Sengkang West Avenue,4380.0,32732.194,41384.777,9.553,9.216,9.216,,,SENGKANG WEST AVENUE,17.131
sengkang_west_avenue,Sengkang West Avenue,4382.0,32730.214,41385.063,7.203,9.039,9.039,,,SENGKANG WEST AVENUE,16.578
sengkang_west_avenue,Sengkang West Avenue,4384.0,32728.235,41385.348,8.873,8.861,8.861,,,SENGKANG WEST AVENUE,16.025
sengkang_west_avenue,Sengkang West Avenue,4386.0,32726.255,41385.634,8.513,8.599,8.599,,,SENGKANG WEST AVENUE,15.473
sengkang_west_avenue,Sengkang West Avenue,4388.0,32724.276,41385.92,7.028,8.336,8.336,,,SENGKANG WEST AVENUE,14.92
sengkang_west_avenue,Sengkang West Avenue,4390.0,32722.296,41386.206,8.528,8.073,8.073,,,SENGKANG WEST AVENUE,14.368
sengkang_west_avenue,Sengkang West Avenue,4392.0,32720.317,41386.492,8.648,7.811,7.811,,,SENGKANG WEST AVENUE,13.859
sengkang_west_avenue,Sengkang West Avenue,4394.0,32718.337,41386.778,7.131,7.548,7.811,,,SENGKANG WEST AVENUE,13.569
sengkang_west_avenue,Sengkang West Avenue,4396.0,32716.358,41387.064,7.286,7.699,7.811,,,SENGKANG WEST AVENUE,13.318
sengkang_west_avenue,Sengkang West Avenue,4422.0,32690.625,41390.781,7.386,7.971,7.971,,,SENGKANG WEST AVENUE,10.947
sengkang_west_avenue,Sengkang West Avenue,4424.0,32688.645,41391.067,7.531,8.244,8.244,,,SENGKANG WEST AVENUE,10.848
sengkang_west_avenue,Sengkang West Avenue,4426.0,32686.666,41391.353,8.79,8.498,8.498,,,SENGKANG WEST AVENUE,10.749
sengkang_west_avenue,Sengkang West Avenue,4428.0,32684.687,41391.638,9.543,8.753,8.753,,,SENGKANG WEST AVENUE,10.649
sengkang_west_avenue,Sengkang West Avenue,4430.0,32682.707,41391.924,9.425,9.008,9.008,,,SENGKANG WEST AVENUE,10.55
sengkang_west_avenue,Sengkang West Avenue,4432.0,32680.728,41392.21,9.429,9.262,9.008,,,SENGKANG WEST AVENUE,10.451
sengkang_west_avenue,Sengkang West Avenue,4434.0,32678.748,41392.496,9.1,9.1,9.1,,,SENGKANG WEST AVENUE,10.351
sengkang_west_avenue,Sengkang West Avenue,4436.0,32676.769,41392.782,6.975,8.986,9.241,,,SENGKANG WEST AVENUE,10.252
sengkang_west_avenue,Sengkang West Avenue,4438.0,32674.789,41393.068,6.958,9.241,9.241,,,SENGKANG WEST AVENUE,10.153
sengkang_west_avenue,Sengkang West Avenue,4440.0,32672.81,41393.354,7.042,9.497,9.497,,,SENGKANG WEST AVENUE,10.053
sengkang_west_avenue,Sengkang West Avenue,4442.0,32670.83,41393.64,8.644,9.756,9.756,,,SENGKANG WEST AVENUE,9.954
sengkang_west_avenue,Sengkang West Avenue,4444.0,32668.851,41393.926,8.797,10.014,10.014,,,SENGKANG WEST AVENUE,9.855
sengkang_west_avenue,Sengkang West Avenue,4446.0,32666.871,41394.212,9.766,10.273,10.273,,,SENGKANG WEST AVENUE,9.755
sengkang_west_avenue,Sengkang West Avenue,4448.0,32664.892,41394.498,12.15,10.532,10.532,,,SENGKANG WEST AVENUE,9.656
sengkang_west_avenue,Sengkang West Avenue,4450.0,32662.912,41394.783,12.13,10.791,10.791,,,SENGKANG WEST AVENUE,9.557
sengkang_west_avenue,Sengkang West Avenue,4452.0,32660.933,41395.069,11.244,11.05,10.903,,,SENGKANG WEST AVENUE,9.457
sengkang_west_avenue,Sengkang West Avenue,4454.0,32658.954,41395.355,11.494,11.073,10.978,,,SENGKANG WEST AVENUE,9.358
sengkang_west_avenue,Sengkang West Avenue,4456.0,32656.974,41395.641,10.903,10.903,10.978,,,SENGKANG WEST AVENUE,9.259
sengkang_west_avenue,Sengkang West Avenue,4458.0,32654.995,41395.927,10.978,10.978,10.95,,,SENGKANG WEST AVENUE,9.159
sengkang_west_avenue,Sengkang West Avenue,4460.0,32653.015,41396.213,10.705,10.705,10.95,,,SENGKANG WEST AVENUE,9.06
sengkang_west_avenue,Sengkang West Avenue,4462.0,32651.036,41396.499,10.95,10.95,10.978,,,SENGKANG WEST AVENUE,8.961
sengkang_west_avenue,Sengkang West Avenue,4464.0,32649.056,41396.785,11.938,11.027,11.027,,,SENGKANG WEST AVENUE,8.861
sengkang_west_avenue,Sengkang West Avenue,4466.0,32647.077,41397.071,10.309,11.105,11.105,,,SENGKANG WEST AVENUE,8.762
sengkang_west_avenue,Sengkang West Avenue,4468.0,32645.097,41397.357,10.224,11.183,11.183,,,SENGKANG WEST AVENUE,8.663
sengkang_west_avenue,Sengkang West Avenue,4470.0,32643.118,41397.642,8.766,11.26,11.26,,,SENGKANG WEST AVENUE,8.563
sengkang_west_avenue,Sengkang West Avenue,4472.0,32641.138,41397.928,10.874,11.338,11.338,,,SENGKANG WEST AVENUE,8.464
sengkang_west_avenue,Sengkang West Avenue,4474.0,32639.159,41398.214,13.425,11.416,11.416,,,SENGKANG WEST AVENUE,8.365
sengkang_west_avenue,Sengkang West Avenue,4476.0,32637.18,41398.5,11.493,11.493,11.493,,,SENGKANG WEST AVENUE,8.266
sengkang_west_avenue,Sengkang West Avenue,4478.0,32635.2,41398.786,13.721,11.761,11.493,,,SENGKANG WEST AVENUE,8.166
sengkang_west_avenue,Sengkang West Avenue,4480.0,32633.221,41399.072,12.028,11.51,11.493,,,SENGKANG WEST AVENUE,8.067
sengkang_west_avenue,Sengkang West Avenue,4482.0,32631.241,41399.358,11.26,11.26,11.26,,,SENGKANG WEST AVENUE,7.968
sengkang_west_avenue,Sengkang West Avenue,4484.0,32629.262,41399.644,9.979,11.156,11.156,,,SENGKANG WEST AVENUE,7.868
sengkang_west_avenue,Sengkang West Avenue,4486.0,32627.282,41399.93,7.399,11.051,11.051,,,SENGKANG WEST AVENUE,7.769
sengkang_west_avenue,Sengkang West Avenue,4488.0,32625.303,41400.216,7.187,10.947,10.947,,,SENGKANG WEST AVENUE,7.67
sengkang_west_avenue,Sengkang West Avenue,4490.0,32623.323,41400.502,7.224,10.842,10.842,,,SENGKANG WEST AVENUE,7.57
sengkang_west_avenue,Sengkang West Avenue,4492.0,32621.344,41400.787,8.899,10.738,10.738,,,SENGKANG WEST AVENUE,7.471
sengkang_west_avenue,Sengkang West Avenue,4494.0,32619.364,41401.073,11.425,10.634,10.634,,,SENGKANG WEST AVENUE,7.372
sengkang_west_avenue,Sengkang West Avenue,4496.0,32617.385,41401.359,11.38,10.529,10.529,,,SENGKANG WEST AVENUE,7.272
sengkang_west_avenue,Sengkang West Avenue,4498.0,32615.405,41401.645,10.425,10.425,10.425,,,SENGKANG WEST AVENUE,7.173
sengkang_west_avenue,Sengkang West Avenue,4500.0,32613.426,41401.931,10.303,10.303,10.303,,,SENGKANG WEST AVENUE,7.074
sengkang_west_avenue,Sengkang West Avenue,4502.0,32611.447,41402.217,9.921,10.197,10.26,-2.054,1.0,SENGKANG WEST AVENUE,6.974
sengkang_west_avenue,Sengkang West Avenue,4504.0,32609.467,41402.503,12.334,10.09,10.26,,,SENGKANG WEST AVENUE,6.875
sengkang_west_avenue,Sengkang West Avenue,4506.0,32607.488,41402.789,10.26,10.26,10.26,,,SENGKANG WEST AVENUE,6.776
sengkang_west_avenue,Sengkang West Avenue,4508.0,32605.508,41403.075,9.095,10.359,10.359,,,SENGKANG WEST AVENUE,6.676
sengkang_west_avenue,Sengkang West Avenue,4510.0,32603.529,41403.361,11.657,10.458,10.458,,,SENGKANG WEST AVENUE,6.577
sengkang_west_avenue,Sengkang West Avenue,4512.0,32601.549,41403.647,13.129,10.557,10.557,,,SENGKANG WEST AVENUE,6.478
sengkang_west_avenue,Sengkang West Avenue,4514.0,32599.57,41403.932,10.216,10.656,10.656,,,SENGKANG WEST AVENUE,6.378
sengkang_west_avenue,Sengkang West Avenue,4516.0,32597.59,41404.218,7.664,10.755,10.755,,,SENGKANG WEST AVENUE,6.279
sengkang_west_avenue,Sengkang West Avenue,4518.0,32595.611,41404.504,11.003,10.854,10.854,,,SENGKANG WEST AVENUE,6.18
sengkang_west_avenue,Sengkang West Avenue,4520.0,32593.631,41404.79,10.953,11.11,11.11,,,SENGKANG WEST AVENUE,6.08
sengkang_west_avenue,Sengkang West Avenue,4522.0,32591.652,41405.076,10.953,11.365,11.365,,,SENGKANG WEST AVENUE,5.981
sengkang_west_avenue,Sengkang West Avenue,4524.0,32589.673,41405.362,11.621,11.621,11.572,,,SENGKANG WEST AVENUE,5.882
sengkang_west_avenue,Sengkang West Avenue,4526.0,32587.693,41405.648,11.624,11.624,11.572,,,SENGKANG WEST AVENUE,5.782
sengkang_west_avenue,Sengkang West Avenue,4528.0,32585.714,41405.934,12.646,11.572,11.572,,,SENGKANG WEST AVENUE,5.683
sengkang_west_avenue,Sengkang West Avenue,4530.0,32583.734,41406.22,12.646,11.519,11.519,,,SENGKANG WEST AVENUE,5.584
sengkang_west_avenue,Sengkang West Avenue,4532.0,32581.755,41406.506,12.556,11.466,11.466,,,SENGKANG WEST AVENUE,5.484
sengkang_west_avenue,Sengkang West Avenue,4534.0,32579.775,41406.791,9.91,11.414,11.414,,,SENGKANG WEST AVENUE,5.385
sengkang_west_avenue,Sengkang West Avenue,4536.0,32577.796,41407.077,9.968,11.361,11.361,,,SENGKANG WEST AVENUE,5.286
sengkang_west_avenue,Sengkang West Avenue,4538.0,32575.816,41407.363,9.762,11.309,11.309,,,SENGKANG WEST AVENUE,5.186
sengkang_west_avenue,Sengkang West Avenue,4540.0,32573.837,41407.649,10.372,11.256,11.256,,,SENGKANG WEST AVENUE,5.087
sengkang_west_avenue,Sengkang West Avenue,4542.0,32571.857,41407.935,12.998,11.203,11.229,,,SENGKANG WEST AVENUE,4.988
sengkang_west_avenue,Sengkang West Avenue,4544.0,32569.878,41408.221,13.001,11.229,11.203,,,SENGKANG WEST AVENUE,4.889
sengkang_west_avenue,Sengkang West Avenue,4546.0,32567.898,41408.507,12.865,11.041,11.041,,,SENGKANG WEST AVENUE,4.789
sengkang_west_avenue,Sengkang West Avenue,4548.0,32565.919,41408.793,11.164,10.853,10.853,,,SENGKANG WEST AVENUE,4.69
sengkang_west_avenue,Sengkang West Avenue,4550.0,32563.94,41409.079,11.306,10.536,10.536,,,SENGKANG WEST AVENUE,4.591
sengkang_west_avenue,Sengkang West Avenue,4552.0,32561.96,41409.365,11.514,10.218,10.218,,,SENGKANG WEST AVENUE,4.491
sengkang_west_avenue,Sengkang West Avenue,4554.0,32559.981,41409.651,10.173,9.901,9.901,,,SENGKANG WEST AVENUE,4.392
sengkang_west_avenue,Sengkang West Avenue,4556.0,32558.001,41409.936,8.831,9.583,9.583,,,SENGKANG WEST AVENUE,4.293
sengkang_west_avenue,Sengkang West Avenue,4558.0,32556.022,41410.222,8.681,9.266,9.266,,,SENGKANG WEST AVENUE,4.193
sengkang_west_avenue,Sengkang West Avenue,4560.0,32554.042,41410.508,8.644,8.949,8.949,,,SENGKANG WEST AVENUE,4.094
sengkang_west_avenue,Sengkang West Avenue,4562.0,32552.063,41410.794,8.631,8.631,8.927,,,SENGKANG WEST AVENUE,3.995
sengkang_west_avenue,Sengkang West Avenue,4564.0,32550.083,41411.08,8.927,8.927,8.673,,,SENGKANG WEST AVENUE,3.895
sengkang_west_avenue,Sengkang West Avenue,4566.0,32548.104,41411.366,8.656,8.656,8.673,-3.177,1.0,SENGKANG WEST AVENUE,3.796
sengkang_west_avenue,Sengkang West Avenue,4568.0,32546.124,41411.652,8.673,8.673,8.689,0.0,1.0,SENGKANG WEST AVENUE,3.697
sengkang_west_avenue,Sengkang West Avenue,4570.0,32544.145,41411.938,8.823,8.823,8.673,-0.926,1.0,SENGKANG WEST AVENUE,3.597
sengkang_west_avenue,Sengkang West Avenue,4572.0,32542.165,41412.224,8.689,8.689,8.673,,,SENGKANG WEST AVENUE,3.498
sengkang_west_avenue,Sengkang West Avenue,4574.0,32540.186,41412.51,8.544,8.544,8.599,,,SENGKANG WEST AVENUE,3.399
sengkang_west_avenue,Sengkang West Avenue,4576.0,32538.207,41412.796,8.064,8.325,8.599,,,SENGKANG WEST AVENUE,3.299
sengkang_west_avenue,Sengkang West Avenue,4578.0,32536.227,41413.081,8.106,8.599,8.599,,,SENGKANG WEST AVENUE,3.2
sengkang_west_avenue,Sengkang West Avenue,4580.0,32534.248,41413.367,8.135,8.873,8.873,,,SENGKANG WEST AVENUE,3.101
sengkang_west_avenue,Sengkang West Avenue,4582.0,32532.268,41413.653,9.455,9.15,9.15,,,SENGKANG WEST AVENUE,3.001
sengkang_west_avenue,Sengkang West Avenue,4584.0,32530.289,41413.939,11.31,9.427,9.427,,,SENGKANG WEST AVENUE,2.902
sengkang_west_avenue,Sengkang West Avenue,4586.0,32528.309,41414.225,10.295,9.705,9.577,,,SENGKANG WEST AVENUE,2.803
sengkang_west_avenue,Sengkang West Avenue,4588.0,32526.33,41414.511,10.22,9.812,9.577,,,SENGKANG WEST AVENUE,2.703
sengkang_west_avenue,Sengkang West Avenue,4590.0,32524.35,41414.797,9.47,9.577,9.577,,,SENGKANG WEST AVENUE,2.604
sengkang_west_avenue,Sengkang West Avenue,4592.0,32522.371,41415.083,9.815,9.342,9.342,,,SENGKANG WEST AVENUE,2.505
sengkang_west_avenue,Sengkang West Avenue,4594.0,32520.391,41415.369,10.67,9.107,9.107,,,SENGKANG WEST AVENUE,2.405
sengkang_west_avenue,Sengkang West Avenue,4596.0,32518.412,41415.655,9.805,8.872,8.872,,,SENGKANG WEST AVENUE,2.306
sengkang_west_avenue,Sengkang West Avenue,4598.0,32516.433,41415.941,8.432,8.636,8.636,,,SENGKANG WEST AVENUE,2.207
sengkang_west_avenue,Sengkang West Avenue,4600.0,32514.453,41416.226,8.401,8.401,8.636,,,SENGKANG WEST AVENUE,2.107
sengkang_west_avenue,Sengkang West Avenue,4602.0,32512.474,41416.512,8.264,8.632,8.636,,,SENGKANG WEST AVENUE,2.008
sengkang_west_avenue,Sengkang West Avenue,4604.0,32510.494,41416.798,8.301,8.862,8.862,,,SENGKANG WEST AVENUE,1.909
sengkang_west_avenue,Sengkang West Avenue,4606.0,32508.515,41417.084,9.857,9.093,9.093,,,SENGKANG WEST AVENUE,1.809
sengkang_west_avenue,Sengkang West Avenue,4608.0,32506.535,41417.37,9.507,9.179,9.093,,,SENGKANG WEST AVENUE,1.71
sengkang_west_avenue,Sengkang West Avenue,4610.0,32504.556,41417.656,10.351,9.266,9.093,,,SENGKANG WEST AVENUE,1.611
sengkang_west_avenue,Sengkang West Avenue,4612.0,32502.576,41417.942,9.086,9.025,9.025,,,SENGKANG WEST AVENUE,1.512
sengkang_west_avenue,Sengkang West Avenue,4614.0,32500.597,41418.228,8.726,8.784,8.784,,,SENGKANG WEST AVENUE,1.412
sengkang_west_avenue,Sengkang West Avenue,4616.0,32498.617,41418.514,8.416,8.543,8.543,,,SENGKANG WEST AVENUE,1.313
sengkang_west_avenue,Sengkang West Avenue,4618.0,32496.638,41418.8,8.301,8.301,8.311,,,SENGKANG WEST AVENUE,1.214
sengkang_west_avenue,Sengkang West Avenue,4620.0,32494.658,41419.085,8.311,8.311,8.301,,,SENGKANG WEST AVENUE,1.114
sengkang_west_avenue,Sengkang West Avenue,4622.0,32492.679,41419.371,8.101,8.101,8.101,-2.63,1.0,SENGKANG WEST AVENUE,1.015
sengkang_west_avenue,Sengkang West Avenue,4624.0,32490.7,41419.657,8.101,8.101,8.101,-2.505,1.0,SENGKANG WEST AVENUE,0.916
sengkang_west_avenue,Sengkang West Avenue,4626.0,32488.72,41419.943,8.101,8.101,8.101,0.0,1.0,SENGKANG WEST AVENUE,0.813
sengkang_west_avenue,Sengkang West Avenue,4628.0,32486.741,41420.229,8.101,8.101,8.101,1.533,1.0,SENGKANG WEST AVENUE,0.706
sengkang_west_avenue,Sengkang West Avenue,4630.0,32484.761,41420.515,8.076,8.076,8.101,1.533,1.0,SENGKANG WEST AVENUE,0.6
sengkang_west_avenue,Sengkang West Avenue,4632.0,32482.782,41420.801,8.224,8.224,8.224,2.158,1.0,SENGKANG WEST AVENUE,0.494
sengkang_west_avenue,Sengkang West Avenue,4634.0,32480.802,41421.087,8.224,8.224,8.224,2.158,1.0,SENGKANG WEST AVENUE,0.387
sengkang_west_avenue,Sengkang West Avenue,4636.0,32478.823,41421.373,8.274,8.274,8.274,0.75,1.0,SENGKANG WEST AVENUE,0.281
sengkang_west_avenue,Sengkang West Avenue,4638.0,32476.843,41421.659,8.444,8.444,8.274,0.75,1.0,SENGKANG WEST AVENUE,0.175
sengkang_west_avenue,Sengkang West Avenue,4640.0,32474.864,41421.945,8.284,8.284,8.284,-1.221,1.0,SENGKANG WEST AVENUE,0.068
sengkang_west_avenue,Sengkang West Avenue,4642.0,32472.884,41422.23,8.101,8.101,8.284,-1.377,1.0,SENGKANG WEST AVENUE,0.038
sengkang_west_avenue,Sengkang West Avenue,4644.0,32470.905,41422.516,8.345,8.345,8.176,-1.502,1.0,SENGKANG WEST AVENUE,0.144
sengkang_west_avenue,Sengkang West Avenue,4646.0,32468.926,41422.802,8.145,8.145,8.164,-1.736,1.0,SENGKANG WEST AVENUE,0.25
sengkang_west_avenue,Sengkang West Avenue,4648.0,32466.946,41423.088,8.176,8.176,8.164,-0.781,1.0,SENGKANG WEST AVENUE,0.357
sengkang_west_avenue,Sengkang West Avenue,4650.0,32464.967,41423.374,8.164,8.164,8.145,-0.625,1.0,SENGKANG WEST AVENUE,0.463
sengkang_west_avenue,Sengkang West Avenue,4652.0,32462.987,41423.66,8.101,8.101,8.114,-0.625,1.0,SENGKANG WEST AVENUE,0.569
sengkang_west_avenue,Sengkang West Avenue,4654.0,32461.008,41423.946,8.101,8.101,8.114,-0.391,1.0,SENGKANG WEST AVENUE,0.676
sengkang_west_avenue,Sengkang West Avenue,4656.0,32459.028,41424.232,8.114,8.114,8.114,0.0,1.0,SENGKANG WEST AVENUE,0.782
sengkang_west_avenue,Sengkang West Avenue,4658.0,32457.049,41424.518,8.314,8.314,8.114,-0.156,1.0,SENGKANG WEST AVENUE,0.888
sengkang_west_avenue,Sengkang West Avenue,4660.0,32455.069,41424.804,8.114,8.114,8.114,-0.156,1.0,SENGKANG WEST AVENUE,0.995
sengkang_west_avenue,Sengkang West Avenue,4662.0,32453.09,41425.09,8.101,8.101,8.101,-0.156,1.0,SENGKANG WEST AVENUE,1.101
sengkang_west_avenue,Sengkang West Avenue,4664.0,32451.11,41425.375,8.101,8.101,8.101,0.0,1.0,SENGKANG WEST AVENUE,1.207
sengkang_west_avenue,Sengkang West Avenue,4666.0,32449.131,41425.661,8.101,8.101,8.101,0.313,1.0,SENGKANG WEST AVENUE,1.314
sengkang_west_avenue,Sengkang West Avenue,4668.0,32447.151,41425.947,8.114,8.114,8.114,0.313,1.0,SENGKANG WEST AVENUE,1.42
sengkang_west_avenue,Sengkang West Avenue,4670.0,32445.172,41426.233,8.139,8.139,8.126,0.313,1.0,SENGKANG WEST AVENUE,1.526
sengkang_west_avenue,Sengkang West Avenue,4672.0,32443.193,41426.519,8.126,8.126,8.126,0.156,1.0,SENGKANG WEST AVENUE,1.632
sengkang_west_avenue,Sengkang West Avenue,4674.0,32441.213,41426.805,8.132,8.132,8.126,0.0,1.0,SENGKANG WEST AVENUE,1.739
sengkang_west_avenue,Sengkang West Avenue,4676.0,32439.234,41427.091,8.126,8.126,8.126,0.0,1.0,SENGKANG WEST AVENUE,1.845
sengkang_west_avenue,Sengkang West Avenue,4678.0,32437.254,41427.377,8.126,8.126,8.126,-0.078,1.0,SENGKANG WEST AVENUE,1.951
sengkang_west_avenue,Sengkang West Avenue,4680.0,32435.275,41427.663,8.126,8.126,8.126,-0.156,1.0,SENGKANG WEST AVENUE,2.058
sengkang_west_avenue,Sengkang West Avenue,4682.0,32433.295,41427.949,8.114,8.114,8.12,-0.156,1.0,SENGKANG WEST AVENUE,2.164
sengkang_west_avenue,Sengkang West Avenue,4684.0,32431.316,41428.234,8.12,8.12,8.114,-0.078,1.0,SENGKANG WEST AVENUE,2.27
sengkang_west_avenue,Sengkang West Avenue,4686.0,32429.336,41428.52,8.114,8.114,8.114,-0.078,1.0,SENGKANG WEST AVENUE,2.377
sengkang_west_avenue,Sengkang West Avenue,4688.0,32427.357,41428.806,8.114,8.114,8.12,0.312,1.0,SENGKANG WEST AVENUE,2.483
sengkang_west_avenue,Sengkang West Avenue,4690.0,32425.377,41429.092,8.139,8.139,8.114,0.469,1.0,SENGKANG WEST AVENUE,2.589
sengkang_west_avenue,Sengkang West Avenue,4692.0,32423.398,41429.378,8.251,8.251,8.139,1.641,1.0,SENGKANG WEST AVENUE,2.696
sengkang_west_avenue,Sengkang West Avenue,4694.0,32421.419,41429.664,8.102,8.102,8.151,,,SENGKANG WEST AVENUE,2.802
sengkang_west_avenue,Sengkang West Avenue,4696.0,32419.439,41429.95,8.151,8.151,8.251,,,SENGKANG WEST AVENUE,2.908
sengkang_west_avenue,Sengkang West Avenue,4698.0,32417.46,41430.236,8.152,8.391,8.391,,,SENGKANG WEST AVENUE,3.014
sengkang_west_avenue,Sengkang West Avenue,4700.0,32415.48,41430.522,8.214,8.632,8.632,,,SENGKANG WEST AVENUE,3.121
sengkang_west_avenue,Sengkang West Avenue,4702.0,32413.501,41430.808,8.201,8.872,8.872,,,SENGKANG WEST AVENUE,3.227
sengkang_west_avenue,Sengkang West Avenue,4704.0,32411.521,41431.094,10.151,9.112,9.112,,,SENGKANG WEST AVENUE,3.333
sengkang_west_avenue,Sengkang West Avenue,4706.0,32409.542,41431.379,10.182,9.39,9.39,,,SENGKANG WEST AVENUE,3.44
sengkang_west_avenue,Sengkang West Avenue,4708.0,32407.562,41431.665,10.214,9.668,9.668,,,SENGKANG WEST AVENUE,3.546
sengkang_west_avenue,Sengkang West Avenue,4710.0,32405.583,41431.951,8.202,9.946,9.946,,,SENGKANG WEST AVENUE,3.652
sengkang_west_avenue,Sengkang West Avenue,4712.0,32403.603,41432.237,8.202,10.223,10.223,,,SENGKANG WEST AVENUE,3.759
sengkang_west_avenue,Sengkang West Avenue,4714.0,32401.624,41432.523,10.501,10.501,10.501,,,SENGKANG WEST AVENUE,3.865
sengkang_west_avenue,Sengkang West Avenue,4716.0,32399.644,41432.809,10.526,10.526,10.507,,,SENGKANG WEST AVENUE,3.971
sengkang_west_avenue,Sengkang West Avenue,4718.0,32397.665,41433.095,10.601,10.601,10.507,,,SENGKANG WEST AVENUE,4.077
sengkang_west_avenue,Sengkang West Avenue,4720.0,32395.686,41433.381,10.507,10.507,10.507,,,SENGKANG WEST AVENUE,4.184
sengkang_west_avenue,Sengkang West Avenue,4722.0,32393.706,41433.667,10.432,10.209,10.209,,,SENGKANG WEST AVENUE,4.29
sengkang_west_avenue,Sengkang West Avenue,4724.0,32391.727,41433.953,10.157,9.91,9.91,,,SENGKANG WEST AVENUE,4.396
sengkang_west_avenue,Sengkang West Avenue,4726.0,32389.747,41434.239,8.832,9.612,9.612,,,SENGKANG WEST AVENUE,4.503
sengkang_west_avenue,Sengkang West Avenue,4728.0,32387.768,41434.524,8.688,9.313,9.313,,,SENGKANG WEST AVENUE,4.609
sengkang_west_avenue,Sengkang West Avenue,4730.0,32385.788,41434.81,8.601,9.252,9.252,,,SENGKANG WEST AVENUE,4.715
sengkang_west_avenue,Sengkang West Avenue,4732.0,32383.809,41435.096,9.191,9.191,9.252,,,SENGKANG WEST AVENUE,4.822
sengkang_west_avenue,Sengkang West Avenue,4734.0,32381.829,41435.382,9.996,9.087,9.252,,,SENGKANG WEST AVENUE,4.928
sengkang_west_avenue,Sengkang West Avenue,4736.0,32379.85,41435.668,9.996,9.263,9.263,,,SENGKANG WEST AVENUE,5.034
sengkang_west_avenue,Sengkang West Avenue,4738.0,32377.87,41435.954,8.877,9.555,9.555,,,SENGKANG WEST AVENUE,5.139
sengkang_west_avenue,Sengkang West Avenue,4740.0,32375.891,41436.24,9.39,9.847,9.847,,,SENGKANG WEST AVENUE,5.237
sengkang_west_avenue,Sengkang West Avenue,4742.0,32373.911,41436.526,9.39,10.139,10.139,,,SENGKANG WEST AVENUE,5.336
sengkang_west_avenue,Sengkang West Avenue,4744.0,32371.932,41436.812,10.814,10.431,10.431,,,SENGKANG WEST AVENUE,5.434
sengkang_west_avenue,Sengkang West Avenue,4746.0,32369.953,41437.098,10.761,10.519,10.451,,,SENGKANG WEST AVENUE,5.532
sengkang_west_avenue,Sengkang West Avenue,4748.0,32367.973,41437.383,10.881,10.606,10.451,,,SENGKANG WEST AVENUE,5.63
sengkang_west_avenue,Sengkang West Avenue,4750.0,32365.994,41437.669,10.451,10.451,10.451,,,SENGKANG WEST AVENUE,5.728
sengkang_west_avenue,Sengkang West Avenue,4752.0,32364.014,41437.955,10.314,10.314,10.314,,,SENGKANG WEST AVENUE,5.826
sengkang_west_avenue,Sengkang West Avenue,4754.0,32362.035,41438.241,10.244,10.244,10.244,,,SENGKANG WEST AVENUE,5.924
sengkang_west_avenue,Sengkang West Avenue,4756.0,32360.055,41438.527,9.804,10.039,10.039,,,SENGKANG WEST AVENUE,6.023
sengkang_west_avenue,Sengkang West Avenue,4758.0,32358.076,41438.813,10.504,9.834,9.834,,,SENGKANG WEST AVENUE,6.121
sengkang_west_avenue,Sengkang West Avenue,4760.0,32356.096,41439.099,9.424,9.629,9.629,,,SENGKANG WEST AVENUE,6.219
sengkang_west_avenue,Sengkang West Avenue,4762.0,32354.117,41439.385,9.912,9.424,9.424,,,SENGKANG WEST AVENUE,6.317
sengkang_west_avenue,Sengkang West Avenue,4764.0,32352.137,41439.671,10.041,9.22,9.245,,,SENGKANG WEST AVENUE,6.415
sengkang_west_avenue,Sengkang West Avenue,4766.0,32350.158,41439.957,9.015,9.015,9.22,,,SENGKANG WEST AVENUE,4.535
sengkang_west_avenue,Sengkang West Avenue,4768.0,32348.179,41440.243,9.245,9.245,9.015,,,SENGKANG WEST AVENUE,2.536
sengkang_west_avenue,Sengkang West Avenue,4770.0,32346.199,41440.528,8.96,8.96,9.015,,,SENGKANG WEST AVENUE,0.537
sengkang_west_avenue,Sengkang West Avenue,4772.0,32344.22,41440.814,8.975,8.975,9.094,,,SENGKANG WEST AVENUE,1.462
sengkang_west_avenue,Sengkang West Avenue,4774.0,32342.24,41441.1,8.65,9.094,9.094,3.975,1.0,SENGKANG WEST AVENUE,3.461
sengkang_west_avenue,Sengkang West Avenue,4776.0,32340.261,41441.386,9.445,9.213,9.213,,,SENGKANG WEST AVENUE,5.46
sengkang_west_avenue,Sengkang West Avenue,4778.0,32338.281,41441.672,9.333,9.333,9.333,,,SENGKANG WEST AVENUE,7.102
sengkang_west_avenue,Sengkang West Avenue,4780.0,32336.302,41441.958,9.941,9.624,9.624,,,SENGKANG WEST AVENUE,7.2
sengkang_west_avenue,Sengkang West Avenue,4782.0,32334.322,41442.244,10.366,9.916,9.916,,,SENGKANG WEST AVENUE,7.298
sengkang_west_avenue,Sengkang West Avenue,4784.0,32332.343,41442.53,8.945,10.208,10.208,,,SENGKANG WEST AVENUE,7.397
sengkang_west_avenue,Sengkang West Avenue,4786.0,32330.363,41442.816,8.995,10.499,10.276,,,SENGKANG WEST AVENUE,7.495
sengkang_west_avenue,Sengkang West Avenue,4788.0,32328.384,41443.102,10.791,10.388,10.276,,,SENGKANG WEST AVENUE,7.593
sengkang_west_avenue,Sengkang West Avenue,4790.0,32326.404,41443.388,11.608,10.276,10.276,,,SENGKANG WEST AVENUE,7.691
sengkang_west_avenue,Sengkang West Avenue,4792.0,32324.425,41443.673,10.504,10.132,10.132,,,SENGKANG WEST AVENUE,7.783
sengkang_west_avenue,Sengkang West Avenue,4794.0,32322.446,41443.959,10.241,9.989,9.989,,,SENGKANG WEST AVENUE,7.854
sengkang_west_avenue,Sengkang West Avenue,4796.0,32320.466,41444.245,8.73,9.846,9.846,,,SENGKANG WEST AVENUE,7.926
sengkang_west_avenue,Sengkang West Avenue,4798.0,32318.487,41444.531,8.695,9.703,9.703,,,SENGKANG WEST AVENUE,7.997
sengkang_west_avenue,Sengkang West Avenue,4800.0,32316.507,41444.817,9.512,9.559,9.559,,,SENGKANG WEST AVENUE,8.068
sengkang_west_avenue,Sengkang West Avenue,4802.0,32314.528,41445.103,9.416,9.416,9.495,,,SENGKANG WEST AVENUE,8.14
sengkang_west_avenue,Sengkang West Avenue,4804.0,32312.548,41445.389,9.424,9.424,9.495,,,SENGKANG WEST AVENUE,8.211
sengkang_west_avenue,Sengkang West Avenue,4806.0,32310.569,41445.675,9.495,9.495,9.495,0.0,1.0,SENGKANG WEST AVENUE,8.282
sengkang_west_avenue,Sengkang West Avenue,4808.0,32308.589,41445.961,9.645,9.645,9.495,,,SENGKANG WEST AVENUE,8.354
sengkang_west_avenue,Sengkang West Avenue,4810.0,32306.61,41446.247,9.658,9.658,9.495,,,SENGKANG WEST AVENUE,8.425
sengkang_west_avenue,Sengkang West Avenue,4812.0,32304.63,41446.533,9.92,9.417,9.417,,,SENGKANG WEST AVENUE,8.496
sengkang_west_avenue,Sengkang West Avenue,4814.0,32302.651,41446.818,9.42,9.177,9.177,,,SENGKANG WEST AVENUE,8.567
sengkang_west_avenue,Sengkang West Avenue,4816.0,32300.672,41447.104,9.128,8.936,8.936,,,SENGKANG WEST AVENUE,8.639
sengkang_west_avenue,Sengkang West Avenue,4818.0,32298.692,41447.39,8.635,8.835,8.835,,,SENGKANG WEST AVENUE,8.71
sengkang_west_avenue,Sengkang West Avenue,4820.0,32296.713,41447.676,8.735,8.735,8.825,,,SENGKANG WEST AVENUE,8.781
sengkang_west_avenue,Sengkang West Avenue,4822.0,32294.733,41447.962,8.825,8.825,8.825,,,SENGKANG WEST AVENUE,8.853
sengkang_west_avenue,Sengkang West Avenue,4824.0,32292.754,41448.248,8.825,8.825,8.825,1.0,1.0,SENGKANG WEST AVENUE,8.924
sengkang_west_avenue,Sengkang West Avenue,4826.0,32290.774,41448.534,8.755,8.755,8.825,1.0,1.0,SENGKANG WEST AVENUE,8.995
sengkang_west_avenue,Sengkang West Avenue,4828.0,32288.795,41448.82,8.905,8.905,8.905,1.0,1.0,SENGKANG WEST AVENUE,9.067
sengkang_west_avenue,Sengkang West Avenue,4830.0,32286.815,41449.106,9.02,9.02,8.905,-0.75,1.0,SENGKANG WEST AVENUE,9.138
sengkang_west_avenue,Sengkang West Avenue,4832.0,32284.836,41449.392,8.985,8.985,8.905,-1.821,1.0,SENGKANG WEST AVENUE,9.209
sengkang_west_avenue,Sengkang West Avenue,4834.0,32282.856,41449.677,8.765,8.765,8.765,-2.03,1.0,SENGKANG WEST AVENUE,9.28
sengkang_west_avenue,Sengkang West Avenue,4836.0,32280.877,41449.963,8.759,8.759,8.759,-2.03,1.0,SENGKANG WEST AVENUE,9.352
sengkang_west_avenue,Sengkang West Avenue,4838.0,32278.897,41450.249,8.73,8.73,8.742,-0.28,1.0,SENGKANG WEST AVENUE,9.423
sengkang_west_avenue,Sengkang West Avenue,4840.0,32276.918,41450.535,8.742,8.742,8.742,-0.156,1.0,SENGKANG WEST AVENUE,9.494
sengkang_west_avenue,Sengkang West Avenue,4842.0,32274.939,41450.821,8.742,8.742,8.742,0.156,1.0,SENGKANG WEST AVENUE,9.566
sengkang_west_avenue,Sengkang West Avenue,4844.0,32272.959,41451.107,8.747,8.747,8.747,2.336,1.0,SENGKANG WEST AVENUE,9.637
sengkang_west_avenue,Sengkang West Avenue,4846.0,32270.98,41451.393,8.755,8.755,8.755,4.516,1.0,SENGKANG WEST AVENUE,9.708
sengkang_west_avenue,Sengkang West Avenue,4848.0,32269.0,41451.679,8.755,8.929,8.929,,,SENGKANG WEST AVENUE,9.78
sengkang_west_avenue,Sengkang West Avenue,4850.0,32267.021,41451.965,9.104,9.104,9.104,,,SENGKANG WEST AVENUE,9.851
sengkang_west_avenue,Sengkang West Avenue,4852.0,32265.041,41452.251,9.154,9.353,9.353,,,SENGKANG WEST AVENUE,9.922
sengkang_west_avenue,Sengkang West Avenue,4854.0,32263.062,41452.537,9.679,9.603,9.603,,,SENGKANG WEST AVENUE,9.993
sengkang_west_avenue,Sengkang West Avenue,4856.0,32261.082,41452.822,9.3,9.852,9.603,,,SENGKANG WEST AVENUE,10.065
sengkang_west_avenue,Sengkang West Avenue,4858.0,32259.103,41453.108,10.334,9.724,9.603,,,SENGKANG WEST AVENUE,10.136
sengkang_west_avenue,Sengkang West Avenue,4860.0,32257.123,41453.394,11.922,9.596,9.596,,,SENGKANG WEST AVENUE,10.207
sengkang_west_avenue,Sengkang West Avenue,4862.0,32255.144,41453.68,10.768,9.468,9.468,,,SENGKANG WEST AVENUE,10.279
sengkang_west_avenue,Sengkang West Avenue,4888.0,32229.411,41457.397,9.205,9.34,9.38,,,SENGKANG WEST AVENUE,11.429
sengkang_west_avenue,Sengkang West Avenue,4890.0,32227.432,41457.683,9.212,9.212,9.34,,,SENGKANG WEST AVENUE,11.563
sengkang_west_avenue,Sengkang West Avenue,4892.0,32225.452,41457.969,9.38,9.38,9.34,,,SENGKANG WEST AVENUE,11.696
sengkang_west_avenue,Sengkang West Avenue,4894.0,32223.473,41458.255,9.255,9.255,9.343,0.663,1.0,SENGKANG WEST AVENUE,11.829
sengkang_west_avenue,Sengkang West Avenue,4896.0,32221.493,41458.541,9.468,9.468,9.38,0.976,1.0,SENGKANG WEST AVENUE,11.962
sengkang_west_avenue,Sengkang West Avenue,4898.0,32219.514,41458.826,9.343,9.343,9.393,0.937,1.0,SENGKANG WEST AVENUE,12.096
sengkang_west_avenue,Sengkang West Avenue,4900.0,32217.534,41459.112,9.418,9.418,9.418,1.669,1.0,SENGKANG WEST AVENUE,12.229
sengkang_west_avenue,Sengkang West Avenue,4902.0,32215.555,41459.398,9.393,9.393,9.418,3.403,1.0,SENGKANG WEST AVENUE,12.362
sengkang_west_avenue,Sengkang West Avenue,4904.0,32213.575,41459.684,9.514,9.514,9.514,3.091,1.0,SENGKANG WEST AVENUE,12.495
sengkang_west_avenue,Sengkang West Avenue,4906.0,32211.596,41459.97,9.732,9.732,9.665,3.091,1.0,SENGKANG WEST AVENUE,12.628
sengkang_west_avenue,Sengkang West Avenue,4908.0,32209.616,41460.256,9.665,9.665,9.665,1.871,1.0,SENGKANG WEST AVENUE,12.762
sengkang_west_avenue,Sengkang West Avenue,4910.0,32207.637,41460.542,9.69,9.69,9.665,-0.019,1.0,SENGKANG WEST AVENUE,12.895
sengkang_west_avenue,Sengkang West Avenue,4912.0,32205.657,41460.828,9.618,9.618,9.663,-0.019,1.0,SENGKANG WEST AVENUE,13.028
sengkang_west_avenue,Sengkang West Avenue,4914.0,32203.678,41461.114,9.623,9.623,9.663,1.731,1.0,SENGKANG WEST AVENUE,13.161
sengkang_west_avenue,Sengkang West Avenue,4916.0,32201.699,41461.4,9.663,9.663,9.663,4.615,1.0,SENGKANG WEST AVENUE,13.295
sengkang_west_avenue,Sengkang West Avenue,4918.0,32199.719,41461.686,9.803,9.803,9.803,7.5,1.0,SENGKANG WEST AVENUE,13.428
sengkang_west_avenue,Sengkang West Avenue,4920.0,32197.74,41461.971,10.369,10.091,10.091,7.5,1.0,SENGKANG WEST AVENUE,13.561
sengkang_west_avenue,Sengkang West Avenue,4922.0,32195.76,41462.257,10.379,10.379,10.263,7.061,1.0,SENGKANG WEST AVENUE,13.694
sengkang_west_avenue,Sengkang West Avenue,4924.0,32193.781,41462.543,10.382,10.382,10.263,,,SENGKANG WEST AVENUE,13.828
sengkang_west_avenue,Sengkang West Avenue,4926.0,32191.801,41462.829,10.263,10.263,10.368,,,SENGKANG WEST AVENUE,13.961
sengkang_west_avenue,Sengkang West Avenue,4928.0,32189.822,41463.115,10.088,10.088,10.368,3.563,1.0,SENGKANG WEST AVENUE,14.094
sengkang_west_avenue,Sengkang West Avenue,4930.0,32187.842,41463.401,10.128,10.368,10.368,,,SENGKANG WEST AVENUE,14.227
sengkang_west_avenue,Sengkang West Avenue,4932.0,32185.863,41463.687,10.648,10.648,10.548,,,SENGKANG WEST AVENUE,14.361
sengkang_west_avenue,Sengkang West Avenue,4934.0,32183.883,41463.973,11.127,10.598,10.548,,,SENGKANG WEST AVENUE,14.494
sengkang_west_avenue,Sengkang West Avenue,4936.0,32181.904,41464.259,11.927,10.548,10.548,,,SENGKANG WEST AVENUE,14.627
sengkang_west_avenue,Sengkang West Avenue,4938.0,32179.925,41464.545,11.061,10.499,10.548,,,SENGKANG WEST AVENUE,14.76
sengkang_west_avenue,Sengkang West Avenue,4940.0,32177.945,41464.831,10.554,10.449,10.548,,,SENGKANG WEST AVENUE,14.894
sengkang_west_avenue,Sengkang West Avenue,4942.0,32175.966,41465.116,10.399,10.638,10.638,,,SENGKANG WEST AVENUE,15.027
sengkang_west_avenue,Sengkang West Avenue,4944.0,32173.986,41465.402,10.536,10.828,10.828,,,SENGKANG WEST AVENUE,15.16
sengkang_west_avenue,Sengkang West Avenue,4946.0,32172.007,41465.688,11.018,11.018,11.018,,,SENGKANG WEST AVENUE,15.293
sengkang_west_avenue,Sengkang West Avenue,4948.0,32170.027,41465.974,11.074,11.074,11.074,,,SENGKANG WEST AVENUE,15.427
sengkang_west_avenue,Sengkang West Avenue,4950.0,32168.048,41466.26,11.749,11.23,11.23,4.375,1.0,SENGKANG WEST AVENUE,15.56
sengkang_west_avenue,Sengkang West Avenue,4952.0,32166.068,41466.546,11.261,11.386,11.318,3.672,1.0,SENGKANG WEST AVENUE,15.693
sengkang_west_avenue,Sengkang West Avenue,4954.0,32164.089,41466.832,11.543,11.543,11.368,,,SENGKANG WEST AVENUE,15.826
sengkang_west_avenue,Sengkang West Avenue,4956.0,32162.109,41467.118,11.318,11.318,11.368,,,SENGKANG WEST AVENUE,15.96
sengkang_west_avenue,Sengkang West Avenue,4958.0,32160.13,41467.404,11.368,11.368,11.368,,,SENGKANG WEST AVENUE,16.093
sengkang_west_avenue,Sengkang West Avenue,4960.0,32158.15,41467.69,11.305,11.305,11.368,3.922,1.0,SENGKANG WEST AVENUE,16.226
sengkang_west_avenue,Sengkang West Avenue,4962.0,32156.171,41467.975,11.869,11.493,11.493,6.015,1.0,SENGKANG WEST AVENUE,16.359
sengkang_west_avenue,Sengkang West Avenue,4964.0,32154.192,41468.261,11.682,11.682,11.682,8.108,1.0,SENGKANG WEST AVENUE,16.493
sengkang_west_avenue,Sengkang West Avenue,4966.0,32152.212,41468.547,11.711,11.849,11.849,7.78,1.0,SENGKANG WEST AVENUE,16.626
sengkang_west_avenue,Sengkang West Avenue,4968.0,32150.233,41468.833,12.016,12.016,12.016,7.452,1.0,SENGKANG WEST AVENUE,16.759
sengkang_west_avenue,Sengkang West Avenue,4970.0,32148.253,41469.119,12.585,12.176,12.176,,,SENGKANG WEST AVENUE,16.892
sengkang_west_avenue,Sengkang West Avenue,4972.0,32146.274,41469.405,12.336,12.336,12.278,,,SENGKANG WEST AVENUE,17.026
sengkang_west_avenue,Sengkang West Avenue,4974.0,32144.294,41469.691,12.278,12.278,12.336,,,SENGKANG WEST AVENUE,17.159
sengkang_west_avenue,Sengkang West Avenue,4976.0,32142.315,41469.977,11.983,12.5,12.5,,,SENGKANG WEST AVENUE,17.292
sengkang_west_avenue,Sengkang West Avenue,4978.0,32140.335,41470.263,11.406,12.788,12.788,,,SENGKANG WEST AVENUE,17.425
sengkang_west_avenue,Sengkang West Avenue,4980.0,32138.356,41470.549,12.88,13.076,13.076,,,SENGKANG WEST AVENUE,17.559
sengkang_west_avenue,Sengkang West Avenue,4982.0,32136.376,41470.835,13.675,13.364,13.364,,,SENGKANG WEST AVENUE,17.692
sengkang_west_avenue,Sengkang West Avenue,4984.0,32134.397,41471.12,13.907,13.607,13.607,,,SENGKANG WEST AVENUE,17.825
sengkang_west_avenue,Sengkang West Avenue,4986.0,32132.418,41471.406,13.78,13.849,13.849,,,SENGKANG WEST AVENUE,17.958
sengkang_west_avenue,Sengkang West Avenue,4988.0,32130.438,41471.692,14.666,14.091,14.091,,,SENGKANG WEST AVENUE,18.092
sengkang_west_avenue,Sengkang West Avenue,4990.0,32128.459,41471.978,15.664,14.333,14.333,,,SENGKANG WEST AVENUE,18.225
sengkang_west_avenue,Sengkang West Avenue,4992.0,32126.479,41472.264,17.029,14.575,14.575,,,SENGKANG WEST AVENUE,18.358
sengkang_west_avenue,Sengkang West Avenue,4994.0,32124.5,41472.55,16.552,14.818,14.818,,,SENGKANG WEST AVENUE,18.491
sengkang_west_avenue,Sengkang West Avenue,4996.0,32122.52,41472.836,15.824,15.06,14.818,,,SENGKANG WEST AVENUE,18.625
sengkang_west_avenue,Sengkang West Avenue,4998.0,32120.541,41473.122,15.065,14.859,14.818,,,SENGKANG WEST AVENUE,18.758
sengkang_west_avenue,Sengkang West Avenue,5000.0,32118.561,41473.408,14.579,14.657,14.657,,,SENGKANG WEST AVENUE,18.891
sengkang_west_avenue,Sengkang West Avenue,5002.0,32116.582,41473.694,13.626,14.456,14.456,,,SENGKANG WEST AVENUE,19.012
sengkang_west_avenue,Sengkang West Avenue,5004.0,32114.602,41473.98,14.272,14.255,14.255,,,SENGKANG WEST AVENUE,19.133
sengkang_west_avenue,Sengkang West Avenue,5006.0,32112.623,41474.265,13.863,14.054,14.054,,,SENGKANG WEST AVENUE,19.253
sengkang_west_avenue,Sengkang West Avenue,5008.0,32110.643,41474.551,13.853,13.853,13.978,,,SENGKANG WEST AVENUE,19.374
sengkang_west_avenue,Sengkang West Avenue,5010.0,32108.664,41474.837,13.801,13.801,13.853,,,SENGKANG WEST AVENUE,19.494
sengkang_west_avenue,Sengkang West Avenue,5012.0,32106.685,41475.123,13.978,13.978,13.82,,,SENGKANG WEST AVENUE,19.615
sengkang_west_avenue,Sengkang West Avenue,5014.0,32104.705,41475.409,12.995,13.82,13.801,-2.372,1.0,SENGKANG WEST AVENUE,19.735
sengkang_west_avenue,Sengkang West Avenue,5016.0,32102.726,41475.695,13.394,13.663,13.663,-1.969,1.0,SENGKANG WEST AVENUE,19.856
sengkang_west_avenue,Sengkang West Avenue,5018.0,32100.746,41475.981,13.505,13.505,13.663,,,SENGKANG WEST AVENUE,19.976
sengkang_west_avenue,Sengkang West Avenue,5020.0,32098.767,41476.267,13.525,13.525,13.663,,,SENGKANG WEST AVENUE,20.097
sengkang_west_avenue,Sengkang West Avenue,5022.0,32096.787,41476.553,13.619,13.764,13.764,,,SENGKANG WEST AVENUE,20.217
sengkang_west_avenue,Sengkang West Avenue,5024.0,32094.808,41476.839,13.877,14.003,14.003,,,SENGKANG WEST AVENUE,20.338
sengkang_west_avenue,Sengkang West Avenue,5026.0,32092.828,41477.125,13.428,14.241,14.241,,,SENGKANG WEST AVENUE,20.459
sengkang_west_avenue,Sengkang West Avenue,5028.0,32090.849,41477.41,14.08,14.452,14.452,,,SENGKANG WEST AVENUE,20.579
sengkang_west_avenue,Sengkang West Avenue,5030.0,32088.869,41477.696,15.447,14.663,14.663,,,SENGKANG WEST AVENUE,20.7
sengkang_west_avenue,Sengkang West Avenue,5032.0,32086.89,41477.982,15.334,14.873,14.833,,,SENGKANG WEST AVENUE,20.82
sengkang_west_avenue,Sengkang West Avenue,5034.0,32084.91,41478.268,15.6,15.084,14.833,,,SENGKANG WEST AVENUE,20.941
sengkang_west_avenue,Sengkang West Avenue,5036.0,32082.931,41478.554,14.833,14.833,14.833,,,SENGKANG WEST AVENUE,21.061
sengkang_west_avenue,Sengkang West Avenue,5038.0,32080.952,41478.84,14.776,14.776,14.776,,,SENGKANG WEST AVENUE,21.182
sengkang_west_avenue,Sengkang West Avenue,5040.0,32078.972,41479.126,14.573,14.573,14.573,-4.48,1.0,SENGKANG WEST AVENUE,21.302
sengkang_west_avenue,Sengkang West Avenue,5042.0,32076.993,41479.412,14.475,14.475,14.475,,,SENGKANG WEST AVENUE,21.423
sengkang_west_avenue,Sengkang West Avenue,5044.0,32075.013,41479.698,14.27,14.27,14.475,,,SENGKANG WEST AVENUE,21.543
sengkang_west_avenue,Sengkang West Avenue,5046.0,32073.034,41479.984,14.085,14.382,14.475,,,SENGKANG WEST AVENUE,21.664
sengkang_west_avenue,Sengkang West Avenue,5048.0,32071.054,41480.269,13.68,14.639,14.639,,,SENGKANG WEST AVENUE,21.784
sengkang_west_avenue,Sengkang West Avenue,5050.0,32069.075,41480.555,14.566,14.896,14.896,,,SENGKANG WEST AVENUE,21.905
sengkang_west_avenue,Sengkang West Avenue,5052.0,32067.095,41480.841,15.041,15.152,15.152,,,SENGKANG WEST AVENUE,22.025
sengkang_west_avenue,Sengkang West Avenue,5054.0,32065.116,41481.127,15.946,15.399,15.399,,,SENGKANG WEST AVENUE,22.146
sengkang_west_avenue,Sengkang West Avenue,5056.0,32063.136,41481.413,16.135,15.647,15.647,,,SENGKANG WEST AVENUE,22.267
sengkang_west_avenue,Sengkang West Avenue,5058.0,32061.157,41481.699,16.556,15.894,15.894,,,SENGKANG WEST AVENUE,22.387
sengkang_west_avenue,Sengkang West Avenue,5060.0,32059.178,41481.985,16.025,16.141,16.141,,,SENGKANG WEST AVENUE,22.508
sengkang_west_avenue,Sengkang West Avenue,5062.0,32057.198,41482.271,15.525,16.144,16.144,,,SENGKANG WEST AVENUE,22.628
sengkang_west_avenue,Sengkang West Avenue,5064.0,32056.009,41482.447,14.872,16.147,16.144,,,SENGKANG WEST AVENUE,22.705
sengkang_west_avenue,Sengkang West Avenue,5066.0,32057.991,41482.184,16.198,16.15,16.144,,,SENGKANG WEST AVENUE,22.607
sengkang_west_avenue,Sengkang West Avenue,5068.0,32059.974,41481.921,16.153,15.952,15.952,,,SENGKANG WEST AVENUE,22.51
sengkang_west_avenue,Sengkang West Avenue,5070.0,32061.956,41481.657,16.194,15.671,15.671,,,SENGKANG WEST AVENUE,22.412
sengkang_west_avenue,Sengkang West Avenue,5072.0,32063.939,41481.394,16.492,15.391,15.391,,,SENGKANG WEST AVENUE,22.314
sengkang_west_avenue,Sengkang West Avenue,5074.0,32065.922,41481.13,15.373,15.116,15.116,,,SENGKANG WEST AVENUE,22.216
sengkang_west_avenue,Sengkang West Avenue,5076.0,32067.916,41480.992,14.552,14.842,14.842,,,SENGKANG WEST AVENUE,22.244
sengkang_west_avenue,Sengkang West Avenue,5078.0,32069.913,41480.885,14.306,14.567,14.567,,,SENGKANG WEST AVENUE,22.303
sengkang_west_avenue,Sengkang West Avenue,5080.0,32071.91,41480.777,13.465,14.292,14.292,,,SENGKANG WEST AVENUE,22.362
sengkang_west_avenue,Sengkang West Avenue,5082.0,32073.907,41480.67,14.21,14.278,14.278,,,SENGKANG WEST AVENUE,22.42
sengkang_west_avenue,Sengkang West Avenue,5084.0,32075.904,41480.563,14.265,14.265,14.278,,,SENGKANG WEST AVENUE,22.479
sengkang_west_avenue,Sengkang West Avenue,5086.0,32077.901,41480.455,14.268,14.268,14.278,,,SENGKANG WEST AVENUE,22.538
sengkang_west_avenue,Sengkang West Avenue,5088.0,32079.899,41480.348,14.361,14.361,14.361,,,SENGKANG WEST AVENUE,22.597
sengkang_west_avenue,Sengkang West Avenue,5090.0,32081.896,41480.241,14.617,14.617,14.361,,,SENGKANG WEST AVENUE,22.656
sengkang_west_avenue,Sengkang West Avenue,5092.0,32083.893,41480.133,15.756,14.462,14.361,,,SENGKANG WEST AVENUE,22.715
sengkang_west_avenue,Sengkang West Avenue,5094.0,32085.89,41480.026,15.433,14.308,14.308,,,SENGKANG WEST AVENUE,22.774
sengkang_west_avenue,Sengkang West Avenue,5096.0,32087.887,41479.919,15.416,14.153,14.153,,,SENGKANG WEST AVENUE,22.833
sengkang_west_avenue,Sengkang West Avenue,5098.0,32089.884,41479.812,14.239,13.998,13.998,,,SENGKANG WEST AVENUE,22.892
sengkang_west_avenue,Sengkang West Avenue,5100.0,32091.881,41479.704,13.844,13.844,13.944,,,SENGKANG WEST AVENUE,22.951
sengkang_west_avenue,Sengkang West Avenue,5102.0,32093.878,41479.597,13.88,13.88,13.944,,,SENGKANG WEST AVENUE,23.01
sengkang_west_avenue,Sengkang West Avenue,5104.0,32095.875,41479.49,13.452,13.944,13.944,1.587,1.0,SENGKANG WEST AVENUE,23.069
sengkang_west_avenue,Sengkang West Avenue,5106.0,32097.873,41479.382,14.213,14.007,14.007,,,SENGKANG WEST AVENUE,23.127
sengkang_west_avenue,Sengkang West Avenue,5108.0,32099.87,41479.275,14.071,14.071,14.071,,,SENGKANG WEST AVENUE,23.186
sengkang_west_avenue,Sengkang West Avenue,5110.0,32101.867,41479.168,13.56,14.086,14.086,,,SENGKANG WEST AVENUE,23.245
sengkang_west_avenue,Sengkang West Avenue,5112.0,32103.864,41479.06,13.368,14.101,14.101,,,SENGKANG WEST AVENUE,23.304
sengkang_west_avenue,Sengkang West Avenue,5114.0,32105.861,41478.953,14.116,14.116,14.116,,,SENGKANG WEST AVENUE,23.363
sengkang_west_avenue,Sengkang West Avenue,5116.0,32107.858,41478.846,14.68,14.173,14.173,,,SENGKANG WEST AVENUE,23.422
sengkang_west_avenue,Sengkang West Avenue,5118.0,32109.855,41478.738,14.138,14.231,14.231,1.433,1.0,SENGKANG WEST AVENUE,23.481
sengkang_west_avenue,Sengkang West Avenue,5120.0,32111.831,41478.486,14.288,14.288,14.231,,,SENGKANG WEST AVENUE,23.393
sengkang_west_avenue,Sengkang West Avenue,5122.0,32113.773,41478.01,14.397,14.397,14.231,,,SENGKANG WEST AVENUE,23.08
sengkang_west_avenue,Sengkang West Avenue,5124.0,32115.716,41477.533,14.131,14.131,14.131,,,SENGKANG WEST AVENUE,22.767
sengkang_west_avenue,Sengkang West Avenue,5126.0,32117.658,41477.057,13.729,14.043,14.043,,,SENGKANG WEST AVENUE,22.454
sengkang_west_avenue,Sengkang West Avenue,5128.0,32119.601,41476.581,13.956,13.824,13.824,,,SENGKANG WEST AVENUE,22.135
sengkang_west_avenue,Sengkang West Avenue,5130.0,32121.543,41476.105,13.61,13.605,13.605,,,SENGKANG WEST AVENUE,21.809
sengkang_west_avenue,Sengkang West Avenue,5132.0,32123.508,41475.732,15.391,13.371,13.371,,,SENGKANG WEST AVENUE,21.588
sengkang_west_avenue,Sengkang West Avenue,5134.0,32125.477,41475.38,12.57,13.137,13.137,,,SENGKANG WEST AVENUE,21.388
sengkang_west_avenue,Sengkang West Avenue,5136.0,32127.445,41475.029,12.552,12.903,12.903,,,SENGKANG WEST AVENUE,21.189
sengkang_west_avenue,Sengkang West Avenue,5138.0,32129.414,41474.677,12.669,12.669,12.782,,,SENGKANG WEST AVENUE,20.989
sengkang_west_avenue,Sengkang West Avenue,5140.0,32131.391,41474.379,12.782,12.782,12.669,,,SENGKANG WEST AVENUE,20.843
sengkang_west_avenue,Sengkang West Avenue,5142.0,32133.375,41474.123,13.373,12.553,12.553,,,SENGKANG WEST AVENUE,20.74
sengkang_west_avenue,Sengkang West Avenue,5144.0,32135.358,41473.867,13.37,12.325,12.325,-8.052,1.0,SENGKANG WEST AVENUE,20.637
sengkang_west_avenue,Sengkang West Avenue,5146.0,32137.342,41473.611,13.133,12.097,12.097,,,SENGKANG WEST AVENUE,20.534
sengkang_west_avenue,Sengkang West Avenue,5148.0,32139.325,41473.355,11.868,11.868,12.025,,,SENGKANG WEST AVENUE,20.431
sengkang_west_avenue,Sengkang West Avenue,5150.0,32141.309,41473.099,11.446,11.946,12.025,,,SENGKANG WEST AVENUE,20.328
sengkang_west_avenue,Sengkang West Avenue,5152.0,32143.303,41472.945,12.136,12.025,12.025,0.902,1.0,SENGKANG WEST AVENUE,20.328
sengkang_west_avenue,Sengkang West Avenue,5154.0,32145.298,41472.812,12.103,12.103,12.097,,,SENGKANG WEST AVENUE,20.348
sengkang_west_avenue,Sengkang West Avenue,5156.0,32147.294,41472.68,12.39,12.39,12.097,,,SENGKANG WEST AVENUE,20.369
sengkang_west_avenue,Sengkang West Avenue,5158.0,32149.289,41472.547,12.265,12.097,12.097,-7.336,1.0,SENGKANG WEST AVENUE,20.389
sengkang_west_avenue,Sengkang West Avenue,5160.0,32151.287,41472.483,11.892,11.803,11.803,-7.899,1.0,SENGKANG WEST AVENUE,20.479
sengkang_west_avenue,Sengkang West Avenue,5162.0,32153.287,41472.469,11.51,11.51,11.51,,,SENGKANG WEST AVENUE,20.618
sengkang_west_avenue,Sengkang West Avenue,5164.0,32155.287,41472.455,11.415,11.415,11.465,,,SENGKANG WEST AVENUE,20.758
sengkang_west_avenue,Sengkang West Avenue,5166.0,32157.287,41472.441,11.375,11.375,11.465,,,SENGKANG WEST AVENUE,20.897
sengkang_west_avenue,Sengkang West Avenue,5168.0,32159.287,41472.427,11.465,11.465,11.465,4.806,1.0,SENGKANG WEST AVENUE,21.037
sengkang_west_avenue,Sengkang West Avenue,5170.0,32161.287,41472.405,11.858,11.657,11.657,7.689,1.0,SENGKANG WEST AVENUE,21.168
sengkang_west_avenue,Sengkang West Avenue,5172.0,32163.285,41472.318,11.849,11.849,11.849,10.572,2.0,SENGKANG WEST AVENUE,21.234
sengkang_west_avenue,Sengkang West Avenue,5174.0,32165.283,41472.23,11.658,12.145,12.145,,,SENGKANG WEST AVENUE,21.3
sengkang_west_avenue,Sengkang West Avenue,5176.0,32167.281,41472.143,12.441,12.441,12.311,,,SENGKANG WEST AVENUE,21.366
sengkang_west_avenue,Sengkang West Avenue,5178.0,32169.279,41472.055,13.99,12.376,12.311,,,SENGKANG WEST AVENUE,21.432
sengkang_west_avenue,Sengkang West Avenue,5180.0,32171.277,41471.959,13.06,12.311,12.311,,,SENGKANG WEST AVENUE,21.49
sengkang_west_avenue,Sengkang West Avenue,5182.0,32173.275,41471.861,11.975,12.245,12.245,,,SENGKANG WEST AVENUE,21.546
sengkang_west_avenue,Sengkang West Avenue,5184.0,32175.272,41471.764,11.165,12.18,12.18,,,SENGKANG WEST AVENUE,21.602
sengkang_west_avenue,Sengkang West Avenue,5186.0,32177.27,41471.666,11.155,12.115,12.115,,,SENGKANG WEST AVENUE,21.657
sengkang_west_avenue,Sengkang West Avenue,5188.0,32179.267,41471.569,12.05,12.05,12.05,,,SENGKANG WEST AVENUE,21.713
sengkang_west_avenue,Sengkang West Avenue,5190.0,32181.265,41471.471,12.374,11.782,11.782,,,SENGKANG WEST AVENUE,21.769
sengkang_west_avenue,Sengkang West Avenue,5192.0,32183.262,41471.355,11.888,11.514,11.514,,,SENGKANG WEST AVENUE,21.807
sengkang_west_avenue,Sengkang West Avenue,5194.0,32185.258,41471.233,11.149,11.246,11.246,,,SENGKANG WEST AVENUE,21.838
sengkang_west_avenue,Sengkang West Avenue,5196.0,32187.254,41471.111,10.775,10.978,10.978,,,SENGKANG WEST AVENUE,21.869
sengkang_west_avenue,Sengkang West Avenue,5198.0,32189.251,41470.989,10.71,10.71,10.71,,,SENGKANG WEST AVENUE,21.901
sengkang_west_avenue,Sengkang West Avenue,5200.0,32191.247,41470.873,10.655,10.655,10.655,,,SENGKANG WEST AVENUE,21.938
sengkang_west_avenue,Sengkang West Avenue,5202.0,32193.246,41470.811,10.615,10.615,10.615,-3.266,1.0,SENGKANG WEST AVENUE,22.031
sengkang_west_avenue,Sengkang West Avenue,5204.0,32195.245,41470.75,10.355,10.355,10.449,,,SENGKANG WEST AVENUE,22.123
sengkang_west_avenue,Sengkang West Avenue,5206.0,32197.244,41470.688,10.295,10.295,10.449,,,SENGKANG WEST AVENUE,22.215
sengkang_west_avenue,Sengkang West Avenue,5208.0,32199.243,41470.627,11.245,10.449,10.449,,,SENGKANG WEST AVENUE,22.307
sengkang_west_avenue,Sengkang West Avenue,5210.0,32201.242,41470.659,12.06,10.602,10.602,,,SENGKANG WEST AVENUE,22.492
sengkang_west_avenue,Sengkang West Avenue,5212.0,32203.241,41470.73,10.155,10.756,10.756,,,SENGKANG WEST AVENUE,22.716
sengkang_west_avenue,Sengkang West Avenue,5214.0,32205.24,41470.801,10.1,10.91,10.91,,,SENGKANG WEST AVENUE,22.94
sengkang_west_avenue,Sengkang West Avenue,5216.0,32207.238,41470.872,10.855,11.064,11.064,,,SENGKANG WEST AVENUE,23.164
sengkang_west_avenue,Sengkang West Avenue,5218.0,32209.237,41470.943,12.66,11.217,11.14,,,SENGKANG WEST AVENUE,23.388
sengkang_west_avenue,Sengkang West Avenue,5220.0,32210.652,41470.993,11.58,11.217,11.217,,,SENGKANG WEST AVENUE,23.547
