path_key,source_project,chainage_m,x_svy21,y_svy21,elevation_m_raw,elevation_m_filtered,elevation_m_smooth,gradient_pct,Grade,nearest_road_name,nearest_road_dist_m
serangoon_north_avenue_5,Serangoon North Avenue 5,0.0,32277.06,39709.228,10.714,10.714,10.457,,,SERANGOON NORTH AVENUE 5,13.217
serangoon_north_avenue_5,Serangoon North Avenue 5,2.0,32279.049,39709.018,13.505,10.457,10.328,,,SERANGOON NORTH AVENUE 5,13.105
serangoon_north_avenue_5,Serangoon North Avenue 5,4.0,32281.038,39708.808,11.355,10.199,10.199,,,SERANGOON NORTH AVENUE 5,12.994
serangoon_north_avenue_5,Serangoon North Avenue 5,6.0,32283.027,39708.599,10.397,9.942,9.942,,,SERANGOON NORTH AVENUE 5,12.882
serangoon_north_avenue_5,Serangoon North Avenue 5,8.0,32285.016,39708.389,10.397,9.684,9.684,,,SERANGOON NORTH AVENUE 5,12.77
serangoon_north_avenue_5,Serangoon North Avenue 5,10.0,32287.005,39708.179,12.118,9.427,9.427,,,SERANGOON NORTH AVENUE 5,12.659
serangoon_north_avenue_5,Serangoon North Avenue 5,12.0,32288.994,39707.974,12.58,9.169,9.427,,,SERANGOON NORTH AVENUE 5,12.552
serangoon_north_avenue_5,Serangoon North Avenue 5,14.0,32290.992,39707.887,8.555,9.307,9.427,,,SERANGOON NORTH AVENUE 5,12.563
serangoon_north_avenue_5,Serangoon North Avenue 5,16.0,32292.99,39707.799,9.97,9.444,9.444,,,SERANGOON NORTH AVENUE 5,12.574
serangoon_north_avenue_5,Serangoon North Avenue 5,18.0,32294.988,39707.711,9.135,9.581,9.581,,,SERANGOON NORTH AVENUE 5,12.585
serangoon_north_avenue_5,Serangoon North Avenue 5,20.0,32296.986,39707.623,9.71,9.718,9.718,,,SERANGOON NORTH AVENUE 5,12.595
serangoon_north_avenue_5,Serangoon North Avenue 5,22.0,32298.984,39707.535,9.855,9.855,9.855,,,SERANGOON NORTH AVENUE 5,12.606
serangoon_north_avenue_5,Serangoon North Avenue 5,24.0,32300.982,39707.442,9.015,9.948,9.948,,,SERANGOON NORTH AVENUE 5,12.611
serangoon_north_avenue_5,Serangoon North Avenue 5,26.0,32302.979,39707.328,9.91,10.041,10.041,,,SERANGOON NORTH AVENUE 5,12.596
serangoon_north_avenue_5,Serangoon North Avenue 5,28.0,32304.975,39707.214,10.235,10.134,10.134,,,SERANGOON NORTH AVENUE 5,12.58
serangoon_north_avenue_5,Serangoon North Avenue 5,30.0,32306.972,39707.1,8.635,10.227,10.227,,,SERANGOON NORTH AVENUE 5,12.564
serangoon_north_avenue_5,Serangoon North Avenue 5,32.0,32308.969,39706.985,8.685,10.32,10.32,,,SERANGOON NORTH AVENUE 5,12.549
serangoon_north_avenue_5,Serangoon North Avenue 5,34.0,32310.966,39706.871,10.62,10.414,10.393,,,SERANGOON NORTH AVENUE 5,12.533
serangoon_north_avenue_5,Serangoon North Avenue 5,36.0,32312.96,39706.727,10.725,10.507,10.414,,,SERANGOON NORTH AVENUE 5,12.487
serangoon_north_avenue_5,Serangoon North Avenue 5,38.0,32314.954,39706.564,10.393,10.393,10.507,,,SERANGOON NORTH AVENUE 5,12.422
serangoon_north_avenue_5,Serangoon North Avenue 5,40.0,32316.947,39706.401,9.193,10.553,10.553,4.526,1.0,SERANGOON NORTH AVENUE 5,12.358
serangoon_north_avenue_5,Serangoon North Avenue 5,42.0,32318.94,39706.238,9.118,10.714,10.714,,,SERANGOON NORTH AVENUE 5,12.293
serangoon_north_avenue_5,Serangoon North Avenue 5,44.0,32320.934,39706.075,10.874,10.874,10.776,,,SERANGOON NORTH AVENUE 5,12.228
serangoon_north_avenue_5,Serangoon North Avenue 5,46.0,32322.927,39705.912,10.324,10.825,10.776,,,SERANGOON NORTH AVENUE 5,12.164
serangoon_north_avenue_5,Serangoon North Avenue 5,48.0,32324.92,39705.749,10.739,10.776,10.776,,,SERANGOON NORTH AVENUE 5,12.099
serangoon_north_avenue_5,Serangoon North Avenue 5,50.0,32326.914,39705.586,12.474,10.726,10.726,,,SERANGOON NORTH AVENUE 5,12.034
serangoon_north_avenue_5,Serangoon North Avenue 5,52.0,32328.907,39705.423,10.714,10.428,10.428,,,SERANGOON NORTH AVENUE 5,11.97
serangoon_north_avenue_5,Serangoon North Avenue 5,54.0,32330.9,39705.26,10.129,10.129,10.129,,,SERANGOON NORTH AVENUE 5,11.905
serangoon_north_avenue_5,Serangoon North Avenue 5,56.0,32332.894,39705.097,9.944,9.854,9.854,,,SERANGOON NORTH AVENUE 5,11.84
serangoon_north_avenue_5,Serangoon North Avenue 5,58.0,32334.891,39704.994,8.984,9.579,9.579,,,SERANGOON NORTH AVENUE 5,11.837
serangoon_north_avenue_5,Serangoon North Avenue 5,60.0,32336.889,39704.922,9.304,9.304,9.304,,,SERANGOON NORTH AVENUE 5,11.863
serangoon_north_avenue_5,Serangoon North Avenue 5,62.0,32338.888,39704.85,8.994,9.218,9.218,,,SERANGOON NORTH AVENUE 5,11.89
serangoon_north_avenue_5,Serangoon North Avenue 5,64.0,32340.887,39704.778,9.619,9.132,9.132,,,SERANGOON NORTH AVENUE 5,11.916
serangoon_north_avenue_5,Serangoon North Avenue 5,66.0,32342.886,39704.706,10.664,9.046,9.046,,,SERANGOON NORTH AVENUE 5,11.942
serangoon_north_avenue_5,Serangoon North Avenue 5,68.0,32344.881,39704.582,8.904,8.96,8.96,,,SERANGOON NORTH AVENUE 5,11.917
serangoon_north_avenue_5,Serangoon North Avenue 5,70.0,32346.873,39704.4,8.874,8.874,8.884,,,SERANGOON NORTH AVENUE 5,11.833
serangoon_north_avenue_5,Serangoon North Avenue 5,72.0,32348.864,39704.218,8.869,8.869,8.874,,,SERANGOON NORTH AVENUE 5,11.75
serangoon_north_avenue_5,Serangoon North Avenue 5,74.0,32350.856,39704.036,8.884,8.884,8.869,0.0,1.0,SERANGOON NORTH AVENUE 5,11.666
serangoon_north_avenue_5,Serangoon North Avenue 5,76.0,32352.848,39703.855,8.869,8.869,8.869,1.531,1.0,SERANGOON NORTH AVENUE 5,11.583
serangoon_north_avenue_5,Serangoon North Avenue 5,78.0,32354.84,39703.673,8.839,8.839,8.884,3.062,1.0,SERANGOON NORTH AVENUE 5,11.5
serangoon_north_avenue_5,Serangoon North Avenue 5,80.0,32356.837,39703.606,9.239,8.976,8.976,,,SERANGOON NORTH AVENUE 5,11.531
serangoon_north_avenue_5,Serangoon North Avenue 5,82.0,32358.837,39703.577,9.114,9.114,9.114,,,SERANGOON NORTH AVENUE 5,11.601
serangoon_north_avenue_5,Serangoon North Avenue 5,84.0,32360.837,39703.549,9.219,9.386,9.386,,,SERANGOON NORTH AVENUE 5,11.671
serangoon_north_avenue_5,Serangoon North Avenue 5,86.0,32362.837,39703.52,11.684,9.659,9.659,,,SERANGOON NORTH AVENUE 5,11.741
serangoon_north_avenue_5,Serangoon North Avenue 5,88.0,32364.836,39703.492,9.939,9.932,9.932,,,SERANGOON NORTH AVENUE 5,11.811
serangoon_north_avenue_5,Serangoon North Avenue 5,90.0,32366.836,39703.448,12.224,10.204,10.204,,,SERANGOON NORTH AVENUE 5,11.866
serangoon_north_avenue_5,Serangoon North Avenue 5,92.0,32368.831,39703.307,10.609,10.477,10.477,,,SERANGOON NORTH AVENUE 5,11.823
serangoon_north_avenue_5,Serangoon North Avenue 5,94.0,32370.826,39703.167,12.479,10.57,10.536,,,SERANGOON NORTH AVENUE 5,11.781
serangoon_north_avenue_5,Serangoon North Avenue 5,96.0,32372.821,39703.026,10.974,10.664,10.536,,,SERANGOON NORTH AVENUE 5,11.739
serangoon_north_avenue_5,Serangoon North Avenue 5,98.0,32374.816,39702.885,13.249,10.536,10.536,,,SERANGOON NORTH AVENUE 5,11.697
serangoon_north_avenue_5,Serangoon North Avenue 5,100.0,32376.811,39702.745,10.099,10.517,10.517,,,SERANGOON NORTH AVENUE 5,11.655
serangoon_north_avenue_5,Serangoon North Avenue 5,102.0,32378.806,39702.604,10.049,10.498,10.498,,,SERANGOON NORTH AVENUE 5,11.613
serangoon_north_avenue_5,Serangoon North Avenue 5,104.0,32380.801,39702.464,10.479,10.479,10.479,,,SERANGOON NORTH AVENUE 5,11.571
serangoon_north_avenue_5,Serangoon North Avenue 5,106.0,32382.796,39702.323,11.466,10.336,10.336,,,SERANGOON NORTH AVENUE 5,11.528
serangoon_north_avenue_5,Serangoon North Avenue 5,108.0,32384.791,39702.182,10.216,10.194,10.194,-7.131,1.0,SERANGOON NORTH AVENUE 5,11.486
serangoon_north_avenue_5,Serangoon North Avenue 5,110.0,32386.786,39702.042,10.224,10.051,10.051,,,SERANGOON NORTH AVENUE 5,11.444
serangoon_north_avenue_5,Serangoon North Avenue 5,112.0,32388.781,39701.903,9.908,9.908,9.908,,,SERANGOON NORTH AVENUE 5,11.404
serangoon_north_avenue_5,Serangoon North Avenue 5,114.0,32390.779,39701.805,10.383,9.757,9.757,,,SERANGOON NORTH AVENUE 5,11.404
serangoon_north_avenue_5,Serangoon North Avenue 5,116.0,32392.776,39701.707,9.633,9.605,9.605,-3.846,1.0,SERANGOON NORTH AVENUE 5,11.404
serangoon_north_avenue_5,Serangoon North Avenue 5,118.0,32394.774,39701.608,9.453,9.453,9.601,,,SERANGOON NORTH AVENUE 5,11.405
serangoon_north_avenue_5,Serangoon North Avenue 5,120.0,32396.772,39701.51,9.463,9.463,9.601,,,SERANGOON NORTH AVENUE 5,11.405
serangoon_north_avenue_5,Serangoon North Avenue 5,122.0,32398.769,39701.412,8.762,9.601,9.601,,,SERANGOON NORTH AVENUE 5,11.405
serangoon_north_avenue_5,Serangoon North Avenue 5,124.0,32400.766,39701.304,9.398,9.738,9.738,3.525,1.0,SERANGOON NORTH AVENUE 5,11.396
serangoon_north_avenue_5,Serangoon North Avenue 5,126.0,32402.753,39701.079,9.373,9.875,9.875,,,SERANGOON NORTH AVENUE 5,11.269
serangoon_north_avenue_5,Serangoon North Avenue 5,128.0,32404.741,39700.855,10.013,10.013,9.883,,,SERANGOON NORTH AVENUE 5,11.143
serangoon_north_avenue_5,Serangoon North Avenue 5,130.0,32406.728,39700.63,9.883,9.883,9.937,,,SERANGOON NORTH AVENUE 5,11.016
serangoon_north_avenue_5,Serangoon North Avenue 5,132.0,32408.718,39700.431,10.013,10.013,9.937,,,SERANGOON NORTH AVENUE 5,10.916
serangoon_north_avenue_5,Serangoon North Avenue 5,134.0,32410.709,39700.246,9.516,9.937,9.883,-1.898,1.0,SERANGOON NORTH AVENUE 5,10.829
serangoon_north_avenue_5,Serangoon North Avenue 5,136.0,32412.701,39700.061,9.854,9.861,9.861,-2.289,1.0,SERANGOON NORTH AVENUE 5,10.742
serangoon_north_avenue_5,Serangoon North Avenue 5,138.0,32414.692,39699.875,9.785,9.785,9.785,,,SERANGOON NORTH AVENUE 5,10.655
serangoon_north_avenue_5,Serangoon North Avenue 5,140.0,32416.684,39699.69,9.754,9.754,9.754,,,SERANGOON NORTH AVENUE 5,10.572
serangoon_north_avenue_5,Serangoon North Avenue 5,142.0,32418.675,39699.505,10.104,9.504,9.504,-9.609,2.0,SERANGOON NORTH AVENUE 5,10.489
serangoon_north_avenue_5,Serangoon North Avenue 5,144.0,32420.666,39699.319,9.029,9.254,9.254,-9.219,2.0,SERANGOON NORTH AVENUE 5,10.406
serangoon_north_avenue_5,Serangoon North Avenue 5,146.0,32422.658,39699.134,9.004,9.004,9.016,,,SERANGOON NORTH AVENUE 5,10.323
serangoon_north_avenue_5,Serangoon North Avenue 5,148.0,32424.649,39698.949,9.016,9.016,9.016,,,SERANGOON NORTH AVENUE 5,10.24
serangoon_north_avenue_5,Serangoon North Avenue 5,150.0,32426.641,39698.763,9.016,9.016,9.004,-1.926,1.0,SERANGOON NORTH AVENUE 5,10.157
serangoon_north_avenue_5,Serangoon North Avenue 5,152.0,32428.632,39698.578,8.845,8.845,8.862,-1.926,1.0,SERANGOON NORTH AVENUE 5,10.074
serangoon_north_avenue_5,Serangoon North Avenue 5,154.0,32430.623,39698.393,8.845,8.845,8.862,-1.77,1.0,SERANGOON NORTH AVENUE 5,9.991
serangoon_north_avenue_5,Serangoon North Avenue 5,156.0,32432.615,39698.207,8.862,8.862,8.862,0.208,1.0,SERANGOON NORTH AVENUE 5,9.908
serangoon_north_avenue_5,Serangoon North Avenue 5,158.0,32434.609,39698.073,8.879,8.879,8.862,0.208,1.0,SERANGOON NORTH AVENUE 5,9.876
serangoon_north_avenue_5,Serangoon North Avenue 5,160.0,32436.608,39697.999,8.879,8.879,8.879,0.208,1.0,SERANGOON NORTH AVENUE 5,9.905
serangoon_north_avenue_5,Serangoon North Avenue 5,162.0,32438.607,39697.926,8.845,8.845,8.879,,,SERANGOON NORTH AVENUE 5,9.935
serangoon_north_avenue_5,Serangoon North Avenue 5,164.0,32440.605,39697.853,8.879,8.879,8.879,,,SERANGOON NORTH AVENUE 5,9.964
serangoon_north_avenue_5,Serangoon North Avenue 5,166.0,32442.604,39697.78,10.066,8.885,8.885,,,SERANGOON NORTH AVENUE 5,9.994
serangoon_north_avenue_5,Serangoon North Avenue 5,168.0,32444.603,39697.707,10.153,8.892,8.892,,,SERANGOON NORTH AVENUE 5,10.023
serangoon_north_avenue_5,Serangoon North Avenue 5,170.0,32446.602,39697.694,10.07,8.899,8.899,,,SERANGOON NORTH AVENUE 5,10.113
serangoon_north_avenue_5,Serangoon North Avenue 5,172.0,32448.602,39697.706,8.895,8.905,8.905,,,SERANGOON NORTH AVENUE 5,10.228
serangoon_north_avenue_5,Serangoon North Avenue 5,174.0,32450.602,39697.719,8.912,8.912,8.912,,,SERANGOON NORTH AVENUE 5,10.343
serangoon_north_avenue_5,Serangoon North Avenue 5,176.0,32452.602,39697.732,8.92,8.92,8.912,,,SERANGOON NORTH AVENUE 5,10.458
serangoon_north_avenue_5,Serangoon North Avenue 5,178.0,32454.602,39697.744,8.912,8.912,8.92,0.208,1.0,SERANGOON NORTH AVENUE 5,10.573
serangoon_north_avenue_5,Serangoon North Avenue 5,180.0,32456.596,39697.667,8.929,8.929,8.929,0.417,1.0,SERANGOON NORTH AVENUE 5,10.599
serangoon_north_avenue_5,Serangoon North Avenue 5,182.0,32458.577,39697.389,8.929,8.929,8.929,0.312,1.0,SERANGOON NORTH AVENUE 5,10.422
serangoon_north_avenue_5,Serangoon North Avenue 5,184.0,32460.557,39697.11,8.945,8.945,8.945,0.208,1.0,SERANGOON NORTH AVENUE 5,10.245
serangoon_north_avenue_5,Serangoon North Avenue 5,186.0,32462.538,39696.831,8.945,8.945,8.945,0.417,1.0,SERANGOON NORTH AVENUE 5,10.069
serangoon_north_avenue_5,Serangoon North Avenue 5,188.0,32464.518,39696.552,8.945,8.945,8.945,0.208,1.0,SERANGOON NORTH AVENUE 5,9.892
serangoon_north_avenue_5,Serangoon North Avenue 5,190.0,32466.502,39696.303,8.962,8.962,8.962,0.208,1.0,SERANGOON NORTH AVENUE 5,9.745
serangoon_north_avenue_5,Serangoon North Avenue 5,192.0,32468.498,39696.187,11.112,8.962,8.962,,,SERANGOON NORTH AVENUE 5,9.731
serangoon_north_avenue_5,Serangoon North Avenue 5,194.0,32470.495,39696.07,8.962,8.962,8.962,,,SERANGOON NORTH AVENUE 5,9.717
serangoon_north_avenue_5,Serangoon North Avenue 5,196.0,32472.491,39695.953,8.995,9.13,9.13,,,SERANGOON NORTH AVENUE 5,9.703
serangoon_north_avenue_5,Serangoon North Avenue 5,198.0,32474.488,39695.837,8.987,9.299,9.299,,,SERANGOON NORTH AVENUE 5,9.689
serangoon_north_avenue_5,Serangoon North Avenue 5,200.0,32476.485,39695.72,9.346,9.545,9.545,,,SERANGOON NORTH AVENUE 5,9.675
serangoon_north_avenue_5,Serangoon North Avenue 5,202.0,32478.481,39695.604,10.803,9.791,9.791,,,SERANGOON NORTH AVENUE 5,9.661
serangoon_north_avenue_5,Serangoon North Avenue 5,204.0,32480.478,39695.487,10.548,10.036,10.036,,,SERANGOON NORTH AVENUE 5,9.647
serangoon_north_avenue_5,Serangoon North Avenue 5,206.0,32482.474,39695.37,10.558,10.282,10.155,,,SERANGOON NORTH AVENUE 5,9.633
serangoon_north_avenue_5,Serangoon North Avenue 5,208.0,32484.471,39695.254,10.668,10.357,10.155,,,SERANGOON NORTH AVENUE 5,9.619
serangoon_north_avenue_5,Serangoon North Avenue 5,210.0,32486.468,39695.137,9.945,10.155,10.155,,,SERANGOON NORTH AVENUE 5,9.605
serangoon_north_avenue_5,Serangoon North Avenue 5,212.0,32488.464,39695.021,9.953,9.953,9.953,,,SERANGOON NORTH AVENUE 5,9.591
serangoon_north_avenue_5,Serangoon North Avenue 5,214.0,32490.456,39694.851,10.77,9.731,9.731,,,SERANGOON NORTH AVENUE 5,9.524
serangoon_north_avenue_5,Serangoon North Avenue 5,216.0,32492.446,39694.646,9.953,9.508,9.508,-8.356,1.0,SERANGOON NORTH AVENUE 5,9.421
serangoon_north_avenue_5,Serangoon North Avenue 5,218.0,32494.435,39694.441,9.054,9.285,9.285,,,SERANGOON NORTH AVENUE 5,9.318
serangoon_north_avenue_5,Serangoon North Avenue 5,220.0,32496.425,39694.236,9.062,9.062,9.285,,,SERANGOON NORTH AVENUE 5,9.216
serangoon_north_avenue_5,Serangoon North Avenue 5,222.0,32498.414,39694.031,9.062,9.062,9.285,,,SERANGOON NORTH AVENUE 5,9.113
serangoon_north_avenue_5,Serangoon North Avenue 5,224.0,32500.404,39693.826,9.079,9.32,9.32,3.516,1.0,SERANGOON NORTH AVENUE 5,9.01
serangoon_north_avenue_5,Serangoon North Avenue 5,226.0,32502.401,39693.721,9.579,9.579,9.566,3.516,1.0,SERANGOON NORTH AVENUE 5,9.008
serangoon_north_avenue_5,Serangoon North Avenue 5,228.0,32504.398,39693.624,9.566,9.566,9.566,,,SERANGOON NORTH AVENUE 5,9.014
serangoon_north_avenue_5,Serangoon North Avenue 5,230.0,32506.396,39693.528,9.629,9.629,9.566,,,SERANGOON NORTH AVENUE 5,9.02
serangoon_north_avenue_5,Serangoon North Avenue 5,232.0,32508.394,39693.431,10.604,9.473,9.473,-4.635,1.0,SERANGOON NORTH AVENUE 5,9.026
serangoon_north_avenue_5,Serangoon North Avenue 5,234.0,32510.391,39693.335,10.841,9.318,9.318,-4.739,1.0,SERANGOON NORTH AVENUE 5,9.032
serangoon_north_avenue_5,Serangoon North Avenue 5,236.0,32512.389,39693.234,9.162,9.162,9.195,,,SERANGOON NORTH AVENUE 5,9.034
serangoon_north_avenue_5,Serangoon North Avenue 5,238.0,32514.385,39693.116,9.195,9.195,9.187,,,SERANGOON NORTH AVENUE 5,9.019
serangoon_north_avenue_5,Serangoon North Avenue 5,240.0,32516.382,39692.998,12.845,9.187,9.179,-0.521,1.0,SERANGOON NORTH AVENUE 5,9.004
serangoon_north_avenue_5,Serangoon North Avenue 5,242.0,32518.379,39692.881,9.179,9.179,9.179,-0.417,1.0,SERANGOON NORTH AVENUE 5,8.988
serangoon_north_avenue_5,Serangoon North Avenue 5,244.0,32520.375,39692.763,12.637,9.154,9.154,-0.313,1.0,SERANGOON NORTH AVENUE 5,8.973
serangoon_north_avenue_5,Serangoon North Avenue 5,246.0,32522.371,39692.637,9.129,9.129,9.154,0.0,1.0,SERANGOON NORTH AVENUE 5,8.95
serangoon_north_avenue_5,Serangoon North Avenue 5,248.0,32524.365,39692.482,9.145,9.145,9.154,0.313,1.0,SERANGOON NORTH AVENUE 5,8.898
serangoon_north_avenue_5,Serangoon North Avenue 5,250.0,32526.359,39692.328,9.179,9.179,9.179,0.313,1.0,SERANGOON NORTH AVENUE 5,8.846
serangoon_north_avenue_5,Serangoon North Avenue 5,252.0,32528.353,39692.173,9.195,9.195,9.179,0.521,1.0,SERANGOON NORTH AVENUE 5,8.793
serangoon_north_avenue_5,Serangoon North Avenue 5,254.0,32530.347,39692.018,9.179,9.179,9.179,0.312,1.0,SERANGOON NORTH AVENUE 5,8.741
serangoon_north_avenue_5,Serangoon North Avenue 5,256.0,32532.341,39691.863,9.204,9.204,9.195,0.312,1.0,SERANGOON NORTH AVENUE 5,8.689
serangoon_north_avenue_5,Serangoon North Avenue 5,258.0,32534.335,39691.709,9.179,9.179,9.204,0.417,1.0,SERANGOON NORTH AVENUE 5,8.637
serangoon_north_avenue_5,Serangoon North Avenue 5,260.0,32536.329,39691.554,9.212,9.212,9.204,0.417,1.0,SERANGOON NORTH AVENUE 5,8.584
serangoon_north_avenue_5,Serangoon North Avenue 5,262.0,32538.323,39691.399,9.312,9.312,9.212,0.521,1.0,SERANGOON NORTH AVENUE 5,8.532
serangoon_north_avenue_5,Serangoon North Avenue 5,264.0,32540.317,39691.244,9.195,9.195,9.229,,,SERANGOON NORTH AVENUE 5,8.48
serangoon_north_avenue_5,Serangoon North Avenue 5,266.0,32542.311,39691.09,9.229,9.229,9.245,,,SERANGOON NORTH AVENUE 5,8.428
serangoon_north_avenue_5,Serangoon North Avenue 5,268.0,32544.305,39690.935,9.695,9.245,9.245,0.347,1.0,SERANGOON NORTH AVENUE 5,8.375
serangoon_north_avenue_5,Serangoon North Avenue 5,270.0,32546.302,39690.83,9.262,9.262,9.257,,,SERANGOON NORTH AVENUE 5,8.373
serangoon_north_avenue_5,Serangoon North Avenue 5,272.0,32548.3,39690.754,9.279,9.279,9.257,,,SERANGOON NORTH AVENUE 5,8.4
serangoon_north_avenue_5,Serangoon North Avenue 5,274.0,32550.299,39690.678,10.245,9.257,9.257,,,SERANGOON NORTH AVENUE 5,8.427
serangoon_north_avenue_5,Serangoon North Avenue 5,276.0,32552.298,39690.603,9.245,9.234,9.257,-0.278,1.0,SERANGOON NORTH AVENUE 5,8.454
serangoon_north_avenue_5,Serangoon North Avenue 5,278.0,32554.296,39690.527,9.212,9.212,9.257,,,SERANGOON NORTH AVENUE 5,8.481
serangoon_north_avenue_5,Serangoon North Avenue 5,280.0,32556.296,39690.489,9.312,9.312,9.234,,,SERANGOON NORTH AVENUE 5,8.545
serangoon_north_avenue_5,Serangoon North Avenue 5,282.0,32558.296,39690.48,9.362,9.362,9.229,-0.139,1.0,SERANGOON NORTH AVENUE 5,8.639
serangoon_north_avenue_5,Serangoon North Avenue 5,284.0,32560.296,39690.471,9.229,9.229,9.245,0.139,1.0,SERANGOON NORTH AVENUE 5,8.733
serangoon_north_avenue_5,Serangoon North Avenue 5,286.0,32562.295,39690.463,9.212,9.212,9.245,0.417,1.0,SERANGOON NORTH AVENUE 5,8.827
serangoon_north_avenue_5,Serangoon North Avenue 5,288.0,32564.295,39690.454,9.562,9.245,9.245,0.208,1.0,SERANGOON NORTH AVENUE 5,8.921
serangoon_north_avenue_5,Serangoon North Avenue 5,290.0,32566.295,39690.446,9.279,9.279,9.262,0.208,1.0,SERANGOON NORTH AVENUE 5,9.015
serangoon_north_avenue_5,Serangoon North Avenue 5,292.0,32568.295,39690.387,9.262,9.262,9.262,0.0,1.0,SERANGOON NORTH AVENUE 5,9.059
serangoon_north_avenue_5,Serangoon North Avenue 5,294.0,32570.293,39690.322,9.412,9.412,9.262,-0.208,1.0,SERANGOON NORTH AVENUE 5,9.096
serangoon_north_avenue_5,Serangoon North Avenue 5,296.0,32572.292,39690.256,9.229,9.229,9.245,-0.208,1.0,SERANGOON NORTH AVENUE 5,9.133
serangoon_north_avenue_5,Serangoon North Avenue 5,298.0,32574.291,39690.19,9.229,9.229,9.245,-0.208,1.0,SERANGOON NORTH AVENUE 5,9.17
serangoon_north_avenue_5,Serangoon North Avenue 5,300.0,32576.29,39690.125,9.245,9.245,9.245,0.208,1.0,SERANGOON NORTH AVENUE 5,9.207
serangoon_north_avenue_5,Serangoon North Avenue 5,302.0,32578.289,39690.058,9.245,9.245,9.245,0.208,1.0,SERANGOON NORTH AVENUE 5,9.243
serangoon_north_avenue_5,Serangoon North Avenue 5,304.0,32580.288,39689.978,9.262,9.262,9.262,0.208,1.0,SERANGOON NORTH AVENUE 5,9.266
serangoon_north_avenue_5,Serangoon North Avenue 5,306.0,32582.286,39689.899,9.262,9.262,9.262,0.208,1.0,SERANGOON NORTH AVENUE 5,9.289
serangoon_north_avenue_5,Serangoon North Avenue 5,308.0,32584.284,39689.82,9.262,9.262,9.262,0.0,1.0,SERANGOON NORTH AVENUE 5,9.313
serangoon_north_avenue_5,Serangoon North Avenue 5,310.0,32586.283,39689.759,9.262,9.262,9.262,0.208,1.0,SERANGOON NORTH AVENUE 5,9.355
serangoon_north_avenue_5,Serangoon North Avenue 5,312.0,32588.283,39689.699,9.262,9.262,9.262,0.208,1.0,SERANGOON NORTH AVENUE 5,9.398
serangoon_north_avenue_5,Serangoon North Avenue 5,314.0,32590.282,39689.64,9.279,9.279,9.279,,,SERANGOON NORTH AVENUE 5,9.441
serangoon_north_avenue_5,Serangoon North Avenue 5,316.0,32592.281,39689.58,9.279,9.279,9.279,,,SERANGOON NORTH AVENUE 5,9.484
serangoon_north_avenue_5,Serangoon North Avenue 5,318.0,32594.28,39689.536,9.637,9.29,9.29,0.417,1.0,SERANGOON NORTH AVENUE 5,9.542
serangoon_north_avenue_5,Serangoon North Avenue 5,320.0,32596.28,39689.575,9.312,9.301,9.301,0.417,1.0,SERANGOON NORTH AVENUE 5,9.684
serangoon_north_avenue_5,Serangoon North Avenue 5,322.0,32598.279,39689.614,9.312,9.312,9.312,,,SERANGOON NORTH AVENUE 5,9.825
serangoon_north_avenue_5,Serangoon North Avenue 5,324.0,32600.279,39689.653,9.312,9.312,9.312,,,SERANGOON NORTH AVENUE 5,9.967
serangoon_north_avenue_5,Serangoon North Avenue 5,326.0,32602.278,39689.692,9.462,9.462,9.42,,,SERANGOON NORTH AVENUE 5,10.109
serangoon_north_avenue_5,Serangoon North Avenue 5,328.0,32604.278,39689.726,10.104,9.42,9.462,,,SERANGOON NORTH AVENUE 5,10.245
serangoon_north_avenue_5,Serangoon North Avenue 5,330.0,32606.277,39689.662,9.345,9.67,9.67,,,SERANGOON NORTH AVENUE 5,10.284
serangoon_north_avenue_5,Serangoon North Avenue 5,332.0,32608.276,39689.598,9.337,9.919,9.919,,,SERANGOON NORTH AVENUE 5,10.322
serangoon_north_avenue_5,Serangoon North Avenue 5,334.0,32610.275,39689.534,9.345,10.225,10.225,,,SERANGOON NORTH AVENUE 5,10.361
serangoon_north_avenue_5,Serangoon North Avenue 5,336.0,32612.274,39689.47,11.98,10.531,10.531,,,SERANGOON NORTH AVENUE 5,10.399
serangoon_north_avenue_5,Serangoon North Avenue 5,338.0,32614.273,39689.401,15.216,10.836,10.836,,,SERANGOON NORTH AVENUE 5,10.433
serangoon_north_avenue_5,Serangoon North Avenue 5,340.0,32616.271,39689.328,12.673,,11.142,,,SERANGOON NORTH AVENUE 5,10.462
serangoon_north_avenue_5,Serangoon North Avenue 5,342.0,32618.27,39689.254,12.705,11.448,11.448,,,SERANGOON NORTH AVENUE 5,10.492
serangoon_north_avenue_5,Serangoon North Avenue 5,344.0,32620.269,39689.181,12.567,11.754,11.754,,,SERANGOON NORTH AVENUE 5,10.521
serangoon_north_avenue_5,Serangoon North Avenue 5,346.0,32622.267,39689.107,12.441,12.06,12.06,,,SERANGOON NORTH AVENUE 5,10.55
serangoon_north_avenue_5,Serangoon North Avenue 5,348.0,32624.262,39688.973,12.366,12.366,12.366,,,SERANGOON NORTH AVENUE 5,10.518
serangoon_north_avenue_5,Serangoon North Avenue 5,350.0,32626.254,39688.793,12.625,12.625,12.385,,,SERANGOON NORTH AVENUE 5,10.44
serangoon_north_avenue_5,Serangoon North Avenue 5,352.0,32628.246,39688.612,13.754,12.505,12.385,,,SERANGOON NORTH AVENUE 5,10.363
serangoon_north_avenue_5,Serangoon North Avenue 5,354.0,32630.238,39688.432,13.538,12.385,12.385,-1.503,1.0,SERANGOON NORTH AVENUE 5,10.285
serangoon_north_avenue_5,Serangoon North Avenue 5,356.0,32632.23,39688.252,13.141,12.264,12.264,,,SERANGOON NORTH AVENUE 5,10.207
serangoon_north_avenue_5,Serangoon North Avenue 5,358.0,32634.221,39688.072,12.144,12.144,12.264,,,SERANGOON NORTH AVENUE 5,10.13
serangoon_north_avenue_5,Serangoon North Avenue 5,360.0,32636.213,39687.885,12.25,12.25,12.264,,,SERANGOON NORTH AVENUE 5,10.045
serangoon_north_avenue_5,Serangoon North Avenue 5,362.0,32638.204,39687.698,11.432,12.485,12.485,,,SERANGOON NORTH AVENUE 5,9.961
serangoon_north_avenue_5,Serangoon North Avenue 5,364.0,32640.195,39687.511,10.782,12.719,12.719,,,SERANGOON NORTH AVENUE 5,9.876
serangoon_north_avenue_5,Serangoon North Avenue 5,366.0,32642.186,39687.324,12.354,12.954,12.954,,,SERANGOON NORTH AVENUE 5,9.791
serangoon_north_avenue_5,Serangoon North Avenue 5,368.0,32644.178,39687.137,13.382,13.188,13.188,,,SERANGOON NORTH AVENUE 5,9.707
serangoon_north_avenue_5,Serangoon North Avenue 5,370.0,32646.171,39686.99,13.841,13.422,13.422,,,SERANGOON NORTH AVENUE 5,9.662
serangoon_north_avenue_5,Serangoon North Avenue 5,372.0,32648.171,39686.938,16.029,13.657,13.657,,,SERANGOON NORTH AVENUE 5,9.713
serangoon_north_avenue_5,Serangoon North Avenue 5,374.0,32650.17,39686.886,15.132,13.891,13.657,,,SERANGOON NORTH AVENUE 5,9.764
serangoon_north_avenue_5,Serangoon North Avenue 5,376.0,32652.169,39686.834,13.294,13.741,13.657,,,SERANGOON NORTH AVENUE 5,9.814
serangoon_north_avenue_5,Serangoon North Avenue 5,378.0,32654.169,39686.782,14.804,13.591,13.591,,,SERANGOON NORTH AVENUE 5,9.865
serangoon_north_avenue_5,Serangoon North Avenue 5,380.0,32656.167,39686.716,14.594,13.441,13.441,,,SERANGOON NORTH AVENUE 5,9.901
serangoon_north_avenue_5,Serangoon North Avenue 5,382.0,32658.162,39686.577,13.732,13.22,13.22,,,SERANGOON NORTH AVENUE 5,9.864
serangoon_north_avenue_5,Serangoon North Avenue 5,384.0,32660.157,39686.437,11.987,12.999,12.999,,,SERANGOON NORTH AVENUE 5,9.827
serangoon_north_avenue_5,Serangoon North Avenue 5,386.0,32662.153,39686.298,9.625,12.779,12.779,,,SERANGOON NORTH AVENUE 5,9.79
serangoon_north_avenue_5,Serangoon North Avenue 5,388.0,32664.148,39686.158,9.765,12.558,12.558,,,SERANGOON NORTH AVENUE 5,9.753
serangoon_north_avenue_5,Serangoon North Avenue 5,390.0,32666.143,39686.018,9.885,12.337,12.337,,,SERANGOON NORTH AVENUE 5,9.716
serangoon_north_avenue_5,Serangoon North Avenue 5,392.0,32667.504,39687.014,9.871,12.117,12.117,,,SERANGOON NORTH AVENUE 5,10.78
serangoon_north_avenue_5,Serangoon North Avenue 5,394.0,32668.432,39688.785,11.167,11.896,11.896,,,SERANGOON NORTH AVENUE 5,12.597
serangoon_north_avenue_5,Serangoon North Avenue 5,396.0,32669.36,39690.557,11.553,11.675,11.675,,,SERANGOON NORTH AVENUE 5,14.414
serangoon_north_avenue_5,Serangoon North Avenue 5,398.0,32670.288,39692.329,11.889,11.455,11.455,,,SERANGOON NORTH AVENUE 5,16.231
serangoon_north_avenue_5,Serangoon North Avenue 5,400.0,32671.216,39694.101,14.66,11.356,11.356,,,SERANGOON NORTH AVENUE 5,18.048
serangoon_north_avenue_5,Serangoon North Avenue 5,518.0,32721.876,39702.247,13.338,11.258,11.258,,,SERANGOON NORTH AVENUE 5,28.761
serangoon_north_avenue_5,Serangoon North Avenue 5,520.0,32723.097,39700.663,15.895,11.16,11.16,,,SERANGOON NORTH AVENUE 5,27.241
serangoon_north_avenue_5,Serangoon North Avenue 5,522.0,32724.318,39699.079,14.388,11.061,11.067,,,SERANGOON NORTH AVENUE 5,25.72
serangoon_north_avenue_5,Serangoon North Avenue 5,524.0,32725.539,39697.495,13.22,10.963,11.067,,,SERANGOON NORTH AVENUE 5,24.2
serangoon_north_avenue_5,Serangoon North Avenue 5,526.0,32726.76,39695.911,11.736,11.067,11.067,,,SERANGOON NORTH AVENUE 5,22.68
serangoon_north_avenue_5,Serangoon North Avenue 5,528.0,32727.982,39694.327,10.484,11.17,11.17,,,SERANGOON NORTH AVENUE 5,21.16
serangoon_north_avenue_5,Serangoon North Avenue 5,530.0,32729.203,39692.743,10.859,11.436,11.436,,,SERANGOON NORTH AVENUE 5,19.64
serangoon_north_avenue_5,Serangoon North Avenue 5,532.0,32730.424,39691.159,10.569,11.702,11.702,,,SERANGOON NORTH AVENUE 5,18.119
serangoon_north_avenue_5,Serangoon North Avenue 5,534.0,32731.645,39689.575,10.84,11.968,11.968,,,SERANGOON NORTH AVENUE 5,16.599
serangoon_north_avenue_5,Serangoon North Avenue 5,536.0,32732.866,39687.992,12.528,12.235,12.234,,,SERANGOON NORTH AVENUE 5,15.079
serangoon_north_avenue_5,Serangoon North Avenue 5,538.0,32734.087,39686.408,12.139,12.381,12.234,,,SERANGOON NORTH AVENUE 5,13.559
serangoon_north_avenue_5,Serangoon North Avenue 5,540.0,32736.02,39686.136,14.3,12.234,12.234,,,SERANGOON NORTH AVENUE 5,13.386
serangoon_north_avenue_5,Serangoon North Avenue 5,542.0,32738.013,39685.978,12.935,12.088,12.088,,,SERANGOON NORTH AVENUE 5,13.328
serangoon_north_avenue_5,Serangoon North Avenue 5,544.0,32740.007,39685.819,13.928,11.941,11.941,,,SERANGOON NORTH AVENUE 5,13.27
serangoon_north_avenue_5,Serangoon North Avenue 5,546.0,32742.001,39685.661,11.382,11.794,11.794,,,SERANGOON NORTH AVENUE 5,13.213
serangoon_north_avenue_5,Serangoon North Avenue 5,548.0,32743.994,39685.502,11.696,11.647,11.647,,,SERANGOON NORTH AVENUE 5,13.155
serangoon_north_avenue_5,Serangoon North Avenue 5,550.0,32745.979,39685.263,11.175,11.5,11.5,,,SERANGOON NORTH AVENUE 5,13.017
serangoon_north_avenue_5,Serangoon North Avenue 5,552.0,32747.957,39684.969,11.353,11.353,11.426,,,SERANGOON NORTH AVENUE 5,12.823
serangoon_north_avenue_5,Serangoon North Avenue 5,554.0,32749.935,39684.675,11.307,11.307,11.426,,,SERANGOON NORTH AVENUE 5,12.629
serangoon_north_avenue_5,Serangoon North Avenue 5,556.0,32751.914,39684.381,11.807,11.426,11.353,0.943,1.0,SERANGOON NORTH AVENUE 5,12.436
serangoon_north_avenue_5,Serangoon North Avenue 5,558.0,32753.892,39684.087,11.546,11.546,11.426,,,SERANGOON NORTH AVENUE 5,12.242
serangoon_north_avenue_5,Serangoon North Avenue 5,560.0,32755.87,39683.793,11.33,11.33,11.502,,,SERANGOON NORTH AVENUE 5,12.049
serangoon_north_avenue_5,Serangoon North Avenue 5,562.0,32757.847,39683.489,10.369,11.502,11.546,,,SERANGOON NORTH AVENUE 5,11.845
serangoon_north_avenue_5,Serangoon North Avenue 5,564.0,32759.822,39683.174,9.994,11.674,11.674,4.31,1.0,SERANGOON NORTH AVENUE 5,11.63
serangoon_north_avenue_5,Serangoon North Avenue 5,566.0,32761.797,39682.859,12.244,11.847,11.847,,,SERANGOON NORTH AVENUE 5,11.415
serangoon_north_avenue_5,Serangoon North Avenue 5,568.0,32763.776,39682.575,12.019,12.019,11.847,,,SERANGOON NORTH AVENUE 5,11.232
serangoon_north_avenue_5,Serangoon North Avenue 5,570.0,32765.772,39682.456,11.879,11.879,11.847,,,SERANGOON NORTH AVENUE 5,11.215
serangoon_north_avenue_5,Serangoon North Avenue 5,572.0,32767.769,39682.338,11.804,11.804,11.879,-0.782,1.0,SERANGOON NORTH AVENUE 5,11.197
serangoon_north_avenue_5,Serangoon North Avenue 5,574.0,32769.765,39682.219,11.754,11.754,11.804,-0.782,1.0,SERANGOON NORTH AVENUE 5,11.18
serangoon_north_avenue_5,Serangoon North Avenue 5,576.0,32771.761,39682.1,11.914,11.914,11.784,0.438,1.0,SERANGOON NORTH AVENUE 5,11.162
serangoon_north_avenue_5,Serangoon North Avenue 5,578.0,32773.758,39681.981,11.784,11.784,11.784,,,SERANGOON NORTH AVENUE 5,11.144
serangoon_north_avenue_5,Serangoon North Avenue 5,580.0,32775.754,39681.863,11.734,11.734,11.914,,,SERANGOON NORTH AVENUE 5,11.127
serangoon_north_avenue_5,Serangoon North Avenue 5,582.0,32777.751,39681.744,11.814,11.997,11.997,9.221,2.0,SERANGOON NORTH AVENUE 5,11.109
serangoon_north_avenue_5,Serangoon North Avenue 5,584.0,32779.747,39681.625,12.622,12.259,12.259,,,SERANGOON NORTH AVENUE 5,11.092
serangoon_north_avenue_5,Serangoon North Avenue 5,586.0,32781.744,39681.507,12.522,12.522,12.522,,,SERANGOON NORTH AVENUE 5,11.074
serangoon_north_avenue_5,Serangoon North Avenue 5,588.0,32783.74,39681.388,13.56,12.586,12.586,,,SERANGOON NORTH AVENUE 5,11.056
serangoon_north_avenue_5,Serangoon North Avenue 5,590.0,32785.737,39681.269,12.966,12.651,12.651,1.615,1.0,SERANGOON NORTH AVENUE 5,11.039
serangoon_north_avenue_5,Serangoon North Avenue 5,592.0,32787.733,39681.151,12.716,12.716,12.651,,,SERANGOON NORTH AVENUE 5,11.021
serangoon_north_avenue_5,Serangoon North Avenue 5,594.0,32789.73,39681.032,12.766,12.766,12.651,,,SERANGOON NORTH AVENUE 5,11.004
serangoon_north_avenue_5,Serangoon North Avenue 5,596.0,32791.725,39680.888,11.347,12.558,12.558,,,SERANGOON NORTH AVENUE 5,10.961
serangoon_north_avenue_5,Serangoon North Avenue 5,598.0,32793.719,39680.741,11.936,12.35,12.35,,,SERANGOON NORTH AVENUE 5,10.915
serangoon_north_avenue_5,Serangoon North Avenue 5,600.0,32795.714,39680.594,11.483,12.142,12.142,,,SERANGOON NORTH AVENUE 5,10.869
serangoon_north_avenue_5,Serangoon North Avenue 5,602.0,32797.708,39680.447,12.74,11.934,11.934,,,SERANGOON NORTH AVENUE 5,10.823
serangoon_north_avenue_5,Serangoon North Avenue 5,604.0,32799.703,39680.3,11.251,11.726,11.726,,,SERANGOON NORTH AVENUE 5,10.777
serangoon_north_avenue_5,Serangoon North Avenue 5,606.0,32801.697,39680.144,11.656,11.518,11.518,,,SERANGOON NORTH AVENUE 5,10.722
serangoon_north_avenue_5,Serangoon North Avenue 5,608.0,32803.686,39679.939,11.25,11.31,11.518,,,SERANGOON NORTH AVENUE 5,10.617
serangoon_north_avenue_5,Serangoon North Avenue 5,610.0,32805.676,39679.733,11.102,11.459,11.518,,,SERANGOON NORTH AVENUE 5,10.513
serangoon_north_avenue_5,Serangoon North Avenue 5,612.0,32807.665,39679.528,10.556,11.609,11.609,,,SERANGOON NORTH AVENUE 5,10.409
serangoon_north_avenue_5,Serangoon North Avenue 5,614.0,32809.654,39679.323,11.186,11.847,11.847,,,SERANGOON NORTH AVENUE 5,10.304
serangoon_north_avenue_5,Serangoon North Avenue 5,616.0,32811.644,39679.118,11.543,12.086,12.086,,,SERANGOON NORTH AVENUE 5,10.2
serangoon_north_avenue_5,Serangoon North Avenue 5,618.0,32813.64,39678.998,12.67,12.293,12.293,,,SERANGOON NORTH AVENUE 5,10.182
serangoon_north_avenue_5,Serangoon North Avenue 5,620.0,32815.637,39678.88,11.881,12.5,12.5,,,SERANGOON NORTH AVENUE 5,10.165
serangoon_north_avenue_5,Serangoon North Avenue 5,622.0,32817.633,39678.762,12.063,12.707,12.707,,,SERANGOON NORTH AVENUE 5,10.148
serangoon_north_avenue_5,Serangoon North Avenue 5,624.0,32819.63,39678.645,14.081,12.914,12.845,,,SERANGOON NORTH AVENUE 5,10.131
serangoon_north_avenue_5,Serangoon North Avenue 5,626.0,32821.626,39678.527,13.725,13.121,12.845,,,SERANGOON NORTH AVENUE 5,10.114
serangoon_north_avenue_5,Serangoon North Avenue 5,628.0,32823.617,39678.558,13.065,12.845,12.845,,,SERANGOON NORTH AVENUE 5,10.246
serangoon_north_avenue_5,Serangoon North Avenue 5,630.0,32825.6,39678.823,12.438,12.476,12.476,,,SERANGOON NORTH AVENUE 5,10.611
serangoon_north_avenue_5,Serangoon North Avenue 5,632.0,32827.582,39679.088,10.339,12.108,12.108,,,SERANGOON NORTH AVENUE 5,10.976
serangoon_north_avenue_5,Serangoon North Avenue 5,634.0,32829.565,39679.352,10.743,11.739,11.739,,,SERANGOON NORTH AVENUE 5,11.341
serangoon_north_avenue_5,Serangoon North Avenue 5,636.0,32831.547,39679.617,11.774,,11.37,,,SERANGOON NORTH AVENUE 5,11.705
serangoon_north_avenue_5,Serangoon North Avenue 5,638.0,32833.529,39679.882,11.352,,11.002,,,SERANGOON NORTH AVENUE 5,12.07
serangoon_north_avenue_5,Serangoon North Avenue 5,640.0,32835.512,39680.147,11.927,10.633,10.633,,,SERANGOON NORTH AVENUE 5,12.435
serangoon_north_avenue_5,Serangoon North Avenue 5,642.0,32837.494,39680.412,10.283,10.264,10.264,,,SERANGOON NORTH AVENUE 5,12.799
serangoon_north_avenue_5,Serangoon North Avenue 5,644.0,32839.477,39680.676,8.928,9.896,9.896,,,SERANGOON NORTH AVENUE 5,13.164
serangoon_north_avenue_5,Serangoon North Avenue 5,646.0,32841.459,39680.941,8.949,9.527,9.727,,,SERANGOON NORTH AVENUE 5,13.529
serangoon_north_avenue_5,Serangoon North Avenue 5,648.0,32843.441,39681.206,9.927,9.627,9.727,,,SERANGOON NORTH AVENUE 5,13.893
serangoon_north_avenue_5,Serangoon North Avenue 5,650.0,32844.832,39681.044,9.905,9.727,9.727,,,SERANGOON NORTH AVENUE 5,13.802
serangoon_north_avenue_5,Serangoon North Avenue 5,652.0,32843.953,39679.248,8.249,9.827,9.727,,,SERANGOON NORTH AVENUE 5,11.964
serangoon_north_avenue_5,Serangoon North Avenue 5,654.0,32843.073,39677.452,8.321,9.749,9.727,,,SERANGOON NORTH AVENUE 5,10.125
serangoon_north_avenue_5,Serangoon North Avenue 5,656.0,32842.194,39675.655,9.671,9.671,9.679,,,SERANGOON NORTH AVENUE 5,8.287
serangoon_north_avenue_5,Serangoon North Avenue 5,658.0,32841.315,39673.859,9.679,9.679,9.679,,,SERANGOON NORTH AVENUE 5,6.448
serangoon_north_avenue_5,Serangoon North Avenue 5,660.0,32840.435,39672.063,9.583,9.583,9.679,,,SERANGOON NORTH AVENUE 5,4.61
serangoon_north_avenue_5,Serangoon North Avenue 5,662.0,32839.556,39670.266,9.435,9.706,9.706,,,SERANGOON NORTH AVENUE 5,2.771
serangoon_north_avenue_5,Serangoon North Avenue 5,664.0,32838.677,39668.47,9.671,9.829,9.829,,,SERANGOON NORTH AVENUE 5,0.933
serangoon_north_avenue_5,Serangoon North Avenue 5,666.0,32837.797,39666.674,10.784,9.899,9.899,,,SERANGOON NORTH AVENUE 5,0.906
serangoon_north_avenue_5,Serangoon North Avenue 5,668.0,32836.918,39664.877,10.774,9.968,9.968,,,SERANGOON NORTH AVENUE 5,2.744
serangoon_north_avenue_5,Serangoon North Avenue 5,670.0,32836.039,39663.081,11.456,10.038,10.038,,,SERANGOON NORTH AVENUE 5,4.583
serangoon_north_avenue_5,Serangoon North Avenue 5,672.0,32835.16,39661.285,12.481,10.108,10.108,,,SERANGOON NORTH AVENUE 5,6.421
serangoon_north_avenue_5,Serangoon North Avenue 5,674.0,32834.28,39659.488,12.709,10.178,10.178,,,SERANGOON NORTH AVENUE 5,8.26
serangoon_north_avenue_5,Serangoon North Avenue 5,676.0,32833.401,39657.692,15.591,10.248,10.248,,,SERANGOON NORTH AVENUE 5,10.098
serangoon_north_avenue_5,Serangoon North Avenue 5,678.0,32832.231,39656.475,14.781,10.317,10.317,,,SERANGOON NORTH AVENUE 5,11.373
serangoon_north_avenue_5,Serangoon North Avenue 5,680.0,32830.264,39656.841,12.929,10.387,10.387,,,SERANGOON NORTH AVENUE 5,11.107
serangoon_north_avenue_5,Serangoon North Avenue 5,682.0,32828.298,39657.206,11.086,10.457,10.457,,,SERANGOON NORTH AVENUE 5,10.841
serangoon_north_avenue_5,Serangoon North Avenue 5,684.0,32826.332,39657.572,10.776,10.527,10.527,,,SERANGOON NORTH AVENUE 5,10.575
serangoon_north_avenue_5,Serangoon North Avenue 5,686.0,32824.366,39657.938,10.596,10.596,10.596,,,SERANGOON NORTH AVENUE 5,10.309
serangoon_north_avenue_5,Serangoon North Avenue 5,688.0,32822.399,39658.304,12.444,10.606,10.606,,,SERANGOON NORTH AVENUE 5,10.043
serangoon_north_avenue_5,Serangoon North Avenue 5,690.0,32820.433,39658.67,10.616,10.616,10.616,,,SERANGOON NORTH AVENUE 5,9.777
serangoon_north_avenue_5,Serangoon North Avenue 5,692.0,32818.467,39659.036,10.676,10.676,10.676,,,SERANGOON NORTH AVENUE 5,9.511
serangoon_north_avenue_5,Serangoon North Avenue 5,694.0,32816.501,39659.402,9.389,10.856,10.856,,,SERANGOON NORTH AVENUE 5,9.245
serangoon_north_avenue_5,Serangoon North Avenue 5,696.0,32814.534,39659.768,11.669,11.035,11.035,,,SERANGOON NORTH AVENUE 5,8.979
serangoon_north_avenue_5,Serangoon North Avenue 5,698.0,32812.568,39660.134,11.156,11.214,11.214,,,SERANGOON NORTH AVENUE 5,8.713
serangoon_north_avenue_5,Serangoon North Avenue 5,700.0,32810.602,39660.5,9.956,11.393,11.393,,,SERANGOON NORTH AVENUE 5,8.447
serangoon_north_avenue_5,Serangoon North Avenue 5,702.0,32808.619,39660.752,11.764,11.572,11.545,,,SERANGOON NORTH AVENUE 5,8.295
serangoon_north_avenue_5,Serangoon North Avenue 5,704.0,32806.63,39660.954,11.751,11.751,11.545,,,SERANGOON NORTH AVENUE 5,8.194
serangoon_north_avenue_5,Serangoon North Avenue 5,706.0,32804.64,39661.156,11.731,11.545,11.545,,,SERANGOON NORTH AVENUE 5,8.093
serangoon_north_avenue_5,Serangoon North Avenue 5,708.0,32802.65,39661.357,11.338,11.338,11.338,-5.282,1.0,SERANGOON NORTH AVENUE 5,7.993
serangoon_north_avenue_5,Serangoon North Avenue 5,710.0,32800.66,39661.559,11.136,11.136,11.136,,,SERANGOON NORTH AVENUE 5,7.892
serangoon_north_avenue_5,Serangoon North Avenue 5,712.0,32798.666,39661.697,11.122,11.122,11.122,,,SERANGOON NORTH AVENUE 5,7.855
serangoon_north_avenue_5,Serangoon North Avenue 5,714.0,32796.667,39661.758,10.83,10.83,10.94,,,SERANGOON NORTH AVENUE 5,7.895
serangoon_north_avenue_5,Serangoon North Avenue 5,716.0,32794.668,39661.82,10.63,10.885,10.94,,,SERANGOON NORTH AVENUE 5,7.934
serangoon_north_avenue_5,Serangoon North Avenue 5,718.0,32792.669,39661.881,10.319,10.94,10.94,,,SERANGOON NORTH AVENUE 5,7.974
serangoon_north_avenue_5,Serangoon North Avenue 5,720.0,32790.67,39661.943,11.392,11.161,11.161,,,SERANGOON NORTH AVENUE 5,8.013
serangoon_north_avenue_5,Serangoon North Avenue 5,722.0,32788.671,39662.004,11.56,11.382,11.382,,,SERANGOON NORTH AVENUE 5,8.053
serangoon_north_avenue_5,Serangoon North Avenue 5,724.0,32786.671,39662.039,13.449,11.603,11.603,,,SERANGOON NORTH AVENUE 5,8.12
serangoon_north_avenue_5,Serangoon North Avenue 5,726.0,32784.671,39662.068,11.646,11.646,11.646,,,SERANGOON NORTH AVENUE 5,8.192
serangoon_north_avenue_5,Serangoon North Avenue 5,728.0,32782.672,39662.097,12.217,11.898,11.898,,,SERANGOON NORTH AVENUE 5,8.264
serangoon_north_avenue_5,Serangoon North Avenue 5,730.0,32780.672,39662.125,12.149,12.149,12.064,,,SERANGOON NORTH AVENUE 5,8.337
serangoon_north_avenue_5,Serangoon North Avenue 5,732.0,32778.672,39662.154,11.174,12.107,12.064,,,SERANGOON NORTH AVENUE 5,8.409
serangoon_north_avenue_5,Serangoon North Avenue 5,734.0,32776.673,39662.204,12.916,12.064,12.064,-1.073,1.0,SERANGOON NORTH AVENUE 5,8.46
serangoon_north_avenue_5,Serangoon North Avenue 5,736.0,32774.679,39662.354,12.036,12.021,12.021,,,SERANGOON NORTH AVENUE 5,8.412
serangoon_north_avenue_5,Serangoon North Avenue 5,738.0,32772.684,39662.503,11.978,11.978,11.978,,,SERANGOON NORTH AVENUE 5,8.363
serangoon_north_avenue_5,Serangoon North Avenue 5,740.0,32770.69,39662.653,12.199,11.913,11.913,,,SERANGOON NORTH AVENUE 5,8.315
serangoon_north_avenue_5,Serangoon North Avenue 5,742.0,32768.696,39662.802,11.849,11.849,11.849,,,SERANGOON NORTH AVENUE 5,8.267
serangoon_north_avenue_5,Serangoon North Avenue 5,744.0,32766.701,39662.951,11.749,11.749,11.849,,,SERANGOON NORTH AVENUE 5,8.218
serangoon_north_avenue_5,Serangoon North Avenue 5,746.0,32764.707,39663.101,11.374,11.83,11.849,,,SERANGOON NORTH AVENUE 5,8.17
serangoon_north_avenue_5,Serangoon North Avenue 5,748.0,32762.712,39663.25,10.669,11.912,11.912,,,SERANGOON NORTH AVENUE 5,8.122
serangoon_north_avenue_5,Serangoon North Avenue 5,750.0,32760.718,39663.399,11.846,11.993,11.993,,,SERANGOON NORTH AVENUE 5,8.074
serangoon_north_avenue_5,Serangoon North Avenue 5,752.0,32758.724,39663.549,12.404,12.075,12.075,,,SERANGOON NORTH AVENUE 5,8.025
serangoon_north_avenue_5,Serangoon North Avenue 5,754.0,32756.729,39663.698,11.967,12.156,12.156,,,SERANGOON NORTH AVENUE 5,7.977
serangoon_north_avenue_5,Serangoon North Avenue 5,756.0,32754.735,39663.847,12.238,12.238,12.238,,,SERANGOON NORTH AVENUE 5,7.929
serangoon_north_avenue_5,Serangoon North Avenue 5,758.0,32752.738,39663.968,12.354,12.354,12.354,,,SERANGOON NORTH AVENUE 5,7.909
serangoon_north_avenue_5,Serangoon North Avenue 5,760.0,32750.742,39664.085,13.367,12.434,12.434,,,SERANGOON NORTH AVENUE 5,7.893
serangoon_north_avenue_5,Serangoon North Avenue 5,762.0,32748.745,39664.203,14.188,12.513,12.513,3.125,1.0,SERANGOON NORTH AVENUE 5,7.876
serangoon_north_avenue_5,Serangoon North Avenue 5,764.0,32746.749,39664.32,12.542,12.592,12.592,,,SERANGOON NORTH AVENUE 5,7.86
serangoon_north_avenue_5,Serangoon North Avenue 5,766.0,32744.752,39664.438,12.671,12.671,12.604,,,SERANGOON NORTH AVENUE 5,7.843
serangoon_north_avenue_5,Serangoon North Avenue 5,768.0,32742.755,39664.551,11.25,12.638,12.604,,,SERANGOON NORTH AVENUE 5,7.832
serangoon_north_avenue_5,Serangoon North Avenue 5,770.0,32740.756,39664.589,12.175,12.604,12.604,-0.833,1.0,SERANGOON NORTH AVENUE 5,7.895
serangoon_north_avenue_5,Serangoon North Avenue 5,772.0,32738.756,39664.627,12.6,12.571,12.571,,,SERANGOON NORTH AVENUE 5,7.958
serangoon_north_avenue_5,Serangoon North Avenue 5,774.0,32736.757,39664.665,12.538,12.538,12.538,,,SERANGOON NORTH AVENUE 5,8.021
serangoon_north_avenue_5,Serangoon North Avenue 5,776.0,32734.757,39664.702,12.409,12.258,12.258,,,SERANGOON NORTH AVENUE 5,8.085
serangoon_north_avenue_5,Serangoon North Avenue 5,778.0,32732.757,39664.74,12.025,11.979,11.979,,,SERANGOON NORTH AVENUE 5,8.148
serangoon_north_avenue_5,Serangoon North Avenue 5,780.0,32730.758,39664.789,11.35,11.686,11.686,,,SERANGOON NORTH AVENUE 5,8.2
serangoon_north_avenue_5,Serangoon North Avenue 5,782.0,32728.759,39664.844,11.667,11.392,11.392,,,SERANGOON NORTH AVENUE 5,8.246
serangoon_north_avenue_5,Serangoon North Avenue 5,784.0,32726.759,39664.899,12.7,11.099,11.099,,,SERANGOON NORTH AVENUE 5,8.293
serangoon_north_avenue_5,Serangoon North Avenue 5,786.0,32724.76,39664.923,12.896,10.823,10.823,,,SERANGOON NORTH AVENUE 5,8.37
serangoon_north_avenue_5,Serangoon North Avenue 5,788.0,32722.76,39664.887,11.229,10.548,10.548,,,SERANGOON NORTH AVENUE 5,8.507
serangoon_north_avenue_5,Serangoon North Avenue 5,790.0,32720.761,39664.851,9.757,10.272,10.272,,,SERANGOON NORTH AVENUE 5,8.644
serangoon_north_avenue_5,Serangoon North Avenue 5,792.0,32718.761,39664.815,9.746,9.997,9.997,,,SERANGOON NORTH AVENUE 5,8.781
serangoon_north_avenue_5,Serangoon North Avenue 5,794.0,32716.761,39664.78,9.721,9.721,9.997,,,SERANGOON NORTH AVENUE 5,8.918
serangoon_north_avenue_5,Serangoon North Avenue 5,796.0,32714.762,39664.744,10.721,9.976,9.997,,,SERANGOON NORTH AVENUE 5,9.054
serangoon_north_avenue_5,Serangoon North Avenue 5,798.0,32712.916,39664.032,9.807,10.23,10.23,,,SERANGOON NORTH AVENUE 5,9.859
serangoon_north_avenue_5,Serangoon North Avenue 5,800.0,32711.097,39663.199,10.1,10.484,10.484,,,SERANGOON NORTH AVENUE 5,10.783
serangoon_north_avenue_5,Serangoon North Avenue 5,802.0,32709.279,39662.366,10.571,10.738,10.738,,,SERANGOON NORTH AVENUE 5,11.706
serangoon_north_avenue_5,Serangoon North Avenue 5,804.0,32707.461,39661.533,10.993,10.993,10.993,,,SERANGOON NORTH AVENUE 5,12.63
serangoon_north_avenue_5,Serangoon North Avenue 5,806.0,32705.62,39660.817,11.121,11.121,11.121,,,SERANGOON NORTH AVENUE 5,13.438
serangoon_north_avenue_5,Serangoon North Avenue 5,836.0,32675.664,39662.444,10.922,11.333,11.333,,,SERANGOON NORTH AVENUE 5,13.339
serangoon_north_avenue_5,Serangoon North Avenue 5,838.0,32673.667,39662.553,11.046,11.545,11.545,,,SERANGOON NORTH AVENUE 5,13.332
serangoon_north_avenue_5,Serangoon North Avenue 5,840.0,32671.67,39662.661,11.592,11.839,11.839,,,SERANGOON NORTH AVENUE 5,13.326
serangoon_north_avenue_5,Serangoon North Avenue 5,842.0,32669.673,39662.77,11.688,12.134,12.134,,,SERANGOON NORTH AVENUE 5,13.321
serangoon_north_avenue_5,Serangoon North Avenue 5,844.0,32667.676,39662.878,13.021,12.428,12.428,,,SERANGOON NORTH AVENUE 5,13.315
serangoon_north_avenue_5,Serangoon North Avenue 5,846.0,32665.679,39662.987,12.967,12.723,12.674,,,SERANGOON NORTH AVENUE 5,13.309
serangoon_north_avenue_5,Serangoon North Avenue 5,848.0,32663.707,39663.294,13.365,12.698,12.674,,,SERANGOON NORTH AVENUE 5,13.103
serangoon_north_avenue_5,Serangoon North Avenue 5,850.0,32661.747,39663.69,13.068,12.674,12.674,,,SERANGOON NORTH AVENUE 5,12.808
serangoon_north_avenue_5,Serangoon North Avenue 5,852.0,32659.787,39664.086,12.321,12.373,12.373,,,SERANGOON NORTH AVENUE 5,12.513
serangoon_north_avenue_5,Serangoon North Avenue 5,854.0,32657.826,39664.482,13.015,12.072,12.072,,,SERANGOON NORTH AVENUE 5,12.218
serangoon_north_avenue_5,Serangoon North Avenue 5,856.0,32655.866,39664.879,11.245,11.772,11.772,,,SERANGOON NORTH AVENUE 5,11.923
serangoon_north_avenue_5,Serangoon North Avenue 5,858.0,32653.908,39665.287,11.854,11.471,11.471,,,SERANGOON NORTH AVENUE 5,11.616
serangoon_north_avenue_5,Serangoon North Avenue 5,860.0,32651.956,39665.723,10.15,11.17,11.17,,,SERANGOON NORTH AVENUE 5,11.28
serangoon_north_avenue_5,Serangoon North Avenue 5,862.0,32650.004,39666.16,9.884,10.87,10.87,,,SERANGOON NORTH AVENUE 5,10.944
serangoon_north_avenue_5,Serangoon North Avenue 5,864.0,32648.053,39666.596,9.696,10.569,10.569,,,SERANGOON NORTH AVENUE 5,10.609
serangoon_north_avenue_5,Serangoon North Avenue 5,866.0,32646.101,39667.032,9.525,10.268,10.268,,,SERANGOON NORTH AVENUE 5,10.273
serangoon_north_avenue_5,Serangoon North Avenue 5,868.0,32644.124,39667.307,9.567,9.968,9.968,,,SERANGOON NORTH AVENUE 5,10.101
serangoon_north_avenue_5,Serangoon North Avenue 5,870.0,32642.132,39667.491,9.667,9.923,9.968,,,SERANGOON NORTH AVENUE 5,10.019
serangoon_north_avenue_5,Serangoon North Avenue 5,872.0,32640.141,39667.675,9.659,9.879,9.968,,,SERANGOON NORTH AVENUE 5,9.937
serangoon_north_avenue_5,Serangoon North Avenue 5,874.0,32638.149,39667.859,10.092,10.092,10.092,,,SERANGOON NORTH AVENUE 5,9.856
serangoon_north_avenue_5,Serangoon North Avenue 5,876.0,32636.157,39668.043,10.825,10.173,10.173,,,SERANGOON NORTH AVENUE 5,9.774
serangoon_north_avenue_5,Serangoon North Avenue 5,878.0,32634.166,39668.227,11.934,10.254,10.254,,,SERANGOON NORTH AVENUE 5,9.693
serangoon_north_avenue_5,Serangoon North Avenue 5,880.0,32632.174,39668.404,11.894,10.336,10.336,,,SERANGOON NORTH AVENUE 5,9.618
serangoon_north_avenue_5,Serangoon North Avenue 5,882.0,32630.175,39668.453,9.766,10.417,10.417,,,SERANGOON NORTH AVENUE 5,9.671
serangoon_north_avenue_5,Serangoon North Avenue 5,884.0,32628.175,39668.502,10.173,10.498,10.498,,,SERANGOON NORTH AVENUE 5,9.725
serangoon_north_avenue_5,Serangoon North Avenue 5,886.0,32626.176,39668.552,9.566,10.579,10.579,,,SERANGOON NORTH AVENUE 5,9.778
serangoon_north_avenue_5,Serangoon North Avenue 5,888.0,32624.176,39668.601,10.001,10.661,10.661,,,SERANGOON NORTH AVENUE 5,9.831
serangoon_north_avenue_5,Serangoon North Avenue 5,890.0,32622.177,39668.65,9.6,10.742,10.742,,,SERANGOON NORTH AVENUE 5,9.885
serangoon_north_avenue_5,Serangoon North Avenue 5,892.0,32620.181,39668.775,9.76,10.823,10.823,,,SERANGOON NORTH AVENUE 5,9.862
serangoon_north_avenue_5,Serangoon North Avenue 5,894.0,32618.186,39668.917,10.516,11.052,11.052,,,SERANGOON NORTH AVENUE 5,9.823
serangoon_north_avenue_5,Serangoon North Avenue 5,896.0,32616.191,39669.059,10.985,11.281,11.281,,,SERANGOON NORTH AVENUE 5,9.783
serangoon_north_avenue_5,Serangoon North Avenue 5,898.0,32614.204,39669.275,10.954,11.51,11.51,,,SERANGOON NORTH AVENUE 5,9.669
serangoon_north_avenue_5,Serangoon North Avenue 5,900.0,32612.218,39669.517,10.967,11.559,11.51,,,SERANGOON NORTH AVENUE 5,9.53
serangoon_north_avenue_5,Serangoon North Avenue 5,902.0,32610.233,39669.758,12.227,11.607,11.51,,,SERANGOON NORTH AVENUE 5,9.391
serangoon_north_avenue_5,Serangoon North Avenue 5,904.0,32608.247,39670.0,12.216,11.4,11.4,,,SERANGOON NORTH AVENUE 5,9.252
serangoon_north_avenue_5,Serangoon North Avenue 5,906.0,32606.262,39670.241,12.207,11.193,11.193,,,SERANGOON NORTH AVENUE 5,9.113
serangoon_north_avenue_5,Serangoon North Avenue 5,908.0,32604.277,39670.482,12.224,10.987,10.987,,,SERANGOON NORTH AVENUE 5,8.973
serangoon_north_avenue_5,Serangoon North Avenue 5,910.0,32602.291,39670.724,10.892,10.78,10.78,,,SERANGOON NORTH AVENUE 5,8.834
serangoon_north_avenue_5,Serangoon North Avenue 5,912.0,32600.306,39670.965,10.573,10.573,10.611,,,SERANGOON NORTH AVENUE 5,8.695
serangoon_north_avenue_5,Serangoon North Avenue 5,914.0,32598.321,39671.206,10.586,10.586,10.586,,,SERANGOON NORTH AVENUE 5,8.556
serangoon_north_avenue_5,Serangoon North Avenue 5,916.0,32596.335,39671.448,10.611,10.611,10.573,,,SERANGOON NORTH AVENUE 5,8.417
serangoon_north_avenue_5,Serangoon North Avenue 5,918.0,32594.35,39671.689,10.573,10.573,10.573,,,SERANGOON NORTH AVENUE 5,8.278
serangoon_north_avenue_5,Serangoon North Avenue 5,920.0,32592.364,39671.93,10.016,10.528,10.528,,,SERANGOON NORTH AVENUE 5,8.138
serangoon_north_avenue_5,Serangoon North Avenue 5,922.0,32590.379,39672.172,10.855,10.482,10.482,,,SERANGOON NORTH AVENUE 5,7.999
serangoon_north_avenue_5,Serangoon North Avenue 5,924.0,32588.394,39672.413,10.485,10.19,10.19,,,SERANGOON NORTH AVENUE 5,7.86
serangoon_north_avenue_5,Serangoon North Avenue 5,926.0,32586.4,39672.542,12.541,9.897,9.897,,,SERANGOON NORTH AVENUE 5,7.833
serangoon_north_avenue_5,Serangoon North Avenue 5,928.0,32584.401,39672.578,10.297,9.605,9.605,,,SERANGOON NORTH AVENUE 5,7.9
serangoon_north_avenue_5,Serangoon North Avenue 5,930.0,32582.401,39672.614,9.312,9.312,9.362,,,SERANGOON NORTH AVENUE 5,7.967
serangoon_north_avenue_5,Serangoon North Avenue 5,932.0,32580.401,39672.65,9.362,9.362,9.362,,,SERANGOON NORTH AVENUE 5,8.034
serangoon_north_avenue_5,Serangoon North Avenue 5,934.0,32578.402,39672.684,9.304,9.304,9.312,-0.729,1.0,SERANGOON NORTH AVENUE 5,8.102
serangoon_north_avenue_5,Serangoon North Avenue 5,936.0,32576.402,39672.712,9.395,9.395,9.312,,,SERANGOON NORTH AVENUE 5,8.177
serangoon_north_avenue_5,Serangoon North Avenue 5,938.0,32574.402,39672.739,9.312,9.312,9.304,,,SERANGOON NORTH AVENUE 5,8.252
serangoon_north_avenue_5,Serangoon North Avenue 5,940.0,32572.402,39672.767,10.804,9.29,9.29,-0.833,1.0,SERANGOON NORTH AVENUE 5,8.327
serangoon_north_avenue_5,Serangoon North Avenue 5,942.0,32570.402,39672.795,9.279,9.268,9.268,-0.729,1.0,SERANGOON NORTH AVENUE 5,8.402
serangoon_north_avenue_5,Serangoon North Avenue 5,944.0,32568.403,39672.822,9.245,9.245,9.245,,,SERANGOON NORTH AVENUE 5,8.477
serangoon_north_avenue_5,Serangoon North Avenue 5,946.0,32566.403,39672.85,9.212,9.212,9.245,,,SERANGOON NORTH AVENUE 5,8.552
serangoon_north_avenue_5,Serangoon North Avenue 5,948.0,32564.403,39672.878,9.22,9.22,9.237,-0.208,1.0,SERANGOON NORTH AVENUE 5,8.627
serangoon_north_avenue_5,Serangoon North Avenue 5,950.0,32562.404,39672.946,9.245,9.245,9.229,-0.208,1.0,SERANGOON NORTH AVENUE 5,8.662
serangoon_north_avenue_5,Serangoon North Avenue 5,952.0,32560.406,39673.02,11.045,9.237,9.229,-0.313,1.0,SERANGOON NORTH AVENUE 5,8.69
serangoon_north_avenue_5,Serangoon North Avenue 5,954.0,32558.407,39673.094,9.229,9.229,9.229,-0.208,1.0,SERANGOON NORTH AVENUE 5,8.719
serangoon_north_avenue_5,Serangoon North Avenue 5,956.0,32556.408,39673.168,9.212,9.212,9.212,-0.208,1.0,SERANGOON NORTH AVENUE 5,8.747
serangoon_north_avenue_5,Serangoon North Avenue 5,958.0,32554.411,39673.279,9.212,9.212,9.212,-0.208,1.0,SERANGOON NORTH AVENUE 5,8.739
serangoon_north_avenue_5,Serangoon North Avenue 5,960.0,32552.415,39673.391,9.195,9.195,9.212,0.0,1.0,SERANGOON NORTH AVENUE 5,8.73
serangoon_north_avenue_5,Serangoon North Avenue 5,962.0,32550.418,39673.503,9.212,9.212,9.212,0.0,1.0,SERANGOON NORTH AVENUE 5,8.72
serangoon_north_avenue_5,Serangoon North Avenue 5,964.0,32548.421,39673.615,9.229,9.229,9.212,0.0,1.0,SERANGOON NORTH AVENUE 5,8.71
serangoon_north_avenue_5,Serangoon North Avenue 5,966.0,32546.427,39673.766,9.212,9.212,9.212,-0.417,1.0,SERANGOON NORTH AVENUE 5,8.662
serangoon_north_avenue_5,Serangoon North Avenue 5,968.0,32544.433,39673.929,9.179,9.179,9.212,-0.417,1.0,SERANGOON NORTH AVENUE 5,8.602
serangoon_north_avenue_5,Serangoon North Avenue 5,970.0,32542.44,39674.091,9.162,9.162,9.179,0.0,1.0,SERANGOON NORTH AVENUE 5,8.542
serangoon_north_avenue_5,Serangoon North Avenue 5,972.0,32540.447,39674.254,9.262,9.262,9.179,0.0,1.0,SERANGOON NORTH AVENUE 5,8.482
serangoon_north_avenue_5,Serangoon North Avenue 5,974.0,32538.453,39674.416,9.179,9.179,9.212,0.417,1.0,SERANGOON NORTH AVENUE 5,8.422
serangoon_north_avenue_5,Serangoon North Avenue 5,976.0,32536.46,39674.579,9.304,9.304,9.212,0.417,1.0,SERANGOON NORTH AVENUE 5,8.362
serangoon_north_avenue_5,Serangoon North Avenue 5,978.0,32534.466,39674.741,9.212,9.212,9.212,-0.417,1.0,SERANGOON NORTH AVENUE 5,8.302
serangoon_north_avenue_5,Serangoon North Avenue 5,980.0,32532.473,39674.904,9.162,9.162,9.212,-0.417,1.0,SERANGOON NORTH AVENUE 5,8.242
serangoon_north_avenue_5,Serangoon North Avenue 5,982.0,32530.48,39675.066,9.212,9.212,9.179,-0.417,1.0,SERANGOON NORTH AVENUE 5,8.182
serangoon_north_avenue_5,Serangoon North Avenue 5,984.0,32528.486,39675.228,9.145,9.145,9.179,-0.417,1.0,SERANGOON NORTH AVENUE 5,8.122
serangoon_north_avenue_5,Serangoon North Avenue 5,986.0,32526.493,39675.391,9.179,9.179,9.179,0.0,1.0,SERANGOON NORTH AVENUE 5,8.062
serangoon_north_avenue_5,Serangoon North Avenue 5,988.0,32524.499,39675.553,9.262,9.262,9.179,-0.208,1.0,SERANGOON NORTH AVENUE 5,8.002
serangoon_north_avenue_5,Serangoon North Avenue 5,990.0,32522.506,39675.716,9.179,9.179,9.179,-0.625,1.0,SERANGOON NORTH AVENUE 5,7.942
serangoon_north_avenue_5,Serangoon North Avenue 5,992.0,32520.513,39675.878,9.129,9.129,9.162,-0.625,1.0,SERANGOON NORTH AVENUE 5,7.882
serangoon_north_avenue_5,Serangoon North Avenue 5,994.0,32518.516,39675.973,9.162,9.162,9.129,-0.625,1.0,SERANGOON NORTH AVENUE 5,7.89
serangoon_north_avenue_5,Serangoon North Avenue 5,996.0,32516.516,39676.015,9.129,9.129,9.129,,,SERANGOON NORTH AVENUE 5,7.951
serangoon_north_avenue_5,Serangoon North Avenue 5,998.0,32514.517,39676.057,9.129,9.129,9.129,,,SERANGOON NORTH AVENUE 5,8.011
serangoon_north_avenue_5,Serangoon North Avenue 5,1000.0,32512.517,39676.099,9.504,9.123,9.123,-0.139,1.0,SERANGOON NORTH AVENUE 5,8.072
serangoon_north_avenue_5,Serangoon North Avenue 5,1002.0,32510.518,39676.141,9.112,9.118,9.123,-0.208,1.0,SERANGOON NORTH AVENUE 5,8.132
serangoon_north_avenue_5,Serangoon North Avenue 5,1004.0,32508.519,39676.156,9.112,9.112,9.118,,,SERANGOON NORTH AVENUE 5,8.22
serangoon_north_avenue_5,Serangoon North Avenue 5,1006.0,32506.534,39675.915,9.145,9.145,9.112,,,SERANGOON NORTH AVENUE 5,8.563
serangoon_north_avenue_5,Serangoon North Avenue 5,1008.0,32504.549,39675.674,9.062,9.062,9.062,-0.694,1.0,SERANGOON NORTH AVENUE 5,8.905
serangoon_north_avenue_5,Serangoon North Avenue 5,1010.0,32502.563,39675.433,9.062,9.062,9.062,-0.625,1.0,SERANGOON NORTH AVENUE 5,9.248
serangoon_north_avenue_5,Serangoon North Avenue 5,1012.0,32500.578,39675.192,9.062,9.062,9.062,0.0,1.0,SERANGOON NORTH AVENUE 5,9.59
serangoon_north_avenue_5,Serangoon North Avenue 5,1014.0,32498.587,39675.021,9.062,9.062,9.062,0.0,1.0,SERANGOON NORTH AVENUE 5,9.863
serangoon_north_avenue_5,Serangoon North Avenue 5,1016.0,32496.588,39674.942,9.045,9.045,9.062,0.0,1.0,SERANGOON NORTH AVENUE 5,10.045
serangoon_north_avenue_5,Serangoon North Avenue 5,1018.0,32494.59,39674.862,9.062,9.062,9.062,0.625,1.0,SERANGOON NORTH AVENUE 5,10.227
serangoon_north_avenue_5,Serangoon North Avenue 5,1020.0,32492.591,39674.783,9.062,9.062,9.062,1.146,1.0,SERANGOON NORTH AVENUE 5,10.408
serangoon_north_avenue_5,Serangoon North Avenue 5,1022.0,32490.593,39674.704,9.112,9.112,9.112,1.25,1.0,SERANGOON NORTH AVENUE 5,10.59
serangoon_north_avenue_5,Serangoon North Avenue 5,1024.0,32488.594,39674.625,9.154,9.154,9.154,1.25,1.0,SERANGOON NORTH AVENUE 5,10.771
serangoon_north_avenue_5,Serangoon North Avenue 5,1026.0,32486.597,39674.668,9.195,9.195,9.162,0.625,1.0,SERANGOON NORTH AVENUE 5,10.831
serangoon_north_avenue_5,Serangoon North Avenue 5,1028.0,32484.599,39674.767,9.162,9.162,9.162,0.104,1.0,SERANGOON NORTH AVENUE 5,10.835
serangoon_north_avenue_5,Serangoon North Avenue 5,1030.0,32482.601,39674.865,9.162,9.162,9.162,0.0,1.0,SERANGOON NORTH AVENUE 5,10.839
serangoon_north_avenue_5,Serangoon North Avenue 5,1032.0,32480.604,39674.965,9.129,9.129,9.162,-0.208,1.0,SERANGOON NORTH AVENUE 5,10.842
serangoon_north_avenue_5,Serangoon North Avenue 5,1034.0,32478.607,39675.066,9.145,9.145,9.162,-0.208,1.0,SERANGOON NORTH AVENUE 5,10.844
serangoon_north_avenue_5,Serangoon North Avenue 5,1036.0,32476.609,39675.167,9.245,9.245,9.145,-0.417,1.0,SERANGOON NORTH AVENUE 5,10.845
serangoon_north_avenue_5,Serangoon North Avenue 5,1038.0,32474.612,39675.268,9.179,9.179,9.145,-0.833,1.0,SERANGOON NORTH AVENUE 5,10.847
serangoon_north_avenue_5,Serangoon North Avenue 5,1040.0,32472.614,39675.369,9.095,9.095,9.129,-0.625,1.0,SERANGOON NORTH AVENUE 5,10.848
serangoon_north_avenue_5,Serangoon North Avenue 5,1042.0,32470.619,39675.506,9.129,9.129,9.095,-1.25,1.0,SERANGOON NORTH AVENUE 5,10.814
serangoon_north_avenue_5,Serangoon North Avenue 5,1044.0,32468.626,39675.671,9.095,9.095,9.095,-1.354,1.0,SERANGOON NORTH AVENUE 5,10.751
serangoon_north_avenue_5,Serangoon North Avenue 5,1046.0,32466.633,39675.836,9.045,9.045,9.045,-1.667,1.0,SERANGOON NORTH AVENUE 5,10.689
serangoon_north_avenue_5,Serangoon North Avenue 5,1048.0,32464.64,39676.001,9.02,9.02,9.02,-1.667,1.0,SERANGOON NORTH AVENUE 5,10.626
serangoon_north_avenue_5,Serangoon North Avenue 5,1050.0,32462.646,39676.166,8.962,8.962,8.962,-1.042,1.0,SERANGOON NORTH AVENUE 5,10.564
serangoon_north_avenue_5,Serangoon North Avenue 5,1052.0,32460.653,39676.331,8.962,8.962,8.962,2.322,1.0,SERANGOON NORTH AVENUE 5,10.501
serangoon_north_avenue_5,Serangoon North Avenue 5,1054.0,32458.66,39676.49,8.962,8.962,8.962,5.686,1.0,SERANGOON NORTH AVENUE 5,10.444
serangoon_north_avenue_5,Serangoon North Avenue 5,1056.0,32456.666,39676.648,8.945,9.196,9.196,5.686,1.0,SERANGOON NORTH AVENUE 5,10.389
serangoon_north_avenue_5,Serangoon North Avenue 5,1058.0,32454.672,39676.807,9.43,9.43,9.417,5.686,1.0,SERANGOON NORTH AVENUE 5,10.333
serangoon_north_avenue_5,Serangoon North Avenue 5,1060.0,32452.678,39676.965,9.43,9.43,9.417,,,SERANGOON NORTH AVENUE 5,10.277
serangoon_north_avenue_5,Serangoon North Avenue 5,1062.0,32450.686,39677.134,9.417,9.417,9.417,,,SERANGOON NORTH AVENUE 5,10.211
serangoon_north_avenue_5,Serangoon North Avenue 5,1064.0,32448.693,39677.31,9.417,9.417,9.417,-3.604,1.0,SERANGOON NORTH AVENUE 5,10.137
serangoon_north_avenue_5,Serangoon North Avenue 5,1066.0,32446.701,39677.486,8.912,9.156,9.156,-3.604,1.0,SERANGOON NORTH AVENUE 5,10.064
serangoon_north_avenue_5,Serangoon North Avenue 5,1068.0,32444.709,39677.662,8.895,8.895,9.129,-3.604,1.0,SERANGOON NORTH AVENUE 5,9.99
serangoon_north_avenue_5,Serangoon North Avenue 5,1070.0,32442.717,39677.838,9.129,9.129,9.129,-1.267,1.0,SERANGOON NORTH AVENUE 5,9.917
serangoon_north_avenue_5,Serangoon North Avenue 5,1072.0,32440.722,39677.982,9.129,9.129,9.129,1.07,1.0,SERANGOON NORTH AVENUE 5,9.875
serangoon_north_avenue_5,Serangoon North Avenue 5,1074.0,32438.726,39678.102,9.129,9.129,9.129,1.07,1.0,SERANGOON NORTH AVENUE 5,9.857
serangoon_north_avenue_5,Serangoon North Avenue 5,1076.0,32436.729,39678.223,9.354,9.354,9.214,1.07,1.0,SERANGOON NORTH AVENUE 5,9.839
serangoon_north_avenue_5,Serangoon North Avenue 5,1078.0,32434.733,39678.343,9.214,9.214,9.214,0.758,1.0,SERANGOON NORTH AVENUE 5,9.821
serangoon_north_avenue_5,Serangoon North Avenue 5,1080.0,32432.736,39678.463,9.264,9.264,9.214,-0.313,1.0,SERANGOON NORTH AVENUE 5,9.804
serangoon_north_avenue_5,Serangoon North Avenue 5,1082.0,32430.741,39678.6,9.159,9.159,9.189,-0.313,1.0,SERANGOON NORTH AVENUE 5,9.77
serangoon_north_avenue_5,Serangoon North Avenue 5,1084.0,32428.746,39678.74,9.189,9.189,9.189,-0.313,1.0,SERANGOON NORTH AVENUE 5,9.732
serangoon_north_avenue_5,Serangoon North Avenue 5,1086.0,32426.751,39678.881,9.189,9.189,9.189,3.353,1.0,SERANGOON NORTH AVENUE 5,9.694
serangoon_north_avenue_5,Serangoon North Avenue 5,1088.0,32424.756,39679.022,9.158,9.158,9.189,3.353,1.0,SERANGOON NORTH AVENUE 5,9.656
serangoon_north_avenue_5,Serangoon North Avenue 5,1090.0,32422.761,39679.162,9.458,9.458,9.458,3.353,1.0,SERANGOON NORTH AVENUE 5,9.617
serangoon_north_avenue_5,Serangoon North Avenue 5,1092.0,32420.766,39679.303,9.474,9.474,9.458,3.353,1.0,SERANGOON NORTH AVENUE 5,9.579
serangoon_north_avenue_5,Serangoon North Avenue 5,1094.0,32418.769,39679.408,9.458,9.458,9.458,-1.561,1.0,SERANGOON NORTH AVENUE 5,9.577
serangoon_north_avenue_5,Serangoon North Avenue 5,1096.0,32416.771,39679.511,9.608,9.608,9.458,,,SERANGOON NORTH AVENUE 5,9.576
serangoon_north_avenue_5,Serangoon North Avenue 5,1098.0,32414.774,39679.614,9.333,9.333,9.333,,,SERANGOON NORTH AVENUE 5,9.576
serangoon_north_avenue_5,Serangoon North Avenue 5,1100.0,32412.777,39679.717,9.988,9.257,9.257,,,SERANGOON NORTH AVENUE 5,9.573
serangoon_north_avenue_5,Serangoon North Avenue 5,1102.0,32410.779,39679.82,9.988,9.181,9.181,-3.105,1.0,SERANGOON NORTH AVENUE 5,9.569
serangoon_north_avenue_5,Serangoon North Avenue 5,1104.0,32408.782,39679.923,9.413,9.105,9.105,,,SERANGOON NORTH AVENUE 5,9.564
serangoon_north_avenue_5,Serangoon North Avenue 5,1106.0,32406.783,39679.99,9.029,9.029,9.084,,,SERANGOON NORTH AVENUE 5,9.596
serangoon_north_avenue_5,Serangoon North Avenue 5,1108.0,32404.784,39680.051,9.049,9.049,9.084,,,SERANGOON NORTH AVENUE 5,9.634
serangoon_north_avenue_5,Serangoon North Avenue 5,1110.0,32402.785,39680.112,9.084,9.084,9.084,,,SERANGOON NORTH AVENUE 5,9.671
serangoon_north_avenue_5,Serangoon North Avenue 5,1112.0,32400.785,39680.153,10.291,9.198,9.198,4.249,1.0,SERANGOON NORTH AVENUE 5,9.729
serangoon_north_avenue_5,Serangoon North Avenue 5,1114.0,32398.786,39680.185,10.283,9.311,9.311,5.863,1.0,SERANGOON NORTH AVENUE 5,9.795
serangoon_north_avenue_5,Serangoon North Avenue 5,1116.0,32396.786,39680.217,9.424,9.424,9.424,,,SERANGOON NORTH AVENUE 5,9.861
serangoon_north_avenue_5,Serangoon North Avenue 5,1118.0,32394.786,39680.25,9.57,9.57,9.553,,,SERANGOON NORTH AVENUE 5,9.927
serangoon_north_avenue_5,Serangoon North Avenue 5,1120.0,32392.786,39680.282,9.553,9.553,9.553,1.615,1.0,SERANGOON NORTH AVENUE 5,9.994
serangoon_north_avenue_5,Serangoon North Avenue 5,1122.0,32390.787,39680.314,9.553,9.553,9.553,0.313,1.0,SERANGOON NORTH AVENUE 5,10.06
serangoon_north_avenue_5,Serangoon North Avenue 5,1124.0,32388.787,39680.347,9.545,9.545,9.553,0.313,1.0,SERANGOON NORTH AVENUE 5,10.126
serangoon_north_avenue_5,Serangoon North Avenue 5,1126.0,32386.787,39680.379,9.578,9.578,9.578,0.313,1.0,SERANGOON NORTH AVENUE 5,10.192
serangoon_north_avenue_5,Serangoon North Avenue 5,1128.0,32384.788,39680.411,9.578,9.578,9.578,-1.146,1.0,SERANGOON NORTH AVENUE 5,10.258
serangoon_north_avenue_5,Serangoon North Avenue 5,1130.0,32382.788,39680.444,9.578,9.578,9.578,-3.333,1.0,SERANGOON NORTH AVENUE 5,10.325
serangoon_north_avenue_5,Serangoon North Avenue 5,1132.0,32380.788,39680.476,9.462,9.462,9.462,-5.521,1.0,SERANGOON NORTH AVENUE 5,10.391
serangoon_north_avenue_5,Serangoon North Avenue 5,1134.0,32378.788,39680.508,9.158,9.299,9.299,-6.563,1.0,SERANGOON NORTH AVENUE 5,10.457
serangoon_north_avenue_5,Serangoon North Avenue 5,1136.0,32376.789,39680.541,9.137,9.137,9.137,-5.974,1.0,SERANGOON NORTH AVENUE 5,10.523
serangoon_north_avenue_5,Serangoon North Avenue 5,1138.0,32374.789,39680.581,9.053,9.053,9.053,-4.005,1.0,SERANGOON NORTH AVENUE 5,10.582
serangoon_north_avenue_5,Serangoon North Avenue 5,1140.0,32372.79,39680.65,8.984,8.984,8.984,-2.036,1.0,SERANGOON NORTH AVENUE 5,10.612
serangoon_north_avenue_5,Serangoon North Avenue 5,1142.0,32370.791,39680.718,8.974,8.974,8.984,-0.995,1.0,SERANGOON NORTH AVENUE 5,10.642
serangoon_north_avenue_5,Serangoon North Avenue 5,1144.0,32368.793,39680.787,8.984,8.984,8.974,0.0,1.0,SERANGOON NORTH AVENUE 5,10.671
serangoon_north_avenue_5,Serangoon North Avenue 5,1146.0,32366.794,39680.855,8.974,8.974,8.974,0.0,1.0,SERANGOON NORTH AVENUE 5,10.701
serangoon_north_avenue_5,Serangoon North Avenue 5,1148.0,32364.795,39680.924,8.954,8.954,8.984,0.5,1.0,SERANGOON NORTH AVENUE 5,10.731
serangoon_north_avenue_5,Serangoon North Avenue 5,1150.0,32362.795,39680.969,8.984,8.984,8.984,0.75,1.0,SERANGOON NORTH AVENUE 5,10.785
serangoon_north_avenue_5,Serangoon North Avenue 5,1152.0,32360.796,39681.004,9.034,9.034,9.014,0.75,1.0,SERANGOON NORTH AVENUE 5,10.848
serangoon_north_avenue_5,Serangoon North Avenue 5,1154.0,32358.796,39681.039,9.014,9.014,9.034,2.375,1.0,SERANGOON NORTH AVENUE 5,10.912
serangoon_north_avenue_5,Serangoon North Avenue 5,1156.0,32356.796,39681.074,9.044,9.044,9.044,2.625,1.0,SERANGOON NORTH AVENUE 5,10.975
serangoon_north_avenue_5,Serangoon North Avenue 5,1158.0,32354.797,39681.116,9.174,9.174,9.174,2.375,1.0,SERANGOON NORTH AVENUE 5,11.032
serangoon_north_avenue_5,Serangoon North Avenue 5,1160.0,32352.797,39681.162,9.239,9.239,9.224,2.25,1.0,SERANGOON NORTH AVENUE 5,11.085
serangoon_north_avenue_5,Serangoon North Avenue 5,1162.0,32350.798,39681.207,9.224,9.224,9.224,-1.25,1.0,SERANGOON NORTH AVENUE 5,11.138
serangoon_north_avenue_5,Serangoon North Avenue 5,1164.0,32348.798,39681.252,9.234,9.234,9.224,-1.875,1.0,SERANGOON NORTH AVENUE 5,11.192
serangoon_north_avenue_5,Serangoon North Avenue 5,1166.0,32346.799,39681.297,9.074,9.074,9.074,-1.875,1.0,SERANGOON NORTH AVENUE 5,11.245
serangoon_north_avenue_5,Serangoon North Avenue 5,1168.0,32344.801,39681.374,9.024,9.024,9.074,-1.75,1.0,SERANGOON NORTH AVENUE 5,11.267
serangoon_north_avenue_5,Serangoon North Avenue 5,1170.0,32342.804,39681.485,9.014,9.014,9.074,0.125,1.0,SERANGOON NORTH AVENUE 5,11.254
serangoon_north_avenue_5,Serangoon North Avenue 5,1172.0,32340.807,39681.596,9.084,9.084,9.084,0.313,1.0,SERANGOON NORTH AVENUE 5,11.242
serangoon_north_avenue_5,Serangoon North Avenue 5,1174.0,32338.81,39681.707,9.134,9.134,9.084,0.313,1.0,SERANGOON NORTH AVENUE 5,11.229
serangoon_north_avenue_5,Serangoon North Avenue 5,1176.0,32336.813,39681.819,9.104,9.104,9.099,-0.405,1.0,SERANGOON NORTH AVENUE 5,11.216
serangoon_north_avenue_5,Serangoon North Avenue 5,1178.0,32334.817,39681.947,9.014,9.014,9.099,,,SERANGOON NORTH AVENUE 5,11.187
serangoon_north_avenue_5,Serangoon North Avenue 5,1180.0,32332.823,39682.098,9.099,9.099,9.051,,,SERANGOON NORTH AVENUE 5,11.134
serangoon_north_avenue_5,Serangoon North Avenue 5,1182.0,32330.829,39682.249,10.119,9.051,9.014,,,SERANGOON NORTH AVENUE 5,11.082
serangoon_north_avenue_5,Serangoon North Avenue 5,1184.0,32328.834,39682.4,10.019,9.004,9.004,,,SERANGOON NORTH AVENUE 5,11.029
serangoon_north_avenue_5,Serangoon North Avenue 5,1186.0,32326.84,39682.551,10.169,8.957,8.957,,,SERANGOON NORTH AVENUE 5,10.976
serangoon_north_avenue_5,Serangoon North Avenue 5,1188.0,32324.846,39682.702,8.893,8.909,8.909,,,SERANGOON NORTH AVENUE 5,10.924
serangoon_north_avenue_5,Serangoon North Avenue 5,1190.0,32322.855,39682.887,8.862,8.862,8.862,,,SERANGOON NORTH AVENUE 5,10.836
serangoon_north_avenue_5,Serangoon North Avenue 5,1192.0,32320.87,39683.136,8.849,8.849,8.849,,,SERANGOON NORTH AVENUE 5,10.686
serangoon_north_avenue_5,Serangoon North Avenue 5,1194.0,32318.886,39683.384,8.724,8.724,8.743,-1.797,1.0,SERANGOON NORTH AVENUE 5,10.535
serangoon_north_avenue_5,Serangoon North Avenue 5,1196.0,32316.901,39683.633,8.743,8.743,8.724,-2.109,1.0,SERANGOON NORTH AVENUE 5,10.385
serangoon_north_avenue_5,Serangoon North Avenue 5,1198.0,32314.909,39683.805,8.718,8.718,8.718,-0.781,1.0,SERANGOON NORTH AVENUE 5,10.311
serangoon_north_avenue_5,Serangoon North Avenue 5,1200.0,32312.916,39683.965,8.574,8.574,8.681,-1.875,1.0,SERANGOON NORTH AVENUE 5,10.249
serangoon_north_avenue_5,Serangoon North Avenue 5,1202.0,32310.922,39684.125,8.681,8.681,8.681,-1.848,1.0,SERANGOON NORTH AVENUE 5,10.188
serangoon_north_avenue_5,Serangoon North Avenue 5,1204.0,32308.928,39684.285,8.543,8.543,8.574,-1.379,1.0,SERANGOON NORTH AVENUE 5,10.126
serangoon_north_avenue_5,Serangoon North Avenue 5,1206.0,32306.935,39684.445,8.818,8.818,8.57,0.548,1.0,SERANGOON NORTH AVENUE 5,10.064
serangoon_north_avenue_5,Serangoon North Avenue 5,1208.0,32304.941,39684.605,8.57,8.57,8.57,,,SERANGOON NORTH AVENUE 5,10.003
serangoon_north_avenue_5,Serangoon North Avenue 5,1210.0,32302.948,39684.765,8.565,8.565,8.724,,,SERANGOON NORTH AVENUE 5,9.941
serangoon_north_avenue_5,Serangoon North Avenue 5,1212.0,32300.954,39684.925,8.535,8.724,8.724,,,SERANGOON NORTH AVENUE 5,9.879
serangoon_north_avenue_5,Serangoon North Avenue 5,1214.0,32298.96,39685.085,8.625,8.996,8.996,,,SERANGOON NORTH AVENUE 5,9.818
serangoon_north_avenue_5,Serangoon North Avenue 5,1216.0,32296.967,39685.246,9.605,9.267,9.267,,,SERANGOON NORTH AVENUE 5,9.756
serangoon_north_avenue_5,Serangoon North Avenue 5,1218.0,32294.973,39685.406,9.58,9.538,9.538,,,SERANGOON NORTH AVENUE 5,9.694
serangoon_north_avenue_5,Serangoon North Avenue 5,1220.0,32292.98,39685.566,9.865,9.627,9.618,,,SERANGOON NORTH AVENUE 5,9.633
serangoon_north_avenue_5,Serangoon North Avenue 5,1222.0,32290.986,39685.726,9.715,9.715,9.618,,,SERANGOON NORTH AVENUE 5,9.571
serangoon_north_avenue_5,Serangoon North Avenue 5,1224.0,32288.992,39685.886,9.875,9.618,9.618,,,SERANGOON NORTH AVENUE 5,9.51
serangoon_north_avenue_5,Serangoon North Avenue 5,1226.0,32286.999,39686.046,10.915,9.52,9.52,,,SERANGOON NORTH AVENUE 5,9.448
serangoon_north_avenue_5,Serangoon North Avenue 5,1228.0,32285.003,39686.155,10.501,9.307,9.307,,,SERANGOON NORTH AVENUE 5,9.437
serangoon_north_avenue_5,Serangoon North Avenue 5,1230.0,32283.003,39686.18,10.535,9.094,9.115,,,SERANGOON NORTH AVENUE 5,9.51
serangoon_north_avenue_5,Serangoon North Avenue 5,1232.0,32281.003,39686.205,8.454,8.882,9.115,,,SERANGOON NORTH AVENUE 5,9.584
serangoon_north_avenue_5,Serangoon North Avenue 5,1234.0,32279.003,39686.231,8.669,9.115,9.115,,,SERANGOON NORTH AVENUE 5,9.657
serangoon_north_avenue_5,Serangoon North Avenue 5,1236.0,32277.004,39686.256,8.454,9.501,9.501,,,SERANGOON NORTH AVENUE 5,9.731
serangoon_north_avenue_5,Serangoon North Avenue 5,1238.0,32275.028,39686.528,8.444,9.887,9.887,,,SERANGOON NORTH AVENUE 5,9.556
serangoon_north_avenue_5,Serangoon North Avenue 5,1240.0,32273.061,39686.89,8.429,10.367,10.367,,,SERANGOON NORTH AVENUE 5,9.291
serangoon_north_avenue_5,Serangoon North Avenue 5,1242.0,32271.094,39687.252,12.134,10.846,10.846,,,SERANGOON NORTH AVENUE 5,9.027
serangoon_north_avenue_5,Serangoon North Avenue 5,1244.0,32269.127,39687.614,12.064,11.325,11.325,,,SERANGOON NORTH AVENUE 5,8.762
serangoon_north_avenue_5,Serangoon North Avenue 5,1246.0,32267.16,39687.975,12.044,11.805,11.805,,,SERANGOON NORTH AVENUE 5,8.498
serangoon_north_avenue_5,Serangoon North Avenue 5,1248.0,32265.193,39688.337,11.769,12.284,11.805,,,SERANGOON NORTH AVENUE 5,8.233
serangoon_north_avenue_5,Serangoon North Avenue 5,1250.0,32263.22,39688.666,13.064,11.887,11.805,,,SERANGOON NORTH AVENUE 5,8.002
serangoon_north_avenue_5,Serangoon North Avenue 5,1252.0,32261.245,39688.978,12.764,11.489,11.489,,,SERANGOON NORTH AVENUE 5,7.787
serangoon_north_avenue_5,Serangoon North Avenue 5,1254.0,32259.269,39689.29,12.764,11.092,11.092,,,SERANGOON NORTH AVENUE 5,7.573
serangoon_north_avenue_5,Serangoon North Avenue 5,1256.0,32257.291,39689.573,12.714,10.637,10.637,,,SERANGOON NORTH AVENUE 5,7.389
serangoon_north_avenue_5,Serangoon North Avenue 5,1258.0,32255.292,39689.644,8.723,10.183,10.183,,,SERANGOON NORTH AVENUE 5,7.411
serangoon_north_avenue_5,Serangoon North Avenue 5,1260.0,32253.293,39689.714,8.504,9.729,9.729,,,SERANGOON NORTH AVENUE 5,7.43
serangoon_north_avenue_5,Serangoon North Avenue 5,1262.0,32251.295,39689.785,8.479,9.275,9.275,,,SERANGOON NORTH AVENUE 5,7.448
serangoon_north_avenue_5,Serangoon North Avenue 5,1264.0,32249.296,39689.856,8.366,8.821,8.821,,,SERANGOON NORTH AVENUE 5,7.467
serangoon_north_avenue_5,Serangoon North Avenue 5,1266.0,32247.297,39689.925,8.366,8.366,8.366,,,SERANGOON NORTH AVENUE 5,7.488
serangoon_north_avenue_5,Serangoon North Avenue 5,1268.0,32245.297,39689.962,8.354,8.354,8.366,,,SERANGOON NORTH AVENUE 5,7.541
serangoon_north_avenue_5,Serangoon North Avenue 5,1270.0,32243.298,39689.998,8.354,8.354,8.366,,,SERANGOON NORTH AVENUE 5,7.594
serangoon_north_avenue_5,Serangoon North Avenue 5,1272.0,32241.298,39690.035,8.379,8.379,8.379,,,SERANGOON NORTH AVENUE 5,7.646
serangoon_north_avenue_5,Serangoon North Avenue 5,1274.0,32239.298,39690.072,8.385,8.58,8.58,,,SERANGOON NORTH AVENUE 5,7.699
serangoon_north_avenue_5,Serangoon North Avenue 5,1276.0,32237.299,39690.108,8.392,8.878,8.878,,,SERANGOON NORTH AVENUE 5,7.752
serangoon_north_avenue_5,Serangoon North Avenue 5,1278.0,32235.301,39690.2,9.254,9.175,9.175,,,SERANGOON NORTH AVENUE 5,7.75
serangoon_north_avenue_5,Serangoon North Avenue 5,1280.0,32233.304,39690.302,8.585,9.472,9.472,,,SERANGOON NORTH AVENUE 5,7.738
serangoon_north_avenue_5,Serangoon North Avenue 5,1282.0,32231.306,39690.403,8.404,9.767,9.767,,,SERANGOON NORTH AVENUE 5,7.726
serangoon_north_avenue_5,Serangoon North Avenue 5,1284.0,32229.309,39690.505,10.329,10.062,10.062,,,SERANGOON NORTH AVENUE 5,7.714
serangoon_north_avenue_5,Serangoon North Avenue 5,1286.0,32227.311,39690.606,8.454,10.357,10.357,,,SERANGOON NORTH AVENUE 5,7.702
serangoon_north_avenue_5,Serangoon North Avenue 5,1288.0,32225.316,39690.735,11.392,10.651,10.357,,,SERANGOON NORTH AVENUE 5,7.662
serangoon_north_avenue_5,Serangoon North Avenue 5,1290.0,32223.321,39690.882,10.035,10.442,10.357,,,SERANGOON NORTH AVENUE 5,7.605
serangoon_north_avenue_5,Serangoon North Avenue 5,1292.0,32221.326,39691.03,11.105,10.233,10.233,,,SERANGOON NORTH AVENUE 5,7.547
serangoon_north_avenue_5,Serangoon North Avenue 5,1294.0,32219.332,39691.177,10.095,10.024,10.024,,,SERANGOON NORTH AVENUE 5,7.489
serangoon_north_avenue_5,Serangoon North Avenue 5,1296.0,32217.337,39691.324,9.815,9.815,9.815,,,SERANGOON NORTH AVENUE 5,7.431
serangoon_north_avenue_5,Serangoon North Avenue 5,1298.0,32215.341,39691.451,9.64,9.64,9.64,,,SERANGOON NORTH AVENUE 5,7.394
serangoon_north_avenue_5,Serangoon North Avenue 5,1300.0,32213.345,39691.568,10.015,9.348,9.348,,,SERANGOON NORTH AVENUE 5,7.367
serangoon_north_avenue_5,Serangoon North Avenue 5,1302.0,32211.348,39691.684,8.365,9.055,9.055,-10.969,2.0,SERANGOON NORTH AVENUE 5,7.34
serangoon_north_avenue_5,Serangoon North Avenue 5,1304.0,32209.352,39691.8,8.755,8.763,8.763,,,SERANGOON NORTH AVENUE 5,7.313
serangoon_north_avenue_5,Serangoon North Avenue 5,1306.0,32207.355,39691.917,8.47,8.47,8.763,,,SERANGOON NORTH AVENUE 5,7.286
serangoon_north_avenue_5,Serangoon North Avenue 5,1308.0,32205.358,39692.019,10.54,8.663,8.763,,,SERANGOON NORTH AVENUE 5,7.273
serangoon_north_avenue_5,Serangoon North Avenue 5,1310.0,32203.36,39692.121,8.385,8.855,8.855,,,SERANGOON NORTH AVENUE 5,7.261
serangoon_north_avenue_5,Serangoon North Avenue 5,1312.0,32201.363,39692.222,10.895,9.048,9.048,,,SERANGOON NORTH AVENUE 5,7.249
serangoon_north_avenue_5,Serangoon North Avenue 5,1314.0,32199.365,39692.324,9.71,9.057,9.057,,,SERANGOON NORTH AVENUE 5,7.236
serangoon_north_avenue_5,Serangoon North Avenue 5,1316.0,32197.368,39692.426,8.985,9.066,9.065,,,SERANGOON NORTH AVENUE 5,7.224
serangoon_north_avenue_5,Serangoon North Avenue 5,1318.0,32195.37,39692.518,9.075,9.075,9.065,,,SERANGOON NORTH AVENUE 5,7.222
serangoon_north_avenue_5,Serangoon North Avenue 5,1320.0,32193.371,39692.584,9.645,9.065,9.065,,,SERANGOON NORTH AVENUE 5,7.245
serangoon_north_avenue_5,Serangoon North Avenue 5,1322.0,32191.372,39692.65,8.515,9.055,9.055,-0.375,1.0,SERANGOON NORTH AVENUE 5,7.269
serangoon_north_avenue_5,Serangoon North Avenue 5,1324.0,32189.373,39692.716,8.585,9.045,9.045,,,SERANGOON NORTH AVENUE 5,7.292
serangoon_north_avenue_5,Serangoon North Avenue 5,1326.0,32187.374,39692.779,9.035,9.035,9.035,,,SERANGOON NORTH AVENUE 5,7.318
serangoon_north_avenue_5,Serangoon North Avenue 5,1328.0,32185.375,39692.794,9.445,9.009,9.009,,,SERANGOON NORTH AVENUE 5,7.393
serangoon_north_avenue_5,Serangoon North Avenue 5,1330.0,32183.375,39692.808,9.475,8.982,8.982,-0.667,1.0,SERANGOON NORTH AVENUE 5,7.469
serangoon_north_avenue_5,Serangoon North Avenue 5,1332.0,32181.375,39692.823,8.955,8.955,8.982,,,SERANGOON NORTH AVENUE 5,7.544
serangoon_north_avenue_5,Serangoon North Avenue 5,1334.0,32179.375,39692.837,8.905,8.905,8.982,,,SERANGOON NORTH AVENUE 5,7.619
serangoon_north_avenue_5,Serangoon North Avenue 5,1336.0,32177.375,39692.852,9.175,9.175,9.139,,,SERANGOON NORTH AVENUE 5,7.694
serangoon_north_avenue_5,Serangoon North Avenue 5,1338.0,32175.375,39692.866,8.385,9.157,9.139,1.729,1.0,SERANGOON NORTH AVENUE 5,7.769
serangoon_north_avenue_5,Serangoon North Avenue 5,1340.0,32173.376,39692.922,9.105,9.139,9.139,-2.417,1.0,SERANGOON NORTH AVENUE 5,7.802
serangoon_north_avenue_5,Serangoon North Avenue 5,1342.0,32171.377,39692.983,9.12,9.12,9.12,,,SERANGOON NORTH AVENUE 5,7.831
serangoon_north_avenue_5,Serangoon North Avenue 5,1344.0,32169.377,39693.045,8.945,8.945,8.945,,,SERANGOON NORTH AVENUE 5,7.859
serangoon_north_avenue_5,Serangoon North Avenue 5,1346.0,32167.378,39693.106,8.795,8.795,8.795,-5.313,1.0,SERANGOON NORTH AVENUE 5,7.888
serangoon_north_avenue_5,Serangoon North Avenue 5,1348.0,32165.379,39693.167,8.695,8.695,8.695,-3.125,1.0,SERANGOON NORTH AVENUE 5,7.922
serangoon_north_avenue_5,Serangoon North Avenue 5,1350.0,32163.381,39693.238,8.665,8.665,8.695,-0.25,1.0,SERANGOON NORTH AVENUE 5,7.955
serangoon_north_avenue_5,Serangoon North Avenue 5,1352.0,32161.382,39693.319,8.62,8.62,8.695,1.75,1.0,SERANGOON NORTH AVENUE 5,7.979
serangoon_north_avenue_5,Serangoon North Avenue 5,1354.0,32159.384,39693.399,8.775,8.775,8.775,1.937,1.0,SERANGOON NORTH AVENUE 5,8.003
serangoon_north_avenue_5,Serangoon North Avenue 5,1356.0,32157.386,39693.48,8.835,8.835,8.835,2.125,1.0,SERANGOON NORTH AVENUE 5,8.026
serangoon_north_avenue_5,Serangoon North Avenue 5,1358.0,32155.387,39693.56,8.865,8.865,8.85,2.0,1.0,SERANGOON NORTH AVENUE 5,8.05
serangoon_north_avenue_5,Serangoon North Avenue 5,1360.0,32153.389,39693.651,8.85,8.85,8.865,,,SERANGOON NORTH AVENUE 5,8.063
serangoon_north_avenue_5,Serangoon North Avenue 5,1362.0,32151.392,39693.757,8.935,8.935,8.935,,,SERANGOON NORTH AVENUE 5,8.061
serangoon_north_avenue_5,Serangoon North Avenue 5,1364.0,32149.395,39693.863,10.3,9.047,9.047,3.667,1.0,SERANGOON NORTH AVENUE 5,8.059
serangoon_north_avenue_5,Serangoon North Avenue 5,1366.0,32147.398,39693.967,9.21,9.159,9.159,2.792,1.0,SERANGOON NORTH AVENUE 5,8.06
serangoon_north_avenue_5,Serangoon North Avenue 5,1368.0,32145.399,39694.048,9.27,9.27,9.159,,,SERANGOON NORTH AVENUE 5,8.083
serangoon_north_avenue_5,Serangoon North Avenue 5,1370.0,32143.401,39694.13,9.3,9.3,9.159,,,SERANGOON NORTH AVENUE 5,8.106
serangoon_north_avenue_5,Serangoon North Avenue 5,1372.0,32141.403,39694.211,9.03,9.03,9.115,-0.792,1.0,SERANGOON NORTH AVENUE 5,8.129
serangoon_north_avenue_5,Serangoon North Avenue 5,1374.0,32139.404,39694.293,9.115,9.115,9.095,-0.792,1.0,SERANGOON NORTH AVENUE 5,8.151
serangoon_north_avenue_5,Serangoon North Avenue 5,1376.0,32137.406,39694.374,9.065,9.065,9.095,-0.625,1.0,SERANGOON NORTH AVENUE 5,8.174
serangoon_north_avenue_5,Serangoon North Avenue 5,1378.0,32135.407,39694.455,9.095,9.095,9.095,,,SERANGOON NORTH AVENUE 5,8.197
serangoon_north_avenue_5,Serangoon North Avenue 5,1380.0,32133.409,39694.536,9.105,9.105,9.065,,,SERANGOON NORTH AVENUE 5,8.221
serangoon_north_avenue_5,Serangoon North Avenue 5,1382.0,32131.411,39694.616,10.345,9.041,9.041,-1.486,1.0,SERANGOON NORTH AVENUE 5,8.245
serangoon_north_avenue_5,Serangoon North Avenue 5,1384.0,32129.412,39694.697,10.12,8.976,8.981,-1.111,1.0,SERANGOON NORTH AVENUE 5,8.268
serangoon_north_avenue_5,Serangoon North Avenue 5,1386.0,32127.414,39694.777,8.912,8.912,8.976,,,SERANGOON NORTH AVENUE 5,8.292
serangoon_north_avenue_5,Serangoon North Avenue 5,1388.0,32125.415,39694.817,8.981,8.981,8.976,,,SERANGOON NORTH AVENUE 5,8.357
serangoon_north_avenue_5,Serangoon North Avenue 5,1390.0,32123.415,39694.845,8.906,8.906,8.912,0.132,1.0,SERANGOON NORTH AVENUE 5,8.433
serangoon_north_avenue_5,Serangoon North Avenue 5,1392.0,32121.415,39694.872,8.987,8.987,8.981,,,SERANGOON NORTH AVENUE 5,8.51
serangoon_north_avenue_5,Serangoon North Avenue 5,1394.0,32119.415,39694.9,8.9,8.9,8.987,,,SERANGOON NORTH AVENUE 5,8.586
serangoon_north_avenue_5,Serangoon North Avenue 5,1396.0,32117.415,39694.928,8.359,9.031,9.031,2.984,1.0,SERANGOON NORTH AVENUE 5,8.663
serangoon_north_avenue_5,Serangoon North Avenue 5,1398.0,32115.415,39694.956,9.226,9.163,9.163,2.905,1.0,SERANGOON NORTH AVENUE 5,8.738
serangoon_north_avenue_5,Serangoon North Avenue 5,1400.0,32113.416,39694.988,9.294,9.294,9.219,,,SERANGOON NORTH AVENUE 5,8.811
serangoon_north_avenue_5,Serangoon North Avenue 5,1402.0,32111.416,39695.02,9.238,9.238,9.219,,,SERANGOON NORTH AVENUE 5,8.883
serangoon_north_avenue_5,Serangoon North Avenue 5,1404.0,32109.416,39695.052,9.219,9.219,9.219,-0.781,1.0,SERANGOON NORTH AVENUE 5,8.956
serangoon_north_avenue_5,Serangoon North Avenue 5,1406.0,32107.416,39695.083,9.482,9.188,9.188,-0.781,1.0,SERANGOON NORTH AVENUE 5,9.028
serangoon_north_avenue_5,Serangoon North Avenue 5,1408.0,32105.417,39695.122,9.157,9.157,9.157,-2.746,1.0,SERANGOON NORTH AVENUE 5,9.093
serangoon_north_avenue_5,Serangoon North Avenue 5,1410.0,32103.417,39695.163,9.157,9.157,9.157,-3.916,1.0,SERANGOON NORTH AVENUE 5,9.158
serangoon_north_avenue_5,Serangoon North Avenue 5,1412.0,32101.418,39695.203,9.0,9.0,9.0,-5.086,1.0,SERANGOON NORTH AVENUE 5,9.222
serangoon_north_avenue_5,Serangoon North Avenue 5,1414.0,32099.418,39695.243,8.75,8.75,8.775,,,SERANGOON NORTH AVENUE 5,9.286
serangoon_north_avenue_5,Serangoon North Avenue 5,1416.0,32097.418,39695.283,8.775,8.775,8.75,,,SERANGOON NORTH AVENUE 5,9.35
serangoon_north_avenue_5,Serangoon North Avenue 5,1418.0,32095.423,39695.412,9.866,8.75,8.75,-0.309,1.0,SERANGOON NORTH AVENUE 5,9.325
serangoon_north_avenue_5,Serangoon North Avenue 5,1420.0,32093.428,39695.559,8.713,8.725,8.75,,,SERANGOON NORTH AVENUE 5,9.282
serangoon_north_avenue_5,Serangoon North Avenue 5,1422.0,32091.434,39695.705,8.701,8.701,8.75,,,SERANGOON NORTH AVENUE 5,9.24
serangoon_north_avenue_5,Serangoon North Avenue 5,1424.0,32089.439,39695.852,8.64,8.884,8.884,,,SERANGOON NORTH AVENUE 5,9.197
serangoon_north_avenue_5,Serangoon North Avenue 5,1426.0,32087.445,39695.999,8.715,9.067,9.067,5.867,1.0,SERANGOON NORTH AVENUE 5,9.155
serangoon_north_avenue_5,Serangoon North Avenue 5,1428.0,32085.449,39696.021,9.251,9.251,9.219,,,SERANGOON NORTH AVENUE 5,9.236
serangoon_north_avenue_5,Serangoon North Avenue 5,1430.0,32083.454,39695.892,9.219,9.219,9.219,,,SERANGOON NORTH AVENUE 5,9.469
serangoon_north_avenue_5,Serangoon North Avenue 5,1432.0,32081.458,39695.764,9.244,9.244,9.219,,,SERANGOON NORTH AVENUE 5,9.701
serangoon_north_avenue_5,Serangoon North Avenue 5,1434.0,32079.462,39695.635,9.394,8.998,8.998,,,SERANGOON NORTH AVENUE 5,9.934
serangoon_north_avenue_5,Serangoon North Avenue 5,1436.0,32077.466,39695.506,9.207,8.752,8.752,-12.009,2.0,SERANGOON NORTH AVENUE 5,10.166
serangoon_north_avenue_5,Serangoon North Avenue 5,1438.0,32075.468,39695.428,8.259,8.505,8.505,,,SERANGOON NORTH AVENUE 5,10.349
serangoon_north_avenue_5,Serangoon North Avenue 5,1440.0,32073.468,39695.394,8.259,8.259,8.259,,,SERANGOON NORTH AVENUE 5,10.487
serangoon_north_avenue_5,Serangoon North Avenue 5,1442.0,32071.469,39695.359,8.209,8.209,8.234,,,SERANGOON NORTH AVENUE 5,10.626
serangoon_north_avenue_5,Serangoon North Avenue 5,1444.0,32069.469,39695.325,8.209,8.209,8.234,0.0,1.0,SERANGOON NORTH AVENUE 5,10.764
serangoon_north_avenue_5,Serangoon North Avenue 5,1446.0,32067.469,39695.291,8.234,8.234,8.234,0.313,1.0,SERANGOON NORTH AVENUE 5,10.902
serangoon_north_avenue_5,Serangoon North Avenue 5,1448.0,32065.47,39695.257,8.259,8.259,8.259,,,SERANGOON NORTH AVENUE 5,11.041
serangoon_north_avenue_5,Serangoon North Avenue 5,1450.0,32063.477,39695.366,8.259,8.259,8.259,,,SERANGOON NORTH AVENUE 5,11.035
serangoon_north_avenue_5,Serangoon North Avenue 5,1452.0,32061.492,39695.608,8.583,8.421,8.421,,,SERANGOON NORTH AVENUE 5,10.897
serangoon_north_avenue_5,Serangoon North Avenue 5,1454.0,32059.507,39695.851,8.583,8.705,8.705,,,SERANGOON NORTH AVENUE 5,10.758
serangoon_north_avenue_5,Serangoon North Avenue 5,1456.0,32057.522,39696.093,8.55,8.989,8.989,,,SERANGOON NORTH AVENUE 5,10.62
serangoon_north_avenue_5,Serangoon North Avenue 5,1458.0,32055.536,39696.335,8.55,9.273,9.273,,,SERANGOON NORTH AVENUE 5,10.481
serangoon_north_avenue_5,Serangoon North Avenue 5,1460.0,32053.551,39696.578,9.935,9.558,9.273,,,SERANGOON NORTH AVENUE 5,10.342
serangoon_north_avenue_5,Serangoon North Avenue 5,1462.0,32051.558,39696.739,9.873,9.3,9.273,,,SERANGOON NORTH AVENUE 5,10.285
serangoon_north_avenue_5,Serangoon North Avenue 5,1464.0,32049.563,39696.882,9.898,9.042,9.042,,,SERANGOON NORTH AVENUE 5,10.246
serangoon_north_avenue_5,Serangoon North Avenue 5,1466.0,32047.568,39697.025,9.873,8.785,8.785,,,SERANGOON NORTH AVENUE 5,10.207
serangoon_north_avenue_5,Serangoon North Avenue 5,1468.0,32045.573,39697.162,8.303,8.527,8.527,,,SERANGOON NORTH AVENUE 5,10.174
serangoon_north_avenue_5,Serangoon North Avenue 5,1470.0,32043.577,39697.289,8.27,8.27,8.27,,,SERANGOON NORTH AVENUE 5,10.152
serangoon_north_avenue_5,Serangoon North Avenue 5,1472.0,32041.581,39697.416,8.27,8.27,8.27,,,SERANGOON NORTH AVENUE 5,10.129
serangoon_north_avenue_5,Serangoon North Avenue 5,1474.0,32039.585,39697.543,8.27,8.27,8.27,-2.083,1.0,SERANGOON NORTH AVENUE 5,10.106
serangoon_north_avenue_5,Serangoon North Avenue 5,1476.0,32037.588,39697.644,8.203,8.203,8.203,-2.5,1.0,SERANGOON NORTH AVENUE 5,10.11
serangoon_north_avenue_5,Serangoon North Avenue 5,1478.0,32035.588,39697.652,8.103,8.103,8.103,-2.5,1.0,SERANGOON NORTH AVENUE 5,10.205
serangoon_north_avenue_5,Serangoon North Avenue 5,1480.0,32033.588,39697.661,8.07,8.07,8.07,-1.944,1.0,SERANGOON NORTH AVENUE 5,10.301
serangoon_north_avenue_5,Serangoon North Avenue 5,1482.0,32031.588,39697.67,8.07,8.07,8.07,-0.833,1.0,SERANGOON NORTH AVENUE 5,10.396
serangoon_north_avenue_5,Serangoon North Avenue 5,1484.0,32029.588,39697.678,11.17,8.047,8.047,-0.556,1.0,SERANGOON NORTH AVENUE 5,10.492
serangoon_north_avenue_5,Serangoon North Avenue 5,1486.0,32027.588,39697.687,11.903,8.025,8.036,-0.625,1.0,SERANGOON NORTH AVENUE 5,10.587
serangoon_north_avenue_5,Serangoon North Avenue 5,1488.0,32025.589,39697.675,8.003,8.003,8.025,-0.556,1.0,SERANGOON NORTH AVENUE 5,10.703
serangoon_north_avenue_5,Serangoon North Avenue 5,1490.0,32023.59,39697.598,8.036,8.036,8.02,-0.775,1.0,SERANGOON NORTH AVENUE 5,10.885
serangoon_north_avenue_5,Serangoon North Avenue 5,1492.0,32021.592,39697.52,8.02,8.02,8.003,-0.636,1.0,SERANGOON NORTH AVENUE 5,11.067
serangoon_north_avenue_5,Serangoon North Avenue 5,1494.0,32019.593,39697.442,7.962,7.962,7.974,-0.567,1.0,SERANGOON NORTH AVENUE 5,11.248
serangoon_north_avenue_5,Serangoon North Avenue 5,1496.0,32017.595,39697.364,7.974,7.974,7.974,-0.358,1.0,SERANGOON NORTH AVENUE 5,11.43
serangoon_north_avenue_5,Serangoon North Avenue 5,1498.0,32015.595,39697.337,7.974,7.974,7.974,-0.313,1.0,SERANGOON NORTH AVENUE 5,11.562
serangoon_north_avenue_5,Serangoon North Avenue 5,1500.0,32013.595,39697.341,7.974,7.974,7.974,,,SERANGOON NORTH AVENUE 5,11.662
serangoon_north_avenue_5,Serangoon North Avenue 5,1502.0,32011.595,39697.345,7.949,7.949,7.949,,,SERANGOON NORTH AVENUE 5,11.762
serangoon_north_avenue_5,Serangoon North Avenue 5,1504.0,32009.595,39697.349,8.274,7.941,7.941,-0.625,1.0,SERANGOON NORTH AVENUE 5,11.863
serangoon_north_avenue_5,Serangoon North Avenue 5,1506.0,32007.595,39697.359,8.412,7.933,7.933,,,SERANGOON NORTH AVENUE 5,11.956
serangoon_north_avenue_5,Serangoon North Avenue 5,1508.0,32005.597,39697.448,7.924,7.924,7.924,,,SERANGOON NORTH AVENUE 5,11.971
serangoon_north_avenue_5,Serangoon North Avenue 5,1510.0,32003.599,39697.537,8.437,7.908,7.908,,,SERANGOON NORTH AVENUE 5,11.987
serangoon_north_avenue_5,Serangoon North Avenue 5,1512.0,32001.601,39697.626,8.337,7.891,7.891,-0.625,1.0,SERANGOON NORTH AVENUE 5,12.002
serangoon_north_avenue_5,Serangoon North Avenue 5,1514.0,31999.603,39697.715,7.874,7.874,7.874,,,SERANGOON NORTH AVENUE 5,12.017
serangoon_north_avenue_5,Serangoon North Avenue 5,1516.0,31997.605,39697.804,7.874,7.874,7.874,,,SERANGOON NORTH AVENUE 5,12.033
serangoon_north_avenue_5,Serangoon North Avenue 5,1518.0,31995.607,39697.888,7.849,7.849,7.849,-0.313,1.0,SERANGOON NORTH AVENUE 5,12.053
serangoon_north_avenue_5,Serangoon North Avenue 5,1520.0,31993.608,39697.964,7.849,7.849,7.849,-0.625,1.0,SERANGOON NORTH AVENUE 5,12.081
serangoon_north_avenue_5,Serangoon North Avenue 5,1522.0,31991.61,39698.04,7.849,7.849,7.849,-0.313,1.0,SERANGOON NORTH AVENUE 5,12.11
serangoon_north_avenue_5,Serangoon North Avenue 5,1524.0,31989.611,39698.116,7.824,7.824,7.824,-0.313,1.0,SERANGOON NORTH AVENUE 5,12.138
serangoon_north_avenue_5,Serangoon North Avenue 5,1526.0,31987.613,39698.191,7.799,7.799,7.824,2.969,1.0,SERANGOON NORTH AVENUE 5,12.166
serangoon_north_avenue_5,Serangoon North Avenue 5,1528.0,31985.614,39698.268,7.824,7.824,7.824,6.25,1.0,SERANGOON NORTH AVENUE 5,12.194
serangoon_north_avenue_5,Serangoon North Avenue 5,1530.0,31983.616,39698.358,8.237,8.074,8.074,,,SERANGOON NORTH AVENUE 5,12.209
serangoon_north_avenue_5,Serangoon North Avenue 5,1532.0,31981.618,39698.447,8.324,8.324,8.324,,,SERANGOON NORTH AVENUE 5,12.224
serangoon_north_avenue_5,Serangoon North Avenue 5,1534.0,31979.62,39698.536,8.699,8.355,8.355,,,SERANGOON NORTH AVENUE 5,12.239
serangoon_north_avenue_5,Serangoon North Avenue 5,1536.0,31977.622,39698.625,8.012,8.387,8.387,1.562,1.0,SERANGOON NORTH AVENUE 5,12.254
serangoon_north_avenue_5,Serangoon North Avenue 5,1538.0,31975.624,39698.714,7.774,8.418,8.418,,,SERANGOON NORTH AVENUE 5,12.269
serangoon_north_avenue_5,Serangoon North Avenue 5,1540.0,31973.625,39698.731,8.449,8.449,8.449,,,SERANGOON NORTH AVENUE 5,12.356
serangoon_north_avenue_5,Serangoon North Avenue 5,1542.0,31971.625,39698.714,8.649,8.649,8.449,,,SERANGOON NORTH AVENUE 5,12.478
serangoon_north_avenue_5,Serangoon North Avenue 5,1544.0,31969.625,39698.696,8.549,8.549,8.449,,,SERANGOON NORTH AVENUE 5,12.6
serangoon_north_avenue_5,Serangoon North Avenue 5,1546.0,31967.625,39698.678,8.424,8.337,8.337,-7.812,1.0,SERANGOON NORTH AVENUE 5,12.721
serangoon_north_avenue_5,Serangoon North Avenue 5,1548.0,31965.625,39698.661,7.799,8.124,8.124,-8.281,1.0,SERANGOON NORTH AVENUE 5,12.843
serangoon_north_avenue_5,Serangoon North Avenue 5,1550.0,31963.627,39698.597,7.824,7.824,7.824,,,SERANGOON NORTH AVENUE 5,13.011
serangoon_north_avenue_5,Serangoon North Avenue 5,1552.0,31961.635,39698.426,7.787,7.787,7.787,,,SERANGOON NORTH AVENUE 5,13.285
serangoon_north_avenue_5,Serangoon North Avenue 5,1554.0,31959.642,39698.255,7.699,7.699,7.699,-1.562,1.0,SERANGOON NORTH AVENUE 5,13.56
serangoon_north_avenue_5,Serangoon North Avenue 5,1556.0,31957.663,39698.034,7.674,7.674,7.699,,,SERANGOON NORTH AVENUE 5,13.469
serangoon_north_avenue_5,Serangoon North Avenue 5,1558.0,31955.873,39697.142,7.699,7.699,7.699,,,SERANGOON NORTH AVENUE 5,13.993
serangoon_north_avenue_5,Serangoon North Avenue 5,1560.0,31954.083,39696.25,7.749,7.987,7.987,,,SERANGOON NORTH AVENUE 5,14.516
serangoon_north_avenue_5,Serangoon North Avenue 5,1562.0,31952.293,39695.358,7.774,8.274,8.274,12.5,2.0,SERANGOON NORTH AVENUE 5,15.04
serangoon_north_avenue_5,Serangoon North Avenue 5,1564.0,31950.503,39694.465,11.874,8.562,8.562,,,SERANGOON NORTH AVENUE 5,15.428
serangoon_north_avenue_5,Serangoon North Avenue 5,1566.0,31948.714,39693.573,11.049,8.849,8.699,,,SERANGOON NORTH AVENUE 5,15.665
serangoon_north_avenue_5,Serangoon North Avenue 5,1568.0,31946.924,39692.681,9.387,8.774,8.699,,,SERANGOON NORTH AVENUE 5,15.903
serangoon_north_avenue_5,Serangoon North Avenue 5,1570.0,31945.134,39691.789,8.637,8.699,8.699,,,SERANGOON NORTH AVENUE 5,16.14
serangoon_north_avenue_5,Serangoon North Avenue 5,1572.0,31943.344,39690.896,8.624,8.624,8.699,,,SERANGOON NORTH AVENUE 5,16.224
serangoon_north_avenue_5,Serangoon North Avenue 5,1574.0,31941.554,39690.004,7.874,8.684,8.699,,,SERANGOON NORTH AVENUE 5,16.045
serangoon_north_avenue_5,Serangoon North Avenue 5,1576.0,31939.764,39689.112,8.874,8.744,8.744,,,SERANGOON NORTH AVENUE 5,15.867
serangoon_north_avenue_5,Serangoon North Avenue 5,1578.0,31937.974,39688.22,9.299,8.804,8.744,,,SERANGOON NORTH AVENUE 5,15.689
serangoon_north_avenue_5,Serangoon North Avenue 5,1580.0,31936.184,39687.327,8.699,8.864,8.744,,,SERANGOON NORTH AVENUE 5,14.936
serangoon_north_avenue_5,Serangoon North Avenue 5,1582.0,31934.481,39686.328,8.924,8.736,8.736,,,SERANGOON NORTH AVENUE 5,14.251
serangoon_north_avenue_5,Serangoon North Avenue 5,1584.0,31933.244,39684.756,9.024,8.608,8.608,,,SERANGOON NORTH AVENUE 5,14.288
serangoon_north_avenue_5,Serangoon North Avenue 5,1586.0,31932.007,39683.185,8.599,8.321,8.321,,,SERANGOON NORTH AVENUE 5,14.325
serangoon_north_avenue_5,Serangoon North Avenue 5,1588.0,31930.77,39681.614,7.974,8.035,8.035,,,SERANGOON NORTH AVENUE 5,14.362
serangoon_north_avenue_5,Serangoon North Avenue 5,1590.0,31929.532,39680.042,7.749,7.749,7.824,,,SERANGOON NORTH AVENUE 5,14.399
serangoon_north_avenue_5,Serangoon North Avenue 5,1592.0,31928.442,39678.376,7.774,7.774,7.824,,,SERANGOON NORTH AVENUE 5,14.61
serangoon_north_avenue_5,Serangoon North Avenue 5,1594.0,31927.512,39676.605,7.824,7.824,7.824,,,SERANGOON NORTH AVENUE 5,15.01
serangoon_north_avenue_5,Serangoon North Avenue 5,1596.0,31926.581,39674.835,9.762,7.834,7.834,,,SERANGOON NORTH AVENUE 5,15.077
serangoon_north_avenue_5,Serangoon North Avenue 5,1598.0,31925.651,39673.064,8.849,7.843,7.843,,,SERANGOON NORTH AVENUE 5,14.919
serangoon_north_avenue_5,Serangoon North Avenue 5,1600.0,31924.721,39671.294,8.024,7.852,7.852,,,SERANGOON NORTH AVENUE 5,14.761
serangoon_north_avenue_5,Serangoon North Avenue 5,1602.0,31923.791,39669.523,13.124,7.862,7.862,,,SERANGOON NORTH AVENUE 5,14.603
serangoon_north_avenue_5,Serangoon North Avenue 5,1604.0,31923.088,39667.657,8.937,7.871,7.871,,,SERANGOON NORTH AVENUE 5,14.557
serangoon_north_avenue_5,Serangoon North Avenue 5,1606.0,31922.477,39665.753,9.324,7.88,7.88,,,SERANGOON NORTH AVENUE 5,14.481
serangoon_north_avenue_5,Serangoon North Avenue 5,1608.0,31921.866,39663.849,7.874,7.89,7.88,,,SERANGOON NORTH AVENUE 5,14.406
serangoon_north_avenue_5,Serangoon North Avenue 5,1610.0,31921.254,39661.944,7.899,7.899,7.89,,,SERANGOON NORTH AVENUE 5,14.33
serangoon_north_avenue_5,Serangoon North Avenue 5,1612.0,31920.657,39660.037,7.849,7.849,7.899,,,SERANGOON NORTH AVENUE 5,14.269
serangoon_north_avenue_5,Serangoon North Avenue 5,1614.0,31920.321,39658.065,8.199,8.078,8.078,5.221,1.0,SERANGOON NORTH AVENUE 5,14.476
serangoon_north_avenue_5,Serangoon North Avenue 5,1616.0,31919.984,39656.094,7.924,8.308,8.308,,,SERANGOON NORTH AVENUE 5,14.683
serangoon_north_avenue_5,Serangoon North Avenue 5,1618.0,31919.648,39654.122,8.537,8.537,8.308,,,SERANGOON NORTH AVENUE 5,14.487
serangoon_north_avenue_5,Serangoon North Avenue 5,1620.0,31919.311,39652.151,9.774,8.379,8.308,,,SERANGOON NORTH AVENUE 5,14.231
serangoon_north_avenue_5,Serangoon North Avenue 5,1622.0,31918.975,39650.179,10.449,8.222,8.222,,,SERANGOON NORTH AVENUE 5,13.975
serangoon_north_avenue_5,Serangoon North Avenue 5,1624.0,31918.73,39648.196,9.024,8.064,8.064,,,SERANGOON NORTH AVENUE 5,13.81
serangoon_north_avenue_5,Serangoon North Avenue 5,1626.0,31918.557,39646.203,7.762,7.907,7.907,,,SERANGOON NORTH AVENUE 5,13.719
serangoon_north_avenue_5,Serangoon North Avenue 5,1628.0,31918.384,39644.211,7.749,7.749,7.749,,,SERANGOON NORTH AVENUE 5,13.627
serangoon_north_avenue_5,Serangoon North Avenue 5,1630.0,31918.211,39642.218,7.524,7.524,7.599,,,SERANGOON NORTH AVENUE 5,13.535
serangoon_north_avenue_5,Serangoon North Avenue 5,1632.0,31918.039,39640.226,7.599,7.599,7.549,-2.969,1.0,SERANGOON NORTH AVENUE 5,13.444
serangoon_north_avenue_5,Serangoon North Avenue 5,1634.0,31917.866,39638.233,7.549,7.549,7.524,-1.25,1.0,SERANGOON NORTH AVENUE 5,13.352
serangoon_north_avenue_5,Serangoon North Avenue 5,1636.0,31917.697,39636.241,7.499,7.499,7.512,-0.625,1.0,SERANGOON NORTH AVENUE 5,13.264
serangoon_north_avenue_5,Serangoon North Avenue 5,1638.0,31917.543,39634.246,7.512,7.512,7.499,-0.469,1.0,SERANGOON NORTH AVENUE 5,13.192
serangoon_north_avenue_5,Serangoon North Avenue 5,1640.0,31917.39,39632.252,7.487,7.487,7.499,-0.469,1.0,SERANGOON NORTH AVENUE 5,13.119
serangoon_north_avenue_5,Serangoon North Avenue 5,1642.0,31917.245,39630.258,7.474,7.474,7.487,,,SERANGOON NORTH AVENUE 5,13.055
serangoon_north_avenue_5,Serangoon North Avenue 5,1644.0,31917.169,39628.259,7.499,7.499,7.474,,,SERANGOON NORTH AVENUE 5,13.061
serangoon_north_avenue_5,Serangoon North Avenue 5,1646.0,31917.094,39626.261,8.524,7.462,7.462,,,SERANGOON NORTH AVENUE 5,13.067
serangoon_north_avenue_5,Serangoon North Avenue 5,1648.0,31917.018,39624.262,7.724,7.424,7.424,-1.562,1.0,SERANGOON NORTH AVENUE 5,13.072
serangoon_north_avenue_5,Serangoon North Avenue 5,1650.0,31916.943,39622.263,7.349,7.387,7.387,,,SERANGOON NORTH AVENUE 5,13.078
serangoon_north_avenue_5,Serangoon North Avenue 5,1652.0,31916.867,39620.265,7.349,7.349,7.349,,,SERANGOON NORTH AVENUE 5,13.084
serangoon_north_avenue_5,Serangoon North Avenue 5,1654.0,31916.792,39618.266,7.349,7.349,7.349,,,SERANGOON NORTH AVENUE 5,13.09
serangoon_north_avenue_5,Serangoon North Avenue 5,1656.0,31916.716,39616.268,7.349,7.349,7.349,,,SERANGOON NORTH AVENUE 5,13.095
serangoon_north_avenue_5,Serangoon North Avenue 5,1658.0,31916.641,39614.269,7.399,7.399,7.399,,,SERANGOON NORTH AVENUE 5,13.101
serangoon_north_avenue_5,Serangoon North Avenue 5,1660.0,31916.565,39612.271,8.399,7.627,7.627,,,SERANGOON NORTH AVENUE 5,13.107
serangoon_north_avenue_5,Serangoon North Avenue 5,1662.0,31916.49,39610.272,8.312,7.855,7.855,,,SERANGOON NORTH AVENUE 5,13.112
serangoon_north_avenue_5,Serangoon North Avenue 5,1664.0,31916.414,39608.273,8.874,8.084,7.855,,,SERANGOON NORTH AVENUE 5,13.118
serangoon_north_avenue_5,Serangoon North Avenue 5,1666.0,31916.339,39606.275,8.087,7.855,7.855,,,SERANGOON NORTH AVENUE 5,13.124
serangoon_north_avenue_5,Serangoon North Avenue 5,1668.0,31916.266,39604.276,7.412,7.627,7.627,,,SERANGOON NORTH AVENUE 5,13.133
serangoon_north_avenue_5,Serangoon North Avenue 5,1670.0,31916.21,39602.277,7.399,7.399,7.399,,,SERANGOON NORTH AVENUE 5,13.158
serangoon_north_avenue_5,Serangoon North Avenue 5,1672.0,31916.154,39600.278,7.399,7.399,7.399,,,SERANGOON NORTH AVENUE 5,13.183
serangoon_north_avenue_5,Serangoon North Avenue 5,1674.0,31916.098,39598.279,7.374,7.374,7.399,,,SERANGOON NORTH AVENUE 5,13.208
serangoon_north_avenue_5,Serangoon North Avenue 5,1676.0,31916.041,39596.279,7.374,7.374,7.399,,,SERANGOON NORTH AVENUE 5,13.233
serangoon_north_avenue_5,Serangoon North Avenue 5,1678.0,31915.991,39594.28,7.824,7.439,7.439,,,SERANGOON NORTH AVENUE 5,13.264
serangoon_north_avenue_5,Serangoon North Avenue 5,1680.0,31915.949,39592.28,8.524,7.504,7.504,,,SERANGOON NORTH AVENUE 5,13.303
serangoon_north_avenue_5,Serangoon North Avenue 5,1682.0,31915.907,39590.281,7.987,7.569,7.569,,,SERANGOON NORTH AVENUE 5,13.342
serangoon_north_avenue_5,Serangoon North Avenue 5,1684.0,31915.865,39588.281,7.649,7.634,7.634,,,SERANGOON NORTH AVENUE 5,13.381
serangoon_north_avenue_5,Serangoon North Avenue 5,1686.0,31915.822,39586.282,7.699,7.699,7.699,,,SERANGOON NORTH AVENUE 5,13.42
serangoon_north_avenue_5,Serangoon North Avenue 5,1688.0,31915.746,39584.284,7.799,7.799,7.787,,,SERANGOON NORTH AVENUE 5,13.425
serangoon_north_avenue_5,Serangoon North Avenue 5,1690.0,31915.619,39582.288,7.787,7.787,7.787,0.625,1.0,SERANGOON NORTH AVENUE 5,13.379
serangoon_north_avenue_5,Serangoon North Avenue 5,1692.0,31915.492,39580.292,7.799,7.799,7.787,-0.781,1.0,SERANGOON NORTH AVENUE 5,13.333
serangoon_north_avenue_5,Serangoon North Avenue 5,1694.0,31915.365,39578.296,7.749,7.749,7.749,-0.938,1.0,SERANGOON NORTH AVENUE 5,13.287
serangoon_north_avenue_5,Serangoon North Avenue 5,1696.0,31915.237,39576.3,7.712,7.712,7.724,-1.25,1.0,SERANGOON NORTH AVENUE 5,13.241
serangoon_north_avenue_5,Serangoon North Avenue 5,1698.0,31915.11,39574.304,7.724,7.724,7.712,,,SERANGOON NORTH AVENUE 5,13.195
serangoon_north_avenue_5,Serangoon North Avenue 5,1700.0,31914.983,39572.308,7.687,7.687,7.687,,,SERANGOON NORTH AVENUE 5,13.149
serangoon_north_avenue_5,Serangoon North Avenue 5,1702.0,31914.856,39570.312,8.737,7.64,7.64,,,SERANGOON NORTH AVENUE 5,13.103
serangoon_north_avenue_5,Serangoon North Avenue 5,1704.0,31914.729,39568.316,8.562,7.593,7.593,-1.758,1.0,SERANGOON NORTH AVENUE 5,13.057
serangoon_north_avenue_5,Serangoon North Avenue 5,1706.0,31914.601,39566.32,11.199,7.546,7.546,,,SERANGOON NORTH AVENUE 5,13.011
serangoon_north_avenue_5,Serangoon North Avenue 5,1708.0,31914.474,39564.324,7.499,7.499,7.546,,,SERANGOON NORTH AVENUE 5,12.965
serangoon_north_avenue_5,Serangoon North Avenue 5,1710.0,31914.347,39562.328,7.449,7.449,7.546,,,SERANGOON NORTH AVENUE 5,12.919
serangoon_north_avenue_5,Serangoon North Avenue 5,1712.0,31914.22,39560.332,7.574,7.699,7.699,,,SERANGOON NORTH AVENUE 5,12.873
serangoon_north_avenue_5,Serangoon North Avenue 5,1714.0,31914.128,39558.336,7.949,7.949,7.949,9.771,2.0,SERANGOON NORTH AVENUE 5,12.862
serangoon_north_avenue_5,Serangoon North Avenue 5,1716.0,31914.195,39556.337,7.899,8.187,8.187,,,SERANGOON NORTH AVENUE 5,13.011
serangoon_north_avenue_5,Serangoon North Avenue 5,1718.0,31914.263,39554.338,8.424,8.424,8.328,,,SERANGOON NORTH AVENUE 5,13.159
serangoon_north_avenue_5,Serangoon North Avenue 5,1720.0,31914.33,39552.339,8.899,8.376,8.328,,,SERANGOON NORTH AVENUE 5,13.308
serangoon_north_avenue_5,Serangoon North Avenue 5,1722.0,31914.397,39550.34,8.574,8.328,8.328,,,SERANGOON NORTH AVENUE 5,13.456
serangoon_north_avenue_5,Serangoon North Avenue 5,1724.0,31914.429,39548.342,9.337,8.28,8.28,,,SERANGOON NORTH AVENUE 5,13.569
serangoon_north_avenue_5,Serangoon North Avenue 5,1726.0,31914.295,39546.347,8.524,8.231,8.231,,,SERANGOON NORTH AVENUE 5,13.516
serangoon_north_avenue_5,Serangoon North Avenue 5,1728.0,31914.16,39544.351,9.074,8.183,8.183,,,SERANGOON NORTH AVENUE 5,13.462
serangoon_north_avenue_5,Serangoon North Avenue 5,1730.0,31914.026,39542.356,8.274,8.135,8.135,,,SERANGOON NORTH AVENUE 5,13.409
serangoon_north_avenue_5,Serangoon North Avenue 5,1732.0,31913.891,39540.36,10.574,7.898,7.898,,,SERANGOON NORTH AVENUE 5,13.355
serangoon_north_avenue_5,Serangoon North Avenue 5,1734.0,31913.756,39538.365,7.899,7.661,7.661,,,SERANGOON NORTH AVENUE 5,13.302
serangoon_north_avenue_5,Serangoon North Avenue 5,1736.0,31913.612,39536.37,7.424,7.424,7.424,,,SERANGOON NORTH AVENUE 5,13.239
serangoon_north_avenue_5,Serangoon North Avenue 5,1738.0,31913.464,39534.375,7.399,7.399,7.399,,,SERANGOON NORTH AVENUE 5,13.172
serangoon_north_avenue_5,Serangoon North Avenue 5,1740.0,31913.315,39532.381,7.399,7.399,7.399,-0.313,1.0,SERANGOON NORTH AVENUE 5,13.104
serangoon_north_avenue_5,Serangoon North Avenue 5,1742.0,31913.166,39530.387,7.399,7.399,7.399,-0.234,1.0,SERANGOON NORTH AVENUE 5,13.036
serangoon_north_avenue_5,Serangoon North Avenue 5,1744.0,31913.017,39528.392,7.374,7.374,7.399,-0.312,1.0,SERANGOON NORTH AVENUE 5,12.968
serangoon_north_avenue_5,Serangoon North Avenue 5,1746.0,31912.956,39526.395,7.374,7.374,7.38,0.26,1.0,SERANGOON NORTH AVENUE 5,12.989
serangoon_north_avenue_5,Serangoon North Avenue 5,1748.0,31912.987,39524.395,9.724,7.512,7.374,0.833,1.0,SERANGOON NORTH AVENUE 5,13.101
serangoon_north_avenue_5,Serangoon North Avenue 5,1750.0,31913.017,39522.395,7.649,7.38,7.38,,,SERANGOON NORTH AVENUE 5,13.212
serangoon_north_avenue_5,Serangoon North Avenue 5,1752.0,31913.047,39520.396,7.249,7.249,7.466,,,SERANGOON NORTH AVENUE 5,13.323
serangoon_north_avenue_5,Serangoon North Avenue 5,1754.0,31913.077,39518.396,7.249,7.466,7.466,,,SERANGOON NORTH AVENUE 5,13.435
serangoon_north_avenue_5,Serangoon North Avenue 5,1756.0,31913.108,39516.396,7.224,7.683,7.683,6.116,1.0,SERANGOON NORTH AVENUE 5,13.546
serangoon_north_avenue_5,Serangoon North Avenue 5,1758.0,31913.037,39514.399,7.899,7.899,7.899,,,SERANGOON NORTH AVENUE 5,13.556
serangoon_north_avenue_5,Serangoon North Avenue 5,1760.0,31912.913,39512.403,7.955,7.955,7.955,,,SERANGOON NORTH AVENUE 5,13.514
serangoon_north_avenue_5,Serangoon North Avenue 5,1762.0,31912.79,39510.406,8.03,8.03,7.955,,,SERANGOON NORTH AVENUE 5,13.493
serangoon_north_avenue_5,Serangoon North Avenue 5,1764.0,31912.667,39508.41,8.397,7.984,7.955,,,SERANGOON NORTH AVENUE 5,13.493
serangoon_north_avenue_5,Serangoon North Avenue 5,1766.0,31912.544,39506.414,8.047,7.938,7.938,-0.781,1.0,SERANGOON NORTH AVENUE 5,13.459
serangoon_north_avenue_5,Serangoon North Avenue 5,1768.0,31912.421,39504.418,8.174,7.893,7.893,,,SERANGOON NORTH AVENUE 5,13.424
serangoon_north_avenue_5,Serangoon North Avenue 5,1770.0,31912.298,39502.421,7.847,7.847,7.893,,,SERANGOON NORTH AVENUE 5,13.389
serangoon_north_avenue_5,Serangoon North Avenue 5,1772.0,31912.175,39500.425,7.78,7.78,7.893,,,SERANGOON NORTH AVENUE 5,13.354
serangoon_north_avenue_5,Serangoon North Avenue 5,1774.0,31912.051,39498.429,7.949,7.949,7.949,,,SERANGOON NORTH AVENUE 5,13.32
serangoon_north_avenue_5,Serangoon North Avenue 5,1776.0,31911.928,39496.433,7.624,8.039,8.039,,,SERANGOON NORTH AVENUE 5,13.285
serangoon_north_avenue_5,Serangoon North Avenue 5,1778.0,31911.805,39494.437,8.174,8.128,8.128,,,SERANGOON NORTH AVENUE 5,13.25
serangoon_north_avenue_5,Serangoon North Avenue 5,1780.0,31911.682,39492.44,7.474,8.217,8.217,,,SERANGOON NORTH AVENUE 5,13.216
serangoon_north_avenue_5,Serangoon North Avenue 5,1782.0,31911.495,39490.45,8.787,8.306,8.306,,,SERANGOON NORTH AVENUE 5,13.117
serangoon_north_avenue_5,Serangoon North Avenue 5,1784.0,31911.276,39488.462,9.462,8.396,8.396,,,SERANGOON NORTH AVENUE 5,12.986
serangoon_north_avenue_5,Serangoon North Avenue 5,1786.0,31911.057,39486.474,9.274,8.485,8.485,,,SERANGOON NORTH AVENUE 5,12.855
serangoon_north_avenue_5,Serangoon North Avenue 5,1788.0,31910.838,39484.486,8.574,8.574,8.574,,,SERANGOON NORTH AVENUE 5,12.724
serangoon_north_avenue_5,Serangoon North Avenue 5,1790.0,31910.618,39482.498,8.624,8.624,8.616,,,SERANGOON NORTH AVENUE 5,12.593
serangoon_north_avenue_5,Serangoon North Avenue 5,1792.0,31910.647,39480.498,9.005,8.62,8.616,,,SERANGOON NORTH AVENUE 5,12.71
serangoon_north_avenue_5,Serangoon North Avenue 5,1794.0,31910.68,39478.499,10.88,8.616,8.616,,,SERANGOON NORTH AVENUE 5,12.832
serangoon_north_avenue_5,Serangoon North Avenue 5,1796.0,31910.713,39476.499,7.755,8.612,8.612,,,SERANGOON NORTH AVENUE 5,12.953
serangoon_north_avenue_5,Serangoon North Avenue 5,1798.0,31910.746,39474.499,9.055,8.609,8.609,,,SERANGOON NORTH AVENUE 5,13.075
serangoon_north_avenue_5,Serangoon North Avenue 5,1800.0,31910.779,39472.499,9.755,8.605,8.605,,,SERANGOON NORTH AVENUE 5,13.196
serangoon_north_avenue_5,Serangoon North Avenue 5,1802.0,31910.779,39470.5,8.463,8.601,8.601,,,SERANGOON NORTH AVENUE 5,13.285
serangoon_north_avenue_5,Serangoon North Avenue 5,1804.0,31910.722,39468.501,8.597,8.597,8.597,,,SERANGOON NORTH AVENUE 5,13.316
serangoon_north_avenue_5,Serangoon North Avenue 5,1806.0,31910.665,39466.502,7.599,8.597,8.597,,,SERANGOON NORTH AVENUE 5,13.347
serangoon_north_avenue_5,Serangoon North Avenue 5,1808.0,31910.607,39464.502,8.564,8.597,8.597,0.0,1.0,SERANGOON NORTH AVENUE 5,13.379
serangoon_north_avenue_5,Serangoon North Avenue 5,1810.0,31910.528,39462.504,8.597,8.597,8.597,,,SERANGOON NORTH AVENUE 5,13.388
serangoon_north_avenue_5,Serangoon North Avenue 5,1812.0,31910.436,39460.506,8.613,8.613,8.597,,,SERANGOON NORTH AVENUE 5,13.384
serangoon_north_avenue_5,Serangoon North Avenue 5,1814.0,31910.343,39458.508,8.58,8.58,8.613,1.042,1.0,SERANGOON NORTH AVENUE 5,13.38
serangoon_north_avenue_5,Serangoon North Avenue 5,1816.0,31910.251,39456.51,8.797,8.797,8.68,1.042,1.0,SERANGOON NORTH AVENUE 5,13.377
serangoon_north_avenue_5,Serangoon North Avenue 5,1818.0,31910.159,39454.513,10.363,8.738,8.68,,,SERANGOON NORTH AVENUE 5,13.373
serangoon_north_avenue_5,Serangoon North Avenue 5,1820.0,31910.082,39452.514,8.68,8.68,8.68,,,SERANGOON NORTH AVENUE 5,13.384
serangoon_north_avenue_5,Serangoon North Avenue 5,1822.0,31910.01,39450.515,9.863,8.635,8.635,-1.131,1.0,SERANGOON NORTH AVENUE 5,13.401
serangoon_north_avenue_5,Serangoon North Avenue 5,1824.0,31909.939,39448.517,8.582,8.59,8.59,-1.131,1.0,SERANGOON NORTH AVENUE 5,13.418
serangoon_north_avenue_5,Serangoon North Avenue 5,1826.0,31909.867,39446.518,8.544,8.544,8.59,,,SERANGOON NORTH AVENUE 5,13.435
serangoon_north_avenue_5,Serangoon North Avenue 5,1828.0,31909.796,39444.519,8.369,8.369,8.59,,,SERANGOON NORTH AVENUE 5,13.452
serangoon_north_avenue_5,Serangoon North Avenue 5,1830.0,31909.724,39442.52,10.482,8.635,8.635,,,SERANGOON NORTH AVENUE 5,13.47
serangoon_north_avenue_5,Serangoon North Avenue 5,1832.0,31909.643,39440.522,8.822,8.9,8.9,,,SERANGOON NORTH AVENUE 5,13.476
serangoon_north_avenue_5,Serangoon North Avenue 5,1834.0,31909.465,39438.53,11.237,9.173,9.173,,,SERANGOON NORTH AVENUE 5,13.386
serangoon_north_avenue_5,Serangoon North Avenue 5,1836.0,31909.286,39436.538,9.632,9.446,9.446,,,SERANGOON NORTH AVENUE 5,13.297
serangoon_north_avenue_5,Serangoon North Avenue 5,1838.0,31909.108,39434.546,11.572,9.719,9.719,,,SERANGOON NORTH AVENUE 5,13.207
serangoon_north_avenue_5,Serangoon North Avenue 5,1840.0,31908.93,39432.554,9.993,9.993,9.719,,,SERANGOON NORTH AVENUE 5,13.117
serangoon_north_avenue_5,Serangoon North Avenue 5,1842.0,31908.752,39430.562,9.78,9.78,9.719,,,SERANGOON NORTH AVENUE 5,13.027
serangoon_north_avenue_5,Serangoon North Avenue 5,1844.0,31908.573,39428.57,9.888,9.607,9.607,,,SERANGOON NORTH AVENUE 5,12.937
serangoon_north_avenue_5,Serangoon North Avenue 5,1846.0,31908.395,39426.578,9.435,9.435,9.435,-9.071,2.0,SERANGOON NORTH AVENUE 5,12.847
serangoon_north_avenue_5,Serangoon North Avenue 5,1848.0,31908.217,39424.586,8.863,9.214,9.214,,,SERANGOON NORTH AVENUE 5,12.757
serangoon_north_avenue_5,Serangoon North Avenue 5,1850.0,31908.039,39422.594,8.994,8.994,8.994,,,SERANGOON NORTH AVENUE 5,12.667
serangoon_north_avenue_5,Serangoon North Avenue 5,1852.0,31907.86,39420.602,8.927,8.927,8.927,,,SERANGOON NORTH AVENUE 5,12.577
serangoon_north_avenue_5,Serangoon North Avenue 5,1854.0,31907.682,39418.61,9.644,8.702,8.702,,,SERANGOON NORTH AVENUE 5,12.487
serangoon_north_avenue_5,Serangoon North Avenue 5,1856.0,31907.504,39416.618,8.852,8.476,8.476,,,SERANGOON NORTH AVENUE 5,12.398
serangoon_north_avenue_5,Serangoon North Avenue 5,1858.0,31907.356,39414.624,9.527,8.251,8.251,,,SERANGOON NORTH AVENUE 5,12.338
serangoon_north_avenue_5,Serangoon North Avenue 5,1860.0,31907.225,39412.628,8.344,8.026,8.026,,,SERANGOON NORTH AVENUE 5,12.296
serangoon_north_avenue_5,Serangoon North Avenue 5,1862.0,31907.095,39410.632,8.319,7.801,8.026,,,SERANGOON NORTH AVENUE 5,12.254
serangoon_north_avenue_5,Serangoon North Avenue 5,1864.0,31906.965,39408.636,7.575,8.004,8.026,,,SERANGOON NORTH AVENUE 5,12.212
serangoon_north_avenue_5,Serangoon North Avenue 5,1866.0,31906.835,39406.641,7.538,8.206,8.206,,,SERANGOON NORTH AVENUE 5,12.17
serangoon_north_avenue_5,Serangoon North Avenue 5,1868.0,31906.719,39404.644,7.863,8.473,8.473,,,SERANGOON NORTH AVENUE 5,12.144
serangoon_north_avenue_5,Serangoon North Avenue 5,1870.0,31906.628,39402.646,8.344,8.74,8.74,,,SERANGOON NORTH AVENUE 5,12.14
serangoon_north_avenue_5,Serangoon North Avenue 5,1872.0,31906.536,39400.648,8.473,8.948,8.948,,,SERANGOON NORTH AVENUE 5,12.137
serangoon_north_avenue_5,Serangoon North Avenue 5,1874.0,31906.444,39398.65,10.144,9.155,9.155,,,SERANGOON NORTH AVENUE 5,12.134
serangoon_north_avenue_5,Serangoon North Avenue 5,1876.0,31906.353,39396.652,9.894,9.362,9.362,,,SERANGOON NORTH AVENUE 5,12.131
serangoon_north_avenue_5,Serangoon North Avenue 5,1878.0,31906.259,39394.655,10.064,9.57,9.489,,,SERANGOON NORTH AVENUE 5,12.126
serangoon_north_avenue_5,Serangoon North Avenue 5,1880.0,31906.148,39392.658,9.502,9.777,9.489,,,SERANGOON NORTH AVENUE 5,12.104
serangoon_north_avenue_5,Serangoon North Avenue 5,1882.0,31906.037,39390.661,9.489,9.489,9.489,,,SERANGOON NORTH AVENUE 5,12.081
serangoon_north_avenue_5,Serangoon North Avenue 5,1884.0,31905.927,39388.664,9.839,9.471,9.471,,,SERANGOON NORTH AVENUE 5,12.059
serangoon_north_avenue_5,Serangoon North Avenue 5,1886.0,31905.816,39386.667,9.744,9.453,9.453,-0.457,1.0,SERANGOON NORTH AVENUE 5,12.037
serangoon_north_avenue_5,Serangoon North Avenue 5,1888.0,31905.689,39384.671,9.435,9.435,9.453,,,SERANGOON NORTH AVENUE 5,11.998
serangoon_north_avenue_5,Serangoon North Avenue 5,1890.0,31905.54,39382.676,9.18,9.18,9.453,,,SERANGOON NORTH AVENUE 5,11.938
serangoon_north_avenue_5,Serangoon North Avenue 5,1892.0,31905.391,39380.682,8.86,9.476,9.476,6.944,1.0,SERANGOON NORTH AVENUE 5,11.878
serangoon_north_avenue_5,Serangoon North Avenue 5,1894.0,31905.243,39378.688,9.78,9.772,9.772,,,SERANGOON NORTH AVENUE 5,11.817
serangoon_north_avenue_5,Serangoon North Avenue 5,1896.0,31905.094,39376.693,10.069,10.069,10.008,,,SERANGOON NORTH AVENUE 5,11.757
serangoon_north_avenue_5,Serangoon North Avenue 5,1898.0,31904.907,39374.702,11.539,10.039,10.008,,,SERANGOON NORTH AVENUE 5,11.659
serangoon_north_avenue_5,Serangoon North Avenue 5,1900.0,31904.685,39372.715,13.414,10.008,10.008,,,SERANGOON NORTH AVENUE 5,11.524
serangoon_north_avenue_5,Serangoon North Avenue 5,1902.0,31904.462,39370.727,10.339,9.978,9.978,,,SERANGOON NORTH AVENUE 5,11.39
serangoon_north_avenue_5,Serangoon North Avenue 5,1904.0,31904.24,39368.739,11.464,9.948,9.948,,,SERANGOON NORTH AVENUE 5,11.256
serangoon_north_avenue_5,Serangoon North Avenue 5,1906.0,31904.017,39366.752,10.569,9.918,9.918,,,SERANGOON NORTH AVENUE 5,11.121
serangoon_north_avenue_5,Serangoon North Avenue 5,1908.0,31903.627,39364.794,9.744,9.888,9.888,,,SERANGOON NORTH AVENUE 5,10.818
serangoon_north_avenue_5,Serangoon North Avenue 5,1910.0,31903.157,39362.85,9.052,9.858,9.858,,,SERANGOON NORTH AVENUE 5,10.434
serangoon_north_avenue_5,Serangoon North Avenue 5,1912.0,31902.686,39360.906,8.985,9.828,9.858,,,SERANGOON NORTH AVENUE 5,10.05
serangoon_north_avenue_5,Serangoon North Avenue 5,1914.0,31902.216,39358.962,9.798,9.798,9.858,,,SERANGOON NORTH AVENUE 5,9.667
serangoon_north_avenue_5,Serangoon North Avenue 5,1916.0,31901.746,39357.018,8.706,9.992,9.912,,,SERANGOON NORTH AVENUE 5,9.283
serangoon_north_avenue_5,Serangoon North Avenue 5,1918.0,31901.275,39355.074,10.235,10.185,9.912,,,SERANGOON NORTH AVENUE 5,8.899
serangoon_north_avenue_5,Serangoon North Avenue 5,1920.0,31900.805,39353.13,14.21,9.912,9.912,,,SERANGOON NORTH AVENUE 5,8.515
serangoon_north_avenue_5,Serangoon North Avenue 5,1922.0,31900.334,39351.186,10.523,9.638,9.638,,,SERANGOON NORTH AVENUE 5,8.131
serangoon_north_avenue_5,Serangoon North Avenue 5,1924.0,31899.864,39349.243,14.214,9.364,9.364,,,SERANGOON NORTH AVENUE 5,7.747
serangoon_north_avenue_5,Serangoon North Avenue 5,1926.0,31899.394,39347.299,9.302,9.091,9.091,,,SERANGOON NORTH AVENUE 5,7.363
serangoon_north_avenue_5,Serangoon North Avenue 5,1928.0,31898.923,39345.355,9.552,8.817,8.817,,,SERANGOON NORTH AVENUE 5,6.98
serangoon_north_avenue_5,Serangoon North Avenue 5,1930.0,31898.453,39343.411,8.544,8.544,8.619,,,SERANGOON NORTH AVENUE 5,6.596
serangoon_north_avenue_5,Serangoon North Avenue 5,1932.0,31897.669,39341.947,8.585,8.585,8.585,,,SERANGOON NORTH AVENUE 5,5.877
serangoon_north_avenue_5,Serangoon North Avenue 5,1934.0,31895.7,39342.298,8.619,8.619,8.585,,,SERANGOON NORTH AVENUE 5,3.894
serangoon_north_avenue_5,Serangoon North Avenue 5,1936.0,31893.731,39342.649,8.498,8.498,8.619,,,SERANGOON NORTH AVENUE 5,1.912
serangoon_north_avenue_5,Serangoon North Avenue 5,1938.0,31891.762,39342.999,7.265,8.623,8.623,0.747,1.0,SERANGOON NORTH AVENUE 5,0.071
serangoon_north_avenue_5,Serangoon North Avenue 5,1940.0,31889.793,39343.35,8.948,8.748,8.645,,,SERANGOON NORTH AVENUE 5,2.053
serangoon_north_avenue_5,Serangoon North Avenue 5,1942.0,31887.824,39343.7,8.873,8.873,8.645,,,SERANGOON NORTH AVENUE 5,4.036
serangoon_north_avenue_5,Serangoon North Avenue 5,1944.0,31886.421,39344.873,8.956,8.645,8.645,,,SERANGOON NORTH AVENUE 5,5.489
serangoon_north_avenue_5,Serangoon North Avenue 5,1946.0,31885.391,39346.588,7.864,8.417,8.417,-2.847,1.0,SERANGOON NORTH AVENUE 5,6.594
serangoon_north_avenue_5,Serangoon North Avenue 5,1948.0,31884.362,39348.303,8.189,8.189,8.417,,,SERANGOON NORTH AVENUE 5,7.698
serangoon_north_avenue_5,Serangoon North Avenue 5,1950.0,31883.332,39350.017,8.398,8.398,8.417,,,SERANGOON NORTH AVENUE 5,8.803
serangoon_north_avenue_5,Serangoon North Avenue 5,1952.0,31882.728,39351.836,8.16,8.431,8.431,,,SERANGOON NORTH AVENUE 5,9.487
serangoon_north_avenue_5,Serangoon North Avenue 5,1954.0,31882.848,39353.832,8.189,8.465,8.465,,,SERANGOON NORTH AVENUE 5,9.455
serangoon_north_avenue_5,Serangoon North Avenue 5,1956.0,31882.969,39355.829,8.156,8.75,8.75,,,SERANGOON NORTH AVENUE 5,9.423
serangoon_north_avenue_5,Serangoon North Avenue 5,1958.0,31883.09,39357.825,9.756,9.035,9.035,,,SERANGOON NORTH AVENUE 5,9.391
serangoon_north_avenue_5,Serangoon North Avenue 5,1960.0,31883.21,39359.821,9.769,9.32,9.32,,,SERANGOON NORTH AVENUE 5,9.359
serangoon_north_avenue_5,Serangoon North Avenue 5,1962.0,31883.331,39361.818,9.094,9.566,9.566,,,SERANGOON NORTH AVENUE 5,9.327
serangoon_north_avenue_5,Serangoon North Avenue 5,1964.0,31883.439,39363.815,10.523,9.812,9.812,,,SERANGOON NORTH AVENUE 5,9.307
serangoon_north_avenue_5,Serangoon North Avenue 5,1966.0,31883.521,39365.813,11.264,9.833,9.833,,,SERANGOON NORTH AVENUE 5,9.313
serangoon_north_avenue_5,Serangoon North Avenue 5,1968.0,31883.603,39367.811,11.264,9.855,9.855,,,SERANGOON NORTH AVENUE 5,9.32
serangoon_north_avenue_5,Serangoon North Avenue 5,1970.0,31883.685,39369.81,9.402,9.876,9.876,,,SERANGOON NORTH AVENUE 5,9.327
serangoon_north_avenue_5,Serangoon North Avenue 5,1972.0,31883.748,39371.809,9.898,9.898,9.898,,,SERANGOON NORTH AVENUE 5,9.352
serangoon_north_avenue_5,Serangoon North Avenue 5,1974.0,31883.806,39373.808,10.01,10.01,10.01,,,SERANGOON NORTH AVENUE 5,9.382
serangoon_north_avenue_5,Serangoon North Avenue 5,1976.0,31883.864,39375.807,11.877,10.051,10.051,,,SERANGOON NORTH AVENUE 5,9.412
serangoon_north_avenue_5,Serangoon North Avenue 5,1978.0,31883.923,39377.806,11.098,10.092,10.092,1.016,1.0,SERANGOON NORTH AVENUE 5,9.443
serangoon_north_avenue_5,Serangoon North Avenue 5,1980.0,31883.981,39379.805,9.956,10.132,10.092,,,SERANGOON NORTH AVENUE 5,9.473
serangoon_north_avenue_5,Serangoon North Avenue 5,1982.0,31884.04,39381.804,10.173,10.173,10.092,,,SERANGOON NORTH AVENUE 5,9.503
serangoon_north_avenue_5,Serangoon North Avenue 5,1984.0,31884.098,39383.803,9.877,9.877,9.877,,,SERANGOON NORTH AVENUE 5,9.533
serangoon_north_avenue_5,Serangoon North Avenue 5,1986.0,31884.211,39385.8,8.823,9.684,9.684,,,SERANGOON NORTH AVENUE 5,9.508
serangoon_north_avenue_5,Serangoon North Avenue 5,1988.0,31884.364,39387.794,9.906,9.491,9.491,,,SERANGOON NORTH AVENUE 5,9.443
serangoon_north_avenue_5,Serangoon North Avenue 5,1990.0,31884.518,39389.788,10.669,9.298,9.298,,,SERANGOON NORTH AVENUE 5,9.379
serangoon_north_avenue_5,Serangoon North Avenue 5,1992.0,31884.671,39391.782,11.498,9.105,9.105,,,SERANGOON NORTH AVENUE 5,9.314
serangoon_north_avenue_5,Serangoon North Avenue 5,1994.0,31884.824,39393.776,9.764,8.912,8.912,,,SERANGOON NORTH AVENUE 5,9.249
serangoon_north_avenue_5,Serangoon North Avenue 5,1996.0,31884.977,39395.77,9.398,8.719,8.719,,,SERANGOON NORTH AVENUE 5,9.185
serangoon_north_avenue_5,Serangoon North Avenue 5,1998.0,31885.13,39397.765,7.388,8.526,8.526,,,SERANGOON NORTH AVENUE 5,9.12
serangoon_north_avenue_5,Serangoon North Avenue 5,2000.0,31885.283,39399.759,7.613,8.333,8.333,,,SERANGOON NORTH AVENUE 5,9.055
serangoon_north_avenue_5,Serangoon North Avenue 5,2002.0,31885.436,39401.753,8.14,8.14,8.22,,,SERANGOON NORTH AVENUE 5,8.991
serangoon_north_avenue_5,Serangoon North Avenue 5,2004.0,31885.589,39403.747,8.195,8.195,8.195,,,SERANGOON NORTH AVENUE 5,8.926
serangoon_north_avenue_5,Serangoon North Avenue 5,2006.0,31885.742,39405.741,8.22,8.22,8.195,,,SERANGOON NORTH AVENUE 5,8.861
serangoon_north_avenue_5,Serangoon North Avenue 5,2008.0,31885.847,39407.738,8.69,8.04,8.215,,,SERANGOON NORTH AVENUE 5,8.845
serangoon_north_avenue_5,Serangoon North Avenue 5,2010.0,31885.919,39409.737,7.682,8.215,8.22,,,SERANGOON NORTH AVENUE 5,8.862
serangoon_north_avenue_5,Serangoon North Avenue 5,2012.0,31885.991,39411.735,7.682,8.499,8.499,,,SERANGOON NORTH AVENUE 5,8.878
serangoon_north_avenue_5,Serangoon North Avenue 5,2014.0,31886.063,39413.734,7.682,8.783,8.783,,,SERANGOON NORTH AVENUE 5,8.895
serangoon_north_avenue_5,Serangoon North Avenue 5,2016.0,31886.134,39415.733,9.0,9.072,9.072,,,SERANGOON NORTH AVENUE 5,8.912
serangoon_north_avenue_5,Serangoon North Avenue 5,2018.0,31886.209,39417.731,9.975,9.36,9.36,,,SERANGOON NORTH AVENUE 5,8.926
serangoon_north_avenue_5,Serangoon North Avenue 5,2020.0,31886.299,39419.729,9.963,9.649,9.649,,,SERANGOON NORTH AVENUE 5,8.924
serangoon_north_avenue_5,Serangoon North Avenue 5,2022.0,31886.389,39421.727,10.812,9.938,9.888,,,SERANGOON NORTH AVENUE 5,8.922
serangoon_north_avenue_5,Serangoon North Avenue 5,2024.0,31886.48,39423.725,10.587,9.913,9.888,,,SERANGOON NORTH AVENUE 5,8.921
serangoon_north_avenue_5,Serangoon North Avenue 5,2026.0,31886.57,39425.723,9.888,9.888,9.888,,,SERANGOON NORTH AVENUE 5,8.919
serangoon_north_avenue_5,Serangoon North Avenue 5,2028.0,31886.66,39427.721,8.43,9.883,9.883,,,SERANGOON NORTH AVENUE 5,8.917
serangoon_north_avenue_5,Serangoon North Avenue 5,2030.0,31886.751,39429.719,8.991,9.877,9.877,,,SERANGOON NORTH AVENUE 5,8.915
serangoon_north_avenue_5,Serangoon North Avenue 5,2032.0,31886.815,39431.718,9.835,9.871,9.871,,,SERANGOON NORTH AVENUE 5,8.939
serangoon_north_avenue_5,Serangoon North Avenue 5,2034.0,31886.88,39433.717,9.865,9.623,9.623,,,SERANGOON NORTH AVENUE 5,8.963
serangoon_north_avenue_5,Serangoon North Avenue 5,2036.0,31886.945,39435.716,9.835,9.331,9.331,,,SERANGOON NORTH AVENUE 5,8.986
serangoon_north_avenue_5,Serangoon North Avenue 5,2038.0,31887.044,39437.713,11.535,9.039,9.039,,,SERANGOON NORTH AVENUE 5,8.976
serangoon_north_avenue_5,Serangoon North Avenue 5,2040.0,31887.151,39439.711,9.001,8.82,8.82,,,SERANGOON NORTH AVENUE 5,8.958
serangoon_north_avenue_5,Serangoon North Avenue 5,2042.0,31887.257,39441.708,7.147,8.6,8.6,,,SERANGOON NORTH AVENUE 5,8.94
serangoon_north_avenue_5,Serangoon North Avenue 5,2044.0,31887.364,39443.705,7.147,8.381,8.381,,,SERANGOON NORTH AVENUE 5,8.922
serangoon_north_avenue_5,Serangoon North Avenue 5,2046.0,31887.47,39445.702,7.147,8.161,8.381,,,SERANGOON NORTH AVENUE 5,8.903
serangoon_north_avenue_5,Serangoon North Avenue 5,2048.0,31887.581,39447.699,7.163,8.29,8.381,,,SERANGOON NORTH AVENUE 5,8.882
serangoon_north_avenue_5,Serangoon North Avenue 5,2050.0,31887.7,39449.695,8.418,8.418,8.418,,,SERANGOON NORTH AVENUE 5,8.851
serangoon_north_avenue_5,Serangoon North Avenue 5,2052.0,31887.819,39451.692,8.413,8.589,8.589,,,SERANGOON NORTH AVENUE 5,8.82
serangoon_north_avenue_5,Serangoon North Avenue 5,2054.0,31887.939,39453.688,9.331,8.76,8.76,7.925,1.0,SERANGOON NORTH AVENUE 5,8.789
serangoon_north_avenue_5,Serangoon North Avenue 5,2056.0,31888.058,39455.685,8.931,8.931,8.931,,,SERANGOON NORTH AVENUE 5,8.758
serangoon_north_avenue_5,Serangoon North Avenue 5,2058.0,31888.17,39457.682,9.094,9.094,9.052,,,SERANGOON NORTH AVENUE 5,8.735
serangoon_north_avenue_5,Serangoon North Avenue 5,2060.0,31888.231,39459.681,9.052,9.052,9.094,,,SERANGOON NORTH AVENUE 5,8.762
serangoon_north_avenue_5,Serangoon North Avenue 5,2062.0,31888.292,39461.68,9.49,9.277,9.094,,,SERANGOON NORTH AVENUE 5,8.79
serangoon_north_avenue_5,Serangoon North Avenue 5,2064.0,31888.353,39463.679,9.502,9.197,9.052,,,SERANGOON NORTH AVENUE 5,8.818
serangoon_north_avenue_5,Serangoon North Avenue 5,2066.0,31888.414,39465.678,9.411,8.937,8.937,,,SERANGOON NORTH AVENUE 5,8.845
serangoon_north_avenue_5,Serangoon North Avenue 5,2068.0,31888.479,39467.677,8.547,8.64,8.64,,,SERANGOON NORTH AVENUE 5,8.868
serangoon_north_avenue_5,Serangoon North Avenue 5,2070.0,31888.554,39469.675,7.422,8.343,8.343,,,SERANGOON NORTH AVENUE 5,8.882
serangoon_north_avenue_5,Serangoon North Avenue 5,2072.0,31888.63,39471.674,8.955,8.046,8.046,,,SERANGOON NORTH AVENUE 5,8.895
serangoon_north_avenue_5,Serangoon North Avenue 5,2074.0,31888.705,39473.672,7.33,7.749,7.749,,,SERANGOON NORTH AVENUE 5,8.908
serangoon_north_avenue_5,Serangoon North Avenue 5,2076.0,31888.78,39475.671,7.363,7.452,7.452,,,SERANGOON NORTH AVENUE 5,8.921
serangoon_north_avenue_5,Serangoon North Avenue 5,2078.0,31888.855,39477.67,7.13,7.441,7.441,,,SERANGOON NORTH AVENUE 5,8.935
serangoon_north_avenue_5,Serangoon North Avenue 5,2080.0,31888.931,39479.668,7.43,7.43,7.441,,,SERANGOON NORTH AVENUE 5,8.948
serangoon_north_avenue_5,Serangoon North Avenue 5,2082.0,31889.006,39481.667,7.363,7.363,7.441,,,SERANGOON NORTH AVENUE 5,8.961
serangoon_north_avenue_5,Serangoon North Avenue 5,2084.0,31889.081,39483.665,7.455,7.455,7.455,0.283,1.0,SERANGOON NORTH AVENUE 5,8.975
serangoon_north_avenue_5,Serangoon North Avenue 5,2086.0,31889.156,39485.664,7.463,7.463,7.463,1.95,1.0,SERANGOON NORTH AVENUE 5,8.988
serangoon_north_avenue_5,Serangoon North Avenue 5,2088.0,31889.232,39487.663,7.463,7.463,7.463,1.771,1.0,SERANGOON NORTH AVENUE 5,9.001
serangoon_north_avenue_5,Serangoon North Avenue 5,2090.0,31889.307,39489.661,7.63,7.63,7.597,1.667,1.0,SERANGOON NORTH AVENUE 5,9.014
serangoon_north_avenue_5,Serangoon North Avenue 5,2092.0,31889.382,39491.66,7.597,7.597,7.597,0.625,1.0,SERANGOON NORTH AVENUE 5,9.028
serangoon_north_avenue_5,Serangoon North Avenue 5,2094.0,31889.458,39493.658,7.597,7.597,7.597,-2.485,1.0,SERANGOON NORTH AVENUE 5,9.041
serangoon_north_avenue_5,Serangoon North Avenue 5,2096.0,31889.54,39495.657,7.514,7.514,7.514,-5.595,1.0,SERANGOON NORTH AVENUE 5,9.047
serangoon_north_avenue_5,Serangoon North Avenue 5,2098.0,31889.665,39497.653,7.049,7.281,7.281,-5.595,1.0,SERANGOON NORTH AVENUE 5,9.01
serangoon_north_avenue_5,Serangoon North Avenue 5,2100.0,31889.79,39499.649,7.049,7.049,7.149,-5.491,1.0,SERANGOON NORTH AVENUE 5,8.974
serangoon_north_avenue_5,Serangoon North Avenue 5,2102.0,31889.915,39501.645,7.149,7.149,7.149,-2.745,1.0,SERANGOON NORTH AVENUE 5,8.937
serangoon_north_avenue_5,Serangoon North Avenue 5,2104.0,31890.041,39503.641,7.149,7.149,7.074,0.0,1.0,SERANGOON NORTH AVENUE 5,8.9
serangoon_north_avenue_5,Serangoon North Avenue 5,2106.0,31890.166,39505.637,7.074,7.074,7.149,2.954,1.0,SERANGOON NORTH AVENUE 5,8.863
serangoon_north_avenue_5,Serangoon North Avenue 5,2108.0,31890.269,39507.634,7.049,7.049,7.149,5.907,1.0,SERANGOON NORTH AVENUE 5,8.848
serangoon_north_avenue_5,Serangoon North Avenue 5,2110.0,31890.365,39509.632,7.099,7.298,7.298,4.97,1.0,SERANGOON NORTH AVENUE 5,8.841
serangoon_north_avenue_5,Serangoon North Avenue 5,2112.0,31890.461,39511.63,7.547,7.547,7.547,4.97,1.0,SERANGOON NORTH AVENUE 5,8.833
serangoon_north_avenue_5,Serangoon North Avenue 5,2114.0,31890.557,39513.627,7.563,7.563,7.547,,,SERANGOON NORTH AVENUE 5,8.833
serangoon_north_avenue_5,Serangoon North Avenue 5,2116.0,31890.653,39515.625,7.597,7.597,7.547,,,SERANGOON NORTH AVENUE 5,8.858
serangoon_north_avenue_5,Serangoon North Avenue 5,2118.0,31890.749,39517.623,7.547,7.547,7.547,-4.345,1.0,SERANGOON NORTH AVENUE 5,8.844
serangoon_north_avenue_5,Serangoon North Avenue 5,2120.0,31890.854,39519.62,7.572,7.373,7.373,-4.345,1.0,SERANGOON NORTH AVENUE 5,8.82
serangoon_north_avenue_5,Serangoon North Avenue 5,2122.0,31890.974,39521.616,7.199,7.199,7.199,-4.97,1.0,SERANGOON NORTH AVENUE 5,8.781
serangoon_north_avenue_5,Serangoon North Avenue 5,2124.0,31891.095,39523.613,7.099,7.099,7.199,-3.11,1.0,SERANGOON NORTH AVENUE 5,8.742
serangoon_north_avenue_5,Serangoon North Avenue 5,2126.0,31891.215,39525.609,7.149,7.149,7.149,-1.25,1.0,SERANGOON NORTH AVENUE 5,8.703
serangoon_north_avenue_5,Serangoon North Avenue 5,2128.0,31891.326,39527.606,7.212,7.212,7.099,-1.562,1.0,SERANGOON NORTH AVENUE 5,8.672
serangoon_north_avenue_5,Serangoon North Avenue 5,2130.0,31891.435,39529.603,7.074,7.074,7.099,-1.25,1.0,SERANGOON NORTH AVENUE 5,8.645
serangoon_north_avenue_5,Serangoon North Avenue 5,2132.0,31891.543,39531.6,7.049,7.049,7.074,-0.625,1.0,SERANGOON NORTH AVENUE 5,8.618
serangoon_north_avenue_5,Serangoon North Avenue 5,2134.0,31891.652,39533.597,7.099,7.099,7.049,-0.625,1.0,SERANGOON NORTH AVENUE 5,8.59
serangoon_north_avenue_5,Serangoon North Avenue 5,2136.0,31891.76,39535.594,7.049,7.049,7.049,-0.312,1.0,SERANGOON NORTH AVENUE 5,8.563
serangoon_north_avenue_5,Serangoon North Avenue 5,2138.0,31891.869,39537.591,7.024,7.024,7.049,0.625,1.0,SERANGOON NORTH AVENUE 5,8.536
serangoon_north_avenue_5,Serangoon North Avenue 5,2140.0,31891.977,39539.588,7.099,7.099,7.049,0.625,1.0,SERANGOON NORTH AVENUE 5,8.509
serangoon_north_avenue_5,Serangoon North Avenue 5,2142.0,31892.086,39541.585,7.049,7.049,7.099,0.625,1.0,SERANGOON NORTH AVENUE 5,8.481
serangoon_north_avenue_5,Serangoon North Avenue 5,2144.0,31892.194,39543.582,7.099,7.099,7.099,0.833,1.0,SERANGOON NORTH AVENUE 5,8.454
serangoon_north_avenue_5,Serangoon North Avenue 5,2146.0,31892.303,39545.579,7.124,7.124,7.099,0.208,1.0,SERANGOON NORTH AVENUE 5,8.427
serangoon_north_avenue_5,Serangoon North Avenue 5,2148.0,31892.411,39547.576,7.099,7.099,7.116,,,SERANGOON NORTH AVENUE 5,8.399
serangoon_north_avenue_5,Serangoon North Avenue 5,2150.0,31892.52,39549.574,7.124,7.124,7.116,,,SERANGOON NORTH AVENUE 5,8.372
serangoon_north_avenue_5,Serangoon North Avenue 5,2152.0,31892.629,39551.571,8.099,7.116,7.108,-0.104,1.0,SERANGOON NORTH AVENUE 5,8.345
serangoon_north_avenue_5,Serangoon North Avenue 5,2154.0,31892.74,39553.567,7.149,7.108,7.116,-0.104,1.0,SERANGOON NORTH AVENUE 5,8.314
serangoon_north_avenue_5,Serangoon North Avenue 5,2156.0,31892.855,39555.564,7.099,7.099,7.108,,,SERANGOON NORTH AVENUE 5,8.28
serangoon_north_avenue_5,Serangoon North Avenue 5,2158.0,31892.971,39557.561,7.149,7.149,7.108,,,SERANGOON NORTH AVENUE 5,8.246
serangoon_north_avenue_5,Serangoon North Avenue 5,2160.0,31893.086,39559.557,7.099,7.099,7.124,-0.104,1.0,SERANGOON NORTH AVENUE 5,8.212
serangoon_north_avenue_5,Serangoon North Avenue 5,2162.0,31893.201,39561.554,8.999,7.124,7.124,0.104,1.0,SERANGOON NORTH AVENUE 5,8.178
serangoon_north_avenue_5,Serangoon North Avenue 5,2164.0,31893.288,39563.552,7.149,7.149,7.099,-0.104,1.0,SERANGOON NORTH AVENUE 5,8.172
serangoon_north_avenue_5,Serangoon North Avenue 5,2166.0,31893.371,39565.551,7.099,7.099,7.116,,,SERANGOON NORTH AVENUE 5,8.17
serangoon_north_avenue_5,Serangoon North Avenue 5,2168.0,31893.455,39567.549,7.099,7.099,7.116,,,SERANGOON NORTH AVENUE 5,8.168
serangoon_north_avenue_5,Serangoon North Avenue 5,2170.0,31893.538,39569.547,7.962,7.116,7.116,0.417,1.0,SERANGOON NORTH AVENUE 5,8.166
serangoon_north_avenue_5,Serangoon North Avenue 5,2172.0,31893.621,39571.545,7.149,7.133,7.133,0.417,1.0,SERANGOON NORTH AVENUE 5,8.164
serangoon_north_avenue_5,Serangoon North Avenue 5,2174.0,31893.718,39573.543,7.149,7.149,7.149,,,SERANGOON NORTH AVENUE 5,8.148
serangoon_north_avenue_5,Serangoon North Avenue 5,2176.0,31893.844,39575.539,7.149,7.149,7.149,,,SERANGOON NORTH AVENUE 5,8.103
serangoon_north_avenue_5,Serangoon North Avenue 5,2178.0,31893.97,39577.535,7.149,7.149,7.149,-1.562,1.0,SERANGOON NORTH AVENUE 5,8.059
serangoon_north_avenue_5,Serangoon North Avenue 5,2180.0,31894.096,39579.531,7.149,7.149,7.149,-1.562,1.0,SERANGOON NORTH AVENUE 5,8.014
serangoon_north_avenue_5,Serangoon North Avenue 5,2182.0,31894.222,39581.527,7.024,7.024,7.024,-1.562,1.0,SERANGOON NORTH AVENUE 5,7.969
serangoon_north_avenue_5,Serangoon North Avenue 5,2184.0,31894.348,39583.523,7.024,7.024,7.024,-0.625,1.0,SERANGOON NORTH AVENUE 5,7.924
serangoon_north_avenue_5,Serangoon North Avenue 5,2186.0,31894.514,39585.516,6.999,6.999,7.024,1.562,1.0,SERANGOON NORTH AVENUE 5,7.84
serangoon_north_avenue_5,Serangoon North Avenue 5,2188.0,31894.74,39587.503,7.199,7.199,7.099,1.875,1.0,SERANGOON NORTH AVENUE 5,7.695
serangoon_north_avenue_5,Serangoon North Avenue 5,2190.0,31894.966,39589.49,7.099,7.099,7.149,1.875,1.0,SERANGOON NORTH AVENUE 5,7.549
serangoon_north_avenue_5,Serangoon North Avenue 5,2192.0,31895.192,39591.477,7.149,7.149,7.174,1.25,1.0,SERANGOON NORTH AVENUE 5,7.404
serangoon_north_avenue_5,Serangoon North Avenue 5,2194.0,31895.418,39593.464,7.199,7.199,7.174,0.625,1.0,SERANGOON NORTH AVENUE 5,7.259
serangoon_north_avenue_5,Serangoon North Avenue 5,2196.0,31895.644,39595.451,7.174,7.174,7.199,0.469,1.0,SERANGOON NORTH AVENUE 5,7.114
serangoon_north_avenue_5,Serangoon North Avenue 5,2198.0,31895.87,39597.439,8.749,7.412,7.199,0.313,1.0,SERANGOON NORTH AVENUE 5,6.969
serangoon_north_avenue_5,Serangoon North Avenue 5,2200.0,31896.096,39599.426,7.649,7.255,7.174,-0.313,1.0,SERANGOON NORTH AVENUE 5,6.824
serangoon_north_avenue_5,Serangoon North Avenue 5,2202.0,31896.322,39601.413,7.099,7.099,7.199,-0.625,1.0,SERANGOON NORTH AVENUE 5,6.679
serangoon_north_avenue_5,Serangoon North Avenue 5,2204.0,31896.548,39603.4,7.174,7.174,7.174,-0.625,1.0,SERANGOON NORTH AVENUE 5,6.533
serangoon_north_avenue_5,Serangoon North Avenue 5,2206.0,31896.774,39605.387,7.199,7.199,7.149,-0.625,1.0,SERANGOON NORTH AVENUE 5,6.388
serangoon_north_avenue_5,Serangoon North Avenue 5,2208.0,31897.0,39607.375,7.149,7.149,7.149,-0.313,1.0,SERANGOON NORTH AVENUE 5,6.243
serangoon_north_avenue_5,Serangoon North Avenue 5,2210.0,31897.293,39609.353,7.149,7.149,7.149,-0.625,1.0,SERANGOON NORTH AVENUE 5,6.031
serangoon_north_avenue_5,Serangoon North Avenue 5,2212.0,31897.592,39611.33,7.149,7.149,7.149,-0.625,1.0,SERANGOON NORTH AVENUE 5,5.812
serangoon_north_avenue_5,Serangoon North Avenue 5,2214.0,31897.891,39613.308,7.099,7.099,7.099,-1.25,1.0,SERANGOON NORTH AVENUE 5,5.594
serangoon_north_avenue_5,Serangoon North Avenue 5,2216.0,31898.191,39615.285,7.049,7.049,7.099,-1.25,1.0,SERANGOON NORTH AVENUE 5,5.375
serangoon_north_avenue_5,Serangoon North Avenue 5,2218.0,31898.446,39617.268,7.099,7.099,7.049,-0.937,1.0,SERANGOON NORTH AVENUE 5,5.2
serangoon_north_avenue_5,Serangoon North Avenue 5,2220.0,31898.608,39619.261,7.049,7.049,7.049,-2.5,1.0,SERANGOON NORTH AVENUE 5,5.119
serangoon_north_avenue_5,Serangoon North Avenue 5,2222.0,31898.77,39621.255,7.024,7.024,7.024,-1.875,1.0,SERANGOON NORTH AVENUE 5,5.039
serangoon_north_avenue_5,Serangoon North Avenue 5,2224.0,31898.931,39623.248,6.899,6.899,6.899,-1.875,1.0,SERANGOON NORTH AVENUE 5,4.958
serangoon_north_avenue_5,Serangoon North Avenue 5,2226.0,31899.093,39625.242,6.899,6.899,6.899,-1.875,1.0,SERANGOON NORTH AVENUE 5,4.878
serangoon_north_avenue_5,Serangoon North Avenue 5,2228.0,31899.255,39627.235,6.899,6.899,6.899,-0.625,1.0,SERANGOON NORTH AVENUE 5,4.797
serangoon_north_avenue_5,Serangoon North Avenue 5,2230.0,31899.341,39629.232,6.874,6.874,6.874,-0.625,1.0,SERANGOON NORTH AVENUE 5,4.792
serangoon_north_avenue_5,Serangoon North Avenue 5,2232.0,31899.378,39631.232,6.799,6.799,6.849,-0.625,1.0,SERANGOON NORTH AVENUE 5,4.837
serangoon_north_avenue_5,Serangoon North Avenue 5,2234.0,31899.414,39633.232,6.799,6.799,6.849,-0.313,1.0,SERANGOON NORTH AVENUE 5,4.881
serangoon_north_avenue_5,Serangoon North Avenue 5,2236.0,31899.451,39635.231,6.849,6.849,6.849,0.313,1.0,SERANGOON NORTH AVENUE 5,4.926
serangoon_north_avenue_5,Serangoon North Avenue 5,2238.0,31899.487,39637.231,6.874,6.874,6.849,1.562,1.0,SERANGOON NORTH AVENUE 5,4.971
serangoon_north_avenue_5,Serangoon North Avenue 5,2240.0,31899.524,39639.231,6.849,6.849,6.874,1.875,1.0,SERANGOON NORTH AVENUE 5,5.016
serangoon_north_avenue_5,Serangoon North Avenue 5,2242.0,31899.564,39641.23,6.974,6.974,6.974,2.5,1.0,SERANGOON NORTH AVENUE 5,5.057
serangoon_north_avenue_5,Serangoon North Avenue 5,2244.0,31899.606,39643.23,6.999,6.999,6.999,2.188,1.0,SERANGOON NORTH AVENUE 5,5.096
serangoon_north_avenue_5,Serangoon North Avenue 5,2246.0,31899.647,39645.229,7.049,7.049,7.049,1.562,1.0,SERANGOON NORTH AVENUE 5,5.136
serangoon_north_avenue_5,Serangoon North Avenue 5,2248.0,31899.689,39647.229,7.049,7.049,7.049,1.875,1.0,SERANGOON NORTH AVENUE 5,5.175
serangoon_north_avenue_5,Serangoon North Avenue 5,2250.0,31899.731,39649.229,7.099,7.099,7.099,1.875,1.0,SERANGOON NORTH AVENUE 5,5.214
serangoon_north_avenue_5,Serangoon North Avenue 5,2252.0,31899.75,39651.228,7.149,7.149,7.149,3.125,1.0,SERANGOON NORTH AVENUE 5,5.277
serangoon_north_avenue_5,Serangoon North Avenue 5,2254.0,31899.76,39653.228,7.199,7.199,7.199,2.5,1.0,SERANGOON NORTH AVENUE 5,5.348
serangoon_north_avenue_5,Serangoon North Avenue 5,2256.0,31899.77,39655.228,7.299,7.299,7.299,1.328,1.0,SERANGOON NORTH AVENUE 5,5.419
serangoon_north_avenue_5,Serangoon North Avenue 5,2258.0,31899.806,39657.225,7.524,7.524,7.299,0.156,1.0,SERANGOON NORTH AVENUE 5,5.465
serangoon_north_avenue_5,Serangoon North Avenue 5,2260.0,31900.348,39659.15,7.562,7.368,7.299,-2.188,1.0,SERANGOON NORTH AVENUE 5,5.065
serangoon_north_avenue_5,Serangoon North Avenue 5,2262.0,31900.89,39661.075,7.212,7.212,7.212,-2.188,1.0,SERANGOON NORTH AVENUE 5,5.048
serangoon_north_avenue_5,Serangoon North Avenue 5,2264.0,31901.432,39663.0,7.049,7.049,7.124,-1.484,1.0,SERANGOON NORTH AVENUE 5,5.044
serangoon_north_avenue_5,Serangoon North Avenue 5,2266.0,31901.974,39664.925,7.099,7.099,7.124,-0.781,1.0,SERANGOON NORTH AVENUE 5,5.041
serangoon_north_avenue_5,Serangoon North Avenue 5,2268.0,31902.516,39666.851,7.124,7.124,7.124,0.312,1.0,SERANGOON NORTH AVENUE 5,5.038
serangoon_north_avenue_5,Serangoon North Avenue 5,2270.0,31903.058,39668.776,7.149,7.149,7.149,0.312,1.0,SERANGOON NORTH AVENUE 5,5.034
serangoon_north_avenue_5,Serangoon North Avenue 5,2272.0,31903.6,39670.701,7.149,7.149,7.149,0.625,1.0,SERANGOON NORTH AVENUE 5,5.031
serangoon_north_avenue_5,Serangoon North Avenue 5,2274.0,31904.141,39672.626,7.149,7.149,7.149,0.625,1.0,SERANGOON NORTH AVENUE 5,5.028
serangoon_north_avenue_5,Serangoon North Avenue 5,2276.0,31904.683,39674.551,7.174,7.174,7.174,0.938,1.0,SERANGOON NORTH AVENUE 5,5.024
serangoon_north_avenue_5,Serangoon North Avenue 5,2278.0,31905.225,39676.476,7.199,7.199,7.199,,,SERANGOON NORTH AVENUE 5,5.2
serangoon_north_avenue_5,Serangoon North Avenue 5,2280.0,31905.767,39678.402,7.224,7.224,7.224,,,SERANGOON NORTH AVENUE 5,5.46
serangoon_north_avenue_5,Serangoon North Avenue 5,2282.0,31906.309,39680.327,7.849,7.283,7.283,2.5,1.0,SERANGOON NORTH AVENUE 5,5.72
serangoon_north_avenue_5,Serangoon North Avenue 5,2284.0,31906.851,39682.252,7.349,7.341,7.341,2.813,1.0,SERANGOON NORTH AVENUE 5,5.98
serangoon_north_avenue_5,Serangoon North Avenue 5,2286.0,31907.604,39684.083,12.574,7.399,7.399,,,SERANGOON NORTH AVENUE 5,6.009
serangoon_north_avenue_5,Serangoon North Avenue 5,2288.0,31908.674,39685.773,16.887,7.449,7.449,,,SERANGOON NORTH AVENUE 5,5.69
serangoon_north_avenue_5,Serangoon North Avenue 5,2290.0,31909.744,39687.462,7.499,7.499,7.449,-0.625,1.0,SERANGOON NORTH AVENUE 5,5.617
serangoon_north_avenue_5,Serangoon North Avenue 5,2292.0,31910.815,39689.152,7.474,7.474,7.449,-1.25,1.0,SERANGOON NORTH AVENUE 5,5.858
serangoon_north_avenue_5,Serangoon North Avenue 5,2294.0,31911.959,39690.784,7.299,7.299,7.349,-1.563,1.0,SERANGOON NORTH AVENUE 5,6.005
serangoon_north_avenue_5,Serangoon North Avenue 5,2296.0,31913.329,39692.241,7.324,7.324,7.349,-1.25,1.0,SERANGOON NORTH AVENUE 5,5.867
serangoon_north_avenue_5,Serangoon North Avenue 5,2298.0,31914.699,39693.698,7.349,7.349,7.324,0.0,1.0,SERANGOON NORTH AVENUE 5,5.728
serangoon_north_avenue_5,Serangoon North Avenue 5,2300.0,31916.069,39695.155,7.349,7.349,7.349,0.625,1.0,SERANGOON NORTH AVENUE 5,5.59
serangoon_north_avenue_5,Serangoon North Avenue 5,2302.0,31917.439,39696.612,7.312,7.312,7.349,0.937,1.0,SERANGOON NORTH AVENUE 5,5.452
serangoon_north_avenue_5,Serangoon North Avenue 5,2304.0,31918.809,39698.069,7.399,7.399,7.399,0.937,1.0,SERANGOON NORTH AVENUE 5,5.314
serangoon_north_avenue_5,Serangoon North Avenue 5,2306.0,31920.179,39699.526,7.399,7.399,7.399,0.937,1.0,SERANGOON NORTH AVENUE 5,5.175
serangoon_north_avenue_5,Serangoon North Avenue 5,2308.0,31921.595,39700.935,7.424,7.424,7.424,2.813,1.0,SERANGOON NORTH AVENUE 5,4.971
serangoon_north_avenue_5,Serangoon North Avenue 5,2310.0,31923.122,39702.226,7.424,7.424,7.424,,,SERANGOON NORTH AVENUE 5,4.606
serangoon_north_avenue_5,Serangoon North Avenue 5,2312.0,31924.649,39703.518,7.624,7.624,7.624,,,SERANGOON NORTH AVENUE 5,4.35
serangoon_north_avenue_5,Serangoon North Avenue 5,2314.0,31926.176,39704.81,14.587,7.743,7.743,,,SERANGOON NORTH AVENUE 5,4.623
serangoon_north_avenue_5,Serangoon North Avenue 5,2316.0,31927.78,39705.995,8.563,7.862,7.862,4.809,1.0,SERANGOON NORTH AVENUE 5,4.792
serangoon_north_avenue_5,Serangoon North Avenue 5,2318.0,31929.478,39707.053,8.563,7.98,7.98,,,SERANGOON NORTH AVENUE 5,4.804
serangoon_north_avenue_5,Serangoon North Avenue 5,2320.0,31931.175,39708.111,8.099,8.099,8.009,,,SERANGOON NORTH AVENUE 5,4.815
serangoon_north_avenue_5,Serangoon North Avenue 5,2322.0,31932.872,39709.169,8.244,8.244,8.009,,,SERANGOON NORTH AVENUE 5,4.826
serangoon_north_avenue_5,Serangoon North Avenue 5,2324.0,31934.622,39710.126,8.009,8.009,8.099,0.0,1.0,SERANGOON NORTH AVENUE 5,4.729
serangoon_north_avenue_5,Serangoon North Avenue 5,2326.0,31936.464,39710.906,8.009,8.009,8.109,0.0,1.0,SERANGOON NORTH AVENUE 5,4.78
serangoon_north_avenue_5,Serangoon North Avenue 5,2328.0,31938.305,39711.686,8.109,8.109,8.009,-3.435,1.0,SERANGOON NORTH AVENUE 5,4.894
serangoon_north_avenue_5,Serangoon North Avenue 5,2330.0,31940.147,39712.466,8.109,8.109,8.009,-3.872,1.0,SERANGOON NORTH AVENUE 5,5.009
serangoon_north_avenue_5,Serangoon North Avenue 5,2332.0,31941.989,39713.246,7.824,7.824,7.824,-2.622,1.0,SERANGOON NORTH AVENUE 5,5.123
serangoon_north_avenue_5,Serangoon North Avenue 5,2334.0,31943.83,39714.026,7.799,7.799,7.799,-2.622,1.0,SERANGOON NORTH AVENUE 5,5.237
serangoon_north_avenue_5,Serangoon North Avenue 5,2336.0,31945.723,39714.636,7.799,7.799,7.799,-0.313,1.0,SERANGOON NORTH AVENUE 5,5.179
serangoon_north_avenue_5,Serangoon North Avenue 5,2338.0,31947.69,39714.995,7.787,7.787,7.799,-0.156,1.0,SERANGOON NORTH AVENUE 5,5.118
serangoon_north_avenue_5,Serangoon North Avenue 5,2340.0,31949.658,39715.354,7.799,7.799,7.799,-1.25,1.0,SERANGOON NORTH AVENUE 5,5.085
serangoon_north_avenue_5,Serangoon North Avenue 5,2342.0,31951.625,39715.713,7.799,7.799,7.787,-1.25,1.0,SERANGOON NORTH AVENUE 5,5.051
serangoon_north_avenue_5,Serangoon North Avenue 5,2344.0,31953.593,39716.073,7.649,7.649,7.699,-1.25,1.0,SERANGOON NORTH AVENUE 5,5.017
serangoon_north_avenue_5,Serangoon North Avenue 5,2346.0,31955.57,39716.364,7.699,7.699,7.699,-0.781,1.0,SERANGOON NORTH AVENUE 5,4.915
serangoon_north_avenue_5,Serangoon North Avenue 5,2348.0,31957.559,39716.575,7.699,7.699,7.699,0.625,1.0,SERANGOON NORTH AVENUE 5,4.735
serangoon_north_avenue_5,Serangoon North Avenue 5,2350.0,31959.548,39716.786,7.724,7.724,7.724,0.625,1.0,SERANGOON NORTH AVENUE 5,4.941
serangoon_north_avenue_5,Serangoon North Avenue 5,2352.0,31961.536,39716.997,7.749,7.749,7.749,0.625,1.0,SERANGOON NORTH AVENUE 5,5.255
serangoon_north_avenue_5,Serangoon North Avenue 5,2354.0,31963.525,39717.209,7.899,7.899,7.749,0.313,1.0,SERANGOON NORTH AVENUE 5,5.57
serangoon_north_avenue_5,Serangoon North Avenue 5,2356.0,31965.514,39717.42,7.849,7.849,7.749,0.0,1.0,SERANGOON NORTH AVENUE 5,5.885
serangoon_north_avenue_5,Serangoon North Avenue 5,2358.0,31967.504,39717.622,7.749,7.749,7.749,0.0,1.0,SERANGOON NORTH AVENUE 5,6.19
serangoon_north_avenue_5,Serangoon North Avenue 5,2360.0,31969.502,39717.712,7.749,7.749,7.749,0.0,1.0,SERANGOON NORTH AVENUE 5,6.384
serangoon_north_avenue_5,Serangoon North Avenue 5,2362.0,31971.5,39717.801,7.749,7.749,7.749,0.625,1.0,SERANGOON NORTH AVENUE 5,6.578
serangoon_north_avenue_5,Serangoon North Avenue 5,2364.0,31973.498,39717.891,7.749,7.749,7.749,0.625,1.0,SERANGOON NORTH AVENUE 5,6.771
serangoon_north_avenue_5,Serangoon North Avenue 5,2366.0,31975.497,39717.95,7.799,7.799,7.799,1.25,1.0,SERANGOON NORTH AVENUE 5,6.935
serangoon_north_avenue_5,Serangoon North Avenue 5,2368.0,31977.496,39718.005,7.799,7.799,7.799,1.25,1.0,SERANGOON NORTH AVENUE 5,7.093
serangoon_north_avenue_5,Serangoon North Avenue 5,2370.0,31979.495,39718.059,7.849,7.849,7.849,0.625,1.0,SERANGOON NORTH AVENUE 5,7.251
serangoon_north_avenue_5,Serangoon North Avenue 5,2372.0,31981.494,39718.113,7.849,7.849,7.849,0.625,1.0,SERANGOON NORTH AVENUE 5,7.41
serangoon_north_avenue_5,Serangoon North Avenue 5,2374.0,31983.494,39718.167,7.849,7.849,7.849,0.0,1.0,SERANGOON NORTH AVENUE 5,7.568
serangoon_north_avenue_5,Serangoon North Avenue 5,2376.0,31985.493,39718.222,7.837,7.837,7.849,0.0,1.0,SERANGOON NORTH AVENUE 5,7.726
serangoon_north_avenue_5,Serangoon North Avenue 5,2378.0,31987.492,39718.276,7.887,7.887,7.849,0.469,1.0,SERANGOON NORTH AVENUE 5,7.885
serangoon_north_avenue_5,Serangoon North Avenue 5,2380.0,31989.491,39718.33,7.849,7.849,7.849,0.625,1.0,SERANGOON NORTH AVENUE 5,8.043
serangoon_north_avenue_5,Serangoon North Avenue 5,2382.0,31991.491,39718.384,7.849,7.849,7.887,1.25,1.0,SERANGOON NORTH AVENUE 5,8.201
serangoon_north_avenue_5,Serangoon North Avenue 5,2384.0,31993.49,39718.439,7.949,7.949,7.899,1.25,1.0,SERANGOON NORTH AVENUE 5,8.36
serangoon_north_avenue_5,Serangoon North Avenue 5,2386.0,31995.489,39718.493,7.899,7.899,7.949,2.344,1.0,SERANGOON NORTH AVENUE 5,8.518
serangoon_north_avenue_5,Serangoon North Avenue 5,2388.0,31997.489,39718.547,7.949,7.949,7.949,2.5,1.0,SERANGOON NORTH AVENUE 5,8.676
serangoon_north_avenue_5,Serangoon North Avenue 5,2390.0,31999.488,39718.601,8.099,8.099,8.074,1.875,1.0,SERANGOON NORTH AVENUE 5,8.834
serangoon_north_avenue_5,Serangoon North Avenue 5,2392.0,32001.486,39718.506,8.074,8.074,8.099,1.875,1.0,SERANGOON NORTH AVENUE 5,8.844
serangoon_north_avenue_5,Serangoon North Avenue 5,2394.0,32003.483,39718.411,8.099,8.099,8.099,0.313,1.0,SERANGOON NORTH AVENUE 5,8.853
serangoon_north_avenue_5,Serangoon North Avenue 5,2396.0,32005.481,39718.317,8.099,8.099,8.099,0.0,1.0,SERANGOON NORTH AVENUE 5,8.863
serangoon_north_avenue_5,Serangoon North Avenue 5,2398.0,32007.479,39718.222,8.099,8.099,8.099,0.625,1.0,SERANGOON NORTH AVENUE 5,8.872
serangoon_north_avenue_5,Serangoon North Avenue 5,2400.0,32009.477,39718.127,8.099,8.099,8.099,1.25,1.0,SERANGOON NORTH AVENUE 5,8.881
serangoon_north_avenue_5,Serangoon North Avenue 5,2402.0,32011.475,39718.039,8.149,8.149,8.149,1.875,1.0,SERANGOON NORTH AVENUE 5,8.898
serangoon_north_avenue_5,Serangoon North Avenue 5,2404.0,32013.473,39717.972,8.199,8.199,8.199,2.5,1.0,SERANGOON NORTH AVENUE 5,8.935
serangoon_north_avenue_5,Serangoon North Avenue 5,2406.0,32015.472,39717.906,8.299,8.299,8.249,1.875,1.0,SERANGOON NORTH AVENUE 5,8.973
serangoon_north_avenue_5,Serangoon North Avenue 5,2408.0,32017.471,39717.839,8.249,8.249,8.299,1.25,1.0,SERANGOON NORTH AVENUE 5,9.01
serangoon_north_avenue_5,Serangoon North Avenue 5,2410.0,32019.47,39717.773,8.299,8.299,8.299,0.625,1.0,SERANGOON NORTH AVENUE 5,9.048
serangoon_north_avenue_5,Serangoon North Avenue 5,2412.0,32021.469,39717.706,8.299,8.299,8.299,-0.579,1.0,SERANGOON NORTH AVENUE 5,9.086
serangoon_north_avenue_5,Serangoon North Avenue 5,2414.0,32023.468,39717.68,8.349,8.349,8.299,-0.579,1.0,SERANGOON NORTH AVENUE 5,9.164
serangoon_north_avenue_5,Serangoon North Avenue 5,2416.0,32025.468,39717.691,8.249,8.249,8.253,-0.579,1.0,SERANGOON NORTH AVENUE 5,9.279
serangoon_north_avenue_5,Serangoon North Avenue 5,2418.0,32027.468,39717.702,8.199,8.199,8.253,-0.579,1.0,SERANGOON NORTH AVENUE 5,9.395
serangoon_north_avenue_5,Serangoon North Avenue 5,2420.0,32029.468,39717.714,8.253,8.253,8.253,,,SERANGOON NORTH AVENUE 5,9.51
serangoon_north_avenue_5,Serangoon North Avenue 5,2422.0,32031.466,39717.806,8.253,8.253,8.253,,,SERANGOON NORTH AVENUE 5,9.706
serangoon_north_avenue_5,Serangoon North Avenue 5,2424.0,32033.464,39717.901,8.253,8.554,8.554,,,SERANGOON NORTH AVENUE 5,9.905
serangoon_north_avenue_5,Serangoon North Avenue 5,2426.0,32035.462,39717.996,8.403,8.856,8.856,,,SERANGOON NORTH AVENUE 5,10.104
serangoon_north_avenue_5,Serangoon North Avenue 5,2428.0,32037.459,39718.091,8.353,8.927,8.927,,,SERANGOON NORTH AVENUE 5,10.304
serangoon_north_avenue_5,Serangoon North Avenue 5,2430.0,32039.457,39718.186,8.395,8.998,8.998,,,SERANGOON NORTH AVENUE 5,10.503
serangoon_north_avenue_5,Serangoon North Avenue 5,2432.0,32041.452,39718.104,10.27,9.069,9.069,,,SERANGOON NORTH AVENUE 5,10.524
serangoon_north_avenue_5,Serangoon North Avenue 5,2434.0,32043.446,39717.946,10.553,,9.14,,,SERANGOON NORTH AVENUE 5,10.47
serangoon_north_avenue_5,Serangoon North Avenue 5,2436.0,32045.44,39717.788,10.386,,9.211,,,SERANGOON NORTH AVENUE 5,10.416
serangoon_north_avenue_5,Serangoon North Avenue 5,2438.0,32047.433,39717.63,10.911,9.282,9.282,,,SERANGOON NORTH AVENUE 5,10.362
serangoon_north_avenue_5,Serangoon North Avenue 5,2440.0,32049.427,39717.472,10.87,9.353,9.353,,,SERANGOON NORTH AVENUE 5,10.308
serangoon_north_avenue_5,Serangoon North Avenue 5,2442.0,32051.421,39717.313,11.553,9.424,9.353,,,SERANGOON NORTH AVENUE 5,10.254
serangoon_north_avenue_5,Serangoon North Avenue 5,2444.0,32053.415,39717.155,8.309,9.495,9.353,,,SERANGOON NORTH AVENUE 5,10.2
serangoon_north_avenue_5,Serangoon North Avenue 5,2446.0,32055.408,39716.997,8.309,9.211,9.211,,,SERANGOON NORTH AVENUE 5,10.146
serangoon_north_avenue_5,Serangoon North Avenue 5,2448.0,32057.402,39716.839,8.334,8.927,8.927,,,SERANGOON NORTH AVENUE 5,10.092
serangoon_north_avenue_5,Serangoon North Avenue 5,2450.0,32059.396,39716.681,8.359,8.643,8.643,,,SERANGOON NORTH AVENUE 5,10.038
serangoon_north_avenue_5,Serangoon North Avenue 5,2452.0,32061.389,39716.523,8.359,8.359,8.639,,,SERANGOON NORTH AVENUE 5,9.984
serangoon_north_avenue_5,Serangoon North Avenue 5,2454.0,32063.383,39716.365,8.672,8.499,8.639,,,SERANGOON NORTH AVENUE 5,9.93
serangoon_north_avenue_5,Serangoon North Avenue 5,2456.0,32065.377,39716.207,8.639,8.639,8.499,,,SERANGOON NORTH AVENUE 5,9.876
serangoon_north_avenue_5,Serangoon North Avenue 5,2458.0,32067.37,39716.045,8.639,8.639,8.499,,,SERANGOON NORTH AVENUE 5,9.819
serangoon_north_avenue_5,Serangoon North Avenue 5,2460.0,32069.361,39715.856,8.639,8.449,8.449,-3.0,1.0,SERANGOON NORTH AVENUE 5,9.734
serangoon_north_avenue_5,Serangoon North Avenue 5,2462.0,32071.352,39715.667,8.259,8.259,8.259,-3.0,1.0,SERANGOON NORTH AVENUE 5,9.648
serangoon_north_avenue_5,Serangoon North Avenue 5,2464.0,32073.344,39715.478,8.259,8.259,8.259,,,SERANGOON NORTH AVENUE 5,9.563
serangoon_north_avenue_5,Serangoon North Avenue 5,2466.0,32075.335,39715.288,8.259,8.259,8.259,,,SERANGOON NORTH AVENUE 5,9.478
serangoon_north_avenue_5,Serangoon North Avenue 5,2468.0,32077.322,39715.071,8.234,8.234,8.259,,,SERANGOON NORTH AVENUE 5,9.364
serangoon_north_avenue_5,Serangoon North Avenue 5,2470.0,32079.308,39714.833,8.209,8.454,8.454,,,SERANGOON NORTH AVENUE 5,9.23
serangoon_north_avenue_5,Serangoon North Avenue 5,2472.0,32081.294,39714.595,8.259,8.675,8.675,10.721,2.0,SERANGOON NORTH AVENUE 5,9.096
serangoon_north_avenue_5,Serangoon North Avenue 5,2474.0,32083.28,39714.358,8.259,8.896,8.896,,,SERANGOON NORTH AVENUE 5,8.962
serangoon_north_avenue_5,Serangoon North Avenue 5,2476.0,32085.269,39714.15,9.116,9.116,9.116,,,SERANGOON NORTH AVENUE 5,8.858
serangoon_north_avenue_5,Serangoon North Avenue 5,2478.0,32087.265,39714.025,9.133,9.133,9.122,,,SERANGOON NORTH AVENUE 5,8.838
serangoon_north_avenue_5,Serangoon North Avenue 5,2480.0,32089.261,39713.901,9.558,9.127,9.122,0.0,1.0,SERANGOON NORTH AVENUE 5,8.818
serangoon_north_avenue_5,Serangoon North Avenue 5,2482.0,32091.257,39713.777,9.133,9.122,9.122,,,SERANGOON NORTH AVENUE 5,8.798
serangoon_north_avenue_5,Serangoon North Avenue 5,2484.0,32093.253,39713.652,9.116,9.116,9.116,,,SERANGOON NORTH AVENUE 5,8.778
serangoon_north_avenue_5,Serangoon North Avenue 5,2486.0,32095.249,39713.528,8.371,9.105,9.105,,,SERANGOON NORTH AVENUE 5,8.757
serangoon_north_avenue_5,Serangoon North Avenue 5,2488.0,32097.245,39713.404,10.284,9.093,9.093,,,SERANGOON NORTH AVENUE 5,8.737
serangoon_north_avenue_5,Serangoon North Avenue 5,2490.0,32099.241,39713.279,8.409,9.081,9.081,,,SERANGOON NORTH AVENUE 5,8.717
serangoon_north_avenue_5,Serangoon North Avenue 5,2492.0,32101.238,39713.155,8.559,9.07,9.07,,,SERANGOON NORTH AVENUE 5,8.697
serangoon_north_avenue_5,Serangoon North Avenue 5,2494.0,32103.234,39713.031,9.058,9.058,9.058,,,SERANGOON NORTH AVENUE 5,8.677
serangoon_north_avenue_5,Serangoon North Avenue 5,2496.0,32105.23,39712.906,9.033,9.033,9.058,,,SERANGOON NORTH AVENUE 5,8.656
serangoon_north_avenue_5,Serangoon North Avenue 5,2498.0,32107.226,39712.782,9.05,9.05,9.05,0.058,1.0,SERANGOON NORTH AVENUE 5,8.636
serangoon_north_avenue_5,Serangoon North Avenue 5,2500.0,32109.222,39712.657,9.083,9.083,9.05,,,SERANGOON NORTH AVENUE 5,8.616
serangoon_north_avenue_5,Serangoon North Avenue 5,2502.0,32111.218,39712.533,9.016,9.016,9.063,,,SERANGOON NORTH AVENUE 5,8.596
serangoon_north_avenue_5,Serangoon North Avenue 5,2504.0,32113.213,39712.388,8.359,9.063,9.083,1.113,1.0,SERANGOON NORTH AVENUE 5,8.554
serangoon_north_avenue_5,Serangoon North Avenue 5,2506.0,32115.207,39712.239,8.359,9.109,9.109,1.158,1.0,SERANGOON NORTH AVENUE 5,8.51
serangoon_north_avenue_5,Serangoon North Avenue 5,2508.0,32117.202,39712.091,9.155,9.155,9.139,,,SERANGOON NORTH AVENUE 5,8.466
serangoon_north_avenue_5,Serangoon North Avenue 5,2510.0,32119.196,39711.943,9.139,9.139,9.155,,,SERANGOON NORTH AVENUE 5,8.422
serangoon_north_avenue_5,Serangoon North Avenue 5,2512.0,32121.191,39711.794,9.222,9.222,9.189,,,SERANGOON NORTH AVENUE 5,8.378
serangoon_north_avenue_5,Serangoon North Avenue 5,2514.0,32123.188,39711.684,9.205,9.205,9.189,,,SERANGOON NORTH AVENUE 5,8.371
serangoon_north_avenue_5,Serangoon North Avenue 5,2516.0,32125.185,39711.589,8.459,9.189,9.189,,,SERANGOON NORTH AVENUE 5,8.381
serangoon_north_avenue_5,Serangoon North Avenue 5,2518.0,32127.183,39711.495,8.584,9.173,9.173,,,SERANGOON NORTH AVENUE 5,8.391
serangoon_north_avenue_5,Serangoon North Avenue 5,2520.0,32129.181,39711.4,8.65,9.157,9.157,,,SERANGOON NORTH AVENUE 5,8.4
serangoon_north_avenue_5,Serangoon North Avenue 5,2522.0,32131.179,39711.306,9.407,9.141,9.141,,,SERANGOON NORTH AVENUE 5,8.41
serangoon_north_avenue_5,Serangoon North Avenue 5,2524.0,32133.177,39711.221,9.124,9.124,9.124,,,SERANGOON NORTH AVENUE 5,8.429
serangoon_north_avenue_5,Serangoon North Avenue 5,2526.0,32135.176,39711.164,9.012,9.012,9.119,,,SERANGOON NORTH AVENUE 5,8.477
serangoon_north_avenue_5,Serangoon North Avenue 5,2528.0,32137.175,39711.107,9.535,9.065,9.119,,,SERANGOON NORTH AVENUE 5,8.524
serangoon_north_avenue_5,Serangoon North Avenue 5,2530.0,32139.174,39711.051,8.837,9.119,9.119,0.0,1.0,SERANGOON NORTH AVENUE 5,8.572
serangoon_north_avenue_5,Serangoon North Avenue 5,2532.0,32141.174,39710.994,9.235,9.172,9.119,,,SERANGOON NORTH AVENUE 5,8.62
serangoon_north_avenue_5,Serangoon North Avenue 5,2534.0,32143.173,39710.938,9.225,9.225,9.119,,,SERANGOON NORTH AVENUE 5,8.667
serangoon_north_avenue_5,Serangoon North Avenue 5,2536.0,32145.172,39710.881,8.974,8.974,8.974,,,SERANGOON NORTH AVENUE 5,8.715
serangoon_north_avenue_5,Serangoon North Avenue 5,2538.0,32147.171,39710.825,8.935,8.935,8.945,-2.417,1.0,SERANGOON NORTH AVENUE 5,8.763
serangoon_north_avenue_5,Serangoon North Avenue 5,2540.0,32149.17,39710.768,8.925,8.925,8.935,-1.927,1.0,SERANGOON NORTH AVENUE 5,8.811
serangoon_north_avenue_5,Serangoon North Avenue 5,2542.0,32151.169,39710.701,8.945,8.945,8.925,-1.563,1.0,SERANGOON NORTH AVENUE 5,8.848
serangoon_north_avenue_5,Serangoon North Avenue 5,2544.0,32153.166,39710.585,8.82,8.82,8.82,-1.438,1.0,SERANGOON NORTH AVENUE 5,8.836
serangoon_north_avenue_5,Serangoon North Avenue 5,2546.0,32155.162,39710.469,8.78,8.78,8.82,-1.396,1.0,SERANGOON NORTH AVENUE 5,8.824
serangoon_north_avenue_5,Serangoon North Avenue 5,2548.0,32157.159,39710.353,8.77,8.77,8.82,-0.083,1.0,SERANGOON NORTH AVENUE 5,8.812
serangoon_north_avenue_5,Serangoon North Avenue 5,2550.0,32159.156,39710.237,8.855,8.855,8.814,,,SERANGOON NORTH AVENUE 5,8.8
serangoon_north_avenue_5,Serangoon North Avenue 5,2552.0,32161.152,39710.121,8.905,8.905,8.814,,,SERANGOON NORTH AVENUE 5,8.788
serangoon_north_avenue_5,Serangoon North Avenue 5,2554.0,32163.149,39710.005,10.325,8.814,8.814,-2.104,1.0,SERANGOON NORTH AVENUE 5,8.777
serangoon_north_avenue_5,Serangoon North Avenue 5,2556.0,32165.146,39709.889,10.305,8.722,8.722,-2.292,1.0,SERANGOON NORTH AVENUE 5,8.765
serangoon_north_avenue_5,Serangoon North Avenue 5,2558.0,32167.142,39709.773,8.63,8.63,8.645,,,SERANGOON NORTH AVENUE 5,8.752
serangoon_north_avenue_5,Serangoon North Avenue 5,2560.0,32169.139,39709.657,8.605,8.605,8.63,,,SERANGOON NORTH AVENUE 5,8.726
serangoon_north_avenue_5,Serangoon North Avenue 5,2562.0,32171.135,39709.541,8.645,8.645,8.63,-0.348,1.0,SERANGOON NORTH AVENUE 5,8.699
serangoon_north_avenue_5,Serangoon North Avenue 5,2564.0,32173.132,39709.425,8.585,8.585,8.605,-0.161,1.0,SERANGOON NORTH AVENUE 5,8.673
serangoon_north_avenue_5,Serangoon North Avenue 5,2566.0,32175.129,39709.309,8.64,8.64,8.617,0.125,1.0,SERANGOON NORTH AVENUE 5,8.646
serangoon_north_avenue_5,Serangoon North Avenue 5,2568.0,32177.125,39709.193,8.384,8.384,8.617,1.237,1.0,SERANGOON NORTH AVENUE 5,8.62
serangoon_north_avenue_5,Serangoon North Avenue 5,2570.0,32179.122,39709.077,8.617,8.617,8.64,2.348,1.0,SERANGOON NORTH AVENUE 5,8.593
serangoon_north_avenue_5,Serangoon North Avenue 5,2572.0,32181.119,39708.971,9.085,8.714,8.714,2.411,1.0,SERANGOON NORTH AVENUE 5,8.577
serangoon_north_avenue_5,Serangoon North Avenue 5,2574.0,32183.116,39708.866,8.81,8.81,8.805,3.375,1.0,SERANGOON NORTH AVENUE 5,8.562
serangoon_north_avenue_5,Serangoon North Avenue 5,2576.0,32185.114,39708.762,8.805,8.805,8.81,2.344,1.0,SERANGOON NORTH AVENUE 5,8.547
serangoon_north_avenue_5,Serangoon North Avenue 5,2578.0,32187.111,39708.658,8.91,8.91,8.91,1.313,1.0,SERANGOON NORTH AVENUE 5,8.532
serangoon_north_avenue_5,Serangoon North Avenue 5,2580.0,32189.11,39708.603,8.97,8.97,8.91,-1.396,1.0,SERANGOON NORTH AVENUE 5,8.567
serangoon_north_avenue_5,Serangoon North Avenue 5,2582.0,32191.11,39708.598,8.965,8.965,8.91,-4.104,1.0,SERANGOON NORTH AVENUE 5,8.651
serangoon_north_avenue_5,Serangoon North Avenue 5,2584.0,32193.11,39708.592,8.53,8.773,8.773,-4.104,1.0,SERANGOON NORTH AVENUE 5,8.735
serangoon_north_avenue_5,Serangoon North Avenue 5,2586.0,32195.11,39708.586,8.58,8.58,8.582,,,SERANGOON NORTH AVENUE 5,8.818
serangoon_north_avenue_5,Serangoon North Avenue 5,2588.0,32197.11,39708.58,8.515,8.515,8.582,,,SERANGOON NORTH AVENUE 5,8.902
serangoon_north_avenue_5,Serangoon North Avenue 5,2590.0,32199.11,39708.574,10.01,8.582,8.582,1.667,1.0,SERANGOON NORTH AVENUE 5,8.986
serangoon_north_avenue_5,Serangoon North Avenue 5,2592.0,32201.109,39708.558,8.525,8.649,8.649,,,SERANGOON NORTH AVENUE 5,9.06
serangoon_north_avenue_5,Serangoon North Avenue 5,2594.0,32203.109,39708.502,8.715,8.715,8.715,,,SERANGOON NORTH AVENUE 5,9.093
serangoon_north_avenue_5,Serangoon North Avenue 5,2596.0,32205.108,39708.445,8.825,9.027,9.027,,,SERANGOON NORTH AVENUE 5,9.126
serangoon_north_avenue_5,Serangoon North Avenue 5,2598.0,32207.107,39708.389,8.57,9.338,9.338,,,SERANGOON NORTH AVENUE 5,9.159
serangoon_north_avenue_5,Serangoon North Avenue 5,2600.0,32209.106,39708.333,8.42,9.701,9.701,,,SERANGOON NORTH AVENUE 5,9.192
serangoon_north_avenue_5,Serangoon North Avenue 5,2602.0,32211.106,39708.276,9.275,10.063,10.063,,,SERANGOON NORTH AVENUE 5,9.225
serangoon_north_avenue_5,Serangoon North Avenue 5,2604.0,32213.105,39708.24,10.195,10.425,10.425,,,SERANGOON NORTH AVENUE 5,9.278
serangoon_north_avenue_5,Serangoon North Avenue 5,2606.0,32215.105,39708.214,9.885,10.788,10.788,,,SERANGOON NORTH AVENUE 5,9.342
serangoon_north_avenue_5,Serangoon North Avenue 5,2608.0,32217.105,39708.188,11.285,11.15,10.969,,,SERANGOON NORTH AVENUE 5,9.406
serangoon_north_avenue_5,Serangoon North Avenue 5,2610.0,32218.232,39708.174,11.53,11.53,11.15,,,SERANGOON NORTH AVENUE 5,9.442
