path_key,source_project,chainage_m,x_svy21,y_svy21,elevation_m_raw,elevation_m_filtered,elevation_m_smooth,gradient_pct,Grade,nearest_road_name,nearest_road_dist_m
compassvale_street,Compassvale Street,538.0,35243.11,41999.589,,,,,,COMPASSVALE STREET,107.08
compassvale_street,Compassvale Street,540.0,35241.112,41999.498,,,,,,COMPASSVALE STREET,106.538
compassvale_street,Compassvale Street,542.0,35239.114,41999.407,,,,,,COMPASSVALE STREET,105.997
compassvale_street,Compassvale Street,544.0,35237.116,41999.316,,,,,,COMPASSVALE STREET,105.455
compassvale_street,Compassvale Street,546.0,35235.118,41999.224,,,,,,COMPASSVALE STREET,104.914
compassvale_street,Compassvale Street,548.0,35233.12,41999.133,,,20.079,,,COMPASSVALE STREET,104.372
compassvale_street,Compassvale Street,550.0,35231.122,41999.042,,,20.079,,,COMPASSVALE STREET,103.831
compassvale_street,Compassvale Street,552.0,35229.124,41998.95,,,20.079,0.0,1.0,COMPASSVALE STREET,103.289
compassvale_street,Compassvale Street,554.0,35227.126,41998.859,,20.079,20.079,0.0,1.0,COMPASSVALE STREET,102.748
compassvale_street,Compassvale Street,556.0,35225.128,41998.768,,20.079,20.079,0.0,1.0,COMPASSVALE STREET,102.206
compassvale_street,Compassvale Street,558.0,35223.13,41998.677,,20.079,20.079,0.0,1.0,COMPASSVALE STREET,101.665
compassvale_street,Compassvale Street,560.0,35221.133,41998.585,,20.079,20.079,0.0,1.0,COMPASSVALE STREET,101.123
compassvale_street,Compassvale Street,562.0,35219.135,41998.494,,20.079,20.079,0.0,1.0,COMPASSVALE STREET,100.582
compassvale_street,Compassvale Street,564.0,35217.137,41998.403,,20.079,20.079,0.0,1.0,COMPASSVALE STREET,100.04
compassvale_street,Compassvale Street,566.0,35215.139,41998.312,,20.079,20.079,0.0,1.0,COMPASSVALE STREET,99.499
compassvale_street,Compassvale Street,568.0,35213.141,41998.22,,20.079,20.079,0.0,1.0,COMPASSVALE STREET,98.957
compassvale_street,Compassvale Street,570.0,35211.143,41998.129,,20.079,20.079,0.0,1.0,COMPASSVALE STREET,98.416
compassvale_street,Compassvale Street,572.0,35209.145,41998.038,,20.079,20.079,0.0,1.0,COMPASSVALE STREET,97.874
compassvale_street,Compassvale Street,574.0,35207.147,41997.946,,20.079,20.079,0.0,1.0,COMPASSVALE STREET,97.333
compassvale_street,Compassvale Street,576.0,35205.149,41997.855,,20.079,20.079,0.0,1.0,COMPASSVALE STREET,96.791
compassvale_street,Compassvale Street,578.0,35203.151,41997.764,,20.079,20.079,0.0,1.0,COMPASSVALE STREET,96.25
compassvale_street,Compassvale Street,580.0,35201.153,41997.673,,20.079,20.079,0.0,1.0,COMPASSVALE STREET,95.708
compassvale_street,Compassvale Street,582.0,35199.155,41997.581,,20.079,20.079,0.0,1.0,COMPASSVALE STREET,95.167
compassvale_street,Compassvale Street,584.0,35197.158,41997.49,,20.079,20.079,0.0,1.0,COMPASSVALE STREET,94.625
compassvale_street,Compassvale Street,586.0,35195.16,41997.399,,20.079,20.079,0.0,1.0,COMPASSVALE STREET,94.084
compassvale_street,Compassvale Street,588.0,35193.162,41997.308,,20.079,20.079,0.0,1.0,COMPASSVALE STREET,93.542
compassvale_street,Compassvale Street,590.0,35191.164,41997.216,,20.079,20.079,,,COMPASSVALE STREET,93.001
compassvale_street,Compassvale Street,592.0,35189.166,41997.125,,20.079,20.079,,,COMPASSVALE STREET,92.459
compassvale_street,Compassvale Street,594.0,35187.168,41997.034,,19.82,19.82,,,COMPASSVALE STREET,91.918
compassvale_street,Compassvale Street,596.0,35185.17,41996.942,,19.36,19.36,,,COMPASSVALE STREET,91.376
compassvale_street,Compassvale Street,598.0,35183.172,41996.851,,18.899,18.899,,,COMPASSVALE STREET,90.835
compassvale_street,Compassvale Street,600.0,35181.174,41996.76,20.079,18.343,18.343,,,COMPASSVALE STREET,90.293
compassvale_street,Compassvale Street,602.0,35179.176,41996.669,20.133,17.786,17.786,,,COMPASSVALE STREET,89.752
compassvale_street,Compassvale Street,604.0,35177.178,41996.577,20.133,17.23,17.23,,,COMPASSVALE STREET,89.21
compassvale_street,Compassvale Street,606.0,35175.18,41996.486,14.896,16.674,16.674,,,COMPASSVALE STREET,88.669
compassvale_street,Compassvale Street,608.0,35173.183,41996.395,14.813,16.117,16.117,,,COMPASSVALE STREET,88.127
compassvale_street,Compassvale Street,610.0,35171.185,41996.304,14.93,15.561,15.561,,,COMPASSVALE STREET,87.585
compassvale_street,Compassvale Street,612.0,35169.187,41996.212,15.334,15.004,15.216,,,COMPASSVALE STREET,87.044
compassvale_street,Compassvale Street,614.0,35167.189,41996.121,15.079,15.079,15.216,,,COMPASSVALE STREET,86.502
compassvale_street,Compassvale Street,616.0,35165.191,41996.03,15.216,15.216,15.216,,,COMPASSVALE STREET,85.961
compassvale_street,Compassvale Street,618.0,35163.193,41995.938,15.266,15.457,15.457,,,COMPASSVALE STREET,85.419
compassvale_street,Compassvale Street,620.0,35161.195,41995.847,,15.699,15.699,,,COMPASSVALE STREET,84.878
compassvale_street,Compassvale Street,622.0,35159.197,41995.756,16.132,15.796,15.796,,,COMPASSVALE STREET,84.336
compassvale_street,Compassvale Street,624.0,35157.199,41995.665,15.893,16.054,16.054,,,COMPASSVALE STREET,83.795
compassvale_street,Compassvale Street,626.0,35155.201,41995.573,15.893,16.311,16.311,,,COMPASSVALE STREET,83.253
compassvale_street,Compassvale Street,628.0,35153.203,41995.482,15.518,16.569,16.569,,,COMPASSVALE STREET,82.712
compassvale_street,Compassvale Street,630.0,35151.205,41995.391,16.444,16.827,16.827,,,COMPASSVALE STREET,82.17
compassvale_street,Compassvale Street,632.0,35149.208,41995.3,17.554,16.862,16.827,,,COMPASSVALE STREET,81.629
compassvale_street,Compassvale Street,634.0,35147.21,41995.208,17.552,16.897,16.827,,,COMPASSVALE STREET,81.087
compassvale_street,Compassvale Street,636.0,35145.212,41995.117,17.526,16.656,16.656,,,COMPASSVALE STREET,80.546
compassvale_street,Compassvale Street,638.0,35143.214,41995.026,,16.415,16.415,,,COMPASSVALE STREET,80.004
compassvale_street,Compassvale Street,640.0,35141.216,41994.934,,16.175,16.175,,,COMPASSVALE STREET,79.463
compassvale_street,Compassvale Street,642.0,35139.218,41994.843,,15.934,15.934,,,COMPASSVALE STREET,78.921
compassvale_street,Compassvale Street,644.0,35137.22,41994.752,15.101,15.693,15.693,,,COMPASSVALE STREET,78.38
compassvale_street,Compassvale Street,646.0,35135.222,41994.661,15.434,15.679,15.679,,,COMPASSVALE STREET,77.838
compassvale_street,Compassvale Street,648.0,35133.224,41994.569,15.664,15.664,15.664,,,COMPASSVALE STREET,77.297
compassvale_street,Compassvale Street,650.0,35131.226,41994.478,15.644,15.644,15.664,,,COMPASSVALE STREET,76.755
compassvale_street,Compassvale Street,652.0,35129.228,41994.387,15.625,15.625,15.664,,,COMPASSVALE STREET,76.214
compassvale_street,Compassvale Street,654.0,35127.23,41994.296,14.522,15.924,15.924,10.219,2.0,COMPASSVALE STREET,75.672
compassvale_street,Compassvale Street,656.0,35125.233,41994.204,16.523,16.224,16.224,10.219,2.0,COMPASSVALE STREET,75.131
compassvale_street,Compassvale Street,658.0,35123.235,41994.113,16.523,16.523,16.482,,,COMPASSVALE STREET,74.589
compassvale_street,Compassvale Street,660.0,35121.237,41994.022,16.523,16.523,16.482,,,COMPASSVALE STREET,74.048
compassvale_street,Compassvale Street,662.0,35119.239,41993.93,16.482,16.482,16.482,-2.515,1.0,COMPASSVALE STREET,73.506
compassvale_street,Compassvale Street,664.0,35117.241,41993.839,14.202,16.381,16.381,-3.773,1.0,COMPASSVALE STREET,72.965
compassvale_street,Compassvale Street,666.0,35115.243,41993.748,14.202,16.281,16.281,-5.03,1.0,COMPASSVALE STREET,72.423
compassvale_street,Compassvale Street,668.0,35113.245,41993.657,25.786,16.18,16.18,,,COMPASSVALE STREET,71.882
compassvale_street,Compassvale Street,670.0,35111.247,41993.565,25.729,16.08,16.08,,,COMPASSVALE STREET,71.34
compassvale_street,Compassvale Street,672.0,35109.249,41993.474,15.979,15.816,15.816,-7.85,1.0,COMPASSVALE STREET,70.799
compassvale_street,Compassvale Street,674.0,35107.251,41993.383,13.859,15.552,15.552,,,COMPASSVALE STREET,70.257
compassvale_street,Compassvale Street,676.0,35105.253,41993.292,26.941,15.288,15.552,,,COMPASSVALE STREET,69.716
compassvale_street,Compassvale Street,678.0,35103.255,41993.2,14.943,15.434,15.552,,,COMPASSVALE STREET,69.174
compassvale_street,Compassvale Street,680.0,35101.258,41993.109,15.421,15.579,15.579,,,COMPASSVALE STREET,68.633
compassvale_street,Compassvale Street,682.0,35099.26,41993.018,14.801,15.724,15.724,,,COMPASSVALE STREET,68.091
compassvale_street,Compassvale Street,684.0,35097.262,41992.926,15.112,15.869,15.869,,,COMPASSVALE STREET,67.55
compassvale_street,Compassvale Street,686.0,35095.264,41992.835,14.69,16.015,16.015,,,COMPASSVALE STREET,67.008
compassvale_street,Compassvale Street,688.0,35093.266,41992.744,23.556,16.16,16.16,,,COMPASSVALE STREET,66.467
compassvale_street,Compassvale Street,690.0,35091.268,41992.653,16.43,16.305,16.241,,,COMPASSVALE STREET,65.925
compassvale_street,Compassvale Street,692.0,35089.27,41992.561,16.45,16.45,16.241,,,COMPASSVALE STREET,65.384
compassvale_street,Compassvale Street,694.0,35087.272,41992.47,16.818,16.241,16.241,,,COMPASSVALE STREET,64.842
compassvale_street,Compassvale Street,696.0,35085.274,41992.379,17.261,16.032,16.032,,,COMPASSVALE STREET,64.301
compassvale_street,Compassvale Street,698.0,35083.276,41992.288,18.618,15.822,15.822,,,COMPASSVALE STREET,63.759
compassvale_street,Compassvale Street,700.0,35081.278,41992.196,15.15,15.613,15.626,,,COMPASSVALE STREET,63.218
compassvale_street,Compassvale Street,702.0,35079.28,41992.105,15.404,15.404,15.626,,,COMPASSVALE STREET,62.676
compassvale_street,Compassvale Street,704.0,35077.283,41992.014,16.042,15.626,15.626,,,COMPASSVALE STREET,62.135
compassvale_street,Compassvale Street,706.0,35075.285,41991.922,15.511,15.916,15.916,,,COMPASSVALE STREET,61.593
compassvale_street,Compassvale Street,708.0,35073.287,41991.831,15.076,16.207,16.207,,,COMPASSVALE STREET,61.052
compassvale_street,Compassvale Street,812.0,34969.395,41987.085,15.289,16.498,16.498,,,COMPASSVALE STREET,32.893
compassvale_street,Compassvale Street,814.0,34967.397,41986.994,16.513,16.796,16.796,,,COMPASSVALE STREET,32.351
compassvale_street,Compassvale Street,816.0,34965.399,41986.903,16.771,17.095,17.095,,,COMPASSVALE STREET,31.81
compassvale_street,Compassvale Street,818.0,34963.401,41986.811,19.248,17.394,17.394,,,COMPASSVALE STREET,31.268
compassvale_street,Compassvale Street,820.0,34961.403,41986.72,18.795,17.693,17.513,,,COMPASSVALE STREET,30.727
compassvale_street,Compassvale Street,822.0,34959.405,41986.629,17.885,17.603,17.513,,,COMPASSVALE STREET,30.185
compassvale_street,Compassvale Street,824.0,34957.408,41986.537,17.541,17.513,17.513,,,COMPASSVALE STREET,29.644
compassvale_street,Compassvale Street,826.0,34955.41,41986.446,17.423,17.423,17.423,,,COMPASSVALE STREET,29.102
compassvale_street,Compassvale Street,828.0,34953.412,41986.355,15.911,17.2,17.261,,,COMPASSVALE STREET,28.56
compassvale_street,Compassvale Street,830.0,34951.414,41986.264,16.977,16.977,17.2,,,COMPASSVALE STREET,28.019
compassvale_street,Compassvale Street,832.0,34949.416,41986.172,22.518,17.261,17.176,,,COMPASSVALE STREET,27.477
compassvale_street,Compassvale Street,834.0,34947.418,41986.081,19.183,17.176,16.977,,,COMPASSVALE STREET,26.936
compassvale_street,Compassvale Street,836.0,34945.42,41985.99,17.828,16.884,16.884,,,COMPASSVALE STREET,26.394
compassvale_street,Compassvale Street,838.0,34943.422,41985.899,17.399,16.592,16.592,,,COMPASSVALE STREET,25.853
compassvale_street,Compassvale Street,840.0,34941.424,41985.807,16.183,16.301,16.301,,,COMPASSVALE STREET,25.301
compassvale_street,Compassvale Street,842.0,34939.426,41985.716,16.009,16.009,16.18,,,COMPASSVALE STREET,24.742
compassvale_street,Compassvale Street,844.0,34937.428,41985.625,16.18,16.18,16.009,,,COMPASSVALE STREET,24.183
compassvale_street,Compassvale Street,846.0,34935.43,41985.533,16.168,15.94,15.94,,,COMPASSVALE STREET,23.624
compassvale_street,Compassvale Street,848.0,34933.433,41985.442,15.699,15.699,15.699,,,COMPASSVALE STREET,23.065
compassvale_street,Compassvale Street,850.0,34931.435,41985.351,15.192,15.66,15.66,,,COMPASSVALE STREET,22.506
compassvale_street,Compassvale Street,852.0,34929.437,41985.26,15.712,15.621,15.621,,,COMPASSVALE STREET,21.947
compassvale_street,Compassvale Street,854.0,34927.439,41985.168,15.015,15.583,15.583,,,COMPASSVALE STREET,21.388
compassvale_street,Compassvale Street,856.0,34925.441,41985.077,16.169,15.544,15.544,,,COMPASSVALE STREET,20.829
compassvale_street,Compassvale Street,858.0,34923.443,41984.986,15.853,15.505,15.505,,,COMPASSVALE STREET,20.27
compassvale_street,Compassvale Street,860.0,34921.445,41984.895,15.738,15.466,15.505,,,COMPASSVALE STREET,19.711
compassvale_street,Compassvale Street,862.0,34919.447,41984.803,15.427,15.427,15.466,,,COMPASSVALE STREET,19.152
compassvale_street,Compassvale Street,864.0,34917.449,41984.712,15.549,15.549,15.427,,,COMPASSVALE STREET,18.592
compassvale_street,Compassvale Street,866.0,34916.156,41984.487,15.324,15.324,15.327,,,COMPASSVALE STREET,18.069
compassvale_street,Compassvale Street,868.0,34917.981,41983.669,15.327,15.327,15.324,,,COMPASSVALE STREET,17.704
compassvale_street,Compassvale Street,870.0,34919.806,41982.85,14.764,15.171,15.171,,,COMPASSVALE STREET,17.338
compassvale_street,Compassvale Street,872.0,34921.631,41982.032,15.473,15.015,15.015,-7.766,1.0,COMPASSVALE STREET,16.972
compassvale_street,Compassvale Street,874.0,34923.456,41981.214,14.583,14.858,14.858,,,COMPASSVALE STREET,16.607
compassvale_street,Compassvale Street,876.0,34925.345,41980.561,14.702,14.702,14.702,,,COMPASSVALE STREET,16.417
compassvale_street,Compassvale Street,878.0,34927.239,41979.917,14.6,14.6,14.6,,,COMPASSVALE STREET,16.237
compassvale_street,Compassvale Street,880.0,34929.132,41979.272,14.453,14.453,14.453,,,COMPASSVALE STREET,16.056
compassvale_street,Compassvale Street,882.0,34931.026,41978.628,15.765,14.415,14.415,-2.31,1.0,COMPASSVALE STREET,15.876
compassvale_street,Compassvale Street,884.0,34932.919,41977.984,14.376,14.378,14.415,,,COMPASSVALE STREET,15.696
compassvale_street,Compassvale Street,886.0,34934.847,41977.457,14.34,14.34,14.415,,,COMPASSVALE STREET,15.637
compassvale_street,Compassvale Street,888.0,34936.788,41976.977,14.386,14.514,14.514,,,COMPASSVALE STREET,15.628
compassvale_street,Compassvale Street,890.0,34938.73,41976.497,14.185,14.688,14.688,,,COMPASSVALE STREET,15.618
compassvale_street,Compassvale Street,892.0,34940.671,41976.017,17.886,14.977,14.977,,,COMPASSVALE STREET,15.605
compassvale_street,Compassvale Street,894.0,34942.613,41975.537,17.834,15.267,15.267,,,COMPASSVALE STREET,15.577
compassvale_street,Compassvale Street,896.0,34944.555,41975.057,14.118,15.556,15.556,,,COMPASSVALE STREET,15.549
compassvale_street,Compassvale Street,898.0,34946.496,41974.576,14.05,15.846,15.846,,,COMPASSVALE STREET,15.522
compassvale_street,Compassvale Street,900.0,34948.438,41974.096,17.361,16.135,16.135,,,COMPASSVALE STREET,15.494
compassvale_street,Compassvale Street,902.0,34950.379,41973.616,17.599,16.425,16.425,,,COMPASSVALE STREET,15.466
compassvale_street,Compassvale Street,904.0,34952.321,41973.136,17.438,16.714,16.714,,,COMPASSVALE STREET,15.438
compassvale_street,Compassvale Street,906.0,34954.262,41972.656,20.66,17.004,17.004,,,COMPASSVALE STREET,15.411
compassvale_street,Compassvale Street,908.0,34956.204,41972.176,17.293,17.293,17.207,,,COMPASSVALE STREET,15.383
compassvale_street,Compassvale Street,910.0,34958.145,41971.696,17.369,17.369,17.293,,,COMPASSVALE STREET,15.355
compassvale_street,Compassvale Street,912.0,34960.12,41971.412,17.207,17.207,17.293,,,COMPASSVALE STREET,15.526
compassvale_street,Compassvale Street,914.0,34962.111,41971.214,18.973,17.334,17.229,,,COMPASSVALE STREET,15.784
compassvale_street,Compassvale Street,916.0,34964.101,41971.017,17.556,17.229,17.207,,,COMPASSVALE STREET,16.043
compassvale_street,Compassvale Street,918.0,34966.091,41970.82,17.588,17.124,17.124,,,COMPASSVALE STREET,16.302
compassvale_street,Compassvale Street,920.0,34968.081,41970.623,19.129,16.855,16.855,,,COMPASSVALE STREET,16.561
compassvale_street,Compassvale Street,922.0,34970.049,41970.286,19.099,16.587,16.587,,,COMPASSVALE STREET,16.679
compassvale_street,Compassvale Street,924.0,34971.995,41969.829,17.764,16.319,16.319,,,COMPASSVALE STREET,16.674
compassvale_street,Compassvale Street,926.0,34973.942,41969.371,14.307,16.051,16.051,,,COMPASSVALE STREET,16.669
compassvale_street,Compassvale Street,928.0,34975.889,41968.913,14.98,15.783,15.801,,,COMPASSVALE STREET,16.665
compassvale_street,Compassvale Street,930.0,34977.836,41968.455,14.867,15.792,15.801,,,COMPASSVALE STREET,16.66
compassvale_street,Compassvale Street,932.0,34979.783,41967.998,13.989,15.801,15.801,,,COMPASSVALE STREET,16.655
compassvale_street,Compassvale Street,968.0,35014.828,41959.759,17.54,15.809,15.809,,,COMPASSVALE STREET,16.57
compassvale_street,Compassvale Street,970.0,35016.775,41959.301,22.101,15.818,15.818,,,COMPASSVALE STREET,16.565
compassvale_street,Compassvale Street,972.0,35018.722,41958.843,22.775,15.827,15.827,,,COMPASSVALE STREET,16.56
compassvale_street,Compassvale Street,974.0,35020.668,41958.386,22.462,15.836,15.836,,,COMPASSVALE STREET,16.555
compassvale_street,Compassvale Street,976.0,35022.615,41957.928,22.104,15.844,15.844,,,COMPASSVALE STREET,16.551
compassvale_street,Compassvale Street,978.0,35024.562,41957.47,22.206,15.853,15.853,,,COMPASSVALE STREET,16.546
compassvale_street,Compassvale Street,980.0,35026.509,41957.013,27.369,15.862,15.862,,,COMPASSVALE STREET,16.541
compassvale_street,Compassvale Street,982.0,35028.456,41956.555,19.832,15.871,15.871,,,COMPASSVALE STREET,16.536
compassvale_street,Compassvale Street,984.0,35030.403,41956.097,16.423,15.88,15.88,,,COMPASSVALE STREET,16.532
compassvale_street,Compassvale Street,986.0,35032.35,41955.639,16.81,15.888,15.888,,,COMPASSVALE STREET,16.527
compassvale_street,Compassvale Street,988.0,35034.297,41955.182,14.399,15.897,15.897,,,COMPASSVALE STREET,16.522
compassvale_street,Compassvale Street,990.0,35036.244,41954.724,14.404,15.906,15.906,,,COMPASSVALE STREET,16.517
compassvale_street,Compassvale Street,992.0,35038.191,41954.266,14.401,15.915,15.915,,,COMPASSVALE STREET,16.513
compassvale_street,Compassvale Street,994.0,35040.138,41953.809,14.771,15.924,15.924,,,COMPASSVALE STREET,16.508
compassvale_street,Compassvale Street,996.0,35042.085,41953.351,16.606,15.932,15.932,,,COMPASSVALE STREET,16.503
compassvale_street,Compassvale Street,998.0,35044.032,41952.893,13.194,15.941,15.941,,,COMPASSVALE STREET,16.498
compassvale_street,Compassvale Street,1000.0,35045.978,41952.435,13.17,15.95,15.95,,,COMPASSVALE STREET,16.494
compassvale_street,Compassvale Street,1002.0,35047.925,41951.978,16.843,15.959,15.959,,,COMPASSVALE STREET,16.489
compassvale_street,Compassvale Street,1004.0,35049.872,41951.52,18.843,15.968,15.968,,,COMPASSVALE STREET,16.484
compassvale_street,Compassvale Street,1006.0,35051.819,41951.062,18.896,15.976,15.976,,,COMPASSVALE STREET,16.479
compassvale_street,Compassvale Street,1008.0,35053.766,41950.605,19.083,15.985,15.985,,,COMPASSVALE STREET,16.475
compassvale_street,Compassvale Street,1010.0,35055.713,41950.147,18.983,15.994,15.994,,,COMPASSVALE STREET,16.47
compassvale_street,Compassvale Street,1012.0,35057.66,41949.689,17.599,16.003,16.003,,,COMPASSVALE STREET,16.465
compassvale_street,Compassvale Street,1014.0,35059.607,41949.231,16.702,16.012,16.012,,,COMPASSVALE STREET,16.46
compassvale_street,Compassvale Street,1016.0,35061.554,41948.774,14.61,16.02,16.02,,,COMPASSVALE STREET,16.456
compassvale_street,Compassvale Street,1018.0,35063.501,41948.316,15.255,16.309,16.309,,,COMPASSVALE STREET,16.451
compassvale_street,Compassvale Street,1020.0,35065.448,41947.858,15.285,16.598,16.598,,,COMPASSVALE STREET,16.446
compassvale_street,Compassvale Street,1022.0,35067.395,41947.401,17.866,16.887,16.887,,,COMPASSVALE STREET,16.441
compassvale_street,Compassvale Street,1024.0,35069.341,41946.943,17.538,17.176,17.176,,,COMPASSVALE STREET,16.437
compassvale_street,Compassvale Street,1026.0,35071.288,41946.485,15.841,17.465,17.465,,,COMPASSVALE STREET,16.432
compassvale_street,Compassvale Street,1028.0,35073.235,41946.027,15.884,17.754,17.754,,,COMPASSVALE STREET,16.427
compassvale_street,Compassvale Street,1030.0,35075.182,41945.57,18.321,18.043,18.043,,,COMPASSVALE STREET,16.422
compassvale_street,Compassvale Street,1032.0,35077.129,41945.112,18.775,18.332,18.332,,,COMPASSVALE STREET,16.418
compassvale_street,Compassvale Street,1034.0,35079.076,41944.654,18.36,18.343,18.332,,,COMPASSVALE STREET,16.413
compassvale_street,Compassvale Street,1036.0,35081.023,41944.197,18.354,18.354,18.332,,,COMPASSVALE STREET,16.408
compassvale_street,Compassvale Street,1038.0,35082.97,41943.739,18.762,18.214,18.214,,,COMPASSVALE STREET,16.403
compassvale_street,Compassvale Street,1040.0,35084.917,41943.281,16.58,18.073,18.073,,,COMPASSVALE STREET,16.398
compassvale_street,Compassvale Street,1042.0,35086.864,41942.823,16.523,17.85,17.85,,,COMPASSVALE STREET,16.394
compassvale_street,Compassvale Street,1044.0,35088.811,41942.366,17.793,17.627,17.627,,,COMPASSVALE STREET,16.389
compassvale_street,Compassvale Street,1046.0,35090.758,41941.908,17.84,17.207,17.207,,,COMPASSVALE STREET,16.384
compassvale_street,Compassvale Street,1048.0,35092.705,41941.45,24.048,16.787,16.787,,,COMPASSVALE STREET,16.379
compassvale_street,Compassvale Street,1050.0,35094.651,41940.993,17.755,16.367,16.367,,,COMPASSVALE STREET,16.375
compassvale_street,Compassvale Street,1052.0,35096.598,41940.535,13.04,,15.946,,,COMPASSVALE STREET,16.37
compassvale_street,Compassvale Street,1054.0,35098.545,41940.077,13.94,,15.526,,,COMPASSVALE STREET,16.365
compassvale_street,Compassvale Street,1056.0,35100.492,41939.619,14.186,15.106,15.106,,,COMPASSVALE STREET,16.36
compassvale_street,Compassvale Street,1058.0,35102.439,41939.162,15.166,14.686,14.686,,,COMPASSVALE STREET,16.356
compassvale_street,Compassvale Street,1060.0,35104.386,41938.704,13.682,14.266,14.266,,,COMPASSVALE STREET,16.351
compassvale_street,Compassvale Street,1062.0,35106.333,41938.246,13.989,13.846,13.846,,,COMPASSVALE STREET,16.346
compassvale_street,Compassvale Street,1064.0,35108.28,41937.789,13.362,13.732,13.732,,,COMPASSVALE STREET,16.341
compassvale_street,Compassvale Street,1066.0,35110.227,41937.331,13.619,13.619,13.692,,,COMPASSVALE STREET,16.337
compassvale_street,Compassvale Street,1068.0,35112.174,41936.873,13.692,13.692,13.619,,,COMPASSVALE STREET,16.332
compassvale_street,Compassvale Street,1070.0,35114.121,41936.415,13.25,13.606,13.606,,,COMPASSVALE STREET,16.327
compassvale_street,Compassvale Street,1072.0,35116.068,41935.958,14.84,13.52,13.52,,,COMPASSVALE STREET,16.322
compassvale_street,Compassvale Street,1074.0,35118.014,41935.5,15.63,13.435,13.435,,,COMPASSVALE STREET,16.318
compassvale_street,Compassvale Street,1076.0,35119.961,41935.042,13.541,13.349,13.349,,,COMPASSVALE STREET,16.313
compassvale_street,Compassvale Street,1078.0,35121.908,41934.585,13.514,13.263,13.263,,,COMPASSVALE STREET,16.308
compassvale_street,Compassvale Street,1080.0,35123.855,41934.127,13.178,13.178,13.178,,,COMPASSVALE STREET,16.303
compassvale_street,Compassvale Street,1082.0,35125.802,41933.669,13.128,13.128,13.178,,,COMPASSVALE STREET,16.299
compassvale_street,Compassvale Street,1084.0,35127.749,41933.211,13.151,13.151,13.178,2.531,1.0,COMPASSVALE STREET,16.294
compassvale_street,Compassvale Street,1086.0,35129.696,41932.754,13.401,13.401,13.368,2.797,1.0,COMPASSVALE STREET,16.289
compassvale_street,Compassvale Street,1088.0,35131.643,41932.296,13.368,13.368,13.38,,,COMPASSVALE STREET,16.284
compassvale_street,Compassvale Street,1090.0,35133.59,41931.838,13.38,13.38,13.401,,,COMPASSVALE STREET,16.28
compassvale_street,Compassvale Street,1092.0,35135.537,41931.381,13.504,13.641,13.641,,,COMPASSVALE STREET,16.275
compassvale_street,Compassvale Street,1094.0,35137.484,41930.923,15.662,13.902,13.902,,,COMPASSVALE STREET,16.27
compassvale_street,Compassvale Street,1096.0,35139.431,41930.465,14.218,14.163,14.163,,,COMPASSVALE STREET,16.265
compassvale_street,Compassvale Street,1098.0,35141.378,41930.007,13.504,14.401,14.401,,,COMPASSVALE STREET,16.261
compassvale_street,Compassvale Street,1100.0,35143.324,41929.55,13.653,14.64,14.64,,,COMPASSVALE STREET,16.256
compassvale_street,Compassvale Street,1102.0,35145.271,41929.092,15.606,14.878,14.878,,,COMPASSVALE STREET,16.251
compassvale_street,Compassvale Street,1104.0,35147.218,41928.634,17.275,15.116,15.116,,,COMPASSVALE STREET,16.246
compassvale_street,Compassvale Street,1106.0,35149.165,41928.177,15.355,15.355,15.355,,,COMPASSVALE STREET,16.241
compassvale_street,Compassvale Street,1108.0,35151.112,41927.719,17.153,15.624,15.624,,,COMPASSVALE STREET,16.237
compassvale_street,Compassvale Street,1110.0,35153.059,41927.261,13.453,15.893,15.893,,,COMPASSVALE STREET,16.232
compassvale_street,Compassvale Street,1112.0,35155.006,41926.803,14.611,16.17,16.17,,,COMPASSVALE STREET,16.227
compassvale_street,Compassvale Street,1114.0,35156.953,41926.346,17.801,16.448,16.448,,,COMPASSVALE STREET,16.222
compassvale_street,Compassvale Street,1116.0,35158.9,41925.888,16.218,16.726,16.726,,,COMPASSVALE STREET,16.218
compassvale_street,Compassvale Street,1118.0,35160.847,41925.43,18.101,17.004,17.004,,,COMPASSVALE STREET,16.213
compassvale_street,Compassvale Street,1120.0,35162.794,41924.973,12.088,17.281,17.134,,,COMPASSVALE STREET,16.208
compassvale_street,Compassvale Street,1122.0,35164.741,41924.515,18.906,17.208,17.134,,,COMPASSVALE STREET,16.203
compassvale_street,Compassvale Street,1124.0,35166.687,41924.057,13.408,17.134,17.134,,,COMPASSVALE STREET,16.199
compassvale_street,Compassvale Street,1126.0,35168.634,41923.599,18.05,16.939,16.939,,,COMPASSVALE STREET,16.194
compassvale_street,Compassvale Street,1128.0,35170.581,41923.142,18.934,16.684,16.684,,,COMPASSVALE STREET,16.189
compassvale_street,Compassvale Street,1130.0,35172.528,41922.684,18.445,16.398,16.398,,,COMPASSVALE STREET,16.184
compassvale_street,Compassvale Street,1132.0,35174.475,41922.226,17.828,16.112,16.112,,,COMPASSVALE STREET,16.18
compassvale_street,Compassvale Street,1134.0,35176.422,41921.769,18.595,15.818,15.818,,,COMPASSVALE STREET,16.175
compassvale_street,Compassvale Street,1136.0,35178.369,41921.311,19.606,15.524,15.524,,,COMPASSVALE STREET,16.17
compassvale_street,Compassvale Street,1138.0,35180.316,41920.853,18.865,15.231,15.231,,,COMPASSVALE STREET,16.165
compassvale_street,Compassvale Street,1140.0,35182.263,41920.396,18.367,,15.084,,,COMPASSVALE STREET,16.161
compassvale_street,Compassvale Street,1142.0,35184.21,41919.938,16.289,,14.937,,,COMPASSVALE STREET,16.156
compassvale_street,Compassvale Street,1144.0,35186.157,41919.48,17.502,,14.79,,,COMPASSVALE STREET,16.151
compassvale_street,Compassvale Street,1146.0,35188.104,41919.022,16.472,,14.056,,,COMPASSVALE STREET,16.146
compassvale_street,Compassvale Street,1148.0,35190.051,41918.565,17.831,,13.322,,,COMPASSVALE STREET,16.142
compassvale_street,Compassvale Street,1150.0,35191.997,41918.107,16.457,,13.175,,,COMPASSVALE STREET,16.137
compassvale_street,Compassvale Street,1152.0,35193.944,41917.649,12.006,,13.028,,,COMPASSVALE STREET,16.132
compassvale_street,Compassvale Street,1154.0,35195.891,41917.192,12.0,12.881,12.881,,,COMPASSVALE STREET,16.127
compassvale_street,Compassvale Street,1156.0,35197.838,41916.734,12.0,12.588,12.588,,,COMPASSVALE STREET,16.123
compassvale_street,Compassvale Street,1158.0,35199.785,41916.276,17.226,12.294,12.294,,,COMPASSVALE STREET,16.118
compassvale_street,Compassvale Street,1160.0,35201.732,41915.818,17.804,12.0,12.015,,,COMPASSVALE STREET,16.113
compassvale_street,Compassvale Street,1162.0,35203.679,41915.361,12.0,12.0,12.015,,,COMPASSVALE STREET,16.108
compassvale_street,Compassvale Street,1164.0,35205.626,41914.903,12.012,12.015,12.015,0.362,1.0,COMPASSVALE STREET,16.104
compassvale_street,Compassvale Street,1166.0,35207.573,41914.445,17.099,12.03,12.03,,,COMPASSVALE STREET,16.099
compassvale_street,Compassvale Street,1168.0,35209.52,41913.988,12.044,12.044,12.044,,,COMPASSVALE STREET,16.094
compassvale_street,Compassvale Street,1170.0,35211.467,41913.53,15.817,12.14,12.14,,,COMPASSVALE STREET,16.089
compassvale_street,Compassvale Street,1172.0,35213.414,41913.072,12.298,12.235,12.235,,,COMPASSVALE STREET,16.085
compassvale_street,Compassvale Street,1174.0,35215.36,41912.614,17.021,12.331,12.331,,,COMPASSVALE STREET,16.08
compassvale_street,Compassvale Street,1176.0,35217.307,41912.157,17.42,12.426,12.426,,,COMPASSVALE STREET,16.075
compassvale_street,Compassvale Street,1178.0,35219.254,41911.699,12.616,12.522,12.522,,,COMPASSVALE STREET,16.07
compassvale_street,Compassvale Street,1180.0,35221.201,41911.241,12.617,12.617,12.617,,,COMPASSVALE STREET,16.065
compassvale_street,Compassvale Street,1182.0,35223.148,41910.784,12.669,12.829,12.829,,,COMPASSVALE STREET,16.061
compassvale_street,Compassvale Street,1184.0,35225.095,41910.326,12.604,13.042,13.042,,,COMPASSVALE STREET,16.056
compassvale_street,Compassvale Street,1186.0,35227.042,41909.868,12.401,13.187,13.187,,,COMPASSVALE STREET,16.051
compassvale_street,Compassvale Street,1188.0,35228.989,41909.41,19.07,13.333,13.187,,,COMPASSVALE STREET,16.046
compassvale_street,Compassvale Street,1190.0,35230.936,41908.953,19.008,13.251,13.187,,,COMPASSVALE STREET,16.042
compassvale_street,Compassvale Street,1192.0,35232.883,41908.495,19.203,13.17,13.17,,,COMPASSVALE STREET,16.037
compassvale_street,Compassvale Street,1194.0,35234.83,41908.037,16.654,13.089,13.089,,,COMPASSVALE STREET,16.032
compassvale_street,Compassvale Street,1196.0,35236.777,41907.58,16.653,13.007,13.007,,,COMPASSVALE STREET,16.027
compassvale_street,Compassvale Street,1198.0,35238.724,41907.122,15.74,12.926,13.007,,,COMPASSVALE STREET,16.023
compassvale_street,Compassvale Street,1200.0,35240.67,41906.664,12.902,12.844,13.007,,,COMPASSVALE STREET,16.018
compassvale_street,Compassvale Street,1202.0,35242.617,41906.206,12.763,13.146,13.146,,,COMPASSVALE STREET,16.013
compassvale_street,Compassvale Street,1204.0,35244.564,41905.749,12.751,13.448,13.448,,,COMPASSVALE STREET,16.008
compassvale_street,Compassvale Street,1206.0,35246.511,41905.291,12.744,13.749,13.749,,,COMPASSVALE STREET,16.004
compassvale_street,Compassvale Street,1208.0,35248.458,41904.833,12.697,14.111,14.111,,,COMPASSVALE STREET,15.999
compassvale_street,Compassvale Street,1210.0,35250.405,41904.376,15.194,14.473,14.473,,,COMPASSVALE STREET,15.994
compassvale_street,Compassvale Street,1212.0,35252.352,41903.918,17.724,14.836,14.836,,,COMPASSVALE STREET,15.989
compassvale_street,Compassvale Street,1214.0,35254.299,41903.46,17.377,15.198,15.198,,,COMPASSVALE STREET,15.985
compassvale_street,Compassvale Street,1216.0,35256.246,41903.002,15.143,15.56,15.56,,,COMPASSVALE STREET,15.98
compassvale_street,Compassvale Street,1218.0,35258.193,41902.545,16.711,15.922,15.922,,,COMPASSVALE STREET,15.975
compassvale_street,Compassvale Street,1220.0,35260.14,41902.087,16.21,16.104,16.104,,,COMPASSVALE STREET,15.97
compassvale_street,Compassvale Street,1222.0,35262.087,41901.629,16.286,16.286,16.286,,,COMPASSVALE STREET,15.966
compassvale_street,Compassvale Street,1224.0,35264.034,41901.172,16.41,16.41,16.286,,,COMPASSVALE STREET,15.961
compassvale_street,Compassvale Street,1226.0,35265.98,41900.714,16.696,16.332,16.286,,,COMPASSVALE STREET,15.956
compassvale_street,Compassvale Street,1228.0,35267.927,41900.256,14.223,16.253,16.253,,,COMPASSVALE STREET,15.951
compassvale_street,Compassvale Street,1230.0,35269.874,41899.798,15.81,16.24,16.24,,,COMPASSVALE STREET,15.947
compassvale_street,Compassvale Street,1232.0,35271.821,41899.341,16.763,16.227,16.227,,,COMPASSVALE STREET,15.942
compassvale_street,Compassvale Street,1234.0,35273.768,41898.883,14.728,16.214,16.214,,,COMPASSVALE STREET,15.937
compassvale_street,Compassvale Street,1236.0,35275.715,41898.425,16.969,16.202,16.202,,,COMPASSVALE STREET,15.932
compassvale_street,Compassvale Street,1238.0,35277.662,41897.968,19.942,16.189,16.189,,,COMPASSVALE STREET,15.928
compassvale_street,Compassvale Street,1240.0,35279.609,41897.51,14.046,16.176,16.176,,,COMPASSVALE STREET,15.923
compassvale_street,Compassvale Street,1242.0,35281.556,41897.052,16.258,16.163,16.163,,,COMPASSVALE STREET,15.918
compassvale_street,Compassvale Street,1244.0,35283.503,41896.594,13.983,16.15,16.15,,,COMPASSVALE STREET,15.913
compassvale_street,Compassvale Street,1246.0,35285.45,41896.137,14.649,16.137,16.137,,,COMPASSVALE STREET,15.909
compassvale_street,Compassvale Street,1248.0,35287.397,41895.679,16.395,16.125,16.137,,,COMPASSVALE STREET,15.904
compassvale_street,Compassvale Street,1250.0,35289.343,41895.221,17.808,16.112,16.137,,,COMPASSVALE STREET,15.899
compassvale_street,Compassvale Street,1252.0,35291.29,41894.764,15.829,16.303,16.303,,,COMPASSVALE STREET,15.894
compassvale_street,Compassvale Street,1254.0,35293.237,41894.306,14.656,16.574,16.574,,,COMPASSVALE STREET,15.89
compassvale_street,Compassvale Street,1256.0,35295.184,41893.848,15.145,16.845,16.845,,,COMPASSVALE STREET,15.885
compassvale_street,Compassvale Street,1258.0,35297.131,41893.39,19.589,17.099,17.099,,,COMPASSVALE STREET,15.88
compassvale_street,Compassvale Street,1260.0,35299.078,41892.933,14.748,17.354,17.354,,,COMPASSVALE STREET,15.875
compassvale_street,Compassvale Street,1262.0,35301.025,41892.475,17.814,17.609,17.377,,,COMPASSVALE STREET,15.871
compassvale_street,Compassvale Street,1264.0,35302.972,41892.017,17.591,17.675,17.377,,,COMPASSVALE STREET,15.866
compassvale_street,Compassvale Street,1266.0,35304.919,41891.56,19.095,17.377,17.377,,,COMPASSVALE STREET,15.861
compassvale_street,Compassvale Street,1268.0,35306.866,41891.102,20.705,17.079,17.079,,,COMPASSVALE STREET,15.856
compassvale_street,Compassvale Street,1302.0,35339.963,41883.321,19.423,16.782,16.782,,,COMPASSVALE STREET,16.555
compassvale_street,Compassvale Street,1304.0,35341.91,41882.863,19.281,16.484,16.484,,,COMPASSVALE STREET,16.634
compassvale_street,Compassvale Street,1306.0,35343.857,41882.405,15.796,16.186,16.186,,,COMPASSVALE STREET,16.713
compassvale_street,Compassvale Street,1308.0,35345.804,41881.948,15.888,15.888,15.888,,,COMPASSVALE STREET,16.792
compassvale_street,Compassvale Street,1310.0,35347.751,41881.49,17.871,15.832,15.832,,,COMPASSVALE STREET,16.872
compassvale_street,Compassvale Street,1312.0,35349.698,41881.032,15.775,15.775,15.775,,,COMPASSVALE STREET,16.951
compassvale_street,Compassvale Street,1314.0,35351.645,41880.574,15.113,15.678,15.678,,,COMPASSVALE STREET,17.03
compassvale_street,Compassvale Street,1316.0,35353.592,41880.117,17.715,15.581,15.581,,,COMPASSVALE STREET,17.109
compassvale_street,Compassvale Street,1318.0,35355.539,41879.659,15.976,15.484,15.484,,,COMPASSVALE STREET,17.189
compassvale_street,Compassvale Street,1320.0,35357.486,41879.201,12.621,15.387,15.387,,,COMPASSVALE STREET,17.268
compassvale_street,Compassvale Street,1322.0,35359.433,41878.744,13.243,15.289,15.289,,,COMPASSVALE STREET,17.347
compassvale_street,Compassvale Street,1324.0,35361.35,41878.196,14.057,15.192,15.192,,,COMPASSVALE STREET,17.331
compassvale_street,Compassvale Street,1326.0,35363.199,41877.431,15.072,15.095,15.095,,,COMPASSVALE STREET,17.089
compassvale_street,Compassvale Street,1328.0,35365.047,41876.667,17.815,14.998,14.998,,,COMPASSVALE STREET,16.846
compassvale_street,Compassvale Street,1330.0,35366.895,41875.903,17.568,14.924,14.924,,,COMPASSVALE STREET,16.604
compassvale_street,Compassvale Street,1332.0,35368.743,41875.139,14.85,14.85,14.85,,,COMPASSVALE STREET,16.361
compassvale_street,Compassvale Street,1334.0,35370.592,41874.374,13.454,14.791,14.791,,,COMPASSVALE STREET,16.119
compassvale_street,Compassvale Street,1336.0,35372.292,41873.337,12.952,14.732,14.732,,,COMPASSVALE STREET,15.574
compassvale_street,Compassvale Street,1338.0,35373.939,41872.203,12.922,14.674,14.674,,,COMPASSVALE STREET,14.921
compassvale_street,Compassvale Street,1340.0,35375.586,41871.068,15.431,14.615,14.615,,,COMPASSVALE STREET,14.268
compassvale_street,Compassvale Street,1342.0,35377.233,41869.934,15.075,14.556,14.556,,,COMPASSVALE STREET,13.614
compassvale_street,Compassvale Street,1344.0,35378.88,41868.799,14.708,14.498,14.498,,,COMPASSVALE STREET,12.961
compassvale_street,Compassvale Street,1346.0,35380.527,41867.664,13.238,14.439,14.439,,,COMPASSVALE STREET,12.308
compassvale_street,Compassvale Street,1348.0,35382.174,41866.53,14.167,14.38,14.38,,,COMPASSVALE STREET,11.655
compassvale_street,Compassvale Street,1350.0,35383.821,41865.395,14.322,14.322,14.322,,,COMPASSVALE STREET,11.002
compassvale_street,Compassvale Street,1352.0,35385.468,41864.261,12.406,14.282,14.282,,,COMPASSVALE STREET,10.349
compassvale_street,Compassvale Street,1354.0,35387.115,41863.126,14.242,14.242,14.242,-7.219,1.0,COMPASSVALE STREET,9.696
compassvale_street,Compassvale Street,1356.0,35388.762,41861.992,14.017,14.017,14.017,-8.295,1.0,COMPASSVALE STREET,9.042
compassvale_street,Compassvale Street,1358.0,35390.409,41860.857,13.744,13.744,13.744,-9.372,2.0,COMPASSVALE STREET,8.389
compassvale_street,Compassvale Street,1360.0,35392.056,41859.723,19.131,13.618,13.618,-7.477,1.0,COMPASSVALE STREET,7.736
compassvale_street,Compassvale Street,1362.0,35393.806,41858.765,17.549,13.492,13.492,-4.06,1.0,COMPASSVALE STREET,7.281
compassvale_street,Compassvale Street,1364.0,35395.608,41857.898,13.366,13.366,13.419,-2.486,1.0,COMPASSVALE STREET,6.927
compassvale_street,Compassvale Street,1366.0,35397.41,41857.031,13.349,13.349,13.419,,,COMPASSVALE STREET,6.573
compassvale_street,Compassvale Street,1368.0,35399.213,41856.163,13.419,13.419,13.419,,,COMPASSVALE STREET,6.219
compassvale_street,Compassvale Street,1370.0,35401.022,41855.311,13.461,13.607,13.607,,,COMPASSVALE STREET,5.881
compassvale_street,Compassvale Street,1372.0,35402.84,41854.478,13.467,13.796,13.796,,,COMPASSVALE STREET,5.564
compassvale_street,Compassvale Street,1374.0,35404.659,41853.646,10.636,14.066,14.066,,,COMPASSVALE STREET,5.248
compassvale_street,Compassvale Street,1376.0,35406.477,41852.813,10.773,14.336,14.336,,,COMPASSVALE STREET,4.932
compassvale_street,Compassvale Street,1378.0,35408.296,41851.981,14.8,14.606,14.606,,,COMPASSVALE STREET,4.616
compassvale_street,Compassvale Street,1380.0,35410.114,41851.148,14.776,14.876,14.876,,,COMPASSVALE STREET,4.299
compassvale_street,Compassvale Street,1382.0,35411.933,41850.316,14.839,15.146,15.146,,,COMPASSVALE STREET,4.051
compassvale_street,Compassvale Street,1384.0,35413.663,41849.331,15.417,15.417,15.417,,,COMPASSVALE STREET,3.703
compassvale_street,Compassvale Street,1386.0,35415.292,41848.171,15.556,15.556,15.556,,,COMPASSVALE STREET,3.155
compassvale_street,Compassvale Street,1388.0,35416.922,41847.011,15.76,15.76,15.76,4.297,1.0,COMPASSVALE STREET,2.606
compassvale_street,Compassvale Street,1390.0,35418.618,41846.007,16.135,15.82,15.76,,,COMPASSVALE STREET,2.228
compassvale_street,Compassvale Street,1392.0,35420.58,41845.621,15.88,15.88,15.76,,,COMPASSVALE STREET,2.521
compassvale_street,Compassvale Street,1394.0,35422.543,41845.234,15.46,15.62,15.62,,,COMPASSVALE STREET,2.813
compassvale_street,Compassvale Street,1396.0,35424.505,41844.848,16.043,15.36,15.36,-11.511,2.0,COMPASSVALE STREET,3.106
compassvale_street,Compassvale Street,1398.0,35426.467,41844.461,16.155,15.1,15.1,,,COMPASSVALE STREET,3.398
compassvale_street,Compassvale Street,1400.0,35428.43,41844.075,14.839,14.839,14.839,,,COMPASSVALE STREET,3.691
compassvale_street,Compassvale Street,1402.0,35430.39,41843.677,15.719,14.706,14.706,,,COMPASSVALE STREET,3.971
compassvale_street,Compassvale Street,1404.0,35432.348,41843.273,14.486,14.572,14.572,-5.602,1.0,COMPASSVALE STREET,4.246
compassvale_street,Compassvale Street,1406.0,35434.307,41842.869,10.155,14.438,14.438,,,COMPASSVALE STREET,4.521
compassvale_street,Compassvale Street,1408.0,35436.266,41842.466,10.105,14.391,14.391,,,COMPASSVALE STREET,4.796
compassvale_street,Compassvale Street,1410.0,35438.225,41842.062,14.344,14.344,14.344,,,COMPASSVALE STREET,5.071
compassvale_street,Compassvale Street,1412.0,35440.18,41841.645,14.312,14.312,14.312,,,COMPASSVALE STREET,5.333
compassvale_street,Compassvale Street,1414.0,35442.105,41841.102,14.279,14.105,14.105,,,COMPASSVALE STREET,5.465
compassvale_street,Compassvale Street,1416.0,35444.03,41840.559,14.256,13.898,13.898,,,COMPASSVALE STREET,5.597
compassvale_street,Compassvale Street,1418.0,35445.955,41840.015,14.228,13.476,13.476,,,COMPASSVALE STREET,5.729
compassvale_street,Compassvale Street,1420.0,35447.88,41839.472,14.195,13.055,13.055,,,COMPASSVALE STREET,5.862
compassvale_street,Compassvale Street,1422.0,35449.809,41838.977,10.36,12.634,12.634,,,COMPASSVALE STREET,6.04
compassvale_street,Compassvale Street,1424.0,35451.804,41839.13,14.131,,12.213,,,COMPASSVALE STREET,6.851
compassvale_street,Compassvale Street,1426.0,35453.798,41839.282,9.795,11.792,11.792,,,COMPASSVALE STREET,7.662
compassvale_street,Compassvale Street,1428.0,35455.792,41839.435,9.744,11.371,11.371,,,COMPASSVALE STREET,8.473
compassvale_street,Compassvale Street,1430.0,35457.779,41839.517,9.851,10.95,10.95,,,COMPASSVALE STREET,9.216
compassvale_street,Compassvale Street,1432.0,35459.702,41838.966,9.844,10.529,10.634,,,COMPASSVALE STREET,9.341
compassvale_street,Compassvale Street,1434.0,35461.625,41838.416,9.884,10.581,10.634,,,COMPASSVALE STREET,9.465
compassvale_street,Compassvale Street,1436.0,35463.547,41837.866,9.809,10.634,10.634,,,COMPASSVALE STREET,9.59
compassvale_street,Compassvale Street,1438.0,35465.47,41837.316,9.76,10.686,10.686,,,COMPASSVALE STREET,9.715
compassvale_street,Compassvale Street,1440.0,35467.296,41836.535,11.253,10.996,10.996,,,COMPASSVALE STREET,9.59
compassvale_street,Compassvale Street,1442.0,35469.033,41835.543,9.651,11.306,11.306,,,COMPASSVALE STREET,9.237
compassvale_street,Compassvale Street,1444.0,35470.77,41834.552,9.616,11.616,11.616,,,COMPASSVALE STREET,8.884
compassvale_street,Compassvale Street,1446.0,35472.507,41833.561,13.462,,11.926,,,COMPASSVALE STREET,8.531
compassvale_street,Compassvale Street,1448.0,35474.244,41832.57,13.344,,12.236,,,COMPASSVALE STREET,8.178
compassvale_street,Compassvale Street,1450.0,35475.981,41831.578,13.313,12.546,12.546,,,COMPASSVALE STREET,7.825
compassvale_street,Compassvale Street,1452.0,35477.718,41830.587,12.235,12.856,12.856,,,COMPASSVALE STREET,7.473
compassvale_street,Compassvale Street,1454.0,35479.455,41829.596,15.045,13.166,13.166,,,COMPASSVALE STREET,7.12
compassvale_street,Compassvale Street,1456.0,35481.192,41828.604,12.479,13.476,13.476,,,COMPASSVALE STREET,6.767
compassvale_street,Compassvale Street,1458.0,35482.929,41827.613,13.729,13.53,13.53,,,COMPASSVALE STREET,6.414
compassvale_street,Compassvale Street,1460.0,35484.666,41826.622,13.584,13.584,13.561,,,COMPASSVALE STREET,6.061
compassvale_street,Compassvale Street,1462.0,35486.403,41825.63,13.571,13.571,13.561,,,COMPASSVALE STREET,5.708
compassvale_street,Compassvale Street,1464.0,35488.14,41824.639,13.561,13.561,13.561,-2.293,1.0,COMPASSVALE STREET,5.355
compassvale_street,Compassvale Street,1466.0,35489.877,41823.648,13.763,13.47,13.47,-2.733,1.0,COMPASSVALE STREET,5.002
compassvale_street,Compassvale Street,1468.0,35491.614,41822.656,9.162,13.378,13.378,-3.173,1.0,COMPASSVALE STREET,4.649
compassvale_street,Compassvale Street,1470.0,35493.352,41821.665,12.993,13.285,13.308,,,COMPASSVALE STREET,4.296
compassvale_street,Compassvale Street,1472.0,35495.089,41820.674,13.192,13.192,13.308,,,COMPASSVALE STREET,3.943
compassvale_street,Compassvale Street,1474.0,35496.826,41819.683,13.11,13.308,13.308,,,COMPASSVALE STREET,3.59
compassvale_street,Compassvale Street,1476.0,35498.563,41818.691,13.808,13.423,13.423,,,COMPASSVALE STREET,3.237
compassvale_street,Compassvale Street,1478.0,35500.3,41817.7,13.325,13.615,13.615,,,COMPASSVALE STREET,2.884
compassvale_street,Compassvale Street,1480.0,35502.037,41816.709,13.451,13.807,13.807,,,COMPASSVALE STREET,2.532
compassvale_street,Compassvale Street,1482.0,35503.774,41815.717,14.362,14.0,14.0,,,COMPASSVALE STREET,2.179
compassvale_street,Compassvale Street,1484.0,35505.511,41814.726,15.39,14.192,14.0,,,COMPASSVALE STREET,1.826
compassvale_street,Compassvale Street,1486.0,35507.248,41813.735,15.258,14.021,14.0,,,COMPASSVALE STREET,1.473
compassvale_street,Compassvale Street,1488.0,35509.112,41813.092,14.099,13.851,13.851,,,COMPASSVALE STREET,1.491
compassvale_street,Compassvale Street,1490.0,35511.079,41812.728,13.575,13.68,13.68,,,COMPASSVALE STREET,1.806
compassvale_street,Compassvale Street,1492.0,35513.046,41812.365,12.893,13.51,13.51,,,COMPASSVALE STREET,2.122
compassvale_street,Compassvale Street,1494.0,35515.012,41812.001,13.339,13.339,13.51,,,COMPASSVALE STREET,2.437
compassvale_street,Compassvale Street,1496.0,35516.948,41811.5,12.944,13.476,13.51,,,COMPASSVALE STREET,2.613
compassvale_street,Compassvale Street,1498.0,35518.882,41810.991,10.24,13.612,13.612,,,COMPASSVALE STREET,2.78
compassvale_street,Compassvale Street,1500.0,35520.817,41810.482,13.649,13.748,13.748,,,COMPASSVALE STREET,2.948
compassvale_street,Compassvale Street,1502.0,35522.751,41809.973,13.638,13.885,13.885,,,COMPASSVALE STREET,3.116
compassvale_street,Compassvale Street,1504.0,35524.685,41809.464,14.021,14.021,13.913,,,COMPASSVALE STREET,3.283
compassvale_street,Compassvale Street,1506.0,35526.619,41808.956,13.913,13.913,14.021,,,COMPASSVALE STREET,3.451
compassvale_street,Compassvale Street,1508.0,35528.469,41808.246,14.176,14.176,14.073,,,COMPASSVALE STREET,3.401
compassvale_street,Compassvale Street,1510.0,35530.19,41807.227,14.916,14.073,14.176,,,COMPASSVALE STREET,3.016
compassvale_street,Compassvale Street,1512.0,35531.911,41806.207,14.068,14.191,14.191,,,COMPASSVALE STREET,2.737
compassvale_street,Compassvale Street,1514.0,35533.631,41805.188,13.868,14.309,14.309,,,COMPASSVALE STREET,2.476
compassvale_street,Compassvale Street,1516.0,35535.387,41804.234,13.988,14.495,14.495,,,COMPASSVALE STREET,2.289
compassvale_street,Compassvale Street,1518.0,35537.19,41803.368,13.536,14.68,14.68,,,COMPASSVALE STREET,2.202
compassvale_street,Compassvale Street,1520.0,35538.993,41802.502,16.987,14.866,14.866,,,COMPASSVALE STREET,2.114
compassvale_street,Compassvale Street,1522.0,35540.795,41801.635,16.989,15.051,15.051,,,COMPASSVALE STREET,2.026
compassvale_street,Compassvale Street,1524.0,35542.624,41800.841,16.967,15.236,15.051,,,COMPASSVALE STREET,2.014
compassvale_street,Compassvale Street,1526.0,35544.568,41800.373,16.969,15.133,15.051,,,COMPASSVALE STREET,2.349
compassvale_street,Compassvale Street,1528.0,35546.513,41799.905,16.824,15.03,15.03,,,COMPASSVALE STREET,2.683
compassvale_street,Compassvale Street,1530.0,35548.457,41799.438,16.197,14.575,14.575,,,COMPASSVALE STREET,3.017
compassvale_street,Compassvale Street,1532.0,35550.402,41798.97,13.202,14.12,14.12,,,COMPASSVALE STREET,3.352
compassvale_street,Compassvale Street,1534.0,35552.346,41798.502,13.135,13.665,13.665,,,COMPASSVALE STREET,3.686
compassvale_street,Compassvale Street,1536.0,35554.291,41798.035,10.788,,13.21,,,COMPASSVALE STREET,4.021
compassvale_street,Compassvale Street,1538.0,35556.235,41797.567,13.12,,12.754,,,COMPASSVALE STREET,4.355
compassvale_street,Compassvale Street,1540.0,35558.18,41797.099,13.135,12.299,12.299,,,COMPASSVALE STREET,4.689
compassvale_street,Compassvale Street,1542.0,35560.124,41796.631,10.847,11.844,11.844,,,COMPASSVALE STREET,5.024
compassvale_street,Compassvale Street,1544.0,35562.069,41796.164,11.103,11.389,11.389,,,COMPASSVALE STREET,5.358
compassvale_street,Compassvale Street,1546.0,35564.013,41795.696,10.933,10.933,10.933,,,COMPASSVALE STREET,5.692
compassvale_street,Compassvale Street,1548.0,35565.958,41795.228,10.851,10.851,10.851,,,COMPASSVALE STREET,6.027
compassvale_street,Compassvale Street,1550.0,35567.903,41794.76,10.817,10.817,10.817,,,COMPASSVALE STREET,6.361
compassvale_street,Compassvale Street,1552.0,35569.847,41794.293,7.763,10.796,10.796,,,COMPASSVALE STREET,6.696
compassvale_street,Compassvale Street,1554.0,35569.198,41793.904,10.774,10.598,10.598,,,COMPASSVALE STREET,6.083
compassvale_street,Compassvale Street,1556.0,35567.229,41793.555,10.165,10.401,10.401,-6.26,1.0,COMPASSVALE STREET,4.988
compassvale_street,Compassvale Street,1558.0,35565.26,41793.206,10.029,10.281,10.295,,,COMPASSVALE STREET,3.893
compassvale_street,Compassvale Street,1560.0,35563.29,41792.856,13.843,10.162,10.295,,,COMPASSVALE STREET,2.797
compassvale_street,Compassvale Street,1562.0,35561.321,41792.507,14.315,10.295,10.295,,,COMPASSVALE STREET,1.702
compassvale_street,Compassvale Street,1564.0,35559.352,41792.158,8.46,10.428,10.428,,,COMPASSVALE STREET,0.607
compassvale_street,Compassvale Street,1566.0,35557.383,41791.809,8.243,10.561,10.561,,,COMPASSVALE STREET,0.488
compassvale_street,Compassvale Street,1568.0,35555.413,41791.46,8.449,10.856,10.856,,,COMPASSVALE STREET,1.583
compassvale_street,Compassvale Street,1570.0,35553.444,41791.111,10.827,11.151,11.151,,,COMPASSVALE STREET,2.678
compassvale_street,Compassvale Street,1572.0,35551.475,41790.762,13.903,11.393,11.393,,,COMPASSVALE STREET,3.773
compassvale_street,Compassvale Street,1574.0,35549.505,41790.413,10.813,11.636,11.636,,,COMPASSVALE STREET,4.868
compassvale_street,Compassvale Street,1576.0,35547.536,41790.064,13.169,11.878,11.878,,,COMPASSVALE STREET,5.964
compassvale_street,Compassvale Street,1578.0,35545.567,41789.715,13.811,12.121,12.121,,,COMPASSVALE STREET,7.059
compassvale_street,Compassvale Street,1580.0,35543.597,41789.366,14.084,12.363,12.363,,,COMPASSVALE STREET,8.154
compassvale_street,Compassvale Street,1582.0,35541.628,41789.017,14.255,12.606,12.606,,,COMPASSVALE STREET,9.249
compassvale_street,Compassvale Street,1584.0,35539.659,41788.668,14.332,12.848,12.848,,,COMPASSVALE STREET,10.344
compassvale_street,Compassvale Street,1586.0,35537.689,41788.319,13.091,13.091,12.921,,,COMPASSVALE STREET,11.439
compassvale_street,Compassvale Street,1588.0,35535.72,41787.97,11.454,13.006,12.921,,,COMPASSVALE STREET,12.534
compassvale_street,Compassvale Street,1590.0,35533.751,41787.621,10.913,12.921,12.921,-2.116,1.0,COMPASSVALE STREET,13.63
compassvale_street,Compassvale Street,1592.0,35531.782,41787.272,15.116,12.837,12.837,,,COMPASSVALE STREET,14.725
compassvale_street,Compassvale Street,1594.0,35529.812,41786.923,13.911,12.752,12.752,,,COMPASSVALE STREET,15.82
compassvale_street,Compassvale Street,1596.0,35527.843,41786.574,12.668,12.46,12.627,,,COMPASSVALE STREET,16.915
compassvale_street,Compassvale Street,1598.0,35525.922,41786.888,10.113,12.544,12.627,,,COMPASSVALE STREET,17.381
compassvale_street,Compassvale Street,1600.0,35524.024,41787.519,11.667,12.627,12.627,,,COMPASSVALE STREET,17.547
compassvale_street,Compassvale Street,1602.0,35522.126,41788.149,11.747,12.922,12.922,,,COMPASSVALE STREET,17.659
compassvale_street,Compassvale Street,1604.0,35520.228,41788.78,12.043,13.216,13.216,,,COMPASSVALE STREET,17.7
compassvale_street,Compassvale Street,1606.0,35518.33,41789.411,14.007,13.51,13.51,,,COMPASSVALE STREET,17.741
compassvale_street,Compassvale Street,1608.0,35516.432,41790.042,16.356,13.805,13.51,,,COMPASSVALE STREET,17.782
compassvale_street,Compassvale Street,1610.0,35514.537,41790.681,16.453,13.512,13.51,,,COMPASSVALE STREET,17.813
compassvale_street,Compassvale Street,1612.0,35512.669,41791.394,14.213,13.166,13.166,,,COMPASSVALE STREET,17.766
compassvale_street,Compassvale Street,1614.0,35510.8,41792.107,12.553,12.82,12.82,,,COMPASSVALE STREET,17.72
compassvale_street,Compassvale Street,1616.0,35508.932,41792.82,10.786,12.462,12.462,,,COMPASSVALE STREET,17.673
compassvale_street,Compassvale Street,1618.0,35507.063,41793.533,9.144,12.104,12.104,,,COMPASSVALE STREET,17.626
compassvale_street,Compassvale Street,1620.0,35505.195,41794.246,11.536,11.747,11.747,,,COMPASSVALE STREET,17.579
compassvale_street,Compassvale Street,1622.0,35503.326,41794.959,11.295,,11.389,,,COMPASSVALE STREET,17.533
compassvale_street,Compassvale Street,1624.0,35501.458,41795.673,10.3,,11.031,,,COMPASSVALE STREET,17.486
compassvale_street,Compassvale Street,1626.0,35499.589,41796.386,13.087,,10.674,,,COMPASSVALE STREET,17.439
compassvale_street,Compassvale Street,1628.0,35497.72,41797.099,10.665,10.316,10.316,,,COMPASSVALE STREET,17.392
compassvale_street,Compassvale Street,1630.0,35495.852,41797.812,9.251,9.958,9.958,,,COMPASSVALE STREET,17.345
compassvale_street,Compassvale Street,1632.0,35493.983,41798.525,9.193,9.601,9.601,,,COMPASSVALE STREET,17.299
compassvale_street,Compassvale Street,1634.0,35492.045,41798.988,9.243,9.243,9.601,,,COMPASSVALE STREET,17.511
compassvale_street,Compassvale Street,1636.0,35490.078,41799.352,9.308,9.461,9.601,,,COMPASSVALE STREET,17.826
compassvale_street,Compassvale Street,1638.0,35488.111,41799.715,11.895,9.755,9.755,,,COMPASSVALE STREET,18.142
compassvale_street,Compassvale Street,1640.0,35486.145,41800.079,12.979,10.05,10.05,,,COMPASSVALE STREET,18.457
compassvale_street,Compassvale Street,1642.0,35484.178,41800.443,10.81,10.344,10.344,,,COMPASSVALE STREET,18.772
compassvale_street,Compassvale Street,1644.0,35482.211,41800.807,10.792,10.638,10.638,,,COMPASSVALE STREET,19.088
compassvale_street,Compassvale Street,1646.0,35480.255,41800.811,10.933,10.933,10.933,,,COMPASSVALE STREET,19.738
compassvale_street,Compassvale Street,1648.0,35478.314,41800.33,11.07,11.07,11.07,,,COMPASSVALE STREET,20.841
compassvale_street,Compassvale Street,1650.0,35476.373,41799.849,11.086,11.311,11.311,,,COMPASSVALE STREET,21.944
compassvale_street,Compassvale Street,1652.0,35474.432,41799.368,14.746,11.552,11.552,,,COMPASSVALE STREET,23.047
compassvale_street,Compassvale Street,1654.0,35472.49,41798.887,10.895,11.851,11.851,,,COMPASSVALE STREET,24.149
compassvale_street,Compassvale Street,1656.0,35470.549,41798.406,15.674,12.151,12.151,,,COMPASSVALE STREET,25.252
compassvale_street,Compassvale Street,1658.0,35468.608,41797.925,11.554,12.45,12.45,,,COMPASSVALE STREET,26.355
compassvale_street,Compassvale Street,1660.0,35466.666,41797.444,11.56,12.749,12.45,,,COMPASSVALE STREET,27.458
compassvale_street,Compassvale Street,1662.0,35464.725,41796.963,14.504,12.55,12.45,,,COMPASSVALE STREET,28.561
compassvale_street,Compassvale Street,1664.0,35462.784,41796.482,13.426,12.351,12.351,,,COMPASSVALE STREET,29.664
compassvale_street,Compassvale Street,1666.0,35460.842,41796.001,15.452,12.151,12.151,,,COMPASSVALE STREET,30.767
compassvale_street,Compassvale Street,1668.0,35458.92,41796.022,11.32,11.952,11.952,,,COMPASSVALE STREET,31.39
compassvale_street,Compassvale Street,1670.0,35457.02,41796.647,11.356,11.753,11.778,,,COMPASSVALE STREET,31.436
compassvale_street,Compassvale Street,1672.0,35455.121,41797.273,11.553,11.553,11.778,,,COMPASSVALE STREET,31.482
compassvale_street,Compassvale Street,1674.0,35453.221,41797.898,11.778,11.778,11.753,,,COMPASSVALE STREET,31.529
compassvale_street,Compassvale Street,1676.0,35451.321,41798.524,11.808,11.808,11.596,-2.9,1.0,COMPASSVALE STREET,31.575
compassvale_street,Compassvale Street,1678.0,35449.422,41799.149,11.596,11.596,11.596,-4.933,1.0,COMPASSVALE STREET,31.621
compassvale_street,Compassvale Street,1680.0,35447.535,41799.809,11.546,11.546,11.546,,,COMPASSVALE STREET,31.631
compassvale_street,Compassvale Street,1682.0,35445.684,41800.569,11.358,11.358,11.358,,,COMPASSVALE STREET,31.534
compassvale_street,Compassvale Street,1684.0,35443.834,41801.328,12.36,11.21,11.21,,,COMPASSVALE STREET,31.438
compassvale_street,Compassvale Street,1686.0,35441.984,41802.087,11.352,11.062,11.062,,,COMPASSVALE STREET,31.341
compassvale_street,Compassvale Street,1688.0,35440.134,41802.847,14.032,10.914,10.914,,,COMPASSVALE STREET,31.245
compassvale_street,Compassvale Street,1690.0,35438.297,41803.638,14.309,10.766,10.766,,,COMPASSVALE STREET,31.113
compassvale_street,Compassvale Street,1692.0,35436.475,41804.463,10.439,10.619,10.619,,,COMPASSVALE STREET,30.946
compassvale_street,Compassvale Street,1694.0,35434.653,41805.287,10.471,10.471,10.616,,,COMPASSVALE STREET,30.779
compassvale_street,Compassvale Street,1696.0,35432.831,41806.111,10.496,10.496,10.589,,,COMPASSVALE STREET,30.612
compassvale_street,Compassvale Street,1698.0,35431.137,41807.161,10.616,10.616,10.589,,,COMPASSVALE STREET,30.189
compassvale_street,Compassvale Street,1700.0,35429.497,41808.307,12.426,10.589,10.616,4.497,1.0,COMPASSVALE STREET,29.659
compassvale_street,Compassvale Street,1702.0,35427.858,41809.452,10.562,10.769,10.769,,,COMPASSVALE STREET,29.128
compassvale_street,Compassvale Street,1704.0,35426.218,41810.597,10.949,10.949,10.949,,,COMPASSVALE STREET,28.598
compassvale_street,Compassvale Street,1706.0,35424.578,41811.742,10.98,11.169,11.169,,,COMPASSVALE STREET,28.067
compassvale_street,Compassvale Street,1708.0,35422.939,41812.887,11.12,11.389,11.389,10.012,2.0,COMPASSVALE STREET,27.537
compassvale_street,Compassvale Street,1710.0,35421.299,41814.033,11.609,11.609,11.609,,,COMPASSVALE STREET,27.006
compassvale_street,Compassvale Street,1712.0,35419.659,41815.178,11.893,11.893,11.75,,,COMPASSVALE STREET,26.476
compassvale_street,Compassvale Street,1714.0,35418.02,41816.323,14.148,11.822,11.789,2.658,1.0,COMPASSVALE STREET,25.945
compassvale_street,Compassvale Street,1716.0,35416.38,41817.468,11.75,11.75,11.822,0.784,1.0,COMPASSVALE STREET,25.415
compassvale_street,Compassvale Street,1718.0,35414.74,41818.613,15.155,11.789,11.822,0.301,1.0,COMPASSVALE STREET,24.884
compassvale_street,Compassvale Street,1720.0,35413.101,41819.758,15.643,11.827,11.813,0.071,1.0,COMPASSVALE STREET,24.354
compassvale_street,Compassvale Street,1722.0,35411.461,41820.904,11.866,11.866,11.813,0.555,1.0,COMPASSVALE STREET,23.823
compassvale_street,Compassvale Street,1724.0,35409.821,41822.049,11.813,11.813,11.827,3.358,1.0,COMPASSVALE STREET,23.293
compassvale_street,Compassvale Street,1726.0,35408.023,41822.921,11.756,11.756,11.866,6.162,1.0,COMPASSVALE STREET,23.072
compassvale_street,Compassvale Street,1728.0,35406.215,41823.776,11.872,12.031,12.031,,,COMPASSVALE STREET,22.872
compassvale_street,Compassvale Street,1730.0,35404.407,41824.63,15.198,12.306,12.306,,,COMPASSVALE STREET,22.672
compassvale_street,Compassvale Street,1732.0,35402.598,41825.484,12.739,12.373,12.373,,,COMPASSVALE STREET,22.44
compassvale_street,Compassvale Street,1734.0,35400.79,41826.338,12.377,12.44,12.44,,,COMPASSVALE STREET,22.1
compassvale_street,Compassvale Street,1736.0,35398.913,41827.008,12.507,12.713,12.713,,,COMPASSVALE STREET,21.956
compassvale_street,Compassvale Street,1738.0,35396.987,41827.547,14.473,12.985,12.985,,,COMPASSVALE STREET,21.951
compassvale_street,Compassvale Street,1740.0,35395.061,41828.086,12.728,13.258,13.258,,,COMPASSVALE STREET,21.947
compassvale_street,Compassvale Street,1742.0,35393.135,41828.625,13.531,13.531,13.516,,,COMPASSVALE STREET,21.943
compassvale_street,Compassvale Street,1744.0,35391.208,41829.163,15.299,13.524,13.516,,,COMPASSVALE STREET,21.938
compassvale_street,Compassvale Street,1746.0,35389.29,41829.728,15.674,13.516,13.516,,,COMPASSVALE STREET,21.907
compassvale_street,Compassvale Street,1748.0,35387.374,41830.303,12.358,13.509,13.509,,,COMPASSVALE STREET,21.864
compassvale_street,Compassvale Street,1750.0,35385.459,41830.879,14.052,13.501,13.501,,,COMPASSVALE STREET,21.822
compassvale_street,Compassvale Street,1752.0,35383.544,41831.454,18.173,13.494,13.494,,,COMPASSVALE STREET,21.779
compassvale_street,Compassvale Street,1754.0,35381.629,41832.032,12.941,13.486,13.486,,,COMPASSVALE STREET,21.734
compassvale_street,Compassvale Street,1756.0,35379.722,41832.634,16.229,13.479,13.479,,,COMPASSVALE STREET,21.663
compassvale_street,Compassvale Street,1758.0,35377.814,41833.236,14.054,13.472,13.479,,,COMPASSVALE STREET,21.593
compassvale_street,Compassvale Street,1760.0,35375.907,41833.838,14.002,13.464,13.479,,,COMPASSVALE STREET,21.522
compassvale_street,Compassvale Street,1762.0,35374.0,41834.441,12.017,13.645,13.645,,,COMPASSVALE STREET,21.452
compassvale_street,Compassvale Street,1764.0,35372.093,41835.043,12.911,13.826,13.645,,,COMPASSVALE STREET,21.381
compassvale_street,Compassvale Street,1766.0,35370.186,41835.645,13.02,13.652,13.645,,,COMPASSVALE STREET,21.311
compassvale_street,Compassvale Street,1768.0,35368.278,41836.247,13.892,13.478,13.478,,,COMPASSVALE STREET,21.24
compassvale_street,Compassvale Street,1770.0,35366.371,41836.849,14.567,13.305,13.305,,,COMPASSVALE STREET,21.169
compassvale_street,Compassvale Street,1772.0,35364.464,41837.451,15.301,13.131,13.131,,,COMPASSVALE STREET,21.099
compassvale_street,Compassvale Street,1774.0,35362.557,41838.053,15.816,12.958,12.958,,,COMPASSVALE STREET,21.028
compassvale_street,Compassvale Street,1776.0,35360.65,41838.656,14.73,12.784,12.784,,,COMPASSVALE STREET,20.958
compassvale_street,Compassvale Street,1778.0,35358.742,41839.258,17.565,12.611,12.611,,,COMPASSVALE STREET,20.887
compassvale_street,Compassvale Street,1780.0,35356.835,41839.86,11.749,12.437,12.437,,,COMPASSVALE STREET,20.817
compassvale_street,Compassvale Street,1782.0,35354.928,41840.462,11.766,12.263,12.263,,,COMPASSVALE STREET,20.746
compassvale_street,Compassvale Street,1784.0,35353.021,41841.064,15.161,12.09,12.09,,,COMPASSVALE STREET,20.675
compassvale_street,Compassvale Street,1786.0,35351.114,41841.666,12.29,11.916,11.916,,,COMPASSVALE STREET,20.605
compassvale_street,Compassvale Street,1788.0,35349.206,41842.268,11.805,11.805,11.852,,,COMPASSVALE STREET,20.534
compassvale_street,Compassvale Street,1790.0,35347.299,41842.871,11.838,11.838,11.852,,,COMPASSVALE STREET,20.464
compassvale_street,Compassvale Street,1792.0,35345.392,41843.473,13.85,11.852,11.852,0.0,1.0,COMPASSVALE STREET,20.393
compassvale_street,Compassvale Street,1794.0,35343.485,41844.075,15.314,11.865,11.852,-0.717,1.0,COMPASSVALE STREET,20.323
compassvale_street,Compassvale Street,1796.0,35341.578,41844.677,11.879,11.879,11.852,-1.78,1.0,COMPASSVALE STREET,20.252
compassvale_street,Compassvale Street,1798.0,35339.67,41845.279,11.811,11.794,11.794,-1.78,1.0,COMPASSVALE STREET,20.181
compassvale_street,Compassvale Street,1800.0,35337.763,41845.881,11.709,11.709,11.709,-1.78,1.0,COMPASSVALE STREET,20.111
compassvale_street,Compassvale Street,1802.0,35335.856,41846.484,14.82,11.652,11.709,-0.602,1.0,COMPASSVALE STREET,20.04
compassvale_street,Compassvale Street,1804.0,35333.949,41847.086,14.816,11.595,11.709,0.576,1.0,COMPASSVALE STREET,19.97
compassvale_street,Compassvale Street,1806.0,35332.042,41847.688,11.538,11.799,11.799,0.639,1.0,COMPASSVALE STREET,19.899
compassvale_street,Compassvale Street,1846.0,35293.898,41859.731,12.003,12.003,11.974,,,COMPASSVALE STREET,17.637
compassvale_street,Compassvale Street,1848.0,35291.99,41860.333,11.974,11.974,12.003,,,COMPASSVALE STREET,17.483
compassvale_street,Compassvale Street,1850.0,35290.083,41860.935,12.052,12.239,12.239,,,COMPASSVALE STREET,17.328
compassvale_street,Compassvale Street,1852.0,35288.176,41861.537,19.101,12.504,12.504,,,COMPASSVALE STREET,17.174
compassvale_street,Compassvale Street,1854.0,35286.269,41862.139,15.072,12.517,12.517,,,COMPASSVALE STREET,17.019
compassvale_street,Compassvale Street,1856.0,35284.362,41862.741,14.757,12.529,12.529,,,COMPASSVALE STREET,16.865
compassvale_street,Compassvale Street,1858.0,35282.454,41863.344,12.847,12.541,12.541,,,COMPASSVALE STREET,16.71
compassvale_street,Compassvale Street,1860.0,35280.547,41863.946,13.184,12.554,12.554,,,COMPASSVALE STREET,16.556
compassvale_street,Compassvale Street,1862.0,35278.64,41864.548,12.168,12.566,12.566,,,COMPASSVALE STREET,16.402
compassvale_street,Compassvale Street,1864.0,35276.733,41865.15,17.206,12.578,12.578,,,COMPASSVALE STREET,16.247
compassvale_street,Compassvale Street,1866.0,35274.826,41865.752,15.668,12.591,12.591,,,COMPASSVALE STREET,16.093
compassvale_street,Compassvale Street,1868.0,35272.918,41866.354,15.338,12.603,12.603,,,COMPASSVALE STREET,15.938
compassvale_street,Compassvale Street,1870.0,35271.011,41866.956,17.539,12.615,12.615,,,COMPASSVALE STREET,15.784
compassvale_street,Compassvale Street,1872.0,35269.085,41867.489,13.322,12.628,12.628,,,COMPASSVALE STREET,15.702
compassvale_street,Compassvale Street,1874.0,35267.136,41867.939,12.13,12.64,12.64,,,COMPASSVALE STREET,15.705
compassvale_street,Compassvale Street,1876.0,35265.188,41868.39,12.447,12.652,12.652,,,COMPASSVALE STREET,15.707
compassvale_street,Compassvale Street,1878.0,35263.239,41868.84,16.617,12.665,12.665,,,COMPASSVALE STREET,15.71
compassvale_street,Compassvale Street,1880.0,35261.291,41869.291,13.67,12.677,12.677,,,COMPASSVALE STREET,15.712
compassvale_street,Compassvale Street,1882.0,35259.342,41869.741,16.685,12.689,12.689,,,COMPASSVALE STREET,15.715
compassvale_street,Compassvale Street,1884.0,35257.396,41870.203,15.665,12.702,12.702,,,COMPASSVALE STREET,15.706
compassvale_street,Compassvale Street,1886.0,35255.464,41870.719,14.602,12.714,12.714,,,COMPASSVALE STREET,15.641
compassvale_street,Compassvale Street,1888.0,35253.532,41871.235,13.589,12.726,12.726,,,COMPASSVALE STREET,15.576
compassvale_street,Compassvale Street,1890.0,35251.599,41871.751,12.28,12.739,12.739,,,COMPASSVALE STREET,15.511
compassvale_street,Compassvale Street,1892.0,35249.667,41872.267,12.651,13.011,13.011,,,COMPASSVALE STREET,15.447
compassvale_street,Compassvale Street,1894.0,35247.735,41872.783,12.763,13.284,13.082,,,COMPASSVALE STREET,15.382
compassvale_street,Compassvale Street,1896.0,35245.802,41873.299,12.583,13.183,13.082,,,COMPASSVALE STREET,15.317
compassvale_street,Compassvale Street,1898.0,35243.87,41873.815,17.047,13.082,13.082,,,COMPASSVALE STREET,15.252
compassvale_street,Compassvale Street,1900.0,35241.938,41874.331,15.925,12.981,12.981,,,COMPASSVALE STREET,15.187
compassvale_street,Compassvale Street,1902.0,35240.006,41874.848,16.114,12.88,12.88,,,COMPASSVALE STREET,15.122
compassvale_street,Compassvale Street,1904.0,35238.073,41875.364,15.998,12.779,12.779,,,COMPASSVALE STREET,15.057
compassvale_street,Compassvale Street,1906.0,35236.141,41875.88,15.132,12.678,12.678,,,COMPASSVALE STREET,14.992
compassvale_street,Compassvale Street,1908.0,35234.217,41876.427,16.026,12.576,12.576,,,COMPASSVALE STREET,14.895
compassvale_street,Compassvale Street,1910.0,35232.295,41876.979,16.024,12.475,12.475,,,COMPASSVALE STREET,14.793
compassvale_street,Compassvale Street,1912.0,35230.373,41877.53,12.256,12.374,12.374,,,COMPASSVALE STREET,14.692
compassvale_street,Compassvale Street,1914.0,35228.45,41878.081,12.273,12.273,12.304,,,COMPASSVALE STREET,14.59
compassvale_street,Compassvale Street,1916.0,35226.528,41878.633,12.813,12.288,12.304,,,COMPASSVALE STREET,14.488
compassvale_street,Compassvale Street,1918.0,35224.605,41879.184,12.309,12.304,12.304,,,COMPASSVALE STREET,14.387
compassvale_street,Compassvale Street,1920.0,35222.615,41879.361,12.319,12.482,12.482,,,COMPASSVALE STREET,14.665
compassvale_street,Compassvale Street,1922.0,35220.621,41879.513,11.974,12.66,12.66,,,COMPASSVALE STREET,14.969
compassvale_street,Compassvale Street,1924.0,35218.627,41879.665,11.992,12.894,12.894,,,COMPASSVALE STREET,15.273
compassvale_street,Compassvale Street,1926.0,35216.633,41879.817,18.611,13.127,13.127,,,COMPASSVALE STREET,15.577
compassvale_street,Compassvale Street,1928.0,35214.638,41879.969,18.718,13.361,13.361,,,COMPASSVALE STREET,15.881
compassvale_street,Compassvale Street,1930.0,35212.676,41880.334,14.53,13.594,13.416,,,COMPASSVALE STREET,15.97
compassvale_street,Compassvale Street,1932.0,35210.725,41880.773,14.617,13.505,13.416,,,COMPASSVALE STREET,15.984
compassvale_street,Compassvale Street,1934.0,35208.774,41881.213,13.416,13.416,13.416,,,COMPASSVALE STREET,15.997
compassvale_street,Compassvale Street,1936.0,35206.823,41881.653,17.214,13.408,13.408,,,COMPASSVALE STREET,16.011
compassvale_street,Compassvale Street,1938.0,35204.872,41882.092,13.4,13.231,13.231,,,COMPASSVALE STREET,16.025
compassvale_street,Compassvale Street,1940.0,35202.921,41882.532,12.008,13.055,13.055,,,COMPASSVALE STREET,16.039
compassvale_street,Compassvale Street,1942.0,35200.97,41882.971,12.851,12.795,12.795,,,COMPASSVALE STREET,16.053
compassvale_street,Compassvale Street,1944.0,35199.019,41883.411,12.122,12.535,12.535,,,COMPASSVALE STREET,16.067
compassvale_street,Compassvale Street,1946.0,35197.067,41883.85,12.02,12.275,12.535,,,COMPASSVALE STREET,16.081
compassvale_street,Compassvale Street,1948.0,35195.116,41884.29,16.515,12.514,12.535,,,COMPASSVALE STREET,16.095
compassvale_street,Compassvale Street,1950.0,35193.165,41884.729,12.011,12.873,12.873,,,COMPASSVALE STREET,16.108
compassvale_street,Compassvale Street,1952.0,35191.217,41885.181,12.015,13.232,13.232,,,COMPASSVALE STREET,16.11
compassvale_street,Compassvale Street,1954.0,35189.305,41885.766,17.323,13.591,13.591,,,COMPASSVALE STREET,15.973
compassvale_street,Compassvale Street,1956.0,35187.392,41886.352,12.106,13.985,13.985,,,COMPASSVALE STREET,15.836
compassvale_street,Compassvale Street,1958.0,35185.48,41886.937,17.194,14.379,14.379,,,COMPASSVALE STREET,15.699
compassvale_street,Compassvale Street,1960.0,35183.568,41887.523,15.622,14.773,14.773,,,COMPASSVALE STREET,15.562
compassvale_street,Compassvale Street,1962.0,35181.655,41888.108,16.282,,15.168,,,COMPASSVALE STREET,15.425
compassvale_street,Compassvale Street,1964.0,35179.743,41888.694,16.533,15.562,15.562,,,COMPASSVALE STREET,15.288
compassvale_street,Compassvale Street,1966.0,35177.789,41889.111,12.055,15.956,15.956,,,COMPASSVALE STREET,15.324
compassvale_street,Compassvale Street,1968.0,35175.825,41889.487,12.302,16.35,16.35,,,COMPASSVALE STREET,15.403
compassvale_street,Compassvale Street,1970.0,35173.86,41889.864,17.926,16.744,16.35,,,COMPASSVALE STREET,15.481
compassvale_street,Compassvale Street,1972.0,35171.899,41890.253,18.176,16.487,16.35,,,COMPASSVALE STREET,15.546
compassvale_street,Compassvale Street,1974.0,35169.954,41890.718,14.623,16.229,16.229,,,COMPASSVALE STREET,15.534
compassvale_street,Compassvale Street,1976.0,35168.008,41891.182,18.956,15.971,15.971,,,COMPASSVALE STREET,15.523
compassvale_street,Compassvale Street,1978.0,35166.063,41891.646,19.54,15.713,15.713,,,COMPASSVALE STREET,15.511
compassvale_street,Compassvale Street,1980.0,35164.117,41892.111,18.908,15.435,15.435,,,COMPASSVALE STREET,15.499
compassvale_street,Compassvale Street,1982.0,35162.172,41892.575,18.493,15.157,15.157,,,COMPASSVALE STREET,15.488
compassvale_street,Compassvale Street,1984.0,35160.23,41893.052,12.072,14.879,14.879,,,COMPASSVALE STREET,15.464
compassvale_street,Compassvale Street,1986.0,35158.3,41893.575,12.742,14.601,14.601,,,COMPASSVALE STREET,15.392
compassvale_street,Compassvale Street,1988.0,35156.369,41894.098,12.131,14.323,14.323,,,COMPASSVALE STREET,15.319
compassvale_street,Compassvale Street,1990.0,35154.439,41894.621,12.143,14.045,14.323,,,COMPASSVALE STREET,15.247
compassvale_street,Compassvale Street,1992.0,35152.508,41895.144,12.104,14.318,14.323,,,COMPASSVALE STREET,15.175
compassvale_street,Compassvale Street,1994.0,35150.561,41895.591,14.926,14.59,14.59,,,COMPASSVALE STREET,15.181
compassvale_street,Compassvale Street,1996.0,35148.591,41895.937,15.014,14.863,14.863,,,COMPASSVALE STREET,15.29
compassvale_street,Compassvale Street,1998.0,35146.621,41896.283,16.058,15.136,15.136,,,COMPASSVALE STREET,15.399
compassvale_street,Compassvale Street,2000.0,35144.652,41896.629,16.258,15.409,15.409,,,COMPASSVALE STREET,15.508
compassvale_street,Compassvale Street,2002.0,35142.682,41896.976,17.293,15.682,15.409,,,COMPASSVALE STREET,15.617
compassvale_street,Compassvale Street,2004.0,35140.708,41897.299,15.494,15.494,15.409,,,COMPASSVALE STREET,15.749
compassvale_street,Compassvale Street,2006.0,35138.732,41897.604,13.979,15.236,15.236,,,COMPASSVALE STREET,15.9
compassvale_street,Compassvale Street,2008.0,35136.755,41897.909,15.242,14.979,14.979,,,COMPASSVALE STREET,16.05
compassvale_street,Compassvale Street,2010.0,35134.778,41898.215,15.72,14.722,14.722,,,COMPASSVALE STREET,16.201
compassvale_street,Compassvale Street,2012.0,35132.802,41898.52,15.311,14.464,14.464,,,COMPASSVALE STREET,16.351
compassvale_street,Compassvale Street,2014.0,35130.85,41898.949,15.31,14.21,14.21,,,COMPASSVALE STREET,16.376
compassvale_street,Compassvale Street,2016.0,35128.911,41899.437,13.479,13.956,13.956,,,COMPASSVALE STREET,16.339
compassvale_street,Compassvale Street,2018.0,35126.971,41899.925,13.454,13.702,13.702,,,COMPASSVALE STREET,16.303
compassvale_street,Compassvale Street,2020.0,35125.032,41900.413,13.448,13.448,13.471,,,COMPASSVALE STREET,16.267
compassvale_street,Compassvale Street,2022.0,35123.092,41900.901,13.471,13.471,13.448,,,COMPASSVALE STREET,16.231
compassvale_street,Compassvale Street,2024.0,35121.142,41901.343,13.412,13.412,13.448,1.022,1.0,COMPASSVALE STREET,16.243
compassvale_street,Compassvale Street,2026.0,35119.189,41901.773,13.344,13.344,13.471,3.913,1.0,COMPASSVALE STREET,16.267
compassvale_street,Compassvale Street,2028.0,35117.235,41902.203,16.383,13.552,13.552,,,COMPASSVALE STREET,16.29
compassvale_street,Compassvale Street,2030.0,35115.282,41902.633,16.751,13.761,13.761,,,COMPASSVALE STREET,16.314
compassvale_street,Compassvale Street,2032.0,35113.329,41903.063,13.969,13.946,13.946,,,COMPASSVALE STREET,16.337
compassvale_street,Compassvale Street,2034.0,35111.37,41903.466,14.778,14.131,14.131,,,COMPASSVALE STREET,16.389
compassvale_street,Compassvale Street,2036.0,35109.411,41903.867,14.794,14.316,14.185,,,COMPASSVALE STREET,16.442
compassvale_street,Compassvale Street,2038.0,35107.451,41904.269,16.27,14.251,14.185,,,COMPASSVALE STREET,16.495
compassvale_street,Compassvale Street,2040.0,35105.492,41904.67,17.677,14.185,14.185,,,COMPASSVALE STREET,16.547
compassvale_street,Compassvale Street,2042.0,35103.533,41905.072,16.165,14.12,14.12,,,COMPASSVALE STREET,16.6
compassvale_street,Compassvale Street,2044.0,35101.601,41905.588,14.073,14.054,14.054,,,COMPASSVALE STREET,16.535
compassvale_street,Compassvale Street,2046.0,35099.673,41906.119,15.096,13.989,13.989,,,COMPASSVALE STREET,16.455
compassvale_street,Compassvale Street,2048.0,35097.744,41906.649,15.0,13.923,13.923,,,COMPASSVALE STREET,16.375
compassvale_street,Compassvale Street,2050.0,35095.816,41907.179,13.757,13.857,13.857,,,COMPASSVALE STREET,16.296
compassvale_street,Compassvale Street,2052.0,35093.887,41907.71,15.251,13.792,13.792,,,COMPASSVALE STREET,16.216
compassvale_street,Compassvale Street,2054.0,35091.959,41908.24,13.793,13.726,13.726,,,COMPASSVALE STREET,16.136
compassvale_street,Compassvale Street,2056.0,35090.025,41908.75,15.667,13.661,13.661,,,COMPASSVALE STREET,16.078
compassvale_street,Compassvale Street,2058.0,35088.09,41909.253,13.529,13.529,13.568,,,COMPASSVALE STREET,16.026
compassvale_street,Compassvale Street,2060.0,35086.154,41909.757,13.568,13.568,13.568,,,COMPASSVALE STREET,15.974
compassvale_street,Compassvale Street,2062.0,35084.218,41910.26,13.404,13.404,13.568,,,COMPASSVALE STREET,15.922
compassvale_street,Compassvale Street,2064.0,35082.283,41910.763,14.716,13.72,13.72,,,COMPASSVALE STREET,15.871
compassvale_street,Compassvale Street,2066.0,35080.347,41911.267,14.625,14.036,14.036,,,COMPASSVALE STREET,15.819
compassvale_street,Compassvale Street,2068.0,35078.411,41911.77,14.021,14.36,14.36,,,COMPASSVALE STREET,15.767
compassvale_street,Compassvale Street,2070.0,35076.476,41912.274,13.814,14.683,14.683,,,COMPASSVALE STREET,15.715
compassvale_street,Compassvale Street,2072.0,35074.54,41912.777,16.752,15.006,15.006,,,COMPASSVALE STREET,15.663
compassvale_street,Compassvale Street,2074.0,35072.605,41913.28,16.326,,15.329,,,COMPASSVALE STREET,15.611
compassvale_street,Compassvale Street,2076.0,35070.669,41913.784,18.057,,15.653,,,COMPASSVALE STREET,15.56
compassvale_street,Compassvale Street,2078.0,35068.733,41914.287,15.747,15.976,15.976,,,COMPASSVALE STREET,15.508
compassvale_street,Compassvale Street,2080.0,35066.788,41914.752,17.297,16.299,16.299,,,COMPASSVALE STREET,15.496
compassvale_street,Compassvale Street,2082.0,35064.843,41915.217,17.237,16.623,16.623,,,COMPASSVALE STREET,15.484
compassvale_street,Compassvale Street,2084.0,35062.898,41915.681,17.939,16.946,16.623,,,COMPASSVALE STREET,15.472
compassvale_street,Compassvale Street,2086.0,35060.952,41916.146,16.794,16.655,16.623,,,COMPASSVALE STREET,15.46
compassvale_street,Compassvale Street,2088.0,35059.007,41916.611,16.21,16.363,16.363,,,COMPASSVALE STREET,15.448
compassvale_street,Compassvale Street,2090.0,35057.06,41917.07,14.914,16.072,16.072,,,COMPASSVALE STREET,15.442
compassvale_street,Compassvale Street,2092.0,35055.108,41917.504,15.28,15.78,15.78,,,COMPASSVALE STREET,15.462
compassvale_street,Compassvale Street,2094.0,35053.156,41917.938,16.247,15.489,15.489,,,COMPASSVALE STREET,15.481
compassvale_street,Compassvale Street,2096.0,35051.204,41918.373,15.389,15.197,15.197,,,COMPASSVALE STREET,15.5
compassvale_street,Compassvale Street,2098.0,35049.251,41918.807,14.788,14.906,14.961,,,COMPASSVALE STREET,15.519
compassvale_street,Compassvale Street,2100.0,35047.299,41919.241,14.615,14.934,14.961,,,COMPASSVALE STREET,15.538
compassvale_street,Compassvale Street,2102.0,35045.357,41919.717,14.405,14.961,14.961,,,COMPASSVALE STREET,15.515
compassvale_street,Compassvale Street,2104.0,35043.419,41920.21,15.169,15.308,15.308,,,COMPASSVALE STREET,15.473
compassvale_street,Compassvale Street,2106.0,35041.481,41920.704,13.22,15.655,15.655,,,COMPASSVALE STREET,15.431
compassvale_street,Compassvale Street,2108.0,35039.542,41921.198,13.227,16.002,16.002,,,COMPASSVALE STREET,15.389
compassvale_street,Compassvale Street,2110.0,35037.602,41921.681,12.979,,16.349,,,COMPASSVALE STREET,15.359
compassvale_street,Compassvale Street,2112.0,35035.658,41922.152,12.616,16.696,16.696,,,COMPASSVALE STREET,15.341
compassvale_street,Compassvale Street,2114.0,35033.714,41922.622,16.557,17.043,17.043,,,COMPASSVALE STREET,15.323
compassvale_street,Compassvale Street,2116.0,35031.77,41923.093,18.406,17.389,17.389,,,COMPASSVALE STREET,15.305
compassvale_street,Compassvale Street,2118.0,35029.826,41923.563,18.627,17.736,17.712,,,COMPASSVALE STREET,15.287
compassvale_street,Compassvale Street,2120.0,35027.886,41924.049,18.268,17.896,17.712,,,COMPASSVALE STREET,15.253
compassvale_street,Compassvale Street,2122.0,35025.947,41924.54,21.492,17.712,17.712,,,COMPASSVALE STREET,15.215
compassvale_street,Compassvale Street,2124.0,35024.008,41925.03,17.844,17.378,17.378,,,COMPASSVALE STREET,15.176
compassvale_street,Compassvale Street,2126.0,35022.069,41925.52,17.838,17.043,17.043,,,COMPASSVALE STREET,15.138
compassvale_street,Compassvale Street,2128.0,35020.13,41926.011,16.763,16.665,16.665,,,COMPASSVALE STREET,15.1
compassvale_street,Compassvale Street,2130.0,35018.191,41926.501,13.576,16.286,16.286,,,COMPASSVALE STREET,15.062
compassvale_street,Compassvale Street,2132.0,35016.252,41926.991,13.657,15.908,15.908,,,COMPASSVALE STREET,15.023
compassvale_street,Compassvale Street,2134.0,35014.313,41927.481,13.62,15.53,15.53,,,COMPASSVALE STREET,14.985
compassvale_street,Compassvale Street,2136.0,35012.374,41927.972,13.996,15.151,15.151,,,COMPASSVALE STREET,14.947
compassvale_street,Compassvale Street,2138.0,35010.436,41928.462,13.584,14.773,14.773,,,COMPASSVALE STREET,14.908
compassvale_street,Compassvale Street,2140.0,35008.497,41928.952,14.628,14.395,14.773,,,COMPASSVALE STREET,14.87
compassvale_street,Compassvale Street,2142.0,35006.558,41929.443,17.15,14.675,14.773,,,COMPASSVALE STREET,14.832
compassvale_street,Compassvale Street,2144.0,35004.619,41929.933,14.678,14.956,14.956,,,COMPASSVALE STREET,14.793
compassvale_street,Compassvale Street,2146.0,35002.68,41930.423,14.617,15.2,15.2,,,COMPASSVALE STREET,14.755
compassvale_street,Compassvale Street,2148.0,35000.746,41930.934,15.573,15.443,15.443,,,COMPASSVALE STREET,14.695
compassvale_street,Compassvale Street,2150.0,34998.815,41931.454,16.006,15.687,15.615,,,COMPASSVALE STREET,14.626
compassvale_street,Compassvale Street,2152.0,34996.884,41931.975,16.731,15.81,15.615,,,COMPASSVALE STREET,14.557
compassvale_street,Compassvale Street,2154.0,34994.953,41932.495,16.569,15.615,15.615,,,COMPASSVALE STREET,14.488
compassvale_street,Compassvale Street,2156.0,34993.021,41933.015,16.021,15.42,15.42,,,COMPASSVALE STREET,14.419
compassvale_street,Compassvale Street,2158.0,34991.094,41933.548,15.224,15.224,15.42,,,COMPASSVALE STREET,14.337
compassvale_street,Compassvale Street,2160.0,34989.174,41934.107,15.392,15.392,15.42,,,COMPASSVALE STREET,14.227
compassvale_street,Compassvale Street,2162.0,34987.253,41934.666,15.502,15.502,15.392,,,COMPASSVALE STREET,14.117
compassvale_street,Compassvale Street,2164.0,34985.333,41935.226,17.048,15.422,15.392,,,COMPASSVALE STREET,14.007
compassvale_street,Compassvale Street,2166.0,34983.412,41935.78,16.487,15.342,15.342,,,COMPASSVALE STREET,13.902
compassvale_street,Compassvale Street,2168.0,34981.477,41936.286,16.526,15.263,15.263,,,COMPASSVALE STREET,13.848
compassvale_street,Compassvale Street,2170.0,34979.542,41936.791,16.237,15.183,15.183,,,COMPASSVALE STREET,13.795
compassvale_street,Compassvale Street,2172.0,34977.606,41937.297,15.153,15.103,15.103,,,COMPASSVALE STREET,13.741
compassvale_street,Compassvale Street,2174.0,34975.671,41937.802,15.024,15.024,15.024,,,COMPASSVALE STREET,13.687
compassvale_street,Compassvale Street,2176.0,34973.736,41938.308,15.006,15.006,15.006,,,COMPASSVALE STREET,13.633
compassvale_street,Compassvale Street,2178.0,34971.796,41938.792,16.908,14.979,15.006,0.988,1.0,COMPASSVALE STREET,13.601
compassvale_street,Compassvale Street,2180.0,34969.838,41939.196,14.951,14.951,15.006,,,COMPASSVALE STREET,13.651
compassvale_street,Compassvale Street,2182.0,34967.879,41939.6,15.103,15.103,15.103,,,COMPASSVALE STREET,13.701
compassvale_street,Compassvale Street,2184.0,34965.92,41940.004,15.62,15.234,15.234,4.576,1.0,COMPASSVALE STREET,13.751
compassvale_street,Compassvale Street,2186.0,34963.961,41940.408,15.839,15.366,15.366,3.372,1.0,COMPASSVALE STREET,13.801
compassvale_street,Compassvale Street,2188.0,34961.977,41940.653,15.498,15.498,15.373,,,COMPASSVALE STREET,14.012
compassvale_street,Compassvale Street,2190.0,34959.99,41940.876,15.568,15.568,15.373,,,COMPASSVALE STREET,14.245
compassvale_street,Compassvale Street,2192.0,34958.002,41941.099,15.169,15.373,15.451,-0.972,1.0,COMPASSVALE STREET,14.479
compassvale_street,Compassvale Street,2194.0,34956.015,41941.322,15.177,15.177,15.373,,,COMPASSVALE STREET,14.712
compassvale_street,Compassvale Street,2196.0,34954.031,41941.572,12.573,15.451,15.295,,,COMPASSVALE STREET,14.918
compassvale_street,Compassvale Street,2198.0,34952.075,41941.988,15.725,15.295,15.295,-0.972,1.0,COMPASSVALE STREET,14.956
compassvale_street,Compassvale Street,2200.0,34950.119,41942.404,15.138,15.138,15.295,0.087,1.0,COMPASSVALE STREET,14.994
compassvale_street,Compassvale Street,2202.0,34948.163,41942.82,15.302,15.302,15.295,,,COMPASSVALE STREET,15.032
compassvale_street,Compassvale Street,2204.0,34946.206,41943.236,15.176,15.176,15.302,,,COMPASSVALE STREET,15.07
compassvale_street,Compassvale Street,2206.0,34944.25,41943.652,14.925,15.426,15.426,,,COMPASSVALE STREET,15.108
compassvale_street,Compassvale Street,2208.0,34942.294,41944.068,14.919,15.677,15.677,,,COMPASSVALE STREET,15.146
compassvale_street,Compassvale Street,2210.0,34940.338,41944.484,16.428,15.972,15.972,,,COMPASSVALE STREET,15.184
compassvale_street,Compassvale Street,2212.0,34938.381,41944.9,18.131,16.267,15.972,,,COMPASSVALE STREET,15.222
compassvale_street,Compassvale Street,2214.0,34936.425,41945.316,17.086,16.105,15.972,,,COMPASSVALE STREET,15.26
compassvale_street,Compassvale Street,2216.0,34934.469,41945.732,17.09,15.943,15.943,,,COMPASSVALE STREET,15.298
compassvale_street,Compassvale Street,2218.0,34932.513,41946.148,16.365,15.781,15.781,,,COMPASSVALE STREET,15.341
compassvale_street,Compassvale Street,2220.0,34930.556,41946.564,15.619,15.619,15.619,,,COMPASSVALE STREET,15.397
compassvale_street,Compassvale Street,2222.0,34928.6,41946.98,16.057,15.618,15.618,,,COMPASSVALE STREET,15.453
compassvale_street,Compassvale Street,2224.0,34926.644,41947.396,15.414,15.617,15.617,,,COMPASSVALE STREET,15.509
compassvale_street,Compassvale Street,2226.0,34924.688,41947.812,15.616,15.616,15.616,,,COMPASSVALE STREET,15.566
compassvale_street,Compassvale Street,2228.0,34922.756,41948.328,16.224,15.523,15.523,,,COMPASSVALE STREET,15.519
compassvale_street,Compassvale Street,2230.0,34920.827,41948.856,15.83,15.431,15.431,-3.463,1.0,COMPASSVALE STREET,15.46
compassvale_street,Compassvale Street,2232.0,34918.897,41949.384,15.428,15.339,15.339,,,COMPASSVALE STREET,15.402
compassvale_street,Compassvale Street,2234.0,34916.968,41949.911,15.246,15.246,15.339,,,COMPASSVALE STREET,15.343
compassvale_street,Compassvale Street,2236.0,34915.039,41950.439,15.318,15.318,15.339,,,COMPASSVALE STREET,15.285
compassvale_street,Compassvale Street,2238.0,34913.102,41950.933,15.522,15.522,15.522,,,COMPASSVALE STREET,15.26
compassvale_street,Compassvale Street,2240.0,34911.154,41951.389,16.728,15.669,15.669,,,COMPASSVALE STREET,15.276
compassvale_street,Compassvale Street,2242.0,34909.207,41951.844,16.395,15.817,15.817,,,COMPASSVALE STREET,15.292
compassvale_street,Compassvale Street,2244.0,34907.259,41952.3,14.818,15.964,15.964,,,COMPASSVALE STREET,15.308
compassvale_street,Compassvale Street,2246.0,34905.312,41952.755,16.272,16.111,16.111,,,COMPASSVALE STREET,15.324
compassvale_street,Compassvale Street,2248.0,34903.364,41953.21,14.27,16.259,16.259,,,COMPASSVALE STREET,15.34
compassvale_street,Compassvale Street,2250.0,34901.417,41953.666,15.703,16.406,16.406,,,COMPASSVALE STREET,15.356
compassvale_street,Compassvale Street,2252.0,34899.461,41954.086,15.373,16.554,16.554,,,COMPASSVALE STREET,15.408
compassvale_street,Compassvale Street,2254.0,34897.506,41954.505,15.828,16.701,16.701,,,COMPASSVALE STREET,15.462
compassvale_street,Compassvale Street,2256.0,34895.55,41954.924,19.46,16.848,16.848,,,COMPASSVALE STREET,15.551
compassvale_street,Compassvale Street,2258.0,34893.595,41955.344,17.167,16.996,16.996,,,COMPASSVALE STREET,15.64
compassvale_street,Compassvale Street,2260.0,34891.639,41955.763,17.143,17.143,16.996,,,COMPASSVALE STREET,15.729
compassvale_street,Compassvale Street,2262.0,34889.703,41956.263,17.187,17.187,16.996,,,COMPASSVALE STREET,15.735
compassvale_street,Compassvale Street,2264.0,34887.774,41956.791,15.174,16.977,16.977,-5.481,1.0,COMPASSVALE STREET,15.712
compassvale_street,Compassvale Street,2266.0,34885.844,41957.314,19.069,16.767,16.767,,,COMPASSVALE STREET,15.695
compassvale_street,Compassvale Street,2268.0,34883.9,41957.785,18.016,16.557,16.557,,,COMPASSVALE STREET,15.73
compassvale_street,Compassvale Street,2270.0,34881.957,41958.256,16.348,16.298,16.298,,,COMPASSVALE STREET,15.766
compassvale_street,Compassvale Street,2272.0,34880.013,41958.728,15.456,16.038,16.038,,,COMPASSVALE STREET,15.802
compassvale_street,Compassvale Street,2274.0,34878.069,41959.199,15.729,15.909,15.909,,,COMPASSVALE STREET,15.837
compassvale_street,Compassvale Street,2276.0,34876.126,41959.67,16.349,15.78,15.78,,,COMPASSVALE STREET,15.873
compassvale_street,Compassvale Street,2278.0,34874.182,41960.142,18.586,15.65,15.65,,,COMPASSVALE STREET,15.909
compassvale_street,Compassvale Street,2280.0,34872.238,41960.613,14.931,15.521,15.521,,,COMPASSVALE STREET,15.944
compassvale_street,Compassvale Street,2282.0,34870.299,41961.102,14.05,15.392,15.392,,,COMPASSVALE STREET,15.962
compassvale_street,Compassvale Street,2284.0,34868.362,41961.599,13.895,15.262,15.262,,,COMPASSVALE STREET,15.971
compassvale_street,Compassvale Street,2286.0,34866.424,41962.096,13.67,15.133,15.133,,,COMPASSVALE STREET,15.98
compassvale_street,Compassvale Street,2288.0,34864.483,41962.576,14.594,15.004,15.004,,,COMPASSVALE STREET,16.007
compassvale_street,Compassvale Street,2290.0,34862.527,41962.995,14.874,14.874,15.004,,,COMPASSVALE STREET,16.096
compassvale_street,Compassvale Street,2292.0,34860.572,41963.414,14.909,14.909,15.004,,,COMPASSVALE STREET,16.213
compassvale_street,Compassvale Street,2294.0,34858.616,41963.832,14.59,15.1,15.1,,,COMPASSVALE STREET,16.339
compassvale_street,Compassvale Street,2296.0,34856.66,41964.251,15.929,15.292,15.292,,,COMPASSVALE STREET,16.465
compassvale_street,Compassvale Street,2298.0,34854.683,41964.523,18.462,15.483,15.483,,,COMPASSVALE STREET,16.738
compassvale_street,Compassvale Street,2300.0,34852.691,41964.701,19.135,15.674,15.674,,,COMPASSVALE STREET,17.106
compassvale_street,Compassvale Street,2302.0,34850.698,41964.878,17.368,15.865,15.865,,,COMPASSVALE STREET,17.474
compassvale_street,Compassvale Street,2304.0,34848.706,41965.055,20.905,16.057,16.057,,,COMPASSVALE STREET,17.843
compassvale_street,Compassvale Street,2306.0,34846.714,41965.232,24.363,16.248,16.248,,,COMPASSVALE STREET,18.211
compassvale_street,Compassvale Street,2308.0,34844.753,41964.965,21.001,16.439,16.439,,,COMPASSVALE STREET,18.999
compassvale_street,Compassvale Street,2310.0,34842.806,41964.509,16.314,16.63,16.63,,,COMPASSVALE STREET,19.964
compassvale_street,Compassvale Street,2312.0,34840.859,41964.054,15.973,16.822,16.822,,,COMPASSVALE STREET,20.93
compassvale_street,Compassvale Street,2314.0,34838.911,41963.598,14.1,17.013,17.013,,,COMPASSVALE STREET,21.895
compassvale_street,Compassvale Street,2316.0,34836.964,41963.142,17.221,17.204,17.204,,,COMPASSVALE STREET,22.861
compassvale_street,Compassvale Street,2318.0,34835.154,41962.399,17.631,17.395,17.395,,,COMPASSVALE STREET,24.066
compassvale_street,Compassvale Street,2622.0,34923.403,41797.524,,17.587,17.499,,,COMPASSVALE STREET,162.159
compassvale_street,Compassvale Street,2624.0,34925.388,41797.284,,17.543,17.499,,,COMPASSVALE STREET,161.943
compassvale_street,Compassvale Street,2626.0,34927.374,41797.044,,17.499,17.499,-1.097,1.0,COMPASSVALE STREET,161.727
compassvale_street,Compassvale Street,2628.0,34929.359,41796.804,,17.455,17.455,-1.645,1.0,COMPASSVALE STREET,161.511
compassvale_street,Compassvale Street,2630.0,34931.345,41796.564,,17.411,17.411,-2.194,1.0,COMPASSVALE STREET,161.295
compassvale_street,Compassvale Street,2632.0,34933.331,41796.323,,17.367,17.367,-2.194,1.0,COMPASSVALE STREET,161.079
compassvale_street,Compassvale Street,2634.0,34935.316,41796.083,,17.323,17.323,-2.194,1.0,COMPASSVALE STREET,160.863
compassvale_street,Compassvale Street,2636.0,34937.302,41795.843,,17.28,17.28,-2.194,1.0,COMPASSVALE STREET,160.647
compassvale_street,Compassvale Street,2638.0,34939.287,41795.603,,17.236,17.236,-2.194,1.0,COMPASSVALE STREET,160.431
compassvale_street,Compassvale Street,2640.0,34941.273,41795.363,,17.192,17.192,-2.194,1.0,COMPASSVALE STREET,160.215
compassvale_street,Compassvale Street,2642.0,34943.258,41795.123,,17.148,17.148,-2.194,1.0,COMPASSVALE STREET,159.999
compassvale_street,Compassvale Street,2644.0,34945.244,41794.883,,17.104,17.104,-2.194,1.0,COMPASSVALE STREET,159.783
compassvale_street,Compassvale Street,2646.0,34947.229,41794.643,,17.06,17.06,-2.194,1.0,COMPASSVALE STREET,159.567
compassvale_street,Compassvale Street,2648.0,34949.215,41794.403,,17.016,17.016,-2.194,1.0,COMPASSVALE STREET,159.351
compassvale_street,Compassvale Street,2650.0,34951.2,41794.163,,16.972,16.972,-2.194,1.0,COMPASSVALE STREET,159.136
compassvale_street,Compassvale Street,2652.0,34953.186,41793.923,,16.929,16.929,-2.194,1.0,COMPASSVALE STREET,158.92
compassvale_street,Compassvale Street,2654.0,34955.171,41793.682,,16.885,16.885,-2.194,1.0,COMPASSVALE STREET,158.704
compassvale_street,Compassvale Street,2656.0,34957.157,41793.442,,16.841,16.841,-2.194,1.0,COMPASSVALE STREET,158.488
compassvale_street,Compassvale Street,2658.0,34959.143,41793.202,,16.797,16.797,-2.194,1.0,COMPASSVALE STREET,158.272
compassvale_street,Compassvale Street,2660.0,34961.128,41792.962,,16.753,16.753,-2.194,1.0,COMPASSVALE STREET,158.056
compassvale_street,Compassvale Street,2662.0,34963.114,41792.722,,16.709,16.709,-2.194,1.0,COMPASSVALE STREET,157.84
compassvale_street,Compassvale Street,2664.0,34965.099,41792.482,,16.665,16.665,-1.92,1.0,COMPASSVALE STREET,157.624
compassvale_street,Compassvale Street,2666.0,34967.085,41792.242,,16.621,16.621,-1.645,1.0,COMPASSVALE STREET,157.408
compassvale_street,Compassvale Street,2668.0,34969.07,41792.002,,,16.6,-1.371,1.0,COMPASSVALE STREET,157.192
compassvale_street,Compassvale Street,2670.0,34971.056,41791.762,,,16.578,,,COMPASSVALE STREET,156.976
compassvale_street,Compassvale Street,2672.0,34973.041,41791.522,,,16.556,,,COMPASSVALE STREET,156.76
compassvale_street,Compassvale Street,2674.0,34975.027,41791.282,,,,,,COMPASSVALE STREET,156.544
compassvale_street,Compassvale Street,2676.0,34977.012,41791.041,,,,,,COMPASSVALE STREET,156.328
compassvale_street,Compassvale Street,2678.0,34978.998,41790.801,,,,,,COMPASSVALE STREET,156.112
compassvale_street,Compassvale Street,2680.0,34980.983,41790.561,,,,,,COMPASSVALE STREET,155.896
compassvale_street,Compassvale Street,2682.0,34982.969,41790.321,,,,,,COMPASSVALE STREET,155.68
compassvale_street,Compassvale Street,2684.0,34984.955,41790.081,,,,,,COMPASSVALE STREET,155.464
compassvale_street,Compassvale Street,2686.0,34986.94,41789.841,,,,,,COMPASSVALE STREET,155.248
compassvale_street,Compassvale Street,2688.0,34988.926,41789.601,,,,,,COMPASSVALE STREET,155.032
compassvale_street,Compassvale Street,2690.0,34990.911,41789.361,,,,,,COMPASSVALE STREET,154.816
compassvale_street,Compassvale Street,2692.0,34992.897,41789.121,,,,,,COMPASSVALE STREET,154.6
compassvale_street,Compassvale Street,2694.0,34994.882,41788.881,,,,,,COMPASSVALE STREET,154.384
compassvale_street,Compassvale Street,2696.0,34996.868,41788.641,,,,,,COMPASSVALE STREET,154.168
compassvale_street,Compassvale Street,2698.0,34998.853,41788.4,,,,,,COMPASSVALE STREET,153.952
compassvale_street,Compassvale Street,2700.0,35000.839,41788.16,,,,,,COMPASSVALE STREET,153.736
compassvale_street,Compassvale Street,2702.0,35002.824,41787.92,,,,,,COMPASSVALE STREET,153.521
compassvale_street,Compassvale Street,2704.0,35004.81,41787.68,,,,,,COMPASSVALE STREET,153.305
compassvale_street,Compassvale Street,2706.0,35006.795,41787.44,,,,,,COMPASSVALE STREET,153.089
compassvale_street,Compassvale Street,2708.0,35008.781,41787.2,,,,,,COMPASSVALE STREET,152.873
compassvale_street,Compassvale Street,2710.0,35010.767,41786.96,,,,,,COMPASSVALE STREET,152.657
compassvale_street,Compassvale Street,2712.0,35012.752,41786.72,,,,,,COMPASSVALE STREET,152.441
compassvale_street,Compassvale Street,2714.0,35014.738,41786.48,,,,,,COMPASSVALE STREET,152.225
compassvale_street,Compassvale Street,2716.0,35016.723,41786.24,,,,,,COMPASSVALE STREET,152.009
compassvale_street,Compassvale Street,2718.0,35018.709,41786.0,,,,,,COMPASSVALE STREET,151.793
compassvale_street,Compassvale Street,2720.0,35020.694,41785.759,,,,,,COMPASSVALE STREET,151.577
compassvale_street,Compassvale Street,2722.0,35022.68,41785.519,,,,,,COMPASSVALE STREET,151.361
compassvale_street,Compassvale Street,2724.0,35024.665,41785.279,,,,,,COMPASSVALE STREET,151.145
compassvale_street,Compassvale Street,2726.0,35026.651,41785.039,,,,,,COMPASSVALE STREET,150.929
compassvale_street,Compassvale Street,2728.0,35028.636,41784.799,,,,,,COMPASSVALE STREET,150.713
compassvale_street,Compassvale Street,2730.0,35030.622,41784.559,,,,,,COMPASSVALE STREET,150.497
compassvale_street,Compassvale Street,2732.0,35032.607,41784.319,,,,,,COMPASSVALE STREET,150.281
compassvale_street,Compassvale Street,2734.0,35034.593,41784.079,,,,,,COMPASSVALE STREET,150.065
compassvale_street,Compassvale Street,2736.0,35036.578,41783.839,,,,,,COMPASSVALE STREET,149.849
compassvale_street,Compassvale Street,2738.0,35038.564,41783.599,,,,,,COMPASSVALE STREET,149.633
compassvale_street,Compassvale Street,2740.0,35040.55,41783.359,,,,,,COMPASSVALE STREET,149.417
compassvale_street,Compassvale Street,2742.0,35042.535,41783.119,,,,,,COMPASSVALE STREET,149.201
compassvale_street,Compassvale Street,2744.0,35044.521,41782.878,,,,,,COMPASSVALE STREET,148.985
compassvale_street,Compassvale Street,2746.0,35046.506,41782.638,,,,,,COMPASSVALE STREET,148.769
compassvale_street,Compassvale Street,2748.0,35048.492,41782.398,,,,,,COMPASSVALE STREET,148.554
compassvale_street,Compassvale Street,2750.0,35050.477,41782.158,,,,,,COMPASSVALE STREET,148.338
compassvale_street,Compassvale Street,2752.0,35052.463,41781.918,,,,,,COMPASSVALE STREET,148.122
compassvale_street,Compassvale Street,2754.0,35054.448,41781.678,,,,,,COMPASSVALE STREET,147.906
compassvale_street,Compassvale Street,2756.0,35056.434,41781.438,,,,,,COMPASSVALE STREET,147.69
compassvale_street,Compassvale Street,2758.0,35058.419,41781.198,,,,,,COMPASSVALE STREET,147.474
compassvale_street,Compassvale Street,2760.0,35060.405,41780.958,,,,,,COMPASSVALE STREET,147.258
compassvale_street,Compassvale Street,2762.0,35062.39,41780.718,,,,,,COMPASSVALE STREET,147.042
compassvale_street,Compassvale Street,2764.0,35064.376,41780.478,,,,,,COMPASSVALE STREET,146.826
compassvale_street,Compassvale Street,2766.0,35066.362,41780.237,,,,,,COMPASSVALE STREET,146.61
compassvale_street,Compassvale Street,2768.0,35068.347,41779.997,,,,,,COMPASSVALE STREET,146.394
compassvale_street,Compassvale Street,2770.0,35070.333,41779.757,,,,,,COMPASSVALE STREET,146.178
compassvale_street,Compassvale Street,2772.0,35072.318,41779.517,,,,,,COMPASSVALE STREET,145.962
compassvale_street,Compassvale Street,2774.0,35074.304,41779.277,,,,,,COMPASSVALE STREET,145.746
compassvale_street,Compassvale Street,2776.0,35076.289,41779.037,,,,,,COMPASSVALE STREET,145.53
compassvale_street,Compassvale Street,2778.0,35078.275,41778.797,,,,,,COMPASSVALE STREET,145.314
compassvale_street,Compassvale Street,2780.0,35080.26,41778.557,,,,,,COMPASSVALE STREET,145.098
compassvale_street,Compassvale Street,2782.0,35082.246,41778.317,,,14.011,,,COMPASSVALE STREET,144.882
compassvale_street,Compassvale Street,2784.0,35084.231,41778.077,,,13.989,,,COMPASSVALE STREET,144.666
compassvale_street,Compassvale Street,2786.0,35086.217,41777.837,,,13.967,-1.371,1.0,COMPASSVALE STREET,144.45
compassvale_street,Compassvale Street,2788.0,35088.202,41777.596,,13.945,13.945,-1.645,1.0,COMPASSVALE STREET,144.234
compassvale_street,Compassvale Street,2790.0,35090.188,41777.356,,13.901,13.901,-1.92,1.0,COMPASSVALE STREET,144.018
compassvale_street,Compassvale Street,2792.0,35092.174,41777.116,,13.857,13.857,-2.194,1.0,COMPASSVALE STREET,143.803
compassvale_street,Compassvale Street,2794.0,35094.159,41776.876,,13.813,13.813,-2.194,1.0,COMPASSVALE STREET,143.587
compassvale_street,Compassvale Street,2796.0,35096.145,41776.636,,13.77,13.77,-2.194,1.0,COMPASSVALE STREET,143.371
compassvale_street,Compassvale Street,2798.0,35098.13,41776.396,,13.726,13.726,-2.194,1.0,COMPASSVALE STREET,143.155
compassvale_street,Compassvale Street,2800.0,35100.116,41776.156,,13.682,13.682,-2.194,1.0,COMPASSVALE STREET,142.939
compassvale_street,Compassvale Street,2802.0,35102.101,41775.916,,13.638,13.638,-2.194,1.0,COMPASSVALE STREET,142.723
compassvale_street,Compassvale Street,2804.0,35104.087,41775.676,,13.594,13.594,-2.194,1.0,COMPASSVALE STREET,142.507
compassvale_street,Compassvale Street,2806.0,35106.072,41775.436,,13.55,13.55,-2.194,1.0,COMPASSVALE STREET,142.291
compassvale_street,Compassvale Street,2808.0,35108.058,41775.196,,13.506,13.506,-2.194,1.0,COMPASSVALE STREET,142.075
compassvale_street,Compassvale Street,2810.0,35110.043,41774.955,,13.462,13.462,-2.194,1.0,COMPASSVALE STREET,141.859
compassvale_street,Compassvale Street,2812.0,35112.029,41774.715,,13.419,13.419,-2.194,1.0,COMPASSVALE STREET,141.643
compassvale_street,Compassvale Street,2814.0,35114.014,41774.475,,13.375,13.375,-2.194,1.0,COMPASSVALE STREET,141.427
compassvale_street,Compassvale Street,2816.0,35116.0,41774.235,,13.331,13.331,-2.194,1.0,COMPASSVALE STREET,141.211
compassvale_street,Compassvale Street,2818.0,35117.986,41773.995,,13.287,13.287,-2.194,1.0,COMPASSVALE STREET,140.995
compassvale_street,Compassvale Street,2820.0,35119.971,41773.755,,13.243,13.243,-2.194,1.0,COMPASSVALE STREET,140.779
compassvale_street,Compassvale Street,2822.0,35121.957,41773.515,,13.199,13.199,-2.194,1.0,COMPASSVALE STREET,140.563
compassvale_street,Compassvale Street,2824.0,35123.942,41773.275,,13.155,13.155,-2.194,1.0,COMPASSVALE STREET,140.347
compassvale_street,Compassvale Street,2826.0,35125.928,41773.035,,13.111,13.111,-2.194,1.0,COMPASSVALE STREET,140.131
compassvale_street,Compassvale Street,2828.0,35127.913,41772.795,,13.068,13.068,-1.645,1.0,COMPASSVALE STREET,139.915
compassvale_street,Compassvale Street,2830.0,35129.899,41772.555,,13.024,13.024,-0.031,1.0,COMPASSVALE STREET,139.699
compassvale_street,Compassvale Street,2832.0,35131.884,41772.314,,12.98,13.024,,,COMPASSVALE STREET,139.483
compassvale_street,Compassvale Street,3110.0,35340.305,41830.555,12.936,12.936,13.024,,,COMPASSVALE STREET,34.201
compassvale_street,Compassvale Street,3112.0,35342.162,41829.812,12.509,13.233,13.233,,,COMPASSVALE STREET,34.42
compassvale_street,Compassvale Street,3114.0,35344.018,41829.069,15.226,13.532,13.532,,,COMPASSVALE STREET,34.64
compassvale_street,Compassvale Street,3116.0,35345.875,41828.326,12.584,13.831,13.831,,,COMPASSVALE STREET,34.86
compassvale_street,Compassvale Street,3118.0,35347.732,41827.584,14.613,14.115,14.115,,,COMPASSVALE STREET,35.079
compassvale_street,Compassvale Street,3120.0,35349.589,41826.841,17.294,14.4,14.4,,,COMPASSVALE STREET,35.299
compassvale_street,Compassvale Street,3122.0,35351.446,41826.098,14.226,14.685,14.685,,,COMPASSVALE STREET,35.518
compassvale_street,Compassvale Street,3124.0,35353.303,41825.355,15.055,14.936,14.936,,,COMPASSVALE STREET,35.738
compassvale_street,Compassvale Street,3126.0,35355.16,41824.612,12.632,15.187,15.187,,,COMPASSVALE STREET,35.957
compassvale_street,Compassvale Street,3128.0,35357.017,41823.869,18.549,15.318,15.318,,,COMPASSVALE STREET,36.177
compassvale_street,Compassvale Street,3130.0,35358.874,41823.127,28.861,15.45,15.45,,,COMPASSVALE STREET,36.396
compassvale_street,Compassvale Street,3132.0,35360.731,41822.384,18.83,15.582,15.582,,,COMPASSVALE STREET,36.616
compassvale_street,Compassvale Street,3134.0,35362.588,41821.641,14.326,15.807,15.807,,,COMPASSVALE STREET,36.836
compassvale_street,Compassvale Street,3136.0,35364.445,41820.898,13.813,16.088,16.088,,,COMPASSVALE STREET,37.055
compassvale_street,Compassvale Street,3138.0,35366.302,41820.155,13.65,16.369,16.369,,,COMPASSVALE STREET,37.275
compassvale_street,Compassvale Street,3140.0,35368.159,41819.413,21.361,16.6,16.6,,,COMPASSVALE STREET,37.494
compassvale_street,Compassvale Street,3142.0,35370.016,41818.67,16.241,16.832,16.832,,,COMPASSVALE STREET,37.714
compassvale_street,Compassvale Street,3144.0,35371.873,41817.927,16.93,17.063,17.063,,,COMPASSVALE STREET,37.933
compassvale_street,Compassvale Street,3146.0,35373.729,41817.184,21.049,17.294,17.294,,,COMPASSVALE STREET,38.153
compassvale_street,Compassvale Street,3148.0,35375.586,41816.441,28.658,17.526,17.461,,,COMPASSVALE STREET,38.372
compassvale_street,Compassvale Street,3150.0,35377.443,41815.698,29.452,17.757,17.461,,,COMPASSVALE STREET,38.592
compassvale_street,Compassvale Street,3152.0,35379.3,41814.956,28.457,17.461,17.461,,,COMPASSVALE STREET,38.812
compassvale_street,Compassvale Street,3154.0,35381.157,41814.213,29.376,17.166,17.166,,,COMPASSVALE STREET,39.031
compassvale_street,Compassvale Street,3156.0,35383.014,41813.47,30.505,16.87,16.87,,,COMPASSVALE STREET,39.251
compassvale_street,Compassvale Street,3158.0,35384.871,41812.727,22.568,16.574,16.574,,,COMPASSVALE STREET,39.47
compassvale_street,Compassvale Street,3160.0,35386.728,41811.984,14.625,16.278,16.278,,,COMPASSVALE STREET,39.69
compassvale_street,Compassvale Street,3162.0,35388.585,41811.241,13.803,15.982,15.982,,,COMPASSVALE STREET,39.909
compassvale_street,Compassvale Street,3164.0,35390.442,41810.499,20.687,15.686,15.686,,,COMPASSVALE STREET,40.129
compassvale_street,Compassvale Street,3166.0,35392.299,41809.756,19.96,15.391,15.391,,,COMPASSVALE STREET,40.348
compassvale_street,Compassvale Street,3168.0,35394.156,41809.013,20.017,15.095,15.095,,,COMPASSVALE STREET,40.568
compassvale_street,Compassvale Street,3170.0,35396.013,41808.27,19.542,14.799,14.799,,,COMPASSVALE STREET,40.788
compassvale_street,Compassvale Street,3172.0,35397.87,41807.527,14.503,14.503,14.503,,,COMPASSVALE STREET,40.976
compassvale_street,Compassvale Street,3174.0,35399.727,41806.785,14.521,14.239,14.239,,,COMPASSVALE STREET,41.055
compassvale_street,Compassvale Street,3176.0,35401.584,41806.042,14.054,13.976,13.976,,,COMPASSVALE STREET,41.133
compassvale_street,Compassvale Street,3178.0,35403.44,41805.299,13.541,13.876,13.876,,,COMPASSVALE STREET,41.212
compassvale_street,Compassvale Street,3180.0,35405.297,41804.556,14.347,13.777,13.777,,,COMPASSVALE STREET,41.291
compassvale_street,Compassvale Street,3182.0,35407.154,41803.813,13.882,13.677,13.677,,,COMPASSVALE STREET,41.369
compassvale_street,Compassvale Street,3184.0,35409.011,41803.07,14.405,13.577,13.577,,,COMPASSVALE STREET,41.448
compassvale_street,Compassvale Street,3186.0,35410.868,41802.328,13.568,13.478,13.478,,,COMPASSVALE STREET,41.527
compassvale_street,Compassvale Street,3188.0,35412.725,41801.585,11.454,13.378,13.378,,,COMPASSVALE STREET,41.605
compassvale_street,Compassvale Street,3190.0,35414.582,41800.842,11.392,13.279,13.279,,,COMPASSVALE STREET,41.684
compassvale_street,Compassvale Street,3192.0,35416.439,41800.099,11.5,13.179,13.179,,,COMPASSVALE STREET,41.762
compassvale_street,Compassvale Street,3194.0,35418.296,41799.356,11.661,13.079,13.079,,,COMPASSVALE STREET,41.841
compassvale_street,Compassvale Street,3196.0,35420.153,41798.614,11.074,12.98,12.98,,,COMPASSVALE STREET,41.92
compassvale_street,Compassvale Street,3198.0,35422.01,41797.871,11.02,12.88,12.957,,,COMPASSVALE STREET,41.998
compassvale_street,Compassvale Street,3200.0,35423.867,41797.128,13.075,12.78,12.88,,,COMPASSVALE STREET,42.077
compassvale_street,Compassvale Street,3202.0,35425.724,41796.385,15.486,12.957,12.84,,,COMPASSVALE STREET,42.156
compassvale_street,Compassvale Street,3204.0,35427.581,41795.642,12.84,12.84,12.78,,,COMPASSVALE STREET,42.234
compassvale_street,Compassvale Street,3206.0,35429.438,41794.899,13.405,12.776,12.776,,,COMPASSVALE STREET,42.313
compassvale_street,Compassvale Street,3208.0,35431.295,41794.157,11.354,12.712,12.712,,,COMPASSVALE STREET,42.392
compassvale_street,Compassvale Street,3210.0,35433.151,41793.414,10.894,12.649,12.712,,,COMPASSVALE STREET,42.47
compassvale_street,Compassvale Street,3212.0,35435.008,41792.671,11.044,12.585,12.712,,,COMPASSVALE STREET,42.549
compassvale_street,Compassvale Street,3214.0,35436.865,41791.928,10.998,12.779,12.779,,,COMPASSVALE STREET,42.628
compassvale_street,Compassvale Street,3216.0,35438.722,41791.185,11.598,12.972,12.972,,,COMPASSVALE STREET,42.706
compassvale_street,Compassvale Street,3218.0,35440.579,41790.443,16.734,13.426,13.426,,,COMPASSVALE STREET,42.785
compassvale_street,Compassvale Street,3220.0,35442.436,41789.7,17.982,13.88,13.88,,,COMPASSVALE STREET,42.864
compassvale_street,Compassvale Street,3222.0,35444.293,41788.957,14.7,14.334,14.334,,,COMPASSVALE STREET,42.942
compassvale_street,Compassvale Street,3224.0,35446.15,41788.214,15.259,,14.788,,,COMPASSVALE STREET,43.021
compassvale_street,Compassvale Street,3226.0,35448.007,41787.471,16.684,15.242,15.242,,,COMPASSVALE STREET,43.099
compassvale_street,Compassvale Street,3228.0,35449.864,41786.728,25.346,15.696,15.696,,,COMPASSVALE STREET,43.178
compassvale_street,Compassvale Street,3230.0,35451.721,41785.986,24.557,16.15,16.15,,,COMPASSVALE STREET,43.257
compassvale_street,Compassvale Street,3232.0,35453.578,41785.243,24.408,16.604,16.604,,,COMPASSVALE STREET,43.335
compassvale_street,Compassvale Street,3234.0,35455.435,41784.5,18.593,16.743,16.707,,,COMPASSVALE STREET,43.414
compassvale_street,Compassvale Street,3236.0,35457.292,41783.757,12.715,16.883,16.707,,,COMPASSVALE STREET,43.493
compassvale_street,Compassvale Street,3238.0,35459.149,41783.014,13.116,16.707,16.707,,,COMPASSVALE STREET,43.571
compassvale_street,Compassvale Street,3240.0,35461.006,41782.271,17.554,16.532,16.532,,,COMPASSVALE STREET,43.65
compassvale_street,Compassvale Street,3242.0,35462.862,41781.529,15.991,16.356,16.356,,,COMPASSVALE STREET,43.729
compassvale_street,Compassvale Street,3244.0,35464.719,41780.786,16.117,16.181,16.181,,,COMPASSVALE STREET,43.807
compassvale_street,Compassvale Street,3246.0,35466.576,41780.043,15.457,16.006,16.006,,,COMPASSVALE STREET,43.886
compassvale_street,Compassvale Street,3248.0,35468.433,41779.3,12.618,15.895,15.895,,,COMPASSVALE STREET,43.965
compassvale_street,Compassvale Street,3250.0,35470.29,41778.557,12.944,15.784,15.784,,,COMPASSVALE STREET,44.043
compassvale_street,Compassvale Street,3252.0,35472.147,41777.815,28.928,15.673,15.673,,,COMPASSVALE STREET,44.122
compassvale_street,Compassvale Street,3254.0,35474.004,41777.072,29.594,15.562,15.562,,,COMPASSVALE STREET,44.201
compassvale_street,Compassvale Street,3256.0,35475.861,41776.329,28.587,15.451,15.451,,,COMPASSVALE STREET,44.279
compassvale_street,Compassvale Street,3258.0,35477.61,41776.865,28.674,15.34,15.34,,,COMPASSVALE STREET,43.189
compassvale_street,Compassvale Street,3260.0,35479.316,41777.909,15.229,15.229,15.229,,,COMPASSVALE STREET,41.634
compassvale_street,Compassvale Street,3262.0,35481.022,41778.953,15.116,15.116,15.116,,,COMPASSVALE STREET,40.08
compassvale_street,Compassvale Street,3264.0,35482.727,41779.997,15.719,14.883,14.883,,,COMPASSVALE STREET,38.525
compassvale_street,Compassvale Street,3266.0,35484.433,41781.041,13.437,14.651,14.651,,,COMPASSVALE STREET,36.97
compassvale_street,Compassvale Street,3268.0,35486.139,41782.085,18.961,14.418,14.418,,,COMPASSVALE STREET,35.416
compassvale_street,Compassvale Street,3270.0,35487.845,41783.129,23.997,14.185,14.185,,,COMPASSVALE STREET,33.861
compassvale_street,Compassvale Street,3272.0,35489.551,41784.173,23.794,13.952,13.952,,,COMPASSVALE STREET,32.306
compassvale_street,Compassvale Street,3274.0,35491.257,41785.217,21.939,13.72,13.72,,,COMPASSVALE STREET,30.752
compassvale_street,Compassvale Street,3276.0,35492.963,41786.261,17.208,13.487,13.487,,,COMPASSVALE STREET,29.197
compassvale_street,Compassvale Street,3278.0,35494.669,41787.305,12.348,13.254,13.254,,,COMPASSVALE STREET,27.643
compassvale_street,Compassvale Street,3280.0,35496.374,41788.349,14.518,13.021,13.021,,,COMPASSVALE STREET,26.088
compassvale_street,Compassvale Street,3282.0,35498.08,41789.393,12.302,12.789,12.789,,,COMPASSVALE STREET,24.533
compassvale_street,Compassvale Street,3284.0,35499.786,41790.437,12.556,12.556,12.556,,,COMPASSVALE STREET,22.979
compassvale_street,Compassvale Street,3286.0,35501.492,41791.481,10.285,12.425,12.425,,,COMPASSVALE STREET,21.424
compassvale_street,Compassvale Street,3288.0,35503.198,41792.525,12.294,12.294,12.362,-2.42,1.0,COMPASSVALE STREET,19.869
compassvale_street,Compassvale Street,3290.0,35504.904,41793.569,12.119,12.119,12.362,2.257,1.0,COMPASSVALE STREET,18.315
compassvale_street,Compassvale Street,3292.0,35506.61,41794.613,14.479,12.362,12.362,3.426,1.0,COMPASSVALE STREET,16.76
compassvale_street,Compassvale Street,3294.0,35508.316,41795.657,12.605,12.605,12.605,3.812,1.0,COMPASSVALE STREET,15.205
compassvale_street,Compassvale Street,3296.0,35510.021,41796.701,10.249,12.636,12.636,4.198,1.0,COMPASSVALE STREET,13.651
compassvale_street,Compassvale Street,3298.0,35511.727,41797.745,10.223,12.667,12.667,1.159,1.0,COMPASSVALE STREET,12.096
compassvale_street,Compassvale Street,3300.0,35513.433,41798.79,12.698,12.698,12.698,,,COMPASSVALE STREET,10.541
compassvale_street,Compassvale Street,3302.0,35515.139,41799.834,12.858,12.858,12.698,,,COMPASSVALE STREET,8.987
compassvale_street,Compassvale Street,3304.0,35516.845,41800.878,11.448,12.716,12.698,,,COMPASSVALE STREET,7.432
compassvale_street,Compassvale Street,3306.0,35518.551,41801.922,9.002,12.575,12.575,-5.059,1.0,COMPASSVALE STREET,5.877
compassvale_street,Compassvale Street,3308.0,35520.257,41802.966,12.346,12.434,12.434,,,COMPASSVALE STREET,4.323
compassvale_street,Compassvale Street,3310.0,35521.963,41804.01,9.736,12.293,12.293,,,COMPASSVALE STREET,2.768
compassvale_street,Compassvale Street,3312.0,35523.668,41805.054,9.97,12.241,12.241,,,COMPASSVALE STREET,1.213
compassvale_street,Compassvale Street,3314.0,35525.374,41806.098,12.189,11.95,12.241,,,COMPASSVALE STREET,0.341
compassvale_street,Compassvale Street,3316.0,35527.08,41807.142,14.436,12.164,12.241,,,COMPASSVALE STREET,1.896
compassvale_street,Compassvale Street,3318.0,35528.786,41808.186,14.073,12.378,12.378,,,COMPASSVALE STREET,3.451
compassvale_street,Compassvale Street,3320.0,35530.492,41809.23,15.108,12.812,12.812,,,COMPASSVALE STREET,5.005
compassvale_street,Compassvale Street,3322.0,35532.198,41810.274,8.221,13.247,13.247,,,COMPASSVALE STREET,6.589
compassvale_street,Compassvale Street,3324.0,35533.904,41811.318,8.207,13.681,13.681,,,COMPASSVALE STREET,8.22
compassvale_street,Compassvale Street,3326.0,35535.609,41812.362,9.004,14.116,14.116,,,COMPASSVALE STREET,9.85
compassvale_street,Compassvale Street,3328.0,35537.315,41813.406,18.622,14.584,14.584,,,COMPASSVALE STREET,11.481
compassvale_street,Compassvale Street,3330.0,35539.021,41814.45,11.063,15.052,15.052,,,COMPASSVALE STREET,13.111
compassvale_street,Compassvale Street,3332.0,35540.727,41815.494,9.48,15.52,15.52,,,COMPASSVALE STREET,14.742
compassvale_street,Compassvale Street,3334.0,35542.433,41816.538,16.819,15.952,15.952,,,COMPASSVALE STREET,16.373
compassvale_street,Compassvale Street,3336.0,35544.139,41817.582,13.32,16.385,16.385,,,COMPASSVALE STREET,18.003
compassvale_street,Compassvale Street,3338.0,35545.845,41818.626,15.068,16.817,16.817,,,COMPASSVALE STREET,19.634
compassvale_street,Compassvale Street,3340.0,35547.551,41819.67,18.264,,17.249,,,COMPASSVALE STREET,21.264
compassvale_street,Compassvale Street,3342.0,35549.256,41820.714,22.652,,17.682,,,COMPASSVALE STREET,22.895
compassvale_street,Compassvale Street,3344.0,35550.962,41821.758,21.311,,18.114,,,COMPASSVALE STREET,24.526
compassvale_street,Compassvale Street,3346.0,35552.668,41822.802,22.351,,18.546,,,COMPASSVALE STREET,26.156
compassvale_street,Compassvale Street,3348.0,35554.374,41823.846,23.145,18.978,18.978,,,COMPASSVALE STREET,27.787
compassvale_street,Compassvale Street,3350.0,35556.08,41824.89,20.275,19.411,19.411,,,COMPASSVALE STREET,29.417
compassvale_street,Compassvale Street,3352.0,35557.786,41825.934,17.248,19.843,19.843,,,COMPASSVALE STREET,31.048
compassvale_street,Compassvale Street,3354.0,35559.492,41826.978,18.988,20.275,20.275,,,COMPASSVALE STREET,32.679
compassvale_street,Compassvale Street,3356.0,35560.345,41827.203,11.75,20.275,20.275,,,COMPASSVALE STREET,33.22
compassvale_street,Compassvale Street,3358.0,35559.236,41825.539,12.364,20.275,20.275,0.0,1.0,COMPASSVALE STREET,31.254
compassvale_street,Compassvale Street,3360.0,35558.126,41823.875,11.432,20.275,20.275,0.0,1.0,COMPASSVALE STREET,29.288
compassvale_street,Compassvale Street,3362.0,35557.017,41822.211,23.432,20.275,20.275,0.0,1.0,COMPASSVALE STREET,27.322
compassvale_street,Compassvale Street,3364.0,35555.907,41820.547,21.663,20.275,20.275,0.0,1.0,COMPASSVALE STREET,25.355
compassvale_street,Compassvale Street,3366.0,35554.798,41818.883,24.102,20.275,20.275,0.0,1.0,COMPASSVALE STREET,23.389
compassvale_street,Compassvale Street,3368.0,35553.688,41817.218,10.278,20.275,20.275,0.0,1.0,COMPASSVALE STREET,21.423
compassvale_street,Compassvale Street,3368.762,35553.265,41816.584,9.772,20.275,20.275,0.0,1.0,COMPASSVALE STREET,20.674
