path_key,source_project,chainage_m,x_svy21,y_svy21,elevation_m_raw,elevation_m_filtered,elevation_m_smooth,gradient_pct,Grade,nearest_road_name,nearest_road_dist_m
compassvale_drive,Compassvale Drive,0.0,35438.729,40982.658,9.578,9.578,9.675,,,COMPASSVALE DRIVE,12.475
compassvale_drive,Compassvale Drive,2.0,35440.646,40982.088,11.297,9.675,9.723,,,COMPASSVALE DRIVE,12.566
compassvale_drive,Compassvale Drive,4.0,35442.562,40981.517,10.697,9.772,9.772,3.63,1.0,COMPASSVALE DRIVE,12.657
compassvale_drive,Compassvale Drive,6.0,35444.479,40980.947,10.228,9.869,9.869,,,COMPASSVALE DRIVE,12.748
compassvale_drive,Compassvale Drive,8.0,35446.396,40980.377,9.966,9.966,9.966,,,COMPASSVALE DRIVE,12.839
compassvale_drive,Compassvale Drive,10.0,35448.313,40979.806,9.358,10.208,10.208,,,COMPASSVALE DRIVE,12.93
compassvale_drive,Compassvale Drive,12.0,35450.229,40979.233,8.698,10.451,10.451,,,COMPASSVALE DRIVE,13.018
compassvale_drive,Compassvale Drive,14.0,35452.112,40978.559,11.722,10.694,10.694,,,COMPASSVALE DRIVE,12.999
compassvale_drive,Compassvale Drive,16.0,35453.995,40977.884,11.113,10.937,10.937,,,COMPASSVALE DRIVE,12.981
compassvale_drive,Compassvale Drive,18.0,35455.878,40977.21,12.091,11.18,11.18,,,COMPASSVALE DRIVE,12.962
compassvale_drive,Compassvale Drive,20.0,35457.761,40976.536,11.729,11.423,11.423,,,COMPASSVALE DRIVE,12.944
compassvale_drive,Compassvale Drive,22.0,35459.644,40975.863,9.314,11.666,11.54,,,COMPASSVALE DRIVE,12.926
compassvale_drive,Compassvale Drive,24.0,35461.536,40975.214,13.414,11.603,11.54,,,COMPASSVALE DRIVE,12.936
compassvale_drive,Compassvale Drive,26.0,35463.428,40974.566,11.54,11.54,11.54,,,COMPASSVALE DRIVE,12.945
compassvale_drive,Compassvale Drive,28.0,35465.321,40973.918,12.612,11.028,11.028,,,COMPASSVALE DRIVE,12.954
compassvale_drive,Compassvale Drive,30.0,35467.213,40973.27,11.341,10.517,10.517,,,COMPASSVALE DRIVE,12.964
compassvale_drive,Compassvale Drive,32.0,35469.105,40972.622,10.436,10.005,10.005,,,COMPASSVALE DRIVE,12.973
compassvale_drive,Compassvale Drive,34.0,35470.997,40971.974,10.318,,9.494,,,COMPASSVALE DRIVE,12.983
compassvale_drive,Compassvale Drive,36.0,35472.884,40971.313,8.878,,8.983,,,COMPASSVALE DRIVE,12.978
compassvale_drive,Compassvale Drive,38.0,35474.769,40970.644,8.955,8.471,8.471,,,COMPASSVALE DRIVE,12.965
compassvale_drive,Compassvale Drive,40.0,35476.654,40969.974,11.564,7.96,7.96,,,COMPASSVALE DRIVE,12.951
compassvale_drive,Compassvale Drive,42.0,35478.538,40969.304,11.062,7.449,7.449,,,COMPASSVALE DRIVE,12.938
compassvale_drive,Compassvale Drive,44.0,35480.423,40968.635,6.937,6.937,6.938,,,COMPASSVALE DRIVE,12.924
compassvale_drive,Compassvale Drive,46.0,35482.307,40967.965,6.93,6.93,6.937,,,COMPASSVALE DRIVE,12.911
compassvale_drive,Compassvale Drive,48.0,35484.192,40967.295,6.938,6.938,6.937,2.981,1.0,COMPASSVALE DRIVE,12.897
compassvale_drive,Compassvale Drive,50.0,35486.076,40966.626,6.929,6.929,6.938,3.028,1.0,COMPASSVALE DRIVE,12.883
compassvale_drive,Compassvale Drive,52.0,35487.961,40965.956,7.18,7.18,7.176,3.84,1.0,COMPASSVALE DRIVE,12.87
compassvale_drive,Compassvale Drive,54.0,35489.845,40965.286,7.176,7.176,7.18,4.652,1.0,COMPASSVALE DRIVE,12.856
compassvale_drive,Compassvale Drive,56.0,35491.73,40964.617,6.936,7.31,7.31,,,COMPASSVALE DRIVE,12.843
compassvale_drive,Compassvale Drive,58.0,35493.612,40963.941,10.63,7.444,7.31,,,COMPASSVALE DRIVE,12.823
compassvale_drive,Compassvale Drive,60.0,35495.488,40963.246,7.952,7.31,7.31,,,COMPASSVALE DRIVE,12.782
compassvale_drive,Compassvale Drive,62.0,35497.363,40962.55,8.041,7.177,7.177,,,COMPASSVALE DRIVE,12.741
compassvale_drive,Compassvale Drive,64.0,35499.238,40961.854,12.161,7.043,7.043,,,COMPASSVALE DRIVE,12.7
compassvale_drive,Compassvale Drive,66.0,35501.113,40961.159,12.145,6.91,6.91,,,COMPASSVALE DRIVE,12.659
compassvale_drive,Compassvale Drive,68.0,35502.988,40960.463,6.776,6.776,6.776,,,COMPASSVALE DRIVE,12.617
compassvale_drive,Compassvale Drive,70.0,35504.866,40959.777,6.773,6.773,6.773,,,COMPASSVALE DRIVE,12.586
compassvale_drive,Compassvale Drive,72.0,35506.802,40959.273,9.774,6.649,6.773,0.217,1.0,COMPASSVALE DRIVE,12.746
compassvale_drive,Compassvale Drive,74.0,35508.737,40958.769,6.525,6.525,6.773,2.725,1.0,COMPASSVALE DRIVE,12.906
compassvale_drive,Compassvale Drive,76.0,35510.673,40958.265,6.794,6.794,6.794,2.725,1.0,COMPASSVALE DRIVE,13.065
compassvale_drive,Compassvale Drive,78.0,35512.608,40957.761,7.035,7.035,6.991,2.725,1.0,COMPASSVALE DRIVE,13.225
compassvale_drive,Compassvale Drive,80.0,35514.544,40957.258,7.011,7.011,6.991,2.388,1.0,COMPASSVALE DRIVE,13.385
compassvale_drive,Compassvale Drive,82.0,35516.479,40956.754,6.991,6.991,6.991,-1.087,1.0,COMPASSVALE DRIVE,13.545
compassvale_drive,Compassvale Drive,84.0,35518.415,40956.25,6.985,6.985,6.985,-1.806,1.0,COMPASSVALE DRIVE,13.705
compassvale_drive,Compassvale Drive,86.0,35520.35,40955.746,6.687,6.687,6.904,-3.155,1.0,COMPASSVALE DRIVE,13.864
compassvale_drive,Compassvale Drive,88.0,35522.286,40955.242,6.739,6.739,6.847,-3.073,1.0,COMPASSVALE DRIVE,14.024
compassvale_drive,Compassvale Drive,90.0,35524.221,40954.738,6.904,6.904,6.739,-2.453,1.0,COMPASSVALE DRIVE,14.184
compassvale_drive,Compassvale Drive,92.0,35526.157,40954.234,6.847,6.847,6.739,-2.095,1.0,COMPASSVALE DRIVE,14.344
compassvale_drive,Compassvale Drive,94.0,35528.09,40953.723,6.708,6.708,6.708,-1.002,1.0,COMPASSVALE DRIVE,14.496
compassvale_drive,Compassvale Drive,96.0,35530.013,40953.174,6.679,6.679,6.679,-3.652,1.0,COMPASSVALE DRIVE,14.608
compassvale_drive,Compassvale Drive,98.0,35531.936,40952.624,6.659,6.659,6.659,-3.267,1.0,COMPASSVALE DRIVE,14.72
compassvale_drive,Compassvale Drive,100.0,35533.859,40952.074,6.447,6.447,6.447,-2.906,1.0,COMPASSVALE DRIVE,14.833
compassvale_drive,Compassvale Drive,102.0,35535.782,40951.524,6.344,6.344,6.447,,,COMPASSVALE DRIVE,14.945
compassvale_drive,Compassvale Drive,104.0,35537.705,40950.974,6.362,6.362,6.447,,,COMPASSVALE DRIVE,15.057
compassvale_drive,Compassvale Drive,106.0,35539.612,40950.374,9.424,6.699,6.699,,,COMPASSVALE DRIVE,15.117
compassvale_drive,Compassvale Drive,108.0,35541.518,40949.767,6.616,7.036,7.036,,,COMPASSVALE DRIVE,15.17
compassvale_drive,Compassvale Drive,110.0,35543.424,40949.16,6.254,7.481,7.481,,,COMPASSVALE DRIVE,15.223
compassvale_drive,Compassvale Drive,112.0,35545.33,40948.554,6.344,7.927,7.927,,,COMPASSVALE DRIVE,15.275
compassvale_drive,Compassvale Drive,114.0,35547.236,40947.947,7.131,8.373,8.373,,,COMPASSVALE DRIVE,15.328
compassvale_drive,Compassvale Drive,116.0,35549.155,40947.385,7.079,8.818,8.818,,,COMPASSVALE DRIVE,15.428
compassvale_drive,Compassvale Drive,118.0,35551.076,40946.829,9.771,9.264,9.264,,,COMPASSVALE DRIVE,15.533
compassvale_drive,Compassvale Drive,120.0,35552.997,40946.272,8.848,9.71,9.587,,,COMPASSVALE DRIVE,15.638
compassvale_drive,Compassvale Drive,122.0,35554.918,40945.715,10.527,9.648,9.587,,,COMPASSVALE DRIVE,15.743
compassvale_drive,Compassvale Drive,124.0,35556.839,40945.158,9.543,9.587,9.587,,,COMPASSVALE DRIVE,15.848
compassvale_drive,Compassvale Drive,126.0,35558.76,40944.602,7.104,9.525,9.525,,,COMPASSVALE DRIVE,15.953
compassvale_drive,Compassvale Drive,128.0,35560.681,40944.045,10.811,9.464,9.464,,,COMPASSVALE DRIVE,16.059
compassvale_drive,Compassvale Drive,130.0,35562.602,40943.488,10.623,9.403,9.403,,,COMPASSVALE DRIVE,16.164
compassvale_drive,Compassvale Drive,132.0,35564.522,40942.931,10.861,9.341,9.341,,,COMPASSVALE DRIVE,16.269
compassvale_drive,Compassvale Drive,134.0,35566.443,40942.374,7.44,9.28,9.28,,,COMPASSVALE DRIVE,16.374
compassvale_drive,Compassvale Drive,136.0,35568.364,40941.818,6.699,9.219,9.219,,,COMPASSVALE DRIVE,16.479
compassvale_drive,Compassvale Drive,138.0,35570.285,40941.261,9.157,8.941,8.941,,,COMPASSVALE DRIVE,16.584
compassvale_drive,Compassvale Drive,140.0,35572.206,40940.704,10.257,8.664,8.664,,,COMPASSVALE DRIVE,16.689
compassvale_drive,Compassvale Drive,142.0,35574.173,40940.348,8.653,8.401,8.401,,,COMPASSVALE DRIVE,16.998
compassvale_drive,Compassvale Drive,144.0,35576.145,40940.014,9.456,8.138,8.138,,,COMPASSVALE DRIVE,17.33
compassvale_drive,Compassvale Drive,146.0,35578.117,40939.68,7.631,7.875,7.875,,,COMPASSVALE DRIVE,17.662
compassvale_drive,Compassvale Drive,148.0,35580.089,40939.345,6.27,,7.612,,,COMPASSVALE DRIVE,17.994
compassvale_drive,Compassvale Drive,150.0,35582.061,40939.011,6.06,,7.349,,,COMPASSVALE DRIVE,18.326
compassvale_drive,Compassvale Drive,152.0,35583.652,40937.945,5.957,7.086,7.086,,,COMPASSVALE DRIVE,17.841
compassvale_drive,Compassvale Drive,154.0,35585.058,40936.523,5.931,6.823,6.823,,,COMPASSVALE DRIVE,16.96
compassvale_drive,Compassvale Drive,156.0,35586.465,40935.101,6.111,6.56,6.56,,,COMPASSVALE DRIVE,16.079
compassvale_drive,Compassvale Drive,158.0,35587.871,40933.679,6.297,6.297,6.297,,,COMPASSVALE DRIVE,15.198
compassvale_drive,Compassvale Drive,160.0,35589.278,40932.257,6.759,6.29,6.29,,,COMPASSVALE DRIVE,14.317
compassvale_drive,Compassvale Drive,162.0,35589.618,40930.327,6.293,6.283,6.283,,,COMPASSVALE DRIVE,12.606
compassvale_drive,Compassvale Drive,164.0,35589.836,40928.339,6.276,6.276,6.276,,,COMPASSVALE DRIVE,10.8
compassvale_drive,Compassvale Drive,166.0,35590.053,40926.351,6.414,6.129,6.129,,,COMPASSVALE DRIVE,8.993
compassvale_drive,Compassvale Drive,168.0,35590.271,40924.363,5.981,5.981,6.084,-2.411,1.0,COMPASSVALE DRIVE,7.187
compassvale_drive,Compassvale Drive,170.0,35590.489,40922.375,6.05,6.05,6.084,,,COMPASSVALE DRIVE,5.381
compassvale_drive,Compassvale Drive,172.0,35590.707,40920.387,6.084,6.084,6.084,,,COMPASSVALE DRIVE,3.575
compassvale_drive,Compassvale Drive,174.0,35590.187,40918.461,6.086,6.086,6.086,,,COMPASSVALE DRIVE,1.585
compassvale_drive,Compassvale Drive,176.0,35589.64,40916.537,5.982,6.347,6.347,,,COMPASSVALE DRIVE,0.412
compassvale_drive,Compassvale Drive,178.0,35589.093,40914.613,5.992,6.607,6.501,,,COMPASSVALE DRIVE,2.409
compassvale_drive,Compassvale Drive,180.0,35588.137,40912.903,7.231,6.554,6.554,,,COMPASSVALE DRIVE,4.338
compassvale_drive,Compassvale Drive,182.0,35586.87,40911.356,7.206,6.501,6.607,,,COMPASSVALE DRIVE,6.216
compassvale_drive,Compassvale Drive,184.0,35585.603,40909.808,8.385,6.779,6.779,,,COMPASSVALE DRIVE,8.093
compassvale_drive,Compassvale Drive,186.0,35584.336,40908.26,8.321,7.056,7.056,,,COMPASSVALE DRIVE,9.971
compassvale_drive,Compassvale Drive,188.0,35583.069,40906.713,5.991,7.547,7.547,,,COMPASSVALE DRIVE,11.849
compassvale_drive,Compassvale Drive,190.0,35581.802,40905.165,5.96,8.038,8.038,,,COMPASSVALE DRIVE,13.727
compassvale_drive,Compassvale Drive,192.0,35580.341,40904.276,5.879,8.53,8.53,,,COMPASSVALE DRIVE,15.046
compassvale_drive,Compassvale Drive,194.0,35578.438,40904.89,13.012,,9.021,,,COMPASSVALE DRIVE,15.092
compassvale_drive,Compassvale Drive,196.0,35576.534,40905.504,10.591,,9.512,,,COMPASSVALE DRIVE,15.138
compassvale_drive,Compassvale Drive,198.0,35574.631,40906.117,5.776,10.003,10.003,,,COMPASSVALE DRIVE,15.183
compassvale_drive,Compassvale Drive,200.0,35572.727,40906.731,9.617,10.494,10.494,,,COMPASSVALE DRIVE,15.229
compassvale_drive,Compassvale Drive,202.0,35570.824,40907.344,12.032,10.985,10.985,,,COMPASSVALE DRIVE,15.274
compassvale_drive,Compassvale Drive,204.0,35568.92,40907.958,11.462,11.476,11.476,,,COMPASSVALE DRIVE,15.32
compassvale_drive,Compassvale Drive,206.0,35567.017,40908.572,9.363,11.697,11.539,,,COMPASSVALE DRIVE,15.366
compassvale_drive,Compassvale Drive,208.0,35565.113,40909.185,11.932,11.618,11.539,,,COMPASSVALE DRIVE,15.411
compassvale_drive,Compassvale Drive,210.0,35563.21,40909.799,10.13,11.539,11.539,,,COMPASSVALE DRIVE,15.457
compassvale_drive,Compassvale Drive,212.0,35561.306,40910.412,11.88,11.177,11.177,,,COMPASSVALE DRIVE,15.503
compassvale_drive,Compassvale Drive,214.0,35559.402,40911.026,11.07,10.815,10.815,,,COMPASSVALE DRIVE,15.548
compassvale_drive,Compassvale Drive,216.0,35557.548,40911.774,12.759,10.453,10.453,,,COMPASSVALE DRIVE,15.451
compassvale_drive,Compassvale Drive,218.0,35555.7,40912.538,10.542,10.091,10.091,,,COMPASSVALE DRIVE,15.337
compassvale_drive,Compassvale Drive,220.0,35553.851,40913.301,7.566,9.729,9.729,,,COMPASSVALE DRIVE,15.223
compassvale_drive,Compassvale Drive,222.0,35552.003,40914.065,7.594,9.367,9.367,,,COMPASSVALE DRIVE,15.109
compassvale_drive,Compassvale Drive,224.0,35550.154,40914.828,8.481,9.005,9.005,,,COMPASSVALE DRIVE,14.995
compassvale_drive,Compassvale Drive,226.0,35548.306,40915.592,8.861,8.945,8.945,,,COMPASSVALE DRIVE,14.881
compassvale_drive,Compassvale Drive,228.0,35546.457,40916.355,12.587,8.884,8.908,,,COMPASSVALE DRIVE,14.767
compassvale_drive,Compassvale Drive,230.0,35544.609,40917.119,8.908,8.908,8.884,,,COMPASSVALE DRIVE,14.653
compassvale_drive,Compassvale Drive,232.0,35542.76,40917.882,8.949,8.821,8.821,,,COMPASSVALE DRIVE,14.539
compassvale_drive,Compassvale Drive,234.0,35540.912,40918.646,8.57,8.616,8.616,,,COMPASSVALE DRIVE,14.425
compassvale_drive,Compassvale Drive,236.0,35539.063,40919.409,9.772,8.41,8.41,,,COMPASSVALE DRIVE,14.311
compassvale_drive,Compassvale Drive,238.0,35537.214,40920.173,9.959,8.114,8.114,,,COMPASSVALE DRIVE,14.197
compassvale_drive,Compassvale Drive,240.0,35535.362,40920.927,11.251,7.819,7.819,,,COMPASSVALE DRIVE,14.092
compassvale_drive,Compassvale Drive,242.0,35533.483,40921.61,9.386,7.523,7.523,,,COMPASSVALE DRIVE,14.064
compassvale_drive,Compassvale Drive,244.0,35531.603,40922.293,6.788,7.228,7.228,,,COMPASSVALE DRIVE,14.037
compassvale_drive,Compassvale Drive,246.0,35529.723,40922.976,6.932,6.932,7.228,,,COMPASSVALE DRIVE,14.009
compassvale_drive,Compassvale Drive,248.0,35527.843,40923.659,6.822,7.119,7.228,,,COMPASSVALE DRIVE,13.981
compassvale_drive,Compassvale Drive,250.0,35525.968,40924.353,7.305,7.305,7.302,1.208,1.0,COMPASSVALE DRIVE,13.942
compassvale_drive,Compassvale Drive,252.0,35524.108,40925.089,7.325,7.325,7.305,,,COMPASSVALE DRIVE,13.858
compassvale_drive,Compassvale Drive,254.0,35522.248,40925.825,7.302,7.302,7.325,,,COMPASSVALE DRIVE,13.774
compassvale_drive,Compassvale Drive,256.0,35520.389,40926.561,7.309,7.535,7.535,,,COMPASSVALE DRIVE,13.689
compassvale_drive,Compassvale Drive,258.0,35518.529,40927.296,6.824,7.768,7.535,,,COMPASSVALE DRIVE,13.605
compassvale_drive,Compassvale Drive,260.0,35516.669,40928.032,7.796,7.588,7.535,,,COMPASSVALE DRIVE,13.521
compassvale_drive,Compassvale Drive,262.0,35514.81,40928.768,9.126,7.409,7.409,,,COMPASSVALE DRIVE,13.436
compassvale_drive,Compassvale Drive,264.0,35512.95,40929.505,12.274,7.229,7.229,,,COMPASSVALE DRIVE,13.351
compassvale_drive,Compassvale Drive,266.0,35511.091,40930.242,9.162,7.05,7.05,,,COMPASSVALE DRIVE,13.266
compassvale_drive,Compassvale Drive,268.0,35509.232,40930.979,8.836,6.871,6.871,,,COMPASSVALE DRIVE,13.18
compassvale_drive,Compassvale Drive,270.0,35507.372,40931.716,6.461,6.691,6.691,,,COMPASSVALE DRIVE,13.095
compassvale_drive,Compassvale Drive,272.0,35505.513,40932.453,6.512,6.512,6.537,,,COMPASSVALE DRIVE,13.01
compassvale_drive,Compassvale Drive,274.0,35503.654,40933.19,6.526,6.526,6.537,,,COMPASSVALE DRIVE,12.924
compassvale_drive,Compassvale Drive,276.0,35501.794,40933.927,6.537,6.537,6.526,-0.281,1.0,COMPASSVALE DRIVE,12.839
compassvale_drive,Compassvale Drive,278.0,35499.935,40934.664,6.547,6.547,6.526,-0.491,1.0,COMPASSVALE DRIVE,12.754
compassvale_drive,Compassvale Drive,280.0,35498.076,40935.401,6.515,6.515,6.515,-0.344,1.0,COMPASSVALE DRIVE,12.668
compassvale_drive,Compassvale Drive,282.0,35496.217,40936.137,6.454,6.454,6.498,-0.344,1.0,COMPASSVALE DRIVE,12.583
compassvale_drive,Compassvale Drive,284.0,35494.357,40936.874,6.478,6.478,6.498,-0.009,1.0,COMPASSVALE DRIVE,12.498
compassvale_drive,Compassvale Drive,286.0,35492.495,40937.602,6.498,6.498,6.498,0.525,1.0,COMPASSVALE DRIVE,12.422
compassvale_drive,Compassvale Drive,288.0,35490.606,40938.26,6.514,6.514,6.514,0.853,1.0,COMPASSVALE DRIVE,12.421
compassvale_drive,Compassvale Drive,290.0,35488.717,40938.917,6.54,6.54,6.54,1.103,1.0,COMPASSVALE DRIVE,12.42
compassvale_drive,Compassvale Drive,292.0,35486.828,40939.575,6.566,6.566,6.566,4.235,1.0,COMPASSVALE DRIVE,12.42
compassvale_drive,Compassvale Drive,294.0,35484.939,40940.232,6.586,6.586,6.586,7.367,1.0,COMPASSVALE DRIVE,12.419
compassvale_drive,Compassvale Drive,296.0,35483.051,40940.89,6.58,6.858,6.858,7.151,1.0,COMPASSVALE DRIVE,12.418
compassvale_drive,Compassvale Drive,298.0,35481.16,40941.543,7.129,7.129,7.129,9.452,2.0,COMPASSVALE DRIVE,12.422
compassvale_drive,Compassvale Drive,300.0,35479.268,40942.19,7.138,7.138,7.138,,,COMPASSVALE DRIVE,12.433
compassvale_drive,Compassvale Drive,302.0,35477.375,40942.836,7.342,7.342,7.342,,,COMPASSVALE DRIVE,12.444
compassvale_drive,Compassvale Drive,304.0,35475.482,40943.482,7.469,7.469,7.469,,,COMPASSVALE DRIVE,12.455
compassvale_drive,Compassvale Drive,306.0,35473.575,40944.082,7.366,7.596,7.582,,,COMPASSVALE DRIVE,12.515
compassvale_drive,Compassvale Drive,308.0,35471.661,40944.665,7.033,7.723,7.582,,,COMPASSVALE DRIVE,12.594
compassvale_drive,Compassvale Drive,310.0,35469.748,40945.247,8.413,7.582,7.582,,,COMPASSVALE DRIVE,12.672
compassvale_drive,Compassvale Drive,312.0,35467.835,40945.83,8.435,7.442,7.442,,,COMPASSVALE DRIVE,12.75
compassvale_drive,Compassvale Drive,314.0,35465.921,40946.412,8.318,7.302,7.361,,,COMPASSVALE DRIVE,12.829
compassvale_drive,Compassvale Drive,316.0,35464.008,40946.993,8.419,7.162,7.361,,,COMPASSVALE DRIVE,12.908
compassvale_drive,Compassvale Drive,318.0,35462.094,40947.573,7.022,7.361,7.361,,,COMPASSVALE DRIVE,12.989
compassvale_drive,Compassvale Drive,320.0,35460.18,40948.153,6.923,7.56,7.56,,,COMPASSVALE DRIVE,13.07
compassvale_drive,Compassvale Drive,322.0,35458.265,40948.733,6.938,7.76,7.76,,,COMPASSVALE DRIVE,13.151
compassvale_drive,Compassvale Drive,324.0,35456.351,40949.313,7.959,7.959,7.953,,,COMPASSVALE DRIVE,13.232
compassvale_drive,Compassvale Drive,326.0,35454.44,40949.902,7.953,7.953,7.959,,,COMPASSVALE DRIVE,13.303
compassvale_drive,Compassvale Drive,328.0,35452.531,40950.499,12.759,8.12,8.12,6.245,1.0,COMPASSVALE DRIVE,13.366
compassvale_drive,Compassvale Drive,330.0,35450.622,40951.096,12.885,8.286,8.286,6.869,1.0,COMPASSVALE DRIVE,13.43
compassvale_drive,Compassvale Drive,332.0,35448.713,40951.692,8.453,8.453,8.453,,,COMPASSVALE DRIVE,13.493
compassvale_drive,Compassvale Drive,334.0,35446.805,40952.289,12.349,8.508,8.508,,,COMPASSVALE DRIVE,13.556
compassvale_drive,Compassvale Drive,336.0,35444.896,40952.886,8.564,8.732,8.732,,,COMPASSVALE DRIVE,13.619
compassvale_drive,Compassvale Drive,338.0,35442.987,40953.483,9.277,8.955,8.955,,,COMPASSVALE DRIVE,13.683
compassvale_drive,Compassvale Drive,340.0,35441.078,40954.08,8.633,9.178,8.955,,,COMPASSVALE DRIVE,13.746
compassvale_drive,Compassvale Drive,342.0,35439.169,40954.677,10.645,8.99,8.955,,,COMPASSVALE DRIVE,13.809
compassvale_drive,Compassvale Drive,344.0,35437.26,40955.273,9.506,8.801,8.801,,,COMPASSVALE DRIVE,13.872
compassvale_drive,Compassvale Drive,346.0,35435.351,40955.87,9.489,8.613,8.613,,,COMPASSVALE DRIVE,13.935
compassvale_drive,Compassvale Drive,348.0,35433.443,40956.467,10.407,8.425,8.425,,,COMPASSVALE DRIVE,13.999
compassvale_drive,Compassvale Drive,350.0,35431.534,40957.064,11.531,8.236,8.236,,,COMPASSVALE DRIVE,14.062
compassvale_drive,Compassvale Drive,352.0,35429.625,40957.661,12.218,8.048,8.048,,,COMPASSVALE DRIVE,14.125
compassvale_drive,Compassvale Drive,354.0,35427.749,40958.353,9.721,7.86,7.86,,,COMPASSVALE DRIVE,14.088
compassvale_drive,Compassvale Drive,356.0,35425.882,40959.069,10.09,7.671,7.671,,,COMPASSVALE DRIVE,14.025
compassvale_drive,Compassvale Drive,358.0,35424.014,40959.785,7.738,7.483,7.483,,,COMPASSVALE DRIVE,13.951
compassvale_drive,Compassvale Drive,360.0,35422.147,40960.501,10.656,7.295,7.295,,,COMPASSVALE DRIVE,13.86
compassvale_drive,Compassvale Drive,362.0,35420.279,40961.217,7.019,7.106,7.106,,,COMPASSVALE DRIVE,13.77
compassvale_drive,Compassvale Drive,364.0,35418.412,40961.933,6.918,6.918,7.106,,,COMPASSVALE DRIVE,13.679
compassvale_drive,Compassvale Drive,366.0,35416.545,40962.65,7.036,7.036,7.106,,,COMPASSVALE DRIVE,13.588
compassvale_drive,Compassvale Drive,368.0,35414.677,40963.366,7.062,7.291,7.291,,,COMPASSVALE DRIVE,13.498
compassvale_drive,Compassvale Drive,370.0,35412.81,40964.082,9.366,7.545,7.545,,,COMPASSVALE DRIVE,13.407
compassvale_drive,Compassvale Drive,372.0,35410.942,40964.798,11.791,8.158,8.158,,,COMPASSVALE DRIVE,13.316
compassvale_drive,Compassvale Drive,400.0,35384.799,40974.824,7.725,8.771,8.771,,,COMPASSVALE DRIVE,12.379
compassvale_drive,Compassvale Drive,402.0,35382.932,40975.54,7.734,9.384,9.384,,,COMPASSVALE DRIVE,12.312
compassvale_drive,Compassvale Drive,404.0,35381.064,40976.256,7.944,,9.997,,,COMPASSVALE DRIVE,12.244
compassvale_drive,Compassvale Drive,406.0,35379.197,40976.972,12.586,10.61,10.61,,,COMPASSVALE DRIVE,12.177
compassvale_drive,Compassvale Drive,408.0,35377.329,40977.688,12.529,11.222,11.222,,,COMPASSVALE DRIVE,12.109
compassvale_drive,Compassvale Drive,410.0,35375.462,40978.405,14.534,11.835,11.835,,,COMPASSVALE DRIVE,12.042
compassvale_drive,Compassvale Drive,412.0,35373.595,40979.121,12.022,12.448,12.448,,,COMPASSVALE DRIVE,11.974
compassvale_drive,Compassvale Drive,414.0,35371.727,40979.837,8.007,12.621,12.448,,,COMPASSVALE DRIVE,11.907
compassvale_drive,Compassvale Drive,416.0,35369.86,40980.553,13.22,12.46,12.448,,,COMPASSVALE DRIVE,11.839
compassvale_drive,Compassvale Drive,418.0,35367.992,40981.269,15.42,12.299,12.299,-3.885,1.0,COMPASSVALE DRIVE,11.772
compassvale_drive,Compassvale Drive,420.0,35366.125,40981.985,11.854,12.137,12.137,,,COMPASSVALE DRIVE,11.704
compassvale_drive,Compassvale Drive,422.0,35364.258,40982.701,14.921,11.976,12.137,,,COMPASSVALE DRIVE,11.637
compassvale_drive,Compassvale Drive,424.0,35362.39,40983.417,12.098,12.098,12.137,,,COMPASSVALE DRIVE,11.569
compassvale_drive,Compassvale Drive,426.0,35360.523,40984.134,13.402,12.326,12.326,,,COMPASSVALE DRIVE,11.502
compassvale_drive,Compassvale Drive,428.0,35358.655,40984.85,12.555,12.554,12.554,,,COMPASSVALE DRIVE,11.434
compassvale_drive,Compassvale Drive,430.0,35356.788,40985.566,13.122,12.781,12.781,,,COMPASSVALE DRIVE,11.367
compassvale_drive,Compassvale Drive,432.0,35354.921,40986.282,10.666,13.009,13.009,,,COMPASSVALE DRIVE,11.299
compassvale_drive,Compassvale Drive,434.0,35353.053,40986.998,13.758,13.237,13.009,,,COMPASSVALE DRIVE,11.232
compassvale_drive,Compassvale Drive,436.0,35351.186,40987.714,11.364,13.095,13.009,,,COMPASSVALE DRIVE,11.164
compassvale_drive,Compassvale Drive,438.0,35349.319,40988.43,8.004,12.953,12.953,,,COMPASSVALE DRIVE,11.097
compassvale_drive,Compassvale Drive,440.0,35347.451,40989.147,12.876,12.811,12.811,,,COMPASSVALE DRIVE,11.029
compassvale_drive,Compassvale Drive,442.0,35345.584,40989.863,13.219,12.516,12.516,,,COMPASSVALE DRIVE,10.962
compassvale_drive,Compassvale Drive,444.0,35343.716,40990.579,10.032,12.222,12.222,,,COMPASSVALE DRIVE,10.894
compassvale_drive,Compassvale Drive,446.0,35341.849,40991.295,11.733,11.924,11.924,,,COMPASSVALE DRIVE,10.827
compassvale_drive,Compassvale Drive,448.0,35339.982,40992.011,11.701,11.625,11.625,,,COMPASSVALE DRIVE,10.759
compassvale_drive,Compassvale Drive,450.0,35338.114,40992.727,10.295,11.327,11.327,,,COMPASSVALE DRIVE,10.692
compassvale_drive,Compassvale Drive,452.0,35336.247,40993.443,12.763,11.032,11.032,,,COMPASSVALE DRIVE,10.624
compassvale_drive,Compassvale Drive,454.0,35334.379,40994.159,11.293,10.736,10.736,,,COMPASSVALE DRIVE,10.557
compassvale_drive,Compassvale Drive,456.0,35332.512,40994.876,11.768,10.441,10.441,,,COMPASSVALE DRIVE,10.489
compassvale_drive,Compassvale Drive,458.0,35330.645,40995.592,12.118,10.166,10.166,,,COMPASSVALE DRIVE,10.422
compassvale_drive,Compassvale Drive,460.0,35328.777,40996.308,10.724,9.891,9.891,,,COMPASSVALE DRIVE,10.354
compassvale_drive,Compassvale Drive,462.0,35326.91,40997.024,10.487,9.616,9.616,,,COMPASSVALE DRIVE,10.287
compassvale_drive,Compassvale Drive,464.0,35325.042,40997.74,9.073,9.341,9.341,,,COMPASSVALE DRIVE,10.219
compassvale_drive,Compassvale Drive,466.0,35323.175,40998.456,9.281,9.281,9.341,,,COMPASSVALE DRIVE,10.152
compassvale_drive,Compassvale Drive,468.0,35321.308,40999.172,8.728,9.326,9.341,,,COMPASSVALE DRIVE,10.084
compassvale_drive,Compassvale Drive,470.0,35319.44,40999.889,9.094,9.37,9.37,0.363,1.0,COMPASSVALE DRIVE,10.017
compassvale_drive,Compassvale Drive,472.0,35317.573,41000.605,9.081,9.415,9.37,,,COMPASSVALE DRIVE,9.949
compassvale_drive,Compassvale Drive,474.0,35315.705,41001.321,14.3,9.459,9.37,,,COMPASSVALE DRIVE,9.882
compassvale_drive,Compassvale Drive,476.0,35313.838,41002.037,12.91,9.291,9.291,,,COMPASSVALE DRIVE,9.814
compassvale_drive,Compassvale Drive,478.0,35311.971,41002.753,10.216,9.124,9.124,-5.184,1.0,COMPASSVALE DRIVE,9.747
compassvale_drive,Compassvale Drive,480.0,35310.103,41003.469,8.889,8.956,8.956,,,COMPASSVALE DRIVE,9.679
compassvale_drive,Compassvale Drive,482.0,35308.236,41004.185,8.788,8.788,8.956,,,COMPASSVALE DRIVE,9.612
compassvale_drive,Compassvale Drive,484.0,35306.369,41004.901,8.786,8.786,8.956,,,COMPASSVALE DRIVE,9.544
compassvale_drive,Compassvale Drive,486.0,35304.501,41005.618,9.008,9.008,8.876,,,COMPASSVALE DRIVE,9.477
compassvale_drive,Compassvale Drive,488.0,35302.634,41006.334,9.014,9.014,8.876,,,COMPASSVALE DRIVE,9.409
compassvale_drive,Compassvale Drive,490.0,35300.766,41007.05,9.743,8.876,8.876,,,COMPASSVALE DRIVE,9.342
compassvale_drive,Compassvale Drive,492.0,35298.899,41007.766,9.68,8.737,8.737,,,COMPASSVALE DRIVE,9.274
compassvale_drive,Compassvale Drive,494.0,35297.032,41008.482,12.58,8.598,8.598,,,COMPASSVALE DRIVE,9.207
compassvale_drive,Compassvale Drive,496.0,35295.164,41009.198,9.887,8.46,8.46,,,COMPASSVALE DRIVE,9.139
compassvale_drive,Compassvale Drive,498.0,35293.297,41009.914,8.321,8.321,8.354,,,COMPASSVALE DRIVE,9.072
compassvale_drive,Compassvale Drive,500.0,35291.429,41010.631,8.349,8.349,8.354,,,COMPASSVALE DRIVE,9.004
compassvale_drive,Compassvale Drive,502.0,35289.562,41011.347,8.354,8.354,8.354,0.284,1.0,COMPASSVALE DRIVE,8.937
compassvale_drive,Compassvale Drive,504.0,35287.695,41012.063,8.376,8.376,8.36,0.297,1.0,COMPASSVALE DRIVE,8.869
compassvale_drive,Compassvale Drive,506.0,35285.827,41012.779,8.36,8.36,8.376,0.309,1.0,COMPASSVALE DRIVE,8.802
compassvale_drive,Compassvale Drive,508.0,35283.96,41013.495,8.378,8.378,8.377,0.372,1.0,COMPASSVALE DRIVE,8.734
compassvale_drive,Compassvale Drive,510.0,35282.092,41014.211,8.377,8.377,8.378,0.191,1.0,COMPASSVALE DRIVE,8.667
compassvale_drive,Compassvale Drive,512.0,35280.225,41014.927,8.392,8.392,8.39,0.4,1.0,COMPASSVALE DRIVE,8.599
compassvale_drive,Compassvale Drive,514.0,35278.358,41015.643,8.409,8.409,8.392,0.416,1.0,COMPASSVALE DRIVE,8.532
compassvale_drive,Compassvale Drive,516.0,35276.49,41016.36,8.39,8.39,8.409,0.381,1.0,COMPASSVALE DRIVE,8.464
compassvale_drive,Compassvale Drive,518.0,35274.623,41017.076,8.412,8.412,8.412,0.462,1.0,COMPASSVALE DRIVE,8.397
compassvale_drive,Compassvale Drive,520.0,35272.755,41017.792,8.428,8.428,8.42,0.241,1.0,COMPASSVALE DRIVE,8.329
compassvale_drive,Compassvale Drive,522.0,35270.888,41018.508,8.42,8.42,8.428,0.8,1.0,COMPASSVALE DRIVE,8.262
compassvale_drive,Compassvale Drive,524.0,35269.021,41019.224,8.428,8.428,8.428,0.706,1.0,COMPASSVALE DRIVE,8.194
compassvale_drive,Compassvale Drive,526.0,35267.153,41019.94,8.476,8.476,8.476,0.756,1.0,COMPASSVALE DRIVE,8.127
compassvale_drive,Compassvale Drive,528.0,35265.286,41020.656,8.477,8.477,8.477,0.906,1.0,COMPASSVALE DRIVE,8.059
compassvale_drive,Compassvale Drive,530.0,35263.418,41021.372,8.501,8.501,8.489,0.381,1.0,COMPASSVALE DRIVE,7.992
compassvale_drive,Compassvale Drive,532.0,35261.551,41022.089,8.489,8.489,8.501,0.584,1.0,COMPASSVALE DRIVE,7.924
compassvale_drive,Compassvale Drive,534.0,35259.684,41022.805,8.506,8.506,8.506,0.428,1.0,COMPASSVALE DRIVE,7.857
compassvale_drive,Compassvale Drive,536.0,35257.816,41023.521,8.523,8.523,8.523,0.278,1.0,COMPASSVALE DRIVE,7.789
compassvale_drive,Compassvale Drive,538.0,35255.949,41024.237,8.544,8.544,8.523,-0.387,1.0,COMPASSVALE DRIVE,7.722
compassvale_drive,Compassvale Drive,540.0,35254.082,41024.953,8.559,8.559,8.523,-0.603,1.0,COMPASSVALE DRIVE,7.654
compassvale_drive,Compassvale Drive,542.0,35252.214,41025.669,8.437,8.437,8.475,-0.603,1.0,COMPASSVALE DRIVE,7.587
compassvale_drive,Compassvale Drive,544.0,35250.347,41026.385,8.452,8.452,8.475,-0.191,1.0,COMPASSVALE DRIVE,7.519
compassvale_drive,Compassvale Drive,546.0,35248.479,41027.102,8.475,8.475,8.475,0.806,1.0,COMPASSVALE DRIVE,7.452
compassvale_drive,Compassvale Drive,548.0,35246.612,41027.818,8.508,8.508,8.508,1.119,1.0,COMPASSVALE DRIVE,7.384
compassvale_drive,Compassvale Drive,550.0,35244.745,41028.534,8.54,8.54,8.54,1.284,1.0,COMPASSVALE DRIVE,7.317
compassvale_drive,Compassvale Drive,552.0,35242.873,41029.239,8.564,8.564,8.564,0.981,1.0,COMPASSVALE DRIVE,7.261
compassvale_drive,Compassvale Drive,554.0,35240.939,41029.746,8.578,8.578,8.578,0.844,1.0,COMPASSVALE DRIVE,7.413
compassvale_drive,Compassvale Drive,556.0,35239.004,41030.253,8.586,8.586,8.586,0.634,1.0,COMPASSVALE DRIVE,7.565
compassvale_drive,Compassvale Drive,558.0,35237.07,41030.76,8.607,8.607,8.607,0.559,1.0,COMPASSVALE DRIVE,7.717
compassvale_drive,Compassvale Drive,560.0,35235.135,41031.267,8.615,8.615,8.615,0.725,1.0,COMPASSVALE DRIVE,7.869
compassvale_drive,Compassvale Drive,562.0,35233.2,41031.774,8.622,8.622,8.622,0.519,1.0,COMPASSVALE DRIVE,8.021
compassvale_drive,Compassvale Drive,564.0,35231.293,41032.375,8.644,8.644,8.644,0.644,1.0,COMPASSVALE DRIVE,8.076
compassvale_drive,Compassvale Drive,566.0,35229.396,41033.007,8.648,8.648,8.648,0.722,1.0,COMPASSVALE DRIVE,8.098
compassvale_drive,Compassvale Drive,568.0,35227.498,41033.638,8.667,8.667,8.667,0.663,1.0,COMPASSVALE DRIVE,8.12
compassvale_drive,Compassvale Drive,570.0,35225.601,41034.27,8.68,8.68,8.68,0.994,1.0,COMPASSVALE DRIVE,8.142
compassvale_drive,Compassvale Drive,572.0,35223.703,41034.902,8.698,8.698,8.698,1.038,1.0,COMPASSVALE DRIVE,8.164
compassvale_drive,Compassvale Drive,574.0,35221.806,41035.534,8.728,8.728,8.728,1.047,1.0,COMPASSVALE DRIVE,8.186
compassvale_drive,Compassvale Drive,576.0,35219.921,41036.204,8.75,8.75,8.75,1.059,1.0,COMPASSVALE DRIVE,8.167
compassvale_drive,Compassvale Drive,578.0,35218.037,41036.875,8.764,8.764,8.764,1.016,1.0,COMPASSVALE DRIVE,8.146
compassvale_drive,Compassvale Drive,580.0,35216.153,41037.547,8.782,8.782,8.782,1.038,1.0,COMPASSVALE DRIVE,8.124
compassvale_drive,Compassvale Drive,582.0,35214.269,41038.219,8.809,8.809,8.809,1.1,1.0,COMPASSVALE DRIVE,8.103
compassvale_drive,Compassvale Drive,584.0,35212.385,41038.889,8.833,8.833,8.833,1.141,1.0,COMPASSVALE DRIVE,8.083
compassvale_drive,Compassvale Drive,586.0,35210.5,41039.558,8.852,8.852,8.852,1.006,1.0,COMPASSVALE DRIVE,8.064
compassvale_drive,Compassvale Drive,588.0,35208.616,41040.227,8.874,8.874,8.874,0.953,1.0,COMPASSVALE DRIVE,8.045
compassvale_drive,Compassvale Drive,590.0,35206.731,41040.896,8.89,8.89,8.89,1.05,1.0,COMPASSVALE DRIVE,8.027
compassvale_drive,Compassvale Drive,592.0,35204.846,41041.564,8.909,8.909,8.909,1.159,1.0,COMPASSVALE DRIVE,8.008
compassvale_drive,Compassvale Drive,594.0,35202.961,41042.233,8.936,8.936,8.936,1.231,1.0,COMPASSVALE DRIVE,7.99
compassvale_drive,Compassvale Drive,596.0,35201.077,41042.905,8.966,8.966,8.966,1.394,1.0,COMPASSVALE DRIVE,7.968
compassvale_drive,Compassvale Drive,598.0,35199.196,41043.583,8.988,8.988,8.988,1.562,1.0,COMPASSVALE DRIVE,7.939
compassvale_drive,Compassvale Drive,600.0,35197.314,41044.261,9.02,9.02,9.02,1.216,1.0,COMPASSVALE DRIVE,7.911
compassvale_drive,Compassvale Drive,602.0,35195.433,41044.94,9.061,9.061,9.061,,,COMPASSVALE DRIVE,7.882
compassvale_drive,Compassvale Drive,604.0,35193.551,41045.618,9.064,9.064,9.064,,,COMPASSVALE DRIVE,7.854
compassvale_drive,Compassvale Drive,606.0,35191.67,41046.296,10.015,9.086,9.086,0.869,1.0,COMPASSVALE DRIVE,7.825
compassvale_drive,Compassvale Drive,608.0,35189.788,41046.974,9.272,9.108,9.108,1.1,1.0,COMPASSVALE DRIVE,7.797
compassvale_drive,Compassvale Drive,610.0,35187.907,41047.652,9.13,9.13,9.13,,,COMPASSVALE DRIVE,7.768
compassvale_drive,Compassvale Drive,612.0,35186.025,41048.331,9.152,9.152,9.152,,,COMPASSVALE DRIVE,7.74
compassvale_drive,Compassvale Drive,614.0,35184.144,41049.009,9.17,9.17,9.17,0.991,1.0,COMPASSVALE DRIVE,7.711
compassvale_drive,Compassvale Drive,616.0,35182.262,41049.687,9.192,9.192,9.192,0.931,1.0,COMPASSVALE DRIVE,7.683
compassvale_drive,Compassvale Drive,618.0,35180.381,41050.365,9.21,9.21,9.21,0.909,1.0,COMPASSVALE DRIVE,7.654
compassvale_drive,Compassvale Drive,620.0,35178.506,41051.06,9.226,9.226,9.226,0.894,1.0,COMPASSVALE DRIVE,7.608
compassvale_drive,Compassvale Drive,622.0,35176.648,41051.8,9.242,9.242,9.242,0.888,1.0,COMPASSVALE DRIVE,7.513
compassvale_drive,Compassvale Drive,624.0,35174.79,41052.541,9.263,9.263,9.263,0.781,1.0,COMPASSVALE DRIVE,7.418
compassvale_drive,Compassvale Drive,626.0,35172.932,41053.281,9.281,9.281,9.281,0.847,1.0,COMPASSVALE DRIVE,7.323
compassvale_drive,Compassvale Drive,628.0,35171.074,41054.021,9.288,9.288,9.288,0.828,1.0,COMPASSVALE DRIVE,7.228
compassvale_drive,Compassvale Drive,630.0,35169.219,41054.771,9.31,9.31,9.31,0.828,1.0,COMPASSVALE DRIVE,7.123
compassvale_drive,Compassvale Drive,632.0,35167.367,41055.523,9.329,9.329,9.329,1.063,1.0,COMPASSVALE DRIVE,7.015
compassvale_drive,Compassvale Drive,634.0,35165.514,41056.276,9.347,9.347,9.347,1.025,1.0,COMPASSVALE DRIVE,6.906
compassvale_drive,Compassvale Drive,636.0,35163.661,41057.029,9.374,9.374,9.374,1.147,1.0,COMPASSVALE DRIVE,6.798
compassvale_drive,Compassvale Drive,638.0,35161.808,41057.782,9.392,9.392,9.392,1.141,1.0,COMPASSVALE DRIVE,6.689
compassvale_drive,Compassvale Drive,640.0,35159.955,41058.535,9.421,9.421,9.421,1.019,1.0,COMPASSVALE DRIVE,6.581
compassvale_drive,Compassvale Drive,642.0,35158.102,41059.288,9.438,9.438,9.438,1.025,1.0,COMPASSVALE DRIVE,6.472
compassvale_drive,Compassvale Drive,644.0,35156.249,41060.041,9.455,9.455,9.455,0.906,1.0,COMPASSVALE DRIVE,6.364
compassvale_drive,Compassvale Drive,646.0,35154.396,41060.794,9.474,9.474,9.474,,,COMPASSVALE DRIVE,6.255
compassvale_drive,Compassvale Drive,648.0,35152.544,41061.547,9.494,9.494,9.494,,,COMPASSVALE DRIVE,6.147
compassvale_drive,Compassvale Drive,650.0,35150.691,41062.3,9.514,9.739,9.739,,,COMPASSVALE DRIVE,6.038
compassvale_drive,Compassvale Drive,652.0,35148.838,41063.053,10.029,9.984,9.984,11.987,2.0,COMPASSVALE DRIVE,5.93
compassvale_drive,Compassvale Drive,654.0,35146.985,41063.805,9.731,10.23,10.23,,,COMPASSVALE DRIVE,5.821
compassvale_drive,Compassvale Drive,656.0,35145.121,41064.53,10.475,10.475,10.452,,,COMPASSVALE DRIVE,5.743
compassvale_drive,Compassvale Drive,658.0,35143.227,41065.172,10.452,10.452,10.475,,,COMPASSVALE DRIVE,5.753
compassvale_drive,Compassvale Drive,660.0,35141.333,41065.814,10.461,10.733,10.733,10.525,2.0,COMPASSVALE DRIVE,5.763
compassvale_drive,Compassvale Drive,662.0,35139.439,41066.456,15.392,11.014,11.014,10.396,2.0,COMPASSVALE DRIVE,5.773
compassvale_drive,Compassvale Drive,664.0,35137.545,41067.098,11.294,11.294,11.294,,,COMPASSVALE DRIVE,5.782
compassvale_drive,Compassvale Drive,666.0,35135.639,41067.703,11.307,11.307,11.307,,,COMPASSVALE DRIVE,5.831
compassvale_drive,Compassvale Drive,668.0,35133.729,41068.299,11.25,11.552,11.552,,,COMPASSVALE DRIVE,5.89
compassvale_drive,Compassvale Drive,670.0,35131.82,41068.895,11.407,11.797,11.797,,,COMPASSVALE DRIVE,5.948
compassvale_drive,Compassvale Drive,672.0,35129.911,41069.491,9.732,12.043,12.043,,,COMPASSVALE DRIVE,6.006
compassvale_drive,Compassvale Drive,674.0,35128.002,41070.087,9.756,12.288,12.288,,,COMPASSVALE DRIVE,6.064
compassvale_drive,Compassvale Drive,676.0,35126.093,41070.683,12.533,12.533,12.4,,,COMPASSVALE DRIVE,6.122
compassvale_drive,Compassvale Drive,678.0,35124.184,41071.279,12.372,12.466,12.4,,,COMPASSVALE DRIVE,6.18
compassvale_drive,Compassvale Drive,680.0,35122.275,41071.875,12.4,12.4,12.4,-1.671,1.0,COMPASSVALE DRIVE,6.238
compassvale_drive,Compassvale Drive,682.0,35120.366,41072.472,9.827,12.274,12.274,-1.671,1.0,COMPASSVALE DRIVE,6.296
compassvale_drive,Compassvale Drive,684.0,35118.457,41073.068,9.843,12.148,12.266,,,COMPASSVALE DRIVE,6.354
compassvale_drive,Compassvale Drive,686.0,35116.548,41073.664,12.023,12.023,12.266,,,COMPASSVALE DRIVE,6.412
compassvale_drive,Compassvale Drive,688.0,35114.638,41074.26,11.752,12.266,12.266,,,COMPASSVALE DRIVE,6.47
compassvale_drive,Compassvale Drive,690.0,35112.728,41074.851,12.026,12.509,12.509,,,COMPASSVALE DRIVE,6.533
compassvale_drive,Compassvale Drive,692.0,35110.795,41075.366,10.103,12.903,12.903,,,COMPASSVALE DRIVE,6.676
compassvale_drive,Compassvale Drive,694.0,35108.863,41075.881,10.024,13.297,13.297,,,COMPASSVALE DRIVE,6.818
compassvale_drive,Compassvale Drive,696.0,35106.93,41076.396,10.051,13.691,13.691,,,COMPASSVALE DRIVE,6.961
compassvale_drive,Compassvale Drive,698.0,35104.998,41076.911,12.817,,14.085,,,COMPASSVALE DRIVE,7.103
compassvale_drive,Compassvale Drive,700.0,35103.065,41077.426,15.72,14.479,14.479,,,COMPASSVALE DRIVE,7.245
compassvale_drive,Compassvale Drive,702.0,35101.179,41078.077,15.736,14.873,14.873,,,COMPASSVALE DRIVE,7.244
compassvale_drive,Compassvale Drive,704.0,35099.337,41078.857,15.703,15.268,15.204,,,COMPASSVALE DRIVE,7.107
compassvale_drive,Compassvale Drive,706.0,35097.496,41079.636,13.133,15.662,15.204,,,COMPASSVALE DRIVE,6.969
compassvale_drive,Compassvale Drive,708.0,35095.654,41080.415,16.276,15.204,15.204,,,COMPASSVALE DRIVE,6.832
compassvale_drive,Compassvale Drive,710.0,35093.812,41081.195,16.072,14.746,14.746,,,COMPASSVALE DRIVE,6.695
compassvale_drive,Compassvale Drive,712.0,35091.97,41081.974,15.962,14.288,14.288,,,COMPASSVALE DRIVE,6.558
compassvale_drive,Compassvale Drive,714.0,35090.29,41083.053,15.524,13.622,13.622,,,COMPASSVALE DRIVE,6.085
compassvale_drive,Compassvale Drive,716.0,35088.634,41084.173,12.427,12.955,12.955,,,COMPASSVALE DRIVE,5.565
compassvale_drive,Compassvale Drive,718.0,35086.977,41085.294,10.095,12.289,12.289,,,COMPASSVALE DRIVE,5.045
compassvale_drive,Compassvale Drive,720.0,35085.321,41086.415,10.13,11.622,11.622,,,COMPASSVALE DRIVE,4.525
compassvale_drive,Compassvale Drive,722.0,35083.658,41087.526,10.196,10.956,10.956,,,COMPASSVALE DRIVE,4.016
compassvale_drive,Compassvale Drive,724.0,35081.983,41088.619,10.29,10.29,10.376,,,COMPASSVALE DRIVE,3.528
compassvale_drive,Compassvale Drive,726.0,35080.308,41089.711,10.376,10.376,10.376,,,COMPASSVALE DRIVE,3.04
compassvale_drive,Compassvale Drive,728.0,35078.633,41090.804,10.371,10.371,10.376,0.563,1.0,COMPASSVALE DRIVE,2.552
compassvale_drive,Compassvale Drive,730.0,35076.958,41091.897,10.382,10.382,10.382,0.691,1.0,COMPASSVALE DRIVE,2.065
compassvale_drive,Compassvale Drive,732.0,35075.212,41092.873,10.421,10.421,10.421,1.213,1.0,COMPASSVALE DRIVE,1.711
compassvale_drive,Compassvale Drive,734.0,35073.464,41093.845,10.431,10.431,10.431,1.588,1.0,COMPASSVALE DRIVE,1.36
compassvale_drive,Compassvale Drive,736.0,35071.717,41094.817,10.473,10.473,10.473,1.399,1.0,COMPASSVALE DRIVE,1.01
compassvale_drive,Compassvale Drive,738.0,35069.969,41095.79,10.509,10.509,10.509,1.727,1.0,COMPASSVALE DRIVE,0.66
compassvale_drive,Compassvale Drive,740.0,35068.221,41096.762,10.533,10.533,10.533,,,COMPASSVALE DRIVE,0.31
compassvale_drive,Compassvale Drive,742.0,35066.539,41097.843,10.57,10.57,10.57,,,COMPASSVALE DRIVE,0.164
compassvale_drive,Compassvale Drive,744.0,35064.865,41098.938,10.633,10.797,10.797,,,COMPASSVALE DRIVE,0.654
compassvale_drive,Compassvale Drive,746.0,35063.192,41100.033,11.022,11.025,10.996,,,COMPASSVALE DRIVE,1.144
compassvale_drive,Compassvale Drive,748.0,35061.518,41101.127,11.842,11.01,10.996,,,COMPASSVALE DRIVE,1.635
compassvale_drive,Compassvale Drive,750.0,35059.844,41102.222,11.808,10.996,10.996,,,COMPASSVALE DRIVE,2.125
compassvale_drive,Compassvale Drive,752.0,35058.17,41103.317,11.819,10.981,10.981,,,COMPASSVALE DRIVE,2.615
compassvale_drive,Compassvale Drive,754.0,35056.497,41104.412,10.665,10.967,10.967,,,COMPASSVALE DRIVE,3.105
compassvale_drive,Compassvale Drive,756.0,35054.823,41105.507,10.952,10.952,10.952,,,COMPASSVALE DRIVE,3.595
compassvale_drive,Compassvale Drive,770.0,35043.107,41113.171,10.722,10.722,10.722,,,COMPASSVALE DRIVE,7.026
compassvale_drive,Compassvale Drive,772.0,35041.434,41114.266,10.695,10.695,10.722,-0.861,1.0,COMPASSVALE DRIVE,7.516
compassvale_drive,Compassvale Drive,774.0,35039.76,41115.361,10.652,10.652,10.722,1.455,1.0,COMPASSVALE DRIVE,8.006
compassvale_drive,Compassvale Drive,776.0,35038.086,41116.456,10.84,10.84,10.78,1.472,1.0,COMPASSVALE DRIVE,8.496
compassvale_drive,Compassvale Drive,778.0,35036.412,41117.551,10.78,10.78,10.839,2.189,1.0,COMPASSVALE DRIVE,8.987
compassvale_drive,Compassvale Drive,780.0,35034.739,41118.645,10.839,10.839,10.84,,,COMPASSVALE DRIVE,9.477
compassvale_drive,Compassvale Drive,782.0,35033.065,41119.74,10.898,10.898,10.898,,,COMPASSVALE DRIVE,9.967
compassvale_drive,Compassvale Drive,784.0,35031.391,41120.835,10.721,11.116,11.116,8.923,2.0,COMPASSVALE DRIVE,10.457
compassvale_drive,Compassvale Drive,786.0,35029.718,41121.93,10.551,11.335,11.335,,,COMPASSVALE DRIVE,10.947
compassvale_drive,Compassvale Drive,788.0,35028.044,41123.025,13.793,11.554,11.554,,,COMPASSVALE DRIVE,11.437
compassvale_drive,Compassvale Drive,790.0,35026.37,41124.12,16.594,11.745,11.745,,,COMPASSVALE DRIVE,11.927
compassvale_drive,Compassvale Drive,792.0,35024.697,41125.215,19.629,11.937,11.937,,,COMPASSVALE DRIVE,12.417
compassvale_drive,Compassvale Drive,794.0,35023.023,41126.31,12.121,12.128,12.128,,,COMPASSVALE DRIVE,12.907
compassvale_drive,Compassvale Drive,796.0,35021.349,41127.404,15.567,12.32,12.32,,,COMPASSVALE DRIVE,13.397
compassvale_drive,Compassvale Drive,798.0,35019.676,41128.499,18.372,12.511,12.511,,,COMPASSVALE DRIVE,13.888
compassvale_drive,Compassvale Drive,800.0,35018.002,41129.594,16.772,12.702,12.702,,,COMPASSVALE DRIVE,14.378
compassvale_drive,Compassvale Drive,802.0,35016.328,41130.689,14.964,12.894,12.894,,,COMPASSVALE DRIVE,14.868
compassvale_drive,Compassvale Drive,804.0,35014.654,41131.784,13.876,13.085,13.085,,,COMPASSVALE DRIVE,15.358
compassvale_drive,Compassvale Drive,806.0,35012.981,41132.879,16.505,13.276,13.276,,,COMPASSVALE DRIVE,15.848
compassvale_drive,Compassvale Drive,808.0,35011.307,41133.974,17.096,13.468,13.468,,,COMPASSVALE DRIVE,16.338
compassvale_drive,Compassvale Drive,810.0,35009.633,41135.069,13.879,13.659,13.659,,,COMPASSVALE DRIVE,16.828
compassvale_drive,Compassvale Drive,812.0,35007.96,41136.163,13.851,13.851,13.851,,,COMPASSVALE DRIVE,17.318
compassvale_drive,Compassvale Drive,814.0,35006.286,41137.258,10.671,13.915,13.915,,,COMPASSVALE DRIVE,17.808
compassvale_drive,Compassvale Drive,816.0,35004.612,41138.353,11.545,13.979,13.979,1.602,1.0,COMPASSVALE DRIVE,18.299
compassvale_drive,Compassvale Drive,818.0,35002.939,41139.448,11.475,14.043,13.979,,,COMPASSVALE DRIVE,18.789
compassvale_drive,Compassvale Drive,820.0,35001.265,41140.543,14.107,14.107,13.979,,,COMPASSVALE DRIVE,19.279
compassvale_drive,Compassvale Drive,822.0,34999.591,41141.638,14.951,13.823,13.823,,,COMPASSVALE DRIVE,19.769
compassvale_drive,Compassvale Drive,824.0,34997.918,41142.733,13.494,13.54,13.54,-9.243,2.0,COMPASSVALE DRIVE,20.259
compassvale_drive,Compassvale Drive,826.0,34996.244,41143.828,12.84,13.256,13.256,,,COMPASSVALE DRIVE,20.749
compassvale_drive,Compassvale Drive,828.0,34994.57,41144.922,16.538,12.973,13.239,,,COMPASSVALE DRIVE,21.239
compassvale_drive,Compassvale Drive,830.0,34992.896,41146.017,16.288,13.106,13.239,,,COMPASSVALE DRIVE,21.729
compassvale_drive,Compassvale Drive,832.0,34991.223,41147.112,13.239,13.239,13.239,,,COMPASSVALE DRIVE,22.219
compassvale_drive,Compassvale Drive,834.0,34989.549,41148.207,13.308,13.308,13.308,,,COMPASSVALE DRIVE,22.709
compassvale_drive,Compassvale Drive,836.0,34987.875,41149.302,13.358,13.558,13.558,,,COMPASSVALE DRIVE,23.2
compassvale_drive,Compassvale Drive,838.0,34986.202,41150.397,13.202,13.808,13.808,,,COMPASSVALE DRIVE,23.69
compassvale_drive,Compassvale Drive,840.0,34984.528,41151.492,13.528,14.059,14.059,,,COMPASSVALE DRIVE,24.18
compassvale_drive,Compassvale Drive,842.0,34982.854,41152.586,24.686,14.309,14.309,,,COMPASSVALE DRIVE,24.67
compassvale_drive,Compassvale Drive,844.0,34981.181,41153.681,17.701,14.515,14.515,,,COMPASSVALE DRIVE,25.16
compassvale_drive,Compassvale Drive,846.0,34979.507,41154.776,18.71,14.722,14.722,,,COMPASSVALE DRIVE,25.65
compassvale_drive,Compassvale Drive,848.0,34977.833,41155.871,17.29,14.929,14.929,,,COMPASSVALE DRIVE,26.14
compassvale_drive,Compassvale Drive,850.0,34976.159,41156.966,16.161,15.135,15.135,,,COMPASSVALE DRIVE,26.63
compassvale_drive,Compassvale Drive,852.0,34974.486,41158.061,18.536,15.342,15.342,,,COMPASSVALE DRIVE,27.121
compassvale_drive,Compassvale Drive,854.0,34972.812,41159.156,19.177,15.548,15.548,,,COMPASSVALE DRIVE,27.611
compassvale_drive,Compassvale Drive,856.0,34971.138,41160.251,18.865,15.755,15.755,,,COMPASSVALE DRIVE,28.101
compassvale_drive,Compassvale Drive,858.0,34969.465,41161.345,26.684,15.962,15.962,,,COMPASSVALE DRIVE,28.591
compassvale_drive,Compassvale Drive,860.0,34967.791,41162.44,18.606,16.168,16.168,,,COMPASSVALE DRIVE,29.081
compassvale_drive,Compassvale Drive,862.0,34966.117,41163.535,16.982,16.375,16.375,,,COMPASSVALE DRIVE,29.571
compassvale_drive,Compassvale Drive,864.0,34964.444,41164.63,17.231,16.581,16.581,,,COMPASSVALE DRIVE,30.061
compassvale_drive,Compassvale Drive,866.0,34962.77,41165.725,16.788,16.788,16.581,,,COMPASSVALE DRIVE,30.551
compassvale_drive,Compassvale Drive,868.0,34961.096,41166.82,16.684,16.684,16.581,,,COMPASSVALE DRIVE,31.041
compassvale_drive,Compassvale Drive,870.0,34959.423,41167.915,17.193,16.447,16.447,,,COMPASSVALE DRIVE,31.531
compassvale_drive,Compassvale Drive,872.0,34957.749,41169.01,18.495,16.211,16.211,,,COMPASSVALE DRIVE,32.022
compassvale_drive,Compassvale Drive,874.0,34956.075,41170.104,14.31,15.974,15.974,,,COMPASSVALE DRIVE,32.512
compassvale_drive,Compassvale Drive,876.0,34954.401,41171.199,13.798,15.737,15.737,,,COMPASSVALE DRIVE,33.002
compassvale_drive,Compassvale Drive,878.0,34952.728,41172.294,15.677,15.5,15.5,,,COMPASSVALE DRIVE,33.492
compassvale_drive,Compassvale Drive,880.0,34951.054,41173.389,15.177,15.263,15.5,,,COMPASSVALE DRIVE,33.982
compassvale_drive,Compassvale Drive,882.0,34949.38,41174.484,15.026,15.432,15.5,,,COMPASSVALE DRIVE,34.472
compassvale_drive,Compassvale Drive,884.0,34947.707,41175.579,14.816,15.6,15.6,,,COMPASSVALE DRIVE,34.962
compassvale_drive,Compassvale Drive,886.0,34946.033,41176.674,15.008,15.769,15.769,,,COMPASSVALE DRIVE,35.452
compassvale_drive,Compassvale Drive,888.0,34944.359,41177.769,15.938,15.938,15.938,,,COMPASSVALE DRIVE,35.942
compassvale_drive,Compassvale Drive,890.0,34942.686,41178.863,15.946,15.946,15.946,,,COMPASSVALE DRIVE,36.432
compassvale_drive,Compassvale Drive,892.0,34941.012,41179.958,16.537,16.116,16.116,,,COMPASSVALE DRIVE,36.923
compassvale_drive,Compassvale Drive,894.0,34939.338,41181.053,16.286,16.286,16.286,,,COMPASSVALE DRIVE,37.413
compassvale_drive,Compassvale Drive,896.0,34937.665,41182.148,16.186,16.576,16.576,,,COMPASSVALE DRIVE,37.903
compassvale_drive,Compassvale Drive,898.0,34935.991,41183.243,16.232,16.872,16.872,,,COMPASSVALE DRIVE,38.393
compassvale_drive,Compassvale Drive,900.0,34934.317,41184.338,16.726,17.169,17.169,,,COMPASSVALE DRIVE,38.883
compassvale_drive,Compassvale Drive,902.0,34932.643,41185.433,17.985,17.449,17.449,,,COMPASSVALE DRIVE,39.373
compassvale_drive,Compassvale Drive,904.0,34930.97,41186.528,18.011,17.729,17.729,,,COMPASSVALE DRIVE,39.863
compassvale_drive,Compassvale Drive,906.0,34929.296,41187.622,18.466,18.009,18.009,,,COMPASSVALE DRIVE,40.353
compassvale_drive,Compassvale Drive,908.0,34927.622,41188.717,17.347,18.29,18.29,,,COMPASSVALE DRIVE,40.843
compassvale_drive,Compassvale Drive,910.0,34925.949,41189.812,17.774,18.731,18.731,,,COMPASSVALE DRIVE,41.333
compassvale_drive,Compassvale Drive,912.0,34924.275,41190.907,17.941,19.173,19.173,,,COMPASSVALE DRIVE,41.824
compassvale_drive,Compassvale Drive,914.0,34922.601,41192.002,18.269,19.658,19.658,,,COMPASSVALE DRIVE,42.314
compassvale_drive,Compassvale Drive,916.0,34920.928,41193.097,19.129,20.143,20.143,,,COMPASSVALE DRIVE,42.804
compassvale_drive,Compassvale Drive,918.0,34919.254,41194.192,19.384,20.628,20.628,,,COMPASSVALE DRIVE,43.294
compassvale_drive,Compassvale Drive,920.0,34917.58,41195.287,19.29,21.113,21.113,,,COMPASSVALE DRIVE,43.784
compassvale_drive,Compassvale Drive,922.0,34915.906,41196.381,22.192,21.598,21.598,,,COMPASSVALE DRIVE,44.274
compassvale_drive,Compassvale Drive,924.0,34914.233,41197.476,29.11,22.082,21.864,,,COMPASSVALE DRIVE,44.764
compassvale_drive,Compassvale Drive,926.0,34912.559,41198.571,35.21,21.974,21.864,,,COMPASSVALE DRIVE,45.254
compassvale_drive,Compassvale Drive,928.0,34910.885,41199.666,36.91,21.864,21.864,-2.725,1.0,COMPASSVALE DRIVE,45.744
compassvale_drive,Compassvale Drive,930.0,34909.212,41200.761,,21.756,21.756,-4.087,1.0,COMPASSVALE DRIVE,46.234
compassvale_drive,Compassvale Drive,932.0,34907.538,41201.856,,21.646,21.646,-5.45,1.0,COMPASSVALE DRIVE,46.725
compassvale_drive,Compassvale Drive,934.0,34905.864,41202.951,,21.538,21.538,-5.45,1.0,COMPASSVALE DRIVE,47.215
compassvale_drive,Compassvale Drive,936.0,34904.191,41204.046,,21.428,21.428,-5.45,1.0,COMPASSVALE DRIVE,47.705
compassvale_drive,Compassvale Drive,938.0,34902.517,41205.14,,21.32,21.32,-5.45,1.0,COMPASSVALE DRIVE,48.195
compassvale_drive,Compassvale Drive,940.0,34900.843,41206.235,,21.211,21.211,-5.45,1.0,COMPASSVALE DRIVE,48.685
compassvale_drive,Compassvale Drive,942.0,34899.17,41207.33,,21.102,21.102,-5.45,1.0,COMPASSVALE DRIVE,49.175
compassvale_drive,Compassvale Drive,944.0,34897.496,41208.425,,20.993,20.993,-5.45,1.0,COMPASSVALE DRIVE,49.665
compassvale_drive,Compassvale Drive,946.0,34895.822,41209.52,,20.884,20.884,-5.45,1.0,COMPASSVALE DRIVE,50.155
compassvale_drive,Compassvale Drive,948.0,34894.148,41210.615,,20.775,20.775,-5.45,1.0,COMPASSVALE DRIVE,50.645
compassvale_drive,Compassvale Drive,950.0,34892.475,41211.71,,20.666,20.666,-5.45,1.0,COMPASSVALE DRIVE,51.136
compassvale_drive,Compassvale Drive,952.0,34890.801,41212.805,,20.557,20.557,-5.45,1.0,COMPASSVALE DRIVE,51.626
compassvale_drive,Compassvale Drive,954.0,34889.127,41213.899,,20.448,20.448,-5.45,1.0,COMPASSVALE DRIVE,52.116
compassvale_drive,Compassvale Drive,956.0,34887.454,41214.994,,20.339,20.339,-5.45,1.0,COMPASSVALE DRIVE,52.606
compassvale_drive,Compassvale Drive,958.0,34885.78,41216.089,,20.23,20.23,-5.45,1.0,COMPASSVALE DRIVE,53.096
compassvale_drive,Compassvale Drive,960.0,34884.106,41217.184,,20.121,20.121,-5.45,1.0,COMPASSVALE DRIVE,53.586
compassvale_drive,Compassvale Drive,962.0,34882.433,41218.279,,20.012,20.012,-5.45,1.0,COMPASSVALE DRIVE,54.076
compassvale_drive,Compassvale Drive,964.0,34880.759,41219.374,,19.903,19.903,-5.45,1.0,COMPASSVALE DRIVE,54.566
compassvale_drive,Compassvale Drive,966.0,34879.085,41220.469,,19.794,19.794,-5.45,1.0,COMPASSVALE DRIVE,55.056
compassvale_drive,Compassvale Drive,968.0,34877.412,41221.564,,19.685,19.685,-5.45,1.0,COMPASSVALE DRIVE,55.546
compassvale_drive,Compassvale Drive,970.0,34875.738,41222.658,,19.576,19.576,-5.45,1.0,COMPASSVALE DRIVE,56.037
compassvale_drive,Compassvale Drive,972.0,34874.064,41223.753,,19.467,19.467,-5.45,1.0,COMPASSVALE DRIVE,56.527
compassvale_drive,Compassvale Drive,974.0,34872.39,41224.848,,19.358,19.358,-5.45,1.0,COMPASSVALE DRIVE,57.017
compassvale_drive,Compassvale Drive,976.0,34870.717,41225.943,,19.248,19.248,-5.45,1.0,COMPASSVALE DRIVE,57.507
compassvale_drive,Compassvale Drive,978.0,34869.043,41227.038,,19.14,19.14,-5.45,1.0,COMPASSVALE DRIVE,57.997
compassvale_drive,Compassvale Drive,980.0,34867.369,41228.133,,19.03,19.03,-5.45,1.0,COMPASSVALE DRIVE,58.487
compassvale_drive,Compassvale Drive,982.0,34865.696,41229.228,,18.922,18.922,-4.088,1.0,COMPASSVALE DRIVE,58.977
compassvale_drive,Compassvale Drive,984.0,34864.022,41230.323,,18.812,18.812,-2.725,1.0,COMPASSVALE DRIVE,59.467
compassvale_drive,Compassvale Drive,986.0,34862.348,41231.417,,18.704,18.812,-0.859,1.0,COMPASSVALE DRIVE,59.957
compassvale_drive,Compassvale Drive,988.0,34860.675,41232.512,18.594,18.594,18.812,0.503,1.0,COMPASSVALE DRIVE,60.447
compassvale_drive,Compassvale Drive,990.0,34859.001,41233.607,18.853,18.853,18.853,0.503,1.0,COMPASSVALE DRIVE,60.938
compassvale_drive,Compassvale Drive,992.0,34857.327,41234.702,18.853,18.853,18.853,-0.3,1.0,COMPASSVALE DRIVE,61.428
compassvale_drive,Compassvale Drive,994.0,34855.654,41235.797,18.853,18.853,18.853,-1.611,1.0,COMPASSVALE DRIVE,61.918
compassvale_drive,Compassvale Drive,996.0,34853.98,41236.892,18.724,18.724,18.788,,,COMPASSVALE DRIVE,62.408
compassvale_drive,Compassvale Drive,998.0,34852.306,41237.987,18.788,18.788,18.724,,,COMPASSVALE DRIVE,62.898
compassvale_drive,Compassvale Drive,1000.0,34850.632,41239.082,19.278,18.592,18.592,-6.816,1.0,COMPASSVALE DRIVE,63.388
compassvale_drive,Compassvale Drive,1002.0,34848.959,41240.176,19.445,18.395,18.395,-6.007,1.0,COMPASSVALE DRIVE,63.878
compassvale_drive,Compassvale Drive,1004.0,34847.285,41241.271,18.198,18.198,18.243,,,COMPASSVALE DRIVE,64.368
compassvale_drive,Compassvale Drive,1006.0,34845.611,41242.366,16.391,18.221,18.243,,,COMPASSVALE DRIVE,64.858
compassvale_drive,Compassvale Drive,1008.0,34843.938,41243.461,16.358,18.243,18.221,,,COMPASSVALE DRIVE,65.348
compassvale_drive,Compassvale Drive,1010.0,34842.264,41244.556,16.358,18.266,18.221,,,COMPASSVALE DRIVE,65.838
compassvale_drive,Compassvale Drive,1012.0,34840.59,41245.651,18.289,18.115,18.115,,,COMPASSVALE DRIVE,66.329
compassvale_drive,Compassvale Drive,1014.0,34838.917,41246.746,18.161,17.83,17.83,,,COMPASSVALE DRIVE,66.819
compassvale_drive,Compassvale Drive,1016.0,34837.243,41247.84,21.415,17.504,17.504,,,COMPASSVALE DRIVE,67.309
compassvale_drive,Compassvale Drive,1018.0,34835.569,41248.935,21.83,17.178,17.178,,,COMPASSVALE DRIVE,67.799
compassvale_drive,Compassvale Drive,1020.0,34833.895,41250.03,,16.846,16.846,,,COMPASSVALE DRIVE,68.289
compassvale_drive,Compassvale Drive,1022.0,34832.222,41251.125,,16.514,16.514,,,COMPASSVALE DRIVE,68.779
compassvale_drive,Compassvale Drive,1024.0,34830.548,41252.22,,16.182,16.182,,,COMPASSVALE DRIVE,69.269
compassvale_drive,Compassvale Drive,1026.0,34828.874,41253.315,,15.851,15.851,,,COMPASSVALE DRIVE,69.759
compassvale_drive,Compassvale Drive,1028.0,34827.201,41254.41,,15.519,15.519,,,COMPASSVALE DRIVE,70.249
compassvale_drive,Compassvale Drive,1030.0,34825.527,41255.505,,15.187,15.187,,,COMPASSVALE DRIVE,70.739
compassvale_drive,Compassvale Drive,1032.0,34823.853,41256.599,13.466,14.855,14.986,,,COMPASSVALE DRIVE,71.23
compassvale_drive,Compassvale Drive,1034.0,34822.18,41257.694,13.591,14.74,14.986,,,COMPASSVALE DRIVE,71.72
compassvale_drive,Compassvale Drive,1036.0,34820.506,41258.789,13.591,14.986,14.986,,,COMPASSVALE DRIVE,72.21
compassvale_drive,Compassvale Drive,1038.0,34818.832,41259.884,13.422,15.231,15.231,,,COMPASSVALE DRIVE,72.7
compassvale_drive,Compassvale Drive,1040.0,34817.159,41260.979,21.562,15.68,15.68,,,COMPASSVALE DRIVE,73.19
compassvale_drive,Compassvale Drive,1042.0,34815.485,41262.074,21.675,16.128,16.128,,,COMPASSVALE DRIVE,73.68
compassvale_drive,Compassvale Drive,1044.0,34813.811,41263.169,19.398,16.576,16.576,,,COMPASSVALE DRIVE,74.17
compassvale_drive,Compassvale Drive,1046.0,34812.137,41264.264,18.762,,17.025,,,COMPASSVALE DRIVE,74.66
compassvale_drive,Compassvale Drive,1048.0,34810.464,41265.358,18.505,,17.473,,,COMPASSVALE DRIVE,75.151
compassvale_drive,Compassvale Drive,1050.0,34808.79,41266.453,17.891,17.921,17.921,,,COMPASSVALE DRIVE,75.641
compassvale_drive,Compassvale Drive,1052.0,34807.116,41267.548,19.3,18.37,18.37,,,COMPASSVALE DRIVE,76.131
compassvale_drive,Compassvale Drive,1054.0,34805.443,41268.643,19.292,18.818,18.818,,,COMPASSVALE DRIVE,76.621
compassvale_drive,Compassvale Drive,1056.0,34803.769,41269.738,19.811,19.266,18.963,,,COMPASSVALE DRIVE,77.111
compassvale_drive,Compassvale Drive,1058.0,34802.095,41270.833,19.643,19.241,18.963,,,COMPASSVALE DRIVE,77.601
compassvale_drive,Compassvale Drive,1060.0,34800.422,41271.928,13.878,18.963,18.963,,,COMPASSVALE DRIVE,78.091
compassvale_drive,Compassvale Drive,1062.0,34798.748,41273.023,15.273,18.685,18.685,,,COMPASSVALE DRIVE,78.581
compassvale_drive,Compassvale Drive,1064.0,34797.074,41274.117,,18.335,18.335,,,COMPASSVALE DRIVE,79.071
compassvale_drive,Compassvale Drive,1066.0,34795.401,41275.212,,17.986,17.986,,,COMPASSVALE DRIVE,79.562
compassvale_drive,Compassvale Drive,1068.0,34793.727,41276.307,,17.636,17.636,,,COMPASSVALE DRIVE,80.052
compassvale_drive,Compassvale Drive,1070.0,34792.053,41277.402,,17.286,17.286,,,COMPASSVALE DRIVE,80.542
compassvale_drive,Compassvale Drive,1072.0,34790.379,41278.497,,16.928,16.928,,,COMPASSVALE DRIVE,81.032
compassvale_drive,Compassvale Drive,1074.0,34788.706,41279.592,,16.569,16.569,,,COMPASSVALE DRIVE,81.522
compassvale_drive,Compassvale Drive,1076.0,34787.032,41280.687,,16.21,16.21,,,COMPASSVALE DRIVE,82.012
compassvale_drive,Compassvale Drive,1078.0,34785.358,41281.782,,15.851,15.851,,,COMPASSVALE DRIVE,82.502
compassvale_drive,Compassvale Drive,1080.0,34783.685,41282.876,14.93,15.493,15.493,,,COMPASSVALE DRIVE,82.992
compassvale_drive,Compassvale Drive,1082.0,34782.011,41283.971,14.775,15.134,15.134,,,COMPASSVALE DRIVE,83.483
compassvale_drive,Compassvale Drive,1084.0,34780.337,41285.066,14.775,14.775,14.962,,,COMPASSVALE DRIVE,83.973
compassvale_drive,Compassvale Drive,1086.0,34778.664,41286.161,,14.869,14.962,,,COMPASSVALE DRIVE,84.463
compassvale_drive,Compassvale Drive,1088.0,34776.99,41287.256,,14.962,14.962,2.341,1.0,COMPASSVALE DRIVE,84.953
compassvale_drive,Compassvale Drive,1090.0,34775.316,41288.351,,15.056,15.056,3.511,1.0,COMPASSVALE DRIVE,85.443
compassvale_drive,Compassvale Drive,1092.0,34773.643,41289.446,,15.15,15.15,4.682,1.0,COMPASSVALE DRIVE,85.933
compassvale_drive,Compassvale Drive,1094.0,34771.969,41290.541,,15.243,15.243,4.682,1.0,COMPASSVALE DRIVE,86.423
compassvale_drive,Compassvale Drive,1096.0,34770.295,41291.635,,15.337,15.337,4.682,1.0,COMPASSVALE DRIVE,86.913
compassvale_drive,Compassvale Drive,1098.0,34768.621,41292.73,,15.43,15.43,4.682,1.0,COMPASSVALE DRIVE,87.403
compassvale_drive,Compassvale Drive,1100.0,34766.948,41293.825,,15.524,15.524,4.682,1.0,COMPASSVALE DRIVE,87.894
compassvale_drive,Compassvale Drive,1102.0,34765.274,41294.92,,15.618,15.618,4.282,1.0,COMPASSVALE DRIVE,88.384
compassvale_drive,Compassvale Drive,1104.0,34763.6,41296.015,,15.711,15.711,3.111,1.0,COMPASSVALE DRIVE,88.874
compassvale_drive,Compassvale Drive,1106.0,34761.927,41297.11,,15.805,15.773,,,COMPASSVALE DRIVE,89.364
compassvale_drive,Compassvale Drive,1108.0,34760.253,41298.205,,15.899,15.773,,,COMPASSVALE DRIVE,89.854
compassvale_drive,Compassvale Drive,1110.0,34758.579,41299.3,,15.773,15.773,,,COMPASSVALE DRIVE,90.344
compassvale_drive,Compassvale Drive,1112.0,34756.906,41300.394,,15.551,15.551,,,COMPASSVALE DRIVE,90.834
compassvale_drive,Compassvale Drive,1114.0,34755.232,41301.489,16.18,15.329,15.329,,,COMPASSVALE DRIVE,91.324
compassvale_drive,Compassvale Drive,1116.0,34753.558,41302.584,16.18,15.029,15.029,,,COMPASSVALE DRIVE,91.814
compassvale_drive,Compassvale Drive,1118.0,34751.884,41303.679,14.055,14.729,14.729,,,COMPASSVALE DRIVE,92.305
compassvale_drive,Compassvale Drive,1120.0,34750.211,41304.774,14.055,14.429,14.729,,,COMPASSVALE DRIVE,92.795
compassvale_drive,Compassvale Drive,1122.0,34748.537,41305.869,14.055,14.696,14.729,,,COMPASSVALE DRIVE,93.285
compassvale_drive,Compassvale Drive,1124.0,34746.863,41306.964,13.9,14.963,14.963,,,COMPASSVALE DRIVE,93.775
compassvale_drive,Compassvale Drive,1126.0,34745.19,41308.059,13.616,15.23,15.23,,,COMPASSVALE DRIVE,94.265
compassvale_drive,Compassvale Drive,1128.0,34743.516,41309.153,13.642,16.004,16.004,,,COMPASSVALE DRIVE,94.755
compassvale_drive,Compassvale Drive,1130.0,34741.842,41310.248,14.247,16.778,16.778,,,COMPASSVALE DRIVE,95.245
compassvale_drive,Compassvale Drive,1132.0,34740.169,41311.343,21.166,17.551,17.551,,,COMPASSVALE DRIVE,95.735
compassvale_drive,Compassvale Drive,1134.0,34738.495,41312.438,21.155,,18.325,,,COMPASSVALE DRIVE,96.226
compassvale_drive,Compassvale Drive,1136.0,34736.821,41313.533,24.775,19.099,19.099,,,COMPASSVALE DRIVE,96.716
compassvale_drive,Compassvale Drive,1138.0,34735.148,41314.628,25.788,19.872,19.872,,,COMPASSVALE DRIVE,97.206
compassvale_drive,Compassvale Drive,1140.0,34733.474,41315.723,44.916,20.646,20.646,,,COMPASSVALE DRIVE,97.696
compassvale_drive,Compassvale Drive,1142.0,34731.8,41316.818,46.112,21.42,21.42,,,COMPASSVALE DRIVE,98.186
compassvale_drive,Compassvale Drive,1144.0,34730.126,41317.912,46.32,21.486,21.486,,,COMPASSVALE DRIVE,98.676
compassvale_drive,Compassvale Drive,1146.0,34728.453,41319.007,47.96,21.552,21.552,,,COMPASSVALE DRIVE,99.166
compassvale_drive,Compassvale Drive,1148.0,34726.779,41320.102,,21.619,21.619,,,COMPASSVALE DRIVE,99.656
compassvale_drive,Compassvale Drive,1150.0,34725.105,41321.197,,21.685,21.685,,,COMPASSVALE DRIVE,100.146
compassvale_drive,Compassvale Drive,1152.0,34723.432,41322.292,,21.751,21.751,,,COMPASSVALE DRIVE,100.637
compassvale_drive,Compassvale Drive,1154.0,34721.758,41323.387,43.031,21.817,21.751,,,COMPASSVALE DRIVE,101.127
compassvale_drive,Compassvale Drive,1156.0,34720.084,41324.482,42.514,21.884,21.751,,,COMPASSVALE DRIVE,101.617
compassvale_drive,Compassvale Drive,1158.0,34718.411,41325.577,35.975,21.73,21.73,,,COMPASSVALE DRIVE,102.107
compassvale_drive,Compassvale Drive,1160.0,34716.737,41326.671,24.935,21.576,21.576,,,COMPASSVALE DRIVE,102.597
compassvale_drive,Compassvale Drive,1162.0,34715.063,41327.766,22.082,20.729,20.729,,,COMPASSVALE DRIVE,103.087
compassvale_drive,Compassvale Drive,1164.0,34713.39,41328.861,21.764,19.883,19.883,,,COMPASSVALE DRIVE,103.577
compassvale_drive,Compassvale Drive,1166.0,34711.716,41329.956,20.632,19.037,19.037,,,COMPASSVALE DRIVE,104.067
compassvale_drive,Compassvale Drive,1168.0,34710.042,41331.051,14.178,,18.191,,,COMPASSVALE DRIVE,104.558
compassvale_drive,Compassvale Drive,1170.0,34708.368,41332.146,14.146,,17.345,,,COMPASSVALE DRIVE,105.048
compassvale_drive,Compassvale Drive,1370.0,34601.074,41284.257,11.927,16.498,16.498,,,COMPASSVALE DRIVE,24.827
compassvale_drive,Compassvale Drive,1372.0,34601.764,41282.38,13.066,15.652,15.652,,,COMPASSVALE DRIVE,23.277
compassvale_drive,Compassvale Drive,1374.0,34602.454,41280.502,16.307,14.806,14.806,,,COMPASSVALE DRIVE,21.726
compassvale_drive,Compassvale Drive,1376.0,34603.144,41278.625,14.294,13.96,14.196,,,COMPASSVALE DRIVE,20.176
compassvale_drive,Compassvale Drive,1378.0,34604.746,41277.482,12.847,14.078,14.196,,,COMPASSVALE DRIVE,19.618
compassvale_drive,Compassvale Drive,1380.0,34606.433,41276.407,13.488,14.196,14.196,,,COMPASSVALE DRIVE,19.151
compassvale_drive,Compassvale Drive,1382.0,34608.119,41275.332,15.335,14.313,14.286,,,COMPASSVALE DRIVE,18.683
compassvale_drive,Compassvale Drive,1384.0,34609.806,41274.257,15.14,14.431,14.286,,,COMPASSVALE DRIVE,18.216
compassvale_drive,Compassvale Drive,1386.0,34611.492,41273.182,14.549,14.286,14.286,,,COMPASSVALE DRIVE,17.749
compassvale_drive,Compassvale Drive,1388.0,34613.179,41272.107,14.541,13.987,13.987,,,COMPASSVALE DRIVE,17.282
compassvale_drive,Compassvale Drive,1390.0,34614.865,41271.032,14.246,13.689,13.689,,,COMPASSVALE DRIVE,16.815
compassvale_drive,Compassvale Drive,1392.0,34616.552,41269.957,13.324,13.39,13.39,,,COMPASSVALE DRIVE,16.348
compassvale_drive,Compassvale Drive,1394.0,34618.238,41268.882,13.091,13.091,13.118,,,COMPASSVALE DRIVE,15.881
compassvale_drive,Compassvale Drive,1396.0,34619.925,41267.807,12.573,12.842,13.118,,,COMPASSVALE DRIVE,15.413
compassvale_drive,Compassvale Drive,1398.0,34621.611,41266.732,12.593,13.118,13.118,6.598,1.0,COMPASSVALE DRIVE,14.946
compassvale_drive,Compassvale Drive,1400.0,34623.298,41265.657,12.605,13.394,13.394,,,COMPASSVALE DRIVE,14.479
compassvale_drive,Compassvale Drive,1402.0,34624.985,41264.582,15.691,13.67,13.646,,,COMPASSVALE DRIVE,14.012
compassvale_drive,Compassvale Drive,1404.0,34626.822,41263.815,14.736,13.658,13.646,,,COMPASSVALE DRIVE,13.885
compassvale_drive,Compassvale Drive,1406.0,34628.703,41263.135,14.364,13.646,13.646,,,COMPASSVALE DRIVE,13.855
compassvale_drive,Compassvale Drive,1408.0,34630.584,41262.456,13.372,13.634,13.634,,,COMPASSVALE DRIVE,13.825
compassvale_drive,Compassvale Drive,1410.0,34632.465,41261.776,14.44,13.622,13.622,,,COMPASSVALE DRIVE,13.795
compassvale_drive,Compassvale Drive,1412.0,34634.346,41261.096,12.609,13.61,13.61,,,COMPASSVALE DRIVE,13.765
compassvale_drive,Compassvale Drive,1414.0,34636.236,41260.44,13.303,13.598,13.61,,,COMPASSVALE DRIVE,13.76
compassvale_drive,Compassvale Drive,1416.0,34638.127,41259.79,13.586,13.586,13.61,,,COMPASSVALE DRIVE,13.761
compassvale_drive,Compassvale Drive,1418.0,34640.018,41259.14,13.701,13.701,13.598,,,COMPASSVALE DRIVE,13.762
compassvale_drive,Compassvale Drive,1420.0,34641.909,41258.489,13.62,13.62,13.586,,,COMPASSVALE DRIVE,13.763
compassvale_drive,Compassvale Drive,1422.0,34643.801,41257.839,14.767,13.489,13.489,,,COMPASSVALE DRIVE,13.764
compassvale_drive,Compassvale Drive,1424.0,34645.692,41257.189,14.092,13.358,13.358,,,COMPASSVALE DRIVE,13.765
compassvale_drive,Compassvale Drive,1426.0,34647.583,41256.538,15.42,13.227,13.227,,,COMPASSVALE DRIVE,13.766
compassvale_drive,Compassvale Drive,1428.0,34649.475,41255.888,13.959,13.096,13.096,,,COMPASSVALE DRIVE,13.767
compassvale_drive,Compassvale Drive,1430.0,34651.366,41255.238,14.307,12.965,12.965,,,COMPASSVALE DRIVE,13.768
compassvale_drive,Compassvale Drive,1432.0,34653.257,41254.587,13.753,12.834,12.834,,,COMPASSVALE DRIVE,13.769
compassvale_drive,Compassvale Drive,1434.0,34655.149,41253.937,15.296,12.702,12.702,,,COMPASSVALE DRIVE,13.771
compassvale_drive,Compassvale Drive,1436.0,34657.04,41253.287,14.753,12.571,12.571,,,COMPASSVALE DRIVE,13.772
compassvale_drive,Compassvale Drive,1438.0,34658.931,41252.636,12.287,12.44,12.44,,,COMPASSVALE DRIVE,13.773
compassvale_drive,Compassvale Drive,1440.0,34660.808,41251.945,12.309,12.309,12.309,,,COMPASSVALE DRIVE,13.73
compassvale_drive,Compassvale Drive,1442.0,34662.67,41251.215,12.213,12.213,12.213,,,COMPASSVALE DRIVE,13.646
compassvale_drive,Compassvale Drive,1444.0,34664.532,41250.486,12.211,12.211,12.211,-2.191,1.0,COMPASSVALE DRIVE,13.563
compassvale_drive,Compassvale Drive,1446.0,34666.394,41249.756,12.134,12.134,12.134,-0.993,1.0,COMPASSVALE DRIVE,13.48
compassvale_drive,Compassvale Drive,1448.0,34668.256,41249.026,12.052,12.052,12.134,-1.993,1.0,COMPASSVALE DRIVE,13.396
compassvale_drive,Compassvale Drive,1450.0,34670.118,41248.297,11.996,11.996,12.134,-1.721,1.0,COMPASSVALE DRIVE,13.313
compassvale_drive,Compassvale Drive,1452.0,34671.997,41247.61,12.229,12.229,12.052,-1.91,1.0,COMPASSVALE DRIVE,13.275
compassvale_drive,Compassvale Drive,1454.0,34673.879,41246.935,12.159,12.159,11.996,-1.913,1.0,COMPASSVALE DRIVE,13.25
compassvale_drive,Compassvale Drive,1456.0,34675.762,41246.26,11.981,11.981,11.981,-0.888,1.0,COMPASSVALE DRIVE,13.225
compassvale_drive,Compassvale Drive,1458.0,34677.645,41245.585,11.98,11.98,11.981,-0.192,1.0,COMPASSVALE DRIVE,13.2
compassvale_drive,Compassvale Drive,1460.0,34679.527,41244.91,11.962,11.962,11.981,1.451,1.0,COMPASSVALE DRIVE,13.175
compassvale_drive,Compassvale Drive,1462.0,34681.398,41244.204,11.981,11.981,11.981,3.094,1.0,COMPASSVALE DRIVE,13.117
compassvale_drive,Compassvale Drive,1464.0,34683.232,41243.408,12.291,12.105,12.105,,,COMPASSVALE DRIVE,12.962
compassvale_drive,Compassvale Drive,1466.0,34685.067,41242.612,12.228,12.228,12.228,,,COMPASSVALE DRIVE,12.807
compassvale_drive,Compassvale Drive,1468.0,34686.909,41241.834,12.933,12.316,12.316,,,COMPASSVALE DRIVE,12.671
compassvale_drive,Compassvale Drive,1470.0,34688.785,41241.141,11.742,12.403,12.403,4.208,1.0,COMPASSVALE DRIVE,12.626
compassvale_drive,Compassvale Drive,1472.0,34690.661,41240.447,12.58,12.49,12.49,,,COMPASSVALE DRIVE,12.582
compassvale_drive,Compassvale Drive,1474.0,34692.537,41239.754,12.578,12.578,12.565,,,COMPASSVALE DRIVE,12.537
compassvale_drive,Compassvale Drive,1476.0,34694.413,41239.061,12.581,12.581,12.578,,,COMPASSVALE DRIVE,12.492
compassvale_drive,Compassvale Drive,1478.0,34696.289,41238.367,12.565,12.565,12.581,,,COMPASSVALE DRIVE,12.448
compassvale_drive,Compassvale Drive,1480.0,34698.165,41237.674,12.564,12.753,12.753,,,COMPASSVALE DRIVE,12.403
compassvale_drive,Compassvale Drive,1482.0,34700.041,41236.981,11.716,12.941,12.753,,,COMPASSVALE DRIVE,12.359
compassvale_drive,Compassvale Drive,1484.0,34701.917,41236.288,11.726,12.77,12.753,,,COMPASSVALE DRIVE,12.314
compassvale_drive,Compassvale Drive,1486.0,34703.793,41235.594,13.697,12.598,12.598,,,COMPASSVALE DRIVE,12.27
compassvale_drive,Compassvale Drive,1488.0,34705.669,41234.901,16.434,12.426,12.426,,,COMPASSVALE DRIVE,12.225
compassvale_drive,Compassvale Drive,1490.0,34707.545,41234.208,14.268,12.254,12.254,,,COMPASSVALE DRIVE,12.181
compassvale_drive,Compassvale Drive,1492.0,34709.421,41233.515,14.141,12.083,12.083,,,COMPASSVALE DRIVE,12.136
compassvale_drive,Compassvale Drive,1494.0,34711.297,41232.821,11.734,11.911,11.911,,,COMPASSVALE DRIVE,12.092
compassvale_drive,Compassvale Drive,1496.0,34713.173,41232.128,11.739,11.739,11.743,,,COMPASSVALE DRIVE,12.047
compassvale_drive,Compassvale Drive,1498.0,34715.049,41231.435,11.737,11.737,11.74,,,COMPASSVALE DRIVE,12.003
compassvale_drive,Compassvale Drive,1500.0,34716.947,41230.805,11.743,11.743,11.739,-0.006,1.0,COMPASSVALE DRIVE,12.026
compassvale_drive,Compassvale Drive,1502.0,34718.854,41230.203,11.74,11.74,11.74,0.031,1.0,COMPASSVALE DRIVE,12.078
compassvale_drive,Compassvale Drive,1504.0,34720.761,41229.601,11.737,11.737,11.742,0.047,1.0,COMPASSVALE DRIVE,12.129
compassvale_drive,Compassvale Drive,1506.0,34722.669,41228.999,11.742,11.742,11.742,,,COMPASSVALE DRIVE,12.181
compassvale_drive,Compassvale Drive,1508.0,34724.581,41228.415,11.743,11.743,11.743,,,COMPASSVALE DRIVE,12.252
compassvale_drive,Compassvale Drive,1510.0,34726.495,41227.832,11.748,12.017,12.017,,,COMPASSVALE DRIVE,12.324
compassvale_drive,Compassvale Drive,1512.0,34728.408,41227.249,11.748,12.29,12.29,,,COMPASSVALE DRIVE,12.396
compassvale_drive,Compassvale Drive,1514.0,34730.321,41226.667,12.827,12.548,12.548,,,COMPASSVALE DRIVE,12.468
compassvale_drive,Compassvale Drive,1516.0,34732.234,41226.084,12.828,12.807,12.807,,,COMPASSVALE DRIVE,12.54
compassvale_drive,Compassvale Drive,1518.0,34734.147,41225.501,12.827,13.065,13.065,,,COMPASSVALE DRIVE,12.612
compassvale_drive,Compassvale Drive,1520.0,34736.061,41224.918,12.843,,13.323,,,COMPASSVALE DRIVE,12.684
compassvale_drive,Compassvale Drive,1522.0,34737.974,41224.336,14.691,,13.581,,,COMPASSVALE DRIVE,12.756
compassvale_drive,Compassvale Drive,1524.0,34739.887,41223.753,19.604,13.839,13.839,,,COMPASSVALE DRIVE,12.828
compassvale_drive,Compassvale Drive,1526.0,34741.8,41223.17,17.456,14.097,14.097,,,COMPASSVALE DRIVE,12.9
compassvale_drive,Compassvale Drive,1528.0,34743.713,41222.587,19.893,14.355,14.328,,,COMPASSVALE DRIVE,12.973
compassvale_drive,Compassvale Drive,1530.0,34745.627,41222.005,20.007,14.613,14.328,,,COMPASSVALE DRIVE,13.045
compassvale_drive,Compassvale Drive,1532.0,34747.54,41221.422,15.255,14.328,14.328,,,COMPASSVALE DRIVE,13.117
compassvale_drive,Compassvale Drive,1534.0,34749.457,41220.852,16.491,14.042,14.042,,,COMPASSVALE DRIVE,13.203
compassvale_drive,Compassvale Drive,1536.0,34751.381,41220.307,14.846,13.756,13.804,,,COMPASSVALE DRIVE,13.314
compassvale_drive,Compassvale Drive,1538.0,34753.305,41219.762,13.41,13.78,13.804,,,COMPASSVALE DRIVE,13.425
compassvale_drive,Compassvale Drive,1540.0,34755.23,41219.216,13.998,13.804,13.804,,,COMPASSVALE DRIVE,13.536
compassvale_drive,Compassvale Drive,1542.0,34757.154,41218.671,12.038,13.828,13.828,,,COMPASSVALE DRIVE,13.647
compassvale_drive,Compassvale Drive,1544.0,34759.028,41217.976,12.057,13.852,13.852,,,COMPASSVALE DRIVE,13.601
compassvale_drive,Compassvale Drive,1546.0,34760.893,41217.254,11.981,13.876,13.876,,,COMPASSVALE DRIVE,13.525
compassvale_drive,Compassvale Drive,1548.0,34762.758,41216.531,12.027,13.9,13.9,,,COMPASSVALE DRIVE,13.449
compassvale_drive,Compassvale Drive,1550.0,34764.623,41215.809,12.09,13.924,13.924,,,COMPASSVALE DRIVE,13.373
compassvale_drive,Compassvale Drive,1552.0,34766.488,41215.086,12.828,13.948,13.948,,,COMPASSVALE DRIVE,13.298
compassvale_drive,Compassvale Drive,1554.0,34768.349,41214.355,12.642,13.972,13.972,,,COMPASSVALE DRIVE,13.212
compassvale_drive,Compassvale Drive,1556.0,34770.208,41213.617,14.381,13.996,13.972,,,COMPASSVALE DRIVE,13.119
compassvale_drive,Compassvale Drive,1558.0,34772.067,41212.878,15.228,14.152,13.972,,,COMPASSVALE DRIVE,13.026
compassvale_drive,Compassvale Drive,1560.0,34773.925,41212.139,15.052,13.861,13.861,,,COMPASSVALE DRIVE,12.933
compassvale_drive,Compassvale Drive,1562.0,34775.784,41211.401,15.587,13.57,13.57,,,COMPASSVALE DRIVE,12.84
compassvale_drive,Compassvale Drive,1564.0,34777.643,41210.662,13.008,13.279,13.279,,,COMPASSVALE DRIVE,12.747
compassvale_drive,Compassvale Drive,1566.0,34779.501,41209.924,12.988,12.988,12.988,,,COMPASSVALE DRIVE,12.654
compassvale_drive,Compassvale Drive,1568.0,34781.36,41209.185,13.283,12.734,12.734,,,COMPASSVALE DRIVE,12.561
compassvale_drive,Compassvale Drive,1570.0,34783.219,41208.447,12.48,12.48,12.48,-10.122,2.0,COMPASSVALE DRIVE,12.468
compassvale_drive,Compassvale Drive,1572.0,34785.077,41207.708,12.49,12.329,12.329,-8.775,2.0,COMPASSVALE DRIVE,12.376
compassvale_drive,Compassvale Drive,1574.0,34786.936,41206.97,12.178,12.178,12.178,-7.428,1.0,COMPASSVALE DRIVE,12.283
compassvale_drive,Compassvale Drive,1576.0,34788.795,41206.231,11.883,11.883,11.886,,,COMPASSVALE DRIVE,12.19
compassvale_drive,Compassvale Drive,1578.0,34790.653,41205.493,11.886,11.886,11.886,,,COMPASSVALE DRIVE,12.097
compassvale_drive,Compassvale Drive,1580.0,34792.515,41204.763,11.874,11.874,11.886,,,COMPASSVALE DRIVE,12.013
compassvale_drive,Compassvale Drive,1582.0,34794.428,41204.179,11.828,12.016,12.016,,,COMPASSVALE DRIVE,12.084
compassvale_drive,Compassvale Drive,1584.0,34796.341,41203.596,11.826,12.159,12.159,,,COMPASSVALE DRIVE,12.156
compassvale_drive,Compassvale Drive,1586.0,34798.254,41203.012,12.304,12.442,12.442,,,COMPASSVALE DRIVE,12.226
compassvale_drive,Compassvale Drive,1588.0,34800.167,41202.428,12.582,12.725,12.725,,,COMPASSVALE DRIVE,12.297
compassvale_drive,Compassvale Drive,1590.0,34802.079,41201.844,15.143,13.008,13.008,,,COMPASSVALE DRIVE,12.368
compassvale_drive,Compassvale Drive,1592.0,34803.992,41201.26,17.454,13.291,13.291,,,COMPASSVALE DRIVE,12.439
compassvale_drive,Compassvale Drive,1594.0,34805.857,41200.538,13.088,13.432,13.432,,,COMPASSVALE DRIVE,12.364
compassvale_drive,Compassvale Drive,1596.0,34807.722,41199.816,15.669,13.572,13.572,,,COMPASSVALE DRIVE,12.288
compassvale_drive,Compassvale Drive,1598.0,34809.587,41199.093,17.443,13.713,13.713,,,COMPASSVALE DRIVE,12.212
compassvale_drive,Compassvale Drive,1600.0,34811.452,41198.371,15.181,13.853,13.853,,,COMPASSVALE DRIVE,12.137
compassvale_drive,Compassvale Drive,1602.0,34813.317,41197.649,12.033,13.994,13.853,,,COMPASSVALE DRIVE,12.061
compassvale_drive,Compassvale Drive,1604.0,34815.224,41197.064,13.679,14.135,13.853,,,COMPASSVALE DRIVE,12.13
compassvale_drive,Compassvale Drive,1606.0,34817.176,41196.625,14.434,13.839,13.839,,,COMPASSVALE DRIVE,12.35
compassvale_drive,Compassvale Drive,1608.0,34819.127,41196.187,14.873,13.544,13.544,,,COMPASSVALE DRIVE,12.571
compassvale_drive,Compassvale Drive,1610.0,34821.078,41195.748,12.54,13.249,13.249,,,COMPASSVALE DRIVE,12.792
compassvale_drive,Compassvale Drive,1612.0,34823.03,41195.31,13.727,12.954,12.954,,,COMPASSVALE DRIVE,13.013
compassvale_drive,Compassvale Drive,1614.0,34824.981,41194.871,12.252,12.658,12.658,,,COMPASSVALE DRIVE,13.234
compassvale_drive,Compassvale Drive,1616.0,34826.932,41194.433,11.891,12.363,12.363,,,COMPASSVALE DRIVE,13.455
compassvale_drive,Compassvale Drive,1618.0,34828.884,41193.994,12.068,12.068,12.3,,,COMPASSVALE DRIVE,13.676
compassvale_drive,Compassvale Drive,1620.0,34830.835,41193.556,12.274,12.274,12.274,,,COMPASSVALE DRIVE,13.897
compassvale_drive,Compassvale Drive,1622.0,34832.786,41193.117,12.3,12.3,12.197,,,COMPASSVALE DRIVE,14.117
compassvale_drive,Compassvale Drive,1624.0,34834.738,41192.679,11.851,12.197,12.197,,,COMPASSVALE DRIVE,14.338
compassvale_drive,Compassvale Drive,1626.0,34836.689,41192.24,12.47,12.094,12.094,-1.288,1.0,COMPASSVALE DRIVE,14.559
compassvale_drive,Compassvale Drive,1628.0,34838.65,41191.846,11.833,11.991,12.094,,,COMPASSVALE DRIVE,14.825
compassvale_drive,Compassvale Drive,1630.0,34840.611,41191.457,11.888,11.888,12.094,,,COMPASSVALE DRIVE,15.096
compassvale_drive,Compassvale Drive,1632.0,34842.573,41191.067,12.095,12.095,12.095,,,COMPASSVALE DRIVE,15.367
compassvale_drive,Compassvale Drive,1634.0,34844.535,41190.678,12.14,12.14,12.14,0.916,1.0,COMPASSVALE DRIVE,15.638
compassvale_drive,Compassvale Drive,1636.0,34846.497,41190.289,12.167,12.167,12.14,1.017,1.0,COMPASSVALE DRIVE,15.909
compassvale_drive,Compassvale Drive,1638.0,34848.433,41189.815,12.176,12.176,12.167,,,COMPASSVALE DRIVE,16.091
compassvale_drive,Compassvale Drive,1640.0,34850.288,41189.066,12.123,12.123,12.176,,,COMPASSVALE DRIVE,15.987
compassvale_drive,Compassvale Drive,1642.0,34852.142,41188.318,12.925,12.394,12.394,,,COMPASSVALE DRIVE,15.883
compassvale_drive,Compassvale Drive,1644.0,34853.997,41187.569,12.379,12.665,12.665,9.5,2.0,COMPASSVALE DRIVE,15.78
compassvale_drive,Compassvale Drive,1646.0,34855.851,41186.82,13.23,12.936,12.936,,,COMPASSVALE DRIVE,15.676
compassvale_drive,Compassvale Drive,1648.0,34857.766,41186.246,13.207,13.207,12.936,,,COMPASSVALE DRIVE,15.757
compassvale_drive,Compassvale Drive,1650.0,34859.69,41185.701,13.156,12.988,12.936,,,COMPASSVALE DRIVE,15.868
compassvale_drive,Compassvale Drive,1652.0,34861.614,41185.156,12.865,12.768,12.768,-6.877,1.0,COMPASSVALE DRIVE,15.979
compassvale_drive,Compassvale Drive,1654.0,34863.539,41184.611,12.549,12.549,12.549,,,COMPASSVALE DRIVE,16.091
compassvale_drive,Compassvale Drive,1656.0,34865.467,41184.08,12.386,12.386,12.386,,,COMPASSVALE DRIVE,16.216
compassvale_drive,Compassvale Drive,1658.0,34867.404,41183.583,12.322,12.322,12.359,,,COMPASSVALE DRIVE,16.378
compassvale_drive,Compassvale Drive,1660.0,34869.341,41183.087,12.339,12.339,12.359,,,COMPASSVALE DRIVE,16.539
compassvale_drive,Compassvale Drive,1662.0,34871.279,41182.59,12.871,12.359,12.359,0.0,1.0,COMPASSVALE DRIVE,16.7
compassvale_drive,Compassvale Drive,1664.0,34873.216,41182.094,12.103,12.38,12.359,0.255,1.0,COMPASSVALE DRIVE,16.862
compassvale_drive,Compassvale Drive,1666.0,34875.154,41181.597,12.4,12.4,12.359,,,COMPASSVALE DRIVE,17.023
compassvale_drive,Compassvale Drive,1668.0,34877.063,41181.018,12.318,12.318,12.38,,,COMPASSVALE DRIVE,17.098
compassvale_drive,Compassvale Drive,1670.0,34878.908,41180.246,12.245,12.245,12.4,2.031,1.0,COMPASSVALE DRIVE,16.969
compassvale_drive,Compassvale Drive,1672.0,34880.753,41179.473,12.132,12.401,12.401,,,COMPASSVALE DRIVE,16.839
compassvale_drive,Compassvale Drive,1674.0,34882.598,41178.701,12.558,12.558,12.522,,,COMPASSVALE DRIVE,16.71
compassvale_drive,Compassvale Drive,1676.0,34884.411,41177.859,12.913,12.54,12.522,,,COMPASSVALE DRIVE,16.504
compassvale_drive,Compassvale Drive,1678.0,34886.196,41176.958,12.946,12.522,12.522,-0.682,1.0,COMPASSVALE DRIVE,16.234
compassvale_drive,Compassvale Drive,1680.0,34887.982,41176.057,12.504,12.504,12.504,,,COMPASSVALE DRIVE,15.963
compassvale_drive,Compassvale Drive,1682.0,34889.767,41175.156,12.467,12.467,12.467,,,COMPASSVALE DRIVE,15.693
compassvale_drive,Compassvale Drive,1684.0,34891.553,41174.255,12.864,12.408,12.408,-1.197,1.0,COMPASSVALE DRIVE,15.422
compassvale_drive,Compassvale Drive,1686.0,34893.338,41173.354,12.437,12.349,12.408,,,COMPASSVALE DRIVE,15.152
compassvale_drive,Compassvale Drive,1688.0,34895.22,41172.679,12.29,12.29,12.408,,,COMPASSVALE DRIVE,15.127
compassvale_drive,Compassvale Drive,1690.0,34897.106,41172.013,12.658,12.424,12.424,,,COMPASSVALE DRIVE,15.111
compassvale_drive,Compassvale Drive,1692.0,34898.992,41171.347,18.864,12.558,12.424,-0.648,1.0,COMPASSVALE DRIVE,15.095
compassvale_drive,Compassvale Drive,1694.0,34900.878,41170.68,16.431,12.457,12.424,,,COMPASSVALE DRIVE,15.08
compassvale_drive,Compassvale Drive,1696.0,34902.764,41170.014,12.356,12.356,12.356,,,COMPASSVALE DRIVE,15.064
compassvale_drive,Compassvale Drive,1698.0,34904.624,41169.288,12.355,12.355,12.355,,,COMPASSVALE DRIVE,14.983
compassvale_drive,Compassvale Drive,1700.0,34906.43,41168.427,12.016,12.22,12.22,,,COMPASSVALE DRIVE,14.757
compassvale_drive,Compassvale Drive,1702.0,34908.235,41167.567,13.057,12.085,12.085,,,COMPASSVALE DRIVE,14.532
compassvale_drive,Compassvale Drive,1704.0,34910.041,41166.706,14.36,11.95,11.95,,,COMPASSVALE DRIVE,14.306
compassvale_drive,Compassvale Drive,1706.0,34911.847,41165.847,14.398,11.814,11.814,,,COMPASSVALE DRIVE,14.082
compassvale_drive,Compassvale Drive,1708.0,34913.698,41165.091,11.928,11.679,11.679,,,COMPASSVALE DRIVE,13.971
compassvale_drive,Compassvale Drive,1710.0,34915.55,41164.336,11.618,11.544,11.544,,,COMPASSVALE DRIVE,13.86
compassvale_drive,Compassvale Drive,1712.0,34917.402,41163.58,11.408,11.408,11.437,,,COMPASSVALE DRIVE,13.748
compassvale_drive,Compassvale Drive,1714.0,34919.254,41162.825,11.388,11.388,11.408,,,COMPASSVALE DRIVE,13.637
compassvale_drive,Compassvale Drive,1716.0,34921.116,41162.096,11.437,11.437,11.408,-0.397,1.0,COMPASSVALE DRIVE,13.555
compassvale_drive,Compassvale Drive,1718.0,34922.985,41161.385,11.405,11.405,11.405,-2.3,1.0,COMPASSVALE DRIVE,13.491
compassvale_drive,Compassvale Drive,1720.0,34924.855,41160.673,11.433,11.433,11.405,-3.134,1.0,COMPASSVALE DRIVE,13.427
compassvale_drive,Compassvale Drive,1722.0,34926.724,41159.962,11.158,11.158,11.224,-3.288,1.0,COMPASSVALE DRIVE,13.363
compassvale_drive,Compassvale Drive,1724.0,34928.593,41159.251,11.224,11.224,11.158,-3.438,1.0,COMPASSVALE DRIVE,13.299
compassvale_drive,Compassvale Drive,1726.0,34930.462,41158.539,11.142,11.142,11.142,-1.219,1.0,COMPASSVALE DRIVE,13.235
compassvale_drive,Compassvale Drive,1728.0,34932.331,41157.828,11.13,11.13,11.13,-0.678,1.0,COMPASSVALE DRIVE,13.172
compassvale_drive,Compassvale Drive,1730.0,34934.201,41157.117,11.127,11.127,11.127,-0.612,1.0,COMPASSVALE DRIVE,13.108
compassvale_drive,Compassvale Drive,1732.0,34936.07,41156.405,11.104,11.104,11.104,-0.462,1.0,COMPASSVALE DRIVE,13.044
compassvale_drive,Compassvale Drive,1734.0,34937.939,41155.694,11.093,11.093,11.093,-0.425,1.0,COMPASSVALE DRIVE,12.98
compassvale_drive,Compassvale Drive,1736.0,34939.808,41154.983,11.067,11.067,11.093,,,COMPASSVALE DRIVE,12.916
compassvale_drive,Compassvale Drive,1738.0,34941.678,41154.271,11.055,11.055,11.093,,,COMPASSVALE DRIVE,12.853
compassvale_drive,Compassvale Drive,1740.0,34943.547,41153.56,11.043,11.35,11.35,10.298,2.0,COMPASSVALE DRIVE,12.789
compassvale_drive,Compassvale Drive,1742.0,34945.416,41152.848,11.036,11.645,11.645,10.298,2.0,COMPASSVALE DRIVE,12.725
compassvale_drive,Compassvale Drive,1744.0,34947.285,41152.138,11.94,11.94,11.917,,,COMPASSVALE DRIVE,12.662
compassvale_drive,Compassvale Drive,1746.0,34949.172,41151.473,11.938,11.938,11.917,,,COMPASSVALE DRIVE,12.647
compassvale_drive,Compassvale Drive,1748.0,34951.058,41150.808,11.917,11.917,11.917,,,COMPASSVALE DRIVE,12.633
compassvale_drive,Compassvale Drive,1750.0,34952.944,41150.142,11.916,11.916,11.916,,,COMPASSVALE DRIVE,12.618
compassvale_drive,Compassvale Drive,1752.0,34954.83,41149.477,15.269,11.83,11.83,,,COMPASSVALE DRIVE,12.604
compassvale_drive,Compassvale Drive,1754.0,34956.716,41148.812,16.46,11.744,11.744,,,COMPASSVALE DRIVE,12.589
compassvale_drive,Compassvale Drive,1756.0,34958.603,41148.147,13.188,11.658,11.658,,,COMPASSVALE DRIVE,12.575
compassvale_drive,Compassvale Drive,1758.0,34960.489,41147.482,11.004,11.572,11.572,,,COMPASSVALE DRIVE,12.56
compassvale_drive,Compassvale Drive,1760.0,34962.433,41147.016,10.965,11.486,11.486,,,COMPASSVALE DRIVE,12.753
compassvale_drive,Compassvale Drive,1762.0,34964.379,41146.553,11.401,11.401,11.438,,,COMPASSVALE DRIVE,12.949
compassvale_drive,Compassvale Drive,1764.0,34966.325,41146.091,11.438,11.438,11.429,,,COMPASSVALE DRIVE,13.145
compassvale_drive,Compassvale Drive,1766.0,34968.271,41145.628,11.429,11.429,11.401,,,COMPASSVALE DRIVE,13.342
compassvale_drive,Compassvale Drive,1768.0,34970.217,41145.166,11.343,11.343,11.343,,,COMPASSVALE DRIVE,13.538
compassvale_drive,Compassvale Drive,1770.0,34972.162,41144.703,10.842,11.305,11.305,,,COMPASSVALE DRIVE,13.734
compassvale_drive,Compassvale Drive,1772.0,34974.108,41144.241,11.199,11.268,11.268,,,COMPASSVALE DRIVE,13.931
compassvale_drive,Compassvale Drive,1774.0,34976.054,41143.778,10.803,11.23,11.23,,,COMPASSVALE DRIVE,14.127
compassvale_drive,Compassvale Drive,1776.0,34978.0,41143.316,14.454,11.193,11.193,,,COMPASSVALE DRIVE,14.324
compassvale_drive,Compassvale Drive,1778.0,34979.945,41142.853,15.951,11.155,11.155,,,COMPASSVALE DRIVE,14.52
compassvale_drive,Compassvale Drive,1780.0,34981.891,41142.391,14.297,11.118,11.118,,,COMPASSVALE DRIVE,14.716
compassvale_drive,Compassvale Drive,1782.0,34983.837,41141.928,14.803,11.08,11.08,,,COMPASSVALE DRIVE,14.913
compassvale_drive,Compassvale Drive,1784.0,34985.724,41141.266,16.231,11.043,11.043,,,COMPASSVALE DRIVE,14.901
compassvale_drive,Compassvale Drive,1786.0,34987.607,41140.593,16.455,11.005,11.043,,,COMPASSVALE DRIVE,14.878
compassvale_drive,Compassvale Drive,1788.0,34989.49,41139.919,10.954,10.968,11.043,,,COMPASSVALE DRIVE,14.855
compassvale_drive,Compassvale Drive,1790.0,34991.373,41139.246,10.93,11.101,11.101,,,COMPASSVALE DRIVE,14.831
compassvale_drive,Compassvale Drive,1792.0,34993.245,41138.542,11.188,11.324,11.324,,,COMPASSVALE DRIVE,14.775
compassvale_drive,Compassvale Drive,1794.0,34995.105,41137.807,10.887,11.547,11.547,,,COMPASSVALE DRIVE,14.686
compassvale_drive,Compassvale Drive,1796.0,34996.965,41137.071,15.498,11.835,11.835,,,COMPASSVALE DRIVE,14.596
compassvale_drive,Compassvale Drive,1798.0,34998.825,41136.336,15.107,12.122,12.122,,,COMPASSVALE DRIVE,14.506
compassvale_drive,Compassvale Drive,1800.0,35000.685,41135.6,13.126,12.41,12.41,,,COMPASSVALE DRIVE,14.416
compassvale_drive,Compassvale Drive,1802.0,35002.544,41134.865,10.686,12.697,12.697,,,COMPASSVALE DRIVE,14.327
compassvale_drive,Compassvale Drive,1804.0,35004.402,41134.123,12.75,12.985,12.985,,,COMPASSVALE DRIVE,14.23
compassvale_drive,Compassvale Drive,1806.0,35006.253,41133.367,19.518,13.273,13.273,,,COMPASSVALE DRIVE,14.118
compassvale_drive,Compassvale Drive,1808.0,35008.105,41132.611,13.989,13.56,13.56,,,COMPASSVALE DRIVE,14.007
compassvale_drive,Compassvale Drive,1810.0,35009.957,41131.855,16.809,13.848,13.848,,,COMPASSVALE DRIVE,13.895
compassvale_drive,Compassvale Drive,1812.0,35011.825,41131.154,14.137,14.136,14.029,,,COMPASSVALE DRIVE,13.841
compassvale_drive,Compassvale Drive,1814.0,35013.788,41130.775,10.473,14.205,14.029,,,COMPASSVALE DRIVE,14.122
compassvale_drive,Compassvale Drive,1816.0,35015.752,41130.395,15.263,14.029,14.029,,,COMPASSVALE DRIVE,14.403
compassvale_drive,Compassvale Drive,1818.0,35017.716,41130.016,16.364,13.853,13.853,,,COMPASSVALE DRIVE,14.683
compassvale_drive,Compassvale Drive,1820.0,35019.666,41129.585,15.116,13.567,13.567,,,COMPASSVALE DRIVE,14.911
compassvale_drive,Compassvale Drive,1822.0,35021.56,41128.942,12.707,13.281,13.281,,,COMPASSVALE DRIVE,14.92
compassvale_drive,Compassvale Drive,1824.0,35023.454,41128.3,13.566,12.995,13.008,,,COMPASSVALE DRIVE,14.929
compassvale_drive,Compassvale Drive,1826.0,35025.348,41127.657,12.094,13.002,13.008,,,COMPASSVALE DRIVE,14.939
compassvale_drive,Compassvale Drive,1828.0,35027.242,41127.015,14.843,13.008,13.008,,,COMPASSVALE DRIVE,14.948
compassvale_drive,Compassvale Drive,1830.0,35029.136,41126.372,12.865,13.015,13.015,,,COMPASSVALE DRIVE,14.957
compassvale_drive,Compassvale Drive,1832.0,35031.03,41125.73,10.895,13.021,13.021,,,COMPASSVALE DRIVE,14.967
compassvale_drive,Compassvale Drive,1834.0,35032.924,41125.087,10.518,13.028,13.028,,,COMPASSVALE DRIVE,14.976
compassvale_drive,Compassvale Drive,1836.0,35034.818,41124.445,10.895,13.035,13.035,,,COMPASSVALE DRIVE,14.985
compassvale_drive,Compassvale Drive,1838.0,35036.712,41123.802,10.608,13.041,13.041,,,COMPASSVALE DRIVE,14.995
compassvale_drive,Compassvale Drive,1840.0,35038.606,41123.16,10.637,13.048,13.048,,,COMPASSVALE DRIVE,15.004
compassvale_drive,Compassvale Drive,1872.0,35068.909,41112.88,14.666,13.054,13.054,,,COMPASSVALE DRIVE,15.153
compassvale_drive,Compassvale Drive,1874.0,35070.803,41112.237,16.403,13.061,13.061,,,COMPASSVALE DRIVE,15.163
compassvale_drive,Compassvale Drive,1876.0,35072.697,41111.595,14.865,13.068,13.068,,,COMPASSVALE DRIVE,15.172
compassvale_drive,Compassvale Drive,1878.0,35074.591,41110.952,15.521,13.074,13.074,,,COMPASSVALE DRIVE,15.181
compassvale_drive,Compassvale Drive,1880.0,35076.485,41110.31,12.45,13.081,13.074,,,COMPASSVALE DRIVE,15.19
compassvale_drive,Compassvale Drive,1882.0,35078.379,41109.667,10.889,13.087,13.074,,,COMPASSVALE DRIVE,15.2
compassvale_drive,Compassvale Drive,1884.0,35080.273,41109.025,12.802,12.802,13.081,,,COMPASSVALE DRIVE,15.209
compassvale_drive,Compassvale Drive,1886.0,35082.167,41108.382,13.642,13.014,13.087,,,COMPASSVALE DRIVE,15.218
compassvale_drive,Compassvale Drive,1888.0,35084.061,41107.74,12.441,13.226,13.226,4.462,1.0,COMPASSVALE DRIVE,15.228
compassvale_drive,Compassvale Drive,1890.0,35085.955,41107.097,13.772,13.438,13.438,,,COMPASSVALE DRIVE,15.237
compassvale_drive,Compassvale Drive,1892.0,35087.849,41106.455,14.294,13.649,13.438,,,COMPASSVALE DRIVE,15.246
compassvale_drive,Compassvale Drive,1894.0,35089.743,41105.812,10.344,13.527,13.438,,,COMPASSVALE DRIVE,15.256
compassvale_drive,Compassvale Drive,1896.0,35091.625,41105.138,10.344,13.404,13.404,-3.488,1.0,COMPASSVALE DRIVE,15.231
compassvale_drive,Compassvale Drive,1898.0,35093.441,41104.301,10.376,13.281,13.281,,,COMPASSVALE DRIVE,15.03
compassvale_drive,Compassvale Drive,1900.0,35095.257,41103.463,13.159,13.159,13.159,,,COMPASSVALE DRIVE,14.83
compassvale_drive,Compassvale Drive,1902.0,35097.073,41102.625,13.895,13.072,13.072,,,COMPASSVALE DRIVE,14.629
compassvale_drive,Compassvale Drive,1904.0,35098.889,41101.787,15.291,12.984,12.984,,,COMPASSVALE DRIVE,14.428
compassvale_drive,Compassvale Drive,1906.0,35100.705,41100.95,16.338,12.897,12.897,,,COMPASSVALE DRIVE,14.227
compassvale_drive,Compassvale Drive,1908.0,35102.569,41100.228,12.196,12.81,12.81,,,COMPASSVALE DRIVE,14.152
compassvale_drive,Compassvale Drive,1910.0,35104.449,41099.545,11.926,12.723,12.723,,,COMPASSVALE DRIVE,14.118
compassvale_drive,Compassvale Drive,1912.0,35106.329,41098.862,10.261,12.636,12.723,,,COMPASSVALE DRIVE,14.085
compassvale_drive,Compassvale Drive,1914.0,35108.209,41098.18,12.549,12.549,12.723,,,COMPASSVALE DRIVE,14.052
compassvale_drive,Compassvale Drive,1916.0,35110.088,41097.497,10.325,12.773,12.773,,,COMPASSVALE DRIVE,14.019
compassvale_drive,Compassvale Drive,1918.0,35111.968,41096.813,12.997,12.997,12.773,,,COMPASSVALE DRIVE,13.984
compassvale_drive,Compassvale Drive,1920.0,35113.842,41096.116,13.686,12.809,12.773,,,COMPASSVALE DRIVE,13.935
compassvale_drive,Compassvale Drive,1922.0,35115.717,41095.418,16.342,12.621,12.621,,,COMPASSVALE DRIVE,13.886
compassvale_drive,Compassvale Drive,1924.0,35117.591,41094.721,11.131,12.433,12.433,,,COMPASSVALE DRIVE,13.837
compassvale_drive,Compassvale Drive,1926.0,35119.463,41094.015,11.8,12.245,12.245,,,COMPASSVALE DRIVE,13.779
compassvale_drive,Compassvale Drive,1928.0,35121.327,41093.291,10.127,12.057,12.057,,,COMPASSVALE DRIVE,13.702
compassvale_drive,Compassvale Drive,1930.0,35123.191,41092.567,10.125,11.868,11.868,,,COMPASSVALE DRIVE,13.624
compassvale_drive,Compassvale Drive,1932.0,35125.055,41091.842,10.164,11.68,11.68,,,COMPASSVALE DRIVE,13.546
compassvale_drive,Compassvale Drive,1934.0,35126.92,41091.118,13.543,11.492,11.492,,,COMPASSVALE DRIVE,13.468
compassvale_drive,Compassvale Drive,1936.0,35128.784,41090.394,13.1,11.338,11.338,,,COMPASSVALE DRIVE,13.391
compassvale_drive,Compassvale Drive,1938.0,35130.644,41089.659,12.86,11.183,11.183,,,COMPASSVALE DRIVE,13.301
compassvale_drive,Compassvale Drive,1940.0,35132.503,41088.921,10.868,11.028,11.028,,,COMPASSVALE DRIVE,13.209
compassvale_drive,Compassvale Drive,1942.0,35134.362,41088.183,10.873,10.791,10.791,,,COMPASSVALE DRIVE,13.117
compassvale_drive,Compassvale Drive,1944.0,35136.221,41087.445,11.444,10.554,10.554,,,COMPASSVALE DRIVE,13.025
compassvale_drive,Compassvale Drive,1946.0,35138.079,41086.707,11.28,10.338,10.338,,,COMPASSVALE DRIVE,12.932
compassvale_drive,Compassvale Drive,1948.0,35139.947,41085.993,9.916,10.121,10.121,,,COMPASSVALE DRIVE,12.865
compassvale_drive,Compassvale Drive,1950.0,35141.822,41085.297,9.904,9.904,10.111,,,COMPASSVALE DRIVE,12.818
compassvale_drive,Compassvale Drive,1952.0,35143.697,41084.601,9.902,9.902,10.111,,,COMPASSVALE DRIVE,12.77
compassvale_drive,Compassvale Drive,1954.0,35145.572,41083.905,10.111,10.111,10.111,1.788,1.0,COMPASSVALE DRIVE,12.723
compassvale_drive,Compassvale Drive,1956.0,35147.447,41083.209,10.155,10.155,10.155,1.788,1.0,COMPASSVALE DRIVE,12.675
compassvale_drive,Compassvale Drive,1958.0,35149.334,41082.548,12.226,10.294,10.254,0.39,1.0,COMPASSVALE DRIVE,12.664
compassvale_drive,Compassvale Drive,1960.0,35151.241,41081.943,12.761,10.433,10.254,-1.009,1.0,COMPASSVALE DRIVE,12.713
compassvale_drive,Compassvale Drive,1962.0,35153.147,41081.338,10.572,10.254,10.254,-4.137,1.0,COMPASSVALE DRIVE,12.762
compassvale_drive,Compassvale Drive,1964.0,35155.053,41080.733,10.075,10.075,10.075,-4.179,1.0,COMPASSVALE DRIVE,12.81
compassvale_drive,Compassvale Drive,1966.0,35156.959,41080.127,9.882,9.882,9.923,-3.168,1.0,COMPASSVALE DRIVE,12.859
compassvale_drive,Compassvale Drive,1968.0,35158.866,41079.522,9.92,9.92,9.92,-2.158,1.0,COMPASSVALE DRIVE,12.908
compassvale_drive,Compassvale Drive,1970.0,35160.771,41078.914,9.923,9.923,9.902,-0.948,1.0,COMPASSVALE DRIVE,12.953
compassvale_drive,Compassvale Drive,1972.0,35162.66,41078.257,9.902,9.902,9.902,,,COMPASSVALE DRIVE,12.947
compassvale_drive,Compassvale Drive,1974.0,35164.549,41077.6,9.847,9.847,9.847,,,COMPASSVALE DRIVE,12.941
compassvale_drive,Compassvale Drive,1976.0,35166.438,41076.943,9.55,9.55,9.55,,,COMPASSVALE DRIVE,12.935
compassvale_drive,Compassvale Drive,1978.0,35168.301,41076.217,9.527,9.527,9.527,,,COMPASSVALE DRIVE,12.855
compassvale_drive,Compassvale Drive,1980.0,35170.16,41075.478,9.512,9.512,9.512,-0.834,1.0,COMPASSVALE DRIVE,12.761
compassvale_drive,Compassvale Drive,1982.0,35172.018,41074.739,9.496,9.496,9.496,-0.784,1.0,COMPASSVALE DRIVE,12.668
compassvale_drive,Compassvale Drive,1984.0,35173.877,41074.0,9.483,9.483,9.483,-0.769,1.0,COMPASSVALE DRIVE,12.575
compassvale_drive,Compassvale Drive,1986.0,35175.735,41073.261,9.465,9.465,9.465,-0.791,1.0,COMPASSVALE DRIVE,12.481
compassvale_drive,Compassvale Drive,1988.0,35177.605,41072.551,9.45,9.45,9.45,-0.884,1.0,COMPASSVALE DRIVE,12.418
compassvale_drive,Compassvale Drive,1990.0,35179.477,41071.848,9.433,9.433,9.433,-0.653,1.0,COMPASSVALE DRIVE,12.364
compassvale_drive,Compassvale Drive,1992.0,35181.35,41071.146,9.412,9.412,9.412,-0.472,1.0,COMPASSVALE DRIVE,12.31
compassvale_drive,Compassvale Drive,1994.0,35183.222,41070.444,13.906,9.4,9.412,,,COMPASSVALE DRIVE,12.255
compassvale_drive,Compassvale Drive,1996.0,35185.095,41069.741,9.388,9.388,9.412,,,COMPASSVALE DRIVE,12.201
compassvale_drive,Compassvale Drive,1998.0,35186.964,41069.03,9.37,9.68,9.68,,,COMPASSVALE DRIVE,12.137
compassvale_drive,Compassvale Drive,2000.0,35188.833,41068.317,9.355,9.972,9.972,,,COMPASSVALE DRIVE,12.072
compassvale_drive,Compassvale Drive,2002.0,35190.702,41067.605,9.356,10.264,10.264,,,COMPASSVALE DRIVE,12.007
compassvale_drive,Compassvale Drive,2004.0,35192.571,41066.892,14.146,10.556,10.556,,,COMPASSVALE DRIVE,11.942
compassvale_drive,Compassvale Drive,2006.0,35194.44,41066.183,12.843,10.613,10.556,,,COMPASSVALE DRIVE,11.88
compassvale_drive,Compassvale Drive,2008.0,35196.321,41065.502,12.452,10.67,10.556,,,COMPASSVALE DRIVE,11.848
compassvale_drive,Compassvale Drive,2010.0,35198.201,41064.821,15.454,10.455,10.455,,,COMPASSVALE DRIVE,11.817
compassvale_drive,Compassvale Drive,2012.0,35200.082,41064.14,9.264,10.24,10.24,,,COMPASSVALE DRIVE,11.786
compassvale_drive,Compassvale Drive,2014.0,35201.963,41063.459,9.251,10.025,10.025,,,COMPASSVALE DRIVE,11.754
compassvale_drive,Compassvale Drive,2016.0,35203.853,41062.806,13.439,9.81,9.81,,,COMPASSVALE DRIVE,11.752
compassvale_drive,Compassvale Drive,2018.0,35205.757,41062.194,15.308,9.595,9.595,,,COMPASSVALE DRIVE,11.793
compassvale_drive,Compassvale Drive,2020.0,35207.661,41061.581,9.179,9.381,9.381,,,COMPASSVALE DRIVE,11.834
compassvale_drive,Compassvale Drive,2022.0,35209.564,41060.969,9.166,9.166,9.166,,,COMPASSVALE DRIVE,11.876
compassvale_drive,Compassvale Drive,2024.0,35211.468,41060.357,9.141,9.141,9.141,,,COMPASSVALE DRIVE,11.917
compassvale_drive,Compassvale Drive,2026.0,35213.372,41059.745,9.138,9.138,9.138,-1.072,1.0,COMPASSVALE DRIVE,11.958
compassvale_drive,Compassvale Drive,2028.0,35215.274,41059.127,9.092,9.092,9.092,-0.919,1.0,COMPASSVALE DRIVE,11.993
compassvale_drive,Compassvale Drive,2030.0,35217.163,41058.468,12.737,9.08,9.08,-1.113,1.0,COMPASSVALE DRIVE,11.985
compassvale_drive,Compassvale Drive,2032.0,35219.051,41057.81,9.067,9.067,9.067,-0.675,1.0,COMPASSVALE DRIVE,11.977
compassvale_drive,Compassvale Drive,2034.0,35220.94,41057.151,9.05,9.05,9.05,-0.894,1.0,COMPASSVALE DRIVE,11.97
compassvale_drive,Compassvale Drive,2036.0,35222.828,41056.493,9.038,9.038,9.038,-0.856,1.0,COMPASSVALE DRIVE,11.962
compassvale_drive,Compassvale Drive,2038.0,35224.717,41055.834,9.008,9.008,9.008,-0.65,1.0,COMPASSVALE DRIVE,11.955
compassvale_drive,Compassvale Drive,2040.0,35226.605,41055.176,8.998,8.998,8.999,-0.638,1.0,COMPASSVALE DRIVE,11.947
compassvale_drive,Compassvale Drive,2042.0,35228.494,41054.517,8.999,8.999,8.998,-0.344,1.0,COMPASSVALE DRIVE,11.94
compassvale_drive,Compassvale Drive,2044.0,35230.382,41053.859,12.897,8.988,8.988,-0.288,1.0,COMPASSVALE DRIVE,11.934
compassvale_drive,Compassvale Drive,2046.0,35232.271,41053.2,8.976,8.976,8.981,-0.281,1.0,COMPASSVALE DRIVE,11.928
compassvale_drive,Compassvale Drive,2048.0,35234.159,41052.542,8.981,8.981,8.976,-0.287,1.0,COMPASSVALE DRIVE,11.922
compassvale_drive,Compassvale Drive,2050.0,35236.048,41051.883,8.975,8.975,8.975,-0.319,1.0,COMPASSVALE DRIVE,11.916
compassvale_drive,Compassvale Drive,2052.0,35237.936,41051.224,8.965,8.965,8.965,-0.462,1.0,COMPASSVALE DRIVE,11.909
compassvale_drive,Compassvale Drive,2054.0,35239.824,41050.564,8.956,8.956,8.956,-0.456,1.0,COMPASSVALE DRIVE,11.902
compassvale_drive,Compassvale Drive,2056.0,35241.712,41049.905,8.938,8.938,8.939,-0.578,1.0,COMPASSVALE DRIVE,11.894
compassvale_drive,Compassvale Drive,2058.0,35243.6,41049.245,8.939,8.939,8.938,-0.738,1.0,COMPASSVALE DRIVE,11.887
compassvale_drive,Compassvale Drive,2060.0,35245.488,41048.585,8.918,8.918,8.918,-0.834,1.0,COMPASSVALE DRIVE,11.88
compassvale_drive,Compassvale Drive,2062.0,35247.376,41047.926,8.896,8.896,8.896,-0.986,1.0,COMPASSVALE DRIVE,11.872
compassvale_drive,Compassvale Drive,2064.0,35249.265,41047.266,8.872,8.872,8.872,-0.891,1.0,COMPASSVALE DRIVE,11.865
compassvale_drive,Compassvale Drive,2066.0,35251.165,41046.642,12.601,8.86,8.86,-0.825,1.0,COMPASSVALE DRIVE,11.895
compassvale_drive,Compassvale Drive,2068.0,35253.065,41046.018,8.847,8.847,8.847,-0.728,1.0,COMPASSVALE DRIVE,11.926
compassvale_drive,Compassvale Drive,2070.0,35254.965,41045.394,13.426,8.83,8.83,-0.895,1.0,COMPASSVALE DRIVE,11.956
compassvale_drive,Compassvale Drive,2072.0,35256.865,41044.771,8.814,8.814,8.814,-0.909,1.0,COMPASSVALE DRIVE,11.987
compassvale_drive,Compassvale Drive,2074.0,35258.766,41044.147,8.788,8.788,8.788,-0.988,1.0,COMPASSVALE DRIVE,12.017
compassvale_drive,Compassvale Drive,2076.0,35260.666,41043.523,8.774,8.774,8.774,-0.961,1.0,COMPASSVALE DRIVE,12.047
compassvale_drive,Compassvale Drive,2078.0,35262.566,41042.899,8.752,8.752,8.752,-0.816,1.0,COMPASSVALE DRIVE,12.078
compassvale_drive,Compassvale Drive,2080.0,35264.466,41042.275,11.957,8.737,8.737,-1.156,1.0,COMPASSVALE DRIVE,12.108
compassvale_drive,Compassvale Drive,2082.0,35266.366,41041.651,8.723,8.723,8.723,-1.172,1.0,COMPASSVALE DRIVE,12.139
compassvale_drive,Compassvale Drive,2084.0,35268.267,41041.027,8.682,8.682,8.682,-1.267,1.0,COMPASSVALE DRIVE,12.169
compassvale_drive,Compassvale Drive,2086.0,35270.167,41040.403,8.636,8.636,8.658,-1.316,1.0,COMPASSVALE DRIVE,12.199
compassvale_drive,Compassvale Drive,2088.0,35272.067,41039.779,8.658,8.658,8.636,-1.072,1.0,COMPASSVALE DRIVE,12.23
compassvale_drive,Compassvale Drive,2090.0,35273.998,41039.262,8.572,8.572,8.618,-1.016,1.0,COMPASSVALE DRIVE,12.371
compassvale_drive,Compassvale Drive,2092.0,35275.934,41038.76,8.618,8.618,8.596,-0.741,1.0,COMPASSVALE DRIVE,12.528
compassvale_drive,Compassvale Drive,2094.0,35277.87,41038.258,8.576,8.576,8.576,-0.531,1.0,COMPASSVALE DRIVE,12.686
compassvale_drive,Compassvale Drive,2096.0,35279.806,41037.756,8.596,8.596,8.576,-0.49,1.0,COMPASSVALE DRIVE,12.843
compassvale_drive,Compassvale Drive,2098.0,35281.742,41037.254,8.575,8.575,8.575,-0.473,1.0,COMPASSVALE DRIVE,13.001
compassvale_drive,Compassvale Drive,2100.0,35283.692,41036.809,13.616,8.557,8.557,-0.7,1.0,COMPASSVALE DRIVE,13.216
compassvale_drive,Compassvale Drive,2102.0,35285.643,41036.367,12.33,8.539,8.539,-1.481,1.0,COMPASSVALE DRIVE,13.434
compassvale_drive,Compassvale Drive,2104.0,35287.593,41035.924,8.52,8.52,8.52,-2.02,1.0,COMPASSVALE DRIVE,13.652
compassvale_drive,Compassvale Drive,2106.0,35289.543,41035.481,8.456,8.456,8.456,-2.093,1.0,COMPASSVALE DRIVE,13.871
compassvale_drive,Compassvale Drive,2108.0,35291.494,41035.039,8.395,8.395,8.395,-2.162,1.0,COMPASSVALE DRIVE,14.089
compassvale_drive,Compassvale Drive,2110.0,35293.444,41034.596,8.371,8.371,8.371,-1.362,1.0,COMPASSVALE DRIVE,14.307
compassvale_drive,Compassvale Drive,2112.0,35295.395,41034.153,8.347,8.347,8.348,,,COMPASSVALE DRIVE,14.525
compassvale_drive,Compassvale Drive,2114.0,35297.345,41033.711,8.316,8.316,8.348,,,COMPASSVALE DRIVE,14.743
compassvale_drive,Compassvale Drive,2116.0,35299.295,41033.268,8.997,8.348,8.348,,,COMPASSVALE DRIVE,14.961
compassvale_drive,Compassvale Drive,2118.0,35301.246,41032.826,8.28,8.379,8.379,,,COMPASSVALE DRIVE,15.179
compassvale_drive,Compassvale Drive,2120.0,35303.196,41032.383,8.698,8.411,8.411,,,COMPASSVALE DRIVE,15.397
compassvale_drive,Compassvale Drive,2122.0,35305.147,41031.94,8.236,8.442,8.442,,,COMPASSVALE DRIVE,15.615
compassvale_drive,Compassvale Drive,2124.0,35307.084,41031.444,8.474,8.474,8.474,,,COMPASSVALE DRIVE,15.778
compassvale_drive,Compassvale Drive,2126.0,35309.018,41030.933,8.477,8.687,8.687,,,COMPASSVALE DRIVE,15.927
compassvale_drive,Compassvale Drive,2128.0,35310.951,41030.423,8.468,8.9,8.9,,,COMPASSVALE DRIVE,16.076
compassvale_drive,Compassvale Drive,2130.0,35312.885,41029.913,10.758,9.165,9.165,,,COMPASSVALE DRIVE,16.224
compassvale_drive,Compassvale Drive,2132.0,35314.819,41029.402,8.208,9.43,9.43,,,COMPASSVALE DRIVE,16.373
compassvale_drive,Compassvale Drive,2134.0,35316.694,41028.737,10.168,9.695,9.695,,,COMPASSVALE DRIVE,16.356
compassvale_drive,Compassvale Drive,2136.0,35318.479,41027.836,11.161,9.96,9.695,,,COMPASSVALE DRIVE,16.087
compassvale_drive,Compassvale Drive,2138.0,35320.265,41026.934,9.995,9.751,9.695,,,COMPASSVALE DRIVE,15.817
compassvale_drive,Compassvale Drive,2140.0,35322.05,41026.033,10.427,9.543,9.543,,,COMPASSVALE DRIVE,15.548
compassvale_drive,Compassvale Drive,2142.0,35323.835,41025.131,10.872,9.335,9.335,,,COMPASSVALE DRIVE,15.278
compassvale_drive,Compassvale Drive,2144.0,35325.621,41024.23,9.188,9.127,9.335,,,COMPASSVALE DRIVE,15.009
compassvale_drive,Compassvale Drive,2146.0,35327.404,41023.324,9.169,9.289,9.335,,,COMPASSVALE DRIVE,14.735
compassvale_drive,Compassvale Drive,2148.0,35329.183,41022.411,8.71,9.575,9.575,,,COMPASSVALE DRIVE,14.452
compassvale_drive,Compassvale Drive,2150.0,35330.962,41021.497,8.644,9.883,9.883,,,COMPASSVALE DRIVE,14.169
compassvale_drive,Compassvale Drive,2152.0,35332.741,41020.584,8.686,10.19,10.19,,,COMPASSVALE DRIVE,13.886
compassvale_drive,Compassvale Drive,2154.0,35334.532,41019.693,12.388,10.465,10.465,,,COMPASSVALE DRIVE,13.628
compassvale_drive,Compassvale Drive,2156.0,35336.339,41018.836,12.342,10.74,10.74,,,COMPASSVALE DRIVE,13.408
compassvale_drive,Compassvale Drive,2158.0,35338.146,41017.979,11.354,11.014,11.014,,,COMPASSVALE DRIVE,13.188
compassvale_drive,Compassvale Drive,2160.0,35339.953,41017.122,11.181,11.181,11.181,,,COMPASSVALE DRIVE,12.968
compassvale_drive,Compassvale Drive,2162.0,35341.76,41016.265,9.742,11.211,11.211,,,COMPASSVALE DRIVE,12.748
compassvale_drive,Compassvale Drive,2164.0,35343.568,41015.409,9.429,11.242,11.242,,,COMPASSVALE DRIVE,12.528
compassvale_drive,Compassvale Drive,2166.0,35345.375,41014.552,10.405,11.272,11.272,,,COMPASSVALE DRIVE,12.307
compassvale_drive,Compassvale Drive,2168.0,35347.182,41013.695,11.208,11.302,11.302,,,COMPASSVALE DRIVE,12.087
compassvale_drive,Compassvale Drive,2170.0,35348.989,41012.838,10.854,11.333,11.333,,,COMPASSVALE DRIVE,11.867
compassvale_drive,Compassvale Drive,2172.0,35350.796,41011.981,11.421,11.363,11.363,,,COMPASSVALE DRIVE,11.647
compassvale_drive,Compassvale Drive,2174.0,35352.603,41011.125,9.045,11.394,11.363,,,COMPASSVALE DRIVE,11.427
compassvale_drive,Compassvale Drive,2176.0,35354.411,41010.268,16.293,11.367,11.363,,,COMPASSVALE DRIVE,11.207
compassvale_drive,Compassvale Drive,2178.0,35356.218,41009.411,8.621,11.34,11.367,,,COMPASSVALE DRIVE,10.987
compassvale_drive,Compassvale Drive,2180.0,35358.025,41008.554,11.313,11.313,11.367,,,COMPASSVALE DRIVE,10.767
compassvale_drive,Compassvale Drive,2182.0,35359.832,41007.698,12.175,11.522,11.522,,,COMPASSVALE DRIVE,10.547
compassvale_drive,Compassvale Drive,2184.0,35361.709,41007.008,13.263,11.731,11.731,,,COMPASSVALE DRIVE,10.507
compassvale_drive,Compassvale Drive,2186.0,35363.589,41006.325,13.447,11.941,11.941,,,COMPASSVALE DRIVE,10.475
compassvale_drive,Compassvale Drive,2188.0,35365.469,41005.642,10.339,12.15,12.15,,,COMPASSVALE DRIVE,10.443
compassvale_drive,Compassvale Drive,2190.0,35367.348,41004.959,8.09,12.36,12.36,,,COMPASSVALE DRIVE,10.411
compassvale_drive,Compassvale Drive,2192.0,35369.125,41004.067,11.2,12.569,12.569,,,COMPASSVALE DRIVE,10.147
compassvale_drive,Compassvale Drive,2194.0,35370.809,41002.987,8.536,12.778,12.778,,,COMPASSVALE DRIVE,9.676
compassvale_drive,Compassvale Drive,2196.0,35372.492,41001.908,8.316,12.988,12.988,,,COMPASSVALE DRIVE,9.206
compassvale_drive,Compassvale Drive,2198.0,35374.176,41000.829,12.732,13.197,12.988,,,COMPASSVALE DRIVE,8.735
compassvale_drive,Compassvale Drive,2200.0,35375.86,40999.749,13.451,13.087,12.988,,,COMPASSVALE DRIVE,8.264
compassvale_drive,Compassvale Drive,2202.0,35377.544,40998.67,10.744,12.977,12.977,,,COMPASSVALE DRIVE,7.793
compassvale_drive,Compassvale Drive,2204.0,35379.227,40997.591,13.781,12.388,12.388,,,COMPASSVALE DRIVE,7.323
compassvale_drive,Compassvale Drive,2206.0,35380.911,40996.511,13.956,11.8,11.8,,,COMPASSVALE DRIVE,6.852
compassvale_drive,Compassvale Drive,2208.0,35382.595,40995.432,10.408,11.211,11.211,,,COMPASSVALE DRIVE,6.381
compassvale_drive,Compassvale Drive,2210.0,35384.279,40994.353,9.886,,10.623,,,COMPASSVALE DRIVE,5.91
compassvale_drive,Compassvale Drive,2212.0,35385.962,40993.273,9.586,10.034,10.034,,,COMPASSVALE DRIVE,5.44
compassvale_drive,Compassvale Drive,2214.0,35387.646,40992.194,7.636,9.446,9.446,,,COMPASSVALE DRIVE,4.969
compassvale_drive,Compassvale Drive,2216.0,35389.33,40991.115,7.648,8.857,8.857,,,COMPASSVALE DRIVE,4.498
compassvale_drive,Compassvale Drive,2218.0,35391.014,40990.035,7.665,8.269,8.555,,,COMPASSVALE DRIVE,4.027
compassvale_drive,Compassvale Drive,2220.0,35391.715,40989.377,7.68,8.412,8.555,,,COMPASSVALE DRIVE,3.635
compassvale_drive,Compassvale Drive,2222.0,35389.773,40989.855,7.67,8.555,8.555,,,COMPASSVALE DRIVE,3.452
compassvale_drive,Compassvale Drive,2224.0,35387.831,40990.332,7.66,8.699,8.699,,,COMPASSVALE DRIVE,3.269
compassvale_drive,Compassvale Drive,2226.0,35385.889,40990.809,7.654,8.842,8.842,,,COMPASSVALE DRIVE,3.086
compassvale_drive,Compassvale Drive,2228.0,35383.946,40991.286,7.666,8.985,8.985,,,COMPASSVALE DRIVE,2.903
compassvale_drive,Compassvale Drive,2230.0,35382.004,40991.763,10.101,9.129,8.985,,,COMPASSVALE DRIVE,2.72
compassvale_drive,Compassvale Drive,2232.0,35380.062,40992.24,10.111,9.272,8.985,,,COMPASSVALE DRIVE,2.538
compassvale_drive,Compassvale Drive,2234.0,35378.12,40992.718,10.113,8.979,8.979,,,COMPASSVALE DRIVE,2.355
compassvale_drive,Compassvale Drive,2236.0,35376.177,40993.195,10.128,8.685,8.685,,,COMPASSVALE DRIVE,2.172
compassvale_drive,Compassvale Drive,2238.0,35374.235,40993.672,7.909,8.392,8.392,,,COMPASSVALE DRIVE,1.989
compassvale_drive,Compassvale Drive,2240.0,35372.293,40994.149,8.05,8.099,8.099,,,COMPASSVALE DRIVE,1.806
compassvale_drive,Compassvale Drive,2242.0,35370.351,40994.626,7.805,7.805,7.932,,,COMPASSVALE DRIVE,1.624
compassvale_drive,Compassvale Drive,2244.0,35368.408,40995.103,7.903,7.903,7.932,,,COMPASSVALE DRIVE,1.441
compassvale_drive,Compassvale Drive,2246.0,35366.466,40995.581,7.932,7.932,7.932,0.58,1.0,COMPASSVALE DRIVE,1.258
compassvale_drive,Compassvale Drive,2248.0,35364.524,40996.058,7.957,7.957,7.957,0.9,1.0,COMPASSVALE DRIVE,1.075
compassvale_drive,Compassvale Drive,2250.0,35362.582,40996.535,7.978,7.978,7.978,0.927,1.0,COMPASSVALE DRIVE,0.892
compassvale_drive,Compassvale Drive,2252.0,35360.639,40997.012,8.004,8.004,8.004,1.056,1.0,COMPASSVALE DRIVE,0.71
compassvale_drive,Compassvale Drive,2254.0,35358.697,40997.489,8.006,8.006,8.006,1.062,1.0,COMPASSVALE DRIVE,0.527
compassvale_drive,Compassvale Drive,2256.0,35356.755,40997.966,8.042,8.042,8.042,0.98,1.0,COMPASSVALE DRIVE,0.344
compassvale_drive,Compassvale Drive,2258.0,35354.813,40998.444,8.063,8.063,8.063,1.269,1.0,COMPASSVALE DRIVE,0.161
compassvale_drive,Compassvale Drive,2260.0,35352.87,40998.921,8.082,8.082,8.082,0.948,1.0,COMPASSVALE DRIVE,0.022
compassvale_drive,Compassvale Drive,2262.0,35350.928,40999.398,8.107,8.107,8.107,1.099,1.0,COMPASSVALE DRIVE,0.205
compassvale_drive,Compassvale Drive,2264.0,35348.986,40999.875,8.118,8.118,8.118,1.519,1.0,COMPASSVALE DRIVE,0.387
compassvale_drive,Compassvale Drive,2266.0,35347.044,41000.352,8.151,8.151,8.151,1.506,1.0,COMPASSVALE DRIVE,0.57
compassvale_drive,Compassvale Drive,2268.0,35345.101,41000.829,8.203,8.203,8.203,1.519,1.0,COMPASSVALE DRIVE,0.753
compassvale_drive,Compassvale Drive,2270.0,35343.159,41001.307,8.228,8.228,8.228,,,COMPASSVALE DRIVE,0.936
compassvale_drive,Compassvale Drive,2272.0,35341.217,41001.784,8.239,8.239,8.239,,,COMPASSVALE DRIVE,1.119
compassvale_drive,Compassvale Drive,2274.0,35339.275,41002.261,8.313,8.507,8.507,,,COMPASSVALE DRIVE,1.301
compassvale_drive,Compassvale Drive,2276.0,35337.332,41002.738,8.36,8.776,8.663,,,COMPASSVALE DRIVE,1.484
compassvale_drive,Compassvale Drive,2278.0,35335.39,41003.215,11.288,8.719,8.663,,,COMPASSVALE DRIVE,1.667
compassvale_drive,Compassvale Drive,2280.0,35333.448,41003.692,11.402,8.663,8.663,,,COMPASSVALE DRIVE,1.85
compassvale_drive,Compassvale Drive,2282.0,35331.506,41004.169,10.994,8.606,8.606,,,COMPASSVALE DRIVE,2.033
compassvale_drive,Compassvale Drive,2284.0,35329.563,41004.647,8.582,8.55,8.55,,,COMPASSVALE DRIVE,2.215
compassvale_drive,Compassvale Drive,2286.0,35327.621,41005.124,8.254,8.493,8.493,,,COMPASSVALE DRIVE,2.398
compassvale_drive,Compassvale Drive,2288.0,35325.679,41005.601,11.662,8.437,8.437,,,COMPASSVALE DRIVE,2.581
compassvale_drive,Compassvale Drive,2290.0,35323.737,41006.078,13.092,8.38,8.38,,,COMPASSVALE DRIVE,2.764
compassvale_drive,Compassvale Drive,2292.0,35321.794,41006.555,11.666,8.324,8.324,,,COMPASSVALE DRIVE,2.947
compassvale_drive,Compassvale Drive,2294.0,35319.852,41007.032,8.267,8.267,8.324,,,COMPASSVALE DRIVE,3.13
compassvale_drive,Compassvale Drive,2296.0,35317.91,41007.51,8.272,8.272,8.324,,,COMPASSVALE DRIVE,3.312
compassvale_drive,Compassvale Drive,2298.0,35315.968,41007.987,8.274,8.485,8.485,,,COMPASSVALE DRIVE,3.495
compassvale_drive,Compassvale Drive,2300.0,35314.025,41008.464,8.275,8.792,8.792,,,COMPASSVALE DRIVE,3.678
compassvale_drive,Compassvale Drive,2302.0,35312.083,41008.941,9.533,9.1,9.1,,,COMPASSVALE DRIVE,3.861
compassvale_drive,Compassvale Drive,2304.0,35310.141,41009.418,9.542,9.348,9.348,,,COMPASSVALE DRIVE,4.044
compassvale_drive,Compassvale Drive,2306.0,35308.199,41009.895,9.545,9.597,9.597,,,COMPASSVALE DRIVE,4.226
compassvale_drive,Compassvale Drive,2308.0,35306.256,41010.373,9.058,9.846,9.846,,,COMPASSVALE DRIVE,4.409
compassvale_drive,Compassvale Drive,2310.0,35304.314,41010.85,9.061,10.095,10.095,,,COMPASSVALE DRIVE,4.592
compassvale_drive,Compassvale Drive,2312.0,35302.372,41011.327,10.684,10.344,10.095,,,COMPASSVALE DRIVE,4.775
compassvale_drive,Compassvale Drive,2314.0,35300.43,41011.804,10.684,10.119,10.095,,,COMPASSVALE DRIVE,4.958
compassvale_drive,Compassvale Drive,2316.0,35298.487,41012.281,10.687,9.848,9.848,,,COMPASSVALE DRIVE,5.14
compassvale_drive,Compassvale Drive,2318.0,35296.545,41012.758,10.694,9.577,9.577,,,COMPASSVALE DRIVE,5.323
compassvale_drive,Compassvale Drive,2320.0,35294.603,41013.236,8.318,9.322,9.322,,,COMPASSVALE DRIVE,5.506
compassvale_drive,Compassvale Drive,2322.0,35292.661,41013.713,8.312,9.067,9.067,,,COMPASSVALE DRIVE,5.689
compassvale_drive,Compassvale Drive,2324.0,35290.719,41014.19,8.312,8.812,8.812,,,COMPASSVALE DRIVE,5.872
compassvale_drive,Compassvale Drive,2326.0,35288.776,41014.667,8.308,8.557,8.557,,,COMPASSVALE DRIVE,6.055
compassvale_drive,Compassvale Drive,2328.0,35286.834,41015.144,8.302,8.302,8.302,,,COMPASSVALE DRIVE,6.237
compassvale_drive,Compassvale Drive,2330.0,35284.892,41015.621,8.295,8.295,8.295,,,COMPASSVALE DRIVE,6.42
compassvale_drive,Compassvale Drive,2332.0,35282.95,41016.099,8.292,8.292,8.292,-0.138,1.0,COMPASSVALE DRIVE,6.603
compassvale_drive,Compassvale Drive,2334.0,35281.007,41016.576,8.291,8.291,8.292,-0.053,1.0,COMPASSVALE DRIVE,6.786
compassvale_drive,Compassvale Drive,2336.0,35279.065,41017.053,8.292,8.292,8.292,-0.003,1.0,COMPASSVALE DRIVE,6.969
compassvale_drive,Compassvale Drive,2338.0,35277.123,41017.53,8.292,8.292,8.291,0.0,1.0,COMPASSVALE DRIVE,7.151
compassvale_drive,Compassvale Drive,2340.0,35275.181,41018.007,8.262,8.262,8.292,1.488,1.0,COMPASSVALE DRIVE,7.334
compassvale_drive,Compassvale Drive,2342.0,35273.238,41018.484,8.28,8.28,8.292,1.55,1.0,COMPASSVALE DRIVE,7.517
compassvale_drive,Compassvale Drive,2344.0,35271.296,41018.962,8.41,8.41,8.41,2.319,1.0,COMPASSVALE DRIVE,7.7
compassvale_drive,Compassvale Drive,2346.0,35269.354,41019.439,8.415,8.415,8.415,2.331,1.0,COMPASSVALE DRIVE,7.883
compassvale_drive,Compassvale Drive,2348.0,35267.412,41019.916,8.477,8.477,8.477,1.075,1.0,COMPASSVALE DRIVE,8.065
compassvale_drive,Compassvale Drive,2350.0,35265.469,41020.393,8.478,8.478,8.478,1.228,1.0,COMPASSVALE DRIVE,8.248
compassvale_drive,Compassvale Drive,2352.0,35263.527,41020.87,8.518,8.518,8.497,0.506,1.0,COMPASSVALE DRIVE,8.431
compassvale_drive,Compassvale Drive,2354.0,35261.585,41021.347,8.497,8.497,8.513,0.578,1.0,COMPASSVALE DRIVE,8.614
compassvale_drive,Compassvale Drive,2356.0,35259.643,41021.825,8.513,8.513,8.518,0.475,1.0,COMPASSVALE DRIVE,8.797
compassvale_drive,Compassvale Drive,2358.0,35257.7,41022.302,8.524,8.524,8.524,0.266,1.0,COMPASSVALE DRIVE,8.98
compassvale_drive,Compassvale Drive,2360.0,35255.758,41022.779,8.535,8.535,8.535,0.372,1.0,COMPASSVALE DRIVE,9.162
compassvale_drive,Compassvale Drive,2362.0,35253.816,41023.256,8.66,8.66,8.535,0.322,1.0,COMPASSVALE DRIVE,9.345
compassvale_drive,Compassvale Drive,2364.0,35251.874,41023.733,8.547,8.547,8.547,0.194,1.0,COMPASSVALE DRIVE,9.528
compassvale_drive,Compassvale Drive,2366.0,35249.931,41024.21,8.509,8.509,8.55,1.25,1.0,COMPASSVALE DRIVE,9.711
compassvale_drive,Compassvale Drive,2368.0,35247.989,41024.688,8.55,8.55,8.55,1.644,1.0,COMPASSVALE DRIVE,9.894
compassvale_drive,Compassvale Drive,2370.0,35246.047,41025.165,8.635,8.635,8.635,1.9,1.0,COMPASSVALE DRIVE,10.076
compassvale_drive,Compassvale Drive,2372.0,35244.105,41025.642,8.702,8.702,8.679,1.953,1.0,COMPASSVALE DRIVE,10.259
compassvale_drive,Compassvale Drive,2374.0,35242.162,41026.119,8.72,8.72,8.702,1.069,1.0,COMPASSVALE DRIVE,10.442
compassvale_drive,Compassvale Drive,2376.0,35240.22,41026.596,8.679,8.679,8.706,0.406,1.0,COMPASSVALE DRIVE,10.625
compassvale_drive,Compassvale Drive,2378.0,35238.278,41027.073,8.706,8.706,8.72,0.487,1.0,COMPASSVALE DRIVE,10.808
compassvale_drive,Compassvale Drive,2380.0,35236.336,41027.551,8.752,8.752,8.711,0.434,1.0,COMPASSVALE DRIVE,10.99
compassvale_drive,Compassvale Drive,2382.0,35234.393,41028.028,8.741,8.741,8.741,0.262,1.0,COMPASSVALE DRIVE,11.173
compassvale_drive,Compassvale Drive,2384.0,35232.451,41028.505,8.711,8.711,8.741,0.691,1.0,COMPASSVALE DRIVE,11.356
compassvale_drive,Compassvale Drive,2386.0,35230.509,41028.982,8.801,8.801,8.741,0.75,1.0,COMPASSVALE DRIVE,11.539
compassvale_drive,Compassvale Drive,2388.0,35228.567,41029.459,8.732,8.732,8.766,0.756,1.0,COMPASSVALE DRIVE,11.722
compassvale_drive,Compassvale Drive,2390.0,35226.624,41029.936,8.802,8.802,8.801,0.875,1.0,COMPASSVALE DRIVE,11.905
compassvale_drive,Compassvale Drive,2392.0,35224.682,41030.413,8.766,8.766,8.802,0.616,1.0,COMPASSVALE DRIVE,12.087
compassvale_drive,Compassvale Drive,2394.0,35222.74,41030.891,8.816,8.816,8.811,0.297,1.0,COMPASSVALE DRIVE,12.27
compassvale_drive,Compassvale Drive,2396.0,35220.798,41031.368,8.811,8.811,8.816,0.462,1.0,COMPASSVALE DRIVE,12.453
compassvale_drive,Compassvale Drive,2398.0,35218.855,41031.845,8.825,8.825,8.825,0.469,1.0,COMPASSVALE DRIVE,12.636
compassvale_drive,Compassvale Drive,2400.0,35216.913,41032.322,8.838,8.838,8.838,0.5,1.0,COMPASSVALE DRIVE,12.817
compassvale_drive,Compassvale Drive,2402.0,35214.971,41032.799,8.848,8.848,8.848,0.491,1.0,COMPASSVALE DRIVE,12.998
compassvale_drive,Compassvale Drive,2404.0,35213.029,41033.276,8.856,8.856,8.856,0.344,1.0,COMPASSVALE DRIVE,13.18
compassvale_drive,Compassvale Drive,2406.0,35211.086,41033.754,8.864,8.864,8.864,0.334,1.0,COMPASSVALE DRIVE,13.361
compassvale_drive,Compassvale Drive,2408.0,35209.144,41034.231,8.866,8.866,8.866,0.391,1.0,COMPASSVALE DRIVE,13.542
compassvale_drive,Compassvale Drive,2410.0,35207.202,41034.708,8.875,8.875,8.875,0.612,1.0,COMPASSVALE DRIVE,13.724
compassvale_drive,Compassvale Drive,2412.0,35205.26,41035.185,8.887,8.887,8.887,,,COMPASSVALE DRIVE,13.905
compassvale_drive,Compassvale Drive,2414.0,35203.317,41035.662,8.913,8.913,8.913,,,COMPASSVALE DRIVE,14.086
compassvale_drive,Compassvale Drive,2416.0,35201.375,41036.139,10.131,8.938,8.938,1.281,1.0,COMPASSVALE DRIVE,14.268
compassvale_drive,Compassvale Drive,2418.0,35199.433,41036.617,10.36,8.964,8.964,,,COMPASSVALE DRIVE,14.449
compassvale_drive,Compassvale Drive,2420.0,35197.491,41037.094,8.99,8.99,8.99,,,COMPASSVALE DRIVE,14.63
compassvale_drive,Compassvale Drive,2422.0,35195.549,41037.571,10.118,8.998,8.998,,,COMPASSVALE DRIVE,14.812
compassvale_drive,Compassvale Drive,2424.0,35193.606,41038.048,9.594,9.007,9.007,0.428,1.0,COMPASSVALE DRIVE,14.993
compassvale_drive,Compassvale Drive,2426.0,35191.664,41038.525,9.549,9.015,9.015,,,COMPASSVALE DRIVE,15.174
compassvale_drive,Compassvale Drive,2428.0,35189.722,41039.002,9.024,9.024,9.024,,,COMPASSVALE DRIVE,15.356
compassvale_drive,Compassvale Drive,2430.0,35187.78,41039.48,9.048,9.048,9.048,,,COMPASSVALE DRIVE,15.537
compassvale_drive,Compassvale Drive,2432.0,35185.837,41039.957,9.076,9.076,9.048,0.659,1.0,COMPASSVALE DRIVE,15.718
compassvale_drive,Compassvale Drive,2434.0,35183.895,41040.434,9.048,9.048,9.063,0.597,1.0,COMPASSVALE DRIVE,15.9
compassvale_drive,Compassvale Drive,2436.0,35181.953,41040.911,9.063,9.063,9.076,1.006,1.0,COMPASSVALE DRIVE,16.081
compassvale_drive,Compassvale Drive,2438.0,35180.011,41041.388,12.218,9.096,9.096,1.181,1.0,COMPASSVALE DRIVE,16.262
compassvale_drive,Compassvale Drive,2440.0,35178.219,41042.272,9.129,9.129,9.129,1.291,1.0,COMPASSVALE DRIVE,16.01
compassvale_drive,Compassvale Drive,2442.0,35176.433,41043.172,9.157,9.157,9.157,1.478,1.0,COMPASSVALE DRIVE,15.74
compassvale_drive,Compassvale Drive,2444.0,35174.646,41044.072,9.18,9.18,9.18,1.438,1.0,COMPASSVALE DRIVE,15.471
compassvale_drive,Compassvale Drive,2446.0,35172.86,41044.972,9.214,9.214,9.214,1.411,1.0,COMPASSVALE DRIVE,15.202
compassvale_drive,Compassvale Drive,2448.0,35171.074,41045.872,9.244,9.244,9.244,1.462,1.0,COMPASSVALE DRIVE,14.933
compassvale_drive,Compassvale Drive,2450.0,35169.278,41046.749,15.594,9.27,9.27,,,COMPASSVALE DRIVE,14.688
compassvale_drive,Compassvale Drive,2452.0,35167.421,41047.493,9.297,9.297,9.297,,,COMPASSVALE DRIVE,14.589
compassvale_drive,Compassvale Drive,2454.0,35165.565,41048.238,10.638,9.332,9.332,,,COMPASSVALE DRIVE,14.49
compassvale_drive,Compassvale Drive,2456.0,35163.709,41048.982,13.811,9.367,9.367,,,COMPASSVALE DRIVE,14.391
compassvale_drive,Compassvale Drive,2458.0,35161.852,41049.726,15.413,9.403,9.403,,,COMPASSVALE DRIVE,14.292
compassvale_drive,Compassvale Drive,2460.0,35159.996,41050.47,9.414,9.438,9.438,,,COMPASSVALE DRIVE,14.193
compassvale_drive,Compassvale Drive,2462.0,35158.14,41051.214,9.473,9.473,9.473,,,COMPASSVALE DRIVE,14.094
compassvale_drive,Compassvale Drive,2464.0,35156.283,41051.959,9.586,9.586,9.586,,,COMPASSVALE DRIVE,13.995
compassvale_drive,Compassvale Drive,2466.0,35154.427,41052.703,9.64,9.64,9.64,,,COMPASSVALE DRIVE,13.895
compassvale_drive,Compassvale Drive,2468.0,35152.57,41053.447,9.704,9.704,9.704,4.08,1.0,COMPASSVALE DRIVE,13.796
compassvale_drive,Compassvale Drive,2470.0,35150.714,41054.191,10.108,9.912,9.912,3.111,1.0,COMPASSVALE DRIVE,13.697
compassvale_drive,Compassvale Drive,2472.0,35148.858,41054.935,10.12,10.12,9.912,2.142,1.0,COMPASSVALE DRIVE,13.598
compassvale_drive,Compassvale Drive,2474.0,35147.001,41055.68,10.163,9.976,9.912,0.839,1.0,COMPASSVALE DRIVE,13.499
compassvale_drive,Compassvale Drive,2476.0,35145.145,41056.424,9.832,9.832,9.875,-0.464,1.0,COMPASSVALE DRIVE,13.4
compassvale_drive,Compassvale Drive,2478.0,35143.289,41057.168,9.875,9.875,9.875,,,COMPASSVALE DRIVE,13.301
compassvale_drive,Compassvale Drive,2480.0,35141.432,41057.912,9.776,9.776,9.875,,,COMPASSVALE DRIVE,13.202
compassvale_drive,Compassvale Drive,2482.0,35139.576,41058.657,9.645,9.933,9.933,4.673,1.0,COMPASSVALE DRIVE,13.102
compassvale_drive,Compassvale Drive,2484.0,35137.719,41059.401,9.654,10.091,10.091,5.775,1.0,COMPASSVALE DRIVE,13.003
compassvale_drive,Compassvale Drive,2486.0,35135.863,41060.145,10.249,10.249,10.249,,,COMPASSVALE DRIVE,12.904
compassvale_drive,Compassvale Drive,2488.0,35134.007,41060.889,10.337,10.337,10.337,,,COMPASSVALE DRIVE,12.805
compassvale_drive,Compassvale Drive,2490.0,35132.15,41061.633,10.444,10.444,10.444,3.081,1.0,COMPASSVALE DRIVE,12.706
compassvale_drive,Compassvale Drive,2492.0,35130.294,41062.378,10.495,10.495,10.444,2.408,1.0,COMPASSVALE DRIVE,12.607
compassvale_drive,Compassvale Drive,2494.0,35128.437,41063.122,10.53,10.53,10.495,,,COMPASSVALE DRIVE,12.508
compassvale_drive,Compassvale Drive,2496.0,35126.581,41063.866,10.332,10.332,10.53,,,COMPASSVALE DRIVE,12.409
compassvale_drive,Compassvale Drive,2498.0,35124.725,41064.61,12.037,10.559,10.559,,,COMPASSVALE DRIVE,12.309
compassvale_drive,Compassvale Drive,2500.0,35122.823,41065.228,12.164,10.786,10.786,,,COMPASSVALE DRIVE,12.345
compassvale_drive,Compassvale Drive,2502.0,35120.913,41065.819,10.274,11.013,11.013,,,COMPASSVALE DRIVE,12.408
compassvale_drive,Compassvale Drive,2504.0,35119.002,41066.411,12.829,11.24,11.24,,,COMPASSVALE DRIVE,12.47
compassvale_drive,Compassvale Drive,2506.0,35117.092,41067.002,10.777,11.467,11.467,,,COMPASSVALE DRIVE,12.533
compassvale_drive,Compassvale Drive,2508.0,35115.181,41067.594,11.098,11.695,11.695,,,COMPASSVALE DRIVE,12.596
compassvale_drive,Compassvale Drive,2510.0,35113.271,41068.186,11.454,11.922,11.922,,,COMPASSVALE DRIVE,12.659
compassvale_drive,Compassvale Drive,2512.0,35111.36,41068.777,14.266,12.149,12.149,,,COMPASSVALE DRIVE,12.722
compassvale_drive,Compassvale Drive,2514.0,35109.45,41069.369,10.494,12.376,12.376,,,COMPASSVALE DRIVE,12.784
compassvale_drive,Compassvale Drive,2516.0,35107.539,41069.96,11.217,12.603,12.603,,,COMPASSVALE DRIVE,12.847
compassvale_drive,Compassvale Drive,2518.0,35105.629,41070.552,11.23,12.83,12.83,,,COMPASSVALE DRIVE,12.91
compassvale_drive,Compassvale Drive,2520.0,35103.718,41071.144,13.18,13.057,13.057,,,COMPASSVALE DRIVE,12.973
compassvale_drive,Compassvale Drive,2522.0,35101.808,41071.735,14.779,13.285,13.285,,,COMPASSVALE DRIVE,13.036
compassvale_drive,Compassvale Drive,2524.0,35099.897,41072.327,13.839,13.512,13.512,,,COMPASSVALE DRIVE,13.098
compassvale_drive,Compassvale Drive,2526.0,35097.987,41072.918,16.409,13.739,13.739,,,COMPASSVALE DRIVE,13.161
compassvale_drive,Compassvale Drive,2528.0,35096.076,41073.51,17.37,13.966,13.966,,,COMPASSVALE DRIVE,13.224
compassvale_drive,Compassvale Drive,2530.0,35094.166,41074.101,12.433,14.193,14.193,,,COMPASSVALE DRIVE,13.287
compassvale_drive,Compassvale Drive,2532.0,35092.255,41074.693,12.346,14.42,14.42,,,COMPASSVALE DRIVE,13.35
compassvale_drive,Compassvale Drive,2534.0,35090.345,41075.285,14.647,14.648,14.648,,,COMPASSVALE DRIVE,13.412
compassvale_drive,Compassvale Drive,2536.0,35088.434,41075.876,11.259,14.875,14.764,,,COMPASSVALE DRIVE,13.475
compassvale_drive,Compassvale Drive,2538.0,35086.524,41076.468,16.317,14.819,14.764,,,COMPASSVALE DRIVE,13.538
compassvale_drive,Compassvale Drive,2540.0,35084.613,41077.059,17.319,14.764,14.764,,,COMPASSVALE DRIVE,13.601
compassvale_drive,Compassvale Drive,2542.0,35082.703,41077.651,15.557,14.499,14.499,,,COMPASSVALE DRIVE,13.663
compassvale_drive,Compassvale Drive,2544.0,35080.792,41078.243,14.771,14.234,14.234,,,COMPASSVALE DRIVE,13.726
compassvale_drive,Compassvale Drive,2546.0,35078.882,41078.834,11.719,13.97,13.97,,,COMPASSVALE DRIVE,13.789
compassvale_drive,Compassvale Drive,2548.0,35076.971,41079.426,13.184,13.705,13.705,,,COMPASSVALE DRIVE,13.852
compassvale_drive,Compassvale Drive,2550.0,35075.061,41080.017,13.073,13.44,13.44,,,COMPASSVALE DRIVE,13.915
compassvale_drive,Compassvale Drive,2552.0,35073.15,41080.609,13.453,13.175,13.175,,,COMPASSVALE DRIVE,13.977
compassvale_drive,Compassvale Drive,2554.0,35071.24,41081.201,15.015,13.004,13.004,,,COMPASSVALE DRIVE,14.04
compassvale_drive,Compassvale Drive,2556.0,35069.329,41081.792,16.334,12.717,12.717,,,COMPASSVALE DRIVE,14.103
compassvale_drive,Compassvale Drive,2558.0,35067.419,41082.384,12.924,12.406,12.406,,,COMPASSVALE DRIVE,14.166
compassvale_drive,Compassvale Drive,2560.0,35065.508,41082.975,14.471,12.096,12.096,,,COMPASSVALE DRIVE,14.229
compassvale_drive,Compassvale Drive,2562.0,35063.598,41083.567,14.404,11.822,11.822,,,COMPASSVALE DRIVE,14.291
compassvale_drive,Compassvale Drive,2564.0,35061.687,41084.159,10.258,11.548,11.548,,,COMPASSVALE DRIVE,14.354
compassvale_drive,Compassvale Drive,2566.0,35059.777,41084.75,10.385,11.274,11.274,,,COMPASSVALE DRIVE,14.417
compassvale_drive,Compassvale Drive,2568.0,35057.866,41085.342,11.165,11.001,11.001,,,COMPASSVALE DRIVE,14.48
compassvale_drive,Compassvale Drive,2600.0,35027.298,41094.807,10.516,10.727,10.727,,,COMPASSVALE DRIVE,15.485
compassvale_drive,Compassvale Drive,2602.0,35025.388,41095.399,10.453,10.453,10.453,,,COMPASSVALE DRIVE,15.548
compassvale_drive,Compassvale Drive,2604.0,35023.477,41095.99,10.415,10.415,10.453,,,COMPASSVALE DRIVE,15.611
compassvale_drive,Compassvale Drive,2606.0,35021.567,41096.582,10.362,10.362,10.453,,,COMPASSVALE DRIVE,15.674
compassvale_drive,Compassvale Drive,2608.0,35019.656,41097.174,10.463,10.599,10.599,,,COMPASSVALE DRIVE,15.737
compassvale_drive,Compassvale Drive,2610.0,35017.746,41097.765,10.448,10.836,10.836,,,COMPASSVALE DRIVE,15.799
compassvale_drive,Compassvale Drive,2612.0,35015.835,41098.357,10.445,11.129,11.129,,,COMPASSVALE DRIVE,15.862
compassvale_drive,Compassvale Drive,2614.0,35013.925,41098.948,10.411,11.421,11.421,,,COMPASSVALE DRIVE,15.925
compassvale_drive,Compassvale Drive,2616.0,35012.014,41099.54,10.493,11.714,11.714,,,COMPASSVALE DRIVE,15.988
compassvale_drive,Compassvale Drive,2618.0,35010.105,41100.135,10.452,12.006,12.006,,,COMPASSVALE DRIVE,16.047
compassvale_drive,Compassvale Drive,2620.0,35008.34,41101.076,12.703,12.299,12.299,,,COMPASSVALE DRIVE,15.733
compassvale_drive,Compassvale Drive,2622.0,35006.575,41102.016,14.166,12.591,12.368,,,COMPASSVALE DRIVE,15.418
compassvale_drive,Compassvale Drive,2624.0,35004.81,41102.957,12.852,12.479,12.368,,,COMPASSVALE DRIVE,15.103
compassvale_drive,Compassvale Drive,2626.0,35003.045,41103.898,13.601,12.368,12.368,,,COMPASSVALE DRIVE,14.789
compassvale_drive,Compassvale Drive,2628.0,35001.28,41104.838,15.632,12.256,12.256,,,COMPASSVALE DRIVE,14.474
compassvale_drive,Compassvale Drive,2630.0,34999.434,41105.582,17.501,12.145,12.145,,,COMPASSVALE DRIVE,14.372
compassvale_drive,Compassvale Drive,2632.0,34997.522,41106.172,20.199,12.033,12.033,,,COMPASSVALE DRIVE,14.437
compassvale_drive,Compassvale Drive,2634.0,34995.611,41106.762,17.304,11.921,11.921,,,COMPASSVALE DRIVE,14.502
compassvale_drive,Compassvale Drive,2636.0,34993.7,41107.351,16.036,11.81,11.81,,,COMPASSVALE DRIVE,14.567
compassvale_drive,Compassvale Drive,2638.0,34991.788,41107.936,19.018,11.698,11.698,,,COMPASSVALE DRIVE,14.637
compassvale_drive,Compassvale Drive,2640.0,34989.836,41108.374,14.918,11.587,11.587,,,COMPASSVALE DRIVE,14.859
compassvale_drive,Compassvale Drive,2642.0,34987.885,41108.811,16.364,11.475,11.475,,,COMPASSVALE DRIVE,15.081
compassvale_drive,Compassvale Drive,2644.0,34985.933,41109.248,10.952,11.363,11.363,,,COMPASSVALE DRIVE,15.303
compassvale_drive,Compassvale Drive,2646.0,34983.981,41109.685,11.15,11.252,11.252,,,COMPASSVALE DRIVE,15.525
compassvale_drive,Compassvale Drive,2648.0,34982.03,41110.123,11.14,11.14,11.14,,,COMPASSVALE DRIVE,15.748
compassvale_drive,Compassvale Drive,2650.0,34980.088,41110.598,11.024,11.024,11.106,,,COMPASSVALE DRIVE,15.93
compassvale_drive,Compassvale Drive,2652.0,34978.16,41111.131,11.074,11.074,11.106,-0.191,1.0,COMPASSVALE DRIVE,16.055
compassvale_drive,Compassvale Drive,2654.0,34976.232,41111.663,11.106,11.106,11.106,0.944,1.0,COMPASSVALE DRIVE,16.179
compassvale_drive,Compassvale Drive,2656.0,34974.304,41112.196,11.125,11.125,11.125,2.079,1.0,COMPASSVALE DRIVE,16.303
compassvale_drive,Compassvale Drive,2658.0,34972.377,41112.729,11.468,11.272,11.272,2.73,1.0,COMPASSVALE DRIVE,16.427
compassvale_drive,Compassvale Drive,2660.0,34970.449,41113.261,11.419,11.419,11.272,3.677,1.0,COMPASSVALE DRIVE,16.552
compassvale_drive,Compassvale Drive,2662.0,34968.532,41113.825,15.796,11.324,11.324,4.777,1.0,COMPASSVALE DRIVE,16.642
compassvale_drive,Compassvale Drive,2664.0,34966.707,41114.643,17.106,11.229,11.419,5.877,1.0,COMPASSVALE DRIVE,16.464
compassvale_drive,Compassvale Drive,2666.0,34964.882,41115.46,11.134,11.486,11.486,5.797,1.0,COMPASSVALE DRIVE,16.285
compassvale_drive,Compassvale Drive,2668.0,34963.057,41116.278,11.742,11.742,11.742,5.717,1.0,COMPASSVALE DRIVE,16.107
compassvale_drive,Compassvale Drive,2670.0,34961.231,41117.095,12.177,11.915,11.876,3.034,1.0,COMPASSVALE DRIVE,15.928
compassvale_drive,Compassvale Drive,2672.0,34959.406,41117.913,12.089,12.089,11.876,0.35,1.0,COMPASSVALE DRIVE,15.75
compassvale_drive,Compassvale Drive,2674.0,34957.581,41118.73,12.132,11.876,11.876,-0.489,1.0,COMPASSVALE DRIVE,15.571
compassvale_drive,Compassvale Drive,2676.0,34955.755,41119.548,11.664,11.664,11.77,-1.328,1.0,COMPASSVALE DRIVE,15.393
compassvale_drive,Compassvale Drive,2678.0,34953.93,41120.365,11.601,11.601,11.77,,,COMPASSVALE DRIVE,15.215
compassvale_drive,Compassvale Drive,2680.0,34952.105,41121.183,11.77,11.77,11.77,,,COMPASSVALE DRIVE,15.036
compassvale_drive,Compassvale Drive,2682.0,34950.279,41122.0,11.851,11.851,11.851,,,COMPASSVALE DRIVE,14.858
compassvale_drive,Compassvale Drive,2684.0,34948.454,41122.818,11.292,11.865,11.851,,,COMPASSVALE DRIVE,14.679
compassvale_drive,Compassvale Drive,2686.0,34946.627,41123.632,11.886,11.879,11.851,,,COMPASSVALE DRIVE,14.504
compassvale_drive,Compassvale Drive,2688.0,34944.741,41124.296,11.892,11.667,11.667,,,COMPASSVALE DRIVE,14.49
compassvale_drive,Compassvale Drive,2690.0,34942.855,41124.961,11.675,11.456,11.456,,,COMPASSVALE DRIVE,14.476
compassvale_drive,Compassvale Drive,2692.0,34940.968,41125.626,11.245,11.245,11.279,,,COMPASSVALE DRIVE,14.462
compassvale_drive,Compassvale Drive,2694.0,34939.082,41126.29,11.253,11.253,11.27,,,COMPASSVALE DRIVE,14.448
compassvale_drive,Compassvale Drive,2696.0,34937.196,41126.955,11.279,11.279,11.259,-0.254,1.0,COMPASSVALE DRIVE,14.434
compassvale_drive,Compassvale Drive,2698.0,34935.309,41127.619,11.27,11.27,11.259,-2.573,1.0,COMPASSVALE DRIVE,14.42
compassvale_drive,Compassvale Drive,2700.0,34933.438,41128.324,11.259,11.259,11.259,-2.438,1.0,COMPASSVALE DRIVE,14.364
compassvale_drive,Compassvale Drive,2702.0,34931.572,41129.043,11.055,11.055,11.064,-2.438,1.0,COMPASSVALE DRIVE,14.291
compassvale_drive,Compassvale Drive,2704.0,34929.705,41129.763,11.054,11.054,11.064,-2.194,1.0,COMPASSVALE DRIVE,14.219
compassvale_drive,Compassvale Drive,2706.0,34927.839,41130.482,11.064,11.064,11.064,0.519,1.0,COMPASSVALE DRIVE,14.146
compassvale_drive,Compassvale Drive,2708.0,34925.973,41131.202,11.084,11.084,11.084,0.745,1.0,COMPASSVALE DRIVE,14.074
compassvale_drive,Compassvale Drive,2710.0,34924.112,41131.934,11.106,11.106,11.106,0.972,1.0,COMPASSVALE DRIVE,13.987
compassvale_drive,Compassvale Drive,2712.0,34922.253,41132.672,14.29,11.124,11.124,0.869,1.0,COMPASSVALE DRIVE,13.895
compassvale_drive,Compassvale Drive,2714.0,34920.395,41133.41,11.142,11.142,11.142,0.791,1.0,COMPASSVALE DRIVE,13.802
compassvale_drive,Compassvale Drive,2716.0,34918.536,41134.148,11.153,11.153,11.153,0.769,1.0,COMPASSVALE DRIVE,13.71
compassvale_drive,Compassvale Drive,2718.0,34916.677,41134.886,11.169,11.169,11.169,0.747,1.0,COMPASSVALE DRIVE,13.618
compassvale_drive,Compassvale Drive,2720.0,34914.818,41135.624,14.924,11.185,11.185,,,COMPASSVALE DRIVE,13.526
compassvale_drive,Compassvale Drive,2722.0,34912.959,41136.362,11.202,11.202,11.202,,,COMPASSVALE DRIVE,13.433
compassvale_drive,Compassvale Drive,2724.0,34911.1,41137.1,11.218,11.415,11.415,7.659,1.0,COMPASSVALE DRIVE,13.341
compassvale_drive,Compassvale Drive,2726.0,34909.241,41137.838,11.836,11.628,11.628,8.006,1.0,COMPASSVALE DRIVE,13.249
compassvale_drive,Compassvale Drive,2728.0,34907.382,41138.576,11.842,11.842,11.798,,,COMPASSVALE DRIVE,13.156
compassvale_drive,Compassvale Drive,2730.0,34905.523,41139.313,11.798,11.798,11.842,,,COMPASSVALE DRIVE,13.064
compassvale_drive,Compassvale Drive,2732.0,34903.664,41140.051,11.879,11.879,11.879,3.483,1.0,COMPASSVALE DRIVE,12.972
compassvale_drive,Compassvale Drive,2734.0,34901.797,41140.765,12.069,12.069,12.069,3.581,1.0,COMPASSVALE DRIVE,12.905
compassvale_drive,Compassvale Drive,2736.0,34899.918,41141.453,12.077,12.077,12.077,3.115,1.0,COMPASSVALE DRIVE,12.867
compassvale_drive,Compassvale Drive,2738.0,34898.04,41142.141,15.013,12.128,12.128,0.748,1.0,COMPASSVALE DRIVE,12.828
compassvale_drive,Compassvale Drive,2740.0,34896.162,41142.829,14.941,12.18,12.128,-2.157,1.0,COMPASSVALE DRIVE,12.789
compassvale_drive,Compassvale Drive,2742.0,34894.284,41143.514,12.232,12.232,12.128,-5.062,1.0,COMPASSVALE DRIVE,12.753
compassvale_drive,Compassvale Drive,2744.0,34892.368,41144.088,12.242,11.978,11.978,-5.062,1.0,COMPASSVALE DRIVE,12.834
compassvale_drive,Compassvale Drive,2746.0,34890.452,41144.663,11.724,11.724,11.724,-5.062,1.0,COMPASSVALE DRIVE,12.915
compassvale_drive,Compassvale Drive,2748.0,34888.536,41145.237,11.685,11.685,11.724,,,COMPASSVALE DRIVE,12.996
compassvale_drive,Compassvale Drive,2750.0,34886.621,41145.811,11.697,11.697,11.724,,,COMPASSVALE DRIVE,13.077
compassvale_drive,Compassvale Drive,2752.0,34884.705,41146.386,11.7,11.869,11.869,,,COMPASSVALE DRIVE,13.158
compassvale_drive,Compassvale Drive,2754.0,34882.789,41146.96,11.709,12.042,12.042,,,COMPASSVALE DRIVE,13.238
compassvale_drive,Compassvale Drive,2756.0,34880.873,41147.534,12.392,12.275,12.275,,,COMPASSVALE DRIVE,13.319
compassvale_drive,Compassvale Drive,2758.0,34878.957,41148.109,18.399,12.508,12.508,,,COMPASSVALE DRIVE,13.4
compassvale_drive,Compassvale Drive,2760.0,34877.042,41148.683,13.068,12.741,12.741,,,COMPASSVALE DRIVE,13.481
compassvale_drive,Compassvale Drive,2762.0,34875.126,41149.257,12.974,12.974,12.938,,,COMPASSVALE DRIVE,13.562
compassvale_drive,Compassvale Drive,2764.0,34873.21,41149.832,13.058,13.058,12.938,,,COMPASSVALE DRIVE,13.643
compassvale_drive,Compassvale Drive,2766.0,34871.294,41150.406,13.509,12.938,12.938,,,COMPASSVALE DRIVE,13.724
compassvale_drive,Compassvale Drive,2768.0,34869.379,41150.98,12.935,12.818,12.818,-2.997,1.0,COMPASSVALE DRIVE,13.805
compassvale_drive,Compassvale Drive,2770.0,34867.503,41151.673,12.959,12.698,12.732,,,COMPASSVALE DRIVE,13.76
compassvale_drive,Compassvale Drive,2772.0,34865.632,41152.379,12.578,12.578,12.698,,,COMPASSVALE DRIVE,13.703
compassvale_drive,Compassvale Drive,2774.0,34863.76,41153.085,12.732,12.732,12.602,,,COMPASSVALE DRIVE,13.645
compassvale_drive,Compassvale Drive,2776.0,34861.889,41153.79,12.602,12.602,12.602,1.627,1.0,COMPASSVALE DRIVE,13.587
compassvale_drive,Compassvale Drive,2778.0,34860.002,41154.447,12.552,12.552,12.732,,,COMPASSVALE DRIVE,13.581
compassvale_drive,Compassvale Drive,2780.0,34858.069,41154.962,12.829,12.829,12.829,,,COMPASSVALE DRIVE,13.723
compassvale_drive,Compassvale Drive,2782.0,34856.137,41155.477,13.657,12.909,12.909,,,COMPASSVALE DRIVE,13.866
compassvale_drive,Compassvale Drive,2784.0,34854.204,41155.992,12.262,12.989,12.989,2.009,1.0,COMPASSVALE DRIVE,14.009
compassvale_drive,Compassvale Drive,2786.0,34852.271,41156.507,12.88,13.07,12.989,,,COMPASSVALE DRIVE,14.151
compassvale_drive,Compassvale Drive,2788.0,34850.339,41157.021,13.15,13.15,12.989,,,COMPASSVALE DRIVE,14.294
compassvale_drive,Compassvale Drive,2790.0,34848.406,41157.536,13.244,12.983,12.983,,,COMPASSVALE DRIVE,14.436
compassvale_drive,Compassvale Drive,2792.0,34846.478,41158.067,12.817,12.817,12.817,-2.154,1.0,COMPASSVALE DRIVE,14.562
compassvale_drive,Compassvale Drive,2794.0,34844.555,41158.616,12.776,12.776,12.817,,,COMPASSVALE DRIVE,14.67
compassvale_drive,Compassvale Drive,2796.0,34842.631,41159.164,12.778,12.778,12.817,,,COMPASSVALE DRIVE,14.778
compassvale_drive,Compassvale Drive,2798.0,34840.708,41159.712,13.123,12.897,12.897,,,COMPASSVALE DRIVE,14.886
compassvale_drive,Compassvale Drive,2800.0,34838.826,41160.388,12.678,13.016,13.016,5.472,1.0,COMPASSVALE DRIVE,14.861
compassvale_drive,Compassvale Drive,2802.0,34836.951,41161.084,12.742,13.135,13.135,,,COMPASSVALE DRIVE,14.813
compassvale_drive,Compassvale Drive,2804.0,34835.077,41161.78,13.255,13.255,13.255,,,COMPASSVALE DRIVE,14.765
compassvale_drive,Compassvale Drive,2806.0,34833.202,41162.477,12.853,13.336,13.336,,,COMPASSVALE DRIVE,14.717
compassvale_drive,Compassvale Drive,2808.0,34831.327,41163.173,13.894,13.418,13.418,2.041,1.0,COMPASSVALE DRIVE,14.67
compassvale_drive,Compassvale Drive,2810.0,34829.452,41163.869,13.917,13.5,13.418,,,COMPASSVALE DRIVE,14.622
compassvale_drive,Compassvale Drive,2812.0,34827.577,41164.565,13.581,13.581,13.418,,,COMPASSVALE DRIVE,14.574
compassvale_drive,Compassvale Drive,2814.0,34825.702,41165.262,13.524,13.303,13.303,,,COMPASSVALE DRIVE,14.526
compassvale_drive,Compassvale Drive,2816.0,34823.827,41165.958,13.026,13.026,13.026,,,COMPASSVALE DRIVE,14.479
compassvale_drive,Compassvale Drive,2818.0,34821.952,41166.654,12.326,12.89,12.89,,,COMPASSVALE DRIVE,14.431
compassvale_drive,Compassvale Drive,2820.0,34820.078,41167.351,12.971,12.755,12.755,-6.758,1.0,COMPASSVALE DRIVE,14.383
compassvale_drive,Compassvale Drive,2822.0,34818.203,41168.047,12.331,12.62,12.62,,,COMPASSVALE DRIVE,14.336
compassvale_drive,Compassvale Drive,2824.0,34816.328,41168.743,12.485,12.485,12.485,,,COMPASSVALE DRIVE,14.288
compassvale_drive,Compassvale Drive,2826.0,34814.453,41169.439,12.31,12.31,12.485,,,COMPASSVALE DRIVE,14.24
compassvale_drive,Compassvale Drive,2856.0,34786.33,41179.884,11.867,12.412,12.485,,,COMPASSVALE DRIVE,13.524
compassvale_drive,Compassvale Drive,2858.0,34784.455,41180.58,12.038,12.681,12.681,,,COMPASSVALE DRIVE,13.476
compassvale_drive,Compassvale Drive,2860.0,34782.58,41181.277,12.011,12.951,12.951,,,COMPASSVALE DRIVE,13.428
compassvale_drive,Compassvale Drive,2862.0,34780.705,41181.973,13.19,13.22,13.22,,,COMPASSVALE DRIVE,13.381
compassvale_drive,Compassvale Drive,2864.0,34778.83,41182.669,13.49,13.49,13.49,,,COMPASSVALE DRIVE,13.333
compassvale_drive,Compassvale Drive,2866.0,34776.955,41183.365,13.351,13.693,13.693,,,COMPASSVALE DRIVE,13.285
compassvale_drive,Compassvale Drive,2868.0,34775.08,41184.062,13.506,13.897,13.897,,,COMPASSVALE DRIVE,13.237
compassvale_drive,Compassvale Drive,2870.0,34773.206,41184.758,14.64,14.101,14.101,,,COMPASSVALE DRIVE,13.19
compassvale_drive,Compassvale Drive,2872.0,34771.331,41185.454,14.696,14.266,14.167,,,COMPASSVALE DRIVE,13.142
compassvale_drive,Compassvale Drive,2874.0,34769.456,41186.151,14.239,14.431,14.167,,,COMPASSVALE DRIVE,13.094
compassvale_drive,Compassvale Drive,2876.0,34767.581,41186.847,13.131,14.167,14.167,,,COMPASSVALE DRIVE,13.046
compassvale_drive,Compassvale Drive,2878.0,34765.709,41187.55,15.157,13.903,13.903,,,COMPASSVALE DRIVE,12.991
compassvale_drive,Compassvale Drive,2880.0,34763.877,41188.352,17.992,13.638,13.638,,,COMPASSVALE DRIVE,12.83
compassvale_drive,Compassvale Drive,2882.0,34762.044,41189.153,16.481,13.374,13.374,,,COMPASSVALE DRIVE,12.669
compassvale_drive,Compassvale Drive,2884.0,34760.212,41189.955,17.448,13.11,13.11,,,COMPASSVALE DRIVE,12.508
compassvale_drive,Compassvale Drive,2886.0,34758.379,41190.756,12.522,12.846,12.846,,,COMPASSVALE DRIVE,12.347
compassvale_drive,Compassvale Drive,2888.0,34756.532,41191.52,12.581,12.581,12.846,,,COMPASSVALE DRIVE,12.227
compassvale_drive,Compassvale Drive,2890.0,34754.638,41192.162,12.932,12.724,12.768,,,COMPASSVALE DRIVE,12.236
compassvale_drive,Compassvale Drive,2892.0,34752.744,41192.804,12.867,12.867,12.724,,,COMPASSVALE DRIVE,12.246
compassvale_drive,Compassvale Drive,2894.0,34750.85,41193.446,14.421,12.768,12.724,,,COMPASSVALE DRIVE,12.256
compassvale_drive,Compassvale Drive,2896.0,34748.956,41194.088,14.705,12.669,12.669,,,COMPASSVALE DRIVE,12.266
compassvale_drive,Compassvale Drive,2898.0,34747.06,41194.725,13.985,12.571,12.669,,,COMPASSVALE DRIVE,12.281
compassvale_drive,Compassvale Drive,2900.0,34745.14,41195.287,13.169,12.472,12.669,,,COMPASSVALE DRIVE,12.375
compassvale_drive,Compassvale Drive,2902.0,34743.221,41195.848,12.27,12.711,12.711,,,COMPASSVALE DRIVE,12.469
compassvale_drive,Compassvale Drive,2904.0,34741.301,41196.41,12.274,12.951,12.951,,,COMPASSVALE DRIVE,12.563
compassvale_drive,Compassvale Drive,2906.0,34739.382,41196.971,12.381,13.228,13.228,,,COMPASSVALE DRIVE,12.658
compassvale_drive,Compassvale Drive,2908.0,34737.462,41197.533,12.374,13.504,13.504,,,COMPASSVALE DRIVE,12.752
compassvale_drive,Compassvale Drive,2910.0,34735.547,41198.108,12.362,13.746,13.746,,,COMPASSVALE DRIVE,12.832
compassvale_drive,Compassvale Drive,2912.0,34733.639,41198.709,15.538,13.988,13.988,,,COMPASSVALE DRIVE,12.885
compassvale_drive,Compassvale Drive,2914.0,34731.732,41199.31,16.279,14.23,14.219,,,COMPASSVALE DRIVE,12.938
compassvale_drive,Compassvale Drive,2916.0,34729.824,41199.911,16.613,14.472,14.219,,,COMPASSVALE DRIVE,12.991
compassvale_drive,Compassvale Drive,2918.0,34727.916,41200.511,17.861,14.219,14.219,,,COMPASSVALE DRIVE,13.044
compassvale_drive,Compassvale Drive,2920.0,34726.009,41201.112,15.797,13.966,13.966,,,COMPASSVALE DRIVE,13.098
compassvale_drive,Compassvale Drive,2922.0,34724.13,41201.793,19.526,13.713,13.713,,,COMPASSVALE DRIVE,13.066
compassvale_drive,Compassvale Drive,2924.0,34722.271,41202.531,12.223,13.46,13.46,,,COMPASSVALE DRIVE,12.974
compassvale_drive,Compassvale Drive,2926.0,34720.412,41203.269,12.654,13.207,13.46,,,COMPASSVALE DRIVE,12.881
compassvale_drive,Compassvale Drive,2928.0,34718.516,41203.902,12.637,13.307,13.46,,,COMPASSVALE DRIVE,12.9
compassvale_drive,Compassvale Drive,2930.0,34716.608,41204.504,12.702,13.537,13.537,,,COMPASSVALE DRIVE,12.952
compassvale_drive,Compassvale Drive,2932.0,34714.701,41205.106,12.691,13.766,13.766,,,COMPASSVALE DRIVE,13.005
compassvale_drive,Compassvale Drive,2934.0,34712.794,41205.707,12.108,14.029,14.029,,,COMPASSVALE DRIVE,13.057
compassvale_drive,Compassvale Drive,2936.0,34710.886,41206.309,12.107,14.292,14.292,,,COMPASSVALE DRIVE,13.109
compassvale_drive,Compassvale Drive,2938.0,34708.979,41206.911,15.214,14.554,14.554,,,COMPASSVALE DRIVE,13.161
compassvale_drive,Compassvale Drive,2940.0,34707.067,41207.497,15.206,14.817,14.817,,,COMPASSVALE DRIVE,13.23
compassvale_drive,Compassvale Drive,2942.0,34705.153,41208.079,17.829,15.08,14.953,,,COMPASSVALE DRIVE,13.303
compassvale_drive,Compassvale Drive,2944.0,34703.24,41208.661,14.953,14.953,14.953,,,COMPASSVALE DRIVE,13.375
compassvale_drive,Compassvale Drive,2946.0,34701.327,41209.243,14.958,14.958,14.953,,,COMPASSVALE DRIVE,13.448
compassvale_drive,Compassvale Drive,2948.0,34699.446,41209.91,15.634,14.666,14.666,,,COMPASSVALE DRIVE,13.43
compassvale_drive,Compassvale Drive,2950.0,34697.638,41210.765,15.625,14.374,14.374,,,COMPASSVALE DRIVE,13.211
compassvale_drive,Compassvale Drive,2952.0,34695.83,41211.62,12.489,14.082,14.082,,,COMPASSVALE DRIVE,12.991
compassvale_drive,Compassvale Drive,2954.0,34694.022,41212.475,15.063,13.789,13.789,,,COMPASSVALE DRIVE,12.772
compassvale_drive,Compassvale Drive,2956.0,34692.213,41213.329,13.277,13.497,13.497,,,COMPASSVALE DRIVE,12.552
compassvale_drive,Compassvale Drive,2958.0,34690.401,41214.174,12.611,13.205,13.205,,,COMPASSVALE DRIVE,12.344
compassvale_drive,Compassvale Drive,2960.0,34688.546,41214.921,12.613,12.913,12.913,,,COMPASSVALE DRIVE,12.242
compassvale_drive,Compassvale Drive,2962.0,34686.69,41215.668,12.621,12.621,12.635,,,COMPASSVALE DRIVE,12.14
compassvale_drive,Compassvale Drive,2964.0,34684.835,41216.415,12.635,12.635,12.621,,,COMPASSVALE DRIVE,12.038
compassvale_drive,Compassvale Drive,2966.0,34682.98,41217.163,11.934,12.553,12.553,-2.049,1.0,COMPASSVALE DRIVE,11.935
compassvale_drive,Compassvale Drive,2968.0,34681.125,41217.91,11.772,12.471,12.532,-2.054,1.0,COMPASSVALE DRIVE,11.833
compassvale_drive,Compassvale Drive,2970.0,34679.27,41218.657,12.389,12.389,12.471,,,COMPASSVALE DRIVE,11.731
compassvale_drive,Compassvale Drive,2972.0,34677.409,41219.39,12.532,12.532,12.457,,,COMPASSVALE DRIVE,11.644
compassvale_drive,Compassvale Drive,2974.0,34675.547,41220.12,15.503,12.457,12.389,,,COMPASSVALE DRIVE,11.56
compassvale_drive,Compassvale Drive,2976.0,34673.685,41220.85,12.381,12.381,12.381,,,COMPASSVALE DRIVE,11.476
compassvale_drive,Compassvale Drive,2978.0,34671.823,41221.58,12.381,12.168,12.168,-5.423,1.0,COMPASSVALE DRIVE,11.392
compassvale_drive,Compassvale Drive,2980.0,34669.921,41222.194,15.492,11.955,11.955,-5.321,1.0,COMPASSVALE DRIVE,11.431
compassvale_drive,Compassvale Drive,2982.0,34668.003,41222.762,11.742,11.742,11.955,,,COMPASSVALE DRIVE,11.519
compassvale_drive,Compassvale Drive,2984.0,34666.086,41223.33,11.86,11.86,11.955,,,COMPASSVALE DRIVE,11.606
compassvale_drive,Compassvale Drive,2986.0,34664.168,41223.898,11.754,12.098,12.098,,,COMPASSVALE DRIVE,11.693
compassvale_drive,Compassvale Drive,2988.0,34662.25,41224.466,11.741,12.335,12.335,,,COMPASSVALE DRIVE,11.781
compassvale_drive,Compassvale Drive,2990.0,34660.333,41225.034,11.743,12.669,12.669,,,COMPASSVALE DRIVE,11.868
compassvale_drive,Compassvale Drive,2992.0,34658.415,41225.603,15.936,13.003,13.003,,,COMPASSVALE DRIVE,11.955
compassvale_drive,Compassvale Drive,2994.0,34656.498,41226.171,15.384,13.338,13.338,,,COMPASSVALE DRIVE,12.043
compassvale_drive,Compassvale Drive,2996.0,34654.58,41226.739,15.136,,13.672,,,COMPASSVALE DRIVE,12.13
compassvale_drive,Compassvale Drive,2998.0,34652.662,41227.307,15.774,14.006,14.006,,,COMPASSVALE DRIVE,12.218
compassvale_drive,Compassvale Drive,3000.0,34650.745,41227.875,12.878,14.34,14.34,,,COMPASSVALE DRIVE,12.305
compassvale_drive,Compassvale Drive,3002.0,34648.827,41228.443,11.871,14.674,14.674,,,COMPASSVALE DRIVE,12.392
compassvale_drive,Compassvale Drive,3004.0,34646.91,41229.011,12.366,15.008,14.944,,,COMPASSVALE DRIVE,12.48
compassvale_drive,Compassvale Drive,3006.0,34644.984,41229.543,14.81,14.976,14.976,,,COMPASSVALE DRIVE,12.604
compassvale_drive,Compassvale Drive,3008.0,34643.002,41229.808,14.944,14.944,15.008,,,COMPASSVALE DRIVE,12.999
compassvale_drive,Compassvale Drive,3010.0,34641.02,41230.074,13.844,15.102,15.102,,,COMPASSVALE DRIVE,13.393
compassvale_drive,Compassvale Drive,3012.0,34639.037,41230.339,13.524,15.26,15.26,,,COMPASSVALE DRIVE,13.788
compassvale_drive,Compassvale Drive,3014.0,34637.055,41230.605,15.376,15.418,15.418,,,COMPASSVALE DRIVE,14.182
compassvale_drive,Compassvale Drive,3016.0,34635.103,41231.02,17.135,15.576,15.576,,,COMPASSVALE DRIVE,14.425
compassvale_drive,Compassvale Drive,3018.0,34633.177,41231.557,16.072,15.734,15.734,,,COMPASSVALE DRIVE,14.545
compassvale_drive,Compassvale Drive,3020.0,34631.25,41232.094,15.77,15.893,15.893,,,COMPASSVALE DRIVE,14.665
compassvale_drive,Compassvale Drive,3022.0,34629.324,41232.631,14.587,16.051,16.051,,,COMPASSVALE DRIVE,14.785
compassvale_drive,Compassvale Drive,3024.0,34627.397,41233.168,15.509,16.209,16.209,,,COMPASSVALE DRIVE,14.905
compassvale_drive,Compassvale Drive,3026.0,34625.47,41233.704,16.392,16.367,16.367,,,COMPASSVALE DRIVE,15.024
compassvale_drive,Compassvale Drive,3028.0,34623.544,41234.241,18.731,16.525,16.418,,,COMPASSVALE DRIVE,15.144
compassvale_drive,Compassvale Drive,3030.0,34621.617,41234.778,16.658,16.658,16.418,,,COMPASSVALE DRIVE,15.264
compassvale_drive,Compassvale Drive,3032.0,34619.691,41235.315,17.276,16.418,16.418,,,COMPASSVALE DRIVE,15.384
compassvale_drive,Compassvale Drive,3034.0,34617.764,41235.852,16.586,16.179,16.179,,,COMPASSVALE DRIVE,15.504
compassvale_drive,Compassvale Drive,3036.0,34615.838,41236.389,17.047,15.939,15.939,,,COMPASSVALE DRIVE,15.623
compassvale_drive,Compassvale Drive,3038.0,34613.911,41236.926,18.339,15.699,15.699,,,COMPASSVALE DRIVE,15.743
compassvale_drive,Compassvale Drive,3040.0,34611.984,41237.463,15.238,15.46,15.46,,,COMPASSVALE DRIVE,15.863
compassvale_drive,Compassvale Drive,3042.0,34610.056,41237.995,16.955,15.22,15.22,,,COMPASSVALE DRIVE,15.988
compassvale_drive,Compassvale Drive,3044.0,34608.127,41238.52,17.436,14.98,14.98,,,COMPASSVALE DRIVE,16.12
compassvale_drive,Compassvale Drive,3046.0,34606.197,41239.044,19.162,14.741,14.741,,,COMPASSVALE DRIVE,16.252
compassvale_drive,Compassvale Drive,3048.0,34604.267,41239.569,18.823,14.501,14.501,,,COMPASSVALE DRIVE,16.385
compassvale_drive,Compassvale Drive,3050.0,34602.337,41240.094,17.741,14.261,14.261,,,COMPASSVALE DRIVE,16.517
compassvale_drive,Compassvale Drive,3052.0,34600.361,41240.27,19.885,14.022,14.022,,,COMPASSVALE DRIVE,16.994
compassvale_drive,Compassvale Drive,3054.0,34598.361,41240.263,14.311,13.782,13.782,,,COMPASSVALE DRIVE,17.652
compassvale_drive,Compassvale Drive,3056.0,34596.361,41240.255,16.405,13.542,13.542,,,COMPASSVALE DRIVE,18.311
compassvale_drive,Compassvale Drive,3058.0,34594.361,41240.247,16.605,13.303,13.303,,,COMPASSVALE DRIVE,18.97
compassvale_drive,Compassvale Drive,3060.0,34592.361,41240.24,13.063,13.063,13.183,,,COMPASSVALE DRIVE,19.628
compassvale_drive,Compassvale Drive,3062.0,34590.423,41240.232,13.237,13.063,13.063,,,COMPASSVALE DRIVE,20.266
