path_key,source_project,chainage_m,x_svy21,y_svy21,elevation_m_raw,elevation_m_filtered,elevation_m_smooth,gradient_pct,Grade,nearest_road_name,nearest_road_dist_m
race_course_road,Race Course Road,158.0,30180.221,32606.359,7.273,7.273,7.329,-1.406,1.0,RACE COURSE ROAD,12.708
race_course_road,Race Course Road,160.0,30178.887,32604.913,7.329,7.329,7.301,-0.495,1.0,RACE COURSE ROAD,12.016
race_course_road,Race Course Road,162.0,30178.233,32603.023,7.385,7.385,7.273,,,RACE COURSE ROAD,12.122
race_course_road,Race Course Road,164.0,30177.58,32601.133,7.123,7.123,7.299,,,RACE COURSE ROAD,12.227
race_course_road,Race Course Road,166.0,30176.926,32599.243,7.142,7.211,7.299,,,RACE COURSE ROAD,12.332
race_course_road,Race Course Road,168.0,30176.272,32597.353,5.448,7.299,7.299,,,RACE COURSE ROAD,12.438
race_course_road,Race Course Road,170.0,30175.619,32595.463,5.448,7.388,7.388,,,RACE COURSE ROAD,12.543
race_course_road,Race Course Road,172.0,30174.842,32593.629,5.448,7.476,7.476,,,RACE COURSE ROAD,12.513
race_course_road,Race Course Road,174.0,30173.828,32591.905,5.598,7.564,7.564,,,RACE COURSE ROAD,12.222
race_course_road,Race Course Road,176.0,30172.814,32590.181,7.373,7.653,7.653,,,RACE COURSE ROAD,11.932
race_course_road,Race Course Road,178.0,30171.801,32588.457,7.923,7.741,7.741,,,RACE COURSE ROAD,11.649
race_course_road,Race Course Road,180.0,30170.787,32586.733,7.829,7.829,7.817,,,RACE COURSE ROAD,11.529
race_course_road,Race Course Road,182.0,30169.774,32585.009,7.829,7.829,7.817,,,RACE COURSE ROAD,11.429
race_course_road,Race Course Road,184.0,30168.76,32583.285,7.817,7.817,7.817,,,RACE COURSE ROAD,11.328
race_course_road,Race Course Road,186.0,30169.149,32581.428,7.804,7.804,7.804,,,RACE COURSE ROAD,12.533
race_course_road,Race Course Road,188.0,30169.822,32579.545,7.685,7.575,7.575,,,RACE COURSE ROAD,14.001
race_course_road,Race Course Road,236.0,30155.048,32542.228,6.106,7.306,7.306,,,RACE COURSE ROAD,18.175
race_course_road,Race Course Road,238.0,30153.555,32540.897,6.975,7.036,7.036,,,RACE COURSE ROAD,17.468
race_course_road,Race Course Road,240.0,30152.062,32539.565,6.125,6.746,6.746,,,RACE COURSE ROAD,16.761
race_course_road,Race Course Road,242.0,30151.018,32537.897,6.331,6.456,6.456,,,RACE COURSE ROAD,16.644
race_course_road,Race Course Road,244.0,30150.15,32536.095,7.592,6.166,6.166,,,RACE COURSE ROAD,16.832
race_course_road,Race Course Road,246.0,30149.282,32534.293,6.775,5.877,5.877,,,RACE COURSE ROAD,17.019
race_course_road,Race Course Road,248.0,30148.414,32532.491,6.875,5.649,5.649,,,RACE COURSE ROAD,17.207
race_course_road,Race Course Road,250.0,30147.546,32530.689,5.422,5.422,5.422,,,RACE COURSE ROAD,17.394
race_course_road,Race Course Road,252.0,30146.678,32528.887,4.272,5.399,5.399,,,RACE COURSE ROAD,17.582
race_course_road,Race Course Road,254.0,30145.81,32527.085,5.375,5.375,5.375,,,RACE COURSE ROAD,17.769
race_course_road,Race Course Road,256.0,30144.943,32525.284,6.942,5.295,5.295,,,RACE COURSE ROAD,17.957
race_course_road,Race Course Road,258.0,30144.075,32523.482,6.5,5.215,5.285,,,RACE COURSE ROAD,18.144
race_course_road,Race Course Road,260.0,30143.207,32521.68,4.925,5.134,5.285,,,RACE COURSE ROAD,18.332
race_course_road,Race Course Road,262.0,30142.339,32519.878,5.384,5.285,5.285,,,RACE COURSE ROAD,18.519
race_course_road,Race Course Road,578.0,29995.449,32312.169,4.781,5.436,5.436,,,RACE COURSE ROAD,31.467
race_course_road,Race Course Road,580.0,29994.112,32310.682,4.893,5.692,5.692,,,RACE COURSE ROAD,31.254
race_course_road,Race Course Road,582.0,29992.775,32309.194,4.918,5.949,5.949,,,RACE COURSE ROAD,31.041
race_course_road,Race Course Road,584.0,29991.438,32307.707,6.581,6.205,6.205,,,RACE COURSE ROAD,30.828
race_course_road,Race Course Road,586.0,29990.101,32306.22,9.32,6.462,6.205,,,RACE COURSE ROAD,30.616
race_course_road,Race Course Road,588.0,29988.763,32304.732,6.343,6.343,6.205,,,RACE COURSE ROAD,30.403
race_course_road,Race Course Road,590.0,29987.426,32303.245,6.343,6.189,6.189,,,RACE COURSE ROAD,30.19
race_course_road,Race Course Road,592.0,29986.089,32301.758,6.343,5.958,5.958,,,RACE COURSE ROAD,29.977
race_course_road,Race Course Road,594.0,29984.752,32300.271,6.343,5.727,5.727,,,RACE COURSE ROAD,29.765
race_course_road,Race Course Road,596.0,29983.415,32298.783,5.218,5.484,5.484,,,RACE COURSE ROAD,29.552
race_course_road,Race Course Road,598.0,29982.078,32297.296,4.493,5.241,5.241,,,RACE COURSE ROAD,29.339
race_course_road,Race Course Road,600.0,29980.741,32295.809,4.493,4.998,4.998,,,RACE COURSE ROAD,29.126
race_course_road,Race Course Road,602.0,29979.403,32294.321,4.493,4.755,4.998,,,RACE COURSE ROAD,28.913
race_course_road,Race Course Road,604.0,29978.066,32292.834,4.512,4.893,4.998,,,RACE COURSE ROAD,28.701
race_course_road,Race Course Road,606.0,29976.729,32291.347,4.503,5.223,5.223,,,RACE COURSE ROAD,28.488
race_course_road,Race Course Road,608.0,29975.392,32289.86,4.495,5.552,5.552,,,RACE COURSE ROAD,28.275
race_course_road,Race Course Road,610.0,29974.055,32288.372,4.512,6.072,6.072,,,RACE COURSE ROAD,28.062
race_course_road,Race Course Road,612.0,29972.718,32286.885,4.435,6.592,6.592,,,RACE COURSE ROAD,27.85
race_course_road,Race Course Road,614.0,29971.381,32285.398,13.221,7.112,7.112,,,RACE COURSE ROAD,27.637
race_course_road,Race Course Road,616.0,29970.043,32283.91,13.221,,7.632,,,RACE COURSE ROAD,27.424
race_course_road,Race Course Road,618.0,29968.706,32282.423,13.221,,8.152,,,RACE COURSE ROAD,27.211
race_course_road,Race Course Road,620.0,29967.369,32280.936,13.221,8.672,8.672,,,RACE COURSE ROAD,26.998
race_course_road,Race Course Road,622.0,29966.032,32279.449,11.727,9.192,9.192,,,RACE COURSE ROAD,26.786
race_course_road,Race Course Road,624.0,29964.695,32277.961,10.233,9.712,9.712,,,RACE COURSE ROAD,26.573
race_course_road,Race Course Road,626.0,29963.358,32276.474,10.233,10.233,9.992,,,RACE COURSE ROAD,26.36
race_course_road,Race Course Road,628.0,29962.02,32274.987,10.233,10.233,9.992,,,RACE COURSE ROAD,26.147
race_course_road,Race Course Road,630.0,29962.536,32276.018,10.233,9.992,9.992,,,RACE COURSE ROAD,25.961
race_course_road,Race Course Road,632.0,29963.558,32277.737,10.233,9.752,9.752,,,RACE COURSE ROAD,25.783
race_course_road,Race Course Road,634.0,29964.58,32279.456,10.233,9.512,9.512,,,RACE COURSE ROAD,25.604
race_course_road,Race Course Road,636.0,29965.602,32281.175,13.221,9.271,9.271,,,RACE COURSE ROAD,25.426
race_course_road,Race Course Road,638.0,29966.624,32282.895,15.506,9.031,9.031,,,RACE COURSE ROAD,25.247
race_course_road,Race Course Road,640.0,29967.646,32284.614,13.415,8.791,8.791,,,RACE COURSE ROAD,25.069
race_course_road,Race Course Road,642.0,29968.668,32286.333,13.381,8.55,8.55,,,RACE COURSE ROAD,24.89
race_course_road,Race Course Road,644.0,29969.69,32288.052,11.161,8.31,8.31,,,RACE COURSE ROAD,24.711
race_course_road,Race Course Road,646.0,29970.711,32289.772,7.842,8.07,8.07,,,RACE COURSE ROAD,24.533
race_course_road,Race Course Road,648.0,29971.733,32291.491,7.829,7.829,7.829,,,RACE COURSE ROAD,24.354
race_course_road,Race Course Road,650.0,29972.755,32293.21,7.804,7.804,7.829,,,RACE COURSE ROAD,24.176
race_course_road,Race Course Road,652.0,29973.777,32294.929,7.829,7.829,7.829,-2.031,1.0,RACE COURSE ROAD,23.997
race_course_road,Race Course Road,654.0,29974.799,32296.648,7.829,7.829,7.804,,,RACE COURSE ROAD,23.819
race_course_road,Race Course Road,656.0,29975.821,32298.368,7.667,7.667,7.667,,,RACE COURSE ROAD,23.64
race_course_road,Race Course Road,658.0,29976.843,32300.087,7.404,7.404,7.436,,,RACE COURSE ROAD,23.461
race_course_road,Race Course Road,660.0,29977.865,32301.806,7.386,7.386,7.436,-1.328,1.0,RACE COURSE ROAD,23.283
race_course_road,Race Course Road,662.0,29978.887,32303.525,7.436,7.436,7.436,1.719,1.0,RACE COURSE ROAD,23.104
race_course_road,Race Course Road,664.0,29979.909,32305.244,7.704,7.704,7.561,3.125,1.0,RACE COURSE ROAD,22.926
race_course_road,Race Course Road,666.0,29980.931,32306.964,7.561,7.561,7.573,3.047,1.0,RACE COURSE ROAD,22.747
race_course_road,Race Course Road,668.0,29981.952,32308.683,7.573,7.573,7.686,2.969,1.0,RACE COURSE ROAD,22.569
race_course_road,Race Course Road,670.0,29982.974,32310.402,7.479,7.686,7.686,3.047,1.0,RACE COURSE ROAD,22.39
race_course_road,Race Course Road,672.0,29983.996,32312.121,7.798,7.798,7.798,2.969,1.0,RACE COURSE ROAD,22.211
race_course_road,Race Course Road,674.0,29985.018,32313.841,7.817,7.817,7.817,,,RACE COURSE ROAD,22.033
race_course_road,Race Course Road,676.0,29986.04,32315.56,7.923,7.923,7.923,,,RACE COURSE ROAD,21.854
race_course_road,Race Course Road,678.0,29987.062,32317.279,7.867,8.115,8.115,6.116,1.0,RACE COURSE ROAD,21.676
race_course_road,Race Course Road,680.0,29988.084,32318.998,10.711,8.306,8.306,,,RACE COURSE ROAD,21.497
race_course_road,Race Course Road,682.0,29989.106,32320.717,13.179,8.498,8.306,,,RACE COURSE ROAD,21.319
race_course_road,Race Course Road,684.0,29990.128,32322.437,14.211,8.316,8.306,,,RACE COURSE ROAD,21.14
race_course_road,Race Course Road,686.0,29991.15,32324.156,9.128,8.135,8.135,,,RACE COURSE ROAD,20.961
race_course_road,Race Course Road,688.0,29992.172,32325.875,4.295,7.954,7.954,,,RACE COURSE ROAD,20.783
race_course_road,Race Course Road,690.0,29993.193,32327.594,5.178,7.773,7.773,,,RACE COURSE ROAD,20.604
race_course_road,Race Course Road,692.0,29994.215,32329.313,10.604,7.592,7.592,,,RACE COURSE ROAD,20.426
race_course_road,Race Course Road,694.0,29995.237,32331.033,8.517,7.41,7.41,,,RACE COURSE ROAD,20.247
race_course_road,Race Course Road,696.0,29996.259,32332.752,6.448,7.229,7.229,,,RACE COURSE ROAD,20.036
race_course_road,Race Course Road,698.0,29997.281,32334.471,7.011,7.048,7.048,,,RACE COURSE ROAD,19.752
race_course_road,Race Course Road,700.0,29998.303,32336.19,6.529,6.867,6.867,,,RACE COURSE ROAD,19.468
race_course_road,Race Course Road,702.0,29999.325,32337.91,7.442,6.686,6.686,,,RACE COURSE ROAD,19.184
race_course_road,Race Course Road,704.0,30000.347,32339.629,5.842,6.504,6.504,,,RACE COURSE ROAD,18.901
race_course_road,Race Course Road,706.0,30001.369,32341.348,5.542,6.323,6.439,,,RACE COURSE ROAD,18.617
race_course_road,Race Course Road,708.0,30002.391,32343.067,6.142,6.142,6.439,,,RACE COURSE ROAD,18.333
race_course_road,Race Course Road,710.0,30003.413,32344.786,6.617,6.439,6.439,,,RACE COURSE ROAD,18.05
race_course_road,Race Course Road,712.0,30004.435,32346.506,6.367,6.737,6.737,,,RACE COURSE ROAD,17.766
race_course_road,Race Course Road,714.0,30005.456,32348.225,5.842,7.034,7.034,,,RACE COURSE ROAD,17.482
race_course_road,Race Course Road,716.0,30006.478,32349.944,5.667,7.332,7.332,,,RACE COURSE ROAD,17.198
race_course_road,Race Course Road,718.0,30007.5,32351.663,7.629,7.629,7.629,,,RACE COURSE ROAD,16.915
race_course_road,Race Course Road,750.0,30023.851,32379.171,7.228,7.924,7.924,,,RACE COURSE ROAD,12.375
race_course_road,Race Course Road,752.0,30024.873,32380.89,8.353,8.218,8.218,,,RACE COURSE ROAD,12.091
race_course_road,Race Course Road,754.0,30025.895,32382.609,7.478,8.512,8.512,,,RACE COURSE ROAD,11.808
race_course_road,Race Course Road,756.0,30026.917,32384.328,7.012,8.806,8.806,,,RACE COURSE ROAD,11.524
race_course_road,Race Course Road,758.0,30027.938,32386.048,9.095,9.101,9.101,,,RACE COURSE ROAD,11.24
race_course_road,Race Course Road,760.0,30028.96,32387.767,7.885,9.395,9.395,,,RACE COURSE ROAD,10.956
race_course_road,Race Course Road,762.0,30029.982,32389.486,6.535,9.689,9.689,,,RACE COURSE ROAD,10.673
race_course_road,Race Course Road,764.0,30031.004,32391.205,6.985,9.983,9.902,,,RACE COURSE ROAD,10.389
race_course_road,Race Course Road,766.0,30032.026,32392.924,11.123,10.278,9.902,,,RACE COURSE ROAD,10.105
race_course_road,Race Course Road,768.0,30033.048,32394.644,10.979,9.902,9.902,,,RACE COURSE ROAD,9.821
race_course_road,Race Course Road,770.0,30034.07,32396.363,8.895,9.527,9.527,,,RACE COURSE ROAD,9.538
race_course_road,Race Course Road,772.0,30035.092,32398.082,10.753,8.972,8.972,,,RACE COURSE ROAD,9.254
race_course_road,Race Course Road,774.0,30036.114,32399.801,10.912,8.417,8.417,,,RACE COURSE ROAD,8.97
race_course_road,Race Course Road,776.0,30037.136,32401.52,10.895,7.863,7.863,,,RACE COURSE ROAD,8.687
race_course_road,Race Course Road,778.0,30038.158,32403.24,5.695,7.308,7.308,,,RACE COURSE ROAD,8.403
race_course_road,Race Course Road,780.0,30039.179,32404.959,5.628,6.753,6.753,,,RACE COURSE ROAD,8.119
race_course_road,Race Course Road,782.0,30040.201,32406.678,4.662,6.198,6.198,,,RACE COURSE ROAD,7.835
race_course_road,Race Course Road,784.0,30041.223,32408.397,6.862,5.644,5.999,,,RACE COURSE ROAD,7.552
race_course_road,Race Course Road,786.0,30042.245,32410.117,4.728,5.821,5.999,,,RACE COURSE ROAD,7.268
race_course_road,Race Course Road,788.0,30043.267,32411.836,4.728,5.999,5.999,,,RACE COURSE ROAD,6.984
race_course_road,Race Course Road,790.0,30044.289,32413.555,5.667,6.225,6.225,,,RACE COURSE ROAD,6.7
race_course_road,Race Course Road,792.0,30045.311,32415.274,5.892,6.452,6.452,,,RACE COURSE ROAD,6.417
race_course_road,Race Course Road,794.0,30046.333,32416.993,7.042,6.678,6.678,,,RACE COURSE ROAD,6.133
race_course_road,Race Course Road,796.0,30047.355,32418.713,6.904,6.904,6.678,,,RACE COURSE ROAD,5.849
race_course_road,Race Course Road,798.0,30048.377,32420.432,6.878,6.878,6.678,,,RACE COURSE ROAD,5.565
race_course_road,Race Course Road,800.0,30049.399,32422.151,6.895,6.52,6.52,,,RACE COURSE ROAD,5.282
race_course_road,Race Course Road,802.0,30050.421,32423.87,6.895,6.163,6.163,,,RACE COURSE ROAD,4.998
race_course_road,Race Course Road,804.0,30051.442,32425.589,6.812,5.781,5.781,,,RACE COURSE ROAD,4.714
race_course_road,Race Course Road,806.0,30052.464,32427.309,3.822,5.399,5.399,,,RACE COURSE ROAD,4.43
race_course_road,Race Course Road,808.0,30053.486,32429.028,3.822,5.017,5.017,,,RACE COURSE ROAD,4.147
race_course_road,Race Course Road,810.0,30054.508,32430.747,3.822,4.636,4.636,,,RACE COURSE ROAD,3.863
race_course_road,Race Course Road,812.0,30055.53,32432.466,3.822,4.254,4.254,,,RACE COURSE ROAD,3.579
race_course_road,Race Course Road,814.0,30056.552,32434.186,3.872,3.872,3.872,,,RACE COURSE ROAD,3.295
race_course_road,Race Course Road,816.0,30057.574,32435.905,3.872,3.872,3.872,,,RACE COURSE ROAD,3.012
race_course_road,Race Course Road,818.0,30058.596,32437.624,3.872,3.872,3.872,,,RACE COURSE ROAD,2.728
race_course_road,Race Course Road,820.0,30059.618,32439.343,4.147,4.147,4.06,,,RACE COURSE ROAD,2.444
race_course_road,Race Course Road,822.0,30060.64,32441.062,4.572,4.103,4.06,,,RACE COURSE ROAD,2.161
race_course_road,Race Course Road,824.0,30061.662,32442.782,3.922,4.06,4.06,-0.547,1.0,RACE COURSE ROAD,1.877
race_course_road,Race Course Road,826.0,30062.683,32444.501,4.247,4.016,4.016,,,RACE COURSE ROAD,1.593
race_course_road,Race Course Road,828.0,30063.705,32446.22,3.972,3.972,4.016,,,RACE COURSE ROAD,1.309
race_course_road,Race Course Road,830.0,30064.727,32447.939,3.972,3.972,4.016,,,RACE COURSE ROAD,1.026
race_course_road,Race Course Road,832.0,30065.749,32449.658,4.122,4.122,4.122,2.521,1.0,RACE COURSE ROAD,0.742
race_course_road,Race Course Road,834.0,30066.771,32451.378,4.222,4.222,4.172,,,RACE COURSE ROAD,0.458
race_course_road,Race Course Road,836.0,30067.793,32453.097,4.172,4.172,4.218,,,RACE COURSE ROAD,0.174
race_course_road,Race Course Road,838.0,30068.815,32454.816,4.622,4.218,4.222,1.08,1.0,RACE COURSE ROAD,0.109
race_course_road,Race Course Road,840.0,30069.837,32456.535,4.222,4.263,4.258,0.511,1.0,RACE COURSE ROAD,0.393
race_course_road,Race Course Road,842.0,30070.859,32458.255,4.308,4.308,4.258,,,RACE COURSE ROAD,0.677
race_course_road,Race Course Road,844.0,30071.881,32459.974,4.258,4.258,4.258,,,RACE COURSE ROAD,0.961
race_course_road,Race Course Road,846.0,30072.903,32461.693,4.175,4.175,4.175,-2.955,1.0,RACE COURSE ROAD,1.244
race_course_road,Race Course Road,848.0,30073.924,32463.412,4.022,4.022,4.022,-2.955,1.0,RACE COURSE ROAD,1.528
race_course_road,Race Course Road,850.0,30074.946,32465.131,4.022,4.022,4.022,-1.913,1.0,RACE COURSE ROAD,1.812
race_course_road,Race Course Road,852.0,30075.968,32466.851,4.022,4.022,4.022,0.0,1.0,RACE COURSE ROAD,2.096
race_course_road,Race Course Road,854.0,30076.99,32468.57,4.022,4.022,4.022,0.0,1.0,RACE COURSE ROAD,2.379
race_course_road,Race Course Road,856.0,30078.012,32470.289,4.022,4.022,4.022,-0.625,1.0,RACE COURSE ROAD,2.663
race_course_road,Race Course Road,858.0,30079.034,32472.008,4.022,4.022,4.022,-0.625,1.0,RACE COURSE ROAD,2.947
race_course_road,Race Course Road,860.0,30080.056,32473.727,3.972,3.972,3.972,-0.625,1.0,RACE COURSE ROAD,3.231
race_course_road,Race Course Road,862.0,30081.078,32475.447,3.972,3.972,3.972,-0.625,1.0,RACE COURSE ROAD,3.514
race_course_road,Race Course Road,864.0,30082.1,32477.166,3.972,3.972,3.972,0.0,1.0,RACE COURSE ROAD,3.798
race_course_road,Race Course Road,866.0,30083.122,32478.885,3.972,3.972,3.972,0.0,1.0,RACE COURSE ROAD,4.082
race_course_road,Race Course Road,868.0,30084.144,32480.604,3.972,3.972,3.972,0.0,1.0,RACE COURSE ROAD,4.365
race_course_road,Race Course Road,870.0,30085.165,32482.323,3.922,3.922,3.972,0.748,1.0,RACE COURSE ROAD,4.649
race_course_road,Race Course Road,872.0,30086.187,32484.043,3.922,3.922,3.972,2.121,1.0,RACE COURSE ROAD,4.933
race_course_road,Race Course Road,874.0,30087.209,32485.762,7.358,4.032,4.032,2.121,1.0,RACE COURSE ROAD,5.217
race_course_road,Race Course Road,876.0,30088.231,32487.481,4.142,4.142,4.142,2.121,1.0,RACE COURSE ROAD,5.5
race_course_road,Race Course Road,878.0,30089.253,32489.2,4.192,4.192,4.142,-1.373,1.0,RACE COURSE ROAD,5.784
race_course_road,Race Course Road,880.0,30090.275,32490.92,4.158,4.158,4.142,-2.746,1.0,RACE COURSE ROAD,6.068
race_course_road,Race Course Road,882.0,30091.354,32492.597,3.922,3.922,3.922,-2.746,1.0,RACE COURSE ROAD,6.281
race_course_road,Race Course Road,884.0,30092.685,32494.09,3.922,3.922,3.922,-2.746,1.0,RACE COURSE ROAD,6.183
race_course_road,Race Course Road,886.0,30094.015,32495.584,3.922,3.922,3.922,0.0,1.0,RACE COURSE ROAD,6.085
race_course_road,Race Course Road,888.0,30095.345,32497.077,3.922,3.922,3.922,0.559,1.0,RACE COURSE ROAD,5.986
race_course_road,Race Course Road,890.0,30096.676,32498.57,3.872,3.872,3.922,0.559,1.0,RACE COURSE ROAD,5.888
race_course_road,Race Course Road,892.0,30098.028,32500.042,3.967,3.967,3.967,0.559,1.0,RACE COURSE ROAD,5.759
race_course_road,Race Course Road,894.0,30099.458,32501.441,3.967,3.967,3.967,0.559,1.0,RACE COURSE ROAD,5.525
race_course_road,Race Course Road,896.0,30100.887,32502.84,3.967,3.967,3.967,0.0,1.0,RACE COURSE ROAD,5.29
race_course_road,Race Course Road,898.0,30102.317,32504.239,3.9,3.9,3.967,1.146,1.0,RACE COURSE ROAD,5.056
race_course_road,Race Course Road,900.0,30103.746,32505.638,3.958,3.958,3.967,1.667,1.0,RACE COURSE ROAD,4.821
race_course_road,Race Course Road,902.0,30105.176,32507.037,4.058,4.058,4.058,1.771,1.0,RACE COURSE ROAD,4.586
race_course_road,Race Course Road,904.0,30106.605,32508.435,4.1,4.1,4.1,2.188,1.0,RACE COURSE ROAD,4.352
race_course_road,Race Course Road,906.0,30108.06,32507.692,4.108,4.108,4.108,1.146,1.0,RACE COURSE ROAD,2.752
race_course_road,Race Course Road,908.0,30109.523,32506.327,4.217,4.217,4.142,1.458,1.0,RACE COURSE ROAD,0.757
race_course_road,Race Course Road,910.0,30110.985,32504.963,4.142,4.142,4.15,,,RACE COURSE ROAD,1.238
race_course_road,Race Course Road,912.0,30112.651,32503.97,4.15,4.15,4.217,,,RACE COURSE ROAD,3.158
race_course_road,Race Course Road,914.0,30114.588,32503.469,5.642,4.265,4.265,,,RACE COURSE ROAD,4.98
race_course_road,Race Course Road,916.0,30116.524,32502.969,5.533,4.38,4.38,,,RACE COURSE ROAD,6.801
race_course_road,Race Course Road,918.0,30118.46,32502.468,5.408,4.495,4.495,,,RACE COURSE ROAD,8.623
race_course_road,Race Course Road,940.0,30130.329,32518.476,4.467,4.61,4.61,,,RACE COURSE ROAD,8.959
race_course_road,Race Course Road,942.0,30131.273,32520.24,4.725,4.725,4.61,,,RACE COURSE ROAD,8.857
race_course_road,Race Course Road,944.0,30132.217,32522.003,4.658,4.658,4.61,,,RACE COURSE ROAD,8.754
race_course_road,Race Course Road,946.0,30133.161,32523.766,4.192,4.607,4.607,-1.34,1.0,RACE COURSE ROAD,8.652
race_course_road,Race Course Road,948.0,30134.105,32525.529,4.092,4.555,4.555,,,RACE COURSE ROAD,8.55
race_course_road,Race Course Road,950.0,30135.049,32527.292,6.225,4.503,4.503,,,RACE COURSE ROAD,8.447
race_course_road,Race Course Road,952.0,30135.993,32529.056,7.45,4.371,4.371,,,RACE COURSE ROAD,8.345
race_course_road,Race Course Road,954.0,30136.937,32530.819,5.325,4.238,4.238,,,RACE COURSE ROAD,8.243
race_course_road,Race Course Road,956.0,30137.881,32532.582,4.508,4.106,4.106,,,RACE COURSE ROAD,8.14
race_course_road,Race Course Road,958.0,30138.825,32534.345,4.058,3.974,3.974,,,RACE COURSE ROAD,8.038
race_course_road,Race Course Road,960.0,30139.769,32536.108,3.842,3.842,3.842,,,RACE COURSE ROAD,7.936
race_course_road,Race Course Road,962.0,30140.713,32537.872,4.583,3.82,3.82,,,RACE COURSE ROAD,7.833
race_course_road,Race Course Road,964.0,30141.656,32539.635,3.792,3.797,3.797,-0.833,1.0,RACE COURSE ROAD,7.73
race_course_road,Race Course Road,966.0,30142.48,32541.457,3.775,3.775,3.792,,,RACE COURSE ROAD,7.495
race_course_road,Race Course Road,968.0,30143.304,32543.28,3.792,3.792,3.775,,,RACE COURSE ROAD,7.278
race_course_road,Race Course Road,970.0,30144.128,32545.102,3.775,3.775,3.775,,,RACE COURSE ROAD,7.165
race_course_road,Race Course Road,972.0,30144.952,32546.925,4.137,3.775,3.775,-0.006,1.0,RACE COURSE ROAD,7.052
race_course_road,Race Course Road,974.0,30145.776,32548.747,3.8,3.775,3.775,-0.006,1.0,RACE COURSE ROAD,6.939
race_course_road,Race Course Road,976.0,30146.6,32550.569,3.775,3.775,3.775,,,RACE COURSE ROAD,6.826
race_course_road,Race Course Road,978.0,30147.424,32552.392,3.775,3.775,3.775,,,RACE COURSE ROAD,6.713
race_course_road,Race Course Road,980.0,30148.248,32554.214,3.775,3.775,3.775,0.0,1.0,RACE COURSE ROAD,6.6
race_course_road,Race Course Road,982.0,30149.071,32556.037,3.775,3.775,3.775,,,RACE COURSE ROAD,6.487
race_course_road,Race Course Road,984.0,30149.895,32557.859,3.725,3.725,3.775,,,RACE COURSE ROAD,6.374
race_course_road,Race Course Road,986.0,30150.719,32559.682,3.725,4.022,4.022,,,RACE COURSE ROAD,6.26
race_course_road,Race Course Road,988.0,30151.543,32561.504,6.212,4.319,4.319,,,RACE COURSE ROAD,6.147
race_course_road,Race Course Road,990.0,30152.367,32563.326,6.018,4.638,4.638,,,RACE COURSE ROAD,6.034
race_course_road,Race Course Road,992.0,30153.191,32565.149,6.025,4.958,4.958,,,RACE COURSE ROAD,5.921
race_course_road,Race Course Road,1006.0,30158.959,32577.906,3.676,5.278,5.278,,,RACE COURSE ROAD,5.13
race_course_road,Race Course Road,1008.0,30159.783,32579.728,3.676,,5.598,,,RACE COURSE ROAD,5.016
race_course_road,Race Course Road,1010.0,30160.606,32581.55,3.676,5.918,5.918,,,RACE COURSE ROAD,4.903
race_course_road,Race Course Road,1012.0,30161.43,32583.373,7.185,6.238,6.238,,,RACE COURSE ROAD,4.79
race_course_road,Race Course Road,1014.0,30162.254,32585.195,7.342,6.558,6.558,,,RACE COURSE ROAD,4.677
race_course_road,Race Course Road,1016.0,30163.078,32587.018,7.204,6.878,6.878,,,RACE COURSE ROAD,4.564
race_course_road,Race Course Road,1018.0,30163.902,32588.84,7.198,6.92,6.878,,,RACE COURSE ROAD,4.451
race_course_road,Race Course Road,1020.0,30164.726,32590.662,7.204,6.962,6.878,,,RACE COURSE ROAD,4.338
race_course_road,Race Course Road,1022.0,30165.55,32592.485,7.323,6.726,6.726,,,RACE COURSE ROAD,4.334
race_course_road,Race Course Road,1024.0,30166.374,32594.307,7.285,6.49,6.49,,,RACE COURSE ROAD,4.412
race_course_road,Race Course Road,1026.0,30167.198,32596.13,5.185,6.254,6.254,,,RACE COURSE ROAD,4.49
race_course_road,Race Course Road,1028.0,30168.022,32597.952,5.223,6.187,6.187,,,RACE COURSE ROAD,4.568
race_course_road,Race Course Road,1030.0,30168.846,32599.774,5.223,6.12,6.12,,,RACE COURSE ROAD,4.646
race_course_road,Race Course Road,1032.0,30169.67,32601.597,5.985,6.053,6.053,,,RACE COURSE ROAD,4.724
race_course_road,Race Course Road,1034.0,30170.494,32603.419,5.985,5.985,5.985,,,RACE COURSE ROAD,4.801
race_course_road,Race Course Road,1036.0,30171.317,32605.242,5.985,5.985,5.985,,,RACE COURSE ROAD,4.879
race_course_road,Race Course Road,1038.0,30172.141,32607.064,5.985,5.985,5.985,0.0,1.0,RACE COURSE ROAD,4.957
race_course_road,Race Course Road,1040.0,30172.965,32608.886,5.985,5.985,5.985,,,RACE COURSE ROAD,5.035
race_course_road,Race Course Road,1042.0,30173.789,32610.709,3.676,6.196,5.985,,,RACE COURSE ROAD,5.113
race_course_road,Race Course Road,1044.0,30174.613,32612.531,3.676,5.97,5.97,,,RACE COURSE ROAD,5.191
race_course_road,Race Course Road,1046.0,30175.437,32614.354,6.617,5.745,5.745,,,RACE COURSE ROAD,5.269
race_course_road,Race Course Road,1048.0,30176.261,32616.176,6.617,5.651,5.651,,,RACE COURSE ROAD,5.347
race_course_road,Race Course Road,1050.0,30177.085,32617.998,6.785,5.558,5.558,,,RACE COURSE ROAD,5.424
race_course_road,Race Course Road,1064.0,30182.719,32630.811,3.76,5.464,5.464,,,RACE COURSE ROAD,5.825
race_course_road,Race Course Road,1066.0,30183.437,32632.678,3.748,5.371,5.371,,,RACE COURSE ROAD,5.788
race_course_road,Race Course Road,1068.0,30184.155,32634.544,3.748,5.278,5.371,,,RACE COURSE ROAD,5.751
race_course_road,Race Course Road,1070.0,30184.942,32636.366,4.174,5.184,5.371,,,RACE COURSE ROAD,5.837
race_course_road,Race Course Road,1072.0,30186.356,32637.781,5.902,5.419,5.333,,,RACE COURSE ROAD,6.75
race_course_road,Race Course Road,1074.0,30187.769,32639.195,6.474,5.376,5.333,,,RACE COURSE ROAD,7.663
race_course_road,Race Course Road,1076.0,30189.183,32640.61,5.322,5.333,5.333,,,RACE COURSE ROAD,8.577
race_course_road,Race Course Road,1078.0,30190.597,32642.025,5.158,5.063,5.063,,,RACE COURSE ROAD,9.49
race_course_road,Race Course Road,1080.0,30192.011,32643.439,5.197,4.794,4.794,,,RACE COURSE ROAD,10.403
race_course_road,Race Course Road,1082.0,30193.424,32644.854,4.371,4.524,4.524,,,RACE COURSE ROAD,11.317
race_course_road,Race Course Road,1084.0,30194.838,32646.269,4.254,4.254,4.473,,,RACE COURSE ROAD,12.23
race_course_road,Race Course Road,1086.0,30196.252,32647.683,4.398,4.398,4.473,,,RACE COURSE ROAD,13.143
race_course_road,Race Course Road,1088.0,30197.666,32649.098,4.473,4.473,4.473,,,RACE COURSE ROAD,14.056
race_course_road,Race Course Road,1090.0,30199.079,32650.513,4.638,4.638,4.638,,,RACE COURSE ROAD,14.97
race_course_road,Race Course Road,1092.0,30200.493,32651.927,5.089,4.686,4.686,,,RACE COURSE ROAD,15.883
race_course_road,Race Course Road,1094.0,30201.907,32653.342,5.617,4.733,4.733,,,RACE COURSE ROAD,16.796
race_course_road,Race Course Road,1096.0,30203.321,32654.757,5.016,4.78,4.78,,,RACE COURSE ROAD,17.71
race_course_road,Race Course Road,1098.0,30204.928,32655.943,4.827,5.079,5.079,,,RACE COURSE ROAD,18.877
race_course_road,Race Course Road,1100.0,30206.557,32657.102,4.846,5.377,5.377,,,RACE COURSE ROAD,20.074
race_course_road,Race Course Road,1318.0,30363.777,32791.209,11.377,5.676,5.676,,,RACE COURSE ROAD,16.003
race_course_road,Race Course Road,1416.0,30391.224,32857.514,6.101,5.76,5.676,,,RACE COURSE ROAD,35.865
race_course_road,Race Course Road,1418.0,30393.012,32858.411,8.074,5.845,5.676,,,RACE COURSE ROAD,35.371
race_course_road,Race Course Road,1420.0,30394.799,32859.308,7.458,5.588,5.588,,,RACE COURSE ROAD,34.878
race_course_road,Race Course Road,1422.0,30396.587,32860.205,6.688,5.332,5.332,,,RACE COURSE ROAD,34.384
race_course_road,Race Course Road,1424.0,30398.374,32861.103,6.975,5.076,5.076,,,RACE COURSE ROAD,33.891
race_course_road,Race Course Road,1426.0,30400.162,32862.0,6.163,4.82,4.82,,,RACE COURSE ROAD,33.398
race_course_road,Race Course Road,1428.0,30401.949,32862.897,5.198,4.564,4.564,,,RACE COURSE ROAD,32.904
race_course_road,Race Course Road,1430.0,30403.408,32861.677,4.526,4.308,4.308,,,RACE COURSE ROAD,31.027
race_course_road,Race Course Road,1432.0,30404.839,32860.28,4.052,4.052,4.095,,,RACE COURSE ROAD,29.034
race_course_road,Race Course Road,1434.0,30406.27,32858.882,5.022,4.073,4.095,,,RACE COURSE ROAD,27.041
race_course_road,Race Course Road,1436.0,30407.701,32857.485,4.122,4.095,4.073,-0.933,1.0,RACE COURSE ROAD,25.048
race_course_road,Race Course Road,1438.0,30409.219,32856.22,4.117,4.117,4.073,,,RACE COURSE ROAD,23.097
race_course_road,Race Course Road,1440.0,30411.068,32855.456,4.02,4.02,4.02,,,RACE COURSE ROAD,21.309
race_course_road,Race Course Road,1442.0,30412.916,32854.693,3.734,3.734,3.734,-5.055,1.0,RACE COURSE ROAD,19.521
race_course_road,Race Course Road,1444.0,30414.765,32853.93,3.602,3.602,3.698,-4.916,1.0,RACE COURSE ROAD,17.734
race_course_road,Race Course Road,1446.0,30416.613,32853.167,3.698,3.698,3.669,-0.81,1.0,RACE COURSE ROAD,15.946
race_course_road,Race Course Road,1448.0,30418.462,32852.404,3.544,3.544,3.627,-0.365,1.0,RACE COURSE ROAD,14.158
race_course_road,Race Course Road,1450.0,30417.013,32853.615,3.669,3.669,3.669,0.185,1.0,RACE COURSE ROAD,16.022
race_course_road,Race Course Road,1452.0,30415.467,32854.884,3.627,3.627,3.669,2.341,1.0,RACE COURSE ROAD,17.994
race_course_road,Race Course Road,1454.0,30413.922,32856.153,3.684,3.684,3.684,4.497,1.0,RACE COURSE ROAD,19.965
race_course_road,Race Course Road,1456.0,30412.376,32857.422,4.039,3.856,3.856,,,RACE COURSE ROAD,21.937
race_course_road,Race Course Road,1458.0,30410.83,32858.691,4.029,4.029,4.029,,,RACE COURSE ROAD,23.908
race_course_road,Race Course Road,1460.0,30409.284,32859.96,4.045,4.251,4.251,,,RACE COURSE ROAD,25.88
race_course_road,Race Course Road,1462.0,30407.515,32860.585,4.201,4.473,4.473,,,RACE COURSE ROAD,27.511
race_course_road,Race Course Road,1464.0,30405.515,32860.545,4.902,4.63,4.63,,,RACE COURSE ROAD,28.791
race_course_road,Race Course Road,1466.0,30403.516,32860.505,5.465,4.787,4.63,,,RACE COURSE ROAD,30.071
race_course_road,Race Course Road,1468.0,30401.516,32860.465,6.17,4.673,4.63,,,RACE COURSE ROAD,31.351
race_course_road,Race Course Road,1470.0,30399.516,32860.425,6.917,4.558,4.558,,,RACE COURSE ROAD,32.631
race_course_road,Race Course Road,1472.0,30397.517,32860.385,7.242,4.444,4.444,,,RACE COURSE ROAD,33.911
race_course_road,Race Course Road,1474.0,30395.517,32860.346,6.225,4.33,4.33,,,RACE COURSE ROAD,35.191
race_course_road,Race Course Road,1476.0,30393.518,32860.306,7.133,4.215,4.215,,,RACE COURSE ROAD,36.471
race_course_road,Race Course Road,1478.0,30391.518,32860.266,6.66,4.101,4.101,,,RACE COURSE ROAD,37.751
race_course_road,Race Course Road,1552.0,30383.436,32817.993,4.297,3.987,3.987,,,RACE COURSE ROAD,11.111
race_course_road,Race Course Road,1554.0,30384.937,32816.671,4.689,3.872,3.872,,,RACE COURSE ROAD,9.129
race_course_road,Race Course Road,1556.0,30386.144,32815.143,4.484,3.758,3.872,,,RACE COURSE ROAD,7.183
race_course_road,Race Course Road,1558.0,30386.877,32813.282,3.222,3.643,3.872,,,RACE COURSE ROAD,5.297
race_course_road,Race Course Road,1560.0,30387.611,32811.421,3.529,3.884,3.884,,,RACE COURSE ROAD,3.411
race_course_road,Race Course Road,1562.0,30388.344,32809.561,3.716,4.125,4.125,,,RACE COURSE ROAD,1.525
race_course_road,Race Course Road,1564.0,30389.077,32807.7,3.772,4.575,4.575,,,RACE COURSE ROAD,0.361
race_course_road,Race Course Road,1566.0,30389.81,32805.839,4.607,5.026,5.026,,,RACE COURSE ROAD,2.247
race_course_road,Race Course Road,1568.0,30390.543,32803.978,4.657,5.476,5.476,,,RACE COURSE ROAD,4.133
race_course_road,Race Course Road,1570.0,30391.276,32802.117,4.606,5.927,5.927,,,RACE COURSE ROAD,6.019
race_course_road,Race Course Road,1572.0,30392.009,32800.257,4.479,6.377,6.377,,,RACE COURSE ROAD,7.905
race_course_road,Race Course Road,1574.0,30392.742,32798.396,4.174,6.709,6.709,,,RACE COURSE ROAD,9.791
race_course_road,Race Course Road,1576.0,30393.475,32796.535,4.303,7.041,7.041,,,RACE COURSE ROAD,11.677
race_course_road,Race Course Road,2026.0,30254.504,32710.448,20.252,7.374,7.374,,,RACE COURSE ROAD,43.189
race_course_road,Race Course Road,2028.0,30252.553,32710.89,20.891,7.706,7.706,,,RACE COURSE ROAD,41.259
race_course_road,Race Course Road,2030.0,30250.603,32711.332,19.459,,7.872,,,RACE COURSE ROAD,39.33
race_course_road,Race Course Road,2032.0,30248.652,32711.775,20.754,,8.038,,,RACE COURSE ROAD,37.4
race_course_road,Race Course Road,2034.0,30246.702,32712.217,22.432,,8.37,,,RACE COURSE ROAD,35.47
race_course_road,Race Course Road,2036.0,30244.751,32712.659,16.482,,9.366,,,RACE COURSE ROAD,33.541
race_course_road,Race Course Road,2038.0,30242.801,32713.101,19.538,,9.698,,,RACE COURSE ROAD,31.611
race_course_road,Race Course Road,2040.0,30240.85,32713.543,17.813,,9.864,,,RACE COURSE ROAD,29.681
race_course_road,Race Course Road,2042.0,30238.9,32713.986,17.775,10.031,10.031,,,RACE COURSE ROAD,27.752
race_course_road,Race Course Road,2044.0,30236.949,32714.428,23.297,10.363,10.363,,,RACE COURSE ROAD,25.822
race_course_road,Race Course Road,2046.0,30234.999,32714.87,17.185,10.695,10.46,,,RACE COURSE ROAD,23.892
race_course_road,Race Course Road,2048.0,30233.048,32715.312,13.864,11.027,10.46,,,RACE COURSE ROAD,21.963
race_course_road,Race Course Road,2050.0,30231.098,32715.754,10.923,10.46,10.46,,,RACE COURSE ROAD,20.033
race_course_road,Race Course Road,2052.0,30229.147,32716.196,12.44,9.892,9.892,,,RACE COURSE ROAD,18.103
race_course_road,Race Course Road,2054.0,30227.197,32716.639,10.638,9.325,9.325,,,RACE COURSE ROAD,16.174
race_course_road,Race Course Road,2056.0,30225.246,32717.081,10.856,,8.758,,,RACE COURSE ROAD,14.244
race_course_road,Race Course Road,2058.0,30223.296,32717.523,7.965,,8.19,,,RACE COURSE ROAD,12.315
race_course_road,Race Course Road,2060.0,30221.345,32717.965,7.977,,7.623,,,RACE COURSE ROAD,10.385
race_course_road,Race Course Road,2062.0,30219.395,32718.407,6.373,,7.056,,,RACE COURSE ROAD,8.455
race_course_road,Race Course Road,2064.0,30217.444,32718.85,5.871,6.488,6.488,,,RACE COURSE ROAD,6.526
race_course_road,Race Course Road,2066.0,30215.494,32719.292,4.661,5.921,5.921,,,RACE COURSE ROAD,4.596
race_course_road,Race Course Road,2068.0,30213.543,32719.734,3.966,5.354,5.354,,,RACE COURSE ROAD,2.666
race_course_road,Race Course Road,2070.0,30211.593,32720.176,3.802,4.787,5.002,,,RACE COURSE ROAD,0.737
race_course_road,Race Course Road,2072.0,30209.642,32720.618,3.669,4.894,5.002,,,RACE COURSE ROAD,1.193
race_course_road,Race Course Road,2074.0,30207.692,32721.061,3.552,5.002,5.002,,,RACE COURSE ROAD,3.123
race_course_road,Race Course Road,2076.0,30205.741,32721.503,5.118,5.11,5.11,,,RACE COURSE ROAD,5.052
race_course_road,Race Course Road,2078.0,30203.791,32721.945,5.218,5.218,5.161,,,RACE COURSE ROAD,6.982
race_course_road,Race Course Road,2080.0,30201.84,32722.387,5.236,5.236,5.161,,,RACE COURSE ROAD,8.912
race_course_road,Race Course Road,2082.0,30199.89,32722.829,4.89,5.161,5.161,,,RACE COURSE ROAD,10.841
race_course_road,Race Course Road,2084.0,30197.939,32723.271,5.725,5.085,5.085,,,RACE COURSE ROAD,12.771
race_course_road,Race Course Road,2086.0,30195.989,32723.714,6.81,5.01,5.01,,,RACE COURSE ROAD,14.701
race_course_road,Race Course Road,2088.0,30194.038,32724.156,6.832,4.934,4.934,,,RACE COURSE ROAD,16.63
race_course_road,Race Course Road,2170.0,30195.642,32713.501,3.814,4.859,4.859,,,RACE COURSE ROAD,10.21
race_course_road,Race Course Road,2172.0,30197.209,32714.743,4.358,4.784,4.784,,,RACE COURSE ROAD,9.41
race_course_road,Race Course Road,2174.0,30198.777,32715.985,4.67,4.708,4.784,,,RACE COURSE ROAD,8.609
race_course_road,Race Course Road,2176.0,30200.344,32717.227,4.633,4.633,4.784,,,RACE COURSE ROAD,7.809
race_course_road,Race Course Road,2178.0,30201.912,32718.469,4.179,4.814,4.781,,,RACE COURSE ROAD,7.008
race_course_road,Race Course Road,2180.0,30203.48,32719.711,4.132,4.994,4.781,,,RACE COURSE ROAD,6.208
race_course_road,Race Course Road,2182.0,30205.047,32720.954,5.175,4.781,4.781,,,RACE COURSE ROAD,5.407
race_course_road,Race Course Road,2184.0,30206.615,32722.196,5.082,4.568,4.568,,,RACE COURSE ROAD,4.607
race_course_road,Race Course Road,2186.0,30208.182,32723.438,5.079,4.355,4.355,,,RACE COURSE ROAD,3.807
race_course_road,Race Course Road,2188.0,30209.75,32724.68,3.572,4.142,4.142,,,RACE COURSE ROAD,3.006
race_course_road,Race Course Road,2190.0,30211.317,32725.922,3.929,3.929,4.074,,,RACE COURSE ROAD,2.206
race_course_road,Race Course Road,2192.0,30212.885,32727.164,4.074,4.074,3.929,,,RACE COURSE ROAD,1.405
race_course_road,Race Course Road,2194.0,30214.452,32728.406,3.88,3.88,3.88,-2.422,1.0,RACE COURSE ROAD,0.605
race_course_road,Race Course Road,2196.0,30216.02,32729.649,3.646,3.646,3.88,-0.31,1.0,RACE COURSE ROAD,0.196
race_course_road,Race Course Road,2198.0,30217.587,32730.891,3.742,3.742,3.88,0.496,1.0,RACE COURSE ROAD,0.996
race_course_road,Race Course Road,2200.0,30219.155,32732.133,3.904,3.904,3.904,3.481,1.0,RACE COURSE ROAD,1.796
race_course_road,Race Course Road,2202.0,30220.722,32733.375,3.92,3.92,3.92,6.466,1.0,RACE COURSE ROAD,2.597
race_course_road,Race Course Road,2204.0,30222.29,32734.617,4.457,4.158,4.158,,,RACE COURSE ROAD,3.397
race_course_road,Race Course Road,2206.0,30223.857,32735.859,4.397,4.397,4.397,,,RACE COURSE ROAD,4.198
race_course_road,Race Course Road,2208.0,30225.425,32737.101,5.103,4.692,4.692,,,RACE COURSE ROAD,4.998
race_course_road,Race Course Road,2210.0,30226.992,32738.343,4.946,5.159,5.159,,,RACE COURSE ROAD,5.799
race_course_road,Race Course Road,2212.0,30228.56,32739.586,4.791,5.626,5.626,,,RACE COURSE ROAD,6.599
race_course_road,Race Course Road,2214.0,30230.127,32740.828,3.383,6.309,6.309,,,RACE COURSE ROAD,7.399
race_course_road,Race Course Road,2216.0,30231.695,32742.07,4.726,6.993,6.993,,,RACE COURSE ROAD,8.2
race_course_road,Race Course Road,2218.0,30233.262,32743.312,4.33,7.676,7.676,,,RACE COURSE ROAD,9.0
race_course_road,Race Course Road,2220.0,30234.83,32744.554,7.999,8.36,8.36,,,RACE COURSE ROAD,9.801
race_course_road,Race Course Road,2222.0,30236.397,32745.796,11.038,9.043,9.043,,,RACE COURSE ROAD,10.601
race_course_road,Race Course Road,2224.0,30237.965,32747.038,7.39,9.792,9.792,,,RACE COURSE ROAD,11.402
race_course_road,Race Course Road,2226.0,30239.532,32748.281,7.286,10.54,10.54,,,RACE COURSE ROAD,12.185
race_course_road,Race Course Road,2228.0,30241.1,32749.523,13.054,11.289,11.289,,,RACE COURSE ROAD,12.787
race_course_road,Race Course Road,2230.0,30242.667,32750.765,10.079,12.037,12.037,,,RACE COURSE ROAD,13.39
race_course_road,Race Course Road,2232.0,30244.235,32752.007,10.899,12.786,12.786,,,RACE COURSE ROAD,13.993
race_course_road,Race Course Road,2234.0,30245.802,32753.249,11.813,13.534,13.534,,,RACE COURSE ROAD,14.596
race_course_road,Race Course Road,2236.0,30247.37,32754.491,11.26,14.283,14.283,,,RACE COURSE ROAD,15.199
race_course_road,Race Course Road,2238.0,30248.937,32755.733,16.903,15.032,15.032,,,RACE COURSE ROAD,15.802
race_course_road,Race Course Road,2240.0,30250.505,32756.976,21.164,15.286,15.286,,,RACE COURSE ROAD,16.405
race_course_road,Race Course Road,2242.0,30252.072,32758.218,19.491,15.541,15.286,,,RACE COURSE ROAD,17.007
race_course_road,Race Course Road,2244.0,30253.64,32759.46,16.845,15.301,15.286,,,RACE COURSE ROAD,17.61
race_course_road,Race Course Road,2246.0,30255.207,32760.702,15.813,15.061,15.061,,,RACE COURSE ROAD,18.213
race_course_road,Race Course Road,2248.0,30256.775,32761.944,14.772,14.822,14.822,,,RACE COURSE ROAD,18.816
race_course_road,Race Course Road,2250.0,30258.343,32763.186,13.438,14.582,14.582,,,RACE COURSE ROAD,19.419
race_course_road,Race Course Road,2252.0,30259.91,32764.428,18.932,14.343,14.343,,,RACE COURSE ROAD,20.022
race_course_road,Race Course Road,2254.0,30261.478,32765.67,12.298,14.065,14.065,,,RACE COURSE ROAD,20.625
race_course_road,Race Course Road,2256.0,30263.045,32766.913,14.192,13.724,13.724,,,RACE COURSE ROAD,21.228
race_course_road,Race Course Road,2258.0,30264.613,32768.155,12.746,13.382,13.382,,,RACE COURSE ROAD,21.83
race_course_road,Race Course Road,2260.0,30266.18,32769.397,11.153,12.964,12.964,,,RACE COURSE ROAD,22.433
race_course_road,Race Course Road,2262.0,30267.748,32770.639,11.504,12.546,12.546,,,RACE COURSE ROAD,23.036
race_course_road,Race Course Road,2264.0,30269.315,32771.881,13.17,12.127,12.127,,,RACE COURSE ROAD,23.639
race_course_road,Race Course Road,2266.0,30270.883,32773.123,9.26,11.709,11.709,,,RACE COURSE ROAD,24.242
race_course_road,Race Course Road,2268.0,30272.45,32774.365,9.765,11.291,11.291,,,RACE COURSE ROAD,24.845
race_course_road,Race Course Road,2270.0,30274.018,32775.608,10.533,10.854,10.854,,,RACE COURSE ROAD,25.448
race_course_road,Race Course Road,2272.0,30275.585,32776.85,12.224,10.418,10.418,,,RACE COURSE ROAD,26.051
race_course_road,Race Course Road,2274.0,30277.153,32778.092,10.956,9.981,9.981,,,RACE COURSE ROAD,26.653
race_course_road,Race Course Road,2276.0,30278.72,32779.334,10.205,9.545,9.545,,,RACE COURSE ROAD,27.256
race_course_road,Race Course Road,2278.0,30280.288,32780.576,9.743,,9.108,,,RACE COURSE ROAD,27.859
race_course_road,Race Course Road,2280.0,30281.855,32781.818,5.436,,8.672,,,RACE COURSE ROAD,28.462
race_course_road,Race Course Road,2282.0,30283.423,32783.06,5.077,,8.235,,,RACE COURSE ROAD,29.065
race_course_road,Race Course Road,2284.0,30284.99,32784.302,5.392,7.799,7.799,,,RACE COURSE ROAD,29.668
race_course_road,Race Course Road,2286.0,30286.558,32785.545,5.22,7.362,7.362,,,RACE COURSE ROAD,30.271
race_course_road,Race Course Road,2288.0,30288.125,32786.787,5.554,6.925,6.925,,,RACE COURSE ROAD,30.607
race_course_road,Race Course Road,2290.0,30289.693,32788.029,7.998,6.489,6.489,,,RACE COURSE ROAD,30.814
race_course_road,Race Course Road,2292.0,30291.26,32789.271,18.383,6.409,6.489,,,RACE COURSE ROAD,31.021
race_course_road,Race Course Road,2294.0,30292.828,32790.513,22.162,6.33,6.489,,,RACE COURSE ROAD,31.228
race_course_road,Race Course Road,2296.0,30294.395,32791.755,17.199,6.607,6.607,,,RACE COURSE ROAD,31.435
race_course_road,Race Course Road,2298.0,30295.963,32792.997,17.815,6.885,6.885,,,RACE COURSE ROAD,31.642
race_course_road,Race Course Road,2300.0,30297.53,32794.24,6.1,7.162,7.162,,,RACE COURSE ROAD,31.85
race_course_road,Race Course Road,2302.0,30299.098,32795.482,8.419,7.439,7.439,,,RACE COURSE ROAD,32.057
race_course_road,Race Course Road,2304.0,30300.665,32796.724,7.93,7.717,7.717,,,RACE COURSE ROAD,32.264
race_course_road,Race Course Road,2306.0,30302.233,32797.966,7.994,7.994,7.994,,,RACE COURSE ROAD,32.471
race_course_road,Race Course Road,2308.0,30303.8,32799.208,8.608,8.172,8.091,,,RACE COURSE ROAD,32.678
race_course_road,Race Course Road,2310.0,30305.368,32800.45,9.89,8.35,8.091,-2.013,1.0,RACE COURSE ROAD,32.885
race_course_road,Race Course Road,2312.0,30306.935,32801.692,,8.091,8.091,-5.852,1.0,RACE COURSE ROAD,33.092
race_course_road,Race Course Road,2314.0,30308.503,32802.934,,7.833,7.833,-9.691,2.0,RACE COURSE ROAD,33.299
race_course_road,Race Course Road,2316.0,30310.07,32804.177,,7.575,7.575,,,RACE COURSE ROAD,33.506
race_course_road,Race Course Road,2318.0,30311.638,32805.419,,7.316,7.316,,,RACE COURSE ROAD,33.713
race_course_road,Race Course Road,2320.0,30313.206,32806.661,,7.058,7.058,,,RACE COURSE ROAD,33.92
race_course_road,Race Course Road,2322.0,30314.773,32807.903,,6.799,6.799,-9.691,2.0,RACE COURSE ROAD,34.127
race_course_road,Race Course Road,2324.0,30316.341,32809.145,,6.541,6.541,-6.461,1.0,RACE COURSE ROAD,34.334
race_course_road,Race Course Road,2326.0,30317.908,32810.387,6.282,6.282,6.541,,,RACE COURSE ROAD,34.541
race_course_road,Race Course Road,2328.0,30319.476,32811.629,6.289,6.289,6.541,,,RACE COURSE ROAD,34.748
race_course_road,Race Course Road,2330.0,30321.043,32812.872,6.32,6.56,6.56,,,RACE COURSE ROAD,34.955
race_course_road,Race Course Road,2332.0,30322.611,32814.114,6.076,6.831,6.831,,,RACE COURSE ROAD,35.162
race_course_road,Race Course Road,2334.0,30324.178,32815.356,4.706,6.982,6.922,,,RACE COURSE ROAD,35.369
race_course_road,Race Course Road,2336.0,30325.746,32816.598,12.686,7.133,6.922,,,RACE COURSE ROAD,35.577
race_course_road,Race Course Road,2338.0,30327.313,32817.84,19.004,6.922,6.922,,,RACE COURSE ROAD,35.784
race_course_road,Race Course Road,2446.0,30411.959,32884.915,10.711,6.712,6.712,,,RACE COURSE ROAD,42.649
race_course_road,Race Course Road,2448.0,30413.526,32886.158,12.409,6.502,6.502,,,RACE COURSE ROAD,42.515
race_course_road,Race Course Road,2450.0,30415.094,32887.4,13.557,6.292,6.292,,,RACE COURSE ROAD,42.38
race_course_road,Race Course Road,2452.0,30416.661,32888.642,7.8,6.082,6.082,,,RACE COURSE ROAD,42.246
race_course_road,Race Course Road,2454.0,30418.229,32889.884,17.812,5.872,5.872,,,RACE COURSE ROAD,42.112
race_course_road,Race Course Road,2456.0,30419.797,32891.126,22.616,5.662,5.662,,,RACE COURSE ROAD,41.978
race_course_road,Race Course Road,2458.0,30421.364,32892.368,25.658,5.452,5.452,,,RACE COURSE ROAD,41.843
race_course_road,Race Course Road,2460.0,30422.932,32893.61,29.209,5.242,5.242,,,RACE COURSE ROAD,41.709
race_course_road,Race Course Road,2462.0,30424.499,32894.852,27.694,5.031,5.031,,,RACE COURSE ROAD,41.575
race_course_road,Race Course Road,2464.0,30426.067,32896.095,28.936,4.821,4.821,,,RACE COURSE ROAD,41.44
race_course_road,Race Course Road,2466.0,30427.634,32897.337,21.134,4.611,4.611,,,RACE COURSE ROAD,41.306
race_course_road,Race Course Road,2468.0,30429.202,32898.579,3.654,4.401,4.401,,,RACE COURSE ROAD,41.172
race_course_road,Race Course Road,2470.0,30430.769,32899.821,3.654,4.191,4.32,,,RACE COURSE ROAD,41.038
race_course_road,Race Course Road,2472.0,30432.337,32901.063,3.981,3.981,4.32,,,RACE COURSE ROAD,40.903
race_course_road,Race Course Road,2474.0,30433.904,32902.305,3.981,4.32,4.32,,,RACE COURSE ROAD,40.769
race_course_road,Race Course Road,2476.0,30435.472,32903.547,4.171,4.658,4.658,,,RACE COURSE ROAD,40.635
race_course_road,Race Course Road,2478.0,30437.039,32904.79,4.171,4.97,4.97,,,RACE COURSE ROAD,40.5
race_course_road,Race Course Road,2480.0,30438.607,32906.032,4.171,5.283,5.283,,,RACE COURSE ROAD,40.366
race_course_road,Race Course Road,2482.0,30440.174,32907.274,,5.595,5.595,,,RACE COURSE ROAD,40.212
race_course_road,Race Course Road,2484.0,30441.742,32908.516,,5.907,5.907,,,RACE COURSE ROAD,40.049
race_course_road,Race Course Road,2486.0,30443.309,32909.758,19.799,6.219,6.189,,,RACE COURSE ROAD,39.886
race_course_road,Race Course Road,2488.0,30444.877,32911.0,22.126,6.204,6.189,,,RACE COURSE ROAD,39.723
race_course_road,Race Course Road,2490.0,30446.444,32912.242,27.327,6.189,6.189,,,RACE COURSE ROAD,39.56
race_course_road,Race Course Road,2492.0,30448.012,32913.484,27.263,6.174,6.174,,,RACE COURSE ROAD,39.396
race_course_road,Race Course Road,2494.0,30449.579,32914.727,27.544,6.159,6.159,,,RACE COURSE ROAD,39.233
race_course_road,Race Course Road,2496.0,30451.147,32915.969,20.796,6.144,6.144,,,RACE COURSE ROAD,39.07
race_course_road,Race Course Road,2498.0,30452.714,32917.211,20.562,6.129,6.129,,,RACE COURSE ROAD,38.907
race_course_road,Race Course Road,2500.0,30454.282,32918.453,6.113,6.113,6.129,,,RACE COURSE ROAD,38.744
race_course_road,Race Course Road,2502.0,30455.849,32919.695,6.113,6.113,6.129,,,RACE COURSE ROAD,38.581
race_course_road,Race Course Road,2504.0,30457.417,32920.937,6.834,6.227,6.151,,,RACE COURSE ROAD,38.418
race_course_road,Race Course Road,2506.0,30458.984,32922.179,6.453,6.34,6.151,,,RACE COURSE ROAD,38.254
race_course_road,Race Course Road,2508.0,30460.552,32923.422,6.453,6.151,6.151,,,RACE COURSE ROAD,38.091
race_course_road,Race Course Road,2510.0,30462.119,32924.664,6.303,5.962,5.962,,,RACE COURSE ROAD,37.928
race_course_road,Race Course Road,2512.0,30463.687,32925.906,5.773,5.773,5.773,,,RACE COURSE ROAD,37.765
race_course_road,Race Course Road,2514.0,30465.254,32927.148,,5.498,5.498,,,RACE COURSE ROAD,37.602
race_course_road,Race Course Road,2516.0,30466.822,32928.39,,5.223,5.223,-6.875,1.0,RACE COURSE ROAD,37.439
race_course_road,Race Course Road,2518.0,30468.389,32929.632,,4.948,5.223,,,RACE COURSE ROAD,37.275
race_course_road,Race Course Road,2520.0,30469.957,32930.874,4.673,4.673,5.223,,,RACE COURSE ROAD,37.112
race_course_road,Race Course Road,2522.0,30471.524,32932.116,4.548,5.244,5.244,,,RACE COURSE ROAD,36.949
race_course_road,Race Course Road,2524.0,30473.092,32933.359,4.423,5.816,5.816,,,RACE COURSE ROAD,36.786
race_course_road,Race Course Road,2526.0,30474.66,32934.601,4.223,6.846,6.846,,,RACE COURSE ROAD,36.623
race_course_road,Race Course Road,2528.0,30476.227,32935.843,4.323,7.877,7.877,,,RACE COURSE ROAD,36.46
race_course_road,Race Course Road,2530.0,30477.795,32937.085,4.323,8.907,8.907,,,RACE COURSE ROAD,36.297
race_course_road,Race Course Road,2532.0,30479.362,32938.327,35.578,9.937,9.937,,,RACE COURSE ROAD,36.133
race_course_road,Race Course Road,2534.0,30480.93,32939.569,35.446,10.968,10.968,,,RACE COURSE ROAD,35.97
race_course_road,Race Course Road,2536.0,30482.497,32940.811,35.956,11.998,11.998,,,RACE COURSE ROAD,35.807
race_course_road,Race Course Road,2538.0,30484.065,32942.054,35.846,13.029,13.029,,,RACE COURSE ROAD,35.644
race_course_road,Race Course Road,2540.0,30485.632,32943.296,32.795,13.742,13.742,,,RACE COURSE ROAD,35.481
race_course_road,Race Course Road,2542.0,30487.2,32944.538,35.128,14.456,14.456,,,RACE COURSE ROAD,35.318
race_course_road,Race Course Road,2544.0,30488.767,32945.78,35.181,15.17,15.17,,,RACE COURSE ROAD,35.154
race_course_road,Race Course Road,2546.0,30490.335,32947.022,31.697,15.884,15.884,,,RACE COURSE ROAD,34.991
race_course_road,Race Course Road,2548.0,30491.902,32948.264,29.34,16.597,16.597,,,RACE COURSE ROAD,34.828
race_course_road,Race Course Road,2550.0,30493.47,32949.506,29.646,17.311,16.597,,,RACE COURSE ROAD,34.665
race_course_road,Race Course Road,2552.0,30495.037,32950.748,30.574,16.711,16.597,,,RACE COURSE ROAD,34.502
race_course_road,Race Course Road,2554.0,30496.605,32951.991,30.238,16.111,16.111,,,RACE COURSE ROAD,34.339
race_course_road,Race Course Road,2556.0,30498.172,32953.233,27.242,15.511,15.511,,,RACE COURSE ROAD,34.176
race_course_road,Race Course Road,2558.0,30499.74,32954.475,17.814,14.91,14.91,,,RACE COURSE ROAD,34.012
race_course_road,Race Course Road,2560.0,30501.307,32955.717,15.04,13.872,13.872,,,RACE COURSE ROAD,33.849
race_course_road,Race Course Road,2562.0,30502.875,32956.959,10.74,12.834,12.834,,,RACE COURSE ROAD,33.686
race_course_road,Race Course Road,2564.0,30504.442,32958.201,10.115,11.796,11.796,,,RACE COURSE ROAD,33.523
race_course_road,Race Course Road,2566.0,30506.01,32959.443,5.565,10.758,10.758,,,RACE COURSE ROAD,33.36
race_course_road,Race Course Road,2568.0,30507.577,32960.686,5.36,9.72,9.72,,,RACE COURSE ROAD,33.197
race_course_road,Race Course Road,2570.0,30509.145,32961.928,5.645,8.681,8.681,,,RACE COURSE ROAD,33.034
race_course_road,Race Course Road,2572.0,30510.712,32963.17,6.725,7.643,7.643,,,RACE COURSE ROAD,32.87
race_course_road,Race Course Road,2574.0,30512.28,32964.412,6.54,7.486,7.486,,,RACE COURSE ROAD,32.707
race_course_road,Race Course Road,2576.0,30513.847,32965.654,7.57,7.329,7.329,,,RACE COURSE ROAD,32.544
race_course_road,Race Course Road,2578.0,30515.415,32966.896,12.877,7.171,7.171,,,RACE COURSE ROAD,32.381
race_course_road,Race Course Road,2580.0,30516.982,32968.138,12.706,7.014,7.014,,,RACE COURSE ROAD,32.218
race_course_road,Race Course Road,2582.0,30518.55,32969.381,12.797,6.857,6.857,,,RACE COURSE ROAD,32.055
race_course_road,Race Course Road,2584.0,30520.117,32970.623,11.522,6.699,6.699,,,RACE COURSE ROAD,31.892
race_course_road,Race Course Road,2586.0,30521.685,32971.865,11.372,6.542,6.542,,,RACE COURSE ROAD,31.728
race_course_road,Race Course Road,2588.0,30523.252,32973.107,12.959,6.385,6.385,,,RACE COURSE ROAD,31.565
race_course_road,Race Course Road,2590.0,30524.82,32974.349,20.802,6.227,6.227,,,RACE COURSE ROAD,31.402
race_course_road,Race Course Road,2592.0,30526.388,32975.591,5.723,6.07,6.07,,,RACE COURSE ROAD,31.239
race_course_road,Race Course Road,2594.0,30527.955,32976.833,5.648,5.912,5.912,,,RACE COURSE ROAD,31.076
race_course_road,Race Course Road,2596.0,30529.523,32978.075,5.873,5.755,5.755,,,RACE COURSE ROAD,30.913
race_course_road,Race Course Road,2598.0,30531.09,32979.318,5.598,5.598,5.755,,,RACE COURSE ROAD,30.749
race_course_road,Race Course Road,2600.0,30532.658,32980.56,5.573,5.573,5.755,,,RACE COURSE ROAD,30.586
race_course_road,Race Course Road,2602.0,30534.225,32981.802,5.873,5.873,5.873,,,RACE COURSE ROAD,30.423
race_course_road,Race Course Road,2604.0,30535.793,32983.044,6.323,6.044,6.044,,,RACE COURSE ROAD,30.26
race_course_road,Race Course Road,2606.0,30537.36,32984.286,5.898,6.215,6.215,,,RACE COURSE ROAD,30.097
race_course_road,Race Course Road,2608.0,30538.928,32985.528,5.573,6.385,6.385,,,RACE COURSE ROAD,29.934
race_course_road,Race Course Road,2610.0,30540.495,32986.77,5.618,6.556,6.556,,,RACE COURSE ROAD,29.771
race_course_road,Race Course Road,2612.0,30542.063,32988.013,6.155,6.727,6.727,,,RACE COURSE ROAD,29.607
race_course_road,Race Course Road,2614.0,30543.63,32989.255,6.898,6.898,6.898,,,RACE COURSE ROAD,29.444
race_course_road,Race Course Road,2616.0,30545.198,32990.497,6.898,6.898,6.898,,,RACE COURSE ROAD,29.281
race_course_road,Race Course Road,2618.0,30546.765,32991.739,7.278,7.101,7.101,,,RACE COURSE ROAD,29.118
race_course_road,Race Course Road,2620.0,30548.333,32992.981,7.303,7.849,7.849,,,RACE COURSE ROAD,28.955
race_course_road,Race Course Road,2622.0,30549.9,32994.223,6.423,8.597,8.597,,,RACE COURSE ROAD,28.792
race_course_road,Race Course Road,2624.0,30551.468,32995.465,32.043,9.424,9.424,,,RACE COURSE ROAD,28.629
race_course_road,Race Course Road,2626.0,30553.035,32996.707,22.378,10.252,10.252,,,RACE COURSE ROAD,28.465
race_course_road,Race Course Road,2628.0,30554.603,32997.95,18.876,11.079,11.079,,,RACE COURSE ROAD,28.302
race_course_road,Race Course Road,2630.0,30556.17,32999.192,17.815,,11.907,,,RACE COURSE ROAD,28.139
race_course_road,Race Course Road,2632.0,30557.738,33000.434,19.079,12.734,12.734,,,RACE COURSE ROAD,27.976
race_course_road,Race Course Road,2634.0,30559.305,33001.676,17.608,13.562,13.562,,,RACE COURSE ROAD,27.813
race_course_road,Race Course Road,2636.0,30560.873,33002.918,23.043,14.389,14.389,,,RACE COURSE ROAD,27.65
race_course_road,Race Course Road,2638.0,30562.44,33004.16,17.692,15.217,14.389,,,RACE COURSE ROAD,27.487
race_course_road,Race Course Road,2640.0,30564.008,33005.402,17.274,14.647,14.389,,,RACE COURSE ROAD,27.323
race_course_road,Race Course Road,2642.0,30565.575,33006.645,17.149,14.076,14.076,,,RACE COURSE ROAD,27.16
race_course_road,Race Course Road,2644.0,30567.143,33007.887,20.446,13.506,13.506,,,RACE COURSE ROAD,26.997
race_course_road,Race Course Road,2646.0,30568.71,33009.129,24.864,12.936,12.936,,,RACE COURSE ROAD,26.834
race_course_road,Race Course Road,2648.0,30570.278,33010.371,3.873,,12.651,,,RACE COURSE ROAD,26.671
race_course_road,Race Course Road,2650.0,30571.845,33011.613,4.528,,12.081,,,RACE COURSE ROAD,26.508
race_course_road,Race Course Road,2652.0,30573.413,33012.855,5.005,,11.226,,,RACE COURSE ROAD,26.344
race_course_road,Race Course Road,2654.0,30574.98,33014.097,5.288,,10.371,,,RACE COURSE ROAD,26.181
race_course_road,Race Course Road,2656.0,30576.548,33015.339,7.472,,9.8,,,RACE COURSE ROAD,26.018
race_course_road,Race Course Road,2658.0,30578.115,33016.582,7.024,9.515,9.515,,,RACE COURSE ROAD,25.855
race_course_road,Race Course Road,2660.0,30579.683,33017.824,8.312,8.945,8.945,,,RACE COURSE ROAD,25.692
race_course_road,Race Course Road,2662.0,30581.251,33019.066,8.147,8.375,8.375,,,RACE COURSE ROAD,25.529
race_course_road,Race Course Road,2664.0,30582.818,33020.308,8.307,7.805,7.805,,,RACE COURSE ROAD,25.366
race_course_road,Race Course Road,2666.0,30584.386,33021.55,8.952,7.747,7.747,,,RACE COURSE ROAD,25.202
race_course_road,Race Course Road,2668.0,30585.953,33022.792,9.699,7.688,7.688,,,RACE COURSE ROAD,25.039
race_course_road,Race Course Road,2670.0,30587.521,33024.034,9.347,7.63,7.63,,,RACE COURSE ROAD,24.869
race_course_road,Race Course Road,2672.0,30589.088,33025.277,9.537,7.572,7.572,,,RACE COURSE ROAD,24.583
race_course_road,Race Course Road,2674.0,30590.656,33026.519,6.973,7.513,7.513,,,RACE COURSE ROAD,24.297
race_course_road,Race Course Road,2676.0,30592.223,33027.761,16.354,7.455,7.455,,,RACE COURSE ROAD,24.011
race_course_road,Race Course Road,2678.0,30593.791,33029.003,18.196,7.396,7.396,,,RACE COURSE ROAD,23.725
race_course_road,Race Course Road,2680.0,30595.358,33030.245,22.076,7.338,7.338,,,RACE COURSE ROAD,23.439
race_course_road,Race Course Road,2682.0,30596.926,33031.487,18.91,7.28,7.28,,,RACE COURSE ROAD,23.153
race_course_road,Race Course Road,2684.0,30598.493,33032.729,18.198,7.221,7.221,,,RACE COURSE ROAD,22.867
race_course_road,Race Course Road,2686.0,30600.061,33033.972,20.256,,7.163,,,RACE COURSE ROAD,22.581
race_course_road,Race Course Road,2688.0,30601.628,33035.214,24.672,7.105,7.105,,,RACE COURSE ROAD,22.301
race_course_road,Race Course Road,2690.0,30603.196,33036.456,20.843,7.046,7.046,,,RACE COURSE ROAD,22.021
race_course_road,Race Course Road,2692.0,30604.763,33037.698,18.833,6.988,6.988,,,RACE COURSE ROAD,21.742
race_course_road,Race Course Road,2694.0,30606.331,33038.94,17.983,6.929,6.929,,,RACE COURSE ROAD,21.462
race_course_road,Race Course Road,2696.0,30607.898,33040.182,21.367,6.871,6.871,,,RACE COURSE ROAD,21.182
race_course_road,Race Course Road,2698.0,30609.466,33041.424,19.99,6.813,6.813,,,RACE COURSE ROAD,20.903
race_course_road,Race Course Road,2700.0,30611.033,33042.666,11.623,6.754,6.754,,,RACE COURSE ROAD,20.623
race_course_road,Race Course Road,2702.0,30612.601,33043.909,9.323,6.696,6.696,,,RACE COURSE ROAD,20.344
race_course_road,Race Course Road,2704.0,30614.168,33045.151,5.073,6.637,6.637,,,RACE COURSE ROAD,20.082
race_course_road,Race Course Road,2706.0,30615.736,33046.393,4.823,6.579,6.579,,,RACE COURSE ROAD,19.82
race_course_road,Race Course Road,2708.0,30617.303,33047.635,4.573,6.521,6.521,,,RACE COURSE ROAD,19.565
race_course_road,Race Course Road,2710.0,30618.871,33048.877,6.198,6.462,6.521,,,RACE COURSE ROAD,19.382
race_course_road,Race Course Road,2712.0,30620.438,33050.119,6.273,6.404,6.521,,,RACE COURSE ROAD,19.2
race_course_road,Race Course Road,2714.0,30622.006,33051.361,6.179,6.61,6.61,,,RACE COURSE ROAD,19.018
race_course_road,Race Course Road,2716.0,30623.573,33052.604,6.948,6.654,6.654,,,RACE COURSE ROAD,18.837
race_course_road,Race Course Road,2718.0,30625.141,33053.846,6.698,6.698,6.698,,,RACE COURSE ROAD,18.655
race_course_road,Race Course Road,2720.0,30626.708,33055.088,5.079,6.938,6.938,,,RACE COURSE ROAD,18.473
race_course_road,Race Course Road,2722.0,30628.276,33056.33,6.66,7.179,7.179,,,RACE COURSE ROAD,18.291
race_course_road,Race Course Road,2724.0,30629.843,33057.572,5.904,7.874,7.874,,,RACE COURSE ROAD,18.11
race_course_road,Race Course Road,2726.0,30631.411,33058.814,6.882,8.568,8.568,,,RACE COURSE ROAD,17.928
race_course_road,Race Course Road,2728.0,30632.978,33060.056,9.997,9.263,9.263,,,RACE COURSE ROAD,17.747
race_course_road,Race Course Road,2730.0,30634.546,33061.298,13.64,,9.957,,,RACE COURSE ROAD,17.566
race_course_road,Race Course Road,2732.0,30636.114,33062.541,12.765,10.652,10.652,,,RACE COURSE ROAD,17.384
race_course_road,Race Course Road,2734.0,30637.681,33063.783,12.777,11.346,11.346,,,RACE COURSE ROAD,17.203
race_course_road,Race Course Road,2736.0,30639.249,33065.025,12.746,12.041,12.041,,,RACE COURSE ROAD,16.95
race_course_road,Race Course Road,2738.0,30640.816,33066.267,11.301,12.735,12.714,,,RACE COURSE ROAD,16.685
race_course_road,Race Course Road,2740.0,30642.384,33067.509,8.172,12.725,12.714,,,RACE COURSE ROAD,16.42
race_course_road,Race Course Road,2742.0,30643.951,33068.751,12.878,12.714,12.714,,,RACE COURSE ROAD,16.159
race_course_road,Race Course Road,2744.0,30645.519,33069.993,12.703,12.427,12.427,,,RACE COURSE ROAD,15.899
race_course_road,Race Course Road,2746.0,30647.086,33071.236,12.778,12.14,12.14,,,RACE COURSE ROAD,15.639
race_course_road,Race Course Road,2748.0,30648.654,33072.478,11.853,11.853,11.853,,,RACE COURSE ROAD,15.379
race_course_road,Race Course Road,2750.0,30650.221,33073.72,11.565,11.565,11.654,,,RACE COURSE ROAD,15.12
race_course_road,Race Course Road,2752.0,30651.789,33074.962,11.654,11.654,11.565,-4.184,1.0,RACE COURSE ROAD,14.86
race_course_road,Race Course Road,2754.0,30653.356,33076.204,11.287,11.518,11.518,-1.693,1.0,RACE COURSE ROAD,14.6
race_course_road,Race Course Road,2756.0,30654.924,33077.446,13.104,11.383,11.518,0.288,1.0,RACE COURSE ROAD,14.34
race_course_road,Race Course Road,2758.0,30656.491,33078.688,11.479,11.479,11.518,,,RACE COURSE ROAD,14.08
race_course_road,Race Course Road,2760.0,30658.059,33079.93,11.588,11.588,11.588,,,RACE COURSE ROAD,13.821
race_course_road,Race Course Road,2762.0,30659.626,33081.173,9.576,11.792,11.757,,,RACE COURSE ROAD,13.561
race_course_road,Race Course Road,2764.0,30661.194,33082.415,10.937,11.995,11.757,,,RACE COURSE ROAD,13.301
race_course_road,Race Course Road,2766.0,30662.761,33083.657,3.572,11.757,11.757,,,RACE COURSE ROAD,13.017
race_course_road,Race Course Road,2768.0,30664.329,33084.899,12.554,11.518,11.518,,,RACE COURSE ROAD,12.422
race_course_road,Race Course Road,2770.0,30665.896,33086.141,12.337,11.039,11.039,,,RACE COURSE ROAD,12.086
race_course_road,Race Course Road,2772.0,30667.464,33087.383,15.646,10.56,10.56,,,RACE COURSE ROAD,11.85
race_course_road,Race Course Road,2774.0,30669.031,33088.625,13.279,9.87,9.87,,,RACE COURSE ROAD,11.614
race_course_road,Race Course Road,2776.0,30670.599,33089.868,13.279,9.181,9.181,,,RACE COURSE ROAD,11.378
race_course_road,Race Course Road,2778.0,30672.166,33091.11,4.472,8.491,8.491,,,RACE COURSE ROAD,11.141
race_course_road,Race Course Road,2780.0,30673.734,33092.352,4.872,,7.801,,,RACE COURSE ROAD,10.905
race_course_road,Race Course Road,2782.0,30675.301,33093.594,3.472,,7.111,,,RACE COURSE ROAD,10.677
race_course_road,Race Course Road,2784.0,30676.869,33094.836,3.472,,6.421,,,RACE COURSE ROAD,10.706
race_course_road,Race Course Road,2786.0,30678.436,33096.078,3.472,5.731,5.731,,,RACE COURSE ROAD,11.062
race_course_road,Race Course Road,2788.0,30680.004,33097.32,3.472,5.041,5.041,,,RACE COURSE ROAD,10.793
race_course_road,Race Course Road,2790.0,30681.571,33098.563,4.822,4.351,4.351,,,RACE COURSE ROAD,10.524
race_course_road,Race Course Road,2792.0,30683.139,33099.805,3.472,3.661,3.851,,,RACE COURSE ROAD,10.255
race_course_road,Race Course Road,2794.0,30684.706,33101.047,3.472,3.756,3.851,,,RACE COURSE ROAD,9.986
race_course_road,Race Course Road,2796.0,30686.274,33102.289,3.851,3.851,3.851,,,RACE COURSE ROAD,9.7
race_course_road,Race Course Road,2798.0,30687.841,33103.531,3.851,3.851,3.851,,,RACE COURSE ROAD,9.342
race_course_road,Race Course Road,2800.0,30689.409,33104.773,3.851,3.851,3.851,0.313,1.0,RACE COURSE ROAD,8.984
race_course_road,Race Course Road,2802.0,30690.977,33106.015,4.151,3.863,3.863,,,RACE COURSE ROAD,8.625
race_course_road,Race Course Road,2804.0,30692.544,33107.257,3.876,3.876,3.876,,,RACE COURSE ROAD,8.267
race_course_road,Race Course Road,2806.0,30694.112,33108.5,3.572,4.026,4.026,,,RACE COURSE ROAD,7.908
race_course_road,Race Course Road,2808.0,30695.679,33109.742,3.672,4.176,4.176,5.312,1.0,RACE COURSE ROAD,7.593
race_course_road,Race Course Road,2810.0,30697.247,33110.984,4.326,4.326,4.301,,,RACE COURSE ROAD,7.315
race_course_road,Race Course Road,2812.0,30698.814,33112.226,4.351,4.351,4.301,,,RACE COURSE ROAD,7.037
race_course_road,Race Course Road,2814.0,30700.382,33113.468,4.301,4.301,4.301,,,RACE COURSE ROAD,6.759
race_course_road,Race Course Road,2816.0,30701.949,33114.71,4.026,4.026,4.026,,,RACE COURSE ROAD,6.481
race_course_road,Race Course Road,2818.0,30703.517,33115.952,4.726,4.018,4.018,-3.542,1.0,RACE COURSE ROAD,6.203
race_course_road,Race Course Road,2820.0,30705.084,33117.195,4.476,4.009,4.018,-0.0,1.0,RACE COURSE ROAD,5.925
race_course_road,Race Course Road,2822.0,30706.652,33118.437,4.001,4.001,4.018,,,RACE COURSE ROAD,5.679
race_course_road,Race Course Road,2824.0,30708.219,33119.679,4.026,4.026,4.026,,,RACE COURSE ROAD,5.47
race_course_road,Race Course Road,2826.0,30709.787,33120.921,4.238,4.238,4.238,3.229,1.0,RACE COURSE ROAD,5.197
race_course_road,Race Course Road,2828.0,30711.354,33122.163,4.251,4.251,4.251,3.125,1.0,RACE COURSE ROAD,4.858
race_course_road,Race Course Road,2830.0,30712.922,33123.405,4.276,4.276,4.276,0.469,1.0,RACE COURSE ROAD,4.513
race_course_road,Race Course Road,2832.0,30714.489,33124.647,4.276,4.276,4.276,0.313,1.0,RACE COURSE ROAD,4.225
race_course_road,Race Course Road,2834.0,30716.057,33125.889,4.276,4.276,4.276,-0.312,1.0,RACE COURSE ROAD,3.931
race_course_road,Race Course Road,2836.0,30717.624,33127.132,4.251,4.251,4.276,-2.681,1.0,RACE COURSE ROAD,3.637
race_course_road,Race Course Road,2838.0,30719.192,33128.374,4.276,4.276,4.251,-5.05,1.0,RACE COURSE ROAD,3.344
race_course_road,Race Course Road,2840.0,30720.759,33129.616,3.822,4.049,4.049,-5.05,1.0,RACE COURSE ROAD,3.05
race_course_road,Race Course Road,2842.0,30722.327,33130.858,3.822,3.822,3.872,-4.737,1.0,RACE COURSE ROAD,2.756
race_course_road,Race Course Road,2844.0,30723.894,33132.1,3.872,3.872,3.872,,,RACE COURSE ROAD,2.462
race_course_road,Race Course Road,2846.0,30725.462,33133.342,3.872,3.872,3.872,,,RACE COURSE ROAD,2.168
race_course_road,Race Course Road,2848.0,30727.029,33134.584,3.872,3.872,3.872,,,RACE COURSE ROAD,1.874
race_course_road,Race Course Road,2850.0,30728.597,33135.827,4.276,4.16,4.16,,,RACE COURSE ROAD,1.58
race_course_road,Race Course Road,2852.0,30730.164,33137.069,3.922,4.449,4.449,12.55,2.0,RACE COURSE ROAD,1.286
race_course_road,Race Course Road,2854.0,30731.732,33138.311,3.922,4.737,4.737,,,RACE COURSE ROAD,0.992
race_course_road,Race Course Road,2856.0,30733.299,33139.553,5.026,5.026,4.876,,,RACE COURSE ROAD,0.698
race_course_road,Race Course Road,2858.0,30734.867,33140.795,5.076,5.076,4.876,,,RACE COURSE ROAD,0.406
race_course_road,Race Course Road,2860.0,30736.434,33142.037,5.076,4.876,4.876,-2.5,1.0,RACE COURSE ROAD,0.113
race_course_road,Race Course Road,2862.0,30738.002,33143.279,4.676,4.676,4.676,-2.812,1.0,RACE COURSE ROAD,0.179
race_course_road,Race Course Road,2864.0,30739.569,33144.521,4.651,4.651,4.676,-2.891,1.0,RACE COURSE ROAD,0.473
race_course_road,Race Course Road,2866.0,30741.137,33145.764,4.676,4.676,4.651,-2.969,1.0,RACE COURSE ROAD,0.767
race_course_road,Race Course Road,2868.0,30742.705,33147.006,4.051,4.438,4.501,-2.969,1.0,RACE COURSE ROAD,1.061
race_course_road,Race Course Road,2870.0,30744.272,33148.248,4.201,4.201,4.438,-1.875,1.0,RACE COURSE ROAD,1.355
race_course_road,Race Course Road,2872.0,30745.84,33149.49,4.501,4.501,4.438,,,RACE COURSE ROAD,1.649
race_course_road,Race Course Road,2874.0,30747.407,33150.732,4.401,4.401,4.501,,,RACE COURSE ROAD,1.943
race_course_road,Race Course Road,2876.0,30748.975,33151.974,4.426,4.596,4.596,,,RACE COURSE ROAD,2.237
race_course_road,Race Course Road,2878.0,30750.542,33153.216,5.001,4.791,4.791,,,RACE COURSE ROAD,2.531
race_course_road,Race Course Road,2880.0,30752.11,33154.459,6.518,4.887,4.808,,,RACE COURSE ROAD,2.824
race_course_road,Race Course Road,2882.0,30753.422,33155.952,5.313,4.982,4.808,,,RACE COURSE ROAD,2.759
race_course_road,Race Course Road,2884.0,30754.639,33157.539,4.808,4.808,4.808,,,RACE COURSE ROAD,2.558
race_course_road,Race Course Road,2886.0,30755.855,33159.126,4.245,4.791,4.791,,,RACE COURSE ROAD,2.357
race_course_road,Race Course Road,2888.0,30757.072,33160.714,4.302,4.775,4.775,,,RACE COURSE ROAD,2.156
race_course_road,Race Course Road,2890.0,30758.433,33162.175,4.758,4.758,4.758,,,RACE COURSE ROAD,2.148
race_course_road,Race Course Road,2892.0,30759.852,33163.584,5.161,4.58,4.58,,,RACE COURSE ROAD,2.217
race_course_road,Race Course Road,2894.0,30761.271,33164.993,5.052,4.402,4.402,-6.406,1.0,RACE COURSE ROAD,2.287
race_course_road,Race Course Road,2896.0,30762.691,33166.402,4.224,4.224,4.267,,,RACE COURSE ROAD,2.357
race_course_road,Race Course Road,2898.0,30764.11,33167.811,4.245,4.245,4.245,,,RACE COURSE ROAD,2.437
race_course_road,Race Course Road,2900.0,30765.628,33169.098,4.267,4.267,4.224,-2.039,1.0,RACE COURSE ROAD,2.677
race_course_road,Race Course Road,2902.0,30767.309,33170.181,3.863,4.064,4.104,-1.765,1.0,RACE COURSE ROAD,3.175
race_course_road,Race Course Road,2904.0,30768.99,33171.264,3.861,3.861,4.104,0.84,1.0,RACE COURSE ROAD,3.674
race_course_road,Race Course Road,2906.0,30770.671,33172.347,4.104,4.104,4.104,,,RACE COURSE ROAD,4.172
race_course_road,Race Course Road,2908.0,30772.353,33173.43,4.314,4.314,4.291,,,RACE COURSE ROAD,4.67
race_course_road,Race Course Road,2910.0,30771.256,33172.653,3.084,4.302,4.291,,,RACE COURSE ROAD,4.393
race_course_road,Race Course Road,2912.0,30769.615,33171.511,3.977,4.291,4.291,0.0,1.0,RACE COURSE ROAD,3.964
race_course_road,Race Course Road,2914.0,30767.973,33170.368,3.891,4.279,4.291,,,RACE COURSE ROAD,3.536
race_course_road,Race Course Road,2916.0,30766.332,33169.226,4.267,4.267,4.291,,,RACE COURSE ROAD,3.107
race_course_road,Race Course Road,2918.0,30764.69,33168.084,4.295,4.295,4.295,,,RACE COURSE ROAD,2.678
race_course_road,Race Course Road,2920.0,30763.048,33166.941,4.264,4.488,4.488,,,RACE COURSE ROAD,2.249
race_course_road,Race Course Road,2922.0,30761.407,33165.799,4.68,4.68,4.488,,,RACE COURSE ROAD,1.834
race_course_road,Race Course Road,2924.0,30759.765,33164.656,5.702,4.578,4.488,,,RACE COURSE ROAD,1.419
race_course_road,Race Course Road,2926.0,30758.123,33163.514,4.674,4.476,4.477,-0.15,1.0,RACE COURSE ROAD,1.005
race_course_road,Race Course Road,2928.0,30756.482,33162.372,4.374,4.374,4.477,,,RACE COURSE ROAD,0.591
race_course_road,Race Course Road,2930.0,30754.84,33161.229,4.477,4.477,4.476,,,RACE COURSE ROAD,0.177
race_course_road,Race Course Road,2932.0,30753.199,33160.087,4.499,4.499,4.44,,,RACE COURSE ROAD,0.237
race_course_road,Race Course Road,2934.0,30751.557,33158.944,4.44,4.44,4.44,-0.447,1.0,RACE COURSE ROAD,0.65
race_course_road,Race Course Road,2936.0,30749.915,33157.802,4.107,4.368,4.44,,,RACE COURSE ROAD,1.064
race_course_road,Race Course Road,2938.0,30748.274,33156.66,4.297,4.297,4.44,,,RACE COURSE ROAD,1.479
race_course_road,Race Course Road,2940.0,30746.632,33155.517,4.507,4.583,4.583,,,RACE COURSE ROAD,1.895
race_course_road,Race Course Road,2942.0,30744.991,33154.375,4.652,4.87,4.87,,,RACE COURSE ROAD,2.311
race_course_road,Race Course Road,2944.0,30743.349,33153.232,5.157,5.157,5.157,,,RACE COURSE ROAD,2.727
race_course_road,Race Course Road,2946.0,30741.707,33152.09,6.51,5.238,5.238,,,RACE COURSE ROAD,3.144
race_course_road,Race Course Road,2948.0,30740.066,33150.948,6.264,5.32,5.32,5.493,1.0,RACE COURSE ROAD,3.56
race_course_road,Race Course Road,2950.0,30738.424,33149.805,5.401,5.401,5.401,,,RACE COURSE ROAD,3.977
race_course_road,Race Course Road,2952.0,30736.782,33148.663,5.596,5.596,5.596,,,RACE COURSE ROAD,4.393
race_course_road,Race Course Road,2954.0,30735.141,33147.52,5.646,5.646,5.646,7.953,1.0,RACE COURSE ROAD,4.809
race_course_road,Race Course Road,2956.0,30733.499,33146.378,6.221,5.857,5.857,5.89,1.0,RACE COURSE ROAD,5.225
race_course_road,Race Course Road,2958.0,30731.858,33145.236,6.067,6.067,6.037,,,RACE COURSE ROAD,5.639
race_course_road,Race Course Road,2960.0,30730.216,33144.093,6.037,6.037,6.067,,,RACE COURSE ROAD,6.054
race_course_road,Race Course Road,2962.0,30728.75,33145.055,5.574,6.702,6.702,,,RACE COURSE ROAD,7.781
race_course_road,Race Course Road,2964.0,30727.32,33146.453,5.385,7.368,7.368,,,RACE COURSE ROAD,9.781
race_course_road,Race Course Road,2966.0,30725.89,33147.852,5.839,8.033,8.033,,,RACE COURSE ROAD,11.78
race_course_road,Race Course Road,2968.0,30724.419,33148.761,6.66,,8.698,,,RACE COURSE ROAD,13.475
race_course_road,Race Course Road,2970.0,30722.772,33147.626,9.765,,9.363,,,RACE COURSE ROAD,13.9
race_course_road,Race Course Road,2972.0,30721.125,33146.492,10.665,10.028,10.028,,,RACE COURSE ROAD,14.326
race_course_road,Race Course Road,2974.0,30719.478,33145.357,11.922,10.693,10.693,,,RACE COURSE ROAD,14.751
race_course_road,Race Course Road,2976.0,30717.831,33144.222,12.208,11.358,11.358,,,RACE COURSE ROAD,15.177
race_course_road,Race Course Road,2978.0,30716.184,33143.088,12.419,12.023,11.654,,,RACE COURSE ROAD,15.602
race_course_road,Race Course Road,2980.0,30714.537,33141.953,13.446,11.839,11.839,,,RACE COURSE ROAD,16.028
race_course_road,Race Course Road,2982.0,30712.89,33140.818,9.589,11.654,11.878,,,RACE COURSE ROAD,16.453
race_course_road,Race Course Road,2984.0,30711.243,33139.684,9.564,11.878,11.878,,,RACE COURSE ROAD,16.878
race_course_road,Race Course Road,2986.0,30709.596,33138.549,10.889,12.103,12.103,,,RACE COURSE ROAD,17.304
race_course_road,Race Course Road,2988.0,30707.949,33137.414,13.812,12.328,12.328,,,RACE COURSE ROAD,17.729
race_course_road,Race Course Road,2990.0,30706.302,33136.28,12.07,12.552,12.552,,,RACE COURSE ROAD,18.155
race_course_road,Race Course Road,2992.0,30704.655,33135.145,12.745,12.777,12.777,,,RACE COURSE ROAD,18.58
race_course_road,Race Course Road,2994.0,30703.008,33134.011,12.745,13.002,13.002,,,RACE COURSE ROAD,19.003
race_course_road,Race Course Road,3108.0,30609.129,33069.336,14.831,13.226,13.226,,,RACE COURSE ROAD,40.915
race_course_road,Race Course Road,3110.0,30607.482,33068.202,13.985,13.451,13.451,,,RACE COURSE ROAD,41.229
race_course_road,Race Course Road,3112.0,30605.835,33067.067,13.675,13.607,13.607,,,RACE COURSE ROAD,41.544
race_course_road,Race Course Road,3114.0,30604.188,33065.932,13.673,13.762,13.607,,,RACE COURSE ROAD,41.858
race_course_road,Race Course Road,3116.0,30602.541,33064.798,13.272,13.662,13.607,,,RACE COURSE ROAD,42.173
race_course_road,Race Course Road,3118.0,30600.894,33063.663,8.655,13.562,13.562,,,RACE COURSE ROAD,42.501
race_course_road,Race Course Road,3378.0,30426.204,32897.869,29.431,13.121,13.121,,,RACE COURSE ROAD,42.661
race_course_road,Race Course Road,3380.0,30426.579,32895.904,29.229,12.68,12.68,,,RACE COURSE ROAD,40.955
race_course_road,Race Course Road,3382.0,30426.953,32893.939,28.206,12.238,12.238,,,RACE COURSE ROAD,39.249
race_course_road,Race Course Road,3384.0,30427.327,32891.975,29.257,11.797,11.797,,,RACE COURSE ROAD,37.543
race_course_road,Race Course Road,3386.0,30427.702,32890.01,25.226,11.356,11.356,,,RACE COURSE ROAD,35.837
race_course_road,Race Course Road,3388.0,30428.076,32888.045,27.493,10.914,10.914,,,RACE COURSE ROAD,34.131
race_course_road,Race Course Road,3390.0,30428.451,32886.081,22.525,10.388,10.388,,,RACE COURSE ROAD,32.424
race_course_road,Race Course Road,3392.0,30428.825,32884.116,21.648,9.861,9.861,,,RACE COURSE ROAD,30.718
race_course_road,Race Course Road,3394.0,30429.2,32882.152,20.419,9.334,9.334,,,RACE COURSE ROAD,29.012
race_course_road,Race Course Road,3396.0,30429.574,32880.187,18.778,8.808,8.808,,,RACE COURSE ROAD,27.306
race_course_road,Race Course Road,3398.0,30429.948,32878.222,18.02,,8.545,,,RACE COURSE ROAD,25.6
race_course_road,Race Course Road,3400.0,30430.323,32876.258,11.394,,8.018,,,RACE COURSE ROAD,23.894
race_course_road,Race Course Road,3402.0,30430.697,32874.293,15.747,,7.228,,,RACE COURSE ROAD,22.188
race_course_road,Race Course Road,3404.0,30431.072,32872.328,13.923,,6.438,,,RACE COURSE ROAD,20.482
race_course_road,Race Course Road,3406.0,30431.446,32870.364,11.399,,5.911,,,RACE COURSE ROAD,18.775
race_course_road,Race Course Road,3408.0,30431.821,32868.399,11.246,5.648,5.648,,,RACE COURSE ROAD,17.069
race_course_road,Race Course Road,3410.0,30432.195,32866.434,11.482,5.121,5.121,,,RACE COURSE ROAD,15.363
race_course_road,Race Course Road,3412.0,30432.57,32864.47,4.314,4.595,4.595,,,RACE COURSE ROAD,13.657
race_course_road,Race Course Road,3414.0,30432.944,32862.505,4.068,4.068,4.068,,,RACE COURSE ROAD,11.951
race_course_road,Race Course Road,3416.0,30433.318,32860.541,3.963,3.963,3.963,,,RACE COURSE ROAD,10.245
race_course_road,Race Course Road,3418.0,30433.693,32858.576,3.945,3.945,3.945,-4.396,1.0,RACE COURSE ROAD,8.539
race_course_road,Race Course Road,3420.0,30434.067,32856.611,3.895,3.895,3.895,-3.55,1.0,RACE COURSE ROAD,6.833
race_course_road,Race Course Road,3422.0,30434.442,32854.647,3.716,3.716,3.716,-3.314,1.0,RACE COURSE ROAD,5.126
race_course_road,Race Course Road,3424.0,30434.816,32852.682,3.602,3.602,3.679,,,RACE COURSE ROAD,3.42
race_course_road,Race Course Road,3426.0,30435.191,32850.717,3.623,3.623,3.679,,,RACE COURSE ROAD,1.714
race_course_road,Race Course Road,3428.0,30435.565,32848.753,4.645,3.679,3.679,0.0,1.0,RACE COURSE ROAD,0.008
race_course_road,Race Course Road,3430.0,30435.939,32846.788,3.899,3.736,3.679,-1.177,1.0,RACE COURSE ROAD,1.698
race_course_road,Race Course Road,3432.0,30436.314,32844.823,3.793,3.793,3.679,,,RACE COURSE ROAD,3.404
race_course_road,Race Course Road,3434.0,30436.688,32842.859,3.518,3.518,3.585,,,RACE COURSE ROAD,5.11
race_course_road,Race Course Road,3816.0,30397.988,32795.337,4.551,3.552,3.585,-0.016,1.0,RACE COURSE ROAD,15.539
race_course_road,Race Course Road,3818.0,30399.455,32796.696,3.767,3.585,3.585,0.05,1.0,RACE COURSE ROAD,15.473
race_course_road,Race Course Road,3820.0,30400.922,32798.056,3.619,3.619,3.619,,,RACE COURSE ROAD,15.408
race_course_road,Race Course Road,3822.0,30402.389,32799.415,3.851,3.851,3.778,,,RACE COURSE ROAD,15.342
race_course_road,Race Course Road,3824.0,30403.857,32800.774,3.813,3.813,3.803,1.987,1.0,RACE COURSE ROAD,15.277
race_course_road,Race Course Road,3826.0,30405.324,32802.133,3.778,3.778,3.803,-2.553,1.0,RACE COURSE ROAD,15.211
race_course_road,Race Course Road,3828.0,30406.791,32803.492,3.803,3.803,3.778,-3.386,1.0,RACE COURSE ROAD,15.146
race_course_road,Race Course Road,3830.0,30408.258,32804.851,3.574,3.574,3.574,-3.386,1.0,RACE COURSE ROAD,15.081
race_course_road,Race Course Road,3832.0,30409.726,32806.21,3.532,3.532,3.532,-3.074,1.0,RACE COURSE ROAD,15.015
race_course_road,Race Course Road,3834.0,30411.193,32807.569,3.513,3.513,3.532,-0.638,1.0,RACE COURSE ROAD,14.95
race_course_road,Race Course Road,3836.0,30412.66,32808.928,3.523,3.523,3.532,0.117,1.0,RACE COURSE ROAD,14.884
race_course_road,Race Course Road,3838.0,30414.127,32810.288,3.541,3.541,3.523,0.195,1.0,RACE COURSE ROAD,14.819
race_course_road,Race Course Road,3840.0,30415.595,32811.647,3.548,3.548,3.541,3.126,1.0,RACE COURSE ROAD,14.754
race_course_road,Race Course Road,3842.0,30417.062,32813.006,3.51,3.51,3.548,6.057,1.0,RACE COURSE ROAD,14.688
race_course_road,Race Course Road,3844.0,30418.529,32814.365,3.523,3.759,3.759,5.823,1.0,RACE COURSE ROAD,14.623
race_course_road,Race Course Road,3846.0,30419.996,32815.724,4.007,4.007,4.007,5.745,1.0,RACE COURSE ROAD,14.557
race_course_road,Race Course Road,3848.0,30421.464,32817.083,4.007,4.007,4.007,2.888,1.0,RACE COURSE ROAD,14.492
race_course_road,Race Course Road,3850.0,30422.931,32818.442,4.01,4.01,4.007,0.031,1.0,RACE COURSE ROAD,14.426
race_course_road,Race Course Road,3852.0,30424.398,32819.801,3.995,3.995,4.007,,,RACE COURSE ROAD,14.361
race_course_road,Race Course Road,3854.0,30425.865,32821.16,4.0,4.0,4.01,,,RACE COURSE ROAD,14.296
race_course_road,Race Course Road,3884.0,30447.874,32841.547,6.789,4.18,4.18,,,RACE COURSE ROAD,13.602
race_course_road,Race Course Road,3886.0,30449.341,32842.906,8.359,4.361,4.361,,,RACE COURSE ROAD,13.582
race_course_road,Race Course Road,3888.0,30450.809,32844.265,5.951,4.542,4.542,,,RACE COURSE ROAD,13.562
race_course_road,Race Course Road,3890.0,30452.276,32845.624,7.419,4.723,4.723,,,RACE COURSE ROAD,13.543
race_course_road,Race Course Road,3892.0,30453.743,32846.983,10.025,4.903,4.903,,,RACE COURSE ROAD,13.523
race_course_road,Race Course Road,3894.0,30455.21,32848.342,9.557,5.084,5.084,,,RACE COURSE ROAD,13.503
race_course_road,Race Course Road,3896.0,30456.678,32849.702,11.778,5.265,5.265,,,RACE COURSE ROAD,13.483
race_course_road,Race Course Road,3898.0,30458.145,32851.061,12.194,5.446,5.446,,,RACE COURSE ROAD,13.464
race_course_road,Race Course Road,3900.0,30459.612,32852.42,13.025,5.626,5.626,,,RACE COURSE ROAD,13.444
race_course_road,Race Course Road,3902.0,30461.08,32853.779,12.447,5.807,5.807,,,RACE COURSE ROAD,13.424
race_course_road,Race Course Road,3904.0,30462.547,32855.138,12.752,5.988,5.988,,,RACE COURSE ROAD,13.404
race_course_road,Race Course Road,3906.0,30464.014,32856.497,12.601,6.169,6.169,,,RACE COURSE ROAD,13.385
race_course_road,Race Course Road,3908.0,30465.481,32857.856,10.601,6.349,6.349,,,RACE COURSE ROAD,13.365
race_course_road,Race Course Road,3910.0,30466.949,32859.215,5.361,6.53,6.53,,,RACE COURSE ROAD,13.345
race_course_road,Race Course Road,3912.0,30468.416,32860.574,6.711,6.711,6.711,,,RACE COURSE ROAD,13.326
race_course_road,Race Course Road,3914.0,30469.883,32861.934,6.855,6.855,6.855,,,RACE COURSE ROAD,13.306
race_course_road,Race Course Road,3916.0,30471.35,32863.293,6.761,7.106,7.106,,,RACE COURSE ROAD,13.286
race_course_road,Race Course Road,3918.0,30472.818,32864.652,9.523,7.356,7.356,,,RACE COURSE ROAD,13.266
race_course_road,Race Course Road,3920.0,30474.285,32866.011,9.473,7.436,7.356,,,RACE COURSE ROAD,13.247
race_course_road,Race Course Road,3922.0,30475.752,32867.37,8.548,7.516,7.356,,,RACE COURSE ROAD,13.234
race_course_road,Race Course Road,3924.0,30477.219,32868.729,7.488,7.23,7.23,,,RACE COURSE ROAD,13.243
race_course_road,Race Course Road,3926.0,30478.687,32870.088,7.676,6.943,6.943,,,RACE COURSE ROAD,13.253
race_course_road,Race Course Road,3928.0,30480.154,32871.447,7.726,6.656,6.656,,,RACE COURSE ROAD,13.262
race_course_road,Race Course Road,3930.0,30481.621,32872.806,7.751,6.37,6.463,,,RACE COURSE ROAD,13.271
race_course_road,Race Course Road,3932.0,30483.088,32874.165,5.013,6.417,6.463,,,RACE COURSE ROAD,13.28
race_course_road,Race Course Road,3934.0,30484.556,32875.525,4.663,6.463,6.463,,,RACE COURSE ROAD,13.29
race_course_road,Race Course Road,3936.0,30486.023,32876.884,4.801,6.51,6.51,,,RACE COURSE ROAD,13.299
race_course_road,Race Course Road,3938.0,30487.49,32878.243,4.859,6.557,6.557,,,RACE COURSE ROAD,13.308
race_course_road,Race Course Road,3940.0,30488.957,32879.602,10.332,6.604,6.604,,,RACE COURSE ROAD,13.317
race_course_road,Race Course Road,3942.0,30490.425,32880.961,13.242,6.651,6.651,,,RACE COURSE ROAD,13.326
race_course_road,Race Course Road,3944.0,30491.892,32882.32,10.492,6.698,6.698,,,RACE COURSE ROAD,13.336
race_course_road,Race Course Road,3946.0,30493.359,32883.679,12.127,6.745,6.745,,,RACE COURSE ROAD,13.345
race_course_road,Race Course Road,3948.0,30494.826,32885.038,7.135,6.792,6.792,,,RACE COURSE ROAD,13.354
race_course_road,Race Course Road,3950.0,30496.294,32886.397,6.839,6.839,6.839,,,RACE COURSE ROAD,13.363
race_course_road,Race Course Road,3952.0,30497.761,32887.757,6.878,7.014,7.014,,,RACE COURSE ROAD,13.373
race_course_road,Race Course Road,3954.0,30499.228,32889.116,7.189,7.189,7.189,5.491,1.0,RACE COURSE ROAD,13.382
race_course_road,Race Course Road,3956.0,30500.695,32890.475,7.192,7.192,7.192,,,RACE COURSE ROAD,13.391
race_course_road,Race Course Road,3958.0,30502.163,32891.834,7.278,7.278,7.278,,,RACE COURSE ROAD,13.4
race_course_road,Race Course Road,3960.0,30503.63,32893.193,7.174,7.522,7.522,8.214,1.0,RACE COURSE ROAD,13.41
race_course_road,Race Course Road,3962.0,30505.097,32894.552,6.978,7.766,7.766,8.877,2.0,RACE COURSE ROAD,13.419
race_course_road,Race Course Road,3964.0,30506.564,32895.911,8.01,8.01,7.849,,,RACE COURSE ROAD,13.428
race_course_road,Race Course Road,3966.0,30508.032,32897.27,7.849,7.849,7.988,,,RACE COURSE ROAD,13.437
race_course_road,Race Course Road,3968.0,30509.499,32898.629,7.82,7.988,8.01,,,RACE COURSE ROAD,13.447
race_course_road,Race Course Road,3970.0,30510.966,32899.988,7.899,8.127,8.127,,,RACE COURSE ROAD,13.456
race_course_road,Race Course Road,3972.0,30512.433,32901.348,8.89,8.498,8.498,,,RACE COURSE ROAD,13.465
race_course_road,Race Course Road,3974.0,30513.901,32902.707,8.555,8.869,8.869,,,RACE COURSE ROAD,13.474
race_course_road,Race Course Road,3976.0,30515.368,32904.066,7.945,9.239,9.239,,,RACE COURSE ROAD,13.483
race_course_road,Race Course Road,3978.0,30516.835,32905.425,8.913,9.61,9.61,,,RACE COURSE ROAD,13.493
race_course_road,Race Course Road,3980.0,30518.302,32906.784,12.47,9.981,9.981,,,RACE COURSE ROAD,13.502
race_course_road,Race Course Road,3982.0,30519.77,32908.143,9.542,10.352,10.352,,,RACE COURSE ROAD,13.511
race_course_road,Race Course Road,3984.0,30521.237,32909.502,12.466,10.723,10.352,,,RACE COURSE ROAD,13.52
race_course_road,Race Course Road,3986.0,30522.704,32910.861,10.453,10.362,10.352,,,RACE COURSE ROAD,13.53
race_course_road,Race Course Road,3988.0,30524.171,32912.22,11.884,10.001,10.001,,,RACE COURSE ROAD,13.539
race_course_road,Race Course Road,3990.0,30525.639,32913.579,13.624,9.64,9.64,,,RACE COURSE ROAD,13.548
race_course_road,Race Course Road,3992.0,30527.106,32914.939,12.082,9.279,9.279,,,RACE COURSE ROAD,13.557
race_course_road,Race Course Road,3994.0,30528.573,32916.298,12.536,8.674,8.674,,,RACE COURSE ROAD,13.567
race_course_road,Race Course Road,3996.0,30530.04,32917.657,12.36,8.069,8.069,,,RACE COURSE ROAD,13.576
race_course_road,Race Course Road,3998.0,30531.508,32919.016,9.684,7.464,7.464,,,RACE COURSE ROAD,13.585
race_course_road,Race Course Road,4000.0,30532.975,32920.375,8.84,,6.86,,,RACE COURSE ROAD,13.594
race_course_road,Race Course Road,4002.0,30534.442,32921.734,8.775,6.255,6.255,,,RACE COURSE ROAD,13.604
race_course_road,Race Course Road,4004.0,30535.909,32923.093,8.388,5.65,5.65,,,RACE COURSE ROAD,13.613
race_course_road,Race Course Road,4006.0,30537.377,32924.452,4.247,5.045,5.045,,,RACE COURSE ROAD,13.622
race_course_road,Race Course Road,4008.0,30538.844,32925.811,4.44,4.44,4.551,,,RACE COURSE ROAD,13.631
race_course_road,Race Course Road,4010.0,30540.311,32927.171,4.551,4.551,4.551,,,RACE COURSE ROAD,13.64
race_course_road,Race Course Road,4012.0,30541.778,32928.53,4.497,4.497,4.551,,,RACE COURSE ROAD,13.65
race_course_road,Race Course Road,4014.0,30543.246,32929.889,4.644,4.776,4.776,9.771,2.0,RACE COURSE ROAD,13.659
race_course_road,Race Course Road,4016.0,30544.713,32931.248,4.907,5.054,5.054,13.093,2.0,RACE COURSE ROAD,13.668
race_course_road,Race Course Road,4018.0,30546.18,32932.607,5.332,5.332,5.332,,,RACE COURSE ROAD,13.677
race_course_road,Race Course Road,4020.0,30547.647,32933.966,5.598,5.598,5.598,,,RACE COURSE ROAD,13.687
race_course_road,Race Course Road,4022.0,30549.115,32935.325,8.203,5.642,5.642,4.98,1.0,RACE COURSE ROAD,13.696
race_course_road,Race Course Road,4024.0,30550.582,32936.684,6.674,5.687,5.687,2.211,1.0,RACE COURSE ROAD,13.705
race_course_road,Race Course Road,4026.0,30552.049,32938.043,17.938,5.731,5.731,1.658,1.0,RACE COURSE ROAD,13.714
race_course_road,Race Course Road,4028.0,30553.517,32939.402,17.153,5.775,5.775,1.105,1.0,RACE COURSE ROAD,13.724
race_course_road,Race Course Road,4030.0,30554.984,32940.762,17.103,5.819,5.775,,,RACE COURSE ROAD,13.733
race_course_road,Race Course Road,4032.0,30556.451,32942.121,12.963,5.863,5.775,,,RACE COURSE ROAD,13.742
race_course_road,Race Course Road,4034.0,30557.918,32943.48,6.378,5.662,5.746,,,RACE COURSE ROAD,13.751
race_course_road,Race Course Road,4036.0,30559.386,32944.839,5.952,5.46,5.746,,,RACE COURSE ROAD,13.76
race_course_road,Race Course Road,4038.0,30560.853,32946.198,22.28,5.746,5.746,,,RACE COURSE ROAD,13.77
race_course_road,Race Course Road,4040.0,30562.32,32947.557,3.973,6.032,6.032,,,RACE COURSE ROAD,13.779
race_course_road,Race Course Road,4042.0,30563.787,32948.916,3.873,6.318,6.318,,,RACE COURSE ROAD,13.788
race_course_road,Race Course Road,4044.0,30565.255,32950.275,3.873,6.604,6.604,,,RACE COURSE ROAD,13.797
race_course_road,Race Course Road,4046.0,30566.722,32951.634,7.923,7.23,7.23,,,RACE COURSE ROAD,13.807
race_course_road,Race Course Road,4048.0,30568.189,32952.994,3.873,7.857,7.857,,,RACE COURSE ROAD,13.816
race_course_road,Race Course Road,4050.0,30569.656,32954.353,7.773,8.536,8.536,,,RACE COURSE ROAD,13.825
race_course_road,Race Course Road,4052.0,30571.124,32955.712,12.32,9.214,9.214,,,RACE COURSE ROAD,13.834
race_course_road,Race Course Road,4054.0,30572.591,32957.071,7.723,9.893,9.893,,,RACE COURSE ROAD,13.844
race_course_road,Race Course Road,4056.0,30574.058,32958.43,7.548,10.572,10.202,,,RACE COURSE ROAD,13.853
race_course_road,Race Course Road,4058.0,30575.525,32959.789,3.873,10.387,10.202,,,RACE COURSE ROAD,13.862
race_course_road,Race Course Road,4060.0,30576.993,32961.148,23.371,10.202,10.202,,,RACE COURSE ROAD,13.871
race_course_road,Race Course Road,4062.0,30578.46,32962.507,31.11,10.016,10.016,,,RACE COURSE ROAD,13.881
race_course_road,Race Course Road,4064.0,30579.927,32963.866,31.944,9.831,9.831,,,RACE COURSE ROAD,13.89
race_course_road,Race Course Road,4066.0,30581.394,32965.225,24.679,9.646,9.646,,,RACE COURSE ROAD,13.899
race_course_road,Race Course Road,4068.0,30582.862,32966.585,19.05,9.46,9.46,,,RACE COURSE ROAD,13.908
race_course_road,Race Course Road,4070.0,30584.329,32967.944,13.502,9.275,9.275,,,RACE COURSE ROAD,13.917
race_course_road,Race Course Road,4072.0,30585.796,32969.303,12.84,9.09,9.09,,,RACE COURSE ROAD,13.927
race_course_road,Race Course Road,4074.0,30587.263,32970.662,12.752,8.905,8.905,,,RACE COURSE ROAD,13.936
race_course_road,Race Course Road,4076.0,30588.731,32972.021,12.956,8.719,8.719,,,RACE COURSE ROAD,13.945
race_course_road,Race Course Road,4078.0,30590.198,32973.38,13.446,8.534,8.534,,,RACE COURSE ROAD,13.954
race_course_road,Race Course Road,4080.0,30591.665,32974.739,14.037,8.349,8.423,,,RACE COURSE ROAD,13.964
race_course_road,Race Course Road,4082.0,30593.132,32976.098,16.665,8.163,8.423,,,RACE COURSE ROAD,13.973
race_course_road,Race Course Road,4084.0,30594.6,32977.457,5.518,8.423,8.423,,,RACE COURSE ROAD,13.982
race_course_road,Race Course Road,4086.0,30596.067,32978.817,3.723,8.683,8.683,,,RACE COURSE ROAD,13.991
race_course_road,Race Course Road,4088.0,30597.534,32980.176,3.773,8.943,8.943,,,RACE COURSE ROAD,14.001
race_course_road,Race Course Road,4090.0,30599.001,32981.535,5.898,9.203,9.203,,,RACE COURSE ROAD,14.01
race_course_road,Race Course Road,4092.0,30600.469,32982.894,9.793,9.463,9.463,,,RACE COURSE ROAD,14.019
race_course_road,Race Course Road,4094.0,30601.936,32984.253,9.723,9.759,9.759,,,RACE COURSE ROAD,14.028
race_course_road,Race Course Road,4096.0,30603.403,32985.612,9.618,10.11,10.11,,,RACE COURSE ROAD,14.037
race_course_road,Race Course Road,4128.0,30626.879,33007.358,10.228,10.46,10.46,,,RACE COURSE ROAD,15.19
race_course_road,Race Course Road,4130.0,30628.346,33008.717,11.628,10.846,10.846,,,RACE COURSE ROAD,15.32
race_course_road,Race Course Road,4132.0,30629.814,33010.076,8.115,11.233,11.233,,,RACE COURSE ROAD,15.447
race_course_road,Race Course Road,4134.0,30631.281,33011.435,10.863,11.619,11.619,,,RACE COURSE ROAD,15.573
race_course_road,Race Course Road,4136.0,30632.748,33012.794,10.846,,12.005,,,RACE COURSE ROAD,15.699
race_course_road,Race Course Road,4138.0,30634.215,33014.153,11.704,,12.391,,,RACE COURSE ROAD,15.826
race_course_road,Race Course Road,4140.0,30635.683,33015.512,13.179,,12.777,,,RACE COURSE ROAD,15.952
race_course_road,Race Course Road,4142.0,30637.15,33016.871,14.721,13.163,13.163,,,RACE COURSE ROAD,16.078
race_course_road,Race Course Road,4144.0,30638.617,33018.231,14.154,13.55,13.55,,,RACE COURSE ROAD,16.205
race_course_road,Race Course Road,4146.0,30640.085,33019.59,11.077,13.936,13.936,,,RACE COURSE ROAD,16.317
race_course_road,Race Course Road,4182.0,30666.495,33044.054,12.697,14.322,14.322,,,RACE COURSE ROAD,17.218
race_course_road,Race Course Road,4184.0,30667.962,33045.413,19.447,14.54,14.54,,,RACE COURSE ROAD,17.326
race_course_road,Race Course Road,4186.0,30669.43,33046.772,19.472,14.759,14.759,,,RACE COURSE ROAD,17.432
race_course_road,Race Course Road,4188.0,30670.897,33048.131,10.472,14.977,14.977,,,RACE COURSE ROAD,17.539
race_course_road,Race Course Road,4190.0,30672.364,33049.49,11.401,15.196,15.196,,,RACE COURSE ROAD,17.645
race_course_road,Race Course Road,4192.0,30673.831,33050.849,10.401,15.414,15.414,,,RACE COURSE ROAD,17.752
race_course_road,Race Course Road,4194.0,30675.299,33052.208,10.401,15.633,15.414,,,RACE COURSE ROAD,17.858
race_course_road,Race Course Road,4196.0,30676.766,33053.567,15.851,15.585,15.414,,,RACE COURSE ROAD,17.964
race_course_road,Race Course Road,4198.0,30678.233,33054.926,15.272,15.3,15.3,,,RACE COURSE ROAD,18.071
race_course_road,Race Course Road,4200.0,30679.7,33056.285,15.572,15.016,15.016,,,RACE COURSE ROAD,18.177
race_course_road,Race Course Road,4202.0,30681.168,33057.645,15.722,14.392,14.392,,,RACE COURSE ROAD,18.284
race_course_road,Race Course Road,4204.0,30682.635,33059.004,15.722,13.768,13.768,,,RACE COURSE ROAD,18.39
race_course_road,Race Course Road,4206.0,30684.102,33060.363,2.922,13.144,13.144,,,RACE COURSE ROAD,18.496
race_course_road,Race Course Road,4208.0,30685.569,33061.722,2.922,12.52,12.52,,,RACE COURSE ROAD,18.603
race_course_road,Race Course Road,4210.0,30687.037,33063.081,13.847,11.896,11.896,,,RACE COURSE ROAD,18.737
race_course_road,Race Course Road,4212.0,30688.504,33064.44,4.397,11.272,11.272,,,RACE COURSE ROAD,19.055
race_course_road,Race Course Road,4764.0,30739.755,33121.104,11.076,10.545,10.545,,,RACE COURSE ROAD,16.629
race_course_road,Race Course Road,4766.0,30737.89,33121.828,11.076,9.818,9.818,,,RACE COURSE ROAD,14.774
race_course_road,Race Course Road,4768.0,30736.026,33122.551,8.726,9.091,9.091,,,RACE COURSE ROAD,12.919
race_course_road,Race Course Road,4770.0,30734.161,33123.275,5.226,8.364,8.364,,,RACE COURSE ROAD,11.064
race_course_road,Race Course Road,4772.0,30732.297,33123.998,5.451,7.637,7.637,,,RACE COURSE ROAD,9.209
race_course_road,Race Course Road,4774.0,30730.432,33124.722,5.613,6.91,6.91,,,RACE COURSE ROAD,7.354
race_course_road,Race Course Road,4776.0,30728.568,33125.445,5.576,6.183,6.183,,,RACE COURSE ROAD,5.499
race_course_road,Race Course Road,4778.0,30726.703,33126.169,5.703,5.456,5.456,,,RACE COURSE ROAD,3.644
race_course_road,Race Course Road,4780.0,30725.301,33124.959,5.336,5.336,5.353,,,RACE COURSE ROAD,3.449
race_course_road,Race Course Road,4782.0,30723.966,33123.469,5.353,5.353,5.353,,,RACE COURSE ROAD,3.494
race_course_road,Race Course Road,4784.0,30722.631,33121.98,5.336,5.336,5.353,0.133,1.0,RACE COURSE ROAD,3.539
race_course_road,Race Course Road,4786.0,30721.296,33120.491,5.353,5.353,5.353,0.133,1.0,RACE COURSE ROAD,3.583
race_course_road,Race Course Road,4788.0,30719.92,33119.04,5.526,5.526,5.363,0.133,1.0,RACE COURSE ROAD,3.572
race_course_road,Race Course Road,4790.0,30718.537,33117.595,5.363,5.363,5.363,,,RACE COURSE ROAD,3.555
race_course_road,Race Course Road,4792.0,30717.155,33116.15,5.376,5.376,5.363,,,RACE COURSE ROAD,3.467
race_course_road,Race Course Road,4794.0,30715.772,33114.705,4.051,5.276,5.276,,,RACE COURSE ROAD,3.424
race_course_road,Race Course Road,4796.0,30714.389,33113.26,4.063,5.176,5.176,,,RACE COURSE ROAD,3.433
race_course_road,Race Course Road,4798.0,30713.011,33111.811,4.051,5.076,5.076,,,RACE COURSE ROAD,3.503
race_course_road,Race Course Road,4800.0,30711.666,33110.331,4.876,4.976,4.976,,,RACE COURSE ROAD,3.574
race_course_road,Race Course Road,4802.0,30710.321,33108.851,4.876,4.876,4.876,,,RACE COURSE ROAD,3.622
race_course_road,Race Course Road,4804.0,30708.976,33107.37,4.851,4.851,4.876,,,RACE COURSE ROAD,3.669
race_course_road,Race Course Road,4806.0,30707.631,33105.89,4.876,4.876,4.876,0.312,1.0,RACE COURSE ROAD,3.717
race_course_road,Race Course Road,4808.0,30706.284,33104.411,4.876,4.876,4.876,0.937,1.0,RACE COURSE ROAD,3.762
race_course_road,Race Course Road,4810.0,30704.879,33102.988,4.901,4.901,4.901,0.937,1.0,RACE COURSE ROAD,3.726
race_course_road,Race Course Road,4812.0,30703.474,33101.565,5.051,5.051,4.951,0.937,1.0,RACE COURSE ROAD,3.691
race_course_road,Race Course Road,4814.0,30702.069,33100.142,5.026,5.026,4.951,,,RACE COURSE ROAD,3.585
race_course_road,Race Course Road,4816.0,30700.663,33098.719,4.951,4.951,4.951,,,RACE COURSE ROAD,3.468
race_course_road,Race Course Road,4818.0,30699.258,33097.296,3.572,4.909,4.909,-1.562,1.0,RACE COURSE ROAD,3.351
race_course_road,Race Course Road,4820.0,30697.853,33095.873,4.901,4.868,4.868,-2.188,1.0,RACE COURSE ROAD,3.234
race_course_road,Race Course Road,4822.0,30696.447,33094.45,4.826,4.826,4.826,,,RACE COURSE ROAD,3.117
race_course_road,Race Course Road,4824.0,30695.042,33093.027,4.776,4.776,4.776,,,RACE COURSE ROAD,3.023
race_course_road,Race Course Road,4826.0,30693.637,33091.604,4.701,4.701,4.701,,,RACE COURSE ROAD,2.996
race_course_road,Race Course Road,4828.0,30692.231,33090.181,4.701,4.701,4.701,,,RACE COURSE ROAD,2.97
race_course_road,Race Course Road,4830.0,30690.826,33088.758,4.738,4.525,4.525,,,RACE COURSE ROAD,2.943
race_course_road,Race Course Road,4832.0,30689.421,33087.334,4.751,4.35,4.35,,,RACE COURSE ROAD,2.917
race_course_road,Race Course Road,4834.0,30688.015,33085.911,4.726,4.09,4.09,,,RACE COURSE ROAD,2.89
race_course_road,Race Course Road,4836.0,30686.61,33084.488,3.572,3.831,3.831,,,RACE COURSE ROAD,2.912
race_course_road,Race Course Road,4838.0,30685.205,33083.065,3.572,3.572,3.752,,,RACE COURSE ROAD,3.564
race_course_road,Race Course Road,4840.0,30683.8,33081.642,3.572,3.572,3.752,,,RACE COURSE ROAD,3.784
race_course_road,Race Course Road,4842.0,30682.394,33080.219,3.572,3.752,3.752,,,RACE COURSE ROAD,3.79
race_course_road,Race Course Road,4844.0,30680.989,33078.796,3.572,3.932,3.932,,,RACE COURSE ROAD,3.797
race_course_road,Race Course Road,4846.0,30679.584,33077.373,3.522,4.188,4.188,,,RACE COURSE ROAD,3.803
race_course_road,Race Course Road,4848.0,30678.178,33075.95,4.651,4.445,4.445,,,RACE COURSE ROAD,3.809
race_course_road,Race Course Road,4850.0,30676.829,33074.474,4.701,4.701,4.701,,,RACE COURSE ROAD,3.783
race_course_road,Race Course Road,4852.0,30675.493,33072.986,4.701,4.701,4.701,,,RACE COURSE ROAD,3.528
race_course_road,Race Course Road,4854.0,30674.156,33071.498,4.763,4.763,4.701,-0.625,1.0,RACE COURSE ROAD,3.604
race_course_road,Race Course Road,4856.0,30672.819,33070.011,4.651,4.651,4.651,-0.625,1.0,RACE COURSE ROAD,3.68
race_course_road,Race Course Road,4858.0,30671.483,33068.523,4.626,4.626,4.651,,,RACE COURSE ROAD,3.757
race_course_road,Race Course Road,4860.0,30670.136,33067.044,4.638,4.638,4.651,,,RACE COURSE ROAD,3.821
race_course_road,Race Course Road,4862.0,30668.788,33065.566,4.638,4.866,4.866,,,RACE COURSE ROAD,3.883
race_course_road,Race Course Road,4864.0,30667.441,33064.089,4.676,5.093,5.093,,,RACE COURSE ROAD,3.945
race_course_road,Race Course Road,4866.0,30666.093,33062.611,6.176,5.321,5.321,,,RACE COURSE ROAD,4.006
race_course_road,Race Course Road,4868.0,30664.745,33061.134,6.188,5.355,5.355,,,RACE COURSE ROAD,4.068
race_course_road,Race Course Road,4870.0,30663.397,33059.656,4.701,5.389,5.389,,,RACE COURSE ROAD,4.13
race_course_road,Race Course Road,4872.0,30662.041,33058.186,4.563,5.423,5.423,,,RACE COURSE ROAD,4.181
race_course_road,Race Course Road,4874.0,30660.672,33056.728,4.563,5.457,5.457,,,RACE COURSE ROAD,4.214
race_course_road,Race Course Road,4876.0,30659.303,33055.27,6.988,5.491,5.491,,,RACE COURSE ROAD,4.247
race_course_road,Race Course Road,4878.0,30657.934,33053.812,9.834,5.525,5.525,,,RACE COURSE ROAD,4.28
race_course_road,Race Course Road,4880.0,30656.565,33052.354,9.834,5.56,5.56,,,RACE COURSE ROAD,4.309
race_course_road,Race Course Road,4882.0,30655.196,33050.896,10.666,5.594,5.594,,,RACE COURSE ROAD,4.337
race_course_road,Race Course Road,4884.0,30653.827,33049.437,12.328,5.628,5.628,,,RACE COURSE ROAD,4.365
race_course_road,Race Course Road,4886.0,30652.458,33047.979,6.272,5.662,5.662,,,RACE COURSE ROAD,4.432
race_course_road,Race Course Road,4888.0,30651.089,33046.521,5.822,5.696,5.696,,,RACE COURSE ROAD,4.544
race_course_road,Race Course Road,4890.0,30649.721,33045.063,4.647,5.73,5.73,,,RACE COURSE ROAD,4.656
race_course_road,Race Course Road,4892.0,30648.352,33043.605,3.422,5.764,5.73,,,RACE COURSE ROAD,4.768
race_course_road,Race Course Road,4904.0,30640.138,33034.857,3.986,5.798,5.73,,,RACE COURSE ROAD,5.438
race_course_road,Race Course Road,4906.0,30638.769,33033.399,4.324,5.559,5.559,,,RACE COURSE ROAD,5.55
race_course_road,Race Course Road,4908.0,30637.4,33031.941,4.139,5.32,5.32,,,RACE COURSE ROAD,5.661
race_course_road,Race Course Road,4910.0,30636.031,33030.483,4.139,5.081,5.081,,,RACE COURSE ROAD,5.773
race_course_road,Race Course Road,4912.0,30634.662,33029.024,4.139,4.842,4.842,,,RACE COURSE ROAD,5.859
race_course_road,Race Course Road,4914.0,30633.293,33027.566,6.976,4.589,4.589,,,RACE COURSE ROAD,5.889
race_course_road,Race Course Road,4916.0,30631.924,33026.108,6.951,4.336,4.336,,,RACE COURSE ROAD,5.92
race_course_road,Race Course Road,4918.0,30630.48,33024.728,6.951,4.082,4.082,,,RACE COURSE ROAD,5.831
race_course_road,Race Course Road,4920.0,30628.989,33023.394,5.451,3.829,3.829,,,RACE COURSE ROAD,5.67
race_course_road,Race Course Road,4922.0,30627.498,33022.061,3.373,3.576,3.576,,,RACE COURSE ROAD,5.509
race_course_road,Race Course Road,4924.0,30626.008,33020.727,3.323,3.323,3.323,,,RACE COURSE ROAD,5.348
race_course_road,Race Course Road,4926.0,30624.517,33019.394,3.323,3.323,3.323,,,RACE COURSE ROAD,5.187
race_course_road,Race Course Road,4928.0,30623.027,33018.06,3.323,3.323,3.323,0.0,1.0,RACE COURSE ROAD,5.026
race_course_road,Race Course Road,4930.0,30621.536,33016.727,3.323,3.323,3.323,0.0,1.0,RACE COURSE ROAD,4.865
race_course_road,Race Course Road,4932.0,30620.045,33015.393,3.323,3.323,3.323,0.0,1.0,RACE COURSE ROAD,4.704
race_course_road,Race Course Road,4934.0,30618.555,33014.06,3.323,3.323,3.323,0.625,1.0,RACE COURSE ROAD,4.537
race_course_road,Race Course Road,4936.0,30617.064,33012.727,3.323,3.323,3.323,,,RACE COURSE ROAD,4.369
race_course_road,Race Course Road,4938.0,30615.574,33011.393,3.373,3.373,3.373,,,RACE COURSE ROAD,4.202
race_course_road,Race Course Road,4940.0,30614.083,33010.06,4.668,3.379,3.379,,,RACE COURSE ROAD,4.034
race_course_road,Race Course Road,4942.0,30612.592,33008.726,4.23,3.385,3.385,,,RACE COURSE ROAD,3.867
race_course_road,Race Course Road,4944.0,30611.102,33007.393,5.268,3.391,3.391,,,RACE COURSE ROAD,3.7
race_course_road,Race Course Road,4954.0,30603.649,33000.725,5.835,3.398,3.398,,,RACE COURSE ROAD,3.165
race_course_road,Race Course Road,4956.0,30602.158,32999.392,4.855,3.404,3.404,,,RACE COURSE ROAD,3.121
race_course_road,Race Course Road,4958.0,30600.668,32998.059,4.855,3.41,3.41,,,RACE COURSE ROAD,3.077
race_course_road,Race Course Road,4960.0,30599.177,32996.725,7.293,3.416,3.416,,,RACE COURSE ROAD,3.033
race_course_road,Race Course Road,4962.0,30597.686,32995.392,3.423,3.423,3.416,,,RACE COURSE ROAD,2.99
race_course_road,Race Course Road,4964.0,30596.196,32994.058,3.423,3.423,3.416,,,RACE COURSE ROAD,2.946
race_course_road,Race Course Road,4966.0,30594.714,32992.714,3.373,3.373,3.373,-0.547,1.0,RACE COURSE ROAD,2.915
race_course_road,Race Course Road,4968.0,30593.233,32991.371,3.373,3.373,3.373,0.078,1.0,RACE COURSE ROAD,2.885
race_course_road,Race Course Road,4970.0,30591.752,32990.027,3.373,3.373,3.373,1.25,1.0,RACE COURSE ROAD,2.855
race_course_road,Race Course Road,4972.0,30590.274,32988.679,3.423,3.423,3.423,1.25,1.0,RACE COURSE ROAD,2.83
race_course_road,Race Course Road,4974.0,30588.824,32987.302,3.473,3.473,3.473,1.25,1.0,RACE COURSE ROAD,2.846
race_course_road,Race Course Road,4976.0,30587.373,32985.925,3.473,3.473,3.473,0.625,1.0,RACE COURSE ROAD,2.861
race_course_road,Race Course Road,4978.0,30585.923,32984.548,3.473,3.473,3.473,-0.625,1.0,RACE COURSE ROAD,2.877
race_course_road,Race Course Road,4980.0,30584.473,32983.171,3.473,3.473,3.473,-0.625,1.0,RACE COURSE ROAD,2.892
race_course_road,Race Course Road,4982.0,30583.009,32981.808,3.423,3.423,3.423,-0.625,1.0,RACE COURSE ROAD,2.888
race_course_road,Race Course Road,4984.0,30581.508,32980.486,3.423,3.423,3.423,-0.625,1.0,RACE COURSE ROAD,2.829
race_course_road,Race Course Road,4986.0,30580.008,32979.164,3.373,3.373,3.423,0.0,1.0,RACE COURSE ROAD,2.77
race_course_road,Race Course Road,4988.0,30578.507,32977.842,3.373,3.373,3.423,0.0,1.0,RACE COURSE ROAD,2.711
race_course_road,Race Course Road,4990.0,30577.006,32976.52,3.423,3.423,3.423,0.0,1.0,RACE COURSE ROAD,2.652
race_course_road,Race Course Road,4992.0,30575.515,32975.187,3.423,3.423,3.423,0.0,1.0,RACE COURSE ROAD,2.607
race_course_road,Race Course Road,4994.0,30574.051,32973.825,3.423,3.423,3.423,0.0,1.0,RACE COURSE ROAD,2.602
race_course_road,Race Course Road,4996.0,30572.586,32972.463,3.423,3.423,3.423,0.0,1.0,RACE COURSE ROAD,2.596
race_course_road,Race Course Road,4998.0,30571.121,32971.101,3.423,3.423,3.423,,,RACE COURSE ROAD,2.591
race_course_road,Race Course Road,5000.0,30569.657,32969.739,3.423,3.423,3.423,,,RACE COURSE ROAD,2.586
race_course_road,Race Course Road,5002.0,30568.192,32968.377,4.073,3.489,3.489,1.667,1.0,RACE COURSE ROAD,2.58
race_course_road,Race Course Road,5004.0,30566.728,32967.015,3.523,3.556,3.556,1.667,1.0,RACE COURSE ROAD,2.575
race_course_road,Race Course Road,5006.0,30565.263,32965.653,3.623,3.623,3.556,,,RACE COURSE ROAD,2.57
race_course_road,Race Course Road,5008.0,30563.798,32964.291,3.573,3.573,3.556,,,RACE COURSE ROAD,2.564
race_course_road,Race Course Road,5010.0,30562.334,32962.929,3.473,3.473,3.473,-1.042,1.0,RACE COURSE ROAD,2.559
race_course_road,Race Course Road,5012.0,30560.869,32961.567,3.473,3.473,3.473,,,RACE COURSE ROAD,2.554
race_course_road,Race Course Road,5014.0,30559.405,32960.206,3.473,3.473,3.473,,,RACE COURSE ROAD,2.548
race_course_road,Race Course Road,5016.0,30557.94,32958.844,3.473,3.753,3.753,10.508,2.0,RACE COURSE ROAD,2.543
race_course_road,Race Course Road,5018.0,30556.475,32957.482,4.313,4.033,4.033,10.508,2.0,RACE COURSE ROAD,2.538
race_course_road,Race Course Road,5020.0,30555.011,32956.12,4.313,4.313,4.313,,,RACE COURSE ROAD,2.532
race_course_road,Race Course Road,5022.0,30553.525,32954.78,4.313,4.313,4.313,,,RACE COURSE ROAD,2.496
race_course_road,Race Course Road,5024.0,30552.039,32953.442,4.313,4.313,4.313,,,RACE COURSE ROAD,2.459
race_course_road,Race Course Road,5026.0,30550.553,32952.104,4.313,4.313,4.313,,,RACE COURSE ROAD,2.422
race_course_road,Race Course Road,5028.0,30549.067,32950.765,3.473,4.435,4.435,,,RACE COURSE ROAD,2.384
race_course_road,Race Course Road,5030.0,30547.581,32949.427,3.523,4.556,4.556,,,RACE COURSE ROAD,2.347
race_course_road,Race Course Road,5032.0,30546.094,32948.088,3.573,4.677,4.677,,,RACE COURSE ROAD,2.31
race_course_road,Race Course Road,5034.0,30544.592,32946.768,3.573,4.798,4.798,,,RACE COURSE ROAD,2.248
race_course_road,Race Course Road,5036.0,30543.075,32945.465,4.919,4.919,4.919,,,RACE COURSE ROAD,2.164
race_course_road,Race Course Road,5038.0,30541.558,32944.162,5.175,5.175,4.943,,,RACE COURSE ROAD,2.08
race_course_road,Race Course Road,5040.0,30540.041,32942.859,5.046,5.046,4.943,-0.646,1.0,RACE COURSE ROAD,1.995
race_course_road,Race Course Road,5042.0,30538.531,32941.547,4.943,4.943,4.943,,,RACE COURSE ROAD,1.923
race_course_road,Race Course Road,5044.0,30537.033,32940.222,4.868,4.868,4.868,,,RACE COURSE ROAD,1.868
race_course_road,Race Course Road,5046.0,30535.534,32938.898,4.501,4.818,4.818,,,RACE COURSE ROAD,1.812
race_course_road,Race Course Road,5048.0,30534.036,32937.573,3.423,4.769,4.769,-2.444,1.0,RACE COURSE ROAD,1.756
race_course_road,Race Course Road,5050.0,30532.537,32936.249,3.423,4.72,4.72,,,RACE COURSE ROAD,1.7
race_course_road,Race Course Road,5052.0,30530.987,32934.99,4.67,4.67,4.672,,,RACE COURSE ROAD,1.561
race_course_road,Race Course Road,5054.0,30529.338,32933.859,4.645,4.645,4.67,,,RACE COURSE ROAD,1.26
race_course_road,Race Course Road,5056.0,30527.688,32932.728,5.107,4.672,4.645,,,RACE COURSE ROAD,0.96
race_course_road,Race Course Road,5058.0,30526.039,32931.597,4.701,4.372,4.372,,,RACE COURSE ROAD,0.659
race_course_road,Race Course Road,5060.0,30524.381,32930.48,4.726,4.072,4.072,,,RACE COURSE ROAD,0.344
race_course_road,Race Course Road,5062.0,30522.566,32929.64,4.638,3.773,3.773,,,RACE COURSE ROAD,0.282
race_course_road,Race Course Road,5064.0,30520.751,32928.799,3.473,3.473,3.523,,,RACE COURSE ROAD,0.907
race_course_road,Race Course Road,5066.0,30518.937,32927.959,3.473,3.473,3.523,,,RACE COURSE ROAD,1.533
race_course_road,Race Course Road,5068.0,30517.122,32927.118,3.523,3.523,3.523,0.0,1.0,RACE COURSE ROAD,2.158
race_course_road,Race Course Road,5070.0,30515.307,32926.278,3.523,3.523,3.523,0.0,1.0,RACE COURSE ROAD,2.784
race_course_road,Race Course Road,5072.0,30513.492,32925.438,3.523,3.523,3.523,-0.625,1.0,RACE COURSE ROAD,3.409
race_course_road,Race Course Road,5074.0,30511.677,32924.597,3.523,3.523,3.523,-0.625,1.0,RACE COURSE ROAD,4.035
race_course_road,Race Course Road,5076.0,30509.862,32923.757,3.473,3.473,3.473,-0.625,1.0,RACE COURSE ROAD,4.66
race_course_road,Race Course Road,5078.0,30508.048,32922.916,3.473,3.473,3.473,,,RACE COURSE ROAD,5.286
race_course_road,Race Course Road,5080.0,30506.233,32922.076,3.473,3.473,3.473,,,RACE COURSE ROAD,5.911
race_course_road,Race Course Road,5082.0,30504.418,32921.235,3.523,3.662,3.662,,,RACE COURSE ROAD,6.537
race_course_road,Race Course Road,5084.0,30502.603,32920.395,4.987,3.851,3.851,,,RACE COURSE ROAD,7.162
race_course_road,Race Course Road,5086.0,30500.788,32919.555,4.987,4.062,4.062,,,RACE COURSE ROAD,7.788
race_course_road,Race Course Road,5088.0,30498.973,32918.714,3.573,4.272,4.272,,,RACE COURSE ROAD,8.413
race_course_road,Race Course Road,5090.0,30497.158,32917.874,4.837,4.482,4.482,,,RACE COURSE ROAD,9.039
race_course_road,Race Course Road,5092.0,30495.422,32916.897,4.692,4.692,4.692,,,RACE COURSE ROAD,9.511
race_course_road,Race Course Road,5094.0,30493.776,32915.76,6.524,4.777,4.777,,,RACE COURSE ROAD,9.805
race_course_road,Race Course Road,5096.0,30492.13,32914.624,4.862,4.862,4.862,,,RACE COURSE ROAD,10.099
race_course_road,Race Course Road,5098.0,30490.484,32913.487,4.862,5.036,5.036,,,RACE COURSE ROAD,10.393
race_course_road,Race Course Road,5100.0,30488.838,32912.351,5.558,5.21,5.21,6.143,1.0,RACE COURSE ROAD,10.687
race_course_road,Race Course Road,5102.0,30487.29,32911.09,5.558,5.281,5.281,,,RACE COURSE ROAD,10.823
race_course_road,Race Course Road,5104.0,30485.788,32909.769,5.353,5.353,5.353,,,RACE COURSE ROAD,10.884
race_course_road,Race Course Road,5106.0,30484.287,32908.448,6.073,5.357,5.357,,,RACE COURSE ROAD,10.944
race_course_road,Race Course Road,5108.0,30482.786,32907.127,6.118,5.361,5.357,,,RACE COURSE ROAD,11.004
race_course_road,Race Course Road,5110.0,30481.284,32905.805,5.365,5.365,5.357,,,RACE COURSE ROAD,11.064
race_course_road,Race Course Road,5112.0,30479.783,32904.484,6.53,5.271,5.271,,,RACE COURSE ROAD,11.124
race_course_road,Race Course Road,5114.0,30478.305,32903.136,5.325,5.177,5.177,,,RACE COURSE ROAD,11.149
race_course_road,Race Course Road,5116.0,30476.832,32901.784,5.675,5.082,5.082,,,RACE COURSE ROAD,11.167
race_course_road,Race Course Road,5118.0,30475.359,32900.431,5.315,4.988,4.988,,,RACE COURSE ROAD,11.185
race_course_road,Race Course Road,5120.0,30473.886,32899.078,5.04,4.894,4.894,,,RACE COURSE ROAD,11.202
race_course_road,Race Course Road,5122.0,30472.436,32897.701,4.349,4.8,4.8,,,RACE COURSE ROAD,11.187
race_course_road,Race Course Road,5124.0,30470.998,32896.311,4.705,4.705,4.715,,,RACE COURSE ROAD,11.154
race_course_road,Race Course Road,5126.0,30469.56,32894.921,4.515,4.515,4.705,,,RACE COURSE ROAD,11.12
race_course_road,Race Course Road,5128.0,30468.121,32893.531,4.715,4.715,4.705,1.299,1.0,RACE COURSE ROAD,11.087
race_course_road,Race Course Road,5130.0,30466.683,32892.141,4.595,4.595,4.715,1.837,1.0,RACE COURSE ROAD,11.054
race_course_road,Race Course Road,5132.0,30465.245,32890.751,4.852,4.852,4.819,,,RACE COURSE ROAD,11.021
race_course_road,Race Course Road,5134.0,30463.807,32889.361,4.819,4.819,4.852,,,RACE COURSE ROAD,10.987
race_course_road,Race Course Road,5136.0,30462.369,32887.971,4.711,5.058,5.058,8.083,1.0,RACE COURSE ROAD,10.954
race_course_road,Race Course Road,5138.0,30460.931,32886.581,5.461,5.297,5.297,7.666,1.0,RACE COURSE ROAD,10.921
race_course_road,Race Course Road,5140.0,30459.493,32885.191,5.536,5.536,5.466,,,RACE COURSE ROAD,10.887
race_course_road,Race Course Road,5142.0,30458.055,32883.801,5.604,5.604,5.466,,,RACE COURSE ROAD,10.834
race_course_road,Race Course Road,5144.0,30456.617,32882.411,4.858,5.466,5.466,,,RACE COURSE ROAD,10.772
race_course_road,Race Course Road,5146.0,30455.179,32881.021,5.025,5.327,5.327,-5.19,1.0,RACE COURSE ROAD,10.71
race_course_road,Race Course Road,5148.0,30453.745,32879.627,5.54,5.189,5.189,,,RACE COURSE ROAD,10.642
race_course_road,Race Course Road,5150.0,30452.312,32878.232,5.05,5.05,5.05,,,RACE COURSE ROAD,10.573
race_course_road,Race Course Road,5152.0,30450.879,32876.837,5.011,5.011,5.011,,,RACE COURSE ROAD,10.503
race_course_road,Race Course Road,5154.0,30449.446,32875.442,5.273,4.896,4.896,-4.793,1.0,RACE COURSE ROAD,10.434
race_course_road,Race Course Road,5156.0,30448.013,32874.047,5.183,4.782,4.782,,,RACE COURSE ROAD,10.365
race_course_road,Race Course Road,5158.0,30446.575,32872.657,4.667,4.667,4.667,,,RACE COURSE ROAD,10.302
race_course_road,Race Course Road,5160.0,30445.135,32871.269,4.761,4.5,4.5,,,RACE COURSE ROAD,10.243
race_course_road,Race Course Road,5162.0,30443.694,32869.881,4.333,4.333,4.333,-5.002,1.0,RACE COURSE ROAD,10.184
race_course_road,Race Course Road,5164.0,30442.254,32868.494,4.222,4.222,4.267,-4.044,1.0,RACE COURSE ROAD,10.125
race_course_road,Race Course Road,5166.0,30440.814,32867.106,4.029,4.029,4.267,-3.086,1.0,RACE COURSE ROAD,10.066
race_course_road,Race Course Road,5168.0,30439.378,32865.713,4.267,4.267,4.222,-3.451,1.0,RACE COURSE ROAD,10.0
race_course_road,Race Course Road,5170.0,30437.948,32864.315,4.269,4.269,4.086,-3.815,1.0,RACE COURSE ROAD,9.927
race_course_road,Race Course Road,5172.0,30436.518,32862.917,4.36,4.086,4.086,-3.994,1.0,RACE COURSE ROAD,9.853
race_course_road,Race Course Road,5174.0,30435.088,32861.519,3.902,3.902,3.962,-2.292,1.0,RACE COURSE ROAD,9.779
race_course_road,Race Course Road,5176.0,30433.658,32860.121,3.962,3.962,3.902,,,RACE COURSE ROAD,9.706
race_course_road,Race Course Road,5178.0,30432.23,32858.721,3.867,3.867,3.902,,,RACE COURSE ROAD,9.629
race_course_road,Race Course Road,5180.0,30430.831,32857.291,3.783,3.783,3.93,2.044,1.0,RACE COURSE ROAD,9.511
race_course_road,Race Course Road,5182.0,30429.433,32855.861,3.647,3.93,3.93,2.182,1.0,RACE COURSE ROAD,9.393
race_course_road,Race Course Road,5184.0,30428.034,32854.431,4.077,4.077,4.066,,,RACE COURSE ROAD,9.275
race_course_road,Race Course Road,5186.0,30426.636,32853.002,4.066,4.066,4.077,,,RACE COURSE ROAD,9.157
race_course_road,Race Course Road,5188.0,30425.237,32851.572,4.521,4.152,4.077,,,RACE COURSE ROAD,9.038
race_course_road,Race Course Road,5190.0,30423.839,32850.142,4.238,4.238,4.066,-2.866,1.0,RACE COURSE ROAD,8.92
race_course_road,Race Course Road,5192.0,30422.44,32848.713,4.211,3.957,3.957,,,RACE COURSE ROAD,8.763
race_course_road,Race Course Road,5194.0,30421.041,32847.283,3.677,3.677,3.848,,,RACE COURSE ROAD,8.6
race_course_road,Race Course Road,5196.0,30419.643,32845.853,3.67,3.67,3.848,,,RACE COURSE ROAD,8.436
race_course_road,Race Course Road,5198.0,30418.244,32844.423,3.343,3.848,3.848,4.43,1.0,RACE COURSE ROAD,8.272
race_course_road,Race Course Road,5200.0,30416.846,32842.994,3.546,4.025,4.025,6.512,1.0,RACE COURSE ROAD,8.108
race_course_road,Race Course Road,5202.0,30415.447,32841.564,4.202,4.202,4.202,,,RACE COURSE ROAD,7.944
race_course_road,Race Course Road,5204.0,30413.959,32840.228,4.369,4.369,4.369,,,RACE COURSE ROAD,7.911
race_course_road,Race Course Road,5206.0,30412.468,32838.896,4.577,4.577,4.422,,,RACE COURSE ROAD,7.881
race_course_road,Race Course Road,5208.0,30410.976,32837.563,4.568,4.568,4.422,,,RACE COURSE ROAD,7.851
race_course_road,Race Course Road,5210.0,30409.485,32836.23,5.081,4.422,4.422,-3.64,1.0,RACE COURSE ROAD,7.822
race_course_road,Race Course Road,5212.0,30407.993,32834.898,4.094,4.276,4.276,,,RACE COURSE ROAD,7.792
race_course_road,Race Course Road,5214.0,30406.502,32833.565,4.131,4.131,4.131,,,RACE COURSE ROAD,7.762
race_course_road,Race Course Road,5216.0,30405.033,32832.208,4.467,3.985,3.985,,,RACE COURSE ROAD,7.699
race_course_road,Race Course Road,5218.0,30403.572,32830.842,3.778,3.839,3.839,-5.478,1.0,RACE COURSE ROAD,7.625
race_course_road,Race Course Road,5220.0,30402.111,32829.476,3.693,3.693,3.693,,,RACE COURSE ROAD,7.55
race_course_road,Race Course Road,5222.0,30400.65,32828.111,3.434,3.434,3.693,,,RACE COURSE ROAD,7.476
race_course_road,Race Course Road,5224.0,30398.672,32827.986,3.444,3.444,3.693,,,RACE COURSE ROAD,8.678
race_course_road,Race Course Road,5226.0,30396.674,32827.912,3.467,3.739,3.739,,,RACE COURSE ROAD,9.931
race_course_road,Race Course Road,5228.0,30394.675,32827.837,4.07,4.034,4.034,,,RACE COURSE ROAD,11.184
race_course_road,Race Course Road,5230.0,30392.676,32827.763,6.646,4.855,4.855,,,RACE COURSE ROAD,12.437
race_course_road,Race Course Road,5232.0,30390.678,32827.688,6.128,5.676,5.676,,,RACE COURSE ROAD,13.69
race_course_road,Race Course Road,5234.0,30388.679,32827.613,7.226,6.498,6.498,,,RACE COURSE ROAD,14.943
race_course_road,Race Course Road,5236.0,30386.681,32827.539,6.494,7.319,7.319,,,RACE COURSE ROAD,16.196
race_course_road,Race Course Road,5238.0,30384.682,32827.464,5.926,8.14,8.14,,,RACE COURSE ROAD,17.45
race_course_road,Race Course Road,5294.0,30328.721,32825.374,6.125,8.961,8.961,,,RACE COURSE ROAD,31.379
race_course_road,Race Course Road,5296.0,30326.722,32825.299,6.416,,9.372,,,RACE COURSE ROAD,30.036
race_course_road,Race Course Road,5298.0,30324.724,32825.225,6.085,,9.782,,,RACE COURSE ROAD,28.692
race_course_road,Race Course Road,5300.0,30322.725,32825.15,4.973,,10.193,,,RACE COURSE ROAD,27.349
race_course_road,Race Course Road,5302.0,30320.727,32825.075,14.96,,12.246,,,RACE COURSE ROAD,26.005
race_course_road,Race Course Road,5304.0,30318.728,32825.001,20.344,,14.299,,,RACE COURSE ROAD,24.662
race_course_road,Race Course Road,5306.0,30316.729,32824.926,22.053,,14.71,,,RACE COURSE ROAD,23.319
race_course_road,Race Course Road,5308.0,30314.731,32824.851,19.813,,15.12,,,RACE COURSE ROAD,21.975
race_course_road,Race Course Road,5310.0,30312.732,32824.777,18.84,15.531,15.531,,,RACE COURSE ROAD,20.632
race_course_road,Race Course Road,5312.0,30310.734,32824.702,18.363,16.352,16.352,,,RACE COURSE ROAD,19.289
race_course_road,Race Course Road,5314.0,30308.735,32824.627,21.635,17.173,17.173,,,RACE COURSE ROAD,17.945
race_course_road,Race Course Road,5316.0,30306.736,32824.553,22.344,17.995,17.846,,,RACE COURSE ROAD,16.602
race_course_road,Race Course Road,5318.0,30304.738,32824.478,17.811,18.112,17.846,,,RACE COURSE ROAD,15.258
race_course_road,Race Course Road,5320.0,30302.978,32823.867,17.456,17.846,17.846,,,RACE COURSE ROAD,14.466
race_course_road,Race Course Road,5322.0,30301.586,32822.431,20.559,17.579,17.579,,,RACE COURSE ROAD,14.519
race_course_road,Race Course Road,5324.0,30300.193,32820.996,19.07,17.234,17.234,,,RACE COURSE ROAD,14.573
race_course_road,Race Course Road,5326.0,30298.8,32819.56,16.939,16.89,16.89,,,RACE COURSE ROAD,14.627
race_course_road,Race Course Road,5328.0,30297.408,32818.125,17.625,16.546,16.546,,,RACE COURSE ROAD,14.68
race_course_road,Race Course Road,5330.0,30296.015,32816.689,16.595,,16.374,,,RACE COURSE ROAD,14.734
race_course_road,Race Course Road,5332.0,30294.757,32815.135,14.889,,16.201,,,RACE COURSE ROAD,14.965
race_course_road,Race Course Road,5334.0,30293.506,32813.575,12.461,,15.857,,,RACE COURSE ROAD,15.207
race_course_road,Race Course Road,5336.0,30292.255,32812.015,13.684,,14.824,,,RACE COURSE ROAD,15.449
race_course_road,Race Course Road,5338.0,30291.004,32810.454,11.73,,14.48,,,RACE COURSE ROAD,15.691
race_course_road,Race Course Road,5340.0,30289.752,32808.894,14.129,,14.308,,,RACE COURSE ROAD,15.932
race_course_road,Race Course Road,5342.0,30288.501,32807.333,12.875,14.136,14.136,,,RACE COURSE ROAD,16.174
race_course_road,Race Course Road,5344.0,30287.25,32805.773,12.969,13.791,13.791,,,RACE COURSE ROAD,16.416
race_course_road,Race Course Road,5346.0,30285.999,32804.213,17.687,13.447,13.447,,,RACE COURSE ROAD,16.658
race_course_road,Race Course Road,5348.0,30284.748,32802.652,18.915,13.103,13.236,,,RACE COURSE ROAD,16.899
race_course_road,Race Course Road,5350.0,30283.497,32801.092,20.969,13.169,13.236,,,RACE COURSE ROAD,17.141
race_course_road,Race Course Road,5352.0,30282.246,32799.531,12.675,13.236,13.236,1.67,1.0,RACE COURSE ROAD,17.383
race_course_road,Race Course Road,5354.0,30280.995,32797.971,14.177,13.303,13.303,2.505,1.0,RACE COURSE ROAD,17.625
race_course_road,Race Course Road,5356.0,30279.744,32796.41,13.795,13.37,13.37,3.339,1.0,RACE COURSE ROAD,17.867
race_course_road,Race Course Road,5358.0,30278.493,32794.85,19.1,13.437,13.437,3.339,1.0,RACE COURSE ROAD,18.104
race_course_road,Race Course Road,5360.0,30277.242,32793.29,21.487,13.503,13.503,,,RACE COURSE ROAD,18.215
race_course_road,Race Course Road,5362.0,30275.991,32791.729,17.571,13.57,13.57,,,RACE COURSE ROAD,18.053
race_course_road,Race Course Road,5364.0,30274.74,32790.169,13.637,13.819,13.819,,,RACE COURSE ROAD,17.891
race_course_road,Race Course Road,5366.0,30273.489,32788.608,15.078,14.097,14.097,,,RACE COURSE ROAD,17.728
race_course_road,Race Course Road,5368.0,30272.238,32787.048,13.694,14.376,14.097,,,RACE COURSE ROAD,17.566
race_course_road,Race Course Road,5370.0,30270.987,32785.488,13.003,14.125,14.097,,,RACE COURSE ROAD,17.403
race_course_road,Race Course Road,5372.0,30269.736,32783.927,15.974,13.875,13.875,,,RACE COURSE ROAD,17.241
race_course_road,Race Course Road,5374.0,30268.485,32782.367,19.291,13.625,13.625,,,RACE COURSE ROAD,17.078
race_course_road,Race Course Road,5376.0,30267.234,32780.806,18.789,13.374,13.374,,,RACE COURSE ROAD,16.916
race_course_road,Race Course Road,5378.0,30265.983,32779.246,17.567,13.124,13.124,,,RACE COURSE ROAD,16.753
race_course_road,Race Course Road,5380.0,30264.732,32777.685,15.242,12.873,12.873,,,RACE COURSE ROAD,16.591
race_course_road,Race Course Road,5382.0,30263.481,32776.125,14.281,12.623,12.623,,,RACE COURSE ROAD,16.429
race_course_road,Race Course Road,5384.0,30262.23,32774.565,8.921,12.373,12.373,,,RACE COURSE ROAD,16.266
race_course_road,Race Course Road,5386.0,30260.979,32773.004,12.057,12.122,12.122,,,RACE COURSE ROAD,16.104
race_course_road,Race Course Road,5388.0,30259.728,32771.444,11.702,11.872,11.872,,,RACE COURSE ROAD,15.941
race_course_road,Race Course Road,5390.0,30258.476,32769.883,12.257,11.622,11.622,,,RACE COURSE ROAD,15.779
race_course_road,Race Course Road,5392.0,30257.225,32768.323,11.464,11.371,11.371,,,RACE COURSE ROAD,15.616
race_course_road,Race Course Road,5394.0,30255.974,32766.763,10.989,11.206,11.206,,,RACE COURSE ROAD,15.454
race_course_road,Race Course Road,5396.0,30254.723,32765.202,11.041,11.041,11.206,,,RACE COURSE ROAD,15.292
race_course_road,Race Course Road,5398.0,30253.472,32763.642,11.859,11.145,11.206,,,RACE COURSE ROAD,15.129
race_course_road,Race Course Road,5400.0,30252.221,32762.081,11.312,11.25,11.25,,,RACE COURSE ROAD,14.967
race_course_road,Race Course Road,5402.0,30250.97,32760.521,11.355,11.355,11.304,,,RACE COURSE ROAD,14.804
race_course_road,Race Course Road,5404.0,30249.719,32758.96,15.875,11.33,11.304,,,RACE COURSE ROAD,14.642
race_course_road,Race Course Road,5406.0,30248.468,32757.4,8.831,11.304,11.304,,,RACE COURSE ROAD,14.479
race_course_road,Race Course Road,5408.0,30247.217,32755.84,8.754,11.279,11.279,,,RACE COURSE ROAD,14.317
race_course_road,Race Course Road,5410.0,30245.966,32754.279,9.985,11.254,11.254,,,RACE COURSE ROAD,14.155
race_course_road,Race Course Road,5412.0,30244.715,32752.719,10.858,11.228,11.228,,,RACE COURSE ROAD,13.992
race_course_road,Race Course Road,5414.0,30243.464,32751.158,11.329,11.203,11.203,,,RACE COURSE ROAD,13.83
race_course_road,Race Course Road,5416.0,30242.213,32749.598,13.064,11.178,11.178,,,RACE COURSE ROAD,13.667
race_course_road,Race Course Road,5418.0,30241.182,32747.888,9.55,11.152,11.152,,,RACE COURSE ROAD,13.771
race_course_road,Race Course Road,5420.0,30240.194,32746.149,7.534,11.127,11.127,,,RACE COURSE ROAD,13.788
race_course_road,Race Course Road,5422.0,30239.207,32744.41,8.93,11.102,11.102,,,RACE COURSE ROAD,13.733
race_course_road,Race Course Road,5424.0,30238.219,32742.671,10.784,11.076,11.076,,,RACE COURSE ROAD,13.678
race_course_road,Race Course Road,5426.0,30237.232,32740.931,11.203,11.051,11.051,,,RACE COURSE ROAD,13.623
race_course_road,Race Course Road,5428.0,30236.244,32739.192,12.017,11.026,11.026,,,RACE COURSE ROAD,13.568
race_course_road,Race Course Road,5430.0,30235.263,32737.45,11.662,11.001,11.001,,,RACE COURSE ROAD,13.52
race_course_road,Race Course Road,5432.0,30234.315,32735.689,10.72,10.975,10.975,,,RACE COURSE ROAD,13.51
race_course_road,Race Course Road,5434.0,30233.366,32733.928,8.232,10.95,10.95,,,RACE COURSE ROAD,13.5
race_course_road,Race Course Road,5436.0,30232.418,32732.167,11.574,10.925,10.925,,,RACE COURSE ROAD,13.49
race_course_road,Race Course Road,5438.0,30231.47,32730.406,13.203,10.899,10.899,,,RACE COURSE ROAD,13.48
race_course_road,Race Course Road,5440.0,30230.521,32728.645,14.563,10.874,10.874,,,RACE COURSE ROAD,13.469
race_course_road,Race Course Road,5442.0,30229.573,32726.884,14.969,10.849,10.849,,,RACE COURSE ROAD,13.459
race_course_road,Race Course Road,5444.0,30228.625,32725.124,13.771,10.823,10.823,,,RACE COURSE ROAD,13.449
race_course_road,Race Course Road,5446.0,30227.676,32723.363,13.471,10.798,10.798,,,RACE COURSE ROAD,13.439
race_course_road,Race Course Road,5448.0,30226.728,32721.602,12.561,10.773,10.787,,,RACE COURSE ROAD,13.429
race_course_road,Race Course Road,5450.0,30225.78,32719.841,10.747,10.747,10.787,,,RACE COURSE ROAD,13.418
race_course_road,Race Course Road,5452.0,30224.831,32718.08,10.045,10.787,10.787,,,RACE COURSE ROAD,13.408
race_course_road,Race Course Road,5454.0,30223.883,32716.319,10.997,10.827,10.787,,,RACE COURSE ROAD,13.398
race_course_road,Race Course Road,5456.0,30223.132,32714.473,10.867,10.867,10.787,,,RACE COURSE ROAD,13.603
race_course_road,Race Course Road,5458.0,30222.493,32712.578,12.269,10.7,10.7,,,RACE COURSE ROAD,13.928
race_course_road,Race Course Road,5460.0,30221.854,32710.682,10.282,10.534,10.534,,,RACE COURSE ROAD,14.254
race_course_road,Race Course Road,5462.0,30221.214,32708.787,9.284,10.367,10.367,,,RACE COURSE ROAD,14.58
race_course_road,Race Course Road,5464.0,30220.575,32706.892,12.709,10.246,10.246,,,RACE COURSE ROAD,14.905
race_course_road,Race Course Road,5466.0,30219.679,32705.111,13.555,10.125,10.125,,,RACE COURSE ROAD,14.951
race_course_road,Race Course Road,5468.0,30218.708,32703.362,10.62,9.384,9.384,,,RACE COURSE ROAD,14.916
race_course_road,Race Course Road,5470.0,30217.738,32701.613,9.062,8.644,8.644,,,RACE COURSE ROAD,14.881
race_course_road,Race Course Road,5472.0,30216.768,32699.864,7.66,7.903,7.903,,,RACE COURSE ROAD,14.845
race_course_road,Race Course Road,5500.0,30203.183,32675.381,4.777,,7.162,,,RACE COURSE ROAD,11.27
race_course_road,Race Course Road,5502.0,30202.212,32673.632,4.855,,6.421,,,RACE COURSE ROAD,10.881
race_course_road,Race Course Road,5504.0,30201.242,32671.883,4.766,5.681,5.681,,,RACE COURSE ROAD,10.492
race_course_road,Race Course Road,5506.0,30200.272,32670.134,4.741,4.94,4.94,,,RACE COURSE ROAD,10.103
race_course_road,Race Course Road,5508.0,30199.301,32668.385,3.475,4.199,4.199,,,RACE COURSE ROAD,9.715
race_course_road,Race Course Road,5510.0,30198.331,32666.636,3.459,3.459,3.58,,,RACE COURSE ROAD,9.326
race_course_road,Race Course Road,5512.0,30197.361,32664.888,3.58,3.58,3.58,,,RACE COURSE ROAD,8.937
race_course_road,Race Course Road,5514.0,30196.39,32663.139,3.58,3.58,3.58,1.25,1.0,RACE COURSE ROAD,8.548
race_course_road,Race Course Road,5516.0,30195.42,32661.39,3.612,3.612,3.612,1.25,1.0,RACE COURSE ROAD,8.159
race_course_road,Race Course Road,5518.0,30194.449,32659.641,3.68,3.68,3.68,,,RACE COURSE ROAD,7.77
race_course_road,Race Course Road,5520.0,30193.479,32657.892,3.68,3.68,3.68,,,RACE COURSE ROAD,7.381
race_course_road,Race Course Road,5522.0,30192.509,32656.143,4.711,3.901,3.901,8.309,1.0,RACE COURSE ROAD,6.992
race_course_road,Race Course Road,5524.0,30191.538,32654.395,4.363,4.123,4.123,,,RACE COURSE ROAD,6.603
race_course_road,Race Course Road,5526.0,30190.568,32652.646,4.345,4.345,4.345,,,RACE COURSE ROAD,6.214
race_course_road,Race Course Road,5528.0,30189.598,32650.897,3.523,4.39,4.39,,,RACE COURSE ROAD,5.825
race_course_road,Race Course Road,5530.0,30188.627,32649.148,4.305,4.435,4.435,,,RACE COURSE ROAD,5.436
race_course_road,Race Course Road,5532.0,30187.657,32647.399,4.48,4.48,4.435,,,RACE COURSE ROAD,5.047
race_course_road,Race Course Road,5534.0,30186.687,32645.65,3.573,4.626,4.435,,,RACE COURSE ROAD,4.658
race_course_road,Race Course Road,5536.0,30185.716,32643.902,4.916,4.375,4.375,,,RACE COURSE ROAD,4.269
race_course_road,Race Course Road,5538.0,30184.746,32642.153,4.919,4.125,4.125,,,RACE COURSE ROAD,3.88
race_course_road,Race Course Road,5540.0,30183.776,32640.404,5.088,3.874,3.874,,,RACE COURSE ROAD,3.491
race_course_road,Race Course Road,5542.0,30182.805,32638.655,3.623,3.623,3.626,,,RACE COURSE ROAD,3.102
race_course_road,Race Course Road,5544.0,30181.835,32636.906,3.626,3.626,3.626,,,RACE COURSE ROAD,2.715
race_course_road,Race Course Road,5546.0,30180.865,32635.157,3.626,3.626,3.626,0.0,1.0,RACE COURSE ROAD,2.472
race_course_road,Race Course Road,5548.0,30179.894,32633.409,3.626,3.626,3.626,0.88,1.0,RACE COURSE ROAD,2.23
race_course_road,Race Course Road,5550.0,30178.924,32631.66,3.909,3.909,3.626,0.704,1.0,RACE COURSE ROAD,1.989
race_course_road,Race Course Road,5552.0,30177.953,32629.911,3.626,3.626,3.696,0.5,1.0,RACE COURSE ROAD,1.748
race_course_road,Race Course Road,5556.0,30176.013,32626.413,3.696,3.696,3.696,0.704,1.0,RACE COURSE ROAD,1.265
race_course_road,Race Course Road,5558.0,30175.042,32624.664,3.721,3.721,3.676,0.25,1.0,RACE COURSE ROAD,1.024
race_course_road,Race Course Road,5560.0,30174.072,32622.916,3.676,3.676,3.696,,,RACE COURSE ROAD,0.783
race_course_road,Race Course Road,5562.0,30173.102,32621.167,3.659,3.659,3.721,,,RACE COURSE ROAD,0.542
race_course_road,Race Course Road,5564.0,30172.131,32619.418,3.709,3.924,3.924,,,RACE COURSE ROAD,0.301
race_course_road,Race Course Road,5566.0,30171.161,32617.669,3.826,4.189,4.189,,,RACE COURSE ROAD,0.059
race_course_road,Race Course Road,5568.0,30170.191,32615.92,5.111,4.454,4.454,,,RACE COURSE ROAD,0.182
race_course_road,Race Course Road,5570.0,30169.22,32614.171,5.081,4.647,4.541,,,RACE COURSE ROAD,0.423
race_course_road,Race Course Road,5572.0,30168.25,32612.423,5.091,4.84,4.541,,,RACE COURSE ROAD,0.664
race_course_road,Race Course Road,5574.0,30167.28,32610.674,4.6,4.541,4.541,,,RACE COURSE ROAD,0.905
race_course_road,Race Course Road,5576.0,30166.309,32608.925,4.525,4.242,4.242,,,RACE COURSE ROAD,1.147
race_course_road,Race Course Road,5578.0,30165.339,32607.176,3.576,4.003,4.003,,,RACE COURSE ROAD,1.388
race_course_road,Race Course Road,5580.0,30164.368,32605.427,3.526,3.765,3.765,,,RACE COURSE ROAD,1.629
race_course_road,Race Course Road,5582.0,30163.398,32603.679,3.526,3.526,3.526,,,RACE COURSE ROAD,1.87
race_course_road,Race Course Road,5584.0,30162.428,32601.93,3.526,3.526,3.526,,,RACE COURSE ROAD,2.112
race_course_road,Race Course Road,5586.0,30161.457,32600.181,3.526,3.526,3.526,-0.625,1.0,RACE COURSE ROAD,2.353
race_course_road,Race Course Road,5588.0,30160.487,32598.432,3.509,3.509,3.509,-0.625,1.0,RACE COURSE ROAD,2.594
race_course_road,Race Course Road,5590.0,30159.517,32596.683,3.476,3.476,3.476,-0.625,1.0,RACE COURSE ROAD,2.835
race_course_road,Race Course Road,5592.0,30158.546,32594.934,3.476,3.476,3.476,-0.417,1.0,RACE COURSE ROAD,3.076
race_course_road,Race Course Road,5594.0,30157.576,32593.186,3.476,3.476,3.476,0.0,1.0,RACE COURSE ROAD,3.168
race_course_road,Race Course Road,5596.0,30156.606,32591.437,3.476,3.476,3.476,0.0,1.0,RACE COURSE ROAD,3.219
race_course_road,Race Course Road,5598.0,30155.635,32589.688,3.476,3.476,3.476,0.0,1.0,RACE COURSE ROAD,3.27
race_course_road,Race Course Road,5600.0,30154.665,32587.939,3.476,3.476,3.476,0.0,1.0,RACE COURSE ROAD,3.32
race_course_road,Race Course Road,5602.0,30153.695,32586.19,3.476,3.476,3.476,0.0,1.0,RACE COURSE ROAD,3.371
race_course_road,Race Course Road,5604.0,30152.724,32584.441,3.476,3.476,3.476,0.0,1.0,RACE COURSE ROAD,3.422
race_course_road,Race Course Road,5606.0,30151.754,32582.693,3.476,3.476,3.476,0.0,1.0,RACE COURSE ROAD,3.473
race_course_road,Race Course Road,5608.0,30150.784,32580.944,3.476,3.476,3.476,0.0,1.0,RACE COURSE ROAD,3.523
race_course_road,Race Course Road,5610.0,30149.813,32579.195,3.476,3.476,3.476,,,RACE COURSE ROAD,3.574
race_course_road,Race Course Road,5612.0,30148.843,32577.446,3.476,3.476,3.476,,,RACE COURSE ROAD,3.625
race_course_road,Race Course Road,5614.0,30147.872,32575.697,3.476,3.76,3.76,,,RACE COURSE ROAD,3.676
race_course_road,Race Course Road,5616.0,30146.902,32573.948,3.476,4.044,4.044,,,RACE COURSE ROAD,3.726
race_course_road,Race Course Road,5618.0,30145.932,32572.2,5.75,4.219,4.173,,,RACE COURSE ROAD,3.777
race_course_road,Race Course Road,5620.0,30144.961,32570.451,5.75,4.393,4.173,,,RACE COURSE ROAD,3.828
race_course_road,Race Course Road,5622.0,30143.991,32568.702,5.743,4.173,4.173,,,RACE COURSE ROAD,3.879
race_course_road,Race Course Road,5624.0,30143.021,32566.953,5.55,3.952,3.952,,,RACE COURSE ROAD,3.929
race_course_road,Race Course Road,5626.0,30142.05,32565.204,5.037,3.732,3.732,,,RACE COURSE ROAD,3.98
race_course_road,Race Course Road,5628.0,30141.08,32563.455,3.512,3.512,3.525,,,RACE COURSE ROAD,4.031
race_course_road,Race Course Road,5630.0,30140.11,32561.707,3.525,3.525,3.525,,,RACE COURSE ROAD,4.082
race_course_road,Race Course Road,5632.0,30139.139,32559.958,3.525,3.525,3.525,0.156,1.0,RACE COURSE ROAD,4.133
race_course_road,Race Course Road,5634.0,30138.169,32558.209,3.512,3.512,3.525,0.631,1.0,RACE COURSE ROAD,4.183
race_course_road,Race Course Road,5636.0,30137.199,32556.46,3.537,3.537,3.537,0.631,1.0,RACE COURSE ROAD,4.234
race_course_road,Race Course Road,5638.0,30136.228,32554.711,3.575,3.575,3.575,0.631,1.0,RACE COURSE ROAD,4.285
race_course_road,Race Course Road,5640.0,30135.258,32552.962,3.575,3.575,3.575,0.891,1.0,RACE COURSE ROAD,4.336
race_course_road,Race Course Road,5642.0,30134.287,32551.214,3.575,3.575,3.575,0.625,1.0,RACE COURSE ROAD,4.386
race_course_road,Race Course Road,5644.0,30133.317,32549.465,3.608,3.608,3.608,2.5,1.0,RACE COURSE ROAD,4.437
race_course_road,Race Course Road,5646.0,30132.347,32547.716,3.625,3.625,3.625,2.5,1.0,RACE COURSE ROAD,4.415
race_course_road,Race Course Road,5648.0,30131.376,32545.967,3.775,3.775,3.775,2.083,1.0,RACE COURSE ROAD,4.343
race_course_road,Race Course Road,5650.0,30130.406,32544.218,3.842,3.842,3.775,0.729,1.0,RACE COURSE ROAD,4.27
race_course_road,Race Course Road,5652.0,30129.436,32542.469,3.867,3.867,3.775,-1.146,1.0,RACE COURSE ROAD,4.198
race_course_road,Race Course Road,5654.0,30128.465,32540.721,3.675,3.675,3.683,-1.146,1.0,RACE COURSE ROAD,4.126
race_course_road,Race Course Road,5656.0,30127.495,32538.972,3.675,3.675,3.683,-0.625,1.0,RACE COURSE ROAD,4.053
race_course_road,Race Course Road,5658.0,30126.525,32537.223,3.683,3.683,3.683,0.938,1.0,RACE COURSE ROAD,3.981
race_course_road,Race Course Road,5660.0,30125.554,32535.474,3.758,3.758,3.725,0.938,1.0,RACE COURSE ROAD,3.908
race_course_road,Race Course Road,5662.0,30124.584,32533.725,3.8,3.8,3.758,0.729,1.0,RACE COURSE ROAD,3.836
race_course_road,Race Course Road,5664.0,30123.614,32531.976,3.725,3.725,3.758,0.208,1.0,RACE COURSE ROAD,3.764
race_course_road,Race Course Road,5666.0,30122.643,32530.228,3.808,3.808,3.742,-0.104,1.0,RACE COURSE ROAD,3.691
race_course_road,Race Course Road,5668.0,30121.673,32528.479,3.708,3.708,3.742,-0.104,1.0,RACE COURSE ROAD,3.619
race_course_road,Race Course Road,5670.0,30120.703,32526.73,3.742,3.742,3.75,0.208,1.0,RACE COURSE ROAD,3.547
race_course_road,Race Course Road,5672.0,30119.732,32524.981,3.75,3.75,3.75,0.574,1.0,RACE COURSE ROAD,3.474
race_course_road,Race Course Road,5674.0,30118.762,32523.232,3.758,3.758,3.758,0.871,1.0,RACE COURSE ROAD,3.402
race_course_road,Race Course Road,5682.0,30114.88,32516.237,3.822,3.822,3.822,2.3,1.0,RACE COURSE ROAD,2.807
race_course_road,Race Course Road,5684.0,30113.91,32514.488,3.872,3.872,3.872,3.095,1.0,RACE COURSE ROAD,2.465
race_course_road,Race Course Road,5686.0,30112.94,32512.739,4.072,4.072,4.072,4.934,1.0,RACE COURSE ROAD,2.122
race_course_road,Race Course Road,5688.0,30111.969,32510.99,4.192,4.192,4.192,4.309,1.0,RACE COURSE ROAD,1.78
race_course_road,Race Course Road,5690.0,30110.999,32509.242,4.225,4.225,4.217,1.809,1.0,RACE COURSE ROAD,1.437
race_course_road,Race Course Road,5692.0,30110.029,32507.493,4.35,4.35,4.217,0.26,1.0,RACE COURSE ROAD,1.095
race_course_road,Race Course Road,5694.0,30109.058,32505.744,4.217,4.217,4.217,-0.052,1.0,RACE COURSE ROAD,0.753
race_course_road,Race Course Road,5696.0,30108.088,32503.995,4.142,4.142,4.213,-0.052,1.0,RACE COURSE ROAD,0.41
race_course_road,Race Course Road,5698.0,30107.118,32502.246,4.142,4.142,4.213,0.208,1.0,RACE COURSE ROAD,0.068
race_course_road,Race Course Road,5700.0,30106.147,32500.497,6.992,4.213,4.213,0.469,1.0,RACE COURSE ROAD,0.275
race_course_road,Race Course Road,5702.0,30105.177,32498.749,4.283,4.283,4.233,0.885,1.0,RACE COURSE ROAD,0.617
race_course_road,Race Course Road,5704.0,30104.206,32497.0,4.233,4.233,4.25,0.92,1.0,RACE COURSE ROAD,0.96
race_course_road,Race Course Road,5706.0,30103.236,32495.251,4.425,4.425,4.283,,,RACE COURSE ROAD,1.302
race_course_road,Race Course Road,5708.0,30102.266,32493.502,4.25,4.25,4.286,,,RACE COURSE ROAD,1.645
race_course_road,Race Course Road,5710.0,30101.295,32491.753,4.592,4.286,4.322,0.035,1.0,RACE COURSE ROAD,1.987
race_course_road,Race Course Road,5712.0,30100.325,32490.004,4.692,4.322,4.286,0.451,1.0,RACE COURSE ROAD,2.33
race_course_road,Race Course Road,5714.0,30099.355,32488.256,4.358,4.358,4.286,,,RACE COURSE ROAD,2.672
race_course_road,Race Course Road,5716.0,30098.384,32486.507,4.258,4.258,4.322,,,RACE COURSE ROAD,3.015
race_course_road,Race Course Road,5718.0,30097.414,32484.758,4.258,4.258,4.358,1.319,1.0,RACE COURSE ROAD,3.357
race_course_road,Race Course Road,5720.0,30096.37,32483.059,4.392,4.392,4.383,1.285,1.0,RACE COURSE ROAD,3.611
race_course_road,Race Course Road,5722.0,30095.119,32481.498,4.425,4.425,4.392,2.839,1.0,RACE COURSE ROAD,3.617
race_course_road,Race Course Road,5724.0,30093.868,32479.937,4.383,4.383,4.425,2.526,1.0,RACE COURSE ROAD,3.623
race_course_road,Race Course Road,5726.0,30092.618,32478.377,4.608,4.608,4.586,,,RACE COURSE ROAD,3.629
race_course_road,Race Course Road,5728.0,30091.395,32476.794,4.608,4.608,4.586,,,RACE COURSE ROAD,3.672
race_course_road,Race Course Road,5730.0,30090.183,32475.203,3.972,4.586,4.586,,,RACE COURSE ROAD,3.727
race_course_road,Race Course Road,5732.0,30088.971,32473.612,5.892,4.563,4.563,-0.651,1.0,RACE COURSE ROAD,3.782
race_course_road,Race Course Road,5734.0,30087.759,32472.021,5.617,4.54,4.54,,,RACE COURSE ROAD,3.836
race_course_road,Race Course Road,5736.0,30086.528,32470.446,4.517,4.517,4.533,,,RACE COURSE ROAD,3.868
race_course_road,Race Course Road,5738.0,30085.247,32468.91,4.5,4.5,4.533,,,RACE COURSE ROAD,3.834
race_course_road,Race Course Road,5740.0,30083.966,32467.374,4.533,4.533,4.533,1.042,1.0,RACE COURSE ROAD,3.801
race_course_road,Race Course Road,5742.0,30082.685,32465.838,4.625,4.625,4.617,1.042,1.0,RACE COURSE ROAD,3.768
race_course_road,Race Course Road,5744.0,30081.403,32464.302,4.617,4.617,4.617,-0.521,1.0,RACE COURSE ROAD,3.735
race_course_road,Race Course Road,5746.0,30080.122,32462.766,4.617,4.617,4.617,-1.979,1.0,RACE COURSE ROAD,3.702
race_course_road,Race Course Road,5748.0,30078.84,32461.232,4.492,4.492,4.492,-4.167,1.0,RACE COURSE ROAD,3.667
race_course_road,Race Course Road,5750.0,30077.557,32459.697,4.458,4.458,4.458,-6.354,1.0,RACE COURSE ROAD,3.631
race_course_road,Race Course Road,5752.0,30076.274,32458.163,4.108,4.283,4.283,-4.792,1.0,RACE COURSE ROAD,3.596
race_course_road,Race Course Road,5754.0,30074.991,32456.629,4.108,4.108,4.108,,,RACE COURSE ROAD,3.56
race_course_road,Race Course Road,5756.0,30073.708,32455.095,4.108,4.108,4.108,,,RACE COURSE ROAD,3.524
race_course_road,Race Course Road,5758.0,30072.479,32453.517,4.242,4.015,4.015,-2.33,1.0,RACE COURSE ROAD,3.559
race_course_road,Race Course Road,5760.0,30071.253,32451.937,3.922,3.922,3.922,-2.955,1.0,RACE COURSE ROAD,3.596
race_course_road,Race Course Road,5762.0,30070.027,32450.357,3.922,3.922,3.922,-1.79,1.0,RACE COURSE ROAD,3.633
race_course_road,Race Course Road,5764.0,30068.8,32448.777,3.872,3.872,3.872,-0.625,1.0,RACE COURSE ROAD,3.67
race_course_road,Race Course Road,5766.0,30067.578,32447.194,3.872,3.872,3.872,-0.625,1.0,RACE COURSE ROAD,3.713
race_course_road,Race Course Road,5768.0,30066.378,32445.594,3.872,3.872,3.872,0.0,1.0,RACE COURSE ROAD,3.783
race_course_road,Race Course Road,5770.0,30065.177,32443.995,3.872,3.872,3.872,-0.156,1.0,RACE COURSE ROAD,3.852
race_course_road,Race Course Road,5772.0,30063.976,32442.395,3.872,3.872,3.872,-0.312,1.0,RACE COURSE ROAD,3.921
race_course_road,Race Course Road,5774.0,30062.776,32440.796,5.825,3.86,3.86,-0.625,1.0,RACE COURSE ROAD,3.991
race_course_road,Race Course Road,5776.0,30061.577,32439.194,3.847,3.847,3.847,-0.625,1.0,RACE COURSE ROAD,4.063
race_course_road,Race Course Road,5778.0,30060.386,32437.588,3.822,3.822,3.822,-0.469,1.0,RACE COURSE ROAD,4.144
race_course_road,Race Course Road,5780.0,30059.195,32435.981,3.822,3.822,3.822,-0.313,1.0,RACE COURSE ROAD,4.226
race_course_road,Race Course Road,5782.0,30058.004,32434.374,3.822,3.822,3.822,,,RACE COURSE ROAD,4.307
race_course_road,Race Course Road,5784.0,30056.813,32432.768,3.822,3.822,3.822,,,RACE COURSE ROAD,4.389
race_course_road,Race Course Road,5786.0,30055.618,32431.164,3.822,4.164,4.164,,,RACE COURSE ROAD,4.465
race_course_road,Race Course Road,5788.0,30054.417,32429.565,3.822,4.506,4.506,,,RACE COURSE ROAD,4.534
race_course_road,Race Course Road,5790.0,30053.216,32427.966,3.822,4.845,4.845,,,RACE COURSE ROAD,4.603
race_course_road,Race Course Road,5792.0,30052.014,32426.367,3.772,5.183,5.183,,,RACE COURSE ROAD,4.671
race_course_road,Race Course Road,5794.0,30050.813,32424.768,6.887,5.521,5.521,,,RACE COURSE ROAD,4.74
race_course_road,Race Course Road,5796.0,30049.612,32423.169,6.912,5.859,5.859,,,RACE COURSE ROAD,4.809
race_course_road,Race Course Road,5798.0,30048.389,32421.586,6.912,6.197,6.197,,,RACE COURSE ROAD,4.85
race_course_road,Race Course Road,5800.0,30047.157,32420.011,6.917,6.535,6.535,,,RACE COURSE ROAD,4.88
race_course_road,Race Course Road,5802.0,30045.926,32418.435,6.873,6.873,6.535,,,RACE COURSE ROAD,4.911
race_course_road,Race Course Road,5804.0,30044.694,32416.859,4.842,6.675,6.535,,,RACE COURSE ROAD,4.941
race_course_road,Race Course Road,5806.0,30043.436,32415.305,4.817,6.477,6.477,,,RACE COURSE ROAD,4.938
race_course_road,Race Course Road,5808.0,30042.14,32413.782,6.278,6.278,6.278,,,RACE COURSE ROAD,4.885
race_course_road,Race Course Road,5810.0,30040.844,32412.258,4.828,6.27,6.27,,,RACE COURSE ROAD,4.832
race_course_road,Race Course Road,5812.0,30039.548,32410.735,4.795,6.262,6.27,-0.313,1.0,RACE COURSE ROAD,4.78
race_course_road,Race Course Road,5814.0,30038.252,32409.212,6.253,6.253,6.262,,,RACE COURSE ROAD,4.727
race_course_road,Race Course Road,5816.0,30036.956,32407.688,6.278,6.278,6.253,,,RACE COURSE ROAD,4.675
race_course_road,Race Course Road,5818.0,30035.66,32406.165,6.245,6.245,6.245,-0.625,1.0,RACE COURSE ROAD,4.622
race_course_road,Race Course Road,5820.0,30034.458,32404.567,6.212,6.212,6.212,-0.521,1.0,RACE COURSE ROAD,4.689
race_course_road,Race Course Road,5822.0,30033.267,32402.96,6.195,6.195,6.212,0.208,1.0,RACE COURSE ROAD,4.771
race_course_road,Race Course Road,5824.0,30032.077,32401.353,6.028,6.028,6.212,,,RACE COURSE ROAD,4.854
race_course_road,Race Course Road,5826.0,30030.873,32399.756,6.262,6.262,6.262,,,RACE COURSE ROAD,4.919
race_course_road,Race Course Road,5828.0,30029.658,32398.168,6.428,6.428,6.428,,,RACE COURSE ROAD,4.97
race_course_road,Race Course Road,5830.0,30028.442,32396.579,6.573,6.573,6.535,,,RACE COURSE ROAD,5.021
race_course_road,Race Course Road,5832.0,30027.226,32394.991,6.535,6.535,6.535,-0.208,1.0,RACE COURSE ROAD,5.071
race_course_road,Race Course Road,5834.0,30026.011,32393.403,6.567,6.567,6.535,-2.078,1.0,RACE COURSE ROAD,5.122
race_course_road,Race Course Road,5836.0,30024.795,32391.815,6.412,6.412,6.412,,,RACE COURSE ROAD,5.173
race_course_road,Race Course Road,5838.0,30023.627,32390.192,6.145,6.145,6.369,,,RACE COURSE ROAD,5.282
race_course_road,Race Course Road,5840.0,30022.458,32388.569,5.862,6.19,6.369,,,RACE COURSE ROAD,5.391
race_course_road,Race Course Road,5842.0,30021.289,32386.946,5.812,6.369,6.369,,,RACE COURSE ROAD,5.5
race_course_road,Race Course Road,5844.0,30020.12,32385.323,5.845,6.549,6.549,,,RACE COURSE ROAD,5.609
race_course_road,Race Course Road,5846.0,30018.993,32383.672,6.978,6.838,6.838,,,RACE COURSE ROAD,5.768
race_course_road,Race Course Road,5848.0,30017.902,32381.996,7.178,7.127,7.127,,,RACE COURSE ROAD,5.971
race_course_road,Race Course Road,5850.0,30016.81,32380.32,7.287,7.416,7.416,,,RACE COURSE ROAD,6.173
race_course_road,Race Course Road,5852.0,30015.719,32378.644,7.462,7.714,7.714,,,RACE COURSE ROAD,6.376
race_course_road,Race Course Road,5874.0,30006.424,32358.76,9.317,8.012,8.012,,,RACE COURSE ROAD,11.622
race_course_road,Race Course Road,5876.0,30005.637,32356.921,8.923,8.311,8.311,,,RACE COURSE ROAD,12.164
race_course_road,Race Course Road,5878.0,30004.85,32355.082,8.325,8.609,8.609,,,RACE COURSE ROAD,12.705
race_course_road,Race Course Road,5880.0,30003.825,32353.396,7.44,8.907,8.907,,,RACE COURSE ROAD,12.967
race_course_road,Race Course Road,5882.0,30002.488,32351.908,9.795,9.205,9.205,,,RACE COURSE ROAD,12.86
race_course_road,Race Course Road,5884.0,30001.151,32350.42,6.695,9.504,9.504,,,RACE COURSE ROAD,12.753
race_course_road,Race Course Road,5886.0,29999.815,32348.933,10.275,9.802,9.802,,,RACE COURSE ROAD,12.646
race_course_road,Race Course Road,5888.0,29998.478,32347.445,6.079,10.1,9.92,,,RACE COURSE ROAD,12.539
race_course_road,Race Course Road,5890.0,29997.141,32345.958,12.942,10.01,9.92,,,RACE COURSE ROAD,12.432
race_course_road,Race Course Road,5892.0,29995.804,32344.47,11.011,9.92,9.92,,,RACE COURSE ROAD,12.325
race_course_road,Race Course Road,5894.0,29994.477,32342.975,12.642,9.83,9.83,,,RACE COURSE ROAD,12.231
race_course_road,Race Course Road,5896.0,29993.257,32341.39,9.379,9.543,9.543,,,RACE COURSE ROAD,12.276
race_course_road,Race Course Road,5898.0,29992.037,32339.805,9.111,9.256,9.256,,,RACE COURSE ROAD,12.322
race_course_road,Race Course Road,5900.0,29990.813,32338.224,11.811,8.969,8.969,,,RACE COURSE ROAD,12.361
race_course_road,Race Course Road,5902.0,29989.569,32336.657,7.954,8.682,8.682,,,RACE COURSE ROAD,12.358
race_course_road,Race Course Road,5904.0,29988.325,32335.091,5.973,8.395,8.395,,,RACE COURSE ROAD,12.268
race_course_road,Race Course Road,5906.0,29987.082,32333.525,11.654,8.108,8.108,,,RACE COURSE ROAD,12.177
race_course_road,Race Course Road,5908.0,29985.838,32331.958,6.442,7.821,7.821,,,RACE COURSE ROAD,12.086
race_course_road,Race Course Road,5910.0,29984.594,32330.392,9.129,7.534,7.534,,,RACE COURSE ROAD,11.996
race_course_road,Race Course Road,5912.0,29983.364,32328.816,7.761,7.247,7.247,,,RACE COURSE ROAD,11.921
race_course_road,Race Course Road,5914.0,29982.137,32327.236,5.929,7.197,7.197,,,RACE COURSE ROAD,11.853
race_course_road,Race Course Road,5916.0,29980.911,32325.656,10.779,7.146,7.146,,,RACE COURSE ROAD,11.784
race_course_road,Race Course Road,5918.0,29979.685,32324.076,7.161,7.095,7.095,,,RACE COURSE ROAD,11.715
race_course_road,Race Course Road,5920.0,29978.458,32322.496,5.686,7.045,7.045,,,RACE COURSE ROAD,11.646
race_course_road,Race Course Road,5922.0,29977.232,32320.916,9.404,6.994,6.994,,,RACE COURSE ROAD,11.578
race_course_road,Race Course Road,5924.0,29976.006,32319.336,8.492,6.943,6.943,,,RACE COURSE ROAD,11.509
race_course_road,Race Course Road,5926.0,29974.779,32317.756,7.098,6.893,6.893,,,RACE COURSE ROAD,11.44
race_course_road,Race Course Road,5928.0,29973.553,32316.176,6.842,6.842,6.842,,,RACE COURSE ROAD,11.372
race_course_road,Race Course Road,5930.0,29972.327,32314.596,6.767,6.767,6.767,,,RACE COURSE ROAD,11.303
race_course_road,Race Course Road,5932.0,29971.1,32313.016,8.592,6.748,6.748,,,RACE COURSE ROAD,11.234
race_course_road,Race Course Road,5934.0,29969.874,32311.437,8.173,6.73,6.73,,,RACE COURSE ROAD,11.166
race_course_road,Race Course Road,5936.0,29968.648,32309.857,6.986,6.711,6.711,,,RACE COURSE ROAD,11.097
race_course_road,Race Course Road,5938.0,29967.421,32308.277,8.154,6.693,6.693,,,RACE COURSE ROAD,11.028
race_course_road,Race Course Road,5940.0,29966.195,32306.697,5.692,6.674,6.674,,,RACE COURSE ROAD,10.96
race_course_road,Race Course Road,5942.0,29965.022,32305.078,5.573,6.655,6.655,,,RACE COURSE ROAD,10.957
race_course_road,Race Course Road,5944.0,29963.868,32303.444,9.431,6.637,6.637,,,RACE COURSE ROAD,10.979
race_course_road,Race Course Road,5946.0,29962.715,32301.81,10.181,6.618,6.618,,,RACE COURSE ROAD,11.001
race_course_road,Race Course Road,5948.0,29961.561,32300.176,6.231,6.6,6.6,,,RACE COURSE ROAD,11.022
race_course_road,Race Course Road,5950.0,29960.397,32298.55,9.64,6.581,6.581,,,RACE COURSE ROAD,11.031
race_course_road,Race Course Road,5952.0,29959.23,32296.926,5.573,6.563,6.563,,,RACE COURSE ROAD,11.037
race_course_road,Race Course Road,5954.0,29958.064,32295.301,6.156,6.544,6.544,,,RACE COURSE ROAD,11.043
race_course_road,Race Course Road,5956.0,29956.897,32293.676,6.915,6.525,6.525,,,RACE COURSE ROAD,11.049
race_course_road,Race Course Road,5958.0,29955.731,32292.052,8.706,6.507,6.507,,,RACE COURSE ROAD,11.055
race_course_road,Race Course Road,5960.0,29954.565,32290.427,7.64,6.488,6.488,,,RACE COURSE ROAD,11.061
race_course_road,Race Course Road,5962.0,29953.398,32288.802,7.823,6.47,6.47,,,RACE COURSE ROAD,11.067
race_course_road,Race Course Road,5964.0,29952.232,32287.178,10.073,6.451,6.451,,,RACE COURSE ROAD,11.073
race_course_road,Race Course Road,5966.0,29951.065,32285.553,9.631,6.433,6.433,,,RACE COURSE ROAD,11.079
race_course_road,Race Course Road,5968.0,29949.899,32283.928,8.706,6.414,6.414,,,RACE COURSE ROAD,11.085
race_course_road,Race Course Road,5970.0,29948.732,32282.304,10.215,6.395,6.395,,,RACE COURSE ROAD,11.091
race_course_road,Race Course Road,5972.0,29947.566,32280.679,6.715,6.377,6.395,,,RACE COURSE ROAD,11.097
race_course_road,Race Course Road,5974.0,29946.4,32279.055,7.223,6.358,6.395,,,RACE COURSE ROAD,11.103
race_course_road,Race Course Road,5976.0,29945.233,32277.43,6.34,6.595,6.595,,,RACE COURSE ROAD,11.109
race_course_road,Race Course Road,5978.0,29944.067,32275.805,9.148,6.832,6.832,,,RACE COURSE ROAD,11.115
race_course_road,Race Course Road,5980.0,29942.9,32274.181,6.49,7.069,7.069,,,RACE COURSE ROAD,11.122
race_course_road,Race Course Road,5982.0,29941.838,32272.489,7.306,7.306,7.106,,,RACE COURSE ROAD,11.251
race_course_road,Race Course Road,5984.0,29940.844,32270.754,7.106,7.106,7.306,,,RACE COURSE ROAD,11.462
race_course_road,Race Course Road,5986.0,29939.85,32269.018,7.181,7.342,7.342,,,RACE COURSE ROAD,11.673
race_course_road,Race Course Road,5988.0,29938.686,32267.407,11.906,7.577,7.495,,,RACE COURSE ROAD,11.673
race_course_road,Race Course Road,5990.0,29937.34,32265.927,7.973,7.536,7.495,,,RACE COURSE ROAD,11.448
race_course_road,Race Course Road,5992.0,29935.994,32264.448,7.448,7.495,7.495,,,RACE COURSE ROAD,11.223
race_course_road,Race Course Road,5994.0,29934.648,32262.969,8.831,7.454,7.454,,,RACE COURSE ROAD,10.999
race_course_road,Race Course Road,5996.0,29933.301,32261.49,7.156,7.413,7.413,,,RACE COURSE ROAD,10.774
race_course_road,Race Course Road,5998.0,29932.03,32259.951,8.056,7.372,7.372,,,RACE COURSE ROAD,10.644
race_course_road,Race Course Road,6000.0,29930.895,32258.305,7.465,7.331,7.372,,,RACE COURSE ROAD,10.689
race_course_road,Race Course Road,6002.0,29929.76,32256.658,7.29,7.29,7.372,,,RACE COURSE ROAD,10.733
race_course_road,Race Course Road,6004.0,29928.625,32255.011,9.698,7.498,7.498,,,RACE COURSE ROAD,10.777
race_course_road,Race Course Road,6006.0,29927.49,32253.364,7.706,7.706,7.623,3.14,1.0,RACE COURSE ROAD,10.822
race_course_road,Race Course Road,6008.0,29926.355,32251.718,7.623,7.623,7.623,-1.042,1.0,RACE COURSE ROAD,10.866
race_course_road,Race Course Road,6010.0,29925.296,32250.021,7.64,7.64,7.623,-4.479,1.0,RACE COURSE ROAD,11.002
race_course_road,Race Course Road,6012.0,29924.249,32248.318,7.415,7.415,7.415,-5.521,1.0,RACE COURSE ROAD,11.15
race_course_road,Race Course Road,6014.0,29923.201,32246.614,7.181,7.181,7.265,-5.521,1.0,RACE COURSE ROAD,11.299
race_course_road,Race Course Road,6016.0,29922.153,32244.91,7.265,7.265,7.181,-3.438,1.0,RACE COURSE ROAD,11.448
race_course_road,Race Course Road,6018.0,29921.106,32243.206,7.14,7.14,7.181,-1.667,1.0,RACE COURSE ROAD,11.596
race_course_road,Race Course Road,6020.0,29920.058,32241.503,7.015,7.015,7.14,-0.625,1.0,RACE COURSE ROAD,11.745
race_course_road,Race Course Road,6022.0,29918.772,32239.997,7.281,7.281,7.131,-0.417,1.0,RACE COURSE ROAD,11.584
race_course_road,Race Course Road,6024.0,29917.291,32238.652,7.131,7.131,7.131,-0.104,1.0,RACE COURSE ROAD,11.172
race_course_road,Race Course Road,6026.0,29915.811,32237.308,7.081,7.081,7.148,-0.625,1.0,RACE COURSE ROAD,10.759
race_course_road,Race Course Road,6028.0,29914.491,32235.81,7.148,7.148,7.131,0.208,1.0,RACE COURSE ROAD,10.567
race_course_road,Race Course Road,6030.0,29913.225,32234.262,7.156,7.156,7.081,-0.417,1.0,RACE COURSE ROAD,10.447
race_course_road,Race Course Road,6032.0,29911.959,32232.714,7.081,7.081,7.148,-0.312,1.0,RACE COURSE ROAD,10.327
race_course_road,Race Course Road,6042.0,29912.792,32232.084,7.081,7.081,7.081,-0.0,1.0,RACE COURSE ROAD,11.372
race_course_road,Race Course Road,6044.0,29914.35,32233.338,7.156,7.156,7.081,-0.104,1.0,RACE COURSE ROAD,11.9
race_course_road,Race Course Road,6046.0,29915.908,32234.592,7.048,7.048,7.081,0.625,1.0,RACE COURSE ROAD,12.428
race_course_road,Race Course Road,6048.0,29917.465,32235.847,7.14,7.14,7.131,0.625,1.0,RACE COURSE ROAD,12.956
race_course_road,Race Course Road,6050.0,29919.023,32237.101,7.048,7.048,7.131,-0.417,1.0,RACE COURSE ROAD,13.484
race_course_road,Race Course Road,6052.0,29920.581,32238.355,7.131,7.131,7.131,-1.146,1.0,RACE COURSE ROAD,14.012
race_course_road,Race Course Road,6054.0,29922.139,32239.61,7.298,7.298,7.048,-1.25,1.0,RACE COURSE ROAD,14.54
race_course_road,Race Course Road,6056.0,29923.697,32240.864,7.031,7.031,7.04,-2.292,1.0,RACE COURSE ROAD,15.068
race_course_road,Race Course Road,6058.0,29925.254,32242.118,7.04,7.04,7.031,-1.25,1.0,RACE COURSE ROAD,15.596
race_course_road,Race Course Road,6060.0,29926.812,32243.373,6.815,6.815,6.948,-1.146,1.0,RACE COURSE ROAD,16.124
race_course_road,Race Course Road,6062.0,29928.37,32244.627,6.865,6.865,6.948,,,RACE COURSE ROAD,16.652
race_course_road,Race Course Road,6064.0,29929.928,32245.881,6.948,6.948,6.948,,,RACE COURSE ROAD,17.18
race_course_road,Race Course Road,6066.0,29931.485,32247.136,6.723,7.317,7.317,,,RACE COURSE ROAD,17.708
race_course_road,Race Course Road,6068.0,29933.043,32248.39,6.781,7.687,7.687,,,RACE COURSE ROAD,18.236
race_course_road,Race Course Road,6070.0,29934.601,32249.644,6.773,8.056,8.056,,,RACE COURSE ROAD,18.765
race_course_road,Race Course Road,6072.0,29936.159,32250.899,6.865,,8.241,,,RACE COURSE ROAD,19.293
race_course_road,Race Course Road,6074.0,29937.717,32252.153,13.79,,8.426,,,RACE COURSE ROAD,19.821
race_course_road,Race Course Road,6076.0,29939.274,32253.407,13.915,,8.795,,,RACE COURSE ROAD,20.349
race_course_road,Race Course Road,6078.0,29940.832,32254.662,13.49,,9.903,,,RACE COURSE ROAD,20.877
race_course_road,Race Course Road,6080.0,29942.39,32255.916,10.998,,10.273,,,RACE COURSE ROAD,21.405
race_course_road,Race Course Road,6082.0,29943.948,32257.17,9.343,,10.457,,,RACE COURSE ROAD,21.933
race_course_road,Race Course Road,6084.0,29945.505,32258.425,9.368,10.642,10.642,,,RACE COURSE ROAD,22.461
race_course_road,Race Course Road,6086.0,29947.063,32259.679,14.918,11.012,11.012,,,RACE COURSE ROAD,22.989
race_course_road,Race Course Road,6088.0,29948.621,32260.933,15.043,11.381,11.381,,,RACE COURSE ROAD,23.517
race_course_road,Race Course Road,6090.0,29950.179,32262.188,15.418,11.75,11.75,,,RACE COURSE ROAD,24.045
race_course_road,Race Course Road,6092.0,29951.737,32263.442,16.506,11.862,11.755,,,RACE COURSE ROAD,24.573
race_course_road,Race Course Road,6094.0,29953.294,32264.696,17.365,11.973,11.755,,,RACE COURSE ROAD,25.101
race_course_road,Race Course Road,6096.0,29954.852,32265.951,17.365,11.755,11.755,,,RACE COURSE ROAD,25.629
race_course_road,Race Course Road,6098.0,29956.41,32267.205,,11.538,11.538,,,RACE COURSE ROAD,26.157
race_course_road,Race Course Road,6100.0,29957.968,32268.459,,11.32,11.32,,,RACE COURSE ROAD,26.685
race_course_road,Race Course Road,6102.0,29959.525,32269.714,,11.103,11.103,,,RACE COURSE ROAD,27.213
race_course_road,Race Course Road,6104.0,29961.083,32270.968,,10.885,10.885,,,RACE COURSE ROAD,27.741
race_course_road,Race Course Road,6106.0,29962.641,32272.222,10.233,10.668,10.668,,,RACE COURSE ROAD,28.269
race_course_road,Race Course Road,6108.0,29964.199,32273.477,10.233,10.45,10.45,,,RACE COURSE ROAD,28.797
race_course_road,Race Course Road,6110.0,29965.756,32274.731,10.233,10.233,10.233,,,RACE COURSE ROAD,29.325
race_course_road,Race Course Road,6112.0,29967.314,32275.985,10.233,10.233,10.233,,,RACE COURSE ROAD,29.853
race_course_road,Race Course Road,6114.0,29968.872,32277.24,,10.003,10.003,,,RACE COURSE ROAD,30.381
race_course_road,Race Course Road,6116.0,29970.43,32278.494,13.221,9.774,9.774,,,RACE COURSE ROAD,30.909
race_course_road,Race Course Road,7156.0,30574.043,32905.67,7.578,9.479,9.479,,,RACE COURSE ROAD,52.383
race_course_road,Race Course Road,7158.0,30572.172,32904.964,9.316,9.184,9.184,,,RACE COURSE ROAD,51.62
race_course_road,Race Course Road,7160.0,30570.3,32904.259,10.038,8.89,8.89,,,RACE COURSE ROAD,50.858
race_course_road,Race Course Road,7162.0,30568.429,32903.553,7.672,8.778,8.778,,,RACE COURSE ROAD,50.095
race_course_road,Race Course Road,7164.0,30566.557,32902.848,8.378,8.667,8.778,,,RACE COURSE ROAD,49.332
race_course_road,Race Course Road,7166.0,30564.686,32902.142,12.511,8.771,8.778,,,RACE COURSE ROAD,48.57
race_course_road,Race Course Road,7168.0,30562.814,32901.437,,8.876,8.876,,,RACE COURSE ROAD,47.807
race_course_road,Race Course Road,7170.0,30560.943,32900.731,,8.981,8.981,,,RACE COURSE ROAD,47.044
race_course_road,Race Course Road,7172.0,30559.072,32900.026,,9.086,9.086,,,RACE COURSE ROAD,46.281
race_course_road,Race Course Road,7174.0,30557.2,32899.32,,9.19,9.19,,,RACE COURSE ROAD,45.519
race_course_road,Race Course Road,7176.0,30555.329,32898.615,3.717,9.295,9.295,,,RACE COURSE ROAD,44.756
race_course_road,Race Course Road,7178.0,30553.457,32897.909,5.353,9.4,9.4,,,RACE COURSE ROAD,43.993
race_course_road,Race Course Road,7180.0,30551.586,32897.204,4.801,9.504,9.504,,,RACE COURSE ROAD,43.231
race_course_road,Race Course Road,7182.0,30549.714,32896.498,4.793,9.609,9.609,,,RACE COURSE ROAD,42.468
race_course_road,Race Course Road,7184.0,30547.843,32895.793,4.793,9.714,9.714,,,RACE COURSE ROAD,41.705
race_course_road,Race Course Road,7186.0,30545.972,32895.087,9.643,9.819,9.819,,,RACE COURSE ROAD,40.942
race_course_road,Race Course Road,7188.0,30544.1,32894.382,9.408,9.923,9.858,,,RACE COURSE ROAD,40.18
race_course_road,Race Course Road,7190.0,30542.229,32893.676,10.028,10.028,9.858,,,RACE COURSE ROAD,39.417
race_course_road,Race Course Road,7192.0,30540.357,32892.971,10.291,9.858,9.858,,,RACE COURSE ROAD,38.654
race_course_road,Race Course Road,7194.0,30538.486,32892.265,10.312,9.688,9.688,,,RACE COURSE ROAD,37.892
race_course_road,Race Course Road,7196.0,30536.614,32891.56,9.752,9.518,9.518,,,RACE COURSE ROAD,37.129
race_course_road,Race Course Road,7198.0,30534.743,32890.854,10.777,9.033,9.033,,,RACE COURSE ROAD,36.366
race_course_road,Race Course Road,7200.0,30532.871,32890.149,12.838,8.549,8.549,,,RACE COURSE ROAD,35.603
race_course_road,Race Course Road,7202.0,30531.0,32889.443,11.556,8.065,8.065,,,RACE COURSE ROAD,34.841
race_course_road,Race Course Road,7204.0,30529.129,32888.738,9.706,,7.581,,,RACE COURSE ROAD,34.078
race_course_road,Race Course Road,7206.0,30527.257,32888.032,10.241,7.097,7.097,,,RACE COURSE ROAD,33.315
race_course_road,Race Course Road,7208.0,30525.386,32887.327,5.619,6.613,6.613,,,RACE COURSE ROAD,32.553
race_course_road,Race Course Road,7210.0,30523.514,32886.621,5.589,6.129,6.129,,,RACE COURSE ROAD,31.79
race_course_road,Race Course Road,7212.0,30521.643,32885.916,5.644,5.644,5.796,,,RACE COURSE ROAD,31.027
race_course_road,Race Course Road,7214.0,30519.771,32885.21,5.624,5.624,5.796,,,RACE COURSE ROAD,30.264
race_course_road,Race Course Road,7216.0,30517.9,32884.505,5.205,5.796,5.796,4.292,1.0,RACE COURSE ROAD,29.502
race_course_road,Race Course Road,7218.0,30516.029,32883.799,6.014,5.968,5.968,,,RACE COURSE ROAD,28.739
race_course_road,Race Course Road,7220.0,30514.157,32883.094,6.139,6.139,6.139,,,RACE COURSE ROAD,27.976
race_course_road,Race Course Road,7222.0,30512.286,32882.388,6.034,6.267,6.267,,,RACE COURSE ROAD,27.214
race_course_road,Race Course Road,7224.0,30510.414,32881.683,5.989,6.395,6.395,,,RACE COURSE ROAD,26.451
race_course_road,Race Course Road,7226.0,30508.543,32880.977,6.159,6.645,6.645,,,RACE COURSE ROAD,25.688
race_course_road,Race Course Road,7228.0,30506.671,32880.272,6.104,6.895,6.895,,,RACE COURSE ROAD,24.925
race_course_road,Race Course Road,7230.0,30504.8,32879.566,6.094,7.145,7.145,,,RACE COURSE ROAD,24.163
race_course_road,Race Course Road,7232.0,30502.928,32878.861,6.134,7.174,7.174,,,RACE COURSE ROAD,23.4
race_course_road,Race Course Road,7234.0,30501.057,32878.155,10.794,7.202,7.202,,,RACE COURSE ROAD,22.637
race_course_road,Race Course Road,7236.0,30499.186,32877.45,16.314,7.231,7.231,,,RACE COURSE ROAD,21.875
race_course_road,Race Course Road,7238.0,30497.314,32876.744,16.284,7.26,7.26,,,RACE COURSE ROAD,21.112
race_course_road,Race Course Road,7240.0,30495.443,32876.039,15.909,7.289,7.289,,,RACE COURSE ROAD,20.349
race_course_road,Race Course Road,7242.0,30493.571,32875.333,15.214,7.317,7.317,,,RACE COURSE ROAD,19.586
race_course_road,Race Course Road,7244.0,30491.7,32874.628,15.544,7.346,7.346,,,RACE COURSE ROAD,18.824
race_course_road,Race Course Road,7246.0,30489.828,32873.922,10.759,7.375,7.375,,,RACE COURSE ROAD,18.061
race_course_road,Race Course Road,7248.0,30487.957,32873.217,4.123,7.404,7.404,,,RACE COURSE ROAD,17.298
race_course_road,Race Course Road,7250.0,30486.086,32872.511,5.563,7.432,7.432,,,RACE COURSE ROAD,16.536
race_course_road,Race Course Road,7252.0,30484.214,32871.806,5.401,7.461,7.461,,,RACE COURSE ROAD,15.773
race_course_road,Race Course Road,7254.0,30482.343,32871.1,5.476,7.49,7.49,,,RACE COURSE ROAD,15.01
race_course_road,Race Course Road,7256.0,30480.471,32870.395,7.676,7.518,7.49,,,RACE COURSE ROAD,14.247
race_course_road,Race Course Road,7258.0,30478.6,32869.689,7.688,7.547,7.49,,,RACE COURSE ROAD,13.485
race_course_road,Race Course Road,7260.0,30476.728,32868.984,7.576,7.406,7.406,,,RACE COURSE ROAD,12.722
race_course_road,Race Course Road,7262.0,30474.857,32868.278,7.873,7.264,7.264,,,RACE COURSE ROAD,11.959
race_course_road,Race Course Road,7264.0,30472.986,32867.573,10.798,6.942,6.942,,,RACE COURSE ROAD,11.217
race_course_road,Race Course Road,7266.0,30471.114,32866.867,7.209,6.619,6.619,,,RACE COURSE ROAD,10.481
race_course_road,Race Course Road,7268.0,30469.243,32866.162,6.701,6.296,6.296,,,RACE COURSE ROAD,9.745
race_course_road,Race Course Road,7270.0,30467.371,32865.456,4.112,,5.974,,,RACE COURSE ROAD,9.009
race_course_road,Race Course Road,7272.0,30465.5,32864.751,4.117,,5.651,,,RACE COURSE ROAD,8.274
race_course_road,Race Course Road,7274.0,30463.628,32864.045,4.623,5.328,5.328,,,RACE COURSE ROAD,7.538
race_course_road,Race Course Road,7276.0,30461.757,32863.34,4.215,5.006,5.006,,,RACE COURSE ROAD,6.802
race_course_road,Race Course Road,7278.0,30459.885,32862.634,8.977,4.683,4.683,,,RACE COURSE ROAD,6.066
race_course_road,Race Course Road,7280.0,30458.014,32861.929,9.948,4.36,4.482,,,RACE COURSE ROAD,5.33
race_course_road,Race Course Road,7282.0,30456.143,32861.223,9.87,4.421,4.482,,,RACE COURSE ROAD,4.594
race_course_road,Race Course Road,7284.0,30454.271,32860.518,7.894,4.482,4.482,,,RACE COURSE ROAD,3.858
race_course_road,Race Course Road,7286.0,30452.4,32859.812,7.872,4.543,4.543,,,RACE COURSE ROAD,3.122
race_course_road,Race Course Road,7288.0,30450.528,32859.107,4.603,4.603,4.603,,,RACE COURSE ROAD,2.387
race_course_road,Race Course Road,7290.0,30448.657,32858.401,5.317,4.608,4.608,,,RACE COURSE ROAD,1.651
race_course_road,Race Course Road,7292.0,30446.785,32857.696,4.513,4.613,4.608,,,RACE COURSE ROAD,0.915
race_course_road,Race Course Road,7294.0,30444.914,32856.99,4.617,4.617,4.608,,,RACE COURSE ROAD,0.179
race_course_road,Race Course Road,7296.0,30443.043,32856.285,4.602,4.428,4.428,,,RACE COURSE ROAD,0.557
race_course_road,Race Course Road,7298.0,30441.171,32855.579,4.239,4.152,4.152,-11.581,2.0,RACE COURSE ROAD,1.293
race_course_road,Race Course Road,7300.0,30439.3,32854.874,4.144,3.877,3.877,,,RACE COURSE ROAD,2.029
race_course_road,Race Course Road,7302.0,30437.428,32854.168,3.601,3.601,3.682,,,RACE COURSE ROAD,2.764
race_course_road,Race Course Road,7304.0,30435.557,32853.463,3.654,3.654,3.654,,,RACE COURSE ROAD,3.5
race_course_road,Race Course Road,7306.0,30433.685,32852.757,3.682,3.682,3.654,,,RACE COURSE ROAD,4.236
race_course_road,Race Course Road,7308.0,30431.814,32852.052,3.564,3.564,3.682,3.828,1.0,RACE COURSE ROAD,4.972
race_course_road,Race Course Road,7310.0,30429.942,32851.346,3.449,3.762,3.762,3.828,1.0,RACE COURSE ROAD,5.708
race_course_road,Race Course Road,7312.0,30428.071,32850.641,3.96,3.96,3.96,3.485,1.0,RACE COURSE ROAD,6.444
race_course_road,Race Course Road,7314.0,30426.2,32849.935,4.013,4.013,3.96,0.864,1.0,RACE COURSE ROAD,7.18
race_course_road,Race Course Road,7316.0,30424.328,32849.23,3.999,3.999,3.96,-1.758,1.0,RACE COURSE ROAD,7.916
race_course_road,Race Course Road,7318.0,30422.457,32848.524,4.099,3.838,3.838,-1.758,1.0,RACE COURSE ROAD,8.61
race_course_road,Race Course Road,7320.0,30420.585,32847.819,3.677,3.677,3.82,,,RACE COURSE ROAD,9.303
race_course_road,Race Course Road,7322.0,30418.714,32847.113,3.683,3.683,3.82,,,RACE COURSE ROAD,9.996
race_course_road,Race Course Road,7324.0,30416.842,32846.408,3.482,3.82,3.82,3.418,1.0,RACE COURSE ROAD,10.69
race_course_road,Race Course Road,7326.0,30414.971,32845.702,3.511,3.956,3.956,3.441,1.0,RACE COURSE ROAD,11.383
race_course_road,Race Course Road,7328.0,30413.1,32844.997,4.093,4.093,4.093,,,RACE COURSE ROAD,12.076
race_course_road,Race Course Road,7330.0,30411.228,32844.291,4.279,4.279,4.095,,,RACE COURSE ROAD,12.769
race_course_road,Race Course Road,7332.0,30409.357,32843.586,4.312,4.312,4.101,2.736,1.0,RACE COURSE ROAD,13.462
race_course_road,Race Course Road,7334.0,30407.485,32842.88,4.095,4.095,4.279,2.863,1.0,RACE COURSE ROAD,14.156
race_course_road,Race Course Road,7336.0,30405.614,32842.175,4.101,4.101,4.312,6.535,1.0,RACE COURSE ROAD,14.849
race_course_road,Race Course Road,7338.0,30403.742,32841.469,4.324,4.324,4.324,,,RACE COURSE ROAD,15.542
race_course_road,Race Course Road,7340.0,30401.871,32840.764,4.624,4.624,4.624,,,RACE COURSE ROAD,16.235
race_course_road,Race Course Road,7342.0,30399.999,32840.058,6.827,4.854,4.854,,,RACE COURSE ROAD,16.928
race_course_road,Race Course Road,7344.0,30398.128,32839.353,7.227,5.084,5.084,,,RACE COURSE ROAD,17.621
race_course_road,Race Course Road,7346.0,30396.257,32838.647,6.434,5.314,5.314,,,RACE COURSE ROAD,18.315
race_course_road,Race Course Road,7348.0,30394.385,32837.942,6.473,5.544,5.544,,,RACE COURSE ROAD,19.008
race_course_road,Race Course Road,7350.0,30392.514,32837.236,4.812,5.774,5.774,,,RACE COURSE ROAD,19.701
race_course_road,Race Course Road,7352.0,30390.642,32836.531,5.074,5.787,5.787,,,RACE COURSE ROAD,20.394
race_course_road,Race Course Road,7354.0,30388.771,32835.825,6.026,5.801,5.787,0.058,1.0,RACE COURSE ROAD,21.087
race_course_road,Race Course Road,7356.0,30386.899,32835.12,7.221,5.815,5.801,,,RACE COURSE ROAD,21.78
race_course_road,Race Course Road,7422.0,30325.142,32811.838,3.851,5.605,5.815,,,RACE COURSE ROAD,38.559
race_course_road,Race Course Road,7424.0,30323.271,32811.133,5.395,5.841,5.841,0.711,1.0,RACE COURSE ROAD,37.756
race_course_road,Race Course Road,7426.0,30321.399,32810.427,5.401,6.078,6.078,8.484,1.0,RACE COURSE ROAD,36.952
race_course_road,Race Course Road,7428.0,30319.528,32809.722,6.314,6.314,6.314,,,RACE COURSE ROAD,36.149
race_course_road,Race Course Road,7430.0,30317.656,32809.016,,6.494,6.494,,,RACE COURSE ROAD,35.346
race_course_road,Race Course Road,7432.0,30315.785,32808.311,,6.674,6.674,9.018,2.0,RACE COURSE ROAD,34.543
race_course_road,Race Course Road,7434.0,30313.913,32807.605,,6.855,6.855,9.018,2.0,RACE COURSE ROAD,33.739
race_course_road,Race Course Road,7436.0,30312.042,32806.9,,7.035,7.035,9.018,2.0,RACE COURSE ROAD,32.936
race_course_road,Race Course Road,7438.0,30310.171,32806.194,,7.215,7.215,9.018,2.0,RACE COURSE ROAD,32.133
race_course_road,Race Course Road,7440.0,30308.299,32805.489,,7.396,7.396,,,RACE COURSE ROAD,31.329
race_course_road,Race Course Road,7442.0,30306.428,32804.783,,7.576,7.576,,,RACE COURSE ROAD,30.526
race_course_road,Race Course Road,7444.0,30304.556,32804.078,5.162,7.822,7.822,,,RACE COURSE ROAD,29.723
race_course_road,Race Course Road,7446.0,30302.685,32803.372,7.937,8.359,8.359,,,RACE COURSE ROAD,28.92
race_course_road,Race Course Road,7448.0,30300.813,32802.667,7.848,8.896,8.896,,,RACE COURSE ROAD,28.116
race_course_road,Race Course Road,7450.0,30298.942,32801.961,8.048,9.705,9.705,,,RACE COURSE ROAD,27.313
race_course_road,Race Course Road,7452.0,30297.071,32801.256,7.468,10.513,10.513,,,RACE COURSE ROAD,26.51
race_course_road,Race Course Road,7454.0,30295.199,32800.55,9.981,11.322,11.322,,,RACE COURSE ROAD,25.706
race_course_road,Race Course Road,7456.0,30293.328,32799.845,12.156,,12.13,,,RACE COURSE ROAD,24.903
race_course_road,Race Course Road,7458.0,30291.456,32799.139,16.578,,12.939,,,RACE COURSE ROAD,24.1
race_course_road,Race Course Road,7460.0,30289.585,32798.434,18.12,,13.747,,,RACE COURSE ROAD,23.297
race_course_road,Race Course Road,7462.0,30287.713,32797.728,21.343,,14.556,,,RACE COURSE ROAD,22.493
race_course_road,Race Course Road,7464.0,30285.842,32797.023,20.463,15.365,15.365,,,RACE COURSE ROAD,21.69
race_course_road,Race Course Road,7466.0,30283.97,32796.317,14.38,16.173,16.173,,,RACE COURSE ROAD,20.887
race_course_road,Race Course Road,7468.0,30282.099,32795.612,17.984,16.982,16.982,,,RACE COURSE ROAD,20.083
race_course_road,Race Course Road,7470.0,30280.228,32794.906,20.902,17.79,16.982,,,RACE COURSE ROAD,19.28
race_course_road,Race Course Road,7472.0,30278.356,32794.201,22.024,17.505,16.982,,,RACE COURSE ROAD,18.471
race_course_road,Race Course Road,7474.0,30276.485,32793.495,18.194,16.978,16.978,,,RACE COURSE ROAD,17.473
race_course_road,Race Course Road,7476.0,30274.613,32792.79,19.247,16.45,16.45,,,RACE COURSE ROAD,16.317
race_course_road,Race Course Road,7478.0,30272.742,32792.084,16.338,15.643,15.643,,,RACE COURSE ROAD,15.162
race_course_road,Race Course Road,7480.0,30270.87,32791.379,13.391,14.836,14.836,,,RACE COURSE ROAD,14.007
race_course_road,Race Course Road,7482.0,30268.999,32790.673,11.403,14.029,14.029,,,RACE COURSE ROAD,12.852
race_course_road,Race Course Road,7484.0,30267.128,32789.968,11.087,13.222,13.222,,,RACE COURSE ROAD,11.697
race_course_road,Race Course Road,7486.0,30265.256,32789.262,9.999,12.415,12.415,,,RACE COURSE ROAD,10.541
race_course_road,Race Course Road,7488.0,30263.385,32788.557,6.566,11.55,11.55,,,RACE COURSE ROAD,9.386
race_course_road,Race Course Road,7490.0,30261.513,32787.852,5.896,10.685,10.685,,,RACE COURSE ROAD,8.231
race_course_road,Race Course Road,7492.0,30259.642,32787.146,6.503,9.82,9.82,,,RACE COURSE ROAD,7.076
race_course_road,Race Course Road,7494.0,30257.77,32786.441,7.173,8.955,8.955,,,RACE COURSE ROAD,5.92
race_course_road,Race Course Road,7496.0,30255.899,32785.735,6.557,8.089,8.089,,,RACE COURSE ROAD,4.765
race_course_road,Race Course Road,7498.0,30254.027,32785.03,6.43,7.224,7.224,,,RACE COURSE ROAD,3.61
race_course_road,Race Course Road,7500.0,30252.156,32784.324,6.888,6.359,6.359,,,RACE COURSE ROAD,2.455
race_course_road,Race Course Road,7502.0,30250.285,32783.619,5.117,6.288,6.288,,,RACE COURSE ROAD,1.3
race_course_road,Race Course Road,7504.0,30251.351,32784.904,6.135,6.216,6.216,,,RACE COURSE ROAD,1.463
race_course_road,Race Course Road,7506.0,30252.7,32786.381,6.455,6.145,6.145,,,RACE COURSE ROAD,1.753
race_course_road,Race Course Road,7508.0,30254.048,32787.858,6.037,6.074,6.108,,,RACE COURSE ROAD,2.043
race_course_road,Race Course Road,7510.0,30255.397,32789.335,6.002,6.002,6.074,,,RACE COURSE ROAD,2.333
race_course_road,Race Course Road,7512.0,30256.745,32790.812,6.108,6.108,6.002,,,RACE COURSE ROAD,2.623
race_course_road,Race Course Road,7514.0,30258.094,32792.289,7.11,5.984,5.984,,,RACE COURSE ROAD,2.913
race_course_road,Race Course Road,7516.0,30259.442,32793.766,6.184,5.859,5.859,,,RACE COURSE ROAD,3.203
race_course_road,Race Course Road,7518.0,30260.791,32795.243,6.674,5.734,5.734,,,RACE COURSE ROAD,3.493
race_course_road,Race Course Road,7520.0,30262.14,32796.72,6.554,5.61,5.622,,,RACE COURSE ROAD,3.783
race_course_road,Race Course Road,7522.0,30263.488,32798.197,5.485,5.485,5.61,,,RACE COURSE ROAD,4.073
race_course_road,Race Course Road,7524.0,30264.837,32799.674,5.622,5.622,5.606,,,RACE COURSE ROAD,4.363
race_course_road,Race Course Road,7526.0,30266.185,32801.151,5.584,5.584,5.584,,,RACE COURSE ROAD,4.653
race_course_road,Race Course Road,7528.0,30267.534,32802.628,5.606,5.606,5.584,-2.434,1.0,RACE COURSE ROAD,4.875
race_course_road,Race Course Road,7530.0,30268.882,32804.105,5.801,5.508,5.508,,,RACE COURSE ROAD,4.767
race_course_road,Race Course Road,7532.0,30270.231,32805.582,5.411,5.411,5.411,,,RACE COURSE ROAD,4.658
race_course_road,Race Course Road,7534.0,30271.579,32807.059,4.569,5.35,5.35,,,RACE COURSE ROAD,4.544
race_course_road,Race Course Road,7536.0,30272.928,32808.536,5.243,5.289,5.289,-1.528,1.0,RACE COURSE ROAD,4.43
race_course_road,Race Course Road,7538.0,30274.276,32810.013,5.227,5.227,5.289,,,RACE COURSE ROAD,4.316
race_course_road,Race Course Road,7540.0,30275.625,32811.49,5.182,5.182,5.289,,,RACE COURSE ROAD,4.203
race_course_road,Race Course Road,7542.0,30276.974,32812.967,5.503,5.291,5.291,0.027,1.0,RACE COURSE ROAD,4.089
race_course_road,Race Course Road,7544.0,30278.322,32814.443,5.399,5.399,5.291,,,RACE COURSE ROAD,3.975
race_course_road,Race Course Road,7546.0,30279.671,32815.92,5.32,5.32,5.291,,,RACE COURSE ROAD,3.861
race_course_road,Race Course Road,7548.0,30281.019,32817.397,4.576,5.151,5.151,,,RACE COURSE ROAD,3.747
race_course_road,Race Course Road,7550.0,30282.368,32818.874,4.995,4.983,4.983,,,RACE COURSE ROAD,3.633
race_course_road,Race Course Road,7552.0,30283.716,32820.351,5.663,4.814,4.814,,,RACE COURSE ROAD,3.519
race_course_road,Race Course Road,7554.0,30285.065,32821.828,6.974,4.645,4.645,,,RACE COURSE ROAD,3.405
race_course_road,Race Course Road,7556.0,30286.413,32823.305,6.544,4.477,4.477,,,RACE COURSE ROAD,3.291
race_course_road,Race Course Road,7558.0,30287.762,32824.782,6.029,4.308,4.308,,,RACE COURSE ROAD,3.177
race_course_road,Race Course Road,7560.0,30289.111,32826.259,4.404,4.139,4.139,,,RACE COURSE ROAD,3.063
race_course_road,Race Course Road,7562.0,30290.459,32827.736,4.154,3.971,3.971,,,RACE COURSE ROAD,2.949
race_course_road,Race Course Road,7564.0,30291.808,32829.213,3.802,3.802,3.802,,,RACE COURSE ROAD,2.835
race_course_road,Race Course Road,7566.0,30293.156,32830.69,3.746,3.746,3.746,,,RACE COURSE ROAD,2.721
race_course_road,Race Course Road,7568.0,30294.505,32832.167,3.65,3.65,3.721,-1.25,1.0,RACE COURSE ROAD,2.607
race_course_road,Race Course Road,7570.0,30295.853,32833.644,3.7,3.7,3.702,-0.314,1.0,RACE COURSE ROAD,2.494
race_course_road,Race Course Road,7572.0,30297.202,32835.121,3.721,3.721,3.702,0.016,1.0,RACE COURSE ROAD,2.38
race_course_road,Race Course Road,7574.0,30298.55,32836.598,3.702,3.702,3.721,0.501,1.0,RACE COURSE ROAD,2.266
race_course_road,Race Course Road,7576.0,30299.899,32838.075,5.995,3.722,3.722,0.501,1.0,RACE COURSE ROAD,2.152
race_course_road,Race Course Road,7578.0,30301.248,32839.552,6.035,3.742,3.742,0.267,1.0,RACE COURSE ROAD,2.038
race_course_road,Race Course Road,7580.0,30302.596,32841.029,6.245,3.762,3.742,-0.015,1.0,RACE COURSE ROAD,1.924
race_course_road,Race Course Road,7582.0,30303.945,32842.506,3.782,3.782,3.742,-1.516,1.0,RACE COURSE ROAD,1.81
race_course_road,Race Course Road,7584.0,30305.293,32843.983,3.721,3.721,3.721,-1.658,1.0,RACE COURSE ROAD,1.696
race_course_road,Race Course Road,7586.0,30306.642,32845.46,3.621,3.621,3.621,-2.027,1.0,RACE COURSE ROAD,1.582
race_course_road,Race Course Road,7588.0,30307.99,32846.937,3.58,3.58,3.61,-1.761,1.0,RACE COURSE ROAD,1.468
race_course_road,Race Course Road,7590.0,30309.339,32848.414,3.61,3.61,3.58,-0.457,1.0,RACE COURSE ROAD,1.354
race_course_road,Race Course Road,7592.0,30310.687,32849.89,3.471,3.471,3.58,-0.315,1.0,RACE COURSE ROAD,1.128
race_course_road,Race Course Road,7594.0,30312.036,32851.367,3.482,3.482,3.584,0.583,1.0,RACE COURSE ROAD,0.863
race_course_road,Race Course Road,7596.0,30313.384,32852.844,3.635,3.635,3.584,0.583,1.0,RACE COURSE ROAD,0.598
race_course_road,Race Course Road,7598.0,30314.733,32854.321,3.584,3.584,3.627,0.529,1.0,RACE COURSE ROAD,0.333
race_course_road,Race Course Road,7600.0,30316.082,32855.798,3.627,3.627,3.627,0.569,1.0,RACE COURSE ROAD,0.067
race_course_road,Race Course Road,7602.0,30317.43,32857.275,3.807,3.807,3.627,1.368,1.0,RACE COURSE ROAD,0.198
race_course_road,Race Course Road,7604.0,30318.779,32858.752,3.599,3.599,3.63,1.368,1.0,RACE COURSE ROAD,0.463
race_course_road,Race Course Road,7606.0,30320.127,32860.229,3.736,3.736,3.736,,,RACE COURSE ROAD,0.728
race_course_road,Race Course Road,7608.0,30321.476,32861.706,3.63,3.63,3.736,,,RACE COURSE ROAD,0.994
race_course_road,Race Course Road,7610.0,30322.824,32863.183,4.047,3.738,3.738,,,RACE COURSE ROAD,1.259
race_course_road,Race Course Road,7612.0,30324.173,32864.66,3.354,3.846,3.846,4.08,1.0,RACE COURSE ROAD,1.524
race_course_road,Race Course Road,7614.0,30325.521,32866.137,4.098,3.954,3.954,,,RACE COURSE ROAD,1.789
race_course_road,Race Course Road,7616.0,30326.87,32867.614,4.063,4.063,4.063,,,RACE COURSE ROAD,2.055
race_course_road,Race Course Road,7618.0,30328.219,32869.091,4.009,4.355,4.355,,,RACE COURSE ROAD,2.32
race_course_road,Race Course Road,7620.0,30329.567,32870.568,4.067,4.648,4.648,,,RACE COURSE ROAD,2.585
race_course_road,Race Course Road,7622.0,30329.939,32872.103,3.942,4.941,4.941,,,RACE COURSE ROAD,3.523
race_course_road,Race Course Road,7624.0,30328.776,32873.73,5.529,5.233,5.233,,,RACE COURSE ROAD,5.517
race_course_road,Race Course Road,7626.0,30327.613,32875.358,6.96,5.526,5.523,,,RACE COURSE ROAD,7.511
race_course_road,Race Course Road,7628.0,30326.45,32876.985,5.523,5.523,5.526,,,RACE COURSE ROAD,9.505
race_course_road,Race Course Road,7630.0,30325.288,32878.612,5.053,5.537,5.537,,,RACE COURSE ROAD,11.499
race_course_road,Race Course Road,7632.0,30323.653,32878.195,5.397,5.551,5.551,,,RACE COURSE ROAD,12.23
race_course_road,Race Course Road,7634.0,30321.894,32877.242,7.773,5.564,5.564,,,RACE COURSE ROAD,12.629
race_course_road,Race Course Road,7636.0,30320.136,32876.289,6.318,5.578,5.578,,,RACE COURSE ROAD,13.029
race_course_road,Race Course Road,7638.0,30318.377,32875.337,6.848,5.592,5.592,,,RACE COURSE ROAD,13.429
race_course_road,Race Course Road,7640.0,30316.623,32874.377,6.413,5.606,5.606,,,RACE COURSE ROAD,13.821
race_course_road,Race Course Road,7642.0,30315.205,32872.968,7.046,5.619,5.619,,,RACE COURSE ROAD,13.652
race_course_road,Race Course Road,7644.0,30313.786,32871.558,6.104,5.633,5.633,,,RACE COURSE ROAD,13.484
race_course_road,Race Course Road,7672.0,30293.924,32851.822,5.372,5.647,5.633,,,RACE COURSE ROAD,11.856
race_course_road,Race Course Road,7674.0,30292.506,32850.412,5.66,5.66,5.633,,,RACE COURSE ROAD,11.839
race_course_road,Race Course Road,7676.0,30291.087,32849.002,5.405,5.405,5.405,,,RACE COURSE ROAD,11.822
race_course_road,Race Course Road,7678.0,30289.668,32847.593,4.499,5.329,5.329,,,RACE COURSE ROAD,11.806
race_course_road,Race Course Road,7702.0,30273.32,32830.033,4.905,5.253,5.299,,,RACE COURSE ROAD,10.671
race_course_road,Race Course Road,7704.0,30271.982,32828.546,5.888,5.177,5.299,,,RACE COURSE ROAD,10.543
race_course_road,Race Course Road,7706.0,30270.644,32827.06,5.068,5.299,5.299,,,RACE COURSE ROAD,10.416
race_course_road,Race Course Road,7708.0,30269.305,32825.573,5.024,5.422,5.422,,,RACE COURSE ROAD,10.288
race_course_road,Race Course Road,7710.0,30267.967,32824.087,4.828,5.611,5.611,,,RACE COURSE ROAD,10.16
race_course_road,Race Course Road,7732.0,30253.247,32807.737,5.384,5.8,5.8,,,RACE COURSE ROAD,9.754
race_course_road,Race Course Road,7734.0,30251.909,32806.251,5.654,5.989,5.969,,,RACE COURSE ROAD,10.03
race_course_road,Race Course Road,7736.0,30250.571,32804.764,7.427,6.178,5.969,,,RACE COURSE ROAD,10.306
race_course_road,Race Course Road,7738.0,30249.233,32803.278,7.713,5.969,5.969,,,RACE COURSE ROAD,10.583
race_course_road,Race Course Road,7740.0,30247.895,32801.791,7.126,5.761,5.761,,,RACE COURSE ROAD,10.859
race_course_road,Race Course Road,7742.0,30246.557,32800.305,6.617,5.552,5.552,,,RACE COURSE ROAD,11.135
race_course_road,Race Course Road,7744.0,30245.218,32798.819,7.351,5.343,5.343,,,RACE COURSE ROAD,11.411
race_course_road,Race Course Road,7746.0,30243.88,32797.332,7.092,5.135,5.135,,,RACE COURSE ROAD,11.687
race_course_road,Race Course Road,7774.0,30225.795,32776.01,4.831,4.926,4.926,,,RACE COURSE ROAD,14.727
race_course_road,Race Course Road,7776.0,30224.657,32774.365,4.401,4.717,4.717,,,RACE COURSE ROAD,14.748
race_course_road,Race Course Road,7778.0,30223.519,32772.72,4.414,4.683,4.717,,,RACE COURSE ROAD,14.769
race_course_road,Race Course Road,7780.0,30222.382,32771.075,4.648,4.648,4.717,,,RACE COURSE ROAD,14.791
race_course_road,Race Course Road,7782.0,30221.244,32769.43,4.555,4.854,4.854,,,RACE COURSE ROAD,14.812
race_course_road,Race Course Road,7784.0,30220.106,32767.785,5.061,5.061,5.061,5.578,1.0,RACE COURSE ROAD,14.833
race_course_road,Race Course Road,7786.0,30218.969,32766.141,5.17,5.17,5.123,,,RACE COURSE ROAD,14.854
race_course_road,Race Course Road,7788.0,30217.831,32764.496,5.123,5.123,5.164,,,RACE COURSE ROAD,14.875
race_course_road,Race Course Road,7790.0,30216.693,32762.851,5.35,5.35,5.164,,,RACE COURSE ROAD,14.897
race_course_road,Race Course Road,7792.0,30215.725,32761.122,5.587,5.164,5.123,-4.663,1.0,RACE COURSE ROAD,14.847
race_course_road,Race Course Road,7794.0,30215.106,32759.22,5.433,4.977,4.977,-4.663,1.0,RACE COURSE ROAD,14.5
race_course_road,Race Course Road,7796.0,30214.488,32757.318,4.791,4.791,4.791,,,RACE COURSE ROAD,14.153
race_course_road,Race Course Road,7798.0,30213.869,32755.416,4.688,4.688,4.791,,,RACE COURSE ROAD,13.806
race_course_road,Race Course Road,7800.0,30213.25,32753.514,4.374,4.764,4.791,,,RACE COURSE ROAD,13.459
race_course_road,Race Course Road,7802.0,30212.631,32751.613,4.061,4.841,4.841,,,RACE COURSE ROAD,13.112
race_course_road,Race Course Road,7804.0,30211.806,32749.799,5.002,4.917,4.917,,,RACE COURSE ROAD,12.989
race_course_road,Race Course Road,7806.0,30210.856,32748.039,5.647,4.994,4.994,,,RACE COURSE ROAD,13.001
race_course_road,Race Course Road,7808.0,30209.907,32746.279,5.986,5.07,5.07,,,RACE COURSE ROAD,13.012
race_course_road,Race Course Road,7810.0,30208.957,32744.519,6.797,5.147,5.147,,,RACE COURSE ROAD,13.024
race_course_road,Race Course Road,7812.0,30208.008,32742.758,6.678,5.224,5.224,,,RACE COURSE ROAD,13.035
race_course_road,Race Course Road,7814.0,30207.058,32740.998,5.3,5.3,5.3,,,RACE COURSE ROAD,13.047
race_course_road,Race Course Road,7816.0,30206.109,32739.238,5.494,5.494,5.494,,,RACE COURSE ROAD,13.058
race_course_road,Race Course Road,7818.0,30205.159,32737.478,5.109,5.545,5.545,,,RACE COURSE ROAD,13.07
race_course_road,Race Course Road,7820.0,30204.21,32735.717,6.14,5.596,5.596,,,RACE COURSE ROAD,13.081
race_course_road,Race Course Road,7822.0,30203.26,32733.957,6.573,5.647,5.647,,,RACE COURSE ROAD,13.093
race_course_road,Race Course Road,7824.0,30202.311,32732.197,6.06,5.698,5.698,,,RACE COURSE ROAD,13.104
race_course_road,Race Course Road,7826.0,30201.361,32730.437,5.172,5.749,5.749,,,RACE COURSE ROAD,13.116
race_course_road,Race Course Road,7828.0,30200.412,32728.677,4.51,5.8,5.749,,,RACE COURSE ROAD,13.127
race_course_road,Race Course Road,7830.0,30199.462,32726.916,4.41,5.851,5.749,,,RACE COURSE ROAD,13.139
race_course_road,Race Course Road,7832.0,30198.513,32725.156,5.902,5.701,5.701,,,RACE COURSE ROAD,13.15
race_course_road,Race Course Road,7834.0,30197.563,32723.396,5.866,5.551,5.551,,,RACE COURSE ROAD,13.162
race_course_road,Race Course Road,7836.0,30196.614,32721.636,5.199,5.42,5.42,,,RACE COURSE ROAD,13.173
race_course_road,Race Course Road,7838.0,30195.664,32719.875,4.164,5.29,5.42,,,RACE COURSE ROAD,13.185
race_course_road,Race Course Road,7840.0,30194.714,32718.115,4.102,5.381,5.42,,,RACE COURSE ROAD,13.196
race_course_road,Race Course Road,7870.0,30180.472,32691.712,6.294,5.472,5.472,,,RACE COURSE ROAD,15.347
race_course_road,Race Course Road,7872.0,30179.522,32689.952,5.768,5.563,5.563,,,RACE COURSE ROAD,15.713
race_course_road,Race Course Road,7874.0,30178.573,32688.191,5.466,5.807,5.807,,,RACE COURSE ROAD,16.079
race_course_road,Race Course Road,7876.0,30177.623,32686.431,5.746,6.087,6.087,,,RACE COURSE ROAD,16.444
race_course_road,Race Course Road,7878.0,30176.674,32684.671,5.059,6.368,6.368,,,RACE COURSE ROAD,16.81
race_course_road,Race Course Road,7880.0,30175.724,32682.911,8.062,6.594,6.594,,,RACE COURSE ROAD,17.175
race_course_road,Race Course Road,7882.0,30174.774,32681.15,7.61,6.821,6.821,,,RACE COURSE ROAD,17.541
race_course_road,Race Course Road,7884.0,30173.825,32679.39,7.632,7.047,7.047,,,RACE COURSE ROAD,17.907
race_course_road,Race Course Road,7886.0,30172.875,32677.63,7.639,7.273,7.273,,,RACE COURSE ROAD,18.272
race_course_road,Race Course Road,7888.0,30171.926,32675.87,8.19,7.5,7.273,,,RACE COURSE ROAD,18.638
race_course_road,Race Course Road,7890.0,30170.976,32674.109,9.312,7.361,7.273,,,RACE COURSE ROAD,19.004
race_course_road,Race Course Road,7892.0,30170.027,32672.349,9.853,7.222,7.222,,,RACE COURSE ROAD,19.369
race_course_road,Race Course Road,7894.0,30169.077,32670.589,10.183,7.083,7.083,,,RACE COURSE ROAD,19.735
race_course_road,Race Course Road,7896.0,30168.128,32668.829,8.35,6.944,6.944,,,RACE COURSE ROAD,20.101
race_course_road,Race Course Road,7898.0,30167.178,32667.069,8.298,6.805,6.805,,,RACE COURSE ROAD,20.466
race_course_road,Race Course Road,7900.0,30166.229,32665.308,10.316,6.667,6.667,,,RACE COURSE ROAD,20.832
race_course_road,Race Course Road,7902.0,30165.279,32663.548,10.416,6.528,6.528,,,RACE COURSE ROAD,21.198
race_course_road,Race Course Road,7904.0,30164.33,32661.788,7.679,6.389,6.389,,,RACE COURSE ROAD,21.563
race_course_road,Race Course Road,7906.0,30163.38,32660.028,5.635,6.25,6.25,,,RACE COURSE ROAD,21.929
race_course_road,Race Course Road,7908.0,30162.431,32658.267,6.917,6.111,6.111,,,RACE COURSE ROAD,22.295
race_course_road,Race Course Road,7910.0,30161.481,32656.507,7.029,5.972,5.972,,,RACE COURSE ROAD,22.66
race_course_road,Race Course Road,7912.0,30160.532,32654.747,6.379,5.833,5.833,,,RACE COURSE ROAD,23.026
race_course_road,Race Course Road,7914.0,30159.582,32652.987,4.718,5.694,5.833,,,RACE COURSE ROAD,23.391
race_course_road,Race Course Road,7916.0,30158.633,32651.226,5.009,5.766,5.833,,,RACE COURSE ROAD,23.757
race_course_road,Race Course Road,7918.0,30157.683,32649.466,8.551,5.838,5.838,,,RACE COURSE ROAD,24.123
race_course_road,Race Course Road,7920.0,30156.734,32647.706,5.484,6.296,6.296,,,RACE COURSE ROAD,24.488
race_course_road,Race Course Road,7922.0,30155.784,32645.946,5.051,6.755,6.755,,,RACE COURSE ROAD,24.825
race_course_road,Race Course Road,7924.0,30154.834,32644.186,9.06,7.213,7.213,,,RACE COURSE ROAD,25.043
race_course_road,Race Course Road,7926.0,30153.885,32642.425,9.085,,7.442,,,RACE COURSE ROAD,25.26
race_course_road,Race Course Road,7928.0,30152.935,32640.665,12.173,,7.901,,,RACE COURSE ROAD,25.478
race_course_road,Race Course Road,7930.0,30151.986,32638.905,12.21,,8.588,,,RACE COURSE ROAD,25.696
race_course_road,Race Course Road,7932.0,30151.036,32637.145,9.843,,9.276,,,RACE COURSE ROAD,25.913
race_course_road,Race Course Road,7934.0,30150.087,32635.384,10.434,,9.735,,,RACE COURSE ROAD,26.131
race_course_road,Race Course Road,7936.0,30149.137,32633.624,10.343,9.964,9.964,,,RACE COURSE ROAD,26.348
race_course_road,Race Course Road,7938.0,30148.188,32631.864,10.409,10.422,10.422,,,RACE COURSE ROAD,26.566
race_course_road,Race Course Road,7940.0,30147.238,32630.104,10.343,10.881,10.881,,,RACE COURSE ROAD,26.784
race_course_road,Race Course Road,7942.0,30146.289,32628.344,10.518,11.339,10.981,,,RACE COURSE ROAD,27.001
race_course_road,Race Course Road,7944.0,30145.339,32626.583,11.702,11.16,10.981,,,RACE COURSE ROAD,27.219
race_course_road,Race Course Road,7946.0,30144.39,32624.823,11.981,10.981,10.981,,,RACE COURSE ROAD,27.437
race_course_road,Race Course Road,7948.0,30143.44,32623.063,11.981,10.802,10.802,,,RACE COURSE ROAD,27.654
race_course_road,Race Course Road,7950.0,30142.491,32621.303,11.981,10.623,10.623,,,RACE COURSE ROAD,27.872
race_course_road,Race Course Road,7952.0,30141.541,32619.542,11.981,10.278,10.278,,,RACE COURSE ROAD,28.089
race_course_road,Race Course Road,7954.0,30140.592,32617.782,10.659,9.933,9.933,,,RACE COURSE ROAD,28.307
race_course_road,Race Course Road,7956.0,30139.642,32616.022,7.326,9.589,9.589,,,RACE COURSE ROAD,28.525
race_course_road,Race Course Road,7958.0,30138.693,32614.262,6.159,9.244,9.244,,,RACE COURSE ROAD,28.742
race_course_road,Race Course Road,7960.0,30137.743,32612.501,6.393,8.899,8.899,,,RACE COURSE ROAD,28.96
race_course_road,Race Course Road,7962.0,30136.794,32610.741,6.126,8.555,8.555,,,RACE COURSE ROAD,29.178
race_course_road,Race Course Road,7964.0,30135.844,32608.981,9.243,8.21,8.35,,,RACE COURSE ROAD,29.395
race_course_road,Race Course Road,7966.0,30134.894,32607.221,8.584,8.35,8.21,,,RACE COURSE ROAD,29.613
race_course_road,Race Course Road,7968.0,30133.945,32605.461,14.547,8.102,8.102,,,RACE COURSE ROAD,29.797
race_course_road,Race Course Road,7970.0,30132.995,32603.7,15.752,7.855,7.855,,,RACE COURSE ROAD,29.824
race_course_road,Race Course Road,7972.0,30132.046,32601.94,21.362,7.565,7.565,,,RACE COURSE ROAD,29.851
race_course_road,Race Course Road,7974.0,30131.096,32600.18,17.507,7.274,7.274,,,RACE COURSE ROAD,29.878
race_course_road,Race Course Road,7976.0,30130.147,32598.42,23.842,6.949,6.949,,,RACE COURSE ROAD,29.905
race_course_road,Race Course Road,7978.0,30129.197,32596.659,20.152,6.624,6.624,,,RACE COURSE ROAD,29.932
race_course_road,Race Course Road,7980.0,30128.248,32594.899,20.192,6.299,6.299,,,RACE COURSE ROAD,29.959
race_course_road,Race Course Road,7982.0,30127.298,32593.139,,5.973,5.973,,,RACE COURSE ROAD,29.986
race_course_road,Race Course Road,7984.0,30126.349,32591.379,8.731,5.648,5.648,,,RACE COURSE ROAD,30.013
race_course_road,Race Course Road,7986.0,30125.399,32589.618,8.559,5.323,5.323,,,RACE COURSE ROAD,30.04
race_course_road,Race Course Road,8012.0,30113.055,32566.735,10.767,4.998,4.998,,,RACE COURSE ROAD,30.391
race_course_road,Race Course Road,8014.0,30112.106,32564.975,10.65,4.673,4.673,,,RACE COURSE ROAD,30.419
race_course_road,Race Course Road,8072.0,30084.57,32513.929,3.972,4.347,4.347,,,RACE COURSE ROAD,24.953
race_course_road,Race Course Road,8074.0,30083.62,32512.168,4.022,4.022,4.26,,,RACE COURSE ROAD,24.587
race_course_road,Race Course Road,8076.0,30082.671,32510.408,4.072,4.072,4.135,,,RACE COURSE ROAD,24.221
race_course_road,Race Course Road,8078.0,30081.721,32508.648,4.26,4.26,4.072,-3.906,1.0,RACE COURSE ROAD,23.855
race_course_road,Race Course Road,8080.0,30080.772,32506.888,4.135,4.135,4.072,-2.656,1.0,RACE COURSE ROAD,23.489
race_course_road,Race Course Road,8082.0,30079.822,32505.127,3.872,3.872,3.947,-1.875,1.0,RACE COURSE ROAD,23.124
race_course_road,Race Course Road,8084.0,30078.873,32503.367,3.947,3.947,3.922,-1.562,1.0,RACE COURSE ROAD,22.758
race_course_road,Race Course Road,8086.0,30077.923,32501.607,3.922,3.922,3.922,0.937,1.0,RACE COURSE ROAD,22.392
race_course_road,Race Course Road,8088.0,30076.974,32499.847,3.922,3.922,3.947,1.25,1.0,RACE COURSE ROAD,22.026
race_course_road,Race Course Road,8090.0,30076.024,32498.087,4.022,4.022,4.022,1.25,1.0,RACE COURSE ROAD,21.66
race_course_road,Race Course Road,8092.0,30075.075,32496.326,4.035,4.035,4.022,0.937,1.0,RACE COURSE ROAD,21.294
race_course_road,Race Course Road,8094.0,30074.125,32494.566,4.022,4.022,4.022,0.0,1.0,RACE COURSE ROAD,20.929
race_course_road,Race Course Road,8096.0,30073.175,32492.806,4.022,4.022,4.022,0.0,1.0,RACE COURSE ROAD,20.563
race_course_road,Race Course Road,8098.0,30072.226,32491.046,4.022,4.022,4.022,0.0,1.0,RACE COURSE ROAD,20.197
race_course_road,Race Course Road,8100.0,30071.276,32489.285,4.022,4.022,4.022,0.0,1.0,RACE COURSE ROAD,19.831
race_course_road,Race Course Road,8102.0,30070.327,32487.525,4.022,4.022,4.022,0.0,1.0,RACE COURSE ROAD,19.465
race_course_road,Race Course Road,8104.0,30069.377,32485.765,4.022,4.022,4.022,0.0,1.0,RACE COURSE ROAD,19.099
race_course_road,Race Course Road,8106.0,30068.428,32484.005,4.072,4.072,4.022,0.0,1.0,RACE COURSE ROAD,18.734
race_course_road,Race Course Road,8108.0,30067.478,32482.245,4.022,4.022,4.022,0.0,1.0,RACE COURSE ROAD,18.368
race_course_road,Race Course Road,8110.0,30066.529,32480.484,4.047,4.047,4.022,,,RACE COURSE ROAD,18.002
race_course_road,Race Course Road,8112.0,30065.579,32478.724,4.022,4.022,4.022,,,RACE COURSE ROAD,17.636
race_course_road,Race Course Road,8114.0,30064.63,32476.964,5.142,4.022,4.022,0.0,1.0,RACE COURSE ROAD,17.27
race_course_road,Race Course Road,8116.0,30063.68,32475.204,4.022,4.022,4.022,0.0,1.0,RACE COURSE ROAD,16.904
race_course_road,Race Course Road,8118.0,30062.731,32473.443,4.022,4.022,4.022,,,RACE COURSE ROAD,16.539
race_course_road,Race Course Road,8120.0,30061.781,32471.683,4.022,4.022,4.022,,,RACE COURSE ROAD,16.173
race_course_road,Race Course Road,8122.0,30060.832,32469.923,4.022,4.022,4.022,-0.469,1.0,RACE COURSE ROAD,15.807
race_course_road,Race Course Road,8124.0,30059.882,32468.163,4.022,4.022,4.022,-0.625,1.0,RACE COURSE ROAD,15.441
race_course_road,Race Course Road,8126.0,30058.933,32466.402,3.985,3.985,3.985,-0.625,1.0,RACE COURSE ROAD,15.075
race_course_road,Race Course Road,8128.0,30057.983,32464.642,3.972,3.972,3.972,-0.625,1.0,RACE COURSE ROAD,14.709
race_course_road,Race Course Road,8130.0,30057.034,32462.882,3.972,3.972,3.972,-0.156,1.0,RACE COURSE ROAD,14.343
race_course_road,Race Course Road,8132.0,30056.086,32461.121,3.972,3.972,3.972,0.0,1.0,RACE COURSE ROAD,13.975
race_course_road,Race Course Road,8134.0,30055.138,32459.36,3.972,3.972,3.972,0.0,1.0,RACE COURSE ROAD,13.608
race_course_road,Race Course Road,8136.0,30054.19,32457.598,3.972,3.972,3.972,0.0,1.0,RACE COURSE ROAD,13.24
race_course_road,Race Course Road,8138.0,30053.242,32455.837,3.972,3.972,3.972,0.0,1.0,RACE COURSE ROAD,12.873
race_course_road,Race Course Road,8140.0,30052.294,32454.076,5.627,3.972,3.972,0.0,1.0,RACE COURSE ROAD,12.505
race_course_road,Race Course Road,8142.0,30051.346,32452.315,5.657,3.972,3.972,0.0,1.0,RACE COURSE ROAD,12.138
race_course_road,Race Course Road,8144.0,30050.0,32450.848,5.652,3.972,3.972,0.0,1.0,RACE COURSE ROAD,12.264
race_course_road,Race Course Road,8146.0,30048.595,32449.425,3.972,3.972,3.972,0.0,1.0,RACE COURSE ROAD,12.465
race_course_road,Race Course Road,8148.0,30047.19,32448.002,3.972,3.972,3.972,0.0,1.0,RACE COURSE ROAD,12.666
race_course_road,Race Course Road,8150.0,30045.872,32446.498,3.972,3.972,3.972,0.0,1.0,RACE COURSE ROAD,12.747
race_course_road,Race Course Road,8152.0,30044.556,32444.991,3.997,3.997,3.972,0.0,1.0,RACE COURSE ROAD,12.825
race_course_road,Race Course Road,8154.0,30043.241,32443.485,3.972,3.972,3.972,0.0,1.0,RACE COURSE ROAD,12.904
race_course_road,Race Course Road,8156.0,30041.925,32441.979,3.997,3.997,3.972,,,RACE COURSE ROAD,12.982
race_course_road,Race Course Road,8158.0,30040.61,32440.472,3.972,3.972,3.972,,,RACE COURSE ROAD,13.061
race_course_road,Race Course Road,8160.0,30039.369,32438.908,4.508,3.972,3.972,,,RACE COURSE ROAD,13.045
race_course_road,Race Course Road,8162.0,30038.239,32437.258,4.675,3.972,3.972,,,RACE COURSE ROAD,12.888
race_course_road,Race Course Road,8164.0,30037.109,32435.607,4.675,3.972,3.972,,,RACE COURSE ROAD,12.732
race_course_road,Race Course Road,8166.0,30035.979,32433.957,3.972,3.972,3.972,,,RACE COURSE ROAD,12.575
race_course_road,Race Course Road,8168.0,30034.85,32432.307,3.972,3.972,3.972,,,RACE COURSE ROAD,12.419
race_course_road,Race Course Road,8170.0,30033.72,32430.656,3.972,3.972,3.972,,,RACE COURSE ROAD,12.262
race_course_road,Race Course Road,8172.0,30032.59,32429.006,3.972,3.972,3.972,0.0,1.0,RACE COURSE ROAD,12.106
race_course_road,Race Course Road,8174.0,30031.383,32427.412,3.972,3.972,3.972,0.0,1.0,RACE COURSE ROAD,12.045
race_course_road,Race Course Road,8176.0,30030.165,32425.825,3.972,3.972,3.972,-0.625,1.0,RACE COURSE ROAD,11.997
race_course_road,Race Course Road,8178.0,30028.947,32424.239,3.972,3.972,3.972,-0.625,1.0,RACE COURSE ROAD,11.949
race_course_road,Race Course Road,8180.0,30027.748,32422.639,3.922,3.922,3.922,-0.625,1.0,RACE COURSE ROAD,11.878
race_course_road,Race Course Road,8182.0,30026.573,32421.02,3.872,3.872,3.922,,,RACE COURSE ROAD,11.777
race_course_road,Race Course Road,8184.0,30025.398,32419.402,3.822,3.822,3.922,,,RACE COURSE ROAD,11.676
race_course_road,Race Course Road,8186.0,30024.223,32417.783,3.822,4.083,4.083,,,RACE COURSE ROAD,11.574
race_course_road,Race Course Road,8188.0,30023.048,32416.165,3.822,4.344,4.344,,,RACE COURSE ROAD,11.473
race_course_road,Race Course Road,8190.0,30021.839,32414.572,3.822,4.604,4.604,,,RACE COURSE ROAD,11.414
race_course_road,Race Course Road,8192.0,30020.623,32412.984,3.797,4.716,4.66,,,RACE COURSE ROAD,11.363
race_course_road,Race Course Road,8194.0,30019.408,32411.395,3.822,4.828,4.66,,,RACE COURSE ROAD,11.312
race_course_road,Race Course Road,8196.0,30018.192,32409.807,6.462,4.66,4.66,,,RACE COURSE ROAD,11.261
race_course_road,Race Course Road,8198.0,30016.977,32408.219,6.462,4.493,4.493,,,RACE COURSE ROAD,11.211
race_course_road,Race Course Road,8200.0,30015.758,32406.633,6.462,4.325,4.325,,,RACE COURSE ROAD,11.164
race_course_road,Race Course Road,8202.0,30014.538,32405.049,6.478,4.157,4.157,,,RACE COURSE ROAD,11.119
race_course_road,Race Course Road,8204.0,30013.317,32403.464,3.822,3.99,3.99,,,RACE COURSE ROAD,11.074
race_course_road,Race Course Road,8206.0,30012.097,32401.879,3.822,3.822,3.822,,,RACE COURSE ROAD,11.03
race_course_road,Race Course Road,8208.0,30010.876,32400.295,3.822,3.822,3.822,,,RACE COURSE ROAD,10.985
race_course_road,Race Course Road,8210.0,30009.656,32398.71,3.822,3.822,3.822,0.0,1.0,RACE COURSE ROAD,10.94
race_course_road,Race Course Road,8212.0,30008.436,32397.126,3.822,3.822,3.822,1.433,1.0,RACE COURSE ROAD,10.896
race_course_road,Race Course Road,8214.0,30007.215,32395.541,3.822,3.822,3.822,1.433,1.0,RACE COURSE ROAD,10.851
race_course_road,Race Course Road,8216.0,30005.995,32393.957,3.937,3.937,3.937,,,RACE COURSE ROAD,10.806
race_course_road,Race Course Road,8218.0,30004.775,32392.372,3.937,3.937,3.937,,,RACE COURSE ROAD,10.761
race_course_road,Race Course Road,8220.0,30003.554,32390.788,3.937,4.161,4.161,,,RACE COURSE ROAD,10.717
race_course_road,Race Course Road,8222.0,30002.334,32389.203,3.937,4.386,4.386,,,RACE COURSE ROAD,10.672
race_course_road,Race Course Road,8224.0,30001.114,32387.619,4.842,4.611,4.611,,,RACE COURSE ROAD,10.627
race_course_road,Race Course Road,8226.0,29999.917,32386.017,4.948,4.742,4.742,,,RACE COURSE ROAD,10.553
race_course_road,Race Course Road,8228.0,29998.74,32384.399,5.185,4.873,4.742,,,RACE COURSE ROAD,10.454
race_course_road,Race Course Road,8230.0,29997.564,32382.782,4.798,4.798,4.742,,,RACE COURSE ROAD,10.354
race_course_road,Race Course Road,8232.0,29996.387,32381.165,4.81,4.556,4.556,,,RACE COURSE ROAD,10.255
race_course_road,Race Course Road,8234.0,29995.211,32379.547,5.129,4.313,4.313,-8.71,1.0,RACE COURSE ROAD,10.156
race_course_road,Race Course Road,8236.0,29994.035,32377.929,4.842,4.071,4.071,,,RACE COURSE ROAD,10.055
race_course_road,Race Course Road,8238.0,29992.865,32376.308,3.828,3.828,4.045,,,RACE COURSE ROAD,9.948
race_course_road,Race Course Road,8240.0,29991.694,32374.686,3.812,3.812,3.87,,,RACE COURSE ROAD,9.841
race_course_road,Race Course Road,8242.0,29990.524,32373.064,4.045,4.045,3.828,-4.375,1.0,RACE COURSE ROAD,9.734
race_course_road,Race Course Road,8244.0,29989.353,32371.442,4.003,3.87,3.812,-2.187,1.0,RACE COURSE ROAD,9.628
race_course_road,Race Course Road,8246.0,29988.183,32369.821,3.695,3.695,3.695,-1.875,1.0,RACE COURSE ROAD,9.521
race_course_road,Race Course Road,8248.0,29987.012,32368.199,3.695,3.695,3.695,-1.042,1.0,RACE COURSE ROAD,9.414
race_course_road,Race Course Road,8250.0,29985.842,32366.577,3.678,3.678,3.678,-0.208,1.0,RACE COURSE ROAD,9.307
race_course_road,Race Course Road,8252.0,29984.671,32364.956,3.662,3.662,3.678,-0.208,1.0,RACE COURSE ROAD,9.2
race_course_road,Race Course Road,8254.0,29983.501,32363.334,3.662,3.662,3.678,,,RACE COURSE ROAD,9.093
race_course_road,Race Course Road,8256.0,29982.33,32361.712,3.678,3.678,3.678,,,RACE COURSE ROAD,8.987
race_course_road,Race Course Road,8258.0,29981.16,32360.09,3.545,3.966,3.966,,,RACE COURSE ROAD,8.88
race_course_road,Race Course Road,8260.0,29979.989,32358.469,4.678,4.253,4.253,,,RACE COURSE ROAD,8.773
race_course_road,Race Course Road,8262.0,29978.819,32356.847,5.178,4.54,4.54,,,RACE COURSE ROAD,8.666
race_course_road,Race Course Road,8280.0,29968.284,32342.252,3.256,4.827,4.827,,,RACE COURSE ROAD,8.17
race_course_road,Race Course Road,8282.0,29967.114,32340.63,3.256,5.114,5.114,,,RACE COURSE ROAD,8.169
race_course_road,Race Course Road,8284.0,29965.943,32339.008,3.268,5.402,5.402,,,RACE COURSE ROAD,8.168
race_course_road,Race Course Road,8286.0,29964.773,32337.387,5.773,5.467,5.467,,,RACE COURSE ROAD,8.167
race_course_road,Race Course Road,8288.0,29963.602,32335.765,5.531,5.531,5.531,,,RACE COURSE ROAD,8.166
race_course_road,Race Course Road,8290.0,29962.432,32334.143,5.581,5.581,5.581,,,RACE COURSE ROAD,8.165
race_course_road,Race Course Road,8292.0,29961.261,32332.521,5.8,5.8,5.582,,,RACE COURSE ROAD,8.164
race_course_road,Race Course Road,8294.0,29960.091,32330.9,5.794,5.794,5.582,,,RACE COURSE ROAD,8.163
race_course_road,Race Course Road,8296.0,29958.92,32329.278,5.894,5.582,5.582,,,RACE COURSE ROAD,8.162
race_course_road,Race Course Road,8298.0,29957.75,32327.656,5.669,5.371,5.371,-7.409,1.0,RACE COURSE ROAD,8.161
race_course_road,Race Course Road,8300.0,29956.625,32326.003,5.263,5.159,5.159,,,RACE COURSE ROAD,8.105
race_course_road,Race Course Road,8302.0,29955.505,32324.346,4.948,4.948,4.99,,,RACE COURSE ROAD,8.042
race_course_road,Race Course Road,8304.0,29954.385,32322.689,4.99,4.99,4.99,,,RACE COURSE ROAD,7.979
race_course_road,Race Course Road,8306.0,29953.265,32321.032,4.848,4.848,4.99,1.458,1.0,RACE COURSE ROAD,7.916
race_course_road,Race Course Road,8308.0,29952.145,32319.375,5.023,5.023,5.023,1.562,1.0,RACE COURSE ROAD,7.854
race_course_road,Race Course Road,8310.0,29951.025,32317.717,5.106,5.106,5.106,2.344,1.0,RACE COURSE ROAD,7.791
race_course_road,Race Course Road,8312.0,29949.905,32316.06,5.281,5.281,5.115,2.005,1.0,RACE COURSE ROAD,7.728
race_course_road,Race Course Road,8314.0,29948.786,32314.403,5.115,5.115,5.177,1.667,1.0,RACE COURSE ROAD,7.665
race_course_road,Race Course Road,8316.0,29947.666,32312.746,4.915,5.177,5.24,,,RACE COURSE ROAD,7.603
race_course_road,Race Course Road,8318.0,29946.546,32311.089,5.24,5.24,5.24,,,RACE COURSE ROAD,7.54
race_course_road,Race Course Road,8320.0,29945.426,32309.432,3.718,5.379,5.379,,,RACE COURSE ROAD,7.477
race_course_road,Race Course Road,8322.0,29944.306,32307.775,5.773,5.517,5.517,,,RACE COURSE ROAD,7.414
race_course_road,Race Course Road,8324.0,29942.983,32306.276,5.656,5.656,5.656,,,RACE COURSE ROAD,7.609
race_course_road,Race Course Road,8326.0,29941.656,32304.78,5.098,5.68,5.68,,,RACE COURSE ROAD,7.808
race_course_road,Race Course Road,8328.0,29940.329,32303.283,5.123,5.704,5.68,,,RACE COURSE ROAD,8.008
race_course_road,Race Course Road,8330.0,29939.001,32301.787,7.748,5.727,5.68,,,RACE COURSE ROAD,8.207
race_course_road,Race Course Road,8332.0,29937.703,32300.266,6.331,5.573,5.573,,,RACE COURSE ROAD,8.369
race_course_road,Race Course Road,8334.0,29936.418,32298.733,5.04,5.419,5.419,-6.441,1.0,RACE COURSE ROAD,8.512
race_course_road,Race Course Road,8336.0,29935.134,32297.2,5.265,5.265,5.265,,,RACE COURSE ROAD,8.655
race_course_road,Race Course Road,8338.0,29933.85,32295.667,5.015,5.015,5.165,,,RACE COURSE ROAD,8.798
race_course_road,Race Course Road,8340.0,29932.566,32294.134,2.731,5.09,5.09,,,RACE COURSE ROAD,8.941
race_course_road,Race Course Road,8342.0,29931.392,32292.518,2.531,5.165,5.037,,,RACE COURSE ROAD,8.946
race_course_road,Race Course Road,8344.0,29930.29,32290.849,5.24,5.037,5.037,,,RACE COURSE ROAD,8.862
race_course_road,Race Course Road,8346.0,29929.188,32289.18,5.148,4.909,4.909,,,RACE COURSE ROAD,8.778
race_course_road,Race Course Road,8348.0,29928.085,32287.511,5.14,4.589,4.589,,,RACE COURSE ROAD,8.694
race_course_road,Race Course Road,8350.0,29926.983,32285.842,5.106,4.268,4.268,,,RACE COURSE ROAD,8.61
race_course_road,Race Course Road,8352.0,29928.157,32287.07,5.148,3.948,3.948,,,RACE COURSE ROAD,8.377
race_course_road,Race Course Road,8354.0,29929.518,32288.535,5.481,3.627,3.627,,,RACE COURSE ROAD,8.133
race_course_road,Race Course Road,8356.0,29930.879,32290.001,-0.094,3.307,3.307,,,RACE COURSE ROAD,7.888
race_course_road,Race Course Road,8358.0,29932.24,32291.466,0.056,2.986,3.102,,,RACE COURSE ROAD,7.643
race_course_road,Race Course Road,8360.0,29933.601,32292.932,-0.082,3.044,3.102,,,RACE COURSE ROAD,7.398
race_course_road,Race Course Road,8362.0,29934.962,32294.397,-0.094,3.102,3.102,,,RACE COURSE ROAD,7.153
race_course_road,Race Course Road,8364.0,29936.323,32295.863,3.593,3.159,3.159,,,RACE COURSE ROAD,6.908
race_course_road,Race Course Road,8366.0,29937.684,32297.328,5.381,3.217,3.217,,,RACE COURSE ROAD,6.664
race_course_road,Race Course Road,8368.0,29939.045,32298.794,5.431,3.275,3.275,,,RACE COURSE ROAD,6.419
race_course_road,Race Course Road,8370.0,29940.406,32300.259,5.331,3.333,3.333,,,RACE COURSE ROAD,6.174
race_course_road,Race Course Road,8372.0,29941.767,32301.725,5.223,3.39,3.39,,,RACE COURSE ROAD,5.929
race_course_road,Race Course Road,8374.0,29943.128,32303.19,6.765,3.448,3.448,,,RACE COURSE ROAD,5.684
race_course_road,Race Course Road,8376.0,29944.489,32304.656,3.506,3.506,3.506,,,RACE COURSE ROAD,5.439
race_course_road,Race Course Road,8378.0,29945.85,32306.121,3.706,3.706,3.506,,,RACE COURSE ROAD,5.195
race_course_road,Race Course Road,8380.0,29947.211,32307.587,3.693,3.693,3.506,-0.781,1.0,RACE COURSE ROAD,4.95
race_course_road,Race Course Road,8382.0,29948.572,32309.052,3.443,3.443,3.443,-0.781,1.0,RACE COURSE ROAD,4.705
race_course_road,Race Course Road,8384.0,29949.933,32310.518,3.356,3.356,3.443,-0.469,1.0,RACE COURSE ROAD,4.46
race_course_road,Race Course Road,8386.0,29951.294,32311.984,3.406,3.406,3.443,0.469,1.0,RACE COURSE ROAD,4.215
race_course_road,Race Course Road,8388.0,29952.655,32313.449,3.481,3.481,3.468,1.094,1.0,RACE COURSE ROAD,3.97
race_course_road,Race Course Road,8390.0,29954.016,32314.915,3.531,3.531,3.481,,,RACE COURSE ROAD,3.725
race_course_road,Race Course Road,8392.0,29955.377,32316.38,3.468,3.468,3.531,,,RACE COURSE ROAD,3.481
race_course_road,Race Course Road,8394.0,29956.737,32317.846,3.518,3.741,3.741,,,RACE COURSE ROAD,3.236
race_course_road,Race Course Road,8396.0,29958.098,32319.311,3.356,4.013,3.891,,,RACE COURSE ROAD,2.991
race_course_road,Race Course Road,8398.0,29959.459,32320.777,3.306,3.952,3.891,,,RACE COURSE ROAD,2.746
race_course_road,Race Course Road,8400.0,29960.82,32322.242,3.306,3.891,3.891,,,RACE COURSE ROAD,2.501
race_course_road,Race Course Road,8402.0,29962.181,32323.708,6.815,3.83,3.83,,,RACE COURSE ROAD,2.256
race_course_road,Race Course Road,8404.0,29963.542,32325.173,6.831,3.768,3.768,,,RACE COURSE ROAD,2.012
race_course_road,Race Course Road,8406.0,29964.903,32326.639,6.848,3.707,3.707,,,RACE COURSE ROAD,1.767
race_course_road,Race Course Road,8408.0,29966.264,32328.104,6.865,3.646,3.646,,,RACE COURSE ROAD,1.522
race_course_road,Race Course Road,8410.0,29967.625,32329.57,3.381,3.584,3.584,,,RACE COURSE ROAD,1.277
race_course_road,Race Course Road,8412.0,29968.986,32331.035,3.445,3.523,3.523,,,RACE COURSE ROAD,1.032
race_course_road,Race Course Road,8414.0,29970.347,32332.501,3.462,3.462,3.462,,,RACE COURSE ROAD,0.787
race_course_road,Race Course Road,8416.0,29971.708,32333.966,3.445,3.445,3.462,,,RACE COURSE ROAD,0.543
race_course_road,Race Course Road,8418.0,29973.069,32335.432,3.445,3.445,3.462,0.0,1.0,RACE COURSE ROAD,0.298
race_course_road,Race Course Road,8420.0,29974.43,32336.897,3.462,3.462,3.462,0.208,1.0,RACE COURSE ROAD,0.053
race_course_road,Race Course Road,8422.0,29975.791,32338.363,3.462,3.462,3.462,0.208,1.0,RACE COURSE ROAD,0.192
race_course_road,Race Course Road,8424.0,29977.152,32339.828,3.478,3.478,3.478,0.365,1.0,RACE COURSE ROAD,0.437
race_course_road,Race Course Road,8426.0,29978.513,32341.294,3.478,3.478,3.478,0.521,1.0,RACE COURSE ROAD,0.682
race_course_road,Race Course Road,8428.0,29979.874,32342.759,6.042,3.491,3.491,0.469,1.0,RACE COURSE ROAD,0.926
race_course_road,Race Course Road,8430.0,29981.235,32344.225,6.054,3.503,3.503,0.625,1.0,RACE COURSE ROAD,1.138
race_course_road,Race Course Road,8432.0,29982.596,32345.69,6.067,3.516,3.516,0.885,1.0,RACE COURSE ROAD,1.278
race_course_road,Race Course Road,8434.0,29983.957,32347.156,3.528,3.528,3.528,3.437,1.0,RACE COURSE ROAD,1.417
race_course_road,Race Course Road,8436.0,29985.318,32348.622,3.562,3.562,3.562,3.281,1.0,RACE COURSE ROAD,1.557
race_course_road,Race Course Road,8438.0,29986.679,32350.087,3.778,3.778,3.778,3.125,1.0,RACE COURSE ROAD,1.696
race_course_road,Race Course Road,8440.0,29988.04,32351.553,3.778,3.778,3.778,5.004,1.0,RACE COURSE ROAD,1.836
race_course_road,Race Course Road,8442.0,29989.401,32353.018,3.778,3.778,3.778,6.884,1.0,RACE COURSE ROAD,1.975
race_course_road,Race Course Road,8444.0,29990.762,32354.484,3.812,4.054,4.054,6.884,1.0,RACE COURSE ROAD,2.115
race_course_road,Race Course Road,8446.0,29992.123,32355.949,4.329,4.329,4.329,6.884,1.0,RACE COURSE ROAD,2.254
race_course_road,Race Course Road,8448.0,29993.484,32357.415,4.508,4.508,4.329,,,RACE COURSE ROAD,2.394
race_course_road,Race Course Road,8450.0,29994.845,32358.88,4.508,4.508,4.329,,,RACE COURSE ROAD,2.533
race_course_road,Race Course Road,8452.0,29996.206,32360.346,4.758,4.28,4.28,-3.478,1.0,RACE COURSE ROAD,2.672
race_course_road,Race Course Road,8454.0,29997.567,32361.811,4.172,4.051,4.051,,,RACE COURSE ROAD,2.812
race_course_road,Race Course Road,8456.0,29998.928,32363.277,3.822,3.822,4.051,,,RACE COURSE ROAD,2.951
race_course_road,Race Course Road,8458.0,30000.289,32364.742,3.822,3.976,4.051,,,RACE COURSE ROAD,3.091
race_course_road,Race Course Road,8460.0,30001.65,32366.208,3.672,4.129,4.129,,,RACE COURSE ROAD,3.23
race_course_road,Race Course Road,8462.0,30003.011,32367.673,3.672,4.531,4.531,,,RACE COURSE ROAD,3.37
race_course_road,Race Course Road,8464.0,30004.372,32369.139,3.672,4.932,4.932,,,RACE COURSE ROAD,3.509
race_course_road,Race Course Road,8466.0,30005.733,32370.604,3.672,5.333,5.333,,,RACE COURSE ROAD,3.649
race_course_road,Race Course Road,8476.0,30012.537,32377.932,7.512,5.735,5.735,,,RACE COURSE ROAD,4.346
race_course_road,Race Course Road,8478.0,30013.898,32379.397,7.495,6.136,6.136,,,RACE COURSE ROAD,4.486
race_course_road,Race Course Road,8480.0,30015.259,32380.863,7.47,6.537,6.537,,,RACE COURSE ROAD,4.625
race_course_road,Race Course Road,8482.0,30016.62,32382.328,7.212,6.938,6.537,,,RACE COURSE ROAD,4.764
race_course_road,Race Course Road,8484.0,30017.981,32383.794,6.978,6.66,6.537,,,RACE COURSE ROAD,4.904
race_course_road,Race Course Road,8486.0,30019.342,32385.26,5.812,6.382,6.382,,,RACE COURSE ROAD,5.043
race_course_road,Race Course Road,8488.0,30020.703,32386.725,5.845,6.103,6.103,,,RACE COURSE ROAD,5.183
race_course_road,Race Course Road,8490.0,30022.064,32388.191,5.795,6.099,6.103,,,RACE COURSE ROAD,5.322
race_course_road,Race Course Road,8492.0,30023.425,32389.656,6.062,6.095,6.103,,,RACE COURSE ROAD,5.462
race_course_road,Race Course Road,8494.0,30024.786,32391.122,6.395,6.395,6.395,,,RACE COURSE ROAD,5.601
race_course_road,Race Course Road,8496.0,30026.147,32392.587,6.504,6.504,6.504,,,RACE COURSE ROAD,5.741
race_course_road,Race Course Road,8498.0,30027.508,32394.053,6.585,6.585,6.51,1.441,1.0,RACE COURSE ROAD,5.88
race_course_road,Race Course Road,8500.0,30028.869,32395.518,6.51,6.51,6.51,-1.988,1.0,RACE COURSE ROAD,6.019
race_course_road,Race Course Road,8502.0,30030.23,32396.984,6.51,6.51,6.51,-3.85,1.0,RACE COURSE ROAD,6.159
race_course_road,Race Course Road,8504.0,30031.591,32398.449,6.345,6.345,6.345,-5.712,1.0,RACE COURSE ROAD,6.298
race_course_road,Race Course Road,8506.0,30032.952,32399.915,5.92,6.199,6.199,-5.906,1.0,RACE COURSE ROAD,6.438
race_course_road,Race Course Road,8508.0,30034.313,32401.38,6.053,6.053,6.053,-6.1,1.0,RACE COURSE ROAD,6.577
race_course_road,Race Course Road,8510.0,30035.674,32402.846,6.27,5.874,5.874,,,RACE COURSE ROAD,6.717
race_course_road,Race Course Road,8512.0,30037.035,32404.311,5.695,5.695,5.857,,,RACE COURSE ROAD,6.856
race_course_road,Race Course Road,8514.0,30038.396,32405.777,5.687,5.687,5.857,,,RACE COURSE ROAD,6.996
race_course_road,Race Course Road,8516.0,30039.757,32407.242,4.728,5.857,5.857,,,RACE COURSE ROAD,7.135
race_course_road,Race Course Road,8518.0,30041.118,32408.708,6.928,6.027,6.027,,,RACE COURSE ROAD,7.275
race_course_road,Race Course Road,8520.0,30042.479,32410.173,4.728,6.198,6.198,,,RACE COURSE ROAD,7.414
race_course_road,Race Course Road,8522.0,30043.84,32411.639,4.728,6.368,6.368,,,RACE COURSE ROAD,7.553
race_course_road,Race Course Road,8524.0,30045.201,32413.104,7.842,6.538,6.538,,,RACE COURSE ROAD,7.693
race_course_road,Race Course Road,8526.0,30046.562,32414.57,6.985,6.709,6.709,,,RACE COURSE ROAD,7.832
race_course_road,Race Course Road,8528.0,30047.923,32416.035,6.879,6.879,6.879,,,RACE COURSE ROAD,7.972
race_course_road,Race Course Road,8530.0,30049.284,32417.501,6.879,6.879,6.879,,,RACE COURSE ROAD,8.111
race_course_road,Race Course Road,8532.0,30050.645,32418.966,11.592,6.89,6.89,,,RACE COURSE ROAD,8.251
race_course_road,Race Course Road,8534.0,30052.006,32420.432,4.745,6.901,6.901,,,RACE COURSE ROAD,8.39
race_course_road,Race Course Road,8536.0,30053.367,32421.898,6.912,7.057,7.057,,,RACE COURSE ROAD,8.53
race_course_road,Race Course Road,8538.0,30054.728,32423.363,6.895,7.29,7.29,,,RACE COURSE ROAD,8.669
race_course_road,Race Course Road,8540.0,30056.089,32424.829,3.822,7.558,7.558,,,RACE COURSE ROAD,8.809
race_course_road,Race Course Road,8542.0,30057.45,32426.294,3.622,7.826,7.826,,,RACE COURSE ROAD,8.948
race_course_road,Race Course Road,8544.0,30058.811,32427.76,8.612,8.125,8.125,,,RACE COURSE ROAD,9.087
race_course_road,Race Course Road,8546.0,30060.172,32429.225,8.578,8.424,8.424,,,RACE COURSE ROAD,9.227
race_course_road,Race Course Road,8548.0,30061.533,32430.691,7.195,8.723,8.723,,,RACE COURSE ROAD,9.366
race_course_road,Race Course Road,8550.0,30062.893,32432.156,11.192,9.021,9.021,,,RACE COURSE ROAD,9.506
race_course_road,Race Course Road,8552.0,30064.254,32433.622,9.09,9.32,9.32,,,RACE COURSE ROAD,9.645
race_course_road,Race Course Road,8554.0,30065.615,32435.087,8.545,9.619,9.619,,,RACE COURSE ROAD,9.785
race_course_road,Race Course Road,8556.0,30066.976,32436.553,9.89,9.918,9.918,,,RACE COURSE ROAD,9.924
race_course_road,Race Course Road,8558.0,30068.337,32438.018,10.185,10.185,10.119,,,RACE COURSE ROAD,10.064
race_course_road,Race Course Road,8560.0,30069.698,32439.484,10.16,10.16,10.119,,,RACE COURSE ROAD,10.203
race_course_road,Race Course Road,8562.0,30071.059,32440.949,4.385,10.119,10.119,-2.491,1.0,RACE COURSE ROAD,10.342
race_course_road,Race Course Road,8564.0,30072.42,32442.415,10.078,10.078,10.078,-2.596,1.0,RACE COURSE ROAD,10.482
race_course_road,Race Course Road,8566.0,30073.781,32443.88,9.92,9.92,9.92,,,RACE COURSE ROAD,10.621
race_course_road,Race Course Road,8568.0,30075.142,32445.346,9.912,9.912,9.912,,,RACE COURSE ROAD,10.761
race_course_road,Race Course Road,8570.0,30076.503,32446.811,9.467,9.802,9.802,,,RACE COURSE ROAD,10.9
race_course_road,Race Course Road,8572.0,30077.864,32448.277,9.135,9.693,9.693,,,RACE COURSE ROAD,11.04
race_course_road,Race Course Road,8574.0,30079.225,32449.742,9.523,9.583,9.583,,,RACE COURSE ROAD,11.179
race_course_road,Race Course Road,8576.0,30080.586,32451.208,10.279,9.473,9.473,,,RACE COURSE ROAD,11.319
race_course_road,Race Course Road,8578.0,30081.947,32452.673,9.185,9.364,9.364,,,RACE COURSE ROAD,11.458
race_course_road,Race Course Road,8580.0,30083.308,32454.139,9.254,9.254,9.364,,,RACE COURSE ROAD,11.597
race_course_road,Race Course Road,8582.0,30084.669,32455.604,9.204,9.204,9.364,,,RACE COURSE ROAD,11.737
race_course_road,Race Course Road,8584.0,30086.03,32457.07,9.242,9.388,9.388,,,RACE COURSE ROAD,11.876
race_course_road,Race Course Road,8586.0,30087.391,32458.536,8.867,9.765,9.765,,,RACE COURSE ROAD,12.016
race_course_road,Race Course Road,8588.0,30088.752,32460.001,8.879,10.142,10.142,,,RACE COURSE ROAD,12.155
race_course_road,Race Course Road,8590.0,30090.113,32461.467,8.91,10.589,10.589,,,RACE COURSE ROAD,12.295
race_course_road,Race Course Road,8592.0,30091.474,32462.932,10.335,11.036,11.036,,,RACE COURSE ROAD,12.434
race_course_road,Race Course Road,8594.0,30092.835,32464.398,13.348,11.484,11.484,,,RACE COURSE ROAD,12.574
race_course_road,Race Course Road,8596.0,30094.196,32465.863,13.26,11.931,11.931,,,RACE COURSE ROAD,12.713
race_course_road,Race Course Road,8598.0,30095.557,32467.329,13.523,12.378,12.378,,,RACE COURSE ROAD,12.853
race_course_road,Race Course Road,8600.0,30096.918,32468.794,13.567,12.826,12.826,,,RACE COURSE ROAD,12.992
race_course_road,Race Course Road,8602.0,30098.279,32470.26,13.273,13.273,12.835,,,RACE COURSE ROAD,13.131
race_course_road,Race Course Road,8604.0,30099.64,32471.725,16.517,13.141,12.835,,,RACE COURSE ROAD,13.271
race_course_road,Race Course Road,8606.0,30101.001,32473.191,15.11,12.835,12.835,,,RACE COURSE ROAD,13.41
race_course_road,Race Course Road,8608.0,30102.362,32474.656,13.798,12.529,12.529,,,RACE COURSE ROAD,13.55
race_course_road,Race Course Road,8610.0,30103.723,32476.122,12.567,12.164,12.164,,,RACE COURSE ROAD,13.689
race_course_road,Race Course Road,8612.0,30105.084,32477.587,10.129,11.799,11.799,,,RACE COURSE ROAD,13.829
race_course_road,Race Course Road,8614.0,30106.445,32479.053,10.817,11.435,11.435,,,RACE COURSE ROAD,13.968
race_course_road,Race Course Road,8616.0,30107.806,32480.518,11.954,,11.07,,,RACE COURSE ROAD,14.108
race_course_road,Race Course Road,8618.0,30109.167,32481.984,9.86,,10.706,,,RACE COURSE ROAD,14.247
race_course_road,Race Course Road,8620.0,30110.528,32483.449,11.917,10.341,10.341,,,RACE COURSE ROAD,14.386
race_course_road,Race Course Road,8622.0,30111.889,32484.915,11.11,9.977,9.977,,,RACE COURSE ROAD,14.526
race_course_road,Race Course Road,8624.0,30113.25,32486.38,9.61,9.612,9.612,,,RACE COURSE ROAD,14.665
race_course_road,Race Course Road,8626.0,30114.611,32487.846,9.76,9.248,9.248,,,RACE COURSE ROAD,14.805
race_course_road,Race Course Road,8628.0,30115.972,32489.311,9.623,8.754,8.754,,,RACE COURSE ROAD,14.944
race_course_road,Race Course Road,8630.0,30117.332,32490.777,11.242,8.26,8.26,,,RACE COURSE ROAD,15.084
race_course_road,Race Course Road,8632.0,30118.693,32492.242,5.775,7.765,7.765,,,RACE COURSE ROAD,15.223
race_course_road,Race Course Road,8670.0,30144.552,32520.087,6.222,7.271,7.271,,,RACE COURSE ROAD,20.306
race_course_road,Race Course Road,8672.0,30145.913,32521.553,5.96,6.777,6.777,,,RACE COURSE ROAD,20.715
race_course_road,Race Course Road,8674.0,30147.274,32523.018,6.047,6.283,6.283,,,RACE COURSE ROAD,21.123
race_course_road,Race Course Road,8676.0,30148.635,32524.484,4.835,5.789,5.789,,,RACE COURSE ROAD,21.532
race_course_road,Race Course Road,8678.0,30149.996,32525.949,5.147,5.53,5.53,,,RACE COURSE ROAD,21.94
race_course_road,Race Course Road,8680.0,30151.357,32527.415,5.272,5.272,5.272,,,RACE COURSE ROAD,22.349
race_course_road,Race Course Road,8682.0,30152.718,32528.88,4.622,5.019,5.019,,,RACE COURSE ROAD,22.757
race_course_road,Race Course Road,8684.0,30154.079,32530.346,5.147,4.765,4.765,,,RACE COURSE ROAD,23.165
race_course_road,Race Course Road,8686.0,30155.44,32531.811,5.622,4.511,4.511,,,RACE COURSE ROAD,23.574
race_course_road,Race Course Road,8688.0,30156.801,32533.277,7.306,4.258,4.258,,,RACE COURSE ROAD,23.982
race_course_road,Race Course Road,9046.0,30400.415,32795.605,3.817,4.004,4.004,,,RACE COURSE ROAD,16.927
race_course_road,Race Course Road,9048.0,30401.776,32797.071,3.75,3.75,3.844,,,RACE COURSE ROAD,16.711
race_course_road,Race Course Road,9050.0,30403.137,32798.536,3.844,3.844,3.816,,,RACE COURSE ROAD,16.496
race_course_road,Race Course Road,9052.0,30404.498,32800.002,3.816,3.816,3.803,-0.821,1.0,RACE COURSE ROAD,16.281
race_course_road,Race Course Road,9054.0,30405.859,32801.467,3.778,3.778,3.803,-3.093,1.0,RACE COURSE ROAD,16.065
race_course_road,Race Course Road,9056.0,30407.22,32802.933,3.803,3.803,3.778,-3.426,1.0,RACE COURSE ROAD,15.85
race_course_road,Race Course Road,9058.0,30408.581,32804.398,3.568,3.568,3.568,-3.426,1.0,RACE COURSE ROAD,15.634
race_course_road,Race Course Road,9060.0,30409.942,32805.864,3.529,3.529,3.529,-3.113,1.0,RACE COURSE ROAD,15.419
race_course_road,Race Course Road,9062.0,30411.303,32807.329,3.516,3.516,3.529,-0.569,1.0,RACE COURSE ROAD,15.203
race_course_road,Race Course Road,9064.0,30412.664,32808.795,3.523,3.523,3.529,0.117,1.0,RACE COURSE ROAD,14.988
race_course_road,Race Course Road,9066.0,30414.025,32810.26,3.538,3.538,3.523,0.234,1.0,RACE COURSE ROAD,14.772
race_course_road,Race Course Road,9068.0,30415.386,32811.726,3.548,3.548,3.538,3.177,1.0,RACE COURSE ROAD,14.557
race_course_road,Race Course Road,9070.0,30416.747,32813.191,3.516,3.516,3.548,6.12,1.0,RACE COURSE ROAD,14.342
race_course_road,Race Course Road,9072.0,30418.108,32814.657,3.523,3.764,3.764,,,RACE COURSE ROAD,14.126
race_course_road,Race Course Road,9074.0,30419.469,32816.122,4.012,4.012,4.012,,,RACE COURSE ROAD,13.911
race_course_road,Race Course Road,9076.0,30420.83,32817.588,4.005,4.205,4.205,,,RACE COURSE ROAD,13.695
race_course_road,Race Course Road,9078.0,30422.191,32819.053,4.015,4.459,4.459,,,RACE COURSE ROAD,13.48
race_course_road,Race Course Road,9080.0,30423.552,32820.519,4.015,4.714,4.714,,,RACE COURSE ROAD,13.264
race_course_road,Race Course Road,9082.0,30424.913,32821.984,3.995,5.023,5.023,,,RACE COURSE ROAD,13.049
race_course_road,Race Course Road,9084.0,30426.274,32823.45,3.483,5.333,5.333,,,RACE COURSE ROAD,12.833
race_course_road,Race Course Road,9110.0,30443.966,32842.502,6.383,5.643,5.643,,,RACE COURSE ROAD,10.268
race_course_road,Race Course Road,9112.0,30445.327,32843.967,6.365,5.952,5.952,,,RACE COURSE ROAD,10.098
race_course_road,Race Course Road,9114.0,30446.688,32845.433,6.292,6.262,6.262,,,RACE COURSE ROAD,9.928
race_course_road,Race Course Road,9116.0,30448.049,32846.898,6.235,6.571,6.571,,,RACE COURSE ROAD,9.758
race_course_road,Race Course Road,9118.0,30449.41,32848.364,6.773,6.85,6.85,,,RACE COURSE ROAD,9.588
race_course_road,Race Course Road,9120.0,30450.771,32849.829,6.358,6.874,6.874,,,RACE COURSE ROAD,9.418
race_course_road,Race Course Road,9122.0,30452.132,32851.295,8.717,6.897,6.874,,,RACE COURSE ROAD,9.248
race_course_road,Race Course Road,9124.0,30453.493,32852.76,8.775,6.921,6.874,,,RACE COURSE ROAD,9.078
race_course_road,Race Course Road,9126.0,30454.854,32854.226,9.098,6.717,6.717,,,RACE COURSE ROAD,8.908
race_course_road,Race Course Road,9128.0,30456.215,32855.691,10.666,6.514,6.514,,,RACE COURSE ROAD,8.738
race_course_road,Race Course Road,9130.0,30457.576,32857.157,11.442,6.311,6.311,,,RACE COURSE ROAD,8.568
race_course_road,Race Course Road,9132.0,30458.937,32858.622,9.812,6.057,6.057,,,RACE COURSE ROAD,8.398
race_course_road,Race Course Road,9134.0,30460.298,32860.088,9.632,5.803,5.803,,,RACE COURSE ROAD,8.228
race_course_road,Race Course Road,9136.0,30461.659,32861.553,9.397,5.549,5.549,,,RACE COURSE ROAD,8.058
race_course_road,Race Course Road,9138.0,30463.02,32863.019,4.673,5.295,5.295,,,RACE COURSE ROAD,7.888
race_course_road,Race Course Road,9140.0,30464.381,32864.484,4.477,5.041,5.041,,,RACE COURSE ROAD,7.719
race_course_road,Race Course Road,9142.0,30465.742,32865.95,4.787,4.787,4.887,,,RACE COURSE ROAD,7.549
race_course_road,Race Course Road,9144.0,30467.103,32867.416,4.805,4.805,4.805,,,RACE COURSE ROAD,7.379
race_course_road,Race Course Road,9146.0,30468.464,32868.881,4.887,4.887,4.787,,,RACE COURSE ROAD,7.209
race_course_road,Race Course Road,9148.0,30469.825,32870.347,4.668,4.668,4.668,,,RACE COURSE ROAD,7.039
race_course_road,Race Course Road,9150.0,30471.186,32871.812,4.185,4.651,4.651,,,RACE COURSE ROAD,6.871
race_course_road,Race Course Road,9152.0,30472.547,32873.278,5.052,4.635,4.635,-0.827,1.0,RACE COURSE ROAD,6.73
race_course_road,Race Course Road,9154.0,30473.908,32874.743,5.12,4.618,4.618,,,RACE COURSE ROAD,6.589
race_course_road,Race Course Road,9156.0,30475.269,32876.209,4.602,4.602,4.602,,,RACE COURSE ROAD,6.448
race_course_road,Race Course Road,9158.0,30476.63,32877.674,4.733,4.385,4.385,,,RACE COURSE ROAD,6.306
race_course_road,Race Course Road,9160.0,30477.991,32879.14,4.167,4.167,4.205,,,RACE COURSE ROAD,6.165
race_course_road,Race Course Road,9162.0,30479.352,32880.605,3.826,4.186,4.205,,,RACE COURSE ROAD,6.024
race_course_road,Race Course Road,9164.0,30480.713,32882.071,4.442,4.205,4.205,0.236,1.0,RACE COURSE ROAD,5.883
race_course_road,Race Course Road,9166.0,30482.074,32883.536,4.224,4.224,4.205,,,RACE COURSE ROAD,5.742
race_course_road,Race Course Road,9168.0,30483.435,32885.002,4.205,4.205,4.224,,,RACE COURSE ROAD,5.601
race_course_road,Race Course Road,9170.0,30484.796,32886.467,4.049,4.505,4.505,10.372,2.0,RACE COURSE ROAD,5.46
race_course_road,Race Course Road,9172.0,30486.157,32887.933,4.804,4.804,4.804,,,RACE COURSE ROAD,5.319
race_course_road,Race Course Road,9174.0,30487.518,32889.398,5.035,5.035,5.035,,,RACE COURSE ROAD,5.178
race_course_road,Race Course Road,9176.0,30488.879,32890.864,4.928,5.229,5.229,8.945,2.0,RACE COURSE ROAD,5.037
race_course_road,Race Course Road,9178.0,30490.24,32892.329,5.424,5.424,5.424,,,RACE COURSE ROAD,4.896
race_course_road,Race Course Road,9180.0,30491.6,32893.795,5.519,5.519,5.519,,,RACE COURSE ROAD,4.755
race_course_road,Race Course Road,9182.0,30492.961,32895.26,5.557,5.767,5.767,7.383,1.0,RACE COURSE ROAD,4.614
race_course_road,Race Course Road,9184.0,30494.322,32896.726,6.014,6.014,6.014,6.185,1.0,RACE COURSE ROAD,4.472
race_course_road,Race Course Road,9186.0,30495.683,32898.191,6.053,6.053,6.014,,,RACE COURSE ROAD,4.331
race_course_road,Race Course Road,9188.0,30497.044,32899.657,6.139,6.139,6.014,,,RACE COURSE ROAD,4.19
race_course_road,Race Course Road,9190.0,30498.405,32901.122,5.983,5.983,5.983,-4.526,1.0,RACE COURSE ROAD,4.049
race_course_road,Race Course Road,9192.0,30499.766,32902.588,6.086,5.818,5.818,-4.916,1.0,RACE COURSE ROAD,3.908
race_course_road,Race Course Road,9194.0,30501.127,32904.054,5.652,5.652,5.652,,,RACE COURSE ROAD,3.767
race_course_road,Race Course Road,9196.0,30502.488,32905.519,5.621,5.621,5.621,,,RACE COURSE ROAD,3.626
race_course_road,Race Course Road,9198.0,30503.849,32906.985,5.658,5.374,5.374,,,RACE COURSE ROAD,3.485
race_course_road,Race Course Road,9200.0,30505.21,32908.45,5.128,5.128,5.128,,,RACE COURSE ROAD,3.344
race_course_road,Race Course Road,9202.0,30506.571,32909.916,5.119,4.901,4.901,,,RACE COURSE ROAD,3.203
race_course_road,Race Course Road,9204.0,30507.932,32911.381,3.573,4.675,4.675,,,RACE COURSE ROAD,3.062
race_course_road,Race Course Road,9206.0,30509.293,32912.847,3.573,4.448,4.448,,,RACE COURSE ROAD,2.921
race_course_road,Race Course Road,9208.0,30510.654,32914.312,3.573,4.221,4.377,,,RACE COURSE ROAD,2.779
race_course_road,Race Course Road,9210.0,30512.015,32915.778,4.87,4.299,4.377,,,RACE COURSE ROAD,2.638
race_course_road,Race Course Road,9212.0,30513.376,32917.243,9.993,4.377,4.377,,,RACE COURSE ROAD,2.497
race_course_road,Race Course Road,9214.0,30514.737,32918.709,8.733,4.455,4.455,,,RACE COURSE ROAD,2.356
race_course_road,Race Course Road,9216.0,30516.098,32920.174,5.437,4.532,4.532,,,RACE COURSE ROAD,2.215
race_course_road,Race Course Road,9218.0,30517.459,32921.64,9.081,4.61,4.61,,,RACE COURSE ROAD,2.074
race_course_road,Race Course Road,9220.0,30518.82,32923.105,9.915,4.688,4.688,,,RACE COURSE ROAD,1.933
race_course_road,Race Course Road,9222.0,30520.181,32924.571,4.876,4.766,4.766,,,RACE COURSE ROAD,1.792
race_course_road,Race Course Road,9224.0,30521.542,32926.036,5.365,4.843,4.778,,,RACE COURSE ROAD,1.651
race_course_road,Race Course Road,9226.0,30522.903,32927.502,4.978,4.811,4.778,,,RACE COURSE ROAD,1.51
race_course_road,Race Course Road,9228.0,30524.264,32928.967,4.778,4.778,4.778,,,RACE COURSE ROAD,1.369
race_course_road,Race Course Road,9230.0,30525.625,32930.433,4.397,4.517,4.517,,,RACE COURSE ROAD,1.228
race_course_road,Race Course Road,9232.0,30526.986,32931.898,5.09,4.256,4.256,,,RACE COURSE ROAD,1.086
race_course_road,Race Course Road,9234.0,30528.347,32933.364,4.67,3.995,3.995,,,RACE COURSE ROAD,0.945
race_course_road,Race Course Road,9236.0,30529.708,32934.829,4.67,3.734,3.734,,,RACE COURSE ROAD,0.804
race_course_road,Race Course Road,9238.0,30531.069,32936.295,3.473,3.473,3.656,,,RACE COURSE ROAD,0.663
race_course_road,Race Course Road,9240.0,30532.43,32937.76,3.473,3.473,3.656,,,RACE COURSE ROAD,0.522
race_course_road,Race Course Road,9242.0,30533.791,32939.226,3.473,3.656,3.656,,,RACE COURSE ROAD,0.381
race_course_road,Race Course Road,9244.0,30535.152,32940.692,3.838,3.838,3.838,3.783,1.0,RACE COURSE ROAD,0.24
race_course_road,Race Course Road,9246.0,30536.513,32942.157,4.151,3.995,3.958,,,RACE COURSE ROAD,0.099
race_course_road,Race Course Road,9248.0,30537.874,32943.623,4.151,4.151,3.958,,,RACE COURSE ROAD,0.042
race_course_road,Race Course Road,9250.0,30539.235,32945.088,4.626,3.958,3.958,,,RACE COURSE ROAD,0.183
race_course_road,Race Course Road,9252.0,30540.596,32946.554,3.523,3.765,3.765,-4.818,1.0,RACE COURSE ROAD,0.324
race_course_road,Race Course Road,9254.0,30541.957,32948.019,3.573,3.573,3.573,,,RACE COURSE ROAD,0.465
race_course_road,Race Course Road,9256.0,30543.318,32949.485,3.573,3.573,3.573,,,RACE COURSE ROAD,0.606
race_course_road,Race Course Road,9258.0,30544.679,32950.95,3.573,3.573,3.573,0.0,1.0,RACE COURSE ROAD,0.748
race_course_road,Race Course Road,9260.0,30546.039,32952.416,3.573,3.573,3.573,0.0,1.0,RACE COURSE ROAD,0.889
race_course_road,Race Course Road,9262.0,30547.4,32953.881,3.523,3.523,3.573,0.0,1.0,RACE COURSE ROAD,1.03
race_course_road,Race Course Road,9264.0,30548.761,32955.347,3.573,3.573,3.573,0.0,1.0,RACE COURSE ROAD,1.171
race_course_road,Race Course Road,9266.0,30550.122,32956.812,3.573,3.573,3.573,0.0,1.0,RACE COURSE ROAD,1.312
race_course_road,Race Course Road,9268.0,30551.483,32958.278,3.573,3.573,3.573,0.0,1.0,RACE COURSE ROAD,1.453
race_course_road,Race Course Road,9270.0,30552.844,32959.743,3.573,3.573,3.573,0.0,1.0,RACE COURSE ROAD,1.594
race_course_road,Race Course Road,9272.0,30554.205,32961.209,3.573,3.573,3.573,0.0,1.0,RACE COURSE ROAD,1.735
race_course_road,Race Course Road,9274.0,30555.566,32962.674,3.573,3.573,3.573,,,RACE COURSE ROAD,1.876
race_course_road,Race Course Road,9276.0,30556.927,32964.14,3.573,3.573,3.573,,,RACE COURSE ROAD,2.017
race_course_road,Race Course Road,9278.0,30558.288,32965.605,3.573,3.751,3.751,,,RACE COURSE ROAD,2.158
race_course_road,Race Course Road,9280.0,30559.649,32967.071,3.573,3.93,3.93,,,RACE COURSE ROAD,2.299
race_course_road,Race Course Road,9282.0,30561.01,32968.536,3.623,4.218,4.218,,,RACE COURSE ROAD,2.441
race_course_road,Race Course Road,9284.0,30562.371,32970.002,3.623,4.505,4.505,,,RACE COURSE ROAD,2.582
race_course_road,Race Course Road,9286.0,30563.732,32971.467,6.224,4.793,4.793,,,RACE COURSE ROAD,2.723
race_course_road,Race Course Road,9288.0,30565.093,32972.933,6.381,5.081,5.081,,,RACE COURSE ROAD,2.864
race_course_road,Race Course Road,9290.0,30566.454,32974.398,6.349,5.16,5.16,,,RACE COURSE ROAD,3.005
race_course_road,Race Course Road,9292.0,30567.815,32975.864,5.395,5.239,5.239,,,RACE COURSE ROAD,3.146
race_course_road,Race Course Road,9294.0,30569.176,32977.33,5.318,5.318,5.318,,,RACE COURSE ROAD,3.287
race_course_road,Race Course Road,9296.0,30570.537,32978.795,5.987,5.355,5.355,,,RACE COURSE ROAD,3.428
race_course_road,Race Course Road,9298.0,30571.898,32980.261,5.868,5.393,5.393,,,RACE COURSE ROAD,3.569
race_course_road,Race Course Road,9300.0,30573.259,32981.726,5.43,5.43,5.43,,,RACE COURSE ROAD,3.71
race_course_road,Race Course Road,9302.0,30574.62,32983.192,5.78,5.505,5.505,,,RACE COURSE ROAD,3.851
race_course_road,Race Course Road,9304.0,30575.981,32984.657,5.58,5.58,5.505,,,RACE COURSE ROAD,3.992
race_course_road,Race Course Road,9306.0,30577.342,32986.123,5.58,5.58,5.505,,,RACE COURSE ROAD,4.134
race_course_road,Race Course Road,9308.0,30578.703,32987.588,5.555,5.405,5.405,,,RACE COURSE ROAD,4.275
race_course_road,Race Course Road,9310.0,30580.064,32989.054,5.555,5.165,5.165,,,RACE COURSE ROAD,4.416
race_course_road,Race Course Road,9312.0,30581.425,32990.519,3.323,4.926,4.926,,,RACE COURSE ROAD,4.557
race_course_road,Race Course Road,9314.0,30582.786,32991.985,4.123,4.636,4.636,,,RACE COURSE ROAD,4.698
race_course_road,Race Course Road,9316.0,30584.147,32993.45,3.323,4.346,4.346,,,RACE COURSE ROAD,4.839
race_course_road,Race Course Road,9318.0,30585.508,32994.916,3.323,4.056,4.056,,,RACE COURSE ROAD,4.98
race_course_road,Race Course Road,9320.0,30586.869,32996.381,3.323,3.795,3.795,,,RACE COURSE ROAD,5.121
race_course_road,Race Course Road,9322.0,30588.23,32997.847,3.323,3.534,3.534,,,RACE COURSE ROAD,5.262
race_course_road,Race Course Road,9324.0,30589.591,32999.312,3.273,3.273,3.534,,,RACE COURSE ROAD,5.403
race_course_road,Race Course Road,9326.0,30590.952,33000.778,3.273,3.502,3.534,,,RACE COURSE ROAD,5.544
race_course_road,Race Course Road,9328.0,30592.313,33002.243,3.423,3.732,3.617,,,RACE COURSE ROAD,5.685
race_course_road,Race Course Road,9330.0,30593.674,33003.709,4.93,3.674,3.617,,,RACE COURSE ROAD,5.827
race_course_road,Race Course Road,9332.0,30595.035,33005.174,4.955,3.617,3.617,,,RACE COURSE ROAD,5.968
race_course_road,Race Course Road,9334.0,30596.396,33006.64,5.726,3.56,3.56,,,RACE COURSE ROAD,6.109
race_course_road,Race Course Road,9336.0,30597.757,33008.105,5.726,3.502,3.502,,,RACE COURSE ROAD,6.25
race_course_road,Race Course Road,9338.0,30599.117,33009.571,5.789,3.445,3.445,,,RACE COURSE ROAD,6.391
race_course_road,Race Course Road,9340.0,30600.478,33011.036,6.085,3.387,3.387,,,RACE COURSE ROAD,6.524
race_course_road,Race Course Road,9342.0,30601.839,33012.502,6.03,3.33,3.33,,,RACE COURSE ROAD,6.541
race_course_road,Race Course Road,9344.0,30603.2,33013.967,3.273,3.273,3.323,,,RACE COURSE ROAD,6.559
race_course_road,Race Course Road,9346.0,30604.561,33015.433,3.273,3.273,3.323,,,RACE COURSE ROAD,6.576
race_course_road,Race Course Road,9348.0,30605.922,33016.899,3.323,3.323,3.323,1.25,1.0,RACE COURSE ROAD,6.594
race_course_road,Race Course Road,9350.0,30607.283,33018.364,3.423,3.423,3.423,1.25,1.0,RACE COURSE ROAD,6.611
race_course_road,Race Course Road,9352.0,30608.644,33019.83,3.423,3.423,3.423,0.625,1.0,RACE COURSE ROAD,6.629
race_course_road,Race Course Road,9354.0,30610.005,33021.295,3.423,3.423,3.423,-0.625,1.0,RACE COURSE ROAD,6.647
race_course_road,Race Course Road,9356.0,30611.366,33022.761,3.373,3.373,3.373,-1.25,1.0,RACE COURSE ROAD,6.664
race_course_road,Race Course Road,9358.0,30612.727,33024.226,3.373,3.373,3.373,-1.25,1.0,RACE COURSE ROAD,6.686
race_course_road,Race Course Road,9360.0,30614.088,33025.692,3.323,3.323,3.323,-0.625,1.0,RACE COURSE ROAD,6.71
race_course_road,Race Course Road,9362.0,30615.449,33027.157,3.323,3.323,3.323,,,RACE COURSE ROAD,6.734
race_course_road,Race Course Road,9364.0,30616.81,33028.623,3.323,3.323,3.323,,,RACE COURSE ROAD,6.758
race_course_road,Race Course Road,9366.0,30618.171,33030.088,3.773,3.356,3.356,0.833,1.0,RACE COURSE ROAD,6.782
race_course_road,Race Course Road,9368.0,30619.532,33031.554,3.423,3.389,3.389,,,RACE COURSE ROAD,6.806
race_course_road,Race Course Road,9370.0,30620.893,33033.019,3.423,3.423,3.389,,,RACE COURSE ROAD,6.83
race_course_road,Race Course Road,9372.0,30622.254,33034.485,3.798,3.406,3.406,,,RACE COURSE ROAD,6.854
race_course_road,Race Course Road,9374.0,30623.615,33035.95,3.373,3.389,3.423,,,RACE COURSE ROAD,6.895
race_course_road,Race Course Road,9376.0,30624.976,33037.416,3.373,3.593,3.593,,,RACE COURSE ROAD,6.937
race_course_road,Race Course Road,9378.0,30626.337,33038.881,3.373,3.796,3.796,,,RACE COURSE ROAD,6.994
race_course_road,Race Course Road,9380.0,30627.698,33040.347,4.0,4.0,4.0,,,RACE COURSE ROAD,7.117
race_course_road,Race Course Road,9382.0,30629.059,33041.812,3.837,4.124,4.124,,,RACE COURSE ROAD,7.239
race_course_road,Race Course Road,9384.0,30630.42,33043.278,4.248,4.248,4.124,1.691,1.0,RACE COURSE ROAD,7.362
race_course_road,Race Course Road,9386.0,30631.781,33044.743,4.135,4.135,4.124,,,RACE COURSE ROAD,7.484
race_course_road,Race Course Road,9388.0,30633.142,33046.209,4.091,4.091,4.135,,,RACE COURSE ROAD,7.607
race_course_road,Race Course Road,9390.0,30634.503,33047.674,4.104,4.104,4.135,,,RACE COURSE ROAD,7.729
race_course_road,Race Course Road,9392.0,30635.864,33049.14,4.666,4.246,4.246,,,RACE COURSE ROAD,7.852
race_course_road,Race Course Road,9394.0,30637.225,33050.605,4.279,4.388,4.388,,,RACE COURSE ROAD,7.975
race_course_road,Race Course Road,9396.0,30638.586,33052.071,4.53,5.286,5.286,,,RACE COURSE ROAD,8.097
race_course_road,Race Course Road,9398.0,30639.947,33053.537,3.997,6.184,6.184,,,RACE COURSE ROAD,8.22
race_course_road,Race Course Road,9400.0,30641.308,33055.002,3.497,7.082,7.082,,,RACE COURSE ROAD,8.343
race_course_road,Race Course Road,9402.0,30642.669,33056.468,8.247,,7.98,,,RACE COURSE ROAD,8.466
race_course_road,Race Course Road,9404.0,30644.03,33057.933,8.847,8.878,8.878,,,RACE COURSE ROAD,8.585
race_course_road,Race Course Road,9406.0,30645.391,33059.399,10.472,9.776,9.776,,,RACE COURSE ROAD,8.624
race_course_road,Race Course Road,9408.0,30646.752,33060.864,11.597,10.674,10.674,,,RACE COURSE ROAD,8.662
race_course_road,Race Course Road,9410.0,30648.113,33062.33,11.572,11.572,11.572,,,RACE COURSE ROAD,8.701
race_course_road,Race Course Road,9412.0,30649.474,33063.795,11.597,11.597,11.572,,,RACE COURSE ROAD,8.744
race_course_road,Race Course Road,9414.0,30650.835,33065.261,8.422,11.622,11.572,,,RACE COURSE ROAD,8.788
race_course_road,Race Course Road,9416.0,30652.195,33066.726,13.015,11.317,11.317,,,RACE COURSE ROAD,8.832
race_course_road,Race Course Road,9418.0,30653.556,33068.192,11.612,11.011,11.011,,,RACE COURSE ROAD,8.876
race_course_road,Race Course Road,9420.0,30654.917,33069.657,11.695,10.543,10.543,,,RACE COURSE ROAD,8.92
race_course_road,Race Course Road,9422.0,30656.278,33071.123,11.695,10.075,10.075,,,RACE COURSE ROAD,8.964
race_course_road,Race Course Road,9424.0,30657.639,33072.588,13.404,9.607,9.607,,,RACE COURSE ROAD,9.008
race_course_road,Race Course Road,9426.0,30659.0,33074.054,8.863,,9.373,,,RACE COURSE ROAD,9.052
race_course_road,Race Course Road,9428.0,30660.361,33075.519,8.976,,9.139,,,RACE COURSE ROAD,9.096
race_course_road,Race Course Road,9430.0,30661.722,33076.985,9.213,,8.905,,,RACE COURSE ROAD,9.14
race_course_road,Race Course Road,9432.0,30663.083,33078.45,9.238,,,,,RACE COURSE ROAD,9.184
race_course_road,Race Course Road,9434.0,30664.444,33079.916,9.326,,,,,RACE COURSE ROAD,9.228
race_course_road,Race Course Road,9436.0,30665.805,33081.381,3.472,,,,,RACE COURSE ROAD,9.224
race_course_road,Race Course Road,9438.0,30667.166,33082.847,3.472,,5.628,,,RACE COURSE ROAD,8.922
race_course_road,Race Course Road,9440.0,30668.527,33084.312,3.897,,5.394,,,RACE COURSE ROAD,8.931
race_course_road,Race Course Road,9442.0,30669.888,33085.778,3.472,,5.16,,,RACE COURSE ROAD,8.999
race_course_road,Race Course Road,9444.0,30671.249,33087.243,4.697,4.926,4.926,,,RACE COURSE ROAD,9.067
race_course_road,Race Course Road,9446.0,30672.61,33088.709,3.422,4.458,4.458,,,RACE COURSE ROAD,9.134
race_course_road,Race Course Road,9448.0,30673.971,33090.175,3.422,3.99,3.99,,,RACE COURSE ROAD,9.202
race_course_road,Race Course Road,9450.0,30675.332,33091.64,4.422,3.522,3.722,,,RACE COURSE ROAD,9.27
race_course_road,Race Course Road,9452.0,30676.693,33093.106,3.422,3.622,3.622,,,RACE COURSE ROAD,9.396
race_course_road,Race Course Road,9454.0,30678.054,33094.571,3.722,3.722,3.522,,,RACE COURSE ROAD,9.888
race_course_road,Race Course Road,9456.0,30679.415,33096.037,3.422,3.422,3.472,,,RACE COURSE ROAD,10.327
race_course_road,Race Course Road,9458.0,30680.776,33097.502,3.422,3.422,3.472,-0.625,1.0,RACE COURSE ROAD,10.362
race_course_road,Race Course Road,9460.0,30682.137,33098.968,3.472,3.472,3.472,0.625,1.0,RACE COURSE ROAD,10.397
race_course_road,Race Course Road,9462.0,30683.498,33100.433,3.472,3.472,3.472,2.916,1.0,RACE COURSE ROAD,10.432
race_course_road,Race Course Road,9464.0,30684.859,33101.899,3.522,3.522,3.522,5.206,1.0,RACE COURSE ROAD,10.467
race_course_road,Race Course Road,9466.0,30686.22,33103.364,3.876,3.811,3.811,5.103,1.0,RACE COURSE ROAD,10.45
race_course_road,Race Course Road,9468.0,30687.581,33104.83,6.076,4.101,3.888,5.0,1.0,RACE COURSE ROAD,10.395
race_course_road,Race Course Road,9470.0,30688.942,33106.295,4.326,3.995,3.901,2.709,1.0,RACE COURSE ROAD,10.339
race_course_road,Race Course Road,9472.0,30690.303,33107.761,3.888,3.888,3.922,0.419,1.0,RACE COURSE ROAD,10.283
race_course_road,Race Course Road,9474.0,30691.664,33109.226,3.901,3.901,3.922,2.109,1.0,RACE COURSE ROAD,10.227
race_course_road,Race Course Road,9476.0,30693.025,33110.692,3.922,3.922,3.922,3.8,1.0,RACE COURSE ROAD,10.173
race_course_road,Race Course Road,9478.0,30694.386,33112.157,3.672,4.124,4.124,,,RACE COURSE ROAD,10.196
race_course_road,Race Course Road,9480.0,30695.747,33113.623,4.326,4.326,4.226,,,RACE COURSE ROAD,10.221
race_course_road,Race Course Road,9482.0,30697.108,33115.088,4.688,4.226,4.326,,,RACE COURSE ROAD,10.247
race_course_road,Race Course Road,9484.0,30698.469,33116.554,4.326,4.375,4.375,,,RACE COURSE ROAD,10.272
race_course_road,Race Course Road,9486.0,30699.83,33118.019,4.026,4.701,4.701,,,RACE COURSE ROAD,10.298
race_course_road,Race Course Road,9488.0,30701.191,33119.485,8.051,5.027,5.027,,,RACE COURSE ROAD,10.324
race_course_road,Race Course Road,9490.0,30702.552,33120.95,8.276,5.518,5.518,,,RACE COURSE ROAD,10.35
race_course_road,Race Course Road,9492.0,30703.913,33122.416,4.213,6.008,6.008,,,RACE COURSE ROAD,10.439
race_course_road,Race Course Road,9494.0,30705.274,33123.881,5.501,6.499,6.499,,,RACE COURSE ROAD,10.507
race_course_road,Race Course Road,9496.0,30706.634,33125.347,6.188,,6.989,,,RACE COURSE ROAD,10.507
race_course_road,Race Course Road,9498.0,30707.995,33126.813,11.316,,7.48,,,RACE COURSE ROAD,10.449
race_course_road,Race Course Road,9500.0,30709.356,33128.278,9.991,,7.97,,,RACE COURSE ROAD,10.451
race_course_road,Race Course Road,9502.0,30710.717,33129.744,9.623,8.461,8.461,,,RACE COURSE ROAD,10.463
race_course_road,Race Course Road,9504.0,30712.078,33131.209,12.091,8.951,8.951,,,RACE COURSE ROAD,10.472
race_course_road,Race Course Road,9506.0,30713.439,33132.675,10.685,9.442,9.442,,,RACE COURSE ROAD,10.482
race_course_road,Race Course Road,9508.0,30714.8,33134.14,10.673,9.933,9.924,,,RACE COURSE ROAD,10.491
race_course_road,Race Course Road,9510.0,30716.161,33135.606,10.872,10.109,9.924,,,RACE COURSE ROAD,10.501
race_course_road,Race Course Road,9512.0,30717.522,33137.071,11.542,9.924,9.924,,,RACE COURSE ROAD,10.51
race_course_road,Race Course Road,9514.0,30718.883,33138.537,10.942,9.618,9.618,,,RACE COURSE ROAD,10.52
race_course_road,Race Course Road,9516.0,30720.244,33140.002,12.148,9.312,9.312,,,RACE COURSE ROAD,10.529
race_course_road,Race Course Road,9518.0,30721.605,33141.468,12.956,8.937,8.937,,,RACE COURSE ROAD,10.539
race_course_road,Race Course Road,9520.0,30722.966,33142.933,11.355,8.562,8.562,,,RACE COURSE ROAD,10.549
race_course_road,Race Course Road,9522.0,30724.327,33144.399,8.444,8.187,8.187,,,RACE COURSE ROAD,10.558
race_course_road,Race Course Road,9524.0,30725.688,33145.864,5.646,7.811,7.811,,,RACE COURSE ROAD,10.568
race_course_road,Race Course Road,9526.0,30727.049,33147.33,5.646,7.436,7.436,,,RACE COURSE ROAD,10.578
race_course_road,Race Course Road,9528.0,30728.41,33148.795,6.303,7.061,7.061,,,RACE COURSE ROAD,10.589
race_course_road,Race Course Road,9530.0,30729.771,33150.261,6.028,6.686,6.911,,,RACE COURSE ROAD,10.6
race_course_road,Race Course Road,9532.0,30731.132,33151.726,6.349,6.619,6.911,,,RACE COURSE ROAD,10.61
race_course_road,Race Course Road,9534.0,30732.493,33153.192,5.814,6.911,6.911,,,RACE COURSE ROAD,10.62
race_course_road,Race Course Road,9536.0,30733.854,33154.657,7.571,7.203,7.203,,,RACE COURSE ROAD,10.629
race_course_road,Race Course Road,9538.0,30735.215,33156.123,7.496,7.496,7.496,,,RACE COURSE ROAD,10.639
race_course_road,Race Course Road,9540.0,30736.576,33157.588,6.737,7.633,7.633,,,RACE COURSE ROAD,10.648
race_course_road,Race Course Road,9542.0,30737.937,33159.054,7.806,7.769,7.769,,,RACE COURSE ROAD,10.657
race_course_road,Race Course Road,9544.0,30739.298,33160.519,7.906,8.014,8.014,,,RACE COURSE ROAD,10.667
race_course_road,Race Course Road,9546.0,30740.659,33161.985,9.469,8.259,8.259,,,RACE COURSE ROAD,10.677
race_course_road,Race Course Road,9548.0,30742.02,33163.451,8.275,8.758,8.758,,,RACE COURSE ROAD,10.687
race_course_road,Race Course Road,9550.0,30743.381,33164.916,7.6,9.257,9.257,,,RACE COURSE ROAD,10.697
race_course_road,Race Course Road,9726.0,30647.518,33077.562,9.653,9.756,9.756,,,RACE COURSE ROAD,19.735
race_course_road,Race Course Road,9728.0,30646.408,33075.898,10.203,,10.255,,,RACE COURSE ROAD,19.373
race_course_road,Race Course Road,9730.0,30645.298,33074.234,12.54,10.754,10.754,,,RACE COURSE ROAD,19.011
race_course_road,Race Course Road,9732.0,30644.187,33072.571,12.778,11.253,11.253,,,RACE COURSE ROAD,18.649
race_course_road,Race Course Road,9734.0,30643.077,33070.907,12.715,11.752,11.752,,,RACE COURSE ROAD,18.287
race_course_road,Race Course Road,9736.0,30641.967,33069.244,6.072,12.251,11.893,,,RACE COURSE ROAD,17.925
race_course_road,Race Course Road,9738.0,30640.857,33067.58,11.351,12.236,11.893,,,RACE COURSE ROAD,17.568
race_course_road,Race Course Road,9740.0,30639.747,33065.917,12.746,11.893,11.893,,,RACE COURSE ROAD,17.211
race_course_road,Race Course Road,9742.0,30638.637,33064.253,12.784,11.55,11.55,,,RACE COURSE ROAD,16.854
race_course_road,Race Course Road,9744.0,30637.526,33062.589,12.777,10.789,10.789,,,RACE COURSE ROAD,16.445
race_course_road,Race Course Road,9746.0,30636.416,33060.926,12.809,10.029,10.029,,,RACE COURSE ROAD,16.006
race_course_road,Race Course Road,9748.0,30635.306,33059.262,9.672,9.268,9.268,,,RACE COURSE ROAD,15.567
race_course_road,Race Course Road,9750.0,30634.196,33057.599,5.974,,8.507,,,RACE COURSE ROAD,15.128
race_course_road,Race Course Road,9752.0,30633.086,33055.935,6.791,,7.747,,,RACE COURSE ROAD,14.688
race_course_road,Race Course Road,9754.0,30631.976,33054.271,5.685,6.986,6.986,,,RACE COURSE ROAD,14.249
race_course_road,Race Course Road,9756.0,30630.865,33052.608,6.398,6.225,6.225,,,RACE COURSE ROAD,13.81
race_course_road,Race Course Road,9758.0,30629.755,33050.944,5.104,5.464,5.464,,,RACE COURSE ROAD,13.371
race_course_road,Race Course Road,9760.0,30628.645,33049.281,4.648,4.704,4.704,,,RACE COURSE ROAD,12.932
race_course_road,Race Course Road,9762.0,30627.535,33047.617,4.223,4.45,4.45,,,RACE COURSE ROAD,12.494
race_course_road,Race Course Road,9764.0,30626.425,33045.953,3.916,4.195,4.195,,,RACE COURSE ROAD,12.055
race_course_road,Race Course Road,9766.0,30625.315,33044.29,4.048,3.941,3.941,,,RACE COURSE ROAD,11.616
race_course_road,Race Course Road,9768.0,30624.204,33042.626,3.687,3.687,3.785,,,RACE COURSE ROAD,11.177
race_course_road,Race Course Road,9770.0,30623.094,33040.963,3.573,3.573,3.785,,,RACE COURSE ROAD,10.756
race_course_road,Race Course Road,9772.0,30621.984,33039.299,3.473,3.785,3.785,,,RACE COURSE ROAD,10.397
race_course_road,Race Course Road,9774.0,30620.874,33037.635,3.373,3.998,3.998,,,RACE COURSE ROAD,10.037
race_course_road,Race Course Road,9776.0,30619.764,33035.972,4.523,4.14,4.043,,,RACE COURSE ROAD,9.683
race_course_road,Race Course Road,9778.0,30618.654,33034.308,6.273,4.283,4.043,,,RACE COURSE ROAD,9.341
race_course_road,Race Course Road,9780.0,30617.544,33032.645,5.673,4.043,4.043,,,RACE COURSE ROAD,8.999
race_course_road,Race Course Road,9782.0,30616.433,33030.981,4.248,3.803,3.803,,,RACE COURSE ROAD,8.657
race_course_road,Race Course Road,9784.0,30615.323,33029.317,3.373,3.563,3.563,,,RACE COURSE ROAD,8.314
race_course_road,Race Course Road,9786.0,30614.213,33027.654,3.323,3.323,3.373,,,RACE COURSE ROAD,7.972
race_course_road,Race Course Road,9788.0,30613.103,33025.99,3.323,3.323,3.373,,,RACE COURSE ROAD,7.63
race_course_road,Race Course Road,9790.0,30611.993,33024.327,3.373,3.373,3.373,,,RACE COURSE ROAD,7.288
race_course_road,Race Course Road,9792.0,30610.883,33022.663,3.373,3.373,3.373,,,RACE COURSE ROAD,6.949
race_course_road,Race Course Road,9794.0,30609.772,33021.0,3.423,3.556,3.556,,,RACE COURSE ROAD,6.613
race_course_road,Race Course Road,9796.0,30608.662,33019.336,3.423,3.739,3.739,,,RACE COURSE ROAD,6.277
race_course_road,Race Course Road,9798.0,30607.552,33017.672,3.423,3.852,3.852,,,RACE COURSE ROAD,5.941
race_course_road,Race Course Road,9800.0,30606.442,33016.009,3.273,3.964,3.852,,,RACE COURSE ROAD,5.605
race_course_road,Race Course Road,9802.0,30605.332,33014.345,3.273,3.873,3.852,,,RACE COURSE ROAD,5.269
race_course_road,Race Course Road,9804.0,30604.222,33012.682,5.955,3.781,3.781,,,RACE COURSE ROAD,4.933
race_course_road,Race Course Road,9806.0,30603.111,33011.018,5.955,3.689,3.689,,,RACE COURSE ROAD,4.598
race_course_road,Race Course Road,9808.0,30602.001,33009.354,5.98,3.598,3.598,,,RACE COURSE ROAD,4.262
race_course_road,Race Course Road,9810.0,30600.891,33007.691,5.98,3.506,3.506,,,RACE COURSE ROAD,3.806
race_course_road,Race Course Road,9812.0,30599.781,33006.027,6.254,3.414,3.414,,,RACE COURSE ROAD,3.349
race_course_road,Race Course Road,9814.0,30598.671,33004.364,3.323,3.323,3.373,,,RACE COURSE ROAD,2.892
race_course_road,Race Course Road,9816.0,30597.561,33002.7,3.323,3.323,3.373,,,RACE COURSE ROAD,2.435
race_course_road,Race Course Road,9818.0,30596.45,33001.036,3.373,3.373,3.373,0.0,1.0,RACE COURSE ROAD,1.978
race_course_road,Race Course Road,9820.0,30595.34,32999.373,3.373,3.373,3.373,0.0,1.0,RACE COURSE ROAD,1.521
race_course_road,Race Course Road,9822.0,30594.23,32997.709,3.373,3.373,3.373,0.625,1.0,RACE COURSE ROAD,1.064
race_course_road,Race Course Road,9824.0,30593.12,32996.046,3.373,3.373,3.373,0.625,1.0,RACE COURSE ROAD,0.607
race_course_road,Race Course Road,9826.0,30592.01,32994.382,3.423,3.423,3.423,0.625,1.0,RACE COURSE ROAD,0.15
race_course_road,Race Course Road,9828.0,30590.9,32992.718,3.423,3.423,3.423,0.625,1.0,RACE COURSE ROAD,0.307
race_course_road,Race Course Road,9830.0,30589.789,32991.055,3.423,3.423,3.423,0.625,1.0,RACE COURSE ROAD,0.764
race_course_road,Race Course Road,9832.0,30588.679,32989.391,3.423,3.423,3.423,0.625,1.0,RACE COURSE ROAD,1.221
race_course_road,Race Course Road,9834.0,30587.569,32987.728,3.473,3.473,3.473,0.625,1.0,RACE COURSE ROAD,1.678
race_course_road,Race Course Road,9836.0,30586.459,32986.064,3.473,3.473,3.473,0.625,1.0,RACE COURSE ROAD,2.136
race_course_road,Race Course Road,9838.0,30585.349,32984.4,3.473,3.473,3.473,0.0,1.0,RACE COURSE ROAD,2.593
race_course_road,Race Course Road,9840.0,30584.239,32982.737,3.473,3.473,3.473,1.875,1.0,RACE COURSE ROAD,3.05
race_course_road,Race Course Road,9842.0,30583.128,32981.073,3.423,3.423,3.473,1.875,1.0,RACE COURSE ROAD,3.507
race_course_road,Race Course Road,9844.0,30582.018,32979.41,3.623,3.623,3.623,1.875,1.0,RACE COURSE ROAD,3.964
race_course_road,Race Course Road,9846.0,30580.908,32977.746,5.201,3.623,3.623,1.875,1.0,RACE COURSE ROAD,4.421
race_course_road,Race Course Road,9848.0,30579.798,32976.083,5.228,3.623,3.623,0.0,1.0,RACE COURSE ROAD,4.878
race_course_road,Race Course Road,9850.0,30578.688,32974.419,5.182,3.623,3.623,0.0,1.0,RACE COURSE ROAD,5.335
race_course_road,Race Course Road,9852.0,30577.578,32972.755,3.623,3.623,3.623,0.0,1.0,RACE COURSE ROAD,5.792
race_course_road,Race Course Road,9854.0,30576.468,32971.092,3.573,3.573,3.623,0.0,1.0,RACE COURSE ROAD,6.249
race_course_road,Race Course Road,9856.0,30575.048,32969.846,3.573,3.573,3.623,0.0,1.0,RACE COURSE ROAD,6.19
race_course_road,Race Course Road,9858.0,30573.132,32969.274,3.723,3.723,3.623,0.0,1.0,RACE COURSE ROAD,5.299
race_course_road,Race Course Road,9860.0,30571.215,32968.702,3.623,3.623,3.623,0.0,1.0,RACE COURSE ROAD,4.408
race_course_road,Race Course Road,9862.0,30569.299,32968.13,3.623,3.623,3.623,0.0,1.0,RACE COURSE ROAD,3.517
race_course_road,Race Course Road,9864.0,30567.383,32967.558,3.473,3.473,3.623,0.0,1.0,RACE COURSE ROAD,2.626
race_course_road,Race Course Road,9866.0,30565.466,32966.986,3.623,3.623,3.623,0.0,1.0,RACE COURSE ROAD,1.735
race_course_road,Race Course Road,9868.0,30563.55,32966.414,3.623,3.623,3.623,,,RACE COURSE ROAD,0.844
race_course_road,Race Course Road,9870.0,30561.633,32965.842,3.623,3.623,3.623,,,RACE COURSE ROAD,0.047
race_course_road,Race Course Road,9872.0,30559.717,32965.27,3.523,3.749,3.749,,,RACE COURSE ROAD,0.938
race_course_road,Race Course Road,9874.0,30557.8,32964.698,3.573,3.876,3.876,,,RACE COURSE ROAD,1.829
race_course_road,Race Course Road,9876.0,30555.884,32964.126,3.523,4.14,4.14,,,RACE COURSE ROAD,2.72
race_course_road,Race Course Road,9878.0,30553.967,32963.554,3.523,4.405,4.405,,,RACE COURSE ROAD,3.611
race_course_road,Race Course Road,9880.0,30552.051,32962.982,4.934,4.669,4.669,,,RACE COURSE ROAD,4.502
race_course_road,Race Course Road,9882.0,30550.134,32962.41,4.934,4.934,4.669,,,RACE COURSE ROAD,5.393
race_course_road,Race Course Road,9884.0,30548.218,32961.838,4.934,4.764,4.669,,,RACE COURSE ROAD,6.284
race_course_road,Race Course Road,9886.0,30546.302,32961.266,5.009,4.594,4.594,,,RACE COURSE ROAD,7.175
race_course_road,Race Course Road,9888.0,30544.385,32960.694,5.084,4.351,4.351,,,RACE COURSE ROAD,8.066
race_course_road,Race Course Road,9890.0,30542.469,32960.122,3.923,4.108,4.108,,,RACE COURSE ROAD,8.957
race_course_road,Race Course Road,9892.0,30540.779,32959.137,3.573,3.865,3.865,,,RACE COURSE ROAD,9.391
race_course_road,Race Course Road,9894.0,30539.267,32957.827,3.623,3.623,3.623,,,RACE COURSE ROAD,9.467
race_course_road,Race Course Road,9896.0,30537.756,32956.518,3.573,3.573,3.573,,,RACE COURSE ROAD,9.542
race_course_road,Race Course Road,9898.0,30536.244,32955.208,3.573,3.573,3.573,-0.625,1.0,RACE COURSE ROAD,9.618
race_course_road,Race Course Road,9900.0,30534.733,32953.899,3.573,3.573,3.573,,,RACE COURSE ROAD,9.694
race_course_road,Race Course Road,9902.0,30533.221,32952.589,3.573,3.573,3.573,,,RACE COURSE ROAD,9.769
race_course_road,Race Course Road,9904.0,30531.71,32951.279,4.793,3.743,3.743,5.005,1.0,RACE COURSE ROAD,9.845
race_course_road,Race Course Road,9906.0,30530.198,32949.97,4.918,3.913,3.913,5.068,1.0,RACE COURSE ROAD,9.921
race_course_road,Race Course Road,9908.0,30528.686,32948.66,4.083,4.083,3.973,,,RACE COURSE ROAD,9.996
race_course_road,Race Course Road,9910.0,30527.175,32947.35,3.978,3.978,3.978,,,RACE COURSE ROAD,10.072
race_course_road,Race Course Road,9912.0,30525.663,32946.041,3.973,3.973,4.051,,,RACE COURSE ROAD,10.148
race_course_road,Race Course Road,9914.0,30524.152,32944.731,5.653,4.051,4.051,,,RACE COURSE ROAD,10.223
race_course_road,Race Course Road,9916.0,30522.64,32943.422,3.644,4.128,4.128,,,RACE COURSE ROAD,10.299
race_course_road,Race Course Road,9918.0,30521.191,32942.049,3.653,4.412,4.412,,,RACE COURSE ROAD,10.286
race_course_road,Race Course Road,9920.0,30519.866,32940.551,4.49,4.695,4.695,,,RACE COURSE ROAD,10.096
race_course_road,Race Course Road,9922.0,30518.542,32939.052,5.384,4.979,4.979,,,RACE COURSE ROAD,9.906
race_course_road,Race Course Road,9924.0,30517.217,32937.553,6.203,5.19,5.19,,,RACE COURSE ROAD,9.716
race_course_road,Race Course Road,9926.0,30515.893,32936.055,6.215,5.402,5.402,,,RACE COURSE ROAD,9.525
race_course_road,Race Course Road,9928.0,30514.568,32934.556,6.184,5.614,5.614,,,RACE COURSE ROAD,9.335
race_course_road,Race Course Road,9930.0,30513.244,32933.058,3.623,5.825,5.614,,,RACE COURSE ROAD,9.145
race_course_road,Race Course Road,9932.0,30511.919,32931.559,3.873,5.711,5.614,,,RACE COURSE ROAD,8.955
race_course_road,Race Course Road,9934.0,30510.595,32930.06,3.673,5.597,5.597,,,RACE COURSE ROAD,8.765
race_course_road,Race Course Road,9936.0,30509.27,32928.562,9.283,5.483,5.483,,,RACE COURSE ROAD,8.575
race_course_road,Race Course Road,9938.0,30507.946,32927.063,9.246,5.369,5.369,,,RACE COURSE ROAD,8.384
race_course_road,Race Course Road,9940.0,30506.622,32925.565,8.971,5.254,5.254,,,RACE COURSE ROAD,8.194
race_course_road,Race Course Road,9942.0,30505.297,32924.066,3.673,5.14,5.14,,,RACE COURSE ROAD,8.004
race_course_road,Race Course Road,9944.0,30503.973,32922.567,4.962,5.026,5.026,,,RACE COURSE ROAD,7.814
race_course_road,Race Course Road,9946.0,30502.648,32921.069,4.912,4.769,4.769,,,RACE COURSE ROAD,7.624
race_course_road,Race Course Road,9948.0,30501.324,32919.57,4.987,4.512,4.512,,,RACE COURSE ROAD,7.433
race_course_road,Race Course Road,9950.0,30499.999,32918.072,3.523,4.255,4.255,,,RACE COURSE ROAD,7.243
race_course_road,Race Course Road,9952.0,30498.675,32916.573,3.523,4.004,4.004,,,RACE COURSE ROAD,7.053
race_course_road,Race Course Road,9954.0,30497.35,32915.074,3.473,3.754,4.004,,,RACE COURSE ROAD,6.863
race_course_road,Race Course Road,9956.0,30496.026,32913.576,7.499,3.986,4.004,,,RACE COURSE ROAD,6.673
race_course_road,Race Course Road,9958.0,30494.701,32912.077,7.974,4.217,4.217,,,RACE COURSE ROAD,6.483
race_course_road,Race Course Road,9960.0,30493.377,32910.579,7.499,4.448,4.448,,,RACE COURSE ROAD,6.292
race_course_road,Race Course Road,9962.0,30492.052,32909.08,6.899,4.68,4.68,,,RACE COURSE ROAD,6.102
race_course_road,Race Course Road,9964.0,30490.728,32907.581,6.899,4.911,4.869,,,RACE COURSE ROAD,5.912
race_course_road,Race Course Road,9966.0,30489.404,32906.083,5.142,5.142,4.869,,,RACE COURSE ROAD,5.722
race_course_road,Race Course Road,9968.0,30488.079,32904.584,5.426,4.869,4.869,,,RACE COURSE ROAD,5.532
race_course_road,Race Course Road,9970.0,30486.755,32903.086,4.887,4.576,4.576,,,RACE COURSE ROAD,5.341
race_course_road,Race Course Road,9972.0,30485.43,32901.587,4.474,4.282,4.282,,,RACE COURSE ROAD,5.151
race_course_road,Race Course Road,9974.0,30484.106,32900.088,4.474,3.989,3.989,,,RACE COURSE ROAD,4.961
race_course_road,Race Course Road,9976.0,30482.781,32898.59,3.423,3.942,3.989,,,RACE COURSE ROAD,4.771
race_course_road,Race Course Road,9978.0,30481.457,32897.091,3.423,3.896,3.989,,,RACE COURSE ROAD,4.581
race_course_road,Race Course Road,9980.0,30480.132,32895.593,6.087,4.106,4.106,,,RACE COURSE ROAD,4.391
race_course_road,Race Course Road,9982.0,30478.808,32894.094,3.812,4.316,4.316,,,RACE COURSE ROAD,4.2
race_course_road,Race Course Road,9984.0,30477.483,32892.595,3.862,4.526,4.526,,,RACE COURSE ROAD,4.01
race_course_road,Race Course Road,9986.0,30476.159,32891.097,4.737,4.737,4.737,,,RACE COURSE ROAD,3.82
race_course_road,Race Course Road,9988.0,30474.834,32889.598,5.818,4.979,4.979,,,RACE COURSE ROAD,3.63
race_course_road,Race Course Road,9990.0,30473.51,32888.1,5.212,5.221,5.221,,,RACE COURSE ROAD,3.44
race_course_road,Race Course Road,9992.0,30472.185,32886.601,5.04,5.463,5.221,,,RACE COURSE ROAD,3.25
race_course_road,Race Course Road,9994.0,30470.861,32885.102,5.705,5.296,5.221,,,RACE COURSE ROAD,3.059
race_course_road,Race Course Road,9996.0,30469.537,32883.604,5.85,5.129,5.129,,,RACE COURSE ROAD,2.869
race_course_road,Race Course Road,9998.0,30468.212,32882.105,5.86,4.962,4.962,,,RACE COURSE ROAD,2.679
race_course_road,Race Course Road,10000.0,30466.888,32880.607,4.59,4.68,4.68,,,RACE COURSE ROAD,2.489
race_course_road,Race Course Road,10002.0,30465.563,32879.108,4.41,4.398,4.398,,,RACE COURSE ROAD,2.299
race_course_road,Race Course Road,10004.0,30464.239,32877.609,4.087,4.117,4.117,,,RACE COURSE ROAD,2.093
race_course_road,Race Course Road,10006.0,30462.914,32876.111,2.287,3.835,3.835,,,RACE COURSE ROAD,1.874
race_course_road,Race Course Road,10008.0,30461.59,32874.612,2.262,3.553,3.553,,,RACE COURSE ROAD,1.655
race_course_road,Race Course Road,10010.0,30460.265,32873.114,2.595,3.272,3.553,,,RACE COURSE ROAD,1.437
race_course_road,Race Course Road,10012.0,30458.941,32871.615,2.771,3.495,3.553,,,RACE COURSE ROAD,1.218
race_course_road,Race Course Road,10014.0,30457.616,32870.116,3.698,3.718,3.718,,,RACE COURSE ROAD,0.999
race_course_road,Race Course Road,10016.0,30456.292,32868.618,4.179,3.941,3.941,,,RACE COURSE ROAD,0.78
race_course_road,Race Course Road,10018.0,30454.967,32867.119,4.165,4.165,4.165,,,RACE COURSE ROAD,0.561
race_course_road,Race Course Road,10020.0,30453.643,32865.621,4.55,4.205,4.205,,,RACE COURSE ROAD,0.342
race_course_road,Race Course Road,10022.0,30452.319,32864.122,3.986,4.245,4.245,,,RACE COURSE ROAD,0.123
race_course_road,Race Course Road,10024.0,30450.994,32862.623,4.454,4.285,4.285,,,RACE COURSE ROAD,0.096
race_course_road,Race Course Road,10026.0,30449.67,32861.125,4.068,4.325,4.325,,,RACE COURSE ROAD,0.315
race_course_road,Race Course Road,10028.0,30448.345,32859.626,4.365,4.365,4.365,,,RACE COURSE ROAD,0.534
race_course_road,Race Course Road,10030.0,30447.021,32858.128,4.438,4.438,4.438,,,RACE COURSE ROAD,0.753
race_course_road,Race Course Road,10032.0,30445.696,32856.629,4.534,4.534,4.534,3.204,1.0,RACE COURSE ROAD,0.972
race_course_road,Race Course Road,10034.0,30444.372,32855.13,4.621,4.621,4.621,,,RACE COURSE ROAD,1.191
race_course_road,Race Course Road,10036.0,30443.047,32853.632,4.779,4.779,4.621,,,RACE COURSE ROAD,1.41
race_course_road,Race Course Road,10038.0,30441.723,32852.133,4.048,4.657,4.621,-2.621,1.0,RACE COURSE ROAD,1.629
race_course_road,Race Course Road,10040.0,30440.398,32850.635,3.767,4.534,4.534,,,RACE COURSE ROAD,1.848
race_course_road,Race Course Road,10042.0,30439.074,32849.136,4.412,4.412,4.412,,,RACE COURSE ROAD,2.067
race_course_road,Race Course Road,10044.0,30437.749,32847.637,4.319,4.147,4.147,,,RACE COURSE ROAD,2.286
race_course_road,Race Course Road,10046.0,30436.425,32846.139,3.882,3.882,3.882,-8.8,2.0,RACE COURSE ROAD,2.505
race_course_road,Race Course Road,10048.0,30435.1,32844.64,3.708,3.708,3.708,,,RACE COURSE ROAD,2.724
race_course_road,Race Course Road,10050.0,30433.776,32843.142,3.43,3.43,3.708,,,RACE COURSE ROAD,2.943
race_course_road,Race Course Road,10058.0,30428.478,32837.147,3.471,3.471,3.708,,,RACE COURSE ROAD,3.93
race_course_road,Race Course Road,10060.0,30427.154,32835.649,3.457,3.731,3.731,3.88,1.0,RACE COURSE ROAD,4.194
race_course_road,Race Course Road,10062.0,30425.829,32834.15,3.856,3.991,3.991,,,RACE COURSE ROAD,4.459
race_course_road,Race Course Road,10064.0,30424.505,32832.651,4.251,4.251,4.251,,,RACE COURSE ROAD,4.723
race_course_road,Race Course Road,10066.0,30423.18,32831.153,4.218,4.481,4.463,,,RACE COURSE ROAD,4.987
race_course_road,Race Course Road,10068.0,30421.856,32829.654,4.711,4.711,4.463,,,RACE COURSE ROAD,5.252
race_course_road,Race Course Road,10070.0,30420.531,32828.156,5.513,4.463,4.463,,,RACE COURSE ROAD,5.516
race_course_road,Race Course Road,10072.0,30419.207,32826.657,4.452,4.215,4.215,-6.199,1.0,RACE COURSE ROAD,5.78
race_course_road,Race Course Road,10074.0,30418.072,32825.015,4.349,3.967,3.967,,,RACE COURSE ROAD,6.278
race_course_road,Race Course Road,10076.0,30416.991,32823.332,3.719,3.719,3.967,,,RACE COURSE ROAD,6.84
race_course_road,Race Course Road,10078.0,30415.91,32821.65,3.483,3.912,3.967,,,RACE COURSE ROAD,7.403
race_course_road,Race Course Road,10080.0,30414.829,32819.967,3.463,4.106,4.106,3.288,1.0,RACE COURSE ROAD,7.966
race_course_road,Race Course Road,10082.0,30413.747,32818.285,4.299,4.299,4.23,,,RACE COURSE ROAD,8.528
race_course_road,Race Course Road,10084.0,30412.666,32816.602,4.334,4.334,4.23,,,RACE COURSE ROAD,9.091
race_course_road,Race Course Road,10086.0,30411.585,32814.92,4.927,4.23,4.23,,,RACE COURSE ROAD,9.654
race_course_road,Race Course Road,10088.0,30410.503,32813.237,4.969,4.126,4.126,,,RACE COURSE ROAD,10.216
race_course_road,Race Course Road,10090.0,30409.422,32811.555,4.929,4.022,4.022,,,RACE COURSE ROAD,10.779
race_course_road,Race Course Road,10092.0,30408.341,32809.872,4.308,3.918,3.918,,,RACE COURSE ROAD,11.341
race_course_road,Race Course Road,10094.0,30407.26,32808.19,3.666,3.814,3.814,,,RACE COURSE ROAD,11.904
race_course_road,Race Course Road,10096.0,30406.178,32806.507,3.71,3.71,3.814,,,RACE COURSE ROAD,12.467
race_course_road,Race Course Road,10098.0,30405.097,32804.825,3.577,3.577,3.814,,,RACE COURSE ROAD,13.029
race_course_road,Race Course Road,10100.0,30404.016,32803.142,3.87,4.102,4.102,,,RACE COURSE ROAD,13.592
race_course_road,Race Course Road,10102.0,30402.935,32801.46,3.817,4.628,4.628,,,RACE COURSE ROAD,14.155
race_course_road,Race Course Road,10104.0,30401.853,32799.777,3.796,5.153,5.153,,,RACE COURSE ROAD,14.717
race_course_road,Race Course Road,10106.0,30400.772,32798.095,3.644,5.678,5.505,,,RACE COURSE ROAD,15.28
race_course_road,Race Course Road,10108.0,30399.691,32796.412,3.801,5.592,5.505,,,RACE COURSE ROAD,15.842
race_course_road,Race Course Road,10164.0,30366.018,32791.865,10.123,5.505,5.505,,,RACE COURSE ROAD,13.718
race_course_road,Race Course Road,10218.0,30329.988,32832.088,9.476,5.419,5.419,,,RACE COURSE ROAD,27.172
race_course_road,Race Course Road,10220.0,30328.654,32833.577,18.932,5.332,5.332,,,RACE COURSE ROAD,25.173
race_course_road,Race Course Road,10222.0,30327.32,32835.067,19.027,5.246,5.246,,,RACE COURSE ROAD,23.174
race_course_road,Race Course Road,10224.0,30325.985,32836.557,23.717,5.159,5.159,,,RACE COURSE ROAD,21.175
race_course_road,Race Course Road,10226.0,30324.651,32838.047,22.461,,5.116,,,RACE COURSE ROAD,19.176
race_course_road,Race Course Road,10228.0,30323.316,32839.536,19.604,,5.073,,,RACE COURSE ROAD,17.177
race_course_road,Race Course Road,10230.0,30321.982,32841.026,21.393,,5.029,,,RACE COURSE ROAD,15.178
race_course_road,Race Course Road,10232.0,30320.647,32842.516,12.338,,,,,RACE COURSE ROAD,13.179
race_course_road,Race Course Road,10234.0,30319.313,32844.006,5.069,,,,,RACE COURSE ROAD,11.18
race_course_road,Race Course Road,10236.0,30317.979,32845.495,4.053,,,,,RACE COURSE ROAD,9.181
race_course_road,Race Course Road,10238.0,30316.644,32846.985,7.732,,4.424,,,RACE COURSE ROAD,7.182
race_course_road,Race Course Road,10240.0,30315.31,32848.475,6.455,,4.38,,,RACE COURSE ROAD,5.183
race_course_road,Race Course Road,10242.0,30313.975,32849.964,3.519,,4.337,,,RACE COURSE ROAD,3.184
race_course_road,Race Course Road,10244.0,30312.641,32851.454,3.605,4.294,4.294,,,RACE COURSE ROAD,1.185
race_course_road,Race Course Road,10258.0,30303.716,32851.16,5.177,4.207,4.207,,,RACE COURSE ROAD,4.54
race_course_road,Race Course Road,10260.0,30302.501,32849.571,4.764,4.121,4.121,,,RACE COURSE ROAD,4.252
race_course_road,Race Course Road,10262.0,30301.286,32847.982,4.568,4.034,4.034,,,RACE COURSE ROAD,3.965
race_course_road,Race Course Road,10264.0,30300.071,32846.394,4.487,3.948,3.948,,,RACE COURSE ROAD,3.678
race_course_road,Race Course Road,10266.0,30298.856,32844.805,3.76,3.861,3.861,,,RACE COURSE ROAD,3.391
race_course_road,Race Course Road,10268.0,30297.641,32843.216,3.775,3.775,3.775,,,RACE COURSE ROAD,3.104
race_course_road,Race Course Road,10270.0,30296.426,32841.628,3.271,3.636,3.698,,,RACE COURSE ROAD,2.816
race_course_road,Race Course Road,10272.0,30295.211,32840.039,3.498,3.498,3.698,,,RACE COURSE ROAD,2.529
race_course_road,Race Course Road,10274.0,30293.996,32838.45,4.717,3.698,3.698,,,RACE COURSE ROAD,2.242
race_course_road,Race Course Road,10276.0,30292.781,32836.862,4.782,3.899,3.899,,,RACE COURSE ROAD,1.955
race_course_road,Race Course Road,10278.0,30291.566,32835.273,4.099,4.099,4.099,,,RACE COURSE ROAD,1.668
race_course_road,Race Course Road,10280.0,30290.351,32833.684,3.033,4.328,4.328,,,RACE COURSE ROAD,1.38
race_course_road,Race Course Road,10284.0,30287.921,32830.507,3.589,4.556,4.556,,,RACE COURSE ROAD,0.806
race_course_road,Race Course Road,10286.0,30286.707,32828.918,4.094,4.785,4.785,,,RACE COURSE ROAD,0.519
race_course_road,Race Course Road,10288.0,30285.492,32827.33,4.961,5.014,5.014,,,RACE COURSE ROAD,0.232
race_course_road,Race Course Road,10290.0,30284.277,32825.741,5.242,5.242,5.164,,,RACE COURSE ROAD,0.056
race_course_road,Race Course Road,10292.0,30283.062,32824.152,5.164,5.164,5.201,,,RACE COURSE ROAD,0.343
race_course_road,Race Course Road,10294.0,30281.847,32822.564,5.676,5.201,5.239,,,RACE COURSE ROAD,0.63
race_course_road,Race Course Road,10296.0,30280.632,32820.975,4.892,5.239,5.239,,,RACE COURSE ROAD,0.917
race_course_road,Race Course Road,10298.0,30279.417,32819.386,5.558,5.276,5.276,,,RACE COURSE ROAD,1.204
race_course_road,Race Course Road,10300.0,30278.202,32817.798,4.677,5.313,5.313,,,RACE COURSE ROAD,1.492
race_course_road,Race Course Road,10302.0,30276.987,32816.209,5.302,5.351,5.351,,,RACE COURSE ROAD,1.779
race_course_road,Race Course Road,10304.0,30275.772,32814.62,4.447,5.388,5.388,,,RACE COURSE ROAD,2.066
race_course_road,Race Course Road,10306.0,30274.557,32813.032,4.757,5.426,5.426,,,RACE COURSE ROAD,2.353
race_course_road,Race Course Road,10308.0,30273.342,32811.443,5.548,5.463,5.463,,,RACE COURSE ROAD,2.64
race_course_road,Race Course Road,10310.0,30272.127,32809.854,5.206,5.5,5.5,,,RACE COURSE ROAD,2.928
race_course_road,Race Course Road,10312.0,30270.912,32808.265,4.698,5.538,5.538,,,RACE COURSE ROAD,3.215
race_course_road,Race Course Road,10314.0,30269.697,32806.677,4.474,5.575,5.575,,,RACE COURSE ROAD,3.502
race_course_road,Race Course Road,10316.0,30268.482,32805.088,6.281,5.612,5.609,,,RACE COURSE ROAD,3.785
race_course_road,Race Course Road,10318.0,30267.267,32803.499,5.65,5.65,5.609,,,RACE COURSE ROAD,4.066
race_course_road,Race Course Road,10320.0,30266.052,32801.911,6.372,5.609,5.609,,,RACE COURSE ROAD,4.117
race_course_road,Race Course Road,10322.0,30264.837,32800.322,5.639,5.568,5.609,0.342,1.0,RACE COURSE ROAD,4.0
race_course_road,Race Course Road,10324.0,30263.622,32798.733,5.528,5.528,5.609,,,RACE COURSE ROAD,3.883
race_course_road,Race Course Road,10326.0,30262.407,32797.145,7.489,5.636,5.636,,,RACE COURSE ROAD,3.767
race_course_road,Race Course Road,10328.0,30261.192,32795.556,5.745,5.745,5.737,,,RACE COURSE ROAD,3.65
race_course_road,Race Course Road,10330.0,30259.977,32793.967,5.231,5.741,5.737,,,RACE COURSE ROAD,3.533
race_course_road,Race Course Road,10332.0,30258.763,32792.379,5.547,5.737,5.737,,,RACE COURSE ROAD,3.416
race_course_road,Race Course Road,10334.0,30257.548,32790.79,6.056,5.733,5.733,,,RACE COURSE ROAD,3.3
race_course_road,Race Course Road,10336.0,30256.333,32789.201,6.491,5.729,5.729,,,RACE COURSE ROAD,3.183
race_course_road,Race Course Road,10338.0,30255.118,32787.613,5.797,5.725,5.725,,,RACE COURSE ROAD,3.066
race_course_road,Race Course Road,10340.0,30253.903,32786.024,7.509,5.721,5.721,,,RACE COURSE ROAD,2.95
race_course_road,Race Course Road,10342.0,30252.688,32784.435,7.378,5.717,5.717,,,RACE COURSE ROAD,2.833
race_course_road,Race Course Road,10344.0,30251.473,32782.847,5.713,5.713,5.713,,,RACE COURSE ROAD,2.716
race_course_road,Race Course Road,10346.0,30250.258,32781.258,6.399,5.614,5.614,,,RACE COURSE ROAD,2.599
race_course_road,Race Course Road,10348.0,30249.043,32779.669,4.654,5.515,5.515,-4.965,1.0,RACE COURSE ROAD,2.483
race_course_road,Race Course Road,10350.0,30247.828,32778.081,4.654,5.416,5.416,,,RACE COURSE ROAD,2.366
race_course_road,Race Course Road,10352.0,30246.613,32776.492,5.316,5.316,5.316,,,RACE COURSE ROAD,2.249
race_course_road,Race Course Road,10354.0,30245.398,32774.903,5.632,5.142,5.142,,,RACE COURSE ROAD,2.133
race_course_road,Race Course Road,10356.0,30244.183,32773.315,4.674,4.968,4.968,-5.155,1.0,RACE COURSE ROAD,2.016
race_course_road,Race Course Road,10358.0,30242.968,32771.726,4.794,4.794,4.904,,,RACE COURSE ROAD,1.899
race_course_road,Race Course Road,10360.0,30241.753,32770.137,4.684,4.684,4.904,,,RACE COURSE ROAD,1.782
race_course_road,Race Course Road,10362.0,30240.538,32768.549,4.904,4.904,4.847,0.806,1.0,RACE COURSE ROAD,1.666
race_course_road,Race Course Road,10364.0,30239.323,32766.96,4.995,4.995,4.904,1.135,1.0,RACE COURSE ROAD,1.549
race_course_road,Race Course Road,10366.0,30238.108,32765.371,4.847,4.847,4.968,2.066,1.0,RACE COURSE ROAD,1.432
race_course_road,Race Course Road,10368.0,30236.893,32763.783,4.968,4.968,4.995,1.349,1.0,RACE COURSE ROAD,1.316
race_course_road,Race Course Road,10370.0,30235.678,32762.194,5.207,5.207,5.012,0.543,1.0,RACE COURSE ROAD,1.199
race_course_road,Race Course Road,10372.0,30234.463,32760.605,5.132,5.132,5.012,,,RACE COURSE ROAD,1.082
race_course_road,Race Course Road,10374.0,30233.289,32758.987,5.012,5.012,5.012,,,RACE COURSE ROAD,1.016
race_course_road,Race Course Road,10376.0,30232.179,32757.324,4.699,4.86,4.86,,,RACE COURSE ROAD,1.027
race_course_road,Race Course Road,10378.0,30231.068,32755.661,4.901,4.708,4.708,,,RACE COURSE ROAD,1.039
race_course_road,Race Course Road,10380.0,30229.957,32753.998,4.556,4.418,4.418,,,RACE COURSE ROAD,1.05
race_course_road,Race Course Road,10382.0,30228.847,32752.334,4.617,4.128,4.175,,,RACE COURSE ROAD,0.865
race_course_road,Race Course Road,10384.0,30227.685,32750.725,3.839,4.152,4.175,,,RACE COURSE ROAD,0.595
race_course_road,Race Course Road,10386.0,30225.975,32749.687,3.876,4.175,4.175,,,RACE COURSE ROAD,0.427
race_course_road,Race Course Road,10388.0,30224.265,32748.649,3.932,4.45,4.45,,,RACE COURSE ROAD,1.449
race_course_road,Race Course Road,10390.0,30222.555,32747.612,3.917,4.725,4.725,,,RACE COURSE ROAD,2.472
race_course_road,Race Course Road,10392.0,30220.846,32746.574,3.807,5.0,5.0,,,RACE COURSE ROAD,3.494
race_course_road,Race Course Road,10394.0,30219.318,32745.29,6.414,5.275,5.275,,,RACE COURSE ROAD,4.239
race_course_road,Race Course Road,10396.0,30217.824,32743.96,6.702,5.55,5.532,,,RACE COURSE ROAD,4.934
race_course_road,Race Course Road,10398.0,30216.33,32742.631,6.803,5.826,5.532,,,RACE COURSE ROAD,5.628
race_course_road,Race Course Road,10400.0,30214.836,32741.301,6.288,5.532,5.532,,,RACE COURSE ROAD,6.323
race_course_road,Race Course Road,10402.0,30213.342,32739.972,4.36,5.238,5.238,,,RACE COURSE ROAD,7.017
race_course_road,Race Course Road,10404.0,30211.848,32738.642,4.455,4.979,4.986,,,RACE COURSE ROAD,7.712
race_course_road,Race Course Road,10406.0,30210.805,32736.969,3.969,4.72,4.986,,,RACE COURSE ROAD,7.847
race_course_road,Race Course Road,10408.0,30209.922,32735.175,4.157,4.986,4.986,,,RACE COURSE ROAD,7.783
race_course_road,Race Course Road,10410.0,30209.039,32733.38,5.252,5.252,5.252,,,RACE COURSE ROAD,7.72
race_course_road,Race Course Road,10412.0,30208.156,32731.586,6.543,5.281,5.281,,,RACE COURSE ROAD,7.657
race_course_road,Race Course Road,10414.0,30207.273,32729.791,5.513,5.311,5.311,,,RACE COURSE ROAD,7.594
race_course_road,Race Course Road,10416.0,30206.39,32727.997,4.47,5.341,5.311,,,RACE COURSE ROAD,7.53
race_course_road,Race Course Road,10418.0,30205.507,32726.202,5.361,5.37,5.311,,,RACE COURSE ROAD,7.467
race_course_road,Race Course Road,10420.0,30204.623,32724.408,5.4,5.147,5.147,,,RACE COURSE ROAD,7.404
race_course_road,Race Course Road,10422.0,30203.74,32722.613,5.225,4.925,4.925,,,RACE COURSE ROAD,7.34
race_course_road,Race Course Road,10424.0,30202.857,32720.819,5.39,4.702,4.702,,,RACE COURSE ROAD,7.277
race_course_road,Race Course Road,10426.0,30201.974,32719.024,4.179,4.524,4.524,,,RACE COURSE ROAD,7.214
race_course_road,Race Course Road,10428.0,30201.091,32717.23,4.143,4.346,4.514,,,RACE COURSE ROAD,7.151
race_course_road,Race Course Road,10430.0,30200.208,32715.435,4.514,4.514,4.476,,,RACE COURSE ROAD,7.087
race_course_road,Race Course Road,10432.0,30199.325,32713.641,4.476,4.476,4.456,,,RACE COURSE ROAD,7.024
race_course_road,Race Course Road,10434.0,30198.442,32711.846,4.953,4.456,4.456,,,RACE COURSE ROAD,6.961
race_course_road,Race Course Road,10436.0,30197.559,32710.052,4.567,4.435,4.435,-0.095,1.0,RACE COURSE ROAD,6.898
race_course_road,Race Course Road,10438.0,30196.676,32708.257,4.179,4.414,4.435,,,RACE COURSE ROAD,6.834
race_course_road,Race Course Road,10454.0,30189.612,32693.901,4.393,4.393,4.435,,,RACE COURSE ROAD,7.315
race_course_road,Race Course Road,10456.0,30188.729,32692.107,4.295,4.534,4.534,,,RACE COURSE ROAD,7.607
race_course_road,Race Course Road,10458.0,30187.846,32690.312,4.323,4.676,4.676,,,RACE COURSE ROAD,7.899
race_course_road,Race Course Road,10460.0,30186.963,32688.518,4.165,5.001,5.001,,,RACE COURSE ROAD,8.191
race_course_road,Race Course Road,10462.0,30186.08,32686.723,3.988,5.326,5.326,,,RACE COURSE ROAD,8.482
race_course_road,Race Course Road,10464.0,30185.197,32684.929,5.962,5.651,5.651,,,RACE COURSE ROAD,8.774
race_course_road,Race Course Road,10466.0,30184.313,32683.134,6.198,5.976,5.976,,,RACE COURSE ROAD,9.066
race_course_road,Race Course Road,10468.0,30183.43,32681.34,6.301,6.301,6.035,,,RACE COURSE ROAD,9.358
race_course_road,Race Course Road,10470.0,30182.547,32679.545,6.79,6.168,6.035,,,RACE COURSE ROAD,9.65
race_course_road,Race Course Road,10472.0,30181.664,32677.751,5.735,6.035,6.035,,,RACE COURSE ROAD,9.942
race_course_road,Race Course Road,10474.0,30180.781,32675.956,5.901,5.901,5.949,,,RACE COURSE ROAD,10.234
race_course_road,Race Course Road,10476.0,30179.898,32674.162,5.578,5.925,5.949,,,RACE COURSE ROAD,10.525
race_course_road,Race Course Road,10478.0,30179.015,32672.367,5.958,5.949,5.925,,,RACE COURSE ROAD,10.817
race_course_road,Race Course Road,10480.0,30178.132,32670.573,5.972,5.972,5.925,,,RACE COURSE ROAD,11.109
race_course_road,Race Course Road,10482.0,30177.249,32668.778,7.35,5.826,5.826,,,RACE COURSE ROAD,11.401
race_course_road,Race Course Road,10484.0,30176.366,32666.984,5.639,5.679,5.679,,,RACE COURSE ROAD,11.693
race_course_road,Race Course Road,10486.0,30175.483,32665.189,5.532,5.532,5.532,,,RACE COURSE ROAD,11.985
race_course_road,Race Course Road,10488.0,30174.6,32663.395,5.886,5.424,5.424,,,RACE COURSE ROAD,12.277
race_course_road,Race Course Road,10490.0,30173.717,32661.6,5.737,5.316,5.316,,,RACE COURSE ROAD,12.568
race_course_road,Race Course Road,10492.0,30172.834,32659.806,5.208,5.208,5.208,,,RACE COURSE ROAD,12.86
race_course_road,Race Course Road,10494.0,30171.951,32658.011,5.243,5.071,5.071,,,RACE COURSE ROAD,13.152
race_course_road,Race Course Road,10496.0,30171.068,32656.217,4.933,4.933,4.933,-3.437,1.0,RACE COURSE ROAD,13.444
race_course_road,Race Course Road,10498.0,30170.185,32654.422,4.868,4.868,4.933,,,RACE COURSE ROAD,13.736
race_course_road,Race Course Road,10500.0,30169.302,32652.628,4.867,4.867,4.933,,,RACE COURSE ROAD,14.028
race_course_road,Race Course Road,10502.0,30168.419,32650.833,5.523,5.153,5.153,,,RACE COURSE ROAD,14.32
race_course_road,Race Course Road,10504.0,30167.536,32649.039,5.271,5.45,5.45,,,RACE COURSE ROAD,14.612
race_course_road,Race Course Road,10506.0,30166.653,32647.244,5.597,5.748,5.748,,,RACE COURSE ROAD,14.903
race_course_road,Race Course Road,10508.0,30165.77,32645.45,6.011,6.043,6.043,,,RACE COURSE ROAD,15.195
race_course_road,Race Course Road,10510.0,30164.887,32643.655,6.025,6.339,6.339,,,RACE COURSE ROAD,15.487
race_course_road,Race Course Road,10512.0,30164.003,32641.861,5.583,6.634,6.634,,,RACE COURSE ROAD,15.673
race_course_road,Race Course Road,10514.0,30163.12,32640.066,7.65,6.902,6.902,,,RACE COURSE ROAD,15.816
race_course_road,Race Course Road,10516.0,30162.237,32638.272,7.433,7.17,7.17,,,RACE COURSE ROAD,15.959
race_course_road,Race Course Road,10518.0,30161.354,32636.477,7.437,7.437,7.437,,,RACE COURSE ROAD,16.102
race_course_road,Race Course Road,10520.0,30160.471,32634.683,7.638,7.638,7.638,,,RACE COURSE ROAD,16.245
race_course_road,Race Course Road,10522.0,30159.588,32632.888,7.803,7.803,7.803,,,RACE COURSE ROAD,16.388
race_course_road,Race Course Road,10524.0,30158.705,32631.094,10.713,8.092,8.092,,,RACE COURSE ROAD,16.531
race_course_road,Race Course Road,10526.0,30157.822,32629.299,10.023,8.38,8.38,,,RACE COURSE ROAD,16.675
race_course_road,Race Course Road,10528.0,30156.939,32627.505,11.085,8.669,8.669,,,RACE COURSE ROAD,16.818
race_course_road,Race Course Road,10530.0,30156.056,32625.71,8.704,8.957,8.957,,,RACE COURSE ROAD,16.961
race_course_road,Race Course Road,10532.0,30155.173,32623.916,8.448,9.246,9.246,,,RACE COURSE ROAD,17.104
race_course_road,Race Course Road,10534.0,30154.29,32622.121,8.935,9.534,9.534,,,RACE COURSE ROAD,17.247
race_course_road,Race Course Road,10536.0,30153.407,32620.327,9.823,9.823,9.823,,,RACE COURSE ROAD,17.39
race_course_road,Race Course Road,10538.0,30152.524,32618.532,10.029,10.029,10.029,,,RACE COURSE ROAD,17.533
race_course_road,Race Course Road,10540.0,30151.641,32616.738,9.576,10.089,10.089,4.08,1.0,RACE COURSE ROAD,17.677
race_course_road,Race Course Road,10542.0,30150.758,32614.943,10.359,10.149,10.149,,,RACE COURSE ROAD,17.82
race_course_road,Race Course Road,10544.0,30149.875,32613.149,10.209,10.209,10.149,,,RACE COURSE ROAD,17.963
race_course_road,Race Course Road,10546.0,30148.992,32611.354,10.684,10.173,10.149,,,RACE COURSE ROAD,18.106
race_course_road,Race Course Road,10548.0,30148.109,32609.56,10.693,9.949,9.949,,,RACE COURSE ROAD,18.249
race_course_road,Race Course Road,10550.0,30147.226,32607.765,8.259,9.725,9.725,,,RACE COURSE ROAD,18.392
race_course_road,Race Course Road,10552.0,30146.343,32605.971,9.509,9.587,9.587,,,RACE COURSE ROAD,18.535
race_course_road,Race Course Road,10554.0,30145.46,32604.176,10.809,9.45,9.45,,,RACE COURSE ROAD,18.679
race_course_road,Race Course Road,10556.0,30144.577,32602.382,9.476,9.312,9.312,,,RACE COURSE ROAD,18.822
race_course_road,Race Course Road,10558.0,30143.693,32600.587,3.959,9.174,9.174,,,RACE COURSE ROAD,18.9
race_course_road,Race Course Road,10560.0,30142.81,32598.793,8.626,9.037,9.037,,,RACE COURSE ROAD,18.852
race_course_road,Race Course Road,10562.0,30141.927,32596.998,4.743,8.899,8.899,,,RACE COURSE ROAD,18.804
race_course_road,Race Course Road,10564.0,30141.044,32595.204,9.917,8.761,8.761,,,RACE COURSE ROAD,18.757
race_course_road,Race Course Road,10566.0,30140.161,32593.409,4.426,8.623,8.623,,,RACE COURSE ROAD,18.709
race_course_road,Race Course Road,10568.0,30139.278,32591.615,4.359,8.486,8.486,,,RACE COURSE ROAD,18.661
race_course_road,Race Course Road,10570.0,30138.395,32589.82,4.131,8.348,8.348,,,RACE COURSE ROAD,18.613
race_course_road,Race Course Road,10572.0,30137.512,32588.026,,8.21,8.21,,,RACE COURSE ROAD,18.565
race_course_road,Race Course Road,10574.0,30136.629,32586.231,,8.072,8.072,,,RACE COURSE ROAD,18.518
race_course_road,Race Course Road,10576.0,30135.746,32584.437,9.775,,8.004,,,RACE COURSE ROAD,18.47
race_course_road,Race Course Road,10578.0,30134.863,32582.642,9.193,,7.935,,,RACE COURSE ROAD,18.422
race_course_road,Race Course Road,10580.0,30133.98,32580.848,9.225,,7.866,,,RACE COURSE ROAD,18.374
race_course_road,Race Course Road,10582.0,30133.097,32579.053,9.55,,,,,RACE COURSE ROAD,18.327
race_course_road,Race Course Road,10584.0,30132.214,32577.259,11.902,,,,,RACE COURSE ROAD,18.279
race_course_road,Race Course Road,10586.0,30131.331,32575.464,12.852,,,,,RACE COURSE ROAD,18.231
race_course_road,Race Course Road,10588.0,30130.448,32573.67,12.712,,,,,RACE COURSE ROAD,18.183
race_course_road,Race Course Road,10590.0,30129.565,32571.875,16.757,,,,,RACE COURSE ROAD,18.136
race_course_road,Race Course Road,10592.0,30128.682,32570.081,9.325,,,,,RACE COURSE ROAD,18.088
race_course_road,Race Course Road,10594.0,30127.799,32568.286,18.092,,,,,RACE COURSE ROAD,18.04
race_course_road,Race Course Road,10596.0,30126.916,32566.492,17.187,,6.351,,,RACE COURSE ROAD,17.992
race_course_road,Race Course Road,10598.0,30126.033,32564.697,17.242,,6.282,,,RACE COURSE ROAD,17.945
race_course_road,Race Course Road,10600.0,30125.15,32562.903,17.982,,6.213,,,RACE COURSE ROAD,17.897
race_course_road,Race Course Road,10602.0,30124.267,32561.108,18.017,6.144,6.144,,,RACE COURSE ROAD,17.849
race_course_road,Race Course Road,10604.0,30123.383,32559.314,10.475,6.007,6.007,,,RACE COURSE ROAD,17.801
race_course_road,Race Course Road,10606.0,30122.5,32557.519,9.542,5.869,5.869,,,RACE COURSE ROAD,17.753
race_course_road,Race Course Road,10608.0,30121.617,32555.725,11.192,5.731,5.731,,,RACE COURSE ROAD,17.706
race_course_road,Race Course Road,10610.0,30120.734,32553.93,11.208,5.594,5.594,,,RACE COURSE ROAD,17.568
race_course_road,Race Course Road,10612.0,30119.851,32552.136,12.7,5.456,5.456,,,RACE COURSE ROAD,17.398
race_course_road,Race Course Road,10614.0,30118.968,32550.341,11.358,5.318,5.318,,,RACE COURSE ROAD,17.227
race_course_road,Race Course Road,10616.0,30118.085,32548.547,13.042,5.18,5.18,,,RACE COURSE ROAD,17.056
race_course_road,Race Course Road,10618.0,30117.202,32546.752,12.975,5.043,5.043,,,RACE COURSE ROAD,16.885
race_course_road,Race Course Road,10620.0,30116.319,32544.958,13.092,4.905,4.905,,,RACE COURSE ROAD,16.715
race_course_road,Race Course Road,10652.0,30102.19,32516.246,4.225,4.767,4.767,,,RACE COURSE ROAD,12.691
race_course_road,Race Course Road,10654.0,30101.307,32514.451,4.55,4.63,4.63,,,RACE COURSE ROAD,12.252
race_course_road,Race Course Road,10656.0,30100.424,32512.657,4.492,4.492,4.492,,,RACE COURSE ROAD,11.813
race_course_road,Race Course Road,10658.0,30099.541,32510.862,4.275,4.275,4.467,,,RACE COURSE ROAD,11.374
race_course_road,Race Course Road,10660.0,30098.658,32509.068,4.142,4.371,4.467,-0.313,1.0,RACE COURSE ROAD,10.935
race_course_road,Race Course Road,10662.0,30097.775,32507.273,4.467,4.467,4.467,0.0,1.0,RACE COURSE ROAD,10.495
race_course_road,Race Course Road,10664.0,30096.892,32505.479,4.575,4.575,4.467,-2.344,1.0,RACE COURSE ROAD,10.056
race_course_road,Race Course Road,10666.0,30096.009,32503.684,4.625,4.625,4.467,-4.688,1.0,RACE COURSE ROAD,9.617
race_course_road,Race Course Road,10668.0,30095.126,32501.89,4.35,4.35,4.35,-7.434,1.0,RACE COURSE ROAD,9.178
race_course_road,Race Course Road,10670.0,30094.243,32500.095,4.092,4.092,4.092,-7.434,1.0,RACE COURSE ROAD,8.739
race_course_road,Race Course Road,10672.0,30093.36,32498.301,3.822,3.822,3.872,-5.976,1.0,RACE COURSE ROAD,8.3
race_course_road,Race Course Road,10674.0,30092.477,32496.506,3.872,3.872,3.872,,,RACE COURSE ROAD,7.861
race_course_road,Race Course Road,10676.0,30091.594,32494.712,3.872,3.872,3.872,,,RACE COURSE ROAD,7.422
race_course_road,Race Course Road,10678.0,30090.711,32492.917,4.808,3.968,3.968,2.386,1.0,RACE COURSE ROAD,6.983
race_course_road,Race Course Road,10680.0,30089.828,32491.123,4.125,4.063,4.063,2.386,1.0,RACE COURSE ROAD,6.544
race_course_road,Race Course Road,10682.0,30088.945,32489.328,4.158,4.158,4.063,,,RACE COURSE ROAD,6.104
race_course_road,Race Course Road,10684.0,30088.062,32487.534,4.125,4.125,4.063,,,RACE COURSE ROAD,5.665
race_course_road,Race Course Road,10686.0,30087.179,32485.739,7.358,4.024,4.024,-1.136,1.0,RACE COURSE ROAD,5.226
race_course_road,Race Course Road,10688.0,30086.296,32483.945,3.922,3.922,3.972,-1.136,1.0,RACE COURSE ROAD,4.787
race_course_road,Race Course Road,10690.0,30085.413,32482.15,3.972,3.972,3.972,-0.644,1.0,RACE COURSE ROAD,4.348
race_course_road,Race Course Road,10692.0,30084.53,32480.356,3.972,3.972,3.972,0.0,1.0,RACE COURSE ROAD,3.909
race_course_road,Race Course Road,10694.0,30083.647,32478.561,3.972,3.972,3.972,0.625,1.0,RACE COURSE ROAD,3.47
race_course_road,Race Course Road,10696.0,30082.763,32476.767,3.972,3.972,3.972,0.625,1.0,RACE COURSE ROAD,3.031
race_course_road,Race Course Road,10698.0,30081.88,32474.972,4.022,4.022,4.022,0.625,1.0,RACE COURSE ROAD,2.592
race_course_road,Race Course Road,10700.0,30080.997,32473.178,4.022,4.022,4.022,1.25,1.0,RACE COURSE ROAD,2.153
race_course_road,Race Course Road,10702.0,30080.114,32471.383,4.022,4.022,4.022,3.906,1.0,RACE COURSE ROAD,1.713
race_course_road,Race Course Road,10704.0,30079.231,32469.589,4.072,4.072,4.072,,,RACE COURSE ROAD,1.274
race_course_road,Race Course Road,10706.0,30078.348,32467.794,4.335,4.335,4.335,,,RACE COURSE ROAD,0.835
race_course_road,Race Course Road,10708.0,30077.465,32466.0,4.692,4.351,4.351,3.689,1.0,RACE COURSE ROAD,0.396
race_course_road,Race Course Road,10710.0,30076.582,32464.205,4.792,4.367,4.367,0.407,1.0,RACE COURSE ROAD,0.043
race_course_road,Race Course Road,10712.0,30075.699,32462.411,4.383,4.383,4.367,,,RACE COURSE ROAD,0.482
race_course_road,Race Course Road,10714.0,30074.816,32460.616,4.408,4.408,4.367,,,RACE COURSE ROAD,0.921
race_course_road,Race Course Road,10716.0,30073.933,32458.822,4.175,4.175,4.175,-2.817,1.0,RACE COURSE ROAD,1.36
race_course_road,Race Course Road,10718.0,30073.05,32457.027,4.158,4.158,4.158,-4.939,1.0,RACE COURSE ROAD,1.799
race_course_road,Race Course Road,10720.0,30072.167,32455.233,4.142,4.142,4.142,-3.163,1.0,RACE COURSE ROAD,2.238
race_course_road,Race Course Road,10722.0,30071.284,32453.438,3.972,3.972,3.972,-2.955,1.0,RACE COURSE ROAD,2.677
race_course_road,Race Course Road,10724.0,30070.401,32451.644,3.922,3.922,3.922,-2.746,1.0,RACE COURSE ROAD,3.117
race_course_road,Race Course Road,10726.0,30069.518,32449.849,3.922,3.922,3.922,,,RACE COURSE ROAD,3.556
race_course_road,Race Course Road,10728.0,30068.635,32448.055,3.872,3.872,3.922,,,RACE COURSE ROAD,3.995
race_course_road,Race Course Road,10730.0,30067.752,32446.26,3.872,4.068,4.068,,,RACE COURSE ROAD,4.434
race_course_road,Race Course Road,10732.0,30066.869,32444.466,3.822,4.264,4.264,,,RACE COURSE ROAD,4.873
race_course_road,Race Course Road,10734.0,30065.986,32442.671,6.167,4.492,4.492,,,RACE COURSE ROAD,5.312
race_course_road,Race Course Road,10736.0,30065.103,32440.877,5.775,4.721,4.721,,,RACE COURSE ROAD,5.751
race_course_road,Race Course Road,10738.0,30064.22,32439.082,8.225,4.949,4.949,,,RACE COURSE ROAD,6.19
race_course_road,Race Course Road,10740.0,30063.337,32437.288,5.759,5.177,5.177,,,RACE COURSE ROAD,6.629
race_course_road,Race Course Road,10742.0,30062.453,32435.493,8.954,5.405,5.405,,,RACE COURSE ROAD,7.068
race_course_road,Race Course Road,10744.0,30061.57,32433.699,8.828,5.633,5.633,,,RACE COURSE ROAD,7.508
race_course_road,Race Course Road,10746.0,30060.687,32431.904,8.628,5.861,5.861,,,RACE COURSE ROAD,7.947
race_course_road,Race Course Road,10748.0,30059.804,32430.11,8.612,6.089,6.089,,,RACE COURSE ROAD,8.386
race_course_road,Race Course Road,10750.0,30058.921,32428.315,8.612,6.317,6.317,,,RACE COURSE ROAD,8.825
race_course_road,Race Course Road,10752.0,30058.038,32426.521,3.622,6.545,6.488,,,RACE COURSE ROAD,9.264
race_course_road,Race Course Road,10754.0,30057.155,32424.726,3.697,6.773,6.488,,,RACE COURSE ROAD,9.703
race_course_road,Race Course Road,10756.0,30056.272,32422.932,6.597,6.488,6.488,,,RACE COURSE ROAD,10.142
race_course_road,Race Course Road,10758.0,30055.389,32421.137,4.728,6.203,6.203,,,RACE COURSE ROAD,10.581
race_course_road,Race Course Road,10760.0,30054.506,32419.343,4.678,5.919,5.919,,,RACE COURSE ROAD,11.02
race_course_road,Race Course Road,10762.0,30053.623,32417.548,4.662,5.634,5.634,,,RACE COURSE ROAD,11.459
race_course_road,Race Course Road,10764.0,30052.74,32415.754,6.923,5.349,5.404,,,RACE COURSE ROAD,11.899
race_course_road,Race Course Road,10766.0,30051.857,32413.959,6.035,5.376,5.404,,,RACE COURSE ROAD,12.338
race_course_road,Race Course Road,10768.0,30052.968,32414.481,5.367,5.404,5.376,,,RACE COURSE ROAD,12.875
race_course_road,Race Course Road,10770.0,30054.611,32415.621,5.012,5.431,5.376,,,RACE COURSE ROAD,13.439
race_course_road,Race Course Road,10772.0,30056.254,32416.761,5.328,5.247,5.247,,,RACE COURSE ROAD,14.002
race_course_road,Race Course Road,10774.0,30057.745,32418.035,5.487,4.96,4.96,,,RACE COURSE ROAD,14.363
race_course_road,Race Course Road,10776.0,30058.665,32419.81,5.262,4.673,4.673,,,RACE COURSE ROAD,13.964
race_course_road,Race Course Road,10778.0,30059.586,32421.586,3.635,4.386,4.386,,,RACE COURSE ROAD,13.566
race_course_road,Race Course Road,10780.0,30060.506,32423.362,3.472,4.158,4.158,,,RACE COURSE ROAD,13.168
race_course_road,Race Course Road,10782.0,30061.427,32425.137,3.472,3.929,3.929,,,RACE COURSE ROAD,12.77
race_course_road,Race Course Road,10784.0,30062.347,32426.913,8.912,3.701,3.815,,,RACE COURSE ROAD,12.372
race_course_road,Race Course Road,10786.0,30063.001,32428.174,7.145,3.472,3.701,,,RACE COURSE ROAD,12.089
