path_key,source_project,chainage_m,x_svy21,y_svy21,elevation_m_raw,elevation_m_filtered,elevation_m_smooth,gradient_pct,Grade,nearest_road_name,nearest_road_dist_m
punggol_road,Punggol Road,0.0,35970.82,42413.431,9.131,9.497,9.497,,,PUNGGOL ROAD,6.414
punggol_road,Punggol Road,2.0,35968.834,42413.666,9.497,9.497,9.497,,,PUNGGOL ROAD,8.306
punggol_road,Punggol Road,4.0,35966.848,42413.901,9.635,9.635,9.497,,,PUNGGOL ROAD,10.197
punggol_road,Punggol Road,6.0,35964.862,42414.136,9.11,9.433,9.433,,,PUNGGOL ROAD,12.088
punggol_road,Punggol Road,8.0,35962.876,42414.371,9.23,9.23,9.23,,,PUNGGOL ROAD,13.979
punggol_road,Punggol Road,10.0,35960.889,42414.607,10.551,9.196,9.196,,,PUNGGOL ROAD,15.87
punggol_road,Punggol Road,12.0,35959.76,42415.067,9.281,9.162,9.162,-1.606,1.0,PUNGGOL ROAD,17.088
punggol_road,Punggol Road,14.0,35961.374,42416.249,9.129,9.129,9.129,,,PUNGGOL ROAD,16.147
punggol_road,Punggol Road,16.0,35962.987,42417.431,10.807,9.102,9.102,,,PUNGGOL ROAD,15.207
punggol_road,Punggol Road,18.0,35964.6,42418.613,9.074,9.074,9.074,-1.417,1.0,PUNGGOL ROAD,14.267
punggol_road,Punggol Road,20.0,35966.214,42419.795,9.017,9.017,9.017,-1.423,1.0,PUNGGOL ROAD,13.327
punggol_road,Punggol Road,42.0,35983.96,42432.797,8.732,8.732,8.732,-1.389,1.0,PUNGGOL ROAD,2.688
punggol_road,Punggol Road,44.0,35985.574,42433.979,8.703,8.703,8.703,-1.274,1.0,PUNGGOL ROAD,1.656
punggol_road,Punggol Road,46.0,35987.187,42435.161,8.685,8.685,8.685,-1.287,1.0,PUNGGOL ROAD,0.624
punggol_road,Punggol Road,48.0,35988.801,42436.343,8.66,8.66,8.66,-1.219,1.0,PUNGGOL ROAD,0.408
punggol_road,Punggol Road,50.0,35990.414,42437.525,8.629,8.629,8.629,-1.162,1.0,PUNGGOL ROAD,1.44
punggol_road,Punggol Road,52.0,35992.027,42438.707,8.606,8.606,8.606,-1.213,1.0,PUNGGOL ROAD,2.473
punggol_road,Punggol Road,54.0,35993.641,42439.889,8.592,8.592,8.592,-1.178,1.0,PUNGGOL ROAD,3.505
punggol_road,Punggol Road,56.0,35995.352,42439.222,8.563,8.563,8.563,-1.328,1.0,PUNGGOL ROAD,5.341
punggol_road,Punggol Road,58.0,35997.082,42438.218,8.535,8.535,8.535,-1.606,1.0,PUNGGOL ROAD,7.324
punggol_road,Punggol Road,60.0,35998.812,42437.214,8.499,8.499,8.499,-1.241,1.0,PUNGGOL ROAD,9.307
punggol_road,Punggol Road,62.0,36000.541,42436.21,8.464,8.464,8.464,-0.887,1.0,PUNGGOL ROAD,11.291
punggol_road,Punggol Road,64.0,36002.07,42436.565,8.398,8.398,8.464,,,PUNGGOL ROAD,12.564
punggol_road,Punggol Road,66.0,36003.435,42438.026,8.392,8.392,8.464,,,PUNGGOL ROAD,13.259
punggol_road,Punggol Road,68.0,36004.8,42439.488,8.399,8.557,8.557,,,PUNGGOL ROAD,13.954
punggol_road,Punggol Road,70.0,36006.165,42440.95,8.394,8.722,8.722,,,PUNGGOL ROAD,14.649
punggol_road,Punggol Road,72.0,36007.53,42442.412,8.663,9.04,9.04,,,PUNGGOL ROAD,15.344
punggol_road,Punggol Road,74.0,36008.895,42443.874,9.896,9.358,9.358,,,PUNGGOL ROAD,16.039
punggol_road,Punggol Road,76.0,36010.26,42445.335,12.841,9.676,9.676,,,PUNGGOL ROAD,16.734
punggol_road,Punggol Road,78.0,36011.625,42446.797,13.041,9.995,9.995,,,PUNGGOL ROAD,17.43
punggol_road,Punggol Road,80.0,36012.99,42448.259,12.7,10.313,10.313,,,PUNGGOL ROAD,18.125
punggol_road,Punggol Road,82.0,36014.355,42449.721,10.702,10.631,10.631,,,PUNGGOL ROAD,18.82
punggol_road,Punggol Road,84.0,36015.72,42451.183,8.559,10.949,10.949,,,PUNGGOL ROAD,19.515
punggol_road,Punggol Road,86.0,36017.085,42452.644,9.375,11.196,11.196,,,PUNGGOL ROAD,20.21
punggol_road,Punggol Road,88.0,36018.45,42454.106,11.444,11.444,11.444,,,PUNGGOL ROAD,20.905
punggol_road,Punggol Road,90.0,36019.815,42455.568,13.076,13.084,13.084,,,PUNGGOL ROAD,21.6
punggol_road,Punggol Road,92.0,36021.18,42457.03,12.694,14.725,14.725,,,PUNGGOL ROAD,22.295
punggol_road,Punggol Road,94.0,36022.545,42458.492,13.174,16.366,16.366,,,PUNGGOL ROAD,22.99
punggol_road,Punggol Road,96.0,36023.91,42459.953,14.118,,18.007,,,PUNGGOL ROAD,23.685
punggol_road,Punggol Road,98.0,36025.275,42461.415,19.751,,19.648,,,PUNGGOL ROAD,24.38
punggol_road,Punggol Road,100.0,36026.64,42462.877,25.764,21.289,21.289,,,PUNGGOL ROAD,25.075
punggol_road,Punggol Road,102.0,36028.004,42464.339,27.432,22.929,22.929,,,PUNGGOL ROAD,25.77
punggol_road,Punggol Road,104.0,36029.369,42465.801,26.211,24.57,24.57,,,PUNGGOL ROAD,26.465
punggol_road,Punggol Road,106.0,36030.734,42467.262,26.211,26.211,26.211,,,PUNGGOL ROAD,27.16
punggol_road,Punggol Road,108.0,36032.099,42468.724,,26.211,26.211,,,PUNGGOL ROAD,27.855
punggol_road,Punggol Road,110.0,36033.464,42470.186,,26.211,26.211,0.002,1.0,PUNGGOL ROAD,28.55
punggol_road,Punggol Road,112.0,36034.829,42471.648,,26.211,26.211,0.002,1.0,PUNGGOL ROAD,29.245
punggol_road,Punggol Road,114.0,36036.194,42473.11,,26.211,26.211,0.002,1.0,PUNGGOL ROAD,29.94
punggol_road,Punggol Road,116.0,36037.559,42474.571,,26.211,26.211,0.002,1.0,PUNGGOL ROAD,30.635
punggol_road,Punggol Road,118.0,36038.924,42476.033,,26.211,26.211,0.002,1.0,PUNGGOL ROAD,31.33
punggol_road,Punggol Road,120.0,36040.289,42477.495,,26.211,26.211,0.002,1.0,PUNGGOL ROAD,32.025
punggol_road,Punggol Road,122.0,36041.654,42478.957,,26.211,26.211,0.002,1.0,PUNGGOL ROAD,32.72
punggol_road,Punggol Road,124.0,36043.019,42480.419,,26.211,26.211,0.002,1.0,PUNGGOL ROAD,33.415
punggol_road,Punggol Road,126.0,36044.384,42481.88,,26.211,26.211,0.002,1.0,PUNGGOL ROAD,34.11
punggol_road,Punggol Road,128.0,36045.749,42483.342,,26.211,26.211,0.002,1.0,PUNGGOL ROAD,34.805
punggol_road,Punggol Road,130.0,36047.114,42484.804,,26.211,26.211,0.002,1.0,PUNGGOL ROAD,35.5
punggol_road,Punggol Road,132.0,36048.479,42486.266,,26.211,26.211,0.002,1.0,PUNGGOL ROAD,36.196
punggol_road,Punggol Road,134.0,36049.844,42487.728,,26.212,26.212,0.002,1.0,PUNGGOL ROAD,36.891
punggol_road,Punggol Road,136.0,36051.209,42489.189,,26.212,26.212,0.002,1.0,PUNGGOL ROAD,37.586
punggol_road,Punggol Road,138.0,36052.574,42490.651,,26.212,26.212,0.002,1.0,PUNGGOL ROAD,38.281
punggol_road,Punggol Road,140.0,36053.939,42492.113,,26.212,26.212,0.002,1.0,PUNGGOL ROAD,38.976
punggol_road,Punggol Road,142.0,36055.304,42493.575,,26.212,26.212,0.002,1.0,PUNGGOL ROAD,39.671
punggol_road,Punggol Road,144.0,36056.669,42495.037,,26.212,26.212,0.002,1.0,PUNGGOL ROAD,40.366
punggol_road,Punggol Road,146.0,36058.034,42496.498,,26.212,26.212,0.002,1.0,PUNGGOL ROAD,41.061
punggol_road,Punggol Road,148.0,36059.399,42497.96,,26.212,26.212,0.002,1.0,PUNGGOL ROAD,41.756
punggol_road,Punggol Road,150.0,36060.764,42499.422,,26.212,26.212,0.002,1.0,PUNGGOL ROAD,42.451
punggol_road,Punggol Road,152.0,36062.129,42500.884,,26.212,26.212,0.001,1.0,PUNGGOL ROAD,43.146
punggol_road,Punggol Road,154.0,36063.494,42502.346,,,26.212,0.001,1.0,PUNGGOL ROAD,43.841
punggol_road,Punggol Road,156.0,36064.859,42503.807,,,26.212,,,PUNGGOL ROAD,44.536
punggol_road,Punggol Road,158.0,36066.223,42505.269,,,26.212,,,PUNGGOL ROAD,45.231
punggol_road,Punggol Road,160.0,36067.588,42506.731,,,,,,PUNGGOL ROAD,45.926
punggol_road,Punggol Road,162.0,36068.953,42508.193,,,,,,PUNGGOL ROAD,46.621
punggol_road,Punggol Road,164.0,36070.318,42509.655,,,,,,PUNGGOL ROAD,47.316
punggol_road,Punggol Road,166.0,36071.683,42511.116,,,,,,PUNGGOL ROAD,48.011
punggol_road,Punggol Road,168.0,36073.048,42512.578,,,,,,PUNGGOL ROAD,48.706
punggol_road,Punggol Road,170.0,36074.413,42514.04,,,,,,PUNGGOL ROAD,49.401
punggol_road,Punggol Road,172.0,36075.778,42515.502,,,,,,PUNGGOL ROAD,50.096
punggol_road,Punggol Road,174.0,36077.143,42516.964,,,,,,PUNGGOL ROAD,50.791
punggol_road,Punggol Road,176.0,36078.508,42518.425,,,,,,PUNGGOL ROAD,51.486
punggol_road,Punggol Road,178.0,36079.873,42519.887,,,,,,PUNGGOL ROAD,52.181
punggol_road,Punggol Road,180.0,36081.238,42521.349,,,,,,PUNGGOL ROAD,52.876
punggol_road,Punggol Road,182.0,36082.603,42522.811,,,,,,PUNGGOL ROAD,53.571
punggol_road,Punggol Road,184.0,36083.968,42524.273,,,,,,PUNGGOL ROAD,54.267
punggol_road,Punggol Road,186.0,36085.333,42525.735,,,,,,PUNGGOL ROAD,54.962
punggol_road,Punggol Road,188.0,36086.698,42527.196,,,,,,PUNGGOL ROAD,55.657
punggol_road,Punggol Road,190.0,36088.063,42528.658,,,,,,PUNGGOL ROAD,56.352
punggol_road,Punggol Road,192.0,36089.428,42530.12,,,,,,PUNGGOL ROAD,57.047
punggol_road,Punggol Road,194.0,36090.793,42531.582,,,,,,PUNGGOL ROAD,57.742
punggol_road,Punggol Road,196.0,36092.158,42533.044,,,,,,PUNGGOL ROAD,58.437
punggol_road,Punggol Road,198.0,36093.523,42534.505,,,,,,PUNGGOL ROAD,59.132
punggol_road,Punggol Road,200.0,36094.888,42535.967,,,,,,PUNGGOL ROAD,59.827
punggol_road,Punggol Road,202.0,36096.253,42537.429,,,,,,PUNGGOL ROAD,60.522
punggol_road,Punggol Road,204.0,36097.618,42538.891,,,,,,PUNGGOL ROAD,61.217
punggol_road,Punggol Road,206.0,36098.983,42540.353,,,,,,PUNGGOL ROAD,61.912
punggol_road,Punggol Road,208.0,36100.348,42541.814,,,,,,PUNGGOL ROAD,62.607
punggol_road,Punggol Road,210.0,36101.713,42543.276,,,,,,PUNGGOL ROAD,63.302
punggol_road,Punggol Road,212.0,36103.078,42544.738,,,,,,PUNGGOL ROAD,63.997
punggol_road,Punggol Road,214.0,36104.443,42546.2,,,,,,PUNGGOL ROAD,64.692
punggol_road,Punggol Road,216.0,36105.807,42547.662,,,,,,PUNGGOL ROAD,65.387
punggol_road,Punggol Road,218.0,36107.172,42549.123,,,,,,PUNGGOL ROAD,66.082
punggol_road,Punggol Road,220.0,36108.537,42550.585,,,,,,PUNGGOL ROAD,66.777
punggol_road,Punggol Road,222.0,36109.902,42552.047,,,,,,PUNGGOL ROAD,67.472
punggol_road,Punggol Road,224.0,36111.267,42553.509,,,,,,PUNGGOL ROAD,68.167
punggol_road,Punggol Road,226.0,36112.632,42554.971,,,,,,PUNGGOL ROAD,68.862
punggol_road,Punggol Road,228.0,36113.997,42556.432,,,,,,PUNGGOL ROAD,69.557
punggol_road,Punggol Road,230.0,36115.362,42557.894,,,,,,PUNGGOL ROAD,70.252
punggol_road,Punggol Road,232.0,36116.727,42559.356,,,,,,PUNGGOL ROAD,70.947
punggol_road,Punggol Road,234.0,36118.092,42560.818,,,,,,PUNGGOL ROAD,71.642
punggol_road,Punggol Road,236.0,36119.457,42562.28,,,,,,PUNGGOL ROAD,72.337
punggol_road,Punggol Road,238.0,36120.822,42563.741,,,,,,PUNGGOL ROAD,73.032
punggol_road,Punggol Road,240.0,36122.187,42565.203,,,,,,PUNGGOL ROAD,73.728
punggol_road,Punggol Road,242.0,36123.552,42566.665,,,,,,PUNGGOL ROAD,74.423
punggol_road,Punggol Road,244.0,36124.917,42568.127,,,,,,PUNGGOL ROAD,75.118
punggol_road,Punggol Road,246.0,36126.282,42569.589,,,,,,PUNGGOL ROAD,75.813
punggol_road,Punggol Road,248.0,36127.647,42571.05,,,,,,PUNGGOL ROAD,76.508
punggol_road,Punggol Road,250.0,36129.012,42572.512,,,,,,PUNGGOL ROAD,77.203
punggol_road,Punggol Road,252.0,36130.377,42573.974,,,,,,PUNGGOL ROAD,77.898
punggol_road,Punggol Road,254.0,36131.742,42575.436,,,,,,PUNGGOL ROAD,78.593
punggol_road,Punggol Road,256.0,36133.107,42576.898,,,,,,PUNGGOL ROAD,79.288
punggol_road,Punggol Road,258.0,36134.472,42578.359,,,,,,PUNGGOL ROAD,79.983
punggol_road,Punggol Road,260.0,36135.837,42579.821,,,,,,PUNGGOL ROAD,80.678
punggol_road,Punggol Road,262.0,36137.202,42581.283,,,,,,PUNGGOL ROAD,81.373
punggol_road,Punggol Road,264.0,36138.567,42582.745,,,,,,PUNGGOL ROAD,82.068
punggol_road,Punggol Road,266.0,36139.932,42584.207,,,,,,PUNGGOL ROAD,82.763
punggol_road,Punggol Road,268.0,36141.297,42585.668,,,,,,PUNGGOL ROAD,83.458
punggol_road,Punggol Road,270.0,36142.662,42587.13,,,,,,PUNGGOL ROAD,84.153
punggol_road,Punggol Road,272.0,36144.027,42588.592,,,,,,PUNGGOL ROAD,84.848
punggol_road,Punggol Road,274.0,36145.391,42590.054,,,,,,PUNGGOL ROAD,85.543
punggol_road,Punggol Road,276.0,36146.756,42591.516,,,,,,PUNGGOL ROAD,86.238
punggol_road,Punggol Road,278.0,36148.121,42592.977,,,,,,PUNGGOL ROAD,86.933
punggol_road,Punggol Road,280.0,36149.486,42594.439,,,,,,PUNGGOL ROAD,87.628
punggol_road,Punggol Road,282.0,36150.851,42595.901,,,,,,PUNGGOL ROAD,88.323
punggol_road,Punggol Road,284.0,36152.216,42597.363,,,,,,PUNGGOL ROAD,89.018
punggol_road,Punggol Road,286.0,36153.581,42598.825,,,,,,PUNGGOL ROAD,89.713
punggol_road,Punggol Road,288.0,36154.946,42600.286,,,,,,PUNGGOL ROAD,90.408
punggol_road,Punggol Road,290.0,36156.311,42601.748,,,,,,PUNGGOL ROAD,91.103
punggol_road,Punggol Road,292.0,36157.676,42603.21,,,,,,PUNGGOL ROAD,91.799
punggol_road,Punggol Road,294.0,36159.041,42604.672,,,,,,PUNGGOL ROAD,92.494
punggol_road,Punggol Road,296.0,36160.406,42606.134,,,,,,PUNGGOL ROAD,93.189
punggol_road,Punggol Road,466.0,36129.595,42713.113,,,,,,PUNGGOL ROAD,23.477
punggol_road,Punggol Road,468.0,36128.268,42714.609,,,,,,PUNGGOL ROAD,21.675
punggol_road,Punggol Road,470.0,36126.941,42716.105,,,,,,PUNGGOL ROAD,19.873
punggol_road,Punggol Road,472.0,36125.614,42717.601,,,,,,PUNGGOL ROAD,18.071
punggol_road,Punggol Road,474.0,36124.286,42719.098,,,,,,PUNGGOL ROAD,16.27
punggol_road,Punggol Road,476.0,36122.959,42720.594,,,,,,PUNGGOL ROAD,14.468
punggol_road,Punggol Road,478.0,36121.632,42722.09,,,,,,PUNGGOL ROAD,12.666
punggol_road,Punggol Road,480.0,36120.305,42723.586,,,,,,PUNGGOL ROAD,10.864
punggol_road,Punggol Road,482.0,36118.562,42724.422,,,,,,PUNGGOL ROAD,8.934
punggol_road,Punggol Road,484.0,36116.639,42724.969,,,,,,PUNGGOL ROAD,6.948
punggol_road,Punggol Road,486.0,36114.715,42725.516,,,,,,PUNGGOL ROAD,4.962
punggol_road,Punggol Road,488.0,36112.791,42726.064,,,,,,PUNGGOL ROAD,2.977
punggol_road,Punggol Road,490.0,36110.868,42726.611,,,,,,PUNGGOL ROAD,0.991
punggol_road,Punggol Road,492.0,36108.971,42727.236,,,,,,PUNGGOL ROAD,1.001
punggol_road,Punggol Road,494.0,36107.112,42727.975,,,,,,PUNGGOL ROAD,3.0
punggol_road,Punggol Road,496.0,36105.254,42728.714,,,,,,PUNGGOL ROAD,5.0
punggol_road,Punggol Road,498.0,36103.395,42729.453,,,,,,PUNGGOL ROAD,7.0
punggol_road,Punggol Road,500.0,36101.537,42730.192,,,,,,PUNGGOL ROAD,8.999
punggol_road,Punggol Road,502.0,36099.678,42730.931,,,,,,PUNGGOL ROAD,10.999
punggol_road,Punggol Road,504.0,36097.82,42731.67,,,,,,PUNGGOL ROAD,12.999
punggol_road,Punggol Road,506.0,36095.961,42732.408,,,,,,PUNGGOL ROAD,14.998
punggol_road,Punggol Road,508.0,36094.102,42733.147,,,,,,PUNGGOL ROAD,16.998
punggol_road,Punggol Road,510.0,36092.244,42733.886,,,,,,PUNGGOL ROAD,18.998
punggol_road,Punggol Road,512.0,36090.385,42734.625,,,,,,PUNGGOL ROAD,20.998
punggol_road,Punggol Road,514.0,36088.527,42735.364,,,,,,PUNGGOL ROAD,22.997
punggol_road,Punggol Road,516.0,36086.668,42736.103,,,,,,PUNGGOL ROAD,24.997
punggol_road,Punggol Road,518.0,36086.76,42737.537,,,,,,PUNGGOL ROAD,25.466
punggol_road,Punggol Road,520.0,36087.731,42739.286,,,,,,PUNGGOL ROAD,25.245
punggol_road,Punggol Road,522.0,36088.703,42741.034,,,,,,PUNGGOL ROAD,25.023
punggol_road,Punggol Road,524.0,36089.674,42742.782,,,,,,PUNGGOL ROAD,24.802
punggol_road,Punggol Road,526.0,36090.645,42744.53,,,,,,PUNGGOL ROAD,24.581
punggol_road,Punggol Road,528.0,36091.617,42746.279,,,,,,PUNGGOL ROAD,24.359
punggol_road,Punggol Road,574.0,36113.957,42786.49,,,,,,PUNGGOL ROAD,20.2
punggol_road,Punggol Road,576.0,36114.928,42788.238,,,,,,PUNGGOL ROAD,20.057
punggol_road,Punggol Road,578.0,36115.9,42789.986,,,,,,PUNGGOL ROAD,19.914
punggol_road,Punggol Road,580.0,36116.871,42791.734,,,,,,PUNGGOL ROAD,19.771
punggol_road,Punggol Road,582.0,36117.842,42793.483,,,,,,PUNGGOL ROAD,19.627
punggol_road,Punggol Road,584.0,36118.814,42795.231,,,,,,PUNGGOL ROAD,19.484
punggol_road,Punggol Road,586.0,36119.785,42796.979,,,,,,PUNGGOL ROAD,19.341
punggol_road,Punggol Road,588.0,36120.756,42798.728,,,,,,PUNGGOL ROAD,19.197
punggol_road,Punggol Road,590.0,36121.728,42800.476,,,,,,PUNGGOL ROAD,19.054
punggol_road,Punggol Road,592.0,36122.699,42802.224,,,,,,PUNGGOL ROAD,18.911
punggol_road,Punggol Road,594.0,36123.67,42803.973,,,,,,PUNGGOL ROAD,18.768
punggol_road,Punggol Road,596.0,36124.642,42805.721,,,,,,PUNGGOL ROAD,18.624
punggol_road,Punggol Road,598.0,36125.613,42807.469,,,,,,PUNGGOL ROAD,18.481
punggol_road,Punggol Road,600.0,36126.318,42808.46,,,,,,PUNGGOL ROAD,18.259
punggol_road,Punggol Road,602.0,36125.984,42806.489,,,,,,PUNGGOL ROAD,17.731
punggol_road,Punggol Road,604.0,36125.649,42804.517,,,,,,PUNGGOL ROAD,17.203
punggol_road,Punggol Road,606.0,36125.315,42802.545,,,,,,PUNGGOL ROAD,16.674
punggol_road,Punggol Road,608.0,36124.98,42800.573,,,,,,PUNGGOL ROAD,16.146
punggol_road,Punggol Road,610.0,36124.646,42798.601,,,,,,PUNGGOL ROAD,15.617
punggol_road,Punggol Road,612.0,36124.322,42796.628,,,,,,PUNGGOL ROAD,15.078
punggol_road,Punggol Road,614.0,36123.999,42794.654,,,,,,PUNGGOL ROAD,14.539
punggol_road,Punggol Road,616.0,36123.675,42792.68,,,,,,PUNGGOL ROAD,14.0
punggol_road,Punggol Road,618.0,36123.351,42790.707,,,,,,PUNGGOL ROAD,13.461
punggol_road,Punggol Road,620.0,36123.028,42788.733,,,,,,PUNGGOL ROAD,12.922
punggol_road,Punggol Road,622.0,36123.077,42786.784,,,,,,PUNGGOL ROAD,12.055
punggol_road,Punggol Road,624.0,36123.652,42784.868,,,,,,PUNGGOL ROAD,10.726
punggol_road,Punggol Road,626.0,36124.227,42782.953,,,,,,PUNGGOL ROAD,9.396
punggol_road,Punggol Road,628.0,36124.803,42781.037,,,,,,PUNGGOL ROAD,8.067
punggol_road,Punggol Road,630.0,36125.378,42779.122,,,,,,PUNGGOL ROAD,6.738
punggol_road,Punggol Road,632.0,36126.404,42777.51,,,,,,PUNGGOL ROAD,5.127
punggol_road,Punggol Road,634.0,36127.962,42776.256,,,,,,PUNGGOL ROAD,3.186
punggol_road,Punggol Road,636.0,36129.52,42775.002,,,,,,PUNGGOL ROAD,1.244
punggol_road,Punggol Road,638.0,36131.078,42773.748,,,,,,PUNGGOL ROAD,0.698
punggol_road,Punggol Road,640.0,36132.73,42772.632,,,,,,PUNGGOL ROAD,2.666
punggol_road,Punggol Road,642.0,36134.473,42771.652,,,,,,PUNGGOL ROAD,4.66
punggol_road,Punggol Road,644.0,36136.216,42770.672,,,,,,PUNGGOL ROAD,6.654
punggol_road,Punggol Road,646.0,36137.96,42769.692,,,,,,PUNGGOL ROAD,8.648
punggol_road,Punggol Road,648.0,36139.703,42768.712,,,,,,PUNGGOL ROAD,10.642
punggol_road,Punggol Road,650.0,36140.901,42769.436,,,,,,PUNGGOL ROAD,11.423
punggol_road,Punggol Road,652.0,36141.75,42771.247,,,,,,PUNGGOL ROAD,11.429
punggol_road,Punggol Road,654.0,36142.6,42773.057,,,,,,PUNGGOL ROAD,11.436
punggol_road,Punggol Road,656.0,36143.449,42774.868,,,,,,PUNGGOL ROAD,11.442
punggol_road,Punggol Road,658.0,36144.299,42776.678,,,,,,PUNGGOL ROAD,11.449
punggol_road,Punggol Road,660.0,36145.148,42778.489,,,,,,PUNGGOL ROAD,11.455
punggol_road,Punggol Road,662.0,36145.998,42780.3,,,,,,PUNGGOL ROAD,11.462
punggol_road,Punggol Road,664.0,36146.847,42782.11,,,,,,PUNGGOL ROAD,11.468
punggol_road,Punggol Road,666.0,36147.697,42783.921,,,,,,PUNGGOL ROAD,11.475
punggol_road,Punggol Road,668.0,36148.546,42785.732,,,,,,PUNGGOL ROAD,11.481
punggol_road,Punggol Road,670.0,36149.396,42787.542,,,,,,PUNGGOL ROAD,11.488
punggol_road,Punggol Road,672.0,36150.245,42789.353,,,,,,PUNGGOL ROAD,11.494
punggol_road,Punggol Road,674.0,36151.095,42791.163,,,,,,PUNGGOL ROAD,11.501
punggol_road,Punggol Road,676.0,36151.944,42792.974,,,,,,PUNGGOL ROAD,11.508
punggol_road,Punggol Road,678.0,36152.794,42794.785,,,,,,PUNGGOL ROAD,11.514
punggol_road,Punggol Road,680.0,36153.643,42796.595,,,,,,PUNGGOL ROAD,11.521
punggol_road,Punggol Road,682.0,36154.493,42798.406,,,,,,PUNGGOL ROAD,11.527
punggol_road,Punggol Road,684.0,36155.343,42800.216,,,,,,PUNGGOL ROAD,11.534
punggol_road,Punggol Road,686.0,36156.192,42802.027,,,,,,PUNGGOL ROAD,11.54
punggol_road,Punggol Road,688.0,36157.042,42803.838,,,,,,PUNGGOL ROAD,11.547
punggol_road,Punggol Road,690.0,36157.891,42805.648,,,,,,PUNGGOL ROAD,11.553
punggol_road,Punggol Road,692.0,36158.741,42807.459,,,,,,PUNGGOL ROAD,11.56
punggol_road,Punggol Road,694.0,36159.59,42809.27,,,,,,PUNGGOL ROAD,11.566
punggol_road,Punggol Road,696.0,36160.44,42811.08,,,,,,PUNGGOL ROAD,11.573
punggol_road,Punggol Road,698.0,36161.289,42812.891,,,,,,PUNGGOL ROAD,11.58
punggol_road,Punggol Road,700.0,36162.139,42814.701,,,,,,PUNGGOL ROAD,11.586
punggol_road,Punggol Road,702.0,36162.988,42816.512,,,,,,PUNGGOL ROAD,11.593
punggol_road,Punggol Road,704.0,36163.838,42818.323,,,,,,PUNGGOL ROAD,11.599
punggol_road,Punggol Road,706.0,36164.687,42820.133,,,,,,PUNGGOL ROAD,11.606
punggol_road,Punggol Road,708.0,36165.537,42821.944,,,,,,PUNGGOL ROAD,11.612
punggol_road,Punggol Road,710.0,36166.386,42823.754,,,,,,PUNGGOL ROAD,11.619
punggol_road,Punggol Road,712.0,36167.236,42825.565,,,,,,PUNGGOL ROAD,11.625
punggol_road,Punggol Road,714.0,36168.085,42827.376,,,,,,PUNGGOL ROAD,11.632
punggol_road,Punggol Road,716.0,36168.935,42829.186,,,,,,PUNGGOL ROAD,11.638
punggol_road,Punggol Road,718.0,36169.784,42830.997,,,,,,PUNGGOL ROAD,11.645
punggol_road,Punggol Road,720.0,36170.634,42832.808,,,,,,PUNGGOL ROAD,11.652
punggol_road,Punggol Road,722.0,36171.483,42834.618,,,,,,PUNGGOL ROAD,11.658
punggol_road,Punggol Road,724.0,36172.333,42836.429,,,,,,PUNGGOL ROAD,11.665
punggol_road,Punggol Road,726.0,36173.182,42838.239,,,,,,PUNGGOL ROAD,11.671
punggol_road,Punggol Road,728.0,36174.032,42840.05,,,,,,PUNGGOL ROAD,11.678
punggol_road,Punggol Road,730.0,36174.881,42841.861,,,,,,PUNGGOL ROAD,11.684
punggol_road,Punggol Road,732.0,36175.731,42843.671,,,,,,PUNGGOL ROAD,11.691
punggol_road,Punggol Road,734.0,36176.58,42845.482,,,,,,PUNGGOL ROAD,11.697
punggol_road,Punggol Road,736.0,36177.43,42847.292,,,,,,PUNGGOL ROAD,11.704
punggol_road,Punggol Road,738.0,36178.279,42849.103,,,,,,PUNGGOL ROAD,11.71
punggol_road,Punggol Road,740.0,36179.129,42850.914,,,,,,PUNGGOL ROAD,11.717
punggol_road,Punggol Road,742.0,36179.978,42852.724,,,,,,PUNGGOL ROAD,11.723
punggol_road,Punggol Road,744.0,36180.828,42854.535,,,,,,PUNGGOL ROAD,11.73
punggol_road,Punggol Road,746.0,36181.677,42856.346,,,,,,PUNGGOL ROAD,11.737
punggol_road,Punggol Road,748.0,36182.527,42858.156,,,,,,PUNGGOL ROAD,11.743
punggol_road,Punggol Road,750.0,36183.376,42859.967,,,,,,PUNGGOL ROAD,11.75
punggol_road,Punggol Road,752.0,36184.226,42861.777,,,,,,PUNGGOL ROAD,11.756
punggol_road,Punggol Road,754.0,36185.075,42863.588,,,,,,PUNGGOL ROAD,11.763
punggol_road,Punggol Road,756.0,36185.925,42865.399,,,,,,PUNGGOL ROAD,11.769
punggol_road,Punggol Road,758.0,36186.774,42867.209,,,,,,PUNGGOL ROAD,11.776
punggol_road,Punggol Road,760.0,36187.624,42869.02,,,,,,PUNGGOL ROAD,11.782
punggol_road,Punggol Road,762.0,36188.473,42870.831,,,,,,PUNGGOL ROAD,11.789
punggol_road,Punggol Road,764.0,36189.323,42872.641,,,,,,PUNGGOL ROAD,11.795
punggol_road,Punggol Road,766.0,36190.172,42874.452,,,,,,PUNGGOL ROAD,11.802
punggol_road,Punggol Road,768.0,36191.022,42876.262,,,,,,PUNGGOL ROAD,11.809
punggol_road,Punggol Road,770.0,36191.871,42878.073,,,,,,PUNGGOL ROAD,11.815
punggol_road,Punggol Road,772.0,36192.721,42879.884,,,,,,PUNGGOL ROAD,11.822
punggol_road,Punggol Road,774.0,36193.57,42881.694,,,,,,PUNGGOL ROAD,11.828
punggol_road,Punggol Road,776.0,36194.42,42883.505,,,,,,PUNGGOL ROAD,11.835
punggol_road,Punggol Road,778.0,36195.269,42885.315,,,,,,PUNGGOL ROAD,11.841
punggol_road,Punggol Road,780.0,36196.119,42887.126,,,,,,PUNGGOL ROAD,11.848
punggol_road,Punggol Road,782.0,36196.969,42888.937,,,,,,PUNGGOL ROAD,11.854
punggol_road,Punggol Road,784.0,36197.818,42890.747,,,,,,PUNGGOL ROAD,11.861
punggol_road,Punggol Road,786.0,36198.668,42892.558,,,,,,PUNGGOL ROAD,11.867
punggol_road,Punggol Road,788.0,36199.517,42894.369,,,,,,PUNGGOL ROAD,11.874
punggol_road,Punggol Road,790.0,36200.367,42896.179,,,,,,PUNGGOL ROAD,11.881
punggol_road,Punggol Road,792.0,36201.216,42897.99,,,,,,PUNGGOL ROAD,11.887
punggol_road,Punggol Road,794.0,36202.066,42899.8,,,,,,PUNGGOL ROAD,11.894
punggol_road,Punggol Road,796.0,36202.915,42901.611,,,,,,PUNGGOL ROAD,11.9
punggol_road,Punggol Road,798.0,36203.765,42903.422,,,,,,PUNGGOL ROAD,11.907
punggol_road,Punggol Road,800.0,36204.614,42905.232,,,,,,PUNGGOL ROAD,11.913
punggol_road,Punggol Road,802.0,36205.464,42907.043,,,,,,PUNGGOL ROAD,11.92
punggol_road,Punggol Road,804.0,36206.313,42908.853,,,,,,PUNGGOL ROAD,11.926
punggol_road,Punggol Road,806.0,36207.163,42910.664,,,,,,PUNGGOL ROAD,11.933
punggol_road,Punggol Road,808.0,36208.012,42912.475,,,,,,PUNGGOL ROAD,11.939
punggol_road,Punggol Road,810.0,36208.862,42914.285,,,,,,PUNGGOL ROAD,11.946
punggol_road,Punggol Road,812.0,36209.711,42916.096,,,,,,PUNGGOL ROAD,11.952
punggol_road,Punggol Road,814.0,36210.561,42917.907,,,,,,PUNGGOL ROAD,11.959
punggol_road,Punggol Road,816.0,36211.41,42919.717,,,,,,PUNGGOL ROAD,11.966
punggol_road,Punggol Road,818.0,36212.26,42921.528,,,,,,PUNGGOL ROAD,11.972
punggol_road,Punggol Road,820.0,36213.109,42923.338,,,,,,PUNGGOL ROAD,11.979
punggol_road,Punggol Road,822.0,36213.959,42925.149,,,,,,PUNGGOL ROAD,11.985
punggol_road,Punggol Road,824.0,36214.808,42926.96,,,,,,PUNGGOL ROAD,11.992
punggol_road,Punggol Road,826.0,36215.658,42928.77,,,,,,PUNGGOL ROAD,11.998
punggol_road,Punggol Road,828.0,36216.507,42930.581,,,,,,PUNGGOL ROAD,12.005
punggol_road,Punggol Road,830.0,36217.357,42932.391,,,,,,PUNGGOL ROAD,12.011
punggol_road,Punggol Road,832.0,36218.206,42934.202,,,,,,PUNGGOL ROAD,12.018
punggol_road,Punggol Road,834.0,36219.056,42936.013,,,,,,PUNGGOL ROAD,12.024
punggol_road,Punggol Road,836.0,36219.905,42937.823,,,,,,PUNGGOL ROAD,12.031
punggol_road,Punggol Road,838.0,36220.755,42939.634,,,,,,PUNGGOL ROAD,12.038
punggol_road,Punggol Road,840.0,36221.604,42941.445,,,,,,PUNGGOL ROAD,12.044
punggol_road,Punggol Road,842.0,36222.454,42943.255,,,,,,PUNGGOL ROAD,12.051
punggol_road,Punggol Road,844.0,36223.303,42945.066,,,,,,PUNGGOL ROAD,12.057
punggol_road,Punggol Road,846.0,36224.153,42946.876,,,,,,PUNGGOL ROAD,12.064
punggol_road,Punggol Road,848.0,36225.002,42948.687,,,,,,PUNGGOL ROAD,12.07
punggol_road,Punggol Road,850.0,36225.852,42950.498,,,,,,PUNGGOL ROAD,12.077
punggol_road,Punggol Road,852.0,36226.701,42952.308,,,,,,PUNGGOL ROAD,12.083
punggol_road,Punggol Road,854.0,36227.551,42954.119,,,,,,PUNGGOL ROAD,12.09
punggol_road,Punggol Road,856.0,36228.4,42955.929,,,,,,PUNGGOL ROAD,12.096
punggol_road,Punggol Road,858.0,36229.25,42957.74,,,,,,PUNGGOL ROAD,12.103
punggol_road,Punggol Road,860.0,36230.099,42959.551,,,,,,PUNGGOL ROAD,12.109
punggol_road,Punggol Road,862.0,36230.949,42961.361,,,,,,PUNGGOL ROAD,12.116
punggol_road,Punggol Road,864.0,36231.798,42963.172,,,,,,PUNGGOL ROAD,12.123
punggol_road,Punggol Road,866.0,36232.648,42964.983,,,,,,PUNGGOL ROAD,12.129
punggol_road,Punggol Road,868.0,36233.497,42966.793,,,,,,PUNGGOL ROAD,12.136
punggol_road,Punggol Road,870.0,36234.347,42968.604,,,,,,PUNGGOL ROAD,12.142
punggol_road,Punggol Road,872.0,36235.196,42970.414,,,,,,PUNGGOL ROAD,12.149
punggol_road,Punggol Road,874.0,36236.046,42972.225,,,,,,PUNGGOL ROAD,12.155
punggol_road,Punggol Road,876.0,36236.895,42974.036,,,,,,PUNGGOL ROAD,12.162
punggol_road,Punggol Road,878.0,36237.745,42975.846,,,,,,PUNGGOL ROAD,12.168
punggol_road,Punggol Road,880.0,36238.594,42977.657,,,,,,PUNGGOL ROAD,12.175
punggol_road,Punggol Road,882.0,36239.444,42979.468,,,,,,PUNGGOL ROAD,12.181
punggol_road,Punggol Road,884.0,36240.294,42981.278,,,,,,PUNGGOL ROAD,12.188
punggol_road,Punggol Road,886.0,36241.143,42983.089,,,,,,PUNGGOL ROAD,12.195
punggol_road,Punggol Road,888.0,36241.993,42984.899,,,,,,PUNGGOL ROAD,12.201
punggol_road,Punggol Road,890.0,36242.842,42986.71,,,,,,PUNGGOL ROAD,12.208
punggol_road,Punggol Road,892.0,36243.692,42988.521,,,,,,PUNGGOL ROAD,12.214
punggol_road,Punggol Road,894.0,36244.541,42990.331,,,,,,PUNGGOL ROAD,12.221
punggol_road,Punggol Road,896.0,36245.391,42992.142,,,,,,PUNGGOL ROAD,12.227
punggol_road,Punggol Road,898.0,36246.24,42993.952,,,,,,PUNGGOL ROAD,12.234
punggol_road,Punggol Road,900.0,36247.09,42995.763,,,,,,PUNGGOL ROAD,12.24
punggol_road,Punggol Road,902.0,36247.939,42997.574,,,,,,PUNGGOL ROAD,12.247
punggol_road,Punggol Road,904.0,36248.789,42999.384,,,,,,PUNGGOL ROAD,12.253
punggol_road,Punggol Road,906.0,36249.638,43001.195,,,,,,PUNGGOL ROAD,12.26
punggol_road,Punggol Road,908.0,36250.488,43003.006,,,,,,PUNGGOL ROAD,12.266
punggol_road,Punggol Road,910.0,36251.337,43004.816,,,,,,PUNGGOL ROAD,12.273
punggol_road,Punggol Road,912.0,36252.187,43006.627,,,,,,PUNGGOL ROAD,12.28
punggol_road,Punggol Road,914.0,36253.036,43008.437,,,,,,PUNGGOL ROAD,12.286
punggol_road,Punggol Road,916.0,36253.886,43010.248,,,,,,PUNGGOL ROAD,12.293
punggol_road,Punggol Road,918.0,36254.735,43012.059,,,,,,PUNGGOL ROAD,12.299
punggol_road,Punggol Road,920.0,36255.585,43013.869,,,,,,PUNGGOL ROAD,12.306
punggol_road,Punggol Road,922.0,36256.434,43015.68,,,,,,PUNGGOL ROAD,12.312
punggol_road,Punggol Road,924.0,36257.284,43017.49,,,,,,PUNGGOL ROAD,12.319
punggol_road,Punggol Road,926.0,36258.133,43019.301,,,,,,PUNGGOL ROAD,12.325
punggol_road,Punggol Road,928.0,36258.983,43021.112,,,,,,PUNGGOL ROAD,12.332
punggol_road,Punggol Road,930.0,36259.832,43022.922,,,,,,PUNGGOL ROAD,12.338
punggol_road,Punggol Road,932.0,36260.682,43024.733,,,,,,PUNGGOL ROAD,12.345
punggol_road,Punggol Road,934.0,36261.531,43026.544,,,,,,PUNGGOL ROAD,12.352
punggol_road,Punggol Road,936.0,36262.381,43028.354,,,,,,PUNGGOL ROAD,12.358
punggol_road,Punggol Road,938.0,36263.23,43030.165,,,,,,PUNGGOL ROAD,12.365
punggol_road,Punggol Road,940.0,36264.08,43031.975,,,,,,PUNGGOL ROAD,12.371
punggol_road,Punggol Road,942.0,36264.929,43033.786,,,,,,PUNGGOL ROAD,12.378
punggol_road,Punggol Road,944.0,36265.779,43035.597,,,,,,PUNGGOL ROAD,12.384
punggol_road,Punggol Road,946.0,36266.628,43037.407,,,,,,PUNGGOL ROAD,12.391
punggol_road,Punggol Road,948.0,36267.478,43039.218,,,,,,PUNGGOL ROAD,12.397
punggol_road,Punggol Road,950.0,36268.327,43041.028,,,,,,PUNGGOL ROAD,12.404
punggol_road,Punggol Road,952.0,36269.177,43042.839,,,,,,PUNGGOL ROAD,12.41
punggol_road,Punggol Road,954.0,36270.026,43044.65,,,,,,PUNGGOL ROAD,12.417
punggol_road,Punggol Road,956.0,36270.876,43046.46,,,,,,PUNGGOL ROAD,12.424
punggol_road,Punggol Road,958.0,36271.725,43048.271,,,,,,PUNGGOL ROAD,12.43
punggol_road,Punggol Road,960.0,36272.575,43050.082,,,,,,PUNGGOL ROAD,12.437
punggol_road,Punggol Road,962.0,36273.424,43051.892,,,,,,PUNGGOL ROAD,12.443
punggol_road,Punggol Road,964.0,36274.274,43053.703,,,,,,PUNGGOL ROAD,12.45
punggol_road,Punggol Road,966.0,36275.123,43055.513,,,,,,PUNGGOL ROAD,12.456
punggol_road,Punggol Road,968.0,36275.022,43057.127,,,,,,PUNGGOL ROAD,11.684
punggol_road,Punggol Road,970.0,36273.523,43058.45,,,,,,PUNGGOL ROAD,9.766
punggol_road,Punggol Road,972.0,36272.024,43059.774,,,,,,PUNGGOL ROAD,7.849
punggol_road,Punggol Road,974.0,36270.524,43061.098,,,,,,PUNGGOL ROAD,5.931
punggol_road,Punggol Road,976.0,36268.997,43062.388,,,,,,PUNGGOL ROAD,4.001
punggol_road,Punggol Road,978.0,36267.455,43063.662,,,,,,PUNGGOL ROAD,2.066
punggol_road,Punggol Road,980.0,36265.913,43064.936,,,,,,PUNGGOL ROAD,0.131
punggol_road,Punggol Road,982.0,36264.372,43066.21,,,,,,PUNGGOL ROAD,1.804
punggol_road,Punggol Road,984.0,36262.83,43067.485,,,,,,PUNGGOL ROAD,3.739
punggol_road,Punggol Road,986.0,36261.288,43068.759,,,,,,PUNGGOL ROAD,5.675
punggol_road,Punggol Road,988.0,36262.058,43069.845,,,,,,PUNGGOL ROAD,5.435
punggol_road,Punggol Road,990.0,36263.785,43070.854,,,,,,PUNGGOL ROAD,4.295
punggol_road,Punggol Road,992.0,36265.512,43071.863,,,,,,PUNGGOL ROAD,3.155
punggol_road,Punggol Road,994.0,36267.239,43072.872,,,,,,PUNGGOL ROAD,2.015
punggol_road,Punggol Road,996.0,36268.965,43073.881,,,,,,PUNGGOL ROAD,0.874
punggol_road,Punggol Road,998.0,36270.692,43074.89,,,,,,PUNGGOL ROAD,0.206
punggol_road,Punggol Road,1000.0,36272.419,43075.899,,,,,,PUNGGOL ROAD,1.156
punggol_road,Punggol Road,1002.0,36274.146,43076.908,,,,,,PUNGGOL ROAD,2.106
punggol_road,Punggol Road,1004.0,36275.873,43077.917,,,,,,PUNGGOL ROAD,3.056
punggol_road,Punggol Road,1024.0,36293.142,43088.006,,,,,,PUNGGOL ROAD,12.661
punggol_road,Punggol Road,1026.0,36294.868,43089.015,,,,,,PUNGGOL ROAD,13.625
punggol_road,Punggol Road,1028.0,36296.276,43089.665,,,,,,PUNGGOL ROAD,14.5
punggol_road,Punggol Road,1064.0,36281.891,43056.664,,,,,,PUNGGOL ROAD,18.107
punggol_road,Punggol Road,1066.0,36281.092,43054.83,,,,,,PUNGGOL ROAD,18.156
punggol_road,Punggol Road,1068.0,36280.292,43052.997,,,,,,PUNGGOL ROAD,18.204
punggol_road,Punggol Road,1070.0,36279.493,43051.163,,,,,,PUNGGOL ROAD,18.253
punggol_road,Punggol Road,1072.0,36278.694,43049.33,,,,,,PUNGGOL ROAD,18.302
punggol_road,Punggol Road,1074.0,36277.895,43047.497,,,,,,PUNGGOL ROAD,18.351
punggol_road,Punggol Road,1076.0,36277.096,43045.663,,,,,,PUNGGOL ROAD,18.399
punggol_road,Punggol Road,1078.0,36276.297,43043.83,,,,,,PUNGGOL ROAD,18.448
punggol_road,Punggol Road,1080.0,36275.498,43041.996,,,,,,PUNGGOL ROAD,18.497
punggol_road,Punggol Road,1082.0,36274.698,43040.163,,,,,,PUNGGOL ROAD,18.545
punggol_road,Punggol Road,1084.0,36273.899,43038.33,,,,,,PUNGGOL ROAD,18.594
punggol_road,Punggol Road,1086.0,36273.1,43036.496,,,,,,PUNGGOL ROAD,18.643
punggol_road,Punggol Road,1088.0,36272.301,43034.663,,,,,,PUNGGOL ROAD,18.692
punggol_road,Punggol Road,1090.0,36271.502,43032.829,,,,,,PUNGGOL ROAD,18.74
punggol_road,Punggol Road,1092.0,36270.703,43030.996,,,,,,PUNGGOL ROAD,18.789
punggol_road,Punggol Road,1094.0,36269.903,43029.163,,,,,,PUNGGOL ROAD,18.838
punggol_road,Punggol Road,1096.0,36269.104,43027.329,,,,,,PUNGGOL ROAD,18.886
punggol_road,Punggol Road,1098.0,36268.305,43025.496,,,,,,PUNGGOL ROAD,18.935
punggol_road,Punggol Road,1100.0,36267.506,43023.663,,,,,,PUNGGOL ROAD,18.984
punggol_road,Punggol Road,1102.0,36266.707,43021.829,,,,,,PUNGGOL ROAD,19.033
punggol_road,Punggol Road,1104.0,36265.908,43019.996,,,,,,PUNGGOL ROAD,19.081
punggol_road,Punggol Road,1106.0,36265.108,43018.162,,,,,,PUNGGOL ROAD,19.13
punggol_road,Punggol Road,1108.0,36264.309,43016.329,,,,,,PUNGGOL ROAD,19.179
punggol_road,Punggol Road,1110.0,36263.51,43014.496,,,,,,PUNGGOL ROAD,19.227
punggol_road,Punggol Road,1112.0,36262.711,43012.662,,,,,,PUNGGOL ROAD,19.276
punggol_road,Punggol Road,1114.0,36261.912,43010.829,,,,,,PUNGGOL ROAD,19.325
punggol_road,Punggol Road,1116.0,36261.113,43008.995,,,,,,PUNGGOL ROAD,19.374
punggol_road,Punggol Road,1118.0,36260.313,43007.162,,,,,,PUNGGOL ROAD,19.422
punggol_road,Punggol Road,1120.0,36259.514,43005.329,,,,,,PUNGGOL ROAD,19.471
punggol_road,Punggol Road,1122.0,36258.715,43003.495,,,,,,PUNGGOL ROAD,19.52
punggol_road,Punggol Road,1124.0,36257.916,43001.662,,,,,,PUNGGOL ROAD,19.568
punggol_road,Punggol Road,1126.0,36257.117,42999.828,,,,,,PUNGGOL ROAD,19.617
punggol_road,Punggol Road,1128.0,36256.318,42997.995,,,,,,PUNGGOL ROAD,19.666
punggol_road,Punggol Road,1130.0,36255.518,42996.162,,,,,,PUNGGOL ROAD,19.715
punggol_road,Punggol Road,1132.0,36254.719,42994.328,,,,,,PUNGGOL ROAD,19.763
punggol_road,Punggol Road,1134.0,36253.92,42992.495,,,,,,PUNGGOL ROAD,19.812
punggol_road,Punggol Road,1136.0,36253.121,42990.661,,,,,,PUNGGOL ROAD,19.861
punggol_road,Punggol Road,1138.0,36252.322,42988.828,,,,,,PUNGGOL ROAD,19.909
punggol_road,Punggol Road,1140.0,36251.523,42986.995,,,,,,PUNGGOL ROAD,19.958
punggol_road,Punggol Road,1142.0,36250.723,42985.161,,,,,,PUNGGOL ROAD,20.007
punggol_road,Punggol Road,1144.0,36249.924,42983.328,,,,,,PUNGGOL ROAD,20.056
punggol_road,Punggol Road,1146.0,36249.125,42981.494,,,,,,PUNGGOL ROAD,20.104
punggol_road,Punggol Road,1148.0,36248.326,42979.661,,,,,,PUNGGOL ROAD,20.153
punggol_road,Punggol Road,1150.0,36247.527,42977.828,,,,,,PUNGGOL ROAD,20.202
punggol_road,Punggol Road,1152.0,36246.728,42975.994,,,,,,PUNGGOL ROAD,20.25
punggol_road,Punggol Road,1154.0,36245.928,42974.161,,,,,,PUNGGOL ROAD,20.299
punggol_road,Punggol Road,1156.0,36245.129,42972.327,,,,,,PUNGGOL ROAD,20.348
punggol_road,Punggol Road,1158.0,36244.33,42970.494,,,,,,PUNGGOL ROAD,20.397
punggol_road,Punggol Road,1160.0,36243.531,42968.661,,,,,,PUNGGOL ROAD,20.445
punggol_road,Punggol Road,1162.0,36242.732,42966.827,,,,,,PUNGGOL ROAD,20.494
punggol_road,Punggol Road,1164.0,36241.933,42964.994,,,,,,PUNGGOL ROAD,20.543
punggol_road,Punggol Road,1166.0,36241.133,42963.16,,,,,,PUNGGOL ROAD,20.591
punggol_road,Punggol Road,1168.0,36240.334,42961.327,,,,,,PUNGGOL ROAD,20.64
punggol_road,Punggol Road,1170.0,36239.535,42959.494,,,,,,PUNGGOL ROAD,20.689
punggol_road,Punggol Road,1172.0,36238.736,42957.66,,,,,,PUNGGOL ROAD,20.738
punggol_road,Punggol Road,1174.0,36237.937,42955.827,,,,,,PUNGGOL ROAD,20.786
punggol_road,Punggol Road,1176.0,36237.138,42953.993,,,,,,PUNGGOL ROAD,20.835
punggol_road,Punggol Road,1178.0,36236.338,42952.16,,,,,,PUNGGOL ROAD,20.884
punggol_road,Punggol Road,1180.0,36235.539,42950.327,,,,,,PUNGGOL ROAD,20.932
punggol_road,Punggol Road,1182.0,36234.74,42948.493,,,,,,PUNGGOL ROAD,20.981
punggol_road,Punggol Road,1184.0,36233.941,42946.66,,,,,,PUNGGOL ROAD,21.03
punggol_road,Punggol Road,1186.0,36233.142,42944.827,,,,,,PUNGGOL ROAD,21.079
punggol_road,Punggol Road,1188.0,36232.343,42942.993,,,,,,PUNGGOL ROAD,21.127
punggol_road,Punggol Road,1190.0,36231.543,42941.16,,,,,,PUNGGOL ROAD,21.176
punggol_road,Punggol Road,1192.0,36230.744,42939.326,,,,,,PUNGGOL ROAD,21.225
punggol_road,Punggol Road,1194.0,36229.945,42937.493,,,,,,PUNGGOL ROAD,21.273
punggol_road,Punggol Road,1196.0,36229.146,42935.66,,,,,,PUNGGOL ROAD,21.322
punggol_road,Punggol Road,1198.0,36228.347,42933.826,,,,,,PUNGGOL ROAD,21.371
punggol_road,Punggol Road,1200.0,36227.548,42931.993,,,,,,PUNGGOL ROAD,21.42
punggol_road,Punggol Road,1202.0,36226.749,42930.159,,,,,,PUNGGOL ROAD,21.468
punggol_road,Punggol Road,1204.0,36225.949,42928.326,,,,,,PUNGGOL ROAD,21.517
punggol_road,Punggol Road,1206.0,36225.15,42926.493,,,,,,PUNGGOL ROAD,21.566
punggol_road,Punggol Road,1208.0,36224.351,42924.659,,,,,,PUNGGOL ROAD,21.614
punggol_road,Punggol Road,1210.0,36223.552,42922.826,,,,,,PUNGGOL ROAD,21.663
punggol_road,Punggol Road,1212.0,36222.753,42920.992,,,,,,PUNGGOL ROAD,21.712
punggol_road,Punggol Road,1214.0,36221.954,42919.159,,,,,,PUNGGOL ROAD,21.761
punggol_road,Punggol Road,1216.0,36221.154,42917.326,,,,,,PUNGGOL ROAD,21.809
punggol_road,Punggol Road,1218.0,36220.355,42915.492,,,,,,PUNGGOL ROAD,21.858
punggol_road,Punggol Road,1220.0,36219.556,42913.659,,,,,,PUNGGOL ROAD,21.907
punggol_road,Punggol Road,1222.0,36218.757,42911.825,,,,,,PUNGGOL ROAD,21.955
punggol_road,Punggol Road,1224.0,36217.958,42909.992,,,,,,PUNGGOL ROAD,22.004
punggol_road,Punggol Road,1226.0,36217.159,42908.159,,,,,,PUNGGOL ROAD,22.053
punggol_road,Punggol Road,1228.0,36216.359,42906.325,,,,,,PUNGGOL ROAD,22.102
punggol_road,Punggol Road,1230.0,36215.56,42904.492,,,,,,PUNGGOL ROAD,22.15
punggol_road,Punggol Road,1232.0,36214.761,42902.658,,,,,,PUNGGOL ROAD,22.199
punggol_road,Punggol Road,1234.0,36213.962,42900.825,,,,,,PUNGGOL ROAD,22.248
punggol_road,Punggol Road,1236.0,36213.163,42898.992,,,,,,PUNGGOL ROAD,22.296
punggol_road,Punggol Road,1238.0,36212.364,42897.158,,,,,,PUNGGOL ROAD,22.345
punggol_road,Punggol Road,1240.0,36211.564,42895.325,,,,,,PUNGGOL ROAD,22.394
punggol_road,Punggol Road,1242.0,36210.765,42893.491,,,,,,PUNGGOL ROAD,22.443
punggol_road,Punggol Road,1244.0,36209.966,42891.658,,,,,,PUNGGOL ROAD,22.491
punggol_road,Punggol Road,1246.0,36209.167,42889.825,,,,,,PUNGGOL ROAD,22.54
punggol_road,Punggol Road,1248.0,36208.368,42887.991,,,,,,PUNGGOL ROAD,22.589
punggol_road,Punggol Road,1250.0,36207.569,42886.158,,,,,,PUNGGOL ROAD,22.637
punggol_road,Punggol Road,1252.0,36206.769,42884.324,,,,,,PUNGGOL ROAD,22.686
punggol_road,Punggol Road,1254.0,36205.97,42882.491,,,,,,PUNGGOL ROAD,22.735
punggol_road,Punggol Road,1256.0,36205.171,42880.658,,,,,,PUNGGOL ROAD,22.784
punggol_road,Punggol Road,1258.0,36204.372,42878.824,,,,,,PUNGGOL ROAD,22.832
punggol_road,Punggol Road,1260.0,36203.573,42876.991,,,,,,PUNGGOL ROAD,22.881
punggol_road,Punggol Road,1262.0,36202.774,42875.158,,,,,,PUNGGOL ROAD,22.93
punggol_road,Punggol Road,1264.0,36201.974,42873.324,,,,,,PUNGGOL ROAD,22.978
punggol_road,Punggol Road,1266.0,36201.175,42871.491,,,,,,PUNGGOL ROAD,23.027
punggol_road,Punggol Road,1268.0,36200.376,42869.657,,,,,,PUNGGOL ROAD,23.076
punggol_road,Punggol Road,1270.0,36199.577,42867.824,,,,,,PUNGGOL ROAD,23.125
punggol_road,Punggol Road,1272.0,36198.778,42865.991,,,,,,PUNGGOL ROAD,23.173
punggol_road,Punggol Road,1274.0,36197.979,42864.157,,,,,,PUNGGOL ROAD,23.222
punggol_road,Punggol Road,1276.0,36197.179,42862.324,,,,,,PUNGGOL ROAD,23.271
punggol_road,Punggol Road,1278.0,36196.38,42860.49,,,,,,PUNGGOL ROAD,23.319
punggol_road,Punggol Road,1280.0,36195.581,42858.657,,,,,,PUNGGOL ROAD,23.368
punggol_road,Punggol Road,1282.0,36194.782,42856.824,,,,,,PUNGGOL ROAD,23.417
punggol_road,Punggol Road,1284.0,36193.983,42854.99,,,,,,PUNGGOL ROAD,23.466
punggol_road,Punggol Road,1286.0,36193.184,42853.157,,,,,,PUNGGOL ROAD,23.514
punggol_road,Punggol Road,1288.0,36192.384,42851.323,,,,,,PUNGGOL ROAD,23.563
punggol_road,Punggol Road,1290.0,36191.585,42849.49,,,,,,PUNGGOL ROAD,23.612
punggol_road,Punggol Road,1292.0,36190.786,42847.657,,,,,,PUNGGOL ROAD,23.66
punggol_road,Punggol Road,1294.0,36189.987,42845.823,,,,,,PUNGGOL ROAD,23.709
punggol_road,Punggol Road,1296.0,36189.188,42843.99,,,,,,PUNGGOL ROAD,23.758
punggol_road,Punggol Road,1298.0,36188.389,42842.156,,,,,,PUNGGOL ROAD,23.807
punggol_road,Punggol Road,1300.0,36187.589,42840.323,,,,,,PUNGGOL ROAD,23.855
punggol_road,Punggol Road,1302.0,36186.79,42838.49,,,,,,PUNGGOL ROAD,23.904
punggol_road,Punggol Road,1304.0,36185.991,42836.656,,,,,,PUNGGOL ROAD,23.953
punggol_road,Punggol Road,1306.0,36185.192,42834.823,,,,,,PUNGGOL ROAD,24.001
punggol_road,Punggol Road,1308.0,36184.393,42832.989,,,,,,PUNGGOL ROAD,24.05
punggol_road,Punggol Road,1310.0,36183.594,42831.156,,,,,,PUNGGOL ROAD,24.099
punggol_road,Punggol Road,1312.0,36182.795,42829.323,,,,,,PUNGGOL ROAD,24.148
punggol_road,Punggol Road,1314.0,36181.995,42827.489,,,,,,PUNGGOL ROAD,24.196
punggol_road,Punggol Road,1316.0,36181.196,42825.656,,,,,,PUNGGOL ROAD,24.245
punggol_road,Punggol Road,1318.0,36180.397,42823.822,,,,,,PUNGGOL ROAD,24.294
punggol_road,Punggol Road,1320.0,36179.598,42821.989,,,,,,PUNGGOL ROAD,24.342
punggol_road,Punggol Road,1322.0,36178.799,42820.156,,,,,,PUNGGOL ROAD,24.391
punggol_road,Punggol Road,1324.0,36178.0,42818.322,,,,,,PUNGGOL ROAD,24.44
punggol_road,Punggol Road,1326.0,36177.2,42816.489,,,,,,PUNGGOL ROAD,24.489
punggol_road,Punggol Road,1328.0,36176.401,42814.655,,,,,,PUNGGOL ROAD,24.537
punggol_road,Punggol Road,1330.0,36175.602,42812.822,,,,,,PUNGGOL ROAD,24.586
punggol_road,Punggol Road,1332.0,36174.803,42810.989,,,,,,PUNGGOL ROAD,24.635
punggol_road,Punggol Road,1334.0,36174.004,42809.155,,,,,,PUNGGOL ROAD,24.683
punggol_road,Punggol Road,1336.0,36173.205,42807.322,,,,,,PUNGGOL ROAD,24.732
punggol_road,Punggol Road,1338.0,36172.405,42805.489,,,,,,PUNGGOL ROAD,24.781
punggol_road,Punggol Road,1340.0,36171.606,42803.655,,,,,,PUNGGOL ROAD,24.83
punggol_road,Punggol Road,1342.0,36170.807,42801.822,,,,,,PUNGGOL ROAD,24.878
punggol_road,Punggol Road,1344.0,36170.008,42799.988,,,,,,PUNGGOL ROAD,24.927
punggol_road,Punggol Road,1346.0,36169.209,42798.155,,,,,,PUNGGOL ROAD,24.976
punggol_road,Punggol Road,1348.0,36168.41,42796.322,,,,,,PUNGGOL ROAD,25.024
punggol_road,Punggol Road,1350.0,36167.61,42794.488,,,,,,PUNGGOL ROAD,25.073
punggol_road,Punggol Road,1352.0,36166.811,42792.655,,,,,,PUNGGOL ROAD,25.122
punggol_road,Punggol Road,1354.0,36166.012,42790.821,,,,,,PUNGGOL ROAD,25.171
punggol_road,Punggol Road,1356.0,36165.213,42788.988,,,,,,PUNGGOL ROAD,25.219
punggol_road,Punggol Road,1358.0,36164.414,42787.155,,,,,,PUNGGOL ROAD,25.268
punggol_road,Punggol Road,1360.0,36163.615,42785.321,,,,,,PUNGGOL ROAD,25.317
punggol_road,Punggol Road,1362.0,36162.815,42783.488,,,,,,PUNGGOL ROAD,25.365
punggol_road,Punggol Road,1364.0,36162.016,42781.654,,,,,,PUNGGOL ROAD,25.414
punggol_road,Punggol Road,1366.0,36161.217,42779.821,,,,,,PUNGGOL ROAD,25.463
punggol_road,Punggol Road,1368.0,36160.418,42777.988,,,,,,PUNGGOL ROAD,25.512
punggol_road,Punggol Road,1370.0,36159.619,42776.154,,,,,,PUNGGOL ROAD,25.56
punggol_road,Punggol Road,1372.0,36158.82,42774.321,,,,,,PUNGGOL ROAD,25.609
punggol_road,Punggol Road,1374.0,36158.02,42772.487,,,,,,PUNGGOL ROAD,25.658
punggol_road,Punggol Road,1376.0,36157.221,42770.654,,,,,,PUNGGOL ROAD,25.706
punggol_road,Punggol Road,1378.0,36156.422,42768.821,,,,,,PUNGGOL ROAD,25.755
punggol_road,Punggol Road,1380.0,36155.623,42766.987,,,,,,PUNGGOL ROAD,25.804
punggol_road,Punggol Road,1382.0,36154.824,42765.154,,,,,,PUNGGOL ROAD,25.853
punggol_road,Punggol Road,1384.0,36154.025,42763.32,,,,,,PUNGGOL ROAD,25.901
punggol_road,Punggol Road,1386.0,36153.225,42761.487,,,,,,PUNGGOL ROAD,25.95
punggol_road,Punggol Road,1388.0,36152.426,42759.654,,,,,,PUNGGOL ROAD,25.999
punggol_road,Punggol Road,1444.0,36130.05,42708.319,,,,,,PUNGGOL ROAD,25.746
punggol_road,Punggol Road,1446.0,36129.251,42706.485,,,,,,PUNGGOL ROAD,25.717
punggol_road,Punggol Road,1448.0,36128.451,42704.652,,,,,,PUNGGOL ROAD,25.687
punggol_road,Punggol Road,1450.0,36127.652,42702.818,,,,,,PUNGGOL ROAD,25.657
punggol_road,Punggol Road,1452.0,36126.853,42700.985,,,,,,PUNGGOL ROAD,25.628
punggol_road,Punggol Road,1454.0,36126.054,42699.152,,,,,,PUNGGOL ROAD,25.598
punggol_road,Punggol Road,1456.0,36125.255,42697.318,,,,,,PUNGGOL ROAD,25.568
punggol_road,Punggol Road,1458.0,36124.456,42695.485,,,,,,PUNGGOL ROAD,25.539
punggol_road,Punggol Road,1460.0,36123.656,42693.651,,,,,,PUNGGOL ROAD,25.509
punggol_road,Punggol Road,1462.0,36122.857,42691.818,,,,,,PUNGGOL ROAD,25.48
punggol_road,Punggol Road,1464.0,36122.058,42689.985,,,,,,PUNGGOL ROAD,25.45
punggol_road,Punggol Road,1466.0,36121.259,42688.151,,,,,,PUNGGOL ROAD,25.42
punggol_road,Punggol Road,1468.0,36120.46,42686.318,,,,,,PUNGGOL ROAD,25.391
punggol_road,Punggol Road,1470.0,36119.661,42684.484,,,,,,PUNGGOL ROAD,25.361
punggol_road,Punggol Road,1472.0,36118.861,42682.651,,,,,,PUNGGOL ROAD,25.331
punggol_road,Punggol Road,1474.0,36118.062,42680.818,,,,,,PUNGGOL ROAD,25.302
punggol_road,Punggol Road,1476.0,36117.263,42678.984,,,,,,PUNGGOL ROAD,25.272
punggol_road,Punggol Road,1478.0,36116.464,42677.151,,,,,,PUNGGOL ROAD,25.242
punggol_road,Punggol Road,1480.0,36115.665,42675.317,,,,,,PUNGGOL ROAD,25.213
punggol_road,Punggol Road,1482.0,36114.866,42673.484,,,,,,PUNGGOL ROAD,25.183
punggol_road,Punggol Road,1484.0,36114.066,42671.651,,,,,,PUNGGOL ROAD,25.153
punggol_road,Punggol Road,1486.0,36113.267,42669.817,,,,,,PUNGGOL ROAD,25.124
punggol_road,Punggol Road,1488.0,36112.468,42667.984,,,,,,PUNGGOL ROAD,25.094
punggol_road,Punggol Road,1490.0,36111.669,42666.15,,,,,,PUNGGOL ROAD,25.064
punggol_road,Punggol Road,1492.0,36110.87,42664.317,,,,,,PUNGGOL ROAD,25.035
punggol_road,Punggol Road,1494.0,36110.071,42662.484,,,,,,PUNGGOL ROAD,25.005
punggol_road,Punggol Road,1496.0,36109.271,42660.65,,,,,,PUNGGOL ROAD,24.975
punggol_road,Punggol Road,1498.0,36108.472,42658.817,,,,,,PUNGGOL ROAD,24.946
punggol_road,Punggol Road,1500.0,36107.673,42656.984,,,,,,PUNGGOL ROAD,24.916
punggol_road,Punggol Road,1502.0,36106.874,42655.15,,,,,,PUNGGOL ROAD,24.886
punggol_road,Punggol Road,1504.0,36106.075,42653.317,,,,,,PUNGGOL ROAD,24.857
punggol_road,Punggol Road,1506.0,36105.276,42651.483,,,,,,PUNGGOL ROAD,24.827
punggol_road,Punggol Road,1508.0,36104.476,42649.65,,,,,,PUNGGOL ROAD,24.797
punggol_road,Punggol Road,1510.0,36103.677,42647.817,,,,,,PUNGGOL ROAD,24.768
punggol_road,Punggol Road,1512.0,36102.878,42645.983,,,,,,PUNGGOL ROAD,24.738
punggol_road,Punggol Road,1514.0,36102.079,42644.15,,,,,,PUNGGOL ROAD,24.708
punggol_road,Punggol Road,1516.0,36101.28,42642.316,,,,,,PUNGGOL ROAD,24.679
punggol_road,Punggol Road,1518.0,36100.481,42640.483,,,,,,PUNGGOL ROAD,24.649
punggol_road,Punggol Road,1520.0,36099.681,42638.65,,,,,,PUNGGOL ROAD,24.619
punggol_road,Punggol Road,1522.0,36098.882,42636.816,,,,,,PUNGGOL ROAD,24.59
punggol_road,Punggol Road,1524.0,36098.083,42634.983,,,,,,PUNGGOL ROAD,24.56
punggol_road,Punggol Road,1526.0,36097.284,42633.149,,,,,,PUNGGOL ROAD,24.53
punggol_road,Punggol Road,1528.0,36096.485,42631.316,,,,,,PUNGGOL ROAD,24.501
punggol_road,Punggol Road,1530.0,36095.686,42629.483,,,,,,PUNGGOL ROAD,24.471
punggol_road,Punggol Road,1532.0,36094.886,42627.649,,,,,,PUNGGOL ROAD,24.442
punggol_road,Punggol Road,1534.0,36094.087,42625.816,,,,,,PUNGGOL ROAD,24.412
punggol_road,Punggol Road,1536.0,36093.288,42623.982,,,,,,PUNGGOL ROAD,24.382
punggol_road,Punggol Road,1538.0,36092.489,42622.149,,,,,,PUNGGOL ROAD,24.353
punggol_road,Punggol Road,1540.0,36091.69,42620.316,,,,,,PUNGGOL ROAD,24.323
punggol_road,Punggol Road,1542.0,36090.891,42618.482,,,,,,PUNGGOL ROAD,24.293
punggol_road,Punggol Road,1544.0,36090.092,42616.649,,,,,,PUNGGOL ROAD,24.264
punggol_road,Punggol Road,1546.0,36089.292,42614.815,,,,,,PUNGGOL ROAD,24.234
punggol_road,Punggol Road,1548.0,36088.493,42612.982,,,,,,PUNGGOL ROAD,24.204
punggol_road,Punggol Road,1550.0,36087.694,42611.149,,,,,,PUNGGOL ROAD,24.175
punggol_road,Punggol Road,1552.0,36086.895,42609.315,,,,,,PUNGGOL ROAD,24.145
punggol_road,Punggol Road,1554.0,36086.096,42607.482,,,,,,PUNGGOL ROAD,24.115
punggol_road,Punggol Road,1556.0,36085.297,42605.648,,,,,,PUNGGOL ROAD,24.086
punggol_road,Punggol Road,1558.0,36084.497,42603.815,,,,,,PUNGGOL ROAD,24.056
punggol_road,Punggol Road,1560.0,36083.698,42601.982,,,,,,PUNGGOL ROAD,24.026
punggol_road,Punggol Road,1562.0,36082.899,42600.148,,,,,,PUNGGOL ROAD,23.997
punggol_road,Punggol Road,1564.0,36082.1,42598.315,,,,,,PUNGGOL ROAD,23.967
punggol_road,Punggol Road,1566.0,36081.301,42596.481,,,,,,PUNGGOL ROAD,23.937
punggol_road,Punggol Road,1568.0,36080.502,42594.648,,,,,,PUNGGOL ROAD,23.908
punggol_road,Punggol Road,1570.0,36079.702,42592.815,,,,,,PUNGGOL ROAD,23.878
punggol_road,Punggol Road,1572.0,36078.903,42590.981,,,,,,PUNGGOL ROAD,23.848
punggol_road,Punggol Road,1574.0,36078.104,42589.148,,,,,,PUNGGOL ROAD,23.819
punggol_road,Punggol Road,1576.0,36077.305,42587.314,,,,,,PUNGGOL ROAD,23.789
punggol_road,Punggol Road,1578.0,36076.506,42585.481,,,,,,PUNGGOL ROAD,23.759
punggol_road,Punggol Road,1580.0,36075.707,42583.648,,,,,,PUNGGOL ROAD,23.73
punggol_road,Punggol Road,1582.0,36074.907,42581.814,,,,,,PUNGGOL ROAD,23.7
punggol_road,Punggol Road,1584.0,36074.108,42579.981,,,,,,PUNGGOL ROAD,23.67
punggol_road,Punggol Road,1586.0,36073.309,42578.148,,,,,,PUNGGOL ROAD,23.641
punggol_road,Punggol Road,1588.0,36072.51,42576.314,,,,,,PUNGGOL ROAD,23.611
punggol_road,Punggol Road,1590.0,36071.711,42574.481,,,,,,PUNGGOL ROAD,23.581
punggol_road,Punggol Road,1592.0,36070.912,42572.647,,,,,,PUNGGOL ROAD,23.552
punggol_road,Punggol Road,1594.0,36070.112,42570.814,,,,,,PUNGGOL ROAD,23.522
punggol_road,Punggol Road,1596.0,36069.313,42568.981,,,,,,PUNGGOL ROAD,23.492
punggol_road,Punggol Road,1598.0,36068.514,42567.147,,,,,,PUNGGOL ROAD,23.463
punggol_road,Punggol Road,1600.0,36067.715,42565.314,,,,,,PUNGGOL ROAD,23.433
punggol_road,Punggol Road,1602.0,36066.916,42563.48,,,,,,PUNGGOL ROAD,23.403
punggol_road,Punggol Road,1604.0,36066.117,42561.647,,,,,,PUNGGOL ROAD,23.374
punggol_road,Punggol Road,1606.0,36065.317,42559.814,,,,,,PUNGGOL ROAD,23.344
punggol_road,Punggol Road,1608.0,36064.518,42557.98,,,,,,PUNGGOL ROAD,23.314
punggol_road,Punggol Road,1610.0,36063.719,42556.147,,,,,,PUNGGOL ROAD,23.285
punggol_road,Punggol Road,1612.0,36062.92,42554.313,,,,,,PUNGGOL ROAD,23.255
punggol_road,Punggol Road,1614.0,36062.121,42552.48,,,,,,PUNGGOL ROAD,23.225
punggol_road,Punggol Road,1616.0,36061.322,42550.647,,,,,,PUNGGOL ROAD,23.196
punggol_road,Punggol Road,1618.0,36060.522,42548.813,,,,,,PUNGGOL ROAD,23.166
punggol_road,Punggol Road,1620.0,36059.723,42546.98,,,,,,PUNGGOL ROAD,23.137
punggol_road,Punggol Road,1622.0,36058.924,42545.146,,,,,,PUNGGOL ROAD,23.107
punggol_road,Punggol Road,1624.0,36058.125,42543.313,,,,,,PUNGGOL ROAD,23.077
punggol_road,Punggol Road,1626.0,36057.326,42541.48,,,,,,PUNGGOL ROAD,23.048
punggol_road,Punggol Road,1628.0,36056.527,42539.646,,,,,,PUNGGOL ROAD,23.018
punggol_road,Punggol Road,1630.0,36055.727,42537.813,,,,,,PUNGGOL ROAD,22.988
punggol_road,Punggol Road,1632.0,36054.928,42535.979,,,,,,PUNGGOL ROAD,22.959
punggol_road,Punggol Road,1634.0,36054.129,42534.146,,,,,,PUNGGOL ROAD,22.929
punggol_road,Punggol Road,1636.0,36053.33,42532.313,,,,,,PUNGGOL ROAD,22.899
punggol_road,Punggol Road,1638.0,36052.531,42530.479,,,,,,PUNGGOL ROAD,22.87
punggol_road,Punggol Road,1640.0,36051.732,42528.646,,,,,,PUNGGOL ROAD,22.84
punggol_road,Punggol Road,1642.0,36050.932,42526.812,,,,,,PUNGGOL ROAD,22.81
punggol_road,Punggol Road,1644.0,36050.133,42524.979,,,,,,PUNGGOL ROAD,22.781
punggol_road,Punggol Road,1646.0,36049.334,42523.146,,,,,,PUNGGOL ROAD,22.751
punggol_road,Punggol Road,1648.0,36048.535,42521.312,,,,,,PUNGGOL ROAD,22.721
punggol_road,Punggol Road,1650.0,36047.736,42519.479,,,,,,PUNGGOL ROAD,22.692
punggol_road,Punggol Road,1652.0,36046.937,42517.645,,,26.234,,,PUNGGOL ROAD,22.662
punggol_road,Punggol Road,1654.0,36046.138,42515.812,,,26.234,,,PUNGGOL ROAD,22.632
punggol_road,Punggol Road,1656.0,36045.338,42513.979,,,26.234,0.001,1.0,PUNGGOL ROAD,22.603
punggol_road,Punggol Road,1658.0,36044.539,42512.145,,26.234,26.234,0.001,1.0,PUNGGOL ROAD,22.573
punggol_road,Punggol Road,1660.0,36043.74,42510.312,,26.234,26.234,0.002,1.0,PUNGGOL ROAD,22.543
punggol_road,Punggol Road,1662.0,36042.941,42508.479,,26.234,26.234,0.002,1.0,PUNGGOL ROAD,22.514
punggol_road,Punggol Road,1664.0,36042.142,42506.645,,26.234,26.234,0.002,1.0,PUNGGOL ROAD,22.484
punggol_road,Punggol Road,1666.0,36041.343,42504.812,,26.234,26.234,0.002,1.0,PUNGGOL ROAD,22.454
punggol_road,Punggol Road,1668.0,36040.543,42502.978,,26.234,26.234,0.002,1.0,PUNGGOL ROAD,22.425
punggol_road,Punggol Road,1670.0,36039.744,42501.145,,26.234,26.234,0.002,1.0,PUNGGOL ROAD,22.395
punggol_road,Punggol Road,1672.0,36038.945,42499.312,,26.234,26.234,0.002,1.0,PUNGGOL ROAD,22.365
punggol_road,Punggol Road,1674.0,36038.146,42497.478,,26.234,26.234,0.002,1.0,PUNGGOL ROAD,22.336
punggol_road,Punggol Road,1676.0,36037.347,42495.645,,26.234,26.234,0.002,1.0,PUNGGOL ROAD,22.306
punggol_road,Punggol Road,1678.0,36036.548,42493.811,,26.235,26.235,0.002,1.0,PUNGGOL ROAD,22.276
punggol_road,Punggol Road,1680.0,36035.748,42491.978,,26.235,26.235,0.002,1.0,PUNGGOL ROAD,22.247
punggol_road,Punggol Road,1682.0,36034.949,42490.145,,26.235,26.235,0.002,1.0,PUNGGOL ROAD,22.217
punggol_road,Punggol Road,1684.0,36034.15,42488.311,,26.235,26.235,0.002,1.0,PUNGGOL ROAD,22.187
punggol_road,Punggol Road,1686.0,36033.351,42486.478,,26.235,26.235,0.002,1.0,PUNGGOL ROAD,22.158
punggol_road,Punggol Road,1688.0,36032.552,42484.644,,26.235,26.235,0.002,1.0,PUNGGOL ROAD,22.128
punggol_road,Punggol Road,1690.0,36031.753,42482.811,,26.235,26.235,0.002,1.0,PUNGGOL ROAD,22.098
punggol_road,Punggol Road,1692.0,36030.953,42480.978,,26.235,26.235,0.001,1.0,PUNGGOL ROAD,22.069
punggol_road,Punggol Road,1694.0,36030.154,42479.144,,26.235,26.235,0.001,1.0,PUNGGOL ROAD,22.039
punggol_road,Punggol Road,1696.0,36029.355,42477.311,,26.235,26.235,,,PUNGGOL ROAD,22.009
punggol_road,Punggol Road,1698.0,36028.556,42475.477,,26.235,26.235,,,PUNGGOL ROAD,21.98
punggol_road,Punggol Road,1700.0,36027.757,42473.644,,25.997,25.997,,,PUNGGOL ROAD,21.95
punggol_road,Punggol Road,1702.0,36026.958,42471.811,,25.759,25.759,,,PUNGGOL ROAD,21.92
punggol_road,Punggol Road,1704.0,36026.158,42469.977,26.235,24.898,24.898,,,PUNGGOL ROAD,21.891
punggol_road,Punggol Road,1706.0,36025.359,42468.144,25.492,24.036,24.036,,,PUNGGOL ROAD,21.861
punggol_road,Punggol Road,1708.0,36024.56,42466.31,25.312,23.175,23.175,,,PUNGGOL ROAD,21.831
punggol_road,Punggol Road,1710.0,36023.761,42464.477,25.246,22.313,22.313,,,PUNGGOL ROAD,21.802
punggol_road,Punggol Road,1712.0,36022.962,42462.644,19.282,21.507,21.507,,,PUNGGOL ROAD,21.772
punggol_road,Punggol Road,1714.0,36022.163,42460.81,19.15,20.701,20.701,,,PUNGGOL ROAD,21.743
punggol_road,Punggol Road,1716.0,36021.363,42458.977,13.92,19.895,19.895,,,PUNGGOL ROAD,21.713
punggol_road,Punggol Road,1718.0,36020.564,42457.143,12.742,,19.491,,,PUNGGOL ROAD,21.683
punggol_road,Punggol Road,1720.0,36019.765,42455.31,13.18,,19.088,,,PUNGGOL ROAD,21.654
punggol_road,Punggol Road,1722.0,36018.966,42453.477,11.388,,18.685,,,PUNGGOL ROAD,21.624
punggol_road,Punggol Road,1724.0,36018.167,42451.643,9.476,,,,,PUNGGOL ROAD,21.594
punggol_road,Punggol Road,1726.0,36017.368,42449.81,11.891,,,,,PUNGGOL ROAD,21.565
punggol_road,Punggol Road,1728.0,36016.568,42447.976,10.884,,,,,PUNGGOL ROAD,21.535
punggol_road,Punggol Road,1730.0,36015.769,42446.143,12.189,,13.042,,,PUNGGOL ROAD,21.505
punggol_road,Punggol Road,1732.0,36014.97,42444.31,12.891,,12.639,,,PUNGGOL ROAD,21.476
punggol_road,Punggol Road,1734.0,36014.171,42442.476,10.429,,12.236,,,PUNGGOL ROAD,21.446
punggol_road,Punggol Road,1736.0,36013.372,42440.643,9.09,11.833,11.833,,,PUNGGOL ROAD,21.416
punggol_road,Punggol Road,1738.0,36012.573,42438.809,9.432,11.026,11.026,,,PUNGGOL ROAD,21.387
punggol_road,Punggol Road,1740.0,36011.773,42436.976,8.245,10.22,10.22,,,PUNGGOL ROAD,21.357
punggol_road,Punggol Road,1742.0,36010.974,42435.143,8.154,9.414,9.581,,,PUNGGOL ROAD,21.327
punggol_road,Punggol Road,1788.0,35992.594,42392.975,9.104,9.355,9.581,,,PUNGGOL ROAD,22.081
punggol_road,Punggol Road,1790.0,35991.794,42391.141,9.296,9.581,9.581,,,PUNGGOL ROAD,22.157
punggol_road,Punggol Road,1792.0,35990.995,42389.308,9.248,9.807,9.807,,,PUNGGOL ROAD,22.233
punggol_road,Punggol Road,1794.0,35990.196,42387.474,11.651,10.202,10.202,,,PUNGGOL ROAD,22.309
punggol_road,Punggol Road,1796.0,35989.397,42385.641,9.924,10.597,10.597,,,PUNGGOL ROAD,22.386
punggol_road,Punggol Road,1798.0,35988.598,42383.808,11.227,10.992,10.992,,,PUNGGOL ROAD,22.462
punggol_road,Punggol Road,1800.0,35987.799,42381.974,11.327,11.387,11.387,,,PUNGGOL ROAD,22.538
punggol_road,Punggol Road,1802.0,35986.999,42380.141,13.49,11.848,11.848,,,PUNGGOL ROAD,22.614
punggol_road,Punggol Road,1804.0,35986.2,42378.307,14.47,12.31,12.31,,,PUNGGOL ROAD,22.69
punggol_road,Punggol Road,1806.0,35985.401,42376.474,11.315,12.772,12.772,,,PUNGGOL ROAD,22.766
punggol_road,Punggol Road,1808.0,35984.602,42374.641,14.042,13.234,13.234,,,PUNGGOL ROAD,22.842
punggol_road,Punggol Road,1810.0,35983.803,42372.807,12.325,13.696,13.696,,,PUNGGOL ROAD,22.918
punggol_road,Punggol Road,1812.0,35983.004,42370.974,12.064,14.157,14.157,,,PUNGGOL ROAD,22.994
punggol_road,Punggol Road,1814.0,35982.204,42369.14,14.947,14.619,14.619,,,PUNGGOL ROAD,23.07
punggol_road,Punggol Road,1816.0,35981.405,42367.307,14.977,15.081,15.081,,,PUNGGOL ROAD,23.146
punggol_road,Punggol Road,1818.0,35980.606,42365.474,16.149,15.178,15.081,,,PUNGGOL ROAD,23.222
punggol_road,Punggol Road,1820.0,35979.807,42363.64,15.853,15.275,15.081,,,PUNGGOL ROAD,23.298
punggol_road,Punggol Road,1822.0,35979.008,42361.807,15.843,14.999,14.999,,,PUNGGOL ROAD,23.374
punggol_road,Punggol Road,1824.0,35978.209,42359.974,15.824,14.723,14.723,,,PUNGGOL ROAD,23.45
punggol_road,Punggol Road,1826.0,35977.409,42358.14,14.619,14.447,14.447,,,PUNGGOL ROAD,23.526
punggol_road,Punggol Road,1828.0,35976.61,42356.307,18.385,14.171,14.171,,,PUNGGOL ROAD,23.602
punggol_road,Punggol Road,1830.0,35975.811,42354.473,14.375,13.896,13.896,,,PUNGGOL ROAD,23.678
punggol_road,Punggol Road,1832.0,35975.012,42352.64,13.48,13.62,13.62,,,PUNGGOL ROAD,23.754
punggol_road,Punggol Road,1834.0,35974.213,42350.807,12.911,13.344,13.344,,,PUNGGOL ROAD,23.83
punggol_road,Punggol Road,1836.0,35973.414,42348.973,10.476,13.207,13.207,,,PUNGGOL ROAD,23.906
punggol_road,Punggol Road,1838.0,35972.614,42347.14,11.656,13.071,13.071,,,PUNGGOL ROAD,23.982
punggol_road,Punggol Road,1840.0,35971.815,42345.306,12.162,12.935,12.935,,,PUNGGOL ROAD,24.058
punggol_road,Punggol Road,1842.0,35971.016,42343.473,18.102,12.798,12.798,,,PUNGGOL ROAD,24.134
punggol_road,Punggol Road,1844.0,35970.217,42341.64,14.616,12.662,12.662,,,PUNGGOL ROAD,24.211
punggol_road,Punggol Road,1846.0,35969.418,42339.806,14.424,12.526,12.526,,,PUNGGOL ROAD,24.287
punggol_road,Punggol Road,1848.0,35968.619,42337.973,13.48,12.39,12.39,,,PUNGGOL ROAD,24.363
punggol_road,Punggol Road,1850.0,35967.819,42336.139,12.253,12.253,12.332,,,PUNGGOL ROAD,24.439
punggol_road,Punggol Road,1852.0,35967.02,42334.306,15.205,12.292,12.332,,,PUNGGOL ROAD,24.515
punggol_road,Punggol Road,1854.0,35966.221,42332.473,13.05,12.332,12.332,,,PUNGGOL ROAD,24.591
punggol_road,Punggol Road,1856.0,35965.422,42330.639,12.01,12.371,12.371,,,PUNGGOL ROAD,24.667
punggol_road,Punggol Road,1858.0,35964.623,42328.806,15.553,12.41,12.41,,,PUNGGOL ROAD,24.743
punggol_road,Punggol Road,1860.0,35963.824,42326.972,15.417,12.449,12.449,,,PUNGGOL ROAD,24.819
punggol_road,Punggol Road,1862.0,35963.024,42325.139,11.053,12.488,12.488,,,PUNGGOL ROAD,24.895
punggol_road,Punggol Road,1864.0,35962.225,42323.306,11.596,12.527,12.527,,,PUNGGOL ROAD,24.971
punggol_road,Punggol Road,1866.0,35961.426,42321.472,12.49,12.567,12.567,,,PUNGGOL ROAD,25.047
punggol_road,Punggol Road,1868.0,35960.627,42319.639,18.73,12.606,12.606,,,PUNGGOL ROAD,25.123
punggol_road,Punggol Road,1870.0,35959.828,42317.805,15.585,12.645,12.645,,,PUNGGOL ROAD,25.199
punggol_road,Punggol Road,1872.0,35959.029,42315.972,20.838,12.684,12.684,,,PUNGGOL ROAD,25.275
punggol_road,Punggol Road,1874.0,35958.229,42314.139,20.067,12.723,12.723,,,PUNGGOL ROAD,25.351
punggol_road,Punggol Road,1876.0,35957.43,42312.305,20.068,12.762,12.762,,,PUNGGOL ROAD,25.427
punggol_road,Punggol Road,1878.0,35956.631,42310.472,10.138,12.802,12.802,,,PUNGGOL ROAD,25.503
punggol_road,Punggol Road,1880.0,35955.832,42308.638,13.667,12.841,12.841,,,PUNGGOL ROAD,25.579
punggol_road,Punggol Road,1882.0,35955.033,42306.805,12.046,12.88,12.88,,,PUNGGOL ROAD,25.655
punggol_road,Punggol Road,1884.0,35954.234,42304.972,11.31,12.919,12.919,,,PUNGGOL ROAD,25.731
punggol_road,Punggol Road,1886.0,35953.435,42303.138,11.244,12.958,12.958,,,PUNGGOL ROAD,25.807
punggol_road,Punggol Road,1888.0,35952.635,42301.305,19.277,12.997,12.997,,,PUNGGOL ROAD,25.884
punggol_road,Punggol Road,1890.0,35951.836,42299.471,18.228,13.037,13.037,,,PUNGGOL ROAD,25.96
punggol_road,Punggol Road,1892.0,35951.037,42297.638,19.428,13.076,13.076,,,PUNGGOL ROAD,26.036
punggol_road,Punggol Road,1894.0,35950.238,42295.805,19.276,13.115,13.115,,,PUNGGOL ROAD,26.112
punggol_road,Punggol Road,1896.0,35949.439,42293.971,12.183,13.154,13.154,,,PUNGGOL ROAD,26.188
punggol_road,Punggol Road,1898.0,35948.64,42292.138,14.863,13.193,13.193,,,PUNGGOL ROAD,26.264
punggol_road,Punggol Road,1900.0,35947.84,42290.304,13.232,13.232,13.232,,,PUNGGOL ROAD,26.34
punggol_road,Punggol Road,1902.0,35947.041,42288.471,12.373,13.351,13.351,,,PUNGGOL ROAD,26.416
punggol_road,Punggol Road,1904.0,35946.242,42286.638,12.638,13.47,13.47,,,PUNGGOL ROAD,26.492
punggol_road,Punggol Road,1906.0,35945.443,42284.804,13.589,13.589,13.589,,,PUNGGOL ROAD,26.568
punggol_road,Punggol Road,1908.0,35944.644,42282.971,15.365,13.874,13.874,,,PUNGGOL ROAD,26.644
punggol_road,Punggol Road,1910.0,35943.845,42281.138,14.202,14.159,14.159,,,PUNGGOL ROAD,26.72
punggol_road,Punggol Road,1912.0,35943.045,42279.304,14.444,14.444,14.444,,,PUNGGOL ROAD,26.796
punggol_road,Punggol Road,1914.0,35942.246,42277.471,14.483,14.636,14.636,,,PUNGGOL ROAD,26.872
punggol_road,Punggol Road,1916.0,35941.447,42275.637,17.208,14.829,14.829,,,PUNGGOL ROAD,26.948
punggol_road,Punggol Road,1918.0,35940.648,42273.804,15.808,15.021,14.897,,,PUNGGOL ROAD,27.024
punggol_road,Punggol Road,1920.0,35939.849,42271.971,17.484,14.897,14.988,,,PUNGGOL ROAD,27.1
punggol_road,Punggol Road,1922.0,35939.05,42270.137,14.617,14.988,15.021,,,PUNGGOL ROAD,27.176
punggol_road,Punggol Road,1924.0,35938.25,42268.304,14.649,15.08,15.08,,,PUNGGOL ROAD,27.252
punggol_road,Punggol Road,1926.0,35937.451,42266.47,14.807,15.349,15.349,,,PUNGGOL ROAD,27.328
punggol_road,Punggol Road,1928.0,35936.652,42264.637,15.693,15.617,15.617,,,PUNGGOL ROAD,27.404
punggol_road,Punggol Road,1930.0,35935.853,42262.804,16.101,15.886,15.886,,,PUNGGOL ROAD,27.48
punggol_road,Punggol Road,1932.0,35935.054,42260.97,16.803,16.08,16.08,,,PUNGGOL ROAD,27.557
punggol_road,Punggol Road,1934.0,35934.255,42259.137,15.153,16.273,16.273,,,PUNGGOL ROAD,27.633
punggol_road,Punggol Road,1936.0,35933.455,42257.303,15.584,16.466,16.466,,,PUNGGOL ROAD,27.709
punggol_road,Punggol Road,1938.0,35932.656,42255.47,16.288,16.66,16.66,,,PUNGGOL ROAD,27.785
punggol_road,Punggol Road,1940.0,35931.857,42253.637,16.654,16.853,16.853,,,PUNGGOL ROAD,27.861
punggol_road,Punggol Road,1942.0,35931.058,42251.803,17.854,17.047,17.047,,,PUNGGOL ROAD,27.937
punggol_road,Punggol Road,1944.0,35930.259,42249.97,17.452,17.24,17.24,,,PUNGGOL ROAD,28.013
punggol_road,Punggol Road,1946.0,35929.46,42248.136,14.469,17.433,17.397,,,PUNGGOL ROAD,28.089
punggol_road,Punggol Road,1948.0,35928.66,42246.303,13.182,17.415,17.415,,,PUNGGOL ROAD,28.165
punggol_road,Punggol Road,1950.0,35927.861,42244.47,17.397,17.397,17.415,,,PUNGGOL ROAD,28.241
punggol_road,Punggol Road,1952.0,35927.062,42242.636,17.518,17.518,17.397,,,PUNGGOL ROAD,28.317
punggol_road,Punggol Road,1954.0,35926.263,42240.803,18.6,17.348,17.348,,,PUNGGOL ROAD,28.393
punggol_road,Punggol Road,1956.0,35925.464,42238.969,18.273,17.179,17.179,,,PUNGGOL ROAD,28.469
punggol_road,Punggol Road,1958.0,35924.665,42237.136,17.813,17.009,17.009,,,PUNGGOL ROAD,28.545
punggol_road,Punggol Road,1960.0,35923.865,42235.303,17.407,16.84,16.84,,,PUNGGOL ROAD,28.621
punggol_road,Punggol Road,1962.0,35923.066,42233.469,18.681,16.67,16.67,,,PUNGGOL ROAD,28.697
punggol_road,Punggol Road,1964.0,35922.267,42231.636,17.885,16.501,16.501,,,PUNGGOL ROAD,28.773
punggol_road,Punggol Road,1966.0,35921.468,42229.802,16.887,16.331,16.331,,,PUNGGOL ROAD,28.849
punggol_road,Punggol Road,1968.0,35920.669,42227.969,21.256,16.162,16.162,,,PUNGGOL ROAD,28.925
punggol_road,Punggol Road,1970.0,35919.87,42226.136,19.114,15.992,15.992,,,PUNGGOL ROAD,29.001
punggol_road,Punggol Road,1972.0,35919.07,42224.302,17.433,15.823,15.823,,,PUNGGOL ROAD,29.077
punggol_road,Punggol Road,1974.0,35918.271,42222.469,16.815,15.653,15.653,,,PUNGGOL ROAD,29.153
punggol_road,Punggol Road,1976.0,35917.472,42220.635,18.824,15.484,15.484,,,PUNGGOL ROAD,29.23
punggol_road,Punggol Road,1978.0,35916.673,42218.802,15.137,15.314,15.314,,,PUNGGOL ROAD,29.306
punggol_road,Punggol Road,1980.0,35915.874,42216.969,17.761,15.145,15.145,,,PUNGGOL ROAD,29.382
punggol_road,Punggol Road,1982.0,35915.075,42215.135,14.496,14.975,14.975,,,PUNGGOL ROAD,29.458
punggol_road,Punggol Road,1984.0,35914.275,42213.302,16.899,14.806,14.806,,,PUNGGOL ROAD,29.534
punggol_road,Punggol Road,1986.0,35913.476,42211.469,15.306,14.636,14.636,,,PUNGGOL ROAD,29.61
punggol_road,Punggol Road,1988.0,35912.677,42209.635,14.114,14.467,14.481,,,PUNGGOL ROAD,29.686
punggol_road,Punggol Road,1990.0,35911.878,42207.802,14.387,14.297,14.481,,,PUNGGOL ROAD,29.762
punggol_road,Punggol Road,1992.0,35911.079,42205.968,16.934,14.481,14.481,,,PUNGGOL ROAD,29.838
punggol_road,Punggol Road,1994.0,35910.28,42204.135,16.99,14.665,14.665,6.894,1.0,PUNGGOL ROAD,29.914
punggol_road,Punggol Road,1996.0,35909.481,42202.302,18.221,14.849,14.849,,,PUNGGOL ROAD,29.99
punggol_road,Punggol Road,1998.0,35908.681,42200.468,15.033,15.033,15.033,,,PUNGGOL ROAD,30.066
punggol_road,Punggol Road,2000.0,35907.882,42198.635,13.531,15.568,15.568,,,PUNGGOL ROAD,30.142
punggol_road,Punggol Road,2002.0,35907.083,42196.801,16.22,16.104,16.104,,,PUNGGOL ROAD,30.218
punggol_road,Punggol Road,2004.0,35906.284,42194.968,16.502,16.639,16.639,,,PUNGGOL ROAD,30.294
punggol_road,Punggol Road,2006.0,35905.485,42193.135,14.708,,17.175,,,PUNGGOL ROAD,30.37
punggol_road,Punggol Road,2008.0,35904.686,42191.301,13.812,17.71,17.71,,,PUNGGOL ROAD,30.446
punggol_road,Punggol Road,2010.0,35903.886,42189.468,14.151,18.246,18.246,,,PUNGGOL ROAD,30.522
punggol_road,Punggol Road,2012.0,35903.087,42187.634,14.386,18.782,18.782,,,PUNGGOL ROAD,30.598
punggol_road,Punggol Road,2014.0,35902.288,42185.801,15.419,19.317,19.317,,,PUNGGOL ROAD,30.674
punggol_road,Punggol Road,2016.0,35901.489,42183.968,19.853,19.469,19.388,,,PUNGGOL ROAD,30.75
punggol_road,Punggol Road,2018.0,35900.69,42182.134,20.191,19.62,19.388,,,PUNGGOL ROAD,30.826
punggol_road,Punggol Road,2020.0,35899.891,42180.301,20.537,19.388,19.388,,,PUNGGOL ROAD,30.902
punggol_road,Punggol Road,2022.0,35899.091,42178.467,19.812,19.155,19.155,,,PUNGGOL ROAD,30.979
punggol_road,Punggol Road,2024.0,35898.292,42176.634,18.68,18.923,18.923,,,PUNGGOL ROAD,31.055
punggol_road,Punggol Road,2026.0,35897.493,42174.801,21.365,18.69,18.7,,,PUNGGOL ROAD,31.131
punggol_road,Punggol Road,2028.0,35896.694,42172.967,18.7,18.7,18.69,,,PUNGGOL ROAD,31.207
punggol_road,Punggol Road,2030.0,35895.895,42171.134,18.346,18.507,18.507,,,PUNGGOL ROAD,31.283
punggol_road,Punggol Road,2032.0,35895.096,42169.3,19.361,18.315,18.315,,,PUNGGOL ROAD,31.359
punggol_road,Punggol Road,2034.0,35894.296,42167.467,22.336,18.122,18.122,,,PUNGGOL ROAD,31.435
punggol_road,Punggol Road,2036.0,35893.497,42165.634,18.585,17.929,17.929,,,PUNGGOL ROAD,31.511
punggol_road,Punggol Road,2038.0,35892.698,42163.8,18.641,17.736,17.736,,,PUNGGOL ROAD,31.587
punggol_road,Punggol Road,2040.0,35891.899,42161.967,15.65,17.543,17.543,,,PUNGGOL ROAD,31.663
punggol_road,Punggol Road,2042.0,35891.1,42160.133,14.655,17.35,17.35,,,PUNGGOL ROAD,31.739
punggol_road,Punggol Road,2044.0,35890.301,42158.3,17.402,17.158,17.158,,,PUNGGOL ROAD,31.815
punggol_road,Punggol Road,2046.0,35889.501,42156.467,22.108,16.965,17.036,,,PUNGGOL ROAD,31.891
punggol_road,Punggol Road,2048.0,35888.702,42154.633,18.151,16.772,17.036,,,PUNGGOL ROAD,31.967
punggol_road,Punggol Road,2050.0,35887.903,42152.8,15.971,17.036,17.036,,,PUNGGOL ROAD,32.043
punggol_road,Punggol Road,2052.0,35887.104,42150.966,16.386,17.301,17.301,,,PUNGGOL ROAD,32.119
punggol_road,Punggol Road,2054.0,35886.305,42149.133,14.956,17.566,17.566,,,PUNGGOL ROAD,32.195
punggol_road,Punggol Road,2056.0,35885.506,42147.3,14.763,17.818,17.818,,,PUNGGOL ROAD,32.271
punggol_road,Punggol Road,2058.0,35884.706,42145.466,18.544,18.07,18.07,,,PUNGGOL ROAD,32.347
punggol_road,Punggol Road,2060.0,35883.907,42143.633,21.958,18.322,18.322,,,PUNGGOL ROAD,32.423
punggol_road,Punggol Road,2062.0,35883.108,42141.8,18.626,18.575,18.575,,,PUNGGOL ROAD,32.499
punggol_road,Punggol Road,2064.0,35882.309,42139.966,18.135,18.827,18.827,,,PUNGGOL ROAD,32.575
punggol_road,Punggol Road,2066.0,35881.51,42138.133,21.873,19.079,19.079,,,PUNGGOL ROAD,32.651
punggol_road,Punggol Road,2068.0,35880.711,42136.299,17.496,,19.331,,,PUNGGOL ROAD,32.727
punggol_road,Punggol Road,2070.0,35879.911,42134.466,22.35,,19.583,,,PUNGGOL ROAD,32.803
punggol_road,Punggol Road,2072.0,35879.112,42132.633,23.666,19.836,19.836,,,PUNGGOL ROAD,32.879
punggol_road,Punggol Road,2074.0,35878.313,42130.799,29.994,20.088,20.088,,,PUNGGOL ROAD,32.955
punggol_road,Punggol Road,2076.0,35877.514,42128.966,23.915,20.34,20.34,,,PUNGGOL ROAD,33.031
punggol_road,Punggol Road,2078.0,35876.715,42127.132,21.871,20.592,20.592,,,PUNGGOL ROAD,33.107
punggol_road,Punggol Road,2080.0,35875.916,42125.299,25.983,20.845,20.845,,,PUNGGOL ROAD,33.183
punggol_road,Punggol Road,2082.0,35875.116,42123.466,22.438,21.097,21.097,,,PUNGGOL ROAD,33.26
punggol_road,Punggol Road,2084.0,35874.317,42121.632,25.019,21.349,21.349,,,PUNGGOL ROAD,33.336
punggol_road,Punggol Road,2086.0,35873.518,42119.799,20.91,21.48,21.48,,,PUNGGOL ROAD,33.412
punggol_road,Punggol Road,2088.0,35872.719,42117.965,14.393,21.611,21.611,,,PUNGGOL ROAD,33.488
punggol_road,Punggol Road,2090.0,35871.92,42116.132,14.371,21.741,21.741,,,PUNGGOL ROAD,33.564
punggol_road,Punggol Road,2092.0,35871.121,42114.299,14.439,21.872,21.872,,,PUNGGOL ROAD,33.64
punggol_road,Punggol Road,2094.0,35870.321,42112.465,15.357,22.003,22.003,,,PUNGGOL ROAD,33.716
punggol_road,Punggol Road,2096.0,35869.522,42110.632,18.42,22.134,22.134,,,PUNGGOL ROAD,33.792
punggol_road,Punggol Road,2098.0,35868.723,42108.798,21.326,22.265,22.265,,,PUNGGOL ROAD,33.868
punggol_road,Punggol Road,2100.0,35867.924,42106.965,20.352,22.395,22.395,,,PUNGGOL ROAD,33.944
punggol_road,Punggol Road,2102.0,35867.125,42105.132,14.717,22.526,22.526,,,PUNGGOL ROAD,34.02
punggol_road,Punggol Road,2104.0,35866.326,42103.298,15.185,22.657,22.657,,,PUNGGOL ROAD,34.096
punggol_road,Punggol Road,2106.0,35865.527,42101.465,24.205,22.788,22.788,,,PUNGGOL ROAD,34.172
punggol_road,Punggol Road,2108.0,35864.727,42099.631,23.953,22.919,22.919,,,PUNGGOL ROAD,34.248
punggol_road,Punggol Road,2110.0,35863.928,42097.798,24.127,23.049,23.049,,,PUNGGOL ROAD,34.324
punggol_road,Punggol Road,2186.0,35833.56,42028.129,21.171,23.068,23.068,,,PUNGGOL ROAD,37.718
punggol_road,Punggol Road,2188.0,35832.761,42026.296,22.274,23.086,23.086,,,PUNGGOL ROAD,37.817
punggol_road,Punggol Road,2190.0,35831.962,42024.462,23.18,23.105,23.105,,,PUNGGOL ROAD,37.951
punggol_road,Punggol Road,2192.0,35831.162,42022.629,24.144,23.123,23.123,,,PUNGGOL ROAD,38.187
punggol_road,Punggol Road,2194.0,35830.363,42020.795,27.956,23.142,23.123,,,PUNGGOL ROAD,38.475
punggol_road,Punggol Road,2196.0,35829.564,42018.962,27.253,23.16,23.123,,,PUNGGOL ROAD,38.764
punggol_road,Punggol Road,2198.0,35828.765,42017.129,25.156,22.995,22.995,,,PUNGGOL ROAD,39.052
punggol_road,Punggol Road,2200.0,35827.966,42015.295,23.162,22.831,22.831,,,PUNGGOL ROAD,39.341
punggol_road,Punggol Road,2202.0,35827.167,42013.462,23.216,22.174,22.174,,,PUNGGOL ROAD,39.629
punggol_road,Punggol Road,2204.0,35826.367,42011.628,22.241,21.518,21.518,,,PUNGGOL ROAD,39.917
punggol_road,Punggol Road,2206.0,35825.568,42009.795,22.243,20.862,20.862,,,PUNGGOL ROAD,40.206
punggol_road,Punggol Road,2208.0,35824.769,42007.962,19.974,,20.205,,,PUNGGOL ROAD,40.494
punggol_road,Punggol Road,2210.0,35823.97,42006.128,19.817,19.549,19.549,,,PUNGGOL ROAD,40.783
punggol_road,Punggol Road,2212.0,35823.171,42004.295,16.491,18.892,18.892,,,PUNGGOL ROAD,41.071
punggol_road,Punggol Road,2214.0,35822.372,42002.461,16.533,18.236,18.236,,,PUNGGOL ROAD,41.361
punggol_road,Punggol Road,2216.0,35821.572,42000.628,16.408,17.579,17.579,,,PUNGGOL ROAD,41.711
punggol_road,Punggol Road,2218.0,35820.773,41998.795,16.036,17.395,17.507,,,PUNGGOL ROAD,42.103
punggol_road,Punggol Road,2220.0,35819.974,41996.961,15.613,17.21,17.507,,,PUNGGOL ROAD,42.494
punggol_road,Punggol Road,2222.0,35819.175,41995.128,,17.507,17.507,,,PUNGGOL ROAD,42.886
punggol_road,Punggol Road,2224.0,35818.376,41993.295,,17.804,17.804,,,PUNGGOL ROAD,43.278
punggol_road,Punggol Road,2226.0,35817.577,41991.461,,18.169,18.169,,,PUNGGOL ROAD,43.669
punggol_road,Punggol Road,2228.0,35816.778,41989.628,27.054,18.533,18.533,,,PUNGGOL ROAD,44.061
punggol_road,Punggol Road,2230.0,35815.978,41987.794,13.888,18.897,18.897,,,PUNGGOL ROAD,44.453
punggol_road,Punggol Road,2232.0,35815.179,41985.961,20.659,,19.261,,,PUNGGOL ROAD,44.844
punggol_road,Punggol Road,2234.0,35814.38,41984.128,23.205,,19.626,,,PUNGGOL ROAD,45.236
punggol_road,Punggol Road,2236.0,35813.581,41982.294,26.523,,19.99,,,PUNGGOL ROAD,45.628
punggol_road,Punggol Road,2238.0,35812.782,41980.461,29.183,20.354,20.354,,,PUNGGOL ROAD,46.019
punggol_road,Punggol Road,2240.0,35811.983,41978.627,27.69,20.719,20.719,,,PUNGGOL ROAD,46.411
punggol_road,Punggol Road,2242.0,35811.183,41976.794,23.275,21.083,21.083,,,PUNGGOL ROAD,46.803
punggol_road,Punggol Road,2244.0,35810.384,41974.961,23.194,21.447,21.447,,,PUNGGOL ROAD,47.194
punggol_road,Punggol Road,2246.0,35809.585,41973.127,34.438,21.849,21.849,,,PUNGGOL ROAD,47.586
punggol_road,Punggol Road,2248.0,35808.786,41971.294,34.522,22.254,22.254,,,PUNGGOL ROAD,47.978
punggol_road,Punggol Road,2250.0,35807.987,41969.46,29.53,22.659,22.659,,,PUNGGOL ROAD,48.376
punggol_road,Punggol Road,2252.0,35807.188,41967.627,33.442,23.064,23.064,,,PUNGGOL ROAD,48.832
punggol_road,Punggol Road,2254.0,35806.388,41965.794,35.977,,23.266,,,PUNGGOL ROAD,49.301
punggol_road,Punggol Road,2256.0,35805.589,41963.96,27.828,,23.469,,,PUNGGOL ROAD,49.771
punggol_road,Punggol Road,2258.0,35804.79,41962.127,34.72,,23.672,,,PUNGGOL ROAD,50.24
punggol_road,Punggol Road,2260.0,35803.991,41960.293,36.401,,,,,PUNGGOL ROAD,50.709
punggol_road,Punggol Road,2262.0,35803.192,41958.46,21.729,,,,,PUNGGOL ROAD,51.179
punggol_road,Punggol Road,2264.0,35802.393,41956.627,18.674,,,,,PUNGGOL ROAD,51.648
punggol_road,Punggol Road,2266.0,35801.593,41954.793,18.64,,,,,PUNGGOL ROAD,52.117
punggol_road,Punggol Road,2268.0,35800.794,41952.96,31.31,,,,,PUNGGOL ROAD,52.587
punggol_road,Punggol Road,2270.0,35799.995,41951.126,27.554,,,,,PUNGGOL ROAD,53.056
punggol_road,Punggol Road,2272.0,35799.196,41949.293,26.063,,,,,PUNGGOL ROAD,53.525
punggol_road,Punggol Road,2274.0,35798.397,41947.46,26.047,,,,,PUNGGOL ROAD,53.995
punggol_road,Punggol Road,2276.0,35797.598,41945.626,26.301,,,,,PUNGGOL ROAD,54.464
punggol_road,Punggol Road,2278.0,35796.798,41943.793,21.772,,,,,PUNGGOL ROAD,54.933
punggol_road,Punggol Road,2280.0,35795.999,41941.959,36.143,,,,,PUNGGOL ROAD,55.403
punggol_road,Punggol Road,2282.0,35795.2,41940.126,37.734,,,,,PUNGGOL ROAD,55.872
punggol_road,Punggol Road,2284.0,35794.401,41938.293,35.934,,,,,PUNGGOL ROAD,56.341
punggol_road,Punggol Road,2286.0,35793.602,41936.459,30.363,,,,,PUNGGOL ROAD,56.811
punggol_road,Punggol Road,2288.0,35792.803,41934.626,22.483,,,,,PUNGGOL ROAD,57.28
punggol_road,Punggol Road,2290.0,35792.003,41932.792,22.505,,,,,PUNGGOL ROAD,57.751
punggol_road,Punggol Road,2292.0,35791.204,41930.959,27.61,,,,,PUNGGOL ROAD,58.269
punggol_road,Punggol Road,2294.0,35790.405,41929.126,18.417,,,,,PUNGGOL ROAD,58.85
punggol_road,Punggol Road,2296.0,35789.606,41927.292,18.454,,,,,PUNGGOL ROAD,59.484
punggol_road,Punggol Road,2298.0,35788.807,41925.459,18.219,,32.988,,,PUNGGOL ROAD,60.125
punggol_road,Punggol Road,2300.0,35788.008,41923.625,46.664,,33.19,,,PUNGGOL ROAD,60.766
punggol_road,Punggol Road,2302.0,35787.208,41921.792,35.024,,33.393,,,PUNGGOL ROAD,61.407
punggol_road,Punggol Road,2304.0,35786.409,41919.959,26.3,33.595,33.595,,,PUNGGOL ROAD,62.047
punggol_road,Punggol Road,2306.0,35785.61,41918.125,28.271,34.0,34.0,,,PUNGGOL ROAD,62.688
punggol_road,Punggol Road,2308.0,35784.811,41916.292,30.514,34.405,34.405,,,PUNGGOL ROAD,63.329
punggol_road,Punggol Road,2310.0,35784.012,41914.459,28.89,34.81,34.81,,,PUNGGOL ROAD,63.97
punggol_road,Punggol Road,2312.0,35783.213,41912.625,31.085,35.247,35.247,,,PUNGGOL ROAD,64.611
punggol_road,Punggol Road,2314.0,35782.413,41910.792,22.59,35.684,35.684,,,PUNGGOL ROAD,65.251
punggol_road,Punggol Road,2316.0,35781.614,41908.958,14.436,36.121,36.121,,,PUNGGOL ROAD,65.892
punggol_road,Punggol Road,2318.0,35780.815,41907.125,15.526,36.559,36.559,,,PUNGGOL ROAD,66.533
punggol_road,Punggol Road,2320.0,35780.016,41905.292,14.824,,36.777,,,PUNGGOL ROAD,67.174
punggol_road,Punggol Road,2322.0,35779.217,41903.458,9.052,,36.996,,,PUNGGOL ROAD,67.814
punggol_road,Punggol Road,2324.0,35778.418,41901.625,,,37.214,,,PUNGGOL ROAD,68.455
punggol_road,Punggol Road,2326.0,35777.618,41899.791,,,38.307,,,PUNGGOL ROAD,69.096
punggol_road,Punggol Road,2328.0,35776.819,41897.958,,,39.399,,,PUNGGOL ROAD,69.737
punggol_road,Punggol Road,2330.0,35776.02,41896.125,,,39.618,,,PUNGGOL ROAD,70.378
punggol_road,Punggol Road,2332.0,35775.221,41894.291,,,39.836,,,PUNGGOL ROAD,71.018
punggol_road,Punggol Road,2334.0,35774.422,41892.458,40.124,40.055,40.055,,,PUNGGOL ROAD,71.659
punggol_road,Punggol Road,2336.0,35773.623,41890.624,40.12,40.492,40.492,,,PUNGGOL ROAD,72.3
punggol_road,Punggol Road,2338.0,35772.824,41888.791,40.084,40.929,40.929,,,PUNGGOL ROAD,72.941
punggol_road,Punggol Road,2340.0,35772.024,41886.958,41.366,41.366,41.211,,,PUNGGOL ROAD,73.581
punggol_road,Punggol Road,2342.0,35771.225,41885.124,27.803,41.288,41.211,,,PUNGGOL ROAD,74.222
punggol_road,Punggol Road,2344.0,35770.426,41883.291,27.756,41.211,41.211,-1.943,1.0,PUNGGOL ROAD,74.863
punggol_road,Punggol Road,2346.0,35769.627,41881.457,,41.133,41.133,-2.914,1.0,PUNGGOL ROAD,75.504
punggol_road,Punggol Road,2348.0,35768.828,41879.624,,41.055,41.055,-3.885,1.0,PUNGGOL ROAD,76.144
punggol_road,Punggol Road,2350.0,35768.029,41877.791,,40.977,40.977,-3.885,1.0,PUNGGOL ROAD,76.785
punggol_road,Punggol Road,2352.0,35767.229,41875.957,,40.9,40.9,-3.885,1.0,PUNGGOL ROAD,77.426
punggol_road,Punggol Road,2354.0,35766.43,41874.124,,40.822,40.822,-3.885,1.0,PUNGGOL ROAD,78.067
punggol_road,Punggol Road,2356.0,35765.631,41872.29,,40.744,40.744,-3.885,1.0,PUNGGOL ROAD,78.708
punggol_road,Punggol Road,2358.0,35764.832,41870.457,,40.667,40.667,-3.885,1.0,PUNGGOL ROAD,79.348
punggol_road,Punggol Road,2360.0,35764.033,41868.624,,40.589,40.589,-3.885,1.0,PUNGGOL ROAD,79.989
punggol_road,Punggol Road,2362.0,35763.234,41866.79,,40.511,40.511,-3.885,1.0,PUNGGOL ROAD,80.637
punggol_road,Punggol Road,2364.0,35762.434,41864.957,,40.433,40.433,-3.885,1.0,PUNGGOL ROAD,81.326
punggol_road,Punggol Road,2366.0,35761.635,41863.123,,40.356,40.356,-3.885,1.0,PUNGGOL ROAD,82.034
punggol_road,Punggol Road,2368.0,35760.836,41861.29,,40.278,40.278,-3.885,1.0,PUNGGOL ROAD,82.742
punggol_road,Punggol Road,2370.0,35760.037,41859.457,,40.2,40.2,-3.885,1.0,PUNGGOL ROAD,83.45
punggol_road,Punggol Road,2372.0,35759.238,41857.623,,40.123,40.123,-3.885,1.0,PUNGGOL ROAD,84.158
punggol_road,Punggol Road,2374.0,35758.439,41855.79,,40.045,40.045,-3.885,1.0,PUNGGOL ROAD,84.866
punggol_road,Punggol Road,2376.0,35757.639,41853.956,,39.967,39.967,-3.885,1.0,PUNGGOL ROAD,85.574
punggol_road,Punggol Road,2378.0,35756.84,41852.123,,39.89,39.89,-3.885,1.0,PUNGGOL ROAD,86.282
punggol_road,Punggol Road,2380.0,35756.041,41850.29,,39.812,39.812,-3.885,1.0,PUNGGOL ROAD,86.99
punggol_road,Punggol Road,2382.0,35755.242,41848.456,,39.734,39.734,-2.914,1.0,PUNGGOL ROAD,87.697
punggol_road,Punggol Road,2384.0,35754.443,41846.623,,39.656,39.656,-1.943,1.0,PUNGGOL ROAD,88.405
punggol_road,Punggol Road,2386.0,35753.644,41844.79,,39.579,39.656,-1.943,1.0,PUNGGOL ROAD,89.113
punggol_road,Punggol Road,2388.0,35752.844,41842.956,39.501,39.501,39.656,-1.761,1.0,PUNGGOL ROAD,89.821
punggol_road,Punggol Road,2390.0,35752.045,41841.123,39.798,39.798,39.579,-1.761,1.0,PUNGGOL ROAD,90.53
punggol_road,Punggol Road,2392.0,35751.246,41839.289,39.692,39.692,39.516,-3.961,1.0,PUNGGOL ROAD,91.238
punggol_road,Punggol Road,2394.0,35750.447,41837.456,,39.516,39.516,-5.189,1.0,PUNGGOL ROAD,91.946
punggol_road,Punggol Road,2396.0,35749.648,41835.623,,39.34,39.34,-6.599,1.0,PUNGGOL ROAD,92.654
punggol_road,Punggol Road,2398.0,35748.849,41833.789,,39.164,39.164,-8.798,2.0,PUNGGOL ROAD,93.362
punggol_road,Punggol Road,2400.0,35748.049,41831.956,,38.988,38.988,-8.798,2.0,PUNGGOL ROAD,94.07
punggol_road,Punggol Road,2402.0,35747.25,41830.122,,38.812,38.812,-8.798,2.0,PUNGGOL ROAD,94.778
punggol_road,Punggol Road,2404.0,35746.451,41828.289,,38.636,38.636,,,PUNGGOL ROAD,95.486
punggol_road,Punggol Road,2406.0,35745.652,41826.456,,38.46,38.46,,,PUNGGOL ROAD,96.194
punggol_road,Punggol Road,2616.0,35661.74,41633.949,,38.284,38.284,,,PUNGGOL ROAD,109.606
punggol_road,Punggol Road,2618.0,35660.941,41632.116,,38.108,38.108,,,PUNGGOL ROAD,108.499
punggol_road,Punggol Road,2620.0,35660.141,41630.282,,37.932,37.932,-8.798,2.0,PUNGGOL ROAD,107.391
punggol_road,Punggol Road,2622.0,35659.342,41628.449,,37.756,37.756,-8.798,2.0,PUNGGOL ROAD,106.284
punggol_road,Punggol Road,2624.0,35658.543,41626.616,,37.58,37.58,-8.798,2.0,PUNGGOL ROAD,105.177
punggol_road,Punggol Road,2626.0,35657.744,41624.782,,37.404,37.404,-8.798,2.0,PUNGGOL ROAD,104.07
punggol_road,Punggol Road,2628.0,35656.945,41622.949,,37.228,37.228,-8.798,2.0,PUNGGOL ROAD,102.962
punggol_road,Punggol Road,2630.0,35656.146,41621.115,,37.052,37.052,-8.798,2.0,PUNGGOL ROAD,101.855
punggol_road,Punggol Road,2632.0,35655.346,41619.282,,36.876,36.876,-8.798,2.0,PUNGGOL ROAD,100.748
punggol_road,Punggol Road,2634.0,35654.547,41617.449,,36.7,36.7,-8.798,2.0,PUNGGOL ROAD,99.641
punggol_road,Punggol Road,2636.0,35653.748,41615.615,,36.524,36.524,-8.798,2.0,PUNGGOL ROAD,98.533
punggol_road,Punggol Road,2638.0,35652.949,41613.782,,36.348,36.348,-8.798,2.0,PUNGGOL ROAD,97.426
punggol_road,Punggol Road,2640.0,35652.15,41611.948,,36.172,36.172,-8.798,2.0,PUNGGOL ROAD,96.319
punggol_road,Punggol Road,2642.0,35651.351,41610.115,,35.996,35.996,-8.798,2.0,PUNGGOL ROAD,95.211
punggol_road,Punggol Road,2644.0,35650.551,41608.282,,35.82,35.82,-7.698,1.0,PUNGGOL ROAD,94.104
punggol_road,Punggol Road,2646.0,35649.752,41606.448,,35.644,35.644,-6.599,1.0,PUNGGOL ROAD,92.997
punggol_road,Punggol Road,2648.0,35648.953,41604.615,,,35.556,-6.599,1.0,PUNGGOL ROAD,91.89
punggol_road,Punggol Road,2650.0,35648.154,41602.781,,,35.468,,,PUNGGOL ROAD,90.782
punggol_road,Punggol Road,2652.0,35647.355,41600.948,,,35.292,,,PUNGGOL ROAD,89.675
punggol_road,Punggol Road,2654.0,35646.556,41599.115,,,34.765,,,PUNGGOL ROAD,88.568
punggol_road,Punggol Road,2656.0,35645.756,41597.281,,,34.589,,,PUNGGOL ROAD,87.461
punggol_road,Punggol Road,2658.0,35644.957,41595.448,,,34.501,-6.599,1.0,PUNGGOL ROAD,86.353
punggol_road,Punggol Road,2660.0,35644.158,41593.614,,34.413,34.413,-6.599,1.0,PUNGGOL ROAD,85.246
punggol_road,Punggol Road,2662.0,35643.359,41591.781,,34.237,34.237,-7.698,1.0,PUNGGOL ROAD,84.139
punggol_road,Punggol Road,2664.0,35642.56,41589.948,,34.061,34.061,-8.798,2.0,PUNGGOL ROAD,83.031
punggol_road,Punggol Road,2666.0,35641.761,41588.114,,33.885,33.885,-8.798,2.0,PUNGGOL ROAD,81.924
punggol_road,Punggol Road,2668.0,35640.961,41586.281,,33.709,33.709,-8.798,2.0,PUNGGOL ROAD,80.817
punggol_road,Punggol Road,2670.0,35640.162,41584.447,,33.533,33.533,-8.798,2.0,PUNGGOL ROAD,79.71
punggol_road,Punggol Road,2672.0,35639.363,41582.614,,33.357,33.357,-8.798,2.0,PUNGGOL ROAD,78.602
punggol_road,Punggol Road,2674.0,35638.564,41580.781,,33.181,33.181,-8.798,2.0,PUNGGOL ROAD,77.495
punggol_road,Punggol Road,2676.0,35637.765,41578.947,,33.005,33.005,-8.798,2.0,PUNGGOL ROAD,76.388
punggol_road,Punggol Road,2678.0,35636.966,41577.114,,32.829,32.829,-8.798,2.0,PUNGGOL ROAD,75.281
punggol_road,Punggol Road,2680.0,35636.167,41575.28,,32.653,32.653,-8.798,2.0,PUNGGOL ROAD,74.173
punggol_road,Punggol Road,2682.0,35635.367,41573.447,,32.477,32.477,-8.798,2.0,PUNGGOL ROAD,73.066
punggol_road,Punggol Road,2684.0,35634.568,41571.614,,32.301,32.301,-8.798,2.0,PUNGGOL ROAD,71.959
punggol_road,Punggol Road,2686.0,35633.769,41569.78,,32.125,32.125,-8.798,2.0,PUNGGOL ROAD,70.851
punggol_road,Punggol Road,2688.0,35632.97,41567.947,,31.949,31.949,-8.798,2.0,PUNGGOL ROAD,69.744
punggol_road,Punggol Road,2690.0,35632.171,41566.113,,31.773,31.773,-8.798,2.0,PUNGGOL ROAD,68.637
punggol_road,Punggol Road,2692.0,35631.372,41564.28,,31.597,31.597,-8.798,2.0,PUNGGOL ROAD,67.53
punggol_road,Punggol Road,2694.0,35630.572,41562.447,,31.421,31.421,-8.798,2.0,PUNGGOL ROAD,66.422
punggol_road,Punggol Road,2696.0,35629.773,41560.613,,31.245,31.245,-8.798,2.0,PUNGGOL ROAD,65.315
punggol_road,Punggol Road,2698.0,35628.974,41558.78,,31.069,31.069,-8.798,2.0,PUNGGOL ROAD,64.208
punggol_road,Punggol Road,2700.0,35628.175,41556.946,,30.893,30.893,-8.798,2.0,PUNGGOL ROAD,63.101
punggol_road,Punggol Road,2702.0,35627.376,41555.113,,30.717,30.717,-8.019,1.0,PUNGGOL ROAD,61.993
punggol_road,Punggol Road,2704.0,35626.577,41553.28,,30.541,30.541,-5.819,1.0,PUNGGOL ROAD,60.886
punggol_road,Punggol Road,2706.0,35625.777,41551.446,30.366,30.366,30.428,,,PUNGGOL ROAD,59.779
punggol_road,Punggol Road,2708.0,35624.978,41549.613,30.358,30.358,30.428,,,PUNGGOL ROAD,58.672
punggol_road,Punggol Road,2710.0,35624.179,41547.78,,30.428,30.428,,,PUNGGOL ROAD,57.564
punggol_road,Punggol Road,2712.0,35623.38,41545.946,29.848,30.723,30.723,,,PUNGGOL ROAD,56.457
punggol_road,Punggol Road,2714.0,35622.581,41544.113,29.876,31.019,30.723,,,PUNGGOL ROAD,55.35
punggol_road,Punggol Road,2716.0,35621.782,41542.279,29.723,30.78,30.723,,,PUNGGOL ROAD,54.242
punggol_road,Punggol Road,2718.0,35620.982,41540.446,,30.541,30.541,,,PUNGGOL ROAD,53.135
punggol_road,Punggol Road,2720.0,35620.183,41538.613,33.568,30.301,30.301,,,PUNGGOL ROAD,52.028
punggol_road,Punggol Road,2722.0,35619.384,41536.779,33.741,,30.182,,,PUNGGOL ROAD,50.879
punggol_road,Punggol Road,2724.0,35618.585,41534.946,,,30.062,,,PUNGGOL ROAD,49.701
punggol_road,Punggol Road,2726.0,35617.786,41533.112,46.162,,29.943,,,PUNGGOL ROAD,48.524
punggol_road,Punggol Road,2728.0,35616.987,41531.279,46.162,,,,,PUNGGOL ROAD,47.346
punggol_road,Punggol Road,2730.0,35616.187,41529.446,46.162,,,,,PUNGGOL ROAD,46.168
punggol_road,Punggol Road,2732.0,35615.388,41527.612,41.443,,,,,PUNGGOL ROAD,44.99
punggol_road,Punggol Road,2734.0,35614.589,41525.779,36.724,,28.269,,,PUNGGOL ROAD,43.812
punggol_road,Punggol Road,2736.0,35613.79,41523.945,36.724,,28.149,,,PUNGGOL ROAD,42.635
punggol_road,Punggol Road,2738.0,35612.991,41522.112,36.724,,28.03,,,PUNGGOL ROAD,41.457
punggol_road,Punggol Road,2740.0,35612.192,41520.279,32.566,27.91,27.91,,,PUNGGOL ROAD,40.279
punggol_road,Punggol Road,2742.0,35611.392,41518.445,28.431,27.671,27.671,,,PUNGGOL ROAD,39.101
punggol_road,Punggol Road,2744.0,35610.593,41516.612,28.35,27.432,27.432,,,PUNGGOL ROAD,37.924
punggol_road,Punggol Road,2746.0,35609.794,41514.778,28.307,27.193,27.193,,,PUNGGOL ROAD,36.746
punggol_road,Punggol Road,2748.0,35608.995,41512.945,27.641,26.179,26.179,,,PUNGGOL ROAD,35.568
punggol_road,Punggol Road,2750.0,35608.196,41511.112,27.032,25.165,25.165,,,PUNGGOL ROAD,34.39
punggol_road,Punggol Road,2752.0,35607.397,41509.278,23.799,24.151,24.151,,,PUNGGOL ROAD,33.212
punggol_road,Punggol Road,2754.0,35606.597,41507.445,19.886,23.137,23.137,,,PUNGGOL ROAD,32.035
punggol_road,Punggol Road,2756.0,35605.798,41505.611,19.151,,22.123,,,PUNGGOL ROAD,30.857
punggol_road,Punggol Road,2758.0,35604.999,41503.778,19.115,,21.109,,,PUNGGOL ROAD,29.679
punggol_road,Punggol Road,2760.0,35604.2,41501.945,19.136,20.095,20.095,,,PUNGGOL ROAD,28.501
punggol_road,Punggol Road,2762.0,35603.401,41500.111,19.163,19.081,19.081,,,PUNGGOL ROAD,27.324
punggol_road,Punggol Road,2764.0,35602.602,41498.278,18.092,18.066,18.066,,,PUNGGOL ROAD,26.146
punggol_road,Punggol Road,2766.0,35601.802,41496.444,17.052,17.052,17.153,,,PUNGGOL ROAD,24.968
punggol_road,Punggol Road,2768.0,35601.003,41494.611,16.657,17.103,17.153,,,PUNGGOL ROAD,23.79
punggol_road,Punggol Road,2770.0,35600.204,41492.778,16.322,17.153,17.153,0.0,1.0,PUNGGOL ROAD,22.612
punggol_road,Punggol Road,2772.0,35599.405,41490.944,17.379,17.203,17.153,,,PUNGGOL ROAD,21.435
punggol_road,Punggol Road,2774.0,35598.606,41489.111,17.253,17.253,17.153,,,PUNGGOL ROAD,20.257
punggol_road,Punggol Road,2776.0,35597.807,41487.277,18.626,17.115,17.115,,,PUNGGOL ROAD,19.079
punggol_road,Punggol Road,2778.0,35597.007,41485.444,16.977,16.977,16.977,,,PUNGGOL ROAD,17.901
punggol_road,Punggol Road,2780.0,35596.208,41483.611,16.255,16.954,16.954,-2.589,1.0,PUNGGOL ROAD,16.724
punggol_road,Punggol Road,2782.0,35595.409,41481.777,16.394,16.931,16.931,,,PUNGGOL ROAD,15.546
punggol_road,Punggol Road,2784.0,35594.61,41479.944,27.251,16.908,16.908,,,PUNGGOL ROAD,14.368
punggol_road,Punggol Road,2786.0,35593.811,41478.111,17.422,16.677,16.677,,,PUNGGOL ROAD,13.19
punggol_road,Punggol Road,2788.0,35593.012,41476.277,18.191,16.445,16.445,,,PUNGGOL ROAD,12.012
punggol_road,Punggol Road,2790.0,35592.213,41474.444,21.935,16.214,16.214,,,PUNGGOL ROAD,10.835
punggol_road,Punggol Road,2792.0,35591.413,41472.61,22.903,15.982,15.982,,,PUNGGOL ROAD,9.657
punggol_road,Punggol Road,2794.0,35590.614,41470.777,20.987,15.751,15.751,,,PUNGGOL ROAD,8.479
punggol_road,Punggol Road,2796.0,35589.815,41468.944,18.39,15.519,15.519,,,PUNGGOL ROAD,7.301
punggol_road,Punggol Road,2798.0,35589.016,41467.11,15.111,15.288,15.288,,,PUNGGOL ROAD,6.124
punggol_road,Punggol Road,2800.0,35588.217,41465.277,14.805,15.057,15.057,,,PUNGGOL ROAD,4.946
punggol_road,Punggol Road,2802.0,35587.418,41463.443,14.825,14.825,14.944,,,PUNGGOL ROAD,3.768
punggol_road,Punggol Road,2804.0,35586.618,41461.61,14.944,14.944,14.834,,,PUNGGOL ROAD,2.59
punggol_road,Punggol Road,2806.0,35585.819,41459.777,14.833,14.833,14.834,-1.375,1.0,PUNGGOL ROAD,1.412
punggol_road,Punggol Road,2808.0,35585.02,41457.943,14.834,14.834,14.879,-1.261,1.0,PUNGGOL ROAD,0.235
punggol_road,Punggol Road,2810.0,35584.221,41456.11,15.015,15.015,14.834,-1.148,1.0,PUNGGOL ROAD,0.943
punggol_road,Punggol Road,2812.0,35583.422,41454.276,15.23,14.879,14.834,-1.81,1.0,PUNGGOL ROAD,2.121
punggol_road,Punggol Road,2814.0,35582.623,41452.443,14.743,14.743,14.743,-1.256,1.0,PUNGGOL ROAD,3.299
punggol_road,Punggol Road,2816.0,35581.823,41450.61,14.678,14.678,14.734,,,PUNGGOL ROAD,4.476
punggol_road,Punggol Road,2818.0,35581.024,41448.776,14.619,14.619,14.734,,,PUNGGOL ROAD,5.654
punggol_road,Punggol Road,2820.0,35580.225,41446.943,14.539,14.734,14.734,,,PUNGGOL ROAD,6.832
punggol_road,Punggol Road,2866.0,35561.844,41404.775,15.703,14.849,14.849,,,PUNGGOL ROAD,35.192
punggol_road,Punggol Road,2868.0,35561.045,41402.941,14.87,15.34,15.34,,,PUNGGOL ROAD,36.443
punggol_road,Punggol Road,2870.0,35560.246,41401.108,14.672,15.831,15.831,,,PUNGGOL ROAD,37.695
punggol_road,Punggol Road,2872.0,35559.447,41399.275,12.358,16.321,16.321,,,PUNGGOL ROAD,38.946
punggol_road,Punggol Road,2874.0,35558.648,41397.441,12.313,,16.812,,,PUNGGOL ROAD,40.198
punggol_road,Punggol Road,2876.0,35557.848,41395.608,18.594,17.303,17.303,,,PUNGGOL ROAD,41.449
punggol_road,Punggol Road,2878.0,35557.049,41393.774,18.836,17.793,17.793,,,PUNGGOL ROAD,42.7
punggol_road,Punggol Road,2880.0,35556.25,41391.941,18.471,18.284,18.284,,,PUNGGOL ROAD,43.918
punggol_road,Punggol Road,2882.0,35555.451,41390.108,23.712,18.775,18.284,,,PUNGGOL ROAD,45.022
punggol_road,Punggol Road,2884.0,35554.652,41388.274,19.287,18.395,18.284,,,PUNGGOL ROAD,46.126
punggol_road,Punggol Road,2886.0,35553.853,41386.441,18.108,18.016,18.016,,,PUNGGOL ROAD,47.231
punggol_road,Punggol Road,2888.0,35553.053,41384.607,27.927,17.636,17.636,,,PUNGGOL ROAD,48.335
punggol_road,Punggol Road,2890.0,35552.254,41382.774,19.651,,17.447,,,PUNGGOL ROAD,49.439
punggol_road,Punggol Road,2892.0,35551.455,41380.941,20.408,,17.067,,,PUNGGOL ROAD,50.544
punggol_road,Punggol Road,2894.0,35550.656,41379.107,13.898,,16.498,,,PUNGGOL ROAD,51.648
punggol_road,Punggol Road,2896.0,35549.857,41377.274,14.525,,15.929,,,PUNGGOL ROAD,52.753
punggol_road,Punggol Road,2898.0,35549.058,41375.44,14.619,,15.549,,,PUNGGOL ROAD,53.857
punggol_road,Punggol Road,2900.0,35548.258,41373.607,14.097,15.36,15.36,,,PUNGGOL ROAD,54.961
punggol_road,Punggol Road,2902.0,35547.459,41371.774,14.151,14.98,14.98,,,PUNGGOL ROAD,56.066
punggol_road,Punggol Road,2904.0,35546.66,41369.94,14.329,14.601,14.601,,,PUNGGOL ROAD,57.17
punggol_road,Punggol Road,2906.0,35545.861,41368.107,12.951,14.221,14.221,,,PUNGGOL ROAD,58.274
punggol_road,Punggol Road,2908.0,35545.062,41366.273,13.268,14.114,14.114,,,PUNGGOL ROAD,59.379
punggol_road,Punggol Road,2910.0,35544.263,41364.44,13.91,14.006,14.006,,,PUNGGOL ROAD,60.483
punggol_road,Punggol Road,2912.0,35543.464,41362.607,13.899,13.899,13.899,,,PUNGGOL ROAD,61.588
punggol_road,Punggol Road,2914.0,35542.664,41360.773,13.892,13.892,13.892,,,PUNGGOL ROAD,62.692
punggol_road,Punggol Road,2916.0,35541.865,41358.94,,13.828,13.828,-2.494,1.0,PUNGGOL ROAD,63.796
punggol_road,Punggol Road,2918.0,35541.066,41357.106,,13.764,13.764,-3.212,1.0,PUNGGOL ROAD,64.901
punggol_road,Punggol Road,2920.0,35540.267,41355.273,,13.7,13.7,-2.409,1.0,PUNGGOL ROAD,66.005
punggol_road,Punggol Road,2922.0,35539.468,41353.44,,13.635,13.635,-1.606,1.0,PUNGGOL ROAD,67.109
punggol_road,Punggol Road,2924.0,35538.669,41351.606,,13.571,13.635,,,PUNGGOL ROAD,68.214
punggol_road,Punggol Road,2926.0,35537.869,41349.773,,13.507,13.635,,,PUNGGOL ROAD,69.318
punggol_road,Punggol Road,2928.0,35537.07,41347.939,,13.795,13.795,,,PUNGGOL ROAD,70.422
punggol_road,Punggol Road,2930.0,35536.271,41346.106,,14.084,14.084,0.118,1.0,PUNGGOL ROAD,71.527
punggol_road,Punggol Road,2932.0,35535.472,41344.273,13.314,14.372,14.372,,,PUNGGOL ROAD,72.631
punggol_road,Punggol Road,3798.0,35189.434,40550.413,21.266,14.66,14.66,,,PUNGGOL ROAD,40.402
punggol_road,Punggol Road,3800.0,35188.635,40548.579,11.31,14.67,14.67,,,PUNGGOL ROAD,39.5
punggol_road,Punggol Road,3802.0,35187.836,40546.746,10.183,14.68,14.68,,,PUNGGOL ROAD,38.598
punggol_road,Punggol Road,3804.0,35187.036,40544.912,21.688,14.69,14.69,,,PUNGGOL ROAD,37.696
punggol_road,Punggol Road,3806.0,35186.237,40543.079,18.682,14.7,14.7,,,PUNGGOL ROAD,36.794
punggol_road,Punggol Road,3808.0,35185.438,40541.246,14.128,14.71,14.71,,,PUNGGOL ROAD,35.891
punggol_road,Punggol Road,3810.0,35184.639,40539.412,22.739,14.72,14.72,,,PUNGGOL ROAD,34.989
punggol_road,Punggol Road,3812.0,35183.84,40537.579,12.161,14.73,14.73,,,PUNGGOL ROAD,34.087
punggol_road,Punggol Road,3814.0,35183.041,40535.745,24.008,14.74,14.74,,,PUNGGOL ROAD,33.185
punggol_road,Punggol Road,3816.0,35182.242,40533.912,31.992,14.75,14.75,,,PUNGGOL ROAD,32.283
punggol_road,Punggol Road,3818.0,35181.442,40532.079,10.001,14.76,14.76,,,PUNGGOL ROAD,31.381
punggol_road,Punggol Road,3820.0,35180.643,40530.245,10.185,14.77,14.77,,,PUNGGOL ROAD,30.479
punggol_road,Punggol Road,3822.0,35179.844,40528.412,11.659,14.78,14.78,,,PUNGGOL ROAD,29.577
punggol_road,Punggol Road,3824.0,35179.045,40526.578,14.411,14.79,14.79,,,PUNGGOL ROAD,28.675
punggol_road,Punggol Road,3826.0,35178.246,40524.745,14.843,14.8,14.79,,,PUNGGOL ROAD,27.773
punggol_road,Punggol Road,3828.0,35177.447,40522.912,18.434,14.81,14.79,,,PUNGGOL ROAD,26.871
punggol_road,Punggol Road,3830.0,35176.647,40521.078,11.39,14.777,14.777,,,PUNGGOL ROAD,25.969
punggol_road,Punggol Road,3832.0,35175.848,40519.245,14.744,14.571,14.571,,,PUNGGOL ROAD,25.067
punggol_road,Punggol Road,3834.0,35175.049,40517.412,17.288,14.366,14.366,,,PUNGGOL ROAD,24.165
punggol_road,Punggol Road,3836.0,35174.25,40515.578,16.544,13.717,13.717,,,PUNGGOL ROAD,23.262
punggol_road,Punggol Road,3838.0,35173.451,40513.745,13.084,13.067,13.067,,,PUNGGOL ROAD,22.38
punggol_road,Punggol Road,3840.0,35172.652,40511.911,13.231,12.418,12.418,,,PUNGGOL ROAD,21.633
punggol_road,Punggol Road,3842.0,35171.852,40510.078,18.983,,11.769,,,PUNGGOL ROAD,20.987
punggol_road,Punggol Road,3844.0,35171.053,40508.245,9.291,,11.12,,,PUNGGOL ROAD,20.342
punggol_road,Punggol Road,3846.0,35170.254,40506.411,9.738,10.471,10.471,,,PUNGGOL ROAD,19.698
punggol_road,Punggol Road,3848.0,35169.455,40504.578,9.855,9.822,9.822,,,PUNGGOL ROAD,19.053
punggol_road,Punggol Road,3850.0,35168.656,40502.744,14.008,9.173,9.173,,,PUNGGOL ROAD,18.409
punggol_road,Punggol Road,3852.0,35167.857,40500.911,8.524,8.524,8.671,,,PUNGGOL ROAD,17.764
punggol_road,Punggol Road,3854.0,35167.057,40499.078,9.95,8.597,8.671,,,PUNGGOL ROAD,17.12
punggol_road,Punggol Road,3856.0,35166.258,40497.244,21.491,8.671,8.671,1.836,1.0,PUNGGOL ROAD,16.475
punggol_road,Punggol Road,3858.0,35165.459,40495.411,17.01,8.744,8.744,2.054,1.0,PUNGGOL ROAD,15.831
punggol_road,Punggol Road,3860.0,35164.66,40493.577,15.622,8.818,8.818,2.054,1.0,PUNGGOL ROAD,15.186
punggol_road,Punggol Road,3862.0,35163.861,40491.744,8.986,8.891,8.835,1.136,1.0,PUNGGOL ROAD,14.542
punggol_road,Punggol Road,3864.0,35163.062,40489.911,8.965,8.965,8.835,-0.551,1.0,PUNGGOL ROAD,13.897
punggol_road,Punggol Road,3866.0,35162.262,40488.077,12.98,8.835,8.835,-1.619,1.0,PUNGGOL ROAD,13.267
punggol_road,Punggol Road,3868.0,35161.463,40486.244,8.706,8.706,8.774,,,PUNGGOL ROAD,12.791
punggol_road,Punggol Road,3870.0,35160.664,40484.41,8.774,8.774,8.706,,,PUNGGOL ROAD,12.331
punggol_road,Punggol Road,3872.0,35159.865,40482.577,8.972,8.681,8.681,,,PUNGGOL ROAD,11.872
punggol_road,Punggol Road,3874.0,35159.066,40480.744,12.998,8.418,8.418,,,PUNGGOL ROAD,11.412
punggol_road,Punggol Road,3876.0,35158.267,40478.91,8.205,8.155,8.155,,,PUNGGOL ROAD,10.952
punggol_road,Punggol Road,3878.0,35157.467,40477.077,8.717,7.892,7.892,,,PUNGGOL ROAD,10.493
punggol_road,Punggol Road,3880.0,35156.668,40475.243,7.534,7.629,7.629,,,PUNGGOL ROAD,10.033
punggol_road,Punggol Road,3882.0,35155.869,40473.41,7.366,7.366,7.366,,,PUNGGOL ROAD,9.573
punggol_road,Punggol Road,3884.0,35155.07,40471.577,7.297,7.297,7.297,,,PUNGGOL ROAD,9.169
punggol_road,Punggol Road,3886.0,35154.271,40469.743,7.228,7.228,7.297,,,PUNGGOL ROAD,8.803
punggol_road,Punggol Road,3888.0,35153.472,40467.91,7.177,7.177,7.297,2.296,1.0,PUNGGOL ROAD,8.436
punggol_road,Punggol Road,3890.0,35152.672,40466.076,7.554,7.369,7.369,2.296,1.0,PUNGGOL ROAD,8.07
punggol_road,Punggol Road,3892.0,35151.873,40464.243,7.562,7.562,7.481,,,PUNGGOL ROAD,7.704
punggol_road,Punggol Road,3894.0,35151.074,40462.41,7.522,7.522,7.481,,,PUNGGOL ROAD,7.337
punggol_road,Punggol Road,3896.0,35150.275,40460.576,6.877,7.481,7.481,-0.996,1.0,PUNGGOL ROAD,6.971
punggol_road,Punggol Road,3898.0,35149.476,40458.743,7.386,7.439,7.439,-1.033,1.0,PUNGGOL ROAD,6.604
punggol_road,Punggol Road,3900.0,35148.677,40456.909,7.398,7.398,7.401,,,PUNGGOL ROAD,6.238
punggol_road,Punggol Road,3902.0,35147.877,40455.076,7.401,7.401,7.398,,,PUNGGOL ROAD,5.872
punggol_road,Punggol Road,3904.0,35147.078,40453.243,7.185,7.185,7.205,-5.496,1.0,PUNGGOL ROAD,5.616
punggol_road,Punggol Road,3906.0,35146.279,40451.409,7.205,7.205,7.185,-8.508,1.0,PUNGGOL ROAD,5.469
punggol_road,Punggol Road,3908.0,35145.48,40449.576,9.301,6.961,6.961,-9.148,2.0,PUNGGOL ROAD,5.323
punggol_road,Punggol Road,3910.0,35144.681,40447.743,9.555,6.717,6.717,-10.583,2.0,PUNGGOL ROAD,5.177
punggol_road,Punggol Road,3912.0,35143.882,40445.909,9.686,6.473,6.473,-7.787,1.0,PUNGGOL ROAD,5.03
punggol_road,Punggol Road,3914.0,35143.082,40444.076,6.23,6.23,6.338,-3.832,1.0,PUNGGOL ROAD,4.884
punggol_road,Punggol Road,3916.0,35142.283,40442.242,6.136,6.136,6.338,0.123,1.0,PUNGGOL ROAD,4.737
punggol_road,Punggol Road,3918.0,35141.484,40440.409,6.103,6.338,6.338,1.82,1.0,PUNGGOL ROAD,4.591
punggol_road,Punggol Road,3920.0,35140.685,40438.576,6.541,6.541,6.483,1.957,1.0,PUNGGOL ROAD,4.445
punggol_road,Punggol Road,3922.0,35139.886,40436.742,6.484,6.484,6.484,,,PUNGGOL ROAD,4.298
punggol_road,Punggol Road,3924.0,35139.087,40434.909,6.483,6.483,6.495,,,PUNGGOL ROAD,4.152
punggol_road,Punggol Road,3926.0,35138.288,40433.075,5.828,6.495,6.495,,,PUNGGOL ROAD,4.034
punggol_road,Punggol Road,3928.0,35138.954,40433.456,5.835,6.507,6.507,,,PUNGGOL ROAD,3.592
punggol_road,Punggol Road,3930.0,35140.331,40434.907,6.518,6.672,6.672,,,PUNGGOL ROAD,3.05
punggol_road,Punggol Road,3932.0,35141.707,40436.359,6.587,6.838,6.835,,,PUNGGOL ROAD,2.508
punggol_road,Punggol Road,3934.0,35143.083,40437.81,6.645,6.837,6.835,,,PUNGGOL ROAD,1.966
punggol_road,Punggol Road,3936.0,35144.459,40439.261,6.29,6.835,6.835,,,PUNGGOL ROAD,1.424
punggol_road,Punggol Road,3938.0,35145.835,40440.712,7.562,6.834,6.834,,,PUNGGOL ROAD,0.882
punggol_road,Punggol Road,3940.0,35147.211,40442.164,7.334,6.833,6.833,,,PUNGGOL ROAD,0.34
punggol_road,Punggol Road,3942.0,35148.587,40443.615,9.613,6.832,6.832,,,PUNGGOL ROAD,0.202
punggol_road,Punggol Road,3944.0,35149.963,40445.066,9.316,6.83,6.83,,,PUNGGOL ROAD,0.744
punggol_road,Punggol Road,3946.0,35151.339,40446.518,9.254,6.829,6.829,,,PUNGGOL ROAD,1.286
punggol_road,Punggol Road,3948.0,35152.716,40447.969,9.616,6.828,6.828,,,PUNGGOL ROAD,1.829
punggol_road,Punggol Road,3950.0,35154.092,40449.42,6.446,6.826,6.826,,,PUNGGOL ROAD,2.371
punggol_road,Punggol Road,3952.0,35155.468,40450.872,6.854,6.825,6.825,,,PUNGGOL ROAD,2.771
punggol_road,Punggol Road,3954.0,35156.844,40452.323,7.045,6.824,6.824,,,PUNGGOL ROAD,3.096
punggol_road,Punggol Road,3956.0,35158.22,40453.774,7.014,6.823,6.823,,,PUNGGOL ROAD,3.422
punggol_road,Punggol Road,3958.0,35159.596,40455.226,6.821,6.821,6.821,,,PUNGGOL ROAD,3.747
punggol_road,Punggol Road,3960.0,35160.972,40456.677,6.725,6.725,6.815,,,PUNGGOL ROAD,4.073
punggol_road,Punggol Road,3962.0,35162.348,40458.128,6.77,6.77,6.815,0.584,1.0,PUNGGOL ROAD,4.398
punggol_road,Punggol Road,3964.0,35163.724,40459.58,6.815,6.815,6.815,1.319,1.0,PUNGGOL ROAD,4.724
punggol_road,Punggol Road,3966.0,35165.101,40461.031,6.868,6.868,6.868,2.025,1.0,PUNGGOL ROAD,5.049
punggol_road,Punggol Road,3968.0,35166.477,40462.482,6.921,6.921,6.921,2.709,1.0,PUNGGOL ROAD,5.375
punggol_road,Punggol Road,3970.0,35167.853,40463.934,6.977,6.977,6.977,2.75,1.0,PUNGGOL ROAD,5.699
punggol_road,Punggol Road,3972.0,35169.229,40465.385,7.032,7.032,7.032,2.816,1.0,PUNGGOL ROAD,5.931
punggol_road,Punggol Road,3974.0,35170.605,40466.836,7.088,7.088,7.088,2.831,1.0,PUNGGOL ROAD,6.162
punggol_road,Punggol Road,3976.0,35171.981,40468.288,7.146,7.146,7.146,2.941,1.0,PUNGGOL ROAD,6.393
punggol_road,Punggol Road,3978.0,35173.357,40469.739,7.204,7.204,7.204,3.063,1.0,PUNGGOL ROAD,6.624
punggol_road,Punggol Road,3980.0,35174.733,40471.19,7.267,7.267,7.267,3.122,1.0,PUNGGOL ROAD,6.855
punggol_road,Punggol Road,3982.0,35176.109,40472.641,7.333,7.333,7.333,3.25,1.0,PUNGGOL ROAD,7.086
punggol_road,Punggol Road,3984.0,35177.485,40474.093,7.396,7.396,7.396,3.291,1.0,PUNGGOL ROAD,7.317
punggol_road,Punggol Road,3986.0,35178.862,40475.544,7.464,7.464,7.464,3.439,1.0,PUNGGOL ROAD,7.458
punggol_road,Punggol Road,3988.0,35180.238,40476.995,7.53,7.53,7.53,3.587,1.0,PUNGGOL ROAD,7.497
punggol_road,Punggol Road,3990.0,35181.614,40478.447,7.879,7.606,7.606,,,PUNGGOL ROAD,7.536
punggol_road,Punggol Road,3992.0,35182.99,40479.898,7.682,7.682,7.682,,,PUNGGOL ROAD,7.575
punggol_road,Punggol Road,3994.0,35184.366,40481.349,8.396,7.754,7.754,,,PUNGGOL ROAD,7.615
punggol_road,Punggol Road,3996.0,35185.742,40482.801,7.823,7.826,7.826,3.694,1.0,PUNGGOL ROAD,7.654
punggol_road,Punggol Road,3998.0,35187.118,40484.252,7.897,7.897,7.897,,,PUNGGOL ROAD,7.693
punggol_road,Punggol Road,4000.0,35188.494,40485.703,7.978,7.978,7.978,,,PUNGGOL ROAD,7.733
punggol_road,Punggol Road,4002.0,35189.87,40487.155,8.046,8.046,8.046,,,PUNGGOL ROAD,7.772
punggol_road,Punggol Road,4004.0,35191.247,40488.606,8.114,8.114,8.114,,,PUNGGOL ROAD,7.811
punggol_road,Punggol Road,4006.0,35192.623,40490.057,8.714,8.193,8.193,3.831,1.0,PUNGGOL ROAD,7.85
punggol_road,Punggol Road,4008.0,35193.999,40491.509,8.275,8.273,8.273,3.85,1.0,PUNGGOL ROAD,7.872
punggol_road,Punggol Road,4010.0,35195.375,40492.96,8.352,8.352,8.352,,,PUNGGOL ROAD,7.632
punggol_road,Punggol Road,4012.0,35196.751,40494.411,8.422,8.422,8.422,,,PUNGGOL ROAD,7.392
punggol_road,Punggol Road,4014.0,35198.127,40495.863,8.5,8.5,8.5,,,PUNGGOL ROAD,7.152
punggol_road,Punggol Road,4016.0,35199.503,40497.314,8.965,8.577,8.577,3.853,1.0,PUNGGOL ROAD,6.913
punggol_road,Punggol Road,4018.0,35200.879,40498.765,8.652,8.654,8.654,,,PUNGGOL ROAD,6.673
punggol_road,Punggol Road,4020.0,35202.255,40500.217,8.73,8.73,8.73,,,PUNGGOL ROAD,6.433
punggol_road,Punggol Road,4022.0,35203.632,40501.668,9.184,8.81,8.81,,,PUNGGOL ROAD,6.193
punggol_road,Punggol Road,4024.0,35205.008,40503.119,8.889,8.889,8.889,3.913,1.0,PUNGGOL ROAD,5.954
punggol_road,Punggol Road,4026.0,35206.384,40504.571,8.968,8.968,8.968,3.842,1.0,PUNGGOL ROAD,5.714
punggol_road,Punggol Road,4028.0,35207.76,40506.022,9.043,9.043,9.043,3.772,1.0,PUNGGOL ROAD,5.474
punggol_road,Punggol Road,4030.0,35209.136,40507.473,9.118,9.118,9.118,3.575,1.0,PUNGGOL ROAD,5.234
punggol_road,Punggol Road,4032.0,35210.512,40508.924,9.19,9.19,9.19,3.294,1.0,PUNGGOL ROAD,4.994
punggol_road,Punggol Road,4034.0,35211.888,40510.376,9.253,9.253,9.253,2.931,1.0,PUNGGOL ROAD,4.754
punggol_road,Punggol Road,4036.0,35213.264,40511.827,9.307,9.307,9.307,2.569,1.0,PUNGGOL ROAD,4.515
punggol_road,Punggol Road,4038.0,35214.64,40513.278,9.656,9.351,9.351,2.325,1.0,PUNGGOL ROAD,4.275
punggol_road,Punggol Road,4040.0,35216.016,40514.73,9.396,9.396,9.396,2.084,1.0,PUNGGOL ROAD,4.035
punggol_road,Punggol Road,4042.0,35217.393,40516.181,9.44,9.44,9.44,2.452,1.0,PUNGGOL ROAD,3.795
punggol_road,Punggol Road,4044.0,35218.769,40517.632,9.474,9.474,9.474,2.819,1.0,PUNGGOL ROAD,3.555
punggol_road,Punggol Road,4046.0,35220.145,40519.084,9.506,9.506,9.506,2.919,1.0,PUNGGOL ROAD,3.315
punggol_road,Punggol Road,4048.0,35221.521,40520.535,9.622,9.622,9.622,3.781,1.0,PUNGGOL ROAD,3.076
punggol_road,Punggol Road,4050.0,35222.897,40521.986,9.673,9.673,9.673,3.381,1.0,PUNGGOL ROAD,2.836
punggol_road,Punggol Road,4052.0,35224.273,40523.438,9.776,9.776,9.776,1.931,1.0,PUNGGOL ROAD,2.596
punggol_road,Punggol Road,4054.0,35225.649,40524.889,9.8,9.8,9.776,0.981,1.0,PUNGGOL ROAD,2.356
punggol_road,Punggol Road,4056.0,35227.025,40526.34,9.78,9.78,9.776,,,PUNGGOL ROAD,2.116
punggol_road,Punggol Road,4058.0,35228.401,40527.792,9.752,9.752,9.752,,,PUNGGOL ROAD,1.876
punggol_road,Punggol Road,4060.0,35229.778,40529.243,10.259,9.74,9.74,-0.452,1.0,PUNGGOL ROAD,1.636
punggol_road,Punggol Road,4062.0,35231.154,40530.694,9.696,9.728,9.74,0.075,1.0,PUNGGOL ROAD,1.397
punggol_road,Punggol Road,4064.0,35232.53,40532.146,9.716,9.716,9.74,,,PUNGGOL ROAD,1.157
punggol_road,Punggol Road,4066.0,35233.906,40533.597,9.758,9.758,9.758,,,PUNGGOL ROAD,0.917
punggol_road,Punggol Road,4068.0,35235.282,40535.048,10.484,9.775,9.775,0.886,1.0,PUNGGOL ROAD,0.677
punggol_road,Punggol Road,4070.0,35236.477,40536.616,10.735,9.793,9.793,0.937,1.0,PUNGGOL ROAD,0.233
punggol_road,Punggol Road,4072.0,35237.224,40538.471,9.811,9.811,9.811,,,PUNGGOL ROAD,0.72
punggol_road,Punggol Road,4074.0,35237.97,40540.326,9.832,9.832,9.832,,,PUNGGOL ROAD,1.673
punggol_road,Punggol Road,4076.0,35238.717,40542.182,9.847,9.847,9.847,1.184,1.0,PUNGGOL ROAD,2.625
punggol_road,Punggol Road,4078.0,35239.464,40544.037,9.884,9.884,9.884,1.288,1.0,PUNGGOL ROAD,3.578
punggol_road,Punggol Road,4080.0,35240.42,40545.732,9.906,9.906,9.906,1.694,1.0,PUNGGOL ROAD,4.273
punggol_road,Punggol Road,4082.0,35242.015,40546.939,9.936,9.936,9.936,1.812,1.0,PUNGGOL ROAD,4.185
punggol_road,Punggol Road,4084.0,35243.61,40548.146,9.982,9.982,9.982,1.712,1.0,PUNGGOL ROAD,4.097
punggol_road,Punggol Road,4086.0,35245.204,40549.353,10.029,10.029,10.029,1.659,1.0,PUNGGOL ROAD,4.01
punggol_road,Punggol Road,4100.0,35255.398,40558.904,10.248,10.248,10.248,1.589,1.0,PUNGGOL ROAD,9.787
punggol_road,Punggol Road,4102.0,35256.797,40560.333,10.267,10.267,10.267,1.485,1.0,PUNGGOL ROAD,10.085
punggol_road,Punggol Road,4104.0,35258.196,40561.762,10.3,10.3,10.3,1.206,1.0,PUNGGOL ROAD,10.383
punggol_road,Punggol Road,4106.0,35259.595,40563.191,10.326,10.326,10.326,1.069,1.0,PUNGGOL ROAD,10.681
punggol_road,Punggol Road,4108.0,35260.994,40564.62,10.344,10.344,10.344,0.659,1.0,PUNGGOL ROAD,10.979
punggol_road,Punggol Road,4110.0,35262.394,40566.049,10.362,10.362,10.353,0.341,1.0,PUNGGOL ROAD,11.277
punggol_road,Punggol Road,4112.0,35263.793,40567.478,10.353,10.353,10.353,0.103,1.0,PUNGGOL ROAD,11.575
punggol_road,Punggol Road,4114.0,35265.192,40568.907,10.361,10.361,10.353,0.103,1.0,PUNGGOL ROAD,11.873
punggol_road,Punggol Road,4116.0,35266.591,40570.336,10.352,10.352,10.353,1.355,1.0,PUNGGOL ROAD,12.171
punggol_road,Punggol Road,4118.0,35267.99,40571.765,10.337,10.337,10.361,2.906,1.0,PUNGGOL ROAD,12.469
punggol_road,Punggol Road,4120.0,35269.389,40573.195,14.69,10.461,10.461,3.541,1.0,PUNGGOL ROAD,12.766
punggol_road,Punggol Road,4122.0,35270.789,40574.624,10.585,10.585,10.585,4.459,1.0,PUNGGOL ROAD,13.064
punggol_road,Punggol Road,4124.0,35272.188,40576.053,10.636,10.636,10.636,4.23,1.0,PUNGGOL ROAD,13.362
punggol_road,Punggol Road,4126.0,35273.587,40577.482,15.955,10.718,10.718,,,PUNGGOL ROAD,13.66
punggol_road,Punggol Road,4128.0,35274.986,40578.911,10.8,10.8,10.8,,,PUNGGOL ROAD,13.958
punggol_road,Punggol Road,4130.0,35276.385,40580.34,14.204,10.82,10.82,,,PUNGGOL ROAD,14.256
punggol_road,Punggol Road,4132.0,35277.785,40581.769,11.945,10.84,10.84,,,PUNGGOL ROAD,14.554
punggol_road,Punggol Road,4134.0,35279.184,40583.198,12.32,10.86,10.86,,,PUNGGOL ROAD,14.852
punggol_road,Punggol Road,4136.0,35280.583,40584.627,11.049,10.88,10.88,,,PUNGGOL ROAD,15.15
punggol_road,Punggol Road,4138.0,35282.011,40586.022,15.538,10.9,10.9,,,PUNGGOL ROAD,15.403
punggol_road,Punggol Road,4140.0,35283.657,40587.159,12.353,10.921,10.921,,,PUNGGOL ROAD,15.319
punggol_road,Punggol Road,4142.0,35285.302,40588.296,11.945,10.941,10.941,,,PUNGGOL ROAD,15.235
punggol_road,Punggol Road,4144.0,35286.948,40589.432,12.447,10.961,10.961,,,PUNGGOL ROAD,15.151
punggol_road,Punggol Road,4146.0,35288.634,40590.506,16.081,10.981,10.981,,,PUNGGOL ROAD,14.992
punggol_road,Punggol Road,4148.0,35290.338,40591.554,14.367,11.001,11.001,,,PUNGGOL ROAD,14.803
punggol_road,Punggol Road,4150.0,35292.041,40592.603,16.188,11.022,11.022,,,PUNGGOL ROAD,14.614
punggol_road,Punggol Road,4152.0,35293.744,40593.651,15.318,11.042,11.042,,,PUNGGOL ROAD,14.425
punggol_road,Punggol Road,4154.0,35295.447,40594.699,14.833,11.062,11.062,,,PUNGGOL ROAD,14.236
punggol_road,Punggol Road,4156.0,35297.067,40595.873,14.034,11.082,11.082,,,PUNGGOL ROAD,14.197
punggol_road,Punggol Road,4158.0,35298.686,40597.047,12.76,11.102,11.102,,,PUNGGOL ROAD,14.159
punggol_road,Punggol Road,4160.0,35300.305,40598.221,11.583,11.123,11.123,,,PUNGGOL ROAD,14.121
punggol_road,Punggol Road,4162.0,35301.924,40599.395,11.172,11.143,11.123,,,PUNGGOL ROAD,14.083
punggol_road,Punggol Road,4164.0,35303.543,40600.569,11.163,11.163,11.123,,,PUNGGOL ROAD,14.045
punggol_road,Punggol Road,4166.0,35305.135,40601.779,11.111,11.111,11.134,,,PUNGGOL ROAD,14.051
punggol_road,Punggol Road,4168.0,35306.702,40603.023,11.045,11.045,11.134,0.136,1.0,PUNGGOL ROAD,14.1
punggol_road,Punggol Road,4170.0,35308.268,40604.266,11.134,11.134,11.111,0.237,1.0,PUNGGOL ROAD,14.15
punggol_road,Punggol Road,4172.0,35309.834,40605.51,11.194,11.194,11.134,,,PUNGGOL ROAD,14.199
punggol_road,Punggol Road,4174.0,35311.4,40606.754,11.091,11.091,11.152,,,PUNGGOL ROAD,14.248
punggol_road,Punggol Road,4176.0,35312.967,40607.997,12.509,11.152,11.194,,,PUNGGOL ROAD,14.214
punggol_road,Punggol Road,4178.0,35314.533,40609.241,12.096,11.214,11.214,,,PUNGGOL ROAD,14.177
punggol_road,Punggol Road,4180.0,35316.099,40610.485,12.864,11.275,11.275,,,PUNGGOL ROAD,14.139
punggol_road,Punggol Road,4182.0,35317.665,40611.729,11.579,11.336,11.311,,,PUNGGOL ROAD,14.101
punggol_road,Punggol Road,4184.0,35319.232,40612.972,11.397,11.397,11.334,,,PUNGGOL ROAD,14.064
punggol_road,Punggol Road,4186.0,35320.798,40614.216,11.311,11.311,11.336,,,PUNGGOL ROAD,14.026
punggol_road,Punggol Road,4188.0,35322.364,40615.46,11.334,11.334,11.397,,,PUNGGOL ROAD,13.988
punggol_road,Punggol Road,4190.0,35323.93,40616.704,11.346,11.497,11.497,,,PUNGGOL ROAD,13.951
punggol_road,Punggol Road,4192.0,35325.497,40617.947,11.352,11.66,11.66,,,PUNGGOL ROAD,13.778
punggol_road,Punggol Road,4194.0,35327.06,40619.194,11.387,12.342,12.342,,,PUNGGOL ROAD,13.687
punggol_road,Punggol Road,4196.0,35328.616,40620.451,15.566,13.025,13.025,,,PUNGGOL ROAD,13.678
punggol_road,Punggol Road,4198.0,35330.172,40621.708,12.316,13.707,13.707,,,PUNGGOL ROAD,13.668
punggol_road,Punggol Road,4200.0,35331.728,40622.964,16.78,,14.389,,,PUNGGOL ROAD,13.659
punggol_road,Punggol Road,4202.0,35333.26,40624.246,12.748,15.071,15.071,,,PUNGGOL ROAD,13.684
punggol_road,Punggol Road,4204.0,35334.638,40625.696,22.005,15.753,15.753,,,PUNGGOL ROAD,13.936
punggol_road,Punggol Road,4206.0,35336.016,40627.146,22.042,16.436,16.436,,,PUNGGOL ROAD,14.189
punggol_road,Punggol Road,4208.0,35337.394,40628.595,15.756,17.118,17.118,,,PUNGGOL ROAD,14.441
punggol_road,Punggol Road,4210.0,35338.772,40630.045,18.183,17.312,17.135,,,PUNGGOL ROAD,14.694
punggol_road,Punggol Road,4212.0,35340.248,40631.393,21.232,17.506,17.135,,,PUNGGOL ROAD,14.806
punggol_road,Punggol Road,4214.0,35341.746,40632.718,19.382,17.135,17.135,,,PUNGGOL ROAD,14.886
punggol_road,Punggol Road,4216.0,35343.244,40634.043,18.523,16.765,16.765,,,PUNGGOL ROAD,14.966
punggol_road,Punggol Road,4218.0,35344.742,40635.368,17.083,16.319,16.319,,,PUNGGOL ROAD,15.046
punggol_road,Punggol Road,4220.0,35346.24,40636.693,18.546,15.873,15.873,,,PUNGGOL ROAD,15.125
punggol_road,Punggol Road,4222.0,35347.738,40638.018,15.562,15.427,15.427,,,PUNGGOL ROAD,15.205
punggol_road,Punggol Road,4224.0,35349.229,40639.35,17.056,,14.981,,,PUNGGOL ROAD,15.296
punggol_road,Punggol Road,4226.0,35350.518,40640.879,12.191,14.535,14.535,,,PUNGGOL ROAD,15.666
punggol_road,Punggol Road,4228.0,35351.808,40642.408,13.451,14.089,14.089,,,PUNGGOL ROAD,16.036
punggol_road,Punggol Road,4230.0,35353.097,40643.937,11.594,13.642,13.642,,,PUNGGOL ROAD,16.406
punggol_road,Punggol Road,4232.0,35354.386,40645.466,11.707,13.196,13.196,,,PUNGGOL ROAD,16.775
punggol_road,Punggol Road,4234.0,35355.712,40646.964,21.415,13.069,13.069,,,PUNGGOL ROAD,17.098
punggol_road,Punggol Road,4236.0,35357.038,40648.461,14.782,12.942,12.942,-6.361,1.0,PUNGGOL ROAD,17.42
punggol_road,Punggol Road,4238.0,35358.364,40649.958,19.362,12.815,12.815,,,PUNGGOL ROAD,17.742
punggol_road,Punggol Road,4240.0,35359.691,40651.455,12.688,12.688,12.688,,,PUNGGOL ROAD,18.064
punggol_road,Punggol Road,4242.0,35361.36,40652.427,10.962,12.526,12.526,,,PUNGGOL ROAD,17.762
punggol_road,Punggol Road,4244.0,35363.263,40653.042,11.812,12.365,12.365,,,PUNGGOL ROAD,17.036
punggol_road,Punggol Road,4246.0,35365.166,40653.656,11.202,12.203,12.203,,,PUNGGOL ROAD,16.309
punggol_road,Punggol Road,4248.0,35367.07,40654.271,12.17,12.042,12.042,,,PUNGGOL ROAD,15.583
punggol_road,Punggol Road,4250.0,35368.973,40654.886,11.881,11.881,11.896,,,PUNGGOL ROAD,14.856
punggol_road,Punggol Road,4252.0,35370.876,40655.501,11.495,11.896,11.881,,,PUNGGOL ROAD,14.13
punggol_road,Punggol Road,4254.0,35372.637,40656.414,11.407,11.713,11.713,,,PUNGGOL ROAD,13.725
punggol_road,Punggol Road,4256.0,35374.316,40657.501,11.926,11.529,11.529,,,PUNGGOL ROAD,13.386
punggol_road,Punggol Road,4258.0,35375.995,40658.588,12.004,11.253,11.253,,,PUNGGOL ROAD,13.013
punggol_road,Punggol Road,4260.0,35377.674,40659.674,11.87,10.976,10.976,,,PUNGGOL ROAD,12.64
punggol_road,Punggol Road,4262.0,35379.353,40660.761,10.383,10.7,10.7,,,PUNGGOL ROAD,12.267
punggol_road,Punggol Road,4264.0,35381.032,40661.847,10.306,10.423,10.503,,,PUNGGOL ROAD,11.894
punggol_road,Punggol Road,4266.0,35382.712,40662.934,9.968,10.463,10.503,,,PUNGGOL ROAD,11.521
punggol_road,Punggol Road,4268.0,35384.391,40664.021,14.151,10.503,10.503,0.497,1.0,PUNGGOL ROAD,11.148
punggol_road,Punggol Road,4270.0,35386.07,40665.107,12.904,10.542,10.542,0.497,1.0,PUNGGOL ROAD,10.775
punggol_road,Punggol Road,4272.0,35387.749,40666.194,12.447,10.582,10.542,-2.207,1.0,PUNGGOL ROAD,10.402
punggol_road,Punggol Road,4274.0,35389.428,40667.281,10.622,10.622,10.542,-4.911,1.0,PUNGGOL ROAD,10.029
punggol_road,Punggol Road,4276.0,35391.1,40668.378,9.96,10.346,10.346,-5.636,1.0,PUNGGOL ROAD,9.669
punggol_road,Punggol Road,4278.0,35392.715,40669.556,10.069,10.069,10.15,-5.914,1.0,PUNGGOL ROAD,9.406
punggol_road,Punggol Road,4280.0,35394.331,40670.735,10.15,10.15,10.092,-6.074,1.0,PUNGGOL ROAD,9.143
punggol_road,Punggol Road,4282.0,35395.947,40671.914,10.092,10.092,10.069,-6.234,1.0,PUNGGOL ROAD,8.881
punggol_road,Punggol Road,4284.0,35397.563,40673.092,9.944,9.944,9.944,,,PUNGGOL ROAD,8.618
punggol_road,Punggol Road,4286.0,35399.182,40674.265,9.651,9.651,9.651,,,PUNGGOL ROAD,8.348
punggol_road,Punggol Road,4288.0,35400.867,40675.343,10.026,9.59,9.59,-5.19,1.0,PUNGGOL ROAD,7.966
punggol_road,Punggol Road,4290.0,35402.551,40676.422,9.554,9.528,9.528,-2.172,1.0,PUNGGOL ROAD,7.583
punggol_road,Punggol Road,4292.0,35404.236,40677.5,9.467,9.467,9.528,,,PUNGGOL ROAD,7.2
punggol_road,Punggol Road,4294.0,35405.92,40678.578,9.468,9.468,9.477,,,PUNGGOL ROAD,6.817
punggol_road,Punggol Road,4296.0,35407.605,40679.656,9.675,9.675,9.468,-1.231,1.0,PUNGGOL ROAD,6.434
punggol_road,Punggol Road,4298.0,35409.289,40680.735,9.477,9.477,9.468,-3.964,1.0,PUNGGOL ROAD,6.052
punggol_road,Punggol Road,4300.0,35410.977,40681.807,9.43,9.43,9.43,-3.972,1.0,PUNGGOL ROAD,5.662
punggol_road,Punggol Road,4302.0,35412.668,40682.876,9.16,9.16,9.16,-4.602,1.0,PUNGGOL ROAD,5.268
punggol_road,Punggol Road,4304.0,35414.358,40683.945,9.15,9.15,9.15,-4.791,1.0,PUNGGOL ROAD,4.872
punggol_road,Punggol Road,4306.0,35416.049,40685.013,9.1,9.1,9.1,-3.043,1.0,PUNGGOL ROAD,4.449
punggol_road,Punggol Road,4308.0,35417.699,40686.143,9.047,9.047,9.047,-1.295,1.0,PUNGGOL ROAD,4.096
punggol_road,Punggol Road,4310.0,35419.341,40687.285,8.535,8.935,9.047,0.142,1.0,PUNGGOL ROAD,3.76
punggol_road,Punggol Road,4312.0,35420.982,40688.427,11.249,8.823,9.047,0.808,1.0,PUNGGOL ROAD,3.424
punggol_road,Punggol Road,4314.0,35422.624,40689.57,9.111,9.111,9.111,0.487,1.0,PUNGGOL ROAD,3.087
punggol_road,Punggol Road,4316.0,35424.266,40690.712,9.242,9.242,9.111,0.166,1.0,PUNGGOL ROAD,2.751
punggol_road,Punggol Road,4318.0,35425.607,40692.171,9.121,9.121,9.111,,,PUNGGOL ROAD,2.85
punggol_road,Punggol Road,4320.0,35426.832,40693.752,9.06,9.06,9.06,,,PUNGGOL ROAD,3.118
punggol_road,Punggol Road,4322.0,35428.057,40695.333,9.304,8.836,8.836,-7.565,1.0,PUNGGOL ROAD,3.387
punggol_road,Punggol Road,4324.0,35429.282,40696.914,8.802,8.612,8.612,-6.923,1.0,PUNGGOL ROAD,3.655
punggol_road,Punggol Road,4326.0,35430.507,40698.494,8.389,8.389,8.506,,,PUNGGOL ROAD,3.923
punggol_road,Punggol Road,4328.0,35431.732,40700.075,8.336,8.336,8.506,,,PUNGGOL ROAD,4.191
punggol_road,Punggol Road,4330.0,35432.957,40701.656,8.219,8.506,8.506,,,PUNGGOL ROAD,4.459
punggol_road,Punggol Road,4332.0,35434.182,40703.237,8.218,8.676,8.676,,,PUNGGOL ROAD,4.728
punggol_road,Punggol Road,4334.0,35435.408,40704.818,8.248,8.846,8.846,,,PUNGGOL ROAD,4.996
punggol_road,Punggol Road,4336.0,35436.633,40706.399,8.021,9.08,9.08,,,PUNGGOL ROAD,5.264
punggol_road,Punggol Road,4338.0,35437.858,40707.98,7.998,9.313,9.313,,,PUNGGOL ROAD,5.532
punggol_road,Punggol Road,4340.0,35439.083,40709.561,13.308,9.547,9.547,,,PUNGGOL ROAD,5.801
punggol_road,Punggol Road,4342.0,35440.308,40711.141,15.692,9.781,9.781,,,PUNGGOL ROAD,6.069
punggol_road,Punggol Road,4344.0,35441.569,40712.694,15.676,10.014,10.014,,,PUNGGOL ROAD,6.291
punggol_road,Punggol Road,4346.0,35442.852,40714.228,12.85,10.248,10.248,,,PUNGGOL ROAD,6.486
punggol_road,Punggol Road,4348.0,35444.135,40715.762,12.841,10.481,10.481,,,PUNGGOL ROAD,6.68
punggol_road,Punggol Road,4350.0,35445.418,40717.296,12.666,10.715,10.715,,,PUNGGOL ROAD,6.875
punggol_road,Punggol Road,4352.0,35446.701,40718.831,11.92,10.948,10.715,,,PUNGGOL ROAD,7.069
punggol_road,Punggol Road,4354.0,35447.983,40720.365,12.638,10.752,10.715,,,PUNGGOL ROAD,7.263
punggol_road,Punggol Road,4356.0,35449.266,40721.899,12.247,10.555,10.555,,,PUNGGOL ROAD,7.458
punggol_road,Punggol Road,4358.0,35450.549,40723.434,10.266,10.358,10.358,,,PUNGGOL ROAD,7.652
punggol_road,Punggol Road,4360.0,35451.832,40724.968,7.196,9.946,9.946,,,PUNGGOL ROAD,7.846
punggol_road,Punggol Road,4362.0,35453.115,40726.502,7.138,9.534,9.534,,,PUNGGOL ROAD,8.041
punggol_road,Punggol Road,4364.0,35454.398,40728.036,7.124,9.121,9.121,,,PUNGGOL ROAD,8.235
punggol_road,Punggol Road,4366.0,35455.681,40729.571,8.006,8.709,8.709,,,PUNGGOL ROAD,8.43
punggol_road,Punggol Road,4368.0,35456.964,40731.105,7.727,8.297,8.297,,,PUNGGOL ROAD,8.624
punggol_road,Punggol Road,4370.0,35458.247,40732.639,7.622,7.885,7.885,,,PUNGGOL ROAD,8.818
punggol_road,Punggol Road,4372.0,35459.53,40734.173,8.31,7.473,7.473,,,PUNGGOL ROAD,9.013
punggol_road,Punggol Road,4374.0,35460.813,40735.708,8.947,7.324,7.324,,,PUNGGOL ROAD,9.207
punggol_road,Punggol Road,4376.0,35462.096,40737.242,7.046,7.175,7.175,,,PUNGGOL ROAD,9.402
punggol_road,Punggol Road,4378.0,35463.379,40738.776,7.026,7.026,7.026,,,PUNGGOL ROAD,9.596
punggol_road,Punggol Road,4380.0,35464.662,40740.311,7.018,7.018,7.026,,,PUNGGOL ROAD,9.79
punggol_road,Punggol Road,4382.0,35465.945,40741.845,7.019,7.019,7.026,2.747,1.0,PUNGGOL ROAD,9.985
punggol_road,Punggol Road,4384.0,35467.037,40743.518,7.196,7.196,7.196,4.062,1.0,PUNGGOL ROAD,10.412
punggol_road,Punggol Road,4386.0,35468.107,40745.208,7.246,7.246,7.246,4.212,1.0,PUNGGOL ROAD,10.867
punggol_road,Punggol Road,4388.0,35469.177,40746.898,7.352,7.352,7.352,2.112,1.0,PUNGGOL ROAD,11.322
punggol_road,Punggol Road,4390.0,35470.247,40748.588,7.366,7.366,7.364,1.491,1.0,PUNGGOL ROAD,11.776
punggol_road,Punggol Road,4392.0,35471.316,40750.278,7.364,7.364,7.366,0.15,1.0,PUNGGOL ROAD,12.231
punggol_road,Punggol Road,4394.0,35472.386,40751.967,7.552,7.552,7.366,-0.813,1.0,PUNGGOL ROAD,12.686
punggol_road,Punggol Road,4396.0,35473.58,40753.571,7.401,7.401,7.364,-0.838,1.0,PUNGGOL ROAD,12.992
punggol_road,Punggol Road,4398.0,35474.792,40755.162,7.268,7.268,7.298,-0.838,1.0,PUNGGOL ROAD,13.277
punggol_road,Punggol Road,4400.0,35476.004,40756.753,7.281,7.281,7.298,-0.794,1.0,PUNGGOL ROAD,13.561
punggol_road,Punggol Road,4402.0,35477.216,40758.344,7.298,7.298,7.298,0.103,1.0,PUNGGOL ROAD,13.846
punggol_road,Punggol Road,4404.0,35478.487,40759.884,7.3,7.3,7.3,0.103,1.0,PUNGGOL ROAD,14.052
punggol_road,Punggol Road,4406.0,35479.881,40761.318,7.307,7.307,7.307,0.103,1.0,PUNGGOL ROAD,14.098
punggol_road,Punggol Road,4408.0,35481.274,40762.753,7.411,7.411,7.307,-0.112,1.0,PUNGGOL ROAD,14.145
punggol_road,Punggol Road,4410.0,35482.667,40764.188,9.523,7.351,7.307,-0.484,1.0,PUNGGOL ROAD,14.191
punggol_road,Punggol Road,4412.0,35484.061,40765.623,7.291,7.291,7.291,-0.762,1.0,PUNGGOL ROAD,14.237
punggol_road,Punggol Road,4414.0,35485.413,40767.095,7.268,7.268,7.268,-1.078,1.0,PUNGGOL ROAD,14.339
punggol_road,Punggol Road,4416.0,35486.713,40768.615,7.246,7.246,7.246,-0.881,1.0,PUNGGOL ROAD,14.51
punggol_road,Punggol Road,4418.0,35488.013,40770.135,7.212,7.212,7.22,-0.594,1.0,PUNGGOL ROAD,14.682
punggol_road,Punggol Road,4420.0,35489.313,40771.654,7.208,7.208,7.22,0.347,1.0,PUNGGOL ROAD,14.854
punggol_road,Punggol Road,4422.0,35490.614,40773.174,7.22,7.22,7.22,1.194,1.0,PUNGGOL ROAD,15.026
punggol_road,Punggol Road,4424.0,35491.914,40774.694,7.274,7.274,7.274,1.194,1.0,PUNGGOL ROAD,15.198
punggol_road,Punggol Road,4426.0,35493.216,40776.212,7.316,7.316,7.316,1.194,1.0,PUNGGOL ROAD,15.367
punggol_road,Punggol Road,4428.0,35494.569,40777.685,7.376,7.376,7.316,0.556,1.0,PUNGGOL ROAD,15.469
punggol_road,Punggol Road,4430.0,35495.921,40779.158,7.351,7.351,7.316,0.025,1.0,PUNGGOL ROAD,15.571
punggol_road,Punggol Road,4432.0,35497.274,40780.631,7.315,7.315,7.318,0.025,1.0,PUNGGOL ROAD,15.674
punggol_road,Punggol Road,4434.0,35498.626,40782.105,7.313,7.313,7.318,0.044,1.0,PUNGGOL ROAD,15.776
punggol_road,Punggol Road,4436.0,35499.979,40783.578,7.318,7.318,7.318,0.075,1.0,PUNGGOL ROAD,15.861
punggol_road,Punggol Road,4438.0,35501.331,40785.051,7.324,7.324,7.32,0.075,1.0,PUNGGOL ROAD,15.919
punggol_road,Punggol Road,4440.0,35502.684,40786.525,7.32,7.32,7.324,0.019,1.0,PUNGGOL ROAD,15.977
punggol_road,Punggol Road,4442.0,35504.037,40787.998,7.334,7.334,7.324,-0.125,1.0,PUNGGOL ROAD,16.035
punggol_road,Punggol Road,4444.0,35505.389,40789.471,7.37,7.37,7.32,-0.272,1.0,PUNGGOL ROAD,16.094
punggol_road,Punggol Road,4446.0,35506.742,40790.944,7.31,7.31,7.31,-0.95,1.0,PUNGGOL ROAD,16.152
punggol_road,Punggol Road,4448.0,35508.094,40792.418,7.302,7.302,7.302,-1.189,1.0,PUNGGOL ROAD,16.21
punggol_road,Punggol Road,4450.0,35509.447,40793.891,7.248,7.248,7.248,-1.359,1.0,PUNGGOL ROAD,16.268
punggol_road,Punggol Road,4452.0,35510.799,40795.364,8.82,7.224,7.224,-1.366,1.0,PUNGGOL ROAD,16.326
punggol_road,Punggol Road,4454.0,35512.152,40796.837,7.201,7.201,7.201,-0.769,1.0,PUNGGOL ROAD,16.384
punggol_road,Punggol Road,4456.0,35513.505,40798.311,7.172,7.172,7.193,-0.473,1.0,PUNGGOL ROAD,16.442
punggol_road,Punggol Road,4458.0,35514.857,40799.784,12.94,7.183,7.187,-0.097,1.0,PUNGGOL ROAD,16.5
punggol_road,Punggol Road,4460.0,35516.21,40801.257,7.193,7.193,7.187,0.359,1.0,PUNGGOL ROAD,16.559
punggol_road,Punggol Road,4462.0,35517.562,40802.731,7.187,7.187,7.193,0.725,1.0,PUNGGOL ROAD,16.617
punggol_road,Punggol Road,4464.0,35518.915,40804.204,7.222,7.222,7.222,0.725,1.0,PUNGGOL ROAD,16.675
punggol_road,Punggol Road,4466.0,35520.267,40805.677,7.244,7.244,7.244,0.644,1.0,PUNGGOL ROAD,16.733
punggol_road,Punggol Road,4468.0,35521.62,40807.15,7.269,7.269,7.244,0.139,1.0,PUNGGOL ROAD,16.791
punggol_road,Punggol Road,4470.0,35522.973,40808.624,7.284,7.284,7.244,-0.788,1.0,PUNGGOL ROAD,16.849
punggol_road,Punggol Road,4472.0,35524.325,40810.097,12.967,7.233,7.233,-2.278,1.0,PUNGGOL ROAD,16.907
punggol_road,Punggol Road,4474.0,35525.678,40811.57,7.182,7.182,7.182,-2.278,1.0,PUNGGOL ROAD,16.966
punggol_road,Punggol Road,4476.0,35527.03,40813.044,12.709,7.062,7.062,-3.186,1.0,PUNGGOL ROAD,17.024
punggol_road,Punggol Road,4478.0,35528.383,40814.517,6.943,6.943,7.062,-2.544,1.0,PUNGGOL ROAD,17.082
punggol_road,Punggol Road,4480.0,35529.735,40815.99,6.978,6.978,6.978,1.397,1.0,PUNGGOL ROAD,17.14
punggol_road,Punggol Road,4482.0,35531.088,40817.463,7.174,7.174,6.978,,,PUNGGOL ROAD,17.103
punggol_road,Punggol Road,4484.0,35532.441,40818.937,6.95,6.95,7.174,,,PUNGGOL ROAD,16.932
punggol_road,Punggol Road,4486.0,35533.793,40820.41,7.698,7.213,7.213,,,PUNGGOL ROAD,16.762
punggol_road,Punggol Road,4488.0,35535.146,40821.883,11.213,7.476,7.476,,,PUNGGOL ROAD,16.592
punggol_road,Punggol Road,4490.0,35536.498,40823.356,10.51,7.739,7.739,,,PUNGGOL ROAD,16.422
punggol_road,Punggol Road,4492.0,35537.851,40824.83,11.195,8.002,8.002,,,PUNGGOL ROAD,16.251
punggol_road,Punggol Road,4494.0,35539.204,40826.303,12.452,8.265,8.265,,,PUNGGOL ROAD,16.081
punggol_road,Punggol Road,4496.0,35540.556,40827.776,11.556,8.528,8.528,,,PUNGGOL ROAD,15.911
punggol_road,Punggol Road,4498.0,35541.909,40829.25,11.954,8.79,8.79,,,PUNGGOL ROAD,15.741
punggol_road,Punggol Road,4500.0,35543.261,40830.723,7.917,9.053,9.053,,,PUNGGOL ROAD,15.571
punggol_road,Punggol Road,4502.0,35544.614,40832.196,12.637,9.316,9.316,,,PUNGGOL ROAD,15.4
punggol_road,Punggol Road,4504.0,35545.966,40833.669,11.586,9.579,9.579,,,PUNGGOL ROAD,15.23
punggol_road,Punggol Road,4506.0,35547.053,40835.338,9.759,9.842,9.842,,,PUNGGOL ROAD,15.39
punggol_road,Punggol Road,4508.0,35548.056,40837.068,9.411,10.105,10.105,,,PUNGGOL ROAD,15.653
punggol_road,Punggol Road,4510.0,35549.06,40838.798,10.185,10.368,10.368,,,PUNGGOL ROAD,15.672
punggol_road,Punggol Road,4512.0,35550.029,40840.545,9.471,10.631,10.631,,,PUNGGOL ROAD,15.641
punggol_road,Punggol Road,4514.0,35550.776,40842.4,9.818,10.893,10.893,,,PUNGGOL ROAD,15.858
punggol_road,Punggol Road,4516.0,35551.523,40844.256,10.523,11.156,11.156,,,PUNGGOL ROAD,16.075
punggol_road,Punggol Road,4518.0,35552.269,40846.111,10.058,11.419,11.419,,,PUNGGOL ROAD,16.292
punggol_road,Punggol Road,4520.0,35553.016,40847.967,9.347,11.682,11.682,,,PUNGGOL ROAD,16.509
punggol_road,Punggol Road,4522.0,35553.763,40849.822,10.075,11.945,11.945,,,PUNGGOL ROAD,16.726
punggol_road,Punggol Road,4524.0,35554.509,40851.677,12.624,12.208,12.208,,,PUNGGOL ROAD,16.943
punggol_road,Punggol Road,4526.0,35555.256,40853.533,12.471,12.471,12.37,,,PUNGGOL ROAD,17.16
punggol_road,Punggol Road,4528.0,35556.003,40855.388,17.958,12.666,12.37,,,PUNGGOL ROAD,17.377
punggol_road,Punggol Road,4530.0,35556.75,40857.244,18.383,12.37,12.37,,,PUNGGOL ROAD,17.594
punggol_road,Punggol Road,4532.0,35557.496,40859.099,13.055,12.031,12.031,,,PUNGGOL ROAD,17.811
punggol_road,Punggol Road,4534.0,35558.243,40860.954,12.707,11.692,11.692,,,PUNGGOL ROAD,18.028
punggol_road,Punggol Road,4536.0,35558.99,40862.81,9.977,11.351,11.351,,,PUNGGOL ROAD,18.245
punggol_road,Punggol Road,4538.0,35559.736,40864.665,9.424,11.009,11.009,,,PUNGGOL ROAD,18.462
punggol_road,Punggol Road,4540.0,35560.483,40866.52,9.698,10.667,10.667,,,PUNGGOL ROAD,18.679
punggol_road,Punggol Road,4542.0,35561.23,40868.376,9.206,10.326,10.326,,,PUNGGOL ROAD,18.896
punggol_road,Punggol Road,4544.0,35561.976,40870.231,9.909,9.984,9.984,,,PUNGGOL ROAD,19.113
punggol_road,Punggol Road,4546.0,35562.723,40872.087,9.835,9.643,9.643,,,PUNGGOL ROAD,19.329
punggol_road,Punggol Road,4548.0,35563.47,40873.942,7.276,9.301,9.301,,,PUNGGOL ROAD,19.546
punggol_road,Punggol Road,4550.0,35564.217,40875.797,7.297,9.202,9.202,,,PUNGGOL ROAD,19.763
punggol_road,Punggol Road,4552.0,35564.963,40877.653,8.885,9.157,9.157,,,PUNGGOL ROAD,19.98
punggol_road,Punggol Road,4554.0,35565.71,40879.508,9.112,9.112,9.121,-1.12,1.0,PUNGGOL ROAD,20.197
punggol_road,Punggol Road,4556.0,35566.457,40881.363,7.081,9.116,9.116,-0.953,1.0,PUNGGOL ROAD,20.403
punggol_road,Punggol Road,4558.0,35567.203,40883.219,9.121,9.121,9.112,-0.786,1.0,PUNGGOL ROAD,20.586
punggol_road,Punggol Road,4560.0,35567.95,40885.074,8.966,8.966,9.058,-1.303,1.0,PUNGGOL ROAD,20.769
punggol_road,Punggol Road,4562.0,35568.697,40886.93,6.487,9.012,9.058,-1.248,1.0,PUNGGOL ROAD,20.951
punggol_road,Punggol Road,4564.0,35569.443,40888.785,6.219,9.058,9.012,-2.105,1.0,PUNGGOL ROAD,21.134
punggol_road,Punggol Road,4566.0,35570.19,40890.64,9.104,9.104,9.012,-4.783,1.0,PUNGGOL ROAD,21.316
punggol_road,Punggol Road,4568.0,35570.937,40892.496,13.694,8.89,8.89,-6.291,1.0,PUNGGOL ROAD,21.499
punggol_road,Punggol Road,4570.0,35571.684,40894.351,12.066,8.675,8.675,-6.291,1.0,PUNGGOL ROAD,21.681
punggol_road,Punggol Road,4572.0,35572.43,40896.207,19.767,8.461,8.509,-0.761,1.0,PUNGGOL ROAD,21.864
punggol_road,Punggol Road,4574.0,35573.177,40898.062,8.247,8.247,8.509,0.14,1.0,PUNGGOL ROAD,22.046
punggol_road,Punggol Road,4618.0,35589.604,40938.88,7.094,8.509,8.509,,,PUNGGOL ROAD,19.81
punggol_road,Punggol Road,4620.0,35590.351,40940.736,8.771,8.771,8.746,,,PUNGGOL ROAD,19.396
punggol_road,Punggol Road,4622.0,35591.098,40942.591,8.29,8.758,8.746,,,PUNGGOL ROAD,18.982
punggol_road,Punggol Road,4624.0,35591.844,40944.446,9.925,8.746,8.746,0.0,1.0,PUNGGOL ROAD,18.568
punggol_road,Punggol Road,4626.0,35592.591,40946.302,8.681,8.733,8.746,,,PUNGGOL ROAD,18.087
punggol_road,Punggol Road,4628.0,35593.338,40948.157,7.294,8.72,8.746,,,PUNGGOL ROAD,17.546
punggol_road,Punggol Road,4630.0,35594.085,40950.013,10.684,8.76,8.76,,,PUNGGOL ROAD,17.006
punggol_road,Punggol Road,4632.0,35594.831,40951.868,13.754,8.799,8.799,,,PUNGGOL ROAD,16.465
punggol_road,Punggol Road,4634.0,35595.578,40953.723,8.838,8.838,8.838,,,PUNGGOL ROAD,15.924
punggol_road,Punggol Road,4636.0,35596.135,40955.634,7.374,8.878,8.878,,,PUNGGOL ROAD,15.578
punggol_road,Punggol Road,4638.0,35596.499,40957.6,6.339,8.917,8.917,,,PUNGGOL ROAD,15.429
punggol_road,Punggol Road,4640.0,35596.864,40959.567,7.215,8.956,8.956,,,PUNGGOL ROAD,15.281
punggol_road,Punggol Road,4642.0,35597.229,40961.533,10.612,8.994,8.994,,,PUNGGOL ROAD,15.132
punggol_road,Punggol Road,4644.0,35597.594,40963.5,11.151,9.034,9.034,,,PUNGGOL ROAD,14.983
punggol_road,Punggol Road,4646.0,35597.958,40965.466,9.002,9.073,9.034,,,PUNGGOL ROAD,14.834
punggol_road,Punggol Road,4648.0,35598.288,40967.438,9.112,9.112,9.034,,,PUNGGOL ROAD,14.72
punggol_road,Punggol Road,4650.0,35598.51,40969.426,9.174,8.863,8.863,,,PUNGGOL ROAD,14.716
punggol_road,Punggol Road,4652.0,35598.732,40971.413,9.692,8.587,8.587,,,PUNGGOL ROAD,14.711
punggol_road,Punggol Road,4654.0,35598.953,40973.401,11.117,8.312,8.312,,,PUNGGOL ROAD,14.707
punggol_road,Punggol Road,4656.0,35599.175,40975.389,8.934,8.039,8.039,,,PUNGGOL ROAD,14.703
punggol_road,Punggol Road,4658.0,35599.397,40977.376,8.046,7.765,7.765,,,PUNGGOL ROAD,14.698
punggol_road,Punggol Road,4660.0,35599.619,40979.364,7.21,7.492,7.492,,,PUNGGOL ROAD,14.694
punggol_road,Punggol Road,4662.0,35599.84,40981.352,6.18,7.218,7.218,,,PUNGGOL ROAD,14.689
punggol_road,Punggol Road,4664.0,35600.062,40983.339,6.342,6.945,6.945,,,PUNGGOL ROAD,14.685
punggol_road,Punggol Road,4666.0,35600.284,40985.327,6.437,6.672,6.672,,,PUNGGOL ROAD,14.681
punggol_road,Punggol Road,4668.0,35600.505,40987.315,6.131,6.398,6.398,,,PUNGGOL ROAD,14.676
punggol_road,Punggol Road,4670.0,35600.727,40989.302,6.125,6.125,6.398,,,PUNGGOL ROAD,14.672
punggol_road,Punggol Road,4672.0,35601.094,40991.268,6.147,6.147,6.398,,,PUNGGOL ROAD,14.52
punggol_road,Punggol Road,4674.0,35601.471,40993.232,6.261,6.427,6.427,7.351,1.0,PUNGGOL ROAD,14.359
punggol_road,Punggol Road,4676.0,35601.848,40995.196,6.765,6.706,6.706,7.702,1.0,PUNGGOL ROAD,14.27
punggol_road,Punggol Road,4678.0,35602.225,40997.16,6.986,6.986,6.986,,,PUNGGOL ROAD,14.198
punggol_road,Punggol Road,4680.0,35602.661,40999.109,7.062,7.062,7.014,,,PUNGGOL ROAD,14.064
punggol_road,Punggol Road,4682.0,35603.277,41001.012,6.544,7.038,7.014,0.348,1.0,PUNGGOL ROAD,13.745
punggol_road,Punggol Road,4684.0,35603.894,41002.915,6.974,7.014,7.014,-0.301,1.0,PUNGGOL ROAD,13.426
punggol_road,Punggol Road,4686.0,35604.511,41004.817,6.99,6.99,7.014,,,PUNGGOL ROAD,13.106
punggol_road,Punggol Road,4688.0,35605.128,41006.72,7.014,7.014,6.99,,,PUNGGOL ROAD,12.787
punggol_road,Punggol Road,4690.0,35605.744,41008.622,7.162,6.812,6.812,,,PUNGGOL ROAD,12.468
punggol_road,Punggol Road,4692.0,35606.365,41010.523,6.61,6.61,6.61,,,PUNGGOL ROAD,12.145
punggol_road,Punggol Road,4694.0,35607.0,41012.42,6.681,6.365,6.365,,,PUNGGOL ROAD,11.807
punggol_road,Punggol Road,4696.0,35607.635,41014.317,6.7,6.119,6.119,-8.536,1.0,PUNGGOL ROAD,11.468
punggol_road,Punggol Road,4698.0,35608.27,41016.213,5.874,5.874,5.927,,,PUNGGOL ROAD,11.13
punggol_road,Punggol Road,4700.0,35608.448,41018.202,5.88,5.88,5.927,,,PUNGGOL ROAD,11.257
punggol_road,Punggol Road,4702.0,35608.598,41020.196,5.927,5.927,5.927,0.534,1.0,PUNGGOL ROAD,11.413
punggol_road,Punggol Road,4704.0,35608.748,41022.19,5.97,5.97,5.957,0.884,1.0,PUNGGOL ROAD,11.57
punggol_road,Punggol Road,4706.0,35608.897,41024.185,5.957,5.957,5.97,1.591,1.0,PUNGGOL ROAD,11.726
punggol_road,Punggol Road,4708.0,35609.047,41026.179,5.998,5.998,5.998,1.509,1.0,PUNGGOL ROAD,11.882
punggol_road,Punggol Road,4710.0,35609.197,41028.174,6.054,6.054,6.054,1.806,1.0,PUNGGOL ROAD,12.039
punggol_road,Punggol Road,4712.0,35609.346,41030.168,6.078,6.078,6.078,2.197,1.0,PUNGGOL ROAD,12.195
punggol_road,Punggol Road,4714.0,35609.496,41032.162,6.114,6.114,6.114,1.706,1.0,PUNGGOL ROAD,12.351
punggol_road,Punggol Road,4716.0,35609.646,41034.157,6.174,6.174,6.174,1.612,1.0,PUNGGOL ROAD,12.508
punggol_road,Punggol Road,4718.0,35609.795,41036.151,6.191,6.191,6.191,2.316,1.0,PUNGGOL ROAD,12.664
punggol_road,Punggol Road,4720.0,35609.945,41038.146,6.206,6.206,6.206,3.731,1.0,PUNGGOL ROAD,12.82
punggol_road,Punggol Road,4722.0,35610.095,41040.14,6.3,6.3,6.3,3.516,1.0,PUNGGOL ROAD,12.977
punggol_road,Punggol Road,4724.0,35610.244,41042.134,6.509,6.509,6.472,3.322,1.0,PUNGGOL ROAD,12.992
punggol_road,Punggol Road,4726.0,35610.552,41044.098,6.472,6.472,6.472,2.097,1.0,PUNGGOL ROAD,12.743
punggol_road,Punggol Road,4728.0,35611.149,41046.007,6.495,6.495,6.472,-0.275,1.0,PUNGGOL ROAD,12.203
punggol_road,Punggol Road,4730.0,35611.746,41047.916,6.468,6.468,6.468,-0.275,1.0,PUNGGOL ROAD,11.663
punggol_road,Punggol Road,4732.0,35612.343,41049.825,6.385,6.385,6.45,-0.275,1.0,PUNGGOL ROAD,11.123
punggol_road,Punggol Road,4734.0,35612.94,41051.734,6.418,6.418,6.45,0.175,1.0,PUNGGOL ROAD,10.583
punggol_road,Punggol Road,4736.0,35613.538,41053.642,6.45,6.45,6.45,0.791,1.0,PUNGGOL ROAD,10.043
punggol_road,Punggol Road,4738.0,35614.047,41055.576,6.482,6.482,6.482,1.116,1.0,PUNGGOL ROAD,9.592
punggol_road,Punggol Road,4740.0,35614.546,41057.513,6.514,6.514,6.514,1.447,1.0,PUNGGOL ROAD,9.151
punggol_road,Punggol Road,4742.0,35615.044,41059.45,6.54,6.54,6.54,1.384,1.0,PUNGGOL ROAD,8.711
punggol_road,Punggol Road,4744.0,35615.543,41061.387,6.566,6.566,6.566,1.328,1.0,PUNGGOL ROAD,8.271
punggol_road,Punggol Road,4746.0,35616.041,41063.324,6.592,6.592,6.592,1.447,1.0,PUNGGOL ROAD,7.83
punggol_road,Punggol Road,4748.0,35616.54,41065.26,6.62,6.62,6.62,1.409,1.0,PUNGGOL ROAD,7.39
punggol_road,Punggol Road,4750.0,35616.927,41067.218,6.655,6.655,6.655,1.453,1.0,PUNGGOL ROAD,7.061
punggol_road,Punggol Road,4752.0,35617.146,41069.206,6.679,6.679,6.679,1.278,1.0,PUNGGOL ROAD,6.902
punggol_road,Punggol Road,4754.0,35617.364,41071.194,6.709,6.709,6.709,1.128,1.0,PUNGGOL ROAD,6.743
punggol_road,Punggol Road,4756.0,35617.604,41073.179,6.722,6.722,6.722,1.147,1.0,PUNGGOL ROAD,6.562
punggol_road,Punggol Road,4758.0,35617.89,41075.158,6.746,6.746,6.746,1.019,1.0,PUNGGOL ROAD,6.336
punggol_road,Punggol Road,4760.0,35618.176,41077.138,6.77,6.77,6.77,1.153,1.0,PUNGGOL ROAD,6.109
punggol_road,Punggol Road,4762.0,35618.462,41079.117,6.79,6.79,6.79,,,PUNGGOL ROAD,5.882
punggol_road,Punggol Road,4764.0,35618.747,41081.097,6.814,6.814,6.814,,,PUNGGOL ROAD,5.656
punggol_road,Punggol Road,4766.0,35619.033,41083.076,6.828,7.043,7.043,,,PUNGGOL ROAD,5.429
punggol_road,Punggol Road,4768.0,35619.319,41085.056,6.855,7.272,7.272,,,PUNGGOL ROAD,5.202
punggol_road,Punggol Road,4770.0,35619.605,41087.035,6.868,7.803,7.803,,,PUNGGOL ROAD,4.976
punggol_road,Punggol Road,4772.0,35619.891,41089.015,6.888,8.334,8.334,,,PUNGGOL ROAD,4.749
punggol_road,Punggol Road,4774.0,35620.177,41090.994,6.906,8.864,8.864,,,PUNGGOL ROAD,4.522
punggol_road,Punggol Road,4776.0,35620.463,41092.974,11.162,9.395,9.395,,,PUNGGOL ROAD,4.296
punggol_road,Punggol Road,4778.0,35620.749,41094.953,13.793,9.926,9.926,,,PUNGGOL ROAD,4.069
punggol_road,Punggol Road,4780.0,35621.035,41096.933,11.148,10.457,10.457,,,PUNGGOL ROAD,3.842
punggol_road,Punggol Road,4782.0,35621.197,41098.916,11.248,10.988,10.829,,,PUNGGOL ROAD,3.757
punggol_road,Punggol Road,4784.0,35621.031,41100.909,10.829,10.829,10.949,,,PUNGGOL ROAD,4.004
punggol_road,Punggol Road,4786.0,35620.866,41102.902,10.566,10.949,10.988,,,PUNGGOL ROAD,4.251
punggol_road,Punggol Road,4788.0,35620.7,41104.895,10.716,11.07,11.07,,,PUNGGOL ROAD,4.498
punggol_road,Punggol Road,4790.0,35620.534,41106.888,9.639,11.191,11.191,,,PUNGGOL ROAD,4.745
punggol_road,Punggol Road,4792.0,35620.368,41108.881,11.7,11.253,11.191,,,PUNGGOL ROAD,4.992
punggol_road,Punggol Road,4794.0,35620.383,41110.879,11.897,11.314,11.191,,,PUNGGOL ROAD,5.06
punggol_road,Punggol Road,4796.0,35620.456,41112.877,12.041,11.126,11.126,,,PUNGGOL ROAD,5.068
punggol_road,Punggol Road,4798.0,35620.53,41114.876,12.049,10.937,10.937,,,PUNGGOL ROAD,5.075
punggol_road,Punggol Road,4800.0,35620.604,41116.874,10.748,10.748,10.748,,,PUNGGOL ROAD,5.083
punggol_road,Punggol Road,4802.0,35620.678,41118.873,12.385,10.587,10.587,,,PUNGGOL ROAD,5.091
punggol_road,Punggol Road,4804.0,35620.752,41120.872,10.426,10.426,10.426,,,PUNGGOL ROAD,5.099
punggol_road,Punggol Road,4806.0,35620.66,41122.868,10.722,10.127,10.127,,,PUNGGOL ROAD,5.273
punggol_road,Punggol Road,4808.0,35620.529,41124.864,9.913,9.829,9.829,,,PUNGGOL ROAD,5.485
punggol_road,Punggol Road,4810.0,35620.398,41126.859,10.093,9.581,9.581,,,PUNGGOL ROAD,5.697
punggol_road,Punggol Road,4812.0,35620.267,41128.855,10.013,9.334,9.334,,,PUNGGOL ROAD,5.91
punggol_road,Punggol Road,4814.0,35620.136,41130.851,7.532,9.087,9.087,,,PUNGGOL ROAD,6.122
punggol_road,Punggol Road,4816.0,35619.976,41132.844,7.446,8.84,8.84,,,PUNGGOL ROAD,6.363
punggol_road,Punggol Road,4818.0,35619.778,41134.834,9.683,8.593,8.593,,,PUNGGOL ROAD,6.643
punggol_road,Punggol Road,4820.0,35619.58,41136.824,8.431,8.345,8.345,,,PUNGGOL ROAD,6.922
punggol_road,Punggol Road,4822.0,35619.381,41138.815,7.47,8.098,8.345,,,PUNGGOL ROAD,7.202
punggol_road,Punggol Road,4824.0,35619.183,41140.805,7.491,8.33,8.345,,,PUNGGOL ROAD,7.481
punggol_road,Punggol Road,4826.0,35618.984,41142.795,7.479,8.561,8.561,,,PUNGGOL ROAD,7.761
punggol_road,Punggol Road,4828.0,35618.786,41144.785,9.611,8.758,8.758,,,PUNGGOL ROAD,8.041
punggol_road,Punggol Road,4830.0,35618.587,41146.775,9.623,8.954,8.954,,,PUNGGOL ROAD,8.32
punggol_road,Punggol Road,4832.0,35618.389,41148.765,7.6,9.15,9.079,,,PUNGGOL ROAD,8.635
punggol_road,Punggol Road,4834.0,35618.19,41150.755,9.606,9.347,9.15,,,PUNGGOL ROAD,8.97
punggol_road,Punggol Road,4836.0,35617.992,41152.746,9.586,9.079,9.249,,,PUNGGOL ROAD,9.306
punggol_road,Punggol Road,4838.0,35617.866,41154.738,9.229,9.249,9.347,,,PUNGGOL ROAD,9.568
punggol_road,Punggol Road,4840.0,35617.958,41156.736,8.803,9.42,9.42,,,PUNGGOL ROAD,9.615
punggol_road,Punggol Road,4842.0,35618.049,41158.733,7.497,9.59,9.59,,,PUNGGOL ROAD,9.662
punggol_road,Punggol Road,4844.0,35618.14,41160.731,8.491,9.761,9.761,,,PUNGGOL ROAD,9.709
punggol_road,Punggol Road,4846.0,35618.232,41162.729,7.555,9.931,9.931,,,PUNGGOL ROAD,9.756
punggol_road,Punggol Road,4848.0,35618.323,41164.727,7.591,10.102,10.102,,,PUNGGOL ROAD,9.802
punggol_road,Punggol Road,4850.0,35618.269,41166.72,8.959,10.272,10.272,,,PUNGGOL ROAD,9.993
punggol_road,Punggol Road,4852.0,35618.05,41168.708,8.877,10.443,10.443,,,PUNGGOL ROAD,10.35
punggol_road,Punggol Road,4854.0,35617.83,41170.696,7.75,10.613,10.613,,,PUNGGOL ROAD,10.706
punggol_road,Punggol Road,4856.0,35617.61,41172.684,10.766,10.784,10.784,,,PUNGGOL ROAD,11.063
punggol_road,Punggol Road,4858.0,35617.39,41174.672,10.954,10.954,10.842,,,PUNGGOL ROAD,11.419
punggol_road,Punggol Road,4860.0,35617.25,41176.666,10.842,10.842,10.938,,,PUNGGOL ROAD,11.697
punggol_road,Punggol Road,4862.0,35617.173,41178.664,10.989,10.989,10.938,,,PUNGGOL ROAD,11.912
punggol_road,Punggol Road,4864.0,35617.096,41180.663,10.687,10.938,10.887,,,PUNGGOL ROAD,12.127
punggol_road,Punggol Road,4866.0,35617.018,41182.661,12.644,10.887,10.887,,,PUNGGOL ROAD,12.342
punggol_road,Punggol Road,4868.0,35616.941,41184.66,12.321,10.837,10.837,,,PUNGGOL ROAD,12.556
punggol_road,Punggol Road,4870.0,35616.864,41186.658,11.979,10.786,10.786,,,PUNGGOL ROAD,12.771
punggol_road,Punggol Road,4872.0,35616.702,41188.651,11.564,10.736,10.736,,,PUNGGOL ROAD,13.07
punggol_road,Punggol Road,4874.0,35616.497,41190.64,10.155,10.685,10.685,,,PUNGGOL ROAD,13.177
punggol_road,Punggol Road,4876.0,35616.291,41192.63,10.528,10.634,10.634,,,PUNGGOL ROAD,13.241
punggol_road,Punggol Road,4878.0,35616.085,41194.619,11.691,10.584,10.584,,,PUNGGOL ROAD,13.305
punggol_road,Punggol Road,4880.0,35615.879,41196.608,11.052,10.533,10.533,,,PUNGGOL ROAD,13.369
punggol_road,Punggol Road,4882.0,35615.69,41198.599,10.537,10.482,10.533,,,PUNGGOL ROAD,13.416
punggol_road,Punggol Road,4884.0,35615.521,41200.592,10.432,10.432,10.533,,,PUNGGOL ROAD,13.443
punggol_road,Punggol Road,4886.0,35615.353,41202.585,10.126,10.563,10.563,,,PUNGGOL ROAD,13.47
punggol_road,Punggol Road,4888.0,35615.198,41204.579,10.819,10.695,10.695,,,PUNGGOL ROAD,13.482
punggol_road,Punggol Road,4890.0,35615.051,41206.574,12.906,10.827,10.827,,,PUNGGOL ROAD,13.487
punggol_road,Punggol Road,4892.0,35614.904,41208.568,10.064,10.958,10.958,,,PUNGGOL ROAD,13.492
punggol_road,Punggol Road,4894.0,35614.757,41210.563,9.353,11.09,11.09,,,PUNGGOL ROAD,13.498
punggol_road,Punggol Road,4896.0,35614.609,41212.557,9.242,11.222,11.222,,,PUNGGOL ROAD,13.503
punggol_road,Punggol Road,4898.0,35614.77,41214.548,11.991,11.353,11.33,,,PUNGGOL ROAD,13.202
punggol_road,Punggol Road,4900.0,35614.969,41216.538,12.659,11.485,11.33,,,PUNGGOL ROAD,12.861
punggol_road,Punggol Road,4902.0,35615.168,41218.528,9.63,11.33,11.33,,,PUNGGOL ROAD,12.521
punggol_road,Punggol Road,4904.0,35615.368,41220.518,13.601,11.081,11.081,,,PUNGGOL ROAD,12.181
punggol_road,Punggol Road,4906.0,35615.567,41222.508,14.343,10.832,10.832,,,PUNGGOL ROAD,11.841
punggol_road,Punggol Road,4908.0,35615.766,41224.498,10.837,10.569,10.569,,,PUNGGOL ROAD,11.501
punggol_road,Punggol Road,4910.0,35615.966,41226.488,9.646,10.306,10.306,,,PUNGGOL ROAD,11.161
punggol_road,Punggol Road,4912.0,35616.165,41228.478,9.407,10.043,10.043,,,PUNGGOL ROAD,10.821
punggol_road,Punggol Road,4914.0,35616.364,41230.468,10.101,9.78,9.78,,,PUNGGOL ROAD,10.48
punggol_road,Punggol Road,4916.0,35616.564,41232.458,9.63,9.517,9.78,,,PUNGGOL ROAD,10.14
punggol_road,Punggol Road,4918.0,35616.763,41234.448,9.572,9.572,9.78,,,PUNGGOL ROAD,9.8
punggol_road,Punggol Road,4920.0,35616.962,41236.438,9.596,9.813,9.813,,,PUNGGOL ROAD,9.46
punggol_road,Punggol Road,4922.0,35617.162,41238.428,10.054,10.054,9.982,2.531,1.0,PUNGGOL ROAD,9.12
punggol_road,Punggol Road,4924.0,35617.361,41240.418,10.077,10.077,9.982,,,PUNGGOL ROAD,8.78
punggol_road,Punggol Road,4926.0,35617.56,41242.409,9.982,9.982,9.982,,,PUNGGOL ROAD,8.44
punggol_road,Punggol Road,4928.0,35617.461,41244.402,9.974,9.775,9.982,,,PUNGGOL ROAD,8.397
punggol_road,Punggol Road,4930.0,35617.301,41246.395,13.197,9.969,9.982,,,PUNGGOL ROAD,8.415
punggol_road,Punggol Road,4932.0,35617.141,41248.389,9.362,10.162,10.162,,,PUNGGOL ROAD,8.433
punggol_road,Punggol Road,4934.0,35616.981,41250.382,9.366,10.356,10.356,,,PUNGGOL ROAD,8.451
punggol_road,Punggol Road,4936.0,35616.822,41252.376,9.509,10.549,10.545,,,PUNGGOL ROAD,8.411
punggol_road,Punggol Road,4938.0,35616.662,41254.37,9.487,10.547,10.545,,,PUNGGOL ROAD,8.223
punggol_road,Punggol Road,4940.0,35616.503,41256.363,11.775,10.545,10.545,,,PUNGGOL ROAD,8.035
punggol_road,Punggol Road,4942.0,35616.343,41258.357,14.097,10.543,10.543,,,PUNGGOL ROAD,7.847
punggol_road,Punggol Road,4944.0,35616.184,41260.35,14.188,10.541,10.541,,,PUNGGOL ROAD,7.659
punggol_road,Punggol Road,4946.0,35616.024,41262.344,14.932,10.539,10.539,,,PUNGGOL ROAD,7.471
punggol_road,Punggol Road,4948.0,35615.865,41264.338,13.83,10.537,10.537,,,PUNGGOL ROAD,7.283
punggol_road,Punggol Road,4950.0,35615.407,41266.269,11.688,10.535,10.535,,,PUNGGOL ROAD,7.4
punggol_road,Punggol Road,4952.0,35614.76,41268.162,12.668,10.533,10.533,,,PUNGGOL ROAD,7.71
punggol_road,Punggol Road,4954.0,35614.113,41270.054,9.744,10.531,10.533,,,PUNGGOL ROAD,8.02
punggol_road,Punggol Road,4956.0,35613.466,41271.947,9.774,10.53,10.533,,,PUNGGOL ROAD,8.33
punggol_road,Punggol Road,4958.0,35612.819,41273.839,9.795,10.55,10.55,,,PUNGGOL ROAD,8.639
punggol_road,Punggol Road,4960.0,35612.172,41275.732,10.574,10.57,10.57,,,PUNGGOL ROAD,8.949
punggol_road,Punggol Road,4962.0,35611.524,41277.624,10.59,10.59,10.59,,,PUNGGOL ROAD,9.259
punggol_road,Punggol Road,4964.0,35610.877,41279.516,10.616,10.616,10.59,,,PUNGGOL ROAD,9.569
punggol_road,Punggol Road,4966.0,35610.23,41281.409,10.635,10.635,10.59,,,PUNGGOL ROAD,9.879
punggol_road,Punggol Road,4968.0,35609.583,41283.301,10.65,10.488,10.488,,,PUNGGOL ROAD,10.189
punggol_road,Punggol Road,4970.0,35608.936,41285.194,9.99,10.341,10.341,-4.057,1.0,PUNGGOL ROAD,10.499
punggol_road,Punggol Road,4972.0,35608.061,41286.969,10.031,10.266,10.266,,,PUNGGOL ROAD,11.053
punggol_road,Punggol Road,4974.0,35606.899,41288.597,10.191,10.191,10.266,,,PUNGGOL ROAD,11.916
punggol_road,Punggol Road,4976.0,35605.738,41290.225,10.231,10.231,10.266,,,PUNGGOL ROAD,12.778
punggol_road,Punggol Road,4978.0,35604.576,41291.853,11.525,10.433,10.433,7.078,1.0,PUNGGOL ROAD,13.641
punggol_road,Punggol Road,4980.0,35603.414,41293.481,11.564,10.634,10.634,7.078,1.0,PUNGGOL ROAD,14.504
punggol_road,Punggol Road,4982.0,35602.384,41295.168,10.836,10.836,10.832,,,PUNGGOL ROAD,15.226
punggol_road,Punggol Road,4984.0,35601.926,41297.115,10.918,10.918,10.832,,,PUNGGOL ROAD,15.34
punggol_road,Punggol Road,4986.0,35601.469,41299.062,10.832,10.832,10.832,-3.741,1.0,PUNGGOL ROAD,15.453
punggol_road,Punggol Road,4988.0,35601.012,41301.009,11.076,10.644,10.644,-3.741,1.0,PUNGGOL ROAD,15.567
punggol_road,Punggol Road,4990.0,35600.554,41302.956,10.456,10.456,10.533,-3.741,1.0,PUNGGOL ROAD,15.68
punggol_road,Punggol Road,4992.0,35600.097,41304.903,10.527,10.527,10.533,-1.741,1.0,PUNGGOL ROAD,15.794
punggol_road,Punggol Road,4994.0,35599.64,41306.85,10.533,10.533,10.533,0.259,1.0,PUNGGOL ROAD,15.907
punggol_road,Punggol Road,4996.0,35599.182,41308.797,10.537,10.537,10.537,0.741,1.0,PUNGGOL ROAD,16.021
punggol_road,Punggol Road,4998.0,35598.725,41310.744,10.554,10.554,10.554,,,PUNGGOL ROAD,16.134
punggol_road,Punggol Road,5000.0,35598.268,41312.691,10.592,10.592,10.592,,,PUNGGOL ROAD,16.248
punggol_road,Punggol Road,5002.0,35597.81,41314.638,10.621,10.882,10.882,,,PUNGGOL ROAD,16.361
punggol_road,Punggol Road,5004.0,35597.353,41316.585,10.662,11.171,11.171,,,PUNGGOL ROAD,16.475
punggol_road,Punggol Road,5006.0,35596.896,41318.532,12.24,11.461,11.461,,,PUNGGOL ROAD,16.588
punggol_road,Punggol Road,5008.0,35596.453,41320.482,12.26,11.472,11.472,,,PUNGGOL ROAD,16.687
punggol_road,Punggol Road,5010.0,35596.276,41322.474,12.234,11.483,11.483,,,PUNGGOL ROAD,16.516
punggol_road,Punggol Road,5012.0,35596.1,41324.466,11.514,11.494,11.494,,,PUNGGOL ROAD,16.345
punggol_road,Punggol Road,5014.0,35595.923,41326.458,11.068,11.505,11.494,,,PUNGGOL ROAD,16.175
punggol_road,Punggol Road,5016.0,35595.747,41328.45,11.067,11.496,11.496,,,PUNGGOL ROAD,16.004
punggol_road,Punggol Road,5018.0,35595.57,41330.443,11.487,11.487,11.505,,,PUNGGOL ROAD,15.833
punggol_road,Punggol Road,5020.0,35595.426,41332.437,11.616,11.616,11.616,,,PUNGGOL ROAD,15.629
punggol_road,Punggol Road,5022.0,35595.296,41334.433,11.249,11.831,11.831,,,PUNGGOL ROAD,15.412
punggol_road,Punggol Road,5024.0,35595.166,41336.429,15.355,12.045,12.045,,,PUNGGOL ROAD,15.195
punggol_road,Punggol Road,5026.0,35595.036,41338.425,15.743,12.259,12.259,,,PUNGGOL ROAD,14.978
punggol_road,Punggol Road,5028.0,35594.905,41340.42,15.962,12.474,12.474,,,PUNGGOL ROAD,14.761
punggol_road,Punggol Road,5030.0,35594.731,41342.411,11.956,12.688,12.688,,,PUNGGOL ROAD,14.588
punggol_road,Punggol Road,5032.0,35594.44,41344.39,12.208,12.902,12.902,,,PUNGGOL ROAD,14.532
punggol_road,Punggol Road,5034.0,35594.149,41346.369,12.242,13.117,13.117,,,PUNGGOL ROAD,14.476
punggol_road,Punggol Road,5036.0,35593.858,41348.348,16.262,13.331,13.331,,,PUNGGOL ROAD,14.42
punggol_road,Punggol Road,5038.0,35593.567,41350.326,15.641,13.545,13.545,,,PUNGGOL ROAD,14.364
punggol_road,Punggol Road,5040.0,35593.277,41352.305,15.695,13.76,13.76,,,PUNGGOL ROAD,14.309
punggol_road,Punggol Road,5042.0,35592.847,41354.255,14.766,13.974,13.974,,,PUNGGOL ROAD,14.395
punggol_road,Punggol Road,5044.0,35592.331,41356.188,12.548,14.188,14.188,,,PUNGGOL ROAD,14.568
punggol_road,Punggol Road,5046.0,35591.816,41358.12,12.52,14.247,14.247,,,PUNGGOL ROAD,14.741
punggol_road,Punggol Road,5048.0,35591.301,41360.053,13.032,14.305,14.305,,,PUNGGOL ROAD,14.914
punggol_road,Punggol Road,5050.0,35590.785,41361.985,14.34,14.363,14.363,,,PUNGGOL ROAD,15.088
punggol_road,Punggol Road,5052.0,35590.268,41363.917,15.471,14.422,14.422,,,PUNGGOL ROAD,15.262
punggol_road,Punggol Road,5054.0,35589.752,41365.849,14.475,14.48,14.48,,,PUNGGOL ROAD,15.436
punggol_road,Punggol Road,5056.0,35589.236,41367.782,15.966,14.538,14.538,,,PUNGGOL ROAD,15.61
punggol_road,Punggol Road,5058.0,35588.72,41369.714,14.638,14.597,14.597,,,PUNGGOL ROAD,15.784
punggol_road,Punggol Road,5060.0,35588.203,41371.646,14.655,14.655,14.634,,,PUNGGOL ROAD,15.958
punggol_road,Punggol Road,5062.0,35587.687,41373.578,14.682,14.682,14.634,,,PUNGGOL ROAD,16.132
punggol_road,Punggol Road,5064.0,35587.171,41375.51,13.775,14.634,14.634,,,PUNGGOL ROAD,16.307
punggol_road,Punggol Road,5066.0,35586.655,41377.443,17.481,14.586,14.586,,,PUNGGOL ROAD,16.481
punggol_road,Punggol Road,5068.0,35586.138,41379.375,16.042,14.538,14.538,,,PUNGGOL ROAD,16.655
punggol_road,Punggol Road,5070.0,35585.622,41381.307,14.349,14.49,14.538,,,PUNGGOL ROAD,16.829
punggol_road,Punggol Road,5072.0,35585.106,41383.239,14.443,14.443,14.538,,,PUNGGOL ROAD,17.003
punggol_road,Punggol Road,5074.0,35584.59,41385.172,14.65,14.65,14.65,,,PUNGGOL ROAD,17.177
punggol_road,Punggol Road,5076.0,35583.943,41387.062,13.917,14.913,14.913,,,PUNGGOL ROAD,17.487
punggol_road,Punggol Road,5078.0,35583.235,41388.932,16.383,15.176,15.176,,,PUNGGOL ROAD,17.86
punggol_road,Punggol Road,5080.0,35582.527,41390.803,15.126,15.439,15.439,,,PUNGGOL ROAD,18.234
punggol_road,Punggol Road,5082.0,35581.82,41392.674,14.589,15.702,15.702,,,PUNGGOL ROAD,18.607
punggol_road,Punggol Road,5084.0,35581.112,41394.544,16.549,15.965,15.965,,,PUNGGOL ROAD,18.98
punggol_road,Punggol Road,5086.0,35580.404,41396.415,20.596,16.227,16.227,,,PUNGGOL ROAD,19.354
punggol_road,Punggol Road,5088.0,35579.852,41398.326,15.376,16.49,16.49,,,PUNGGOL ROAD,19.502
punggol_road,Punggol Road,5090.0,35579.553,41400.304,14.023,16.753,16.753,,,PUNGGOL ROAD,19.272
punggol_road,Punggol Road,5092.0,35579.255,41402.281,14.79,17.016,17.016,,,PUNGGOL ROAD,19.042
punggol_road,Punggol Road,5094.0,35578.957,41404.259,15.484,17.279,17.279,,,PUNGGOL ROAD,18.812
punggol_road,Punggol Road,5096.0,35578.659,41406.236,14.127,17.542,17.542,,,PUNGGOL ROAD,18.582
punggol_road,Punggol Road,5098.0,35578.36,41408.214,14.41,17.805,17.805,,,PUNGGOL ROAD,18.352
punggol_road,Punggol Road,5100.0,35578.062,41410.192,18.068,18.068,17.95,,,PUNGGOL ROAD,18.121
punggol_road,Punggol Road,5102.0,35577.764,41412.169,17.206,18.009,17.95,,,PUNGGOL ROAD,17.891
punggol_road,Punggol Road,5104.0,35577.465,41414.147,17.842,17.95,17.95,,,PUNGGOL ROAD,17.661
punggol_road,Punggol Road,5106.0,35577.167,41416.125,19.015,17.891,17.891,,,PUNGGOL ROAD,17.431
punggol_road,Punggol Road,5108.0,35576.869,41418.102,18.754,17.614,17.614,,,PUNGGOL ROAD,17.201
punggol_road,Punggol Road,5110.0,35576.571,41420.08,17.773,17.337,17.337,,,PUNGGOL ROAD,16.971
punggol_road,Punggol Road,5112.0,35576.272,41422.057,17.894,17.049,17.049,,,PUNGGOL ROAD,16.741
punggol_road,Punggol Road,5146.0,35571.201,41455.677,18.654,16.761,16.761,,,PUNGGOL ROAD,13.746
punggol_road,Punggol Road,5148.0,35570.903,41457.655,14.863,16.473,16.473,,,PUNGGOL ROAD,13.609
punggol_road,Punggol Road,5150.0,35570.605,41459.632,14.702,16.244,16.244,,,PUNGGOL ROAD,13.471
punggol_road,Punggol Road,5152.0,35570.307,41461.61,14.665,16.014,16.014,,,PUNGGOL ROAD,13.333
punggol_road,Punggol Road,5154.0,35570.008,41463.588,14.678,15.785,15.785,,,PUNGGOL ROAD,13.195
punggol_road,Punggol Road,5156.0,35569.71,41465.565,15.555,15.555,15.785,,,PUNGGOL ROAD,13.058
punggol_road,Punggol Road,5158.0,35569.412,41467.543,15.753,15.753,15.785,,,PUNGGOL ROAD,12.92
punggol_road,Punggol Road,5160.0,35569.113,41469.521,16.485,15.89,15.861,,,PUNGGOL ROAD,12.782
punggol_road,Punggol Road,5162.0,35568.815,41471.498,16.669,16.028,15.861,,,PUNGGOL ROAD,12.645
punggol_road,Punggol Road,5164.0,35568.517,41473.476,16.165,15.861,15.861,,,PUNGGOL ROAD,12.507
punggol_road,Punggol Road,5166.0,35568.219,41475.454,15.912,15.694,15.694,,,PUNGGOL ROAD,12.369
punggol_road,Punggol Road,5168.0,35567.92,41477.431,15.527,15.527,15.535,,,PUNGGOL ROAD,12.231
punggol_road,Punggol Road,5170.0,35567.622,41479.409,15.412,15.412,15.527,,,PUNGGOL ROAD,12.094
punggol_road,Punggol Road,5172.0,35567.324,41481.386,15.535,15.535,15.448,,,PUNGGOL ROAD,11.956
punggol_road,Punggol Road,5174.0,35567.025,41483.364,15.448,15.448,15.412,-5.82,1.0,PUNGGOL ROAD,11.818
punggol_road,Punggol Road,5176.0,35566.727,41485.342,15.487,15.242,15.242,-5.145,1.0,PUNGGOL ROAD,11.68
punggol_road,Punggol Road,5178.0,35566.429,41487.319,15.036,15.036,15.061,-4.698,1.0,PUNGGOL ROAD,11.543
punggol_road,Punggol Road,5180.0,35566.131,41489.297,15.061,15.061,15.036,,,PUNGGOL ROAD,11.405
punggol_road,Punggol Road,5182.0,35565.832,41491.275,14.986,14.986,15.036,,,PUNGGOL ROAD,11.267
punggol_road,Punggol Road,5184.0,35565.534,41493.252,14.979,14.979,15.061,2.249,1.0,PUNGGOL ROAD,11.129
punggol_road,Punggol Road,5186.0,35565.236,41495.23,14.958,15.13,15.13,3.056,1.0,PUNGGOL ROAD,10.992
punggol_road,Punggol Road,5188.0,35564.937,41497.207,15.28,15.28,15.216,4.199,1.0,PUNGGOL ROAD,10.854
punggol_road,Punggol Road,5190.0,35564.639,41499.185,15.216,15.216,15.28,3.233,1.0,PUNGGOL ROAD,10.716
punggol_road,Punggol Road,5192.0,35564.341,41501.163,15.499,15.499,15.397,2.267,1.0,PUNGGOL ROAD,10.579
punggol_road,Punggol Road,5194.0,35564.043,41503.14,15.397,15.397,15.397,1.433,1.0,PUNGGOL ROAD,10.441
punggol_road,Punggol Road,5196.0,35563.744,41505.118,15.397,15.397,15.397,-1.228,1.0,PUNGGOL ROAD,10.303
punggol_road,Punggol Road,5198.0,35563.446,41507.096,15.196,15.196,15.395,,,PUNGGOL ROAD,10.165
punggol_road,Punggol Road,5200.0,35563.148,41509.073,15.395,15.395,15.299,,,PUNGGOL ROAD,10.028
punggol_road,Punggol Road,5202.0,35562.849,41511.051,15.829,15.299,15.203,-1.201,1.0,PUNGGOL ROAD,9.89
punggol_road,Punggol Road,5204.0,35562.551,41513.029,15.128,15.203,15.299,,,PUNGGOL ROAD,9.752
punggol_road,Punggol Road,5206.0,35562.253,41515.006,15.107,15.107,15.299,,,PUNGGOL ROAD,9.614
punggol_road,Punggol Road,5208.0,35561.955,41516.984,14.958,15.326,15.326,,,PUNGGOL ROAD,9.477
punggol_road,Punggol Road,5210.0,35561.656,41518.961,14.934,15.776,15.776,,,PUNGGOL ROAD,9.339
punggol_road,Punggol Road,5212.0,35561.358,41520.939,14.914,16.225,16.225,,,PUNGGOL ROAD,9.201
punggol_road,Punggol Road,5214.0,35561.06,41522.917,14.902,16.782,16.782,,,PUNGGOL ROAD,9.063
punggol_road,Punggol Road,5216.0,35560.761,41524.894,19.763,17.338,17.338,,,PUNGGOL ROAD,8.926
punggol_road,Punggol Road,5218.0,35560.463,41526.872,19.724,17.894,17.894,,,PUNGGOL ROAD,8.825
punggol_road,Punggol Road,5220.0,35560.165,41528.85,19.681,18.451,18.451,,,PUNGGOL ROAD,8.773
punggol_road,Punggol Road,5222.0,35559.842,41530.823,19.628,19.007,19.007,,,PUNGGOL ROAD,8.746
punggol_road,Punggol Road,5224.0,35559.479,41532.79,19.564,19.564,19.238,,,PUNGGOL ROAD,8.76
punggol_road,Punggol Road,5226.0,35559.117,41534.757,20.212,19.513,19.238,,,PUNGGOL ROAD,8.773
punggol_road,Punggol Road,5228.0,35558.754,41536.724,20.138,19.238,19.238,,,PUNGGOL ROAD,8.786
punggol_road,Punggol Road,5230.0,35558.391,41538.69,19.412,18.72,18.72,,,PUNGGOL ROAD,8.799
punggol_road,Punggol Road,5232.0,35558.041,41540.66,19.33,18.203,18.203,,,PUNGGOL ROAD,8.801
punggol_road,Punggol Road,5234.0,35557.694,41542.629,19.254,17.538,17.538,,,PUNGGOL ROAD,8.798
punggol_road,Punggol Road,5236.0,35557.347,41544.599,19.182,16.874,16.874,,,PUNGGOL ROAD,8.795
punggol_road,Punggol Road,5238.0,35557.0,41546.569,13.894,16.21,16.21,,,PUNGGOL ROAD,8.792
punggol_road,Punggol Road,5240.0,35556.653,41548.538,13.809,15.545,15.545,,,PUNGGOL ROAD,8.79
punggol_road,Punggol Road,5242.0,35556.3,41550.507,13.729,14.881,14.881,,,PUNGGOL ROAD,8.793
punggol_road,Punggol Road,5244.0,35555.947,41552.475,13.636,14.217,14.217,,,PUNGGOL ROAD,8.797
punggol_road,Punggol Road,5246.0,35555.594,41554.444,13.553,13.553,13.553,,,PUNGGOL ROAD,8.801
punggol_road,Punggol Road,5248.0,35555.241,41556.413,13.466,13.466,13.466,,,PUNGGOL ROAD,8.804
punggol_road,Punggol Road,5250.0,35554.888,41558.381,13.376,13.376,13.376,-4.525,1.0,PUNGGOL ROAD,8.808
punggol_road,Punggol Road,5252.0,35554.538,41560.35,13.289,13.289,13.289,-4.417,1.0,PUNGGOL ROAD,8.809
punggol_road,Punggol Road,5254.0,35554.197,41562.321,13.191,13.191,13.191,-3.291,1.0,PUNGGOL ROAD,8.8
punggol_road,Punggol Road,5256.0,35553.856,41564.292,13.113,13.113,13.113,-2.211,1.0,PUNGGOL ROAD,8.791
punggol_road,Punggol Road,5258.0,35553.516,41566.263,13.018,13.018,13.112,,,PUNGGOL ROAD,8.782
punggol_road,Punggol Road,5260.0,35553.175,41568.233,12.936,12.936,13.112,,,PUNGGOL ROAD,8.773
punggol_road,Punggol Road,5262.0,35552.827,41570.203,12.853,13.112,13.112,,,PUNGGOL ROAD,8.771
punggol_road,Punggol Road,5264.0,35552.47,41572.171,12.77,13.289,13.289,,,PUNGGOL ROAD,8.778
punggol_road,Punggol Road,5266.0,35552.114,41574.139,12.672,13.465,13.465,,,PUNGGOL ROAD,8.785
punggol_road,Punggol Road,5268.0,35551.757,41576.107,12.565,13.518,13.465,,,PUNGGOL ROAD,8.792
punggol_road,Punggol Road,5270.0,35551.401,41578.075,12.876,13.571,13.465,,,PUNGGOL ROAD,8.799
punggol_road,Punggol Road,5272.0,35551.045,41580.043,12.385,13.37,13.37,,,PUNGGOL ROAD,8.806
punggol_road,Punggol Road,5274.0,35550.688,41582.011,17.962,13.17,13.17,,,PUNGGOL ROAD,8.813
punggol_road,Punggol Road,5276.0,35550.332,41583.979,17.893,12.969,12.969,,,PUNGGOL ROAD,8.82
punggol_road,Punggol Road,5278.0,35549.976,41585.947,17.817,12.769,12.769,,,PUNGGOL ROAD,8.827
punggol_road,Punggol Road,5280.0,35549.619,41587.915,17.733,12.568,12.568,,,PUNGGOL ROAD,8.834
punggol_road,Punggol Road,5282.0,35549.263,41589.883,11.915,12.368,12.368,,,PUNGGOL ROAD,8.841
punggol_road,Punggol Road,5284.0,35548.906,41591.851,11.832,12.241,12.241,,,PUNGGOL ROAD,8.848
punggol_road,Punggol Road,5286.0,35548.55,41593.819,11.733,12.114,12.114,,,PUNGGOL ROAD,8.855
punggol_road,Punggol Road,5288.0,35548.194,41595.787,11.645,11.987,11.987,,,PUNGGOL ROAD,8.862
punggol_road,Punggol Road,5290.0,35547.837,41597.755,11.547,11.86,11.86,,,PUNGGOL ROAD,8.869
punggol_road,Punggol Road,5292.0,35547.425,41599.712,11.438,11.733,11.733,,,PUNGGOL ROAD,8.933
punggol_road,Punggol Road,5294.0,35547.008,41601.668,11.341,11.605,11.605,,,PUNGGOL ROAD,9.002
punggol_road,Punggol Road,5296.0,35546.591,41603.624,17.978,,11.478,,,PUNGGOL ROAD,9.07
punggol_road,Punggol Road,5298.0,35546.174,41605.58,17.909,,11.351,,,PUNGGOL ROAD,9.139
punggol_road,Punggol Road,5300.0,35545.758,41607.536,17.834,11.224,11.224,,,PUNGGOL ROAD,9.207
punggol_road,Punggol Road,5302.0,35545.343,41609.493,17.762,11.097,11.097,,,PUNGGOL ROAD,9.273
punggol_road,Punggol Road,5304.0,35544.997,41611.462,18.812,10.97,10.97,,,PUNGGOL ROAD,9.27
punggol_road,Punggol Road,5306.0,35544.65,41613.432,10.757,10.843,10.843,,,PUNGGOL ROAD,9.267
punggol_road,Punggol Road,5308.0,35544.304,41615.402,10.666,10.716,10.716,,,PUNGGOL ROAD,9.264
punggol_road,Punggol Road,5310.0,35543.957,41617.372,10.568,10.589,10.589,,,PUNGGOL ROAD,9.261
punggol_road,Punggol Road,5312.0,35543.688,41619.352,10.462,10.462,10.462,,,PUNGGOL ROAD,9.18
punggol_road,Punggol Road,5314.0,35543.5,41621.343,10.366,10.366,10.366,,,PUNGGOL ROAD,9.018
punggol_road,Punggol Road,5316.0,35543.311,41623.334,10.277,10.277,10.277,-4.763,1.0,PUNGGOL ROAD,8.855
punggol_road,Punggol Road,5318.0,35543.123,41625.325,10.177,10.177,10.177,-4.754,1.0,PUNGGOL ROAD,8.693
punggol_road,Punggol Road,5320.0,35542.934,41627.316,10.081,10.081,10.081,-5.05,1.0,PUNGGOL ROAD,8.531
punggol_road,Punggol Road,5322.0,35542.745,41629.307,9.985,9.985,9.985,-4.751,1.0,PUNGGOL ROAD,8.368
punggol_road,Punggol Road,5324.0,35542.557,41631.298,9.873,9.873,9.873,-3.545,1.0,PUNGGOL ROAD,8.206
punggol_road,Punggol Road,5326.0,35542.368,41633.289,9.749,9.749,9.797,,,PUNGGOL ROAD,8.044
punggol_road,Punggol Road,5328.0,35542.18,41635.28,9.63,9.63,9.797,,,PUNGGOL ROAD,7.881
punggol_road,Punggol Road,5330.0,35541.991,41637.272,9.526,9.797,9.797,,,PUNGGOL ROAD,7.719
punggol_road,Punggol Road,5332.0,35541.803,41639.263,9.431,9.964,9.964,,,PUNGGOL ROAD,7.557
punggol_road,Punggol Road,5334.0,35541.614,41641.254,9.334,10.131,10.131,,,PUNGGOL ROAD,7.535
punggol_road,Punggol Road,5336.0,35541.511,41643.25,9.233,10.343,10.277,,,PUNGGOL ROAD,7.788
punggol_road,Punggol Road,5338.0,35541.466,41645.249,9.15,10.554,10.277,,,PUNGGOL ROAD,8.0
punggol_road,Punggol Road,5340.0,35541.42,41647.249,9.062,10.277,10.277,,,PUNGGOL ROAD,8.213
punggol_road,Punggol Road,5342.0,35541.374,41649.248,15.323,10.0,10.0,,,PUNGGOL ROAD,8.425
punggol_road,Punggol Road,5344.0,35541.328,41651.248,15.256,9.723,9.723,,,PUNGGOL ROAD,8.637
punggol_road,Punggol Road,5346.0,35541.287,41653.247,15.219,9.445,9.445,,,PUNGGOL ROAD,8.845
punggol_road,Punggol Road,5348.0,35541.311,41655.247,15.166,9.168,9.168,,,PUNGGOL ROAD,8.987
punggol_road,Punggol Road,5350.0,35541.336,41657.247,8.684,8.891,8.891,,,PUNGGOL ROAD,9.129
punggol_road,Punggol Road,5352.0,35541.36,41659.247,8.614,8.614,8.614,,,PUNGGOL ROAD,9.272
punggol_road,Punggol Road,5354.0,35541.384,41661.247,8.549,8.549,8.549,,,PUNGGOL ROAD,9.414
punggol_road,Punggol Road,5356.0,35541.409,41663.247,8.858,8.474,8.474,-3.627,1.0,PUNGGOL ROAD,9.556
punggol_road,Punggol Road,5358.0,35541.411,41665.246,8.809,8.399,8.399,-3.589,1.0,PUNGGOL ROAD,9.72
punggol_road,Punggol Road,5360.0,35541.349,41667.245,8.324,8.324,8.324,,,PUNGGOL ROAD,9.949
punggol_road,Punggol Road,5362.0,35541.287,41669.244,8.262,8.262,8.262,,,PUNGGOL ROAD,10.178
punggol_road,Punggol Road,5364.0,35541.225,41671.243,8.198,8.198,8.198,-3.966,1.0,PUNGGOL ROAD,10.406
punggol_road,Punggol Road,5366.0,35541.163,41673.242,8.152,8.152,8.152,-3.2,1.0,PUNGGOL ROAD,10.635
punggol_road,Punggol Road,5368.0,35541.1,41675.241,8.006,8.006,8.006,,,PUNGGOL ROAD,10.863
punggol_road,Punggol Road,5370.0,35541.038,41677.24,7.886,7.886,8.006,,,PUNGGOL ROAD,11.092
punggol_road,Punggol Road,5372.0,35540.976,41679.239,8.878,7.988,8.006,2.322,1.0,PUNGGOL ROAD,11.32
punggol_road,Punggol Road,5374.0,35540.914,41681.238,8.268,8.09,8.09,,,PUNGGOL ROAD,11.549
punggol_road,Punggol Road,5376.0,35540.852,41683.238,8.192,8.192,8.192,,,PUNGGOL ROAD,11.777
punggol_road,Punggol Road,5378.0,35540.789,41685.237,8.135,8.382,8.382,,,PUNGGOL ROAD,12.006
punggol_road,Punggol Road,5380.0,35540.727,41687.236,8.075,8.572,8.572,,,PUNGGOL ROAD,12.234
punggol_road,Punggol Road,5382.0,35540.665,41689.235,10.279,8.638,8.638,,,PUNGGOL ROAD,12.463
punggol_road,Punggol Road,5384.0,35540.603,41691.234,9.364,8.704,8.704,,,PUNGGOL ROAD,12.691
punggol_road,Punggol Road,5386.0,35540.541,41693.233,9.964,8.769,8.769,,,PUNGGOL ROAD,12.92
punggol_road,Punggol Road,5388.0,35540.479,41695.232,9.826,8.835,8.835,,,PUNGGOL ROAD,13.148
punggol_road,Punggol Road,5390.0,35540.525,41697.231,10.715,8.901,8.901,,,PUNGGOL ROAD,13.269
punggol_road,Punggol Road,5392.0,35540.586,41699.23,12.187,8.967,8.967,,,PUNGGOL ROAD,13.464
punggol_road,Punggol Road,5394.0,35540.647,41701.229,13.521,9.032,9.032,,,PUNGGOL ROAD,13.887
punggol_road,Punggol Road,5396.0,35540.708,41703.228,12.588,9.098,9.098,,,PUNGGOL ROAD,14.331
punggol_road,Punggol Road,5398.0,35540.769,41705.227,10.461,9.164,9.164,,,PUNGGOL ROAD,14.774
punggol_road,Punggol Road,5400.0,35540.751,41707.225,11.746,9.23,9.23,,,PUNGGOL ROAD,15.294
punggol_road,Punggol Road,5402.0,35540.622,41709.221,9.355,9.295,9.295,,,PUNGGOL ROAD,15.921
punggol_road,Punggol Road,5404.0,35540.493,41711.216,10.048,9.361,9.361,,,PUNGGOL ROAD,16.548
punggol_road,Punggol Road,5406.0,35540.363,41713.212,9.735,9.427,9.427,,,PUNGGOL ROAD,17.175
punggol_road,Punggol Road,5408.0,35540.234,41715.208,11.322,9.493,9.493,,,PUNGGOL ROAD,17.802
punggol_road,Punggol Road,5410.0,35540.105,41717.204,9.558,9.558,9.493,,,PUNGGOL ROAD,18.429
punggol_road,Punggol Road,5412.0,35540.784,41719.05,10.311,9.508,9.493,,,PUNGGOL ROAD,18.236
punggol_road,Punggol Road,5414.0,35541.617,41720.868,8.83,9.457,9.457,,,PUNGGOL ROAD,17.849
punggol_road,Punggol Road,5416.0,35542.451,41722.687,8.392,9.406,9.406,,,PUNGGOL ROAD,17.438
punggol_road,Punggol Road,5418.0,35543.284,41724.505,9.557,9.356,9.356,,,PUNGGOL ROAD,17.026
punggol_road,Punggol Road,5420.0,35544.118,41726.323,8.914,9.305,9.305,,,PUNGGOL ROAD,16.614
punggol_road,Punggol Road,5422.0,35544.951,41728.141,9.376,9.254,9.305,,,PUNGGOL ROAD,16.203
punggol_road,Punggol Road,5424.0,35545.784,41729.959,9.203,9.203,9.254,,,PUNGGOL ROAD,15.791
punggol_road,Punggol Road,5426.0,35546.618,41731.777,9.316,9.316,9.203,,,PUNGGOL ROAD,15.379
punggol_road,Punggol Road,5428.0,35547.451,41733.595,9.493,9.034,9.034,-7.74,1.0,PUNGGOL ROAD,14.968
punggol_road,Punggol Road,5430.0,35548.285,41735.413,8.752,8.752,8.752,,,PUNGGOL ROAD,14.556
punggol_road,Punggol Road,5432.0,35549.118,41737.231,8.635,8.635,8.635,,,PUNGGOL ROAD,14.144
punggol_road,Punggol Road,5434.0,35549.952,41739.049,8.879,8.505,8.505,-6.341,1.0,PUNGGOL ROAD,13.733
punggol_road,Punggol Road,5436.0,35550.785,41740.867,8.879,8.374,8.374,-4.883,1.0,PUNGGOL ROAD,13.321
punggol_road,Punggol Road,5438.0,35551.158,41742.824,8.244,8.244,8.244,,,PUNGGOL ROAD,13.389
punggol_road,Punggol Road,5440.0,35551.471,41744.8,8.14,8.14,8.244,,,PUNGGOL ROAD,13.52
punggol_road,Punggol Road,5442.0,35551.784,41746.775,8.168,8.168,8.244,-0.959,1.0,PUNGGOL ROAD,13.65
punggol_road,Punggol Road,5444.0,35552.097,41748.75,8.439,8.439,8.168,0.8,1.0,PUNGGOL ROAD,13.781
punggol_road,Punggol Road,5446.0,35552.392,41750.727,8.334,8.334,8.168,0.8,1.0,PUNGGOL ROAD,14.0
punggol_road,Punggol Road,5448.0,35552.322,41752.726,8.091,8.091,8.308,,,PUNGGOL ROAD,14.82
punggol_road,Punggol Road,5450.0,35552.252,41754.724,7.994,7.994,8.308,,,PUNGGOL ROAD,15.766
punggol_road,Punggol Road,5452.0,35552.181,41756.723,7.941,8.308,8.308,,,PUNGGOL ROAD,16.711
punggol_road,Punggol Road,5454.0,35552.111,41758.722,8.372,8.622,8.622,,,PUNGGOL ROAD,17.657
punggol_road,Punggol Road,5456.0,35552.041,41760.721,8.674,9.056,9.056,,,PUNGGOL ROAD,18.603
punggol_road,Punggol Road,5458.0,35551.909,41762.701,8.717,9.491,9.491,,,PUNGGOL ROAD,19.596
punggol_road,Punggol Road,5460.0,35550.863,41764.406,9.466,9.925,9.925,,,PUNGGOL ROAD,21.287
punggol_road,Punggol Road,5462.0,35549.818,41766.111,15.478,,10.142,,,PUNGGOL ROAD,22.978
punggol_road,Punggol Road,5464.0,35548.772,41767.816,11.494,,10.359,,,PUNGGOL ROAD,24.669
punggol_road,Punggol Road,5512.0,35574.175,41808.266,7.808,,10.576,,,PUNGGOL ROAD,19.94
punggol_road,Punggol Road,5514.0,35575.539,41809.725,14.282,,,,,PUNGGOL ROAD,19.386
punggol_road,Punggol Road,5516.0,35576.923,41811.169,10.034,,,,,PUNGGOL ROAD,18.808
punggol_road,Punggol Road,5518.0,35578.306,41812.614,8.937,,13.181,,,PUNGGOL ROAD,18.23
punggol_road,Punggol Road,5520.0,35579.69,41814.058,14.408,,13.398,,,PUNGGOL ROAD,17.652
punggol_road,Punggol Road,5522.0,35581.073,41815.502,11.196,,13.615,,,PUNGGOL ROAD,17.174
punggol_road,Punggol Road,5524.0,35582.456,41816.947,16.216,13.832,13.832,,,PUNGGOL ROAD,16.881
punggol_road,Punggol Road,5526.0,35583.909,41818.32,12.08,14.267,14.267,,,PUNGGOL ROAD,16.509
punggol_road,Punggol Road,5528.0,35585.374,41819.683,17.153,14.701,14.701,,,PUNGGOL ROAD,16.123
punggol_road,Punggol Road,5530.0,35586.838,41821.045,15.409,15.135,15.041,,,PUNGGOL ROAD,15.736
punggol_road,Punggol Road,5532.0,35588.302,41822.408,17.207,15.261,15.041,,,PUNGGOL ROAD,15.349
punggol_road,Punggol Road,5534.0,35589.766,41823.77,19.144,15.041,15.041,,,PUNGGOL ROAD,14.962
punggol_road,Punggol Road,5536.0,35591.231,41825.132,19.373,14.82,14.82,,,PUNGGOL ROAD,14.575
punggol_road,Punggol Road,5538.0,35592.695,41826.495,15.629,14.599,14.599,,,PUNGGOL ROAD,14.189
punggol_road,Punggol Road,5540.0,35594.159,41827.857,15.639,14.379,14.379,,,PUNGGOL ROAD,13.802
punggol_road,Punggol Road,5542.0,35595.623,41829.22,15.074,14.158,14.158,,,PUNGGOL ROAD,13.415
punggol_road,Punggol Road,5544.0,35597.087,41830.582,14.764,13.938,13.938,,,PUNGGOL ROAD,13.028
punggol_road,Punggol Road,5546.0,35598.552,41831.944,13.704,13.717,13.717,,,PUNGGOL ROAD,12.641
punggol_road,Punggol Road,5548.0,35600.016,41833.307,14.364,13.497,13.497,,,PUNGGOL ROAD,12.255
punggol_road,Punggol Road,5550.0,35601.48,41834.669,17.504,13.276,13.276,,,PUNGGOL ROAD,11.868
punggol_road,Punggol Road,5552.0,35602.944,41836.031,15.934,13.062,13.062,,,PUNGGOL ROAD,11.481
punggol_road,Punggol Road,5554.0,35604.408,41837.394,13.436,12.848,12.848,,,PUNGGOL ROAD,11.094
punggol_road,Punggol Road,5556.0,35605.873,41838.756,14.421,12.635,12.635,,,PUNGGOL ROAD,10.707
punggol_road,Punggol Road,5558.0,35607.337,41840.119,15.125,12.421,12.421,,,PUNGGOL ROAD,10.321
punggol_road,Punggol Road,5560.0,35608.801,41841.481,14.514,12.207,12.207,,,PUNGGOL ROAD,10.052
punggol_road,Punggol Road,5562.0,35610.265,41842.843,12.049,11.993,11.993,,,PUNGGOL ROAD,10.02
punggol_road,Punggol Road,5564.0,35611.729,41844.206,13.583,11.779,11.779,,,PUNGGOL ROAD,9.991
punggol_road,Punggol Road,5566.0,35613.194,41845.568,11.776,11.566,11.566,,,PUNGGOL ROAD,9.963
punggol_road,Punggol Road,5568.0,35614.658,41846.931,9.975,11.269,11.269,,,PUNGGOL ROAD,9.934
punggol_road,Punggol Road,5570.0,35616.142,41848.27,9.461,10.973,10.973,,,PUNGGOL ROAD,9.876
punggol_road,Punggol Road,5572.0,35617.668,41849.563,9.407,10.524,10.524,,,PUNGGOL ROAD,9.754
punggol_road,Punggol Road,5574.0,35619.194,41850.856,10.71,10.075,10.075,,,PUNGGOL ROAD,9.633
punggol_road,Punggol Road,5576.0,35620.72,41852.149,10.704,9.625,9.625,,,PUNGGOL ROAD,9.511
punggol_road,Punggol Road,5578.0,35622.246,41853.442,10.688,,9.176,,,PUNGGOL ROAD,9.39
punggol_road,Punggol Road,5580.0,35623.772,41854.735,7.435,8.727,8.727,,,PUNGGOL ROAD,9.268
punggol_road,Punggol Road,5582.0,35625.298,41856.028,7.425,8.277,8.277,,,PUNGGOL ROAD,9.147
punggol_road,Punggol Road,5584.0,35626.824,41857.321,7.392,7.828,7.828,,,PUNGGOL ROAD,9.025
punggol_road,Punggol Road,5586.0,35628.35,41858.613,7.379,7.379,7.379,,,PUNGGOL ROAD,8.904
punggol_road,Punggol Road,5588.0,35629.875,41859.906,7.37,7.37,7.371,,,PUNGGOL ROAD,8.783
punggol_road,Punggol Road,5590.0,35631.401,41861.199,7.371,7.371,7.37,-0.341,1.0,PUNGGOL ROAD,8.661
punggol_road,Punggol Road,5592.0,35632.927,41862.492,7.353,7.353,7.353,-0.462,1.0,PUNGGOL ROAD,8.54
punggol_road,Punggol Road,5594.0,35634.453,41863.785,7.352,7.352,7.352,-0.616,1.0,PUNGGOL ROAD,8.418
punggol_road,Punggol Road,5596.0,35635.75,41865.305,7.334,7.334,7.334,-0.547,1.0,PUNGGOL ROAD,8.62
punggol_road,Punggol Road,5598.0,35637.027,41866.844,7.321,7.321,7.321,-0.528,1.0,PUNGGOL ROAD,8.848
punggol_road,Punggol Road,5600.0,35638.304,41868.383,7.309,7.309,7.309,-0.312,1.0,PUNGGOL ROAD,9.076
punggol_road,Punggol Road,5602.0,35639.581,41869.922,7.304,7.304,7.309,-0.113,1.0,PUNGGOL ROAD,9.305
punggol_road,Punggol Road,5604.0,35640.859,41871.461,7.308,7.308,7.309,0.159,1.0,PUNGGOL ROAD,9.533
punggol_road,Punggol Road,5606.0,35642.136,41873.0,7.312,7.312,7.312,0.247,1.0,PUNGGOL ROAD,9.762
punggol_road,Punggol Road,5608.0,35643.526,41874.437,7.322,7.322,7.322,0.528,1.0,PUNGGOL ROAD,9.838
punggol_road,Punggol Road,5610.0,35644.939,41875.851,7.329,7.329,7.329,0.716,1.0,PUNGGOL ROAD,9.882
punggol_road,Punggol Road,5612.0,35646.353,41877.266,7.352,7.352,7.352,0.738,1.0,PUNGGOL ROAD,9.926
punggol_road,Punggol Road,5614.0,35647.767,41878.681,7.369,7.369,7.369,0.991,1.0,PUNGGOL ROAD,9.971
punggol_road,Punggol Road,5616.0,35649.2,41880.074,7.381,7.381,7.381,1.006,1.0,PUNGGOL ROAD,9.986
punggol_road,Punggol Road,5618.0,35650.753,41881.335,7.408,7.408,7.408,1.169,1.0,PUNGGOL ROAD,9.823
punggol_road,Punggol Road,5620.0,35652.306,41882.595,7.432,7.432,7.432,1.581,1.0,PUNGGOL ROAD,9.659
punggol_road,Punggol Road,5622.0,35653.859,41883.855,7.463,7.463,7.463,1.763,1.0,PUNGGOL ROAD,9.495
punggol_road,Punggol Road,5624.0,35655.412,41885.115,7.508,7.508,7.508,2.053,1.0,PUNGGOL ROAD,9.331
punggol_road,Punggol Road,5626.0,35656.931,41886.414,7.549,7.549,7.549,2.334,1.0,PUNGGOL ROAD,9.183
punggol_road,Punggol Road,5628.0,35658.407,41887.764,7.596,7.596,7.596,2.509,1.0,PUNGGOL ROAD,9.069
punggol_road,Punggol Road,5630.0,35659.883,41889.114,7.65,7.65,7.65,2.819,1.0,PUNGGOL ROAD,8.955
punggol_road,Punggol Road,5632.0,35661.359,41890.464,7.708,7.708,7.708,3.094,1.0,PUNGGOL ROAD,8.841
punggol_road,Punggol Road,5634.0,35662.834,41891.814,7.775,7.775,7.775,3.222,1.0,PUNGGOL ROAD,8.727
punggol_road,Punggol Road,5636.0,35664.31,41893.163,7.844,7.844,7.844,3.438,1.0,PUNGGOL ROAD,8.613
punggol_road,Punggol Road,5638.0,35665.786,41894.513,7.907,7.907,7.907,3.437,1.0,PUNGGOL ROAD,8.499
punggol_road,Punggol Road,5640.0,35667.293,41895.827,7.983,7.983,7.983,3.428,1.0,PUNGGOL ROAD,8.338
punggol_road,Punggol Road,5642.0,35668.807,41897.134,8.05,8.05,8.05,3.647,1.0,PUNGGOL ROAD,8.167
punggol_road,Punggol Road,5644.0,35670.321,41898.441,8.118,8.118,8.118,3.681,1.0,PUNGGOL ROAD,7.995
punggol_road,Punggol Road,5646.0,35671.808,41899.777,8.199,8.199,8.199,3.725,1.0,PUNGGOL ROAD,7.864
punggol_road,Punggol Road,5648.0,35673.241,41901.173,8.278,8.278,8.278,3.828,1.0,PUNGGOL ROAD,7.813
punggol_road,Punggol Road,5650.0,35674.673,41902.569,8.348,8.348,8.348,3.725,1.0,PUNGGOL ROAD,7.762
punggol_road,Punggol Road,5652.0,35676.105,41903.965,8.424,8.424,8.424,3.609,1.0,PUNGGOL ROAD,7.712
punggol_road,Punggol Road,5654.0,35677.538,41905.361,8.497,8.497,8.497,3.591,1.0,PUNGGOL ROAD,7.661
punggol_road,Punggol Road,5656.0,35678.935,41906.792,8.567,8.567,8.567,3.531,1.0,PUNGGOL ROAD,7.66
punggol_road,Punggol Road,5658.0,35680.331,41908.224,8.635,8.635,8.635,3.587,1.0,PUNGGOL ROAD,7.661
punggol_road,Punggol Road,5660.0,35681.727,41909.656,8.707,8.707,8.707,3.531,1.0,PUNGGOL ROAD,7.662
punggol_road,Punggol Road,5662.0,35683.123,41911.089,8.784,8.784,8.784,3.656,1.0,PUNGGOL ROAD,7.663
punggol_road,Punggol Road,5664.0,35684.518,41912.521,8.849,8.849,8.849,3.841,1.0,PUNGGOL ROAD,7.664
punggol_road,Punggol Road,5666.0,35685.914,41913.953,8.928,8.928,8.928,3.869,1.0,PUNGGOL ROAD,7.665
punggol_road,Punggol Road,5668.0,35687.31,41915.386,9.014,9.014,9.014,3.972,1.0,PUNGGOL ROAD,7.665
punggol_road,Punggol Road,5670.0,35688.706,41916.818,9.094,9.094,9.094,3.984,1.0,PUNGGOL ROAD,7.666
punggol_road,Punggol Road,5672.0,35690.102,41918.251,9.167,9.167,9.167,3.759,1.0,PUNGGOL ROAD,7.667
punggol_road,Punggol Road,5674.0,35691.497,41919.683,9.246,9.246,9.246,3.731,1.0,PUNGGOL ROAD,7.668
punggol_road,Punggol Road,5676.0,35692.893,41921.115,9.315,9.315,9.315,3.816,1.0,PUNGGOL ROAD,7.669
punggol_road,Punggol Road,5678.0,35694.289,41922.548,9.392,9.392,9.392,3.791,1.0,PUNGGOL ROAD,7.67
punggol_road,Punggol Road,5680.0,35695.685,41923.98,9.472,9.472,9.472,4.053,1.0,PUNGGOL ROAD,7.67
punggol_road,Punggol Road,5682.0,35697.081,41925.413,9.55,9.55,9.55,3.884,1.0,PUNGGOL ROAD,7.671
punggol_road,Punggol Road,5684.0,35698.476,41926.845,9.639,9.639,9.639,3.462,1.0,PUNGGOL ROAD,7.672
punggol_road,Punggol Road,5686.0,35699.58,41928.46,9.703,9.703,9.703,,,PUNGGOL ROAD,7.952
punggol_road,Punggol Road,5688.0,35700.253,41930.343,9.749,9.749,9.749,,,PUNGGOL ROAD,8.719
punggol_road,Punggol Road,5690.0,35700.926,41932.226,15.24,10.074,10.074,,,PUNGGOL ROAD,9.487
punggol_road,Punggol Road,5692.0,35701.599,41934.11,9.859,10.4,10.4,,,PUNGGOL ROAD,10.255
punggol_road,Punggol Road,5694.0,35702.272,41935.993,10.611,10.725,10.725,,,PUNGGOL ROAD,11.023
punggol_road,Punggol Road,5696.0,35702.945,41937.877,10.194,,11.051,,,PUNGGOL ROAD,11.79
punggol_road,Punggol Road,5698.0,35703.852,41939.623,26.673,11.376,11.376,,,PUNGGOL ROAD,12.293
punggol_road,Punggol Road,5700.0,35705.165,41941.132,12.24,11.701,11.701,,,PUNGGOL ROAD,12.335
punggol_road,Punggol Road,5702.0,35706.477,41942.641,16.434,12.027,12.027,,,PUNGGOL ROAD,12.378
punggol_road,Punggol Road,5704.0,35707.79,41944.15,13.438,12.352,12.352,,,PUNGGOL ROAD,12.42
punggol_road,Punggol Road,5706.0,35709.103,41945.658,12.971,12.403,12.352,,,PUNGGOL ROAD,12.462
punggol_road,Punggol Road,5708.0,35710.416,41947.167,13.022,12.454,12.352,,,PUNGGOL ROAD,12.505
punggol_road,Punggol Road,5710.0,35711.728,41948.676,12.663,12.231,12.231,,,PUNGGOL ROAD,12.547
punggol_road,Punggol Road,5712.0,35713.041,41950.185,14.002,12.008,12.008,,,PUNGGOL ROAD,12.59
punggol_road,Punggol Road,5714.0,35714.354,41951.694,13.702,11.785,11.785,,,PUNGGOL ROAD,12.632
punggol_road,Punggol Road,5716.0,35715.667,41953.203,11.394,11.562,11.562,,,PUNGGOL ROAD,12.674
punggol_road,Punggol Road,5718.0,35716.98,41954.712,11.897,11.339,11.45,,,PUNGGOL ROAD,12.717
punggol_road,Punggol Road,5720.0,35718.292,41956.22,11.641,11.285,11.45,,,PUNGGOL ROAD,12.759
punggol_road,Punggol Road,5722.0,35719.605,41957.729,11.23,11.45,11.45,,,PUNGGOL ROAD,12.801
punggol_road,Punggol Road,5724.0,35720.918,41959.238,11.27,11.856,11.856,,,PUNGGOL ROAD,12.844
punggol_road,Punggol Road,5726.0,35722.231,41960.747,11.327,12.262,12.262,,,PUNGGOL ROAD,12.886
punggol_road,Punggol Road,5728.0,35723.543,41962.256,11.522,12.905,12.905,,,PUNGGOL ROAD,12.928
punggol_road,Punggol Road,5730.0,35724.856,41963.765,15.989,13.547,13.547,,,PUNGGOL ROAD,12.971
punggol_road,Punggol Road,5732.0,35726.169,41965.274,16.242,14.19,14.19,,,PUNGGOL ROAD,13.013
punggol_road,Punggol Road,5734.0,35727.458,41966.8,11.882,,14.832,,,PUNGGOL ROAD,13.085
punggol_road,Punggol Road,5736.0,35728.515,41968.498,19.102,,15.474,,,PUNGGOL ROAD,13.443
punggol_road,Punggol Road,5738.0,35729.573,41970.195,19.323,,16.117,,,PUNGGOL ROAD,13.801
punggol_road,Punggol Road,5740.0,35730.63,41971.893,12.247,,16.759,,,PUNGGOL ROAD,14.16
punggol_road,Punggol Road,5742.0,35731.712,41973.574,20.375,17.402,17.402,,,PUNGGOL ROAD,14.489
punggol_road,Punggol Road,5744.0,35732.901,41975.182,19.332,18.044,18.044,,,PUNGGOL ROAD,14.69
punggol_road,Punggol Road,5746.0,35734.089,41976.791,17.634,18.686,18.686,,,PUNGGOL ROAD,14.891
punggol_road,Punggol Road,5748.0,35735.278,41978.399,16.336,19.329,19.14,,,PUNGGOL ROAD,15.005
punggol_road,Punggol Road,5750.0,35736.467,41980.007,19.327,19.327,19.14,,,PUNGGOL ROAD,15.028
punggol_road,Punggol Road,5752.0,35737.656,41981.616,19.451,19.14,19.14,,,PUNGGOL ROAD,15.051
punggol_road,Punggol Road,5754.0,35737.874,41983.467,18.952,18.879,18.879,,,PUNGGOL ROAD,15.994
punggol_road,Punggol Road,5756.0,35737.582,41985.446,13.05,18.619,18.619,,,PUNGGOL ROAD,17.421
punggol_road,Punggol Road,5758.0,35737.29,41987.424,17.572,18.329,18.329,,,PUNGGOL ROAD,18.848
punggol_road,Punggol Road,5760.0,35736.999,41989.403,24.137,18.039,18.039,,,PUNGGOL ROAD,20.274
punggol_road,Punggol Road,5762.0,35736.707,41991.382,22.788,17.75,17.75,,,PUNGGOL ROAD,21.701
punggol_road,Punggol Road,5764.0,35736.416,41993.36,18.914,17.46,17.46,,,PUNGGOL ROAD,23.128
punggol_road,Punggol Road,5766.0,35736.761,41995.188,17.83,17.17,17.17,,,PUNGGOL ROAD,23.955
punggol_road,Punggol Road,5768.0,35737.911,41996.824,15.487,16.881,16.881,,,PUNGGOL ROAD,24.026
punggol_road,Punggol Road,5770.0,35739.061,41998.46,18.876,16.591,16.591,,,PUNGGOL ROAD,24.096
punggol_road,Punggol Road,5772.0,35740.211,42000.096,15.554,16.301,16.301,,,PUNGGOL ROAD,24.167
punggol_road,Punggol Road,5774.0,35741.361,42001.732,15.614,16.012,16.012,,,PUNGGOL ROAD,24.237
punggol_road,Punggol Road,5776.0,35742.512,42003.369,15.722,15.722,15.835,,,PUNGGOL ROAD,24.308
punggol_road,Punggol Road,5778.0,35743.662,42005.005,15.663,15.663,15.835,,,PUNGGOL ROAD,24.378
punggol_road,Punggol Road,5780.0,35744.812,42006.641,15.835,15.835,15.835,,,PUNGGOL ROAD,24.449
punggol_road,Punggol Road,5782.0,35745.962,42008.277,15.925,15.925,15.925,7.859,1.0,PUNGGOL ROAD,24.519
punggol_road,Punggol Road,5784.0,35747.112,42009.914,16.008,16.194,16.194,,,PUNGGOL ROAD,24.59
punggol_road,Punggol Road,5786.0,35748.262,42011.55,14.166,16.464,16.464,,,PUNGGOL ROAD,24.66
punggol_road,Punggol Road,5788.0,35749.412,42013.186,,16.842,16.842,,,PUNGGOL ROAD,24.686
punggol_road,Punggol Road,5790.0,35750.562,42014.822,26.657,17.221,17.221,,,PUNGGOL ROAD,24.677
punggol_road,Punggol Road,5792.0,35751.713,42016.458,25.74,17.599,17.599,,,PUNGGOL ROAD,24.668
punggol_road,Punggol Road,5794.0,35752.863,42018.095,25.77,,17.978,,,PUNGGOL ROAD,24.659
punggol_road,Punggol Road,5796.0,35754.013,42019.731,18.009,18.356,18.356,,,PUNGGOL ROAD,24.65
punggol_road,Punggol Road,5798.0,35755.163,42021.367,16.99,18.735,18.735,,,PUNGGOL ROAD,24.641
punggol_road,Punggol Road,5800.0,35756.313,42023.003,19.654,19.114,19.114,,,PUNGGOL ROAD,24.632
punggol_road,Punggol Road,5802.0,35757.463,42024.64,20.742,19.492,19.33,,,PUNGGOL ROAD,24.623
punggol_road,Punggol Road,5804.0,35758.613,42026.276,17.466,19.33,19.492,,,PUNGGOL ROAD,24.614
punggol_road,Punggol Road,5806.0,35759.763,42027.912,19.169,19.518,19.518,,,PUNGGOL ROAD,24.604
punggol_road,Punggol Road,5808.0,35760.914,42029.548,22.339,19.706,19.706,,,PUNGGOL ROAD,24.595
punggol_road,Punggol Road,5810.0,35762.064,42031.184,20.244,19.8,19.8,,,PUNGGOL ROAD,24.586
punggol_road,Punggol Road,5812.0,35763.214,42032.821,22.449,19.895,19.895,,,PUNGGOL ROAD,24.577
punggol_road,Punggol Road,5814.0,35764.364,42034.457,19.7,19.989,19.989,,,PUNGGOL ROAD,24.568
punggol_road,Punggol Road,5816.0,35765.514,42036.093,23.785,20.083,20.083,,,PUNGGOL ROAD,24.559
punggol_road,Punggol Road,5818.0,35766.664,42037.729,23.081,20.177,20.177,,,PUNGGOL ROAD,24.55
punggol_road,Punggol Road,5820.0,35767.814,42039.365,17.204,20.271,20.271,,,PUNGGOL ROAD,24.457
punggol_road,Punggol Road,5822.0,35768.965,42041.002,23.789,20.365,20.365,,,PUNGGOL ROAD,24.343
punggol_road,Punggol Road,5824.0,35770.115,42042.638,28.085,20.459,20.459,,,PUNGGOL ROAD,24.23
punggol_road,Punggol Road,5826.0,35771.265,42044.274,22.391,20.553,20.459,,,PUNGGOL ROAD,24.116
punggol_road,Punggol Road,5828.0,35772.813,42045.107,22.546,20.647,20.459,,,PUNGGOL ROAD,23.24
punggol_road,Punggol Road,5830.0,35774.811,42045.03,21.152,20.37,20.37,,,PUNGGOL ROAD,21.502
punggol_road,Punggol Road,5832.0,35776.81,42044.954,19.525,20.092,20.092,,,PUNGGOL ROAD,19.764
punggol_road,Punggol Road,5834.0,35778.808,42044.877,20.52,19.814,19.814,,,PUNGGOL ROAD,18.026
punggol_road,Punggol Road,5836.0,35780.807,42044.801,21.739,19.604,19.604,,,PUNGGOL ROAD,16.288
punggol_road,Punggol Road,5838.0,35782.692,42044.912,20.69,19.393,19.393,,,PUNGGOL ROAD,14.745
punggol_road,Punggol Road,5840.0,35783.561,42046.714,15.774,19.182,19.182,,,PUNGGOL ROAD,14.958
punggol_road,Punggol Road,5842.0,35784.429,42048.516,15.728,18.971,18.971,,,PUNGGOL ROAD,15.171
punggol_road,Punggol Road,5844.0,35785.297,42050.317,15.752,18.761,18.761,,,PUNGGOL ROAD,15.378
punggol_road,Punggol Road,5846.0,35786.165,42052.119,15.758,18.55,18.55,,,PUNGGOL ROAD,15.4
punggol_road,Punggol Road,5848.0,35787.033,42053.921,22.208,18.339,18.55,,,PUNGGOL ROAD,15.423
punggol_road,Punggol Road,5850.0,35787.902,42055.722,20.0,18.499,18.55,,,PUNGGOL ROAD,15.446
punggol_road,Punggol Road,5852.0,35788.77,42057.524,17.676,18.659,18.659,,,PUNGGOL ROAD,15.468
punggol_road,Punggol Road,5854.0,35789.638,42059.326,17.467,18.818,18.818,,,PUNGGOL ROAD,15.491
punggol_road,Punggol Road,5856.0,35790.506,42061.128,21.653,19.072,19.072,,,PUNGGOL ROAD,15.514
punggol_road,Punggol Road,5858.0,35791.374,42062.929,22.292,19.326,19.326,,,PUNGGOL ROAD,15.536
punggol_road,Punggol Road,5860.0,35792.243,42064.731,23.544,19.579,19.579,,,PUNGGOL ROAD,15.559
punggol_road,Punggol Road,5862.0,35793.111,42066.533,20.796,19.833,19.833,,,PUNGGOL ROAD,15.582
punggol_road,Punggol Road,5864.0,35793.979,42068.335,16.642,20.087,20.087,,,PUNGGOL ROAD,15.604
punggol_road,Punggol Road,5866.0,35794.847,42070.136,23.902,20.34,20.087,,,PUNGGOL ROAD,15.627
punggol_road,Punggol Road,5868.0,35795.82,42071.883,20.991,20.139,20.087,,,PUNGGOL ROAD,15.531
punggol_road,Punggol Road,5870.0,35796.813,42073.619,21.36,19.938,19.938,,,PUNGGOL ROAD,15.414
punggol_road,Punggol Road,5872.0,35797.805,42075.356,22.535,19.736,19.736,,,PUNGGOL ROAD,15.296
punggol_road,Punggol Road,5874.0,35798.797,42077.092,16.546,19.535,19.535,,,PUNGGOL ROAD,15.179
punggol_road,Punggol Road,5906.0,35813.841,42105.312,16.102,19.334,19.334,,,PUNGGOL ROAD,14.058
punggol_road,Punggol Road,5908.0,35814.704,42107.116,15.871,19.132,19.132,,,PUNGGOL ROAD,14.064
punggol_road,Punggol Road,5910.0,35815.567,42108.921,16.382,18.931,18.931,,,PUNGGOL ROAD,14.07
punggol_road,Punggol Road,5912.0,35816.429,42110.725,15.796,18.73,18.73,,,PUNGGOL ROAD,14.077
punggol_road,Punggol Road,5914.0,35817.292,42112.53,26.504,18.528,18.528,,,PUNGGOL ROAD,14.083
punggol_road,Punggol Road,5916.0,35818.155,42114.334,15.768,18.327,18.327,,,PUNGGOL ROAD,14.089
punggol_road,Punggol Road,5918.0,35819.011,42116.141,20.447,18.125,18.125,,,PUNGGOL ROAD,14.102
punggol_road,Punggol Road,5920.0,35819.822,42117.97,19.297,18.045,18.045,,,PUNGGOL ROAD,14.166
punggol_road,Punggol Road,5922.0,35820.632,42119.798,15.124,17.964,17.964,,,PUNGGOL ROAD,14.229
punggol_road,Punggol Road,5924.0,35821.443,42121.626,15.0,17.698,17.698,,,PUNGGOL ROAD,14.293
punggol_road,Punggol Road,5926.0,35822.253,42123.455,21.88,17.431,17.431,,,PUNGGOL ROAD,14.357
punggol_road,Punggol Road,5928.0,35823.064,42125.283,21.516,17.165,17.165,,,PUNGGOL ROAD,14.42
punggol_road,Punggol Road,5930.0,35823.897,42127.101,21.06,16.806,16.806,,,PUNGGOL ROAD,14.458
punggol_road,Punggol Road,5932.0,35824.822,42128.874,19.886,16.448,16.448,,,PUNGGOL ROAD,14.396
punggol_road,Punggol Road,5934.0,35825.746,42130.648,19.587,16.089,16.089,,,PUNGGOL ROAD,14.333
punggol_road,Punggol Road,5936.0,35826.671,42132.421,14.424,,15.731,,,PUNGGOL ROAD,14.27
punggol_road,Punggol Road,5938.0,35827.583,42134.201,20.109,15.372,15.372,,,PUNGGOL ROAD,14.222
punggol_road,Punggol Road,5940.0,35828.488,42135.984,14.314,15.014,15.014,,,PUNGGOL ROAD,14.18
punggol_road,Punggol Road,5942.0,35829.394,42137.768,14.258,14.655,14.655,,,PUNGGOL ROAD,14.138
punggol_road,Punggol Road,5944.0,35830.3,42139.551,14.297,14.297,14.297,,,PUNGGOL ROAD,14.096
punggol_road,Punggol Road,5946.0,35831.205,42141.334,14.181,14.181,14.181,,,PUNGGOL ROAD,14.055
punggol_road,Punggol Road,5948.0,35831.2,42143.159,14.153,14.153,14.153,-1.965,1.0,PUNGGOL ROAD,14.851
punggol_road,Punggol Road,5950.0,35830.464,42145.019,21.255,14.14,14.14,-0.515,1.0,PUNGGOL ROAD,16.323
punggol_road,Punggol Road,5952.0,35829.727,42146.878,22.063,14.127,14.14,,,PUNGGOL ROAD,17.794
punggol_road,Punggol Road,5954.0,35828.99,42148.737,14.114,14.114,14.14,,,PUNGGOL ROAD,19.265
punggol_road,Punggol Road,5956.0,35828.254,42150.597,14.09,14.347,14.347,,,PUNGGOL ROAD,20.735
punggol_road,Punggol Road,5958.0,35827.517,42152.456,14.347,14.76,14.76,,,PUNGGOL ROAD,22.206
punggol_road,Punggol Road,5960.0,35826.779,42154.315,13.924,15.173,15.173,,,PUNGGOL ROAD,23.678
punggol_road,Punggol Road,5962.0,35825.991,42156.153,17.847,15.586,15.586,,,PUNGGOL ROAD,25.186
punggol_road,Punggol Road,5964.0,35825.203,42157.992,14.311,15.965,15.965,,,PUNGGOL ROAD,26.694
punggol_road,Punggol Road,5966.0,35824.415,42159.83,17.25,16.343,16.343,,,PUNGGOL ROAD,28.202
punggol_road,Punggol Road,5968.0,35824.613,42161.694,17.366,16.722,16.722,,,PUNGGOL ROAD,28.833
punggol_road,Punggol Road,5970.0,35825.304,42163.57,14.119,,16.911,,,PUNGGOL ROAD,29.025
punggol_road,Punggol Road,5972.0,35825.995,42165.447,16.449,,17.1,,,PUNGGOL ROAD,29.217
punggol_road,Punggol Road,5974.0,35826.686,42167.324,16.385,,17.289,,,PUNGGOL ROAD,29.409
punggol_road,Punggol Road,5976.0,35827.378,42169.201,19.69,,,,,PUNGGOL ROAD,29.601
punggol_road,Punggol Road,5978.0,35828.68,42170.511,19.094,,,,,PUNGGOL ROAD,28.997
punggol_road,Punggol Road,5980.0,35830.499,42171.342,13.846,,19.56,,,PUNGGOL ROAD,27.719
punggol_road,Punggol Road,5982.0,35832.318,42172.173,17.709,,19.749,,,PUNGGOL ROAD,26.441
punggol_road,Punggol Road,5984.0,35834.137,42173.005,21.133,,19.938,,,PUNGGOL ROAD,25.164
punggol_road,Punggol Road,5986.0,35835.956,42173.836,30.74,20.127,20.127,,,PUNGGOL ROAD,23.886
punggol_road,Punggol Road,5988.0,35837.775,42174.667,21.816,20.506,20.506,,,PUNGGOL ROAD,22.608
punggol_road,Punggol Road,5990.0,35839.353,42175.86,24.135,20.884,20.884,,,PUNGGOL ROAD,21.705
punggol_road,Punggol Road,5992.0,35840.815,42177.224,22.237,21.263,21.263,,,PUNGGOL ROAD,20.98
punggol_road,Punggol Road,5994.0,35842.277,42178.589,25.464,21.295,21.295,,,PUNGGOL ROAD,20.255
punggol_road,Punggol Road,5996.0,35843.739,42179.953,32.835,21.328,21.328,,,PUNGGOL ROAD,19.53
punggol_road,Punggol Road,5998.0,35845.202,42181.318,28.193,21.36,21.36,,,PUNGGOL ROAD,18.805
punggol_road,Punggol Road,6000.0,35846.562,42182.759,20.044,21.393,21.36,,,PUNGGOL ROAD,18.205
punggol_road,Punggol Road,6002.0,35847.49,42184.532,21.89,21.425,21.36,,,PUNGGOL ROAD,18.139
punggol_road,Punggol Road,6004.0,35848.417,42186.304,21.251,21.0,21.0,,,PUNGGOL ROAD,18.074
punggol_road,Punggol Road,6006.0,35849.344,42188.076,21.49,20.574,20.574,,,PUNGGOL ROAD,18.008
punggol_road,Punggol Road,6008.0,35850.203,42189.881,21.495,20.014,20.014,,,PUNGGOL ROAD,18.017
punggol_road,Punggol Road,6010.0,35851.01,42191.711,22.129,19.454,19.454,,,PUNGGOL ROAD,18.085
punggol_road,Punggol Road,6012.0,35851.817,42193.541,15.492,18.894,18.894,,,PUNGGOL ROAD,18.153
punggol_road,Punggol Road,6014.0,35852.623,42195.371,12.813,,18.335,,,PUNGGOL ROAD,18.221
punggol_road,Punggol Road,6016.0,35853.43,42197.201,12.764,,17.775,,,PUNGGOL ROAD,18.288
punggol_road,Punggol Road,6018.0,35854.343,42198.98,12.757,17.215,17.215,,,PUNGGOL ROAD,18.238
punggol_road,Punggol Road,6020.0,35855.272,42200.751,15.226,16.655,16.655,,,PUNGGOL ROAD,18.171
punggol_road,Punggol Road,6022.0,35856.2,42202.523,15.73,16.095,16.095,,,PUNGGOL ROAD,18.104
punggol_road,Punggol Road,6024.0,35857.128,42204.294,14.969,15.535,15.844,,,PUNGGOL ROAD,18.037
punggol_road,Punggol Road,6026.0,35858.056,42206.066,20.474,15.689,15.844,,,PUNGGOL ROAD,17.969
punggol_road,Punggol Road,6028.0,35858.867,42207.892,15.729,15.844,15.844,,,PUNGGOL ROAD,18.032
punggol_road,Punggol Road,6030.0,35859.62,42209.745,18.202,15.998,15.998,,,PUNGGOL ROAD,18.158
punggol_road,Punggol Road,6032.0,35860.373,42211.597,13.403,16.267,16.267,,,PUNGGOL ROAD,18.284
punggol_road,Punggol Road,6034.0,35861.126,42213.45,12.511,16.536,16.536,,,PUNGGOL ROAD,18.41
punggol_road,Punggol Road,6036.0,35861.879,42215.303,12.508,16.805,16.536,,,PUNGGOL ROAD,18.536
punggol_road,Punggol Road,6038.0,35862.689,42217.131,17.074,16.598,16.536,-4.402,1.0,PUNGGOL ROAD,18.6
punggol_road,Punggol Road,6040.0,35863.508,42218.956,15.837,16.391,16.391,-5.325,1.0,PUNGGOL ROAD,18.655
punggol_road,Punggol Road,6042.0,35864.326,42220.781,16.184,16.184,16.184,,,PUNGGOL ROAD,18.71
punggol_road,Punggol Road,6044.0,35865.144,42222.606,20.194,16.11,16.11,,,PUNGGOL ROAD,18.765
punggol_road,Punggol Road,6046.0,35865.963,42224.431,12.943,16.036,16.036,,,PUNGGOL ROAD,18.82
punggol_road,Punggol Road,6048.0,35866.781,42226.256,12.525,15.962,15.962,,,PUNGGOL ROAD,18.875
punggol_road,Punggol Road,6050.0,35867.748,42228.006,15.888,15.686,15.686,-11.295,2.0,PUNGGOL ROAD,18.764
punggol_road,Punggol Road,6052.0,35868.724,42229.752,15.717,15.409,15.409,,,PUNGGOL ROAD,18.642
punggol_road,Punggol Road,6054.0,35869.701,42231.497,17.429,15.133,15.133,,,PUNGGOL ROAD,18.52
punggol_road,Punggol Road,6056.0,35870.678,42233.242,14.548,14.865,15.133,,,PUNGGOL ROAD,18.398
punggol_road,Punggol Road,6058.0,35871.658,42234.986,13.652,15.098,15.133,3.952,1.0,PUNGGOL ROAD,18.272
punggol_road,Punggol Road,6060.0,35872.655,42236.719,14.646,15.331,15.331,,,PUNGGOL ROAD,18.126
punggol_road,Punggol Road,6062.0,35873.652,42238.453,15.564,15.564,15.449,,,PUNGGOL ROAD,17.981
punggol_road,Punggol Road,6064.0,35874.649,42240.187,15.719,15.719,15.449,,,PUNGGOL ROAD,17.836
punggol_road,Punggol Road,6066.0,35875.646,42241.921,17.818,15.449,15.449,,,PUNGGOL ROAD,17.691
punggol_road,Punggol Road,6068.0,35876.643,42243.655,15.643,15.178,15.178,,,PUNGGOL ROAD,17.545
punggol_road,Punggol Road,6070.0,35877.639,42245.389,11.786,14.779,14.779,,,PUNGGOL ROAD,17.4
punggol_road,Punggol Road,6072.0,35878.636,42247.123,15.849,14.379,14.379,,,PUNGGOL ROAD,17.255
punggol_road,Punggol Road,6074.0,35879.633,42248.856,16.037,13.98,13.98,,,PUNGGOL ROAD,17.109
punggol_road,Punggol Road,6076.0,35880.63,42250.59,11.684,,13.58,,,PUNGGOL ROAD,16.964
punggol_road,Punggol Road,6078.0,35881.627,42252.324,11.674,,13.18,,,PUNGGOL ROAD,16.819
punggol_road,Punggol Road,6080.0,35882.624,42254.058,11.651,12.781,12.781,,,PUNGGOL ROAD,16.674
punggol_road,Punggol Road,6082.0,35883.621,42255.792,11.662,12.381,12.381,,,PUNGGOL ROAD,16.528
punggol_road,Punggol Road,6084.0,35884.614,42257.527,11.611,11.982,11.982,,,PUNGGOL ROAD,16.387
punggol_road,Punggol Road,6086.0,35885.589,42259.274,11.582,11.582,11.582,,,PUNGGOL ROAD,16.267
punggol_road,Punggol Road,6088.0,35886.563,42261.021,11.555,11.555,11.555,,,PUNGGOL ROAD,16.148
punggol_road,Punggol Road,6090.0,35887.537,42262.767,11.518,11.518,11.555,,,PUNGGOL ROAD,16.029
punggol_road,Punggol Road,6092.0,35888.511,42264.514,11.497,11.497,11.555,,,PUNGGOL ROAD,15.909
punggol_road,Punggol Road,6094.0,35889.474,42266.266,11.456,11.685,11.685,,,PUNGGOL ROAD,15.803
punggol_road,Punggol Road,6096.0,35890.097,42268.166,11.503,11.873,11.873,,,PUNGGOL ROAD,16.067
punggol_road,Punggol Road,6098.0,35890.719,42270.067,11.63,12.161,12.161,,,PUNGGOL ROAD,16.331
punggol_road,Punggol Road,6100.0,35891.342,42271.968,13.105,12.45,12.45,,,PUNGGOL ROAD,16.595
punggol_road,Punggol Road,6102.0,35891.965,42273.868,13.122,12.738,12.738,,,PUNGGOL ROAD,16.859
punggol_road,Punggol Road,6104.0,35892.588,42275.769,13.026,13.026,12.977,,,PUNGGOL ROAD,17.123
punggol_road,Punggol Road,6106.0,35893.211,42277.669,12.977,12.977,13.026,,,PUNGGOL ROAD,17.387
punggol_road,Punggol Road,6108.0,35893.837,42279.568,13.171,13.171,13.171,,,PUNGGOL ROAD,17.647
punggol_road,Punggol Road,6110.0,35894.754,42281.346,13.482,13.285,13.285,,,PUNGGOL ROAD,17.593
punggol_road,Punggol Road,6112.0,35895.671,42283.123,14.109,13.398,13.398,,,PUNGGOL ROAD,17.539
punggol_road,Punggol Road,6114.0,35896.588,42284.901,16.862,13.512,13.512,,,PUNGGOL ROAD,17.485
punggol_road,Punggol Road,6116.0,35897.455,42286.703,17.998,13.625,13.625,,,PUNGGOL ROAD,17.486
punggol_road,Punggol Road,6118.0,35898.318,42288.507,14.414,13.739,13.739,,,PUNGGOL ROAD,17.491
punggol_road,Punggol Road,6120.0,35899.182,42290.311,16.24,13.852,13.852,,,PUNGGOL ROAD,17.497
punggol_road,Punggol Road,6122.0,35900.045,42292.115,15.908,13.966,13.966,,,PUNGGOL ROAD,17.503
punggol_road,Punggol Road,6124.0,35900.908,42293.919,18.83,14.08,14.08,,,PUNGGOL ROAD,17.508
punggol_road,Punggol Road,6126.0,35901.771,42295.723,16.702,14.193,14.193,,,PUNGGOL ROAD,17.514
punggol_road,Punggol Road,6128.0,35902.634,42297.528,16.144,14.307,14.307,,,PUNGGOL ROAD,17.52
punggol_road,Punggol Road,6130.0,35903.497,42299.332,13.676,14.42,14.42,,,PUNGGOL ROAD,17.525
punggol_road,Punggol Road,6132.0,35904.361,42301.136,13.034,14.534,14.534,,,PUNGGOL ROAD,17.531
punggol_road,Punggol Road,6134.0,35905.224,42302.94,14.166,14.647,14.647,,,PUNGGOL ROAD,17.537
punggol_road,Punggol Road,6136.0,35906.087,42304.744,11.279,14.761,14.761,,,PUNGGOL ROAD,17.542
punggol_road,Punggol Road,6138.0,35906.95,42306.548,11.021,14.874,14.874,,,PUNGGOL ROAD,17.548
punggol_road,Punggol Road,6140.0,35907.813,42308.352,11.015,14.988,14.988,,,PUNGGOL ROAD,17.554
punggol_road,Punggol Road,6142.0,35908.677,42310.156,15.62,15.101,15.101,,,PUNGGOL ROAD,17.559
punggol_road,Punggol Road,6144.0,35909.526,42311.967,15.139,15.215,15.101,,,PUNGGOL ROAD,17.58
punggol_road,Punggol Road,6146.0,35910.362,42313.784,16.893,15.109,15.101,,,PUNGGOL ROAD,17.616
punggol_road,Punggol Road,6148.0,35911.198,42315.601,15.518,15.003,15.003,,,PUNGGOL ROAD,17.652
punggol_road,Punggol Road,6150.0,35912.033,42317.418,14.667,14.771,14.771,,,PUNGGOL ROAD,17.688
punggol_road,Punggol Road,6152.0,35912.869,42319.235,10.746,14.54,14.54,,,PUNGGOL ROAD,17.724
punggol_road,Punggol Road,6154.0,35913.705,42321.052,10.672,14.309,14.309,,,PUNGGOL ROAD,17.76
punggol_road,Punggol Road,6156.0,35914.541,42322.869,13.706,14.077,14.178,,,PUNGGOL ROAD,17.796
punggol_road,Punggol Road,6158.0,35915.377,42324.686,10.741,14.128,14.178,,,PUNGGOL ROAD,17.832
punggol_road,Punggol Road,6160.0,35916.212,42326.503,14.38,14.178,14.128,,,PUNGGOL ROAD,17.867
punggol_road,Punggol Road,6162.0,35917.048,42328.32,14.229,14.229,14.128,,,PUNGGOL ROAD,17.903
punggol_road,Punggol Road,6164.0,35917.884,42330.137,15.33,14.103,14.103,,,PUNGGOL ROAD,17.939
punggol_road,Punggol Road,6166.0,35918.72,42331.954,10.564,13.976,13.976,,,PUNGGOL ROAD,17.975
punggol_road,Punggol Road,6168.0,35919.556,42333.771,14.022,13.85,13.85,,,PUNGGOL ROAD,18.011
punggol_road,Punggol Road,6170.0,35920.392,42335.588,14.051,13.723,13.85,,,PUNGGOL ROAD,18.047
punggol_road,Punggol Road,6172.0,35921.227,42337.405,13.597,13.811,13.85,,,PUNGGOL ROAD,18.083
punggol_road,Punggol Road,6174.0,35922.063,42339.222,12.687,13.899,13.899,,,PUNGGOL ROAD,18.119
punggol_road,Punggol Road,6176.0,35922.899,42341.039,13.902,14.025,14.025,,,PUNGGOL ROAD,18.155
punggol_road,Punggol Road,6178.0,35923.735,42342.856,14.228,14.151,14.151,,,PUNGGOL ROAD,18.191
punggol_road,Punggol Road,6180.0,35924.571,42344.673,14.819,14.277,14.277,,,PUNGGOL ROAD,18.226
punggol_road,Punggol Road,6182.0,35925.406,42346.49,10.207,14.404,14.404,,,PUNGGOL ROAD,18.262
punggol_road,Punggol Road,6184.0,35926.242,42348.307,11.561,14.53,14.53,,,PUNGGOL ROAD,18.298
punggol_road,Punggol Road,6186.0,35927.078,42350.124,15.688,14.656,14.656,,,PUNGGOL ROAD,18.334
punggol_road,Punggol Road,6188.0,35927.914,42351.941,14.139,14.782,14.727,,,PUNGGOL ROAD,18.37
punggol_road,Punggol Road,6190.0,35928.75,42353.758,14.474,14.755,14.755,,,PUNGGOL ROAD,18.406
punggol_road,Punggol Road,6192.0,35929.586,42355.575,14.206,14.727,14.769,,,PUNGGOL ROAD,18.442
punggol_road,Punggol Road,6194.0,35930.421,42357.392,9.944,14.981,14.755,,,PUNGGOL ROAD,18.478
punggol_road,Punggol Road,6196.0,35931.257,42359.209,9.966,14.769,14.727,,,PUNGGOL ROAD,18.514
punggol_road,Punggol Road,6198.0,35932.093,42361.026,15.75,14.483,14.483,,,PUNGGOL ROAD,18.549
punggol_road,Punggol Road,6200.0,35932.929,42362.842,15.291,14.197,14.197,,,PUNGGOL ROAD,18.585
punggol_road,Punggol Road,6202.0,35933.765,42364.659,15.638,13.911,13.911,,,PUNGGOL ROAD,18.621
punggol_road,Punggol Road,6204.0,35934.6,42366.476,15.794,13.653,13.653,,,PUNGGOL ROAD,18.657
punggol_road,Punggol Road,6206.0,35935.436,42368.293,13.004,13.396,13.396,,,PUNGGOL ROAD,18.693
punggol_road,Punggol Road,6208.0,35936.272,42370.11,13.77,13.139,13.139,,,PUNGGOL ROAD,18.729
punggol_road,Punggol Road,6210.0,35937.108,42371.927,12.694,12.881,12.945,,,PUNGGOL ROAD,18.765
punggol_road,Punggol Road,6212.0,35937.944,42373.744,9.72,12.82,12.945,,,PUNGGOL ROAD,18.801
punggol_road,Punggol Road,6214.0,35938.78,42375.561,9.645,12.945,12.881,,,PUNGGOL ROAD,18.837
punggol_road,Punggol Road,6216.0,35939.615,42377.378,13.07,13.07,12.945,,,PUNGGOL ROAD,18.873
punggol_road,Punggol Road,6218.0,35940.451,42379.195,12.832,12.832,13.025,,,PUNGGOL ROAD,18.908
punggol_road,Punggol Road,6220.0,35941.287,42381.012,12.872,13.025,13.07,,,PUNGGOL ROAD,18.944
punggol_road,Punggol Road,6222.0,35942.123,42382.829,12.098,13.217,13.217,,,PUNGGOL ROAD,18.98
punggol_road,Punggol Road,6224.0,35942.959,42384.646,11.504,13.563,13.563,,,PUNGGOL ROAD,19.016
punggol_road,Punggol Road,6226.0,35943.794,42386.463,12.292,13.908,13.908,,,PUNGGOL ROAD,19.052
punggol_road,Punggol Road,6228.0,35944.63,42388.28,12.123,14.254,14.254,,,PUNGGOL ROAD,19.088
punggol_road,Punggol Road,6230.0,35945.466,42390.097,13.837,,14.599,,,PUNGGOL ROAD,19.124
punggol_road,Punggol Road,6232.0,35946.302,42391.914,14.559,14.945,14.945,,,PUNGGOL ROAD,19.16
punggol_road,Punggol Road,6234.0,35947.138,42393.731,16.112,15.29,15.29,,,PUNGGOL ROAD,19.196
punggol_road,Punggol Road,6236.0,35947.974,42395.548,15.587,15.636,15.636,,,PUNGGOL ROAD,19.231
punggol_road,Punggol Road,6238.0,35948.809,42397.365,11.864,15.982,15.942,,,PUNGGOL ROAD,19.267
punggol_road,Punggol Road,6240.0,35949.645,42399.182,16.376,15.962,15.942,,,PUNGGOL ROAD,19.303
punggol_road,Punggol Road,6242.0,35950.481,42400.999,15.726,15.942,15.942,,,PUNGGOL ROAD,19.339
punggol_road,Punggol Road,6244.0,35951.317,42402.816,16.188,15.922,15.922,,,PUNGGOL ROAD,19.375
punggol_road,Punggol Road,6246.0,35952.153,42404.633,18.014,15.903,15.903,,,PUNGGOL ROAD,19.411
punggol_road,Punggol Road,6248.0,35952.988,42406.45,17.794,15.883,15.883,,,PUNGGOL ROAD,19.447
punggol_road,Punggol Road,6250.0,35953.824,42408.267,13.606,15.863,15.863,,,PUNGGOL ROAD,19.483
punggol_road,Punggol Road,6252.0,35954.66,42410.084,9.362,15.844,15.844,,,PUNGGOL ROAD,19.519
punggol_road,Punggol Road,6254.0,35955.496,42411.901,15.452,15.824,15.824,,,PUNGGOL ROAD,19.555
punggol_road,Punggol Road,6256.0,35956.332,42413.718,15.416,15.804,15.804,,,PUNGGOL ROAD,19.59
punggol_road,Punggol Road,6258.0,35957.168,42415.535,9.848,15.785,15.785,,,PUNGGOL ROAD,19.626
punggol_road,Punggol Road,6260.0,35958.003,42417.352,10.212,15.765,15.765,,,PUNGGOL ROAD,19.662
punggol_road,Punggol Road,6300.0,35974.72,42453.691,12.458,15.745,15.745,,,PUNGGOL ROAD,19.277
punggol_road,Punggol Road,6302.0,35975.556,42455.508,13.797,15.725,15.725,,,PUNGGOL ROAD,19.207
punggol_road,Punggol Road,6304.0,35976.391,42457.325,13.577,15.706,15.706,,,PUNGGOL ROAD,19.137
punggol_road,Punggol Road,6306.0,35977.227,42459.142,16.73,15.686,15.686,,,PUNGGOL ROAD,19.068
punggol_road,Punggol Road,6308.0,35978.063,42460.959,15.154,15.493,15.493,,,PUNGGOL ROAD,18.998
punggol_road,Punggol Road,6310.0,35978.899,42462.776,12.492,15.301,15.301,,,PUNGGOL ROAD,18.928
punggol_road,Punggol Road,6312.0,35979.735,42464.593,16.139,14.798,14.798,,,PUNGGOL ROAD,18.858
punggol_road,Punggol Road,6314.0,35980.57,42466.41,17.258,14.295,14.295,,,PUNGGOL ROAD,18.788
punggol_road,Punggol Road,6316.0,35981.406,42468.227,14.47,13.793,13.793,,,PUNGGOL ROAD,18.719
punggol_road,Punggol Road,6318.0,35982.242,42470.044,14.46,,13.541,,,PUNGGOL ROAD,18.649
punggol_road,Punggol Road,6320.0,35983.078,42471.861,16.945,,13.29,,,PUNGGOL ROAD,18.579
punggol_road,Punggol Road,6322.0,35983.914,42473.678,15.98,,12.787,,,PUNGGOL ROAD,18.509
punggol_road,Punggol Road,6324.0,35984.75,42475.495,9.782,,11.279,,,PUNGGOL ROAD,18.439
punggol_road,Punggol Road,6326.0,35985.585,42477.312,14.235,,10.777,,,PUNGGOL ROAD,18.37
punggol_road,Punggol Road,6328.0,35986.421,42479.129,9.474,,10.525,,,PUNGGOL ROAD,18.3
punggol_road,Punggol Road,6330.0,35987.254,42480.947,10.286,10.274,10.274,,,PUNGGOL ROAD,18.233
punggol_road,Punggol Road,6332.0,35988.082,42482.768,8.95,9.771,9.771,,,PUNGGOL ROAD,18.172
punggol_road,Punggol Road,6334.0,35988.91,42484.588,8.766,9.269,9.269,,,PUNGGOL ROAD,18.111
punggol_road,Punggol Road,6336.0,35989.738,42486.409,8.766,8.766,8.824,,,PUNGGOL ROAD,18.05
punggol_road,Punggol Road,6338.0,35990.566,42488.23,,8.795,8.824,,,PUNGGOL ROAD,17.988
punggol_road,Punggol Road,6340.0,35991.394,42490.05,,8.824,8.824,0.727,1.0,PUNGGOL ROAD,17.927
punggol_road,Punggol Road,6342.0,35992.222,42491.871,,8.853,8.853,1.091,1.0,PUNGGOL ROAD,17.866
punggol_road,Punggol Road,6344.0,35993.05,42493.691,,8.882,8.882,1.454,1.0,PUNGGOL ROAD,17.805
punggol_road,Punggol Road,6346.0,35993.877,42495.512,,8.911,8.911,1.454,1.0,PUNGGOL ROAD,17.744
punggol_road,Punggol Road,6348.0,35994.705,42497.333,,8.941,8.941,1.454,1.0,PUNGGOL ROAD,17.683
punggol_road,Punggol Road,6350.0,35995.533,42499.153,,8.97,8.97,1.454,1.0,PUNGGOL ROAD,17.622
punggol_road,Punggol Road,6352.0,35996.361,42500.974,,8.999,8.999,1.454,1.0,PUNGGOL ROAD,17.561
punggol_road,Punggol Road,6354.0,35997.149,42502.809,,9.028,9.028,1.454,1.0,PUNGGOL ROAD,17.542
punggol_road,Punggol Road,6356.0,35997.724,42504.725,,9.057,9.057,1.454,1.0,PUNGGOL ROAD,17.751
punggol_road,Punggol Road,6358.0,35998.299,42506.64,,9.086,9.086,1.454,1.0,PUNGGOL ROAD,17.96
punggol_road,Punggol Road,6360.0,35998.874,42508.556,,9.115,9.115,1.454,1.0,PUNGGOL ROAD,18.169
punggol_road,Punggol Road,6362.0,35999.449,42510.472,,9.144,9.144,1.454,1.0,PUNGGOL ROAD,18.377
punggol_road,Punggol Road,6364.0,36000.024,42512.387,,9.173,9.173,1.454,1.0,PUNGGOL ROAD,18.586
punggol_road,Punggol Road,6366.0,36000.599,42514.303,,9.202,9.202,1.454,1.0,PUNGGOL ROAD,18.795
punggol_road,Punggol Road,6368.0,36001.421,42516.124,,9.231,9.231,1.454,1.0,PUNGGOL ROAD,18.74
punggol_road,Punggol Road,6370.0,36002.27,42517.935,,9.261,9.261,1.454,1.0,PUNGGOL ROAD,18.656
punggol_road,Punggol Road,6372.0,36003.118,42519.747,,9.29,9.29,1.454,1.0,PUNGGOL ROAD,18.573
punggol_road,Punggol Road,6374.0,36003.966,42521.558,,9.319,9.319,1.454,1.0,PUNGGOL ROAD,18.49
punggol_road,Punggol Road,6376.0,36004.814,42523.369,,9.348,9.348,1.454,1.0,PUNGGOL ROAD,18.406
punggol_road,Punggol Road,6378.0,36005.662,42525.18,,9.377,9.377,1.454,1.0,PUNGGOL ROAD,18.323
punggol_road,Punggol Road,6380.0,36006.51,42526.992,,9.406,9.406,1.273,1.0,PUNGGOL ROAD,18.24
punggol_road,Punggol Road,6382.0,36007.358,42528.803,,9.435,9.435,1.091,1.0,PUNGGOL ROAD,18.156
punggol_road,Punggol Road,6384.0,36008.206,42530.614,,,9.45,0.909,1.0,PUNGGOL ROAD,18.073
punggol_road,Punggol Road,6386.0,36009.054,42532.425,,,9.464,,,PUNGGOL ROAD,17.99
punggol_road,Punggol Road,6388.0,36009.902,42534.237,,,9.479,,,PUNGGOL ROAD,17.906
punggol_road,Punggol Road,6390.0,36010.75,42536.048,,,,,,PUNGGOL ROAD,17.823
punggol_road,Punggol Road,6392.0,36011.665,42537.827,,,,,,PUNGGOL ROAD,17.666
punggol_road,Punggol Road,6394.0,36012.593,42539.598,,,,,,PUNGGOL ROAD,17.493
punggol_road,Punggol Road,6396.0,36013.522,42541.369,,,,,,PUNGGOL ROAD,17.32
punggol_road,Punggol Road,6398.0,36014.451,42543.14,,,,,,PUNGGOL ROAD,17.147
punggol_road,Punggol Road,6400.0,36015.379,42544.912,,,,,,PUNGGOL ROAD,16.974
punggol_road,Punggol Road,6402.0,36016.308,42546.683,,,,,,PUNGGOL ROAD,16.8
punggol_road,Punggol Road,6404.0,36016.954,42548.569,,,,,,PUNGGOL ROAD,16.932
punggol_road,Punggol Road,6406.0,36017.526,42550.486,,,,,,PUNGGOL ROAD,17.145
punggol_road,Punggol Road,6408.0,36018.097,42552.403,,,,,,PUNGGOL ROAD,17.357
punggol_road,Punggol Road,6410.0,36018.669,42554.319,,,,,,PUNGGOL ROAD,17.57
punggol_road,Punggol Road,6412.0,36019.24,42556.236,,,,,,PUNGGOL ROAD,17.782
punggol_road,Punggol Road,6414.0,36019.811,42558.152,,,,,,PUNGGOL ROAD,17.995
punggol_road,Punggol Road,6416.0,36020.383,42560.069,,,,,,PUNGGOL ROAD,18.208
punggol_road,Punggol Road,6418.0,36020.954,42561.986,,,,,,PUNGGOL ROAD,18.42
punggol_road,Punggol Road,6420.0,36021.526,42563.902,,,,,,PUNGGOL ROAD,18.633
punggol_road,Punggol Road,6422.0,36022.097,42565.819,,,,,,PUNGGOL ROAD,18.845
punggol_road,Punggol Road,6424.0,36022.669,42567.736,,,,,,PUNGGOL ROAD,19.058
punggol_road,Punggol Road,6426.0,36023.31,42569.627,,,,,,PUNGGOL ROAD,19.196
punggol_road,Punggol Road,6428.0,36024.084,42571.472,,,,,,PUNGGOL ROAD,19.194
punggol_road,Punggol Road,6430.0,36024.857,42573.316,,,,,,PUNGGOL ROAD,19.192
punggol_road,Punggol Road,6432.0,36025.631,42575.16,,,,,,PUNGGOL ROAD,19.19
punggol_road,Punggol Road,6434.0,36026.405,42577.004,,,,,,PUNGGOL ROAD,19.188
punggol_road,Punggol Road,6436.0,36027.178,42578.849,,,,,,PUNGGOL ROAD,19.186
punggol_road,Punggol Road,6438.0,36027.952,42580.693,,,,,,PUNGGOL ROAD,19.185
punggol_road,Punggol Road,6440.0,36028.9,42582.453,,,,,,PUNGGOL ROAD,18.989
punggol_road,Punggol Road,6442.0,36029.862,42584.206,,,,,,PUNGGOL ROAD,18.778
punggol_road,Punggol Road,6444.0,36030.825,42585.96,,,,,,PUNGGOL ROAD,18.567
punggol_road,Punggol Road,6446.0,36031.787,42587.713,,,,,,PUNGGOL ROAD,18.356
punggol_road,Punggol Road,6448.0,36032.749,42589.466,,,,,,PUNGGOL ROAD,18.145
punggol_road,Punggol Road,6450.0,36033.711,42591.22,,,,,,PUNGGOL ROAD,17.934
punggol_road,Punggol Road,6452.0,36034.674,42592.973,,,,,,PUNGGOL ROAD,17.723
punggol_road,Punggol Road,6454.0,36035.636,42594.726,,,,,,PUNGGOL ROAD,17.512
punggol_road,Punggol Road,6456.0,36036.598,42596.48,,,,,,PUNGGOL ROAD,17.301
punggol_road,Punggol Road,6458.0,36037.56,42598.233,,,,,,PUNGGOL ROAD,17.09
punggol_road,Punggol Road,6460.0,36038.523,42599.986,,,,,,PUNGGOL ROAD,16.879
punggol_road,Punggol Road,6462.0,36039.456,42601.755,,,,,,PUNGGOL ROAD,16.701
punggol_road,Punggol Road,6464.0,36040.335,42603.551,,,,,,PUNGGOL ROAD,16.582
punggol_road,Punggol Road,6466.0,36041.215,42605.347,,,,,,PUNGGOL ROAD,16.464
punggol_road,Punggol Road,6468.0,36042.095,42607.143,,,,,,PUNGGOL ROAD,16.345
punggol_road,Punggol Road,6470.0,36042.975,42608.939,,,,,,PUNGGOL ROAD,16.227
punggol_road,Punggol Road,6472.0,36043.855,42610.735,,,,,,PUNGGOL ROAD,16.109
punggol_road,Punggol Road,6474.0,36044.735,42612.531,,,,,,PUNGGOL ROAD,15.99
punggol_road,Punggol Road,6476.0,36045.542,42614.359,,,,,,PUNGGOL ROAD,15.951
punggol_road,Punggol Road,6478.0,36046.257,42616.226,,,,,,PUNGGOL ROAD,16.011
punggol_road,Punggol Road,6480.0,36046.973,42618.094,,,,,,PUNGGOL ROAD,16.072
punggol_road,Punggol Road,6482.0,36047.689,42619.961,,,,,,PUNGGOL ROAD,16.132
punggol_road,Punggol Road,6484.0,36048.405,42621.829,,,,,,PUNGGOL ROAD,16.193
punggol_road,Punggol Road,6486.0,36049.12,42623.697,,,,,,PUNGGOL ROAD,16.253
punggol_road,Punggol Road,6488.0,36049.836,42625.564,,,,,,PUNGGOL ROAD,16.314
punggol_road,Punggol Road,6490.0,36050.552,42627.432,,,,,,PUNGGOL ROAD,16.374
punggol_road,Punggol Road,6492.0,36051.268,42629.299,,,,,,PUNGGOL ROAD,16.435
punggol_road,Punggol Road,6494.0,36051.984,42631.167,,,,,,PUNGGOL ROAD,16.495
punggol_road,Punggol Road,6496.0,36052.699,42633.034,,,,,,PUNGGOL ROAD,16.555
punggol_road,Punggol Road,6498.0,36053.415,42634.902,,,,,,PUNGGOL ROAD,16.616
punggol_road,Punggol Road,6500.0,36054.099,42636.78,,,,,,PUNGGOL ROAD,16.71
punggol_road,Punggol Road,6502.0,36054.702,42638.687,,,,,,PUNGGOL ROAD,16.89
punggol_road,Punggol Road,6504.0,36055.305,42640.594,,,,,,PUNGGOL ROAD,17.069
punggol_road,Punggol Road,6506.0,36055.908,42642.501,,,,,,PUNGGOL ROAD,17.249
punggol_road,Punggol Road,6508.0,36056.511,42644.408,,,,,,PUNGGOL ROAD,17.429
punggol_road,Punggol Road,6510.0,36057.113,42646.315,,,,,,PUNGGOL ROAD,17.61
punggol_road,Punggol Road,6512.0,36057.65,42648.242,,,,,,PUNGGOL ROAD,17.858
punggol_road,Punggol Road,6514.0,36058.188,42650.168,,,,,,PUNGGOL ROAD,18.105
punggol_road,Punggol Road,6516.0,36058.725,42652.095,,,,,,PUNGGOL ROAD,18.353
punggol_road,Punggol Road,6518.0,36059.263,42654.021,,,,,,PUNGGOL ROAD,18.6
punggol_road,Punggol Road,6520.0,36059.8,42655.948,,,,,,PUNGGOL ROAD,18.848
punggol_road,Punggol Road,6522.0,36060.274,42657.888,,,,,,PUNGGOL ROAD,19.16
punggol_road,Punggol Road,6524.0,36060.591,42659.863,,,,,,PUNGGOL ROAD,19.629
punggol_road,Punggol Road,6526.0,36060.909,42661.837,,,,,,PUNGGOL ROAD,20.098
punggol_road,Punggol Road,6528.0,36061.226,42663.812,,,,,,PUNGGOL ROAD,20.568
punggol_road,Punggol Road,6530.0,36061.817,42665.722,,,,,,PUNGGOL ROAD,20.76
punggol_road,Punggol Road,6532.0,36062.422,42667.628,,,,,,PUNGGOL ROAD,20.937
punggol_road,Punggol Road,6534.0,36063.028,42669.534,,,,,,PUNGGOL ROAD,21.114
punggol_road,Punggol Road,6536.0,36063.633,42671.44,,,,,,PUNGGOL ROAD,21.291
punggol_road,Punggol Road,6538.0,36064.239,42673.346,,,,,,PUNGGOL ROAD,21.468
punggol_road,Punggol Road,6540.0,36064.844,42675.252,,,,,,PUNGGOL ROAD,21.645
punggol_road,Punggol Road,6542.0,36065.45,42677.159,,,,,,PUNGGOL ROAD,21.823
punggol_road,Punggol Road,6544.0,36066.055,42679.065,,,,,,PUNGGOL ROAD,22.0
punggol_road,Punggol Road,6546.0,36066.66,42680.971,,,,,,PUNGGOL ROAD,22.177
punggol_road,Punggol Road,6548.0,36067.266,42682.877,,,,,,PUNGGOL ROAD,22.354
punggol_road,Punggol Road,6550.0,36067.871,42684.783,,,,,,PUNGGOL ROAD,22.531
punggol_road,Punggol Road,6552.0,36068.477,42686.689,,,,,,PUNGGOL ROAD,22.708
punggol_road,Punggol Road,6554.0,36069.082,42688.596,,,,,,PUNGGOL ROAD,22.886
punggol_road,Punggol Road,6556.0,36069.687,42690.502,,,,,,PUNGGOL ROAD,23.063
punggol_road,Punggol Road,6558.0,36070.376,42692.378,,,,,,PUNGGOL ROAD,23.152
punggol_road,Punggol Road,6560.0,36071.105,42694.241,,,,,,PUNGGOL ROAD,23.198
punggol_road,Punggol Road,6562.0,36071.834,42696.103,,,,,,PUNGGOL ROAD,23.244
punggol_road,Punggol Road,6564.0,36072.563,42697.966,,,,,,PUNGGOL ROAD,23.291
punggol_road,Punggol Road,6566.0,36073.292,42699.828,,,,,,PUNGGOL ROAD,23.337
punggol_road,Punggol Road,6568.0,36074.031,42701.687,,,,,,PUNGGOL ROAD,23.373
punggol_road,Punggol Road,6570.0,36074.774,42703.543,,,,,,PUNGGOL ROAD,23.403
punggol_road,Punggol Road,6572.0,36075.518,42705.4,,,,,,PUNGGOL ROAD,23.434
punggol_road,Punggol Road,6574.0,36076.261,42707.257,,,,,,PUNGGOL ROAD,23.465
punggol_road,Punggol Road,6576.0,36077.005,42709.113,,,,,,PUNGGOL ROAD,23.495
punggol_road,Punggol Road,6578.0,36077.748,42710.97,,,,,,PUNGGOL ROAD,23.526
punggol_road,Punggol Road,6580.0,36078.492,42712.827,,,,,,PUNGGOL ROAD,23.557
punggol_road,Punggol Road,6582.0,36079.474,42714.568,,,,,,PUNGGOL ROAD,23.323
punggol_road,Punggol Road,6584.0,36080.464,42716.306,,,,,,PUNGGOL ROAD,23.08
punggol_road,Punggol Road,6586.0,36081.455,42718.043,,,,,,PUNGGOL ROAD,22.837
punggol_road,Punggol Road,6588.0,36082.445,42719.781,,,,,,PUNGGOL ROAD,22.594
punggol_road,Punggol Road,6590.0,36083.508,42721.456,,,,,,PUNGGOL ROAD,22.26
punggol_road,Punggol Road,6592.0,36085.084,42722.687,,,,,,PUNGGOL ROAD,21.281
punggol_road,Punggol Road,6594.0,36086.66,42723.918,,,,,,PUNGGOL ROAD,20.302
punggol_road,Punggol Road,6596.0,36088.236,42725.15,,,,,,PUNGGOL ROAD,19.323
punggol_road,Punggol Road,6598.0,36089.812,42726.381,,,,,,PUNGGOL ROAD,18.345
punggol_road,Punggol Road,6600.0,36091.388,42727.612,,,,,,PUNGGOL ROAD,17.366
punggol_road,Punggol Road,6602.0,36092.964,42728.843,,,,,,PUNGGOL ROAD,16.387
punggol_road,Punggol Road,6604.0,36094.541,42730.074,,,,,,PUNGGOL ROAD,15.408
punggol_road,Punggol Road,6606.0,36096.117,42731.305,,,,,,PUNGGOL ROAD,14.429
punggol_road,Punggol Road,6608.0,36097.693,42732.537,,,,,,PUNGGOL ROAD,13.45
punggol_road,Punggol Road,6610.0,36099.269,42733.768,,,,,,PUNGGOL ROAD,12.471
punggol_road,Punggol Road,6612.0,36100.845,42734.999,,,,,,PUNGGOL ROAD,11.493
punggol_road,Punggol Road,6614.0,36102.421,42736.23,,,,,,PUNGGOL ROAD,10.514
punggol_road,Punggol Road,6616.0,36103.997,42737.461,,,,,,PUNGGOL ROAD,9.535
punggol_road,Punggol Road,6618.0,36105.574,42738.692,,,,,,PUNGGOL ROAD,8.556
punggol_road,Punggol Road,6620.0,36107.15,42739.924,,,,,,PUNGGOL ROAD,7.577
punggol_road,Punggol Road,6622.0,36108.726,42741.155,,,,,,PUNGGOL ROAD,6.598
punggol_road,Punggol Road,6624.0,36110.302,42742.386,,,,,,PUNGGOL ROAD,5.619
punggol_road,Punggol Road,6626.0,36111.878,42743.617,,,,,,PUNGGOL ROAD,4.641
punggol_road,Punggol Road,6628.0,36113.454,42744.848,,,,,,PUNGGOL ROAD,3.662
punggol_road,Punggol Road,6630.0,36115.03,42746.079,,,,,,PUNGGOL ROAD,2.683
punggol_road,Punggol Road,6632.0,36116.606,42747.311,,,,,,PUNGGOL ROAD,1.704
punggol_road,Punggol Road,6634.0,36117.968,42748.679,,,,,,PUNGGOL ROAD,0.976
punggol_road,Punggol Road,6636.0,36118.421,42750.627,,,,,,PUNGGOL ROAD,1.31
punggol_road,Punggol Road,6638.0,36118.875,42752.575,,,,,,PUNGGOL ROAD,1.643
punggol_road,Punggol Road,6640.0,36119.328,42754.523,,,,,,PUNGGOL ROAD,1.977
punggol_road,Punggol Road,6648.0,36121.141,42762.314,,,,,,PUNGGOL ROAD,3.49
punggol_road,Punggol Road,6650.0,36121.595,42764.262,,,,,,PUNGGOL ROAD,3.9
punggol_road,Punggol Road,6652.0,36122.048,42766.21,,,,,,PUNGGOL ROAD,4.311
punggol_road,Punggol Road,6654.0,36122.501,42768.158,,,,,,PUNGGOL ROAD,4.721
punggol_road,Punggol Road,6656.0,36122.955,42770.106,,,,,,PUNGGOL ROAD,5.132
punggol_road,Punggol Road,6658.0,36123.408,42772.054,,,,,,PUNGGOL ROAD,5.543
punggol_road,Punggol Road,6660.0,36123.861,42774.002,,,,,,PUNGGOL ROAD,5.953
punggol_road,Punggol Road,6662.0,36124.314,42775.95,,,,,,PUNGGOL ROAD,6.364
punggol_road,Punggol Road,6664.0,36124.768,42777.898,,,,,,PUNGGOL ROAD,6.774
punggol_road,Punggol Road,6666.0,36125.221,42779.846,,,,,,PUNGGOL ROAD,7.185
punggol_road,Punggol Road,6668.0,36125.674,42781.794,,,,,,PUNGGOL ROAD,7.596
punggol_road,Punggol Road,6670.0,36126.128,42783.742,,,,,,PUNGGOL ROAD,8.006
punggol_road,Punggol Road,6672.0,36126.581,42785.69,,,,,,PUNGGOL ROAD,8.417
punggol_road,Punggol Road,6674.0,36127.034,42787.638,,,,,,PUNGGOL ROAD,8.827
punggol_road,Punggol Road,6676.0,36127.488,42789.586,,,,,,PUNGGOL ROAD,9.238
punggol_road,Punggol Road,6678.0,36127.941,42791.534,,,,,,PUNGGOL ROAD,9.649
punggol_road,Punggol Road,6680.0,36128.394,42793.482,,,,,,PUNGGOL ROAD,10.059
punggol_road,Punggol Road,6682.0,36128.848,42795.43,,,,,,PUNGGOL ROAD,10.47
punggol_road,Punggol Road,6684.0,36129.301,42797.377,,,,,,PUNGGOL ROAD,10.88
punggol_road,Punggol Road,6686.0,36129.754,42799.325,,,,,,PUNGGOL ROAD,11.291
punggol_road,Punggol Road,6688.0,36130.208,42801.273,,,,,,PUNGGOL ROAD,11.702
punggol_road,Punggol Road,6690.0,36130.661,42803.221,,,,,,PUNGGOL ROAD,12.112
punggol_road,Punggol Road,6692.0,36131.114,42805.169,,,,,,PUNGGOL ROAD,12.523
punggol_road,Punggol Road,6694.0,36131.568,42807.117,,,,,,PUNGGOL ROAD,12.933
punggol_road,Punggol Road,6696.0,36132.021,42809.065,,,,,,PUNGGOL ROAD,13.344
punggol_road,Punggol Road,6698.0,36132.474,42811.013,,,,,,PUNGGOL ROAD,13.755
punggol_road,Punggol Road,6700.0,36132.928,42812.961,,,,,,PUNGGOL ROAD,14.165
punggol_road,Punggol Road,6702.0,36133.381,42814.909,,,,,,PUNGGOL ROAD,14.576
punggol_road,Punggol Road,6704.0,36133.834,42816.857,,,,,,PUNGGOL ROAD,14.986
punggol_road,Punggol Road,6706.0,36134.288,42818.805,,,,,,PUNGGOL ROAD,15.397
punggol_road,Punggol Road,6708.0,36134.741,42820.753,,,,,,PUNGGOL ROAD,15.808
punggol_road,Punggol Road,6710.0,36135.194,42822.701,,,,,,PUNGGOL ROAD,16.218
punggol_road,Punggol Road,6712.0,36135.648,42824.649,,,,,,PUNGGOL ROAD,16.629
punggol_road,Punggol Road,6714.0,36136.101,42826.597,,,,,,PUNGGOL ROAD,17.039
punggol_road,Punggol Road,6716.0,36136.554,42828.545,,,,,,PUNGGOL ROAD,17.45
punggol_road,Punggol Road,6718.0,36137.008,42830.493,,,,,,PUNGGOL ROAD,17.861
punggol_road,Punggol Road,6720.0,36137.461,42832.44,,,,,,PUNGGOL ROAD,18.271
punggol_road,Punggol Road,6722.0,36137.914,42834.388,,,,,,PUNGGOL ROAD,18.682
punggol_road,Punggol Road,6724.0,36138.368,42836.336,,,,,,PUNGGOL ROAD,19.092
punggol_road,Punggol Road,6726.0,36138.821,42838.284,,,,,,PUNGGOL ROAD,19.503
punggol_road,Punggol Road,6728.0,36139.274,42840.232,,,,,,PUNGGOL ROAD,19.913
punggol_road,Punggol Road,6730.0,36139.728,42842.18,,,,,,PUNGGOL ROAD,20.324
punggol_road,Punggol Road,6732.0,36140.181,42844.128,,,,,,PUNGGOL ROAD,20.735
punggol_road,Punggol Road,6734.0,36140.634,42846.076,,,,,,PUNGGOL ROAD,21.145
punggol_road,Punggol Road,6736.0,36141.375,42847.932,,,,,,PUNGGOL ROAD,21.256
punggol_road,Punggol Road,6738.0,36142.134,42849.783,,,,,,PUNGGOL ROAD,21.348
punggol_road,Punggol Road,6740.0,36142.894,42851.633,,,,,,PUNGGOL ROAD,21.441
punggol_road,Punggol Road,6742.0,36143.653,42853.483,,,,,,PUNGGOL ROAD,21.533
punggol_road,Punggol Road,6744.0,36144.412,42855.334,,,,,,PUNGGOL ROAD,21.625
punggol_road,Punggol Road,6746.0,36145.171,42857.184,,,,,,PUNGGOL ROAD,21.717
punggol_road,Punggol Road,6748.0,36145.93,42859.034,,,,,,PUNGGOL ROAD,21.81
punggol_road,Punggol Road,6750.0,36146.689,42860.885,,,,,,PUNGGOL ROAD,21.902
punggol_road,Punggol Road,6752.0,36147.448,42862.735,,,,,,PUNGGOL ROAD,21.994
punggol_road,Punggol Road,6754.0,36148.207,42864.585,,,,,,PUNGGOL ROAD,22.086
punggol_road,Punggol Road,6756.0,36148.966,42866.436,,,,,,PUNGGOL ROAD,22.179
punggol_road,Punggol Road,6758.0,36149.757,42868.271,,,,,,PUNGGOL ROAD,22.235
punggol_road,Punggol Road,6760.0,36150.687,42870.042,,,,,,PUNGGOL ROAD,22.139
punggol_road,Punggol Road,6762.0,36151.617,42871.812,,,,,,PUNGGOL ROAD,22.043
punggol_road,Punggol Road,6764.0,36152.547,42873.583,,,,,,PUNGGOL ROAD,21.946
punggol_road,Punggol Road,6766.0,36153.477,42875.354,,,,,,PUNGGOL ROAD,21.85
punggol_road,Punggol Road,6768.0,36154.407,42877.124,,,,,,PUNGGOL ROAD,21.753
punggol_road,Punggol Road,6770.0,36155.337,42878.895,,,,,,PUNGGOL ROAD,21.657
punggol_road,Punggol Road,6772.0,36156.106,42880.738,,,,,,PUNGGOL ROAD,21.737
punggol_road,Punggol Road,6774.0,36156.818,42882.607,,,,,,PUNGGOL ROAD,21.88
punggol_road,Punggol Road,6776.0,36157.529,42884.476,,,,,,PUNGGOL ROAD,22.024
punggol_road,Punggol Road,6778.0,36158.241,42886.346,,,,,,PUNGGOL ROAD,22.167
punggol_road,Punggol Road,6780.0,36158.953,42888.215,,,,,,PUNGGOL ROAD,22.31
punggol_road,Punggol Road,6782.0,36159.664,42890.084,,,,,,PUNGGOL ROAD,22.453
punggol_road,Punggol Road,6784.0,36160.376,42891.953,,,,,,PUNGGOL ROAD,22.596
punggol_road,Punggol Road,6786.0,36161.088,42893.822,,,,,,PUNGGOL ROAD,22.739
punggol_road,Punggol Road,6788.0,36161.799,42895.691,,,,,,PUNGGOL ROAD,22.882
punggol_road,Punggol Road,6790.0,36162.511,42897.56,,,,,,PUNGGOL ROAD,23.026
punggol_road,Punggol Road,6792.0,36163.222,42899.429,,,,,,PUNGGOL ROAD,23.169
punggol_road,Punggol Road,6794.0,36164.018,42901.263,,,,,,PUNGGOL ROAD,23.221
punggol_road,Punggol Road,6796.0,36164.872,42903.071,,,,,,PUNGGOL ROAD,23.209
punggol_road,Punggol Road,6798.0,36165.727,42904.879,,,,,,PUNGGOL ROAD,23.197
punggol_road,Punggol Road,6800.0,36166.581,42906.688,,,,,,PUNGGOL ROAD,23.185
punggol_road,Punggol Road,6802.0,36167.435,42908.496,,,,,,PUNGGOL ROAD,23.173
punggol_road,Punggol Road,6804.0,36168.29,42910.304,,,,,,PUNGGOL ROAD,23.161
punggol_road,Punggol Road,6806.0,36169.144,42912.113,,,,,,PUNGGOL ROAD,23.149
punggol_road,Punggol Road,6808.0,36169.999,42913.921,,,,,,PUNGGOL ROAD,23.137
punggol_road,Punggol Road,6810.0,36170.853,42915.729,,,,,,PUNGGOL ROAD,23.125
punggol_road,Punggol Road,6812.0,36171.707,42917.538,,,,,,PUNGGOL ROAD,23.113
punggol_road,Punggol Road,6814.0,36172.562,42919.346,,,,,,PUNGGOL ROAD,23.101
punggol_road,Punggol Road,6816.0,36173.416,42921.154,,,,,,PUNGGOL ROAD,23.089
punggol_road,Punggol Road,6818.0,36174.271,42922.963,,,,,,PUNGGOL ROAD,23.077
punggol_road,Punggol Road,6820.0,36175.009,42924.821,,,,,,PUNGGOL ROAD,23.192
punggol_road,Punggol Road,6822.0,36175.723,42926.688,,,,,,PUNGGOL ROAD,23.332
punggol_road,Punggol Road,6824.0,36176.438,42928.556,,,,,,PUNGGOL ROAD,23.472
punggol_road,Punggol Road,6826.0,36177.153,42930.424,,,,,,PUNGGOL ROAD,23.611
punggol_road,Punggol Road,6828.0,36177.868,42932.292,,,,,,PUNGGOL ROAD,23.751
punggol_road,Punggol Road,6830.0,36178.583,42934.16,,,,,,PUNGGOL ROAD,23.89
punggol_road,Punggol Road,6832.0,36179.399,42935.986,,,,,,PUNGGOL ROAD,23.92
punggol_road,Punggol Road,6834.0,36180.216,42937.811,,,,,,PUNGGOL ROAD,23.95
punggol_road,Punggol Road,6836.0,36181.032,42939.637,,,,,,PUNGGOL ROAD,23.98
punggol_road,Punggol Road,6838.0,36181.853,42941.461,,,,,,PUNGGOL ROAD,24.005
punggol_road,Punggol Road,6840.0,36182.749,42943.249,,,,,,PUNGGOL ROAD,23.946
punggol_road,Punggol Road,6842.0,36183.645,42945.037,,,,,,PUNGGOL ROAD,23.888
punggol_road,Punggol Road,6844.0,36184.541,42946.825,,,,,,PUNGGOL ROAD,23.83
punggol_road,Punggol Road,6846.0,36185.437,42948.613,,,,,,PUNGGOL ROAD,23.772
punggol_road,Punggol Road,6848.0,36186.333,42950.401,,,,,,PUNGGOL ROAD,23.714
punggol_road,Punggol Road,6850.0,36187.229,42952.189,,,,,,PUNGGOL ROAD,23.656
punggol_road,Punggol Road,6852.0,36188.125,42953.977,,,,,,PUNGGOL ROAD,23.598
punggol_road,Punggol Road,6854.0,36189.021,42955.766,,,,,,PUNGGOL ROAD,23.54
punggol_road,Punggol Road,6856.0,36189.917,42957.554,,,,,,PUNGGOL ROAD,23.481
punggol_road,Punggol Road,6858.0,36190.813,42959.342,,,,,,PUNGGOL ROAD,23.423
punggol_road,Punggol Road,6860.0,36191.709,42961.13,,,,,,PUNGGOL ROAD,23.365
punggol_road,Punggol Road,6862.0,36192.605,42962.918,,,,,,PUNGGOL ROAD,23.307
punggol_road,Punggol Road,6864.0,36193.501,42964.706,,,,,,PUNGGOL ROAD,23.249
punggol_road,Punggol Road,6866.0,36194.397,42966.494,,,,,,PUNGGOL ROAD,23.191
punggol_road,Punggol Road,6868.0,36195.292,42968.282,,,,,,PUNGGOL ROAD,23.133
punggol_road,Punggol Road,6870.0,36196.179,42970.075,,,,,,PUNGGOL ROAD,23.085
punggol_road,Punggol Road,6872.0,36197.066,42971.868,,,,,,PUNGGOL ROAD,23.037
punggol_road,Punggol Road,6874.0,36197.952,42973.661,,,,,,PUNGGOL ROAD,22.99
punggol_road,Punggol Road,6876.0,36198.839,42975.453,,,,,,PUNGGOL ROAD,22.942
punggol_road,Punggol Road,6878.0,36199.725,42977.246,,,,,,PUNGGOL ROAD,22.895
punggol_road,Punggol Road,6880.0,36200.588,42979.05,,,,,,PUNGGOL ROAD,22.873
punggol_road,Punggol Road,6882.0,36201.422,42980.868,,,,,,PUNGGOL ROAD,22.883
punggol_road,Punggol Road,6884.0,36202.256,42982.686,,,,,,PUNGGOL ROAD,22.894
punggol_road,Punggol Road,6886.0,36203.09,42984.504,,,,,,PUNGGOL ROAD,22.905
punggol_road,Punggol Road,6888.0,36203.924,42986.322,,,,,,PUNGGOL ROAD,22.916
punggol_road,Punggol Road,6890.0,36204.758,42988.139,,,,,,PUNGGOL ROAD,22.926
punggol_road,Punggol Road,6892.0,36205.591,42989.957,,,,,,PUNGGOL ROAD,22.937
punggol_road,Punggol Road,6894.0,36206.425,42991.775,,,,,,PUNGGOL ROAD,22.948
punggol_road,Punggol Road,6896.0,36207.259,42993.593,,,,,,PUNGGOL ROAD,22.958
punggol_road,Punggol Road,6898.0,36208.093,42995.411,,,,,,PUNGGOL ROAD,22.969
punggol_road,Punggol Road,6900.0,36208.927,42997.229,,,,,,PUNGGOL ROAD,22.98
punggol_road,Punggol Road,6902.0,36209.761,42999.047,,,,,,PUNGGOL ROAD,22.991
punggol_road,Punggol Road,6904.0,36210.594,43000.865,,,,,,PUNGGOL ROAD,23.001
punggol_road,Punggol Road,6906.0,36211.428,43002.682,,,,,,PUNGGOL ROAD,23.012
punggol_road,Punggol Road,6908.0,36212.262,43004.5,,,,,,PUNGGOL ROAD,23.023
punggol_road,Punggol Road,6910.0,36213.096,43006.318,,,,,,PUNGGOL ROAD,23.034
punggol_road,Punggol Road,6912.0,36213.93,43008.136,,,,,,PUNGGOL ROAD,23.044
punggol_road,Punggol Road,6914.0,36214.764,43009.954,,,,,,PUNGGOL ROAD,23.055
punggol_road,Punggol Road,6916.0,36215.598,43011.772,,,,,,PUNGGOL ROAD,23.066
punggol_road,Punggol Road,6918.0,36216.431,43013.59,,,,,,PUNGGOL ROAD,23.076
punggol_road,Punggol Road,6920.0,36217.265,43015.408,,,,,,PUNGGOL ROAD,23.087
punggol_road,Punggol Road,6922.0,36218.099,43017.226,,,,,,PUNGGOL ROAD,23.098
punggol_road,Punggol Road,6924.0,36218.933,43019.043,,,,,,PUNGGOL ROAD,23.109
punggol_road,Punggol Road,6926.0,36219.767,43020.861,,,,,,PUNGGOL ROAD,23.119
punggol_road,Punggol Road,6928.0,36220.601,43022.679,,,,,,PUNGGOL ROAD,23.13
punggol_road,Punggol Road,6930.0,36221.435,43024.497,,,,,,PUNGGOL ROAD,23.141
punggol_road,Punggol Road,6932.0,36222.268,43026.315,,,,,,PUNGGOL ROAD,23.151
punggol_road,Punggol Road,6934.0,36223.102,43028.133,,,,,,PUNGGOL ROAD,23.162
punggol_road,Punggol Road,6936.0,36223.936,43029.951,,,,,,PUNGGOL ROAD,23.173
punggol_road,Punggol Road,6938.0,36224.77,43031.769,,,,,,PUNGGOL ROAD,23.184
punggol_road,Punggol Road,6940.0,36225.613,43033.582,,,,,,PUNGGOL ROAD,23.184
punggol_road,Punggol Road,6942.0,36226.579,43035.333,,,,,,PUNGGOL ROAD,23.047
punggol_road,Punggol Road,6944.0,36227.545,43037.084,,,,,,PUNGGOL ROAD,22.91
punggol_road,Punggol Road,6946.0,36228.511,43038.836,,,,,,PUNGGOL ROAD,22.773
punggol_road,Punggol Road,6948.0,36229.477,43040.587,,,,,,PUNGGOL ROAD,22.635
punggol_road,Punggol Road,6950.0,36230.851,43040.533,,,,,,PUNGGOL ROAD,21.366
punggol_road,Punggol Road,6952.0,36232.477,43039.368,,,,,,PUNGGOL ROAD,19.401
punggol_road,Punggol Road,6954.0,36234.103,43038.203,,,,,,PUNGGOL ROAD,17.435
punggol_road,Punggol Road,6956.0,36235.729,43037.039,,,,,,PUNGGOL ROAD,15.47
punggol_road,Punggol Road,6958.0,36237.355,43035.874,,,,,,PUNGGOL ROAD,13.504
punggol_road,Punggol Road,6960.0,36238.981,43034.71,,,,,,PUNGGOL ROAD,11.539
punggol_road,Punggol Road,6962.0,36240.607,43033.545,,,,,,PUNGGOL ROAD,9.573
punggol_road,Punggol Road,6964.0,36242.233,43032.381,,,,,,PUNGGOL ROAD,7.608
punggol_road,Punggol Road,6966.0,36243.859,43031.216,,,,,,PUNGGOL ROAD,5.642
punggol_road,Punggol Road,6968.0,36245.485,43030.051,,,,,,PUNGGOL ROAD,3.677
punggol_road,Punggol Road,6970.0,36247.111,43028.887,,,,,,PUNGGOL ROAD,1.712
punggol_road,Punggol Road,6972.0,36248.737,43027.722,,,,,,PUNGGOL ROAD,0.254
punggol_road,Punggol Road,6974.0,36250.363,43026.558,,,,,,PUNGGOL ROAD,2.219
punggol_road,Punggol Road,6976.0,36251.989,43025.393,,,,,,PUNGGOL ROAD,4.185
punggol_road,Punggol Road,6978.0,36253.615,43024.228,,,,,,PUNGGOL ROAD,6.15
punggol_road,Punggol Road,6980.0,36255.241,43023.064,,,,,,PUNGGOL ROAD,8.116
punggol_road,Punggol Road,6982.0,36256.867,43021.899,,,,,,PUNGGOL ROAD,10.081
punggol_road,Punggol Road,6984.0,36258.493,43020.735,,,,,,PUNGGOL ROAD,12.047
punggol_road,Punggol Road,6986.0,36260.119,43019.57,,,,,,PUNGGOL ROAD,14.012
punggol_road,Punggol Road,6988.0,36261.745,43018.405,,,,,,PUNGGOL ROAD,15.978
punggol_road,Punggol Road,6990.0,36263.371,43017.241,,,,,,PUNGGOL ROAD,17.943
punggol_road,Punggol Road,6992.0,36264.93,43016.063,,,,,,PUNGGOL ROAD,19.854
punggol_road,Punggol Road,6994.0,36263.873,43014.365,,,,,,PUNGGOL ROAD,19.612
punggol_road,Punggol Road,6996.0,36262.816,43012.667,,,,,,PUNGGOL ROAD,19.369
punggol_road,Punggol Road,6998.0,36261.759,43010.969,,,,,,PUNGGOL ROAD,19.127
punggol_road,Punggol Road,7000.0,36260.702,43009.271,,,,,,PUNGGOL ROAD,18.885
punggol_road,Punggol Road,7002.0,36259.645,43007.574,,,,,,PUNGGOL ROAD,18.643
punggol_road,Punggol Road,7004.0,36258.64,43005.845,,,,,,PUNGGOL ROAD,18.461
punggol_road,Punggol Road,7006.0,36257.661,43004.101,,,,,,PUNGGOL ROAD,18.309
punggol_road,Punggol Road,7008.0,36256.683,43002.357,,,,,,PUNGGOL ROAD,18.157
punggol_road,Punggol Road,7010.0,36255.704,43000.613,,,,,,PUNGGOL ROAD,18.005
punggol_road,Punggol Road,7012.0,36254.728,42998.867,,,,,,PUNGGOL ROAD,17.856
punggol_road,Punggol Road,7014.0,36253.826,42997.082,,,,,,PUNGGOL ROAD,17.792
punggol_road,Punggol Road,7016.0,36252.924,42995.297,,,,,,PUNGGOL ROAD,17.727
punggol_road,Punggol Road,7018.0,36252.023,42993.511,,,,,,PUNGGOL ROAD,17.663
punggol_road,Punggol Road,7020.0,36251.121,42991.726,,,,,,PUNGGOL ROAD,17.598
punggol_road,Punggol Road,7022.0,36250.219,42989.941,,,,,,PUNGGOL ROAD,17.534
punggol_road,Punggol Road,7024.0,36249.318,42988.156,,,,,,PUNGGOL ROAD,17.469
punggol_road,Punggol Road,7026.0,36248.456,42986.351,,,,,,PUNGGOL ROAD,17.449
punggol_road,Punggol Road,7028.0,36247.595,42984.546,,,,,,PUNGGOL ROAD,17.43
punggol_road,Punggol Road,7030.0,36246.734,42982.741,,,,,,PUNGGOL ROAD,17.41
punggol_road,Punggol Road,7032.0,36245.873,42980.936,,,,,,PUNGGOL ROAD,17.391
punggol_road,Punggol Road,7034.0,36245.012,42979.13,,,,,,PUNGGOL ROAD,17.372
punggol_road,Punggol Road,7036.0,36244.15,42977.325,,,,,,PUNGGOL ROAD,17.352
punggol_road,Punggol Road,7038.0,36243.289,42975.52,,,,,,PUNGGOL ROAD,17.333
punggol_road,Punggol Road,7040.0,36242.428,42973.715,,,,,,PUNGGOL ROAD,17.313
punggol_road,Punggol Road,7042.0,36241.567,42971.91,,,,,,PUNGGOL ROAD,17.294
punggol_road,Punggol Road,7044.0,36240.706,42970.105,,,,,,PUNGGOL ROAD,17.275
punggol_road,Punggol Road,7046.0,36239.845,42968.3,,,,,,PUNGGOL ROAD,17.255
punggol_road,Punggol Road,7048.0,36238.984,42966.495,,,,,,PUNGGOL ROAD,17.236
punggol_road,Punggol Road,7050.0,36238.122,42964.69,,,,,,PUNGGOL ROAD,17.216
punggol_road,Punggol Road,7052.0,36237.261,42962.884,,,,,,PUNGGOL ROAD,17.197
punggol_road,Punggol Road,7054.0,36236.4,42961.079,,,,,,PUNGGOL ROAD,17.178
punggol_road,Punggol Road,7056.0,36235.539,42959.274,,,,,,PUNGGOL ROAD,17.158
punggol_road,Punggol Road,7058.0,36234.678,42957.469,,,,,,PUNGGOL ROAD,17.139
punggol_road,Punggol Road,7060.0,36233.817,42955.664,,,,,,PUNGGOL ROAD,17.119
punggol_road,Punggol Road,7062.0,36232.956,42953.859,,,,,,PUNGGOL ROAD,17.1
punggol_road,Punggol Road,7064.0,36232.094,42952.054,,,,,,PUNGGOL ROAD,17.081
punggol_road,Punggol Road,7066.0,36231.233,42950.249,,,,,,PUNGGOL ROAD,17.061
punggol_road,Punggol Road,7068.0,36230.372,42948.444,,,,,,PUNGGOL ROAD,17.042
punggol_road,Punggol Road,7070.0,36229.511,42946.638,,,,,,PUNGGOL ROAD,17.022
punggol_road,Punggol Road,7072.0,36228.65,42944.833,,,,,,PUNGGOL ROAD,17.003
punggol_road,Punggol Road,7074.0,36227.789,42943.028,,,,,,PUNGGOL ROAD,16.983
punggol_road,Punggol Road,7076.0,36226.928,42941.223,,,,,,PUNGGOL ROAD,16.964
punggol_road,Punggol Road,7078.0,36226.066,42939.418,,,,,,PUNGGOL ROAD,16.945
punggol_road,Punggol Road,7080.0,36225.205,42937.613,,,,,,PUNGGOL ROAD,16.925
punggol_road,Punggol Road,7082.0,36224.344,42935.808,,,,,,PUNGGOL ROAD,16.906
punggol_road,Punggol Road,7084.0,36223.449,42934.024,,,,,,PUNGGOL ROAD,16.846
punggol_road,Punggol Road,7086.0,36222.207,42932.456,,,,,,PUNGGOL ROAD,16.382
punggol_road,Punggol Road,7088.0,36220.966,42930.888,,,,,,PUNGGOL ROAD,15.918
punggol_road,Punggol Road,7090.0,36219.725,42929.32,,,,,,PUNGGOL ROAD,15.454
punggol_road,Punggol Road,7092.0,36218.483,42927.752,,,,,,PUNGGOL ROAD,14.99
punggol_road,Punggol Road,7094.0,36217.242,42926.183,,,,,,PUNGGOL ROAD,14.526
punggol_road,Punggol Road,7096.0,36216.0,42924.615,,,,,,PUNGGOL ROAD,14.061
punggol_road,Punggol Road,7098.0,36214.942,42922.924,,,,,,PUNGGOL ROAD,13.815
punggol_road,Punggol Road,7100.0,36213.956,42921.184,,,,,,PUNGGOL ROAD,13.655
punggol_road,Punggol Road,7102.0,36212.969,42919.444,,,,,,PUNGGOL ROAD,13.494
punggol_road,Punggol Road,7104.0,36211.997,42917.697,,,,,,PUNGGOL ROAD,13.35
punggol_road,Punggol Road,7106.0,36211.075,42915.922,,,,,,PUNGGOL ROAD,13.263
punggol_road,Punggol Road,7108.0,36210.154,42914.147,,,,,,PUNGGOL ROAD,13.176
punggol_road,Punggol Road,7110.0,36209.232,42912.372,,,,,,PUNGGOL ROAD,13.088
punggol_road,Punggol Road,7112.0,36208.31,42910.597,,,,,,PUNGGOL ROAD,13.001
punggol_road,Punggol Road,7114.0,36207.388,42908.822,,,,,,PUNGGOL ROAD,12.914
punggol_road,Punggol Road,7116.0,36206.374,42907.1,,,,,,PUNGGOL ROAD,12.721
punggol_road,Punggol Road,7118.0,36205.325,42905.397,,,,,,PUNGGOL ROAD,12.488
punggol_road,Punggol Road,7120.0,36204.276,42903.694,,,,,,PUNGGOL ROAD,12.256
punggol_road,Punggol Road,7122.0,36203.227,42901.991,,,,,,PUNGGOL ROAD,12.023
punggol_road,Punggol Road,7124.0,36202.296,42900.228,,,,,,PUNGGOL ROAD,11.922
punggol_road,Punggol Road,7126.0,36201.538,42898.378,,,,,,PUNGGOL ROAD,12.015
punggol_road,Punggol Road,7128.0,36200.779,42896.527,,,,,,PUNGGOL ROAD,12.108
punggol_road,Punggol Road,7130.0,36200.021,42894.676,,,,,,PUNGGOL ROAD,12.201
punggol_road,Punggol Road,7132.0,36199.263,42892.826,,,,,,PUNGGOL ROAD,12.294
punggol_road,Punggol Road,7134.0,36198.505,42890.975,,,,,,PUNGGOL ROAD,12.387
punggol_road,Punggol Road,7136.0,36197.746,42889.124,,,,,,PUNGGOL ROAD,12.48
punggol_road,Punggol Road,7138.0,36196.966,42887.283,,,,,,PUNGGOL ROAD,12.549
punggol_road,Punggol Road,7140.0,36196.107,42885.477,,,,,,PUNGGOL ROAD,12.532
punggol_road,Punggol Road,7142.0,36195.248,42883.671,,,,,,PUNGGOL ROAD,12.515
punggol_road,Punggol Road,7144.0,36194.388,42881.865,,,,,,PUNGGOL ROAD,12.498
punggol_road,Punggol Road,7146.0,36193.547,42880.052,,,,,,PUNGGOL ROAD,12.499
punggol_road,Punggol Road,7148.0,36192.927,42878.151,,,,,,PUNGGOL ROAD,12.739
punggol_road,Punggol Road,7150.0,36192.306,42876.249,,,,,,PUNGGOL ROAD,12.979
punggol_road,Punggol Road,7152.0,36191.686,42874.348,,,,,,PUNGGOL ROAD,13.219
punggol_road,Punggol Road,7154.0,36191.066,42872.446,,,,,,PUNGGOL ROAD,13.458
punggol_road,Punggol Road,7156.0,36190.446,42870.545,,,,,,PUNGGOL ROAD,13.698
punggol_road,Punggol Road,7158.0,36189.826,42868.643,,,,,,PUNGGOL ROAD,13.938
punggol_road,Punggol Road,7160.0,36189.206,42866.742,,,,,,PUNGGOL ROAD,14.177
punggol_road,Punggol Road,7162.0,36188.586,42864.841,,,,,,PUNGGOL ROAD,14.417
punggol_road,Punggol Road,7164.0,36187.966,42862.939,,,,,,PUNGGOL ROAD,14.657
punggol_road,Punggol Road,7166.0,36187.345,42861.038,,,,,,PUNGGOL ROAD,14.897
punggol_road,Punggol Road,7168.0,36186.725,42859.136,,,,,,PUNGGOL ROAD,15.136
punggol_road,Punggol Road,7170.0,36186.105,42857.235,,,,,,PUNGGOL ROAD,15.376
punggol_road,Punggol Road,7172.0,36185.487,42855.333,,,,,,PUNGGOL ROAD,15.618
punggol_road,Punggol Road,7174.0,36184.887,42853.425,,,,,,PUNGGOL ROAD,15.879
punggol_road,Punggol Road,7176.0,36184.288,42851.517,,,,,,PUNGGOL ROAD,16.14
punggol_road,Punggol Road,7178.0,36183.688,42849.609,,,,,,PUNGGOL ROAD,16.401
punggol_road,Punggol Road,7180.0,36183.088,42847.701,,,,,,PUNGGOL ROAD,16.662
punggol_road,Punggol Road,7182.0,36182.458,42845.804,,,,,,PUNGGOL ROAD,16.89
punggol_road,Punggol Road,7184.0,36181.661,42843.97,,,,,,PUNGGOL ROAD,16.942
punggol_road,Punggol Road,7186.0,36180.865,42842.135,,,,,,PUNGGOL ROAD,16.994
punggol_road,Punggol Road,7188.0,36180.068,42840.301,,,,,,PUNGGOL ROAD,17.045
punggol_road,Punggol Road,7190.0,36179.272,42838.466,,,,,,PUNGGOL ROAD,17.097
punggol_road,Punggol Road,7192.0,36178.475,42836.632,,,,,,PUNGGOL ROAD,17.149
punggol_road,Punggol Road,7194.0,36177.679,42834.797,,,,,,PUNGGOL ROAD,17.2
punggol_road,Punggol Road,7196.0,36176.887,42832.961,,,,,,PUNGGOL ROAD,17.256
punggol_road,Punggol Road,7198.0,36176.153,42831.1,,,,,,PUNGGOL ROAD,17.376
punggol_road,Punggol Road,7200.0,36175.419,42829.24,,,,,,PUNGGOL ROAD,17.495
punggol_road,Punggol Road,7202.0,36174.685,42827.379,,,,,,PUNGGOL ROAD,17.614
punggol_road,Punggol Road,7204.0,36173.951,42825.519,,,,,,PUNGGOL ROAD,17.734
punggol_road,Punggol Road,7206.0,36173.217,42823.658,,,,,,PUNGGOL ROAD,17.853
punggol_road,Punggol Road,7208.0,36172.483,42821.798,,,,,,PUNGGOL ROAD,17.972
punggol_road,Punggol Road,7210.0,36171.749,42819.937,,,,,,PUNGGOL ROAD,18.092
punggol_road,Punggol Road,7212.0,36171.016,42818.077,,,,,,PUNGGOL ROAD,18.211
punggol_road,Punggol Road,7214.0,36170.282,42816.216,,,,,,PUNGGOL ROAD,18.33
punggol_road,Punggol Road,7216.0,36169.548,42814.356,,,,,,PUNGGOL ROAD,18.45
punggol_road,Punggol Road,7218.0,36168.814,42812.495,,,,,,PUNGGOL ROAD,18.569
punggol_road,Punggol Road,7220.0,36168.08,42810.635,,,,,,PUNGGOL ROAD,18.688
punggol_road,Punggol Road,7222.0,36167.346,42808.774,,,,,,PUNGGOL ROAD,18.808
punggol_road,Punggol Road,7224.0,36166.612,42806.914,,,,,,PUNGGOL ROAD,18.927
punggol_road,Punggol Road,7226.0,36165.878,42805.053,,,,,,PUNGGOL ROAD,19.046
punggol_road,Punggol Road,7228.0,36165.145,42803.193,,,,,,PUNGGOL ROAD,19.166
punggol_road,Punggol Road,7230.0,36164.411,42801.332,,,,,,PUNGGOL ROAD,19.285
punggol_road,Punggol Road,7232.0,36163.677,42799.472,,,,,,PUNGGOL ROAD,19.404
punggol_road,Punggol Road,7234.0,36162.943,42797.611,,,,,,PUNGGOL ROAD,19.524
punggol_road,Punggol Road,7236.0,36162.209,42795.751,,,,,,PUNGGOL ROAD,19.643
punggol_road,Punggol Road,7238.0,36161.475,42793.89,,,,,,PUNGGOL ROAD,19.762
punggol_road,Punggol Road,7240.0,36160.741,42792.03,,,,,,PUNGGOL ROAD,19.882
punggol_road,Punggol Road,7242.0,36160.007,42790.169,,,,,,PUNGGOL ROAD,20.001
punggol_road,Punggol Road,7244.0,36159.274,42788.309,,,,,,PUNGGOL ROAD,20.12
punggol_road,Punggol Road,7246.0,36158.54,42786.449,,,,,,PUNGGOL ROAD,20.24
punggol_road,Punggol Road,7248.0,36157.806,42784.588,,,,,,PUNGGOL ROAD,20.359
punggol_road,Punggol Road,7250.0,36157.072,42782.728,,,,,,PUNGGOL ROAD,20.478
punggol_road,Punggol Road,7252.0,36156.338,42780.867,,,,,,PUNGGOL ROAD,20.598
punggol_road,Punggol Road,7254.0,36155.604,42779.007,,,,,,PUNGGOL ROAD,20.717
punggol_road,Punggol Road,7256.0,36154.87,42777.146,,,,,,PUNGGOL ROAD,20.836
punggol_road,Punggol Road,7258.0,36154.136,42775.286,,,,,,PUNGGOL ROAD,20.956
punggol_road,Punggol Road,7260.0,36153.403,42773.425,,,,,,PUNGGOL ROAD,21.075
punggol_road,Punggol Road,7262.0,36152.669,42771.565,,,,,,PUNGGOL ROAD,21.195
punggol_road,Punggol Road,7264.0,36151.935,42769.704,,,,,,PUNGGOL ROAD,21.314
punggol_road,Punggol Road,7266.0,36151.201,42767.844,,,,,,PUNGGOL ROAD,21.433
punggol_road,Punggol Road,7268.0,36150.467,42765.983,,,,,,PUNGGOL ROAD,21.553
punggol_road,Punggol Road,7270.0,36149.733,42764.123,,,,,,PUNGGOL ROAD,21.672
punggol_road,Punggol Road,7272.0,36148.999,42762.262,,,,,,PUNGGOL ROAD,21.791
punggol_road,Punggol Road,7274.0,36148.265,42760.402,,,,,,PUNGGOL ROAD,21.911
punggol_road,Punggol Road,7276.0,36147.532,42758.541,,,,,,PUNGGOL ROAD,22.03
punggol_road,Punggol Road,7326.0,36129.185,42712.029,,,,,,PUNGGOL ROAD,23.516
punggol_road,Punggol Road,7328.0,36128.451,42710.168,,,,,,PUNGGOL ROAD,23.557
punggol_road,Punggol Road,7330.0,36127.717,42708.308,,,,,,PUNGGOL ROAD,23.598
punggol_road,Punggol Road,7332.0,36126.983,42706.447,,,,,,PUNGGOL ROAD,23.64
punggol_road,Punggol Road,7334.0,36126.249,42704.587,,,,,,PUNGGOL ROAD,23.681
punggol_road,Punggol Road,7336.0,36125.515,42702.726,,,,,,PUNGGOL ROAD,23.722
punggol_road,Punggol Road,7338.0,36124.781,42700.866,,,,,,PUNGGOL ROAD,23.763
punggol_road,Punggol Road,7340.0,36124.048,42699.005,,,,,,PUNGGOL ROAD,23.804
punggol_road,Punggol Road,7342.0,36123.314,42697.145,,,,,,PUNGGOL ROAD,23.845
punggol_road,Punggol Road,7344.0,36122.456,42695.362,,,,,,PUNGGOL ROAD,23.742
punggol_road,Punggol Road,7346.0,36121.106,42693.886,,,,,,PUNGGOL ROAD,23.066
punggol_road,Punggol Road,7348.0,36119.757,42692.41,,,,,,PUNGGOL ROAD,22.391
punggol_road,Punggol Road,7350.0,36118.407,42690.934,,,,,,PUNGGOL ROAD,21.715
punggol_road,Punggol Road,7352.0,36117.057,42689.459,,,,,,PUNGGOL ROAD,21.039
punggol_road,Punggol Road,7354.0,36115.738,42687.957,,,,,,PUNGGOL ROAD,20.402
punggol_road,Punggol Road,7356.0,36114.547,42686.351,,,,,,PUNGGOL ROAD,19.923
punggol_road,Punggol Road,7358.0,36113.356,42684.744,,,,,,PUNGGOL ROAD,19.444
punggol_road,Punggol Road,7360.0,36112.165,42683.137,,,,,,PUNGGOL ROAD,18.966
punggol_road,Punggol Road,7362.0,36110.973,42681.531,,,,,,PUNGGOL ROAD,18.487
punggol_road,Punggol Road,7364.0,36109.782,42679.924,,,,,,PUNGGOL ROAD,18.008
punggol_road,Punggol Road,7366.0,36108.71,42678.242,,,,,,PUNGGOL ROAD,17.669
punggol_road,Punggol Road,7368.0,36107.756,42676.484,,,,,,PUNGGOL ROAD,17.467
punggol_road,Punggol Road,7370.0,36106.802,42674.726,,,,,,PUNGGOL ROAD,17.265
punggol_road,Punggol Road,7372.0,36105.848,42672.969,,,,,,PUNGGOL ROAD,17.063
punggol_road,Punggol Road,7374.0,36104.893,42671.211,,,,,,PUNGGOL ROAD,16.861
punggol_road,Punggol Road,7376.0,36104.122,42669.367,,,,,,PUNGGOL ROAD,16.861
punggol_road,Punggol Road,7378.0,36103.37,42667.513,,,,,,PUNGGOL ROAD,16.883
punggol_road,Punggol Road,7380.0,36102.619,42665.66,,,,,,PUNGGOL ROAD,16.905
punggol_road,Punggol Road,7382.0,36101.867,42663.807,,,,,,PUNGGOL ROAD,16.927
punggol_road,Punggol Road,7384.0,36101.328,42661.901,,,,,,PUNGGOL ROAD,17.165
punggol_road,Punggol Road,7386.0,36101.137,42659.91,,,,,,PUNGGOL ROAD,17.757
punggol_road,Punggol Road,7388.0,36100.946,42657.919,,,,,,PUNGGOL ROAD,18.349
punggol_road,Punggol Road,7390.0,36100.754,42655.929,,,,,,PUNGGOL ROAD,18.94
punggol_road,Punggol Road,7392.0,36100.563,42653.938,,,,,,PUNGGOL ROAD,19.532
punggol_road,Punggol Road,7394.0,36100.371,42651.947,,,,,,PUNGGOL ROAD,20.124
punggol_road,Punggol Road,7396.0,36100.048,42649.973,,,,,,PUNGGOL ROAD,20.587
punggol_road,Punggol Road,7398.0,36099.718,42648.001,,,,,,PUNGGOL ROAD,21.044
punggol_road,Punggol Road,7400.0,36099.388,42646.028,,,,,,PUNGGOL ROAD,21.501
punggol_road,Punggol Road,7402.0,36099.059,42644.056,,,,,,PUNGGOL ROAD,21.958
punggol_road,Punggol Road,7404.0,36098.729,42642.083,,,,,,PUNGGOL ROAD,22.416
punggol_road,Punggol Road,7406.0,36098.185,42640.162,,,,,,PUNGGOL ROAD,22.655
punggol_road,Punggol Road,7408.0,36097.578,42638.257,,,,,,PUNGGOL ROAD,22.83
punggol_road,Punggol Road,7410.0,36096.97,42636.351,,,,,,PUNGGOL ROAD,23.005
punggol_road,Punggol Road,7412.0,36096.362,42634.446,,,,,,PUNGGOL ROAD,23.18
punggol_road,Punggol Road,7414.0,36095.684,42632.566,,,,,,PUNGGOL ROAD,23.279
punggol_road,Punggol Road,7416.0,36094.901,42630.726,,,,,,PUNGGOL ROAD,23.267
punggol_road,Punggol Road,7418.0,36094.118,42628.886,,,,,,PUNGGOL ROAD,23.255
punggol_road,Punggol Road,7420.0,36093.335,42627.045,,,,,,PUNGGOL ROAD,23.243
punggol_road,Punggol Road,7422.0,36092.552,42625.205,,,,,,PUNGGOL ROAD,23.231
punggol_road,Punggol Road,7424.0,36091.769,42623.365,,,,,,PUNGGOL ROAD,23.219
punggol_road,Punggol Road,7426.0,36090.944,42621.543,,,,,,PUNGGOL ROAD,23.161
punggol_road,Punggol Road,7428.0,36090.106,42619.727,,,,,,PUNGGOL ROAD,23.089
punggol_road,Punggol Road,7430.0,36089.269,42617.91,,,,,,PUNGGOL ROAD,23.018
punggol_road,Punggol Road,7432.0,36088.431,42616.094,,,,,,PUNGGOL ROAD,22.946
punggol_road,Punggol Road,7434.0,36087.594,42614.278,,,,,,PUNGGOL ROAD,22.874
punggol_road,Punggol Road,7436.0,36086.752,42612.464,,,,,,PUNGGOL ROAD,22.798
punggol_road,Punggol Road,7438.0,36085.894,42610.658,,,,,,PUNGGOL ROAD,22.703
punggol_road,Punggol Road,7440.0,36085.035,42608.851,,,,,,PUNGGOL ROAD,22.609
punggol_road,Punggol Road,7442.0,36084.177,42607.044,,,,,,PUNGGOL ROAD,22.514
punggol_road,Punggol Road,7444.0,36083.319,42605.238,,,,,,PUNGGOL ROAD,22.42
punggol_road,Punggol Road,7446.0,36082.461,42603.431,,,,,,PUNGGOL ROAD,22.326
punggol_road,Punggol Road,7448.0,36081.627,42601.614,,,,,,PUNGGOL ROAD,22.258
punggol_road,Punggol Road,7450.0,36080.814,42599.786,,,,,,PUNGGOL ROAD,22.213
punggol_road,Punggol Road,7452.0,36080.001,42597.959,,,,,,PUNGGOL ROAD,22.168
punggol_road,Punggol Road,7454.0,36079.19,42596.131,,,,,,PUNGGOL ROAD,22.125
punggol_road,Punggol Road,7456.0,36078.58,42594.226,,,,,,PUNGGOL ROAD,22.298
punggol_road,Punggol Road,7458.0,36077.97,42592.322,,,,,,PUNGGOL ROAD,22.47
punggol_road,Punggol Road,7460.0,36077.36,42590.417,,,,,,PUNGGOL ROAD,22.643
punggol_road,Punggol Road,7462.0,36076.75,42588.512,,,,,,PUNGGOL ROAD,22.815
punggol_road,Punggol Road,7464.0,36076.138,42586.608,,,,,,PUNGGOL ROAD,22.985
punggol_road,Punggol Road,7466.0,36075.512,42584.709,,,,,,PUNGGOL ROAD,23.141
punggol_road,Punggol Road,7468.0,36074.886,42582.809,,,,,,PUNGGOL ROAD,23.297
punggol_road,Punggol Road,7470.0,36074.261,42580.909,,,,,,PUNGGOL ROAD,23.452
punggol_road,Punggol Road,7472.0,36073.635,42579.01,,,,,,PUNGGOL ROAD,23.608
punggol_road,Punggol Road,7474.0,36073.009,42577.11,,,,,,PUNGGOL ROAD,23.764
punggol_road,Punggol Road,7476.0,36072.236,42575.267,,,,,,PUNGGOL ROAD,23.762
punggol_road,Punggol Road,7478.0,36071.429,42573.437,,,,,,PUNGGOL ROAD,23.724
punggol_road,Punggol Road,7480.0,36070.622,42571.607,,,,,,PUNGGOL ROAD,23.686
punggol_road,Punggol Road,7482.0,36069.816,42569.777,,,,,,PUNGGOL ROAD,23.648
punggol_road,Punggol Road,7484.0,36069.009,42567.947,,,,,,PUNGGOL ROAD,23.61
punggol_road,Punggol Road,7486.0,36068.247,42566.098,,,,,,PUNGGOL ROAD,23.621
punggol_road,Punggol Road,7488.0,36067.493,42564.246,,,,,,PUNGGOL ROAD,23.64
punggol_road,Punggol Road,7490.0,36066.738,42562.393,,,,,,PUNGGOL ROAD,23.659
punggol_road,Punggol Road,7492.0,36065.984,42560.541,,,,,,PUNGGOL ROAD,23.679
punggol_road,Punggol Road,7494.0,36065.23,42558.689,,,,,,PUNGGOL ROAD,23.698
punggol_road,Punggol Road,7496.0,36064.467,42556.84,,,,,,PUNGGOL ROAD,23.707
punggol_road,Punggol Road,7498.0,36063.69,42554.997,,,,,,PUNGGOL ROAD,23.702
punggol_road,Punggol Road,7500.0,36062.914,42553.154,,,,,,PUNGGOL ROAD,23.697
punggol_road,Punggol Road,7502.0,36062.138,42551.31,,,,,,PUNGGOL ROAD,23.693
punggol_road,Punggol Road,7504.0,36061.362,42549.467,,,,,,PUNGGOL ROAD,23.688
punggol_road,Punggol Road,7506.0,36060.585,42547.624,,,,,,PUNGGOL ROAD,23.683
punggol_road,Punggol Road,7508.0,36059.809,42545.781,,,,,,PUNGGOL ROAD,23.679
punggol_road,Punggol Road,7510.0,36059.033,42543.938,,,,,,PUNGGOL ROAD,23.674
punggol_road,Punggol Road,7512.0,36058.257,42542.094,,,,,,PUNGGOL ROAD,23.669
punggol_road,Punggol Road,7514.0,36057.481,42540.251,,,,,,PUNGGOL ROAD,23.664
punggol_road,Punggol Road,7516.0,36056.704,42538.408,,,,,,PUNGGOL ROAD,23.66
punggol_road,Punggol Road,7518.0,36055.928,42536.565,,,,,,PUNGGOL ROAD,23.655
punggol_road,Punggol Road,7520.0,36055.166,42534.716,,,,,,PUNGGOL ROAD,23.665
punggol_road,Punggol Road,7522.0,36054.434,42532.855,,,,,,PUNGGOL ROAD,23.708
punggol_road,Punggol Road,7524.0,36053.702,42530.993,,,,,,PUNGGOL ROAD,23.752
punggol_road,Punggol Road,7526.0,36052.97,42529.132,,,,,,PUNGGOL ROAD,23.795
punggol_road,Punggol Road,7528.0,36052.238,42527.271,,,,,,PUNGGOL ROAD,23.838
punggol_road,Punggol Road,7530.0,36051.506,42525.409,,,,,,PUNGGOL ROAD,23.881
punggol_road,Punggol Road,7532.0,36050.788,42523.543,,,,,,PUNGGOL ROAD,23.938
punggol_road,Punggol Road,7534.0,36050.097,42521.666,,,,,,PUNGGOL ROAD,24.026
punggol_road,Punggol Road,7536.0,36049.406,42519.789,,,,,,PUNGGOL ROAD,24.113
punggol_road,Punggol Road,7538.0,36048.715,42517.912,,,,,,PUNGGOL ROAD,24.2
punggol_road,Punggol Road,7540.0,36047.986,42516.052,,,25.536,,,PUNGGOL ROAD,24.245
punggol_road,Punggol Road,7542.0,36047.1,42514.259,,,25.551,,,PUNGGOL ROAD,24.12
punggol_road,Punggol Road,7544.0,36046.214,42512.466,,,25.565,0.909,1.0,PUNGGOL ROAD,23.994
punggol_road,Punggol Road,7546.0,36045.328,42510.673,,25.58,25.58,1.091,1.0,PUNGGOL ROAD,23.869
punggol_road,Punggol Road,7548.0,36044.442,42508.88,,25.609,25.609,1.273,1.0,PUNGGOL ROAD,23.744
punggol_road,Punggol Road,7550.0,36043.556,42507.087,,25.638,25.638,1.454,1.0,PUNGGOL ROAD,23.619
punggol_road,Punggol Road,7552.0,36042.67,42505.294,,25.667,25.667,1.454,1.0,PUNGGOL ROAD,23.493
punggol_road,Punggol Road,7554.0,36041.784,42503.501,,25.696,25.696,1.454,1.0,PUNGGOL ROAD,23.368
punggol_road,Punggol Road,7556.0,36040.898,42501.707,,25.725,25.725,1.454,1.0,PUNGGOL ROAD,23.243
punggol_road,Punggol Road,7558.0,36040.012,42499.914,,25.754,25.754,1.454,1.0,PUNGGOL ROAD,23.117
punggol_road,Punggol Road,7560.0,36039.127,42498.121,,25.784,25.784,1.454,1.0,PUNGGOL ROAD,22.992
punggol_road,Punggol Road,7562.0,36038.241,42496.328,,25.813,25.813,1.454,1.0,PUNGGOL ROAD,22.867
punggol_road,Punggol Road,7564.0,36037.355,42494.535,,25.842,25.842,1.454,1.0,PUNGGOL ROAD,22.742
punggol_road,Punggol Road,7566.0,36036.469,42492.742,,25.871,25.871,1.454,1.0,PUNGGOL ROAD,22.616
punggol_road,Punggol Road,7568.0,36035.583,42490.949,,25.9,25.9,1.454,1.0,PUNGGOL ROAD,22.491
punggol_road,Punggol Road,7570.0,36034.697,42489.156,,25.929,25.929,1.454,1.0,PUNGGOL ROAD,22.366
punggol_road,Punggol Road,7572.0,36033.811,42487.363,,25.958,25.958,1.454,1.0,PUNGGOL ROAD,22.241
punggol_road,Punggol Road,7574.0,36032.925,42485.57,,25.987,25.987,1.454,1.0,PUNGGOL ROAD,22.115
punggol_road,Punggol Road,7576.0,36032.039,42483.777,,26.016,26.016,1.454,1.0,PUNGGOL ROAD,21.99
punggol_road,Punggol Road,7578.0,36031.153,42481.984,,26.045,26.045,1.454,1.0,PUNGGOL ROAD,21.865
punggol_road,Punggol Road,7580.0,36030.267,42480.191,,26.074,26.074,1.091,1.0,PUNGGOL ROAD,21.739
punggol_road,Punggol Road,7582.0,36029.381,42478.398,,26.104,26.104,0.727,1.0,PUNGGOL ROAD,21.614
punggol_road,Punggol Road,7584.0,36028.495,42476.604,,26.133,26.104,,,PUNGGOL ROAD,21.489
punggol_road,Punggol Road,7586.0,36027.609,42474.811,,26.162,26.104,,,PUNGGOL ROAD,21.364
punggol_road,Punggol Road,7588.0,36026.723,42473.018,,25.863,25.863,,,PUNGGOL ROAD,21.238
punggol_road,Punggol Road,7590.0,36025.837,42471.225,,25.564,25.564,,,PUNGGOL ROAD,21.113
punggol_road,Punggol Road,7592.0,36024.952,42469.432,26.249,24.879,24.879,,,PUNGGOL ROAD,20.988
punggol_road,Punggol Road,7594.0,36024.066,42467.639,25.312,24.194,24.194,,,PUNGGOL ROAD,20.863
punggol_road,Punggol Road,7596.0,36023.18,42465.846,25.252,23.508,23.508,,,PUNGGOL ROAD,20.737
punggol_road,Punggol Road,7598.0,36022.294,42464.053,20.508,22.823,22.823,,,PUNGGOL ROAD,20.612
punggol_road,Punggol Road,7600.0,36021.408,42462.26,20.538,22.057,22.057,,,PUNGGOL ROAD,20.487
punggol_road,Punggol Road,7602.0,36020.522,42460.467,20.273,21.292,21.292,,,PUNGGOL ROAD,20.361
punggol_road,Punggol Road,7604.0,36019.636,42458.674,14.182,20.526,20.526,,,PUNGGOL ROAD,20.236
punggol_road,Punggol Road,7606.0,36018.75,42456.881,12.832,19.732,19.732,,,PUNGGOL ROAD,20.111
punggol_road,Punggol Road,7608.0,36017.864,42455.088,13.008,18.937,18.937,,,PUNGGOL ROAD,19.986
punggol_road,Punggol Road,7610.0,36016.978,42453.294,9.503,18.142,18.142,,,PUNGGOL ROAD,19.86
punggol_road,Punggol Road,7612.0,36016.092,42451.501,8.624,17.348,17.348,,,PUNGGOL ROAD,19.735
punggol_road,Punggol Road,7614.0,36015.206,42449.708,9.068,16.553,16.553,,,PUNGGOL ROAD,19.61
punggol_road,Punggol Road,7616.0,36014.32,42447.915,11.216,15.758,15.758,,,PUNGGOL ROAD,19.485
punggol_road,Punggol Road,7618.0,36013.434,42446.122,12.604,14.934,14.934,,,PUNGGOL ROAD,19.359
punggol_road,Punggol Road,7620.0,36012.548,42444.329,10.066,14.11,14.11,,,PUNGGOL ROAD,19.234
punggol_road,Punggol Road,7622.0,36011.662,42442.536,9.796,13.287,13.287,,,PUNGGOL ROAD,19.109
punggol_road,Punggol Road,7624.0,36010.777,42440.743,9.358,12.463,12.463,,,PUNGGOL ROAD,18.983
punggol_road,Punggol Road,7626.0,36009.891,42438.95,8.166,11.639,11.639,,,PUNGGOL ROAD,18.858
punggol_road,Punggol Road,7628.0,36009.005,42437.157,8.18,10.815,10.815,,,PUNGGOL ROAD,18.733
punggol_road,Punggol Road,7630.0,36008.119,42435.364,8.198,9.991,9.991,,,PUNGGOL ROAD,18.608
punggol_road,Punggol Road,7632.0,36007.233,42433.571,9.167,9.167,9.169,,,PUNGGOL ROAD,18.482
punggol_road,Punggol Road,7670.0,35990.4,42399.502,9.092,9.092,9.169,,,PUNGGOL ROAD,17.271
punggol_road,Punggol Road,7672.0,35989.514,42397.709,9.725,9.169,9.169,,,PUNGGOL ROAD,17.252
punggol_road,Punggol Road,7674.0,35988.628,42395.916,9.656,9.394,9.394,,,PUNGGOL ROAD,17.232
punggol_road,Punggol Road,7676.0,35987.742,42394.123,9.324,9.618,9.618,,,PUNGGOL ROAD,17.212
punggol_road,Punggol Road,7678.0,35986.856,42392.33,9.384,9.883,9.883,,,PUNGGOL ROAD,17.193
punggol_road,Punggol Road,7680.0,35985.97,42390.537,10.409,10.148,10.148,,,PUNGGOL ROAD,17.173
punggol_road,Punggol Road,7682.0,35985.084,42388.744,9.119,10.413,10.413,,,PUNGGOL ROAD,17.153
punggol_road,Punggol Road,7684.0,35984.198,42386.951,13.415,10.678,10.565,,,PUNGGOL ROAD,17.134
punggol_road,Punggol Road,7686.0,35983.312,42385.158,13.065,10.621,10.565,,,PUNGGOL ROAD,17.114
punggol_road,Punggol Road,7688.0,35982.426,42383.365,13.143,10.565,10.565,,,PUNGGOL ROAD,17.095
punggol_road,Punggol Road,7690.0,35981.541,42381.572,16.32,10.508,10.508,,,PUNGGOL ROAD,17.075
punggol_road,Punggol Road,7692.0,35980.655,42379.778,9.994,10.452,10.452,,,PUNGGOL ROAD,17.055
punggol_road,Punggol Road,7694.0,35979.769,42377.985,14.596,10.395,10.395,,,PUNGGOL ROAD,17.036
punggol_road,Punggol Road,7696.0,35978.883,42376.192,17.186,10.339,10.339,,,PUNGGOL ROAD,17.016
punggol_road,Punggol Road,7698.0,35977.997,42374.399,14.803,10.282,10.282,,,PUNGGOL ROAD,16.996
punggol_road,Punggol Road,7700.0,35977.111,42372.606,13.211,10.226,10.226,,,PUNGGOL ROAD,16.977
punggol_road,Punggol Road,7702.0,35976.225,42370.813,10.778,10.169,10.169,,,PUNGGOL ROAD,16.957
punggol_road,Punggol Road,7704.0,35975.339,42369.02,11.163,10.113,10.113,,,PUNGGOL ROAD,16.937
punggol_road,Punggol Road,7706.0,35974.453,42367.227,11.32,10.056,10.056,,,PUNGGOL ROAD,16.918
punggol_road,Punggol Road,7708.0,35973.567,42365.434,11.242,10.0,10.0,,,PUNGGOL ROAD,16.898
punggol_road,Punggol Road,7710.0,35972.681,42363.641,9.94,9.943,10.0,,,PUNGGOL ROAD,16.879
punggol_road,Punggol Road,7712.0,35971.795,42361.848,9.887,9.887,10.0,,,PUNGGOL ROAD,16.859
punggol_road,Punggol Road,7714.0,35970.909,42360.055,9.804,10.084,10.084,,,PUNGGOL ROAD,16.839
punggol_road,Punggol Road,7716.0,35970.023,42358.262,10.281,10.281,10.281,,,PUNGGOL ROAD,16.82
punggol_road,Punggol Road,7718.0,35969.137,42356.469,10.343,10.343,10.343,,,PUNGGOL ROAD,16.8
punggol_road,Punggol Road,7720.0,35968.251,42354.675,11.684,10.558,10.558,,,PUNGGOL ROAD,16.78
punggol_road,Punggol Road,7722.0,35967.365,42352.882,10.141,10.772,10.772,,,PUNGGOL ROAD,16.761
punggol_road,Punggol Road,7724.0,35966.48,42351.089,10.137,10.987,10.869,,,PUNGGOL ROAD,16.741
punggol_road,Punggol Road,7726.0,35965.594,42349.296,10.227,10.928,10.869,,,PUNGGOL ROAD,16.721
punggol_road,Punggol Road,7728.0,35964.708,42347.503,15.103,10.869,10.869,,,PUNGGOL ROAD,16.702
punggol_road,Punggol Road,7730.0,35963.822,42345.71,14.388,10.81,10.81,,,PUNGGOL ROAD,16.682
punggol_road,Punggol Road,7732.0,35962.936,42343.917,10.226,10.751,10.751,,,PUNGGOL ROAD,16.663
punggol_road,Punggol Road,7734.0,35962.05,42342.124,14.576,10.692,10.692,,,PUNGGOL ROAD,16.643
punggol_road,Punggol Road,7736.0,35961.164,42340.331,12.178,10.633,10.633,,,PUNGGOL ROAD,16.623
punggol_road,Punggol Road,7738.0,35960.278,42338.538,16.454,10.573,10.573,,,PUNGGOL ROAD,16.604
punggol_road,Punggol Road,7740.0,35959.217,42336.845,18.156,10.514,10.514,,,PUNGGOL ROAD,16.382
punggol_road,Punggol Road,7742.0,35958.114,42335.177,20.083,10.455,10.455,,,PUNGGOL ROAD,16.113
punggol_road,Punggol Road,7744.0,35957.011,42333.508,10.473,10.396,10.396,,,PUNGGOL ROAD,15.844
punggol_road,Punggol Road,7746.0,35955.909,42331.84,16.023,10.337,10.337,,,PUNGGOL ROAD,15.575
punggol_road,Punggol Road,7748.0,35954.806,42330.171,15.989,10.278,10.278,,,PUNGGOL ROAD,15.306
punggol_road,Punggol Road,7750.0,35953.703,42328.503,10.131,10.219,10.219,,,PUNGGOL ROAD,15.037
punggol_road,Punggol Road,7752.0,35952.6,42326.834,10.16,10.16,10.219,,,PUNGGOL ROAD,14.768
punggol_road,Punggol Road,7754.0,35951.497,42325.166,10.19,10.19,10.219,,,PUNGGOL ROAD,14.499
punggol_road,Punggol Road,7756.0,35950.395,42323.497,10.228,10.228,10.228,1.065,1.0,PUNGGOL ROAD,14.23
punggol_road,Punggol Road,7758.0,35949.292,42321.829,10.271,10.271,10.271,1.465,1.0,PUNGGOL ROAD,13.961
punggol_road,Punggol Road,7760.0,35948.189,42320.16,10.304,10.304,10.304,1.719,1.0,PUNGGOL ROAD,13.692
punggol_road,Punggol Road,7762.0,35947.086,42318.492,10.336,10.336,10.336,1.556,1.0,PUNGGOL ROAD,13.423
punggol_road,Punggol Road,7764.0,35945.984,42316.823,10.366,10.366,10.366,1.756,1.0,PUNGGOL ROAD,13.154
punggol_road,Punggol Road,7766.0,35944.881,42315.155,10.396,10.396,10.396,1.781,1.0,PUNGGOL ROAD,12.885
punggol_road,Punggol Road,7768.0,35943.778,42313.486,10.485,10.485,10.445,1.491,1.0,PUNGGOL ROAD,12.616
punggol_road,Punggol Road,7770.0,35943.626,42311.517,10.445,10.445,10.479,1.484,1.0,PUNGGOL ROAD,13.334
punggol_road,Punggol Road,7772.0,35943.569,42309.518,10.479,10.479,10.485,1.228,1.0,PUNGGOL ROAD,14.151
punggol_road,Punggol Road,7774.0,35943.512,42307.519,10.515,10.515,10.515,3.362,1.0,PUNGGOL ROAD,14.967
punggol_road,Punggol Road,7776.0,35943.454,42305.519,10.543,10.543,10.543,3.822,1.0,PUNGGOL ROAD,15.783
punggol_road,Punggol Road,7778.0,35943.397,42303.52,10.748,10.748,10.748,3.778,1.0,PUNGGOL ROAD,16.599
punggol_road,Punggol Road,7780.0,35942.247,42301.928,10.79,10.79,10.79,,,PUNGGOL ROAD,16.255
punggol_road,Punggol Road,7782.0,35940.984,42300.377,10.817,10.817,10.817,,,PUNGGOL ROAD,15.79
punggol_road,Punggol Road,7784.0,35939.72,42298.827,10.841,11.134,11.134,,,PUNGGOL ROAD,15.325
punggol_road,Punggol Road,7786.0,35938.457,42297.277,10.849,11.451,11.451,,,PUNGGOL ROAD,14.86
punggol_road,Punggol Road,7788.0,35937.557,42295.503,11.422,11.826,11.826,,,PUNGGOL ROAD,14.819
punggol_road,Punggol Road,7790.0,35936.748,42293.674,12.061,12.202,12.202,,,PUNGGOL ROAD,14.885
punggol_road,Punggol Road,7792.0,35935.94,42291.845,12.293,12.577,12.577,,,PUNGGOL ROAD,14.951
punggol_road,Punggol Road,7794.0,35935.131,42290.015,13.041,12.953,12.953,,,PUNGGOL ROAD,15.016
punggol_road,Punggol Road,7796.0,35934.322,42288.186,15.334,13.335,13.335,,,PUNGGOL ROAD,15.082
punggol_road,Punggol Road,7798.0,35933.514,42286.357,15.856,13.718,13.718,,,PUNGGOL ROAD,15.147
punggol_road,Punggol Road,7800.0,35932.705,42284.528,16.856,14.1,14.1,,,PUNGGOL ROAD,15.213
punggol_road,Punggol Road,7802.0,35931.896,42282.699,17.718,14.482,14.482,,,PUNGGOL ROAD,15.279
punggol_road,Punggol Road,7804.0,35931.088,42280.869,16.972,14.865,14.482,,,PUNGGOL ROAD,15.344
punggol_road,Punggol Road,7806.0,35930.279,42279.04,16.979,14.61,14.482,,,PUNGGOL ROAD,15.41
punggol_road,Punggol Road,7808.0,35929.47,42277.211,18.088,14.354,14.354,,,PUNGGOL ROAD,15.476
punggol_road,Punggol Road,7810.0,35928.661,42275.382,15.056,14.099,14.099,,,PUNGGOL ROAD,15.541
punggol_road,Punggol Road,7812.0,35927.853,42273.552,12.833,,13.971,,,PUNGGOL ROAD,15.607
punggol_road,Punggol Road,7814.0,35927.044,42271.723,14.34,,13.716,,,PUNGGOL ROAD,15.673
punggol_road,Punggol Road,7816.0,35926.326,42269.858,14.304,,13.333,,,PUNGGOL ROAD,15.836
punggol_road,Punggol Road,7818.0,35925.661,42267.972,12.254,,12.95,,,PUNGGOL ROAD,16.055
punggol_road,Punggol Road,7820.0,35924.995,42266.086,11.566,,12.695,,,PUNGGOL ROAD,16.274
punggol_road,Punggol Road,7822.0,35924.329,42264.2,11.681,12.567,12.567,,,PUNGGOL ROAD,16.493
punggol_road,Punggol Road,7824.0,35923.664,42262.314,11.674,12.312,12.312,,,PUNGGOL ROAD,16.712
punggol_road,Punggol Road,7826.0,35922.998,42260.428,11.713,12.057,12.057,,,PUNGGOL ROAD,16.931
punggol_road,Punggol Road,7828.0,35922.332,42258.542,11.801,11.801,11.814,,,PUNGGOL ROAD,17.151
punggol_road,Punggol Road,7830.0,35921.599,42256.682,11.749,11.749,11.814,,,PUNGGOL ROAD,17.297
punggol_road,Punggol Road,7832.0,35920.837,42254.833,11.814,11.814,11.814,,,PUNGGOL ROAD,17.414
punggol_road,Punggol Road,7834.0,35920.075,42252.984,11.853,11.853,11.853,1.575,1.0,PUNGGOL ROAD,17.53
punggol_road,Punggol Road,7836.0,35919.313,42251.135,12.201,11.942,11.94,1.333,1.0,PUNGGOL ROAD,17.647
punggol_road,Punggol Road,7838.0,35918.551,42249.285,12.032,12.032,11.94,1.091,1.0,PUNGGOL ROAD,17.763
punggol_road,Punggol Road,7840.0,35917.789,42247.436,12.276,11.94,11.942,0.172,1.0,PUNGGOL ROAD,17.88
punggol_road,Punggol Road,7842.0,35917.028,42245.587,11.848,11.848,11.94,-0.747,1.0,PUNGGOL ROAD,17.997
punggol_road,Punggol Road,7844.0,35916.266,42243.738,12.017,12.017,11.88,,,PUNGGOL ROAD,18.113
punggol_road,Punggol Road,7846.0,35915.504,42241.888,11.88,11.88,11.88,,,PUNGGOL ROAD,18.23
punggol_road,Punggol Road,7848.0,35914.742,42240.039,11.864,11.864,12.017,,,PUNGGOL ROAD,18.346
punggol_road,Punggol Road,7850.0,35913.98,42238.19,12.463,12.135,12.135,,,PUNGGOL ROAD,18.463
punggol_road,Punggol Road,7852.0,35913.299,42236.315,11.99,12.432,12.432,,,PUNGGOL ROAD,18.663
punggol_road,Punggol Road,7854.0,35912.847,42234.367,14.013,12.728,12.728,,,PUNGGOL ROAD,19.102
punggol_road,Punggol Road,7856.0,35912.395,42232.418,12.547,13.024,13.024,,,PUNGGOL ROAD,19.54
punggol_road,Punggol Road,7858.0,35911.943,42230.47,12.409,13.321,13.321,,,PUNGGOL ROAD,19.979
punggol_road,Punggol Road,7860.0,35911.491,42228.522,22.277,13.42,13.42,,,PUNGGOL ROAD,20.417
punggol_road,Punggol Road,7862.0,35911.039,42226.574,21.954,13.52,13.52,,,PUNGGOL ROAD,20.856
punggol_road,Punggol Road,7864.0,35910.587,42224.626,17.254,13.62,13.62,,,PUNGGOL ROAD,21.295
punggol_road,Punggol Road,7866.0,35909.822,42222.779,15.256,13.72,13.72,,,PUNGGOL ROAD,21.407
punggol_road,Punggol Road,7868.0,35909.045,42220.936,16.711,13.82,13.82,,,PUNGGOL ROAD,21.508
punggol_road,Punggol Road,7870.0,35908.269,42219.092,13.853,13.92,13.92,,,PUNGGOL ROAD,21.609
punggol_road,Punggol Road,7872.0,35907.492,42217.249,14.961,14.019,14.019,,,PUNGGOL ROAD,21.709
punggol_road,Punggol Road,7874.0,35906.716,42215.406,12.696,14.119,14.119,,,PUNGGOL ROAD,21.81
punggol_road,Punggol Road,7876.0,35905.937,42213.564,12.742,14.219,14.219,,,PUNGGOL ROAD,21.908
punggol_road,Punggol Road,7878.0,35905.156,42211.723,13.039,14.319,14.319,,,PUNGGOL ROAD,22.003
punggol_road,Punggol Road,7880.0,35904.374,42209.882,14.525,14.419,14.419,,,PUNGGOL ROAD,22.099
punggol_road,Punggol Road,7882.0,35903.593,42208.041,18.796,14.519,14.419,,,PUNGGOL ROAD,22.195
punggol_road,Punggol Road,7884.0,35902.841,42206.188,14.512,14.512,14.419,,,PUNGGOL ROAD,22.322
punggol_road,Punggol Road,7886.0,35902.094,42204.332,14.784,14.409,14.409,-4.737,1.0,PUNGGOL ROAD,22.454
punggol_road,Punggol Road,7888.0,35901.347,42202.477,14.305,14.305,14.305,-4.737,1.0,PUNGGOL ROAD,22.587
punggol_road,Punggol Road,7890.0,35900.601,42200.622,16.863,14.029,14.04,,,PUNGGOL ROAD,22.72
punggol_road,Punggol Road,7892.0,35899.863,42198.763,13.752,13.752,14.04,,,PUNGGOL ROAD,22.863
punggol_road,Punggol Road,7894.0,35899.204,42196.875,15.638,14.04,14.04,,,PUNGGOL ROAD,23.088
punggol_road,Punggol Road,7896.0,35898.544,42194.987,13.842,14.327,14.327,10.773,2.0,PUNGGOL ROAD,23.314
punggol_road,Punggol Road,7898.0,35897.885,42193.098,14.741,14.614,14.614,,,PUNGGOL ROAD,23.539
punggol_road,Punggol Road,7900.0,35897.225,42191.21,14.902,14.902,14.902,,,PUNGGOL ROAD,23.765
punggol_road,Punggol Road,7902.0,35896.566,42189.322,16.005,14.99,14.99,,,PUNGGOL ROAD,23.991
punggol_road,Punggol Road,7904.0,35895.87,42187.447,13.638,15.079,15.079,,,PUNGGOL ROAD,24.178
punggol_road,Punggol Road,7906.0,35895.167,42185.575,14.105,15.168,15.168,,,PUNGGOL ROAD,24.357
punggol_road,Punggol Road,7908.0,35894.463,42183.703,16.136,15.257,15.257,,,PUNGGOL ROAD,24.537
punggol_road,Punggol Road,7910.0,35893.76,42181.83,16.515,15.346,15.346,,,PUNGGOL ROAD,24.716
punggol_road,Punggol Road,7912.0,35893.057,42179.958,19.157,15.434,15.434,,,PUNGGOL ROAD,24.895
punggol_road,Punggol Road,7914.0,35892.261,42178.123,18.409,15.523,15.523,,,PUNGGOL ROAD,24.975
punggol_road,Punggol Road,7916.0,35891.456,42176.293,18.937,15.612,15.612,,,PUNGGOL ROAD,25.044
punggol_road,Punggol Road,7918.0,35890.65,42174.462,17.066,15.701,15.701,,,PUNGGOL ROAD,25.113
punggol_road,Punggol Road,7920.0,35889.845,42172.632,14.345,15.79,15.79,,,PUNGGOL ROAD,25.182
punggol_road,Punggol Road,7922.0,35889.039,42170.801,17.672,15.878,15.878,,,PUNGGOL ROAD,25.251
punggol_road,Punggol Road,7924.0,35888.48,42168.892,19.622,16.17,16.17,,,PUNGGOL ROAD,25.577
punggol_road,Punggol Road,7926.0,35888.084,42166.932,19.142,16.462,16.462,,,PUNGGOL ROAD,26.071
punggol_road,Punggol Road,7928.0,35887.687,42164.972,18.526,16.871,16.871,,,PUNGGOL ROAD,26.564
punggol_road,Punggol Road,7930.0,35887.291,42163.011,16.309,17.28,17.28,,,PUNGGOL ROAD,27.058
punggol_road,Punggol Road,7932.0,35886.894,42161.051,16.323,17.69,17.69,,,PUNGGOL ROAD,27.552
punggol_road,Punggol Road,7934.0,35886.449,42159.107,15.905,18.099,18.099,,,PUNGGOL ROAD,27.995
punggol_road,Punggol Road,7936.0,35885.601,42157.295,15.726,18.508,18.508,,,PUNGGOL ROAD,28.018
punggol_road,Punggol Road,7938.0,35884.754,42155.484,20.245,18.917,18.876,,,PUNGGOL ROAD,28.041
punggol_road,Punggol Road,7940.0,35883.907,42153.672,38.727,18.897,18.876,,,PUNGGOL ROAD,28.064
punggol_road,Punggol Road,7942.0,35883.059,42151.86,21.712,18.876,18.876,,,PUNGGOL ROAD,28.087
punggol_road,Punggol Road,7944.0,35882.212,42150.049,26.307,18.635,18.635,,,PUNGGOL ROAD,28.11
punggol_road,Punggol Road,7946.0,35881.364,42148.237,15.196,18.282,18.282,,,PUNGGOL ROAD,28.133
punggol_road,Punggol Road,7948.0,35880.517,42146.426,15.24,17.93,17.93,,,PUNGGOL ROAD,28.156
punggol_road,Punggol Road,7950.0,35879.669,42144.614,17.97,17.519,17.519,,,PUNGGOL ROAD,28.179
punggol_road,Punggol Road,7952.0,35878.822,42142.803,13.602,17.109,17.109,,,PUNGGOL ROAD,28.202
punggol_road,Punggol Road,7954.0,35877.974,42140.991,16.282,16.698,16.698,,,PUNGGOL ROAD,28.225
punggol_road,Punggol Road,7956.0,35877.127,42139.179,20.935,,16.287,,,PUNGGOL ROAD,28.248
punggol_road,Punggol Road,7958.0,35876.279,42137.368,17.431,,15.876,,,PUNGGOL ROAD,28.272
punggol_road,Punggol Road,7960.0,35875.432,42135.556,22.622,,15.466,,,PUNGGOL ROAD,28.295
punggol_road,Punggol Road,7962.0,35874.584,42133.745,23.903,15.055,15.055,,,PUNGGOL ROAD,28.318
punggol_road,Punggol Road,7964.0,35873.737,42131.933,13.747,14.644,14.644,,,PUNGGOL ROAD,28.341
punggol_road,Punggol Road,7966.0,35872.89,42130.122,13.764,14.234,14.234,,,PUNGGOL ROAD,28.364
punggol_road,Punggol Road,7968.0,35872.042,42128.31,14.404,13.823,13.94,,,PUNGGOL ROAD,28.387
punggol_road,Punggol Road,7970.0,35871.195,42126.498,14.003,13.881,13.94,,,PUNGGOL ROAD,28.41
punggol_road,Punggol Road,7972.0,35870.117,42125.041,19.325,13.94,13.94,,,PUNGGOL ROAD,28.072
punggol_road,Punggol Road,7974.0,35868.117,42125.005,18.88,13.998,13.998,,,PUNGGOL ROAD,26.286
punggol_road,Punggol Road,7976.0,35866.118,42124.969,19.462,14.057,14.057,,,PUNGGOL ROAD,24.501
punggol_road,Punggol Road,7978.0,35864.118,42124.933,19.813,14.116,14.116,,,PUNGGOL ROAD,22.715
punggol_road,Punggol Road,7980.0,35862.118,42124.897,18.69,14.174,14.174,,,PUNGGOL ROAD,20.929
punggol_road,Punggol Road,7982.0,35860.119,42124.861,14.065,14.233,14.233,,,PUNGGOL ROAD,19.143
punggol_road,Punggol Road,7984.0,35858.834,42123.484,14.291,14.291,14.291,,,PUNGGOL ROAD,18.584
punggol_road,Punggol Road,7986.0,35857.69,42121.844,14.291,14.291,14.291,,,PUNGGOL ROAD,18.265
punggol_road,Punggol Road,7988.0,35856.545,42120.204,14.333,14.554,14.554,,,PUNGGOL ROAD,17.946
punggol_road,Punggol Road,7990.0,35855.401,42118.563,14.388,14.818,14.818,,,PUNGGOL ROAD,17.628
punggol_road,Punggol Road,7992.0,35854.257,42116.923,17.304,15.082,15.082,,,PUNGGOL ROAD,17.309
punggol_road,Punggol Road,7994.0,35853.113,42115.282,16.713,15.388,15.388,,,PUNGGOL ROAD,16.991
punggol_road,Punggol Road,7996.0,35852.045,42113.596,16.409,15.695,15.695,,,PUNGGOL ROAD,16.761
punggol_road,Punggol Road,7998.0,35851.113,42111.826,21.83,16.001,16.001,,,PUNGGOL ROAD,16.69
punggol_road,Punggol Road,8000.0,35850.182,42110.056,16.745,,16.308,,,PUNGGOL ROAD,16.62
punggol_road,Punggol Road,8002.0,35849.251,42108.286,15.753,16.614,16.614,,,PUNGGOL ROAD,16.549
punggol_road,Punggol Road,8004.0,35848.317,42106.517,19.105,16.92,16.92,,,PUNGGOL ROAD,16.475
punggol_road,Punggol Road,8006.0,35847.382,42104.749,18.988,17.227,17.227,,,PUNGGOL ROAD,16.401
punggol_road,Punggol Road,8008.0,35846.448,42102.981,17.865,17.533,17.227,,,PUNGGOL ROAD,16.327
punggol_road,Punggol Road,8010.0,35845.513,42101.213,17.236,17.403,17.227,,,PUNGGOL ROAD,16.253
punggol_road,Punggol Road,8012.0,35844.579,42099.444,17.272,17.106,17.106,,,PUNGGOL ROAD,16.179
punggol_road,Punggol Road,8014.0,35843.644,42097.676,17.551,16.809,16.809,,,PUNGGOL ROAD,16.105
punggol_road,Punggol Road,8016.0,35842.71,42095.908,16.511,16.511,16.673,,,PUNGGOL ROAD,16.03
punggol_road,Punggol Road,8018.0,35841.775,42094.14,16.396,16.396,16.673,,,PUNGGOL ROAD,15.956
punggol_road,Punggol Road,8020.0,35840.841,42092.371,16.673,16.673,16.673,,,PUNGGOL ROAD,15.882
punggol_road,Punggol Road,8022.0,35839.906,42090.603,16.702,16.702,16.702,,,PUNGGOL ROAD,15.808
punggol_road,Punggol Road,8054.0,35825.596,42061.987,17.511,16.936,16.936,1.308,1.0,PUNGGOL ROAD,15.541
punggol_road,Punggol Road,8056.0,35824.691,42060.203,17.666,17.17,17.17,,,PUNGGOL ROAD,15.523
punggol_road,Punggol Road,8058.0,35823.787,42058.419,17.405,17.405,17.17,,,PUNGGOL ROAD,15.505
punggol_road,Punggol Road,8060.0,35822.882,42056.636,17.464,17.17,17.17,,,PUNGGOL ROAD,15.487
punggol_road,Punggol Road,8062.0,35821.977,42054.852,19.78,16.936,16.936,-5.244,1.0,PUNGGOL ROAD,15.469
punggol_road,Punggol Road,8064.0,35821.072,42053.068,16.701,16.701,16.79,,,PUNGGOL ROAD,15.451
punggol_road,Punggol Road,8066.0,35820.168,42051.285,16.79,16.79,16.751,,,PUNGGOL ROAD,15.433
punggol_road,Punggol Road,8068.0,35819.263,42049.501,16.751,16.751,16.751,,,PUNGGOL ROAD,15.414
punggol_road,Punggol Road,8070.0,35818.358,42047.718,16.441,16.691,16.79,,,PUNGGOL ROAD,15.396
punggol_road,Punggol Road,8072.0,35817.453,42045.934,16.632,16.851,16.851,,,PUNGGOL ROAD,15.378
punggol_road,Punggol Road,8074.0,35816.548,42044.15,16.625,17.01,17.01,,,PUNGGOL ROAD,15.36
punggol_road,Punggol Road,8076.0,35815.644,42042.367,16.631,17.308,17.308,,,PUNGGOL ROAD,15.342
punggol_road,Punggol Road,8078.0,35814.739,42040.583,16.508,17.605,17.605,,,PUNGGOL ROAD,15.324
punggol_road,Punggol Road,8080.0,35813.834,42038.799,21.435,17.903,17.903,,,PUNGGOL ROAD,15.306
punggol_road,Punggol Road,8082.0,35812.982,42036.994,24.078,18.2,17.962,,,PUNGGOL ROAD,15.344
punggol_road,Punggol Road,8084.0,35812.375,42035.089,23.61,18.256,17.962,,,PUNGGOL ROAD,15.668
punggol_road,Punggol Road,8086.0,35811.767,42033.183,20.678,17.962,17.962,,,PUNGGOL ROAD,16.143
punggol_road,Punggol Road,8088.0,35811.16,42031.277,16.147,17.667,17.667,,,PUNGGOL ROAD,16.632
punggol_road,Punggol Road,8090.0,35810.553,42029.372,18.077,17.372,17.667,,,PUNGGOL ROAD,17.122
punggol_road,Punggol Road,8092.0,35809.946,42027.466,17.902,17.549,17.667,,,PUNGGOL ROAD,17.611
punggol_road,Punggol Road,8094.0,35809.44,42025.551,17.06,17.726,17.726,,,PUNGGOL ROAD,18.192
punggol_road,Punggol Road,8096.0,35809.691,42023.567,16.136,17.902,17.902,,,PUNGGOL ROAD,19.452
punggol_road,Punggol Road,8098.0,35809.941,42021.583,16.099,18.079,17.97,,,PUNGGOL ROAD,20.711
punggol_road,Punggol Road,8100.0,35810.192,42019.599,16.017,18.024,17.97,,,PUNGGOL ROAD,21.971
punggol_road,Punggol Road,8102.0,35810.442,42017.614,20.221,17.97,17.97,,,PUNGGOL ROAD,23.231
punggol_road,Punggol Road,8104.0,35810.692,42015.63,21.867,17.915,17.915,,,PUNGGOL ROAD,24.49
punggol_road,Punggol Road,8106.0,35810.667,42013.636,21.021,17.86,17.86,,,PUNGGOL ROAD,25.521
punggol_road,Punggol Road,8108.0,35810.56,42011.639,22.554,17.806,17.806,,,PUNGGOL ROAD,26.483
punggol_road,Punggol Road,8110.0,35810.453,42009.642,19.071,17.751,17.751,,,PUNGGOL ROAD,27.451
punggol_road,Punggol Road,8112.0,35810.346,42007.644,18.954,17.696,17.696,,,PUNGGOL ROAD,28.489
punggol_road,Punggol Road,8114.0,35810.239,42005.647,21.045,17.642,17.642,,,PUNGGOL ROAD,29.542
punggol_road,Punggol Road,8116.0,35809.625,42003.921,20.287,17.587,17.587,,,PUNGGOL ROAD,30.024
punggol_road,Punggol Road,8118.0,35808.026,42002.719,20.78,17.532,17.532,,,PUNGGOL ROAD,29.399
punggol_road,Punggol Road,8120.0,35806.427,42001.517,17.765,17.478,17.478,,,PUNGGOL ROAD,28.773
punggol_road,Punggol Road,8122.0,35804.829,42000.315,15.714,17.423,17.423,,,PUNGGOL ROAD,28.148
punggol_road,Punggol Road,8124.0,35803.214,41999.137,17.208,17.368,17.368,,,PUNGGOL ROAD,27.496
punggol_road,Punggol Road,8126.0,35801.501,41998.106,17.17,17.17,17.17,,,PUNGGOL ROAD,26.679
punggol_road,Punggol Road,8128.0,35799.787,41997.074,16.64,16.952,16.952,,,PUNGGOL ROAD,25.862
punggol_road,Punggol Road,8130.0,35798.074,41996.043,15.922,16.734,16.734,,,PUNGGOL ROAD,25.046
punggol_road,Punggol Road,8132.0,35796.36,41995.011,17.338,16.515,16.515,,,PUNGGOL ROAD,24.229
punggol_road,Punggol Road,8134.0,35794.647,41993.98,16.901,16.297,16.297,,,PUNGGOL ROAD,23.412
punggol_road,Punggol Road,8136.0,35792.933,41992.948,17.022,16.079,16.079,,,PUNGGOL ROAD,22.595
punggol_road,Punggol Road,8138.0,35791.22,41991.917,15.861,15.861,15.861,,,PUNGGOL ROAD,21.778
punggol_road,Punggol Road,8140.0,35789.506,41990.885,15.599,15.599,15.768,,,PUNGGOL ROAD,20.961
punggol_road,Punggol Road,8142.0,35787.793,41989.854,15.645,15.645,15.768,,,PUNGGOL ROAD,20.144
punggol_road,Punggol Road,8144.0,35786.079,41988.822,15.43,15.768,15.768,,,PUNGGOL ROAD,19.327
punggol_road,Punggol Road,8146.0,35784.366,41987.791,15.89,16.039,16.039,,,PUNGGOL ROAD,18.511
punggol_road,Punggol Road,8148.0,35782.652,41986.759,16.996,16.311,16.311,,,PUNGGOL ROAD,17.722
punggol_road,Punggol Road,8150.0,35781.089,41985.548,18.521,16.389,16.389,,,PUNGGOL ROAD,17.207
punggol_road,Punggol Road,8152.0,35779.773,41984.042,16.467,16.467,16.467,,,PUNGGOL ROAD,17.066
punggol_road,Punggol Road,8154.0,35778.457,41982.536,16.052,16.516,16.516,,,PUNGGOL ROAD,16.925
punggol_road,Punggol Road,8156.0,35777.141,41981.031,16.682,16.566,16.549,1.02,1.0,PUNGGOL ROAD,16.785
punggol_road,Punggol Road,8158.0,35775.824,41979.525,18.259,16.615,16.549,,,PUNGGOL ROAD,16.644
punggol_road,Punggol Road,8160.0,35774.508,41978.019,22.504,16.549,16.549,,,PUNGGOL ROAD,16.504
punggol_road,Punggol Road,8162.0,35773.192,41976.513,15.053,16.482,16.508,-0.832,1.0,PUNGGOL ROAD,16.363
punggol_road,Punggol Road,8164.0,35771.876,41975.007,16.416,16.416,16.508,-1.664,1.0,PUNGGOL ROAD,16.222
punggol_road,Punggol Road,8166.0,35770.559,41973.501,21.691,16.508,16.482,,,PUNGGOL ROAD,16.082
punggol_road,Punggol Road,8168.0,35769.296,41971.953,16.6,16.6,16.416,,,PUNGGOL ROAD,16.009
punggol_road,Punggol Road,8170.0,35768.104,41970.347,14.42,16.319,16.319,,,PUNGGOL ROAD,16.028
punggol_road,Punggol Road,8172.0,35766.912,41968.741,16.734,15.937,15.937,,,PUNGGOL ROAD,16.046
punggol_road,Punggol Road,8174.0,35765.72,41967.135,19.266,15.554,15.554,,,PUNGGOL ROAD,16.065
punggol_road,Punggol Road,8176.0,35764.527,41965.53,18.812,15.172,15.172,,,PUNGGOL ROAD,16.084
punggol_road,Punggol Road,8178.0,35763.324,41963.932,13.524,,14.789,,,PUNGGOL ROAD,16.089
punggol_road,Punggol Road,8180.0,35762.092,41962.357,13.389,14.407,14.407,,,PUNGGOL ROAD,16.056
punggol_road,Punggol Road,8182.0,35760.859,41960.782,13.275,14.025,14.025,,,PUNGGOL ROAD,16.024
punggol_road,Punggol Road,8184.0,35759.626,41959.207,17.809,13.642,13.642,,,PUNGGOL ROAD,15.992
punggol_road,Punggol Road,8186.0,35758.404,41957.624,13.01,13.26,13.26,,,PUNGGOL ROAD,16.001
punggol_road,Punggol Road,8188.0,35757.192,41956.033,12.862,13.211,13.211,,,PUNGGOL ROAD,16.167
punggol_road,Punggol Road,8190.0,35755.98,41954.442,13.162,13.162,13.211,,,PUNGGOL ROAD,16.339
punggol_road,Punggol Road,8192.0,35754.769,41952.851,19.309,13.193,13.211,,,PUNGGOL ROAD,16.512
punggol_road,Punggol Road,8194.0,35753.557,41951.26,20.997,13.224,13.224,0.933,1.0,PUNGGOL ROAD,16.684
punggol_road,Punggol Road,8196.0,35752.345,41949.669,12.494,13.254,13.254,1.319,1.0,PUNGGOL ROAD,16.856
punggol_road,Punggol Road,8198.0,35751.129,41948.081,12.37,13.285,13.285,1.158,1.0,PUNGGOL ROAD,17.023
punggol_road,Punggol Road,8200.0,35749.908,41946.497,20.706,13.316,13.316,0.772,1.0,PUNGGOL ROAD,17.184
punggol_road,Punggol Road,8202.0,35748.686,41944.913,15.339,13.347,13.316,-2.442,1.0,PUNGGOL ROAD,17.344
punggol_road,Punggol Road,8204.0,35747.465,41943.33,13.378,13.378,13.316,,,PUNGGOL ROAD,17.504
punggol_road,Punggol Road,8206.0,35746.224,41941.762,13.09,13.09,13.09,,,PUNGGOL ROAD,17.639
punggol_road,Punggol Road,8208.0,35744.894,41940.268,11.992,13.038,13.038,,,PUNGGOL ROAD,17.659
punggol_road,Punggol Road,8210.0,35743.565,41938.774,12.007,12.986,12.986,-2.597,1.0,PUNGGOL ROAD,17.679
punggol_road,Punggol Road,8212.0,35742.235,41937.28,13.277,12.934,12.934,,,PUNGGOL ROAD,17.7
punggol_road,Punggol Road,8214.0,35740.906,41935.786,12.882,12.882,12.882,,,PUNGGOL ROAD,17.72
punggol_road,Punggol Road,8216.0,35739.577,41934.291,12.144,12.823,12.823,,,PUNGGOL ROAD,17.74
punggol_road,Punggol Road,8218.0,35738.247,41932.797,12.924,12.763,12.823,,,PUNGGOL ROAD,17.76
punggol_road,Punggol Road,8220.0,35736.842,41931.376,12.704,12.704,12.823,,,PUNGGOL ROAD,17.675
punggol_road,Punggol Road,8222.0,35735.394,41929.997,12.045,12.967,12.967,,,PUNGGOL ROAD,17.53
punggol_road,Punggol Road,8224.0,35733.946,41928.617,11.502,13.23,13.23,11.678,2.0,PUNGGOL ROAD,17.385
punggol_road,Punggol Road,8226.0,35732.498,41927.238,13.607,13.494,13.494,,,PUNGGOL ROAD,17.24
punggol_road,Punggol Road,8228.0,35731.047,41925.86,13.757,13.757,13.757,,,PUNGGOL ROAD,17.093
punggol_road,Punggol Road,8230.0,35729.591,41924.49,13.245,13.775,13.775,,,PUNGGOL ROAD,16.936
punggol_road,Punggol Road,8232.0,35728.135,41923.119,14.264,13.793,13.793,0.677,1.0,PUNGGOL ROAD,16.779
punggol_road,Punggol Road,8234.0,35726.678,41921.748,13.716,13.811,13.811,,,PUNGGOL ROAD,16.623
punggol_road,Punggol Road,8236.0,35725.222,41920.377,16.153,13.829,13.811,,,PUNGGOL ROAD,16.466
punggol_road,Punggol Road,8238.0,35723.783,41918.988,13.942,13.942,13.811,,,PUNGGOL ROAD,16.334
punggol_road,Punggol Road,8240.0,35722.346,41917.597,13.738,13.738,13.738,-4.117,1.0,PUNGGOL ROAD,16.206
punggol_road,Punggol Road,8242.0,35720.909,41916.206,10.303,13.61,13.61,-5.715,1.0,PUNGGOL ROAD,16.077
punggol_road,Punggol Road,8244.0,35719.473,41914.815,10.947,13.482,13.482,,,PUNGGOL ROAD,15.948
punggol_road,Punggol Road,8246.0,35718.015,41913.445,10.602,13.354,13.354,,,PUNGGOL ROAD,15.79
punggol_road,Punggol Road,8248.0,35716.54,41912.095,18.003,13.115,13.115,,,PUNGGOL ROAD,15.606
punggol_road,Punggol Road,8250.0,35715.065,41910.744,16.013,12.877,12.877,,,PUNGGOL ROAD,15.445
punggol_road,Punggol Road,8252.0,35713.589,41909.394,12.97,12.512,12.512,,,PUNGGOL ROAD,15.332
punggol_road,Punggol Road,8254.0,35712.114,41908.044,12.466,12.146,12.146,,,PUNGGOL ROAD,15.218
punggol_road,Punggol Road,8256.0,35710.639,41906.693,11.684,11.781,11.781,,,PUNGGOL ROAD,15.105
punggol_road,Punggol Road,8258.0,35709.267,41905.238,11.562,,11.416,,,PUNGGOL ROAD,15.139
punggol_road,Punggol Road,8260.0,35707.901,41903.777,14.363,11.051,11.051,,,PUNGGOL ROAD,15.181
punggol_road,Punggol Road,8262.0,35706.535,41902.317,9.804,10.685,10.685,,,PUNGGOL ROAD,15.223
punggol_road,Punggol Road,8264.0,35705.169,41900.856,9.191,10.32,10.32,,,PUNGGOL ROAD,15.264
punggol_road,Punggol Road,8266.0,35703.803,41899.395,9.468,9.955,9.955,,,PUNGGOL ROAD,15.306
punggol_road,Punggol Road,8268.0,35702.509,41897.873,11.118,9.831,9.831,,,PUNGGOL ROAD,15.444
punggol_road,Punggol Road,8270.0,35701.288,41896.289,10.252,9.707,9.831,,,PUNGGOL ROAD,15.675
punggol_road,Punggol Road,8272.0,35700.067,41894.705,9.192,9.827,9.831,,,PUNGGOL ROAD,15.907
punggol_road,Punggol Road,8274.0,35698.846,41893.121,10.111,9.947,9.947,,,PUNGGOL ROAD,16.139
punggol_road,Punggol Road,8276.0,35697.625,41891.537,10.067,10.067,10.067,,,PUNGGOL ROAD,16.371
punggol_road,Punggol Road,8278.0,35696.264,41890.084,10.07,10.07,10.07,,,PUNGGOL ROAD,16.411
punggol_road,Punggol Road,8280.0,35694.761,41888.765,10.332,10.332,10.07,,,PUNGGOL ROAD,16.257
punggol_road,Punggol Road,8282.0,35693.258,41887.445,10.27,10.27,10.07,,,PUNGGOL ROAD,16.102
punggol_road,Punggol Road,8284.0,35691.755,41886.125,11.537,10.032,10.032,,,PUNGGOL ROAD,15.948
punggol_road,Punggol Road,8286.0,35690.253,41884.806,9.796,9.794,9.794,,,PUNGGOL ROAD,15.794
punggol_road,Punggol Road,8288.0,35688.704,41883.544,9.556,9.5,9.5,,,PUNGGOL ROAD,15.567
punggol_road,Punggol Road,8290.0,35687.065,41882.399,9.916,9.206,9.206,,,PUNGGOL ROAD,15.192
punggol_road,Punggol Road,8292.0,35685.425,41881.254,9.381,8.915,8.915,,,PUNGGOL ROAD,14.818
punggol_road,Punggol Road,8294.0,35683.785,41880.109,9.227,8.624,8.624,,,PUNGGOL ROAD,14.443
punggol_road,Punggol Road,8296.0,35682.145,41878.964,8.227,8.333,8.333,,,PUNGGOL ROAD,14.068
punggol_road,Punggol Road,8298.0,35680.68,41877.609,7.81,8.042,8.042,,,PUNGGOL ROAD,13.966
punggol_road,Punggol Road,8300.0,35679.256,41876.205,7.752,7.752,7.752,,,PUNGGOL ROAD,13.927
punggol_road,Punggol Road,8302.0,35677.832,41874.8,7.694,7.694,7.694,,,PUNGGOL ROAD,13.888
punggol_road,Punggol Road,8304.0,35676.408,41873.396,7.662,7.662,7.662,-2.006,1.0,PUNGGOL ROAD,13.849
punggol_road,Punggol Road,8306.0,35674.983,41871.992,7.622,7.622,7.622,-1.291,1.0,PUNGGOL ROAD,13.81
punggol_road,Punggol Road,8308.0,35673.559,41870.588,12.68,7.591,7.591,-0.888,1.0,PUNGGOL ROAD,13.771
punggol_road,Punggol Road,8310.0,35672.135,41869.184,7.56,7.56,7.591,2.422,1.0,PUNGGOL ROAD,13.741
punggol_road,Punggol Road,8312.0,35670.711,41867.78,7.534,7.534,7.591,5.731,1.0,PUNGGOL ROAD,13.771
punggol_road,Punggol Road,8314.0,35669.287,41866.375,7.515,7.819,7.819,6.425,1.0,PUNGGOL ROAD,13.8
punggol_road,Punggol Road,8316.0,35667.862,41864.971,8.105,8.105,8.05,6.66,1.0,PUNGGOL ROAD,13.829
punggol_road,Punggol Road,8318.0,35666.438,41863.567,8.124,8.124,8.105,5.784,1.0,PUNGGOL ROAD,13.859
punggol_road,Punggol Road,8320.0,35665.014,41862.163,8.05,8.05,8.124,4.908,1.0,PUNGGOL ROAD,13.888
punggol_road,Punggol Road,8322.0,35663.735,41860.637,8.045,8.252,8.252,4.381,1.0,PUNGGOL ROAD,14.106
punggol_road,Punggol Road,8324.0,35662.602,41858.989,8.455,8.455,8.442,5.377,1.0,PUNGGOL ROAD,14.512
punggol_road,Punggol Road,8326.0,35661.468,41857.341,8.442,8.442,8.455,4.023,1.0,PUNGGOL ROAD,14.919
punggol_road,Punggol Road,8328.0,35660.335,41855.693,8.554,8.554,8.554,2.669,1.0,PUNGGOL ROAD,15.325
punggol_road,Punggol Road,8330.0,35659.202,41854.046,8.639,8.639,8.639,4.684,1.0,PUNGGOL ROAD,15.732
punggol_road,Punggol Road,8332.0,35658.036,41852.421,8.656,8.656,8.656,3.453,1.0,PUNGGOL ROAD,16.099
punggol_road,Punggol Road,8334.0,35656.83,41850.825,8.83,8.83,8.83,2.393,1.0,PUNGGOL ROAD,16.418
punggol_road,Punggol Road,8336.0,35655.625,41849.23,8.836,8.836,8.83,,,PUNGGOL ROAD,16.737
punggol_road,Punggol Road,8338.0,35654.419,41847.634,8.833,8.833,8.83,,,PUNGGOL ROAD,17.055
punggol_road,Punggol Road,8340.0,35653.213,41846.038,7.42,8.829,8.829,-0.103,1.0,PUNGGOL ROAD,17.374
punggol_road,Punggol Road,8342.0,35652.008,41844.442,8.797,8.826,8.826,-0.103,1.0,PUNGGOL ROAD,17.693
punggol_road,Punggol Road,8344.0,35650.802,41842.847,8.822,8.822,8.822,,,PUNGGOL ROAD,18.012
punggol_road,Punggol Road,8346.0,35649.596,41841.251,8.739,8.739,8.822,,,PUNGGOL ROAD,18.331
punggol_road,Punggol Road,8348.0,35648.391,41839.655,8.801,8.801,8.822,0.541,1.0,PUNGGOL ROAD,18.649
punggol_road,Punggol Road,8350.0,35647.185,41838.06,8.863,8.863,8.863,3.152,1.0,PUNGGOL ROAD,18.968
punggol_road,Punggol Road,8352.0,35645.979,41836.464,8.865,8.865,8.865,5.764,1.0,PUNGGOL ROAD,19.287
punggol_road,Punggol Road,8354.0,35644.773,41834.868,12.938,9.074,9.074,,,PUNGGOL ROAD,19.606
punggol_road,Punggol Road,8356.0,35643.568,41833.272,9.283,9.283,9.283,,,PUNGGOL ROAD,19.925
punggol_road,Punggol Road,8358.0,35642.362,41831.677,8.174,9.514,9.514,,,PUNGGOL ROAD,20.243
punggol_road,Punggol Road,8360.0,35641.156,41830.081,9.163,9.746,9.746,,,PUNGGOL ROAD,20.562
punggol_road,Punggol Road,8362.0,35639.951,41828.485,9.936,9.977,9.977,,,PUNGGOL ROAD,20.881
punggol_road,Punggol Road,8364.0,35638.745,41826.889,9.563,10.209,10.209,,,PUNGGOL ROAD,21.2
punggol_road,Punggol Road,8366.0,35637.539,41825.294,11.084,10.44,10.44,,,PUNGGOL ROAD,21.519
punggol_road,Punggol Road,8368.0,35636.334,41823.698,10.766,10.671,10.671,,,PUNGGOL ROAD,21.837
punggol_road,Punggol Road,8370.0,35635.128,41822.102,14.937,10.903,10.903,,,PUNGGOL ROAD,22.156
punggol_road,Punggol Road,8372.0,35633.922,41820.507,9.284,11.039,11.039,,,PUNGGOL ROAD,22.475
punggol_road,Punggol Road,8374.0,35632.717,41818.911,9.347,11.176,11.176,3.414,1.0,PUNGGOL ROAD,22.674
punggol_road,Punggol Road,8376.0,35631.511,41817.315,11.312,11.312,11.176,,,PUNGGOL ROAD,22.634
punggol_road,Punggol Road,8378.0,35630.305,41815.719,11.222,11.222,11.176,,,PUNGGOL ROAD,22.593
punggol_road,Punggol Road,8380.0,35629.1,41814.124,12.553,11.166,11.166,-1.531,1.0,PUNGGOL ROAD,22.553
punggol_road,Punggol Road,8382.0,35627.894,41812.528,10.916,11.109,11.109,,,PUNGGOL ROAD,22.512
punggol_road,Punggol Road,8384.0,35626.688,41810.932,11.053,11.053,11.053,,,PUNGGOL ROAD,22.472
punggol_road,Punggol Road,8386.0,35625.482,41809.337,14.436,10.86,10.86,,,PUNGGOL ROAD,22.431
punggol_road,Punggol Road,8388.0,35624.277,41807.741,14.32,10.667,10.667,,,PUNGGOL ROAD,22.39
punggol_road,Punggol Road,8390.0,35623.071,41806.145,10.297,10.474,10.474,,,PUNGGOL ROAD,22.35
punggol_road,Punggol Road,8392.0,35621.865,41804.549,12.075,10.281,10.281,,,PUNGGOL ROAD,22.309
punggol_road,Punggol Road,8394.0,35621.596,41802.599,15.273,10.088,10.088,,,PUNGGOL ROAD,23.235
punggol_road,Punggol Road,8396.0,35621.439,41800.605,14.313,9.894,9.894,,,PUNGGOL ROAD,24.278
punggol_road,Punggol Road,8398.0,35621.283,41798.611,15.873,9.701,9.701,,,PUNGGOL ROAD,25.321
punggol_road,Punggol Road,8400.0,35621.127,41796.617,13.314,9.508,9.508,,,PUNGGOL ROAD,26.364
punggol_road,Punggol Road,8488.0,35614.25,41708.886,,9.315,9.315,,,PUNGGOL ROAD,55.637
punggol_road,Punggol Road,8490.0,35614.094,41706.892,,9.122,9.122,,,PUNGGOL ROAD,55.925
punggol_road,Punggol Road,8492.0,35613.937,41704.898,,8.929,8.929,,,PUNGGOL ROAD,56.212
punggol_road,Punggol Road,8494.0,35613.781,41702.904,,8.735,8.735,,,PUNGGOL ROAD,56.5
punggol_road,Punggol Road,8496.0,35613.625,41700.91,,8.542,8.542,,,PUNGGOL ROAD,56.826
punggol_road,Punggol Road,8498.0,35613.469,41698.917,8.149,8.349,8.349,,,PUNGGOL ROAD,57.176
punggol_road,Punggol Road,8500.0,35613.312,41696.923,8.156,8.156,8.316,,,PUNGGOL ROAD,57.526
punggol_road,Punggol Road,8502.0,35613.156,41694.929,8.154,8.154,8.316,,,PUNGGOL ROAD,57.876
punggol_road,Punggol Road,8504.0,35613.0,41692.935,8.154,8.316,8.316,,,PUNGGOL ROAD,58.226
punggol_road,Punggol Road,8506.0,35612.843,41690.941,8.154,8.631,8.631,,,PUNGGOL ROAD,58.577
punggol_road,Punggol Road,8508.0,35612.687,41688.947,8.041,8.946,8.946,,,PUNGGOL ROAD,58.927
punggol_road,Punggol Road,8510.0,35612.531,41686.953,8.17,9.447,9.447,,,PUNGGOL ROAD,59.277
punggol_road,Punggol Road,8512.0,35612.375,41684.959,10.137,9.948,9.948,,,PUNGGOL ROAD,59.353
punggol_road,Punggol Road,8514.0,35612.218,41682.966,24.744,10.449,10.449,,,PUNGGOL ROAD,59.364
punggol_road,Punggol Road,8516.0,35612.062,41680.972,24.744,,10.95,,,PUNGGOL ROAD,59.374
punggol_road,Punggol Road,8518.0,35611.906,41678.978,28.199,,11.451,,,PUNGGOL ROAD,59.385
punggol_road,Punggol Road,8520.0,35611.749,41676.984,30.922,,11.952,,,PUNGGOL ROAD,59.395
punggol_road,Punggol Road,8522.0,35611.593,41674.99,,12.453,12.453,,,PUNGGOL ROAD,59.405
punggol_road,Punggol Road,8524.0,35611.437,41672.996,,12.954,12.954,,,PUNGGOL ROAD,59.416
punggol_road,Punggol Road,8526.0,35611.281,41671.002,,13.454,13.454,,,PUNGGOL ROAD,59.426
punggol_road,Punggol Road,8528.0,35611.124,41669.008,,13.955,13.955,,,PUNGGOL ROAD,59.436
punggol_road,Punggol Road,8530.0,35610.968,41667.014,,14.095,13.998,,,PUNGGOL ROAD,59.447
punggol_road,Punggol Road,8532.0,35610.812,41665.021,,14.234,13.998,,,PUNGGOL ROAD,59.457
punggol_road,Punggol Road,8534.0,35610.655,41663.027,,13.998,13.998,,,PUNGGOL ROAD,59.468
punggol_road,Punggol Road,8536.0,35610.499,41661.033,,13.761,13.761,,,PUNGGOL ROAD,59.478
punggol_road,Punggol Road,8538.0,35610.343,41659.039,,13.358,13.358,,,PUNGGOL ROAD,59.488
punggol_road,Punggol Road,8540.0,35610.186,41657.045,,12.954,12.954,,,PUNGGOL ROAD,59.499
punggol_road,Punggol Road,8542.0,35610.03,41655.051,,12.551,12.551,,,PUNGGOL ROAD,59.509
punggol_road,Punggol Road,8544.0,35609.874,41653.057,8.695,12.133,12.133,,,PUNGGOL ROAD,59.52
punggol_road,Punggol Road,8546.0,35609.718,41651.063,8.695,11.716,11.716,,,PUNGGOL ROAD,59.53
punggol_road,Punggol Road,8548.0,35609.561,41649.07,8.695,11.298,11.298,,,PUNGGOL ROAD,59.54
punggol_road,Punggol Road,8550.0,35609.405,41647.076,8.695,10.88,10.88,,,PUNGGOL ROAD,59.551
punggol_road,Punggol Road,8552.0,35609.249,41645.082,,10.463,10.463,,,PUNGGOL ROAD,59.561
punggol_road,Punggol Road,8554.0,35609.092,41643.088,,10.045,10.045,,,PUNGGOL ROAD,59.366
punggol_road,Punggol Road,8556.0,35608.936,41641.094,,9.973,9.973,,,PUNGGOL ROAD,58.864
punggol_road,Punggol Road,8558.0,35608.78,41639.1,,9.902,9.902,,,PUNGGOL ROAD,58.361
punggol_road,Punggol Road,8560.0,35608.624,41637.106,,9.831,9.831,,,PUNGGOL ROAD,57.859
punggol_road,Punggol Road,8562.0,35608.467,41635.112,,9.759,9.759,,,PUNGGOL ROAD,57.357
punggol_road,Punggol Road,8564.0,35608.311,41633.118,,9.688,9.688,,,PUNGGOL ROAD,56.854
punggol_road,Punggol Road,8566.0,35608.155,41631.125,,9.616,9.616,,,PUNGGOL ROAD,56.352
punggol_road,Punggol Road,8568.0,35607.998,41629.131,,9.545,9.545,,,PUNGGOL ROAD,55.85
punggol_road,Punggol Road,8570.0,35607.842,41627.137,,9.474,9.474,,,PUNGGOL ROAD,55.347
punggol_road,Punggol Road,8572.0,35607.686,41625.143,,9.402,9.402,,,PUNGGOL ROAD,54.845
punggol_road,Punggol Road,8574.0,35607.53,41623.149,19.354,9.331,9.331,,,PUNGGOL ROAD,54.343
punggol_road,Punggol Road,8576.0,35607.373,41621.155,19.354,9.26,9.26,,,PUNGGOL ROAD,53.84
punggol_road,Punggol Road,8578.0,35607.217,41619.161,19.354,9.188,9.188,,,PUNGGOL ROAD,53.338
punggol_road,Punggol Road,8580.0,35607.061,41617.167,19.354,9.117,9.117,,,PUNGGOL ROAD,52.836
punggol_road,Punggol Road,8582.0,35606.904,41615.173,27.148,9.045,9.117,,,PUNGGOL ROAD,52.333
punggol_road,Punggol Road,8584.0,35606.748,41613.18,8.974,8.974,9.117,,,PUNGGOL ROAD,51.831
punggol_road,Punggol Road,8586.0,35606.592,41611.186,9.004,9.144,9.144,,,PUNGGOL ROAD,51.329
punggol_road,Punggol Road,8588.0,35606.435,41609.192,9.076,9.612,9.612,,,PUNGGOL ROAD,50.826
punggol_road,Punggol Road,8590.0,35606.279,41607.198,9.239,10.079,10.079,,,PUNGGOL ROAD,50.324
punggol_road,Punggol Road,8592.0,35606.123,41605.204,9.402,10.879,10.879,,,PUNGGOL ROAD,49.822
punggol_road,Punggol Road,8594.0,35605.967,41603.21,10.138,11.678,11.678,,,PUNGGOL ROAD,49.319
punggol_road,Punggol Road,8596.0,35605.81,41601.216,10.138,12.478,12.478,,,PUNGGOL ROAD,48.817
punggol_road,Punggol Road,8598.0,35605.654,41599.222,14.518,,12.877,,,PUNGGOL ROAD,48.314
punggol_road,Punggol Road,8600.0,35605.498,41597.229,14.913,,13.277,,,PUNGGOL ROAD,47.812
punggol_road,Punggol Road,8602.0,35605.341,41595.235,18.346,,13.677,,,PUNGGOL ROAD,47.31
punggol_road,Punggol Road,8604.0,35605.185,41593.241,20.935,,15.676,,,PUNGGOL ROAD,46.807
punggol_road,Punggol Road,8606.0,35605.029,41591.247,19.477,,17.674,,,PUNGGOL ROAD,46.305
punggol_road,Punggol Road,8608.0,35604.873,41589.253,20.052,,18.074,,,PUNGGOL ROAD,45.803
punggol_road,Punggol Road,8610.0,35604.716,41587.259,19.348,,18.474,,,PUNGGOL ROAD,45.3
punggol_road,Punggol Road,8612.0,35604.56,41585.265,19.315,18.873,18.873,,,PUNGGOL ROAD,44.798
punggol_road,Punggol Road,8614.0,35604.404,41583.271,20.688,19.673,19.673,,,PUNGGOL ROAD,44.296
punggol_road,Punggol Road,8616.0,35604.247,41581.277,23.154,20.472,20.472,,,PUNGGOL ROAD,43.793
punggol_road,Punggol Road,8618.0,35604.091,41579.284,22.985,21.272,21.272,,,PUNGGOL ROAD,43.291
punggol_road,Punggol Road,8620.0,35603.935,41577.29,24.255,21.288,21.272,,,PUNGGOL ROAD,42.789
punggol_road,Punggol Road,8622.0,35603.779,41575.296,20.661,21.304,21.272,,,PUNGGOL ROAD,42.286
punggol_road,Punggol Road,8624.0,35603.622,41573.302,25.005,21.026,21.026,,,PUNGGOL ROAD,41.784
punggol_road,Punggol Road,8626.0,35603.466,41571.308,19.427,20.748,20.748,,,PUNGGOL ROAD,41.282
punggol_road,Punggol Road,8628.0,35603.31,41569.314,19.41,20.47,20.47,,,PUNGGOL ROAD,40.779
punggol_road,Punggol Road,8630.0,35603.153,41567.32,21.158,20.192,20.192,,,PUNGGOL ROAD,40.277
punggol_road,Punggol Road,8632.0,35602.997,41565.326,20.278,19.914,19.984,,,PUNGGOL ROAD,39.775
punggol_road,Punggol Road,8634.0,35602.841,41563.332,16.966,19.984,19.914,,,PUNGGOL ROAD,39.272
punggol_road,Punggol Road,8636.0,35602.685,41561.339,16.98,19.69,19.69,,,PUNGGOL ROAD,38.77
punggol_road,Punggol Road,8638.0,35602.528,41559.345,15.779,19.396,19.396,-10.141,2.0,PUNGGOL ROAD,38.268
punggol_road,Punggol Road,8640.0,35602.372,41557.351,20.671,19.103,19.103,,,PUNGGOL ROAD,37.765
punggol_road,Punggol Road,8642.0,35602.216,41555.357,20.667,18.809,19.103,,,PUNGGOL ROAD,37.263
punggol_road,Punggol Road,8644.0,35602.059,41553.363,18.515,18.983,19.103,,,PUNGGOL ROAD,36.761
punggol_road,Punggol Road,8646.0,35601.903,41551.369,19.161,19.157,19.157,,,PUNGGOL ROAD,36.258
punggol_road,Punggol Road,8648.0,35601.747,41549.375,15.612,19.587,19.587,,,PUNGGOL ROAD,35.756
punggol_road,Punggol Road,8650.0,35601.59,41547.381,18.025,20.016,20.016,,,PUNGGOL ROAD,35.254
punggol_road,Punggol Road,8652.0,35601.434,41545.388,18.311,20.446,20.446,,,PUNGGOL ROAD,34.751
punggol_road,Punggol Road,8654.0,35601.278,41543.394,18.472,20.45,20.45,,,PUNGGOL ROAD,34.249
punggol_road,Punggol Road,8656.0,35601.122,41541.4,27.723,20.454,20.45,,,PUNGGOL ROAD,33.747
punggol_road,Punggol Road,8658.0,35600.965,41539.406,27.713,20.459,20.45,,,PUNGGOL ROAD,33.244
punggol_road,Punggol Road,8660.0,35600.809,41537.412,27.464,20.135,20.135,,,PUNGGOL ROAD,32.742
punggol_road,Punggol Road,8662.0,35600.653,41535.418,23.284,19.811,19.811,,,PUNGGOL ROAD,32.24
punggol_road,Punggol Road,8664.0,35600.496,41533.424,20.01,19.487,19.487,,,PUNGGOL ROAD,31.713
punggol_road,Punggol Road,8666.0,35600.34,41531.43,26.819,19.163,19.163,,,PUNGGOL ROAD,31.128
punggol_road,Punggol Road,8668.0,35600.184,41529.436,26.838,18.839,18.839,,,PUNGGOL ROAD,30.543
punggol_road,Punggol Road,8670.0,35600.028,41527.443,26.856,18.515,18.515,,,PUNGGOL ROAD,29.958
punggol_road,Punggol Road,8672.0,35599.871,41525.449,25.262,,18.191,,,PUNGGOL ROAD,29.373
punggol_road,Punggol Road,8674.0,35599.715,41523.455,17.532,17.867,17.867,,,PUNGGOL ROAD,28.788
punggol_road,Punggol Road,8676.0,35599.559,41521.461,17.517,17.543,17.543,,,PUNGGOL ROAD,28.203
punggol_road,Punggol Road,8678.0,35599.402,41519.467,16.347,17.219,17.219,,,PUNGGOL ROAD,27.618
punggol_road,Punggol Road,8680.0,35599.246,41517.473,16.032,16.895,16.895,,,PUNGGOL ROAD,27.033
punggol_road,Punggol Road,8682.0,35599.09,41515.479,19.003,16.79,16.796,,,PUNGGOL ROAD,26.448
punggol_road,Punggol Road,8684.0,35598.934,41513.485,17.633,16.684,16.796,,,PUNGGOL ROAD,25.863
punggol_road,Punggol Road,8686.0,35598.777,41511.492,15.367,16.796,16.796,,,PUNGGOL ROAD,25.278
punggol_road,Punggol Road,8688.0,35598.621,41509.498,16.209,16.909,16.909,,,PUNGGOL ROAD,24.693
punggol_road,Punggol Road,8690.0,35598.465,41507.504,16.674,17.021,17.021,,,PUNGGOL ROAD,24.108
punggol_road,Punggol Road,8692.0,35598.308,41505.51,16.682,17.134,17.134,,,PUNGGOL ROAD,23.523
punggol_road,Punggol Road,8694.0,35598.152,41503.516,17.246,17.246,17.246,,,PUNGGOL ROAD,22.938
punggol_road,Punggol Road,8696.0,35597.996,41501.522,16.926,17.389,17.389,,,PUNGGOL ROAD,22.353
punggol_road,Punggol Road,8698.0,35597.84,41499.528,19.266,17.532,17.532,4.098,1.0,PUNGGOL ROAD,21.768
punggol_road,Punggol Road,8700.0,35597.683,41497.534,17.635,17.675,17.574,,,PUNGGOL ROAD,21.183
punggol_road,Punggol Road,8702.0,35597.527,41495.54,17.818,17.818,17.574,,,PUNGGOL ROAD,20.598
punggol_road,Punggol Road,8704.0,35597.371,41493.547,17.574,17.574,17.574,,,PUNGGOL ROAD,20.013
punggol_road,Punggol Road,8706.0,35597.214,41491.553,16.795,17.367,17.367,,,PUNGGOL ROAD,19.428
punggol_road,Punggol Road,8708.0,35597.058,41489.559,18.982,17.159,17.159,,,PUNGGOL ROAD,18.843
punggol_road,Punggol Road,8710.0,35596.902,41487.565,18.539,16.952,16.952,,,PUNGGOL ROAD,18.258
punggol_road,Punggol Road,8712.0,35596.745,41485.571,17.085,16.745,16.745,,,PUNGGOL ROAD,17.673
punggol_road,Punggol Road,8714.0,35596.589,41483.577,17.983,16.537,16.537,,,PUNGGOL ROAD,17.088
punggol_road,Punggol Road,8716.0,35596.433,41481.583,17.176,16.33,16.33,,,PUNGGOL ROAD,16.503
punggol_road,Punggol Road,8718.0,35596.277,41479.589,17.699,16.123,16.123,,,PUNGGOL ROAD,15.918
punggol_road,Punggol Road,8720.0,35596.12,41477.595,23.082,15.916,15.916,,,PUNGGOL ROAD,15.333
punggol_road,Punggol Road,8722.0,35595.964,41475.602,21.958,15.708,15.708,,,PUNGGOL ROAD,14.748
punggol_road,Punggol Road,8724.0,35595.808,41473.608,26.075,15.501,15.501,,,PUNGGOL ROAD,14.163
punggol_road,Punggol Road,8726.0,35595.651,41471.614,26.599,15.294,15.294,,,PUNGGOL ROAD,13.578
punggol_road,Punggol Road,8728.0,35595.495,41469.62,18.449,15.087,15.087,,,PUNGGOL ROAD,12.993
punggol_road,Punggol Road,8730.0,35595.339,41467.626,18.258,14.879,14.879,,,PUNGGOL ROAD,12.408
punggol_road,Punggol Road,8732.0,35595.183,41465.632,14.672,14.672,14.747,,,PUNGGOL ROAD,11.823
punggol_road,Punggol Road,8734.0,35595.026,41463.638,14.652,14.652,14.747,,,PUNGGOL ROAD,11.238
punggol_road,Punggol Road,8736.0,35594.87,41461.644,14.747,14.747,14.747,0.0,1.0,PUNGGOL ROAD,10.653
punggol_road,Punggol Road,8738.0,35594.714,41459.651,14.761,14.761,14.747,-2.315,1.0,PUNGGOL ROAD,10.068
punggol_road,Punggol Road,8740.0,35594.557,41457.657,14.75,14.75,14.747,-2.315,1.0,PUNGGOL ROAD,9.483
punggol_road,Punggol Road,8742.0,35594.401,41455.663,14.562,14.562,14.562,-2.315,1.0,PUNGGOL ROAD,8.898
punggol_road,Punggol Road,8744.0,35594.245,41453.669,14.546,14.546,14.562,-0.496,1.0,PUNGGOL ROAD,8.313
punggol_road,Punggol Road,8746.0,35594.089,41451.675,14.526,14.526,14.562,1.819,1.0,PUNGGOL ROAD,7.728
punggol_road,Punggol Road,8748.0,35593.56,41449.768,14.796,14.796,14.708,0.683,1.0,PUNGGOL ROAD,6.798
punggol_road,Punggol Road,8750.0,35592.818,41447.91,14.889,14.889,14.708,-0.452,1.0,PUNGGOL ROAD,5.672
punggol_road,Punggol Road,8752.0,35592.077,41446.053,14.907,14.708,14.708,-2.271,1.0,PUNGGOL ROAD,4.545
punggol_road,Punggol Road,8754.0,35591.336,41444.195,14.526,14.526,14.526,-1.817,1.0,PUNGGOL ROAD,3.418
punggol_road,Punggol Road,8756.0,35590.594,41442.338,14.524,14.524,14.526,-0.609,1.0,PUNGGOL ROAD,2.292
punggol_road,Punggol Road,8760.0,35589.111,41438.623,14.474,14.474,14.526,0.598,1.0,PUNGGOL ROAD,0.012
punggol_road,Punggol Road,8762.0,35588.37,41436.765,14.633,14.633,14.586,1.073,1.0,PUNGGOL ROAD,1.214
punggol_road,Punggol Road,8764.0,35587.629,41434.908,14.586,14.586,14.586,1.904,1.0,PUNGGOL ROAD,2.416
punggol_road,Punggol Road,8766.0,35586.887,41433.05,14.686,14.686,14.633,,,PUNGGOL ROAD,3.618
punggol_road,Punggol Road,8768.0,35586.146,41431.193,14.547,14.547,14.678,,,PUNGGOL ROAD,4.82
punggol_road,Punggol Road,8770.0,35585.404,41429.335,14.476,14.678,14.686,,,PUNGGOL ROAD,6.022
punggol_road,Punggol Road,8772.0,35584.663,41427.478,15.291,14.939,14.939,,,PUNGGOL ROAD,7.224
punggol_road,Punggol Road,8774.0,35583.922,41425.62,14.25,15.2,15.2,,,PUNGGOL ROAD,8.426
punggol_road,Punggol Road,8776.0,35583.18,41423.763,14.194,15.502,15.502,,,PUNGGOL ROAD,9.628
punggol_road,Punggol Road,8778.0,35582.439,41421.905,14.048,15.804,15.804,,,PUNGGOL ROAD,10.83
punggol_road,Punggol Road,8780.0,35581.697,41420.048,18.352,16.106,16.106,,,PUNGGOL ROAD,12.032
punggol_road,Punggol Road,8782.0,35580.956,41418.19,20.85,16.409,16.409,,,PUNGGOL ROAD,13.234
punggol_road,Punggol Road,8784.0,35580.215,41416.333,19.748,16.711,16.711,,,PUNGGOL ROAD,14.436
punggol_road,Punggol Road,8786.0,35579.473,41414.475,19.28,17.013,16.734,,,PUNGGOL ROAD,15.638
punggol_road,Punggol Road,8788.0,35578.732,41412.618,18.471,16.873,16.734,,,PUNGGOL ROAD,16.84
punggol_road,Punggol Road,8790.0,35577.99,41410.76,18.063,16.734,16.734,,,PUNGGOL ROAD,18.042
punggol_road,Punggol Road,8792.0,35577.249,41408.903,14.513,16.594,16.594,,,PUNGGOL ROAD,19.244
punggol_road,Punggol Road,8794.0,35576.508,41407.045,14.585,16.455,16.455,,,PUNGGOL ROAD,20.446
punggol_road,Punggol Road,8796.0,35575.766,41405.188,13.962,16.315,16.315,,,PUNGGOL ROAD,21.648
punggol_road,Punggol Road,8798.0,35575.025,41403.33,13.904,16.176,16.176,,,PUNGGOL ROAD,22.85
punggol_road,Punggol Road,8800.0,35574.283,41401.473,15.617,16.036,16.099,,,PUNGGOL ROAD,24.052
punggol_road,Punggol Road,8802.0,35573.542,41399.615,15.897,15.897,16.049,,,PUNGGOL ROAD,25.254
punggol_road,Punggol Road,8804.0,35572.801,41397.758,18.56,16.099,16.036,,,PUNGGOL ROAD,26.456
punggol_road,Punggol Road,8806.0,35572.059,41395.9,18.367,16.049,16.049,,,PUNGGOL ROAD,27.658
punggol_road,Punggol Road,8808.0,35571.318,41394.043,18.407,16.0,16.099,,,PUNGGOL ROAD,28.714
punggol_road,Punggol Road,8810.0,35570.576,41392.185,16.704,16.159,16.159,,,PUNGGOL ROAD,29.765
punggol_road,Punggol Road,8812.0,35569.835,41390.328,15.42,16.317,16.317,,,PUNGGOL ROAD,30.817
punggol_road,Punggol Road,8814.0,35569.094,41388.47,15.52,16.475,16.475,,,PUNGGOL ROAD,31.868
punggol_road,Punggol Road,8816.0,35568.352,41386.613,13.609,16.978,16.978,,,PUNGGOL ROAD,32.92
punggol_road,Punggol Road,8818.0,35567.611,41384.755,13.715,17.48,17.48,,,PUNGGOL ROAD,33.972
punggol_road,Punggol Road,8820.0,35566.869,41382.898,13.375,17.982,17.982,,,PUNGGOL ROAD,35.023
punggol_road,Punggol Road,8822.0,35566.128,41381.04,14.428,18.485,18.485,,,PUNGGOL ROAD,36.075
punggol_road,Punggol Road,8824.0,35565.387,41379.183,14.456,19.102,19.102,,,PUNGGOL ROAD,37.127
punggol_road,Punggol Road,8826.0,35564.645,41377.325,27.53,19.719,19.719,,,PUNGGOL ROAD,38.178
punggol_road,Punggol Road,8828.0,35563.904,41375.468,17.571,20.336,20.336,,,PUNGGOL ROAD,39.23
punggol_road,Punggol Road,8830.0,35563.162,41373.61,15.703,20.953,20.953,,,PUNGGOL ROAD,40.282
punggol_road,Punggol Road,8832.0,35562.421,41371.753,24.836,,21.57,,,PUNGGOL ROAD,41.333
punggol_road,Punggol Road,8834.0,35561.68,41369.895,25.186,,22.187,,,PUNGGOL ROAD,42.385
punggol_road,Punggol Road,8836.0,35560.938,41368.038,25.346,22.804,22.804,,,PUNGGOL ROAD,43.437
punggol_road,Punggol Road,8838.0,35560.197,41366.18,24.354,23.421,23.421,,,PUNGGOL ROAD,44.488
punggol_road,Punggol Road,8840.0,35559.455,41364.323,25.146,24.038,24.038,,,PUNGGOL ROAD,45.54
punggol_road,Punggol Road,8842.0,35558.714,41362.465,22.528,24.655,24.655,,,PUNGGOL ROAD,46.592
punggol_road,Punggol Road,8844.0,35557.973,41360.608,24.827,24.805,24.805,,,PUNGGOL ROAD,47.643
punggol_road,Punggol Road,8846.0,35557.231,41358.75,15.154,24.955,24.955,,,PUNGGOL ROAD,48.695
punggol_road,Punggol Road,8848.0,35556.49,41356.893,15.063,25.106,25.106,,,PUNGGOL ROAD,49.746
punggol_road,Punggol Road,8850.0,35555.748,41355.035,14.696,25.256,25.256,,,PUNGGOL ROAD,50.798
punggol_road,Punggol Road,8852.0,35555.007,41353.178,20.191,25.406,25.272,,,PUNGGOL ROAD,51.85
punggol_road,Punggol Road,8854.0,35554.266,41351.32,24.814,25.557,25.272,,,PUNGGOL ROAD,52.901
punggol_road,Punggol Road,8856.0,35553.524,41349.463,27.634,25.272,25.272,,,PUNGGOL ROAD,53.953
punggol_road,Punggol Road,8858.0,35552.783,41347.605,26.193,24.988,25.272,,,PUNGGOL ROAD,55.005
punggol_road,Punggol Road,8860.0,35552.041,41345.748,26.008,25.255,25.272,,,PUNGGOL ROAD,56.056
punggol_road,Punggol Road,8862.0,35551.3,41343.89,26.806,25.523,25.523,,,PUNGGOL ROAD,57.108
punggol_road,Punggol Road,8864.0,35550.559,41342.033,24.812,25.791,25.791,,,PUNGGOL ROAD,58.16
punggol_road,Punggol Road,8866.0,35549.817,41340.175,12.871,26.058,26.058,,,PUNGGOL ROAD,59.211
punggol_road,Punggol Road,8868.0,35549.076,41338.318,12.696,26.326,26.326,,,PUNGGOL ROAD,60.263
punggol_road,Punggol Road,8870.0,35548.335,41336.46,12.507,26.594,26.594,,,PUNGGOL ROAD,61.315
punggol_road,Punggol Road,8872.0,35547.593,41334.603,12.004,26.861,26.861,,,PUNGGOL ROAD,62.366
punggol_road,Punggol Road,8874.0,35546.852,41332.745,11.93,27.129,27.129,,,PUNGGOL ROAD,63.418
punggol_road,Punggol Road,8876.0,35546.11,41330.888,16.577,27.397,27.397,,,PUNGGOL ROAD,64.47
punggol_road,Punggol Road,8878.0,35545.369,41329.03,16.656,,27.664,,,PUNGGOL ROAD,65.521
punggol_road,Punggol Road,8880.0,35544.628,41327.173,14.595,,27.932,,,PUNGGOL ROAD,66.573
punggol_road,Punggol Road,8882.0,35543.886,41325.315,14.746,28.2,28.2,,,PUNGGOL ROAD,67.624
punggol_road,Punggol Road,8884.0,35543.145,41323.457,19.14,28.467,28.467,,,PUNGGOL ROAD,68.676
punggol_road,Punggol Road,9534.0,35302.191,40719.768,,28.735,28.735,,,PUNGGOL ROAD,107.344
punggol_road,Punggol Road,9536.0,35301.449,40717.91,,29.003,29.003,,,PUNGGOL ROAD,106.374
punggol_road,Punggol Road,9538.0,35300.708,40716.053,,29.271,29.271,,,PUNGGOL ROAD,105.403
punggol_road,Punggol Road,9540.0,35299.967,40714.195,,29.538,29.538,,,PUNGGOL ROAD,104.432
punggol_road,Punggol Road,9542.0,35299.225,40712.338,,29.806,29.806,,,PUNGGOL ROAD,103.461
punggol_road,Punggol Road,9544.0,35298.484,40710.48,,30.074,30.074,,,PUNGGOL ROAD,102.49
punggol_road,Punggol Road,9546.0,35297.742,40708.623,,30.341,30.074,,,PUNGGOL ROAD,101.519
punggol_road,Punggol Road,9548.0,35297.001,40706.765,,30.173,30.074,,,PUNGGOL ROAD,100.548
punggol_road,Punggol Road,9550.0,35296.26,40704.908,33.574,29.648,29.648,,,PUNGGOL ROAD,99.577
punggol_road,Punggol Road,9552.0,35295.518,40703.05,33.574,29.123,29.123,,,PUNGGOL ROAD,98.607
punggol_road,Punggol Road,9554.0,35294.777,40701.193,33.574,28.061,28.061,,,PUNGGOL ROAD,97.636
punggol_road,Punggol Road,9556.0,35294.035,40699.335,33.574,27.0,27.0,,,PUNGGOL ROAD,96.665
punggol_road,Punggol Road,9558.0,35293.294,40697.478,,25.939,25.939,,,PUNGGOL ROAD,95.694
punggol_road,Punggol Road,9560.0,35292.553,40695.62,,24.878,24.878,,,PUNGGOL ROAD,94.723
punggol_road,Punggol Road,9562.0,35291.811,40693.763,,23.817,23.817,,,PUNGGOL ROAD,93.752
punggol_road,Punggol Road,9564.0,35291.07,40691.905,,22.756,22.756,,,PUNGGOL ROAD,92.781
punggol_road,Punggol Road,9566.0,35290.328,40690.048,,21.694,21.694,,,PUNGGOL ROAD,91.81
punggol_road,Punggol Road,9568.0,35289.587,40688.19,,20.395,20.395,,,PUNGGOL ROAD,90.84
punggol_road,Punggol Road,9570.0,35288.846,40686.333,,19.095,19.095,,,PUNGGOL ROAD,89.869
punggol_road,Punggol Road,9572.0,35288.104,40684.475,,17.796,17.796,,,PUNGGOL ROAD,88.898
punggol_road,Punggol Road,9574.0,35287.363,40682.618,,16.496,16.496,,,PUNGGOL ROAD,87.927
punggol_road,Punggol Road,9576.0,35286.621,40680.76,,15.196,15.196,,,PUNGGOL ROAD,86.956
punggol_road,Punggol Road,9578.0,35285.88,40678.903,,13.897,13.897,,,PUNGGOL ROAD,85.985
punggol_road,Punggol Road,9580.0,35285.139,40677.045,12.597,12.597,12.597,,,PUNGGOL ROAD,85.014
punggol_road,Punggol Road,9582.0,35284.397,40675.188,,12.497,12.497,,,PUNGGOL ROAD,84.043
punggol_road,Punggol Road,9584.0,35283.656,40673.33,,12.398,12.398,-2.493,1.0,PUNGGOL ROAD,83.073
punggol_road,Punggol Road,9586.0,35282.914,40671.473,,12.298,12.398,,,PUNGGOL ROAD,82.104
punggol_road,Punggol Road,9588.0,35282.173,40669.615,,12.198,12.398,,,PUNGGOL ROAD,81.163
punggol_road,Punggol Road,9590.0,35281.432,40667.758,,12.441,12.441,,,PUNGGOL ROAD,80.262
punggol_road,Punggol Road,9592.0,35280.69,40665.9,,12.684,12.684,9.221,2.0,PUNGGOL ROAD,79.401
punggol_road,Punggol Road,9594.0,35279.949,40664.043,11.899,12.927,12.927,,,PUNGGOL ROAD,78.456
punggol_road,Punggol Road,9596.0,35279.207,40662.185,13.17,13.17,13.135,,,PUNGGOL ROAD,77.496
punggol_road,Punggol Road,9598.0,35278.466,40660.328,13.17,13.17,13.135,,,PUNGGOL ROAD,76.535
punggol_road,Punggol Road,9600.0,35277.725,40658.47,13.135,13.135,13.135,-3.968,1.0,PUNGGOL ROAD,75.574
punggol_road,Punggol Road,9602.0,35276.983,40656.613,13.163,12.977,12.977,,,PUNGGOL ROAD,74.613
punggol_road,Punggol Road,9604.0,35276.242,40654.755,25.473,12.818,12.818,,,PUNGGOL ROAD,73.653
punggol_road,Punggol Road,9606.0,35275.5,40652.898,25.473,12.811,12.811,,,PUNGGOL ROAD,72.692
punggol_road,Punggol Road,9608.0,35274.759,40651.04,12.128,12.804,12.804,-0.171,1.0,PUNGGOL ROAD,71.67
punggol_road,Punggol Road,9610.0,35274.018,40649.183,12.582,12.797,12.804,,,PUNGGOL ROAD,70.634
punggol_road,Punggol Road,9612.0,35273.276,40647.325,12.791,12.791,12.804,,,PUNGGOL ROAD,69.598
punggol_road,Punggol Road,9614.0,35272.535,40645.468,12.512,12.906,12.906,,,PUNGGOL ROAD,68.562
punggol_road,Punggol Road,9616.0,35271.793,40643.61,12.484,13.022,13.022,,,PUNGGOL ROAD,67.526
punggol_road,Punggol Road,9618.0,35271.052,40641.753,40.658,13.233,13.233,,,PUNGGOL ROAD,66.49
punggol_road,Punggol Road,9620.0,35270.311,40639.895,27.372,13.444,13.444,,,PUNGGOL ROAD,65.453
punggol_road,Punggol Road,9622.0,35269.569,40638.038,38.017,13.655,13.655,,,PUNGGOL ROAD,64.417
punggol_road,Punggol Road,9624.0,35268.828,40636.18,16.678,13.865,13.865,,,PUNGGOL ROAD,63.381
punggol_road,Punggol Road,9626.0,35268.086,40634.323,16.678,14.076,14.076,,,PUNGGOL ROAD,62.345
punggol_road,Punggol Road,9628.0,35267.345,40632.465,16.678,14.287,14.287,,,PUNGGOL ROAD,61.309
punggol_road,Punggol Road,9630.0,35266.604,40630.608,17.795,14.498,14.498,,,PUNGGOL ROAD,60.273
punggol_road,Punggol Road,9632.0,35265.862,40628.75,15.446,14.708,14.708,,,PUNGGOL ROAD,59.237
punggol_road,Punggol Road,9634.0,35265.121,40626.893,15.138,14.919,14.919,,,PUNGGOL ROAD,58.201
punggol_road,Punggol Road,9636.0,35264.38,40625.035,15.13,15.13,14.919,,,PUNGGOL ROAD,57.165
punggol_road,Punggol Road,9638.0,35263.638,40623.178,11.422,15.017,14.919,,,PUNGGOL ROAD,56.128
punggol_road,Punggol Road,9640.0,35262.897,40621.32,11.547,14.795,14.795,,,PUNGGOL ROAD,55.092
punggol_road,Punggol Road,9642.0,35262.155,40619.462,11.534,14.573,14.573,,,PUNGGOL ROAD,54.056
punggol_road,Punggol Road,9644.0,35261.414,40617.605,14.677,14.044,14.044,,,PUNGGOL ROAD,53.02
punggol_road,Punggol Road,9646.0,35260.673,40615.747,15.76,13.515,13.515,,,PUNGGOL ROAD,51.984
punggol_road,Punggol Road,9648.0,35259.931,40613.89,14.674,12.985,12.985,,,PUNGGOL ROAD,50.948
punggol_road,Punggol Road,9650.0,35259.19,40612.032,14.664,,12.456,,,PUNGGOL ROAD,49.912
punggol_road,Punggol Road,9652.0,35258.448,40610.175,12.164,,11.926,,,PUNGGOL ROAD,48.876
punggol_road,Punggol Road,9718.0,35233.982,40548.877,9.78,11.397,11.397,,,PUNGGOL ROAD,10.802
punggol_road,Punggol Road,9720.0,35233.241,40547.02,9.782,10.867,10.867,,,PUNGGOL ROAD,9.844
punggol_road,Punggol Road,9722.0,35232.499,40545.162,9.793,10.338,10.338,,,PUNGGOL ROAD,8.887
punggol_road,Punggol Road,9724.0,35231.758,40543.305,9.808,9.808,9.808,,,PUNGGOL ROAD,7.929
punggol_road,Punggol Road,9726.0,35231.017,40541.447,9.73,9.73,9.73,,,PUNGGOL ROAD,6.972
punggol_road,Punggol Road,9728.0,35230.275,40539.59,9.73,9.73,9.73,-1.231,1.0,PUNGGOL ROAD,6.014
punggol_road,Punggol Road,9730.0,35229.534,40537.732,9.72,9.72,9.72,-0.45,1.0,PUNGGOL ROAD,5.057
punggol_road,Punggol Road,9732.0,35228.792,40535.875,9.71,9.71,9.71,-0.806,1.0,PUNGGOL ROAD,4.099
punggol_road,Punggol Road,9734.0,35228.051,40534.017,9.695,9.695,9.695,-0.969,1.0,PUNGGOL ROAD,3.142
punggol_road,Punggol Road,9736.0,35227.31,40532.16,9.665,9.665,9.665,-0.844,1.0,PUNGGOL ROAD,2.184
punggol_road,Punggol Road,9738.0,35226.568,40530.302,9.642,9.642,9.642,-0.65,1.0,PUNGGOL ROAD,1.227
punggol_road,Punggol Road,9740.0,35225.827,40528.445,9.625,9.625,9.642,-0.494,1.0,PUNGGOL ROAD,0.269
punggol_road,Punggol Road,9742.0,35225.085,40526.587,9.607,9.607,9.642,-0.444,1.0,PUNGGOL ROAD,0.689
punggol_road,Punggol Road,9744.0,35224.344,40524.73,9.721,9.721,9.625,-1.275,1.0,PUNGGOL ROAD,1.646
punggol_road,Punggol Road,9746.0,35223.603,40522.872,9.748,9.748,9.607,-1.819,1.0,PUNGGOL ROAD,2.604
punggol_road,Punggol Road,9748.0,35222.861,40521.015,9.54,9.54,9.54,-2.075,1.0,PUNGGOL ROAD,3.561
punggol_road,Punggol Road,9750.0,35222.12,40519.157,9.497,9.497,9.497,-2.384,1.0,PUNGGOL ROAD,4.519
punggol_road,Punggol Road,9752.0,35221.378,40517.3,9.46,9.46,9.46,-2.222,1.0,PUNGGOL ROAD,5.476
punggol_road,Punggol Road,9754.0,35220.637,40515.442,9.416,9.416,9.416,-2.066,1.0,PUNGGOL ROAD,6.434
punggol_road,Punggol Road,9756.0,35219.896,40513.585,9.363,9.363,9.363,-2.069,1.0,PUNGGOL ROAD,7.391
punggol_road,Punggol Road,9758.0,35219.154,40511.727,9.294,9.294,9.332,-1.566,1.0,PUNGGOL ROAD,8.349
punggol_road,Punggol Road,9760.0,35218.413,40509.87,9.215,9.215,9.294,-1.43,1.0,PUNGGOL ROAD,9.306
punggol_road,Punggol Road,9762.0,35217.672,40508.012,9.332,9.332,9.291,-0.509,1.0,PUNGGOL ROAD,10.264
punggol_road,Punggol Road,9764.0,35216.93,40506.155,9.291,9.291,9.248,-0.038,1.0,PUNGGOL ROAD,11.222
punggol_road,Punggol Road,9766.0,35216.189,40504.297,12.601,9.248,9.291,,,PUNGGOL ROAD,12.179
punggol_road,Punggol Road,9768.0,35215.447,40502.44,9.206,9.206,9.291,,,PUNGGOL ROAD,13.137
punggol_road,Punggol Road,9770.0,35214.706,40500.582,10.179,9.494,9.494,,,PUNGGOL ROAD,14.094
punggol_road,Punggol Road,9772.0,35213.965,40498.725,8.968,9.782,9.782,9.441,2.0,PUNGGOL ROAD,15.052
punggol_road,Punggol Road,9774.0,35213.223,40496.867,10.463,10.071,10.046,,,PUNGGOL ROAD,16.009
punggol_road,Punggol Road,9776.0,35212.482,40495.01,8.949,10.359,10.046,,,PUNGGOL ROAD,16.967
punggol_road,Punggol Road,9778.0,35211.74,40493.152,13.942,10.046,10.046,,,PUNGGOL ROAD,17.924
punggol_road,Punggol Road,9780.0,35210.999,40491.295,16.148,9.733,9.733,,,PUNGGOL ROAD,18.882
punggol_road,Punggol Road,9782.0,35210.258,40489.437,12.724,9.42,9.42,,,PUNGGOL ROAD,19.839
punggol_road,Punggol Road,9784.0,35209.516,40487.58,9.945,9.147,9.147,,,PUNGGOL ROAD,20.797
punggol_road,Punggol Road,9786.0,35208.775,40485.722,8.432,8.874,8.874,,,PUNGGOL ROAD,21.754
punggol_road,Punggol Road,9788.0,35208.033,40483.865,8.283,8.601,8.601,,,PUNGGOL ROAD,22.712
punggol_road,Punggol Road,9790.0,35207.292,40482.007,8.328,8.328,8.328,,,PUNGGOL ROAD,23.669
punggol_road,Punggol Road,9792.0,35206.551,40480.15,9.859,8.304,8.304,,,PUNGGOL ROAD,24.626
punggol_road,Punggol Road,9794.0,35205.809,40478.292,8.28,8.28,8.304,,,PUNGGOL ROAD,25.522
punggol_road,Punggol Road,9796.0,35205.068,40476.434,8.277,8.277,8.304,,,PUNGGOL ROAD,26.225
punggol_road,Punggol Road,9798.0,35204.326,40474.577,9.056,8.372,8.372,2.556,1.0,PUNGGOL ROAD,26.928
punggol_road,Punggol Road,9800.0,35203.585,40472.719,8.336,8.466,8.466,2.556,1.0,PUNGGOL ROAD,27.632
punggol_road,Punggol Road,9802.0,35202.844,40470.862,8.561,8.561,8.508,,,PUNGGOL ROAD,28.335
punggol_road,Punggol Road,9804.0,35202.102,40469.004,8.76,8.76,8.508,,,PUNGGOL ROAD,29.039
punggol_road,Punggol Road,9806.0,35201.361,40467.147,8.913,8.508,8.508,-3.084,1.0,PUNGGOL ROAD,29.742
punggol_road,Punggol Road,9808.0,35200.619,40465.289,8.257,8.257,8.262,-3.084,1.0,PUNGGOL ROAD,30.446
punggol_road,Punggol Road,9810.0,35199.878,40463.432,8.254,8.254,8.262,-1.533,1.0,PUNGGOL ROAD,31.149
punggol_road,Punggol Road,9812.0,35199.137,40461.574,8.262,8.262,8.262,0.019,1.0,PUNGGOL ROAD,31.852
punggol_road,Punggol Road,9814.0,35198.395,40459.717,8.263,8.263,8.263,0.375,1.0,PUNGGOL ROAD,32.556
punggol_road,Punggol Road,9816.0,35197.654,40457.859,8.263,8.263,8.263,,,PUNGGOL ROAD,33.191
punggol_road,Punggol Road,9818.0,35196.912,40456.002,8.292,8.292,8.292,,,PUNGGOL ROAD,33.712
punggol_road,Punggol Road,9820.0,35196.171,40454.144,8.317,8.482,8.482,,,PUNGGOL ROAD,34.232
punggol_road,Punggol Road,9822.0,35195.43,40452.287,8.319,8.832,8.832,,,PUNGGOL ROAD,34.753
punggol_road,Punggol Road,9824.0,35194.688,40450.429,8.319,9.182,9.182,,,PUNGGOL ROAD,35.273
punggol_road,Punggol Road,9826.0,35193.947,40448.572,8.319,9.73,9.73,,,PUNGGOL ROAD,35.793
punggol_road,Punggol Road,9828.0,35193.205,40446.714,8.319,10.277,10.277,,,PUNGGOL ROAD,36.314
punggol_road,Punggol Road,9830.0,35192.464,40444.857,28.517,10.824,10.824,,,PUNGGOL ROAD,36.776
punggol_road,Punggol Road,9832.0,35191.723,40442.999,28.517,,11.372,,,PUNGGOL ROAD,37.203
punggol_road,Punggol Road,9834.0,35190.981,40441.142,28.517,,11.919,,,PUNGGOL ROAD,37.631
punggol_road,Punggol Road,9836.0,35190.24,40439.284,20.153,,12.467,,,PUNGGOL ROAD,38.059
punggol_road,Punggol Road,9838.0,35189.498,40437.427,20.153,,13.014,,,PUNGGOL ROAD,38.487
punggol_road,Punggol Road,9840.0,35188.757,40435.569,20.153,13.561,13.561,,,PUNGGOL ROAD,38.914
punggol_road,Punggol Road,9842.0,35188.016,40433.712,18.197,14.109,14.109,,,PUNGGOL ROAD,39.342
punggol_road,Punggol Road,9844.0,35187.274,40431.854,17.565,14.656,14.656,,,PUNGGOL ROAD,39.77
punggol_road,Punggol Road,9846.0,35186.533,40429.997,16.698,15.204,15.204,,,PUNGGOL ROAD,40.125
punggol_road,Punggol Road,9848.0,35185.791,40428.139,16.711,15.373,15.321,,,PUNGGOL ROAD,40.333
punggol_road,Punggol Road,9850.0,35185.05,40426.282,16.036,15.543,15.321,,,PUNGGOL ROAD,40.542
punggol_road,Punggol Road,9852.0,35184.309,40424.424,15.942,15.321,15.321,,,PUNGGOL ROAD,40.751
punggol_road,Punggol Road,9854.0,35183.567,40422.567,15.857,15.099,15.099,,,PUNGGOL ROAD,40.96
punggol_road,Punggol Road,9856.0,35182.826,40420.709,13.642,14.877,15.099,,,PUNGGOL ROAD,41.168
punggol_road,Punggol Road,9858.0,35182.084,40418.852,12.968,14.962,15.099,,,PUNGGOL ROAD,41.377
punggol_road,Punggol Road,9860.0,35181.343,40416.994,13.715,15.226,15.226,,,PUNGGOL ROAD,41.586
punggol_road,Punggol Road,9862.0,35180.602,40415.137,15.132,15.49,15.49,,,PUNGGOL ROAD,41.785
punggol_road,Punggol Road,9864.0,35179.86,40413.279,15.132,15.753,15.49,,,PUNGGOL ROAD,41.668
punggol_road,Punggol Road,9866.0,35179.119,40411.422,10.852,15.501,15.49,,,PUNGGOL ROAD,41.552
punggol_road,Punggol Road,9868.0,35178.377,40409.564,16.286,15.249,15.249,,,PUNGGOL ROAD,41.436
punggol_road,Punggol Road,9870.0,35177.636,40407.707,16.488,14.996,14.996,,,PUNGGOL ROAD,41.32
punggol_road,Punggol Road,9872.0,35176.895,40405.849,17.731,14.744,14.744,,,PUNGGOL ROAD,41.203
punggol_road,Punggol Road,9874.0,35176.153,40403.992,17.817,14.491,14.491,,,PUNGGOL ROAD,41.087
punggol_road,Punggol Road,9876.0,35175.412,40402.134,17.974,14.239,14.239,,,PUNGGOL ROAD,40.971
punggol_road,Punggol Road,9878.0,35174.67,40400.277,13.837,13.986,13.986,,,PUNGGOL ROAD,40.854
punggol_road,Punggol Road,9880.0,35173.929,40398.419,10.979,13.734,13.734,,,PUNGGOL ROAD,40.738
punggol_road,Punggol Road,9882.0,35173.188,40396.562,10.936,13.482,13.482,,,PUNGGOL ROAD,40.622
punggol_road,Punggol Road,9884.0,35172.446,40394.704,10.966,13.304,13.304,,,PUNGGOL ROAD,40.506
punggol_road,Punggol Road,9886.0,35171.705,40392.847,13.83,13.126,13.126,,,PUNGGOL ROAD,40.389
punggol_road,Punggol Road,9888.0,35170.964,40390.989,14.189,12.948,12.982,,,PUNGGOL ROAD,40.273
punggol_road,Punggol Road,9890.0,35170.222,40389.132,,12.771,12.982,,,PUNGGOL ROAD,40.157
punggol_road,Punggol Road,9892.0,35169.481,40387.274,,12.982,12.982,,,PUNGGOL ROAD,40.04
punggol_road,Punggol Road,9894.0,35168.739,40385.417,,13.294,13.294,,,PUNGGOL ROAD,39.924
punggol_road,Punggol Road,9896.0,35167.998,40383.559,,13.605,13.605,,,PUNGGOL ROAD,39.808
punggol_road,Punggol Road,9898.0,35167.257,40381.702,,14.087,14.087,,,PUNGGOL ROAD,39.692
punggol_road,Punggol Road,9900.0,35166.515,40379.844,,14.568,14.568,,,PUNGGOL ROAD,39.575
punggol_road,Punggol Road,9902.0,35165.774,40377.987,,15.05,15.05,,,PUNGGOL ROAD,39.459
punggol_road,Punggol Road,9904.0,35165.032,40376.129,,,15.531,,,PUNGGOL ROAD,39.343
punggol_road,Punggol Road,9906.0,35164.291,40374.272,,,16.013,,,PUNGGOL ROAD,39.226
punggol_road,Punggol Road,9908.0,35163.55,40372.414,,16.494,16.494,,,PUNGGOL ROAD,39.11
punggol_road,Punggol Road,9910.0,35162.808,40370.557,16.253,16.976,16.976,,,PUNGGOL ROAD,38.994
punggol_road,Punggol Road,9912.0,35162.067,40368.699,15.954,17.457,17.457,,,PUNGGOL ROAD,38.878
punggol_road,Punggol Road,9914.0,35161.325,40366.842,16.301,17.939,17.939,,,PUNGGOL ROAD,38.761
punggol_road,Punggol Road,9916.0,35160.584,40364.984,10.15,18.454,18.454,,,PUNGGOL ROAD,38.645
punggol_road,Punggol Road,9918.0,35159.843,40363.127,12.009,18.97,18.97,,,PUNGGOL ROAD,38.42
punggol_road,Punggol Road,9920.0,35159.101,40361.269,12.507,19.486,19.486,,,PUNGGOL ROAD,38.185
punggol_road,Punggol Road,9922.0,35158.36,40359.412,12.273,20.002,20.002,,,PUNGGOL ROAD,37.949
punggol_road,Punggol Road,9924.0,35157.618,40357.554,11.357,,20.26,,,PUNGGOL ROAD,37.713
punggol_road,Punggol Road,9926.0,35156.877,40355.697,11.357,,20.775,,,PUNGGOL ROAD,37.478
punggol_road,Punggol Road,9928.0,35156.136,40353.839,14.42,,21.549,,,PUNGGOL ROAD,37.242
punggol_road,Punggol Road,9930.0,35155.394,40351.982,18.808,,22.322,,,PUNGGOL ROAD,37.007
punggol_road,Punggol Road,9932.0,35154.653,40350.124,28.076,,22.838,,,PUNGGOL ROAD,36.771
punggol_road,Punggol Road,9934.0,35153.911,40348.267,28.095,23.096,23.096,,,PUNGGOL ROAD,36.535
punggol_road,Punggol Road,9936.0,35153.17,40346.409,28.627,23.612,23.612,,,PUNGGOL ROAD,36.3
punggol_road,Punggol Road,9938.0,35152.429,40344.552,28.1,24.128,24.128,,,PUNGGOL ROAD,36.064
punggol_road,Punggol Road,9940.0,35151.687,40342.694,20.515,24.643,24.643,,,PUNGGOL ROAD,35.829
punggol_road,Punggol Road,9942.0,35150.946,40340.837,22.925,24.784,24.691,,,PUNGGOL ROAD,35.593
punggol_road,Punggol Road,9944.0,35150.204,40338.979,22.226,24.925,24.691,,,PUNGGOL ROAD,35.357
punggol_road,Punggol Road,9946.0,35149.463,40337.121,23.46,24.691,24.691,,,PUNGGOL ROAD,35.122
punggol_road,Punggol Road,9948.0,35148.722,40335.264,19.497,24.363,24.363,,,PUNGGOL ROAD,34.886
punggol_road,Punggol Road,9950.0,35147.98,40333.406,18.04,24.035,24.035,,,PUNGGOL ROAD,34.651
punggol_road,Punggol Road,9952.0,35147.239,40331.549,9.736,23.582,23.582,,,PUNGGOL ROAD,34.415
punggol_road,Punggol Road,9954.0,35146.497,40329.691,9.694,23.129,23.129,,,PUNGGOL ROAD,34.179
punggol_road,Punggol Road,9956.0,35145.756,40327.834,9.666,22.677,22.677,,,PUNGGOL ROAD,33.944
punggol_road,Punggol Road,9958.0,35145.015,40325.976,12.119,22.224,22.224,,,PUNGGOL ROAD,33.708
punggol_road,Punggol Road,9960.0,35144.273,40324.119,20.171,21.771,21.771,,,PUNGGOL ROAD,33.472
punggol_road,Punggol Road,9962.0,35143.532,40322.261,19.863,21.318,21.318,,,PUNGGOL ROAD,33.237
punggol_road,Punggol Road,9964.0,35142.79,40320.404,28.192,20.834,20.834,,,PUNGGOL ROAD,33.001
punggol_road,Punggol Road,9966.0,35142.049,40318.546,31.239,20.35,20.35,,,PUNGGOL ROAD,32.766
punggol_road,Punggol Road,9968.0,35141.308,40316.689,33.777,19.866,19.866,,,PUNGGOL ROAD,32.53
punggol_road,Punggol Road,9970.0,35140.566,40314.831,34.833,19.382,19.382,,,PUNGGOL ROAD,32.294
punggol_road,Punggol Road,9972.0,35139.825,40312.974,30.304,,18.898,,,PUNGGOL ROAD,32.059
punggol_road,Punggol Road,9974.0,35139.083,40311.116,35.17,,18.414,,,PUNGGOL ROAD,31.823
punggol_road,Punggol Road,9976.0,35138.342,40309.259,28.275,,17.93,,,PUNGGOL ROAD,31.588
punggol_road,Punggol Road,9978.0,35137.601,40307.401,16.9,,17.446,,,PUNGGOL ROAD,31.352
punggol_road,Punggol Road,9980.0,35136.859,40305.544,12.512,16.962,16.962,,,PUNGGOL ROAD,31.116
punggol_road,Punggol Road,9982.0,35136.118,40303.686,15.04,16.478,16.478,,,PUNGGOL ROAD,30.881
punggol_road,Punggol Road,9984.0,35135.376,40301.829,14.813,15.994,15.994,,,PUNGGOL ROAD,30.645
punggol_road,Punggol Road,9986.0,35134.635,40299.971,15.51,15.51,15.577,,,PUNGGOL ROAD,30.41
punggol_road,Punggol Road,9988.0,35133.894,40298.114,12.194,15.577,15.51,,,PUNGGOL ROAD,30.174
punggol_road,Punggol Road,9990.0,35133.152,40296.256,11.886,15.409,15.409,,,PUNGGOL ROAD,29.938
punggol_road,Punggol Road,9992.0,35132.411,40294.399,15.711,15.148,15.148,,,PUNGGOL ROAD,29.703
punggol_road,Punggol Road,9994.0,35131.669,40292.541,19.321,14.888,14.888,,,PUNGGOL ROAD,29.467
punggol_road,Punggol Road,9996.0,35130.928,40290.684,21.717,14.627,14.627,,,PUNGGOL ROAD,29.231
punggol_road,Punggol Road,9998.0,35130.187,40288.826,21.892,14.321,14.321,,,PUNGGOL ROAD,28.996
punggol_road,Punggol Road,10000.0,35129.445,40286.969,21.583,14.014,14.014,,,PUNGGOL ROAD,28.76
punggol_road,Punggol Road,10002.0,35128.704,40285.111,14.552,13.707,13.707,,,PUNGGOL ROAD,28.452
punggol_road,Punggol Road,10004.0,35127.962,40283.254,12.72,,13.4,,,PUNGGOL ROAD,28.093
punggol_road,Punggol Road,10006.0,35127.221,40281.396,8.732,13.094,13.094,,,PUNGGOL ROAD,27.733
punggol_road,Punggol Road,10008.0,35126.48,40279.539,9.0,12.787,12.787,,,PUNGGOL ROAD,27.373
punggol_road,Punggol Road,10010.0,35125.738,40277.681,12.114,12.48,12.48,,,PUNGGOL ROAD,27.014
punggol_road,Punggol Road,10012.0,35124.997,40275.824,10.193,12.173,12.173,,,PUNGGOL ROAD,26.654
punggol_road,Punggol Road,10014.0,35124.256,40273.966,10.417,12.103,12.173,,,PUNGGOL ROAD,26.295
punggol_road,Punggol Road,10016.0,35123.514,40272.109,6.477,12.033,12.173,,,PUNGGOL ROAD,25.935
punggol_road,Punggol Road,10018.0,35122.773,40270.251,10.419,12.198,12.198,,,PUNGGOL ROAD,25.576
punggol_road,Punggol Road,10020.0,35122.031,40268.394,9.904,12.364,12.364,,,PUNGGOL ROAD,25.216
punggol_road,Punggol Road,10022.0,35121.29,40266.536,9.472,12.53,12.53,,,PUNGGOL ROAD,24.857
punggol_road,Punggol Road,10024.0,35120.549,40264.679,11.275,12.696,12.696,,,PUNGGOL ROAD,24.497
punggol_road,Punggol Road,10026.0,35119.807,40262.821,11.119,12.862,12.842,,,PUNGGOL ROAD,24.138
punggol_road,Punggol Road,10028.0,35119.066,40260.964,16.957,13.028,12.842,,,PUNGGOL ROAD,23.778
punggol_road,Punggol Road,10030.0,35118.324,40259.106,16.941,12.842,12.842,,,PUNGGOL ROAD,23.418
punggol_road,Punggol Road,10032.0,35117.583,40257.249,19.666,12.483,12.483,,,PUNGGOL ROAD,23.059
punggol_road,Punggol Road,10034.0,35116.842,40255.391,21.424,12.125,12.125,,,PUNGGOL ROAD,22.699
punggol_road,Punggol Road,10036.0,35116.1,40253.534,21.412,11.55,11.55,,,PUNGGOL ROAD,22.34
punggol_road,Punggol Road,10038.0,35115.359,40251.676,21.78,10.975,10.975,,,PUNGGOL ROAD,21.98
punggol_road,Punggol Road,10040.0,35114.617,40249.819,16.0,10.4,10.4,,,PUNGGOL ROAD,21.621
punggol_road,Punggol Road,10042.0,35113.876,40247.961,13.756,,9.825,,,PUNGGOL ROAD,21.23
punggol_road,Punggol Road,10044.0,35113.135,40246.104,13.633,,9.251,,,PUNGGOL ROAD,20.717
punggol_road,Punggol Road,10046.0,35112.393,40244.246,10.382,,8.676,,,PUNGGOL ROAD,20.205
punggol_road,Punggol Road,10048.0,35111.652,40242.389,7.291,8.101,8.101,,,PUNGGOL ROAD,19.692
punggol_road,Punggol Road,10050.0,35110.91,40240.531,5.911,7.526,7.526,,,PUNGGOL ROAD,19.18
punggol_road,Punggol Road,10052.0,35110.169,40238.674,5.833,6.951,6.951,,,PUNGGOL ROAD,18.667
punggol_road,Punggol Road,10054.0,35109.428,40236.816,6.376,6.376,6.599,,,PUNGGOL ROAD,18.155
punggol_road,Punggol Road,10056.0,35108.686,40234.959,10.446,6.599,6.376,,,PUNGGOL ROAD,17.642
punggol_road,Punggol Road,10058.0,35107.945,40233.101,9.456,6.338,6.338,,,PUNGGOL ROAD,17.13
punggol_road,Punggol Road,10060.0,35107.203,40231.244,7.045,6.076,6.076,-8.942,2.0,PUNGGOL ROAD,16.617
punggol_road,Punggol Road,10062.0,35106.462,40229.386,6.116,5.815,5.815,,,PUNGGOL ROAD,16.105
punggol_road,Punggol Road,10064.0,35105.721,40227.529,5.554,5.554,5.661,,,PUNGGOL ROAD,15.592
punggol_road,Punggol Road,10066.0,35104.979,40225.671,5.424,5.424,5.661,,,PUNGGOL ROAD,15.08
punggol_road,Punggol Road,10068.0,35104.238,40223.814,5.583,5.661,5.661,,,PUNGGOL ROAD,14.568
punggol_road,Punggol Road,10070.0,35103.496,40221.956,9.737,5.898,5.898,,,PUNGGOL ROAD,14.055
punggol_road,Punggol Road,10072.0,35102.755,40220.099,9.86,6.164,6.164,,,PUNGGOL ROAD,13.543
punggol_road,Punggol Road,10074.0,35102.014,40218.241,4.884,6.43,6.43,11.71,2.0,PUNGGOL ROAD,13.03
punggol_road,Punggol Road,10076.0,35101.272,40216.384,6.842,6.696,6.696,,,PUNGGOL ROAD,12.518
punggol_road,Punggol Road,10078.0,35100.531,40214.526,8.801,6.963,6.835,,,PUNGGOL ROAD,12.005
punggol_road,Punggol Road,10080.0,35099.789,40212.669,7.083,7.083,6.835,,,PUNGGOL ROAD,11.493
punggol_road,Punggol Road,10082.0,35099.048,40210.811,6.467,6.835,6.835,,,PUNGGOL ROAD,10.98
punggol_road,Punggol Road,10084.0,35098.307,40208.954,7.392,6.586,6.586,,,PUNGGOL ROAD,10.468
punggol_road,Punggol Road,10086.0,35097.565,40207.096,9.833,6.338,6.338,,,PUNGGOL ROAD,9.955
punggol_road,Punggol Road,10088.0,35096.824,40205.239,5.584,6.089,6.089,,,PUNGGOL ROAD,9.443
punggol_road,Punggol Road,10090.0,35096.082,40203.381,6.777,5.84,5.84,,,PUNGGOL ROAD,8.93
punggol_road,Punggol Road,10092.0,35095.341,40201.524,6.114,5.592,5.592,,,PUNGGOL ROAD,8.418
punggol_road,Punggol Road,10094.0,35094.6,40199.666,6.19,5.343,5.343,,,PUNGGOL ROAD,7.905
punggol_road,Punggol Road,10096.0,35093.858,40197.809,5.095,5.095,5.095,,,PUNGGOL ROAD,7.393
punggol_road,Punggol Road,10098.0,35093.117,40195.951,4.936,4.936,5.028,,,PUNGGOL ROAD,6.88
punggol_road,Punggol Road,10100.0,35092.375,40194.093,5.028,5.028,4.958,,,PUNGGOL ROAD,6.368
punggol_road,Punggol Road,10102.0,35091.634,40192.236,4.923,4.923,4.958,,,PUNGGOL ROAD,5.856
punggol_road,Punggol Road,10104.0,35090.893,40190.378,5.429,4.958,4.993,0.438,1.0,PUNGGOL ROAD,5.343
punggol_road,Punggol Road,10106.0,35090.151,40188.521,4.959,4.993,4.958,0.875,1.0,PUNGGOL ROAD,4.831
punggol_road,Punggol Road,10108.0,35089.41,40186.663,5.028,5.028,4.993,,,PUNGGOL ROAD,4.318
punggol_road,Punggol Road,10110.0,35088.668,40184.806,4.951,4.951,5.028,,,PUNGGOL ROAD,3.806
punggol_road,Punggol Road,10112.0,35087.927,40182.948,7.354,5.108,5.108,4.216,1.0,PUNGGOL ROAD,3.293
punggol_road,Punggol Road,10114.0,35087.186,40181.091,5.265,5.265,5.265,3.779,1.0,PUNGGOL ROAD,2.781
punggol_road,Punggol Road,10116.0,35086.444,40179.233,5.343,5.343,5.33,2.776,1.0,PUNGGOL ROAD,2.268
punggol_road,Punggol Road,10118.0,35085.703,40177.376,5.488,5.488,5.33,0.62,1.0,PUNGGOL ROAD,1.756
punggol_road,Punggol Road,10120.0,35084.961,40175.518,5.33,5.33,5.33,-3.2,1.0,PUNGGOL ROAD,1.243
punggol_road,Punggol Road,10122.0,35084.22,40173.661,5.315,5.315,5.315,-3.212,1.0,PUNGGOL ROAD,0.731
punggol_road,Punggol Road,10124.0,35083.479,40171.803,5.074,5.074,5.074,-4.199,1.0,PUNGGOL ROAD,0.255
punggol_road,Punggol Road,10126.0,35082.737,40169.946,5.073,5.073,5.073,-5.185,1.0,PUNGGOL ROAD,0.067
punggol_road,Punggol Road,10128.0,35081.996,40168.088,4.71,4.987,4.987,-2.995,1.0,PUNGGOL ROAD,0.388
punggol_road,Punggol Road,10130.0,35083.945,40168.377,4.9,4.9,4.9,-5.041,1.0,PUNGGOL ROAD,1.452
punggol_road,Punggol Road,10132.0,35085.92,40168.687,4.834,4.834,4.834,,,PUNGGOL ROAD,3.314
punggol_road,Punggol Road,10134.0,35087.896,40168.997,4.67,4.67,4.67,,,PUNGGOL ROAD,5.175
punggol_road,Punggol Road,10136.0,35089.872,40169.308,5.946,4.651,4.651,-2.519,1.0,PUNGGOL ROAD,7.037
punggol_road,Punggol Road,10138.0,35091.848,40169.618,4.589,4.633,4.633,-0.46,1.0,PUNGGOL ROAD,8.899
punggol_road,Punggol Road,10140.0,35092.829,40171.19,4.615,4.615,4.633,,,PUNGGOL ROAD,9.574
punggol_road,Punggol Road,10142.0,35093.593,40173.039,4.587,4.587,4.633,,,PUNGGOL ROAD,10.11
punggol_road,Punggol Road,10144.0,35094.357,40174.887,4.641,4.641,4.615,,,PUNGGOL ROAD,10.646
punggol_road,Punggol Road,10146.0,35095.12,40176.736,4.686,4.686,4.607,,,PUNGGOL ROAD,11.182
punggol_road,Punggol Road,10148.0,35095.884,40178.584,9.906,4.607,4.641,,,PUNGGOL ROAD,11.718
punggol_road,Punggol Road,10150.0,35096.648,40180.432,6.61,4.529,4.643,,,PUNGGOL ROAD,12.254
punggol_road,Punggol Road,10152.0,35097.412,40182.281,5.886,4.643,4.643,,,PUNGGOL ROAD,12.789
punggol_road,Punggol Road,10154.0,35098.176,40184.129,4.384,4.757,4.757,,,PUNGGOL ROAD,13.325
punggol_road,Punggol Road,10156.0,35098.939,40185.978,4.294,4.984,4.984,,,PUNGGOL ROAD,13.861
punggol_road,Punggol Road,10158.0,35099.703,40187.826,4.294,5.21,5.21,,,PUNGGOL ROAD,14.397
punggol_road,Punggol Road,10160.0,35100.467,40189.674,5.676,5.437,5.437,,,PUNGGOL ROAD,14.933
punggol_road,Punggol Road,10162.0,35101.231,40191.523,5.664,5.664,5.664,,,PUNGGOL ROAD,15.468
punggol_road,Punggol Road,10164.0,35101.995,40193.371,9.072,5.725,5.725,,,PUNGGOL ROAD,16.004
punggol_road,Punggol Road,10166.0,35102.758,40195.22,5.787,5.787,5.787,,,PUNGGOL ROAD,16.54
punggol_road,Punggol Road,10168.0,35103.522,40197.068,4.607,5.93,5.93,,,PUNGGOL ROAD,17.076
punggol_road,Punggol Road,10170.0,35104.286,40198.916,4.921,6.073,6.073,7.162,1.0,PUNGGOL ROAD,17.612
punggol_road,Punggol Road,10172.0,35105.05,40200.765,6.226,6.216,6.216,,,PUNGGOL ROAD,18.147
punggol_road,Punggol Road,10174.0,35105.814,40202.613,6.36,6.36,6.36,,,PUNGGOL ROAD,18.683
punggol_road,Punggol Road,10176.0,35106.577,40204.462,6.23,6.572,6.572,,,PUNGGOL ROAD,19.219
punggol_road,Punggol Road,10178.0,35107.341,40206.31,6.528,6.785,6.785,,,PUNGGOL ROAD,19.755
punggol_road,Punggol Road,10180.0,35108.105,40208.158,9.69,6.998,6.998,,,PUNGGOL ROAD,20.291
punggol_road,Punggol Road,10182.0,35108.869,40210.007,7.469,7.139,7.139,,,PUNGGOL ROAD,20.827
punggol_road,Punggol Road,10184.0,35109.633,40211.855,7.279,7.382,7.382,,,PUNGGOL ROAD,21.362
punggol_road,Punggol Road,10186.0,35110.397,40213.704,7.177,7.625,7.625,,,PUNGGOL ROAD,21.898
punggol_road,Punggol Road,10188.0,35111.16,40215.552,7.319,8.012,8.012,,,PUNGGOL ROAD,22.434
punggol_road,Punggol Road,10190.0,35111.924,40217.4,9.131,8.399,8.399,,,PUNGGOL ROAD,22.97
punggol_road,Punggol Road,10192.0,35112.688,40219.249,9.169,8.786,8.786,,,PUNGGOL ROAD,23.506
punggol_road,Punggol Road,10194.0,35113.452,40221.097,7.786,9.174,9.174,,,PUNGGOL ROAD,24.041
punggol_road,Punggol Road,10196.0,35114.216,40222.946,12.197,9.561,9.561,,,PUNGGOL ROAD,24.577
punggol_road,Punggol Road,10198.0,35114.979,40224.794,9.762,9.948,9.948,,,PUNGGOL ROAD,25.113
punggol_road,Punggol Road,10200.0,35115.743,40226.642,12.252,10.335,10.335,,,PUNGGOL ROAD,25.649
punggol_road,Punggol Road,10202.0,35116.507,40228.491,16.235,10.627,10.627,,,PUNGGOL ROAD,26.185
punggol_road,Punggol Road,10204.0,35117.271,40230.339,18.005,10.918,10.918,,,PUNGGOL ROAD,26.721
punggol_road,Punggol Road,10206.0,35118.035,40232.188,13.504,11.21,11.21,,,PUNGGOL ROAD,27.256
punggol_road,Punggol Road,10208.0,35118.798,40234.036,13.444,11.502,11.502,,,PUNGGOL ROAD,27.792
punggol_road,Punggol Road,10210.0,35119.562,40235.884,17.04,11.793,11.793,,,PUNGGOL ROAD,28.328
punggol_road,Punggol Road,10212.0,35120.326,40237.733,23.63,12.085,12.085,,,PUNGGOL ROAD,28.864
punggol_road,Punggol Road,10214.0,35121.09,40239.581,22.736,12.376,12.376,,,PUNGGOL ROAD,29.4
punggol_road,Punggol Road,10216.0,35121.854,40241.43,21.646,12.668,12.668,,,PUNGGOL ROAD,29.935
punggol_road,Punggol Road,10218.0,35122.617,40243.278,20.209,12.959,12.959,,,PUNGGOL ROAD,30.471
punggol_road,Punggol Road,10220.0,35123.381,40245.126,24.378,13.251,13.251,,,PUNGGOL ROAD,31.007
punggol_road,Punggol Road,10222.0,35124.145,40246.975,21.396,13.543,13.543,,,PUNGGOL ROAD,31.523
punggol_road,Punggol Road,10224.0,35124.909,40248.823,28.676,13.834,13.834,,,PUNGGOL ROAD,31.906
punggol_road,Punggol Road,10226.0,35125.673,40250.672,26.49,14.126,14.126,,,PUNGGOL ROAD,32.289
punggol_road,Punggol Road,10228.0,35126.436,40252.52,25.143,14.417,14.417,,,PUNGGOL ROAD,32.673
punggol_road,Punggol Road,10230.0,35127.2,40254.368,24.482,14.709,14.709,,,PUNGGOL ROAD,33.056
punggol_road,Punggol Road,10232.0,35127.964,40256.217,19.484,15.0,15.0,,,PUNGGOL ROAD,33.439
punggol_road,Punggol Road,10234.0,35128.728,40258.065,18.656,15.292,15.292,,,PUNGGOL ROAD,33.823
punggol_road,Punggol Road,10236.0,35129.492,40259.914,15.078,15.584,15.584,,,PUNGGOL ROAD,34.206
punggol_road,Punggol Road,10238.0,35130.256,40261.762,15.699,15.875,15.875,,,PUNGGOL ROAD,34.589
punggol_road,Punggol Road,10240.0,35131.019,40263.611,16.122,16.167,16.167,,,PUNGGOL ROAD,34.972
punggol_road,Punggol Road,10242.0,35131.783,40265.459,14.831,16.458,16.458,,,PUNGGOL ROAD,35.356
punggol_road,Punggol Road,10244.0,35132.547,40267.307,15.519,16.75,16.75,,,PUNGGOL ROAD,35.739
punggol_road,Punggol Road,10246.0,35133.311,40269.156,18.397,17.051,17.051,,,PUNGGOL ROAD,36.122
punggol_road,Punggol Road,10248.0,35134.075,40271.004,18.31,17.352,17.352,,,PUNGGOL ROAD,36.506
punggol_road,Punggol Road,10250.0,35134.838,40272.853,17.625,17.79,17.79,,,PUNGGOL ROAD,36.889
punggol_road,Punggol Road,10252.0,35135.602,40274.701,17.856,18.227,18.227,,,PUNGGOL ROAD,37.272
punggol_road,Punggol Road,10254.0,35136.366,40276.549,16.207,18.664,18.664,,,PUNGGOL ROAD,37.656
punggol_road,Punggol Road,10256.0,35137.13,40278.398,16.904,19.101,19.101,,,PUNGGOL ROAD,38.039
punggol_road,Punggol Road,10258.0,35137.894,40280.246,16.559,19.587,19.587,,,PUNGGOL ROAD,38.422
punggol_road,Punggol Road,10260.0,35138.657,40282.095,11.002,20.072,20.072,,,PUNGGOL ROAD,38.806
punggol_road,Punggol Road,10262.0,35139.421,40283.943,20.643,20.558,20.558,,,PUNGGOL ROAD,39.179
punggol_road,Punggol Road,10264.0,35140.185,40285.791,24.613,,20.801,,,PUNGGOL ROAD,39.439
punggol_road,Punggol Road,10266.0,35140.949,40287.64,27.574,,21.287,,,PUNGGOL ROAD,39.699
punggol_road,Punggol Road,10268.0,35141.713,40289.488,28.228,,22.015,,,PUNGGOL ROAD,39.958
punggol_road,Punggol Road,10270.0,35142.476,40291.337,27.676,,22.744,,,PUNGGOL ROAD,40.218
punggol_road,Punggol Road,10272.0,35143.24,40293.185,24.514,,23.23,,,PUNGGOL ROAD,40.477
punggol_road,Punggol Road,10274.0,35144.004,40295.033,26.735,23.473,23.473,,,PUNGGOL ROAD,40.737
punggol_road,Punggol Road,10276.0,35144.768,40296.882,34.02,23.958,23.958,,,PUNGGOL ROAD,40.997
punggol_road,Punggol Road,10278.0,35145.532,40298.73,37.153,24.444,24.444,,,PUNGGOL ROAD,41.256
punggol_road,Punggol Road,10280.0,35146.295,40300.579,32.066,24.93,24.93,,,PUNGGOL ROAD,41.516
punggol_road,Punggol Road,10282.0,35147.059,40302.427,29.17,25.435,25.435,,,PUNGGOL ROAD,41.776
punggol_road,Punggol Road,10284.0,35147.823,40304.275,26.322,25.94,25.94,,,PUNGGOL ROAD,42.035
punggol_road,Punggol Road,10286.0,35148.587,40306.124,27.627,26.446,26.446,,,PUNGGOL ROAD,42.295
punggol_road,Punggol Road,10288.0,35149.351,40307.972,27.406,26.951,26.951,,,PUNGGOL ROAD,42.554
punggol_road,Punggol Road,10290.0,35150.115,40309.821,25.449,27.456,27.456,,,PUNGGOL ROAD,42.814
punggol_road,Punggol Road,10292.0,35150.878,40311.669,32.62,27.613,27.579,,,PUNGGOL ROAD,43.074
punggol_road,Punggol Road,10294.0,35151.642,40313.517,26.811,27.77,27.579,,,PUNGGOL ROAD,43.333
punggol_road,Punggol Road,10296.0,35152.406,40315.366,32.864,27.579,27.579,,,PUNGGOL ROAD,43.593
punggol_road,Punggol Road,10298.0,35153.17,40317.214,30.595,27.387,27.387,,,PUNGGOL ROAD,43.852
punggol_road,Punggol Road,10300.0,35153.934,40319.063,29.982,27.196,27.196,,,PUNGGOL ROAD,44.112
punggol_road,Punggol Road,10302.0,35154.697,40320.911,30.761,26.677,26.677,,,PUNGGOL ROAD,44.372
punggol_road,Punggol Road,10304.0,35155.461,40322.759,25.55,26.159,26.159,,,PUNGGOL ROAD,44.631
punggol_road,Punggol Road,10306.0,35156.225,40324.608,30.434,25.64,25.64,,,PUNGGOL ROAD,44.891
punggol_road,Punggol Road,10308.0,35156.989,40326.456,19.884,25.072,25.072,,,PUNGGOL ROAD,45.151
punggol_road,Punggol Road,10310.0,35157.753,40328.305,26.285,24.504,24.504,,,PUNGGOL ROAD,45.41
punggol_road,Punggol Road,10312.0,35158.516,40330.153,26.729,23.936,23.936,,,PUNGGOL ROAD,45.67
punggol_road,Punggol Road,10314.0,35159.28,40332.001,26.328,,23.368,,,PUNGGOL ROAD,45.929
punggol_road,Punggol Road,10316.0,35160.044,40333.85,27.939,,22.8,,,PUNGGOL ROAD,46.189
punggol_road,Punggol Road,10318.0,35160.808,40335.698,25.431,,22.232,,,PUNGGOL ROAD,46.449
punggol_road,Punggol Road,10320.0,35161.572,40337.547,24.016,21.664,21.664,,,PUNGGOL ROAD,46.708
punggol_road,Punggol Road,10322.0,35162.335,40339.395,29.259,21.096,21.096,,,PUNGGOL ROAD,46.968
punggol_road,Punggol Road,10324.0,35163.099,40341.243,29.302,20.528,20.528,,,PUNGGOL ROAD,47.227
punggol_road,Punggol Road,10326.0,35163.863,40343.092,29.812,19.96,19.96,,,PUNGGOL ROAD,47.487
punggol_road,Punggol Road,10328.0,35164.627,40344.94,14.28,19.194,19.194,,,PUNGGOL ROAD,47.747
punggol_road,Punggol Road,10330.0,35165.391,40346.789,13.952,18.429,18.429,,,PUNGGOL ROAD,48.006
punggol_road,Punggol Road,10332.0,35166.154,40348.637,13.946,17.663,17.663,,,PUNGGOL ROAD,48.266
punggol_road,Punggol Road,10334.0,35166.918,40350.486,16.021,16.897,16.897,,,PUNGGOL ROAD,48.525
punggol_road,Punggol Road,10336.0,35167.682,40352.334,26.468,,16.514,,,PUNGGOL ROAD,48.785
punggol_road,Punggol Road,10338.0,35168.446,40354.182,21.958,,16.132,,,PUNGGOL ROAD,49.045
punggol_road,Punggol Road,10340.0,35169.21,40356.031,16.222,,15.366,,,PUNGGOL ROAD,49.304
punggol_road,Punggol Road,10342.0,35169.974,40357.879,16.241,,13.069,,,PUNGGOL ROAD,49.564
punggol_road,Punggol Road,10344.0,35170.737,40359.728,12.558,,12.303,,,PUNGGOL ROAD,49.824
punggol_road,Punggol Road,10346.0,35171.501,40361.576,12.3,,11.92,,,PUNGGOL ROAD,50.08
punggol_road,Punggol Road,10348.0,35172.265,40363.424,12.284,11.538,11.538,,,PUNGGOL ROAD,50.22
punggol_road,Punggol Road,10350.0,35173.029,40365.273,13.572,10.772,10.772,,,PUNGGOL ROAD,50.361
punggol_road,Punggol Road,10352.0,35173.793,40367.121,13.572,10.006,10.006,,,PUNGGOL ROAD,50.501
punggol_road,Punggol Road,10354.0,35174.556,40368.97,8.209,9.241,9.489,,,PUNGGOL ROAD,50.641
punggol_road,Punggol Road,10356.0,35175.32,40370.818,7.349,9.365,9.489,,,PUNGGOL ROAD,50.782
punggol_road,Punggol Road,10358.0,35176.084,40372.666,7.349,9.489,9.489,,,PUNGGOL ROAD,50.922
punggol_road,Punggol Road,10360.0,35176.848,40374.515,7.349,9.614,9.614,,,PUNGGOL ROAD,51.063
punggol_road,Punggol Road,10362.0,35177.612,40376.363,7.349,9.738,9.738,,,PUNGGOL ROAD,51.203
punggol_road,Punggol Road,10364.0,35178.375,40378.212,7.349,10.219,10.219,,,PUNGGOL ROAD,51.344
punggol_road,Punggol Road,10366.0,35179.139,40380.06,,10.7,10.7,,,PUNGGOL ROAD,51.484
punggol_road,Punggol Road,10368.0,35179.903,40381.908,11.946,11.181,11.181,,,PUNGGOL ROAD,51.624
punggol_road,Punggol Road,10370.0,35180.667,40383.757,11.676,11.662,11.662,,,PUNGGOL ROAD,51.765
punggol_road,Punggol Road,10372.0,35181.431,40385.605,11.676,12.143,12.143,,,PUNGGOL ROAD,51.905
punggol_road,Punggol Road,10374.0,35182.194,40387.454,11.441,12.624,12.624,,,PUNGGOL ROAD,52.046
punggol_road,Punggol Road,10376.0,35182.958,40389.302,,,12.864,,,PUNGGOL ROAD,52.186
punggol_road,Punggol Road,10378.0,35183.722,40391.15,21.096,,13.346,,,PUNGGOL ROAD,52.327
punggol_road,Punggol Road,10380.0,35184.486,40392.999,20.562,,14.067,,,PUNGGOL ROAD,52.467
punggol_road,Punggol Road,10382.0,35185.25,40394.847,20.599,,14.789,,,PUNGGOL ROAD,52.607
punggol_road,Punggol Road,10384.0,35186.014,40396.696,18.635,,15.27,,,PUNGGOL ROAD,52.748
punggol_road,Punggol Road,10386.0,35186.777,40398.544,18.608,15.51,15.51,,,PUNGGOL ROAD,52.888
punggol_road,Punggol Road,10388.0,35187.541,40400.392,18.665,15.991,15.991,,,PUNGGOL ROAD,53.029
punggol_road,Punggol Road,10390.0,35188.305,40402.241,16.812,16.472,16.472,,,PUNGGOL ROAD,53.169
punggol_road,Punggol Road,10392.0,35189.069,40404.089,10.621,16.953,16.953,,,PUNGGOL ROAD,53.31
punggol_road,Punggol Road,10394.0,35189.833,40405.938,10.621,17.094,17.094,,,PUNGGOL ROAD,53.45
punggol_road,Punggol Road,10396.0,35190.596,40407.786,10.621,17.234,17.234,,,PUNGGOL ROAD,53.59
punggol_road,Punggol Road,10398.0,35191.36,40409.634,20.326,17.375,17.375,,,PUNGGOL ROAD,53.731
punggol_road,Punggol Road,10400.0,35192.124,40411.483,13.907,17.515,17.515,,,PUNGGOL ROAD,53.693
punggol_road,Punggol Road,10402.0,35192.888,40413.331,13.55,17.656,17.656,,,PUNGGOL ROAD,53.508
punggol_road,Punggol Road,10404.0,35193.652,40415.18,17.937,17.796,17.796,,,PUNGGOL ROAD,53.324
punggol_road,Punggol Road,10406.0,35194.415,40417.028,17.937,17.937,17.937,,,PUNGGOL ROAD,53.139
punggol_road,Punggol Road,10408.0,35195.179,40418.876,17.974,17.974,17.974,,,PUNGGOL ROAD,52.954
punggol_road,Punggol Road,10410.0,35195.943,40420.725,17.426,18.236,18.236,,,PUNGGOL ROAD,52.77
punggol_road,Punggol Road,10412.0,35196.707,40422.573,15.65,18.499,18.499,,,PUNGGOL ROAD,52.585
punggol_road,Punggol Road,10414.0,35197.471,40424.422,14.581,18.761,18.761,,,PUNGGOL ROAD,52.38
punggol_road,Punggol Road,10416.0,35198.234,40426.27,14.643,19.023,18.949,,,PUNGGOL ROAD,51.976
punggol_road,Punggol Road,10418.0,35198.998,40428.118,13.944,18.986,18.949,,,PUNGGOL ROAD,51.572
punggol_road,Punggol Road,10420.0,35199.762,40429.967,20.668,18.949,18.949,,,PUNGGOL ROAD,51.168
punggol_road,Punggol Road,10422.0,35200.526,40431.815,19.81,18.66,18.66,,,PUNGGOL ROAD,50.764
punggol_road,Punggol Road,10424.0,35201.29,40433.664,19.799,18.372,18.372,,,PUNGGOL ROAD,50.36
punggol_road,Punggol Road,10426.0,35202.053,40435.512,21.918,18.084,18.084,,,PUNGGOL ROAD,49.956
punggol_road,Punggol Road,10428.0,35202.817,40437.36,16.731,17.796,17.796,,,PUNGGOL ROAD,49.552
punggol_road,Punggol Road,10430.0,35203.581,40439.209,15.37,17.508,17.508,,,PUNGGOL ROAD,49.118
punggol_road,Punggol Road,10432.0,35204.345,40441.057,14.412,17.22,17.22,,,PUNGGOL ROAD,48.621
punggol_road,Punggol Road,10434.0,35205.109,40442.906,11.648,16.932,17.065,,,PUNGGOL ROAD,48.124
punggol_road,Punggol Road,10436.0,35205.873,40444.754,10.454,16.998,17.065,,,PUNGGOL ROAD,47.627
punggol_road,Punggol Road,10438.0,35206.636,40446.603,13.119,17.065,17.065,,,PUNGGOL ROAD,47.13
punggol_road,Punggol Road,10440.0,35207.4,40448.451,12.658,17.132,17.132,,,PUNGGOL ROAD,46.633
punggol_road,Punggol Road,10442.0,35208.164,40450.299,13.717,17.199,17.199,,,PUNGGOL ROAD,46.12
punggol_road,Punggol Road,10444.0,35208.928,40452.148,14.718,17.266,17.199,,,PUNGGOL ROAD,45.439
punggol_road,Punggol Road,10446.0,35209.692,40453.996,15.041,17.333,17.199,,,PUNGGOL ROAD,44.758
punggol_road,Punggol Road,10448.0,35210.455,40455.845,17.471,17.193,17.193,,,PUNGGOL ROAD,44.077
punggol_road,Punggol Road,10450.0,35211.219,40457.693,17.466,17.053,17.053,,,PUNGGOL ROAD,43.397
punggol_road,Punggol Road,10452.0,35211.983,40459.541,17.466,16.088,16.088,,,PUNGGOL ROAD,42.716
punggol_road,Punggol Road,10454.0,35212.747,40461.39,17.418,15.123,15.123,,,PUNGGOL ROAD,42.035
punggol_road,Punggol Road,10456.0,35213.511,40463.238,16.858,14.158,14.158,,,PUNGGOL ROAD,41.354
punggol_road,Punggol Road,10458.0,35214.274,40465.087,41.934,,13.193,,,PUNGGOL ROAD,40.674
punggol_road,Punggol Road,10460.0,35215.038,40466.935,41.934,,12.228,,,PUNGGOL ROAD,39.993
punggol_road,Punggol Road,10462.0,35215.802,40468.783,8.362,11.262,11.262,,,PUNGGOL ROAD,39.281
punggol_road,Punggol Road,10464.0,35216.566,40470.632,8.352,10.297,10.297,,,PUNGGOL ROAD,38.345
punggol_road,Punggol Road,10466.0,35217.33,40472.48,8.367,9.332,9.332,,,PUNGGOL ROAD,37.409
punggol_road,Punggol Road,10468.0,35218.093,40474.329,8.367,8.367,8.421,,,PUNGGOL ROAD,36.473
punggol_road,Punggol Road,10470.0,35218.857,40476.177,8.366,8.366,8.421,,,PUNGGOL ROAD,35.537
punggol_road,Punggol Road,10472.0,35219.621,40478.025,8.421,8.421,8.421,1.031,1.0,PUNGGOL ROAD,34.601
punggol_road,Punggol Road,10474.0,35220.385,40479.874,8.494,8.494,8.494,1.031,1.0,PUNGGOL ROAD,33.664
punggol_road,Punggol Road,10476.0,35221.149,40481.722,8.504,8.504,8.504,1.031,1.0,PUNGGOL ROAD,32.728
punggol_road,Punggol Road,10478.0,35221.912,40483.571,8.508,8.508,8.504,0.119,1.0,PUNGGOL ROAD,31.792
punggol_road,Punggol Road,10480.0,35222.676,40485.419,8.504,8.504,8.504,0.0,1.0,PUNGGOL ROAD,30.856
punggol_road,Punggol Road,10482.0,35223.44,40487.267,8.471,8.471,8.504,0.313,1.0,PUNGGOL ROAD,29.92
punggol_road,Punggol Road,10484.0,35224.204,40489.116,8.486,8.486,8.504,0.313,1.0,PUNGGOL ROAD,28.983
punggol_road,Punggol Road,10486.0,35224.968,40490.964,8.532,8.532,8.529,0.313,1.0,PUNGGOL ROAD,28.047
punggol_road,Punggol Road,10488.0,35225.732,40492.813,8.532,8.532,8.529,0.313,1.0,PUNGGOL ROAD,27.111
punggol_road,Punggol Road,10490.0,35226.495,40494.661,8.529,8.529,8.529,0.0,1.0,PUNGGOL ROAD,26.175
punggol_road,Punggol Road,10492.0,35227.259,40496.509,8.523,8.523,8.529,,,PUNGGOL ROAD,25.238
punggol_road,Punggol Road,10494.0,35228.023,40498.358,8.474,8.474,8.529,,,PUNGGOL ROAD,24.302
punggol_road,Punggol Road,10496.0,35228.787,40500.206,9.722,8.692,8.692,,,PUNGGOL ROAD,23.366
punggol_road,Punggol Road,10498.0,35229.551,40502.055,9.64,8.91,8.91,10.231,2.0,PUNGGOL ROAD,22.43
punggol_road,Punggol Road,10500.0,35230.314,40503.903,8.922,9.129,9.129,,,PUNGGOL ROAD,21.493
punggol_road,Punggol Road,10502.0,35231.078,40505.751,9.347,9.347,9.347,,,PUNGGOL ROAD,20.557
punggol_road,Punggol Road,10504.0,35231.842,40507.6,13.246,9.405,9.405,,,PUNGGOL ROAD,19.621
punggol_road,Punggol Road,10506.0,35232.606,40509.448,9.464,9.464,9.464,,,PUNGGOL ROAD,18.685
punggol_road,Punggol Road,10508.0,35233.37,40511.297,10.444,9.489,9.489,,,PUNGGOL ROAD,17.748
punggol_road,Punggol Road,10510.0,35234.133,40513.145,15.963,9.514,9.514,,,PUNGGOL ROAD,16.812
punggol_road,Punggol Road,10512.0,35234.897,40514.993,9.433,9.54,9.54,,,PUNGGOL ROAD,15.876
punggol_road,Punggol Road,10514.0,35235.661,40516.842,10.639,9.565,9.565,,,PUNGGOL ROAD,14.94
punggol_road,Punggol Road,10516.0,35236.425,40518.69,9.662,9.59,9.565,,,PUNGGOL ROAD,14.004
punggol_road,Punggol Road,10518.0,35237.189,40520.539,9.616,9.616,9.565,,,PUNGGOL ROAD,13.067
punggol_road,Punggol Road,10520.0,35237.952,40522.387,9.479,9.479,9.59,,,PUNGGOL ROAD,12.131
punggol_road,Punggol Road,10522.0,35238.716,40524.235,9.542,9.542,9.598,1.271,1.0,PUNGGOL ROAD,11.195
punggol_road,Punggol Road,10524.0,35239.48,40526.084,9.598,9.598,9.598,1.698,1.0,PUNGGOL ROAD,10.259
punggol_road,Punggol Road,10526.0,35240.244,40527.932,9.667,9.667,9.667,2.287,1.0,PUNGGOL ROAD,9.322
punggol_road,Punggol Road,10528.0,35241.008,40529.781,9.726,9.726,9.726,2.909,1.0,PUNGGOL ROAD,8.386
punggol_road,Punggol Road,10530.0,35241.771,40531.629,9.78,9.78,9.78,2.55,1.0,PUNGGOL ROAD,7.45
punggol_road,Punggol Road,10532.0,35242.535,40533.478,9.83,9.83,9.83,2.169,1.0,PUNGGOL ROAD,6.514
punggol_road,Punggol Road,10534.0,35243.299,40535.326,9.87,9.87,9.87,1.838,1.0,PUNGGOL ROAD,5.577
punggol_road,Punggol Road,10536.0,35244.063,40537.174,9.9,9.9,9.9,1.497,1.0,PUNGGOL ROAD,4.641
punggol_road,Punggol Road,10538.0,35244.827,40539.023,9.928,9.928,9.928,1.306,1.0,PUNGGOL ROAD,3.705
punggol_road,Punggol Road,10540.0,35245.591,40540.871,9.95,9.95,9.95,1.381,1.0,PUNGGOL ROAD,2.769
punggol_road,Punggol Road,10542.0,35246.354,40542.72,9.975,9.975,9.975,1.491,1.0,PUNGGOL ROAD,1.832
punggol_road,Punggol Road,10544.0,35247.118,40544.568,10.01,10.01,10.01,1.581,1.0,PUNGGOL ROAD,0.896
punggol_road,Punggol Road,10546.0,35247.882,40546.416,10.047,10.047,10.047,0.559,1.0,PUNGGOL ROAD,0.04
punggol_road,Punggol Road,10548.0,35248.646,40548.265,10.076,10.076,10.076,0.734,1.0,PUNGGOL ROAD,0.976
punggol_road,Punggol Road,10568.0,35256.284,40566.749,10.282,10.282,10.12,0.762,1.0,PUNGGOL ROAD,15.516
punggol_road,Punggol Road,10570.0,35257.048,40568.597,15.432,10.201,10.201,0.647,1.0,PUNGGOL ROAD,16.531
punggol_road,Punggol Road,10572.0,35257.811,40570.446,10.12,10.12,10.245,1.834,1.0,PUNGGOL ROAD,17.546
punggol_road,Punggol Road,10574.0,35258.575,40572.294,10.267,10.267,10.245,1.014,1.0,PUNGGOL ROAD,18.562
punggol_road,Punggol Road,10576.0,35259.339,40574.142,10.245,10.245,10.267,,,PUNGGOL ROAD,19.577
punggol_road,Punggol Road,10578.0,35260.103,40575.991,10.282,10.282,10.282,,,PUNGGOL ROAD,20.592
punggol_road,Punggol Road,10580.0,35260.867,40577.839,10.616,10.572,10.572,,,PUNGGOL ROAD,21.608
punggol_road,Punggol Road,10582.0,35261.63,40579.688,10.704,10.861,10.861,,,PUNGGOL ROAD,22.623
punggol_road,Punggol Road,10584.0,35262.394,40581.536,10.397,11.222,11.222,,,PUNGGOL ROAD,23.639
punggol_road,Punggol Road,10586.0,35263.158,40583.384,14.383,11.583,11.583,,,PUNGGOL ROAD,24.654
punggol_road,Punggol Road,10588.0,35263.922,40585.233,19.054,11.944,11.944,,,PUNGGOL ROAD,25.669
punggol_road,Punggol Road,10590.0,35264.686,40587.081,15.252,,12.306,,,PUNGGOL ROAD,26.685
punggol_road,Punggol Road,10592.0,35265.45,40588.93,13.297,12.667,12.667,,,PUNGGOL ROAD,27.7
punggol_road,Punggol Road,10594.0,35266.213,40590.778,13.119,13.028,13.028,,,PUNGGOL ROAD,28.715
punggol_road,Punggol Road,10596.0,35266.977,40592.626,14.386,13.389,13.389,,,PUNGGOL ROAD,29.731
punggol_road,Punggol Road,10598.0,35267.741,40594.475,12.906,13.75,13.75,,,PUNGGOL ROAD,30.746
punggol_road,Punggol Road,10600.0,35268.505,40596.323,22.224,13.862,13.836,,,PUNGGOL ROAD,31.761
punggol_road,Punggol Road,10602.0,35269.269,40598.172,18.244,13.974,13.836,,,PUNGGOL ROAD,32.777
punggol_road,Punggol Road,10604.0,35270.032,40600.02,18.062,13.836,13.836,,,PUNGGOL ROAD,33.792
punggol_road,Punggol Road,10606.0,35270.796,40601.868,20.662,13.699,13.699,,,PUNGGOL ROAD,34.807
punggol_road,Punggol Road,10608.0,35271.56,40603.717,25.272,13.561,13.561,,,PUNGGOL ROAD,35.823
punggol_road,Punggol Road,10610.0,35272.324,40605.565,29.947,13.424,13.424,,,PUNGGOL ROAD,36.838
punggol_road,Punggol Road,10612.0,35273.088,40607.414,23.985,13.286,13.286,,,PUNGGOL ROAD,37.853
punggol_road,Punggol Road,10614.0,35273.851,40609.262,14.556,13.149,13.149,,,PUNGGOL ROAD,38.869
punggol_road,Punggol Road,10616.0,35274.615,40611.11,13.539,13.011,13.011,,,PUNGGOL ROAD,39.884
punggol_road,Punggol Road,10618.0,35275.379,40612.959,11.661,12.874,12.874,,,PUNGGOL ROAD,40.899
punggol_road,Punggol Road,10620.0,35276.143,40614.807,13.121,12.736,12.845,,,PUNGGOL ROAD,41.915
punggol_road,Punggol Road,10622.0,35276.907,40616.656,12.218,12.599,12.845,,,PUNGGOL ROAD,42.93
punggol_road,Punggol Road,10624.0,35277.67,40618.504,12.461,12.845,12.845,,,PUNGGOL ROAD,43.945
punggol_road,Punggol Road,10626.0,35278.434,40620.352,11.583,13.092,13.092,,,PUNGGOL ROAD,44.961
punggol_road,Punggol Road,10628.0,35279.198,40622.201,11.58,13.338,13.338,,,PUNGGOL ROAD,45.976
punggol_road,Punggol Road,10630.0,35279.962,40624.049,17.34,13.498,13.498,,,PUNGGOL ROAD,46.991
punggol_road,Punggol Road,10632.0,35280.726,40625.898,17.462,13.659,13.498,,,PUNGGOL ROAD,48.007
punggol_road,Punggol Road,10634.0,35281.489,40627.746,14.319,13.54,13.498,,,PUNGGOL ROAD,49.022
punggol_road,Punggol Road,10636.0,35282.253,40629.595,14.392,13.421,13.421,,,PUNGGOL ROAD,50.038
punggol_road,Punggol Road,10638.0,35283.017,40631.443,23.611,13.303,13.303,,,PUNGGOL ROAD,51.053
punggol_road,Punggol Road,10640.0,35283.781,40633.291,24.764,13.184,13.184,,,PUNGGOL ROAD,52.068
punggol_road,Punggol Road,10642.0,35284.545,40635.14,20.779,13.066,13.066,,,PUNGGOL ROAD,53.084
punggol_road,Punggol Road,10644.0,35285.309,40636.988,27.279,12.947,12.947,,,PUNGGOL ROAD,54.099
punggol_road,Punggol Road,10646.0,35286.072,40638.837,27.474,12.829,12.829,,,PUNGGOL ROAD,55.114
punggol_road,Punggol Road,10648.0,35286.836,40640.685,12.074,12.71,12.71,,,PUNGGOL ROAD,56.057
punggol_road,Punggol Road,10650.0,35287.6,40642.533,27.847,12.591,12.591,,,PUNGGOL ROAD,56.997
punggol_road,Punggol Road,10652.0,35288.364,40644.382,12.345,12.473,12.555,,,PUNGGOL ROAD,57.936
punggol_road,Punggol Road,10654.0,35289.128,40646.23,12.354,12.354,12.555,,,PUNGGOL ROAD,58.876
punggol_road,Punggol Road,10656.0,35289.891,40648.079,12.003,12.555,12.555,,,PUNGGOL ROAD,59.815
punggol_road,Punggol Road,10658.0,35290.655,40649.927,11.81,12.755,12.755,6.122,1.0,PUNGGOL ROAD,60.755
punggol_road,Punggol Road,10660.0,35291.419,40651.775,12.956,12.956,12.956,,,PUNGGOL ROAD,61.694
punggol_road,Punggol Road,10662.0,35292.183,40653.624,13.044,13.044,13.044,,,PUNGGOL ROAD,62.585
punggol_road,Punggol Road,10664.0,35292.947,40655.472,13.098,13.098,13.098,,,PUNGGOL ROAD,63.427
punggol_road,Punggol Road,10666.0,35293.71,40657.321,12.875,13.147,13.147,,,PUNGGOL ROAD,64.321
punggol_road,Punggol Road,10668.0,35294.474,40659.169,13.41,13.197,13.197,,,PUNGGOL ROAD,65.261
punggol_road,Punggol Road,10670.0,35295.238,40661.017,13.518,13.284,13.226,,,PUNGGOL ROAD,66.211
punggol_road,Punggol Road,10672.0,35296.002,40662.866,13.187,13.372,13.226,,,PUNGGOL ROAD,67.16
punggol_road,Punggol Road,10674.0,35296.766,40664.714,20.698,13.226,13.226,,,PUNGGOL ROAD,68.11
punggol_road,Punggol Road,10676.0,35297.529,40666.563,18.49,13.08,13.08,,,PUNGGOL ROAD,69.06
punggol_road,Punggol Road,10678.0,35298.293,40668.411,16.716,12.933,12.933,,,PUNGGOL ROAD,70.009
punggol_road,Punggol Road,10680.0,35299.057,40670.259,29.035,12.787,12.787,,,PUNGGOL ROAD,70.959
punggol_road,Punggol Road,10682.0,35299.821,40672.108,12.496,12.641,12.787,,,PUNGGOL ROAD,71.909
punggol_road,Punggol Road,10684.0,35300.585,40673.956,12.495,12.753,12.787,,,PUNGGOL ROAD,72.858
punggol_road,Punggol Road,10686.0,35301.348,40675.805,12.522,13.075,13.075,,,PUNGGOL ROAD,73.808
punggol_road,Punggol Road,10688.0,35302.112,40677.653,12.533,13.398,13.398,,,PUNGGOL ROAD,74.757
punggol_road,Punggol Road,10690.0,35302.876,40679.501,28.514,13.957,13.957,,,PUNGGOL ROAD,75.707
punggol_road,Punggol Road,10692.0,35303.64,40681.35,,14.516,14.516,,,PUNGGOL ROAD,76.657
punggol_road,Punggol Road,10694.0,35304.404,40683.198,,15.075,15.075,,,PUNGGOL ROAD,77.606
punggol_road,Punggol Road,10696.0,35305.168,40685.047,,15.634,15.634,,,PUNGGOL ROAD,78.556
punggol_road,Punggol Road,10698.0,35305.931,40686.895,,16.193,16.193,,,PUNGGOL ROAD,79.506
punggol_road,Punggol Road,10700.0,35306.695,40688.743,,16.792,16.792,,,PUNGGOL ROAD,80.455
punggol_road,Punggol Road,10702.0,35307.459,40690.592,,17.401,17.401,,,PUNGGOL ROAD,81.405
punggol_road,Punggol Road,10704.0,35308.223,40692.44,,18.01,18.01,,,PUNGGOL ROAD,82.355
punggol_road,Punggol Road,10706.0,35308.987,40694.289,,18.618,18.618,,,PUNGGOL ROAD,83.304
punggol_road,Punggol Road,10708.0,35309.75,40696.137,,,18.923,,,PUNGGOL ROAD,84.254
punggol_road,Punggol Road,10710.0,35310.514,40697.985,,,19.227,,,PUNGGOL ROAD,85.204
punggol_road,Punggol Road,10712.0,35311.278,40699.834,,,19.836,,,PUNGGOL ROAD,86.153
punggol_road,Punggol Road,10714.0,35312.042,40701.682,,,21.662,,,PUNGGOL ROAD,87.103
punggol_road,Punggol Road,10716.0,35312.806,40703.531,,,22.271,,,PUNGGOL ROAD,88.053
punggol_road,Punggol Road,10718.0,35313.569,40705.379,,,22.575,,,PUNGGOL ROAD,89.002
punggol_road,Punggol Road,10720.0,35314.333,40707.227,,22.879,22.879,,,PUNGGOL ROAD,89.952
punggol_road,Punggol Road,10722.0,35315.097,40709.076,,23.488,23.488,,,PUNGGOL ROAD,90.902
punggol_road,Punggol Road,10724.0,35315.861,40710.924,,24.097,24.097,,,PUNGGOL ROAD,91.851
punggol_road,Punggol Road,10726.0,35316.625,40712.773,,24.705,24.705,,,PUNGGOL ROAD,92.801
punggol_road,Punggol Road,10728.0,35317.388,40714.621,,25.346,25.346,,,PUNGGOL ROAD,93.751
punggol_road,Punggol Road,10730.0,35318.152,40716.47,,25.987,25.987,32.033,2.0,PUNGGOL ROAD,94.7
punggol_road,Punggol Road,10732.0,35318.916,40718.318,,26.627,26.627,,,PUNGGOL ROAD,95.631
punggol_road,Punggol Road,10734.0,35319.68,40720.166,,27.268,27.268,,,PUNGGOL ROAD,96.441
punggol_road,Punggol Road,10736.0,35320.444,40722.015,,27.909,27.909,,,PUNGGOL ROAD,97.251
punggol_road,Punggol Road,10738.0,35321.207,40723.863,,28.549,28.549,,,PUNGGOL ROAD,98.061
punggol_road,Punggol Road,10740.0,35321.971,40725.712,,29.19,29.19,,,PUNGGOL ROAD,98.871
punggol_road,Punggol Road,10742.0,35322.735,40727.56,,29.831,29.831,,,PUNGGOL ROAD,99.681
punggol_road,Punggol Road,10744.0,35323.499,40729.408,,30.041,30.031,,,PUNGGOL ROAD,100.491
punggol_road,Punggol Road,11348.0,35554.169,41287.626,31.112,30.251,30.031,,,PUNGGOL ROAD,64.019
punggol_road,Punggol Road,11350.0,35554.933,41289.475,31.018,30.031,30.031,,,PUNGGOL ROAD,62.947
punggol_road,Punggol Road,11352.0,35555.696,41291.323,31.018,29.811,29.811,,,PUNGGOL ROAD,61.874
punggol_road,Punggol Road,11354.0,35556.46,41293.172,31.018,27.495,27.495,,,PUNGGOL ROAD,60.802
punggol_road,Punggol Road,11356.0,35557.224,41295.02,,25.178,25.178,,,PUNGGOL ROAD,59.73
punggol_road,Punggol Road,11358.0,35557.988,41296.868,,22.862,22.862,,,PUNGGOL ROAD,58.658
punggol_road,Punggol Road,11360.0,35558.752,41298.717,,,20.545,,,PUNGGOL ROAD,57.586
punggol_road,Punggol Road,11362.0,35559.515,41300.565,11.706,18.229,18.229,,,PUNGGOL ROAD,56.514
punggol_road,Punggol Road,11364.0,35560.279,41302.414,11.681,15.912,15.912,,,PUNGGOL ROAD,55.442
punggol_road,Punggol Road,11366.0,35561.043,41304.262,11.681,13.596,13.596,,,PUNGGOL ROAD,54.369
punggol_road,Punggol Road,11368.0,35561.807,41306.11,11.279,11.279,11.376,,,PUNGGOL ROAD,53.297
punggol_road,Punggol Road,11370.0,35562.571,41307.959,11.376,11.376,11.332,,,PUNGGOL ROAD,52.225
punggol_road,Punggol Road,11372.0,35563.335,41309.807,11.141,11.141,11.332,1.835,1.0,PUNGGOL ROAD,51.153
punggol_road,Punggol Road,11374.0,35564.098,41311.656,10.881,11.332,11.376,,,PUNGGOL ROAD,50.081
punggol_road,Punggol Road,11376.0,35564.862,41313.504,11.522,11.522,11.522,,,PUNGGOL ROAD,49.009
punggol_road,Punggol Road,11378.0,35565.626,41315.352,12.223,11.891,11.891,,,PUNGGOL ROAD,47.937
punggol_road,Punggol Road,11380.0,35566.39,41317.201,11.756,12.259,12.259,,,PUNGGOL ROAD,46.864
punggol_road,Punggol Road,11382.0,35567.154,41319.049,22.333,12.449,12.449,,,PUNGGOL ROAD,45.792
punggol_road,Punggol Road,11384.0,35567.917,41320.898,11.442,12.638,12.638,,,PUNGGOL ROAD,44.72
punggol_road,Punggol Road,11386.0,35568.681,41322.746,11.372,12.828,12.828,,,PUNGGOL ROAD,43.648
punggol_road,Punggol Road,11388.0,35569.445,41324.594,16.04,,12.923,,,PUNGGOL ROAD,42.576
punggol_road,Punggol Road,11390.0,35570.209,41326.443,16.074,,13.113,,,PUNGGOL ROAD,41.504
punggol_road,Punggol Road,11392.0,35570.973,41328.291,19.462,,13.398,,,PUNGGOL ROAD,40.432
punggol_road,Punggol Road,11394.0,35571.736,41330.14,15.678,,13.682,,,PUNGGOL ROAD,39.359
punggol_road,Punggol Road,11396.0,35572.5,41331.988,16.522,,13.872,,,PUNGGOL ROAD,38.287
punggol_road,Punggol Road,11398.0,35573.264,41333.836,19.777,13.967,13.967,,,PUNGGOL ROAD,37.215
punggol_road,Punggol Road,11400.0,35574.028,41335.685,19.018,14.157,14.157,,,PUNGGOL ROAD,36.143
punggol_road,Punggol Road,11402.0,35574.792,41337.533,18.276,14.347,14.24,,,PUNGGOL ROAD,35.071
punggol_road,Punggol Road,11404.0,35575.555,41339.382,19.36,14.536,14.24,,,PUNGGOL ROAD,33.999
punggol_road,Punggol Road,11406.0,35576.319,41341.23,15.139,14.24,14.24,,,PUNGGOL ROAD,32.927
punggol_road,Punggol Road,11408.0,35577.083,41343.079,12.07,13.943,13.943,,,PUNGGOL ROAD,31.854
punggol_road,Punggol Road,11410.0,35577.847,41344.927,12.138,13.646,13.646,,,PUNGGOL ROAD,30.782
punggol_road,Punggol Road,11412.0,35578.611,41346.775,12.106,13.349,13.349,,,PUNGGOL ROAD,29.71
punggol_road,Punggol Road,11414.0,35579.375,41348.624,11.457,13.052,13.052,,,PUNGGOL ROAD,28.638
punggol_road,Punggol Road,11416.0,35580.138,41350.472,11.388,12.755,13.052,,,PUNGGOL ROAD,27.566
punggol_road,Punggol Road,11418.0,35580.902,41352.321,11.479,12.947,13.052,,,PUNGGOL ROAD,26.494
punggol_road,Punggol Road,11420.0,35581.666,41354.169,11.6,13.138,13.138,,,PUNGGOL ROAD,25.422
punggol_road,Punggol Road,11422.0,35582.43,41356.017,14.368,13.329,13.329,,,PUNGGOL ROAD,24.349
punggol_road,Punggol Road,11424.0,35583.194,41357.866,15.75,13.521,13.521,,,PUNGGOL ROAD,23.277
punggol_road,Punggol Road,11426.0,35583.957,41359.714,16.039,13.712,13.712,,,PUNGGOL ROAD,22.205
punggol_road,Punggol Road,11428.0,35584.721,41361.563,15.877,13.904,13.904,,,PUNGGOL ROAD,21.133
punggol_road,Punggol Road,11430.0,35585.485,41363.411,12.32,14.095,14.095,,,PUNGGOL ROAD,20.061
punggol_road,Punggol Road,11432.0,35586.249,41365.259,13.048,14.286,14.095,,,PUNGGOL ROAD,18.989
punggol_road,Punggol Road,11434.0,35587.013,41367.108,14.92,14.11,14.095,,,PUNGGOL ROAD,17.917
punggol_road,Punggol Road,11436.0,35587.776,41368.956,14.506,13.934,13.934,,,PUNGGOL ROAD,16.844
punggol_road,Punggol Road,11438.0,35588.54,41370.805,13.555,13.757,13.757,,,PUNGGOL ROAD,15.772
punggol_road,Punggol Road,11440.0,35589.304,41372.653,13.581,13.581,13.581,,,PUNGGOL ROAD,14.7
punggol_road,Punggol Road,11442.0,35590.068,41374.501,13.572,13.572,13.572,,,PUNGGOL ROAD,13.628
punggol_road,Punggol Road,11444.0,35590.832,41376.35,16.345,13.522,13.522,-1.991,1.0,PUNGGOL ROAD,12.556
punggol_road,Punggol Road,11446.0,35591.595,41378.198,15.932,13.472,13.472,-4.82,1.0,PUNGGOL ROAD,11.484
punggol_road,Punggol Road,11448.0,35592.359,41380.047,13.422,13.422,13.422,-4.194,1.0,PUNGGOL ROAD,10.412
punggol_road,Punggol Road,11450.0,35593.123,41381.895,13.186,13.186,13.186,-3.569,1.0,PUNGGOL ROAD,9.339
punggol_road,Punggol Road,11452.0,35593.887,41383.743,13.065,13.065,13.186,-2.747,1.0,PUNGGOL ROAD,8.267
punggol_road,Punggol Road,11454.0,35594.651,41385.592,13.133,13.133,13.186,1.044,1.0,PUNGGOL ROAD,7.195
punggol_road,Punggol Road,11456.0,35595.414,41387.44,13.202,13.202,13.202,1.909,1.0,PUNGGOL ROAD,6.123
punggol_road,Punggol Road,11458.0,35596.178,41389.289,13.27,13.27,13.27,2.803,1.0,PUNGGOL ROAD,5.051
punggol_road,Punggol Road,11460.0,35596.942,41391.137,13.339,13.339,13.339,4.713,1.0,PUNGGOL ROAD,3.979
punggol_road,Punggol Road,11462.0,35597.706,41392.985,13.41,13.41,13.41,4.843,1.0,PUNGGOL ROAD,2.907
punggol_road,Punggol Road,11464.0,35598.47,41394.834,13.579,13.579,13.579,4.148,1.0,PUNGGOL ROAD,1.834
punggol_road,Punggol Road,11466.0,35599.234,41396.682,13.732,13.732,13.657,4.019,1.0,PUNGGOL ROAD,0.762
punggol_road,Punggol Road,11468.0,35599.997,41398.531,13.657,13.657,13.671,,,PUNGGOL ROAD,0.31
punggol_road,Punggol Road,11470.0,35600.761,41400.379,13.671,13.671,13.732,,,PUNGGOL ROAD,1.382
punggol_road,Punggol Road,11472.0,35601.525,41402.227,13.67,13.893,13.893,8.342,1.0,PUNGGOL ROAD,2.454
punggol_road,Punggol Road,11474.0,35602.289,41404.076,13.597,14.116,14.116,,,PUNGGOL ROAD,3.658
punggol_road,Punggol Road,11476.0,35603.053,41405.924,14.338,14.338,14.338,,,PUNGGOL ROAD,4.879
punggol_road,Punggol Road,11478.0,35603.816,41407.773,14.334,14.636,14.636,,,PUNGGOL ROAD,6.1
punggol_road,Punggol Road,11480.0,35604.58,41409.621,14.474,14.935,14.935,,,PUNGGOL ROAD,7.322
punggol_road,Punggol Road,11482.0,35605.344,41411.469,16.686,15.233,15.233,,,PUNGGOL ROAD,8.543
punggol_road,Punggol Road,11484.0,35606.108,41413.318,15.992,15.278,15.278,,,PUNGGOL ROAD,9.764
punggol_road,Punggol Road,11486.0,35606.872,41415.166,15.116,15.324,15.278,,,PUNGGOL ROAD,10.985
punggol_road,Punggol Road,11488.0,35607.635,41417.015,15.369,15.369,15.278,,,PUNGGOL ROAD,12.207
punggol_road,Punggol Road,11490.0,35608.399,41418.863,15.43,15.146,15.146,,,PUNGGOL ROAD,13.428
punggol_road,Punggol Road,11492.0,35607.595,41420.436,15.607,14.923,14.923,,,PUNGGOL ROAD,13.063
punggol_road,Punggol Road,11494.0,35606.247,41421.913,14.7,14.7,14.7,,,PUNGGOL ROAD,12.149
punggol_road,Punggol Road,11496.0,35604.898,41423.391,14.36,14.619,14.619,,,PUNGGOL ROAD,11.235
punggol_road,Punggol Road,11498.0,35603.337,41424.454,14.992,14.538,14.538,-2.029,1.0,PUNGGOL ROAD,10.007
punggol_road,Punggol Road,11500.0,35601.352,41424.697,14.157,14.457,14.538,,,PUNGGOL ROAD,8.154
punggol_road,Punggol Road,11502.0,35599.367,41424.94,16.129,14.376,14.538,,,PUNGGOL ROAD,6.302
punggol_road,Punggol Road,11504.0,35597.381,41425.183,14.594,14.594,14.457,,,PUNGGOL ROAD,4.45
punggol_road,Punggol Road,11506.0,35595.396,41425.426,14.618,14.618,14.376,-3.01,1.0,PUNGGOL ROAD,2.597
punggol_road,Punggol Road,11508.0,35593.411,41425.668,14.337,14.337,14.337,-2.06,1.0,PUNGGOL ROAD,0.745
punggol_road,Punggol Road,11510.0,35591.418,41425.798,14.297,14.297,14.297,-1.294,1.0,PUNGGOL ROAD,1.144
punggol_road,Punggol Road,11512.0,35589.418,41425.817,14.26,14.26,14.292,-0.96,1.0,PUNGGOL ROAD,3.069
punggol_road,Punggol Road,11514.0,35587.418,41425.836,14.272,14.272,14.272,,,PUNGGOL ROAD,4.994
punggol_road,Punggol Road,11516.0,35585.419,41425.854,14.292,14.292,14.26,,,PUNGGOL ROAD,6.92
punggol_road,Punggol Road,11518.0,35583.419,41425.873,15.237,14.232,14.232,-0.503,1.0,PUNGGOL ROAD,8.845
punggol_road,Punggol Road,11520.0,35581.419,41425.892,15.236,14.172,14.232,,,PUNGGOL ROAD,10.77
punggol_road,Punggol Road,11522.0,35581.005,41427.483,14.112,14.112,14.232,,,PUNGGOL ROAD,10.753
punggol_road,Punggol Road,11524.0,35581.004,41429.483,14.237,14.342,14.342,,,PUNGGOL ROAD,10.23
punggol_road,Punggol Road,11542.0,35580.996,41447.483,14.572,14.572,14.572,1.852,1.0,PUNGGOL ROAD,5.962
punggol_road,Punggol Road,11544.0,35580.995,41449.483,14.631,14.631,14.631,2.246,1.0,PUNGGOL ROAD,5.529
punggol_road,Punggol Road,11546.0,35580.994,41451.483,14.676,14.676,14.676,2.64,1.0,PUNGGOL ROAD,5.096
punggol_road,Punggol Road,11548.0,35580.994,41453.483,14.73,14.73,14.73,2.462,1.0,PUNGGOL ROAD,4.663
punggol_road,Punggol Road,11550.0,35580.993,41455.483,14.783,14.783,14.783,,,PUNGGOL ROAD,4.23
punggol_road,Punggol Road,11552.0,35580.992,41457.483,14.828,14.828,14.828,,,PUNGGOL ROAD,3.798
punggol_road,Punggol Road,11554.0,35580.991,41459.483,15.168,14.899,14.899,,,PUNGGOL ROAD,3.365
punggol_road,Punggol Road,11556.0,35580.99,41461.483,14.97,15.095,15.095,,,PUNGGOL ROAD,2.932
punggol_road,Punggol Road,11558.0,35580.989,41463.483,15.016,15.29,15.29,,,PUNGGOL ROAD,2.499
punggol_road,Punggol Road,11560.0,35580.988,41465.483,15.366,15.569,15.569,,,PUNGGOL ROAD,2.066
punggol_road,Punggol Road,11562.0,35580.987,41467.483,15.229,15.848,15.848,,,PUNGGOL ROAD,1.633
punggol_road,Punggol Road,11564.0,35580.986,41469.483,15.218,16.127,16.127,,,PUNGGOL ROAD,1.2
punggol_road,Punggol Road,11566.0,35580.986,41471.483,17.756,16.326,16.127,,,PUNGGOL ROAD,0.767
punggol_road,Punggol Road,11568.0,35580.985,41473.483,18.075,16.159,16.127,,,PUNGGOL ROAD,0.334
punggol_road,Punggol Road,11570.0,35580.984,41475.483,17.723,15.992,15.992,,,PUNGGOL ROAD,0.099
punggol_road,Punggol Road,11572.0,35580.983,41477.483,17.764,15.825,15.825,,,PUNGGOL ROAD,0.532
punggol_road,Punggol Road,11574.0,35580.982,41479.483,15.506,15.659,15.659,,,PUNGGOL ROAD,0.964
punggol_road,Punggol Road,11576.0,35580.981,41481.483,15.492,15.492,15.492,,,PUNGGOL ROAD,1.397
punggol_road,Punggol Road,11578.0,35580.98,41483.483,15.2,15.2,15.219,,,PUNGGOL ROAD,1.83
punggol_road,Punggol Road,11580.0,35580.979,41485.483,15.21,15.21,15.219,-3.418,1.0,PUNGGOL ROAD,2.263
punggol_road,Punggol Road,11582.0,35580.978,41487.483,15.219,15.219,15.218,-0.011,1.0,PUNGGOL ROAD,2.696
punggol_road,Punggol Road,11584.0,35580.978,41489.483,15.228,15.228,15.218,-0.068,1.0,PUNGGOL ROAD,3.129
punggol_road,Punggol Road,11586.0,35580.977,41491.483,15.218,15.218,15.218,-0.215,1.0,PUNGGOL ROAD,3.562
punggol_road,Punggol Road,11588.0,35580.976,41493.483,15.214,15.214,15.214,-0.454,1.0,PUNGGOL ROAD,3.995
punggol_road,Punggol Road,11590.0,35580.975,41495.483,15.201,15.201,15.201,-0.831,1.0,PUNGGOL ROAD,4.428
punggol_road,Punggol Road,11592.0,35580.974,41497.483,15.182,15.182,15.182,-1.231,1.0,PUNGGOL ROAD,4.861
punggol_road,Punggol Road,11594.0,35580.973,41499.483,15.152,15.152,15.152,-1.56,1.0,PUNGGOL ROAD,5.293
punggol_road,Punggol Road,11596.0,35580.972,41501.483,15.115,15.115,15.115,-1.817,1.0,PUNGGOL ROAD,5.726
punggol_road,Punggol Road,11598.0,35580.971,41503.483,15.076,15.076,15.076,-1.973,1.0,PUNGGOL ROAD,6.159
punggol_road,Punggol Road,11600.0,35580.971,41505.483,15.037,15.037,15.037,-2.281,1.0,PUNGGOL ROAD,6.592
punggol_road,Punggol Road,11602.0,35580.97,41507.483,14.994,14.994,14.994,-2.369,1.0,PUNGGOL ROAD,7.025
punggol_road,Punggol Road,11604.0,35580.969,41509.483,14.933,14.933,14.933,-2.706,1.0,PUNGGOL ROAD,7.458
punggol_road,Punggol Road,11606.0,35580.968,41511.483,14.887,14.887,14.887,-3.071,1.0,PUNGGOL ROAD,7.891
punggol_road,Punggol Road,11608.0,35580.967,41513.483,14.82,14.82,14.82,-2.993,1.0,PUNGGOL ROAD,8.324
punggol_road,Punggol Road,11610.0,35580.966,41515.483,14.748,14.748,14.748,-2.496,1.0,PUNGGOL ROAD,8.757
punggol_road,Punggol Road,11612.0,35580.965,41517.483,20.299,14.693,14.693,-1.983,1.0,PUNGGOL ROAD,9.19
punggol_road,Punggol Road,11614.0,35580.964,41519.483,14.638,14.638,14.687,-1.173,1.0,PUNGGOL ROAD,9.623
punggol_road,Punggol Road,11616.0,35580.963,41521.483,14.687,14.687,14.661,-0.486,1.0,PUNGGOL ROAD,10.055
punggol_road,Punggol Road,11618.0,35580.963,41523.483,14.654,14.654,14.654,-1.115,1.0,PUNGGOL ROAD,10.488
punggol_road,Punggol Road,11620.0,35580.962,41525.483,14.661,14.661,14.654,,,PUNGGOL ROAD,10.921
punggol_road,Punggol Road,11622.0,35580.961,41527.483,14.598,14.598,14.598,,,PUNGGOL ROAD,11.354
punggol_road,Punggol Road,11624.0,35580.96,41529.483,15.674,14.529,14.529,-2.873,1.0,PUNGGOL ROAD,11.787
punggol_road,Punggol Road,11626.0,35580.959,41531.483,14.457,14.459,14.459,,,PUNGGOL ROAD,12.161
punggol_road,Punggol Road,11628.0,35580.958,41533.483,14.39,14.39,14.425,,,PUNGGOL ROAD,12.51
punggol_road,Punggol Road,11630.0,35580.957,41535.483,16.753,14.407,14.425,,,PUNGGOL ROAD,12.859
punggol_road,Punggol Road,11632.0,35580.956,41537.483,15.652,14.425,14.425,0.438,1.0,PUNGGOL ROAD,13.207
punggol_road,Punggol Road,11634.0,35580.955,41539.483,14.581,14.442,14.442,,,PUNGGOL ROAD,13.556
punggol_road,Punggol Road,11636.0,35580.955,41541.483,14.46,14.46,14.46,,,PUNGGOL ROAD,13.905
punggol_road,Punggol Road,11638.0,35580.954,41543.483,14.676,14.676,14.46,,,PUNGGOL ROAD,14.253
punggol_road,Punggol Road,11640.0,35580.953,41545.483,16.421,14.539,14.46,,,PUNGGOL ROAD,14.602
punggol_road,Punggol Road,11642.0,35580.952,41547.483,14.403,14.403,14.403,,,PUNGGOL ROAD,14.951
punggol_road,Punggol Road,11644.0,35580.951,41549.483,14.925,14.299,14.299,-3.318,1.0,PUNGGOL ROAD,15.299
punggol_road,Punggol Road,11646.0,35580.95,41551.483,13.849,14.194,14.194,,,PUNGGOL ROAD,15.648
punggol_road,Punggol Road,11648.0,35580.949,41553.483,14.09,14.09,14.194,,,PUNGGOL ROAD,15.996
punggol_road,Punggol Road,11650.0,35580.948,41555.483,13.439,14.179,14.194,,,PUNGGOL ROAD,16.345
punggol_road,Punggol Road,11652.0,35580.948,41557.483,13.397,14.429,14.429,,,PUNGGOL ROAD,16.694
punggol_road,Punggol Road,11654.0,35580.947,41559.483,14.356,14.679,14.679,,,PUNGGOL ROAD,17.042
punggol_road,Punggol Road,11656.0,35580.946,41561.483,14.396,14.973,14.973,,,PUNGGOL ROAD,17.391
punggol_road,Punggol Road,11658.0,35580.945,41563.483,15.501,15.268,15.268,,,PUNGGOL ROAD,17.74
punggol_road,Punggol Road,11660.0,35580.944,41565.483,15.563,15.563,15.466,,,PUNGGOL ROAD,18.088
punggol_road,Punggol Road,11662.0,35580.943,41567.483,15.978,15.514,15.466,,,PUNGGOL ROAD,18.437
punggol_road,Punggol Road,11664.0,35580.942,41569.483,15.195,15.466,15.466,,,PUNGGOL ROAD,18.786
punggol_road,Punggol Road,11666.0,35580.941,41571.483,15.637,15.417,15.417,,,PUNGGOL ROAD,19.134
punggol_road,Punggol Road,11668.0,35580.94,41573.483,15.268,15.369,15.369,,,PUNGGOL ROAD,19.483
punggol_road,Punggol Road,11670.0,35580.94,41575.483,15.32,15.32,15.32,,,PUNGGOL ROAD,19.832
punggol_road,Punggol Road,11672.0,35580.939,41577.483,14.768,15.063,15.063,,,PUNGGOL ROAD,20.18
punggol_road,Punggol Road,11674.0,35580.938,41579.483,15.285,14.806,14.806,,,PUNGGOL ROAD,20.529
punggol_road,Punggol Road,11676.0,35580.937,41581.483,14.984,14.55,14.55,,,PUNGGOL ROAD,20.878
punggol_road,Punggol Road,11678.0,35580.936,41583.483,14.974,14.293,14.293,,,PUNGGOL ROAD,21.226
punggol_road,Punggol Road,11680.0,35580.935,41585.483,14.036,14.036,14.036,,,PUNGGOL ROAD,21.575
punggol_road,Punggol Road,11682.0,35580.934,41587.483,13.48,13.842,13.927,,,PUNGGOL ROAD,21.923
punggol_road,Punggol Road,11684.0,35580.933,41589.483,13.648,13.648,13.896,-3.238,1.0,PUNGGOL ROAD,22.272
punggol_road,Punggol Road,11686.0,35580.932,41591.483,13.927,13.927,13.842,,,PUNGGOL ROAD,22.621
punggol_road,Punggol Road,11688.0,35580.932,41593.483,13.896,13.896,13.777,,,PUNGGOL ROAD,22.969
punggol_road,Punggol Road,11690.0,35580.931,41595.483,14.426,13.777,13.848,,,PUNGGOL ROAD,23.318
punggol_road,Punggol Road,11692.0,35580.93,41597.483,13.611,13.658,13.848,,,PUNGGOL ROAD,23.667
punggol_road,Punggol Road,11694.0,35580.929,41599.483,13.177,13.848,13.848,,,PUNGGOL ROAD,24.015
punggol_road,Punggol Road,11696.0,35580.928,41601.483,13.42,14.039,14.039,,,PUNGGOL ROAD,24.364
punggol_road,Punggol Road,11698.0,35580.927,41603.483,12.722,14.505,14.505,,,PUNGGOL ROAD,24.713
punggol_road,Punggol Road,11700.0,35580.926,41605.483,12.716,14.971,14.971,,,PUNGGOL ROAD,25.061
punggol_road,Punggol Road,11702.0,35580.925,41607.483,14.734,15.437,15.437,,,PUNGGOL ROAD,25.41
punggol_road,Punggol Road,11704.0,35580.924,41609.483,16.775,15.903,15.903,,,PUNGGOL ROAD,25.759
punggol_road,Punggol Road,11706.0,35580.924,41611.483,24.832,16.369,16.369,,,PUNGGOL ROAD,26.107
punggol_road,Punggol Road,11708.0,35580.923,41613.483,24.695,16.835,16.835,,,PUNGGOL ROAD,26.456
punggol_road,Punggol Road,11710.0,35580.922,41615.483,24.566,17.3,17.3,,,PUNGGOL ROAD,26.805
punggol_road,Punggol Road,11712.0,35580.921,41617.483,24.727,17.721,17.721,,,PUNGGOL ROAD,27.153
punggol_road,Punggol Road,11714.0,35580.92,41619.483,25.251,18.142,18.142,,,PUNGGOL ROAD,27.502
punggol_road,Punggol Road,11716.0,35580.919,41621.483,24.989,18.563,18.563,,,PUNGGOL ROAD,27.851
punggol_road,Punggol Road,11718.0,35580.918,41623.483,24.046,18.983,18.983,,,PUNGGOL ROAD,28.199
punggol_road,Punggol Road,11720.0,35580.917,41625.483,24.439,19.404,19.404,,,PUNGGOL ROAD,28.548
punggol_road,Punggol Road,11722.0,35580.917,41627.483,24.775,19.825,19.825,,,PUNGGOL ROAD,28.896
punggol_road,Punggol Road,11724.0,35580.916,41629.483,23.072,20.246,20.246,,,PUNGGOL ROAD,29.245
punggol_road,Punggol Road,11726.0,35580.915,41631.483,10.39,20.33,20.246,,,PUNGGOL ROAD,29.594
punggol_road,Punggol Road,11728.0,35580.914,41633.483,11.176,20.413,20.246,,,PUNGGOL ROAD,29.942
punggol_road,Punggol Road,11730.0,35580.913,41635.483,11.315,20.161,20.161,,,PUNGGOL ROAD,30.291
punggol_road,Punggol Road,11732.0,35580.912,41637.483,10.476,19.908,19.908,,,PUNGGOL ROAD,30.64
punggol_road,Punggol Road,11734.0,35580.911,41639.483,18.185,19.655,19.655,,,PUNGGOL ROAD,30.988
punggol_road,Punggol Road,11736.0,35580.91,41641.483,17.811,19.402,19.402,,,PUNGGOL ROAD,31.337
punggol_road,Punggol Road,11738.0,35580.909,41643.483,17.786,19.149,19.149,,,PUNGGOL ROAD,31.454
punggol_road,Punggol Road,11740.0,35580.909,41645.483,18.329,18.896,18.896,,,PUNGGOL ROAD,31.286
punggol_road,Punggol Road,11742.0,35580.908,41647.483,17.611,18.643,18.643,,,PUNGGOL ROAD,31.119
punggol_road,Punggol Road,11744.0,35580.907,41649.483,18.447,18.39,18.39,,,PUNGGOL ROAD,30.951
punggol_road,Punggol Road,11746.0,35580.906,41651.483,18.421,18.123,18.123,,,PUNGGOL ROAD,30.783
punggol_road,Punggol Road,11748.0,35580.905,41653.483,17.335,17.776,17.776,,,PUNGGOL ROAD,30.616
punggol_road,Punggol Road,11750.0,35580.904,41655.483,18.296,17.429,17.429,,,PUNGGOL ROAD,30.448
punggol_road,Punggol Road,11752.0,35580.903,41657.483,19.907,17.082,17.082,,,PUNGGOL ROAD,30.281
punggol_road,Punggol Road,11754.0,35580.902,41659.483,21.528,16.696,16.696,,,PUNGGOL ROAD,30.113
punggol_road,Punggol Road,11756.0,35580.901,41661.483,28.094,16.31,16.31,,,PUNGGOL ROAD,29.946
punggol_road,Punggol Road,11758.0,35580.901,41663.483,18.596,15.924,15.924,,,PUNGGOL ROAD,29.778
punggol_road,Punggol Road,11760.0,35580.9,41665.483,18.029,15.537,15.537,,,PUNGGOL ROAD,29.611
punggol_road,Punggol Road,11762.0,35580.899,41667.483,18.338,15.151,15.151,,,PUNGGOL ROAD,29.443
punggol_road,Punggol Road,11764.0,35580.898,41669.483,18.196,14.765,14.765,,,PUNGGOL ROAD,29.276
punggol_road,Punggol Road,11766.0,35580.897,41671.483,16.778,14.379,14.379,,,PUNGGOL ROAD,29.108
punggol_road,Punggol Road,11768.0,35580.896,41673.483,9.757,13.992,13.992,,,PUNGGOL ROAD,28.941
punggol_road,Punggol Road,11770.0,35580.895,41675.483,12.051,13.606,13.606,,,PUNGGOL ROAD,28.773
punggol_road,Punggol Road,11772.0,35580.894,41677.483,11.197,13.22,13.22,,,PUNGGOL ROAD,28.606
punggol_road,Punggol Road,11774.0,35580.894,41679.483,17.283,12.834,12.834,,,PUNGGOL ROAD,28.438
punggol_road,Punggol Road,11776.0,35580.893,41681.483,17.621,12.722,12.722,,,PUNGGOL ROAD,28.271
punggol_road,Punggol Road,11778.0,35580.892,41683.483,9.644,12.609,12.609,,,PUNGGOL ROAD,28.103
punggol_road,Punggol Road,11780.0,35580.891,41685.483,20.282,12.497,12.497,,,PUNGGOL ROAD,27.936
punggol_road,Punggol Road,11782.0,35580.89,41687.483,18.519,12.385,12.385,,,PUNGGOL ROAD,27.768
punggol_road,Punggol Road,11784.0,35580.889,41689.483,20.299,12.273,12.273,,,PUNGGOL ROAD,27.601
punggol_road,Punggol Road,11786.0,35580.888,41691.483,23.398,12.161,12.161,,,PUNGGOL ROAD,27.433
punggol_road,Punggol Road,11788.0,35580.887,41693.483,21.261,12.049,12.049,,,PUNGGOL ROAD,27.009
punggol_road,Punggol Road,11790.0,35580.886,41695.483,17.517,11.937,11.937,,,PUNGGOL ROAD,26.505
punggol_road,Punggol Road,11792.0,35580.886,41697.483,13.923,11.825,11.825,,,PUNGGOL ROAD,26.001
punggol_road,Punggol Road,11794.0,35580.885,41699.483,14.438,11.713,11.713,,,PUNGGOL ROAD,25.497
punggol_road,Punggol Road,11796.0,35580.884,41701.483,14.859,11.601,11.601,,,PUNGGOL ROAD,24.993
punggol_road,Punggol Road,11798.0,35580.883,41703.483,14.515,11.489,11.489,,,PUNGGOL ROAD,24.489
punggol_road,Punggol Road,11800.0,35580.882,41705.483,15.009,11.377,11.377,,,PUNGGOL ROAD,23.985
punggol_road,Punggol Road,11802.0,35580.881,41707.483,9.76,11.265,11.265,,,PUNGGOL ROAD,23.481
punggol_road,Punggol Road,11804.0,35580.88,41709.483,10.478,11.153,11.153,,,PUNGGOL ROAD,22.978
punggol_road,Punggol Road,11806.0,35580.879,41711.483,10.823,11.041,11.132,,,PUNGGOL ROAD,22.516
punggol_road,Punggol Road,11808.0,35580.878,41713.483,7.243,10.928,11.132,,,PUNGGOL ROAD,22.074
punggol_road,Punggol Road,11810.0,35580.878,41715.483,11.034,11.132,11.132,,,PUNGGOL ROAD,21.632
punggol_road,Punggol Road,11812.0,35580.877,41717.483,11.336,11.336,11.336,,,PUNGGOL ROAD,21.189
punggol_road,Punggol Road,11814.0,35580.876,41719.483,12.256,11.343,11.343,,,PUNGGOL ROAD,20.747
punggol_road,Punggol Road,11816.0,35580.875,41721.483,11.592,11.351,11.351,,,PUNGGOL ROAD,20.305
punggol_road,Punggol Road,11818.0,35580.874,41723.483,13.414,11.358,11.358,,,PUNGGOL ROAD,19.863
punggol_road,Punggol Road,11820.0,35580.873,41725.483,12.104,11.365,11.365,,,PUNGGOL ROAD,19.42
punggol_road,Punggol Road,11822.0,35580.872,41727.483,13.166,11.372,11.372,,,PUNGGOL ROAD,18.978
punggol_road,Punggol Road,11824.0,35580.871,41729.483,13.733,11.379,11.379,,,PUNGGOL ROAD,18.536
punggol_road,Punggol Road,11826.0,35580.871,41731.483,14.07,11.386,11.386,,,PUNGGOL ROAD,18.094
punggol_road,Punggol Road,11828.0,35580.87,41733.483,13.36,11.393,11.393,,,PUNGGOL ROAD,17.651
punggol_road,Punggol Road,11830.0,35580.869,41735.483,8.323,11.4,11.4,,,PUNGGOL ROAD,17.209
punggol_road,Punggol Road,11832.0,35580.868,41737.483,8.385,11.407,11.4,,,PUNGGOL ROAD,16.767
punggol_road,Punggol Road,11834.0,35580.867,41739.483,11.663,11.415,11.4,,,PUNGGOL ROAD,16.325
punggol_road,Punggol Road,11836.0,35580.866,41741.483,14.965,11.148,11.148,,,PUNGGOL ROAD,15.755
punggol_road,Punggol Road,11838.0,35580.865,41743.483,11.18,10.881,10.881,,,PUNGGOL ROAD,14.871
punggol_road,Punggol Road,11840.0,35580.864,41745.483,10.614,10.614,10.614,,,PUNGGOL ROAD,13.987
punggol_road,Punggol Road,11842.0,35580.761,41747.044,13.429,10.384,10.384,,,PUNGGOL ROAD,13.205
punggol_road,Punggol Road,11844.0,35579.872,41745.252,10.153,10.153,10.153,,,PUNGGOL ROAD,13.199
punggol_road,Punggol Road,11846.0,35578.984,41743.46,10.93,10.141,10.141,,,PUNGGOL ROAD,13.193
punggol_road,Punggol Road,11848.0,35578.096,41741.668,10.24,10.128,10.128,,,PUNGGOL ROAD,13.139
punggol_road,Punggol Road,11850.0,35577.207,41739.877,8.036,10.115,10.115,,,PUNGGOL ROAD,12.668
punggol_road,Punggol Road,11852.0,35576.319,41738.085,7.645,10.103,10.103,,,PUNGGOL ROAD,12.197
punggol_road,Punggol Road,11854.0,35575.735,41736.176,9.713,10.09,10.09,,,PUNGGOL ROAD,12.049
punggol_road,Punggol Road,11856.0,35575.201,41734.249,10.858,10.077,10.077,,,PUNGGOL ROAD,11.954
punggol_road,Punggol Road,11858.0,35574.667,41732.322,7.405,10.064,10.064,,,PUNGGOL ROAD,11.858
punggol_road,Punggol Road,11860.0,35574.132,41730.394,7.428,10.052,10.052,,,PUNGGOL ROAD,11.762
punggol_road,Punggol Road,11862.0,35573.598,41728.467,7.742,10.039,10.039,,,PUNGGOL ROAD,11.666
punggol_road,Punggol Road,11864.0,35572.967,41726.571,10.06,10.026,10.026,,,PUNGGOL ROAD,11.469
punggol_road,Punggol Road,11866.0,35572.253,41724.703,10.014,10.014,10.014,,,PUNGGOL ROAD,11.184
punggol_road,Punggol Road,11868.0,35571.538,41722.835,9.759,9.759,9.759,,,PUNGGOL ROAD,10.9
punggol_road,Punggol Road,11870.0,35570.823,41720.968,8.683,9.714,9.714,,,PUNGGOL ROAD,10.615
punggol_road,Punggol Road,11872.0,35570.219,41719.066,10.424,9.668,9.668,,,PUNGGOL ROAD,10.445
punggol_road,Punggol Road,11874.0,35569.762,41717.119,9.142,9.622,9.622,,,PUNGGOL ROAD,10.429
punggol_road,Punggol Road,11876.0,35569.305,41715.171,8.705,9.577,9.577,,,PUNGGOL ROAD,10.413
punggol_road,Punggol Road,11878.0,35568.848,41713.224,9.262,9.531,9.531,,,PUNGGOL ROAD,10.397
punggol_road,Punggol Road,11880.0,35568.391,41711.277,8.394,9.485,9.485,,,PUNGGOL ROAD,10.439
punggol_road,Punggol Road,11882.0,35567.934,41709.33,7.793,9.44,9.44,,,PUNGGOL ROAD,10.486
punggol_road,Punggol Road,11884.0,35567.477,41707.383,7.678,9.394,9.394,,,PUNGGOL ROAD,10.533
punggol_road,Punggol Road,11886.0,35567.02,41705.436,8.725,9.348,9.348,,,PUNGGOL ROAD,10.581
punggol_road,Punggol Road,11888.0,35566.563,41703.489,9.303,9.303,9.303,,,PUNGGOL ROAD,10.628
punggol_road,Punggol Road,11890.0,35566.106,41701.542,10.42,9.129,9.129,,,PUNGGOL ROAD,10.675
punggol_road,Punggol Road,11892.0,35565.649,41699.595,9.844,8.956,8.956,,,PUNGGOL ROAD,10.723
punggol_road,Punggol Road,11894.0,35565.192,41697.648,14.821,8.783,8.783,,,PUNGGOL ROAD,10.77
punggol_road,Punggol Road,11896.0,35564.735,41695.701,8.268,8.609,8.609,,,PUNGGOL ROAD,10.817
punggol_road,Punggol Road,11898.0,35564.294,41693.751,8.266,8.436,8.436,,,PUNGGOL ROAD,10.707
punggol_road,Punggol Road,11900.0,35564.08,41691.762,8.263,8.263,8.263,,,PUNGGOL ROAD,10.66
punggol_road,Punggol Road,11902.0,35563.867,41689.774,11.326,8.031,8.031,,,PUNGGOL ROAD,10.613
punggol_road,Punggol Road,11904.0,35563.653,41687.785,8.804,7.8,7.8,-7.78,1.0,PUNGGOL ROAD,10.566
punggol_road,Punggol Road,11906.0,35563.44,41685.797,7.569,7.569,7.64,,,PUNGGOL ROAD,10.519
punggol_road,Punggol Road,11908.0,35563.227,41683.808,7.597,7.597,7.64,,,PUNGGOL ROAD,10.472
punggol_road,Punggol Road,11910.0,35562.972,41681.825,7.64,7.64,7.64,1.416,1.0,PUNGGOL ROAD,10.384
punggol_road,Punggol Road,11912.0,35562.693,41679.844,7.694,7.694,7.694,2.012,1.0,PUNGGOL ROAD,10.271
punggol_road,Punggol Road,11914.0,35562.415,41677.863,7.754,7.754,7.754,2.984,1.0,PUNGGOL ROAD,10.159
punggol_road,Punggol Road,11916.0,35562.137,41675.883,7.801,7.801,7.801,3.62,1.0,PUNGGOL ROAD,10.046
punggol_road,Punggol Road,11918.0,35561.858,41673.902,7.879,7.879,7.879,4.256,1.0,PUNGGOL ROAD,9.934
punggol_road,Punggol Road,11920.0,35561.58,41671.922,8.365,7.986,7.986,4.314,1.0,PUNGGOL ROAD,9.822
punggol_road,Punggol Road,11922.0,35561.578,41669.924,8.094,8.094,8.094,4.105,1.0,PUNGGOL ROAD,9.986
punggol_road,Punggol Road,11924.0,35561.607,41667.924,8.146,8.146,8.146,3.524,1.0,PUNGGOL ROAD,10.182
punggol_road,Punggol Road,11926.0,35561.637,41665.925,16.631,8.207,8.207,2.944,1.0,PUNGGOL ROAD,10.378
punggol_road,Punggol Road,11928.0,35561.666,41663.925,16.61,8.268,8.268,3.402,1.0,PUNGGOL ROAD,10.574
punggol_road,Punggol Road,11930.0,35561.696,41661.925,8.33,8.33,8.33,3.653,1.0,PUNGGOL ROAD,10.77
punggol_road,Punggol Road,11932.0,35562.084,41659.965,8.418,8.418,8.418,4.151,1.0,PUNGGOL ROAD,11.32
punggol_road,Punggol Road,11934.0,35562.49,41658.006,8.5,8.5,8.5,4.692,1.0,PUNGGOL ROAD,11.888
punggol_road,Punggol Road,11936.0,35562.895,41656.048,8.601,8.601,8.601,4.944,1.0,PUNGGOL ROAD,12.455
punggol_road,Punggol Road,11938.0,35563.12,41654.062,8.705,8.705,8.705,5.883,1.0,PUNGGOL ROAD,12.844
punggol_road,Punggol Road,11940.0,35563.307,41652.071,8.814,8.814,8.814,6.029,1.0,PUNGGOL ROAD,13.197
punggol_road,Punggol Road,11942.0,35563.494,41650.08,8.97,8.97,8.97,7.469,1.0,PUNGGOL ROAD,13.549
punggol_road,Punggol Road,11944.0,35563.681,41648.088,9.083,9.083,9.083,7.787,1.0,PUNGGOL ROAD,13.901
punggol_road,Punggol Road,11946.0,35563.868,41646.097,9.302,9.302,9.302,7.515,1.0,PUNGGOL ROAD,14.254
punggol_road,Punggol Road,11948.0,35564.056,41644.106,18.619,9.437,9.437,7.791,1.0,PUNGGOL ROAD,14.606
punggol_road,Punggol Road,11950.0,35564.243,41642.115,12.517,9.572,9.572,6.73,1.0,PUNGGOL ROAD,14.959
punggol_road,Punggol Road,11952.0,35564.43,41640.124,14.177,9.706,9.706,6.73,1.0,PUNGGOL ROAD,14.873
punggol_road,Punggol Road,11954.0,35564.617,41638.132,9.925,9.841,9.841,,,PUNGGOL ROAD,14.709
punggol_road,Punggol Road,11956.0,35564.804,41636.141,9.975,9.975,9.975,,,PUNGGOL ROAD,14.545
punggol_road,Punggol Road,11958.0,35564.992,41634.15,12.846,10.234,10.234,,,PUNGGOL ROAD,14.382
punggol_road,Punggol Road,11960.0,35565.179,41632.159,10.658,10.532,10.532,,,PUNGGOL ROAD,14.218
punggol_road,Punggol Road,11962.0,35565.366,41630.167,10.473,10.829,10.829,,,PUNGGOL ROAD,14.054
punggol_road,Punggol Road,11964.0,35565.563,41628.177,10.324,11.127,11.127,,,PUNGGOL ROAD,13.9
punggol_road,Punggol Road,11966.0,35565.804,41626.192,11.919,11.425,11.388,,,PUNGGOL ROAD,13.791
punggol_road,Punggol Road,11968.0,35566.044,41624.206,12.248,11.654,11.388,,,PUNGGOL ROAD,13.681
punggol_road,Punggol Road,11970.0,35566.285,41622.221,11.02,11.388,11.388,,,PUNGGOL ROAD,13.571
punggol_road,Punggol Road,11972.0,35566.526,41620.235,11.122,11.122,11.368,,,PUNGGOL ROAD,13.461
punggol_road,Punggol Road,11974.0,35566.766,41618.25,10.776,11.245,11.368,,,PUNGGOL ROAD,13.351
punggol_road,Punggol Road,11976.0,35567.098,41616.279,11.631,11.368,11.368,,,PUNGGOL ROAD,13.333
punggol_road,Punggol Road,11978.0,35567.479,41614.315,10.994,11.49,11.49,,,PUNGGOL ROAD,13.365
punggol_road,Punggol Road,11980.0,35567.86,41612.352,11.073,11.613,11.613,,,PUNGGOL ROAD,13.397
punggol_road,Punggol Road,11982.0,35568.241,41610.389,11.522,11.736,11.736,,,PUNGGOL ROAD,13.429
punggol_road,Punggol Road,11984.0,35568.623,41608.425,11.858,11.858,11.858,,,PUNGGOL ROAD,13.461
punggol_road,Punggol Road,11986.0,35569.004,41606.462,11.892,11.892,11.892,,,PUNGGOL ROAD,13.493
punggol_road,Punggol Road,11988.0,35569.604,41604.555,12.843,11.968,11.968,,,PUNGGOL ROAD,13.751
punggol_road,Punggol Road,11990.0,35570.218,41602.652,11.756,12.044,12.044,3.8,1.0,PUNGGOL ROAD,14.023
punggol_road,Punggol Road,11992.0,35570.831,41600.748,11.879,12.12,12.12,,,PUNGGOL ROAD,14.294
punggol_road,Punggol Road,11994.0,35571.289,41598.805,12.196,12.196,12.196,,,PUNGGOL ROAD,14.406
punggol_road,Punggol Road,11996.0,35571.652,41596.838,12.303,12.303,12.248,,,PUNGGOL ROAD,14.419
punggol_road,Punggol Road,11998.0,35572.014,41594.871,12.248,12.248,12.29,,,PUNGGOL ROAD,14.432
punggol_road,Punggol Road,12000.0,35572.377,41592.905,12.725,12.29,12.303,1.562,1.0,PUNGGOL ROAD,14.445
punggol_road,Punggol Road,12002.0,35572.739,41590.938,12.134,12.332,12.332,1.267,1.0,PUNGGOL ROAD,14.458
punggol_road,Punggol Road,12004.0,35573.102,41588.971,12.373,12.373,12.373,,,PUNGGOL ROAD,14.471
punggol_road,Punggol Road,12006.0,35573.464,41587.004,12.391,12.391,12.391,,,PUNGGOL ROAD,14.485
punggol_road,Punggol Road,12008.0,35573.826,41585.037,12.458,12.458,12.458,2.963,1.0,PUNGGOL ROAD,14.498
punggol_road,Punggol Road,12010.0,35574.189,41583.07,12.533,12.533,12.533,5.108,1.0,PUNGGOL ROAD,14.511
punggol_road,Punggol Road,12012.0,35574.551,41581.103,12.61,12.61,12.61,,,PUNGGOL ROAD,14.524
punggol_road,Punggol Road,12014.0,35574.914,41579.136,12.8,12.8,12.8,,,PUNGGOL ROAD,14.537
punggol_road,Punggol Road,12016.0,35575.276,41577.169,13.536,12.988,12.988,,,PUNGGOL ROAD,14.55
punggol_road,Punggol Road,12018.0,35575.639,41575.203,13.042,13.177,13.177,9.417,2.0,PUNGGOL ROAD,14.563
punggol_road,Punggol Road,12020.0,35576.014,41573.239,13.122,13.365,13.365,,,PUNGGOL ROAD,14.59
punggol_road,Punggol Road,12022.0,35576.559,41571.314,13.553,13.553,13.553,,,PUNGGOL ROAD,14.79
punggol_road,Punggol Road,12024.0,35577.104,41569.39,13.738,13.738,13.738,,,PUNGGOL ROAD,14.99
punggol_road,Punggol Road,12026.0,35577.649,41567.466,13.932,13.932,13.932,4.994,1.0,PUNGGOL ROAD,15.191
punggol_road,Punggol Road,12028.0,35578.194,41565.541,13.953,13.953,13.953,2.492,1.0,PUNGGOL ROAD,15.391
punggol_road,Punggol Road,12030.0,35578.739,41563.617,14.172,14.172,13.953,-0.01,1.0,PUNGGOL ROAD,15.591
punggol_road,Punggol Road,12032.0,35579.191,41561.673,14.379,14.051,13.953,,,PUNGGOL ROAD,15.697
punggol_road,Punggol Road,12034.0,35579.479,41559.694,13.931,13.931,13.931,,,PUNGGOL ROAD,15.634
punggol_road,Punggol Road,12036.0,35579.767,41557.715,13.378,13.679,13.931,,,PUNGGOL ROAD,15.572
punggol_road,Punggol Road,12038.0,35580.054,41555.735,13.428,13.815,13.931,1.935,1.0,PUNGGOL ROAD,15.509
punggol_road,Punggol Road,12040.0,35580.342,41553.756,13.581,13.95,13.95,,,PUNGGOL ROAD,15.446
punggol_road,Punggol Road,12042.0,35580.63,41551.777,14.086,14.086,14.086,,,PUNGGOL ROAD,15.384
punggol_road,Punggol Road,12044.0,35580.951,41549.803,15.284,14.271,14.271,,,PUNGGOL ROAD,15.355
punggol_road,Punggol Road,12046.0,35581.316,41547.837,14.932,14.456,14.456,,,PUNGGOL ROAD,15.37
punggol_road,Punggol Road,12048.0,35581.68,41545.87,14.375,14.641,14.641,,,PUNGGOL ROAD,15.386
punggol_road,Punggol Road,12050.0,35582.045,41543.904,14.927,14.827,14.827,,,PUNGGOL ROAD,15.401
punggol_road,Punggol Road,12052.0,35582.434,41541.942,17.739,15.012,15.012,,,PUNGGOL ROAD,15.442
punggol_road,Punggol Road,12054.0,35582.863,41539.989,15.097,15.097,15.097,,,PUNGGOL ROAD,15.523
punggol_road,Punggol Road,12056.0,35583.292,41538.035,15.168,15.168,15.168,,,PUNGGOL ROAD,15.603
punggol_road,Punggol Road,12058.0,35583.72,41536.082,15.285,15.285,15.285,,,PUNGGOL ROAD,15.684
punggol_road,Punggol Road,12060.0,35584.149,41534.128,14.979,15.342,15.342,,,PUNGGOL ROAD,15.765
punggol_road,Punggol Road,12062.0,35584.578,41532.175,15.494,15.399,15.399,,,PUNGGOL ROAD,15.845
punggol_road,Punggol Road,12064.0,35585.007,41530.221,15.08,15.456,15.456,,,PUNGGOL ROAD,15.898
punggol_road,Punggol Road,12066.0,35585.435,41528.268,15.615,15.513,15.513,,,PUNGGOL ROAD,15.892
punggol_road,Punggol Road,12068.0,35585.864,41526.314,17.69,15.57,15.525,,,PUNGGOL ROAD,15.887
punggol_road,Punggol Road,12070.0,35586.293,41524.361,15.525,15.525,15.535,,,PUNGGOL ROAD,15.882
punggol_road,Punggol Road,12072.0,35586.721,41522.407,15.535,15.535,15.57,1.465,1.0,PUNGGOL ROAD,15.877
punggol_road,Punggol Road,12074.0,35587.15,41520.454,15.642,15.642,15.639,,,PUNGGOL ROAD,15.872
punggol_road,Punggol Road,12076.0,35587.579,41518.5,15.639,15.639,15.642,,,PUNGGOL ROAD,15.867
punggol_road,Punggol Road,12078.0,35588.008,41516.547,15.972,15.655,15.655,,,PUNGGOL ROAD,15.861
punggol_road,Punggol Road,12080.0,35588.436,41514.593,16.498,15.671,15.671,,,PUNGGOL ROAD,15.856
punggol_road,Punggol Road,12082.0,35588.865,41512.64,21.876,15.688,15.688,,,PUNGGOL ROAD,15.851
punggol_road,Punggol Road,12084.0,35589.294,41510.686,15.824,15.704,15.704,,,PUNGGOL ROAD,15.846
punggol_road,Punggol Road,12086.0,35589.722,41508.733,15.72,15.72,15.72,,,PUNGGOL ROAD,15.841
punggol_road,Punggol Road,12088.0,35590.151,41506.779,15.245,15.85,15.85,,,PUNGGOL ROAD,15.836
punggol_road,Punggol Road,12090.0,35590.58,41504.826,15.945,15.98,15.98,,,PUNGGOL ROAD,15.83
punggol_road,Punggol Road,12092.0,35591.009,41502.872,16.11,16.11,15.98,,,PUNGGOL ROAD,15.825
punggol_road,Punggol Road,12094.0,35591.437,41500.919,16.362,16.002,16.002,,,PUNGGOL ROAD,15.82
punggol_road,Punggol Road,12096.0,35591.866,41498.965,15.893,15.893,16.084,4.444,1.0,PUNGGOL ROAD,15.815
punggol_road,Punggol Road,12098.0,35592.295,41497.012,16.084,16.084,16.084,,,PUNGGOL ROAD,15.81
punggol_road,Punggol Road,12100.0,35592.723,41495.058,16.336,16.336,16.336,,,PUNGGOL ROAD,15.804
punggol_road,Punggol Road,12102.0,35593.152,41493.105,15.734,16.389,16.389,4.481,1.0,PUNGGOL ROAD,15.799
punggol_road,Punggol Road,12104.0,35593.581,41491.151,15.702,16.442,16.389,,,PUNGGOL ROAD,15.794
punggol_road,Punggol Road,12106.0,35594.01,41489.198,16.495,16.495,16.442,,,PUNGGOL ROAD,15.789
punggol_road,Punggol Road,12108.0,35594.438,41487.244,17.486,16.348,16.488,,,PUNGGOL ROAD,15.784
punggol_road,Punggol Road,12110.0,35594.867,41485.291,16.041,16.488,16.495,,,PUNGGOL ROAD,15.779
punggol_road,Punggol Road,12112.0,35595.296,41483.337,22.813,16.729,16.729,,,PUNGGOL ROAD,15.773
punggol_road,Punggol Road,12114.0,35595.725,41481.384,16.068,17.008,17.008,,,PUNGGOL ROAD,15.768
punggol_road,Punggol Road,12116.0,35596.153,41479.43,17.378,17.288,17.008,,,PUNGGOL ROAD,15.763
punggol_road,Punggol Road,12118.0,35596.582,41477.477,20.166,17.126,17.008,,,PUNGGOL ROAD,15.758
punggol_road,Punggol Road,12120.0,35597.011,41475.523,18.5,16.965,16.965,,,PUNGGOL ROAD,15.753
punggol_road,Punggol Road,12122.0,35597.439,41473.57,18.754,16.803,16.803,,,PUNGGOL ROAD,15.748
punggol_road,Punggol Road,12124.0,35597.868,41471.616,18.69,16.642,16.642,,,PUNGGOL ROAD,15.742
punggol_road,Punggol Road,12126.0,35598.297,41469.663,19.053,16.48,16.48,,,PUNGGOL ROAD,15.737
punggol_road,Punggol Road,12128.0,35598.726,41467.709,19.055,16.319,16.319,,,PUNGGOL ROAD,15.732
punggol_road,Punggol Road,12130.0,35599.154,41465.756,18.163,,16.157,,,PUNGGOL ROAD,15.727
punggol_road,Punggol Road,12132.0,35599.583,41463.802,15.269,,15.996,,,PUNGGOL ROAD,15.722
punggol_road,Punggol Road,12134.0,35600.012,41461.849,16.644,,15.834,,,PUNGGOL ROAD,15.717
punggol_road,Punggol Road,12136.0,35600.44,41459.895,15.147,15.673,15.673,,,PUNGGOL ROAD,15.711
punggol_road,Punggol Road,12138.0,35600.869,41457.941,15.806,15.512,15.512,,,PUNGGOL ROAD,15.706
punggol_road,Punggol Road,12140.0,35601.298,41455.988,14.79,15.35,15.35,,,PUNGGOL ROAD,15.701
punggol_road,Punggol Road,12142.0,35601.727,41454.034,18.252,15.189,15.189,,,PUNGGOL ROAD,15.696
punggol_road,Punggol Road,12176.0,35609.015,41420.825,14.111,15.027,15.027,,,PUNGGOL ROAD,14.536
punggol_road,Punggol Road,12178.0,35609.443,41418.871,14.064,14.866,14.866,,,PUNGGOL ROAD,14.438
punggol_road,Punggol Road,12180.0,35609.872,41416.918,13.955,14.704,14.79,,,PUNGGOL ROAD,14.34
punggol_road,Punggol Road,12182.0,35610.301,41414.964,15.076,14.747,14.79,,,PUNGGOL ROAD,14.242
punggol_road,Punggol Road,12184.0,35610.73,41413.011,15.786,14.79,14.79,,,PUNGGOL ROAD,14.144
punggol_road,Punggol Road,12186.0,35611.158,41411.057,19.556,14.832,14.832,,,PUNGGOL ROAD,14.046
punggol_road,Punggol Road,12188.0,35611.587,41409.104,19.221,14.875,14.875,,,PUNGGOL ROAD,13.948
punggol_road,Punggol Road,12190.0,35612.016,41407.15,17.969,14.918,14.918,,,PUNGGOL ROAD,13.851
punggol_road,Punggol Road,12192.0,35612.444,41405.197,14.466,14.96,14.96,,,PUNGGOL ROAD,13.756
punggol_road,Punggol Road,12194.0,35612.873,41403.243,16.802,15.003,15.003,,,PUNGGOL ROAD,13.807
punggol_road,Punggol Road,12196.0,35613.302,41401.29,14.487,15.046,15.046,,,PUNGGOL ROAD,13.891
punggol_road,Punggol Road,12198.0,35613.731,41399.336,15.272,15.089,15.089,,,PUNGGOL ROAD,13.975
punggol_road,Punggol Road,12200.0,35614.159,41397.383,14.953,15.131,15.131,,,PUNGGOL ROAD,14.06
punggol_road,Punggol Road,12202.0,35614.496,41395.418,15.117,15.174,15.174,,,PUNGGOL ROAD,14.051
punggol_road,Punggol Road,12204.0,35614.562,41393.419,15.217,15.217,15.217,,,PUNGGOL ROAD,13.771
punggol_road,Punggol Road,12206.0,35614.629,41391.42,18.812,15.423,15.423,,,PUNGGOL ROAD,13.49
punggol_road,Punggol Road,12208.0,35614.695,41389.421,15.952,15.63,15.63,,,PUNGGOL ROAD,13.209
punggol_road,Punggol Road,12210.0,35614.761,41387.422,15.105,15.836,15.836,,,PUNGGOL ROAD,12.929
punggol_road,Punggol Road,12212.0,35614.827,41385.423,15.078,16.043,16.043,,,PUNGGOL ROAD,12.648
punggol_road,Punggol Road,12214.0,35615.036,41383.44,17.13,16.249,16.249,,,PUNGGOL ROAD,12.511
punggol_road,Punggol Road,12216.0,35615.411,41381.476,17.923,16.456,16.456,,,PUNGGOL ROAD,12.54
punggol_road,Punggol Road,12218.0,35615.786,41379.511,16.673,16.662,16.662,,,PUNGGOL ROAD,12.569
punggol_road,Punggol Road,12220.0,35616.161,41377.547,17.256,16.869,16.869,,,PUNGGOL ROAD,12.599
punggol_road,Punggol Road,12222.0,35616.536,41375.582,14.893,17.075,16.869,,,PUNGGOL ROAD,12.628
punggol_road,Punggol Road,12224.0,35616.961,41373.628,14.8,16.895,16.869,,,PUNGGOL ROAD,12.708
punggol_road,Punggol Road,12226.0,35617.394,41371.675,15.67,16.714,16.714,-6.452,1.0,PUNGGOL ROAD,12.797
punggol_road,Punggol Road,12228.0,35617.827,41369.723,19.218,16.533,16.533,,,PUNGGOL ROAD,12.885
punggol_road,Punggol Road,12230.0,35618.26,41367.77,19.824,16.353,16.353,,,PUNGGOL ROAD,12.974
punggol_road,Punggol Road,12232.0,35618.693,41365.818,20.328,16.068,16.068,,,PUNGGOL ROAD,13.063
punggol_road,Punggol Road,12234.0,35619.082,41363.856,14.836,15.782,15.782,,,PUNGGOL ROAD,13.107
punggol_road,Punggol Road,12236.0,35619.466,41361.893,15.811,15.497,15.497,,,PUNGGOL ROAD,13.145
punggol_road,Punggol Road,12238.0,35619.849,41359.93,17.531,15.212,15.212,,,PUNGGOL ROAD,13.183
punggol_road,Punggol Road,12240.0,35620.233,41357.967,16.185,14.927,14.927,,,PUNGGOL ROAD,13.221
punggol_road,Punggol Road,12242.0,35620.616,41356.004,14.247,14.642,14.792,,,PUNGGOL ROAD,13.259
punggol_road,Punggol Road,12244.0,35621.026,41354.047,14.338,14.717,14.792,,,PUNGGOL ROAD,13.323
punggol_road,Punggol Road,12246.0,35621.452,41352.093,14.265,14.792,14.756,,,PUNGGOL ROAD,13.405
punggol_road,Punggol Road,12248.0,35621.877,41350.138,14.868,14.867,14.756,,,PUNGGOL ROAD,13.486
punggol_road,Punggol Road,12250.0,35622.303,41348.184,14.053,14.756,14.756,,,PUNGGOL ROAD,13.567
punggol_road,Punggol Road,12252.0,35622.729,41346.23,16.624,14.645,14.645,,,PUNGGOL ROAD,13.648
punggol_road,Punggol Road,12254.0,35623.154,41344.276,14.152,14.534,14.534,,,PUNGGOL ROAD,13.729
punggol_road,Punggol Road,12256.0,35623.58,41342.322,14.401,14.423,14.423,,,PUNGGOL ROAD,13.81
punggol_road,Punggol Road,12258.0,35624.006,41340.368,20.503,14.074,14.074,,,PUNGGOL ROAD,13.891
punggol_road,Punggol Road,12260.0,35624.431,41338.413,20.739,13.725,13.725,,,PUNGGOL ROAD,13.972
punggol_road,Punggol Road,12262.0,35624.857,41336.459,20.94,13.376,13.376,,,PUNGGOL ROAD,14.053
punggol_road,Punggol Road,12264.0,35625.283,41334.505,20.542,,13.027,,,PUNGGOL ROAD,14.135
punggol_road,Punggol Road,12266.0,35625.708,41332.551,11.602,,12.679,,,PUNGGOL ROAD,14.216
punggol_road,Punggol Road,12268.0,35626.134,41330.597,11.557,12.33,12.33,,,PUNGGOL ROAD,14.297
punggol_road,Punggol Road,12270.0,35626.56,41328.643,11.498,11.981,11.981,,,PUNGGOL ROAD,14.378
punggol_road,Punggol Road,12272.0,35626.988,41326.689,11.347,11.632,11.632,,,PUNGGOL ROAD,14.462
punggol_road,Punggol Road,12274.0,35627.417,41324.735,11.284,11.284,11.284,,,PUNGGOL ROAD,14.546
punggol_road,Punggol Road,12276.0,35627.845,41322.782,11.268,11.268,11.268,,,PUNGGOL ROAD,14.63
punggol_road,Punggol Road,12278.0,35628.101,41320.815,11.251,11.251,11.251,-1.187,1.0,PUNGGOL ROAD,14.541
punggol_road,Punggol Road,12280.0,35627.981,41318.818,11.212,11.212,11.212,-1.025,1.0,PUNGGOL ROAD,14.078
punggol_road,Punggol Road,12282.0,35627.861,41316.822,11.189,11.189,11.189,-1.891,1.0,PUNGGOL ROAD,13.614
punggol_road,Punggol Road,12284.0,35627.742,41314.826,11.186,11.186,11.186,-2.363,1.0,PUNGGOL ROAD,13.151
punggol_road,Punggol Road,12286.0,35627.622,41312.829,11.1,11.1,11.1,-2.772,1.0,PUNGGOL ROAD,12.687
punggol_road,Punggol Road,12288.0,35627.502,41310.833,11.023,11.023,11.023,-3.566,1.0,PUNGGOL ROAD,12.224
punggol_road,Punggol Road,12290.0,35627.382,41308.836,10.967,10.967,10.967,-3.397,1.0,PUNGGOL ROAD,11.761
punggol_road,Punggol Road,12292.0,35627.262,41306.84,10.901,10.901,10.901,-3.169,1.0,PUNGGOL ROAD,11.297
punggol_road,Punggol Road,12294.0,35627.143,41304.844,10.828,10.828,10.828,-3.175,1.0,PUNGGOL ROAD,10.834
punggol_road,Punggol Road,12296.0,35627.023,41302.847,10.77,10.77,10.77,-2.797,1.0,PUNGGOL ROAD,10.37
punggol_road,Punggol Road,12298.0,35626.903,41300.851,10.713,10.713,10.713,-1.891,1.0,PUNGGOL ROAD,9.907
punggol_road,Punggol Road,12300.0,35626.783,41298.854,10.677,10.677,10.677,-1.159,1.0,PUNGGOL ROAD,9.443
punggol_road,Punggol Road,12302.0,35626.663,41296.858,10.62,10.62,10.677,,,PUNGGOL ROAD,8.98
punggol_road,Punggol Road,12304.0,35626.112,41294.95,10.568,10.568,10.677,,,PUNGGOL ROAD,8.106
punggol_road,Punggol Road,12306.0,35625.439,41293.066,10.507,10.824,10.824,,,PUNGGOL ROAD,7.117
punggol_road,Punggol Road,12308.0,35624.766,41291.183,10.447,11.079,11.079,,,PUNGGOL ROAD,6.129
punggol_road,Punggol Road,12310.0,35624.093,41289.3,10.962,11.335,11.335,,,PUNGGOL ROAD,5.14
punggol_road,Punggol Road,12312.0,35623.42,41287.416,10.919,11.359,11.359,,,PUNGGOL ROAD,4.151
punggol_road,Punggol Road,12314.0,35622.739,41285.536,13.559,11.383,11.383,,,PUNGGOL ROAD,3.155
punggol_road,Punggol Road,12316.0,35622.019,41283.67,13.881,11.407,11.407,,,PUNGGOL ROAD,2.123
punggol_road,Punggol Road,12318.0,35621.299,41281.804,11.293,11.431,11.431,,,PUNGGOL ROAD,1.091
punggol_road,Punggol Road,12320.0,35620.58,41279.938,14.28,11.455,11.455,,,PUNGGOL ROAD,0.06
punggol_road,Punggol Road,12322.0,35619.86,41278.072,14.224,11.48,11.48,,,PUNGGOL ROAD,0.972
punggol_road,Punggol Road,12324.0,35619.14,41276.206,13.942,11.504,11.504,,,PUNGGOL ROAD,2.004
punggol_road,Punggol Road,12326.0,35618.421,41274.34,10.798,11.528,11.528,,,PUNGGOL ROAD,3.036
punggol_road,Punggol Road,12328.0,35617.701,41272.474,9.862,11.552,11.552,,,PUNGGOL ROAD,4.067
punggol_road,Punggol Road,12330.0,35616.981,41270.608,9.799,11.576,11.576,,,PUNGGOL ROAD,5.099
punggol_road,Punggol Road,12332.0,35616.261,41268.742,9.747,11.6,11.6,,,PUNGGOL ROAD,6.131
punggol_road,Punggol Road,12334.0,35615.542,41266.876,12.664,11.625,11.625,,,PUNGGOL ROAD,7.163
punggol_road,Punggol Road,12336.0,35614.822,41265.01,13.992,11.649,11.649,,,PUNGGOL ROAD,8.194
punggol_road,Punggol Road,12338.0,35614.102,41263.144,11.666,11.673,11.673,,,PUNGGOL ROAD,9.226
punggol_road,Punggol Road,12340.0,35613.383,41261.278,11.697,11.697,11.697,,,PUNGGOL ROAD,10.258
punggol_road,Punggol Road,12342.0,35612.663,41259.412,12.399,11.787,11.787,,,PUNGGOL ROAD,11.29
punggol_road,Punggol Road,12344.0,35611.943,41257.546,11.745,11.877,11.877,3.368,1.0,PUNGGOL ROAD,12.321
punggol_road,Punggol Road,12346.0,35611.223,41255.68,12.052,11.966,11.966,,,PUNGGOL ROAD,13.353
punggol_road,Punggol Road,12348.0,35610.504,41253.814,9.604,12.056,11.966,,,PUNGGOL ROAD,14.385
punggol_road,Punggol Road,12350.0,35609.838,41251.952,9.748,12.06,11.966,,,PUNGGOL ROAD,15.363
punggol_road,Punggol Road,12352.0,35610.855,41250.23,12.065,11.793,11.793,,,PUNGGOL ROAD,14.572
punggol_road,Punggol Road,12354.0,35611.873,41248.508,12.203,11.504,11.504,,,PUNGGOL ROAD,13.679
punggol_road,Punggol Road,12356.0,35612.89,41246.787,9.571,11.216,11.216,,,PUNGGOL ROAD,12.787
punggol_road,Punggol Road,12358.0,35613.908,41245.065,11.36,10.949,10.949,,,PUNGGOL ROAD,11.894
punggol_road,Punggol Road,12360.0,35614.926,41243.343,10.11,10.682,10.682,,,PUNGGOL ROAD,11.001
punggol_road,Punggol Road,12362.0,35615.943,41241.621,10.048,10.416,10.416,,,PUNGGOL ROAD,10.108
punggol_road,Punggol Road,12364.0,35616.961,41239.9,10.067,10.149,10.149,,,PUNGGOL ROAD,9.216
punggol_road,Punggol Road,12366.0,35617.978,41238.178,9.654,9.882,9.882,,,PUNGGOL ROAD,8.323
punggol_road,Punggol Road,12368.0,35618.996,41236.456,9.615,9.615,9.615,,,PUNGGOL ROAD,7.43
punggol_road,Punggol Road,12370.0,35620.014,41234.734,9.587,9.587,9.587,,,PUNGGOL ROAD,6.537
punggol_road,Punggol Road,12372.0,35621.031,41233.012,9.339,9.339,9.398,-3.46,1.0,PUNGGOL ROAD,5.645
punggol_road,Punggol Road,12374.0,35622.049,41231.291,9.312,9.312,9.339,-2.396,1.0,PUNGGOL ROAD,4.752
punggol_road,Punggol Road,12376.0,35623.066,41229.569,9.398,9.398,9.339,-0.042,1.0,PUNGGOL ROAD,3.859
punggol_road,Punggol Road,12378.0,35624.084,41227.847,9.273,9.273,9.395,0.708,1.0,PUNGGOL ROAD,2.966
punggol_road,Punggol Road,12380.0,35625.102,41226.125,9.395,9.395,9.395,,,PUNGGOL ROAD,2.074
punggol_road,Punggol Road,12382.0,35626.119,41224.404,9.615,9.615,9.395,,,PUNGGOL ROAD,1.181
punggol_road,Punggol Road,12384.0,35627.137,41222.682,9.624,9.395,9.395,-5.492,1.0,PUNGGOL ROAD,0.288
punggol_road,Punggol Road,12386.0,35628.154,41220.96,12.607,9.176,9.176,-6.194,1.0,PUNGGOL ROAD,0.605
punggol_road,Punggol Road,12388.0,35629.172,41219.238,8.956,8.956,8.956,,,PUNGGOL ROAD,1.497
punggol_road,Punggol Road,12390.0,35630.053,41217.453,8.9,8.9,8.9,,,PUNGGOL ROAD,2.249
punggol_road,Punggol Road,12392.0,35630.699,41215.561,8.86,8.86,8.86,-2.029,1.0,PUNGGOL ROAD,2.76
punggol_road,Punggol Road,12394.0,35631.346,41213.668,8.834,8.834,8.834,-1.823,1.0,PUNGGOL ROAD,3.271
punggol_road,Punggol Road,12396.0,35631.993,41211.776,8.794,8.794,8.794,-1.589,1.0,PUNGGOL ROAD,3.781
punggol_road,Punggol Road,12398.0,35632.64,41209.883,8.754,8.754,8.754,-1.512,1.0,PUNGGOL ROAD,4.292
punggol_road,Punggol Road,12400.0,35633.205,41207.972,10.7,8.733,8.733,-1.361,1.0,PUNGGOL ROAD,4.721
punggol_road,Punggol Road,12402.0,35633.468,41205.989,8.713,8.713,8.713,-1.216,1.0,PUNGGOL ROAD,4.841
punggol_road,Punggol Road,12404.0,35633.73,41204.006,8.674,8.685,8.685,-1.309,1.0,PUNGGOL ROAD,4.962
punggol_road,Punggol Road,12406.0,35633.992,41202.024,13.886,8.657,8.657,-1.403,1.0,PUNGGOL ROAD,5.083
punggol_road,Punggol Road,12408.0,35634.254,41200.041,12.933,8.628,8.628,-1.403,1.0,PUNGGOL ROAD,5.204
punggol_road,Punggol Road,12410.0,35634.517,41198.058,13.352,8.6,8.6,-1.673,1.0,PUNGGOL ROAD,5.325
punggol_road,Punggol Road,12412.0,35634.779,41196.075,8.572,8.572,8.572,-1.801,1.0,PUNGGOL ROAD,5.445
punggol_road,Punggol Road,12414.0,35635.041,41194.093,8.523,8.523,8.523,-1.873,1.0,PUNGGOL ROAD,5.566
punggol_road,Punggol Road,12428.0,35636.391,41180.174,8.268,8.268,8.268,-1.991,1.0,PUNGGOL ROAD,7.157
punggol_road,Punggol Road,12430.0,35636.456,41178.175,8.226,8.226,8.226,-2.0,1.0,PUNGGOL ROAD,7.359
punggol_road,Punggol Road,12432.0,35636.52,41176.176,8.174,8.174,8.174,-2.434,1.0,PUNGGOL ROAD,7.562
punggol_road,Punggol Road,12434.0,35636.585,41174.177,8.123,8.123,8.123,-2.11,1.0,PUNGGOL ROAD,7.764
punggol_road,Punggol Road,12436.0,35636.65,41172.178,8.074,8.074,8.074,-1.465,1.0,PUNGGOL ROAD,7.966
punggol_road,Punggol Road,12438.0,35636.714,41170.179,9.963,8.057,8.057,-0.821,1.0,PUNGGOL ROAD,8.169
punggol_road,Punggol Road,12440.0,35636.779,41168.18,10.692,8.04,8.057,,,PUNGGOL ROAD,8.371
punggol_road,Punggol Road,12442.0,35636.843,41166.181,12.059,8.024,8.057,,,PUNGGOL ROAD,8.573
punggol_road,Punggol Road,12444.0,35636.908,41164.182,8.007,8.226,8.226,,,PUNGGOL ROAD,8.776
punggol_road,Punggol Road,12446.0,35636.972,41162.183,8.0,8.515,8.515,,,PUNGGOL ROAD,8.978
punggol_road,Punggol Road,12448.0,35637.037,41160.184,9.437,8.804,8.804,,,PUNGGOL ROAD,9.181
punggol_road,Punggol Road,12450.0,35637.102,41158.185,8.0,9.094,8.804,,,PUNGGOL ROAD,9.383
punggol_road,Punggol Road,12452.0,35637.166,41156.186,9.281,8.937,8.804,,,PUNGGOL ROAD,9.585
punggol_road,Punggol Road,12454.0,35637.231,41154.187,10.456,8.781,8.781,,,PUNGGOL ROAD,9.788
punggol_road,Punggol Road,12456.0,35637.295,41152.188,10.535,8.624,8.624,,,PUNGGOL ROAD,9.99
punggol_road,Punggol Road,12458.0,35637.36,41150.189,9.472,8.468,8.468,,,PUNGGOL ROAD,10.193
punggol_road,Punggol Road,12460.0,35637.424,41148.19,10.225,8.312,8.312,,,PUNGGOL ROAD,10.395
punggol_road,Punggol Road,12462.0,35637.489,41146.191,12.391,8.155,8.155,,,PUNGGOL ROAD,10.59
punggol_road,Punggol Road,12464.0,35637.554,41144.192,10.175,7.999,7.999,,,PUNGGOL ROAD,10.736
punggol_road,Punggol Road,12466.0,35637.618,41142.193,8.821,7.843,7.843,,,PUNGGOL ROAD,10.882
punggol_road,Punggol Road,12468.0,35637.683,41140.195,7.567,7.686,7.765,,,PUNGGOL ROAD,11.028
punggol_road,Punggol Road,12470.0,35637.747,41138.196,7.53,7.53,7.765,,,PUNGGOL ROAD,11.174
punggol_road,Punggol Road,12472.0,35637.812,41136.197,7.487,7.765,7.765,,,PUNGGOL ROAD,11.321
punggol_road,Punggol Road,12474.0,35637.876,41134.198,8.001,8.001,8.001,,,PUNGGOL ROAD,11.467
punggol_road,Punggol Road,12476.0,35637.941,41132.199,9.521,8.284,8.284,,,PUNGGOL ROAD,11.613
punggol_road,Punggol Road,12478.0,35638.049,41130.202,8.539,8.568,8.568,14.081,2.0,PUNGGOL ROAD,11.803
punggol_road,Punggol Road,12480.0,35638.179,41128.206,9.073,8.852,8.852,,,PUNGGOL ROAD,12.014
punggol_road,Punggol Road,12482.0,35638.309,41126.21,16.11,9.135,9.127,,,PUNGGOL ROAD,12.225
punggol_road,Punggol Road,12484.0,35638.439,41124.214,9.197,9.197,9.127,,,PUNGGOL ROAD,12.436
punggol_road,Punggol Road,12486.0,35638.568,41122.219,9.759,9.127,9.127,,,PUNGGOL ROAD,12.648
punggol_road,Punggol Road,12488.0,35638.655,41120.221,9.066,9.058,9.058,,,PUNGGOL ROAD,12.816
punggol_road,Punggol Road,12490.0,35638.677,41118.221,8.617,8.988,8.988,,,PUNGGOL ROAD,12.919
punggol_road,Punggol Road,12492.0,35638.699,41116.222,10.449,8.918,8.918,,,PUNGGOL ROAD,13.023
punggol_road,Punggol Road,12494.0,35638.721,41114.222,9.114,8.849,8.849,,,PUNGGOL ROAD,13.127
punggol_road,Punggol Road,12496.0,35638.743,41112.222,8.556,8.779,8.849,,,PUNGGOL ROAD,13.231
punggol_road,Punggol Road,12498.0,35638.606,41110.228,8.709,8.709,8.826,,,PUNGGOL ROAD,13.175
punggol_road,Punggol Road,12500.0,35638.42,41108.237,8.975,8.975,8.779,,,PUNGGOL ROAD,13.071
punggol_road,Punggol Road,12502.0,35638.234,41106.246,7.953,8.826,8.709,,,PUNGGOL ROAD,12.966
punggol_road,Punggol Road,12504.0,35638.048,41104.254,8.628,8.676,8.676,,,PUNGGOL ROAD,12.862
punggol_road,Punggol Road,12506.0,35637.862,41102.263,7.907,8.527,8.527,,,PUNGGOL ROAD,12.757
punggol_road,Punggol Road,12508.0,35637.676,41100.272,8.702,8.378,8.378,,,PUNGGOL ROAD,12.653
punggol_road,Punggol Road,12510.0,35637.49,41098.28,7.891,8.228,8.228,,,PUNGGOL ROAD,12.548
punggol_road,Punggol Road,12512.0,35637.304,41096.289,8.079,8.079,8.089,,,PUNGGOL ROAD,12.438
punggol_road,Punggol Road,12514.0,35637.118,41094.298,11.943,8.089,8.079,,,PUNGGOL ROAD,12.312
punggol_road,Punggol Road,12516.0,35636.932,41092.306,8.099,7.827,7.827,,,PUNGGOL ROAD,12.185
punggol_road,Punggol Road,12518.0,35636.746,41090.315,11.314,7.564,7.564,-12.994,2.0,PUNGGOL ROAD,12.059
punggol_road,Punggol Road,12520.0,35636.559,41088.324,8.001,7.302,7.302,,,PUNGGOL ROAD,11.932
punggol_road,Punggol Road,12522.0,35636.365,41086.333,7.04,7.04,7.04,,,PUNGGOL ROAD,11.798
punggol_road,Punggol Road,12524.0,35636.069,41084.356,6.856,6.856,6.856,,,PUNGGOL ROAD,11.561
punggol_road,Punggol Road,12526.0,35635.773,41082.378,6.828,6.828,6.842,,,PUNGGOL ROAD,11.324
punggol_road,Punggol Road,12528.0,35635.477,41080.4,6.831,6.831,6.842,,,PUNGGOL ROAD,11.087
punggol_road,Punggol Road,12530.0,35635.181,41078.422,7.844,6.842,6.842,0.144,1.0,PUNGGOL ROAD,10.85
punggol_road,Punggol Road,12532.0,35634.884,41076.444,6.758,6.854,6.842,0.288,1.0,PUNGGOL ROAD,10.613
punggol_road,Punggol Road,12534.0,35634.588,41074.466,6.866,6.866,6.854,,,PUNGGOL ROAD,10.376
punggol_road,Punggol Road,12536.0,35634.792,41072.478,6.838,6.838,6.866,,,PUNGGOL ROAD,10.639
punggol_road,Punggol Road,12538.0,35635.011,41070.49,10.012,7.114,7.114,,,PUNGGOL ROAD,10.918
punggol_road,Punggol Road,12540.0,35635.231,41068.502,7.39,7.39,7.114,,,PUNGGOL ROAD,11.197
punggol_road,Punggol Road,12542.0,35635.451,41066.514,6.701,7.251,7.114,,,PUNGGOL ROAD,11.476
punggol_road,Punggol Road,12544.0,35635.67,41064.527,13.757,7.112,7.112,,,PUNGGOL ROAD,11.755
punggol_road,Punggol Road,12546.0,35635.711,41062.536,7.793,6.973,6.973,,,PUNGGOL ROAD,11.854
punggol_road,Punggol Road,12548.0,35635.557,41060.542,9.016,6.834,6.834,,,PUNGGOL ROAD,11.76
punggol_road,Punggol Road,12550.0,35635.402,41058.548,6.61,6.695,6.695,,,PUNGGOL ROAD,11.665
punggol_road,Punggol Road,12552.0,35635.248,41056.554,6.556,6.556,6.578,,,PUNGGOL ROAD,11.57
punggol_road,Punggol Road,12554.0,35635.094,41054.56,6.578,6.578,6.556,,,PUNGGOL ROAD,11.476
punggol_road,Punggol Road,12556.0,35634.94,41052.566,6.477,6.477,6.477,-3.275,1.0,PUNGGOL ROAD,11.381
punggol_road,Punggol Road,12558.0,35634.785,41050.571,6.422,6.422,6.422,-3.256,1.0,PUNGGOL ROAD,11.287
punggol_road,Punggol Road,12560.0,35634.631,41048.577,6.316,6.316,6.316,-2.716,1.0,PUNGGOL ROAD,11.192
punggol_road,Punggol Road,12562.0,35634.477,41046.583,6.295,6.295,6.295,-2.425,1.0,PUNGGOL ROAD,11.097
punggol_road,Punggol Road,12564.0,35634.323,41044.589,6.26,6.26,6.26,-1.381,1.0,PUNGGOL ROAD,11.003
punggol_road,Punggol Road,12566.0,35634.168,41042.595,6.228,6.228,6.228,-1.128,1.0,PUNGGOL ROAD,10.908
punggol_road,Punggol Road,12568.0,35634.014,41040.601,6.205,6.205,6.205,-0.681,1.0,PUNGGOL ROAD,10.813
punggol_road,Punggol Road,12570.0,35633.824,41038.614,6.197,6.197,6.205,-0.278,1.0,PUNGGOL ROAD,10.717
punggol_road,Punggol Road,12572.0,35633.223,41036.707,6.19,6.19,6.205,0.066,1.0,PUNGGOL ROAD,10.405
punggol_road,Punggol Road,12574.0,35632.622,41034.799,9.938,6.206,6.206,0.066,1.0,PUNGGOL ROAD,10.102
punggol_road,Punggol Road,12576.0,35632.022,41032.891,6.222,6.222,6.21,0.066,1.0,PUNGGOL ROAD,9.8
punggol_road,Punggol Road,12578.0,35631.496,41030.966,6.216,6.216,6.21,-0.566,1.0,PUNGGOL ROAD,9.574
punggol_road,Punggol Road,12580.0,35631.165,41028.993,6.21,6.21,6.21,-0.669,1.0,PUNGGOL ROAD,9.547
punggol_road,Punggol Road,12582.0,35630.834,41027.021,6.157,6.157,6.16,-0.869,1.0,PUNGGOL ROAD,9.521
punggol_road,Punggol Road,12584.0,35630.502,41025.048,6.16,6.16,6.157,-1.287,1.0,PUNGGOL ROAD,9.495
punggol_road,Punggol Road,12586.0,35630.171,41023.076,6.141,6.141,6.141,-0.931,1.0,PUNGGOL ROAD,9.468
punggol_road,Punggol Road,12588.0,35629.84,41021.104,6.107,6.107,6.107,-0.887,1.0,PUNGGOL ROAD,9.442
punggol_road,Punggol Road,12590.0,35629.509,41019.131,6.086,6.086,6.086,-0.688,1.0,PUNGGOL ROAD,9.415
punggol_road,Punggol Road,12592.0,35629.178,41017.159,6.058,6.058,6.086,,,PUNGGOL ROAD,9.389
punggol_road,Punggol Road,12594.0,35628.847,41015.186,5.98,5.98,6.086,,,PUNGGOL ROAD,9.363
punggol_road,Punggol Road,12596.0,35628.515,41013.214,5.92,6.174,6.174,,,PUNGGOL ROAD,9.336
punggol_road,Punggol Road,12598.0,35628.184,41011.242,5.868,6.369,6.369,,,PUNGGOL ROAD,9.31
punggol_road,Punggol Road,12600.0,35627.853,41009.269,5.852,6.563,6.535,,,PUNGGOL ROAD,9.283
punggol_road,Punggol Road,12602.0,35627.522,41007.297,5.826,6.549,6.535,,,PUNGGOL ROAD,9.257
punggol_road,Punggol Road,12604.0,35627.191,41005.324,11.72,6.535,6.535,,,PUNGGOL ROAD,9.231
punggol_road,Punggol Road,12606.0,35626.86,41003.352,9.761,6.521,6.521,,,PUNGGOL ROAD,9.204
punggol_road,Punggol Road,12608.0,35626.529,41001.38,9.5,6.507,6.507,,,PUNGGOL ROAD,9.178
punggol_road,Punggol Road,12610.0,35626.197,40999.407,9.439,6.493,6.493,,,PUNGGOL ROAD,9.152
punggol_road,Punggol Road,12612.0,35625.866,40997.435,7.902,6.479,6.479,,,PUNGGOL ROAD,9.125
punggol_road,Punggol Road,12614.0,35625.535,40995.462,6.705,6.465,6.465,,,PUNGGOL ROAD,9.099
punggol_road,Punggol Road,12616.0,35625.204,40993.49,6.459,6.451,6.451,,,PUNGGOL ROAD,9.072
punggol_road,Punggol Road,12618.0,35624.873,40991.518,6.437,6.437,6.437,,,PUNGGOL ROAD,9.046
punggol_road,Punggol Road,12620.0,35624.542,40989.545,6.329,6.329,6.329,,,PUNGGOL ROAD,8.975
punggol_road,Punggol Road,12622.0,35624.21,40987.573,6.264,6.264,6.329,,,PUNGGOL ROAD,8.86
punggol_road,Punggol Road,12624.0,35623.879,40985.601,6.273,6.273,6.329,,,PUNGGOL ROAD,8.746
punggol_road,Punggol Road,12626.0,35623.911,40983.628,6.252,6.551,6.551,,,PUNGGOL ROAD,8.991
punggol_road,Punggol Road,12628.0,35624.235,40981.654,6.8,6.829,6.829,,,PUNGGOL ROAD,9.528
punggol_road,Punggol Road,12630.0,35624.56,40979.681,8.925,7.18,7.18,,,PUNGGOL ROAD,10.066
punggol_road,Punggol Road,12632.0,35624.885,40977.707,9.314,7.53,7.53,,,PUNGGOL ROAD,10.603
punggol_road,Punggol Road,12634.0,35625.21,40975.734,10.413,7.881,7.881,,,PUNGGOL ROAD,11.14
punggol_road,Punggol Road,12636.0,35625.534,40973.76,9.064,8.232,8.232,,,PUNGGOL ROAD,11.677
punggol_road,Punggol Road,12638.0,35625.821,40971.781,8.794,8.582,8.582,,,PUNGGOL ROAD,12.178
punggol_road,Punggol Road,12640.0,35626.108,40969.802,8.442,8.933,8.933,,,PUNGGOL ROAD,12.678
punggol_road,Punggol Road,12642.0,35626.395,40967.822,9.395,,9.284,,,PUNGGOL ROAD,13.178
punggol_road,Punggol Road,12644.0,35626.682,40965.843,9.239,,9.634,,,PUNGGOL ROAD,13.679
punggol_road,Punggol Road,12646.0,35626.969,40963.864,10.306,,9.985,,,PUNGGOL ROAD,14.179
punggol_road,Punggol Road,12648.0,35627.212,40961.88,11.04,,10.335,,,PUNGGOL ROAD,14.636
punggol_road,Punggol Road,12650.0,35627.337,40959.884,9.975,10.686,10.686,,,PUNGGOL ROAD,14.978
punggol_road,Punggol Road,12652.0,35627.463,40957.888,9.08,11.037,11.037,,,PUNGGOL ROAD,15.319
punggol_road,Punggol Road,12654.0,35627.588,40955.892,13.135,11.387,11.387,,,PUNGGOL ROAD,15.66
punggol_road,Punggol Road,12656.0,35627.713,40953.896,10.332,11.738,11.511,,,PUNGGOL ROAD,16.002
punggol_road,Punggol Road,12658.0,35627.838,40951.899,12.881,11.791,11.511,,,PUNGGOL ROAD,16.343
punggol_road,Punggol Road,12660.0,35627.74,40949.905,13.425,11.511,11.511,,,PUNGGOL ROAD,16.463
punggol_road,Punggol Road,12662.0,35627.59,40947.91,15.592,11.232,11.232,,,PUNGGOL ROAD,16.53
punggol_road,Punggol Road,12664.0,35627.439,40945.916,12.92,10.953,10.953,,,PUNGGOL ROAD,16.597
punggol_road,Punggol Road,12666.0,35627.173,40943.936,11.487,10.673,10.673,,,PUNGGOL ROAD,16.547
punggol_road,Punggol Road,12668.0,35626.844,40941.963,10.241,10.394,10.394,,,PUNGGOL ROAD,16.435
punggol_road,Punggol Road,12670.0,35626.516,40939.99,8.602,10.096,10.096,,,PUNGGOL ROAD,16.351
punggol_road,Punggol Road,12672.0,35626.187,40938.017,9.718,9.769,9.769,,,PUNGGOL ROAD,16.369
punggol_road,Punggol Road,12674.0,35625.859,40936.044,9.246,9.442,9.442,,,PUNGGOL ROAD,16.387
punggol_road,Punggol Road,12676.0,35625.515,40934.077,7.986,9.123,9.123,,,PUNGGOL ROAD,16.389
punggol_road,Punggol Road,12678.0,35624.523,40932.341,9.61,8.803,8.803,,,PUNGGOL ROAD,15.713
punggol_road,Punggol Road,12680.0,35623.531,40930.604,11.606,8.484,8.484,,,PUNGGOL ROAD,15.037
punggol_road,Punggol Road,12682.0,35622.538,40928.867,13.688,,8.164,,,PUNGGOL ROAD,14.361
punggol_road,Punggol Road,12684.0,35621.546,40927.131,6.493,,7.845,,,PUNGGOL ROAD,13.684
punggol_road,Punggol Road,12686.0,35620.554,40925.394,6.176,,7.525,,,PUNGGOL ROAD,13.008
punggol_road,Punggol Road,12688.0,35619.562,40923.658,6.022,7.206,7.206,,,PUNGGOL ROAD,12.332
punggol_road,Punggol Road,12690.0,35618.57,40921.921,6.052,6.886,6.886,,,PUNGGOL ROAD,11.656
punggol_road,Punggol Road,12692.0,35617.578,40920.184,6.161,6.567,6.567,,,PUNGGOL ROAD,10.98
punggol_road,Punggol Road,12694.0,35616.586,40918.448,6.247,6.247,6.247,,,PUNGGOL ROAD,10.304
punggol_road,Punggol Road,12712.0,35607.658,40902.818,5.958,5.958,5.969,,,PUNGGOL ROAD,6.461
punggol_road,Punggol Road,12714.0,35606.666,40901.082,5.953,5.953,5.969,-1.077,1.0,PUNGGOL ROAD,6.371
punggol_road,Punggol Road,12716.0,35605.673,40899.345,5.969,5.969,5.969,0.374,1.0,PUNGGOL ROAD,6.281
punggol_road,Punggol Road,12718.0,35604.681,40897.608,5.989,5.989,5.989,0.376,1.0,PUNGGOL ROAD,6.191
punggol_road,Punggol Road,12720.0,35603.689,40895.872,5.999,5.999,5.999,0.384,1.0,PUNGGOL ROAD,6.101
punggol_road,Punggol Road,12722.0,35602.697,40894.135,6.074,6.074,5.999,1.065,1.0,PUNGGOL ROAD,6.011
punggol_road,Punggol Road,12724.0,35601.705,40892.399,6.0,6.0,6.0,1.248,1.0,PUNGGOL ROAD,5.921
punggol_road,Punggol Road,12726.0,35600.713,40890.662,5.999,5.999,6.074,1.251,1.0,PUNGGOL ROAD,5.831
punggol_road,Punggol Road,12728.0,35599.721,40888.925,6.099,6.099,6.099,1.244,1.0,PUNGGOL ROAD,5.742
punggol_road,Punggol Road,12730.0,35598.729,40887.189,6.138,6.138,6.099,0.318,1.0,PUNGGOL ROAD,5.652
punggol_road,Punggol Road,12732.0,35597.737,40885.452,6.103,6.103,6.099,,,PUNGGOL ROAD,5.562
punggol_road,Punggol Road,12734.0,35596.745,40883.715,6.099,6.099,6.099,,,PUNGGOL ROAD,5.472
punggol_road,Punggol Road,12736.0,35595.753,40881.979,7.547,6.095,6.095,,,PUNGGOL ROAD,5.382
punggol_road,Punggol Road,12738.0,35594.761,40880.242,9.008,6.09,6.095,,,PUNGGOL ROAD,5.292
punggol_road,Punggol Road,12740.0,35593.769,40878.506,9.036,6.085,6.095,,,PUNGGOL ROAD,5.202
punggol_road,Punggol Road,12742.0,35592.777,40876.769,6.088,6.393,6.393,,,PUNGGOL ROAD,5.112
punggol_road,Punggol Road,12744.0,35591.785,40875.032,6.075,6.701,6.701,,,PUNGGOL ROAD,5.022
punggol_road,Punggol Road,12746.0,35590.793,40873.296,6.07,7.009,7.009,,,PUNGGOL ROAD,4.932
punggol_road,Punggol Road,12748.0,35589.8,40871.559,6.08,7.317,7.317,,,PUNGGOL ROAD,4.842
punggol_road,Punggol Road,12750.0,35588.808,40869.823,6.33,7.625,7.448,,,PUNGGOL ROAD,4.752
punggol_road,Punggol Road,12752.0,35587.816,40868.086,6.296,7.537,7.448,,,PUNGGOL ROAD,4.683
punggol_road,Punggol Road,12754.0,35586.824,40866.349,11.814,7.448,7.448,,,PUNGGOL ROAD,4.628
punggol_road,Punggol Road,12756.0,35585.832,40864.613,11.876,7.36,7.36,,,PUNGGOL ROAD,4.572
punggol_road,Punggol Road,12758.0,35584.84,40862.876,6.305,7.272,7.272,,,PUNGGOL ROAD,4.517
punggol_road,Punggol Road,12760.0,35583.848,40861.14,14.416,7.183,7.183,,,PUNGGOL ROAD,4.461
punggol_road,Punggol Road,12762.0,35582.856,40859.403,14.42,7.095,7.095,,,PUNGGOL ROAD,4.406
punggol_road,Punggol Road,12764.0,35581.864,40857.666,14.278,7.006,7.006,,,PUNGGOL ROAD,4.35
punggol_road,Punggol Road,12766.0,35580.872,40855.93,14.255,6.918,6.918,,,PUNGGOL ROAD,4.295
punggol_road,Punggol Road,12768.0,35579.88,40854.193,14.226,6.83,6.83,,,PUNGGOL ROAD,4.24
punggol_road,Punggol Road,12770.0,35578.888,40852.456,6.571,6.741,6.741,,,PUNGGOL ROAD,4.184
punggol_road,Punggol Road,12772.0,35577.896,40850.72,6.557,6.653,6.653,,,PUNGGOL ROAD,4.129
punggol_road,Punggol Road,12774.0,35576.904,40848.983,6.564,6.564,6.564,,,PUNGGOL ROAD,4.073
punggol_road,Punggol Road,12776.0,35575.912,40847.247,6.272,6.272,6.306,,,PUNGGOL ROAD,4.018
punggol_road,Punggol Road,12778.0,35574.92,40845.51,6.29,6.29,6.306,-3.097,1.0,PUNGGOL ROAD,3.963
punggol_road,Punggol Road,12780.0,35573.928,40843.773,6.306,6.306,6.306,0.488,1.0,PUNGGOL ROAD,3.907
punggol_road,Punggol Road,12782.0,35572.935,40842.037,6.317,6.317,6.317,1.255,1.0,PUNGGOL ROAD,3.852
punggol_road,Punggol Road,12784.0,35571.943,40840.3,6.345,6.345,6.345,1.623,1.0,PUNGGOL ROAD,3.796
punggol_road,Punggol Road,12786.0,35570.951,40838.564,6.406,6.406,6.406,1.805,1.0,PUNGGOL ROAD,3.741
punggol_road,Punggol Road,12788.0,35569.959,40836.827,6.436,6.436,6.436,1.854,1.0,PUNGGOL ROAD,3.685
punggol_road,Punggol Road,12790.0,35568.967,40835.09,6.461,6.461,6.461,1.506,1.0,PUNGGOL ROAD,3.63
punggol_road,Punggol Road,12792.0,35567.975,40833.354,6.494,6.494,6.494,1.55,1.0,PUNGGOL ROAD,3.575
punggol_road,Punggol Road,12794.0,35566.983,40831.617,6.527,6.527,6.527,1.737,1.0,PUNGGOL ROAD,3.519
punggol_road,Punggol Road,12796.0,35565.991,40829.881,6.56,6.56,6.56,1.831,1.0,PUNGGOL ROAD,3.464
punggol_road,Punggol Road,12798.0,35564.999,40828.144,6.6,6.6,6.6,1.972,1.0,PUNGGOL ROAD,3.408
punggol_road,Punggol Road,12800.0,35564.007,40826.407,6.64,6.64,6.64,2.081,1.0,PUNGGOL ROAD,3.488
punggol_road,Punggol Road,12802.0,35563.015,40824.671,6.685,6.685,6.685,2.081,1.0,PUNGGOL ROAD,3.764
punggol_road,Punggol Road,12804.0,35562.023,40822.934,6.726,6.726,6.726,2.056,1.0,PUNGGOL ROAD,4.04
punggol_road,Punggol Road,12806.0,35561.031,40821.198,6.767,6.767,6.767,2.078,1.0,PUNGGOL ROAD,4.316
punggol_road,Punggol Road,12808.0,35560.039,40819.461,6.804,6.804,6.804,2.122,1.0,PUNGGOL ROAD,4.592
punggol_road,Punggol Road,12810.0,35559.047,40817.724,6.851,6.851,6.851,2.031,1.0,PUNGGOL ROAD,4.868
punggol_road,Punggol Road,12812.0,35558.055,40815.988,6.896,6.896,6.896,2.016,1.0,PUNGGOL ROAD,5.144
punggol_road,Punggol Road,12814.0,35557.062,40814.251,6.929,6.929,6.929,1.894,1.0,PUNGGOL ROAD,5.42
punggol_road,Punggol Road,12816.0,35556.07,40812.514,6.966,6.966,6.966,1.784,1.0,PUNGGOL ROAD,5.696
punggol_road,Punggol Road,12818.0,35555.078,40810.778,7.002,7.002,7.002,1.944,1.0,PUNGGOL ROAD,5.972
punggol_road,Punggol Road,12820.0,35554.086,40809.041,7.039,7.039,7.039,2.003,1.0,PUNGGOL ROAD,6.248
punggol_road,Punggol Road,12822.0,35553.094,40807.305,7.084,7.084,7.084,2.162,1.0,PUNGGOL ROAD,6.524
punggol_road,Punggol Road,12824.0,35552.102,40805.568,7.126,7.126,7.126,2.344,1.0,PUNGGOL ROAD,6.8
punggol_road,Punggol Road,12826.0,35551.11,40803.831,7.176,7.176,7.176,2.4,1.0,PUNGGOL ROAD,7.076
punggol_road,Punggol Road,12828.0,35550.118,40802.095,7.226,7.226,7.226,2.456,1.0,PUNGGOL ROAD,7.352
punggol_road,Punggol Road,12830.0,35549.126,40800.358,7.276,7.276,7.276,2.403,1.0,PUNGGOL ROAD,7.661
punggol_road,Punggol Road,12832.0,35548.134,40798.622,7.322,7.322,7.322,2.456,1.0,PUNGGOL ROAD,8.159
punggol_road,Punggol Road,12834.0,35547.142,40796.885,7.368,7.368,7.368,4.462,1.0,PUNGGOL ROAD,8.659
punggol_road,Punggol Road,12836.0,35546.15,40795.148,7.423,7.423,7.423,4.988,1.0,PUNGGOL ROAD,9.159
punggol_road,Punggol Road,12838.0,35545.158,40793.412,7.634,7.634,7.634,4.422,1.0,PUNGGOL ROAD,9.659
punggol_road,Punggol Road,12840.0,35544.166,40791.675,7.722,7.722,7.722,3.731,1.0,PUNGGOL ROAD,10.159
punggol_road,Punggol Road,12842.0,35543.174,40789.939,12.099,7.722,7.722,0.66,1.0,PUNGGOL ROAD,10.659
punggol_road,Punggol Road,12844.0,35542.182,40788.202,7.722,7.722,7.722,-0.44,1.0,PUNGGOL ROAD,11.16
punggol_road,Punggol Road,12846.0,35541.112,40786.515,7.64,7.64,7.686,,,PUNGGOL ROAD,11.57
punggol_road,Punggol Road,12848.0,35539.961,40784.879,7.517,7.517,7.686,,,PUNGGOL ROAD,11.886
punggol_road,Punggol Road,12850.0,35538.81,40783.243,7.515,7.686,7.686,,,PUNGGOL ROAD,12.202
punggol_road,Punggol Road,12852.0,35537.659,40781.608,7.531,7.856,7.856,,,PUNGGOL ROAD,12.518
punggol_road,Punggol Road,12854.0,35536.508,40779.972,7.529,8.327,8.327,,,PUNGGOL ROAD,12.834
punggol_road,Punggol Road,12856.0,35535.317,40778.367,14.588,8.799,8.799,,,PUNGGOL ROAD,13.099
punggol_road,Punggol Road,12858.0,35534.04,40776.828,14.565,9.27,9.27,,,PUNGGOL ROAD,13.257
punggol_road,Punggol Road,12860.0,35532.762,40775.289,14.505,9.741,9.741,,,PUNGGOL ROAD,13.414
punggol_road,Punggol Road,12862.0,35531.485,40773.75,11.305,10.256,10.256,,,PUNGGOL ROAD,13.572
punggol_road,Punggol Road,12864.0,35530.208,40772.211,11.068,10.771,10.771,,,PUNGGOL ROAD,13.73
punggol_road,Punggol Road,12866.0,35528.93,40770.672,10.219,11.285,11.285,,,PUNGGOL ROAD,13.888
punggol_road,Punggol Road,12868.0,35527.653,40769.133,10.569,11.8,11.8,,,PUNGGOL ROAD,14.046
punggol_road,Punggol Road,12870.0,35526.376,40767.594,12.542,12.315,12.315,,,PUNGGOL ROAD,14.204
punggol_road,Punggol Road,12872.0,35525.098,40766.055,7.857,12.433,12.315,,,PUNGGOL ROAD,14.362
punggol_road,Punggol Road,12874.0,35523.821,40764.517,7.584,12.551,12.315,,,PUNGGOL ROAD,14.52
punggol_road,Punggol Road,12876.0,35522.544,40762.978,14.501,12.274,12.274,,,PUNGGOL ROAD,14.677
punggol_road,Punggol Road,12878.0,35521.266,40761.439,15.015,11.996,11.996,,,PUNGGOL ROAD,14.836
punggol_road,Punggol Road,12880.0,35519.989,40759.9,18.446,11.582,11.582,,,PUNGGOL ROAD,15.035
punggol_road,Punggol Road,12882.0,35518.712,40758.361,19.092,11.169,11.169,,,PUNGGOL ROAD,15.237
punggol_road,Punggol Road,12884.0,35517.434,40756.822,14.729,10.768,10.768,,,PUNGGOL ROAD,15.439
punggol_road,Punggol Road,12886.0,35516.157,40755.283,7.842,10.367,10.367,,,PUNGGOL ROAD,15.64
punggol_road,Punggol Road,12888.0,35514.88,40753.744,7.928,9.967,9.967,,,PUNGGOL ROAD,15.842
punggol_road,Punggol Road,12890.0,35513.602,40752.205,8.452,9.566,9.566,,,PUNGGOL ROAD,16.044
punggol_road,Punggol Road,12892.0,35512.325,40750.666,9.0,9.165,9.165,,,PUNGGOL ROAD,16.245
punggol_road,Punggol Road,12894.0,35511.048,40749.127,8.356,8.764,8.764,,,PUNGGOL ROAD,16.447
punggol_road,Punggol Road,12896.0,35509.77,40747.588,8.364,8.364,8.661,,,PUNGGOL ROAD,16.649
punggol_road,Punggol Road,12898.0,35508.493,40746.049,8.152,8.512,8.661,,,PUNGGOL ROAD,16.85
punggol_road,Punggol Road,12900.0,35507.216,40744.51,20.6,8.661,8.661,,,PUNGGOL ROAD,17.052
punggol_road,Punggol Road,12902.0,35505.938,40742.971,19.846,8.81,8.661,,,PUNGGOL ROAD,17.254
punggol_road,Punggol Road,12904.0,35504.661,40741.432,9.139,8.727,8.661,,,PUNGGOL ROAD,17.456
punggol_road,Punggol Road,12906.0,35503.384,40739.893,10.894,8.644,8.644,-2.297,1.0,PUNGGOL ROAD,17.657
punggol_road,Punggol Road,12908.0,35502.106,40738.354,8.496,8.56,8.56,,,PUNGGOL ROAD,17.859
punggol_road,Punggol Road,12910.0,35500.829,40736.815,8.477,8.477,8.477,,,PUNGGOL ROAD,18.061
punggol_road,Punggol Road,12912.0,35499.552,40735.276,8.406,8.406,8.406,,,PUNGGOL ROAD,18.262
punggol_road,Punggol Road,12914.0,35498.274,40733.737,12.792,8.358,8.358,,,PUNGGOL ROAD,18.464
punggol_road,Punggol Road,12916.0,35496.941,40732.249,7.171,8.31,8.31,,,PUNGGOL ROAD,18.59
punggol_road,Punggol Road,12918.0,35495.555,40730.806,7.299,8.261,8.261,,,PUNGGOL ROAD,18.647
punggol_road,Punggol Road,12920.0,35494.169,40729.364,11.608,8.213,8.213,,,PUNGGOL ROAD,18.704
punggol_road,Punggol Road,12922.0,35492.784,40727.922,9.277,8.165,8.165,,,PUNGGOL ROAD,18.761
punggol_road,Punggol Road,12924.0,35491.265,40726.635,14.296,8.117,8.117,,,PUNGGOL ROAD,18.613
punggol_road,Punggol Road,12926.0,35489.627,40725.487,9.844,8.069,8.069,,,PUNGGOL ROAD,18.284
punggol_road,Punggol Road,12928.0,35487.99,40724.339,12.578,8.021,8.021,,,PUNGGOL ROAD,17.954
punggol_road,Punggol Road,12930.0,35486.352,40723.19,11.423,7.973,7.973,,,PUNGGOL ROAD,17.625
punggol_road,Punggol Road,12932.0,35484.715,40722.042,10.617,7.925,7.925,,,PUNGGOL ROAD,17.296
punggol_road,Punggol Road,12934.0,35483.08,40720.89,10.784,7.877,7.925,,,PUNGGOL ROAD,16.971
punggol_road,Punggol Road,12936.0,35481.707,40719.437,7.829,7.829,7.925,,,PUNGGOL ROAD,17.044
punggol_road,Punggol Road,12938.0,35480.333,40717.983,7.756,8.058,8.058,,,PUNGGOL ROAD,17.117
punggol_road,Punggol Road,12940.0,35478.959,40716.53,7.984,8.286,8.286,,,PUNGGOL ROAD,17.19
punggol_road,Punggol Road,12942.0,35477.585,40715.076,8.515,8.973,8.973,,,PUNGGOL ROAD,17.263
punggol_road,Punggol Road,12944.0,35476.211,40713.623,8.6,9.66,9.66,,,PUNGGOL ROAD,17.336
punggol_road,Punggol Road,12946.0,35474.837,40712.17,9.221,10.347,10.347,,,PUNGGOL ROAD,17.409
punggol_road,Punggol Road,12948.0,35473.463,40710.716,8.608,,11.034,,,PUNGGOL ROAD,17.482
punggol_road,Punggol Road,12950.0,35472.089,40709.263,8.869,11.721,11.721,,,PUNGGOL ROAD,17.554
punggol_road,Punggol Road,12952.0,35470.715,40707.809,11.503,12.407,12.407,,,PUNGGOL ROAD,17.627
punggol_road,Punggol Road,12954.0,35469.341,40706.356,15.626,13.094,13.094,,,PUNGGOL ROAD,17.7
punggol_road,Punggol Road,12956.0,35467.967,40704.903,23.459,13.781,13.781,,,PUNGGOL ROAD,17.773
punggol_road,Punggol Road,12958.0,35466.593,40703.449,16.577,14.029,13.999,,,PUNGGOL ROAD,17.846
punggol_road,Punggol Road,12960.0,35465.22,40701.996,18.323,14.276,13.999,,,PUNGGOL ROAD,17.919
punggol_road,Punggol Road,12962.0,35463.846,40700.542,14.633,13.999,13.999,,,PUNGGOL ROAD,17.992
punggol_road,Punggol Road,12964.0,35462.394,40699.179,12.9,13.722,13.722,,,PUNGGOL ROAD,17.947
punggol_road,Punggol Road,12966.0,35460.744,40698.05,18.032,13.445,13.445,,,PUNGGOL ROAD,17.595
punggol_road,Punggol Road,12968.0,35459.093,40696.921,11.143,13.061,13.061,,,PUNGGOL ROAD,17.243
punggol_road,Punggol Road,12970.0,35457.464,40695.764,13.839,12.677,12.677,,,PUNGGOL ROAD,16.925
punggol_road,Punggol Road,12972.0,35455.983,40694.421,14.996,12.293,12.293,,,PUNGGOL ROAD,16.844
punggol_road,Punggol Road,12974.0,35454.501,40693.077,12.662,,11.909,,,PUNGGOL ROAD,16.763
punggol_road,Punggol Road,12976.0,35453.019,40691.734,10.582,11.526,11.526,,,PUNGGOL ROAD,16.682
punggol_road,Punggol Road,12978.0,35451.537,40690.391,11.541,11.142,11.142,,,PUNGGOL ROAD,16.601
punggol_road,Punggol Road,12980.0,35450.056,40689.047,7.943,10.758,10.758,,,PUNGGOL ROAD,16.519
punggol_road,Punggol Road,12982.0,35448.574,40687.704,10.794,10.374,10.374,,,PUNGGOL ROAD,16.438
punggol_road,Punggol Road,12984.0,35447.092,40686.361,13.554,10.238,10.238,,,PUNGGOL ROAD,16.357
punggol_road,Punggol Road,12986.0,35445.611,40685.017,8.291,10.101,10.238,,,PUNGGOL ROAD,16.276
punggol_road,Punggol Road,12988.0,35444.129,40683.674,8.421,10.222,10.238,,,PUNGGOL ROAD,16.195
punggol_road,Punggol Road,12990.0,35442.647,40682.331,8.492,10.493,10.493,,,PUNGGOL ROAD,16.114
punggol_road,Punggol Road,13024.0,35417.458,40659.494,11.551,10.764,10.764,,,PUNGGOL ROAD,14.955
punggol_road,Punggol Road,13026.0,35415.977,40658.15,9.231,11.186,11.186,,,PUNGGOL ROAD,14.904
punggol_road,Punggol Road,13028.0,35414.495,40656.807,13.362,11.608,11.608,,,PUNGGOL ROAD,14.853
punggol_road,Punggol Road,13030.0,35413.013,40655.464,11.266,12.03,12.03,,,PUNGGOL ROAD,14.802
punggol_road,Punggol Road,13032.0,35411.531,40654.12,14.89,12.453,12.453,,,PUNGGOL ROAD,14.751
punggol_road,Punggol Road,13034.0,35410.05,40652.777,14.129,12.875,12.875,,,PUNGGOL ROAD,14.7
punggol_road,Punggol Road,13036.0,35408.568,40651.434,11.854,13.297,13.297,,,PUNGGOL ROAD,14.649
punggol_road,Punggol Road,13038.0,35407.086,40650.09,12.649,13.719,13.719,,,PUNGGOL ROAD,14.598
punggol_road,Punggol Road,13040.0,35405.605,40648.747,11.808,14.141,14.141,,,PUNGGOL ROAD,14.547
punggol_road,Punggol Road,13042.0,35404.123,40647.404,14.241,14.564,14.564,,,PUNGGOL ROAD,14.496
punggol_road,Punggol Road,13044.0,35402.641,40646.06,17.75,14.986,14.986,,,PUNGGOL ROAD,14.445
punggol_road,Punggol Road,13046.0,35401.16,40644.717,15.589,15.408,15.408,,,PUNGGOL ROAD,14.394
punggol_road,Punggol Road,13048.0,35399.678,40643.374,12.86,15.83,15.83,,,PUNGGOL ROAD,14.343
punggol_road,Punggol Road,13050.0,35398.196,40642.03,14.239,15.964,15.83,,,PUNGGOL ROAD,14.292
punggol_road,Punggol Road,13052.0,35396.714,40640.687,14.363,16.099,15.83,,,PUNGGOL ROAD,14.241
punggol_road,Punggol Road,13054.0,35395.233,40639.344,17.453,15.826,15.826,,,PUNGGOL ROAD,14.19
punggol_road,Punggol Road,13056.0,35393.751,40638.0,17.244,15.554,15.554,,,PUNGGOL ROAD,14.139
punggol_road,Punggol Road,13058.0,35392.269,40636.657,17.61,15.282,15.282,,,PUNGGOL ROAD,14.088
punggol_road,Punggol Road,13060.0,35390.788,40635.314,17.844,15.01,15.01,,,PUNGGOL ROAD,14.039
punggol_road,Punggol Road,13062.0,35389.306,40633.97,14.497,14.737,14.737,,,PUNGGOL ROAD,14.166
punggol_road,Punggol Road,13064.0,35387.824,40632.627,15.127,14.465,14.465,,,PUNGGOL ROAD,14.308
punggol_road,Punggol Road,13066.0,35386.342,40631.284,14.544,14.433,14.433,,,PUNGGOL ROAD,14.412
punggol_road,Punggol Road,13068.0,35384.861,40629.94,14.4,14.169,14.169,,,PUNGGOL ROAD,14.517
punggol_road,Punggol Road,13070.0,35383.379,40628.597,12.785,13.906,13.906,,,PUNGGOL ROAD,14.621
punggol_road,Punggol Road,13072.0,35381.897,40627.254,13.281,13.642,13.642,,,PUNGGOL ROAD,14.726
punggol_road,Punggol Road,13074.0,35380.416,40625.91,13.951,13.371,13.371,,,PUNGGOL ROAD,14.83
punggol_road,Punggol Road,13076.0,35378.934,40624.567,13.766,13.1,13.226,,,PUNGGOL ROAD,14.935
punggol_road,Punggol Road,13078.0,35377.459,40623.216,12.453,12.829,13.226,,,PUNGGOL ROAD,15.05
punggol_road,Punggol Road,13080.0,35375.985,40621.864,12.126,13.226,13.226,,,PUNGGOL ROAD,15.166
punggol_road,Punggol Road,13082.0,35374.511,40620.513,12.287,13.622,13.622,,,PUNGGOL ROAD,15.282
punggol_road,Punggol Road,13084.0,35373.037,40619.161,14.592,14.077,14.077,,,PUNGGOL ROAD,15.397
punggol_road,Punggol Road,13086.0,35371.563,40617.809,11.917,14.532,14.532,,,PUNGGOL ROAD,15.513
punggol_road,Punggol Road,13088.0,35370.096,40616.45,15.719,14.987,14.987,,,PUNGGOL ROAD,15.639
punggol_road,Punggol Road,13090.0,35368.688,40615.03,15.847,15.441,15.441,,,PUNGGOL ROAD,15.85
punggol_road,Punggol Road,13092.0,35367.28,40613.609,12.644,15.66,15.441,,,PUNGGOL ROAD,16.061
punggol_road,Punggol Road,13094.0,35365.872,40612.189,18.485,15.473,15.441,,,PUNGGOL ROAD,16.272
punggol_road,Punggol Road,13096.0,35364.421,40610.817,13.032,15.201,15.201,,,PUNGGOL ROAD,16.418
punggol_road,Punggol Road,13098.0,35362.859,40609.568,16.148,14.929,14.929,,,PUNGGOL ROAD,16.398
punggol_road,Punggol Road,13100.0,35361.297,40608.319,12.964,14.657,14.657,,,PUNGGOL ROAD,16.379
punggol_road,Punggol Road,13102.0,35359.735,40607.07,14.725,14.385,14.385,,,PUNGGOL ROAD,16.36
punggol_road,Punggol Road,13104.0,35358.172,40605.821,11.592,14.12,14.12,,,PUNGGOL ROAD,16.34
punggol_road,Punggol Road,13106.0,35356.61,40604.572,14.946,13.856,13.856,,,PUNGGOL ROAD,16.321
punggol_road,Punggol Road,13108.0,35355.048,40603.323,14.743,13.591,13.591,,,PUNGGOL ROAD,16.301
punggol_road,Punggol Road,13110.0,35353.486,40602.074,11.258,13.327,13.327,,,PUNGGOL ROAD,16.282
punggol_road,Punggol Road,13112.0,35351.924,40600.825,11.289,13.062,13.062,,,PUNGGOL ROAD,16.262
punggol_road,Punggol Road,13114.0,35350.362,40599.576,11.288,12.797,12.797,,,PUNGGOL ROAD,16.243
punggol_road,Punggol Road,13116.0,35348.8,40598.327,12.484,12.533,12.533,,,PUNGGOL ROAD,16.224
punggol_road,Punggol Road,13118.0,35347.238,40597.078,12.268,12.268,12.268,,,PUNGGOL ROAD,16.115
punggol_road,Punggol Road,13120.0,35345.676,40595.829,12.14,12.14,12.14,,,PUNGGOL ROAD,15.99
punggol_road,Punggol Road,13122.0,35344.114,40594.58,12.132,12.132,12.132,-3.553,1.0,PUNGGOL ROAD,15.959
punggol_road,Punggol Road,13124.0,35342.552,40593.331,11.984,11.984,11.984,,,PUNGGOL ROAD,15.928
punggol_road,Punggol Road,13126.0,35340.989,40592.082,11.822,11.822,11.984,,,PUNGGOL ROAD,15.897
punggol_road,Punggol Road,13128.0,35339.427,40590.833,11.442,11.739,11.984,,,PUNGGOL ROAD,15.866
punggol_road,Punggol Road,13130.0,35337.865,40589.584,11.656,12.028,12.028,,,PUNGGOL ROAD,15.835
punggol_road,Punggol Road,13132.0,35336.303,40588.336,11.496,12.317,12.317,,,PUNGGOL ROAD,15.804
punggol_road,Punggol Road,13134.0,35334.741,40587.087,19.219,12.61,12.61,,,PUNGGOL ROAD,15.773
punggol_road,Punggol Road,13136.0,35333.179,40585.838,11.462,12.903,12.903,,,PUNGGOL ROAD,15.742
punggol_road,Punggol Road,13138.0,35331.617,40584.589,13.378,13.196,13.196,,,PUNGGOL ROAD,15.711
punggol_road,Punggol Road,13140.0,35330.055,40583.34,14.452,13.489,13.489,,,PUNGGOL ROAD,15.683
punggol_road,Punggol Road,13142.0,35328.493,40582.091,15.482,13.782,13.782,,,PUNGGOL ROAD,15.734
punggol_road,Punggol Road,13144.0,35326.931,40580.842,12.578,14.075,14.075,,,PUNGGOL ROAD,15.79
punggol_road,Punggol Road,13146.0,35325.443,40579.512,12.331,14.368,14.34,,,PUNGGOL ROAD,15.955
punggol_road,Punggol Road,13148.0,35324.069,40578.058,14.34,14.34,14.368,,,PUNGGOL ROAD,16.288
punggol_road,Punggol Road,13150.0,35322.696,40576.605,14.244,14.6,14.6,,,PUNGGOL ROAD,16.621
punggol_road,Punggol Road,13152.0,35321.322,40575.151,13.472,14.86,14.754,,,PUNGGOL ROAD,16.954
punggol_road,Punggol Road,13154.0,35319.949,40573.697,14.784,14.807,14.754,,,PUNGGOL ROAD,17.287
punggol_road,Punggol Road,13156.0,35318.575,40572.244,13.752,14.754,14.754,,,PUNGGOL ROAD,17.62
punggol_road,Punggol Road,13158.0,35317.201,40570.79,14.514,14.701,14.701,,,PUNGGOL ROAD,17.953
punggol_road,Punggol Road,13160.0,35315.828,40569.336,14.517,14.648,14.648,,,PUNGGOL ROAD,18.286
punggol_road,Punggol Road,13162.0,35314.454,40567.882,17.94,14.595,14.595,,,PUNGGOL ROAD,18.619
punggol_road,Punggol Road,13164.0,35313.081,40566.429,17.892,14.542,14.542,,,PUNGGOL ROAD,18.952
punggol_road,Punggol Road,13166.0,35311.707,40564.975,18.574,14.489,14.489,,,PUNGGOL ROAD,19.285
punggol_road,Punggol Road,13168.0,35310.334,40563.521,18.464,14.436,14.436,,,PUNGGOL ROAD,19.618
punggol_road,Punggol Road,13170.0,35308.96,40562.068,24.679,14.383,14.383,,,PUNGGOL ROAD,19.951
punggol_road,Punggol Road,13172.0,35307.586,40560.614,24.261,14.33,14.33,,,PUNGGOL ROAD,20.284
punggol_road,Punggol Road,13174.0,35306.213,40559.16,18.755,14.277,14.277,,,PUNGGOL ROAD,20.617
punggol_road,Punggol Road,13176.0,35304.839,40557.706,20.762,14.224,14.224,,,PUNGGOL ROAD,20.95
punggol_road,Punggol Road,13178.0,35303.466,40556.253,23.323,14.171,14.171,,,PUNGGOL ROAD,21.283
punggol_road,Punggol Road,13180.0,35302.092,40554.799,13.175,14.118,14.118,,,PUNGGOL ROAD,21.616
punggol_road,Punggol Road,13182.0,35300.719,40553.345,10.515,13.866,13.866,,,PUNGGOL ROAD,21.949
punggol_road,Punggol Road,13184.0,35299.345,40551.892,10.415,13.613,13.832,,,PUNGGOL ROAD,22.282
punggol_road,Punggol Road,13186.0,35297.971,40550.438,11.396,13.832,13.751,,,PUNGGOL ROAD,22.615
punggol_road,Punggol Road,13188.0,35296.598,40548.984,13.829,13.751,13.613,,,PUNGGOL ROAD,22.948
punggol_road,Punggol Road,13190.0,35295.224,40547.53,14.27,13.548,13.645,,,PUNGGOL ROAD,23.281
punggol_road,Punggol Road,13192.0,35293.851,40546.077,13.558,13.345,13.645,,,PUNGGOL ROAD,23.614
punggol_road,Punggol Road,13256.0,35249.896,40499.558,9.553,13.645,13.645,,,PUNGGOL ROAD,37.331
punggol_road,Punggol Road,13258.0,35248.523,40498.104,19.968,13.944,13.944,,,PUNGGOL ROAD,37.575
punggol_road,Punggol Road,13260.0,35247.149,40496.65,20.02,14.243,14.243,,,PUNGGOL ROAD,37.818
punggol_road,Punggol Road,13262.0,35245.776,40495.197,10.309,,14.393,,,PUNGGOL ROAD,38.061
punggol_road,Punggol Road,13264.0,35244.402,40493.743,10.309,,14.543,,,PUNGGOL ROAD,38.304
punggol_road,Punggol Road,13266.0,35243.028,40492.289,10.309,,14.692,,,PUNGGOL ROAD,38.548
punggol_road,Punggol Road,13268.0,35241.655,40490.835,10.31,,,,,PUNGGOL ROAD,38.791
punggol_road,Punggol Road,13270.0,35240.281,40489.382,,,,,,PUNGGOL ROAD,39.034
punggol_road,Punggol Road,13272.0,35238.908,40487.928,,,,,,PUNGGOL ROAD,39.278
punggol_road,Punggol Road,13274.0,35237.534,40486.474,,,,,,PUNGGOL ROAD,39.521
punggol_road,Punggol Road,13276.0,35236.16,40485.021,,,,,,PUNGGOL ROAD,39.764
punggol_road,Punggol Road,13278.0,35234.787,40483.567,,,,,,PUNGGOL ROAD,40.008
punggol_road,Punggol Road,13280.0,35233.413,40482.113,,,,,,PUNGGOL ROAD,40.251
punggol_road,Punggol Road,13282.0,35232.04,40480.659,5.447,,17.984,,,PUNGGOL ROAD,40.494
punggol_road,Punggol Road,13284.0,35230.666,40479.206,5.447,,18.134,,,PUNGGOL ROAD,40.738
punggol_road,Punggol Road,13286.0,35229.293,40477.752,13.265,,18.284,,,PUNGGOL ROAD,40.981
punggol_road,Punggol Road,13288.0,35227.919,40476.298,13.263,18.433,18.433,,,PUNGGOL ROAD,41.224
punggol_road,Punggol Road,13290.0,35226.545,40474.845,22.499,18.732,18.732,,,PUNGGOL ROAD,41.467
punggol_road,Punggol Road,13292.0,35225.172,40473.391,22.399,19.032,19.032,,,PUNGGOL ROAD,41.711
punggol_road,Punggol Road,13294.0,35223.798,40471.937,25.024,19.331,19.032,,,PUNGGOL ROAD,41.954
punggol_road,Punggol Road,13296.0,35222.425,40470.483,25.024,19.124,19.032,,,PUNGGOL ROAD,42.197
punggol_road,Punggol Road,13298.0,35221.051,40469.03,,18.917,18.917,,,PUNGGOL ROAD,42.44
punggol_road,Punggol Road,13300.0,35219.678,40467.576,41.921,18.71,18.71,,,PUNGGOL ROAD,42.683
punggol_road,Punggol Road,13302.0,35218.304,40466.122,16.714,,18.502,,,PUNGGOL ROAD,42.927
punggol_road,Punggol Road,13304.0,35216.93,40464.669,16.714,,18.295,,,PUNGGOL ROAD,42.918
punggol_road,Punggol Road,13306.0,35215.557,40463.215,16.714,18.088,18.088,,,PUNGGOL ROAD,42.882
punggol_road,Punggol Road,13308.0,35214.183,40461.761,16.748,17.881,17.881,,,PUNGGOL ROAD,42.847
punggol_road,Punggol Road,13310.0,35212.81,40460.307,17.445,17.674,17.674,,,PUNGGOL ROAD,42.811
punggol_road,Punggol Road,13312.0,35211.436,40458.854,17.466,17.466,17.674,,,PUNGGOL ROAD,42.775
punggol_road,Punggol Road,13314.0,35210.063,40457.4,17.471,17.471,17.674,,,PUNGGOL ROAD,42.739
punggol_road,Punggol Road,13316.0,35208.689,40455.946,17.526,17.714,17.714,5.104,1.0,PUNGGOL ROAD,42.703
punggol_road,Punggol Road,13318.0,35207.315,40454.493,17.956,17.956,17.956,5.104,1.0,PUNGGOL ROAD,42.668
punggol_road,Punggol Road,13320.0,35205.942,40453.039,18.094,18.094,18.082,2.083,1.0,PUNGGOL ROAD,42.632
punggol_road,Punggol Road,13322.0,35204.568,40451.585,18.099,18.099,18.082,-0.937,1.0,PUNGGOL ROAD,42.487
punggol_road,Punggol Road,13324.0,35203.195,40450.131,18.082,18.082,18.082,-5.2,1.0,PUNGGOL ROAD,42.259
punggol_road,Punggol Road,13326.0,35201.821,40448.678,17.881,17.881,17.881,-8.537,1.0,PUNGGOL ROAD,42.032
punggol_road,Punggol Road,13328.0,35200.448,40447.224,17.666,17.666,17.666,-9.056,2.0,PUNGGOL ROAD,41.804
punggol_road,Punggol Road,13330.0,35199.074,40445.77,17.399,17.399,17.399,-7.063,1.0,PUNGGOL ROAD,41.577
punggol_road,Punggol Road,13332.0,35197.7,40444.317,14.794,17.358,17.358,-4.937,1.0,PUNGGOL ROAD,41.349
punggol_road,Punggol Road,13334.0,35196.327,40442.863,17.316,17.316,17.316,,,PUNGGOL ROAD,41.092
punggol_road,Punggol Road,13336.0,35194.953,40441.409,17.271,17.271,17.271,,,PUNGGOL ROAD,40.77
punggol_road,Punggol Road,13338.0,35193.58,40439.955,17.884,17.171,17.171,,,PUNGGOL ROAD,40.448
punggol_road,Punggol Road,13340.0,35192.206,40438.502,16.848,16.946,16.946,,,PUNGGOL ROAD,40.126
punggol_road,Punggol Road,13342.0,35190.832,40437.048,16.972,16.513,16.513,,,PUNGGOL ROAD,39.804
punggol_road,Punggol Road,13344.0,35189.459,40435.594,18.787,16.08,16.08,,,PUNGGOL ROAD,39.482
punggol_road,Punggol Road,13346.0,35188.085,40434.141,,15.647,15.647,,,PUNGGOL ROAD,39.159
punggol_road,Punggol Road,13348.0,35186.712,40432.687,,15.11,15.11,,,PUNGGOL ROAD,38.837
punggol_road,Punggol Road,13350.0,35185.338,40431.233,,14.573,14.573,,,PUNGGOL ROAD,38.492
punggol_road,Punggol Road,13352.0,35183.965,40429.779,,14.037,14.037,,,PUNGGOL ROAD,37.953
punggol_road,Punggol Road,13354.0,35182.591,40428.326,,13.5,13.5,,,PUNGGOL ROAD,37.414
punggol_road,Punggol Road,13356.0,35181.217,40426.872,,12.963,12.963,,,PUNGGOL ROAD,36.875
punggol_road,Punggol Road,13358.0,35179.844,40425.418,,12.426,12.426,,,PUNGGOL ROAD,36.337
punggol_road,Punggol Road,13360.0,35178.47,40423.965,,11.889,11.889,,,PUNGGOL ROAD,35.798
punggol_road,Punggol Road,13362.0,35177.097,40422.511,,11.352,11.352,,,PUNGGOL ROAD,35.259
punggol_road,Punggol Road,13364.0,35175.723,40421.057,,10.815,10.815,,,PUNGGOL ROAD,34.72
punggol_road,Punggol Road,13366.0,35174.35,40419.603,,10.278,10.278,,,PUNGGOL ROAD,34.182
punggol_road,Punggol Road,13368.0,35172.976,40418.15,8.929,9.741,9.741,,,PUNGGOL ROAD,33.598
punggol_road,Punggol Road,13370.0,35171.602,40416.696,9.376,9.732,9.732,,,PUNGGOL ROAD,32.754
punggol_road,Punggol Road,13372.0,35170.229,40415.242,9.41,9.723,9.732,,,PUNGGOL ROAD,31.91
punggol_road,Punggol Road,13374.0,35168.855,40413.789,9.714,9.714,9.732,,,PUNGGOL ROAD,31.067
punggol_road,Punggol Road,13376.0,35167.482,40412.335,8.448,9.888,9.888,,,PUNGGOL ROAD,30.223
punggol_road,Punggol Road,13378.0,35166.108,40410.881,17.97,10.062,10.062,,,PUNGGOL ROAD,29.379
punggol_road,Punggol Road,13380.0,35164.735,40409.427,11.449,10.236,10.236,,,PUNGGOL ROAD,28.536
punggol_road,Punggol Road,13382.0,35163.361,40407.974,12.299,10.41,10.41,,,PUNGGOL ROAD,27.692
punggol_road,Punggol Road,13384.0,35161.987,40406.52,8.512,10.584,10.453,,,PUNGGOL ROAD,26.848
punggol_road,Punggol Road,13386.0,35160.614,40405.066,10.906,10.518,10.453,,,PUNGGOL ROAD,26.005
punggol_road,Punggol Road,13388.0,35159.24,40403.612,13.204,10.453,10.453,,,PUNGGOL ROAD,25.161
punggol_road,Punggol Road,13390.0,35157.867,40402.159,10.957,9.951,9.951,,,PUNGGOL ROAD,24.317
punggol_road,Punggol Road,13392.0,35156.493,40400.705,10.655,9.449,9.449,,,PUNGGOL ROAD,23.474
punggol_road,Punggol Road,13394.0,35155.12,40399.251,7.958,8.947,8.947,,,PUNGGOL ROAD,22.63
punggol_road,Punggol Road,13396.0,35153.746,40397.798,7.663,,8.445,,,PUNGGOL ROAD,21.786
punggol_road,Punggol Road,13398.0,35152.372,40396.344,6.473,,7.943,,,PUNGGOL ROAD,20.942
punggol_road,Punggol Road,13400.0,35150.999,40394.89,6.692,7.442,7.442,,,PUNGGOL ROAD,20.099
punggol_road,Punggol Road,13402.0,35149.625,40393.436,5.874,6.94,6.94,,,PUNGGOL ROAD,19.255
punggol_road,Punggol Road,13404.0,35148.252,40391.983,7.205,6.438,6.438,,,PUNGGOL ROAD,18.411
punggol_road,Punggol Road,13406.0,35146.878,40390.529,6.022,5.936,5.936,,,PUNGGOL ROAD,17.568
punggol_road,Punggol Road,13408.0,35145.505,40389.075,5.517,5.684,5.684,,,PUNGGOL ROAD,16.724
punggol_road,Punggol Road,13410.0,35144.687,40387.263,5.431,5.431,5.532,,,PUNGGOL ROAD,16.522
punggol_road,Punggol Road,13412.0,35143.932,40385.411,5.417,5.417,5.532,,,PUNGGOL ROAD,16.391
punggol_road,Punggol Road,13414.0,35143.177,40383.559,5.811,5.532,5.506,0.0,1.0,PUNGGOL ROAD,16.259
punggol_road,Punggol Road,13416.0,35142.422,40381.707,5.647,5.647,5.532,0.351,1.0,PUNGGOL ROAD,16.128
punggol_road,Punggol Road,13418.0,35141.667,40379.855,5.506,5.506,5.532,0.351,1.0,PUNGGOL ROAD,15.997
punggol_road,Punggol Road,13420.0,35140.926,40377.998,5.56,5.56,5.56,0.351,1.0,PUNGGOL ROAD,15.881
punggol_road,Punggol Road,13422.0,35140.195,40376.136,5.466,5.466,5.56,0.001,1.0,PUNGGOL ROAD,15.777
punggol_road,Punggol Road,13424.0,35139.465,40374.274,5.592,5.592,5.56,0.269,1.0,PUNGGOL ROAD,15.672
punggol_road,Punggol Road,13426.0,35138.734,40372.413,5.607,5.607,5.532,0.269,1.0,PUNGGOL ROAD,15.567
punggol_road,Punggol Road,13428.0,35138.003,40370.551,5.532,5.532,5.582,0.269,1.0,PUNGGOL ROAD,15.404
punggol_road,Punggol Road,13430.0,35137.273,40368.689,5.531,5.531,5.582,,,PUNGGOL ROAD,15.18
punggol_road,Punggol Road,13432.0,35136.629,40366.796,5.582,5.582,5.582,,,PUNGGOL ROAD,15.048
punggol_road,Punggol Road,13434.0,35136.023,40364.89,5.621,5.885,5.885,,,PUNGGOL ROAD,14.955
punggol_road,Punggol Road,13436.0,35135.416,40362.985,6.416,6.188,6.188,,,PUNGGOL ROAD,14.862
punggol_road,Punggol Road,13438.0,35134.81,40361.079,6.407,6.491,6.491,,,PUNGGOL ROAD,14.77
punggol_road,Punggol Road,13440.0,35134.26,40359.156,6.624,6.757,6.757,,,PUNGGOL ROAD,14.736
punggol_road,Punggol Road,13442.0,35133.725,40357.229,9.825,7.023,7.023,,,PUNGGOL ROAD,14.717
punggol_road,Punggol Road,13444.0,35133.189,40355.302,8.047,7.29,7.29,,,PUNGGOL ROAD,14.698
punggol_road,Punggol Road,13446.0,35132.653,40353.375,8.078,,7.556,,,PUNGGOL ROAD,14.679
punggol_road,Punggol Road,13448.0,35132.157,40351.438,8.047,7.822,7.822,,,PUNGGOL ROAD,14.701
punggol_road,Punggol Road,13450.0,35131.694,40349.492,8.567,8.088,8.088,,,PUNGGOL ROAD,14.757
punggol_road,Punggol Road,13452.0,35131.231,40347.547,5.311,8.354,8.354,,,PUNGGOL ROAD,14.813
punggol_road,Punggol Road,13454.0,35130.767,40345.601,5.278,8.62,8.586,,,PUNGGOL ROAD,14.869
punggol_road,Punggol Road,13456.0,35130.304,40343.656,8.647,8.647,8.586,,,PUNGGOL ROAD,14.925
punggol_road,Punggol Road,13458.0,35129.841,40341.71,8.586,8.586,8.586,,,PUNGGOL ROAD,14.981
punggol_road,Punggol Road,13460.0,35129.349,40339.771,10.337,8.255,8.255,,,PUNGGOL ROAD,15.007
punggol_road,Punggol Road,13462.0,35128.858,40337.833,8.635,7.924,7.924,,,PUNGGOL ROAD,15.034
punggol_road,Punggol Road,13464.0,35128.366,40335.894,8.315,7.592,7.592,,,PUNGGOL ROAD,15.06
punggol_road,Punggol Road,13466.0,35127.874,40333.956,8.439,,7.261,,,PUNGGOL ROAD,15.087
punggol_road,Punggol Road,13468.0,35127.383,40332.017,6.658,6.93,6.93,,,PUNGGOL ROAD,15.114
punggol_road,Punggol Road,13470.0,35126.891,40330.078,6.569,6.598,6.598,,,PUNGGOL ROAD,15.14
punggol_road,Punggol Road,13472.0,35126.399,40328.14,5.178,6.267,6.267,,,PUNGGOL ROAD,15.167
punggol_road,Punggol Road,13474.0,35125.907,40326.201,5.347,5.936,5.936,,,PUNGGOL ROAD,15.193
punggol_road,Punggol Road,13476.0,35125.416,40324.262,5.679,5.899,5.936,,,PUNGGOL ROAD,15.22
punggol_road,Punggol Road,13478.0,35124.924,40322.324,5.215,5.862,5.936,,,PUNGGOL ROAD,15.246
punggol_road,Punggol Road,13480.0,35124.432,40320.385,5.937,6.119,6.119,,,PUNGGOL ROAD,15.273
punggol_road,Punggol Road,13482.0,35123.941,40318.447,5.381,6.377,6.377,,,PUNGGOL ROAD,15.299
punggol_road,Punggol Road,13484.0,35123.449,40316.508,10.436,6.634,6.634,,,PUNGGOL ROAD,15.326
punggol_road,Punggol Road,13486.0,35122.957,40314.569,7.403,6.891,6.891,,,PUNGGOL ROAD,15.353
punggol_road,Punggol Road,13488.0,35122.464,40312.631,10.444,7.149,7.149,,,PUNGGOL ROAD,15.378
punggol_road,Punggol Road,13490.0,35121.959,40310.696,6.895,7.172,7.172,,,PUNGGOL ROAD,15.39
punggol_road,Punggol Road,13492.0,35121.453,40308.761,7.766,7.195,7.195,0.766,1.0,PUNGGOL ROAD,15.403
punggol_road,Punggol Road,13494.0,35120.948,40306.826,5.119,7.21,7.195,,,PUNGGOL ROAD,15.415
punggol_road,Punggol Road,13496.0,35120.443,40304.891,5.045,7.225,7.21,,,PUNGGOL ROAD,15.428
punggol_road,Punggol Road,13498.0,35119.937,40302.956,6.954,6.954,7.222,,,PUNGGOL ROAD,15.44
punggol_road,Punggol Road,13500.0,35119.432,40301.021,6.207,7.222,7.225,,,PUNGGOL ROAD,15.453
punggol_road,Punggol Road,13502.0,35118.892,40299.095,8.368,7.49,7.49,,,PUNGGOL ROAD,15.429
punggol_road,Punggol Road,13504.0,35118.317,40297.18,8.337,7.757,7.757,,,PUNGGOL ROAD,15.369
punggol_road,Punggol Road,13506.0,35117.743,40295.264,6.328,8.025,8.025,,,PUNGGOL ROAD,15.31
punggol_road,Punggol Road,13508.0,35117.168,40293.348,4.984,8.293,8.087,,,PUNGGOL ROAD,15.251
punggol_road,Punggol Road,13510.0,35116.594,40291.432,8.271,8.271,8.087,,,PUNGGOL ROAD,15.192
punggol_road,Punggol Road,13512.0,35116.022,40289.516,8.171,8.087,8.087,-2.713,1.0,PUNGGOL ROAD,15.135
punggol_road,Punggol Road,13514.0,35115.452,40287.599,4.818,7.904,7.904,-4.594,1.0,PUNGGOL ROAD,14.97
punggol_road,Punggol Road,13516.0,35114.882,40285.682,7.72,7.72,7.87,,,PUNGGOL ROAD,14.79
punggol_road,Punggol Road,13518.0,35114.317,40283.764,5.193,7.87,7.72,,,PUNGGOL ROAD,14.615
punggol_road,Punggol Road,13520.0,35113.91,40281.805,8.021,7.575,7.575,,,PUNGGOL ROAD,14.604
punggol_road,Punggol Road,13522.0,35113.504,40279.847,9.061,7.279,7.279,,,PUNGGOL ROAD,14.592
punggol_road,Punggol Road,13524.0,35113.097,40277.889,8.615,6.983,6.983,,,PUNGGOL ROAD,14.581
punggol_road,Punggol Road,13526.0,35112.69,40275.931,6.862,6.722,6.722,,,PUNGGOL ROAD,14.57
punggol_road,Punggol Road,13528.0,35112.284,40273.972,5.061,6.461,6.461,,,PUNGGOL ROAD,14.558
punggol_road,Punggol Road,13530.0,35111.877,40272.014,5.128,6.2,6.2,,,PUNGGOL ROAD,14.547
punggol_road,Punggol Road,13532.0,35111.471,40270.056,5.346,5.939,5.939,,,PUNGGOL ROAD,14.536
punggol_road,Punggol Road,13534.0,35111.064,40268.098,5.175,5.678,5.678,,,PUNGGOL ROAD,14.524
punggol_road,Punggol Road,13536.0,35110.658,40266.139,5.048,5.416,5.416,,,PUNGGOL ROAD,14.513
punggol_road,Punggol Road,13538.0,35110.251,40264.181,5.155,5.155,5.282,,,PUNGGOL ROAD,14.502
punggol_road,Punggol Road,13540.0,35109.845,40262.223,5.08,5.08,5.282,,,PUNGGOL ROAD,14.49
punggol_road,Punggol Road,13542.0,35109.438,40260.265,5.091,5.282,5.282,,,PUNGGOL ROAD,14.479
punggol_road,Punggol Road,13544.0,35109.032,40258.306,7.536,5.484,5.484,,,PUNGGOL ROAD,14.467
punggol_road,Punggol Road,13546.0,35108.625,40256.348,5.28,5.769,5.769,,,PUNGGOL ROAD,14.456
punggol_road,Punggol Road,13548.0,35108.428,40254.362,6.269,6.054,6.054,,,PUNGGOL ROAD,14.656
punggol_road,Punggol Road,13550.0,35108.308,40252.365,7.114,6.339,6.339,,,PUNGGOL ROAD,14.933
punggol_road,Punggol Road,13552.0,35108.189,40250.369,10.897,6.409,6.409,,,PUNGGOL ROAD,15.21
punggol_road,Punggol Road,13554.0,35108.069,40248.373,9.701,6.479,6.479,,,PUNGGOL ROAD,15.415
punggol_road,Punggol Road,13556.0,35107.949,40246.376,8.706,6.548,6.548,,,PUNGGOL ROAD,15.537
punggol_road,Punggol Road,13558.0,35107.829,40244.38,6.81,6.618,6.618,,,PUNGGOL ROAD,15.658
punggol_road,Punggol Road,13560.0,35107.71,40242.383,10.071,6.688,6.688,,,PUNGGOL ROAD,15.779
punggol_road,Punggol Road,13562.0,35107.59,40240.387,8.749,6.758,6.758,,,PUNGGOL ROAD,15.901
punggol_road,Punggol Road,13564.0,35107.47,40238.391,10.436,6.828,6.828,,,PUNGGOL ROAD,16.022
punggol_road,Punggol Road,13566.0,35107.35,40236.394,9.082,6.898,6.898,,,PUNGGOL ROAD,16.143
punggol_road,Punggol Road,13568.0,35107.23,40234.398,7.81,6.968,6.968,,,PUNGGOL ROAD,16.265
punggol_road,Punggol Road,13570.0,35107.111,40232.401,10.002,7.038,7.038,,,PUNGGOL ROAD,16.386
punggol_road,Punggol Road,13572.0,35106.991,40230.405,6.121,7.107,7.107,,,PUNGGOL ROAD,16.507
punggol_road,Punggol Road,13574.0,35106.871,40228.409,7.051,7.177,7.177,,,PUNGGOL ROAD,16.629
punggol_road,Punggol Road,13576.0,35106.751,40226.412,5.334,7.247,7.247,,,PUNGGOL ROAD,16.75
punggol_road,Punggol Road,13578.0,35106.631,40224.416,7.443,7.443,7.247,,,PUNGGOL ROAD,16.871
punggol_road,Punggol Road,13580.0,35106.512,40222.419,8.644,7.317,7.247,,,PUNGGOL ROAD,16.993
punggol_road,Punggol Road,13582.0,35106.392,40220.423,7.19,7.048,7.048,,,PUNGGOL ROAD,17.114
punggol_road,Punggol Road,13584.0,35106.272,40218.427,6.989,6.78,6.78,,,PUNGGOL ROAD,17.235
punggol_road,Punggol Road,13586.0,35106.152,40216.43,6.867,6.512,6.512,,,PUNGGOL ROAD,17.357
punggol_road,Punggol Road,13588.0,35106.032,40214.434,5.702,6.244,6.244,,,PUNGGOL ROAD,17.478
punggol_road,Punggol Road,13590.0,35105.913,40212.437,5.62,6.047,6.082,,,PUNGGOL ROAD,17.599
punggol_road,Punggol Road,13592.0,35105.793,40210.441,5.658,5.851,6.082,,,PUNGGOL ROAD,17.721
punggol_road,Punggol Road,13594.0,35105.673,40208.444,6.082,6.082,6.082,,,PUNGGOL ROAD,17.842
punggol_road,Punggol Road,13596.0,35105.553,40206.448,6.173,6.173,6.158,,,PUNGGOL ROAD,17.963
punggol_road,Punggol Road,13598.0,35105.434,40204.452,6.158,6.158,6.173,,,PUNGGOL ROAD,18.085
punggol_road,Punggol Road,13600.0,35105.314,40202.455,6.229,6.229,6.229,,,PUNGGOL ROAD,18.206
punggol_road,Punggol Road,13602.0,35105.194,40200.459,10.959,6.241,6.241,,,PUNGGOL ROAD,18.327
punggol_road,Punggol Road,13604.0,35104.695,40198.885,5.334,6.254,6.254,0.312,1.0,PUNGGOL ROAD,18.021
punggol_road,Punggol Road,13606.0,35102.697,40198.98,6.485,6.266,6.254,,,PUNGGOL ROAD,16.027
punggol_road,Punggol Road,13608.0,35100.699,40199.076,9.316,6.279,6.254,,,PUNGGOL ROAD,14.032
punggol_road,Punggol Road,13610.0,35098.702,40199.172,8.239,6.073,6.073,,,PUNGGOL ROAD,12.037
punggol_road,Punggol Road,13612.0,35096.704,40199.267,5.866,5.866,5.866,,,PUNGGOL ROAD,10.043
punggol_road,Punggol Road,13614.0,35094.706,40199.363,6.194,5.701,5.701,,,PUNGGOL ROAD,8.048
punggol_road,Punggol Road,13616.0,35092.709,40199.458,5.271,5.535,5.535,,,PUNGGOL ROAD,6.053
punggol_road,Punggol Road,13618.0,35090.711,40199.554,5.733,5.37,5.37,,,PUNGGOL ROAD,4.058
punggol_road,Punggol Road,13620.0,35088.713,40199.649,5.291,5.204,5.204,,,PUNGGOL ROAD,2.064
punggol_road,Punggol Road,13622.0,35086.715,40199.745,4.962,5.038,5.038,,,PUNGGOL ROAD,0.069
punggol_road,Punggol Road,13624.0,35084.718,40199.841,4.873,4.873,5.038,,,PUNGGOL ROAD,1.926
punggol_road,Punggol Road,13626.0,35082.72,40199.936,4.89,4.89,5.038,,,PUNGGOL ROAD,3.92
punggol_road,Punggol Road,13628.0,35080.722,40200.032,5.043,5.043,5.043,,,PUNGGOL ROAD,5.915
punggol_road,Punggol Road,13630.0,35078.725,40200.127,4.83,5.338,5.338,,,PUNGGOL ROAD,7.91
punggol_road,Punggol Road,13632.0,35076.727,40200.223,5.02,5.633,5.633,13.291,2.0,PUNGGOL ROAD,9.904
punggol_road,Punggol Road,13634.0,35074.729,40200.318,6.511,5.928,5.928,,,PUNGGOL ROAD,11.899
punggol_road,Punggol Road,13636.0,35072.731,40200.414,6.223,6.223,6.106,,,PUNGGOL ROAD,13.894
punggol_road,Punggol Road,13638.0,35070.734,40200.51,5.836,6.164,6.106,,,PUNGGOL ROAD,15.889
punggol_road,Punggol Road,13640.0,35068.736,40200.605,8.127,6.106,6.106,,,PUNGGOL ROAD,17.883
punggol_road,Punggol Road,13642.0,35066.738,40200.701,7.357,6.048,6.048,,,PUNGGOL ROAD,19.878
punggol_road,Punggol Road,13644.0,35064.741,40200.796,6.27,5.99,5.99,,,PUNGGOL ROAD,21.873
punggol_road,Punggol Road,13646.0,35062.743,40200.892,5.279,5.932,5.932,,,PUNGGOL ROAD,23.867
punggol_road,Punggol Road,13648.0,35060.745,40200.987,4.787,5.874,5.874,,,PUNGGOL ROAD,25.862
punggol_road,Punggol Road,13650.0,35058.747,40201.083,5.123,5.816,5.816,,,PUNGGOL ROAD,27.857
punggol_road,Punggol Road,13652.0,35056.75,40201.178,5.864,5.758,5.758,,,PUNGGOL ROAD,29.851
punggol_road,Punggol Road,13654.0,35054.752,40201.274,3.481,5.7,5.758,,,PUNGGOL ROAD,31.846
punggol_road,Punggol Road,13656.0,35052.754,40201.37,3.744,5.536,5.758,,,PUNGGOL ROAD,33.841
punggol_road,Punggol Road,13658.0,35050.757,40201.465,5.373,5.87,5.87,,,PUNGGOL ROAD,35.835
punggol_road,Punggol Road,13660.0,35048.759,40201.561,5.977,6.204,6.204,,,PUNGGOL ROAD,37.83
punggol_road,Punggol Road,13662.0,35046.761,40201.656,7.06,6.588,6.588,,,PUNGGOL ROAD,39.825
punggol_road,Punggol Road,13664.0,35044.763,40201.752,6.428,6.972,6.972,,,PUNGGOL ROAD,41.82
punggol_road,Punggol Road,13666.0,35042.766,40201.847,11.231,7.356,7.356,,,PUNGGOL ROAD,43.814
punggol_road,Punggol Road,13848.0,35053.457,40185.003,8.548,7.74,7.74,,,PUNGGOL ROAD,31.174
punggol_road,Punggol Road,13850.0,35055.249,40185.891,7.611,8.129,8.129,,,PUNGGOL ROAD,29.502
punggol_road,Punggol Road,13852.0,35057.041,40186.779,6.802,8.518,8.518,,,PUNGGOL ROAD,27.83
punggol_road,Punggol Road,13854.0,35058.833,40187.667,5.77,8.907,8.907,,,PUNGGOL ROAD,26.158
punggol_road,Punggol Road,13856.0,35060.625,40188.556,6.046,9.296,9.296,,,PUNGGOL ROAD,24.486
punggol_road,Punggol Road,13858.0,35062.417,40189.444,10.365,9.685,9.685,,,PUNGGOL ROAD,22.814
punggol_road,Punggol Road,13860.0,35064.209,40190.332,11.867,10.074,9.944,,,PUNGGOL ROAD,21.141
punggol_road,Punggol Road,13862.0,35066.001,40191.22,11.867,10.009,9.944,,,PUNGGOL ROAD,19.469
punggol_road,Punggol Road,13864.0,35067.353,40192.438,11.844,9.944,9.944,,,PUNGGOL ROAD,18.274
punggol_road,Punggol Road,13866.0,35067.704,40194.407,11.209,9.879,9.879,,,PUNGGOL ROAD,18.162
punggol_road,Punggol Road,13868.0,35068.056,40196.376,11.709,9.419,9.419,,,PUNGGOL ROAD,18.05
punggol_road,Punggol Road,13870.0,35068.407,40198.345,8.132,8.958,8.958,,,PUNGGOL ROAD,17.938
punggol_road,Punggol Road,13872.0,35068.759,40200.314,8.076,8.498,8.498,,,PUNGGOL ROAD,17.826
punggol_road,Punggol Road,13874.0,35069.11,40202.283,5.758,,8.037,,,PUNGGOL ROAD,17.714
punggol_road,Punggol Road,13876.0,35069.452,40204.253,5.609,,7.577,,,PUNGGOL ROAD,17.612
punggol_road,Punggol Road,13878.0,35069.782,40206.226,5.582,7.116,7.116,,,PUNGGOL ROAD,17.522
punggol_road,Punggol Road,13880.0,35070.111,40208.198,5.6,6.656,6.656,,,PUNGGOL ROAD,17.432
punggol_road,Punggol Road,13882.0,35070.441,40210.171,4.97,6.196,6.196,,,PUNGGOL ROAD,17.342
punggol_road,Punggol Road,13884.0,35070.73,40212.15,4.553,5.735,5.87,,,PUNGGOL ROAD,17.293
punggol_road,Punggol Road,13886.0,35070.996,40214.132,4.547,5.803,5.87,,,PUNGGOL ROAD,17.267
punggol_road,Punggol Road,13888.0,35071.262,40216.114,5.87,5.87,5.87,,,PUNGGOL ROAD,17.242
punggol_road,Punggol Road,13890.0,35071.528,40218.096,5.929,6.103,6.103,,,PUNGGOL ROAD,17.216
punggol_road,Punggol Road,13892.0,35071.794,40220.079,5.759,6.337,6.337,6.83,1.0,PUNGGOL ROAD,17.191
punggol_road,Punggol Road,13894.0,35072.067,40222.06,6.57,6.57,6.416,,,PUNGGOL ROAD,17.158
punggol_road,Punggol Road,13896.0,35072.343,40224.041,6.416,6.416,6.416,,,PUNGGOL ROAD,17.123
punggol_road,Punggol Road,13898.0,35072.619,40226.022,6.427,6.427,6.416,-1.588,1.0,PUNGGOL ROAD,17.087
punggol_road,Punggol Road,13900.0,35072.895,40228.003,6.408,6.408,6.408,-3.07,1.0,PUNGGOL ROAD,17.052
punggol_road,Punggol Road,13902.0,35073.174,40229.983,4.606,6.289,6.289,-4.553,1.0,PUNGGOL ROAD,17.013
punggol_road,Punggol Road,13904.0,35073.481,40231.959,4.602,6.171,6.171,,,PUNGGOL ROAD,16.946
punggol_road,Punggol Road,13906.0,35073.788,40233.935,6.052,6.052,6.052,,,PUNGGOL ROAD,16.879
punggol_road,Punggol Road,13908.0,35074.096,40235.912,6.988,6.0,6.0,-2.792,1.0,PUNGGOL ROAD,16.811
punggol_road,Punggol Road,13910.0,35074.403,40237.888,6.912,5.947,6.0,-1.965,1.0,PUNGGOL ROAD,16.744
punggol_road,Punggol Road,13912.0,35074.71,40239.864,5.895,5.895,5.947,,,PUNGGOL ROAD,16.677
punggol_road,Punggol Road,13914.0,35075.017,40241.84,6.135,6.135,5.895,,,PUNGGOL ROAD,16.61
punggol_road,Punggol Road,13916.0,35075.325,40243.817,6.583,5.847,5.847,,,PUNGGOL ROAD,16.543
punggol_road,Punggol Road,13918.0,35075.632,40245.793,5.796,5.559,5.559,,,PUNGGOL ROAD,16.475
punggol_road,Punggol Road,13920.0,35075.939,40247.769,5.04,5.271,5.271,,,PUNGGOL ROAD,16.408
punggol_road,Punggol Road,13922.0,35076.246,40249.746,4.699,4.983,4.983,,,PUNGGOL ROAD,16.341
punggol_road,Punggol Road,13924.0,35076.554,40251.722,4.695,4.695,4.907,,,PUNGGOL ROAD,16.274
punggol_road,Punggol Road,13926.0,35076.861,40253.698,4.743,4.743,4.743,,,PUNGGOL ROAD,16.207
punggol_road,Punggol Road,13928.0,35077.168,40255.674,4.907,4.907,4.743,0.0,1.0,PUNGGOL ROAD,16.247
punggol_road,Punggol Road,13930.0,35077.475,40257.651,4.699,4.699,4.763,,,PUNGGOL ROAD,16.336
punggol_road,Punggol Road,13932.0,35077.783,40259.627,4.763,4.763,4.907,,,PUNGGOL ROAD,16.426
punggol_road,Punggol Road,13934.0,35078.156,40261.591,4.749,5.03,5.03,,,PUNGGOL ROAD,16.449
punggol_road,Punggol Road,13936.0,35078.545,40263.553,4.746,5.298,5.298,,,PUNGGOL ROAD,16.455
punggol_road,Punggol Road,13938.0,35078.934,40265.515,8.624,5.606,5.606,,,PUNGGOL ROAD,16.461
punggol_road,Punggol Road,13940.0,35079.324,40267.477,8.204,5.915,5.915,,,PUNGGOL ROAD,16.467
punggol_road,Punggol Road,13942.0,35079.713,40269.438,7.884,6.224,6.224,,,PUNGGOL ROAD,16.473
punggol_road,Punggol Road,13944.0,35080.099,40271.401,8.902,,6.533,,,PUNGGOL ROAD,16.483
punggol_road,Punggol Road,13946.0,35080.484,40273.363,6.819,6.841,6.841,,,PUNGGOL ROAD,16.493
punggol_road,Punggol Road,13948.0,35080.869,40275.326,8.58,7.15,7.15,,,PUNGGOL ROAD,16.504
punggol_road,Punggol Road,13950.0,35081.254,40277.289,10.937,7.459,7.459,,,PUNGGOL ROAD,16.515
punggol_road,Punggol Road,13952.0,35081.699,40279.238,9.361,7.768,7.768,,,PUNGGOL ROAD,16.464
punggol_road,Punggol Road,13954.0,35082.187,40281.177,9.259,7.848,7.778,,,PUNGGOL ROAD,16.369
punggol_road,Punggol Road,13956.0,35082.676,40283.117,8.782,7.927,7.778,,,PUNGGOL ROAD,16.273
punggol_road,Punggol Road,13992.0,35091.466,40318.027,5.451,7.778,7.778,,,PUNGGOL ROAD,15.96
punggol_road,Punggol Road,13994.0,35091.955,40319.966,9.248,7.63,7.63,,,PUNGGOL ROAD,15.99
punggol_road,Punggol Road,13996.0,35092.443,40321.906,6.289,7.481,7.481,,,PUNGGOL ROAD,16.02
punggol_road,Punggol Road,13998.0,35092.932,40323.845,6.279,7.332,7.332,,,PUNGGOL ROAD,16.051
punggol_road,Punggol Road,14000.0,35093.42,40325.785,6.981,7.183,7.183,,,PUNGGOL ROAD,16.081
punggol_road,Punggol Road,14002.0,35093.908,40327.724,7.034,7.034,7.183,,,PUNGGOL ROAD,16.111
punggol_road,Punggol Road,14004.0,35094.397,40329.664,11.157,7.148,7.183,,,PUNGGOL ROAD,16.141
punggol_road,Punggol Road,14006.0,35094.885,40331.603,6.612,7.262,7.262,,,PUNGGOL ROAD,16.171
punggol_road,Punggol Road,14008.0,35095.373,40333.543,10.838,7.376,7.376,,,PUNGGOL ROAD,16.201
punggol_road,Punggol Road,14010.0,35095.862,40335.482,11.948,7.49,7.49,,,PUNGGOL ROAD,16.231
punggol_road,Punggol Road,14012.0,35096.35,40337.421,11.115,7.605,7.605,,,PUNGGOL ROAD,16.261
punggol_road,Punggol Road,14014.0,35096.839,40339.361,10.624,7.719,7.719,,,PUNGGOL ROAD,16.291
punggol_road,Punggol Road,14016.0,35097.327,40341.3,9.629,7.833,7.833,,,PUNGGOL ROAD,16.321
punggol_road,Punggol Road,14018.0,35097.815,40343.24,10.508,7.947,7.947,,,PUNGGOL ROAD,16.351
punggol_road,Punggol Road,14020.0,35098.304,40345.179,10.424,8.061,7.999,,,PUNGGOL ROAD,16.381
punggol_road,Punggol Road,14022.0,35098.789,40347.12,8.176,8.176,7.999,,,PUNGGOL ROAD,16.414
punggol_road,Punggol Road,14024.0,35099.257,40349.064,7.999,7.999,7.999,,,PUNGGOL ROAD,16.465
punggol_road,Punggol Road,14026.0,35099.724,40351.009,12.6,7.963,7.963,,,PUNGGOL ROAD,16.516
punggol_road,Punggol Road,14028.0,35100.192,40352.953,7.927,7.927,7.927,,,PUNGGOL ROAD,16.567
punggol_road,Punggol Road,14030.0,35100.66,40354.898,8.436,7.839,7.839,,,PUNGGOL ROAD,16.618
punggol_road,Punggol Road,14032.0,35101.128,40356.842,6.601,7.751,7.751,-4.262,1.0,PUNGGOL ROAD,16.669
punggol_road,Punggol Road,14034.0,35101.596,40358.786,7.715,7.663,7.663,,,PUNGGOL ROAD,16.72
punggol_road,Punggol Road,14036.0,35102.064,40360.731,5.238,7.575,7.586,,,PUNGGOL ROAD,16.771
punggol_road,Punggol Road,14038.0,35102.532,40362.675,7.434,7.434,7.586,,,PUNGGOL ROAD,16.822
punggol_road,Punggol Road,14040.0,35103.0,40364.62,8.036,7.586,7.575,0.0,1.0,PUNGGOL ROAD,16.873
punggol_road,Punggol Road,14042.0,35103.468,40366.564,7.738,7.738,7.586,-0.218,1.0,PUNGGOL ROAD,16.925
punggol_road,Punggol Road,14044.0,35103.936,40368.509,7.444,7.444,7.586,,,PUNGGOL ROAD,16.976
punggol_road,Punggol Road,14046.0,35104.403,40370.454,7.606,7.606,7.569,,,PUNGGOL ROAD,17.027
punggol_road,Punggol Road,14048.0,35104.871,40372.398,7.569,7.569,7.478,,,PUNGGOL ROAD,17.079
punggol_road,Punggol Road,14050.0,35105.338,40374.343,8.214,7.478,7.478,,,PUNGGOL ROAD,17.131
punggol_road,Punggol Road,14052.0,35105.805,40376.288,5.656,7.386,7.386,,,PUNGGOL ROAD,17.182
punggol_road,Punggol Road,14054.0,35106.272,40378.232,6.202,7.295,7.295,,,PUNGGOL ROAD,17.234
punggol_road,Punggol Road,14056.0,35106.741,40380.177,8.082,7.204,7.204,,,PUNGGOL ROAD,17.285
punggol_road,Punggol Road,14058.0,35107.22,40382.118,6.7,7.113,7.113,,,PUNGGOL ROAD,17.399
punggol_road,Punggol Road,14060.0,35107.699,40384.06,7.002,7.022,7.113,,,PUNGGOL ROAD,17.559
punggol_road,Punggol Road,14062.0,35108.178,40386.002,6.93,6.93,7.022,,,PUNGGOL ROAD,17.718
punggol_road,Punggol Road,14064.0,35108.657,40387.944,7.226,7.226,6.972,,,PUNGGOL ROAD,17.877
punggol_road,Punggol Road,14066.0,35109.135,40389.886,7.432,6.972,6.93,,,PUNGGOL ROAD,18.037
punggol_road,Punggol Road,14068.0,35109.614,40391.827,6.718,6.718,6.718,,,PUNGGOL ROAD,18.196
punggol_road,Punggol Road,14070.0,35110.093,40393.769,5.611,6.702,6.702,,,PUNGGOL ROAD,18.355
punggol_road,Punggol Road,14072.0,35110.572,40395.711,6.632,6.686,6.702,3.146,1.0,PUNGGOL ROAD,18.515
punggol_road,Punggol Road,14074.0,35111.051,40397.653,6.67,6.67,6.702,,,PUNGGOL ROAD,18.674
punggol_road,Punggol Road,14076.0,35111.53,40399.595,6.97,6.97,6.97,,,PUNGGOL ROAD,18.833
punggol_road,Punggol Road,14078.0,35112.009,40401.536,5.986,7.01,7.01,4.843,1.0,PUNGGOL ROAD,18.993
punggol_road,Punggol Road,14080.0,35112.598,40403.444,7.061,7.05,7.05,2.025,1.0,PUNGGOL ROAD,19.037
punggol_road,Punggol Road,14082.0,35113.322,40405.308,7.09,7.09,7.09,,,PUNGGOL ROAD,18.94
punggol_road,Punggol Road,14084.0,35114.045,40407.172,7.132,7.132,7.132,,,PUNGGOL ROAD,18.842
punggol_road,Punggol Road,14086.0,35114.769,40409.037,5.678,7.166,7.166,1.386,1.0,PUNGGOL ROAD,18.745
punggol_road,Punggol Road,14088.0,35115.493,40410.901,7.203,7.201,7.201,,,PUNGGOL ROAD,18.647
punggol_road,Punggol Road,14090.0,35116.347,40412.698,7.235,7.235,7.201,,,PUNGGOL ROAD,18.405
punggol_road,Punggol Road,14092.0,35117.459,40414.36,8.135,7.208,7.201,,,PUNGGOL ROAD,17.875
punggol_road,Punggol Road,14094.0,35118.571,40416.022,7.146,7.182,7.182,,,PUNGGOL ROAD,17.346
punggol_road,Punggol Road,14096.0,35119.684,40417.685,7.156,7.017,7.017,,,PUNGGOL ROAD,16.816
punggol_road,Punggol Road,14098.0,35120.796,40419.347,7.74,6.852,6.852,,,PUNGGOL ROAD,16.286
punggol_road,Punggol Road,14100.0,35121.908,40421.009,9.991,6.614,6.614,,,PUNGGOL ROAD,15.756
punggol_road,Punggol Road,14102.0,35123.02,40422.671,5.988,6.375,6.375,,,PUNGGOL ROAD,15.226
punggol_road,Punggol Road,14104.0,35124.132,40424.334,5.952,6.137,6.137,,,PUNGGOL ROAD,14.697
punggol_road,Punggol Road,14106.0,35125.244,40425.996,5.898,5.898,5.921,,,PUNGGOL ROAD,14.167
punggol_road,Punggol Road,14108.0,35126.357,40427.658,7.792,5.909,5.921,,,PUNGGOL ROAD,13.637
punggol_road,Punggol Road,14110.0,35127.469,40429.32,10.553,5.921,5.921,,,PUNGGOL ROAD,13.107
punggol_road,Punggol Road,14112.0,35128.581,40430.983,5.932,5.932,5.932,,,PUNGGOL ROAD,12.577
punggol_road,Punggol Road,14114.0,35129.693,40432.645,6.343,5.966,5.966,,,PUNGGOL ROAD,12.048
punggol_road,Punggol Road,14116.0,35130.805,40434.307,6.962,6.0,6.0,,,PUNGGOL ROAD,11.518
punggol_road,Punggol Road,14118.0,35131.918,40435.969,6.486,6.033,6.033,,,PUNGGOL ROAD,11.026
punggol_road,Punggol Road,14120.0,35133.03,40437.632,6.08,6.248,6.248,,,PUNGGOL ROAD,10.78
punggol_road,Punggol Road,14122.0,35134.142,40439.294,6.101,6.462,6.462,,,PUNGGOL ROAD,10.57
punggol_road,Punggol Road,14124.0,35135.254,40440.956,6.149,6.867,6.867,,,PUNGGOL ROAD,10.359
punggol_road,Punggol Road,14126.0,35136.366,40442.618,6.752,7.272,7.272,,,PUNGGOL ROAD,10.149
punggol_road,Punggol Road,14128.0,35137.478,40444.281,6.805,7.677,7.677,,,PUNGGOL ROAD,9.939
punggol_road,Punggol Road,14130.0,35138.642,40445.906,6.839,8.082,8.082,,,PUNGGOL ROAD,9.666
punggol_road,Punggol Road,14132.0,35139.863,40447.49,9.688,8.487,8.082,,,PUNGGOL ROAD,9.323
punggol_road,Punggol Road,14134.0,35141.083,40449.074,9.412,8.265,8.082,,,PUNGGOL ROAD,8.98
punggol_road,Punggol Road,14136.0,35142.304,40450.659,9.317,8.043,8.043,,,PUNGGOL ROAD,8.638
punggol_road,Punggol Road,14138.0,35143.525,40452.243,9.756,7.821,7.821,,,PUNGGOL ROAD,8.295
punggol_road,Punggol Road,14140.0,35144.745,40453.827,7.233,7.598,7.598,,,PUNGGOL ROAD,7.953
punggol_road,Punggol Road,14142.0,35145.966,40455.412,7.376,7.376,7.406,,,PUNGGOL ROAD,7.644
punggol_road,Punggol Road,14144.0,35147.186,40456.996,7.406,7.406,7.376,,,PUNGGOL ROAD,7.52
punggol_road,Punggol Road,14146.0,35148.407,40458.58,6.836,7.139,7.207,,,PUNGGOL ROAD,7.398
punggol_road,Punggol Road,14148.0,35149.628,40460.165,6.87,7.173,7.207,,,PUNGGOL ROAD,7.276
punggol_road,Punggol Road,14150.0,35150.848,40461.749,6.901,7.207,7.207,,,PUNGGOL ROAD,7.154
punggol_road,Punggol Road,14152.0,35152.069,40463.333,7.543,7.37,7.34,,,PUNGGOL ROAD,7.032
punggol_road,Punggol Road,14154.0,35153.29,40464.918,7.534,7.534,7.34,,,PUNGGOL ROAD,6.909
punggol_road,Punggol Road,14156.0,35154.51,40466.502,7.594,7.34,7.34,,,PUNGGOL ROAD,6.787
punggol_road,Punggol Road,14158.0,35155.731,40468.086,7.146,7.146,7.252,-1.094,1.0,PUNGGOL ROAD,6.665
punggol_road,Punggol Road,14160.0,35156.995,40469.635,7.201,7.201,7.252,0.198,1.0,PUNGGOL ROAD,6.486
punggol_road,Punggol Road,14162.0,35158.278,40471.17,7.252,7.252,7.252,1.491,1.0,PUNGGOL ROAD,6.303
punggol_road,Punggol Road,14164.0,35159.56,40472.705,7.306,7.306,7.306,2.213,1.0,PUNGGOL ROAD,6.197
punggol_road,Punggol Road,14166.0,35160.908,40474.183,7.372,7.372,7.372,,,PUNGGOL ROAD,6.004
punggol_road,Punggol Road,14168.0,35162.257,40475.659,7.43,7.43,7.43,,,PUNGGOL ROAD,5.81
punggol_road,Punggol Road,14170.0,35163.605,40477.136,7.489,7.745,7.745,,,PUNGGOL ROAD,5.616
punggol_road,Punggol Road,14172.0,35164.954,40478.613,7.55,8.06,8.06,,,PUNGGOL ROAD,5.422
punggol_road,Punggol Road,14174.0,35166.303,40480.09,7.606,8.729,8.729,,,PUNGGOL ROAD,5.228
punggol_road,Punggol Road,14176.0,35165.502,40481.809,8.367,9.398,9.398,,,PUNGGOL ROAD,6.899
punggol_road,Punggol Road,14178.0,35164.516,40483.548,7.765,10.066,10.066,,,PUNGGOL ROAD,8.732
punggol_road,Punggol Road,14180.0,35163.53,40485.288,8.76,10.735,10.735,,,PUNGGOL ROAD,10.565
punggol_road,Punggol Road,14182.0,35162.543,40487.028,12.23,11.404,11.404,,,PUNGGOL ROAD,12.397
punggol_road,Punggol Road,14184.0,35161.557,40488.768,14.738,12.072,11.738,,,PUNGGOL ROAD,14.252
punggol_road,Punggol Road,14186.0,35160.614,40490.432,13.028,13.028,12.072,,,PUNGGOL ROAD,16.058
