path_key,source_project,chainage_m,x_svy21,y_svy21,elevation_m_raw,elevation_m_filtered,elevation_m_smooth,gradient_pct,Grade,nearest_road_name,nearest_road_dist_m
serangoon_north_avenue_1,Serangoon North Avenue 1,0.0,32498.621,38422.619,24.448,24.448,24.489,0.658,1.0,SERANGOON NORTH AVENUE 1,4.659
serangoon_north_avenue_1,Serangoon North Avenue 1,2.0,32499.533,38424.399,24.515,24.515,24.502,1.131,1.0,SERANGOON NORTH AVENUE 1,2.661
serangoon_north_avenue_1,Serangoon North Avenue 1,4.0,32500.445,38426.179,24.489,24.489,24.515,0.848,1.0,SERANGOON NORTH AVENUE 1,0.662
serangoon_north_avenue_1,Serangoon North Avenue 1,6.0,32501.357,38427.959,24.613,24.613,24.556,0.683,1.0,SERANGOON NORTH AVENUE 1,1.336
serangoon_north_avenue_1,Serangoon North Avenue 1,8.0,32502.269,38429.739,24.585,24.585,24.556,0.321,1.0,SERANGOON NORTH AVENUE 1,3.335
serangoon_north_avenue_1,Serangoon North Avenue 1,10.0,32503.181,38431.519,24.556,24.556,24.556,-2.935,1.0,SERANGOON NORTH AVENUE 1,5.333
serangoon_north_avenue_1,Serangoon North Avenue 1,12.0,32502.456,38433.009,24.541,24.541,24.541,-5.672,1.0,SERANGOON NORTH AVENUE 1,6.275
serangoon_north_avenue_1,Serangoon North Avenue 1,14.0,32500.989,38434.37,27.356,24.322,24.322,,,SERANGOON NORTH AVENUE 1,6.74
serangoon_north_avenue_1,Serangoon North Avenue 1,16.0,32499.523,38435.73,30.88,24.103,24.103,,,SERANGOON NORTH AVENUE 1,7.204
serangoon_north_avenue_1,Serangoon North Avenue 1,18.0,32498.057,38437.09,23.884,23.884,23.884,-5.857,1.0,SERANGOON NORTH AVENUE 1,7.669
serangoon_north_avenue_1,Serangoon North Avenue 1,20.0,32496.591,38438.45,23.868,23.868,23.868,-3.12,1.0,SERANGOON NORTH AVENUE 1,8.133
serangoon_north_avenue_1,Serangoon North Avenue 1,22.0,32495.124,38439.811,23.853,23.853,23.853,-0.977,1.0,SERANGOON NORTH AVENUE 1,8.597
serangoon_north_avenue_1,Serangoon North Avenue 1,24.0,32493.658,38441.171,23.806,23.806,23.853,-0.981,1.0,SERANGOON NORTH AVENUE 1,9.062
serangoon_north_avenue_1,Serangoon North Avenue 1,26.0,32492.192,38442.531,23.789,23.789,23.806,-1.579,1.0,SERANGOON NORTH AVENUE 1,9.526
serangoon_north_avenue_1,Serangoon North Avenue 1,28.0,32490.726,38443.891,23.885,23.885,23.789,-1.581,1.0,SERANGOON NORTH AVENUE 1,9.991
serangoon_north_avenue_1,Serangoon North Avenue 1,30.0,32489.259,38445.251,23.727,23.727,23.727,-2.548,1.0,SERANGOON NORTH AVENUE 1,10.455
serangoon_north_avenue_1,Serangoon North Avenue 1,32.0,32487.793,38446.612,23.727,23.727,23.727,-2.871,1.0,SERANGOON NORTH AVENUE 1,10.92
serangoon_north_avenue_1,Serangoon North Avenue 1,34.0,32486.327,38447.972,23.602,23.602,23.602,-2.092,1.0,SERANGOON NORTH AVENUE 1,11.384
serangoon_north_avenue_1,Serangoon North Avenue 1,36.0,32484.861,38449.332,23.56,23.56,23.56,-2.09,1.0,SERANGOON NORTH AVENUE 1,11.848
serangoon_north_avenue_1,Serangoon North Avenue 1,38.0,32483.395,38450.692,23.489,23.489,23.56,-0.185,1.0,SERANGOON NORTH AVENUE 1,12.313
serangoon_north_avenue_1,Serangoon North Avenue 1,40.0,32481.928,38452.052,23.525,23.525,23.56,1.24,1.0,SERANGOON NORTH AVENUE 1,12.777
serangoon_north_avenue_1,Serangoon North Avenue 1,42.0,32480.462,38453.413,23.587,23.587,23.587,2.013,1.0,SERANGOON NORTH AVENUE 1,13.242
serangoon_north_avenue_1,Serangoon North Avenue 1,44.0,32478.996,38454.773,23.659,23.659,23.659,3.501,1.0,SERANGOON NORTH AVENUE 1,13.706
serangoon_north_avenue_1,Serangoon North Avenue 1,46.0,32477.53,38456.133,23.72,23.72,23.72,4.99,1.0,SERANGOON NORTH AVENUE 1,14.171
serangoon_north_avenue_1,Serangoon North Avenue 1,48.0,32476.063,38457.493,24.166,23.853,23.853,,,SERANGOON NORTH AVENUE 1,14.635
serangoon_north_avenue_1,Serangoon North Avenue 1,50.0,32474.597,38458.853,23.986,23.986,23.986,,,SERANGOON NORTH AVENUE 1,15.082
serangoon_north_avenue_1,Serangoon North Avenue 1,52.0,32473.131,38460.214,24.688,24.195,24.195,,,SERANGOON NORTH AVENUE 1,15.523
serangoon_north_avenue_1,Serangoon North Avenue 1,54.0,32471.665,38461.574,24.252,24.404,24.404,,,SERANGOON NORTH AVENUE 1,15.965
serangoon_north_avenue_1,Serangoon North Avenue 1,56.0,32470.199,38462.934,24.253,24.873,24.873,,,SERANGOON NORTH AVENUE 1,16.406
serangoon_north_avenue_1,Serangoon North Avenue 1,58.0,32468.732,38464.294,24.253,25.341,25.341,,,SERANGOON NORTH AVENUE 1,16.848
serangoon_north_avenue_1,Serangoon North Avenue 1,60.0,32467.266,38465.655,24.342,25.81,25.81,,,SERANGOON NORTH AVENUE 1,17.289
serangoon_north_avenue_1,Serangoon North Avenue 1,62.0,32465.8,38467.015,36.095,,26.279,,,SERANGOON NORTH AVENUE 1,17.731
serangoon_north_avenue_1,Serangoon North Avenue 1,64.0,32464.334,38468.375,36.102,26.748,26.748,,,SERANGOON NORTH AVENUE 1,18.172
serangoon_north_avenue_1,Serangoon North Avenue 1,66.0,32462.867,38469.735,36.074,27.217,27.217,,,SERANGOON NORTH AVENUE 1,18.614
serangoon_north_avenue_1,Serangoon North Avenue 1,68.0,32461.401,38471.095,32.547,27.686,27.686,,,SERANGOON NORTH AVENUE 1,19.055
serangoon_north_avenue_1,Serangoon North Avenue 1,70.0,32459.935,38472.456,28.756,28.155,27.962,,,SERANGOON NORTH AVENUE 1,19.497
serangoon_north_avenue_1,Serangoon North Avenue 1,72.0,32458.469,38473.816,27.756,28.058,27.962,,,SERANGOON NORTH AVENUE 1,19.938
serangoon_north_avenue_1,Serangoon North Avenue 1,74.0,32457.002,38475.176,24.87,27.962,27.962,,,SERANGOON NORTH AVENUE 1,20.38
serangoon_north_avenue_1,Serangoon North Avenue 1,76.0,32455.536,38476.536,24.488,27.886,27.886,,,SERANGOON NORTH AVENUE 1,20.822
serangoon_north_avenue_1,Serangoon North Avenue 1,78.0,32454.07,38477.896,28.374,27.629,27.629,,,SERANGOON NORTH AVENUE 1,21.263
serangoon_north_avenue_1,Serangoon North Avenue 1,80.0,32452.604,38479.257,24.857,27.372,27.372,,,SERANGOON NORTH AVENUE 1,21.705
serangoon_north_avenue_1,Serangoon North Avenue 1,82.0,32451.138,38480.617,27.095,27.114,27.114,,,SERANGOON NORTH AVENUE 1,22.146
serangoon_north_avenue_1,Serangoon North Avenue 1,84.0,32449.671,38481.977,28.813,26.857,26.857,,,SERANGOON NORTH AVENUE 1,22.588
serangoon_north_avenue_1,Serangoon North Avenue 1,86.0,32448.205,38483.337,28.681,26.619,26.857,,,SERANGOON NORTH AVENUE 1,23.029
serangoon_north_avenue_1,Serangoon North Avenue 1,88.0,32446.739,38484.697,26.382,26.822,26.857,,,SERANGOON NORTH AVENUE 1,23.343
serangoon_north_avenue_1,Serangoon North Avenue 1,90.0,32445.273,38486.058,27.025,27.025,27.025,,,SERANGOON NORTH AVENUE 1,23.6
serangoon_north_avenue_1,Serangoon North Avenue 1,92.0,32443.806,38487.418,25.318,27.198,27.198,,,SERANGOON NORTH AVENUE 1,23.857
serangoon_north_avenue_1,Serangoon North Avenue 1,94.0,32442.34,38488.778,26.376,27.37,27.37,6.459,1.0,SERANGOON NORTH AVENUE 1,24.114
serangoon_north_avenue_1,Serangoon North Avenue 1,96.0,32440.874,38490.138,27.74,27.542,27.542,,,SERANGOON NORTH AVENUE 1,24.371
serangoon_north_avenue_1,Serangoon North Avenue 1,98.0,32439.408,38491.499,27.714,27.714,27.542,,,SERANGOON NORTH AVENUE 1,24.628
serangoon_north_avenue_1,Serangoon North Avenue 1,100.0,32437.941,38492.859,27.752,27.752,27.542,,,SERANGOON NORTH AVENUE 1,24.885
serangoon_north_avenue_1,Serangoon North Avenue 1,102.0,32436.475,38494.219,28.153,27.497,27.497,-6.947,1.0,SERANGOON NORTH AVENUE 1,25.142
serangoon_north_avenue_1,Serangoon North Avenue 1,104.0,32435.009,38495.579,28.155,27.242,27.242,,,SERANGOON NORTH AVENUE 1,25.399
serangoon_north_avenue_1,Serangoon North Avenue 1,106.0,32433.543,38496.939,25.054,26.986,26.986,,,SERANGOON NORTH AVENUE 1,25.656
serangoon_north_avenue_1,Serangoon North Avenue 1,108.0,32432.077,38498.3,25.818,26.699,26.699,,,SERANGOON NORTH AVENUE 1,25.913
serangoon_north_avenue_1,Serangoon North Avenue 1,110.0,32430.61,38499.66,26.594,26.412,26.412,-12.691,2.0,SERANGOON NORTH AVENUE 1,26.17
serangoon_north_avenue_1,Serangoon North Avenue 1,112.0,32429.144,38501.02,26.574,26.124,26.124,,,SERANGOON NORTH AVENUE 1,26.427
serangoon_north_avenue_1,Serangoon North Avenue 1,114.0,32427.678,38502.38,27.565,25.837,25.971,,,SERANGOON NORTH AVENUE 1,26.685
serangoon_north_avenue_1,Serangoon North Avenue 1,116.0,32426.212,38503.74,25.1,25.759,25.971,,,SERANGOON NORTH AVENUE 1,26.942
serangoon_north_avenue_1,Serangoon North Avenue 1,118.0,32424.745,38505.101,25.742,25.971,25.971,,,SERANGOON NORTH AVENUE 1,27.193
serangoon_north_avenue_1,Serangoon North Avenue 1,120.0,32423.279,38506.461,25.602,26.183,26.183,,,SERANGOON NORTH AVENUE 1,27.421
serangoon_north_avenue_1,Serangoon North Avenue 1,122.0,32421.813,38507.821,25.808,26.395,26.395,,,SERANGOON NORTH AVENUE 1,27.648
serangoon_north_avenue_1,Serangoon North Avenue 1,124.0,32420.347,38509.181,25.195,26.607,26.607,,,SERANGOON NORTH AVENUE 1,27.876
serangoon_north_avenue_1,Serangoon North Avenue 1,126.0,32418.881,38510.541,28.202,26.9,26.9,,,SERANGOON NORTH AVENUE 1,28.104
serangoon_north_avenue_1,Serangoon North Avenue 1,128.0,32417.414,38511.902,28.06,27.192,27.192,,,SERANGOON NORTH AVENUE 1,28.331
serangoon_north_avenue_1,Serangoon North Avenue 1,130.0,32415.948,38513.262,27.778,27.485,27.485,,,SERANGOON NORTH AVENUE 1,28.559
serangoon_north_avenue_1,Serangoon North Avenue 1,132.0,32414.482,38514.622,27.778,27.778,27.778,,,SERANGOON NORTH AVENUE 1,28.787
serangoon_north_avenue_1,Serangoon North Avenue 1,134.0,32413.016,38515.982,27.908,27.908,27.908,,,SERANGOON NORTH AVENUE 1,29.015
serangoon_north_avenue_1,Serangoon North Avenue 1,136.0,32411.549,38517.343,41.633,27.914,27.914,1.844,1.0,SERANGOON NORTH AVENUE 1,29.242
serangoon_north_avenue_1,Serangoon North Avenue 1,138.0,32410.083,38518.703,,27.92,27.92,0.275,1.0,SERANGOON NORTH AVENUE 1,29.47
serangoon_north_avenue_1,Serangoon North Avenue 1,140.0,32408.617,38520.063,,27.925,27.925,0.275,1.0,SERANGOON NORTH AVENUE 1,29.698
serangoon_north_avenue_1,Serangoon North Avenue 1,142.0,32407.151,38521.423,,27.93,27.93,0.275,1.0,SERANGOON NORTH AVENUE 1,29.925
serangoon_north_avenue_1,Serangoon North Avenue 1,144.0,32405.684,38522.783,,27.936,27.936,0.275,1.0,SERANGOON NORTH AVENUE 1,30.153
serangoon_north_avenue_1,Serangoon North Avenue 1,146.0,32404.218,38524.144,,27.942,27.942,0.275,1.0,SERANGOON NORTH AVENUE 1,30.381
serangoon_north_avenue_1,Serangoon North Avenue 1,148.0,32402.752,38525.504,,27.947,27.947,0.275,1.0,SERANGOON NORTH AVENUE 1,30.609
serangoon_north_avenue_1,Serangoon North Avenue 1,150.0,32401.286,38526.864,,27.952,27.952,0.275,1.0,SERANGOON NORTH AVENUE 1,30.836
serangoon_north_avenue_1,Serangoon North Avenue 1,152.0,32399.82,38528.224,,27.958,27.958,0.275,1.0,SERANGOON NORTH AVENUE 1,31.064
serangoon_north_avenue_1,Serangoon North Avenue 1,154.0,32398.353,38529.584,,27.964,27.964,0.275,1.0,SERANGOON NORTH AVENUE 1,31.292
serangoon_north_avenue_1,Serangoon North Avenue 1,156.0,32396.887,38530.945,,27.969,27.969,0.275,1.0,SERANGOON NORTH AVENUE 1,31.438
serangoon_north_avenue_1,Serangoon North Avenue 1,158.0,32395.421,38532.305,,27.974,27.974,0.275,1.0,SERANGOON NORTH AVENUE 1,31.516
serangoon_north_avenue_1,Serangoon North Avenue 1,160.0,32393.955,38533.665,,27.98,27.98,0.275,1.0,SERANGOON NORTH AVENUE 1,31.593
serangoon_north_avenue_1,Serangoon North Avenue 1,162.0,32392.488,38535.025,,27.986,27.986,0.275,1.0,SERANGOON NORTH AVENUE 1,31.48
serangoon_north_avenue_1,Serangoon North Avenue 1,164.0,32391.022,38536.386,,27.991,27.991,0.275,1.0,SERANGOON NORTH AVENUE 1,31.327
serangoon_north_avenue_1,Serangoon North Avenue 1,166.0,32389.556,38537.746,,27.996,27.996,0.275,1.0,SERANGOON NORTH AVENUE 1,31.174
serangoon_north_avenue_1,Serangoon North Avenue 1,168.0,32388.09,38539.106,,28.002,28.002,0.275,1.0,SERANGOON NORTH AVENUE 1,31.021
serangoon_north_avenue_1,Serangoon North Avenue 1,170.0,32386.623,38540.466,,28.007,28.007,0.275,1.0,SERANGOON NORTH AVENUE 1,30.406
serangoon_north_avenue_1,Serangoon North Avenue 1,172.0,32385.157,38541.826,,28.013,28.013,0.275,1.0,SERANGOON NORTH AVENUE 1,29.296
serangoon_north_avenue_1,Serangoon North Avenue 1,174.0,32383.691,38543.187,,28.018,28.018,0.275,1.0,SERANGOON NORTH AVENUE 1,28.007
serangoon_north_avenue_1,Serangoon North Avenue 1,176.0,32382.225,38544.547,,28.024,28.024,0.275,1.0,SERANGOON NORTH AVENUE 1,26.719
serangoon_north_avenue_1,Serangoon North Avenue 1,178.0,32380.759,38545.907,,28.03,28.03,0.275,1.0,SERANGOON NORTH AVENUE 1,25.43
serangoon_north_avenue_1,Serangoon North Avenue 1,180.0,32379.292,38547.267,,28.035,28.035,0.275,1.0,SERANGOON NORTH AVENUE 1,24.141
serangoon_north_avenue_1,Serangoon North Avenue 1,182.0,32377.826,38548.627,,28.04,28.04,0.275,1.0,SERANGOON NORTH AVENUE 1,22.853
serangoon_north_avenue_1,Serangoon North Avenue 1,184.0,32376.36,38549.988,,28.046,28.046,0.275,1.0,SERANGOON NORTH AVENUE 1,21.564
serangoon_north_avenue_1,Serangoon North Avenue 1,186.0,32374.894,38551.348,,28.051,28.051,,,SERANGOON NORTH AVENUE 1,20.275
serangoon_north_avenue_1,Serangoon North Avenue 1,188.0,32373.427,38552.708,28.057,28.057,28.057,,,SERANGOON NORTH AVENUE 1,18.987
serangoon_north_avenue_1,Serangoon North Avenue 1,190.0,32371.961,38554.068,28.564,28.285,28.158,,,SERANGOON NORTH AVENUE 1,17.698
serangoon_north_avenue_1,Serangoon North Avenue 1,192.0,32370.495,38555.428,30.263,28.222,28.158,,,SERANGOON NORTH AVENUE 1,16.409
serangoon_north_avenue_1,Serangoon North Avenue 1,194.0,32369.029,38556.789,28.461,28.158,28.158,,,SERANGOON NORTH AVENUE 1,15.121
serangoon_north_avenue_1,Serangoon North Avenue 1,196.0,32367.563,38558.149,29.024,27.791,27.791,,,SERANGOON NORTH AVENUE 1,13.832
serangoon_north_avenue_1,Serangoon North Avenue 1,198.0,32366.096,38559.509,25.221,27.423,27.423,,,SERANGOON NORTH AVENUE 1,12.543
serangoon_north_avenue_1,Serangoon North Avenue 1,200.0,32364.63,38560.869,25.164,27.056,27.056,,,SERANGOON NORTH AVENUE 1,11.255
serangoon_north_avenue_1,Serangoon North Avenue 1,202.0,32363.164,38562.23,26.347,,26.688,,,SERANGOON NORTH AVENUE 1,9.966
serangoon_north_avenue_1,Serangoon North Avenue 1,204.0,32361.698,38563.59,26.234,,26.321,,,SERANGOON NORTH AVENUE 1,8.678
serangoon_north_avenue_1,Serangoon North Avenue 1,206.0,32360.231,38564.95,25.229,25.954,25.954,,,SERANGOON NORTH AVENUE 1,7.389
serangoon_north_avenue_1,Serangoon North Avenue 1,208.0,32358.765,38566.31,25.255,25.586,25.586,,,SERANGOON NORTH AVENUE 1,6.1
serangoon_north_avenue_1,Serangoon North Avenue 1,210.0,32357.299,38567.67,24.836,25.219,25.219,,,SERANGOON NORTH AVENUE 1,4.812
serangoon_north_avenue_1,Serangoon North Avenue 1,212.0,32355.833,38569.031,24.851,24.851,24.87,,,SERANGOON NORTH AVENUE 1,3.523
serangoon_north_avenue_1,Serangoon North Avenue 1,214.0,32354.366,38570.391,24.867,24.867,24.87,,,SERANGOON NORTH AVENUE 1,2.234
serangoon_north_avenue_1,Serangoon North Avenue 1,216.0,32352.9,38571.751,28.555,24.87,24.87,0.0,1.0,SERANGOON NORTH AVENUE 1,0.946
serangoon_north_avenue_1,Serangoon North Avenue 1,218.0,32351.434,38573.111,28.432,24.872,24.87,-0.356,1.0,SERANGOON NORTH AVENUE 1,0.343
serangoon_north_avenue_1,Serangoon North Avenue 1,220.0,32349.968,38574.471,24.874,24.874,24.87,-0.356,1.0,SERANGOON NORTH AVENUE 1,1.632
serangoon_north_avenue_1,Serangoon North Avenue 1,222.0,32348.502,38575.832,24.841,24.841,24.841,-0.666,1.0,SERANGOON NORTH AVENUE 1,2.92
serangoon_north_avenue_1,Serangoon North Avenue 1,224.0,32347.035,38577.192,24.772,24.772,24.841,-0.944,1.0,SERANGOON NORTH AVENUE 1,4.209
serangoon_north_avenue_1,Serangoon North Avenue 1,226.0,32345.569,38578.552,27.404,24.816,24.816,-0.588,1.0,SERANGOON NORTH AVENUE 1,5.497
serangoon_north_avenue_1,Serangoon North Avenue 1,228.0,32344.103,38579.912,24.861,24.861,24.794,-1.614,1.0,SERANGOON NORTH AVENUE 1,6.786
serangoon_north_avenue_1,Serangoon North Avenue 1,230.0,32342.637,38581.272,24.794,24.794,24.794,-1.305,1.0,SERANGOON NORTH AVENUE 1,8.075
serangoon_north_avenue_1,Serangoon North Avenue 1,232.0,32341.17,38582.633,26.984,24.712,24.712,-1.027,1.0,SERANGOON NORTH AVENUE 1,9.363
serangoon_north_avenue_1,Serangoon North Avenue 1,234.0,32339.704,38583.993,24.63,24.63,24.712,1.703,1.0,SERANGOON NORTH AVENUE 1,10.654
serangoon_north_avenue_1,Serangoon North Avenue 1,236.0,32338.238,38585.353,24.646,24.646,24.712,5.376,1.0,SERANGOON NORTH AVENUE 1,11.945
serangoon_north_avenue_1,Serangoon North Avenue 1,238.0,32336.772,38586.713,24.93,24.93,24.93,9.048,2.0,SERANGOON NORTH AVENUE 1,13.236
serangoon_north_avenue_1,Serangoon North Avenue 1,240.0,32335.305,38588.074,25.319,25.183,25.183,10.433,2.0,SERANGOON NORTH AVENUE 1,14.527
serangoon_north_avenue_1,Serangoon North Avenue 1,242.0,32333.839,38589.434,25.436,25.436,25.436,7.703,1.0,SERANGOON NORTH AVENUE 1,15.819
serangoon_north_avenue_1,Serangoon North Avenue 1,244.0,32332.373,38590.794,25.546,25.546,25.546,,,SERANGOON NORTH AVENUE 1,17.11
serangoon_north_avenue_1,Serangoon North Avenue 1,246.0,32330.907,38592.154,25.612,25.612,25.546,,,SERANGOON NORTH AVENUE 1,18.401
serangoon_north_avenue_1,Serangoon North Avenue 1,248.0,32329.441,38593.514,33.937,25.56,25.546,,,SERANGOON NORTH AVENUE 1,19.692
serangoon_north_avenue_1,Serangoon North Avenue 1,250.0,32327.974,38594.875,26.393,25.509,25.509,,,SERANGOON NORTH AVENUE 1,20.984
serangoon_north_avenue_1,Serangoon North Avenue 1,252.0,32326.508,38596.235,25.815,25.457,25.457,,,SERANGOON NORTH AVENUE 1,22.275
serangoon_north_avenue_1,Serangoon North Avenue 1,254.0,32325.042,38597.595,25.362,25.405,25.457,,,SERANGOON NORTH AVENUE 1,23.566
serangoon_north_avenue_1,Serangoon North Avenue 1,256.0,32323.576,38598.955,25.353,25.353,25.457,,,SERANGOON NORTH AVENUE 1,24.857
serangoon_north_avenue_1,Serangoon North Avenue 1,258.0,32322.109,38600.315,25.591,25.591,25.591,,,SERANGOON NORTH AVENUE 1,26.149
serangoon_north_avenue_1,Serangoon North Avenue 1,260.0,32320.643,38601.676,25.634,25.825,25.825,10.438,2.0,SERANGOON NORTH AVENUE 1,27.44
serangoon_north_avenue_1,Serangoon North Avenue 1,262.0,32319.177,38603.036,25.652,26.058,26.058,9.906,2.0,SERANGOON NORTH AVENUE 1,28.731
serangoon_north_avenue_1,Serangoon North Avenue 1,264.0,32317.711,38604.396,26.292,26.292,26.292,,,SERANGOON NORTH AVENUE 1,30.022
serangoon_north_avenue_1,Serangoon North Avenue 1,266.0,32316.245,38605.756,26.383,26.383,26.383,,,SERANGOON NORTH AVENUE 1,31.314
serangoon_north_avenue_1,Serangoon North Avenue 1,268.0,32314.778,38607.116,27.7,26.511,26.511,,,SERANGOON NORTH AVENUE 1,32.605
serangoon_north_avenue_1,Serangoon North Avenue 1,270.0,32313.312,38608.477,28.377,26.638,26.638,,,SERANGOON NORTH AVENUE 1,33.896
serangoon_north_avenue_1,Serangoon North Avenue 1,272.0,32311.846,38609.837,26.736,26.765,26.765,,,SERANGOON NORTH AVENUE 1,35.187
serangoon_north_avenue_1,Serangoon North Avenue 1,274.0,32310.38,38611.197,30.794,26.893,26.893,,,SERANGOON NORTH AVENUE 1,36.479
serangoon_north_avenue_1,Serangoon North Avenue 1,276.0,32308.913,38612.557,27.85,27.02,27.02,,,SERANGOON NORTH AVENUE 1,37.77
serangoon_north_avenue_1,Serangoon North Avenue 1,278.0,32307.447,38613.918,27.146,27.147,27.147,,,SERANGOON NORTH AVENUE 1,39.061
serangoon_north_avenue_1,Serangoon North Avenue 1,280.0,32305.981,38615.278,27.274,27.274,27.257,,,SERANGOON NORTH AVENUE 1,40.352
serangoon_north_avenue_1,Serangoon North Avenue 1,282.0,32304.515,38616.638,27.444,27.444,27.257,,,SERANGOON NORTH AVENUE 1,41.643
serangoon_north_avenue_1,Serangoon North Avenue 1,284.0,32303.048,38617.998,27.999,27.257,27.257,-4.679,1.0,SERANGOON NORTH AVENUE 1,42.935
serangoon_north_avenue_1,Serangoon North Avenue 1,286.0,32301.582,38619.358,27.978,27.07,27.07,,,SERANGOON NORTH AVENUE 1,44.226
serangoon_north_avenue_1,Serangoon North Avenue 1,288.0,32300.116,38620.719,26.882,26.882,26.882,,,SERANGOON NORTH AVENUE 1,45.517
serangoon_north_avenue_1,Serangoon North Avenue 1,290.0,32298.65,38622.079,25.849,26.774,26.871,,,SERANGOON NORTH AVENUE 1,46.808
serangoon_north_avenue_1,Serangoon North Avenue 1,292.0,32297.184,38623.439,26.528,26.665,26.871,,,SERANGOON NORTH AVENUE 1,48.1
serangoon_north_avenue_1,Serangoon North Avenue 1,294.0,32295.717,38624.799,26.556,26.871,26.871,,,SERANGOON NORTH AVENUE 1,49.391
serangoon_north_avenue_1,Serangoon North Avenue 1,296.0,32294.251,38626.159,26.528,27.129,27.129,,,SERANGOON NORTH AVENUE 1,50.682
serangoon_north_avenue_1,Serangoon North Avenue 1,298.0,32292.785,38627.52,,27.503,27.503,,,SERANGOON NORTH AVENUE 1,51.973
serangoon_north_avenue_1,Serangoon North Avenue 1,300.0,32291.319,38628.88,,27.878,27.878,,,SERANGOON NORTH AVENUE 1,53.265
serangoon_north_avenue_1,Serangoon North Avenue 1,302.0,32289.852,38630.24,,28.252,28.252,,,SERANGOON NORTH AVENUE 1,54.556
serangoon_north_avenue_1,Serangoon North Avenue 1,304.0,32288.386,38631.6,,28.685,28.685,,,SERANGOON NORTH AVENUE 1,55.847
serangoon_north_avenue_1,Serangoon North Avenue 1,306.0,32286.92,38632.96,,29.118,29.118,,,SERANGOON NORTH AVENUE 1,57.138
serangoon_north_avenue_1,Serangoon North Avenue 1,308.0,32285.454,38634.321,,29.551,29.551,,,SERANGOON NORTH AVENUE 1,58.43
serangoon_north_avenue_1,Serangoon North Avenue 1,310.0,32283.987,38635.681,,29.984,29.984,,,SERANGOON NORTH AVENUE 1,59.722
serangoon_north_avenue_1,Serangoon North Avenue 1,312.0,32282.521,38637.041,,30.417,30.417,,,SERANGOON NORTH AVENUE 1,61.04
serangoon_north_avenue_1,Serangoon North Avenue 1,314.0,32281.055,38638.401,,30.85,30.85,,,SERANGOON NORTH AVENUE 1,60.702
serangoon_north_avenue_1,Serangoon North Avenue 1,316.0,32279.589,38639.762,,31.283,31.283,,,SERANGOON NORTH AVENUE 1,60.09
serangoon_north_avenue_1,Serangoon North Avenue 1,318.0,32278.123,38641.122,,31.716,31.716,,,SERANGOON NORTH AVENUE 1,59.479
serangoon_north_avenue_1,Serangoon North Avenue 1,320.0,32276.656,38642.482,,32.149,32.149,,,SERANGOON NORTH AVENUE 1,58.806
serangoon_north_avenue_1,Serangoon North Avenue 1,322.0,32275.19,38643.842,,32.582,32.582,,,SERANGOON NORTH AVENUE 1,58.082
serangoon_north_avenue_1,Serangoon North Avenue 1,324.0,32273.724,38645.202,,33.015,33.015,,,SERANGOON NORTH AVENUE 1,57.358
serangoon_north_avenue_1,Serangoon North Avenue 1,326.0,32272.258,38646.563,,33.092,33.015,,,SERANGOON NORTH AVENUE 1,56.634
serangoon_north_avenue_1,Serangoon North Avenue 1,328.0,32270.791,38647.923,,33.169,33.015,,,SERANGOON NORTH AVENUE 1,55.91
serangoon_north_avenue_1,Serangoon North Avenue 1,330.0,32269.325,38649.283,,32.89,32.89,,,SERANGOON NORTH AVENUE 1,55.186
serangoon_north_avenue_1,Serangoon North Avenue 1,332.0,32267.859,38650.643,,32.611,32.611,,,SERANGOON NORTH AVENUE 1,54.462
serangoon_north_avenue_1,Serangoon North Avenue 1,334.0,32266.393,38652.003,,32.171,32.171,,,SERANGOON NORTH AVENUE 1,53.738
serangoon_north_avenue_1,Serangoon North Avenue 1,336.0,32264.927,38653.364,35.754,31.731,31.731,,,SERANGOON NORTH AVENUE 1,53.015
serangoon_north_avenue_1,Serangoon North Avenue 1,338.0,32263.46,38654.724,35.674,31.29,31.29,,,SERANGOON NORTH AVENUE 1,52.291
serangoon_north_avenue_1,Serangoon North Avenue 1,340.0,32261.994,38656.084,33.628,,30.85,,,SERANGOON NORTH AVENUE 1,51.567
serangoon_north_avenue_1,Serangoon North Avenue 1,342.0,32260.528,38657.444,29.424,30.41,30.41,,,SERANGOON NORTH AVENUE 1,50.843
serangoon_north_avenue_1,Serangoon North Avenue 1,344.0,32259.062,38658.804,29.424,29.97,29.97,,,SERANGOON NORTH AVENUE 1,50.119
serangoon_north_avenue_1,Serangoon North Avenue 1,346.0,32257.595,38660.165,29.178,29.53,29.53,,,SERANGOON NORTH AVENUE 1,49.395
serangoon_north_avenue_1,Serangoon North Avenue 1,348.0,32256.129,38661.525,27.318,29.09,29.335,,,SERANGOON NORTH AVENUE 1,48.671
serangoon_north_avenue_1,Serangoon North Avenue 1,350.0,32254.663,38662.885,29.001,29.212,29.212,,,SERANGOON NORTH AVENUE 1,47.947
serangoon_north_avenue_1,Serangoon North Avenue 1,352.0,32253.197,38664.245,29.335,29.335,29.09,,,SERANGOON NORTH AVENUE 1,47.223
serangoon_north_avenue_1,Serangoon North Avenue 1,354.0,32251.73,38665.606,28.94,29.081,29.081,,,SERANGOON NORTH AVENUE 1,46.5
serangoon_north_avenue_1,Serangoon North Avenue 1,356.0,32250.264,38666.966,36.267,28.827,28.827,,,SERANGOON NORTH AVENUE 1,45.776
serangoon_north_avenue_1,Serangoon North Avenue 1,358.0,32248.798,38668.326,29.765,28.573,28.573,,,SERANGOON NORTH AVENUE 1,45.052
serangoon_north_avenue_1,Serangoon North Avenue 1,360.0,32247.332,38669.686,29.765,28.319,28.319,,,SERANGOON NORTH AVENUE 1,44.328
serangoon_north_avenue_1,Serangoon North Avenue 1,362.0,32245.866,38671.046,,28.065,28.065,,,SERANGOON NORTH AVENUE 1,43.604
serangoon_north_avenue_1,Serangoon North Avenue 1,364.0,32244.399,38672.407,,27.811,27.811,,,SERANGOON NORTH AVENUE 1,42.88
serangoon_north_avenue_1,Serangoon North Avenue 1,366.0,32242.933,38673.767,,27.557,27.748,,,SERANGOON NORTH AVENUE 1,42.156
serangoon_north_avenue_1,Serangoon North Avenue 1,368.0,32241.467,38675.127,,27.303,27.748,,,SERANGOON NORTH AVENUE 1,41.432
serangoon_north_avenue_1,Serangoon North Avenue 1,370.0,32240.001,38676.487,26.687,27.748,27.748,,,SERANGOON NORTH AVENUE 1,40.709
serangoon_north_avenue_1,Serangoon North Avenue 1,372.0,32238.534,38677.847,27.202,28.193,28.193,,,SERANGOON NORTH AVENUE 1,39.985
serangoon_north_avenue_1,Serangoon North Avenue 1,374.0,32237.068,38679.208,27.162,28.638,28.638,,,SERANGOON NORTH AVENUE 1,39.261
serangoon_north_avenue_1,Serangoon North Avenue 1,376.0,32235.602,38680.568,28.468,28.834,28.834,,,SERANGOON NORTH AVENUE 1,38.537
serangoon_north_avenue_1,Serangoon North Avenue 1,378.0,32234.136,38681.928,28.322,29.03,28.834,,,SERANGOON NORTH AVENUE 1,37.813
serangoon_north_avenue_1,Serangoon North Avenue 1,380.0,32232.669,38683.288,31.718,28.876,28.834,,,SERANGOON NORTH AVENUE 1,37.089
serangoon_north_avenue_1,Serangoon North Avenue 1,382.0,32231.203,38684.648,34.101,28.723,28.723,,,SERANGOON NORTH AVENUE 1,36.365
serangoon_north_avenue_1,Serangoon North Avenue 1,384.0,32229.737,38686.009,31.958,28.57,28.57,,,SERANGOON NORTH AVENUE 1,35.641
serangoon_north_avenue_1,Serangoon North Avenue 1,386.0,32228.271,38687.369,38.048,28.416,28.416,,,SERANGOON NORTH AVENUE 1,34.918
serangoon_north_avenue_1,Serangoon North Avenue 1,388.0,32226.805,38688.729,38.11,28.263,28.263,,,SERANGOON NORTH AVENUE 1,34.194
serangoon_north_avenue_1,Serangoon North Avenue 1,390.0,32225.338,38690.089,31.36,,28.11,,,SERANGOON NORTH AVENUE 1,33.47
serangoon_north_avenue_1,Serangoon North Avenue 1,392.0,32223.872,38691.45,29.346,,27.956,,,SERANGOON NORTH AVENUE 1,32.746
serangoon_north_avenue_1,Serangoon North Avenue 1,394.0,32222.406,38692.81,29.283,27.803,27.803,,,SERANGOON NORTH AVENUE 1,32.022
serangoon_north_avenue_1,Serangoon North Avenue 1,396.0,32220.94,38694.17,29.498,27.65,27.65,,,SERANGOON NORTH AVENUE 1,31.298
serangoon_north_avenue_1,Serangoon North Avenue 1,398.0,32219.473,38695.53,26.719,27.497,27.497,,,SERANGOON NORTH AVENUE 1,30.574
serangoon_north_avenue_1,Serangoon North Avenue 1,400.0,32218.007,38696.89,26.627,27.343,27.343,,,SERANGOON NORTH AVENUE 1,29.85
serangoon_north_avenue_1,Serangoon North Avenue 1,402.0,32216.541,38698.251,26.93,27.19,27.19,,,SERANGOON NORTH AVENUE 1,29.126
serangoon_north_avenue_1,Serangoon North Avenue 1,404.0,32215.075,38699.611,26.778,27.037,27.037,,,SERANGOON NORTH AVENUE 1,28.403
serangoon_north_avenue_1,Serangoon North Avenue 1,406.0,32213.609,38700.971,26.883,26.883,26.976,,,SERANGOON NORTH AVENUE 1,27.679
serangoon_north_avenue_1,Serangoon North Avenue 1,408.0,32212.142,38702.331,26.976,26.976,26.883,,,SERANGOON NORTH AVENUE 1,26.955
serangoon_north_avenue_1,Serangoon North Avenue 1,410.0,32210.676,38703.691,27.785,26.821,26.821,,,SERANGOON NORTH AVENUE 1,26.231
serangoon_north_avenue_1,Serangoon North Avenue 1,412.0,32209.21,38705.052,27.992,26.666,26.666,,,SERANGOON NORTH AVENUE 1,25.507
serangoon_north_avenue_1,Serangoon North Avenue 1,414.0,32207.744,38706.412,33.618,26.51,26.51,,,SERANGOON NORTH AVENUE 1,24.783
serangoon_north_avenue_1,Serangoon North Avenue 1,416.0,32206.277,38707.772,29.479,26.355,26.355,,,SERANGOON NORTH AVENUE 1,24.059
serangoon_north_avenue_1,Serangoon North Avenue 1,418.0,32204.811,38709.132,26.2,26.2,26.2,,,SERANGOON NORTH AVENUE 1,23.335
serangoon_north_avenue_1,Serangoon North Avenue 1,420.0,32203.345,38710.493,26.602,26.057,26.057,,,SERANGOON NORTH AVENUE 1,22.612
serangoon_north_avenue_1,Serangoon North Avenue 1,422.0,32201.879,38711.853,26.104,25.913,25.913,-3.838,1.0,SERANGOON NORTH AVENUE 1,21.888
serangoon_north_avenue_1,Serangoon North Avenue 1,424.0,32200.412,38713.213,25.609,25.77,25.893,,,SERANGOON NORTH AVENUE 1,21.164
serangoon_north_avenue_1,Serangoon North Avenue 1,426.0,32198.946,38714.573,25.626,25.626,25.893,,,SERANGOON NORTH AVENUE 1,20.44
serangoon_north_avenue_1,Serangoon North Avenue 1,428.0,32197.48,38715.933,25.893,25.893,25.893,,,SERANGOON NORTH AVENUE 1,19.716
serangoon_north_avenue_1,Serangoon North Avenue 1,430.0,32196.014,38717.294,25.778,26.138,26.138,6.129,1.0,SERANGOON NORTH AVENUE 1,18.992
serangoon_north_avenue_1,Serangoon North Avenue 1,432.0,32194.548,38718.654,26.383,26.383,26.383,6.129,1.0,SERANGOON NORTH AVENUE 1,18.268
serangoon_north_avenue_1,Serangoon North Avenue 1,434.0,32193.081,38720.014,26.527,26.527,26.383,2.227,1.0,SERANGOON NORTH AVENUE 1,17.544
serangoon_north_avenue_1,Serangoon North Avenue 1,436.0,32191.615,38721.374,34.743,26.434,26.383,-1.675,1.0,SERANGOON NORTH AVENUE 1,16.82
serangoon_north_avenue_1,Serangoon North Avenue 1,438.0,32190.149,38722.734,30.551,26.342,26.342,-3.171,1.0,SERANGOON NORTH AVENUE 1,16.097
serangoon_north_avenue_1,Serangoon North Avenue 1,440.0,32188.683,38724.095,26.249,26.249,26.249,-4.667,1.0,SERANGOON NORTH AVENUE 1,15.373
serangoon_north_avenue_1,Serangoon North Avenue 1,442.0,32187.216,38725.455,29.16,26.13,26.13,-6.034,1.0,SERANGOON NORTH AVENUE 1,14.649
serangoon_north_avenue_1,Serangoon North Avenue 1,444.0,32185.75,38726.815,26.01,26.01,26.01,-6.504,1.0,SERANGOON NORTH AVENUE 1,13.925
serangoon_north_avenue_1,Serangoon North Avenue 1,446.0,32184.284,38728.175,25.859,25.859,25.859,-6.175,1.0,SERANGOON NORTH AVENUE 1,13.201
serangoon_north_avenue_1,Serangoon North Avenue 1,448.0,32182.818,38729.535,25.729,25.729,25.729,-5.285,1.0,SERANGOON NORTH AVENUE 1,12.477
serangoon_north_avenue_1,Serangoon North Avenue 1,450.0,32181.351,38730.896,25.636,25.636,25.636,,,SERANGOON NORTH AVENUE 1,11.753
serangoon_north_avenue_1,Serangoon North Avenue 1,452.0,32179.885,38732.256,25.587,25.587,25.587,,,SERANGOON NORTH AVENUE 1,11.029
serangoon_north_avenue_1,Serangoon North Avenue 1,454.0,32178.419,38733.616,26.883,25.525,25.525,,,SERANGOON NORTH AVENUE 1,10.306
serangoon_north_avenue_1,Serangoon North Avenue 1,456.0,32176.953,38734.976,26.494,25.462,25.462,,,SERANGOON NORTH AVENUE 1,9.582
serangoon_north_avenue_1,Serangoon North Avenue 1,458.0,32175.487,38736.337,26.16,25.399,25.399,,,SERANGOON NORTH AVENUE 1,8.858
serangoon_north_avenue_1,Serangoon North Avenue 1,460.0,32174.02,38737.697,26.168,25.337,25.337,,,SERANGOON NORTH AVENUE 1,8.134
serangoon_north_avenue_1,Serangoon North Avenue 1,462.0,32172.554,38739.057,25.274,25.274,25.274,,,SERANGOON NORTH AVENUE 1,7.41
serangoon_north_avenue_1,Serangoon North Avenue 1,464.0,32171.088,38740.417,25.099,25.099,25.099,,,SERANGOON NORTH AVENUE 1,6.686
serangoon_north_avenue_1,Serangoon North Avenue 1,466.0,32169.622,38741.777,24.898,24.898,24.898,-4.908,1.0,SERANGOON NORTH AVENUE 1,5.962
serangoon_north_avenue_1,Serangoon North Avenue 1,468.0,32168.155,38743.138,24.897,24.897,24.897,-3.065,1.0,SERANGOON NORTH AVENUE 1,5.238
serangoon_north_avenue_1,Serangoon North Avenue 1,470.0,32166.689,38744.498,24.882,24.882,24.882,-0.592,1.0,SERANGOON NORTH AVENUE 1,4.515
serangoon_north_avenue_1,Serangoon North Avenue 1,472.0,32165.223,38745.858,24.854,24.854,24.854,-0.656,1.0,SERANGOON NORTH AVENUE 1,3.791
serangoon_north_avenue_1,Serangoon North Avenue 1,474.0,32163.757,38747.218,24.85,24.85,24.85,-0.635,1.0,SERANGOON NORTH AVENUE 1,3.067
serangoon_north_avenue_1,Serangoon North Avenue 1,476.0,32162.291,38748.578,24.845,24.845,24.845,-1.119,1.0,SERANGOON NORTH AVENUE 1,2.263
serangoon_north_avenue_1,Serangoon North Avenue 1,478.0,32160.824,38749.939,24.831,24.831,24.831,-2.25,1.0,SERANGOON NORTH AVENUE 1,1.387
serangoon_north_avenue_1,Serangoon North Avenue 1,480.0,32159.358,38751.299,24.764,24.764,24.764,-3.413,1.0,SERANGOON NORTH AVENUE 1,0.511
serangoon_north_avenue_1,Serangoon North Avenue 1,482.0,32157.892,38752.659,24.67,24.67,24.67,-4.533,1.0,SERANGOON NORTH AVENUE 1,0.365
serangoon_north_avenue_1,Serangoon North Avenue 1,484.0,32156.426,38754.019,24.572,24.572,24.572,-5.04,1.0,SERANGOON NORTH AVENUE 1,1.241
serangoon_north_avenue_1,Serangoon North Avenue 1,486.0,32154.959,38755.379,24.468,24.468,24.468,-4.05,1.0,SERANGOON NORTH AVENUE 1,2.117
serangoon_north_avenue_1,Serangoon North Avenue 1,488.0,32153.493,38756.74,24.361,24.361,24.361,-2.842,1.0,SERANGOON NORTH AVENUE 1,2.993
serangoon_north_avenue_1,Serangoon North Avenue 1,490.0,32152.027,38758.1,24.259,24.259,24.346,-1.544,1.0,SERANGOON NORTH AVENUE 1,3.869
serangoon_north_avenue_1,Serangoon North Avenue 1,492.0,32150.561,38759.46,24.226,24.226,24.344,-0.206,1.0,SERANGOON NORTH AVENUE 1,4.745
serangoon_north_avenue_1,Serangoon North Avenue 1,494.0,32149.094,38760.82,24.346,24.346,24.344,-0.023,1.0,SERANGOON NORTH AVENUE 1,5.62
serangoon_north_avenue_1,Serangoon North Avenue 1,496.0,32147.628,38762.181,24.344,24.344,24.344,,,SERANGOON NORTH AVENUE 1,6.496
serangoon_north_avenue_1,Serangoon North Avenue 1,498.0,32146.162,38763.541,24.371,24.371,24.344,,,SERANGOON NORTH AVENUE 1,7.372
serangoon_north_avenue_1,Serangoon North Avenue 1,500.0,32144.696,38764.901,24.858,24.339,24.339,,,SERANGOON NORTH AVENUE 1,8.248
serangoon_north_avenue_1,Serangoon North Avenue 1,502.0,32143.23,38766.261,24.498,24.306,24.306,,,SERANGOON NORTH AVENUE 1,9.124
serangoon_north_avenue_1,Serangoon North Avenue 1,504.0,32141.763,38767.621,25.077,24.273,24.273,,,SERANGOON NORTH AVENUE 1,10.0
serangoon_north_avenue_1,Serangoon North Avenue 1,506.0,32140.297,38768.982,24.25,24.241,24.241,,,SERANGOON NORTH AVENUE 1,10.876
serangoon_north_avenue_1,Serangoon North Avenue 1,508.0,32138.831,38770.342,24.208,24.208,24.208,,,SERANGOON NORTH AVENUE 1,11.752
serangoon_north_avenue_1,Serangoon North Avenue 1,510.0,32137.365,38771.702,24.756,24.107,24.107,,,SERANGOON NORTH AVENUE 1,12.628
serangoon_north_avenue_1,Serangoon North Avenue 1,512.0,32135.898,38773.062,23.966,24.006,24.045,,,SERANGOON NORTH AVENUE 1,13.504
serangoon_north_avenue_1,Serangoon North Avenue 1,514.0,32134.432,38774.422,23.905,23.905,24.045,,,SERANGOON NORTH AVENUE 1,14.38
serangoon_north_avenue_1,Serangoon North Avenue 1,516.0,32132.966,38775.783,23.874,24.045,24.045,,,SERANGOON NORTH AVENUE 1,15.255
serangoon_north_avenue_1,Serangoon North Avenue 1,518.0,32131.5,38777.143,24.043,24.185,24.185,3.957,1.0,SERANGOON NORTH AVENUE 1,16.131
serangoon_north_avenue_1,Serangoon North Avenue 1,520.0,32130.033,38778.503,24.496,24.393,24.362,,,SERANGOON NORTH AVENUE 1,17.007
serangoon_north_avenue_1,Serangoon North Avenue 1,522.0,32128.567,38779.863,24.601,24.601,24.362,,,SERANGOON NORTH AVENUE 1,17.883
serangoon_north_avenue_1,Serangoon North Avenue 1,524.0,32127.101,38781.223,25.22,24.362,24.362,,,SERANGOON NORTH AVENUE 1,18.759
serangoon_north_avenue_1,Serangoon North Avenue 1,526.0,32125.635,38782.584,24.347,24.123,24.123,,,SERANGOON NORTH AVENUE 1,19.635
serangoon_north_avenue_1,Serangoon North Avenue 1,528.0,32124.169,38783.944,24.715,23.884,23.884,,,SERANGOON NORTH AVENUE 1,20.511
serangoon_north_avenue_1,Serangoon North Avenue 1,530.0,32122.702,38785.304,23.256,23.645,23.645,,,SERANGOON NORTH AVENUE 1,21.387
serangoon_north_avenue_1,Serangoon North Avenue 1,532.0,32121.236,38786.664,23.406,23.406,23.406,,,SERANGOON NORTH AVENUE 1,22.263
serangoon_north_avenue_1,Serangoon North Avenue 1,534.0,32119.77,38788.025,23.331,23.331,23.331,,,SERANGOON NORTH AVENUE 1,23.139
serangoon_north_avenue_1,Serangoon North Avenue 1,536.0,32118.304,38789.385,22.896,23.261,23.261,,,SERANGOON NORTH AVENUE 1,24.015
serangoon_north_avenue_1,Serangoon North Avenue 1,538.0,32116.837,38790.745,23.191,23.191,23.191,,,SERANGOON NORTH AVENUE 1,24.89
serangoon_north_avenue_1,Serangoon North Avenue 1,540.0,32115.371,38792.105,23.384,23.128,23.128,,,SERANGOON NORTH AVENUE 1,25.766
serangoon_north_avenue_1,Serangoon North Avenue 1,542.0,32113.905,38793.465,23.785,22.945,22.945,,,SERANGOON NORTH AVENUE 1,26.642
serangoon_north_avenue_1,Serangoon North Avenue 1,544.0,32112.439,38794.826,23.11,22.762,22.762,,,SERANGOON NORTH AVENUE 1,27.518
serangoon_north_avenue_1,Serangoon North Avenue 1,546.0,32110.973,38796.186,22.535,22.529,22.529,,,SERANGOON NORTH AVENUE 1,28.394
serangoon_north_avenue_1,Serangoon North Avenue 1,548.0,32109.506,38797.546,22.216,22.296,22.296,,,SERANGOON NORTH AVENUE 1,29.27
serangoon_north_avenue_1,Serangoon North Avenue 1,550.0,32108.04,38798.906,21.602,22.063,22.063,,,SERANGOON NORTH AVENUE 1,30.146
serangoon_north_avenue_1,Serangoon North Avenue 1,552.0,32106.574,38800.266,21.474,21.83,21.83,,,SERANGOON NORTH AVENUE 1,31.022
serangoon_north_avenue_1,Serangoon North Avenue 1,554.0,32105.108,38801.627,21.246,21.597,21.597,,,SERANGOON NORTH AVENUE 1,31.898
serangoon_north_avenue_1,Serangoon North Avenue 1,556.0,32103.641,38802.987,24.085,21.364,21.597,,,SERANGOON NORTH AVENUE 1,32.774
serangoon_north_avenue_1,Serangoon North Avenue 1,558.0,32102.175,38804.347,22.179,21.483,21.597,,,SERANGOON NORTH AVENUE 1,33.65
serangoon_north_avenue_1,Serangoon North Avenue 1,560.0,32100.709,38805.707,20.562,21.601,21.541,,,SERANGOON NORTH AVENUE 1,34.526
serangoon_north_avenue_1,Serangoon North Avenue 1,562.0,32099.243,38807.067,20.849,21.72,21.541,,,SERANGOON NORTH AVENUE 1,35.401
serangoon_north_avenue_1,Serangoon North Avenue 1,564.0,32097.776,38808.428,21.838,21.541,21.541,,,SERANGOON NORTH AVENUE 1,36.277
serangoon_north_avenue_1,Serangoon North Avenue 1,566.0,32096.31,38809.788,22.001,21.363,21.363,,,SERANGOON NORTH AVENUE 1,37.153
serangoon_north_avenue_1,Serangoon North Avenue 1,568.0,32094.844,38811.148,21.513,21.185,21.185,,,SERANGOON NORTH AVENUE 1,38.029
serangoon_north_avenue_1,Serangoon North Avenue 1,570.0,32093.378,38812.508,20.258,21.082,21.101,,,SERANGOON NORTH AVENUE 1,38.905
serangoon_north_avenue_1,Serangoon North Avenue 1,572.0,32091.912,38813.869,20.288,20.98,21.101,,,SERANGOON NORTH AVENUE 1,39.781
serangoon_north_avenue_1,Serangoon North Avenue 1,574.0,32090.445,38815.229,20.319,21.101,21.101,,,SERANGOON NORTH AVENUE 1,40.657
serangoon_north_avenue_1,Serangoon North Avenue 1,576.0,32088.979,38816.589,20.006,21.222,21.222,,,SERANGOON NORTH AVENUE 1,41.533
serangoon_north_avenue_1,Serangoon North Avenue 1,578.0,32087.513,38817.949,20.039,21.344,21.344,,,SERANGOON NORTH AVENUE 1,42.409
serangoon_north_avenue_1,Serangoon North Avenue 1,580.0,32086.047,38819.309,21.465,21.465,21.465,,,SERANGOON NORTH AVENUE 1,43.285
serangoon_north_avenue_1,Serangoon North Avenue 1,582.0,32084.58,38820.67,21.465,21.465,21.465,,,SERANGOON NORTH AVENUE 1,44.161
serangoon_north_avenue_1,Serangoon North Avenue 1,584.0,32083.114,38822.03,21.465,21.465,21.465,-0.01,1.0,SERANGOON NORTH AVENUE 1,45.036
serangoon_north_avenue_1,Serangoon North Avenue 1,586.0,32081.648,38823.39,24.93,21.465,21.465,-0.016,1.0,SERANGOON NORTH AVENUE 1,45.912
serangoon_north_avenue_1,Serangoon North Avenue 1,588.0,32080.182,38824.75,,21.464,21.464,-0.021,1.0,SERANGOON NORTH AVENUE 1,46.788
serangoon_north_avenue_1,Serangoon North Avenue 1,590.0,32078.715,38826.11,,21.464,21.464,-0.021,1.0,SERANGOON NORTH AVENUE 1,47.664
serangoon_north_avenue_1,Serangoon North Avenue 1,592.0,32077.249,38827.471,,21.463,21.463,-0.021,1.0,SERANGOON NORTH AVENUE 1,48.54
serangoon_north_avenue_1,Serangoon North Avenue 1,594.0,32075.783,38828.831,,21.463,21.463,-0.021,1.0,SERANGOON NORTH AVENUE 1,49.416
serangoon_north_avenue_1,Serangoon North Avenue 1,596.0,32074.317,38830.191,,21.463,21.463,-0.021,1.0,SERANGOON NORTH AVENUE 1,50.292
serangoon_north_avenue_1,Serangoon North Avenue 1,598.0,32072.851,38831.551,,21.462,21.462,-0.021,1.0,SERANGOON NORTH AVENUE 1,51.168
serangoon_north_avenue_1,Serangoon North Avenue 1,600.0,32071.384,38832.911,,21.462,21.462,-0.021,1.0,SERANGOON NORTH AVENUE 1,52.046
serangoon_north_avenue_1,Serangoon North Avenue 1,602.0,32069.918,38834.272,,21.461,21.461,-0.021,1.0,SERANGOON NORTH AVENUE 1,52.968
serangoon_north_avenue_1,Serangoon North Avenue 1,604.0,32068.452,38835.632,,21.461,21.461,-0.021,1.0,SERANGOON NORTH AVENUE 1,53.923
serangoon_north_avenue_1,Serangoon North Avenue 1,606.0,32066.986,38836.992,,21.46,21.46,-0.021,1.0,SERANGOON NORTH AVENUE 1,54.877
serangoon_north_avenue_1,Serangoon North Avenue 1,608.0,32065.519,38838.352,,21.46,21.46,-0.021,1.0,SERANGOON NORTH AVENUE 1,55.831
serangoon_north_avenue_1,Serangoon North Avenue 1,610.0,32064.053,38839.713,,21.46,21.46,-0.021,1.0,SERANGOON NORTH AVENUE 1,56.785
serangoon_north_avenue_1,Serangoon North Avenue 1,612.0,32062.587,38841.073,,21.459,21.459,-0.021,1.0,SERANGOON NORTH AVENUE 1,57.739
serangoon_north_avenue_1,Serangoon North Avenue 1,614.0,32061.121,38842.433,,21.459,21.459,-0.021,1.0,SERANGOON NORTH AVENUE 1,58.693
serangoon_north_avenue_1,Serangoon North Avenue 1,616.0,32059.655,38843.793,,21.458,21.458,-0.021,1.0,SERANGOON NORTH AVENUE 1,59.647
serangoon_north_avenue_1,Serangoon North Avenue 1,618.0,32058.188,38845.153,,21.458,21.458,-0.021,1.0,SERANGOON NORTH AVENUE 1,60.601
serangoon_north_avenue_1,Serangoon North Avenue 1,620.0,32056.722,38846.514,,21.458,21.458,-0.021,1.0,SERANGOON NORTH AVENUE 1,61.555
serangoon_north_avenue_1,Serangoon North Avenue 1,622.0,32055.256,38847.874,,21.457,21.457,-0.021,1.0,SERANGOON NORTH AVENUE 1,62.509
serangoon_north_avenue_1,Serangoon North Avenue 1,624.0,32053.79,38849.234,,21.457,21.457,-0.021,1.0,SERANGOON NORTH AVENUE 1,63.463
serangoon_north_avenue_1,Serangoon North Avenue 1,626.0,32052.323,38850.594,,21.456,21.456,-0.021,1.0,SERANGOON NORTH AVENUE 1,64.417
serangoon_north_avenue_1,Serangoon North Avenue 1,628.0,32050.857,38851.954,,21.456,21.456,-0.018,1.0,SERANGOON NORTH AVENUE 1,65.372
serangoon_north_avenue_1,Serangoon North Avenue 1,630.0,32049.391,38853.315,,21.455,21.455,-0.016,1.0,SERANGOON NORTH AVENUE 1,66.326
serangoon_north_avenue_1,Serangoon North Avenue 1,632.0,32047.925,38854.675,,,21.455,-0.013,1.0,SERANGOON NORTH AVENUE 1,67.28
serangoon_north_avenue_1,Serangoon North Avenue 1,634.0,32046.458,38856.035,,,21.455,,,SERANGOON NORTH AVENUE 1,68.234
serangoon_north_avenue_1,Serangoon North Avenue 1,636.0,32044.992,38857.395,,,21.455,,,SERANGOON NORTH AVENUE 1,69.188
serangoon_north_avenue_1,Serangoon North Avenue 1,638.0,32043.526,38858.755,,,,,,SERANGOON NORTH AVENUE 1,70.142
serangoon_north_avenue_1,Serangoon North Avenue 1,640.0,32042.06,38860.116,,,,,,SERANGOON NORTH AVENUE 1,71.096
serangoon_north_avenue_1,Serangoon North Avenue 1,642.0,32040.594,38861.476,,,,,,SERANGOON NORTH AVENUE 1,72.05
serangoon_north_avenue_1,Serangoon North Avenue 1,644.0,32039.127,38862.836,,,,,,SERANGOON NORTH AVENUE 1,73.004
serangoon_north_avenue_1,Serangoon North Avenue 1,646.0,32037.661,38864.196,,,,,,SERANGOON NORTH AVENUE 1,73.958
serangoon_north_avenue_1,Serangoon North Avenue 1,648.0,32036.195,38865.557,,,,,,SERANGOON NORTH AVENUE 1,74.912
serangoon_north_avenue_1,Serangoon North Avenue 1,650.0,32034.729,38866.917,,,,,,SERANGOON NORTH AVENUE 1,75.866
serangoon_north_avenue_1,Serangoon North Avenue 1,652.0,32033.262,38868.277,,,,,,SERANGOON NORTH AVENUE 1,76.821
serangoon_north_avenue_1,Serangoon North Avenue 1,654.0,32031.796,38869.637,,,,,,SERANGOON NORTH AVENUE 1,77.775
serangoon_north_avenue_1,Serangoon North Avenue 1,656.0,32030.33,38870.997,,,,,,SERANGOON NORTH AVENUE 1,78.729
serangoon_north_avenue_1,Serangoon North Avenue 1,658.0,32028.864,38872.358,,,,,,SERANGOON NORTH AVENUE 1,79.683
serangoon_north_avenue_1,Serangoon North Avenue 1,660.0,32027.397,38873.718,,,,,,SERANGOON NORTH AVENUE 1,80.637
serangoon_north_avenue_1,Serangoon North Avenue 1,662.0,32025.931,38875.078,,,,,,SERANGOON NORTH AVENUE 1,81.591
serangoon_north_avenue_1,Serangoon North Avenue 1,664.0,32024.465,38876.438,,,,,,SERANGOON NORTH AVENUE 1,82.545
serangoon_north_avenue_1,Serangoon North Avenue 1,666.0,32022.999,38877.798,,,,,,SERANGOON NORTH AVENUE 1,83.499
serangoon_north_avenue_1,Serangoon North Avenue 1,668.0,32021.533,38879.159,,,,,,SERANGOON NORTH AVENUE 1,84.453
serangoon_north_avenue_1,Serangoon North Avenue 1,670.0,32020.066,38880.519,,,,,,SERANGOON NORTH AVENUE 1,85.407
serangoon_north_avenue_1,Serangoon North Avenue 1,672.0,32018.6,38881.879,,,,,,SERANGOON NORTH AVENUE 1,86.361
serangoon_north_avenue_1,Serangoon North Avenue 1,674.0,32017.134,38883.239,,,,,,SERANGOON NORTH AVENUE 1,87.315
serangoon_north_avenue_1,Serangoon North Avenue 1,676.0,32015.668,38884.6,,,,,,SERANGOON NORTH AVENUE 1,88.27
serangoon_north_avenue_1,Serangoon North Avenue 1,678.0,32014.201,38885.96,,,,,,SERANGOON NORTH AVENUE 1,89.224
serangoon_north_avenue_1,Serangoon North Avenue 1,680.0,32012.735,38887.32,,,,,,SERANGOON NORTH AVENUE 1,90.178
serangoon_north_avenue_1,Serangoon North Avenue 1,682.0,32011.269,38888.68,,,,,,SERANGOON NORTH AVENUE 1,91.132
serangoon_north_avenue_1,Serangoon North Avenue 1,684.0,32009.803,38890.04,,,,,,SERANGOON NORTH AVENUE 1,92.086
serangoon_north_avenue_1,Serangoon North Avenue 1,686.0,32008.337,38891.401,,,,,,SERANGOON NORTH AVENUE 1,93.04
serangoon_north_avenue_1,Serangoon North Avenue 1,688.0,32006.87,38892.761,,,,,,SERANGOON NORTH AVENUE 1,93.994
serangoon_north_avenue_1,Serangoon North Avenue 1,690.0,32005.404,38894.121,,,,,,SERANGOON NORTH AVENUE 1,94.948
serangoon_north_avenue_1,Serangoon North Avenue 1,692.0,32003.938,38895.481,,,,,,SERANGOON NORTH AVENUE 1,95.902
serangoon_north_avenue_1,Serangoon North Avenue 1,694.0,32002.472,38896.841,,,,,,SERANGOON NORTH AVENUE 1,96.856
serangoon_north_avenue_1,Serangoon North Avenue 1,696.0,32001.005,38898.202,,,,,,SERANGOON NORTH AVENUE 1,97.81
serangoon_north_avenue_1,Serangoon North Avenue 1,698.0,31999.539,38899.562,,,,,,SERANGOON NORTH AVENUE 1,98.764
serangoon_north_avenue_1,Serangoon North Avenue 1,700.0,31998.073,38900.922,,,,,,SERANGOON NORTH AVENUE 1,99.719
serangoon_north_avenue_1,Serangoon North Avenue 1,702.0,31996.607,38902.282,,,,,,SERANGOON NORTH AVENUE 1,100.673
serangoon_north_avenue_1,Serangoon North Avenue 1,704.0,31995.14,38903.642,,,,,,SERANGOON NORTH AVENUE 1,101.627
serangoon_north_avenue_1,Serangoon North Avenue 1,706.0,31993.674,38905.003,,,,,,SERANGOON NORTH AVENUE 1,102.581
serangoon_north_avenue_1,Serangoon North Avenue 1,708.0,31992.208,38906.363,,,,,,SERANGOON NORTH AVENUE 1,103.535
serangoon_north_avenue_1,Serangoon North Avenue 1,710.0,31990.742,38907.723,,,,,,SERANGOON NORTH AVENUE 1,104.489
serangoon_north_avenue_1,Serangoon North Avenue 1,712.0,31989.276,38909.083,,,,,,SERANGOON NORTH AVENUE 1,105.443
serangoon_north_avenue_1,Serangoon North Avenue 1,714.0,31987.809,38910.444,,,,,,SERANGOON NORTH AVENUE 1,106.397
serangoon_north_avenue_1,Serangoon North Avenue 1,716.0,31986.343,38911.804,,,,,,SERANGOON NORTH AVENUE 1,107.351
serangoon_north_avenue_1,Serangoon North Avenue 1,718.0,31984.877,38913.164,,,,,,SERANGOON NORTH AVENUE 1,108.305
serangoon_north_avenue_1,Serangoon North Avenue 1,720.0,31983.411,38914.524,,,,,,SERANGOON NORTH AVENUE 1,109.259
serangoon_north_avenue_1,Serangoon North Avenue 1,722.0,31981.944,38915.884,,,,,,SERANGOON NORTH AVENUE 1,110.213
serangoon_north_avenue_1,Serangoon North Avenue 1,724.0,31980.478,38917.245,,,,,,SERANGOON NORTH AVENUE 1,111.168
serangoon_north_avenue_1,Serangoon North Avenue 1,726.0,31979.012,38918.605,,,,,,SERANGOON NORTH AVENUE 1,112.122
serangoon_north_avenue_1,Serangoon North Avenue 1,728.0,31977.546,38919.965,,,,,,SERANGOON NORTH AVENUE 1,113.076
serangoon_north_avenue_1,Serangoon North Avenue 1,730.0,31976.079,38921.325,,,,,,SERANGOON NORTH AVENUE 1,114.03
serangoon_north_avenue_1,Serangoon North Avenue 1,732.0,31974.613,38922.685,,,,,,SERANGOON NORTH AVENUE 1,114.984
serangoon_north_avenue_1,Serangoon North Avenue 1,734.0,31973.147,38924.046,,,,,,SERANGOON NORTH AVENUE 1,115.938
serangoon_north_avenue_1,Serangoon North Avenue 1,736.0,31971.681,38925.406,,,,,,SERANGOON NORTH AVENUE 1,116.892
serangoon_north_avenue_1,Serangoon North Avenue 1,738.0,31970.215,38926.766,,,,,,SERANGOON NORTH AVENUE 1,117.846
serangoon_north_avenue_1,Serangoon North Avenue 1,896.0,31958.931,39005.771,,,,,,SERANGOON NORTH AVENUE 1,104.735
serangoon_north_avenue_1,Serangoon North Avenue 1,898.0,31960.888,39006.18,,,,,,SERANGOON NORTH AVENUE 1,102.736
serangoon_north_avenue_1,Serangoon North Avenue 1,900.0,31962.846,39006.59,,,21.431,,,SERANGOON NORTH AVENUE 1,100.738
serangoon_north_avenue_1,Serangoon North Avenue 1,902.0,31964.804,39006.999,,,21.431,,,SERANGOON NORTH AVENUE 1,98.74
serangoon_north_avenue_1,Serangoon North Avenue 1,904.0,31966.76,39007.413,,,21.431,-0.013,1.0,SERANGOON NORTH AVENUE 1,96.742
serangoon_north_avenue_1,Serangoon North Avenue 1,906.0,31968.717,39007.829,,21.431,21.431,-0.016,1.0,SERANGOON NORTH AVENUE 1,94.743
serangoon_north_avenue_1,Serangoon North Avenue 1,908.0,31970.673,39008.245,,21.43,21.43,-0.018,1.0,SERANGOON NORTH AVENUE 1,92.745
serangoon_north_avenue_1,Serangoon North Avenue 1,910.0,31972.629,39008.661,,21.43,21.43,-0.021,1.0,SERANGOON NORTH AVENUE 1,90.747
serangoon_north_avenue_1,Serangoon North Avenue 1,912.0,31974.585,39009.077,,21.429,21.429,-0.021,1.0,SERANGOON NORTH AVENUE 1,88.749
serangoon_north_avenue_1,Serangoon North Avenue 1,914.0,31976.541,39009.493,,21.429,21.429,-0.021,1.0,SERANGOON NORTH AVENUE 1,86.751
serangoon_north_avenue_1,Serangoon North Avenue 1,916.0,31978.504,39009.878,,21.428,21.428,-0.021,1.0,SERANGOON NORTH AVENUE 1,84.754
serangoon_north_avenue_1,Serangoon North Avenue 1,918.0,31980.472,39010.231,,21.428,21.428,-0.021,1.0,SERANGOON NORTH AVENUE 1,82.761
serangoon_north_avenue_1,Serangoon North Avenue 1,920.0,31982.441,39010.584,,21.428,21.428,-0.021,1.0,SERANGOON NORTH AVENUE 1,80.767
serangoon_north_avenue_1,Serangoon North Avenue 1,922.0,31984.41,39010.937,,21.427,21.427,-0.021,1.0,SERANGOON NORTH AVENUE 1,78.774
serangoon_north_avenue_1,Serangoon North Avenue 1,924.0,31986.378,39011.29,,21.427,21.427,-0.021,1.0,SERANGOON NORTH AVENUE 1,76.781
serangoon_north_avenue_1,Serangoon North Avenue 1,926.0,31988.344,39011.655,,21.426,21.426,-0.021,1.0,SERANGOON NORTH AVENUE 1,74.788
serangoon_north_avenue_1,Serangoon North Avenue 1,928.0,31990.291,39012.116,,21.426,21.426,-0.021,1.0,SERANGOON NORTH AVENUE 1,72.789
serangoon_north_avenue_1,Serangoon North Avenue 1,930.0,31992.237,39012.576,,21.426,21.426,-0.021,1.0,SERANGOON NORTH AVENUE 1,70.791
serangoon_north_avenue_1,Serangoon North Avenue 1,932.0,31994.183,39013.037,,21.425,21.425,-0.021,1.0,SERANGOON NORTH AVENUE 1,68.792
serangoon_north_avenue_1,Serangoon North Avenue 1,934.0,31996.129,39013.497,,21.425,21.425,-0.021,1.0,SERANGOON NORTH AVENUE 1,66.793
serangoon_north_avenue_1,Serangoon North Avenue 1,936.0,31998.076,39013.958,,21.424,21.424,-0.021,1.0,SERANGOON NORTH AVENUE 1,64.795
serangoon_north_avenue_1,Serangoon North Avenue 1,938.0,32000.027,39014.396,,21.424,21.424,-0.021,1.0,SERANGOON NORTH AVENUE 1,62.798
serangoon_north_avenue_1,Serangoon North Avenue 1,940.0,32001.983,39014.814,,21.423,21.423,-0.021,1.0,SERANGOON NORTH AVENUE 1,60.802
serangoon_north_avenue_1,Serangoon North Avenue 1,942.0,32003.939,39015.232,,21.423,21.423,-0.021,1.0,SERANGOON NORTH AVENUE 1,58.806
serangoon_north_avenue_1,Serangoon North Avenue 1,944.0,32005.895,39015.649,,21.423,21.423,-0.021,1.0,SERANGOON NORTH AVENUE 1,56.81
serangoon_north_avenue_1,Serangoon North Avenue 1,946.0,32007.85,39016.067,,21.422,21.422,-0.021,1.0,SERANGOON NORTH AVENUE 1,54.815
serangoon_north_avenue_1,Serangoon North Avenue 1,948.0,32009.806,39016.485,,21.422,21.422,-0.021,1.0,SERANGOON NORTH AVENUE 1,52.82
serangoon_north_avenue_1,Serangoon North Avenue 1,950.0,32011.762,39016.903,17.402,21.421,21.421,-1.289,1.0,SERANGOON NORTH AVENUE 1,50.826
serangoon_north_avenue_1,Serangoon North Avenue 1,952.0,32013.718,39017.32,21.421,21.421,21.421,-2.557,1.0,SERANGOON NORTH AVENUE 1,48.832
serangoon_north_avenue_1,Serangoon North Avenue 1,954.0,32015.674,39017.738,21.004,21.266,21.266,-3.886,1.0,SERANGOON NORTH AVENUE 1,46.839
serangoon_north_avenue_1,Serangoon North Avenue 1,956.0,32017.63,39018.156,18.786,21.11,21.217,-5.106,1.0,SERANGOON NORTH AVENUE 1,44.846
serangoon_north_avenue_1,Serangoon North Avenue 1,958.0,32019.586,39018.574,21.217,21.217,21.11,,,SERANGOON NORTH AVENUE 1,42.854
serangoon_north_avenue_1,Serangoon North Avenue 1,960.0,32021.542,39018.992,22.784,21.012,21.012,,,SERANGOON NORTH AVENUE 1,40.863
serangoon_north_avenue_1,Serangoon North Avenue 1,962.0,32023.5,39019.396,23.011,20.735,20.735,,,SERANGOON NORTH AVENUE 1,38.872
serangoon_north_avenue_1,Serangoon North Avenue 1,964.0,32025.46,39019.797,18.565,20.457,20.457,,,SERANGOON NORTH AVENUE 1,36.882
serangoon_north_avenue_1,Serangoon North Avenue 1,966.0,32027.419,39020.198,18.575,19.894,19.894,,,SERANGOON NORTH AVENUE 1,34.892
serangoon_north_avenue_1,Serangoon North Avenue 1,968.0,32029.378,39020.599,20.194,19.33,19.33,,,SERANGOON NORTH AVENUE 1,32.902
serangoon_north_avenue_1,Serangoon North Avenue 1,970.0,32031.338,39021.0,18.109,18.767,18.767,,,SERANGOON NORTH AVENUE 1,30.912
serangoon_north_avenue_1,Serangoon North Avenue 1,972.0,32033.298,39021.396,21.101,,18.203,,,SERANGOON NORTH AVENUE 1,28.923
serangoon_north_avenue_1,Serangoon North Avenue 1,974.0,32035.262,39021.776,19.838,,17.639,,,SERANGOON NORTH AVENUE 1,26.935
serangoon_north_avenue_1,Serangoon North Avenue 1,976.0,32037.225,39022.155,17.894,17.076,17.076,,,SERANGOON NORTH AVENUE 1,24.947
serangoon_north_avenue_1,Serangoon North Avenue 1,978.0,32039.189,39022.535,15.472,16.512,16.512,,,SERANGOON NORTH AVENUE 1,22.959
serangoon_north_avenue_1,Serangoon North Avenue 1,980.0,32041.153,39022.915,15.433,15.948,15.948,,,SERANGOON NORTH AVENUE 1,20.972
serangoon_north_avenue_1,Serangoon North Avenue 1,982.0,32043.116,39023.295,15.385,15.385,15.521,,,SERANGOON NORTH AVENUE 1,18.984
serangoon_north_avenue_1,Serangoon North Avenue 1,984.0,32044.437,39022.128,15.809,15.453,15.453,,,SERANGOON NORTH AVENUE 1,18.07
serangoon_north_avenue_1,Serangoon North Avenue 1,986.0,32045.551,39020.467,17.174,15.521,15.385,-3.106,1.0,SERANGOON NORTH AVENUE 1,17.499
serangoon_north_avenue_1,Serangoon North Avenue 1,988.0,32046.666,39018.807,15.233,15.233,15.276,-2.317,1.0,SERANGOON NORTH AVENUE 1,16.929
serangoon_north_avenue_1,Serangoon North Avenue 1,990.0,32047.781,39017.146,15.263,15.263,15.272,-1.528,1.0,SERANGOON NORTH AVENUE 1,16.358
serangoon_north_avenue_1,Serangoon North Avenue 1,992.0,32048.895,39015.486,15.276,15.276,15.263,-0.038,1.0,SERANGOON NORTH AVENUE 1,15.787
serangoon_north_avenue_1,Serangoon North Avenue 1,994.0,32050.01,39013.825,15.272,15.272,15.263,0.0,1.0,SERANGOON NORTH AVENUE 1,15.216
serangoon_north_avenue_1,Serangoon North Avenue 1,996.0,32051.125,39012.165,15.248,15.248,15.272,1.969,1.0,SERANGOON NORTH AVENUE 1,14.646
serangoon_north_avenue_1,Serangoon North Avenue 1,998.0,32052.24,39010.504,15.208,15.208,15.272,,,SERANGOON NORTH AVENUE 1,14.075
serangoon_north_avenue_1,Serangoon North Avenue 1,1000.0,32053.354,39008.844,15.42,15.42,15.42,,,SERANGOON NORTH AVENUE 1,13.504
serangoon_north_avenue_1,Serangoon North Avenue 1,1002.0,32054.469,39007.183,15.471,15.715,15.715,,,SERANGOON NORTH AVENUE 1,12.933
serangoon_north_avenue_1,Serangoon North Avenue 1,1004.0,32055.584,39005.523,16.714,16.01,16.01,9.71,2.0,SERANGOON NORTH AVENUE 1,12.363
serangoon_north_avenue_1,Serangoon North Avenue 1,1006.0,32056.698,39003.862,19.112,16.197,16.197,,,SERANGOON NORTH AVENUE 1,11.792
serangoon_north_avenue_1,Serangoon North Avenue 1,1008.0,32057.813,39002.201,18.717,16.384,16.197,,,SERANGOON NORTH AVENUE 1,11.221
serangoon_north_avenue_1,Serangoon North Avenue 1,1010.0,32058.928,39000.541,16.219,16.219,16.197,,,SERANGOON NORTH AVENUE 1,10.65
serangoon_north_avenue_1,Serangoon North Avenue 1,1012.0,32060.043,38998.88,16.083,16.083,16.219,0.368,1.0,SERANGOON NORTH AVENUE 1,10.08
serangoon_north_avenue_1,Serangoon North Avenue 1,1014.0,32061.157,38997.22,16.152,16.152,16.219,1.24,1.0,SERANGOON NORTH AVENUE 1,9.509
serangoon_north_avenue_1,Serangoon North Avenue 1,1016.0,32061.859,38995.364,16.226,16.226,16.226,1.891,1.0,SERANGOON NORTH AVENUE 1,9.391
serangoon_north_avenue_1,Serangoon North Avenue 1,1018.0,32062.435,38993.449,16.296,16.296,16.296,2.834,1.0,SERANGOON NORTH AVENUE 1,9.41
serangoon_north_avenue_1,Serangoon North Avenue 1,1020.0,32063.011,38991.533,16.37,16.37,16.37,3.716,1.0,SERANGOON NORTH AVENUE 1,9.43
serangoon_north_avenue_1,Serangoon North Avenue 1,1022.0,32063.587,38989.618,16.446,16.446,16.446,3.778,1.0,SERANGOON NORTH AVENUE 1,9.449
serangoon_north_avenue_1,Serangoon North Avenue 1,1024.0,32064.163,38987.703,16.524,16.524,16.524,3.662,1.0,SERANGOON NORTH AVENUE 1,9.468
serangoon_north_avenue_1,Serangoon North Avenue 1,1026.0,32064.745,38985.79,16.598,16.598,16.598,3.184,1.0,SERANGOON NORTH AVENUE 1,9.482
serangoon_north_avenue_1,Serangoon North Avenue 1,1028.0,32065.477,38983.928,16.664,16.664,16.664,2.913,1.0,SERANGOON NORTH AVENUE 1,9.336
serangoon_north_avenue_1,Serangoon North Avenue 1,1030.0,32066.209,38982.067,16.701,16.701,16.701,2.003,1.0,SERANGOON NORTH AVENUE 1,9.206
serangoon_north_avenue_1,Serangoon North Avenue 1,1032.0,32066.941,38980.206,16.758,16.758,16.757,1.447,1.0,SERANGOON NORTH AVENUE 1,9.108
serangoon_north_avenue_1,Serangoon North Avenue 1,1034.0,32067.646,38978.335,16.757,16.757,16.758,1.469,1.0,SERANGOON NORTH AVENUE 1,9.038
serangoon_north_avenue_1,Serangoon North Avenue 1,1036.0,32068.329,38976.455,16.779,16.779,16.779,1.216,1.0,SERANGOON NORTH AVENUE 1,8.993
serangoon_north_avenue_1,Serangoon North Avenue 1,1038.0,32069.011,38974.575,16.818,16.818,16.818,2.803,1.0,SERANGOON NORTH AVENUE 1,8.948
serangoon_north_avenue_1,Serangoon North Avenue 1,1040.0,32069.694,38972.695,16.854,16.854,16.854,4.959,1.0,SERANGOON NORTH AVENUE 1,8.902
serangoon_north_avenue_1,Serangoon North Avenue 1,1042.0,32070.376,38970.815,16.983,16.983,16.983,5.997,1.0,SERANGOON NORTH AVENUE 1,8.857
serangoon_north_avenue_1,Serangoon North Avenue 1,1044.0,32071.059,38968.935,17.176,17.176,17.176,6.5,1.0,SERANGOON NORTH AVENUE 1,8.812
serangoon_north_avenue_1,Serangoon North Avenue 1,1046.0,32071.741,38967.055,17.298,17.298,17.298,5.759,1.0,SERANGOON NORTH AVENUE 1,8.766
serangoon_north_avenue_1,Serangoon North Avenue 1,1048.0,32072.424,38965.175,17.374,17.374,17.374,4.281,1.0,SERANGOON NORTH AVENUE 1,8.721
serangoon_north_avenue_1,Serangoon North Avenue 1,1050.0,32073.106,38963.295,17.444,17.444,17.444,3.806,1.0,SERANGOON NORTH AVENUE 1,8.676
serangoon_north_avenue_1,Serangoon North Avenue 1,1052.0,32073.789,38961.415,17.519,17.519,17.519,3.869,1.0,SERANGOON NORTH AVENUE 1,8.631
serangoon_north_avenue_1,Serangoon North Avenue 1,1054.0,32074.471,38959.535,17.602,17.602,17.602,3.913,1.0,SERANGOON NORTH AVENUE 1,8.585
serangoon_north_avenue_1,Serangoon North Avenue 1,1056.0,32075.154,38957.655,17.683,17.683,17.683,3.9,1.0,SERANGOON NORTH AVENUE 1,8.54
serangoon_north_avenue_1,Serangoon North Avenue 1,1058.0,32075.836,38955.775,17.757,17.757,17.757,3.706,1.0,SERANGOON NORTH AVENUE 1,8.495
serangoon_north_avenue_1,Serangoon North Avenue 1,1060.0,32076.518,38953.895,17.83,17.83,17.83,3.4,1.0,SERANGOON NORTH AVENUE 1,8.45
serangoon_north_avenue_1,Serangoon North Avenue 1,1062.0,32077.182,38952.009,17.899,17.899,17.899,3.172,1.0,SERANGOON NORTH AVENUE 1,8.424
serangoon_north_avenue_1,Serangoon North Avenue 1,1064.0,32077.835,38950.118,17.955,17.955,17.955,3.294,1.0,SERANGOON NORTH AVENUE 1,8.41
serangoon_north_avenue_1,Serangoon North Avenue 1,1066.0,32078.489,38948.228,18.01,18.01,18.01,3.425,1.0,SERANGOON NORTH AVENUE 1,8.396
serangoon_north_avenue_1,Serangoon North Avenue 1,1068.0,32079.142,38946.338,18.094,18.094,18.094,3.909,1.0,SERANGOON NORTH AVENUE 1,8.382
serangoon_north_avenue_1,Serangoon North Avenue 1,1070.0,32079.795,38944.447,18.173,18.173,18.173,4.294,1.0,SERANGOON NORTH AVENUE 1,8.367
serangoon_north_avenue_1,Serangoon North Avenue 1,1072.0,32080.448,38942.557,18.268,18.268,18.268,3.906,1.0,SERANGOON NORTH AVENUE 1,8.353
serangoon_north_avenue_1,Serangoon North Avenue 1,1074.0,32081.101,38940.667,18.354,18.354,18.354,3.862,1.0,SERANGOON NORTH AVENUE 1,8.34
serangoon_north_avenue_1,Serangoon North Avenue 1,1076.0,32081.651,38938.744,18.406,18.406,18.406,3.444,1.0,SERANGOON NORTH AVENUE 1,8.434
serangoon_north_avenue_1,Serangoon North Avenue 1,1078.0,32082.2,38936.821,18.482,18.482,18.482,3.609,1.0,SERANGOON NORTH AVENUE 1,8.528
serangoon_north_avenue_1,Serangoon North Avenue 1,1080.0,32082.75,38934.898,18.544,18.544,18.544,4.094,1.0,SERANGOON NORTH AVENUE 1,8.622
serangoon_north_avenue_1,Serangoon North Avenue 1,1082.0,32083.3,38932.975,18.643,18.643,18.643,3.856,1.0,SERANGOON NORTH AVENUE 1,8.717
serangoon_north_avenue_1,Serangoon North Avenue 1,1084.0,32083.85,38931.052,18.734,18.734,18.734,3.787,1.0,SERANGOON NORTH AVENUE 1,8.811
serangoon_north_avenue_1,Serangoon North Avenue 1,1086.0,32084.399,38929.129,18.79,18.79,18.79,3.203,1.0,SERANGOON NORTH AVENUE 1,8.905
serangoon_north_avenue_1,Serangoon North Avenue 1,1088.0,32084.949,38927.206,18.846,18.846,18.846,2.8,1.0,SERANGOON NORTH AVENUE 1,8.999
serangoon_north_avenue_1,Serangoon North Avenue 1,1090.0,32085.499,38925.283,18.899,18.899,18.899,2.712,1.0,SERANGOON NORTH AVENUE 1,9.093
serangoon_north_avenue_1,Serangoon North Avenue 1,1092.0,32086.049,38923.36,18.958,18.958,18.958,2.747,1.0,SERANGOON NORTH AVENUE 1,9.188
serangoon_north_avenue_1,Serangoon North Avenue 1,1094.0,32086.598,38921.437,19.008,19.008,19.008,2.519,1.0,SERANGOON NORTH AVENUE 1,9.282
serangoon_north_avenue_1,Serangoon North Avenue 1,1096.0,32087.148,38919.514,19.066,19.066,19.066,2.447,1.0,SERANGOON NORTH AVENUE 1,9.376
serangoon_north_avenue_1,Serangoon North Avenue 1,1098.0,32087.776,38917.616,19.1,19.1,19.1,2.584,1.0,SERANGOON NORTH AVENUE 1,9.389
serangoon_north_avenue_1,Serangoon North Avenue 1,1100.0,32088.424,38915.723,19.154,19.154,19.154,2.747,1.0,SERANGOON NORTH AVENUE 1,9.38
serangoon_north_avenue_1,Serangoon North Avenue 1,1102.0,32089.071,38913.831,19.214,19.214,19.214,3.078,1.0,SERANGOON NORTH AVENUE 1,9.372
serangoon_north_avenue_1,Serangoon North Avenue 1,1104.0,32089.719,38911.939,19.286,19.286,19.286,3.312,1.0,SERANGOON NORTH AVENUE 1,9.364
serangoon_north_avenue_1,Serangoon North Avenue 1,1106.0,32090.367,38910.047,19.346,19.346,19.346,3.366,1.0,SERANGOON NORTH AVENUE 1,9.355
serangoon_north_avenue_1,Serangoon North Avenue 1,1108.0,32091.015,38908.155,19.419,19.419,19.419,3.412,1.0,SERANGOON NORTH AVENUE 1,9.347
serangoon_north_avenue_1,Serangoon North Avenue 1,1110.0,32091.659,38906.261,19.484,19.484,19.484,2.659,1.0,SERANGOON NORTH AVENUE 1,9.341
serangoon_north_avenue_1,Serangoon North Avenue 1,1112.0,32092.304,38904.368,19.559,19.559,19.559,1.794,1.0,SERANGOON NORTH AVENUE 1,9.336
serangoon_north_avenue_1,Serangoon North Avenue 1,1114.0,32092.949,38902.475,19.565,19.565,19.559,1.013,1.0,SERANGOON NORTH AVENUE 1,9.331
serangoon_north_avenue_1,Serangoon North Avenue 1,1116.0,32093.594,38900.582,19.559,19.559,19.562,0.219,1.0,SERANGOON NORTH AVENUE 1,9.326
serangoon_north_avenue_1,Serangoon North Avenue 1,1118.0,32094.238,38898.688,19.562,19.562,19.565,0.247,1.0,SERANGOON NORTH AVENUE 1,9.32
serangoon_north_avenue_1,Serangoon North Avenue 1,1120.0,32094.883,38896.795,19.576,19.576,19.576,1.369,1.0,SERANGOON NORTH AVENUE 1,9.315
serangoon_north_avenue_1,Serangoon North Avenue 1,1122.0,32095.528,38894.902,19.579,19.579,19.579,2.412,1.0,SERANGOON NORTH AVENUE 1,9.31
serangoon_north_avenue_1,Serangoon North Avenue 1,1124.0,32096.173,38893.009,19.672,19.672,19.672,2.753,1.0,SERANGOON NORTH AVENUE 1,9.305
serangoon_north_avenue_1,Serangoon North Avenue 1,1126.0,32096.817,38891.116,19.758,19.758,19.758,3.519,1.0,SERANGOON NORTH AVENUE 1,9.299
serangoon_north_avenue_1,Serangoon North Avenue 1,1128.0,32097.462,38889.222,19.797,19.797,19.797,2.722,1.0,SERANGOON NORTH AVENUE 1,9.294
serangoon_north_avenue_1,Serangoon North Avenue 1,1130.0,32098.107,38887.329,19.86,19.86,19.86,2.081,1.0,SERANGOON NORTH AVENUE 1,9.289
serangoon_north_avenue_1,Serangoon North Avenue 1,1132.0,32098.749,38885.435,19.89,19.89,19.89,3.159,1.0,SERANGOON NORTH AVENUE 1,9.286
serangoon_north_avenue_1,Serangoon North Avenue 1,1134.0,32099.374,38883.535,19.924,19.924,19.924,2.919,1.0,SERANGOON NORTH AVENUE 1,9.302
serangoon_north_avenue_1,Serangoon North Avenue 1,1136.0,32099.998,38881.635,20.145,20.145,20.05,3.194,1.0,SERANGOON NORTH AVENUE 1,9.318
serangoon_north_avenue_1,Serangoon North Avenue 1,1138.0,32100.623,38879.735,20.05,20.05,20.094,2.919,1.0,SERANGOON NORTH AVENUE 1,9.334
serangoon_north_avenue_1,Serangoon North Avenue 1,1140.0,32101.248,38877.835,20.094,20.094,20.145,1.725,1.0,SERANGOON NORTH AVENUE 1,9.35
serangoon_north_avenue_1,Serangoon North Avenue 1,1142.0,32101.872,38875.935,20.158,20.158,20.158,1.894,1.0,SERANGOON NORTH AVENUE 1,9.366
serangoon_north_avenue_1,Serangoon North Avenue 1,1144.0,32102.508,38874.039,20.188,20.188,20.188,1.825,1.0,SERANGOON NORTH AVENUE 1,9.37
serangoon_north_avenue_1,Serangoon North Avenue 1,1146.0,32103.16,38872.148,20.246,20.246,20.246,2.334,1.0,SERANGOON NORTH AVENUE 1,9.357
serangoon_north_avenue_1,Serangoon North Avenue 1,1148.0,32103.812,38870.258,20.291,20.291,20.291,2.891,1.0,SERANGOON NORTH AVENUE 1,9.344
serangoon_north_avenue_1,Serangoon North Avenue 1,1150.0,32104.464,38868.367,20.344,20.344,20.344,2.95,1.0,SERANGOON NORTH AVENUE 1,9.331
serangoon_north_avenue_1,Serangoon North Avenue 1,1152.0,32105.116,38866.476,20.419,20.419,20.419,3.319,1.0,SERANGOON NORTH AVENUE 1,9.318
serangoon_north_avenue_1,Serangoon North Avenue 1,1154.0,32105.768,38864.586,20.482,20.482,20.482,3.341,1.0,SERANGOON NORTH AVENUE 1,9.305
serangoon_north_avenue_1,Serangoon North Avenue 1,1156.0,32106.418,38862.694,20.556,20.556,20.556,3.016,1.0,SERANGOON NORTH AVENUE 1,9.295
serangoon_north_avenue_1,Serangoon North Avenue 1,1158.0,32107.065,38860.801,20.612,20.612,20.612,3.037,1.0,SERANGOON NORTH AVENUE 1,9.287
serangoon_north_avenue_1,Serangoon North Avenue 1,1160.0,32107.712,38858.909,20.66,20.66,20.66,2.7,1.0,SERANGOON NORTH AVENUE 1,9.279
serangoon_north_avenue_1,Serangoon North Avenue 1,1162.0,32108.359,38857.017,20.724,20.724,20.724,2.491,1.0,SERANGOON NORTH AVENUE 1,9.271
serangoon_north_avenue_1,Serangoon North Avenue 1,1164.0,32109.007,38855.124,20.772,20.772,20.772,2.684,1.0,SERANGOON NORTH AVENUE 1,9.263
serangoon_north_avenue_1,Serangoon North Avenue 1,1166.0,32109.654,38853.232,20.811,20.811,20.811,3.016,1.0,SERANGOON NORTH AVENUE 1,9.256
serangoon_north_avenue_1,Serangoon North Avenue 1,1168.0,32110.301,38851.34,20.875,20.875,20.875,2.844,1.0,SERANGOON NORTH AVENUE 1,9.248
serangoon_north_avenue_1,Serangoon North Avenue 1,1170.0,32110.948,38849.447,20.966,20.966,20.966,3.003,1.0,SERANGOON NORTH AVENUE 1,9.24
serangoon_north_avenue_1,Serangoon North Avenue 1,1172.0,32111.595,38847.555,21.0,21.0,21.0,2.903,1.0,SERANGOON NORTH AVENUE 1,9.258
serangoon_north_avenue_1,Serangoon North Avenue 1,1174.0,32112.243,38845.662,21.051,21.051,21.051,2.672,1.0,SERANGOON NORTH AVENUE 1,9.338
serangoon_north_avenue_1,Serangoon North Avenue 1,1176.0,32112.89,38843.77,21.107,21.107,21.107,3.188,1.0,SERANGOON NORTH AVENUE 1,9.418
serangoon_north_avenue_1,Serangoon North Avenue 1,1178.0,32113.536,38841.877,21.18,21.18,21.18,3.313,1.0,SERANGOON NORTH AVENUE 1,9.5
serangoon_north_avenue_1,Serangoon North Avenue 1,1180.0,32114.18,38839.984,21.255,21.255,21.255,3.578,1.0,SERANGOON NORTH AVENUE 1,9.583
serangoon_north_avenue_1,Serangoon North Avenue 1,1182.0,32114.825,38838.091,21.316,21.316,21.316,3.638,1.0,SERANGOON NORTH AVENUE 1,9.666
serangoon_north_avenue_1,Serangoon North Avenue 1,1184.0,32115.469,38836.197,23.119,21.393,21.393,3.578,1.0,SERANGOON NORTH AVENUE 1,9.749
serangoon_north_avenue_1,Serangoon North Avenue 1,1186.0,32116.114,38834.304,21.47,21.47,21.47,3.7,1.0,SERANGOON NORTH AVENUE 1,9.831
serangoon_north_avenue_1,Serangoon North Avenue 1,1188.0,32116.758,38832.411,24.163,21.541,21.541,3.563,1.0,SERANGOON NORTH AVENUE 1,9.914
serangoon_north_avenue_1,Serangoon North Avenue 1,1190.0,32117.457,38830.538,21.612,21.612,21.612,3.425,1.0,SERANGOON NORTH AVENUE 1,9.939
serangoon_north_avenue_1,Serangoon North Avenue 1,1192.0,32118.253,38828.703,23.425,21.678,21.678,3.213,1.0,SERANGOON NORTH AVENUE 1,9.86
serangoon_north_avenue_1,Serangoon North Avenue 1,1194.0,32119.048,38826.868,21.745,21.745,21.745,3.131,1.0,SERANGOON NORTH AVENUE 1,9.781
serangoon_north_avenue_1,Serangoon North Avenue 1,1196.0,32119.843,38825.033,21.798,21.798,21.798,3.034,1.0,SERANGOON NORTH AVENUE 1,9.702
serangoon_north_avenue_1,Serangoon North Avenue 1,1198.0,32120.639,38823.198,21.862,21.862,21.862,3.081,1.0,SERANGOON NORTH AVENUE 1,9.623
serangoon_north_avenue_1,Serangoon North Avenue 1,1200.0,32121.407,38821.352,21.921,21.921,21.921,3.091,1.0,SERANGOON NORTH AVENUE 1,9.574
serangoon_north_avenue_1,Serangoon North Avenue 1,1202.0,32122.119,38819.483,21.991,21.991,21.991,3.087,1.0,SERANGOON NORTH AVENUE 1,9.585
serangoon_north_avenue_1,Serangoon North Avenue 1,1204.0,32122.831,38817.614,22.046,22.046,22.046,3.2,1.0,SERANGOON NORTH AVENUE 1,9.596
serangoon_north_avenue_1,Serangoon North Avenue 1,1206.0,32123.543,38815.745,22.11,22.11,22.11,3.203,1.0,SERANGOON NORTH AVENUE 1,9.607
serangoon_north_avenue_1,Serangoon North Avenue 1,1208.0,32124.255,38813.876,22.177,22.177,22.177,3.608,1.0,SERANGOON NORTH AVENUE 1,9.619
serangoon_north_avenue_1,Serangoon North Avenue 1,1210.0,32124.967,38812.007,22.247,22.247,22.247,3.894,1.0,SERANGOON NORTH AVENUE 1,9.63
serangoon_north_avenue_1,Serangoon North Avenue 1,1212.0,32125.679,38810.138,24.279,22.334,22.334,3.875,1.0,SERANGOON NORTH AVENUE 1,9.641
serangoon_north_avenue_1,Serangoon North Avenue 1,1214.0,32126.391,38808.269,22.421,22.421,22.421,4.019,1.0,SERANGOON NORTH AVENUE 1,9.652
serangoon_north_avenue_1,Serangoon North Avenue 1,1216.0,32127.103,38806.4,22.487,22.487,22.487,4.098,1.0,SERANGOON NORTH AVENUE 1,9.664
serangoon_north_avenue_1,Serangoon North Avenue 1,1218.0,32127.814,38804.531,22.569,22.569,22.569,4.05,1.0,SERANGOON NORTH AVENUE 1,9.675
serangoon_north_avenue_1,Serangoon North Avenue 1,1220.0,32128.526,38802.662,22.662,22.662,22.662,4.334,1.0,SERANGOON NORTH AVENUE 1,9.686
serangoon_north_avenue_1,Serangoon North Avenue 1,1222.0,32129.238,38800.793,22.745,22.745,22.745,4.253,1.0,SERANGOON NORTH AVENUE 1,9.697
serangoon_north_avenue_1,Serangoon North Avenue 1,1224.0,32129.95,38798.924,22.834,22.834,22.834,4.063,1.0,SERANGOON NORTH AVENUE 1,9.709
serangoon_north_avenue_1,Serangoon North Avenue 1,1226.0,32130.647,38797.05,22.909,22.909,22.909,4.262,1.0,SERANGOON NORTH AVENUE 1,9.736
serangoon_north_avenue_1,Serangoon North Avenue 1,1228.0,32131.322,38795.167,22.987,22.987,22.987,4.172,1.0,SERANGOON NORTH AVENUE 1,9.787
serangoon_north_avenue_1,Serangoon North Avenue 1,1230.0,32131.997,38793.284,23.086,23.086,23.086,4.153,1.0,SERANGOON NORTH AVENUE 1,9.837
serangoon_north_avenue_1,Serangoon North Avenue 1,1232.0,32132.672,38791.401,23.168,23.168,23.168,4.225,1.0,SERANGOON NORTH AVENUE 1,9.888
serangoon_north_avenue_1,Serangoon North Avenue 1,1234.0,32133.346,38789.519,23.241,23.241,23.241,4.072,1.0,SERANGOON NORTH AVENUE 1,9.939
serangoon_north_avenue_1,Serangoon North Avenue 1,1236.0,32134.065,38787.652,23.325,23.325,23.325,6.624,1.0,SERANGOON NORTH AVENUE 1,9.943
serangoon_north_avenue_1,Serangoon North Avenue 1,1238.0,32134.786,38785.787,23.412,23.412,23.412,9.176,2.0,SERANGOON NORTH AVENUE 1,9.945
serangoon_north_avenue_1,Serangoon North Avenue 1,1240.0,32135.506,38783.921,23.935,23.694,23.694,,,SERANGOON NORTH AVENUE 1,9.947
serangoon_north_avenue_1,Serangoon North Avenue 1,1242.0,32136.227,38782.055,23.975,23.975,23.975,,,SERANGOON NORTH AVENUE 1,9.949
serangoon_north_avenue_1,Serangoon North Avenue 1,1244.0,32136.947,38780.19,25.53,24.19,24.19,,,SERANGOON NORTH AVENUE 1,9.951
serangoon_north_avenue_1,Serangoon North Avenue 1,1246.0,32137.668,38778.324,24.565,24.405,24.405,,,SERANGOON NORTH AVENUE 1,9.953
serangoon_north_avenue_1,Serangoon North Avenue 1,1248.0,32138.389,38776.458,25.201,24.62,24.62,,,SERANGOON NORTH AVENUE 1,9.955
serangoon_north_avenue_1,Serangoon North Avenue 1,1250.0,32139.109,38774.593,25.374,24.835,24.835,,,SERANGOON NORTH AVENUE 1,9.957
serangoon_north_avenue_1,Serangoon North Avenue 1,1252.0,32139.83,38772.727,25.05,25.05,24.835,,,SERANGOON NORTH AVENUE 1,9.959
serangoon_north_avenue_1,Serangoon North Avenue 1,1254.0,32140.55,38770.861,24.212,24.917,24.835,,,SERANGOON NORTH AVENUE 1,9.961
serangoon_north_avenue_1,Serangoon North Avenue 1,1256.0,32141.271,38768.996,25.018,24.784,24.784,-3.964,1.0,SERANGOON NORTH AVENUE 1,9.963
serangoon_north_avenue_1,Serangoon North Avenue 1,1258.0,32141.991,38767.13,25.089,24.651,24.651,,,SERANGOON NORTH AVENUE 1,9.965
serangoon_north_avenue_1,Serangoon North Avenue 1,1260.0,32142.712,38765.264,24.518,24.518,24.518,,,SERANGOON NORTH AVENUE 1,9.967
serangoon_north_avenue_1,Serangoon North Avenue 1,1262.0,32143.372,38763.38,24.352,24.352,24.393,,,SERANGOON NORTH AVENUE 1,10.032
serangoon_north_avenue_1,Serangoon North Avenue 1,1264.0,32143.83,38761.433,24.387,24.387,24.393,-1.521,1.0,SERANGOON NORTH AVENUE 1,10.308
serangoon_north_avenue_1,Serangoon North Avenue 1,1266.0,32144.287,38759.486,24.393,24.393,24.393,0.173,1.0,SERANGOON NORTH AVENUE 1,10.585
serangoon_north_avenue_1,Serangoon North Avenue 1,1268.0,32144.745,38757.539,24.396,24.396,24.396,1.048,1.0,SERANGOON NORTH AVENUE 1,10.861
serangoon_north_avenue_1,Serangoon North Avenue 1,1270.0,32145.203,38755.592,24.407,24.407,24.407,1.922,1.0,SERANGOON NORTH AVENUE 1,11.138
serangoon_north_avenue_1,Serangoon North Avenue 1,1272.0,32145.661,38753.645,24.411,24.688,24.688,,,SERANGOON NORTH AVENUE 1,11.414
serangoon_north_avenue_1,Serangoon North Avenue 1,1296.0,32155.235,38731.652,24.97,24.97,24.97,,,SERANGOON NORTH AVENUE 1,11.403
serangoon_north_avenue_1,Serangoon North Avenue 1,1298.0,32156.044,38729.823,26.33,25.076,25.076,,,SERANGOON NORTH AVENUE 1,11.475
serangoon_north_avenue_1,Serangoon North Avenue 1,1300.0,32156.854,38727.994,25.235,25.329,25.329,,,SERANGOON NORTH AVENUE 1,11.547
serangoon_north_avenue_1,Serangoon North Avenue 1,1302.0,32157.663,38726.165,25.29,25.581,25.581,,,SERANGOON NORTH AVENUE 1,11.619
serangoon_north_avenue_1,Serangoon North Avenue 1,1304.0,32158.472,38724.336,25.349,25.834,25.834,,,SERANGOON NORTH AVENUE 1,11.691
serangoon_north_avenue_1,Serangoon North Avenue 1,1306.0,32159.282,38722.507,26.377,26.023,26.023,,,SERANGOON NORTH AVENUE 1,11.763
serangoon_north_avenue_1,Serangoon North Avenue 1,1308.0,32160.091,38720.678,27.034,26.213,26.023,,,SERANGOON NORTH AVENUE 1,11.835
serangoon_north_avenue_1,Serangoon North Avenue 1,1310.0,32160.9,38718.849,27.189,26.048,26.023,,,SERANGOON NORTH AVENUE 1,11.907
serangoon_north_avenue_1,Serangoon North Avenue 1,1312.0,32161.709,38717.02,26.634,25.884,25.884,,,SERANGOON NORTH AVENUE 1,11.979
serangoon_north_avenue_1,Serangoon North Avenue 1,1314.0,32162.519,38715.191,25.72,25.72,25.793,,,SERANGOON NORTH AVENUE 1,12.051
serangoon_north_avenue_1,Serangoon North Avenue 1,1316.0,32163.328,38713.362,25.707,25.707,25.793,,,SERANGOON NORTH AVENUE 1,12.123
serangoon_north_avenue_1,Serangoon North Avenue 1,1318.0,32164.137,38711.533,26.502,25.793,25.793,1.876,1.0,SERANGOON NORTH AVENUE 1,12.194
serangoon_north_avenue_1,Serangoon North Avenue 1,1320.0,32164.946,38709.704,26.021,25.879,25.879,2.156,1.0,SERANGOON NORTH AVENUE 1,12.266
serangoon_north_avenue_1,Serangoon North Avenue 1,1322.0,32165.756,38707.875,25.966,25.966,25.943,,,SERANGOON NORTH AVENUE 1,12.338
serangoon_north_avenue_1,Serangoon North Avenue 1,1324.0,32166.565,38706.046,25.943,25.943,25.966,,,SERANGOON NORTH AVENUE 1,12.41
serangoon_north_avenue_1,Serangoon North Avenue 1,1326.0,32167.374,38704.217,26.012,26.012,25.972,,,SERANGOON NORTH AVENUE 1,12.482
serangoon_north_avenue_1,Serangoon North Avenue 1,1328.0,32168.184,38702.389,25.972,25.972,25.998,,,SERANGOON NORTH AVENUE 1,12.554
serangoon_north_avenue_1,Serangoon North Avenue 1,1330.0,32168.993,38700.56,27.234,25.998,26.012,0.96,1.0,SERANGOON NORTH AVENUE 1,12.626
serangoon_north_avenue_1,Serangoon North Avenue 1,1332.0,32169.802,38698.731,26.001,26.023,26.023,1.503,1.0,SERANGOON NORTH AVENUE 1,12.698
serangoon_north_avenue_1,Serangoon North Avenue 1,1334.0,32170.611,38696.902,26.049,26.049,26.049,,,SERANGOON NORTH AVENUE 1,12.77
serangoon_north_avenue_1,Serangoon North Avenue 1,1336.0,32171.421,38695.073,26.118,26.118,26.118,,,SERANGOON NORTH AVENUE 1,12.842
serangoon_north_avenue_1,Serangoon North Avenue 1,1338.0,32172.23,38693.244,26.123,26.123,26.123,1.238,1.0,SERANGOON NORTH AVENUE 1,12.913
serangoon_north_avenue_1,Serangoon North Avenue 1,1340.0,32173.039,38691.415,26.126,26.126,26.126,0.387,1.0,SERANGOON NORTH AVENUE 1,12.985
serangoon_north_avenue_1,Serangoon North Avenue 1,1342.0,32173.848,38689.586,26.148,26.148,26.148,0.447,1.0,SERANGOON NORTH AVENUE 1,13.057
serangoon_north_avenue_1,Serangoon North Avenue 1,1344.0,32174.658,38687.757,26.149,26.149,26.149,0.434,1.0,SERANGOON NORTH AVENUE 1,13.129
serangoon_north_avenue_1,Serangoon North Avenue 1,1346.0,32175.51,38685.949,26.158,26.158,26.158,0.212,1.0,SERANGOON NORTH AVENUE 1,13.154
serangoon_north_avenue_1,Serangoon North Avenue 1,1348.0,32176.445,38684.181,26.161,26.161,26.161,0.419,1.0,SERANGOON NORTH AVENUE 1,13.086
serangoon_north_avenue_1,Serangoon North Avenue 1,1350.0,32177.379,38682.413,26.165,26.165,26.165,,,SERANGOON NORTH AVENUE 1,13.018
serangoon_north_avenue_1,Serangoon North Avenue 1,1352.0,32178.314,38680.645,26.182,26.182,26.182,,,SERANGOON NORTH AVENUE 1,12.95
serangoon_north_avenue_1,Serangoon North Avenue 1,1354.0,32179.249,38678.877,26.81,26.191,26.191,0.531,1.0,SERANGOON NORTH AVENUE 1,12.883
serangoon_north_avenue_1,Serangoon North Avenue 1,1356.0,32180.184,38677.108,26.187,26.199,26.199,0.362,1.0,SERANGOON NORTH AVENUE 1,12.815
serangoon_north_avenue_1,Serangoon North Avenue 1,1358.0,32181.076,38675.319,26.208,26.208,26.208,,,SERANGOON NORTH AVENUE 1,12.796
serangoon_north_avenue_1,Serangoon North Avenue 1,1360.0,32181.936,38673.513,26.212,26.212,26.212,,,SERANGOON NORTH AVENUE 1,12.811
serangoon_north_avenue_1,Serangoon North Avenue 1,1362.0,32182.797,38671.708,26.222,26.222,26.222,0.356,1.0,SERANGOON NORTH AVENUE 1,12.826
serangoon_north_avenue_1,Serangoon North Avenue 1,1364.0,32183.658,38669.903,26.226,26.226,26.226,0.413,1.0,SERANGOON NORTH AVENUE 1,12.841
serangoon_north_avenue_1,Serangoon North Avenue 1,1366.0,32184.537,38668.106,26.25,26.25,26.236,0.344,1.0,SERANGOON NORTH AVENUE 1,12.837
serangoon_north_avenue_1,Serangoon North Avenue 1,1368.0,32185.456,38666.33,26.236,26.236,26.245,0.3,1.0,SERANGOON NORTH AVENUE 1,12.787
serangoon_north_avenue_1,Serangoon North Avenue 1,1370.0,32186.375,38664.554,26.245,26.245,26.249,0.212,1.0,SERANGOON NORTH AVENUE 1,12.737
serangoon_north_avenue_1,Serangoon North Avenue 1,1372.0,32187.294,38662.777,26.249,26.249,26.249,0.225,1.0,SERANGOON NORTH AVENUE 1,12.687
serangoon_north_avenue_1,Serangoon North Avenue 1,1374.0,32188.213,38661.001,26.253,26.253,26.253,0.344,1.0,SERANGOON NORTH AVENUE 1,12.637
serangoon_north_avenue_1,Serangoon North Avenue 1,1376.0,32189.105,38659.211,26.263,26.263,26.263,0.381,1.0,SERANGOON NORTH AVENUE 1,12.618
serangoon_north_avenue_1,Serangoon North Avenue 1,1378.0,32189.986,38657.415,26.277,26.277,26.277,0.469,1.0,SERANGOON NORTH AVENUE 1,12.611
serangoon_north_avenue_1,Serangoon North Avenue 1,1380.0,32190.866,38655.62,26.28,26.28,26.28,0.494,1.0,SERANGOON NORTH AVENUE 1,12.605
serangoon_north_avenue_1,Serangoon North Avenue 1,1382.0,32191.746,38653.824,26.29,26.29,26.29,0.469,1.0,SERANGOON NORTH AVENUE 1,12.598
serangoon_north_avenue_1,Serangoon North Avenue 1,1384.0,32192.627,38652.028,26.302,26.302,26.302,0.928,1.0,SERANGOON NORTH AVENUE 1,12.591
serangoon_north_avenue_1,Serangoon North Avenue 1,1386.0,32193.507,38650.232,26.315,26.315,26.315,0.9,1.0,SERANGOON NORTH AVENUE 1,12.585
serangoon_north_avenue_1,Serangoon North Avenue 1,1388.0,32194.388,38648.436,26.369,26.369,26.354,0.816,1.0,SERANGOON NORTH AVENUE 1,12.578
serangoon_north_avenue_1,Serangoon North Avenue 1,1390.0,32195.268,38646.641,26.379,26.379,26.362,0.659,1.0,SERANGOON NORTH AVENUE 1,12.572
serangoon_north_avenue_1,Serangoon North Avenue 1,1392.0,32196.149,38644.845,26.354,26.354,26.367,0.162,1.0,SERANGOON NORTH AVENUE 1,12.565
serangoon_north_avenue_1,Serangoon North Avenue 1,1394.0,32197.029,38643.049,26.362,26.362,26.367,0.191,1.0,SERANGOON NORTH AVENUE 1,12.558
serangoon_north_avenue_1,Serangoon North Avenue 1,1396.0,32197.909,38641.253,26.367,26.367,26.367,0.247,1.0,SERANGOON NORTH AVENUE 1,12.552
serangoon_north_avenue_1,Serangoon North Avenue 1,1398.0,32198.79,38639.458,26.378,26.378,26.378,0.509,1.0,SERANGOON NORTH AVENUE 1,12.545
serangoon_north_avenue_1,Serangoon North Avenue 1,1400.0,32199.67,38637.662,26.387,26.387,26.387,0.537,1.0,SERANGOON NORTH AVENUE 1,12.539
serangoon_north_avenue_1,Serangoon North Avenue 1,1402.0,32200.551,38635.866,26.408,26.408,26.408,0.434,1.0,SERANGOON NORTH AVENUE 1,12.532
serangoon_north_avenue_1,Serangoon North Avenue 1,1404.0,32201.431,38634.07,26.41,26.41,26.41,0.778,1.0,SERANGOON NORTH AVENUE 1,12.525
serangoon_north_avenue_1,Serangoon North Avenue 1,1406.0,32202.312,38632.274,26.412,26.412,26.412,0.569,1.0,SERANGOON NORTH AVENUE 1,12.519
serangoon_north_avenue_1,Serangoon North Avenue 1,1408.0,32203.192,38630.479,26.449,26.449,26.449,0.778,1.0,SERANGOON NORTH AVENUE 1,12.512
serangoon_north_avenue_1,Serangoon North Avenue 1,1410.0,32204.073,38628.683,26.454,26.454,26.454,1.019,1.0,SERANGOON NORTH AVENUE 1,12.505
serangoon_north_avenue_1,Serangoon North Avenue 1,1412.0,32204.953,38626.887,26.472,26.472,26.472,0.972,1.0,SERANGOON NORTH AVENUE 1,12.499
serangoon_north_avenue_1,Serangoon North Avenue 1,1414.0,32205.833,38625.091,26.494,26.494,26.494,1.15,1.0,SERANGOON NORTH AVENUE 1,12.492
serangoon_north_avenue_1,Serangoon North Avenue 1,1416.0,32206.714,38623.296,26.527,26.527,26.527,1.184,1.0,SERANGOON NORTH AVENUE 1,12.486
serangoon_north_avenue_1,Serangoon North Avenue 1,1418.0,32207.594,38621.5,26.546,26.546,26.546,1.066,1.0,SERANGOON NORTH AVENUE 1,12.479
serangoon_north_avenue_1,Serangoon North Avenue 1,1420.0,32208.475,38619.704,26.567,26.567,26.567,1.172,1.0,SERANGOON NORTH AVENUE 1,12.472
serangoon_north_avenue_1,Serangoon North Avenue 1,1422.0,32209.355,38617.908,26.579,26.579,26.579,1.531,1.0,SERANGOON NORTH AVENUE 1,12.466
serangoon_north_avenue_1,Serangoon North Avenue 1,1424.0,32210.236,38616.112,26.621,26.621,26.621,1.306,1.0,SERANGOON NORTH AVENUE 1,12.459
serangoon_north_avenue_1,Serangoon North Avenue 1,1426.0,32211.116,38614.317,26.668,26.668,26.668,1.681,1.0,SERANGOON NORTH AVENUE 1,12.453
serangoon_north_avenue_1,Serangoon North Avenue 1,1428.0,32211.997,38612.521,26.672,26.672,26.672,1.172,1.0,SERANGOON NORTH AVENUE 1,12.446
serangoon_north_avenue_1,Serangoon North Avenue 1,1430.0,32212.877,38610.725,26.714,26.714,26.714,0.969,1.0,SERANGOON NORTH AVENUE 1,12.439
serangoon_north_avenue_1,Serangoon North Avenue 1,1432.0,32213.796,38608.949,26.714,26.714,26.714,1.259,1.0,SERANGOON NORTH AVENUE 1,12.39
serangoon_north_avenue_1,Serangoon North Avenue 1,1434.0,32214.757,38607.195,26.746,26.746,26.746,0.994,1.0,SERANGOON NORTH AVENUE 1,12.382
serangoon_north_avenue_1,Serangoon North Avenue 1,1436.0,32215.717,38605.441,26.772,26.772,26.772,1.169,1.0,SERANGOON NORTH AVENUE 1,12.404
serangoon_north_avenue_1,Serangoon North Avenue 1,1438.0,32216.678,38603.687,26.793,26.793,26.793,1.069,1.0,SERANGOON NORTH AVENUE 1,12.427
serangoon_north_avenue_1,Serangoon North Avenue 1,1440.0,32217.639,38601.933,26.808,26.808,26.808,1.144,1.0,SERANGOON NORTH AVENUE 1,12.449
serangoon_north_avenue_1,Serangoon North Avenue 1,1442.0,32218.6,38600.179,26.831,26.831,26.831,1.172,1.0,SERANGOON NORTH AVENUE 1,12.472
serangoon_north_avenue_1,Serangoon North Avenue 1,1444.0,32219.561,38598.425,26.864,26.864,26.864,1.134,1.0,SERANGOON NORTH AVENUE 1,12.494
serangoon_north_avenue_1,Serangoon North Avenue 1,1446.0,32220.522,38596.671,26.887,26.887,26.887,1.069,1.0,SERANGOON NORTH AVENUE 1,12.517
serangoon_north_avenue_1,Serangoon North Avenue 1,1448.0,32221.482,38594.917,26.899,26.899,26.899,0.7,1.0,SERANGOON NORTH AVENUE 1,12.539
serangoon_north_avenue_1,Serangoon North Avenue 1,1450.0,32222.443,38593.163,26.916,26.916,26.916,0.822,1.0,SERANGOON NORTH AVENUE 1,12.562
serangoon_north_avenue_1,Serangoon North Avenue 1,1452.0,32223.404,38591.408,26.92,26.92,26.92,,,SERANGOON NORTH AVENUE 1,12.584
serangoon_north_avenue_1,Serangoon North Avenue 1,1454.0,32224.365,38589.654,26.953,26.953,26.953,,,SERANGOON NORTH AVENUE 1,12.607
serangoon_north_avenue_1,Serangoon North Avenue 1,1456.0,32225.41,38587.956,26.95,27.125,27.125,,,SERANGOON NORTH AVENUE 1,12.529
serangoon_north_avenue_1,Serangoon North Avenue 1,1458.0,32226.663,38586.398,26.956,27.396,27.396,,,SERANGOON NORTH AVENUE 1,12.27
serangoon_north_avenue_1,Serangoon North Avenue 1,1460.0,32227.917,38584.839,26.958,27.708,27.708,,,SERANGOON NORTH AVENUE 1,12.199
serangoon_north_avenue_1,Serangoon North Avenue 1,1462.0,32229.17,38583.281,26.96,28.021,28.021,,,SERANGOON NORTH AVENUE 1,12.131
serangoon_north_avenue_1,Serangoon North Avenue 1,1464.0,32230.424,38581.723,28.658,28.362,28.362,,,SERANGOON NORTH AVENUE 1,12.063
serangoon_north_avenue_1,Serangoon North Avenue 1,1466.0,32231.677,38580.164,28.667,28.703,28.703,,,SERANGOON NORTH AVENUE 1,11.996
serangoon_north_avenue_1,Serangoon North Avenue 1,1468.0,32232.989,38578.67,29.548,29.044,29.044,,,SERANGOON NORTH AVENUE 1,11.843
serangoon_north_avenue_1,Serangoon North Avenue 1,1470.0,32234.675,38577.596,29.622,29.385,29.385,,,SERANGOON NORTH AVENUE 1,11.138
serangoon_north_avenue_1,Serangoon North Avenue 1,1472.0,32236.362,38576.521,30.302,29.726,29.726,,,SERANGOON NORTH AVENUE 1,10.434
serangoon_north_avenue_1,Serangoon North Avenue 1,1474.0,32238.049,38575.446,29.164,30.067,30.067,,,SERANGOON NORTH AVENUE 1,9.729
serangoon_north_avenue_1,Serangoon North Avenue 1,1476.0,32239.735,38574.371,29.78,30.408,30.067,,,SERANGOON NORTH AVENUE 1,9.025
serangoon_north_avenue_1,Serangoon North Avenue 1,1478.0,32241.422,38573.297,28.829,30.352,30.067,,,SERANGOON NORTH AVENUE 1,8.32
serangoon_north_avenue_1,Serangoon North Avenue 1,1480.0,32243.109,38572.222,31.225,30.032,30.032,,,SERANGOON NORTH AVENUE 1,7.759
serangoon_north_avenue_1,Serangoon North Avenue 1,1482.0,32244.795,38571.147,31.194,29.713,29.713,,,SERANGOON NORTH AVENUE 1,7.633
serangoon_north_avenue_1,Serangoon North Avenue 1,1484.0,32246.482,38570.072,31.165,29.203,29.203,,,SERANGOON NORTH AVENUE 1,7.592
serangoon_north_avenue_1,Serangoon North Avenue 1,1486.0,32248.169,38568.997,31.163,28.693,28.693,,,SERANGOON NORTH AVENUE 1,7.551
serangoon_north_avenue_1,Serangoon North Avenue 1,1488.0,32249.855,38567.923,26.896,28.184,28.184,,,SERANGOON NORTH AVENUE 1,7.509
serangoon_north_avenue_1,Serangoon North Avenue 1,1490.0,32251.542,38566.848,26.834,27.674,27.674,,,SERANGOON NORTH AVENUE 1,7.468
serangoon_north_avenue_1,Serangoon North Avenue 1,1492.0,32253.229,38565.773,26.794,27.165,27.165,,,SERANGOON NORTH AVENUE 1,7.427
serangoon_north_avenue_1,Serangoon North Avenue 1,1494.0,32254.915,38564.698,26.655,26.655,26.655,,,SERANGOON NORTH AVENUE 1,7.385
serangoon_north_avenue_1,Serangoon North Avenue 1,1496.0,32256.602,38563.624,26.599,26.599,26.599,,,SERANGOON NORTH AVENUE 1,7.344
serangoon_north_avenue_1,Serangoon North Avenue 1,1498.0,32258.289,38562.549,26.58,26.58,26.58,-1.319,1.0,SERANGOON NORTH AVENUE 1,7.302
serangoon_north_avenue_1,Serangoon North Avenue 1,1500.0,32259.975,38561.474,26.565,26.565,26.565,-0.738,1.0,SERANGOON NORTH AVENUE 1,7.261
serangoon_north_avenue_1,Serangoon North Avenue 1,1502.0,32261.662,38560.399,26.55,26.55,26.55,-0.497,1.0,SERANGOON NORTH AVENUE 1,7.22
serangoon_north_avenue_1,Serangoon North Avenue 1,1504.0,32263.349,38559.325,26.538,26.538,26.54,-0.306,1.0,SERANGOON NORTH AVENUE 1,7.178
serangoon_north_avenue_1,Serangoon North Avenue 1,1506.0,32265.036,38558.25,26.535,26.535,26.54,,,SERANGOON NORTH AVENUE 1,7.137
serangoon_north_avenue_1,Serangoon North Avenue 1,1508.0,32266.722,38557.175,26.54,26.54,26.54,,,SERANGOON NORTH AVENUE 1,7.096
serangoon_north_avenue_1,Serangoon North Avenue 1,1510.0,32268.409,38556.1,26.654,26.824,26.824,,,SERANGOON NORTH AVENUE 1,7.054
serangoon_north_avenue_1,Serangoon North Avenue 1,1512.0,32270.096,38555.026,26.67,27.147,27.147,,,SERANGOON NORTH AVENUE 1,7.013
serangoon_north_avenue_1,Serangoon North Avenue 1,1514.0,32271.782,38553.951,26.65,27.47,27.47,,,SERANGOON NORTH AVENUE 1,6.972
serangoon_north_avenue_1,Serangoon North Avenue 1,1516.0,32273.469,38552.876,26.696,27.761,27.761,,,SERANGOON NORTH AVENUE 1,6.93
serangoon_north_avenue_1,Serangoon North Avenue 1,1518.0,32275.156,38551.801,28.94,28.052,28.052,,,SERANGOON NORTH AVENUE 1,6.889
serangoon_north_avenue_1,Serangoon North Avenue 1,1520.0,32276.842,38550.727,28.93,28.343,28.343,,,SERANGOON NORTH AVENUE 1,6.848
serangoon_north_avenue_1,Serangoon North Avenue 1,1522.0,32278.529,38549.652,28.915,28.634,28.634,,,SERANGOON NORTH AVENUE 1,6.817
serangoon_north_avenue_1,Serangoon North Avenue 1,1524.0,32280.216,38548.577,28.924,28.924,28.714,,,SERANGOON NORTH AVENUE 1,6.972
serangoon_north_avenue_1,Serangoon North Avenue 1,1526.0,32281.902,38547.502,28.929,28.929,28.714,,,SERANGOON NORTH AVENUE 1,7.135
serangoon_north_avenue_1,Serangoon North Avenue 1,1528.0,32283.589,38546.428,28.446,28.714,28.714,-2.686,1.0,SERANGOON NORTH AVENUE 1,7.298
serangoon_north_avenue_1,Serangoon North Avenue 1,1530.0,32285.276,38545.353,28.499,28.499,28.506,-2.686,1.0,SERANGOON NORTH AVENUE 1,7.461
serangoon_north_avenue_1,Serangoon North Avenue 1,1532.0,32286.962,38544.278,28.506,28.506,28.499,,,SERANGOON NORTH AVENUE 1,7.624
serangoon_north_avenue_1,Serangoon North Avenue 1,1534.0,32288.649,38543.203,30.116,28.496,28.499,,,SERANGOON NORTH AVENUE 1,7.787
serangoon_north_avenue_1,Serangoon North Avenue 1,1536.0,32290.336,38542.128,28.487,28.487,28.506,,,SERANGOON NORTH AVENUE 1,7.95
serangoon_north_avenue_1,Serangoon North Avenue 1,1538.0,32292.022,38541.054,28.917,28.715,28.496,,,SERANGOON NORTH AVENUE 1,8.113
serangoon_north_avenue_1,Serangoon North Avenue 1,1540.0,32293.709,38539.979,28.943,28.632,28.487,,,SERANGOON NORTH AVENUE 1,8.275
serangoon_north_avenue_1,Serangoon North Avenue 1,1542.0,32295.396,38538.904,28.929,28.337,28.337,,,SERANGOON NORTH AVENUE 1,8.438
serangoon_north_avenue_1,Serangoon North Avenue 1,1544.0,32297.082,38537.829,28.217,28.036,28.036,,,SERANGOON NORTH AVENUE 1,8.601
serangoon_north_avenue_1,Serangoon North Avenue 1,1546.0,32298.769,38536.755,26.685,27.736,27.736,,,SERANGOON NORTH AVENUE 1,8.764
serangoon_north_avenue_1,Serangoon North Avenue 1,1548.0,32300.456,38535.68,26.602,27.435,27.435,,,SERANGOON NORTH AVENUE 1,8.927
serangoon_north_avenue_1,Serangoon North Avenue 1,1550.0,32302.142,38534.605,26.596,27.188,27.188,,,SERANGOON NORTH AVENUE 1,9.09
serangoon_north_avenue_1,Serangoon North Avenue 1,1552.0,32303.829,38533.53,28.047,26.941,26.941,,,SERANGOON NORTH AVENUE 1,9.253
serangoon_north_avenue_1,Serangoon North Avenue 1,1554.0,32305.516,38532.456,26.579,26.694,26.694,,,SERANGOON NORTH AVENUE 1,9.416
serangoon_north_avenue_1,Serangoon North Avenue 1,1556.0,32307.203,38531.381,26.447,26.447,26.487,,,SERANGOON NORTH AVENUE 1,9.578
serangoon_north_avenue_1,Serangoon North Avenue 1,1558.0,32308.889,38530.306,26.458,26.458,26.487,,,SERANGOON NORTH AVENUE 1,9.741
serangoon_north_avenue_1,Serangoon North Avenue 1,1560.0,32310.576,38529.231,26.487,26.487,26.487,3.342,1.0,SERANGOON NORTH AVENUE 1,9.904
serangoon_north_avenue_1,Serangoon North Avenue 1,1562.0,32312.263,38528.157,26.755,26.755,26.587,4.142,1.0,SERANGOON NORTH AVENUE 1,10.067
serangoon_north_avenue_1,Serangoon North Avenue 1,1564.0,32313.949,38527.082,26.587,26.587,26.755,4.142,1.0,SERANGOON NORTH AVENUE 1,10.23
serangoon_north_avenue_1,Serangoon North Avenue 1,1566.0,32315.636,38526.007,26.819,26.819,26.819,2.906,1.0,SERANGOON NORTH AVENUE 1,10.393
serangoon_north_avenue_1,Serangoon North Avenue 1,1568.0,32317.323,38524.932,26.866,26.866,26.819,1.396,1.0,SERANGOON NORTH AVENUE 1,10.556
serangoon_north_avenue_1,Serangoon North Avenue 1,1570.0,32319.009,38523.858,26.82,26.82,26.82,0.648,1.0,SERANGOON NORTH AVENUE 1,10.719
serangoon_north_avenue_1,Serangoon North Avenue 1,1572.0,32320.696,38522.783,26.574,26.574,26.866,1.067,1.0,SERANGOON NORTH AVENUE 1,10.882
serangoon_north_avenue_1,Serangoon North Avenue 1,1574.0,32322.383,38521.708,26.871,26.871,26.871,,,SERANGOON NORTH AVENUE 1,11.044
serangoon_north_avenue_1,Serangoon North Avenue 1,1576.0,32324.069,38520.633,26.904,26.904,26.904,,,SERANGOON NORTH AVENUE 1,11.207
serangoon_north_avenue_1,Serangoon North Avenue 1,1578.0,32325.91,38519.871,27.631,27.085,27.085,,,SERANGOON NORTH AVENUE 1,11.022
serangoon_north_avenue_1,Serangoon North Avenue 1,1580.0,32327.79,38519.19,28.869,27.267,27.267,,,SERANGOON NORTH AVENUE 1,10.746
serangoon_north_avenue_1,Serangoon North Avenue 1,1582.0,32329.671,38518.51,28.35,27.448,27.448,,,SERANGOON NORTH AVENUE 1,10.469
serangoon_north_avenue_1,Serangoon North Avenue 1,1584.0,32331.552,38517.829,27.117,27.629,27.629,,,SERANGOON NORTH AVENUE 1,10.201
serangoon_north_avenue_1,Serangoon North Avenue 1,1586.0,32333.496,38517.385,27.135,27.811,27.811,,,SERANGOON NORTH AVENUE 1,9.955
serangoon_north_avenue_1,Serangoon North Avenue 1,1588.0,32335.463,38517.021,27.65,27.992,27.992,,,SERANGOON NORTH AVENUE 1,10.005
serangoon_north_avenue_1,Serangoon North Avenue 1,1590.0,32337.43,38516.658,29.618,28.173,28.173,,,SERANGOON NORTH AVENUE 1,10.156
serangoon_north_avenue_1,Serangoon North Avenue 1,1592.0,32339.397,38516.295,28.697,28.245,28.245,,,SERANGOON NORTH AVENUE 1,10.308
serangoon_north_avenue_1,Serangoon North Avenue 1,1594.0,32341.363,38515.931,28.091,28.316,28.245,0.103,1.0,SERANGOON NORTH AVENUE 1,10.459
serangoon_north_avenue_1,Serangoon North Avenue 1,1596.0,32343.33,38515.568,28.387,28.387,28.245,,,SERANGOON NORTH AVENUE 1,10.611
serangoon_north_avenue_1,Serangoon North Avenue 1,1598.0,32345.297,38515.205,26.473,28.182,28.182,,,SERANGOON NORTH AVENUE 1,10.762
serangoon_north_avenue_1,Serangoon North Avenue 1,1600.0,32347.263,38514.841,27.976,27.976,27.976,,,SERANGOON NORTH AVENUE 1,10.913
serangoon_north_avenue_1,Serangoon North Avenue 1,1602.0,32349.23,38514.478,26.406,27.912,27.912,-4.994,1.0,SERANGOON NORTH AVENUE 1,11.065
serangoon_north_avenue_1,Serangoon North Avenue 1,1604.0,32351.197,38514.115,27.506,27.847,27.847,,,SERANGOON NORTH AVENUE 1,11.216
serangoon_north_avenue_1,Serangoon North Avenue 1,1606.0,32353.164,38513.751,27.782,27.782,27.782,,,SERANGOON NORTH AVENUE 1,11.368
serangoon_north_avenue_1,Serangoon North Avenue 1,1608.0,32355.13,38513.388,28.248,27.674,27.674,,,SERANGOON NORTH AVENUE 1,10.639
serangoon_north_avenue_1,Serangoon North Avenue 1,1610.0,32356.63,38512.191,27.706,27.566,27.566,,,SERANGOON NORTH AVENUE 1,10.351
serangoon_north_avenue_1,Serangoon North Avenue 1,1612.0,32357.966,38510.703,26.74,27.459,27.459,,,SERANGOON NORTH AVENUE 1,10.38
serangoon_north_avenue_1,Serangoon North Avenue 1,1614.0,32359.303,38509.215,26.347,27.351,27.351,,,SERANGOON NORTH AVENUE 1,10.408
serangoon_north_avenue_1,Serangoon North Avenue 1,1616.0,32360.639,38507.727,27.262,27.243,27.243,,,SERANGOON NORTH AVENUE 1,10.437
serangoon_north_avenue_1,Serangoon North Avenue 1,1618.0,32362.044,38506.307,28.636,27.135,27.135,,,SERANGOON NORTH AVENUE 1,10.369
serangoon_north_avenue_1,Serangoon North Avenue 1,1620.0,32363.523,38504.961,28.12,27.027,27.027,,,SERANGOON NORTH AVENUE 1,10.198
serangoon_north_avenue_1,Serangoon North Avenue 1,1622.0,32365.002,38503.615,27.214,26.919,26.919,,,SERANGOON NORTH AVENUE 1,10.069
serangoon_north_avenue_1,Serangoon North Avenue 1,1624.0,32366.481,38502.268,26.42,26.811,26.811,,,SERANGOON NORTH AVENUE 1,10.125
serangoon_north_avenue_1,Serangoon North Avenue 1,1626.0,32367.96,38500.922,26.85,26.704,26.704,,,SERANGOON NORTH AVENUE 1,10.184
serangoon_north_avenue_1,Serangoon North Avenue 1,1628.0,32369.439,38499.575,26.596,26.596,26.596,,,SERANGOON NORTH AVENUE 1,10.243
serangoon_north_avenue_1,Serangoon North Avenue 1,1630.0,32370.94,38498.255,26.459,26.459,26.596,,,SERANGOON NORTH AVENUE 1,10.267
serangoon_north_avenue_1,Serangoon North Avenue 1,1632.0,32372.473,38496.97,26.523,26.523,26.596,,,SERANGOON NORTH AVENUE 1,10.315
serangoon_north_avenue_1,Serangoon North Avenue 1,1634.0,32374.006,38495.686,26.391,26.874,26.874,,,SERANGOON NORTH AVENUE 1,10.442
serangoon_north_avenue_1,Serangoon North Avenue 1,1636.0,32375.54,38494.402,26.305,27.225,27.225,,,SERANGOON NORTH AVENUE 1,10.569
serangoon_north_avenue_1,Serangoon North Avenue 1,1638.0,32377.073,38493.117,26.278,27.701,27.701,,,SERANGOON NORTH AVENUE 1,10.695
serangoon_north_avenue_1,Serangoon North Avenue 1,1640.0,32378.672,38491.917,25.721,28.177,28.177,,,SERANGOON NORTH AVENUE 1,10.715
serangoon_north_avenue_1,Serangoon North Avenue 1,1642.0,32380.276,38490.722,31.491,28.653,28.653,,,SERANGOON NORTH AVENUE 1,10.728
serangoon_north_avenue_1,Serangoon North Avenue 1,1644.0,32381.88,38489.527,31.393,,29.129,,,SERANGOON NORTH AVENUE 1,10.741
serangoon_north_avenue_1,Serangoon North Avenue 1,1646.0,32383.484,38488.332,31.365,29.605,29.605,,,SERANGOON NORTH AVENUE 1,10.754
serangoon_north_avenue_1,Serangoon North Avenue 1,1648.0,32385.105,38487.161,31.258,30.081,30.081,,,SERANGOON NORTH AVENUE 1,10.738
serangoon_north_avenue_1,Serangoon North Avenue 1,1650.0,32386.751,38486.025,31.268,30.557,30.557,,,SERANGOON NORTH AVENUE 1,10.679
serangoon_north_avenue_1,Serangoon North Avenue 1,1652.0,32388.396,38484.889,31.217,31.033,30.623,,,SERANGOON NORTH AVENUE 1,10.62
serangoon_north_avenue_1,Serangoon North Avenue 1,1654.0,32390.042,38483.753,30.798,30.798,30.623,,,SERANGOON NORTH AVENUE 1,10.561
serangoon_north_avenue_1,Serangoon North Avenue 1,1656.0,32391.688,38482.616,30.623,30.623,30.623,,,SERANGOON NORTH AVENUE 1,10.501
serangoon_north_avenue_1,Serangoon North Avenue 1,1658.0,32393.335,38481.482,30.599,30.599,30.599,,,SERANGOON NORTH AVENUE 1,10.44
serangoon_north_avenue_1,Serangoon North Avenue 1,1660.0,32394.995,38480.366,29.722,29.812,29.812,,,SERANGOON NORTH AVENUE 1,10.356
serangoon_north_avenue_1,Serangoon North Avenue 1,1662.0,32396.655,38479.25,30.748,29.026,29.026,,,SERANGOON NORTH AVENUE 1,10.273
serangoon_north_avenue_1,Serangoon North Avenue 1,1664.0,32398.315,38478.134,30.422,28.239,28.239,,,SERANGOON NORTH AVENUE 1,10.189
serangoon_north_avenue_1,Serangoon North Avenue 1,1666.0,32399.974,38477.018,30.307,,27.452,,,SERANGOON NORTH AVENUE 1,10.105
serangoon_north_avenue_1,Serangoon North Avenue 1,1668.0,32401.634,38475.902,29.096,26.666,26.666,,,SERANGOON NORTH AVENUE 1,10.021
serangoon_north_avenue_1,Serangoon North Avenue 1,1670.0,32403.274,38474.758,33.332,25.879,25.879,,,SERANGOON NORTH AVENUE 1,9.972
serangoon_north_avenue_1,Serangoon North Avenue 1,1672.0,32404.902,38473.596,24.88,25.092,25.092,,,SERANGOON NORTH AVENUE 1,9.974
serangoon_north_avenue_1,Serangoon North Avenue 1,1758.0,32474.625,38423.291,24.305,24.305,24.418,,,SERANGOON NORTH AVENUE 1,15.862
serangoon_north_avenue_1,Serangoon North Avenue 1,1760.0,32476.228,38422.096,24.418,24.418,24.395,,,SERANGOON NORTH AVENUE 1,16.116
serangoon_north_avenue_1,Serangoon North Avenue 1,1762.0,32475.759,38423.073,24.395,24.395,24.305,,,SERANGOON NORTH AVENUE 1,15.494
serangoon_north_avenue_1,Serangoon North Avenue 1,1764.0,32474.641,38424.731,24.099,24.099,24.395,-0.394,1.0,SERANGOON NORTH AVENUE 1,14.599
serangoon_north_avenue_1,Serangoon North Avenue 1,1766.0,32473.523,38426.39,24.037,24.256,24.368,-0.075,1.0,SERANGOON NORTH AVENUE 1,13.705
serangoon_north_avenue_1,Serangoon North Avenue 1,1788.0,32461.223,38444.63,24.413,24.413,24.284,,,SERANGOON NORTH AVENUE 1,3.931
serangoon_north_avenue_1,Serangoon North Avenue 1,1790.0,32460.105,38446.288,24.368,24.368,24.284,,,SERANGOON NORTH AVENUE 1,3.057
serangoon_north_avenue_1,Serangoon North Avenue 1,1792.0,32458.986,38447.946,25.063,24.284,24.284,-2.103,1.0,SERANGOON NORTH AVENUE 1,2.183
serangoon_north_avenue_1,Serangoon North Avenue 1,1794.0,32457.868,38449.605,24.235,24.2,24.2,-2.357,1.0,SERANGOON NORTH AVENUE 1,1.309
serangoon_north_avenue_1,Serangoon North Avenue 1,1796.0,32456.75,38451.263,24.116,24.116,24.116,,,SERANGOON NORTH AVENUE 1,0.436
serangoon_north_avenue_1,Serangoon North Avenue 1,1798.0,32455.632,38452.921,24.094,24.094,24.096,,,SERANGOON NORTH AVENUE 1,0.438
serangoon_north_avenue_1,Serangoon North Avenue 1,1800.0,32454.514,38454.579,24.096,24.096,24.094,-0.356,1.0,SERANGOON NORTH AVENUE 1,1.312
serangoon_north_avenue_1,Serangoon North Avenue 1,1802.0,32453.395,38456.237,24.088,24.088,24.088,-0.188,1.0,SERANGOON NORTH AVENUE 1,2.186
serangoon_north_avenue_1,Serangoon North Avenue 1,1804.0,32452.277,38457.896,24.088,24.088,24.088,-0.231,1.0,SERANGOON NORTH AVENUE 1,3.06
serangoon_north_avenue_1,Serangoon North Avenue 1,1806.0,32451.159,38459.554,24.081,24.081,24.081,-0.15,1.0,SERANGOON NORTH AVENUE 1,3.934
serangoon_north_avenue_1,Serangoon North Avenue 1,1808.0,32450.041,38461.212,24.07,24.07,24.076,-0.148,1.0,SERANGOON NORTH AVENUE 1,4.808
serangoon_north_avenue_1,Serangoon North Avenue 1,1810.0,32448.923,38462.87,24.056,24.056,24.076,,,SERANGOON NORTH AVENUE 1,5.682
serangoon_north_avenue_1,Serangoon North Avenue 1,1812.0,32447.804,38464.528,24.076,24.076,24.076,,,SERANGOON NORTH AVENUE 1,6.556
serangoon_north_avenue_1,Serangoon North Avenue 1,1814.0,32446.686,38466.187,24.946,24.275,24.275,7.108,1.0,SERANGOON NORTH AVENUE 1,7.429
serangoon_north_avenue_1,Serangoon North Avenue 1,1816.0,32445.568,38467.845,24.459,24.475,24.475,7.444,1.0,SERANGOON NORTH AVENUE 1,8.303
serangoon_north_avenue_1,Serangoon North Avenue 1,1818.0,32444.45,38469.503,24.674,24.674,24.644,,,SERANGOON NORTH AVENUE 1,9.177
serangoon_north_avenue_1,Serangoon North Avenue 1,1820.0,32443.332,38471.161,24.671,24.671,24.671,,,SERANGOON NORTH AVENUE 1,10.051
serangoon_north_avenue_1,Serangoon North Avenue 1,1822.0,32442.213,38472.819,24.644,24.644,24.674,,,SERANGOON NORTH AVENUE 1,10.925
serangoon_north_avenue_1,Serangoon North Avenue 1,1824.0,32441.095,38474.478,24.935,24.935,24.671,1.259,1.0,SERANGOON NORTH AVENUE 1,11.745
serangoon_north_avenue_1,Serangoon North Avenue 1,1826.0,32439.977,38476.136,25.012,24.772,24.748,1.224,1.0,SERANGOON NORTH AVENUE 1,12.446
serangoon_north_avenue_1,Serangoon North Avenue 1,1828.0,32438.859,38477.794,24.609,24.609,24.772,,,SERANGOON NORTH AVENUE 1,13.148
serangoon_north_avenue_1,Serangoon North Avenue 1,1830.0,32437.741,38479.452,24.748,24.748,24.772,,,SERANGOON NORTH AVENUE 1,13.85
serangoon_north_avenue_1,Serangoon North Avenue 1,1832.0,32436.622,38481.11,24.533,24.814,24.814,,,SERANGOON NORTH AVENUE 1,14.551
serangoon_north_avenue_1,Serangoon North Avenue 1,1834.0,32435.504,38482.769,31.16,24.88,24.88,,,SERANGOON NORTH AVENUE 1,15.253
serangoon_north_avenue_1,Serangoon North Avenue 1,1836.0,32434.386,38484.427,30.999,24.899,24.899,,,SERANGOON NORTH AVENUE 1,15.955
serangoon_north_avenue_1,Serangoon North Avenue 1,1838.0,32433.268,38486.085,31.288,24.919,24.919,,,SERANGOON NORTH AVENUE 1,16.657
serangoon_north_avenue_1,Serangoon North Avenue 1,1840.0,32432.15,38487.743,25.186,24.939,24.939,,,SERANGOON NORTH AVENUE 1,17.358
serangoon_north_avenue_1,Serangoon North Avenue 1,1842.0,32431.032,38489.401,25.206,24.959,24.959,,,SERANGOON NORTH AVENUE 1,18.06
serangoon_north_avenue_1,Serangoon North Avenue 1,1844.0,32429.913,38491.06,25.266,24.978,24.978,,,SERANGOON NORTH AVENUE 1,18.762
serangoon_north_avenue_1,Serangoon North Avenue 1,1846.0,32428.795,38492.718,36.654,24.998,24.998,,,SERANGOON NORTH AVENUE 1,19.463
serangoon_north_avenue_1,Serangoon North Avenue 1,1848.0,32427.677,38494.376,36.662,25.018,25.018,,,SERANGOON NORTH AVENUE 1,20.165
serangoon_north_avenue_1,Serangoon North Avenue 1,1850.0,32426.559,38496.034,36.228,25.038,25.038,,,SERANGOON NORTH AVENUE 1,20.867
serangoon_north_avenue_1,Serangoon North Avenue 1,1852.0,32425.441,38497.693,27.998,25.057,25.057,,,SERANGOON NORTH AVENUE 1,21.568
serangoon_north_avenue_1,Serangoon North Avenue 1,1854.0,32424.322,38499.351,25.79,25.077,25.077,,,SERANGOON NORTH AVENUE 1,22.27
serangoon_north_avenue_1,Serangoon North Avenue 1,1856.0,32423.204,38501.009,25.142,25.097,25.097,,,SERANGOON NORTH AVENUE 1,22.972
serangoon_north_avenue_1,Serangoon North Avenue 1,1858.0,32422.086,38502.667,26.241,25.117,25.117,,,SERANGOON NORTH AVENUE 1,23.657
serangoon_north_avenue_1,Serangoon North Avenue 1,1860.0,32420.968,38504.325,25.758,25.136,25.136,,,SERANGOON NORTH AVENUE 1,24.331
serangoon_north_avenue_1,Serangoon North Avenue 1,1862.0,32419.85,38505.984,25.426,25.533,25.533,,,SERANGOON NORTH AVENUE 1,25.005
serangoon_north_avenue_1,Serangoon North Avenue 1,1864.0,32418.731,38507.642,25.176,25.931,25.931,,,SERANGOON NORTH AVENUE 1,25.679
serangoon_north_avenue_1,Serangoon North Avenue 1,1866.0,32417.613,38509.3,25.325,26.328,26.328,,,SERANGOON NORTH AVENUE 1,26.353
serangoon_north_avenue_1,Serangoon North Avenue 1,1868.0,32416.495,38510.958,26.606,26.93,26.93,,,SERANGOON NORTH AVENUE 1,27.027
serangoon_north_avenue_1,Serangoon North Avenue 1,1870.0,32415.377,38512.616,27.778,27.533,27.533,,,SERANGOON NORTH AVENUE 1,27.701
serangoon_north_avenue_1,Serangoon North Avenue 1,1872.0,32414.259,38514.275,27.778,28.135,28.135,,,SERANGOON NORTH AVENUE 1,28.375
serangoon_north_avenue_1,Serangoon North Avenue 1,1874.0,32413.14,38515.933,27.776,28.737,28.737,,,SERANGOON NORTH AVENUE 1,29.049
serangoon_north_avenue_1,Serangoon North Avenue 1,1876.0,32412.022,38517.591,41.633,29.34,29.34,,,SERANGOON NORTH AVENUE 1,29.723
serangoon_north_avenue_1,Serangoon North Avenue 1,1878.0,32410.904,38519.249,,29.942,29.942,,,SERANGOON NORTH AVENUE 1,30.396
serangoon_north_avenue_1,Serangoon North Avenue 1,1880.0,32409.786,38520.907,,30.544,30.544,,,SERANGOON NORTH AVENUE 1,31.07
serangoon_north_avenue_1,Serangoon North Avenue 1,1882.0,32408.668,38522.566,,31.179,31.179,,,SERANGOON NORTH AVENUE 1,31.744
serangoon_north_avenue_1,Serangoon North Avenue 1,1884.0,32407.549,38524.224,,31.829,31.829,,,SERANGOON NORTH AVENUE 1,32.418
serangoon_north_avenue_1,Serangoon North Avenue 1,1886.0,32406.431,38525.882,,32.48,32.48,,,SERANGOON NORTH AVENUE 1,33.092
serangoon_north_avenue_1,Serangoon North Avenue 1,1888.0,32405.313,38527.54,,33.13,33.13,,,SERANGOON NORTH AVENUE 1,33.766
serangoon_north_avenue_1,Serangoon North Avenue 1,1890.0,32404.195,38529.198,,,33.456,,,SERANGOON NORTH AVENUE 1,34.44
serangoon_north_avenue_1,Serangoon North Avenue 1,1892.0,32403.077,38530.857,,,33.781,,,SERANGOON NORTH AVENUE 1,35.114
serangoon_north_avenue_1,Serangoon North Avenue 1,1894.0,32401.959,38532.515,,,34.106,,,SERANGOON NORTH AVENUE 1,35.788
serangoon_north_avenue_1,Serangoon North Avenue 1,1896.0,32400.84,38534.173,,,,,,SERANGOON NORTH AVENUE 1,36.462
serangoon_north_avenue_1,Serangoon North Avenue 1,1898.0,32399.722,38535.831,,,,,,SERANGOON NORTH AVENUE 1,36.993
serangoon_north_avenue_1,Serangoon North Avenue 1,1900.0,32398.604,38537.489,,,,,,SERANGOON NORTH AVENUE 1,37.523
serangoon_north_avenue_1,Serangoon North Avenue 1,1902.0,32397.486,38539.148,,,,,,SERANGOON NORTH AVENUE 1,37.948
serangoon_north_avenue_1,Serangoon North Avenue 1,1904.0,32396.368,38540.806,,,39.31,,,SERANGOON NORTH AVENUE 1,38.253
serangoon_north_avenue_1,Serangoon North Avenue 1,1906.0,32395.249,38542.464,,,39.635,,,SERANGOON NORTH AVENUE 1,38.558
serangoon_north_avenue_1,Serangoon North Avenue 1,1908.0,32394.131,38544.122,,,39.96,,,SERANGOON NORTH AVENUE 1,38.483
serangoon_north_avenue_1,Serangoon North Avenue 1,1910.0,32393.013,38545.78,,40.285,40.285,,,SERANGOON NORTH AVENUE 1,37.577
serangoon_north_avenue_1,Serangoon North Avenue 1,1912.0,32391.895,38547.439,,40.936,40.936,,,SERANGOON NORTH AVENUE 1,36.67
serangoon_north_avenue_1,Serangoon North Avenue 1,1914.0,32390.777,38549.097,,41.586,41.586,,,SERANGOON NORTH AVENUE 1,35.763
serangoon_north_avenue_1,Serangoon North Avenue 1,1916.0,32389.658,38550.755,,42.237,41.586,,,SERANGOON NORTH AVENUE 1,34.856
serangoon_north_avenue_1,Serangoon North Avenue 1,1918.0,32388.54,38552.413,,41.62,41.586,,,SERANGOON NORTH AVENUE 1,33.95
serangoon_north_avenue_1,Serangoon North Avenue 1,1920.0,32387.422,38554.071,,41.003,41.003,,,SERANGOON NORTH AVENUE 1,33.043
serangoon_north_avenue_1,Serangoon North Avenue 1,1922.0,32386.304,38555.73,,40.386,40.386,,,SERANGOON NORTH AVENUE 1,32.136
serangoon_north_avenue_1,Serangoon North Avenue 1,1924.0,32385.186,38557.388,,,39.769,,,SERANGOON NORTH AVENUE 1,31.229
serangoon_north_avenue_1,Serangoon North Avenue 1,1926.0,32384.067,38559.046,,39.152,39.152,,,SERANGOON NORTH AVENUE 1,30.323
serangoon_north_avenue_1,Serangoon North Avenue 1,1928.0,32382.949,38560.704,,38.535,38.535,,,SERANGOON NORTH AVENUE 1,29.416
serangoon_north_avenue_1,Serangoon North Avenue 1,1930.0,32381.831,38562.363,,37.918,37.918,,,SERANGOON NORTH AVENUE 1,28.509
serangoon_north_avenue_1,Serangoon North Avenue 1,1932.0,32380.713,38564.021,,37.301,37.301,,,SERANGOON NORTH AVENUE 1,27.603
serangoon_north_avenue_1,Serangoon North Avenue 1,1934.0,32379.595,38565.679,,35.9,35.9,,,SERANGOON NORTH AVENUE 1,26.696
serangoon_north_avenue_1,Serangoon North Avenue 1,1936.0,32378.476,38567.337,49.123,34.5,34.5,,,SERANGOON NORTH AVENUE 1,25.789
serangoon_north_avenue_1,Serangoon North Avenue 1,1938.0,32377.358,38568.995,49.123,33.099,33.099,,,SERANGOON NORTH AVENUE 1,24.882
serangoon_north_avenue_1,Serangoon North Avenue 1,1940.0,32376.24,38570.654,,31.699,31.699,,,SERANGOON NORTH AVENUE 1,23.976
serangoon_north_avenue_1,Serangoon North Avenue 1,1942.0,32375.122,38572.312,26.556,,30.298,,,SERANGOON NORTH AVENUE 1,23.069
serangoon_north_avenue_1,Serangoon North Avenue 1,1944.0,32374.004,38573.97,25.018,28.898,28.898,,,SERANGOON NORTH AVENUE 1,22.162
serangoon_north_avenue_1,Serangoon North Avenue 1,1946.0,32372.885,38575.628,24.833,27.497,27.497,,,SERANGOON NORTH AVENUE 1,21.255
serangoon_north_avenue_1,Serangoon North Avenue 1,1948.0,32371.767,38577.286,24.739,26.097,26.097,,,SERANGOON NORTH AVENUE 1,20.349
serangoon_north_avenue_1,Serangoon North Avenue 1,1950.0,32370.649,38578.945,26.28,24.697,24.697,,,SERANGOON NORTH AVENUE 1,19.442
serangoon_north_avenue_1,Serangoon North Avenue 1,1952.0,32369.531,38580.603,24.684,24.654,24.654,,,SERANGOON NORTH AVENUE 1,18.535
serangoon_north_avenue_1,Serangoon North Avenue 1,1954.0,32368.413,38582.261,30.226,24.611,24.611,,,SERANGOON NORTH AVENUE 1,17.628
serangoon_north_avenue_1,Serangoon North Avenue 1,1956.0,32367.295,38583.919,30.451,24.539,24.539,,,SERANGOON NORTH AVENUE 1,16.722
serangoon_north_avenue_1,Serangoon North Avenue 1,1958.0,32366.176,38585.577,24.466,24.466,24.466,-2.86,1.0,SERANGOON NORTH AVENUE 1,15.815
serangoon_north_avenue_1,Serangoon North Avenue 1,1960.0,32365.058,38587.236,24.423,24.423,24.423,-2.343,1.0,SERANGOON NORTH AVENUE 1,14.906
serangoon_north_avenue_1,Serangoon North Avenue 1,1962.0,32363.94,38588.894,24.382,24.382,24.382,-1.619,1.0,SERANGOON NORTH AVENUE 1,13.997
serangoon_north_avenue_1,Serangoon North Avenue 1,1964.0,32362.822,38590.552,24.352,24.352,24.352,-1.419,1.0,SERANGOON NORTH AVENUE 1,13.087
serangoon_north_avenue_1,Serangoon North Avenue 1,1966.0,32361.704,38592.21,24.337,24.337,24.337,-1.213,1.0,SERANGOON NORTH AVENUE 1,12.177
serangoon_north_avenue_1,Serangoon North Avenue 1,1968.0,32360.585,38593.868,24.309,24.309,24.309,-3.306,1.0,SERANGOON NORTH AVENUE 1,11.267
serangoon_north_avenue_1,Serangoon North Avenue 1,1970.0,32359.467,38595.527,24.286,24.286,24.286,-3.237,1.0,SERANGOON NORTH AVENUE 1,10.357
serangoon_north_avenue_1,Serangoon North Avenue 1,1972.0,32358.349,38597.185,24.087,24.087,24.087,-3.103,1.0,SERANGOON NORTH AVENUE 1,9.448
serangoon_north_avenue_1,Serangoon North Avenue 1,1974.0,32357.231,38598.843,24.078,24.078,24.078,-2.847,1.0,SERANGOON NORTH AVENUE 1,8.538
serangoon_north_avenue_1,Serangoon North Avenue 1,1976.0,32356.113,38600.501,24.061,24.061,24.061,-0.537,1.0,SERANGOON NORTH AVENUE 1,7.628
serangoon_north_avenue_1,Serangoon North Avenue 1,1978.0,32354.994,38602.159,24.058,24.058,24.058,-0.553,1.0,SERANGOON NORTH AVENUE 1,6.718
serangoon_north_avenue_1,Serangoon North Avenue 1,1980.0,32353.876,38603.818,24.044,24.044,24.044,-0.344,1.0,SERANGOON NORTH AVENUE 1,5.809
serangoon_north_avenue_1,Serangoon North Avenue 1,1982.0,32352.758,38605.476,24.034,24.034,24.034,-0.338,1.0,SERANGOON NORTH AVENUE 1,4.899
serangoon_north_avenue_1,Serangoon North Avenue 1,1984.0,32351.64,38607.134,24.034,24.034,24.034,,,SERANGOON NORTH AVENUE 1,3.989
serangoon_north_avenue_1,Serangoon North Avenue 1,1986.0,32350.522,38608.792,24.031,24.031,24.031,,,SERANGOON NORTH AVENUE 1,3.079
serangoon_north_avenue_1,Serangoon North Avenue 1,1988.0,32349.403,38610.45,24.48,24.018,24.018,-0.193,1.0,SERANGOON NORTH AVENUE 1,2.17
serangoon_north_avenue_1,Serangoon North Avenue 1,1990.0,32348.285,38612.109,24.003,24.005,24.018,-0.317,1.0,SERANGOON NORTH AVENUE 1,1.26
serangoon_north_avenue_1,Serangoon North Avenue 1,1992.0,32347.167,38613.767,23.993,23.993,24.018,,,SERANGOON NORTH AVENUE 1,0.35
serangoon_north_avenue_1,Serangoon North Avenue 1,1994.0,32346.049,38615.425,24.03,24.03,24.005,,,SERANGOON NORTH AVENUE 1,0.56
serangoon_north_avenue_1,Serangoon North Avenue 1,1996.0,32344.931,38617.083,24.042,24.042,23.993,-2.773,1.0,SERANGOON NORTH AVENUE 1,1.47
serangoon_north_avenue_1,Serangoon North Avenue 1,1998.0,32343.812,38618.741,23.906,23.906,23.906,-3.443,1.0,SERANGOON NORTH AVENUE 1,2.379
serangoon_north_avenue_1,Serangoon North Avenue 1,2000.0,32342.694,38620.4,23.796,23.796,23.796,-3.884,1.0,SERANGOON NORTH AVENUE 1,3.289
serangoon_north_avenue_1,Serangoon North Avenue 1,2002.0,32341.576,38622.058,23.73,23.73,23.73,,,SERANGOON NORTH AVENUE 1,4.199
serangoon_north_avenue_1,Serangoon North Avenue 1,2004.0,32340.458,38623.716,23.666,23.666,23.682,,,SERANGOON NORTH AVENUE 1,5.109
serangoon_north_avenue_1,Serangoon North Avenue 1,2006.0,32339.34,38625.374,24.072,23.674,23.682,-0.697,1.0,SERANGOON NORTH AVENUE 1,6.018
serangoon_north_avenue_1,Serangoon North Avenue 1,2008.0,32338.222,38627.033,23.622,23.682,23.674,-0.416,1.0,SERANGOON NORTH AVENUE 1,6.928
serangoon_north_avenue_1,Serangoon North Avenue 1,2010.0,32337.103,38628.691,23.69,23.69,23.674,,,SERANGOON NORTH AVENUE 1,7.838
serangoon_north_avenue_1,Serangoon North Avenue 1,2012.0,32335.985,38630.349,26.526,23.649,23.649,,,SERANGOON NORTH AVENUE 1,8.748
serangoon_north_avenue_1,Serangoon North Avenue 1,2014.0,32334.867,38632.007,28.203,23.608,23.649,,,SERANGOON NORTH AVENUE 1,9.657
serangoon_north_avenue_1,Serangoon North Avenue 1,2016.0,32333.749,38633.665,23.567,23.567,23.649,,,SERANGOON NORTH AVENUE 1,10.567
serangoon_north_avenue_1,Serangoon North Avenue 1,2018.0,32332.631,38635.324,23.66,23.817,23.817,,,SERANGOON NORTH AVENUE 1,11.477
serangoon_north_avenue_1,Serangoon North Avenue 1,2020.0,32331.512,38636.982,23.549,24.068,24.068,11.5,2.0,SERANGOON NORTH AVENUE 1,12.387
serangoon_north_avenue_1,Serangoon North Avenue 1,2022.0,32330.394,38638.64,24.014,24.318,24.318,,,SERANGOON NORTH AVENUE 1,13.296
serangoon_north_avenue_1,Serangoon North Avenue 1,2024.0,32329.276,38640.298,24.569,24.569,24.569,,,SERANGOON NORTH AVENUE 1,14.206
serangoon_north_avenue_1,Serangoon North Avenue 1,2026.0,32328.158,38641.956,25.104,24.67,24.67,,,SERANGOON NORTH AVENUE 1,15.165
serangoon_north_avenue_1,Serangoon North Avenue 1,2028.0,32327.04,38643.615,25.435,24.771,24.771,,,SERANGOON NORTH AVENUE 1,16.3
serangoon_north_avenue_1,Serangoon North Avenue 1,2030.0,32325.921,38645.273,30.139,24.873,24.873,,,SERANGOON NORTH AVENUE 1,17.485
serangoon_north_avenue_1,Serangoon North Avenue 1,2032.0,32324.803,38646.931,31.117,24.974,24.974,,,SERANGOON NORTH AVENUE 1,18.671
serangoon_north_avenue_1,Serangoon North Avenue 1,2034.0,32323.685,38648.589,26.323,25.075,25.075,,,SERANGOON NORTH AVENUE 1,19.856
serangoon_north_avenue_1,Serangoon North Avenue 1,2036.0,32322.567,38650.247,30.344,25.177,25.177,,,SERANGOON NORTH AVENUE 1,21.042
serangoon_north_avenue_1,Serangoon North Avenue 1,2038.0,32321.449,38651.906,28.374,25.278,25.278,,,SERANGOON NORTH AVENUE 1,22.227
serangoon_north_avenue_1,Serangoon North Avenue 1,2040.0,32320.33,38653.564,26.15,25.38,25.38,,,SERANGOON NORTH AVENUE 1,23.412
serangoon_north_avenue_1,Serangoon North Avenue 1,2042.0,32319.212,38655.222,33.705,25.481,25.481,,,SERANGOON NORTH AVENUE 1,24.598
serangoon_north_avenue_1,Serangoon North Avenue 1,2044.0,32318.094,38656.88,33.482,25.582,25.582,,,SERANGOON NORTH AVENUE 1,25.783
serangoon_north_avenue_1,Serangoon North Avenue 1,2046.0,32316.976,38658.538,36.474,25.856,25.856,,,SERANGOON NORTH AVENUE 1,26.998
serangoon_north_avenue_1,Serangoon North Avenue 1,2048.0,32315.858,38660.197,25.868,26.209,26.209,,,SERANGOON NORTH AVENUE 1,28.301
serangoon_north_avenue_1,Serangoon North Avenue 1,2050.0,32314.739,38661.855,25.886,26.561,26.561,,,SERANGOON NORTH AVENUE 1,29.68
serangoon_north_avenue_1,Serangoon North Avenue 1,2052.0,32313.621,38663.513,25.872,26.915,26.915,,,SERANGOON NORTH AVENUE 1,31.087
serangoon_north_avenue_1,Serangoon North Avenue 1,2054.0,32312.503,38665.171,26.019,27.268,27.268,,,SERANGOON NORTH AVENUE 1,32.493
serangoon_north_avenue_1,Serangoon North Avenue 1,2056.0,32311.385,38666.829,28.954,27.621,27.621,,,SERANGOON NORTH AVENUE 1,33.9
serangoon_north_avenue_1,Serangoon North Avenue 1,2058.0,32310.267,38668.488,28.754,27.974,27.974,,,SERANGOON NORTH AVENUE 1,35.306
serangoon_north_avenue_1,Serangoon North Avenue 1,2060.0,32309.148,38670.146,29.217,28.327,28.327,,,SERANGOON NORTH AVENUE 1,36.713
serangoon_north_avenue_1,Serangoon North Avenue 1,2062.0,32308.03,38671.804,27.672,28.681,28.607,,,SERANGOON NORTH AVENUE 1,38.119
serangoon_north_avenue_1,Serangoon North Avenue 1,2064.0,32306.912,38673.462,28.873,28.644,28.607,,,SERANGOON NORTH AVENUE 1,39.525
serangoon_north_avenue_1,Serangoon North Avenue 1,2066.0,32305.794,38675.12,35.946,28.607,28.607,,,SERANGOON NORTH AVENUE 1,40.932
serangoon_north_avenue_1,Serangoon North Avenue 1,2068.0,32304.676,38676.779,33.61,28.342,28.342,,,SERANGOON NORTH AVENUE 1,42.345
serangoon_north_avenue_1,Serangoon North Avenue 1,2070.0,32303.558,38678.437,28.076,28.076,28.324,-4.625,1.0,SERANGOON NORTH AVENUE 1,43.8
serangoon_north_avenue_1,Serangoon North Avenue 1,2072.0,32302.439,38680.095,28.237,28.237,28.237,-0.212,1.0,SERANGOON NORTH AVENUE 1,45.296
serangoon_north_avenue_1,Serangoon North Avenue 1,2074.0,32301.321,38681.753,28.324,28.324,28.237,1.363,1.0,SERANGOON NORTH AVENUE 1,46.83
serangoon_north_avenue_1,Serangoon North Avenue 1,2076.0,32300.203,38683.411,28.233,28.233,28.324,2.456,1.0,SERANGOON NORTH AVENUE 1,48.398
serangoon_north_avenue_1,Serangoon North Avenue 1,2078.0,32299.085,38685.07,28.452,28.452,28.434,2.456,1.0,SERANGOON NORTH AVENUE 1,49.996
serangoon_north_avenue_1,Serangoon North Avenue 1,2080.0,32297.967,38686.728,28.452,28.452,28.434,1.138,1.0,SERANGOON NORTH AVENUE 1,51.623
serangoon_north_avenue_1,Serangoon North Avenue 1,2082.0,32296.848,38688.386,,28.434,28.434,-0.45,1.0,SERANGOON NORTH AVENUE 1,53.275
serangoon_north_avenue_1,Serangoon North Avenue 1,2084.0,32295.73,38690.044,,28.416,28.416,-0.675,1.0,SERANGOON NORTH AVENUE 1,54.95
serangoon_north_avenue_1,Serangoon North Avenue 1,2086.0,32294.612,38691.703,,28.398,28.398,-0.899,1.0,SERANGOON NORTH AVENUE 1,56.647
serangoon_north_avenue_1,Serangoon North Avenue 1,2088.0,32293.494,38693.361,,28.38,28.38,-0.899,1.0,SERANGOON NORTH AVENUE 1,58.362
serangoon_north_avenue_1,Serangoon North Avenue 1,2090.0,32292.376,38695.019,,28.362,28.362,-0.899,1.0,SERANGOON NORTH AVENUE 1,60.095
serangoon_north_avenue_1,Serangoon North Avenue 1,2092.0,32291.257,38696.677,,28.344,28.344,-0.899,1.0,SERANGOON NORTH AVENUE 1,61.832
serangoon_north_avenue_1,Serangoon North Avenue 1,2094.0,32290.139,38698.335,,28.326,28.326,-0.899,1.0,SERANGOON NORTH AVENUE 1,63.57
serangoon_north_avenue_1,Serangoon North Avenue 1,2096.0,32289.021,38699.994,,28.308,28.308,-0.899,1.0,SERANGOON NORTH AVENUE 1,65.308
serangoon_north_avenue_1,Serangoon North Avenue 1,2098.0,32287.903,38701.652,,28.29,28.29,-0.899,1.0,SERANGOON NORTH AVENUE 1,67.045
serangoon_north_avenue_1,Serangoon North Avenue 1,2100.0,32286.785,38703.31,,28.272,28.272,-0.899,1.0,SERANGOON NORTH AVENUE 1,68.783
serangoon_north_avenue_1,Serangoon North Avenue 1,2102.0,32285.666,38704.968,,28.254,28.254,-0.899,1.0,SERANGOON NORTH AVENUE 1,70.52
serangoon_north_avenue_1,Serangoon North Avenue 1,2104.0,32284.548,38706.626,,28.236,28.236,-0.899,1.0,SERANGOON NORTH AVENUE 1,72.258
serangoon_north_avenue_1,Serangoon North Avenue 1,2106.0,32283.43,38708.285,,28.218,28.218,-0.899,1.0,SERANGOON NORTH AVENUE 1,73.996
serangoon_north_avenue_1,Serangoon North Avenue 1,2108.0,32282.312,38709.943,,28.2,28.2,-0.899,1.0,SERANGOON NORTH AVENUE 1,75.733
serangoon_north_avenue_1,Serangoon North Avenue 1,2110.0,32281.194,38711.601,,28.182,28.182,-0.899,1.0,SERANGOON NORTH AVENUE 1,77.471
serangoon_north_avenue_1,Serangoon North Avenue 1,2112.0,32280.075,38713.259,,28.164,28.164,-0.899,1.0,SERANGOON NORTH AVENUE 1,79.208
serangoon_north_avenue_1,Serangoon North Avenue 1,2114.0,32278.957,38714.917,,28.146,28.146,-0.899,1.0,SERANGOON NORTH AVENUE 1,80.946
serangoon_north_avenue_1,Serangoon North Avenue 1,2116.0,32277.839,38716.576,,28.128,28.128,-0.899,1.0,SERANGOON NORTH AVENUE 1,82.683
serangoon_north_avenue_1,Serangoon North Avenue 1,2118.0,32276.721,38718.234,,28.11,28.11,-0.899,1.0,SERANGOON NORTH AVENUE 1,84.421
serangoon_north_avenue_1,Serangoon North Avenue 1,2120.0,32275.603,38719.892,,28.092,28.092,-0.899,1.0,SERANGOON NORTH AVENUE 1,86.158
serangoon_north_avenue_1,Serangoon North Avenue 1,2122.0,32274.484,38721.55,,28.074,28.074,-0.899,1.0,SERANGOON NORTH AVENUE 1,87.896
serangoon_north_avenue_1,Serangoon North Avenue 1,2124.0,32273.366,38723.208,,28.056,28.056,-0.787,1.0,SERANGOON NORTH AVENUE 1,89.634
serangoon_north_avenue_1,Serangoon North Avenue 1,2126.0,32272.248,38724.867,,28.038,28.038,-0.675,1.0,SERANGOON NORTH AVENUE 1,90.864
serangoon_north_avenue_1,Serangoon North Avenue 1,2128.0,32271.13,38726.525,,,28.029,-0.562,1.0,SERANGOON NORTH AVENUE 1,90.583
serangoon_north_avenue_1,Serangoon North Avenue 1,2130.0,32270.012,38728.183,,,28.02,,,SERANGOON NORTH AVENUE 1,90.303
serangoon_north_avenue_1,Serangoon North Avenue 1,2132.0,32268.894,38729.841,,,28.011,,,SERANGOON NORTH AVENUE 1,90.022
serangoon_north_avenue_1,Serangoon North Avenue 1,2134.0,32267.775,38731.499,,,,,,SERANGOON NORTH AVENUE 1,89.742
serangoon_north_avenue_1,Serangoon North Avenue 1,2136.0,32266.657,38733.158,,,,,,SERANGOON NORTH AVENUE 1,89.461
serangoon_north_avenue_1,Serangoon North Avenue 1,2138.0,32265.539,38734.816,,,,,,SERANGOON NORTH AVENUE 1,89.18
serangoon_north_avenue_1,Serangoon North Avenue 1,2140.0,32264.421,38736.474,,,,,,SERANGOON NORTH AVENUE 1,88.9
serangoon_north_avenue_1,Serangoon North Avenue 1,2142.0,32263.303,38738.132,,,,,,SERANGOON NORTH AVENUE 1,88.619
serangoon_north_avenue_1,Serangoon North Avenue 1,2144.0,32262.184,38739.79,,,,,,SERANGOON NORTH AVENUE 1,88.339
serangoon_north_avenue_1,Serangoon North Avenue 1,2146.0,32261.066,38741.449,,,,,,SERANGOON NORTH AVENUE 1,88.058
serangoon_north_avenue_1,Serangoon North Avenue 1,2148.0,32259.948,38743.107,,,,,,SERANGOON NORTH AVENUE 1,87.778
serangoon_north_avenue_1,Serangoon North Avenue 1,2150.0,32258.83,38744.765,,,,,,SERANGOON NORTH AVENUE 1,87.497
serangoon_north_avenue_1,Serangoon North Avenue 1,2152.0,32257.712,38746.423,,,,,,SERANGOON NORTH AVENUE 1,87.216
serangoon_north_avenue_1,Serangoon North Avenue 1,2154.0,32256.593,38748.081,,,,,,SERANGOON NORTH AVENUE 1,86.936
serangoon_north_avenue_1,Serangoon North Avenue 1,2156.0,32255.475,38749.74,,,,,,SERANGOON NORTH AVENUE 1,86.655
serangoon_north_avenue_1,Serangoon North Avenue 1,2158.0,32254.357,38751.398,,,,,,SERANGOON NORTH AVENUE 1,86.375
serangoon_north_avenue_1,Serangoon North Avenue 1,2160.0,32253.239,38753.056,,,,,,SERANGOON NORTH AVENUE 1,86.094
serangoon_north_avenue_1,Serangoon North Avenue 1,2162.0,32252.121,38754.714,,,,,,SERANGOON NORTH AVENUE 1,85.814
serangoon_north_avenue_1,Serangoon North Avenue 1,2164.0,32251.002,38756.373,,,,,,SERANGOON NORTH AVENUE 1,85.533
serangoon_north_avenue_1,Serangoon North Avenue 1,2166.0,32249.884,38758.031,,,,,,SERANGOON NORTH AVENUE 1,85.252
serangoon_north_avenue_1,Serangoon North Avenue 1,2168.0,32248.766,38759.689,,,,,,SERANGOON NORTH AVENUE 1,84.972
serangoon_north_avenue_1,Serangoon North Avenue 1,2170.0,32247.648,38761.347,,,,,,SERANGOON NORTH AVENUE 1,84.691
serangoon_north_avenue_1,Serangoon North Avenue 1,2172.0,32246.53,38763.005,,,,,,SERANGOON NORTH AVENUE 1,84.411
serangoon_north_avenue_1,Serangoon North Avenue 1,2174.0,32245.411,38764.664,,,,,,SERANGOON NORTH AVENUE 1,84.13
serangoon_north_avenue_1,Serangoon North Avenue 1,2176.0,32244.293,38766.322,,,,,,SERANGOON NORTH AVENUE 1,83.849
serangoon_north_avenue_1,Serangoon North Avenue 1,2178.0,32243.175,38767.98,,,,,,SERANGOON NORTH AVENUE 1,83.569
serangoon_north_avenue_1,Serangoon North Avenue 1,2180.0,32242.057,38769.638,,,,,,SERANGOON NORTH AVENUE 1,83.288
serangoon_north_avenue_1,Serangoon North Avenue 1,2182.0,32240.939,38771.296,,,,,,SERANGOON NORTH AVENUE 1,83.008
serangoon_north_avenue_1,Serangoon North Avenue 1,2184.0,32239.821,38772.955,,,,,,SERANGOON NORTH AVENUE 1,82.727
serangoon_north_avenue_1,Serangoon North Avenue 1,2186.0,32238.702,38774.613,,,,,,SERANGOON NORTH AVENUE 1,82.447
serangoon_north_avenue_1,Serangoon North Avenue 1,2188.0,32237.584,38776.271,,,,,,SERANGOON NORTH AVENUE 1,82.166
serangoon_north_avenue_1,Serangoon North Avenue 1,2190.0,32236.466,38777.929,,,,,,SERANGOON NORTH AVENUE 1,81.885
serangoon_north_avenue_1,Serangoon North Avenue 1,2192.0,32235.348,38779.587,,,,,,SERANGOON NORTH AVENUE 1,81.588
serangoon_north_avenue_1,Serangoon North Avenue 1,2194.0,32234.23,38781.246,,,,,,SERANGOON NORTH AVENUE 1,81.145
serangoon_north_avenue_1,Serangoon North Avenue 1,2196.0,32233.111,38782.904,,,,,,SERANGOON NORTH AVENUE 1,80.701
serangoon_north_avenue_1,Serangoon North Avenue 1,2198.0,32231.993,38784.562,,,,,,SERANGOON NORTH AVENUE 1,80.257
serangoon_north_avenue_1,Serangoon North Avenue 1,2200.0,32230.875,38786.22,,,,,,SERANGOON NORTH AVENUE 1,79.813
serangoon_north_avenue_1,Serangoon North Avenue 1,2202.0,32229.757,38787.878,,,,,,SERANGOON NORTH AVENUE 1,79.37
serangoon_north_avenue_1,Serangoon North Avenue 1,2204.0,32228.639,38789.537,,,,,,SERANGOON NORTH AVENUE 1,78.926
serangoon_north_avenue_1,Serangoon North Avenue 1,2206.0,32227.52,38791.195,,,,,,SERANGOON NORTH AVENUE 1,78.482
serangoon_north_avenue_1,Serangoon North Avenue 1,2208.0,32226.402,38792.853,,,,,,SERANGOON NORTH AVENUE 1,78.038
serangoon_north_avenue_1,Serangoon North Avenue 1,2210.0,32225.284,38794.511,,,,,,SERANGOON NORTH AVENUE 1,77.595
serangoon_north_avenue_1,Serangoon North Avenue 1,2212.0,32224.166,38796.169,,,,,,SERANGOON NORTH AVENUE 1,77.151
serangoon_north_avenue_1,Serangoon North Avenue 1,2214.0,32223.048,38797.828,,,,,,SERANGOON NORTH AVENUE 1,76.707
serangoon_north_avenue_1,Serangoon North Avenue 1,2216.0,32221.929,38799.486,,,,,,SERANGOON NORTH AVENUE 1,76.263
serangoon_north_avenue_1,Serangoon North Avenue 1,2218.0,32220.811,38801.144,,,,,,SERANGOON NORTH AVENUE 1,75.82
serangoon_north_avenue_1,Serangoon North Avenue 1,2220.0,32219.693,38802.802,,,,,,SERANGOON NORTH AVENUE 1,75.376
serangoon_north_avenue_1,Serangoon North Avenue 1,2222.0,32218.575,38804.46,,,,,,SERANGOON NORTH AVENUE 1,74.932
serangoon_north_avenue_1,Serangoon North Avenue 1,2224.0,32217.457,38806.119,,,,,,SERANGOON NORTH AVENUE 1,74.489
serangoon_north_avenue_1,Serangoon North Avenue 1,2226.0,32216.338,38807.777,,,,,,SERANGOON NORTH AVENUE 1,74.045
serangoon_north_avenue_1,Serangoon North Avenue 1,2228.0,32215.22,38809.435,,,,,,SERANGOON NORTH AVENUE 1,73.601
serangoon_north_avenue_1,Serangoon North Avenue 1,2230.0,32214.102,38811.093,,,,,,SERANGOON NORTH AVENUE 1,73.157
serangoon_north_avenue_1,Serangoon North Avenue 1,2232.0,32212.984,38812.751,,,,,,SERANGOON NORTH AVENUE 1,72.714
serangoon_north_avenue_1,Serangoon North Avenue 1,2234.0,32211.866,38814.41,,,,,,SERANGOON NORTH AVENUE 1,72.27
serangoon_north_avenue_1,Serangoon North Avenue 1,2236.0,32210.747,38816.068,,,,,,SERANGOON NORTH AVENUE 1,71.826
serangoon_north_avenue_1,Serangoon North Avenue 1,2238.0,32209.629,38817.726,,,,,,SERANGOON NORTH AVENUE 1,71.382
serangoon_north_avenue_1,Serangoon North Avenue 1,2240.0,32208.511,38819.384,,,,,,SERANGOON NORTH AVENUE 1,70.939
serangoon_north_avenue_1,Serangoon North Avenue 1,2242.0,32207.393,38821.043,,,,,,SERANGOON NORTH AVENUE 1,70.495
serangoon_north_avenue_1,Serangoon North Avenue 1,2244.0,32206.275,38822.701,,,,,,SERANGOON NORTH AVENUE 1,70.051
serangoon_north_avenue_1,Serangoon North Avenue 1,2246.0,32205.157,38824.359,,,,,,SERANGOON NORTH AVENUE 1,69.607
serangoon_north_avenue_1,Serangoon North Avenue 1,2248.0,32204.038,38826.017,,,,,,SERANGOON NORTH AVENUE 1,69.164
serangoon_north_avenue_1,Serangoon North Avenue 1,2250.0,32202.92,38827.675,,,,,,SERANGOON NORTH AVENUE 1,68.72
serangoon_north_avenue_1,Serangoon North Avenue 1,2252.0,32201.802,38829.334,,,,,,SERANGOON NORTH AVENUE 1,68.276
serangoon_north_avenue_1,Serangoon North Avenue 1,2254.0,32200.684,38830.992,,,,,,SERANGOON NORTH AVENUE 1,67.832
serangoon_north_avenue_1,Serangoon North Avenue 1,2256.0,32199.566,38832.65,,,,,,SERANGOON NORTH AVENUE 1,67.389
serangoon_north_avenue_1,Serangoon North Avenue 1,2258.0,32198.447,38834.308,,,26.824,,,SERANGOON NORTH AVENUE 1,66.945
serangoon_north_avenue_1,Serangoon North Avenue 1,2260.0,32197.329,38835.966,,,26.815,,,SERANGOON NORTH AVENUE 1,66.501
serangoon_north_avenue_1,Serangoon North Avenue 1,2262.0,32196.211,38837.625,,,26.806,-0.562,1.0,SERANGOON NORTH AVENUE 1,66.058
serangoon_north_avenue_1,Serangoon North Avenue 1,2264.0,32195.093,38839.283,,26.797,26.797,-0.675,1.0,SERANGOON NORTH AVENUE 1,65.614
serangoon_north_avenue_1,Serangoon North Avenue 1,2266.0,32193.975,38840.941,,26.779,26.779,-0.787,1.0,SERANGOON NORTH AVENUE 1,65.17
serangoon_north_avenue_1,Serangoon North Avenue 1,2268.0,32192.856,38842.599,,26.761,26.761,-0.899,1.0,SERANGOON NORTH AVENUE 1,64.726
serangoon_north_avenue_1,Serangoon North Avenue 1,2270.0,32191.738,38844.257,,26.743,26.743,-0.899,1.0,SERANGOON NORTH AVENUE 1,64.283
serangoon_north_avenue_1,Serangoon North Avenue 1,2272.0,32190.62,38845.916,,26.725,26.725,-0.899,1.0,SERANGOON NORTH AVENUE 1,63.839
serangoon_north_avenue_1,Serangoon North Avenue 1,2274.0,32189.502,38847.574,,26.707,26.707,-0.899,1.0,SERANGOON NORTH AVENUE 1,63.395
serangoon_north_avenue_1,Serangoon North Avenue 1,2276.0,32188.384,38849.232,,26.689,26.689,-0.899,1.0,SERANGOON NORTH AVENUE 1,62.951
serangoon_north_avenue_1,Serangoon North Avenue 1,2278.0,32187.265,38850.89,,26.671,26.671,-0.899,1.0,SERANGOON NORTH AVENUE 1,62.508
serangoon_north_avenue_1,Serangoon North Avenue 1,2280.0,32186.147,38852.548,,26.653,26.653,-0.899,1.0,SERANGOON NORTH AVENUE 1,62.064
serangoon_north_avenue_1,Serangoon North Avenue 1,2282.0,32185.029,38854.207,,26.635,26.635,-0.899,1.0,SERANGOON NORTH AVENUE 1,61.62
serangoon_north_avenue_1,Serangoon North Avenue 1,2284.0,32183.911,38855.865,,26.617,26.617,-0.899,1.0,SERANGOON NORTH AVENUE 1,61.176
serangoon_north_avenue_1,Serangoon North Avenue 1,2286.0,32182.793,38857.523,,26.599,26.599,-0.899,1.0,SERANGOON NORTH AVENUE 1,60.733
serangoon_north_avenue_1,Serangoon North Avenue 1,2288.0,32181.674,38859.181,,26.581,26.581,-0.899,1.0,SERANGOON NORTH AVENUE 1,60.289
serangoon_north_avenue_1,Serangoon North Avenue 1,2290.0,32180.556,38860.839,,26.563,26.563,-0.899,1.0,SERANGOON NORTH AVENUE 1,59.845
serangoon_north_avenue_1,Serangoon North Avenue 1,2292.0,32179.438,38862.498,,26.545,26.545,-0.899,1.0,SERANGOON NORTH AVENUE 1,59.401
serangoon_north_avenue_1,Serangoon North Avenue 1,2294.0,32178.32,38864.156,,26.527,26.527,-0.899,1.0,SERANGOON NORTH AVENUE 1,58.958
serangoon_north_avenue_1,Serangoon North Avenue 1,2296.0,32177.202,38865.814,,26.509,26.509,-0.899,1.0,SERANGOON NORTH AVENUE 1,58.514
serangoon_north_avenue_1,Serangoon North Avenue 1,2298.0,32176.084,38867.472,,26.491,26.491,-0.899,1.0,SERANGOON NORTH AVENUE 1,58.07
serangoon_north_avenue_1,Serangoon North Avenue 1,2300.0,32174.965,38869.13,,26.473,26.473,-0.899,1.0,SERANGOON NORTH AVENUE 1,57.627
serangoon_north_avenue_1,Serangoon North Avenue 1,2302.0,32173.847,38870.789,,26.455,26.455,-0.899,1.0,SERANGOON NORTH AVENUE 1,57.181
serangoon_north_avenue_1,Serangoon North Avenue 1,2304.0,32172.729,38872.447,,26.437,26.437,-0.899,1.0,SERANGOON NORTH AVENUE 1,56.652
serangoon_north_avenue_1,Serangoon North Avenue 1,2306.0,32171.611,38874.105,,26.419,26.419,,,SERANGOON NORTH AVENUE 1,56.123
serangoon_north_avenue_1,Serangoon North Avenue 1,2308.0,32170.493,38875.763,32.04,26.401,26.401,,,SERANGOON NORTH AVENUE 1,55.594
serangoon_north_avenue_1,Serangoon North Avenue 1,2310.0,32169.374,38877.421,26.383,26.231,26.231,,,SERANGOON NORTH AVENUE 1,55.065
serangoon_north_avenue_1,Serangoon North Avenue 1,2312.0,32168.256,38879.08,26.343,26.062,26.062,,,SERANGOON NORTH AVENUE 1,54.536
serangoon_north_avenue_1,Serangoon North Avenue 1,2314.0,32167.138,38880.738,26.349,25.598,25.598,,,SERANGOON NORTH AVENUE 1,54.007
serangoon_north_avenue_1,Serangoon North Avenue 1,2316.0,32166.02,38882.396,24.535,25.134,25.134,,,SERANGOON NORTH AVENUE 1,53.478
serangoon_north_avenue_1,Serangoon North Avenue 1,2318.0,32164.902,38884.054,24.535,24.67,24.67,,,SERANGOON NORTH AVENUE 1,52.949
serangoon_north_avenue_1,Serangoon North Avenue 1,2320.0,32163.783,38885.713,,,24.206,,,SERANGOON NORTH AVENUE 1,52.42
serangoon_north_avenue_1,Serangoon North Avenue 1,2322.0,32162.665,38887.371,25.059,23.742,23.742,,,SERANGOON NORTH AVENUE 1,51.891
serangoon_north_avenue_1,Serangoon North Avenue 1,2324.0,32161.547,38889.029,25.13,23.278,23.278,,,SERANGOON NORTH AVENUE 1,51.362
serangoon_north_avenue_1,Serangoon North Avenue 1,2326.0,32160.429,38890.687,22.627,22.814,22.814,,,SERANGOON NORTH AVENUE 1,50.833
serangoon_north_avenue_1,Serangoon North Avenue 1,2328.0,32159.311,38892.345,21.939,22.35,22.35,,,SERANGOON NORTH AVENUE 1,50.304
serangoon_north_avenue_1,Serangoon North Avenue 1,2330.0,32158.192,38894.004,21.866,22.25,22.35,,,SERANGOON NORTH AVENUE 1,49.775
serangoon_north_avenue_1,Serangoon North Avenue 1,2332.0,32157.074,38895.662,20.829,22.15,22.35,,,SERANGOON NORTH AVENUE 1,49.246
serangoon_north_avenue_1,Serangoon North Avenue 1,2334.0,32155.956,38897.32,20.696,22.433,22.433,,,SERANGOON NORTH AVENUE 1,48.717
serangoon_north_avenue_1,Serangoon North Avenue 1,2336.0,32154.838,38898.978,28.394,22.717,22.717,,,SERANGOON NORTH AVENUE 1,48.188
serangoon_north_avenue_1,Serangoon North Avenue 1,2338.0,32153.72,38900.636,28.394,23.001,23.001,,,SERANGOON NORTH AVENUE 1,47.659
serangoon_north_avenue_1,Serangoon North Avenue 1,2340.0,32152.601,38902.295,29.546,23.284,23.284,,,SERANGOON NORTH AVENUE 1,47.13
serangoon_north_avenue_1,Serangoon North Avenue 1,2342.0,32151.483,38903.953,25.953,23.568,23.568,,,SERANGOON NORTH AVENUE 1,46.601
serangoon_north_avenue_1,Serangoon North Avenue 1,2344.0,32150.365,38905.611,24.559,23.852,23.852,,,SERANGOON NORTH AVENUE 1,46.072
serangoon_north_avenue_1,Serangoon North Avenue 1,2346.0,32149.247,38907.269,24.418,24.135,24.135,,,SERANGOON NORTH AVENUE 1,45.543
serangoon_north_avenue_1,Serangoon North Avenue 1,2348.0,32148.129,38908.927,24.419,24.419,24.159,,,SERANGOON NORTH AVENUE 1,45.014
serangoon_north_avenue_1,Serangoon North Avenue 1,2350.0,32147.01,38910.586,,24.289,24.159,,,SERANGOON NORTH AVENUE 1,44.485
serangoon_north_avenue_1,Serangoon North Avenue 1,2352.0,32145.892,38912.244,,24.159,24.159,-3.246,1.0,SERANGOON NORTH AVENUE 1,43.956
serangoon_north_avenue_1,Serangoon North Avenue 1,2354.0,32144.774,38913.902,,24.029,24.029,-4.869,1.0,SERANGOON NORTH AVENUE 1,43.427
serangoon_north_avenue_1,Serangoon North Avenue 1,2356.0,32143.656,38915.56,,23.9,23.9,-6.492,1.0,SERANGOON NORTH AVENUE 1,42.898
serangoon_north_avenue_1,Serangoon North Avenue 1,2358.0,32142.538,38917.218,,23.77,23.77,-6.492,1.0,SERANGOON NORTH AVENUE 1,42.369
serangoon_north_avenue_1,Serangoon North Avenue 1,2360.0,32141.42,38918.877,,23.64,23.64,-6.492,1.0,SERANGOON NORTH AVENUE 1,41.84
serangoon_north_avenue_1,Serangoon North Avenue 1,2362.0,32140.301,38920.535,,23.51,23.51,-6.492,1.0,SERANGOON NORTH AVENUE 1,41.311
serangoon_north_avenue_1,Serangoon North Avenue 1,2364.0,32139.183,38922.193,,23.38,23.38,-6.492,1.0,SERANGOON NORTH AVENUE 1,40.782
serangoon_north_avenue_1,Serangoon North Avenue 1,2366.0,32138.065,38923.851,,23.25,23.25,-6.492,1.0,SERANGOON NORTH AVENUE 1,40.253
serangoon_north_avenue_1,Serangoon North Avenue 1,2368.0,32136.947,38925.509,31.261,23.121,23.121,,,SERANGOON NORTH AVENUE 1,39.724
serangoon_north_avenue_1,Serangoon North Avenue 1,2370.0,32135.829,38927.168,22.991,22.991,22.991,,,SERANGOON NORTH AVENUE 1,39.195
serangoon_north_avenue_1,Serangoon North Avenue 1,2372.0,32134.71,38928.826,21.821,22.829,22.829,-7.698,1.0,SERANGOON NORTH AVENUE 1,38.666
serangoon_north_avenue_1,Serangoon North Avenue 1,2374.0,32133.592,38930.484,21.837,22.667,22.667,,,SERANGOON NORTH AVENUE 1,38.137
serangoon_north_avenue_1,Serangoon North Avenue 1,2376.0,32132.474,38932.142,22.505,22.505,22.505,,,SERANGOON NORTH AVENUE 1,37.608
serangoon_north_avenue_1,Serangoon North Avenue 1,2378.0,32131.356,38933.8,23.597,22.473,22.473,,,SERANGOON NORTH AVENUE 1,37.079
serangoon_north_avenue_1,Serangoon North Avenue 1,2380.0,32130.238,38935.459,23.984,22.442,22.442,,,SERANGOON NORTH AVENUE 1,36.55
serangoon_north_avenue_1,Serangoon North Avenue 1,2382.0,32129.119,38937.117,25.366,22.41,22.41,,,SERANGOON NORTH AVENUE 1,36.02
serangoon_north_avenue_1,Serangoon North Avenue 1,2384.0,32128.001,38938.775,22.114,22.379,22.41,,,SERANGOON NORTH AVENUE 1,35.491
serangoon_north_avenue_1,Serangoon North Avenue 1,2386.0,32126.883,38940.433,18.802,22.347,22.41,,,SERANGOON NORTH AVENUE 1,34.962
serangoon_north_avenue_1,Serangoon North Avenue 1,2388.0,32125.765,38942.091,22.581,22.581,22.581,,,SERANGOON NORTH AVENUE 1,34.433
serangoon_north_avenue_1,Serangoon North Avenue 1,2390.0,32124.647,38943.75,26.341,22.654,22.654,,,SERANGOON NORTH AVENUE 1,33.904
serangoon_north_avenue_1,Serangoon North Avenue 1,2392.0,32123.528,38945.408,19.043,22.94,22.94,,,SERANGOON NORTH AVENUE 1,33.375
serangoon_north_avenue_1,Serangoon North Avenue 1,2394.0,32122.41,38947.066,19.121,23.225,23.225,,,SERANGOON NORTH AVENUE 1,32.846
serangoon_north_avenue_1,Serangoon North Avenue 1,2396.0,32121.292,38948.724,22.875,23.51,23.51,,,SERANGOON NORTH AVENUE 1,32.317
serangoon_north_avenue_1,Serangoon North Avenue 1,2398.0,32120.174,38950.383,,23.652,23.652,,,SERANGOON NORTH AVENUE 1,31.788
serangoon_north_avenue_1,Serangoon North Avenue 1,2400.0,32119.056,38952.041,24.928,23.793,23.652,,,SERANGOON NORTH AVENUE 1,31.259
serangoon_north_avenue_1,Serangoon North Avenue 1,2402.0,32117.937,38953.699,24.928,23.686,23.652,,,SERANGOON NORTH AVENUE 1,30.73
serangoon_north_avenue_1,Serangoon North Avenue 1,2404.0,32116.819,38955.357,,23.578,23.578,,,SERANGOON NORTH AVENUE 1,30.201
serangoon_north_avenue_1,Serangoon North Avenue 1,2406.0,32115.701,38957.015,,23.47,23.47,,,SERANGOON NORTH AVENUE 1,29.672
serangoon_north_avenue_1,Serangoon North Avenue 1,2408.0,32114.583,38958.674,,23.362,23.362,,,SERANGOON NORTH AVENUE 1,29.143
serangoon_north_avenue_1,Serangoon North Avenue 1,2410.0,32113.465,38960.332,,23.254,23.254,,,SERANGOON NORTH AVENUE 1,28.614
serangoon_north_avenue_1,Serangoon North Avenue 1,2412.0,32112.347,38961.99,23.146,23.146,23.146,,,SERANGOON NORTH AVENUE 1,28.085
serangoon_north_avenue_1,Serangoon North Avenue 1,2414.0,32111.228,38963.648,23.193,22.848,22.848,,,SERANGOON NORTH AVENUE 1,27.556
serangoon_north_avenue_1,Serangoon North Avenue 1,2416.0,32110.11,38965.306,22.689,22.55,22.55,,,SERANGOON NORTH AVENUE 1,27.027
serangoon_north_avenue_1,Serangoon North Avenue 1,2418.0,32108.992,38966.965,20.894,22.252,22.252,,,SERANGOON NORTH AVENUE 1,26.498
serangoon_north_avenue_1,Serangoon North Avenue 1,2420.0,32107.874,38968.623,20.709,21.953,21.953,,,SERANGOON NORTH AVENUE 1,25.969
serangoon_north_avenue_1,Serangoon North Avenue 1,2422.0,32106.756,38970.281,22.306,21.654,21.654,,,SERANGOON NORTH AVENUE 1,25.44
serangoon_north_avenue_1,Serangoon North Avenue 1,2424.0,32105.637,38971.939,21.255,21.355,21.355,,,SERANGOON NORTH AVENUE 1,24.911
serangoon_north_avenue_1,Serangoon North Avenue 1,2426.0,32104.519,38973.597,21.608,21.056,21.056,,,SERANGOON NORTH AVENUE 1,24.382
serangoon_north_avenue_1,Serangoon North Avenue 1,2428.0,32103.401,38975.256,18.776,20.857,20.857,,,SERANGOON NORTH AVENUE 1,23.853
serangoon_north_avenue_1,Serangoon North Avenue 1,2430.0,32102.283,38976.914,19.184,20.657,20.657,,,SERANGOON NORTH AVENUE 1,23.324
serangoon_north_avenue_1,Serangoon North Avenue 1,2432.0,32101.165,38978.572,23.269,20.403,20.403,,,SERANGOON NORTH AVENUE 1,22.795
serangoon_north_avenue_1,Serangoon North Avenue 1,2434.0,32100.046,38980.23,28.064,20.148,20.148,,,SERANGOON NORTH AVENUE 1,22.266
serangoon_north_avenue_1,Serangoon North Avenue 1,2436.0,32098.928,38981.888,20.095,19.855,19.855,,,SERANGOON NORTH AVENUE 1,21.737
serangoon_north_avenue_1,Serangoon North Avenue 1,2438.0,32097.81,38983.547,17.638,19.563,19.563,,,SERANGOON NORTH AVENUE 1,21.208
serangoon_north_avenue_1,Serangoon North Avenue 1,2440.0,32096.692,38985.205,19.626,19.27,19.27,,,SERANGOON NORTH AVENUE 1,20.679
serangoon_north_avenue_1,Serangoon North Avenue 1,2442.0,32095.574,38986.863,18.697,18.977,18.977,,,SERANGOON NORTH AVENUE 1,20.15
serangoon_north_avenue_1,Serangoon North Avenue 1,2444.0,32094.455,38988.521,19.156,18.684,18.684,,,SERANGOON NORTH AVENUE 1,19.621
serangoon_north_avenue_1,Serangoon North Avenue 1,2446.0,32093.337,38990.179,21.055,18.391,18.391,,,SERANGOON NORTH AVENUE 1,19.092
serangoon_north_avenue_1,Serangoon North Avenue 1,2448.0,32092.219,38991.838,17.983,,18.098,,,SERANGOON NORTH AVENUE 1,18.549
serangoon_north_avenue_1,Serangoon North Avenue 1,2450.0,32091.101,38993.496,16.746,17.806,17.806,,,SERANGOON NORTH AVENUE 1,17.974
serangoon_north_avenue_1,Serangoon North Avenue 1,2452.0,32089.983,38995.154,17.501,17.513,17.513,,,SERANGOON NORTH AVENUE 1,17.399
serangoon_north_avenue_1,Serangoon North Avenue 1,2454.0,32088.864,38996.812,16.743,17.22,17.22,,,SERANGOON NORTH AVENUE 1,16.825
serangoon_north_avenue_1,Serangoon North Avenue 1,2456.0,32087.746,38998.47,16.231,16.927,16.927,,,SERANGOON NORTH AVENUE 1,16.25
serangoon_north_avenue_1,Serangoon North Avenue 1,2458.0,32086.628,39000.129,15.988,16.634,16.634,,,SERANGOON NORTH AVENUE 1,15.675
serangoon_north_avenue_1,Serangoon North Avenue 1,2460.0,32085.51,39001.787,17.734,16.341,16.341,,,SERANGOON NORTH AVENUE 1,15.1
serangoon_north_avenue_1,Serangoon North Avenue 1,2462.0,32084.392,39003.445,16.048,16.048,16.132,,,SERANGOON NORTH AVENUE 1,14.526
serangoon_north_avenue_1,Serangoon North Avenue 1,2464.0,32083.273,39005.103,16.113,16.113,16.113,,,SERANGOON NORTH AVENUE 1,13.951
serangoon_north_avenue_1,Serangoon North Avenue 1,2466.0,32082.155,39006.761,16.132,16.132,16.048,-2.1,1.0,SERANGOON NORTH AVENUE 1,13.376
serangoon_north_avenue_1,Serangoon North Avenue 1,2468.0,32081.037,39008.42,15.984,15.984,15.984,-1.997,1.0,SERANGOON NORTH AVENUE 1,12.801
serangoon_north_avenue_1,Serangoon North Avenue 1,2470.0,32079.919,39010.078,15.881,15.881,15.964,-2.091,1.0,SERANGOON NORTH AVENUE 1,12.227
serangoon_north_avenue_1,Serangoon North Avenue 1,2472.0,32078.801,39011.736,15.953,15.953,15.953,-2.325,1.0,SERANGOON NORTH AVENUE 1,11.652
serangoon_north_avenue_1,Serangoon North Avenue 1,2474.0,32077.683,39013.394,15.964,15.964,15.881,-2.919,1.0,SERANGOON NORTH AVENUE 1,11.077
serangoon_north_avenue_1,Serangoon North Avenue 1,2476.0,32076.564,39015.053,15.798,15.798,15.798,-3.888,1.0,SERANGOON NORTH AVENUE 1,10.502
serangoon_north_avenue_1,Serangoon North Avenue 1,2478.0,32075.446,39016.711,15.73,15.73,15.73,-3.669,1.0,SERANGOON NORTH AVENUE 1,9.928
serangoon_north_avenue_1,Serangoon North Avenue 1,2480.0,32074.328,39018.369,15.642,15.642,15.642,-3.816,1.0,SERANGOON NORTH AVENUE 1,9.353
serangoon_north_avenue_1,Serangoon North Avenue 1,2482.0,32073.21,39020.027,15.588,15.588,15.588,-3.531,1.0,SERANGOON NORTH AVENUE 1,8.778
serangoon_north_avenue_1,Serangoon North Avenue 1,2484.0,32072.092,39021.685,15.492,15.492,15.492,-3.694,1.0,SERANGOON NORTH AVENUE 1,8.203
serangoon_north_avenue_1,Serangoon North Avenue 1,2486.0,32070.973,39023.344,15.448,15.448,15.448,-4.831,1.0,SERANGOON NORTH AVENUE 1,7.629
serangoon_north_avenue_1,Serangoon North Avenue 1,2488.0,32069.855,39025.002,15.346,15.346,15.346,-3.638,1.0,SERANGOON NORTH AVENUE 1,7.054
serangoon_north_avenue_1,Serangoon North Avenue 1,2490.0,32068.737,39026.66,15.201,15.201,15.201,-3.078,1.0,SERANGOON NORTH AVENUE 1,6.479
serangoon_north_avenue_1,Serangoon North Avenue 1,2492.0,32067.619,39028.318,15.19,15.19,15.201,0.073,1.0,SERANGOON NORTH AVENUE 1,5.904
serangoon_north_avenue_1,Serangoon North Avenue 1,2494.0,32066.501,39029.976,15.092,15.092,15.201,,,SERANGOON NORTH AVENUE 1,5.329
serangoon_north_avenue_1,Serangoon North Avenue 1,2496.0,32065.382,39031.635,15.352,15.352,15.352,,,SERANGOON NORTH AVENUE 1,4.755
serangoon_north_avenue_1,Serangoon North Avenue 1,2498.0,32064.264,39033.293,15.367,15.627,15.627,8.75,2.0,SERANGOON NORTH AVENUE 1,3.98
serangoon_north_avenue_1,Serangoon North Avenue 1,2500.0,32063.146,39034.951,15.798,15.901,15.901,,,SERANGOON NORTH AVENUE 1,3.08
serangoon_north_avenue_1,Serangoon North Avenue 1,2502.0,32062.028,39036.609,16.176,16.176,15.901,,,SERANGOON NORTH AVENUE 1,2.181
serangoon_north_avenue_1,Serangoon North Avenue 1,2504.0,32060.91,39038.267,16.536,16.057,15.901,,,SERANGOON NORTH AVENUE 1,1.281
serangoon_north_avenue_1,Serangoon North Avenue 1,2506.0,32059.791,39039.926,16.555,15.818,15.818,,,SERANGOON NORTH AVENUE 1,0.382
serangoon_north_avenue_1,Serangoon North Avenue 1,2508.0,32058.673,39041.584,15.821,15.578,15.578,,,SERANGOON NORTH AVENUE 1,0.518
serangoon_north_avenue_1,Serangoon North Avenue 1,2510.0,32057.555,39043.242,15.77,15.285,15.285,,,SERANGOON NORTH AVENUE 1,1.417
serangoon_north_avenue_1,Serangoon North Avenue 1,2512.0,32056.437,39044.9,15.754,14.992,14.992,,,SERANGOON NORTH AVENUE 1,2.317
serangoon_north_avenue_1,Serangoon North Avenue 1,2514.0,32055.319,39046.558,14.494,14.699,14.699,,,SERANGOON NORTH AVENUE 1,3.217
serangoon_north_avenue_1,Serangoon North Avenue 1,2516.0,32054.2,39048.217,14.406,14.406,14.406,,,SERANGOON NORTH AVENUE 1,4.116
serangoon_north_avenue_1,Serangoon North Avenue 1,2518.0,32053.082,39049.875,14.332,14.332,14.332,,,SERANGOON NORTH AVENUE 1,5.016
serangoon_north_avenue_1,Serangoon North Avenue 1,2520.0,32051.964,39051.533,14.277,14.277,14.277,-3.125,1.0,SERANGOON NORTH AVENUE 1,5.915
serangoon_north_avenue_1,Serangoon North Avenue 1,2522.0,32051.19,39053.338,14.198,14.198,14.198,-2.96,1.0,SERANGOON NORTH AVENUE 1,6.455
serangoon_north_avenue_1,Serangoon North Avenue 1,2524.0,32050.766,39055.293,14.156,14.156,14.156,-3.135,1.0,SERANGOON NORTH AVENUE 1,6.629
serangoon_north_avenue_1,Serangoon North Avenue 1,2526.0,32050.342,39057.247,14.095,14.095,14.095,-2.481,1.0,SERANGOON NORTH AVENUE 1,6.802
serangoon_north_avenue_1,Serangoon North Avenue 1,2528.0,32049.918,39059.202,14.026,14.026,14.026,-2.473,1.0,SERANGOON NORTH AVENUE 1,6.976
serangoon_north_avenue_1,Serangoon North Avenue 1,2530.0,32049.494,39061.156,13.958,13.958,13.999,-2.481,1.0,SERANGOON NORTH AVENUE 1,7.149
serangoon_north_avenue_1,Serangoon North Avenue 1,2532.0,32049.07,39063.111,13.897,13.897,13.958,-3.265,1.0,SERANGOON NORTH AVENUE 1,7.323
serangoon_north_avenue_1,Serangoon North Avenue 1,2534.0,32048.657,39065.068,13.999,13.999,13.897,-3.756,1.0,SERANGOON NORTH AVENUE 1,7.484
serangoon_north_avenue_1,Serangoon North Avenue 1,2536.0,32048.327,39067.04,13.765,13.765,13.765,-3.99,1.0,SERANGOON NORTH AVENUE 1,7.562
serangoon_north_avenue_1,Serangoon North Avenue 1,2538.0,32047.998,39069.013,13.699,13.699,13.699,-3.944,1.0,SERANGOON NORTH AVENUE 1,7.64
serangoon_north_avenue_1,Serangoon North Avenue 1,2540.0,32047.668,39070.985,13.639,13.639,13.639,-2.777,1.0,SERANGOON NORTH AVENUE 1,7.718
serangoon_north_avenue_1,Serangoon North Avenue 1,2542.0,32047.338,39072.958,13.581,13.581,13.581,-1.948,1.0,SERANGOON NORTH AVENUE 1,7.796
serangoon_north_avenue_1,Serangoon North Avenue 1,2544.0,32047.159,39074.875,13.543,13.543,13.543,-1.217,1.0,SERANGOON NORTH AVENUE 1,7.708
serangoon_north_avenue_1,Serangoon North Avenue 1,2546.0,32048.689,39076.162,13.542,13.542,13.543,-0.85,1.0,SERANGOON NORTH AVENUE 1,5.999
serangoon_north_avenue_1,Serangoon North Avenue 1,2548.0,32050.22,39077.45,13.543,13.543,13.542,-0.869,1.0,SERANGOON NORTH AVENUE 1,4.303
serangoon_north_avenue_1,Serangoon North Avenue 1,2550.0,32051.75,39078.738,13.513,13.513,13.513,-1.519,1.0,SERANGOON NORTH AVENUE 1,2.606
serangoon_north_avenue_1,Serangoon North Avenue 1,2552.0,32053.281,39080.025,13.474,13.474,13.474,-1.938,1.0,SERANGOON NORTH AVENUE 1,0.91
serangoon_north_avenue_1,Serangoon North Avenue 1,2554.0,32054.811,39081.313,13.421,13.421,13.421,-1.579,1.0,SERANGOON NORTH AVENUE 1,0.786
serangoon_north_avenue_1,Serangoon North Avenue 1,2556.0,32056.341,39082.6,13.364,13.364,13.387,-1.081,1.0,SERANGOON NORTH AVENUE 1,2.483
serangoon_north_avenue_1,Serangoon North Avenue 1,2558.0,32057.872,39083.888,13.336,13.336,13.387,,,SERANGOON NORTH AVENUE 1,4.179
serangoon_north_avenue_1,Serangoon North Avenue 1,2560.0,32059.534,39084.668,13.387,13.387,13.387,,,SERANGOON NORTH AVENUE 1,5.935
serangoon_north_avenue_1,Serangoon North Avenue 1,2562.0,32061.498,39084.29,13.944,13.431,13.431,1.094,1.0,SERANGOON NORTH AVENUE 1,7.631
serangoon_north_avenue_1,Serangoon North Avenue 1,2564.0,32063.462,39083.911,13.532,13.475,13.475,1.094,1.0,SERANGOON NORTH AVENUE 1,7.249
serangoon_north_avenue_1,Serangoon North Avenue 1,2566.0,32065.426,39083.533,13.518,13.518,13.475,,,SERANGOON NORTH AVENUE 1,6.866
serangoon_north_avenue_1,Serangoon North Avenue 1,2568.0,32067.39,39083.155,13.495,13.495,13.475,,,SERANGOON NORTH AVENUE 1,6.483
serangoon_north_avenue_1,Serangoon North Avenue 1,2570.0,32069.355,39082.799,13.378,13.378,13.422,-0.655,1.0,SERANGOON NORTH AVENUE 1,6.123
serangoon_north_avenue_1,Serangoon North Avenue 1,2572.0,32071.355,39082.853,13.374,13.374,13.422,-0.242,1.0,SERANGOON NORTH AVENUE 1,6.173
serangoon_north_avenue_1,Serangoon North Avenue 1,2574.0,32073.354,39082.908,13.422,13.422,13.422,0.502,1.0,SERANGOON NORTH AVENUE 1,6.223
serangoon_north_avenue_1,Serangoon North Avenue 1,2576.0,32075.353,39082.962,13.455,13.455,13.455,0.721,1.0,SERANGOON NORTH AVENUE 1,6.273
serangoon_north_avenue_1,Serangoon North Avenue 1,2578.0,32077.353,39083.016,13.462,13.462,13.462,0.908,1.0,SERANGOON NORTH AVENUE 1,6.323
serangoon_north_avenue_1,Serangoon North Avenue 1,2580.0,32079.352,39083.075,13.48,13.48,13.48,0.51,1.0,SERANGOON NORTH AVENUE 1,6.377
serangoon_north_avenue_1,Serangoon North Avenue 1,2582.0,32081.35,39083.155,13.495,13.495,13.495,0.481,1.0,SERANGOON NORTH AVENUE 1,6.453
serangoon_north_avenue_1,Serangoon North Avenue 1,2584.0,32083.348,39083.235,13.496,13.496,13.496,0.273,1.0,SERANGOON NORTH AVENUE 1,6.528
serangoon_north_avenue_1,Serangoon North Avenue 1,2586.0,32085.347,39083.315,13.506,13.506,13.501,0.137,1.0,SERANGOON NORTH AVENUE 1,6.604
serangoon_north_avenue_1,Serangoon North Avenue 1,2588.0,32087.345,39083.395,13.501,13.501,13.502,0.212,1.0,SERANGOON NORTH AVENUE 1,6.679
serangoon_north_avenue_1,Serangoon North Avenue 1,2590.0,32089.344,39083.474,13.502,13.502,13.506,0.263,1.0,SERANGOON NORTH AVENUE 1,6.755
serangoon_north_avenue_1,Serangoon North Avenue 1,2592.0,32091.342,39083.554,13.513,13.513,13.513,0.829,1.0,SERANGOON NORTH AVENUE 1,6.83
serangoon_north_avenue_1,Serangoon North Avenue 1,2594.0,32093.34,39083.634,13.522,13.522,13.522,1.146,1.0,SERANGOON NORTH AVENUE 1,6.906
serangoon_north_avenue_1,Serangoon North Avenue 1,2596.0,32095.339,39083.714,13.648,13.648,13.568,1.313,1.0,SERANGOON NORTH AVENUE 1,6.981
serangoon_north_avenue_1,Serangoon North Avenue 1,2598.0,32097.337,39083.794,13.644,13.644,13.598,1.202,1.0,SERANGOON NORTH AVENUE 1,7.057
serangoon_north_avenue_1,Serangoon North Avenue 1,2600.0,32099.336,39083.874,13.568,13.568,13.618,0.625,1.0,SERANGOON NORTH AVENUE 1,7.132
serangoon_north_avenue_1,Serangoon North Avenue 1,2602.0,32101.334,39083.954,13.598,13.598,13.618,0.438,1.0,SERANGOON NORTH AVENUE 1,7.208
serangoon_north_avenue_1,Serangoon North Avenue 1,2604.0,32103.333,39084.034,13.618,13.618,13.618,0.238,1.0,SERANGOON NORTH AVENUE 1,7.283
serangoon_north_avenue_1,Serangoon North Avenue 1,2606.0,32105.331,39084.114,13.632,13.632,13.632,0.397,1.0,SERANGOON NORTH AVENUE 1,7.359
serangoon_north_avenue_1,Serangoon North Avenue 1,2608.0,32107.329,39084.194,13.637,13.637,13.637,0.459,1.0,SERANGOON NORTH AVENUE 1,7.434
serangoon_north_avenue_1,Serangoon North Avenue 1,2610.0,32109.328,39084.274,13.65,13.65,13.65,0.372,1.0,SERANGOON NORTH AVENUE 1,7.51
serangoon_north_avenue_1,Serangoon North Avenue 1,2612.0,32111.327,39084.313,13.655,13.655,13.655,0.45,1.0,SERANGOON NORTH AVENUE 1,7.544
serangoon_north_avenue_1,Serangoon North Avenue 1,2614.0,32113.327,39084.294,13.662,13.662,13.662,0.331,1.0,SERANGOON NORTH AVENUE 1,7.521
serangoon_north_avenue_1,Serangoon North Avenue 1,2616.0,32115.327,39084.275,13.673,13.673,13.673,0.309,1.0,SERANGOON NORTH AVENUE 1,7.498
serangoon_north_avenue_1,Serangoon North Avenue 1,2618.0,32117.326,39084.257,13.676,13.676,13.676,0.228,1.0,SERANGOON NORTH AVENUE 1,7.475
serangoon_north_avenue_1,Serangoon North Avenue 1,2620.0,32119.326,39084.238,13.68,13.68,13.68,0.113,1.0,SERANGOON NORTH AVENUE 1,7.452
serangoon_north_avenue_1,Serangoon North Avenue 1,2622.0,32121.326,39084.22,13.682,13.682,13.68,0.181,1.0,SERANGOON NORTH AVENUE 1,7.429
serangoon_north_avenue_1,Serangoon North Avenue 1,2624.0,32123.326,39084.257,13.68,13.68,13.682,0.231,1.0,SERANGOON NORTH AVENUE 1,7.462
serangoon_north_avenue_1,Serangoon North Avenue 1,2626.0,32125.326,39084.295,13.698,13.698,13.691,0.262,1.0,SERANGOON NORTH AVENUE 1,7.496
serangoon_north_avenue_1,Serangoon North Avenue 1,2628.0,32127.325,39084.333,13.691,13.691,13.698,0.247,1.0,SERANGOON NORTH AVENUE 1,7.529
serangoon_north_avenue_1,Serangoon North Avenue 1,2630.0,32129.325,39084.371,13.714,13.714,13.702,0.241,1.0,SERANGOON NORTH AVENUE 1,7.563
serangoon_north_avenue_1,Serangoon North Avenue 1,2632.0,32131.325,39084.409,13.702,13.702,13.702,0.15,1.0,SERANGOON NORTH AVENUE 1,7.596
serangoon_north_avenue_1,Serangoon North Avenue 1,2634.0,32133.324,39084.436,13.702,13.702,13.71,0.238,1.0,SERANGOON NORTH AVENUE 1,7.619
serangoon_north_avenue_1,Serangoon North Avenue 1,2636.0,32135.324,39084.408,13.71,13.71,13.71,0.441,1.0,SERANGOON NORTH AVENUE 1,7.587
serangoon_north_avenue_1,Serangoon North Avenue 1,2638.0,32137.324,39084.38,13.72,13.72,13.72,0.794,1.0,SERANGOON NORTH AVENUE 1,7.554
serangoon_north_avenue_1,Serangoon North Avenue 1,2640.0,32139.324,39084.351,13.737,13.737,13.737,0.931,1.0,SERANGOON NORTH AVENUE 1,7.521
serangoon_north_avenue_1,Serangoon North Avenue 1,2642.0,32141.323,39084.323,13.774,13.774,13.774,1.25,1.0,SERANGOON NORTH AVENUE 1,7.489
serangoon_north_avenue_1,Serangoon North Avenue 1,2644.0,32143.323,39084.295,13.785,13.785,13.785,1.119,1.0,SERANGOON NORTH AVENUE 1,7.456
serangoon_north_avenue_1,Serangoon North Avenue 1,2646.0,32145.32,39084.203,13.82,13.82,13.82,0.759,1.0,SERANGOON NORTH AVENUE 1,7.359
serangoon_north_avenue_1,Serangoon North Avenue 1,2648.0,32147.316,39084.072,13.826,13.826,13.826,0.666,1.0,SERANGOON NORTH AVENUE 1,7.224
serangoon_north_avenue_1,Serangoon North Avenue 1,2650.0,32149.312,39083.941,13.834,13.834,13.834,0.216,1.0,SERANGOON NORTH AVENUE 1,7.089
serangoon_north_avenue_1,Serangoon North Avenue 1,2652.0,32151.308,39083.81,13.838,13.838,13.838,0.141,1.0,SERANGOON NORTH AVENUE 1,6.954
serangoon_north_avenue_1,Serangoon North Avenue 1,2654.0,32153.303,39083.679,13.857,13.857,13.838,-0.15,1.0,SERANGOON NORTH AVENUE 1,6.823
serangoon_north_avenue_1,Serangoon North Avenue 1,2656.0,32155.299,39083.548,13.854,13.854,13.838,-0.334,1.0,SERANGOON NORTH AVENUE 1,6.691
serangoon_north_avenue_1,Serangoon North Avenue 1,2658.0,32157.295,39083.417,13.804,13.804,13.822,-0.366,1.0,SERANGOON NORTH AVENUE 1,6.56
serangoon_north_avenue_1,Serangoon North Avenue 1,2660.0,32159.29,39083.286,13.822,13.822,13.811,-0.366,1.0,SERANGOON NORTH AVENUE 1,6.429
serangoon_north_avenue_1,Serangoon North Avenue 1,2662.0,32161.286,39083.155,13.811,13.811,13.808,-0.487,1.0,SERANGOON NORTH AVENUE 1,6.297
serangoon_north_avenue_1,Serangoon North Avenue 1,2664.0,32163.282,39083.024,13.808,13.808,13.808,-0.778,1.0,SERANGOON NORTH AVENUE 1,6.166
serangoon_north_avenue_1,Serangoon North Avenue 1,2666.0,32165.277,39082.893,13.783,13.783,13.783,-0.875,1.0,SERANGOON NORTH AVENUE 1,6.035
serangoon_north_avenue_1,Serangoon North Avenue 1,2668.0,32167.275,39082.8,13.749,13.749,13.749,-0.875,1.0,SERANGOON NORTH AVENUE 1,5.942
serangoon_north_avenue_1,Serangoon North Avenue 1,2670.0,32169.274,39082.756,13.732,13.732,13.738,-0.559,1.0,SERANGOON NORTH AVENUE 1,5.898
serangoon_north_avenue_1,Serangoon North Avenue 1,2672.0,32171.274,39082.713,13.733,13.733,13.738,0.159,1.0,SERANGOON NORTH AVENUE 1,5.853
serangoon_north_avenue_1,Serangoon North Avenue 1,2674.0,32173.273,39082.669,13.738,13.738,13.738,0.509,1.0,SERANGOON NORTH AVENUE 1,5.809
serangoon_north_avenue_1,Serangoon North Avenue 1,2676.0,32175.273,39082.625,13.762,13.762,13.762,0.688,1.0,SERANGOON NORTH AVENUE 1,5.765
serangoon_north_avenue_1,Serangoon North Avenue 1,2678.0,32177.272,39082.581,13.779,13.779,13.779,0.928,1.0,SERANGOON NORTH AVENUE 1,5.721
serangoon_north_avenue_1,Serangoon North Avenue 1,2680.0,32179.271,39082.518,13.794,13.794,13.794,0.887,1.0,SERANGOON NORTH AVENUE 1,5.657
serangoon_north_avenue_1,Serangoon North Avenue 1,2682.0,32181.27,39082.451,13.813,13.813,13.813,0.841,1.0,SERANGOON NORTH AVENUE 1,5.59
serangoon_north_avenue_1,Serangoon North Avenue 1,2684.0,32183.269,39082.383,13.832,13.832,13.832,0.838,1.0,SERANGOON NORTH AVENUE 1,5.522
serangoon_north_avenue_1,Serangoon North Avenue 1,2686.0,32185.268,39082.316,13.846,13.846,13.846,0.872,1.0,SERANGOON NORTH AVENUE 1,5.454
serangoon_north_avenue_1,Serangoon North Avenue 1,2688.0,32187.267,39082.249,13.861,13.861,13.861,0.769,1.0,SERANGOON NORTH AVENUE 1,5.387
serangoon_north_avenue_1,Serangoon North Avenue 1,2690.0,32189.266,39082.215,13.882,13.882,13.882,0.641,1.0,SERANGOON NORTH AVENUE 1,5.353
serangoon_north_avenue_1,Serangoon North Avenue 1,2692.0,32191.266,39082.255,13.894,13.894,13.894,0.578,1.0,SERANGOON NORTH AVENUE 1,5.392
serangoon_north_avenue_1,Serangoon North Avenue 1,2694.0,32193.265,39082.295,13.898,13.898,13.898,0.416,1.0,SERANGOON NORTH AVENUE 1,5.432
serangoon_north_avenue_1,Serangoon North Avenue 1,2696.0,32195.265,39082.336,13.907,13.907,13.907,0.412,1.0,SERANGOON NORTH AVENUE 1,5.472
serangoon_north_avenue_1,Serangoon North Avenue 1,2698.0,32197.264,39082.376,13.916,13.916,13.916,0.478,1.0,SERANGOON NORTH AVENUE 1,5.512
serangoon_north_avenue_1,Serangoon North Avenue 1,2700.0,32199.264,39082.416,13.927,13.927,13.927,0.412,1.0,SERANGOON NORTH AVENUE 1,5.552
serangoon_north_avenue_1,Serangoon North Avenue 1,2702.0,32201.264,39082.443,13.936,13.936,13.936,0.428,1.0,SERANGOON NORTH AVENUE 1,5.578
serangoon_north_avenue_1,Serangoon North Avenue 1,2704.0,32203.264,39082.466,13.94,13.94,13.94,0.388,1.0,SERANGOON NORTH AVENUE 1,5.601
serangoon_north_avenue_1,Serangoon North Avenue 1,2706.0,32205.264,39082.489,13.95,13.95,13.95,0.397,1.0,SERANGOON NORTH AVENUE 1,5.624
serangoon_north_avenue_1,Serangoon North Avenue 1,2708.0,32207.263,39082.513,13.958,13.958,13.958,0.478,1.0,SERANGOON NORTH AVENUE 1,5.647
serangoon_north_avenue_1,Serangoon North Avenue 1,2710.0,32209.263,39082.536,13.968,13.968,13.968,0.362,1.0,SERANGOON NORTH AVENUE 1,5.67
serangoon_north_avenue_1,Serangoon North Avenue 1,2712.0,32211.263,39082.56,13.98,13.98,13.978,0.272,1.0,SERANGOON NORTH AVENUE 1,5.693
serangoon_north_avenue_1,Serangoon North Avenue 1,2714.0,32213.263,39082.583,13.978,13.978,13.979,0.247,1.0,SERANGOON NORTH AVENUE 1,5.716
serangoon_north_avenue_1,Serangoon North Avenue 1,2716.0,32215.263,39082.606,13.979,13.979,13.98,2.348,1.0,SERANGOON NORTH AVENUE 1,5.739
serangoon_north_avenue_1,Serangoon North Avenue 1,2718.0,32217.263,39082.63,13.988,13.988,13.988,4.45,1.0,SERANGOON NORTH AVENUE 1,5.762
serangoon_north_avenue_1,Serangoon North Avenue 1,2720.0,32219.263,39082.653,14.358,14.182,14.182,4.441,1.0,SERANGOON NORTH AVENUE 1,5.785
serangoon_north_avenue_1,Serangoon North Avenue 1,2722.0,32221.262,39082.676,14.376,14.376,14.335,4.344,1.0,SERANGOON NORTH AVENUE 1,5.808
serangoon_north_avenue_1,Serangoon North Avenue 1,2724.0,32223.262,39082.707,14.374,14.374,14.335,1.77,1.0,SERANGOON NORTH AVENUE 1,5.839
serangoon_north_avenue_1,Serangoon North Avenue 1,2726.0,32225.262,39082.743,14.335,14.335,14.335,-0.804,1.0,SERANGOON NORTH AVENUE 1,5.874
serangoon_north_avenue_1,Serangoon North Avenue 1,2728.0,32227.262,39082.778,14.247,14.247,14.271,-0.804,1.0,SERANGOON NORTH AVENUE 1,5.909
serangoon_north_avenue_1,Serangoon North Avenue 1,2730.0,32229.261,39082.813,14.255,14.255,14.271,-0.242,1.0,SERANGOON NORTH AVENUE 1,5.944
serangoon_north_avenue_1,Serangoon North Avenue 1,2732.0,32231.261,39082.849,14.271,14.271,14.271,1.096,1.0,SERANGOON NORTH AVENUE 1,5.979
serangoon_north_avenue_1,Serangoon North Avenue 1,2734.0,32233.26,39082.894,14.316,14.316,14.316,1.096,1.0,SERANGOON NORTH AVENUE 1,6.024
serangoon_north_avenue_1,Serangoon North Avenue 1,2736.0,32235.252,39083.076,14.361,14.361,14.358,1.096,1.0,SERANGOON NORTH AVENUE 1,6.206
serangoon_north_avenue_1,Serangoon North Avenue 1,2738.0,32237.243,39083.259,14.358,14.358,14.358,-0.631,1.0,SERANGOON NORTH AVENUE 1,6.388
serangoon_north_avenue_1,Serangoon North Avenue 1,2740.0,32239.235,39083.441,14.404,14.404,14.358,-2.358,1.0,SERANGOON NORTH AVENUE 1,6.512
serangoon_north_avenue_1,Serangoon North Avenue 1,2742.0,32241.227,39083.623,14.468,14.286,14.286,-2.385,1.0,SERANGOON NORTH AVENUE 1,6.563
serangoon_north_avenue_1,Serangoon North Avenue 1,2744.0,32243.218,39083.806,14.167,14.167,14.17,-2.417,1.0,SERANGOON NORTH AVENUE 1,6.448
serangoon_north_avenue_1,Serangoon North Avenue 1,2746.0,32245.11,39084.353,14.165,14.165,14.167,-1.208,1.0,SERANGOON NORTH AVENUE 1,6.616
serangoon_north_avenue_1,Serangoon North Avenue 1,2748.0,32246.917,39085.21,14.17,14.17,14.165,0.0,1.0,SERANGOON NORTH AVENUE 1,6.989
serangoon_north_avenue_1,Serangoon North Avenue 1,2750.0,32248.725,39086.067,14.165,14.165,14.165,2.519,1.0,SERANGOON NORTH AVENUE 1,7.227
serangoon_north_avenue_1,Serangoon North Avenue 1,2752.0,32250.296,39087.114,14.152,14.152,14.17,2.55,1.0,SERANGOON NORTH AVENUE 1,7.664
serangoon_north_avenue_1,Serangoon North Avenue 1,2754.0,32250.759,39089.06,14.369,14.369,14.369,2.55,1.0,SERANGOON NORTH AVENUE 1,9.267
serangoon_north_avenue_1,Serangoon North Avenue 1,2756.0,32251.223,39091.006,14.469,14.469,14.369,1.569,1.0,SERANGOON NORTH AVENUE 1,10.871
serangoon_north_avenue_1,Serangoon North Avenue 1,2758.0,32251.686,39092.951,14.454,14.454,14.369,-4.142,1.0,SERANGOON NORTH AVENUE 1,12.143
serangoon_north_avenue_1,Serangoon North Avenue 1,2760.0,32252.149,39094.897,14.295,14.295,14.295,-4.671,1.0,SERANGOON NORTH AVENUE 1,11.211
serangoon_north_avenue_1,Serangoon North Avenue 1,2762.0,32252.612,39096.843,14.038,14.038,14.038,-4.715,1.0,SERANGOON NORTH AVENUE 1,10.28
serangoon_north_avenue_1,Serangoon North Avenue 1,2764.0,32252.658,39098.808,13.995,13.995,13.995,-3.831,1.0,SERANGOON NORTH AVENUE 1,9.748
serangoon_north_avenue_1,Serangoon North Avenue 1,2766.0,32252.379,39100.788,13.976,13.976,13.992,-0.612,1.0,SERANGOON NORTH AVENUE 1,9.527
serangoon_north_avenue_1,Serangoon North Avenue 1,2768.0,32252.1,39102.769,13.992,13.992,13.989,-0.044,1.0,SERANGOON NORTH AVENUE 1,9.306
serangoon_north_avenue_1,Serangoon North Avenue 1,2770.0,32251.821,39104.749,13.984,13.984,13.989,,,SERANGOON NORTH AVENUE 1,9.197
serangoon_north_avenue_1,Serangoon North Avenue 1,2772.0,32251.542,39106.73,13.989,13.989,13.992,,,SERANGOON NORTH AVENUE 1,9.151
serangoon_north_avenue_1,Serangoon North Avenue 1,2774.0,32251.275,39108.712,14.285,14.285,14.216,,,SERANGOON NORTH AVENUE 1,9.093
serangoon_north_avenue_1,Serangoon North Avenue 1,2776.0,32251.026,39110.696,14.276,14.276,14.216,,,SERANGOON NORTH AVENUE 1,9.016
serangoon_north_avenue_1,Serangoon North Avenue 1,2778.0,32250.778,39112.681,14.216,14.216,14.26,-0.054,1.0,SERANGOON NORTH AVENUE 1,8.94
serangoon_north_avenue_1,Serangoon North Avenue 1,2780.0,32250.529,39114.665,14.185,14.185,14.216,-0.385,1.0,SERANGOON NORTH AVENUE 1,8.863
serangoon_north_avenue_1,Serangoon North Avenue 1,2782.0,32250.281,39116.65,14.26,14.26,14.211,-1.406,1.0,SERANGOON NORTH AVENUE 1,8.862
serangoon_north_avenue_1,Serangoon North Avenue 1,2784.0,32250.032,39118.634,14.211,14.211,14.185,-1.223,1.0,SERANGOON NORTH AVENUE 1,8.99
serangoon_north_avenue_1,Serangoon North Avenue 1,2786.0,32249.778,39120.618,14.148,14.148,14.148,-2.006,1.0,SERANGOON NORTH AVENUE 1,9.124
serangoon_north_avenue_1,Serangoon North Avenue 1,2788.0,32249.49,39122.597,14.118,14.118,14.118,-2.789,1.0,SERANGOON NORTH AVENUE 1,9.292
serangoon_north_avenue_1,Serangoon North Avenue 1,2790.0,32249.202,39124.576,13.802,13.962,13.962,-2.529,1.0,SERANGOON NORTH AVENUE 1,9.46
serangoon_north_avenue_1,Serangoon North Avenue 1,2792.0,32248.914,39126.555,13.806,13.806,13.962,-3.024,1.0,SERANGOON NORTH AVENUE 1,9.628
serangoon_north_avenue_1,Serangoon North Avenue 1,2794.0,32248.626,39128.534,13.876,13.876,13.945,-1.519,1.0,SERANGOON NORTH AVENUE 1,9.813
serangoon_north_avenue_1,Serangoon North Avenue 1,2796.0,32248.332,39130.513,14.019,14.019,13.876,-0.014,1.0,SERANGOON NORTH AVENUE 1,10.087
serangoon_north_avenue_1,Serangoon North Avenue 1,2798.0,32248.025,39132.489,25.531,13.945,13.945,,,SERANGOON NORTH AVENUE 1,10.374
serangoon_north_avenue_1,Serangoon North Avenue 1,2800.0,32247.718,39134.465,13.872,13.872,13.96,,,SERANGOON NORTH AVENUE 1,10.661
serangoon_north_avenue_1,Serangoon North Avenue 1,2802.0,32247.411,39136.442,14.348,13.96,13.96,,,SERANGOON NORTH AVENUE 1,10.949
serangoon_north_avenue_1,Serangoon North Avenue 1,2804.0,32247.104,39138.418,13.915,14.049,14.049,2.212,1.0,SERANGOON NORTH AVENUE 1,11.236
serangoon_north_avenue_1,Serangoon North Avenue 1,2806.0,32246.797,39140.394,14.27,14.138,14.138,,,SERANGOON NORTH AVENUE 1,11.524
serangoon_north_avenue_1,Serangoon North Avenue 1,2808.0,32246.49,39142.37,14.226,14.226,14.138,,,SERANGOON NORTH AVENUE 1,11.811
serangoon_north_avenue_1,Serangoon North Avenue 1,2810.0,32246.183,39144.347,14.212,14.212,14.138,,,SERANGOON NORTH AVENUE 1,12.099
serangoon_north_avenue_1,Serangoon North Avenue 1,2812.0,32245.876,39146.323,14.09,14.09,14.09,,,SERANGOON NORTH AVENUE 1,12.386
serangoon_north_avenue_1,Serangoon North Avenue 1,2814.0,32245.569,39148.299,14.051,14.051,14.062,,,SERANGOON NORTH AVENUE 1,12.673
serangoon_north_avenue_1,Serangoon North Avenue 1,2816.0,32245.262,39150.276,13.492,14.056,14.062,-0.425,1.0,SERANGOON NORTH AVENUE 1,12.961
serangoon_north_avenue_1,Serangoon North Avenue 1,2818.0,32244.976,39152.253,14.081,14.062,14.056,-0.091,1.0,SERANGOON NORTH AVENUE 1,13.228
serangoon_north_avenue_1,Serangoon North Avenue 1,2820.0,32244.996,39154.253,14.067,14.067,14.056,,,SERANGOON NORTH AVENUE 1,13.176
serangoon_north_avenue_1,Serangoon North Avenue 1,2822.0,32245.017,39156.253,13.906,13.906,14.054,,,SERANGOON NORTH AVENUE 1,13.097
serangoon_north_avenue_1,Serangoon North Avenue 1,2824.0,32245.037,39158.253,14.054,14.054,14.017,-0.715,1.0,SERANGOON NORTH AVENUE 1,13.017
serangoon_north_avenue_1,Serangoon North Avenue 1,2826.0,32245.057,39160.253,13.801,13.801,13.999,,,SERANGOON NORTH AVENUE 1,12.938
serangoon_north_avenue_1,Serangoon North Avenue 1,2828.0,32245.078,39162.253,14.017,14.017,13.999,,,SERANGOON NORTH AVENUE 1,12.859
serangoon_north_avenue_1,Serangoon North Avenue 1,2830.0,32245.104,39164.253,13.689,13.999,13.982,-0.442,1.0,SERANGOON NORTH AVENUE 1,12.774
serangoon_north_avenue_1,Serangoon North Avenue 1,2832.0,32245.161,39166.252,13.993,13.982,13.982,-1.439,1.0,SERANGOON NORTH AVENUE 1,12.658
serangoon_north_avenue_1,Serangoon North Avenue 1,2834.0,32245.218,39168.251,13.964,13.964,13.964,,,SERANGOON NORTH AVENUE 1,12.542
serangoon_north_avenue_1,Serangoon North Avenue 1,2836.0,32245.275,39170.25,13.876,13.876,13.884,,,SERANGOON NORTH AVENUE 1,12.427
serangoon_north_avenue_1,Serangoon North Avenue 1,2838.0,32245.332,39172.249,13.884,13.884,13.876,-1.937,1.0,SERANGOON NORTH AVENUE 1,12.311
serangoon_north_avenue_1,Serangoon North Avenue 1,2840.0,32245.389,39174.249,13.851,13.851,13.851,,,SERANGOON NORTH AVENUE 1,12.195
serangoon_north_avenue_1,Serangoon North Avenue 1,2842.0,32245.423,39176.248,13.809,13.809,13.809,,,SERANGOON NORTH AVENUE 1,12.102
serangoon_north_avenue_1,Serangoon North Avenue 1,2844.0,32245.457,39178.248,13.416,13.785,13.785,,,SERANGOON NORTH AVENUE 1,12.01
serangoon_north_avenue_1,Serangoon North Avenue 1,2846.0,32245.49,39180.248,13.761,13.76,13.76,,,SERANGOON NORTH AVENUE 1,11.918
serangoon_north_avenue_1,Serangoon North Avenue 1,2848.0,32245.523,39182.248,13.344,13.736,13.736,,,SERANGOON NORTH AVENUE 1,11.826
serangoon_north_avenue_1,Serangoon North Avenue 1,2850.0,32245.465,39184.246,13.676,13.711,13.711,,,SERANGOON NORTH AVENUE 1,11.825
serangoon_north_avenue_1,Serangoon North Avenue 1,2852.0,32245.366,39186.243,13.687,13.687,13.687,,,SERANGOON NORTH AVENUE 1,11.865
serangoon_north_avenue_1,Serangoon North Avenue 1,2854.0,32245.266,39188.241,13.484,13.484,13.623,,,SERANGOON NORTH AVENUE 1,11.906
serangoon_north_avenue_1,Serangoon North Avenue 1,2856.0,32245.167,39190.238,13.623,13.623,13.527,-2.32,1.0,SERANGOON NORTH AVENUE 1,11.947
serangoon_north_avenue_1,Serangoon North Avenue 1,2858.0,32245.068,39192.236,13.218,13.527,13.501,,,SERANGOON NORTH AVENUE 1,11.987
serangoon_north_avenue_1,Serangoon North Avenue 1,2860.0,32244.968,39194.233,13.432,13.432,13.501,,,SERANGOON NORTH AVENUE 1,12.028
serangoon_north_avenue_1,Serangoon North Avenue 1,2862.0,32244.869,39196.231,13.137,13.501,13.432,,,SERANGOON NORTH AVENUE 1,12.199
serangoon_north_avenue_1,Serangoon North Avenue 1,2864.0,32244.769,39198.228,13.571,13.29,13.29,,,SERANGOON NORTH AVENUE 1,12.556
serangoon_north_avenue_1,Serangoon North Avenue 1,2866.0,32244.67,39200.226,13.647,13.079,13.079,,,SERANGOON NORTH AVENUE 1,12.915
serangoon_north_avenue_1,Serangoon North Avenue 1,2868.0,32244.571,39202.224,13.366,12.868,12.868,,,SERANGOON NORTH AVENUE 1,13.275
serangoon_north_avenue_1,Serangoon North Avenue 1,2870.0,32244.471,39204.221,12.657,12.657,12.657,,,SERANGOON NORTH AVENUE 1,13.786
serangoon_north_avenue_1,Serangoon North Avenue 1,2872.0,32244.372,39206.219,12.568,12.568,12.568,,,SERANGOON NORTH AVENUE 1,14.369
serangoon_north_avenue_1,Serangoon North Avenue 1,2874.0,32245.334,39207.576,12.543,12.543,12.543,-1.425,1.0,SERANGOON NORTH AVENUE 1,13.766
serangoon_north_avenue_1,Serangoon North Avenue 1,2876.0,32247.147,39208.421,12.536,12.536,12.543,0.189,1.0,SERANGOON NORTH AVENUE 1,12.214
serangoon_north_avenue_1,Serangoon North Avenue 1,2878.0,32248.96,39209.265,12.538,12.538,12.543,1.803,1.0,SERANGOON NORTH AVENUE 1,10.661
serangoon_north_avenue_1,Serangoon North Avenue 1,2880.0,32250.773,39210.11,13.016,12.688,12.688,1.803,1.0,SERANGOON NORTH AVENUE 1,9.109
serangoon_north_avenue_1,Serangoon North Avenue 1,2882.0,32252.586,39210.955,12.837,12.837,12.688,0.972,1.0,SERANGOON NORTH AVENUE 1,7.556
serangoon_north_avenue_1,Serangoon North Avenue 1,2884.0,32254.399,39211.799,12.695,12.695,12.688,0.036,1.0,SERANGOON NORTH AVENUE 1,6.004
serangoon_north_avenue_1,Serangoon North Avenue 1,2886.0,32255.296,39213.491,12.621,12.621,12.621,-0.9,1.0,SERANGOON NORTH AVENUE 1,5.545
serangoon_north_avenue_1,Serangoon North Avenue 1,2888.0,32255.999,39215.363,12.616,12.616,12.616,-0.9,1.0,SERANGOON NORTH AVENUE 1,5.319
serangoon_north_avenue_1,Serangoon North Avenue 1,2890.0,32256.702,39217.236,12.596,12.596,12.616,-0.009,1.0,SERANGOON NORTH AVENUE 1,5.094
serangoon_north_avenue_1,Serangoon North Avenue 1,2892.0,32257.404,39219.109,12.607,12.607,12.616,0.462,1.0,SERANGOON NORTH AVENUE 1,4.869
serangoon_north_avenue_1,Serangoon North Avenue 1,2894.0,32258.127,39219.81,12.62,12.62,12.62,0.781,1.0,SERANGOON NORTH AVENUE 1,4.339
serangoon_north_avenue_1,Serangoon North Avenue 1,2896.0,32258.892,39217.962,12.652,12.652,12.652,1.219,1.0,SERANGOON NORTH AVENUE 1,3.146
serangoon_north_avenue_1,Serangoon North Avenue 1,2898.0,32259.658,39216.114,12.678,12.678,12.678,1.681,1.0,SERANGOON NORTH AVENUE 1,1.954
serangoon_north_avenue_1,Serangoon North Avenue 1,2900.0,32260.423,39214.266,12.713,12.713,12.713,1.278,1.0,SERANGOON NORTH AVENUE 1,0.762
serangoon_north_avenue_1,Serangoon North Avenue 1,2902.0,32261.188,39212.419,12.755,12.755,12.755,0.959,1.0,SERANGOON NORTH AVENUE 1,0.431
serangoon_north_avenue_1,Serangoon North Avenue 1,2904.0,32261.954,39210.571,12.764,12.764,12.755,0.494,1.0,SERANGOON NORTH AVENUE 1,1.623
serangoon_north_avenue_1,Serangoon North Avenue 1,2906.0,32262.719,39208.723,12.768,12.768,12.755,-0.453,1.0,SERANGOON NORTH AVENUE 1,2.815
serangoon_north_avenue_1,Serangoon North Avenue 1,2908.0,32263.484,39206.875,12.753,12.753,12.753,-0.716,1.0,SERANGOON NORTH AVENUE 1,4.008
serangoon_north_avenue_1,Serangoon North Avenue 1,2910.0,32264.25,39205.027,12.718,12.718,12.718,-0.8,1.0,SERANGOON NORTH AVENUE 1,5.2
serangoon_north_avenue_1,Serangoon North Avenue 1,2912.0,32265.015,39203.18,12.691,12.691,12.698,-0.869,1.0,SERANGOON NORTH AVENUE 1,6.393
serangoon_north_avenue_1,Serangoon North Avenue 1,2914.0,32265.78,39201.332,12.698,12.698,12.691,-0.469,1.0,SERANGOON NORTH AVENUE 1,7.585
serangoon_north_avenue_1,Serangoon North Avenue 1,2916.0,32266.546,39199.484,12.681,12.681,12.683,-0.206,1.0,SERANGOON NORTH AVENUE 1,8.777
serangoon_north_avenue_1,Serangoon North Avenue 1,2918.0,32267.311,39197.636,12.671,12.671,12.681,-0.216,1.0,SERANGOON NORTH AVENUE 1,9.871
serangoon_north_avenue_1,Serangoon North Avenue 1,2920.0,32268.077,39195.789,12.683,12.683,12.681,-0.119,1.0,SERANGOON NORTH AVENUE 1,10.87
serangoon_north_avenue_1,Serangoon North Avenue 1,2922.0,32268.842,39193.941,12.65,12.65,12.674,-0.094,1.0,SERANGOON NORTH AVENUE 1,11.827
serangoon_north_avenue_1,Serangoon North Avenue 1,2924.0,32269.607,39192.093,12.707,12.707,12.674,0.325,1.0,SERANGOON NORTH AVENUE 1,12.538
serangoon_north_avenue_1,Serangoon North Avenue 1,2926.0,32270.373,39190.245,12.674,12.674,12.674,,,SERANGOON NORTH AVENUE 1,13.248
serangoon_north_avenue_1,Serangoon North Avenue 1,2928.0,32271.138,39188.398,12.666,12.666,12.707,,,SERANGOON NORTH AVENUE 1,13.959
serangoon_north_avenue_1,Serangoon North Avenue 1,2930.0,32271.903,39186.55,13.444,12.832,12.832,6.116,1.0,SERANGOON NORTH AVENUE 1,14.67
serangoon_north_avenue_1,Serangoon North Avenue 1,2932.0,32272.669,39184.702,13.567,12.997,12.997,6.325,1.0,SERANGOON NORTH AVENUE 1,15.38
serangoon_north_avenue_1,Serangoon North Avenue 1,2934.0,32272.765,39182.732,13.163,13.163,13.163,,,SERANGOON NORTH AVENUE 1,15.418
serangoon_north_avenue_1,Serangoon North Avenue 1,2936.0,32272.703,39180.733,13.213,13.213,13.213,,,SERANGOON NORTH AVENUE 1,15.298
serangoon_north_avenue_1,Serangoon North Avenue 1,2938.0,32272.641,39178.734,13.326,13.326,13.326,,,SERANGOON NORTH AVENUE 1,15.177
serangoon_north_avenue_1,Serangoon North Avenue 1,2940.0,32272.579,39176.735,13.954,13.327,13.327,,,SERANGOON NORTH AVENUE 1,15.057
serangoon_north_avenue_1,Serangoon North Avenue 1,2942.0,32272.518,39174.736,14.074,13.327,13.327,0.013,1.0,SERANGOON NORTH AVENUE 1,14.936
serangoon_north_avenue_1,Serangoon North Avenue 1,2944.0,32272.389,39172.742,13.699,13.327,13.327,,,SERANGOON NORTH AVENUE 1,14.749
serangoon_north_avenue_1,Serangoon North Avenue 1,2946.0,32272.159,39170.755,13.328,13.328,13.328,,,SERANGOON NORTH AVENUE 1,14.46
serangoon_north_avenue_1,Serangoon North Avenue 1,2948.0,32271.929,39168.768,13.342,13.342,13.342,,,SERANGOON NORTH AVENUE 1,14.172
serangoon_north_avenue_1,Serangoon North Avenue 1,2950.0,32271.699,39166.781,13.375,13.549,13.549,,,SERANGOON NORTH AVENUE 1,13.884
serangoon_north_avenue_1,Serangoon North Avenue 1,2952.0,32271.469,39164.795,13.396,13.757,13.757,,,SERANGOON NORTH AVENUE 1,13.595
serangoon_north_avenue_1,Serangoon North Avenue 1,2954.0,32271.239,39162.808,17.529,13.866,13.814,,,SERANGOON NORTH AVENUE 1,13.307
serangoon_north_avenue_1,Serangoon North Avenue 1,2956.0,32270.981,39160.825,14.88,13.976,13.814,,,SERANGOON NORTH AVENUE 1,12.991
serangoon_north_avenue_1,Serangoon North Avenue 1,2958.0,32270.72,39158.842,14.305,13.814,13.814,,,SERANGOON NORTH AVENUE 1,12.672
serangoon_north_avenue_1,Serangoon North Avenue 1,2960.0,32270.459,39156.859,14.301,13.652,13.78,,,SERANGOON NORTH AVENUE 1,12.353
serangoon_north_avenue_1,Serangoon North Avenue 1,2962.0,32270.198,39154.876,13.49,13.49,13.78,,,SERANGOON NORTH AVENUE 1,12.033
serangoon_north_avenue_1,Serangoon North Avenue 1,2964.0,32269.937,39152.893,13.78,13.78,13.652,,,SERANGOON NORTH AVENUE 1,11.738
serangoon_north_avenue_1,Serangoon North Avenue 1,2966.0,32269.676,39150.91,13.824,13.824,13.576,-1.978,1.0,SERANGOON NORTH AVENUE 1,11.458
serangoon_north_avenue_1,Serangoon North Avenue 1,2968.0,32269.415,39148.927,13.576,13.576,13.74,-0.376,1.0,SERANGOON NORTH AVENUE 1,11.177
serangoon_north_avenue_1,Serangoon North Avenue 1,2970.0,32269.154,39146.944,13.561,13.561,13.622,0.631,1.0,SERANGOON NORTH AVENUE 1,10.897
serangoon_north_avenue_1,Serangoon North Avenue 1,2972.0,32268.892,39144.962,13.74,13.74,13.622,-1.247,1.0,SERANGOON NORTH AVENUE 1,10.616
serangoon_north_avenue_1,Serangoon North Avenue 1,2974.0,32268.631,39142.979,13.622,13.622,13.627,0.237,1.0,SERANGOON NORTH AVENUE 1,10.335
serangoon_north_avenue_1,Serangoon North Avenue 1,2976.0,32268.37,39140.996,13.627,13.627,13.64,1.803,1.0,SERANGOON NORTH AVENUE 1,10.055
serangoon_north_avenue_1,Serangoon North Avenue 1,2978.0,32268.235,39139.009,13.64,13.64,13.64,,,SERANGOON NORTH AVENUE 1,9.9
serangoon_north_avenue_1,Serangoon North Avenue 1,2980.0,32268.364,39137.013,13.766,13.766,13.766,,,SERANGOON NORTH AVENUE 1,10.008
serangoon_north_avenue_1,Serangoon North Avenue 1,2982.0,32268.492,39135.017,13.676,13.946,13.946,,,SERANGOON NORTH AVENUE 1,10.117
serangoon_north_avenue_1,Serangoon North Avenue 1,2984.0,32268.62,39133.021,13.664,14.126,14.126,,,SERANGOON NORTH AVENUE 1,10.225
serangoon_north_avenue_1,Serangoon North Avenue 1,2986.0,32268.749,39131.025,14.766,14.306,14.306,,,SERANGOON NORTH AVENUE 1,10.334
serangoon_north_avenue_1,Serangoon North Avenue 1,2988.0,32268.886,39129.03,14.622,14.403,14.403,,,SERANGOON NORTH AVENUE 1,10.451
serangoon_north_avenue_1,Serangoon North Avenue 1,2990.0,32269.058,39127.037,14.5,14.5,14.403,,,SERANGOON NORTH AVENUE 1,10.509
serangoon_north_avenue_1,Serangoon North Avenue 1,2992.0,32269.231,39125.045,14.495,14.495,14.403,,,SERANGOON NORTH AVENUE 1,10.561
serangoon_north_avenue_1,Serangoon North Avenue 1,2994.0,32269.403,39123.052,13.567,14.315,14.315,,,SERANGOON NORTH AVENUE 1,10.612
serangoon_north_avenue_1,Serangoon North Avenue 1,2996.0,32269.576,39121.06,14.118,14.135,14.135,-7.856,1.0,SERANGOON NORTH AVENUE 1,10.664
serangoon_north_avenue_1,Serangoon North Avenue 1,2998.0,32269.749,39119.067,13.8,13.955,13.955,,,SERANGOON NORTH AVENUE 1,10.716
serangoon_north_avenue_1,Serangoon North Avenue 1,3000.0,32270.006,39117.085,13.775,13.775,13.775,,,SERANGOON NORTH AVENUE 1,10.748
serangoon_north_avenue_1,Serangoon North Avenue 1,3002.0,32270.318,39115.11,13.643,13.643,13.701,,,SERANGOON NORTH AVENUE 1,10.736
serangoon_north_avenue_1,Serangoon North Avenue 1,3004.0,32270.63,39113.134,13.664,13.664,13.701,-0.319,1.0,SERANGOON NORTH AVENUE 1,10.723
serangoon_north_avenue_1,Serangoon North Avenue 1,3006.0,32270.942,39111.159,13.701,13.701,13.701,1.421,1.0,SERANGOON NORTH AVENUE 1,10.711
serangoon_north_avenue_1,Serangoon North Avenue 1,3008.0,32271.255,39109.183,13.749,13.749,13.749,1.735,1.0,SERANGOON NORTH AVENUE 1,10.698
serangoon_north_avenue_1,Serangoon North Avenue 1,3010.0,32271.567,39107.208,13.815,13.815,13.815,2.925,1.0,SERANGOON NORTH AVENUE 1,10.653
serangoon_north_avenue_1,Serangoon North Avenue 1,3012.0,32272.059,39105.272,13.84,13.84,13.84,2.329,1.0,SERANGOON NORTH AVENUE 1,10.65
serangoon_north_avenue_1,Serangoon North Avenue 1,3014.0,32272.613,39103.35,13.984,13.984,13.935,1.504,1.0,SERANGOON NORTH AVENUE 1,10.71
serangoon_north_avenue_1,Serangoon North Avenue 1,3016.0,32273.167,39101.429,15.466,13.96,13.935,1.19,1.0,SERANGOON NORTH AVENUE 1,10.77
serangoon_north_avenue_1,Serangoon North Avenue 1,3018.0,32273.721,39099.507,13.935,13.935,13.935,0.0,1.0,SERANGOON NORTH AVENUE 1,10.83
serangoon_north_avenue_1,Serangoon North Avenue 1,3020.0,32274.275,39097.585,13.901,13.901,13.935,0.208,1.0,SERANGOON NORTH AVENUE 1,10.891
serangoon_north_avenue_1,Serangoon North Avenue 1,3022.0,32274.903,39095.688,13.918,13.918,13.935,0.598,1.0,SERANGOON NORTH AVENUE 1,11.028
serangoon_north_avenue_1,Serangoon North Avenue 1,3024.0,32275.631,39093.826,13.952,13.952,13.952,0.821,1.0,SERANGOON NORTH AVENUE 1,11.272
serangoon_north_avenue_1,Serangoon North Avenue 1,3026.0,32276.36,39091.963,13.983,13.983,13.983,1.233,1.0,SERANGOON NORTH AVENUE 1,11.515
serangoon_north_avenue_1,Serangoon North Avenue 1,3028.0,32277.088,39090.101,14.001,14.001,14.001,1.5,1.0,SERANGOON NORTH AVENUE 1,11.759
serangoon_north_avenue_1,Serangoon North Avenue 1,3030.0,32277.88,39088.265,14.034,14.034,14.034,1.719,1.0,SERANGOON NORTH AVENUE 1,11.545
serangoon_north_avenue_1,Serangoon North Avenue 1,3032.0,32278.739,39086.459,14.072,14.072,14.072,2.083,1.0,SERANGOON NORTH AVENUE 1,11.39
serangoon_north_avenue_1,Serangoon North Avenue 1,3034.0,32279.598,39084.653,16.105,14.121,14.121,1.692,1.0,SERANGOON NORTH AVENUE 1,11.236
serangoon_north_avenue_1,Serangoon North Avenue 1,3036.0,32280.457,39082.847,17.99,14.169,14.168,1.825,1.0,SERANGOON NORTH AVENUE 1,11.082
serangoon_north_avenue_1,Serangoon North Avenue 1,3038.0,32281.397,39081.086,14.218,14.218,14.169,1.692,1.0,SERANGOON NORTH AVENUE 1,11.02
serangoon_north_avenue_1,Serangoon North Avenue 1,3040.0,32282.468,39079.397,14.168,14.168,14.218,1.567,1.0,SERANGOON NORTH AVENUE 1,11.107
serangoon_north_avenue_1,Serangoon North Avenue 1,3042.0,32283.539,39077.707,14.327,14.327,14.256,1.443,1.0,SERANGOON NORTH AVENUE 1,11.059
serangoon_north_avenue_1,Serangoon North Avenue 1,3044.0,32284.61,39076.018,14.621,14.292,14.27,,,SERANGOON NORTH AVENUE 1,10.939
serangoon_north_avenue_1,Serangoon North Avenue 1,3046.0,32285.681,39074.329,14.256,14.256,14.285,,,SERANGOON NORTH AVENUE 1,10.819
serangoon_north_avenue_1,Serangoon North Avenue 1,3048.0,32286.809,39072.68,15.755,14.27,14.285,,,SERANGOON NORTH AVENUE 1,10.768
serangoon_north_avenue_1,Serangoon North Avenue 1,3050.0,32287.999,39071.072,16.028,14.285,14.285,,,SERANGOON NORTH AVENUE 1,10.792
serangoon_north_avenue_1,Serangoon North Avenue 1,3052.0,32289.189,39069.465,14.299,14.299,14.299,,,SERANGOON NORTH AVENUE 1,10.817
serangoon_north_avenue_1,Serangoon North Avenue 1,3054.0,32290.379,39067.857,15.691,14.333,14.333,,,SERANGOON NORTH AVENUE 1,10.841
serangoon_north_avenue_1,Serangoon North Avenue 1,3056.0,32291.57,39066.25,14.38,14.368,14.368,2.627,1.0,SERANGOON NORTH AVENUE 1,10.865
serangoon_north_avenue_1,Serangoon North Avenue 1,3058.0,32292.76,39064.643,14.402,14.402,14.402,,,SERANGOON NORTH AVENUE 1,10.89
serangoon_north_avenue_1,Serangoon North Avenue 1,3060.0,32293.999,39063.078,14.61,14.61,14.509,,,SERANGOON NORTH AVENUE 1,10.979
serangoon_north_avenue_1,Serangoon North Avenue 1,3062.0,32295.429,39061.68,14.736,14.736,14.509,1.258,1.0,SERANGOON NORTH AVENUE 1,11.321
serangoon_north_avenue_1,Serangoon North Avenue 1,3064.0,32296.859,39060.282,14.509,14.509,14.509,-0.185,1.0,SERANGOON NORTH AVENUE 1,11.457
serangoon_north_avenue_1,Serangoon North Avenue 1,3066.0,32298.289,39058.883,14.502,14.502,14.502,-0.185,1.0,SERANGOON NORTH AVENUE 1,11.501
serangoon_north_avenue_1,Serangoon North Avenue 1,3068.0,32299.719,39057.485,14.457,14.457,14.494,-0.185,1.0,SERANGOON NORTH AVENUE 1,11.546
serangoon_north_avenue_1,Serangoon North Avenue 1,3070.0,32301.105,39056.043,14.467,14.467,14.494,0.294,1.0,SERANGOON NORTH AVENUE 1,11.528
serangoon_north_avenue_1,Serangoon North Avenue 1,3072.0,32302.489,39054.599,14.494,14.494,14.494,0.431,1.0,SERANGOON NORTH AVENUE 1,11.508
serangoon_north_avenue_1,Serangoon North Avenue 1,3074.0,32303.873,39053.155,14.526,14.526,14.526,0.869,1.0,SERANGOON NORTH AVENUE 1,11.265
serangoon_north_avenue_1,Serangoon North Avenue 1,3076.0,32305.257,39051.711,14.529,14.529,14.529,1.038,1.0,SERANGOON NORTH AVENUE 1,10.938
serangoon_north_avenue_1,Serangoon North Avenue 1,3078.0,32306.77,39050.417,14.564,14.564,14.564,0.969,1.0,SERANGOON NORTH AVENUE 1,10.808
serangoon_north_avenue_1,Serangoon North Avenue 1,3080.0,32308.393,39049.248,14.578,14.578,14.578,1.337,1.0,SERANGOON NORTH AVENUE 1,10.845
serangoon_north_avenue_1,Serangoon North Avenue 1,3082.0,32310.016,39048.08,14.604,14.604,14.604,1.1,1.0,SERANGOON NORTH AVENUE 1,10.882
serangoon_north_avenue_1,Serangoon North Avenue 1,3084.0,32311.639,39046.911,14.636,14.636,14.636,0.972,1.0,SERANGOON NORTH AVENUE 1,10.919
serangoon_north_avenue_1,Serangoon North Avenue 1,3086.0,32313.263,39045.743,14.652,14.652,14.652,0.934,1.0,SERANGOON NORTH AVENUE 1,10.956
serangoon_north_avenue_1,Serangoon North Avenue 1,3088.0,32314.892,39044.584,14.655,14.655,14.655,0.656,1.0,SERANGOON NORTH AVENUE 1,11.005
serangoon_north_avenue_1,Serangoon North Avenue 1,3090.0,32316.555,39043.472,14.678,14.678,14.678,0.559,1.0,SERANGOON NORTH AVENUE 1,11.111
serangoon_north_avenue_1,Serangoon North Avenue 1,3092.0,32318.217,39042.36,14.697,14.697,14.689,0.734,1.0,SERANGOON NORTH AVENUE 1,11.217
serangoon_north_avenue_1,Serangoon North Avenue 1,3094.0,32319.88,39041.248,14.689,14.689,14.697,0.578,1.0,SERANGOON NORTH AVENUE 1,11.3
serangoon_north_avenue_1,Serangoon North Avenue 1,3096.0,32321.542,39040.137,14.714,14.714,14.714,0.725,1.0,SERANGOON NORTH AVENUE 1,11.0
serangoon_north_avenue_1,Serangoon North Avenue 1,3098.0,32323.256,39039.115,14.724,14.724,14.724,0.894,1.0,SERANGOON NORTH AVENUE 1,10.804
serangoon_north_avenue_1,Serangoon North Avenue 1,3100.0,32325.063,39038.258,14.747,14.747,14.747,1.283,1.0,SERANGOON NORTH AVENUE 1,10.795
serangoon_north_avenue_1,Serangoon North Avenue 1,3102.0,32326.87,39037.4,14.768,14.768,14.768,1.757,1.0,SERANGOON NORTH AVENUE 1,10.786
serangoon_north_avenue_1,Serangoon North Avenue 1,3104.0,32328.677,39036.542,19.736,14.817,14.817,2.087,1.0,SERANGOON NORTH AVENUE 1,10.778
serangoon_north_avenue_1,Serangoon North Avenue 1,3106.0,32330.483,39035.685,19.411,14.865,14.865,,,SERANGOON NORTH AVENUE 1,10.769
serangoon_north_avenue_1,Serangoon North Avenue 1,3108.0,32332.29,39034.827,14.914,14.914,14.914,,,SERANGOON NORTH AVENUE 1,10.76
serangoon_north_avenue_1,Serangoon North Avenue 1,3110.0,32334.18,39034.198,19.933,15.14,15.14,7.171,1.0,SERANGOON NORTH AVENUE 1,10.994
serangoon_north_avenue_1,Serangoon North Avenue 1,3112.0,32336.115,39033.689,15.32,15.365,15.365,7.52,1.0,SERANGOON NORTH AVENUE 1,11.355
serangoon_north_avenue_1,Serangoon North Avenue 1,3114.0,32338.049,39033.18,15.592,15.592,15.439,,,SERANGOON NORTH AVENUE 1,11.717
serangoon_north_avenue_1,Serangoon North Avenue 1,3116.0,32339.983,39032.672,22.206,15.515,15.515,,,SERANGOON NORTH AVENUE 1,11.864
serangoon_north_avenue_1,Serangoon North Avenue 1,3118.0,32341.917,39032.163,15.439,15.439,15.573,,,SERANGOON NORTH AVENUE 1,11.817
serangoon_north_avenue_1,Serangoon North Avenue 1,3120.0,32343.851,39031.654,15.597,15.597,15.549,,,SERANGOON NORTH AVENUE 1,11.77
serangoon_north_avenue_1,Serangoon North Avenue 1,3122.0,32345.786,39031.145,16.545,15.573,15.549,,,SERANGOON NORTH AVENUE 1,11.723
serangoon_north_avenue_1,Serangoon North Avenue 1,3124.0,32347.72,39030.636,16.555,15.549,15.549,,,SERANGOON NORTH AVENUE 1,11.676
serangoon_north_avenue_1,Serangoon North Avenue 1,3126.0,32349.654,39030.128,16.635,15.525,15.525,,,SERANGOON NORTH AVENUE 1,11.629
serangoon_north_avenue_1,Serangoon North Avenue 1,3128.0,32351.588,39029.619,16.398,15.501,15.501,,,SERANGOON NORTH AVENUE 1,11.582
serangoon_north_avenue_1,Serangoon North Avenue 1,3130.0,32353.522,39029.11,15.477,15.477,15.501,,,SERANGOON NORTH AVENUE 1,11.535
serangoon_north_avenue_1,Serangoon North Avenue 1,3132.0,32355.457,39028.601,15.469,15.469,15.501,,,SERANGOON NORTH AVENUE 1,11.488
serangoon_north_avenue_1,Serangoon North Avenue 1,3134.0,32357.444,39028.405,15.14,15.568,15.568,2.082,1.0,SERANGOON NORTH AVENUE 1,11.757
serangoon_north_avenue_1,Serangoon North Avenue 1,3136.0,32359.438,39028.241,15.955,15.668,15.668,,,SERANGOON NORTH AVENUE 1,12.051
serangoon_north_avenue_1,Serangoon North Avenue 1,3138.0,32361.431,39028.076,15.767,15.767,15.668,,,SERANGOON NORTH AVENUE 1,11.947
serangoon_north_avenue_1,Serangoon North Avenue 1,3140.0,32363.424,39027.912,16.156,15.716,15.668,,,SERANGOON NORTH AVENUE 1,11.844
serangoon_north_avenue_1,Serangoon North Avenue 1,3142.0,32365.417,39027.747,16.656,15.666,15.666,-1.276,1.0,SERANGOON NORTH AVENUE 1,11.74
serangoon_north_avenue_1,Serangoon North Avenue 1,3144.0,32367.411,39027.593,15.675,15.616,15.616,,,SERANGOON NORTH AVENUE 1,11.647
serangoon_north_avenue_1,Serangoon North Avenue 1,3146.0,32369.407,39027.47,15.566,15.566,15.566,,,SERANGOON NORTH AVENUE 1,11.585
serangoon_north_avenue_1,Serangoon North Avenue 1,3148.0,32371.404,39027.348,21.609,15.442,15.566,,,SERANGOON NORTH AVENUE 1,11.524
serangoon_north_avenue_1,Serangoon North Avenue 1,3150.0,32373.4,39027.225,15.319,15.319,15.566,,,SERANGOON NORTH AVENUE 1,11.462
serangoon_north_avenue_1,Serangoon North Avenue 1,3152.0,32375.396,39027.103,15.313,15.589,15.589,,,SERANGOON NORTH AVENUE 1,11.401
serangoon_north_avenue_1,Serangoon North Avenue 1,3154.0,32377.392,39026.98,15.346,15.859,15.859,9.023,2.0,SERANGOON NORTH AVENUE 1,11.339
serangoon_north_avenue_1,Serangoon North Avenue 1,3156.0,32379.382,39027.123,15.367,16.13,16.13,,,SERANGOON NORTH AVENUE 1,11.542
serangoon_north_avenue_1,Serangoon North Avenue 1,3158.0,32381.37,39027.345,16.4,16.4,16.287,,,SERANGOON NORTH AVENUE 1,11.589
serangoon_north_avenue_1,Serangoon North Avenue 1,3160.0,32383.357,39027.567,21.018,16.344,16.287,,,SERANGOON NORTH AVENUE 1,11.463
serangoon_north_avenue_1,Serangoon North Avenue 1,3162.0,32385.345,39027.789,19.351,16.287,16.287,,,SERANGOON NORTH AVENUE 1,11.336
serangoon_north_avenue_1,Serangoon North Avenue 1,3164.0,32387.332,39028.012,21.795,16.231,16.231,,,SERANGOON NORTH AVENUE 1,11.21
serangoon_north_avenue_1,Serangoon North Avenue 1,3166.0,32389.294,39028.367,20.886,16.175,16.175,,,SERANGOON NORTH AVENUE 1,11.22
serangoon_north_avenue_1,Serangoon North Avenue 1,3168.0,32391.223,39028.897,18.28,16.119,16.119,,,SERANGOON NORTH AVENUE 1,11.406
serangoon_north_avenue_1,Serangoon North Avenue 1,3170.0,32393.152,39029.427,21.623,16.062,16.062,,,SERANGOON NORTH AVENUE 1,11.593
serangoon_north_avenue_1,Serangoon North Avenue 1,3172.0,32395.08,39029.956,15.66,16.006,16.006,,,SERANGOON NORTH AVENUE 1,11.78
serangoon_north_avenue_1,Serangoon North Avenue 1,3174.0,32397.009,39030.486,16.254,15.95,15.95,,,SERANGOON NORTH AVENUE 1,11.967
serangoon_north_avenue_1,Serangoon North Avenue 1,3176.0,32398.944,39030.99,15.581,15.894,15.894,,,SERANGOON NORTH AVENUE 1,12.127
serangoon_north_avenue_1,Serangoon North Avenue 1,3178.0,32400.881,39031.491,16.479,15.838,15.838,,,SERANGOON NORTH AVENUE 1,12.284
serangoon_north_avenue_1,Serangoon North Avenue 1,3180.0,32402.817,39031.992,20.609,15.781,15.781,,,SERANGOON NORTH AVENUE 1,12.29
serangoon_north_avenue_1,Serangoon North Avenue 1,3182.0,32404.753,39032.492,15.641,15.725,15.725,,,SERANGOON NORTH AVENUE 1,12.256
serangoon_north_avenue_1,Serangoon North Avenue 1,3184.0,32406.689,39032.993,15.669,15.669,15.725,,,SERANGOON NORTH AVENUE 1,12.221
serangoon_north_avenue_1,Serangoon North Avenue 1,3186.0,32408.626,39033.494,15.67,15.67,15.672,,,SERANGOON NORTH AVENUE 1,12.186
serangoon_north_avenue_1,Serangoon North Avenue 1,3188.0,32410.562,39033.995,15.729,15.729,15.672,0.166,1.0,SERANGOON NORTH AVENUE 1,12.152
serangoon_north_avenue_1,Serangoon North Avenue 1,3190.0,32412.498,39034.496,15.672,15.672,15.729,1.438,1.0,SERANGOON NORTH AVENUE 1,12.117
serangoon_north_avenue_1,Serangoon North Avenue 1,3192.0,32414.435,39034.996,15.738,15.738,15.738,2.8,1.0,SERANGOON NORTH AVENUE 1,12.083
serangoon_north_avenue_1,Serangoon North Avenue 1,3194.0,32416.371,39035.497,15.786,15.786,15.786,2.516,1.0,SERANGOON NORTH AVENUE 1,12.048
serangoon_north_avenue_1,Serangoon North Avenue 1,3196.0,32418.307,39035.998,15.896,15.896,15.896,2.763,1.0,SERANGOON NORTH AVENUE 1,12.014
serangoon_north_avenue_1,Serangoon North Avenue 1,3198.0,32420.243,39036.499,15.93,15.93,15.93,2.572,1.0,SERANGOON NORTH AVENUE 1,11.979
serangoon_north_avenue_1,Serangoon North Avenue 1,3200.0,32422.18,39037.0,15.96,15.96,15.96,1.95,1.0,SERANGOON NORTH AVENUE 1,11.945
serangoon_north_avenue_1,Serangoon North Avenue 1,3202.0,32424.113,39037.511,15.992,15.992,15.992,2.338,1.0,SERANGOON NORTH AVENUE 1,11.921
serangoon_north_avenue_1,Serangoon North Avenue 1,3204.0,32426.046,39038.026,16.051,16.051,16.051,2.109,1.0,SERANGOON NORTH AVENUE 1,11.901
serangoon_north_avenue_1,Serangoon North Avenue 1,3206.0,32427.978,39038.541,16.117,16.117,16.117,2.125,1.0,SERANGOON NORTH AVENUE 1,11.881
serangoon_north_avenue_1,Serangoon North Avenue 1,3208.0,32429.911,39039.056,16.162,16.162,16.128,,,SERANGOON NORTH AVENUE 1,11.861
serangoon_north_avenue_1,Serangoon North Avenue 1,3210.0,32431.844,39039.57,16.128,16.128,16.162,,,SERANGOON NORTH AVENUE 1,11.841
serangoon_north_avenue_1,Serangoon North Avenue 1,3212.0,32433.789,39040.018,16.18,16.33,16.33,,,SERANGOON NORTH AVENUE 1,11.753
serangoon_north_avenue_1,Serangoon North Avenue 1,3214.0,32435.777,39040.235,16.206,16.699,16.699,,,SERANGOON NORTH AVENUE 1,11.545
serangoon_north_avenue_1,Serangoon North Avenue 1,3216.0,32437.765,39040.452,16.27,17.068,17.068,,,SERANGOON NORTH AVENUE 1,11.379
serangoon_north_avenue_1,Serangoon North Avenue 1,3218.0,32439.753,39040.668,16.314,17.437,17.437,,,SERANGOON NORTH AVENUE 1,11.214
serangoon_north_avenue_1,Serangoon North Avenue 1,3220.0,32441.742,39040.885,16.374,17.822,17.822,,,SERANGOON NORTH AVENUE 1,11.048
serangoon_north_avenue_1,Serangoon North Avenue 1,3222.0,32443.73,39041.102,20.858,18.207,18.207,,,SERANGOON NORTH AVENUE 1,10.882
serangoon_north_avenue_1,Serangoon North Avenue 1,3224.0,32445.718,39041.318,23.071,18.592,18.592,,,SERANGOON NORTH AVENUE 1,10.717
serangoon_north_avenue_1,Serangoon North Avenue 1,3226.0,32447.706,39041.535,21.212,18.977,18.977,,,SERANGOON NORTH AVENUE 1,10.551
serangoon_north_avenue_1,Serangoon North Avenue 1,3228.0,32449.695,39041.752,18.871,19.362,19.362,,,SERANGOON NORTH AVENUE 1,10.386
serangoon_north_avenue_1,Serangoon North Avenue 1,3230.0,32451.683,39041.968,23.246,19.747,19.747,,,SERANGOON NORTH AVENUE 1,10.279
serangoon_north_avenue_1,Serangoon North Avenue 1,3232.0,32453.671,39042.185,22.821,19.796,19.796,,,SERANGOON NORTH AVENUE 1,10.489
serangoon_north_avenue_1,Serangoon North Avenue 1,3234.0,32455.659,39042.356,19.321,19.845,19.845,,,SERANGOON NORTH AVENUE 1,10.725
serangoon_north_avenue_1,Serangoon North Avenue 1,3236.0,32457.649,39042.152,19.926,19.894,19.894,,,SERANGOON NORTH AVENUE 1,10.585
serangoon_north_avenue_1,Serangoon North Avenue 1,3238.0,32459.639,39041.948,16.671,19.943,19.943,,,SERANGOON NORTH AVENUE 1,10.446
serangoon_north_avenue_1,Serangoon North Avenue 1,3240.0,32461.628,39041.745,19.96,19.96,19.96,,,SERANGOON NORTH AVENUE 1,10.307
serangoon_north_avenue_1,Serangoon North Avenue 1,3242.0,32463.618,39041.541,18.514,19.991,19.991,,,SERANGOON NORTH AVENUE 1,10.202
serangoon_north_avenue_1,Serangoon North Avenue 1,3244.0,32465.607,39041.337,21.273,20.022,20.022,,,SERANGOON NORTH AVENUE 1,10.421
serangoon_north_avenue_1,Serangoon North Avenue 1,3246.0,32467.566,39040.944,20.454,20.053,20.053,,,SERANGOON NORTH AVENUE 1,10.619
serangoon_north_avenue_1,Serangoon North Avenue 1,3248.0,32469.517,39040.506,21.288,20.084,20.084,,,SERANGOON NORTH AVENUE 1,10.771
serangoon_north_avenue_1,Serangoon North Avenue 1,3250.0,32471.469,39040.067,20.466,20.115,20.115,,,SERANGOON NORTH AVENUE 1,10.923
serangoon_north_avenue_1,Serangoon North Avenue 1,3252.0,32473.42,39039.628,20.836,20.145,20.145,,,SERANGOON NORTH AVENUE 1,11.226
serangoon_north_avenue_1,Serangoon North Avenue 1,3254.0,32475.371,39039.19,18.61,20.176,20.176,,,SERANGOON NORTH AVENUE 1,11.603
serangoon_north_avenue_1,Serangoon North Avenue 1,3256.0,32477.323,39038.751,20.19,20.207,20.207,,,SERANGOON NORTH AVENUE 1,11.98
serangoon_north_avenue_1,Serangoon North Avenue 1,3258.0,32479.143,39037.964,17.022,20.238,20.238,,,SERANGOON NORTH AVENUE 1,11.985
serangoon_north_avenue_1,Serangoon North Avenue 1,3260.0,32480.901,39037.011,22.386,20.286,20.286,,,SERANGOON NORTH AVENUE 1,11.813
serangoon_north_avenue_1,Serangoon North Avenue 1,3262.0,32482.66,39036.058,17.06,20.334,20.286,,,SERANGOON NORTH AVENUE 1,11.641
serangoon_north_avenue_1,Serangoon North Avenue 1,3264.0,32484.418,39035.105,20.382,20.382,20.286,,,SERANGOON NORTH AVENUE 1,11.469
serangoon_north_avenue_1,Serangoon North Avenue 1,3266.0,32486.176,39034.152,24.218,20.226,20.226,,,SERANGOON NORTH AVENUE 1,11.297
serangoon_north_avenue_1,Serangoon North Avenue 1,3268.0,32487.935,39033.199,20.364,20.071,20.071,,,SERANGOON NORTH AVENUE 1,11.152
serangoon_north_avenue_1,Serangoon North Avenue 1,3270.0,32489.693,39032.246,29.8,20.005,20.071,,,SERANGOON NORTH AVENUE 1,11.253
serangoon_north_avenue_1,Serangoon North Avenue 1,3272.0,32491.451,39031.293,21.825,19.94,20.071,,,SERANGOON NORTH AVENUE 1,11.399
serangoon_north_avenue_1,Serangoon North Avenue 1,3274.0,32493.21,39030.34,19.639,20.11,20.11,,,SERANGOON NORTH AVENUE 1,11.545
serangoon_north_avenue_1,Serangoon North Avenue 1,3276.0,32494.968,39029.386,17.688,20.28,20.28,,,SERANGOON NORTH AVENUE 1,11.691
serangoon_north_avenue_1,Serangoon North Avenue 1,3278.0,32496.726,39028.433,17.392,20.45,20.45,,,SERANGOON NORTH AVENUE 1,11.885
serangoon_north_avenue_1,Serangoon North Avenue 1,3280.0,32498.485,39027.48,17.552,20.62,20.62,,,SERANGOON NORTH AVENUE 1,12.37
serangoon_north_avenue_1,Serangoon North Avenue 1,3282.0,32500.004,39026.204,17.575,20.79,20.79,,,SERANGOON NORTH AVENUE 1,12.66
serangoon_north_avenue_1,Serangoon North Avenue 1,3284.0,32501.435,39024.806,22.376,20.96,20.96,,,SERANGOON NORTH AVENUE 1,12.809
serangoon_north_avenue_1,Serangoon North Avenue 1,3286.0,32502.865,39023.408,21.13,21.13,20.96,,,SERANGOON NORTH AVENUE 1,12.957
serangoon_north_avenue_1,Serangoon North Avenue 1,3288.0,32504.295,39022.01,17.553,21.166,20.96,,,SERANGOON NORTH AVENUE 1,13.105
serangoon_north_avenue_1,Serangoon North Avenue 1,3290.0,32505.726,39020.612,21.203,20.875,20.875,,,SERANGOON NORTH AVENUE 1,13.253
serangoon_north_avenue_1,Serangoon North Avenue 1,3292.0,32507.156,39019.214,20.19,20.584,20.584,,,SERANGOON NORTH AVENUE 1,13.401
serangoon_north_avenue_1,Serangoon North Avenue 1,3294.0,32508.551,39017.786,19.966,20.53,20.53,,,SERANGOON NORTH AVENUE 1,13.503
serangoon_north_avenue_1,Serangoon North Avenue 1,3296.0,32509.701,39016.15,21.248,20.475,20.475,,,SERANGOON NORTH AVENUE 1,13.283
serangoon_north_avenue_1,Serangoon North Avenue 1,3298.0,32510.851,39014.514,18.04,20.42,20.42,,,SERANGOON NORTH AVENUE 1,13.064
serangoon_north_avenue_1,Serangoon North Avenue 1,3300.0,32512.002,39012.878,19.851,20.366,20.366,,,SERANGOON NORTH AVENUE 1,12.844
serangoon_north_avenue_1,Serangoon North Avenue 1,3302.0,32513.12,39011.22,19.488,20.311,20.311,,,SERANGOON NORTH AVENUE 1,12.586
serangoon_north_avenue_1,Serangoon North Avenue 1,3304.0,32514.173,39009.52,19.477,20.256,20.256,,,SERANGOON NORTH AVENUE 1,12.252
serangoon_north_avenue_1,Serangoon North Avenue 1,3306.0,32515.227,39007.82,20.336,20.202,20.202,,,SERANGOON NORTH AVENUE 1,12.076
serangoon_north_avenue_1,Serangoon North Avenue 1,3308.0,32516.281,39006.121,23.264,20.147,20.147,,,SERANGOON NORTH AVENUE 1,12.228
serangoon_north_avenue_1,Serangoon North Avenue 1,3310.0,32517.335,39004.421,23.535,20.093,20.093,,,SERANGOON NORTH AVENUE 1,12.518
serangoon_north_avenue_1,Serangoon North Avenue 1,3312.0,32518.22,39002.633,25.277,20.038,20.038,,,SERANGOON NORTH AVENUE 1,12.619
serangoon_north_avenue_1,Serangoon North Avenue 1,3314.0,32519.002,39000.793,24.714,19.983,19.983,,,SERANGOON NORTH AVENUE 1,12.603
serangoon_north_avenue_1,Serangoon North Avenue 1,3316.0,32519.784,38998.952,25.845,19.929,19.929,,,SERANGOON NORTH AVENUE 1,12.587
serangoon_north_avenue_1,Serangoon North Avenue 1,3318.0,32520.566,38997.111,23.989,19.874,19.874,,,SERANGOON NORTH AVENUE 1,12.572
serangoon_north_avenue_1,Serangoon North Avenue 1,3320.0,32521.348,38995.27,20.035,19.819,19.819,,,SERANGOON NORTH AVENUE 1,12.556
serangoon_north_avenue_1,Serangoon North Avenue 1,3322.0,32522.012,38993.384,19.765,19.765,19.765,,,SERANGOON NORTH AVENUE 1,12.415
serangoon_north_avenue_1,Serangoon North Avenue 1,3324.0,32522.665,38991.494,20.337,19.611,19.611,,,SERANGOON NORTH AVENUE 1,12.267
serangoon_north_avenue_1,Serangoon North Avenue 1,3326.0,32523.318,38989.603,19.949,19.458,19.458,-5.76,1.0,SERANGOON NORTH AVENUE 1,12.318
serangoon_north_avenue_1,Serangoon North Avenue 1,3328.0,32523.971,38987.713,18.953,19.304,19.41,,,SERANGOON NORTH AVENUE 1,12.439
serangoon_north_avenue_1,Serangoon North Avenue 1,3330.0,32524.624,38985.822,19.15,19.15,19.304,,,SERANGOON NORTH AVENUE 1,12.561
serangoon_north_avenue_1,Serangoon North Avenue 1,3332.0,32525.685,38984.431,19.41,19.41,19.244,,,SERANGOON NORTH AVENUE 1,13.209
serangoon_north_avenue_1,Serangoon North Avenue 1,3334.0,32527.667,38984.166,18.781,19.244,19.244,0.039,1.0,SERANGOON NORTH AVENUE 1,15.048
serangoon_north_avenue_1,Serangoon North Avenue 1,3508.0,32549.601,38946.742,26.742,19.078,19.375,0.238,1.0,SERANGOON NORTH AVENUE 1,25.629
serangoon_north_avenue_1,Serangoon North Avenue 1,3510.0,32547.771,38945.936,24.882,19.375,19.375,5.686,1.0,SERANGOON NORTH AVENUE 1,23.651
serangoon_north_avenue_1,Serangoon North Avenue 1,3512.0,32545.941,38945.129,20.624,19.672,19.672,11.133,2.0,SERANGOON NORTH AVENUE 1,21.672
serangoon_north_avenue_1,Serangoon North Avenue 1,3514.0,32544.111,38944.323,21.153,19.969,19.969,,,SERANGOON NORTH AVENUE 1,19.694
serangoon_north_avenue_1,Serangoon North Avenue 1,3516.0,32542.281,38943.516,25.942,20.265,20.265,,,SERANGOON NORTH AVENUE 1,17.716
serangoon_north_avenue_1,Serangoon North Avenue 1,3518.0,32540.45,38942.71,23.695,20.562,20.562,,,SERANGOON NORTH AVENUE 1,15.737
serangoon_north_avenue_1,Serangoon North Avenue 1,3520.0,32538.62,38941.903,19.571,20.859,20.859,12.076,2.0,SERANGOON NORTH AVENUE 1,13.759
serangoon_north_avenue_1,Serangoon North Avenue 1,3522.0,32536.79,38941.097,21.156,21.156,21.156,8.364,1.0,SERANGOON NORTH AVENUE 1,11.781
serangoon_north_avenue_1,Serangoon North Avenue 1,3524.0,32536.474,38939.395,21.232,21.232,21.232,,,SERANGOON NORTH AVENUE 1,11.026
serangoon_north_avenue_1,Serangoon North Avenue 1,3526.0,32536.648,38937.402,21.484,21.484,21.232,,,SERANGOON NORTH AVENUE 1,10.667
serangoon_north_avenue_1,Serangoon North Avenue 1,3528.0,32536.823,38935.41,21.567,21.242,21.232,,,SERANGOON NORTH AVENUE 1,10.308
serangoon_north_avenue_1,Serangoon North Avenue 1,3530.0,32536.998,38933.418,21.263,21.001,21.001,-8.909,2.0,SERANGOON NORTH AVENUE 1,9.95
serangoon_north_avenue_1,Serangoon North Avenue 1,3532.0,32537.172,38931.425,20.265,20.76,20.76,,,SERANGOON NORTH AVENUE 1,9.591
serangoon_north_avenue_1,Serangoon North Avenue 1,3534.0,32537.383,38929.437,20.519,20.519,20.519,,,SERANGOON NORTH AVENUE 1,9.268
serangoon_north_avenue_1,Serangoon North Avenue 1,3536.0,32537.621,38927.451,20.328,20.328,20.328,,,SERANGOON NORTH AVENUE 1,8.973
serangoon_north_avenue_1,Serangoon North Avenue 1,3538.0,32537.859,38925.465,19.984,20.054,20.054,,,SERANGOON NORTH AVENUE 1,8.677
serangoon_north_avenue_1,Serangoon North Avenue 1,3540.0,32538.097,38923.479,21.072,19.781,19.781,,,SERANGOON NORTH AVENUE 1,8.382
serangoon_north_avenue_1,Serangoon North Avenue 1,3542.0,32538.336,38921.493,19.546,19.507,19.507,,,SERANGOON NORTH AVENUE 1,8.086
serangoon_north_avenue_1,Serangoon North Avenue 1,3544.0,32538.574,38919.508,19.042,19.234,19.234,,,SERANGOON NORTH AVENUE 1,7.791
serangoon_north_avenue_1,Serangoon North Avenue 1,3546.0,32538.912,38917.54,18.688,18.96,18.96,,,SERANGOON NORTH AVENUE 1,7.597
serangoon_north_avenue_1,Serangoon North Avenue 1,3548.0,32539.4,38915.601,18.687,18.687,18.687,,,SERANGOON NORTH AVENUE 1,7.555
serangoon_north_avenue_1,Serangoon North Avenue 1,3550.0,32539.889,38913.661,21.187,18.624,18.624,,,SERANGOON NORTH AVENUE 1,7.513
serangoon_north_avenue_1,Serangoon North Avenue 1,3552.0,32540.377,38911.722,21.3,18.561,18.624,-1.576,1.0,SERANGOON NORTH AVENUE 1,7.47
serangoon_north_avenue_1,Serangoon North Avenue 1,3554.0,32540.865,38909.782,18.498,18.498,18.561,-1.183,1.0,SERANGOON NORTH AVENUE 1,7.428
serangoon_north_avenue_1,Serangoon North Avenue 1,3556.0,32541.353,38907.843,18.69,18.69,18.561,-0.795,1.0,SERANGOON NORTH AVENUE 1,7.386
serangoon_north_avenue_1,Serangoon North Avenue 1,3558.0,32541.841,38905.903,18.529,18.529,18.529,-0.379,1.0,SERANGOON NORTH AVENUE 1,7.344
serangoon_north_avenue_1,Serangoon North Avenue 1,3560.0,32542.329,38903.964,18.572,18.572,18.56,-0.379,1.0,SERANGOON NORTH AVENUE 1,7.302
serangoon_north_avenue_1,Serangoon North Avenue 1,3562.0,32542.818,38902.024,18.475,18.475,18.53,-0.005,1.0,SERANGOON NORTH AVENUE 1,7.259
serangoon_north_avenue_1,Serangoon North Avenue 1,3564.0,32543.306,38900.085,18.56,18.56,18.53,-0.372,1.0,SERANGOON NORTH AVENUE 1,7.217
serangoon_north_avenue_1,Serangoon North Avenue 1,3566.0,32543.794,38898.145,18.53,18.53,18.529,0.0,1.0,SERANGOON NORTH AVENUE 1,7.175
serangoon_north_avenue_1,Serangoon North Avenue 1,3568.0,32544.282,38896.206,20.742,18.529,18.53,,,SERANGOON NORTH AVENUE 1,7.133
serangoon_north_avenue_1,Serangoon North Avenue 1,3570.0,32544.812,38894.277,18.527,18.527,18.53,,,SERANGOON NORTH AVENUE 1,7.133
serangoon_north_avenue_1,Serangoon North Avenue 1,3572.0,32545.349,38892.351,18.992,18.559,18.559,0.749,1.0,SERANGOON NORTH AVENUE 1,7.142
serangoon_north_avenue_1,Serangoon North Avenue 1,3574.0,32545.886,38890.424,18.63,18.59,18.59,0.749,1.0,SERANGOON NORTH AVENUE 1,7.15
serangoon_north_avenue_1,Serangoon North Avenue 1,3576.0,32546.423,38888.498,18.622,18.622,18.59,,,SERANGOON NORTH AVENUE 1,7.158
serangoon_north_avenue_1,Serangoon North Avenue 1,3578.0,32546.96,38886.571,18.632,18.632,18.59,,,SERANGOON NORTH AVENUE 1,7.167
serangoon_north_avenue_1,Serangoon North Avenue 1,3580.0,32547.514,38884.649,18.482,18.482,18.529,-0.765,1.0,SERANGOON NORTH AVENUE 1,7.193
serangoon_north_avenue_1,Serangoon North Avenue 1,3582.0,32548.076,38882.73,18.499,18.499,18.529,-0.621,1.0,SERANGOON NORTH AVENUE 1,7.227
serangoon_north_avenue_1,Serangoon North Avenue 1,3584.0,32548.637,38880.811,18.529,18.529,18.529,0.413,1.0,SERANGOON NORTH AVENUE 1,7.261
serangoon_north_avenue_1,Serangoon North Avenue 1,3586.0,32549.199,38878.891,18.54,18.54,18.54,0.413,1.0,SERANGOON NORTH AVENUE 1,7.295
serangoon_north_avenue_1,Serangoon North Avenue 1,3588.0,32549.761,38876.972,18.562,18.562,18.562,0.413,1.0,SERANGOON NORTH AVENUE 1,7.329
serangoon_north_avenue_1,Serangoon North Avenue 1,3590.0,32550.323,38875.052,18.572,18.572,18.562,-0.494,1.0,SERANGOON NORTH AVENUE 1,7.363
serangoon_north_avenue_1,Serangoon North Avenue 1,3592.0,32550.9,38873.137,18.57,18.57,18.562,-1.231,1.0,SERANGOON NORTH AVENUE 1,7.414
serangoon_north_avenue_1,Serangoon North Avenue 1,3594.0,32551.484,38871.224,18.501,18.501,18.501,-1.231,1.0,SERANGOON NORTH AVENUE 1,7.471
serangoon_north_avenue_1,Serangoon North Avenue 1,3596.0,32552.068,38869.312,18.449,18.449,18.464,-1.231,1.0,SERANGOON NORTH AVENUE 1,7.528
serangoon_north_avenue_1,Serangoon North Avenue 1,3598.0,32552.683,38867.409,18.444,18.444,18.464,0.503,1.0,SERANGOON NORTH AVENUE 1,7.618
serangoon_north_avenue_1,Serangoon North Avenue 1,3600.0,32553.359,38865.527,18.464,18.464,18.464,2.4,1.0,SERANGOON NORTH AVENUE 1,7.772
serangoon_north_avenue_1,Serangoon North Avenue 1,3602.0,32554.035,38863.644,18.541,18.541,18.541,2.675,1.0,SERANGOON NORTH AVENUE 1,7.926
serangoon_north_avenue_1,Serangoon North Avenue 1,3604.0,32554.711,38861.762,18.656,18.656,18.656,2.709,1.0,SERANGOON NORTH AVENUE 1,8.08
serangoon_north_avenue_1,Serangoon North Avenue 1,3606.0,32555.386,38859.88,18.678,18.678,18.678,1.847,1.0,SERANGOON NORTH AVENUE 1,8.234
serangoon_north_avenue_1,Serangoon North Avenue 1,3608.0,32556.028,38857.986,18.68,18.68,18.68,0.637,1.0,SERANGOON NORTH AVENUE 1,8.352
serangoon_north_avenue_1,Serangoon North Avenue 1,3610.0,32556.642,38856.082,18.689,18.689,18.689,0.725,1.0,SERANGOON NORTH AVENUE 1,8.44
serangoon_north_avenue_1,Serangoon North Avenue 1,3612.0,32557.256,38854.179,18.706,18.706,18.706,1.063,1.0,SERANGOON NORTH AVENUE 1,8.529
serangoon_north_avenue_1,Serangoon North Avenue 1,3614.0,32557.869,38852.275,18.736,18.736,18.736,1.231,1.0,SERANGOON NORTH AVENUE 1,8.617
serangoon_north_avenue_1,Serangoon North Avenue 1,3616.0,32558.483,38850.372,18.765,18.765,18.765,1.234,1.0,SERANGOON NORTH AVENUE 1,8.705
serangoon_north_avenue_1,Serangoon North Avenue 1,3618.0,32558.931,38848.423,18.788,18.788,18.788,1.15,1.0,SERANGOON NORTH AVENUE 1,8.622
serangoon_north_avenue_1,Serangoon North Avenue 1,3620.0,32559.364,38846.471,18.805,18.805,18.805,0.847,1.0,SERANGOON NORTH AVENUE 1,8.523
serangoon_north_avenue_1,Serangoon North Avenue 1,3622.0,32559.797,38844.518,18.828,18.828,18.828,0.587,1.0,SERANGOON NORTH AVENUE 1,8.424
serangoon_north_avenue_1,Serangoon North Avenue 1,3624.0,32560.23,38842.565,18.834,18.834,18.833,0.397,1.0,SERANGOON NORTH AVENUE 1,8.325
serangoon_north_avenue_1,Serangoon North Avenue 1,3626.0,32560.663,38840.613,18.833,18.833,18.834,0.194,1.0,SERANGOON NORTH AVENUE 1,8.226
serangoon_north_avenue_1,Serangoon North Avenue 1,3628.0,32561.077,38838.656,18.843,18.843,18.837,0.131,1.0,SERANGOON NORTH AVENUE 1,8.108
serangoon_north_avenue_1,Serangoon North Avenue 1,3630.0,32561.478,38836.697,18.837,18.837,18.843,0.256,1.0,SERANGOON NORTH AVENUE 1,7.977
serangoon_north_avenue_1,Serangoon North Avenue 1,3632.0,32561.879,38834.737,18.844,18.844,18.844,0.25,1.0,SERANGOON NORTH AVENUE 1,7.845
serangoon_north_avenue_1,Serangoon North Avenue 1,3634.0,32562.28,38832.778,18.855,18.855,18.855,0.806,1.0,SERANGOON NORTH AVENUE 1,7.714
serangoon_north_avenue_1,Serangoon North Avenue 1,3636.0,32562.681,38830.819,18.857,18.857,18.857,2.278,1.0,SERANGOON NORTH AVENUE 1,7.582
serangoon_north_avenue_1,Serangoon North Avenue 1,3638.0,32563.111,38828.866,18.908,18.908,18.908,2.488,1.0,SERANGOON NORTH AVENUE 1,7.48
serangoon_north_avenue_1,Serangoon North Avenue 1,3640.0,32563.552,38826.915,19.054,19.054,19.026,2.463,1.0,SERANGOON NORTH AVENUE 1,7.39
serangoon_north_avenue_1,Serangoon North Avenue 1,3642.0,32563.994,38824.964,19.026,19.026,19.054,1.363,1.0,SERANGOON NORTH AVENUE 1,7.3
serangoon_north_avenue_1,Serangoon North Avenue 1,3644.0,32564.435,38823.013,20.564,19.209,19.054,0.263,1.0,SERANGOON NORTH AVENUE 1,7.209
serangoon_north_avenue_1,Serangoon North Avenue 1,3646.0,32564.876,38821.063,19.392,19.061,19.026,-0.091,1.0,SERANGOON NORTH AVENUE 1,7.119
serangoon_north_avenue_1,Serangoon North Avenue 1,3648.0,32565.284,38819.106,18.913,18.913,19.047,-0.091,1.0,SERANGOON NORTH AVENUE 1,6.994
serangoon_north_avenue_1,Serangoon North Avenue 1,3650.0,32565.547,38817.123,19.022,19.022,19.047,0.113,1.0,SERANGOON NORTH AVENUE 1,6.957
serangoon_north_avenue_1,Serangoon North Avenue 1,3652.0,32565.81,38815.141,21.188,19.047,19.047,0.316,1.0,SERANGOON NORTH AVENUE 1,7.014
serangoon_north_avenue_1,Serangoon North Avenue 1,3654.0,32566.073,38813.158,19.072,19.072,19.072,0.497,1.0,SERANGOON NORTH AVENUE 1,7.072
serangoon_north_avenue_1,Serangoon North Avenue 1,3656.0,32566.336,38811.176,19.086,19.086,19.072,0.622,1.0,SERANGOON NORTH AVENUE 1,7.129
serangoon_north_avenue_1,Serangoon North Avenue 1,3658.0,32566.388,38809.18,19.096,19.096,19.086,0.759,1.0,SERANGOON NORTH AVENUE 1,6.974
serangoon_north_avenue_1,Serangoon North Avenue 1,3660.0,32566.375,38807.18,19.047,19.047,19.096,1.375,1.0,SERANGOON NORTH AVENUE 1,6.755
serangoon_north_avenue_1,Serangoon North Avenue 1,3662.0,32566.362,38805.18,19.133,19.133,19.133,1.588,1.0,SERANGOON NORTH AVENUE 1,6.536
serangoon_north_avenue_1,Serangoon North Avenue 1,3664.0,32566.348,38803.18,19.182,19.182,19.182,1.881,1.0,SERANGOON NORTH AVENUE 1,6.316
serangoon_north_avenue_1,Serangoon North Avenue 1,3666.0,32566.335,38801.18,19.214,19.214,19.214,2.525,1.0,SERANGOON NORTH AVENUE 1,6.097
serangoon_north_avenue_1,Serangoon North Avenue 1,3668.0,32566.322,38799.18,19.247,19.247,19.247,2.078,1.0,SERANGOON NORTH AVENUE 1,6.068
serangoon_north_avenue_1,Serangoon North Avenue 1,3670.0,32566.309,38797.18,19.335,19.335,19.335,2.225,1.0,SERANGOON NORTH AVENUE 1,6.105
serangoon_north_avenue_1,Serangoon North Avenue 1,3672.0,32566.262,38795.181,19.348,19.348,19.348,2.025,1.0,SERANGOON NORTH AVENUE 1,6.107
serangoon_north_avenue_1,Serangoon North Avenue 1,3674.0,32566.204,38793.181,19.392,19.392,19.392,1.516,1.0,SERANGOON NORTH AVENUE 1,6.179
serangoon_north_avenue_1,Serangoon North Avenue 1,3676.0,32566.147,38791.182,19.409,19.409,19.409,1.8,1.0,SERANGOON NORTH AVENUE 1,6.589
serangoon_north_avenue_1,Serangoon North Avenue 1,3678.0,32566.089,38789.183,19.456,19.456,19.456,1.613,1.0,SERANGOON NORTH AVENUE 1,7.008
serangoon_north_avenue_1,Serangoon North Avenue 1,3680.0,32566.032,38787.184,19.492,19.492,19.492,1.925,1.0,SERANGOON NORTH AVENUE 1,7.426
serangoon_north_avenue_1,Serangoon North Avenue 1,3682.0,32565.975,38785.185,19.521,19.521,19.521,1.838,1.0,SERANGOON NORTH AVENUE 1,7.845
serangoon_north_avenue_1,Serangoon North Avenue 1,3684.0,32565.917,38783.186,19.563,19.563,19.563,2.406,1.0,SERANGOON NORTH AVENUE 1,8.264
serangoon_north_avenue_1,Serangoon North Avenue 1,3686.0,32565.86,38781.186,19.603,19.603,19.603,2.053,1.0,SERANGOON NORTH AVENUE 1,8.683
serangoon_north_avenue_1,Serangoon North Avenue 1,3688.0,32565.803,38779.187,19.685,19.685,19.685,1.522,1.0,SERANGOON NORTH AVENUE 1,9.102
serangoon_north_avenue_1,Serangoon North Avenue 1,3690.0,32565.745,38777.188,19.688,19.688,19.685,0.819,1.0,SERANGOON NORTH AVENUE 1,9.52
serangoon_north_avenue_1,Serangoon North Avenue 1,3692.0,32565.688,38775.189,19.788,19.788,19.685,-1.231,1.0,SERANGOON NORTH AVENUE 1,10.053
serangoon_north_avenue_1,Serangoon North Avenue 1,3694.0,32565.037,38773.317,19.668,19.668,19.668,-1.231,1.0,SERANGOON NORTH AVENUE 1,10.327
serangoon_north_avenue_1,Serangoon North Avenue 1,3696.0,32564.271,38771.469,19.555,19.555,19.586,-1.231,1.0,SERANGOON NORTH AVENUE 1,10.559
serangoon_north_avenue_1,Serangoon North Avenue 1,3698.0,32563.505,38769.622,19.568,19.568,19.586,-0.553,1.0,SERANGOON NORTH AVENUE 1,10.792
serangoon_north_avenue_1,Serangoon North Avenue 1,3700.0,32562.738,38767.775,19.586,19.586,19.586,2.303,1.0,SERANGOON NORTH AVENUE 1,11.025
serangoon_north_avenue_1,Serangoon North Avenue 1,3702.0,32561.972,38765.927,19.624,19.624,19.624,2.453,1.0,SERANGOON NORTH AVENUE 1,11.258
serangoon_north_avenue_1,Serangoon North Avenue 1,3704.0,32561.205,38764.08,19.77,19.77,19.77,2.459,1.0,SERANGOON NORTH AVENUE 1,11.491
serangoon_north_avenue_1,Serangoon North Avenue 1,3706.0,32559.9,38762.594,19.782,19.782,19.782,2.075,1.0,SERANGOON NORTH AVENUE 1,11.077
serangoon_north_avenue_1,Serangoon North Avenue 1,3708.0,32558.484,38761.18,19.79,19.79,19.783,0.247,1.0,SERANGOON NORTH AVENUE 1,10.531
serangoon_north_avenue_1,Serangoon North Avenue 1,3710.0,32557.069,38759.767,19.783,19.783,19.79,0.097,1.0,SERANGOON NORTH AVENUE 1,10.004
serangoon_north_avenue_1,Serangoon North Avenue 1,3712.0,32555.654,38758.354,19.79,19.79,19.79,0.25,1.0,SERANGOON NORTH AVENUE 1,9.774
serangoon_north_avenue_1,Serangoon North Avenue 1,3714.0,32554.239,38756.941,19.817,19.817,19.79,0.159,1.0,SERANGOON NORTH AVENUE 1,9.749
serangoon_north_avenue_1,Serangoon North Avenue 1,3716.0,32552.824,38755.527,19.803,19.803,19.803,-0.056,1.0,SERANGOON NORTH AVENUE 1,9.724
serangoon_north_avenue_1,Serangoon North Avenue 1,3718.0,32551.408,38754.114,19.783,19.783,19.803,-0.087,1.0,SERANGOON NORTH AVENUE 1,9.699
serangoon_north_avenue_1,Serangoon North Avenue 1,3720.0,32549.993,38752.701,19.806,19.806,19.786,-0.647,1.0,SERANGOON NORTH AVENUE 1,9.674
serangoon_north_avenue_1,Serangoon North Avenue 1,3722.0,32548.578,38751.288,19.786,19.786,19.783,-1.319,1.0,SERANGOON NORTH AVENUE 1,9.649
serangoon_north_avenue_1,Serangoon North Avenue 1,3724.0,32547.163,38749.875,19.751,19.751,19.751,-1.147,1.0,SERANGOON NORTH AVENUE 1,9.624
serangoon_north_avenue_1,Serangoon North Avenue 1,3726.0,32545.748,38748.461,19.697,19.697,19.697,-1.322,1.0,SERANGOON NORTH AVENUE 1,9.599
serangoon_north_avenue_1,Serangoon North Avenue 1,3728.0,32544.332,38747.048,19.694,19.694,19.694,-0.98,1.0,SERANGOON NORTH AVENUE 1,9.574
serangoon_north_avenue_1,Serangoon North Avenue 1,3730.0,32542.917,38745.635,19.678,19.678,19.678,-0.362,1.0,SERANGOON NORTH AVENUE 1,9.749
serangoon_north_avenue_1,Serangoon North Avenue 1,3732.0,32541.502,38744.222,22.023,19.673,19.673,-0.319,1.0,SERANGOON NORTH AVENUE 1,10.228
serangoon_north_avenue_1,Serangoon North Avenue 1,3734.0,32540.087,38742.808,24.169,19.668,19.668,-0.113,1.0,SERANGOON NORTH AVENUE 1,10.725
serangoon_north_avenue_1,Serangoon North Avenue 1,3736.0,32538.672,38741.395,19.664,19.664,19.668,0.193,1.0,SERANGOON NORTH AVENUE 1,11.223
serangoon_north_avenue_1,Serangoon North Avenue 1,3738.0,32537.256,38739.982,19.668,19.668,19.668,0.506,1.0,SERANGOON NORTH AVENUE 1,11.72
serangoon_north_avenue_1,Serangoon North Avenue 1,3740.0,32535.841,38738.569,19.688,19.688,19.688,0.766,1.0,SERANGOON NORTH AVENUE 1,12.218
serangoon_north_avenue_1,Serangoon North Avenue 1,3742.0,32534.426,38737.156,19.709,19.709,19.709,0.766,1.0,SERANGOON NORTH AVENUE 1,12.715
serangoon_north_avenue_1,Serangoon North Avenue 1,3744.0,32533.011,38735.742,19.73,19.73,19.73,0.519,1.0,SERANGOON NORTH AVENUE 1,13.213
serangoon_north_avenue_1,Serangoon North Avenue 1,3746.0,32531.499,38734.455,19.771,19.771,19.73,-0.013,1.0,SERANGOON NORTH AVENUE 1,13.552
serangoon_north_avenue_1,Serangoon North Avenue 1,3748.0,32529.763,38733.463,19.742,19.742,19.73,-1.128,1.0,SERANGOON NORTH AVENUE 1,13.578
serangoon_north_avenue_1,Serangoon North Avenue 1,3750.0,32528.027,38732.47,19.708,19.708,19.708,-1.241,1.0,SERANGOON NORTH AVENUE 1,13.85
serangoon_north_avenue_1,Serangoon North Avenue 1,3752.0,32526.29,38731.477,19.64,19.64,19.64,-1.241,1.0,SERANGOON NORTH AVENUE 1,14.177
serangoon_north_avenue_1,Serangoon North Avenue 1,3754.0,32524.444,38730.713,19.614,19.614,19.63,-0.969,1.0,SERANGOON NORTH AVENUE 1,14.252
serangoon_north_avenue_1,Serangoon North Avenue 1,3756.0,32522.586,38729.972,19.622,19.622,19.63,-0.019,1.0,SERANGOON NORTH AVENUE 1,14.3
serangoon_north_avenue_1,Serangoon North Avenue 1,3758.0,32520.728,38729.232,19.63,19.63,19.63,0.134,1.0,SERANGOON NORTH AVENUE 1,14.375
serangoon_north_avenue_1,Serangoon North Avenue 1,3760.0,32518.87,38728.492,19.638,19.638,19.638,0.15,1.0,SERANGOON NORTH AVENUE 1,14.592
serangoon_north_avenue_1,Serangoon North Avenue 1,3762.0,32516.987,38727.829,19.641,19.641,19.641,0.175,1.0,SERANGOON NORTH AVENUE 1,14.731
serangoon_north_avenue_1,Serangoon North Avenue 1,3764.0,32515.047,38727.346,19.643,19.643,19.643,0.081,1.0,SERANGOON NORTH AVENUE 1,14.682
serangoon_north_avenue_1,Serangoon North Avenue 1,3766.0,32513.106,38726.862,19.664,19.664,19.644,0.188,1.0,SERANGOON NORTH AVENUE 1,14.633
serangoon_north_avenue_1,Serangoon North Avenue 1,3768.0,32511.165,38726.379,19.644,19.644,19.644,0.172,1.0,SERANGOON NORTH AVENUE 1,14.584
serangoon_north_avenue_1,Serangoon North Avenue 1,3770.0,32509.225,38725.896,19.656,19.656,19.656,0.212,1.0,SERANGOON NORTH AVENUE 1,14.535
serangoon_north_avenue_1,Serangoon North Avenue 1,3772.0,32507.277,38725.441,19.642,19.642,19.656,0.672,1.0,SERANGOON NORTH AVENUE 1,14.456
serangoon_north_avenue_1,Serangoon North Avenue 1,3774.0,32505.319,38725.035,19.662,19.662,19.662,1.156,1.0,SERANGOON NORTH AVENUE 1,14.328
serangoon_north_avenue_1,Serangoon North Avenue 1,3776.0,32503.361,38724.628,19.698,19.698,19.698,1.594,1.0,SERANGOON NORTH AVENUE 1,14.2
serangoon_north_avenue_1,Serangoon North Avenue 1,3778.0,32501.402,38724.222,19.749,19.749,19.749,1.8,1.0,SERANGOON NORTH AVENUE 1,14.072
serangoon_north_avenue_1,Serangoon North Avenue 1,3780.0,32499.444,38723.815,19.784,19.784,19.784,1.9,1.0,SERANGOON NORTH AVENUE 1,13.944
serangoon_north_avenue_1,Serangoon North Avenue 1,3782.0,32497.509,38723.317,19.806,19.806,19.806,1.741,1.0,SERANGOON NORTH AVENUE 1,13.91
serangoon_north_avenue_1,Serangoon North Avenue 1,3784.0,32495.589,38722.757,19.85,19.85,19.85,1.728,1.0,SERANGOON NORTH AVENUE 1,13.941
serangoon_north_avenue_1,Serangoon North Avenue 1,3786.0,32493.669,38722.197,19.888,19.888,19.888,2.003,1.0,SERANGOON NORTH AVENUE 1,13.972
serangoon_north_avenue_1,Serangoon North Avenue 1,3788.0,32491.749,38721.636,19.922,19.922,19.922,1.887,1.0,SERANGOON NORTH AVENUE 1,14.002
serangoon_north_avenue_1,Serangoon North Avenue 1,3790.0,32489.829,38721.076,19.966,19.966,19.966,1.969,1.0,SERANGOON NORTH AVENUE 1,14.033
serangoon_north_avenue_1,Serangoon North Avenue 1,3792.0,32487.909,38720.516,20.001,20.001,20.001,2.103,1.0,SERANGOON NORTH AVENUE 1,14.064
serangoon_north_avenue_1,Serangoon North Avenue 1,3794.0,32485.987,38719.963,20.046,20.046,20.046,2.091,1.0,SERANGOON NORTH AVENUE 1,14.086
serangoon_north_avenue_1,Serangoon North Avenue 1,3796.0,32484.064,38719.415,20.09,20.09,20.09,2.409,1.0,SERANGOON NORTH AVENUE 1,14.105
serangoon_north_avenue_1,Serangoon North Avenue 1,3798.0,32482.14,38718.866,20.133,20.133,20.133,2.181,1.0,SERANGOON NORTH AVENUE 1,14.123
serangoon_north_avenue_1,Serangoon North Avenue 1,3800.0,32480.217,38718.317,20.194,20.194,20.194,2.609,1.0,SERANGOON NORTH AVENUE 1,14.142
serangoon_north_avenue_1,Serangoon North Avenue 1,3802.0,32478.294,38717.769,20.22,20.22,20.22,2.253,1.0,SERANGOON NORTH AVENUE 1,14.16
serangoon_north_avenue_1,Serangoon North Avenue 1,3804.0,32476.371,38717.22,20.313,20.313,20.299,1.762,1.0,SERANGOON NORTH AVENUE 1,14.178
serangoon_north_avenue_1,Serangoon North Avenue 1,3806.0,32474.422,38716.771,20.299,20.299,20.313,1.591,1.0,SERANGOON NORTH AVENUE 1,14.094
serangoon_north_avenue_1,Serangoon North Avenue 1,3808.0,32472.471,38716.331,20.335,20.335,20.335,0.778,1.0,SERANGOON NORTH AVENUE 1,14.0
serangoon_north_avenue_1,Serangoon North Avenue 1,3810.0,32470.52,38715.892,20.347,20.347,20.347,0.884,1.0,SERANGOON NORTH AVENUE 1,13.906
serangoon_north_avenue_1,Serangoon North Avenue 1,3812.0,32468.569,38715.452,20.361,20.361,20.361,0.959,1.0,SERANGOON NORTH AVENUE 1,13.812
serangoon_north_avenue_1,Serangoon North Avenue 1,3814.0,32466.618,38715.013,20.384,20.384,20.384,0.991,1.0,SERANGOON NORTH AVENUE 1,13.718
serangoon_north_avenue_1,Serangoon North Avenue 1,3816.0,32464.666,38714.573,20.412,20.412,20.412,1.066,1.0,SERANGOON NORTH AVENUE 1,13.624
serangoon_north_avenue_1,Serangoon North Avenue 1,3818.0,32462.715,38714.134,20.426,20.426,20.426,1.056,1.0,SERANGOON NORTH AVENUE 1,13.529
serangoon_north_avenue_1,Serangoon North Avenue 1,3820.0,32460.764,38713.694,20.446,20.446,20.446,1.191,1.0,SERANGOON NORTH AVENUE 1,13.435
serangoon_north_avenue_1,Serangoon North Avenue 1,3822.0,32458.813,38713.255,20.468,20.468,20.468,1.231,1.0,SERANGOON NORTH AVENUE 1,13.341
serangoon_north_avenue_1,Serangoon North Avenue 1,3824.0,32456.862,38712.815,20.507,20.507,20.507,1.359,1.0,SERANGOON NORTH AVENUE 1,13.247
serangoon_north_avenue_1,Serangoon North Avenue 1,3826.0,32454.911,38712.376,20.525,20.525,20.525,1.431,1.0,SERANGOON NORTH AVENUE 1,13.153
serangoon_north_avenue_1,Serangoon North Avenue 1,3828.0,32452.965,38711.913,20.555,20.555,20.555,1.375,1.0,SERANGOON NORTH AVENUE 1,13.082
serangoon_north_avenue_1,Serangoon North Avenue 1,3830.0,32451.02,38711.449,20.583,20.583,20.583,1.581,1.0,SERANGOON NORTH AVENUE 1,13.014
serangoon_north_avenue_1,Serangoon North Avenue 1,3832.0,32449.075,38710.984,20.617,20.617,20.617,1.453,1.0,SERANGOON NORTH AVENUE 1,12.945
serangoon_north_avenue_1,Serangoon North Avenue 1,3834.0,32447.129,38710.519,20.652,20.652,20.652,1.434,1.0,SERANGOON NORTH AVENUE 1,12.878
serangoon_north_avenue_1,Serangoon North Avenue 1,3836.0,32445.184,38710.054,20.672,20.672,20.672,1.422,1.0,SERANGOON NORTH AVENUE 1,12.809
serangoon_north_avenue_1,Serangoon North Avenue 1,3838.0,32443.252,38709.544,20.698,20.698,20.698,1.463,1.0,SERANGOON NORTH AVENUE 1,12.788
serangoon_north_avenue_1,Serangoon North Avenue 1,3840.0,32441.368,38708.872,20.731,20.731,20.731,1.512,1.0,SERANGOON NORTH AVENUE 1,12.936
serangoon_north_avenue_1,Serangoon North Avenue 1,3842.0,32439.485,38708.201,20.769,20.769,20.769,1.772,1.0,SERANGOON NORTH AVENUE 1,13.083
serangoon_north_avenue_1,Serangoon North Avenue 1,3844.0,32437.601,38707.53,20.792,20.792,20.792,1.856,1.0,SERANGOON NORTH AVENUE 1,13.23
serangoon_north_avenue_1,Serangoon North Avenue 1,3846.0,32435.717,38706.858,20.84,20.84,20.84,1.931,1.0,SERANGOON NORTH AVENUE 1,13.377
serangoon_north_avenue_1,Serangoon North Avenue 1,3848.0,32433.833,38706.187,20.879,20.879,20.879,2.125,1.0,SERANGOON NORTH AVENUE 1,13.524
serangoon_north_avenue_1,Serangoon North Avenue 1,3850.0,32431.949,38705.516,20.923,20.923,20.923,1.941,1.0,SERANGOON NORTH AVENUE 1,13.672
serangoon_north_avenue_1,Serangoon North Avenue 1,3852.0,32430.037,38704.929,20.962,20.962,20.962,1.916,1.0,SERANGOON NORTH AVENUE 1,13.73
serangoon_north_avenue_1,Serangoon North Avenue 1,3854.0,32428.117,38704.37,20.995,20.995,20.995,2.022,1.0,SERANGOON NORTH AVENUE 1,13.759
serangoon_north_avenue_1,Serangoon North Avenue 1,3856.0,32426.197,38703.811,21.032,21.032,21.032,1.95,1.0,SERANGOON NORTH AVENUE 1,13.788
serangoon_north_avenue_1,Serangoon North Avenue 1,3858.0,32424.277,38703.252,21.085,21.085,21.085,1.931,1.0,SERANGOON NORTH AVENUE 1,13.818
serangoon_north_avenue_1,Serangoon North Avenue 1,3860.0,32422.356,38702.693,21.118,21.118,21.118,1.484,1.0,SERANGOON NORTH AVENUE 1,13.847
serangoon_north_avenue_1,Serangoon North Avenue 1,3862.0,32420.436,38702.134,21.149,21.149,21.149,0.831,1.0,SERANGOON NORTH AVENUE 1,13.876
serangoon_north_avenue_1,Serangoon North Avenue 1,3864.0,32418.516,38701.575,21.191,21.191,21.151,0.891,1.0,SERANGOON NORTH AVENUE 1,13.906
serangoon_north_avenue_1,Serangoon North Avenue 1,3866.0,32416.595,38701.016,21.206,21.206,21.151,0.506,1.0,SERANGOON NORTH AVENUE 1,13.935
serangoon_north_avenue_1,Serangoon North Avenue 1,3868.0,32414.675,38700.456,21.151,21.151,21.19,0.481,1.0,SERANGOON NORTH AVENUE 1,13.964
serangoon_north_avenue_1,Serangoon North Avenue 1,3870.0,32412.755,38699.897,21.128,21.128,21.19,1.353,1.0,SERANGOON NORTH AVENUE 1,13.994
serangoon_north_avenue_1,Serangoon North Avenue 1,3872.0,32410.835,38699.338,21.19,21.19,21.19,1.316,1.0,SERANGOON NORTH AVENUE 1,14.023
serangoon_north_avenue_1,Serangoon North Avenue 1,3874.0,32408.91,38698.795,21.26,21.26,21.26,1.713,1.0,SERANGOON NORTH AVENUE 1,14.036
serangoon_north_avenue_1,Serangoon North Avenue 1,3876.0,32406.95,38698.4,21.295,21.295,21.295,2.153,1.0,SERANGOON NORTH AVENUE 1,13.896
serangoon_north_avenue_1,Serangoon North Avenue 1,3878.0,32404.989,38698.005,21.327,21.327,21.327,1.928,1.0,SERANGOON NORTH AVENUE 1,13.756
serangoon_north_avenue_1,Serangoon North Avenue 1,3880.0,32403.029,38697.611,21.362,21.362,21.362,1.791,1.0,SERANGOON NORTH AVENUE 1,13.616
serangoon_north_avenue_1,Serangoon North Avenue 1,3882.0,32401.068,38697.216,21.414,21.414,21.414,1.769,1.0,SERANGOON NORTH AVENUE 1,13.477
serangoon_north_avenue_1,Serangoon North Avenue 1,3884.0,32399.107,38696.821,21.438,21.438,21.438,1.962,1.0,SERANGOON NORTH AVENUE 1,13.337
serangoon_north_avenue_1,Serangoon North Avenue 1,3886.0,32397.199,38696.242,21.468,21.468,21.468,1.809,1.0,SERANGOON NORTH AVENUE 1,13.388
serangoon_north_avenue_1,Serangoon North Avenue 1,3888.0,32395.326,38695.543,21.519,21.519,21.519,1.997,1.0,SERANGOON NORTH AVENUE 1,13.566
serangoon_north_avenue_1,Serangoon North Avenue 1,3890.0,32393.452,38694.843,21.559,21.559,21.559,2.169,1.0,SERANGOON NORTH AVENUE 1,13.743
serangoon_north_avenue_1,Serangoon North Avenue 1,3892.0,32391.578,38694.143,21.598,21.598,21.598,1.575,1.0,SERANGOON NORTH AVENUE 1,13.774
serangoon_north_avenue_1,Serangoon North Avenue 1,3894.0,32389.705,38693.444,21.642,21.642,21.642,1.337,1.0,SERANGOON NORTH AVENUE 1,13.694
serangoon_north_avenue_1,Serangoon North Avenue 1,3896.0,32387.831,38692.744,21.645,21.645,21.645,0.934,1.0,SERANGOON NORTH AVENUE 1,13.614
serangoon_north_avenue_1,Serangoon North Avenue 1,3898.0,32386.155,38691.667,21.666,21.666,21.666,1.138,1.0,SERANGOON NORTH AVENUE 1,13.959
serangoon_north_avenue_1,Serangoon North Avenue 1,3900.0,32384.512,38690.527,21.673,21.673,21.673,1.238,1.0,SERANGOON NORTH AVENUE 1,14.374
serangoon_north_avenue_1,Serangoon North Avenue 1,3902.0,32382.868,38689.387,21.733,21.733,21.733,1.069,1.0,SERANGOON NORTH AVENUE 1,14.789
serangoon_north_avenue_1,Serangoon North Avenue 1,3904.0,32381.225,38688.247,21.744,21.744,21.744,1.278,1.0,SERANGOON NORTH AVENUE 1,15.205
serangoon_north_avenue_1,Serangoon North Avenue 1,3906.0,32379.582,38687.107,21.751,21.751,21.751,1.103,1.0,SERANGOON NORTH AVENUE 1,15.509
serangoon_north_avenue_1,Serangoon North Avenue 1,3908.0,32377.938,38685.967,21.877,21.877,21.775,1.006,1.0,SERANGOON NORTH AVENUE 1,15.498
serangoon_north_avenue_1,Serangoon North Avenue 1,3910.0,32376.295,38684.827,21.821,21.821,21.821,0.919,1.0,SERANGOON NORTH AVENUE 1,15.486
serangoon_north_avenue_1,Serangoon North Avenue 1,3912.0,32374.652,38683.687,21.775,21.775,21.824,,,SERANGOON NORTH AVENUE 1,15.452
serangoon_north_avenue_1,Serangoon North Avenue 1,3914.0,32373.008,38682.547,21.824,21.824,21.824,,,SERANGOON NORTH AVENUE 1,15.265
serangoon_north_avenue_1,Serangoon North Avenue 1,3916.0,32371.365,38681.407,21.876,22.119,22.119,,,SERANGOON NORTH AVENUE 1,15.078
serangoon_north_avenue_1,Serangoon North Avenue 1,3918.0,32370.08,38679.963,21.938,22.414,22.414,,,SERANGOON NORTH AVENUE 1,15.355
serangoon_north_avenue_1,Serangoon North Avenue 1,3920.0,32369.223,38678.156,22.593,22.698,22.698,,,SERANGOON NORTH AVENUE 1,15.996
serangoon_north_avenue_1,Serangoon North Avenue 1,3922.0,32368.366,38676.349,22.818,22.982,22.982,,,SERANGOON NORTH AVENUE 1,16.214
serangoon_north_avenue_1,Serangoon North Avenue 1,3924.0,32367.509,38674.542,23.768,23.265,23.265,,,SERANGOON NORTH AVENUE 1,16.327
serangoon_north_avenue_1,Serangoon North Avenue 1,3926.0,32366.651,38672.735,24.56,23.549,23.549,,,SERANGOON NORTH AVENUE 1,16.36
serangoon_north_avenue_1,Serangoon North Avenue 1,3928.0,32365.794,38670.928,24.519,23.833,23.833,,,SERANGOON NORTH AVENUE 1,16.393
serangoon_north_avenue_1,Serangoon North Avenue 1,3930.0,32364.937,38669.121,24.117,24.117,24.117,,,SERANGOON NORTH AVENUE 1,16.426
serangoon_north_avenue_1,Serangoon North Avenue 1,3932.0,32364.079,38667.314,24.314,24.314,24.117,,,SERANGOON NORTH AVENUE 1,16.459
serangoon_north_avenue_1,Serangoon North Avenue 1,3934.0,32363.222,38665.507,24.188,24.188,24.117,,,SERANGOON NORTH AVENUE 1,16.492
serangoon_north_avenue_1,Serangoon North Avenue 1,3936.0,32362.365,38663.7,23.644,23.894,23.894,,,SERANGOON NORTH AVENUE 1,16.525
serangoon_north_avenue_1,Serangoon North Avenue 1,3938.0,32361.507,38661.893,24.076,23.599,23.599,-13.841,2.0,SERANGOON NORTH AVENUE 1,16.268
serangoon_north_avenue_1,Serangoon North Avenue 1,3940.0,32360.65,38660.086,23.904,23.304,23.304,,,SERANGOON NORTH AVENUE 1,15.761
serangoon_north_avenue_1,Serangoon North Avenue 1,3942.0,32359.793,38658.279,23.01,23.01,23.01,,,SERANGOON NORTH AVENUE 1,15.254
serangoon_north_avenue_1,Serangoon North Avenue 1,3944.0,32358.936,38656.473,22.852,22.852,22.933,,,SERANGOON NORTH AVENUE 1,14.747
serangoon_north_avenue_1,Serangoon North Avenue 1,3946.0,32358.078,38654.666,22.844,22.844,22.933,0.344,1.0,SERANGOON NORTH AVENUE 1,14.24
serangoon_north_avenue_1,Serangoon North Avenue 1,3948.0,32357.433,38652.804,22.933,22.933,22.933,2.359,1.0,SERANGOON NORTH AVENUE 1,13.69
serangoon_north_avenue_1,Serangoon North Avenue 1,3950.0,32357.306,38650.808,23.037,23.037,23.037,3.6,1.0,SERANGOON NORTH AVENUE 1,13.646
serangoon_north_avenue_1,Serangoon North Avenue 1,3952.0,32357.179,38648.812,23.122,23.122,23.122,5.166,1.0,SERANGOON NORTH AVENUE 1,13.601
serangoon_north_avenue_1,Serangoon North Avenue 1,3954.0,32357.052,38646.816,23.221,23.221,23.221,4.997,1.0,SERANGOON NORTH AVENUE 1,13.556
serangoon_north_avenue_1,Serangoon North Avenue 1,3956.0,32356.926,38644.82,23.346,23.346,23.346,4.828,1.0,SERANGOON NORTH AVENUE 1,13.511
serangoon_north_avenue_1,Serangoon North Avenue 1,3958.0,32356.836,38642.824,23.437,23.437,23.437,3.794,1.0,SERANGOON NORTH AVENUE 1,13.457
serangoon_north_avenue_1,Serangoon North Avenue 1,3960.0,32356.956,38640.827,23.508,23.508,23.508,2.644,1.0,SERANGOON NORTH AVENUE 1,13.335
serangoon_north_avenue_1,Serangoon North Avenue 1,3962.0,32357.075,38638.831,23.524,23.524,23.524,1.566,1.0,SERANGOON NORTH AVENUE 1,13.212
serangoon_north_avenue_1,Serangoon North Avenue 1,3964.0,32357.195,38636.835,23.558,23.558,23.558,0.853,1.0,SERANGOON NORTH AVENUE 1,13.09
serangoon_north_avenue_1,Serangoon North Avenue 1,3966.0,32357.315,38634.838,23.588,23.588,23.562,0.803,1.0,SERANGOON NORTH AVENUE 1,12.968
serangoon_north_avenue_1,Serangoon North Avenue 1,3968.0,32357.434,38632.842,23.576,23.576,23.576,,,SERANGOON NORTH AVENUE 1,12.846
serangoon_north_avenue_1,Serangoon North Avenue 1,3970.0,32357.556,38630.845,23.562,23.562,23.588,,,SERANGOON NORTH AVENUE 1,12.725
serangoon_north_avenue_1,Serangoon North Avenue 1,3972.0,32357.733,38628.853,23.58,23.78,23.78,,,SERANGOON NORTH AVENUE 1,12.661
serangoon_north_avenue_1,Serangoon North Avenue 1,3974.0,32357.911,38626.861,23.609,24.09,24.09,,,SERANGOON NORTH AVENUE 1,12.597
serangoon_north_avenue_1,Serangoon North Avenue 1,3976.0,32358.088,38624.869,23.64,24.4,24.4,,,SERANGOON NORTH AVENUE 1,12.532
serangoon_north_avenue_1,Serangoon North Avenue 1,3978.0,32358.266,38622.877,23.697,24.711,24.711,,,SERANGOON NORTH AVENUE 1,12.468
serangoon_north_avenue_1,Serangoon North Avenue 1,3980.0,32358.444,38620.885,26.302,25.021,24.976,,,SERANGOON NORTH AVENUE 1,12.404
serangoon_north_avenue_1,Serangoon North Avenue 1,3982.0,32358.621,38618.893,26.346,25.21,24.976,,,SERANGOON NORTH AVENUE 1,12.339
serangoon_north_avenue_1,Serangoon North Avenue 1,3984.0,32358.799,38616.901,26.388,24.976,24.976,,,SERANGOON NORTH AVENUE 1,12.275
serangoon_north_avenue_1,Serangoon North Avenue 1,3986.0,32358.976,38614.909,26.432,24.742,24.742,,,SERANGOON NORTH AVENUE 1,12.211
serangoon_north_avenue_1,Serangoon North Avenue 1,3988.0,32359.154,38612.917,26.526,24.508,24.508,,,SERANGOON NORTH AVENUE 1,12.147
serangoon_north_avenue_1,Serangoon North Avenue 1,3990.0,32359.332,38610.924,25.272,24.274,24.274,,,SERANGOON NORTH AVENUE 1,12.082
serangoon_north_avenue_1,Serangoon North Avenue 1,3992.0,32359.461,38608.93,24.04,24.04,24.204,,,SERANGOON NORTH AVENUE 1,11.97
serangoon_north_avenue_1,Serangoon North Avenue 1,3994.0,32359.488,38606.93,24.056,24.056,24.204,,,SERANGOON NORTH AVENUE 1,11.756
serangoon_north_avenue_1,Serangoon North Avenue 1,3996.0,32359.516,38604.93,24.204,24.204,24.204,0.288,1.0,SERANGOON NORTH AVENUE 1,11.541
serangoon_north_avenue_1,Serangoon North Avenue 1,3998.0,32359.543,38602.93,24.232,24.232,24.211,0.356,1.0,SERANGOON NORTH AVENUE 1,11.327
serangoon_north_avenue_1,Serangoon North Avenue 1,4000.0,32359.571,38600.931,24.211,24.211,24.226,0.669,1.0,SERANGOON NORTH AVENUE 1,11.113
serangoon_north_avenue_1,Serangoon North Avenue 1,4002.0,32359.598,38598.931,24.226,24.226,24.232,0.991,1.0,SERANGOON NORTH AVENUE 1,10.898
serangoon_north_avenue_1,Serangoon North Avenue 1,4004.0,32359.73,38596.935,24.257,24.257,24.257,1.197,1.0,SERANGOON NORTH AVENUE 1,10.788
serangoon_north_avenue_1,Serangoon North Avenue 1,4006.0,32359.873,38594.941,24.29,24.29,24.29,1.128,1.0,SERANGOON NORTH AVENUE 1,10.69
serangoon_north_avenue_1,Serangoon North Avenue 1,4008.0,32360.017,38592.946,24.339,24.339,24.322,1.019,1.0,SERANGOON NORTH AVENUE 1,10.592
serangoon_north_avenue_1,Serangoon North Avenue 1,4010.0,32360.161,38590.951,24.341,24.341,24.322,0.634,1.0,SERANGOON NORTH AVENUE 1,10.493
serangoon_north_avenue_1,Serangoon North Avenue 1,4012.0,32360.305,38588.956,24.322,24.322,24.339,0.234,1.0,SERANGOON NORTH AVENUE 1,10.395
serangoon_north_avenue_1,Serangoon North Avenue 1,4014.0,32360.448,38586.961,24.3,24.3,24.341,0.725,1.0,SERANGOON NORTH AVENUE 1,10.297
serangoon_north_avenue_1,Serangoon North Avenue 1,4016.0,32360.685,38584.976,24.341,24.341,24.341,1.294,1.0,SERANGOON NORTH AVENUE 1,10.291
serangoon_north_avenue_1,Serangoon North Avenue 1,4018.0,32360.95,38582.994,24.38,24.38,24.38,2.253,1.0,SERANGOON NORTH AVENUE 1,10.311
serangoon_north_avenue_1,Serangoon North Avenue 1,4020.0,32361.215,38581.011,24.442,24.442,24.442,3.031,1.0,SERANGOON NORTH AVENUE 1,10.331
serangoon_north_avenue_1,Serangoon North Avenue 1,4022.0,32361.479,38579.029,24.521,24.521,24.521,4.727,1.0,SERANGOON NORTH AVENUE 1,10.352
serangoon_north_avenue_1,Serangoon North Avenue 1,4024.0,32361.744,38577.046,24.584,24.584,24.584,6.423,1.0,SERANGOON NORTH AVENUE 1,10.372
serangoon_north_avenue_1,Serangoon North Avenue 1,4026.0,32361.942,38575.058,24.597,24.77,24.77,6.532,1.0,SERANGOON NORTH AVENUE 1,10.324
serangoon_north_avenue_1,Serangoon North Avenue 1,4028.0,32362.042,38573.06,24.956,24.956,24.956,,,SERANGOON NORTH AVENUE 1,10.179
serangoon_north_avenue_1,Serangoon North Avenue 1,4030.0,32362.141,38571.063,25.044,25.044,25.044,,,SERANGOON NORTH AVENUE 1,10.033
serangoon_north_avenue_1,Serangoon North Avenue 1,4032.0,32362.241,38569.065,25.073,25.258,25.258,,,SERANGOON NORTH AVENUE 1,9.887
serangoon_north_avenue_1,Serangoon North Avenue 1,4034.0,32362.341,38567.068,25.245,25.473,25.473,,,SERANGOON NORTH AVENUE 1,9.742
serangoon_north_avenue_1,Serangoon North Avenue 1,4036.0,32362.44,38565.07,25.322,25.687,25.687,,,SERANGOON NORTH AVENUE 1,9.596
serangoon_north_avenue_1,Serangoon North Avenue 1,4038.0,32362.54,38563.073,26.29,25.768,25.704,,,SERANGOON NORTH AVENUE 1,9.451
serangoon_north_avenue_1,Serangoon North Avenue 1,4040.0,32362.64,38561.075,26.369,25.849,25.704,,,SERANGOON NORTH AVENUE 1,9.305
serangoon_north_avenue_1,Serangoon North Avenue 1,4042.0,32362.74,38559.078,26.278,25.704,25.704,,,SERANGOON NORTH AVENUE 1,9.159
serangoon_north_avenue_1,Serangoon North Avenue 1,4044.0,32362.839,38557.08,26.759,25.559,25.559,,,SERANGOON NORTH AVENUE 1,9.014
serangoon_north_avenue_1,Serangoon North Avenue 1,4046.0,32362.939,38555.083,25.298,25.414,25.414,,,SERANGOON NORTH AVENUE 1,8.868
serangoon_north_avenue_1,Serangoon North Avenue 1,4048.0,32363.253,38553.118,25.268,25.268,25.414,,,SERANGOON NORTH AVENUE 1,8.939
serangoon_north_avenue_1,Serangoon North Avenue 1,4050.0,32363.761,38551.184,26.62,25.37,25.414,,,SERANGOON NORTH AVENUE 1,9.206
serangoon_north_avenue_1,Serangoon North Avenue 1,4052.0,32364.268,38549.249,25.306,25.471,25.471,,,SERANGOON NORTH AVENUE 1,9.473
serangoon_north_avenue_1,Serangoon North Avenue 1,4054.0,32364.776,38547.315,25.328,25.929,25.929,,,SERANGOON NORTH AVENUE 1,9.74
serangoon_north_avenue_1,Serangoon North Avenue 1,4056.0,32365.284,38545.38,25.673,26.388,26.388,,,SERANGOON NORTH AVENUE 1,10.007
serangoon_north_avenue_1,Serangoon North Avenue 1,4058.0,32365.909,38543.522,25.862,27.339,27.339,,,SERANGOON NORTH AVENUE 1,10.4
serangoon_north_avenue_1,Serangoon North Avenue 1,4060.0,32367.465,38542.266,25.913,28.29,28.29,,,SERANGOON NORTH AVENUE 1,11.791
serangoon_north_avenue_1,Serangoon North Avenue 1,4062.0,32369.022,38541.01,25.986,29.241,29.241,,,SERANGOON NORTH AVENUE 1,13.182
serangoon_north_avenue_1,Serangoon North Avenue 1,4064.0,32370.578,38539.754,25.751,30.192,30.192,,,SERANGOON NORTH AVENUE 1,14.573
serangoon_north_avenue_1,Serangoon North Avenue 1,4066.0,32372.134,38538.498,33.332,31.144,31.144,,,SERANGOON NORTH AVENUE 1,15.883
serangoon_north_avenue_1,Serangoon North Avenue 1,4068.0,32373.691,38537.242,37.165,32.095,32.095,,,SERANGOON NORTH AVENUE 1,17.078
serangoon_north_avenue_1,Serangoon North Avenue 1,4070.0,32375.247,38535.986,37.156,33.046,32.759,,,SERANGOON NORTH AVENUE 1,18.273
serangoon_north_avenue_1,Serangoon North Avenue 1,4072.0,32376.804,38534.729,34.534,32.902,32.759,,,SERANGOON NORTH AVENUE 1,19.468
serangoon_north_avenue_1,Serangoon North Avenue 1,4074.0,32378.36,38533.473,26.522,32.759,32.759,,,SERANGOON NORTH AVENUE 1,20.053
serangoon_north_avenue_1,Serangoon North Avenue 1,4076.0,32379.916,38532.217,27.262,32.616,32.616,,,SERANGOON NORTH AVENUE 1,20.343
serangoon_north_avenue_1,Serangoon North Avenue 1,4078.0,32381.473,38530.961,26.782,32.473,32.473,,,SERANGOON NORTH AVENUE 1,20.633
serangoon_north_avenue_1,Serangoon North Avenue 1,4080.0,32383.029,38529.705,33.378,32.33,32.33,,,SERANGOON NORTH AVENUE 1,20.923
serangoon_north_avenue_1,Serangoon North Avenue 1,4082.0,32384.585,38528.449,33.214,32.186,32.186,,,SERANGOON NORTH AVENUE 1,21.213
serangoon_north_avenue_1,Serangoon North Avenue 1,4084.0,32386.142,38527.193,26.664,32.043,32.043,,,SERANGOON NORTH AVENUE 1,21.503
serangoon_north_avenue_1,Serangoon North Avenue 1,4086.0,32387.698,38525.937,29.935,31.9,31.9,,,SERANGOON NORTH AVENUE 1,21.654
serangoon_north_avenue_1,Serangoon North Avenue 1,4088.0,32389.255,38524.681,31.348,31.757,31.9,,,SERANGOON NORTH AVENUE 1,21.714
serangoon_north_avenue_1,Serangoon North Avenue 1,4090.0,32390.811,38523.425,26.865,31.613,31.9,,,SERANGOON NORTH AVENUE 1,21.775
serangoon_north_avenue_1,Serangoon North Avenue 1,4092.0,32392.367,38522.169,33.459,31.903,31.903,,,SERANGOON NORTH AVENUE 1,21.771
serangoon_north_avenue_1,Serangoon North Avenue 1,4094.0,32393.924,38520.913,33.535,32.192,32.192,,,SERANGOON NORTH AVENUE 1,21.681
serangoon_north_avenue_1,Serangoon North Avenue 1,4096.0,32395.48,38519.657,31.528,32.481,32.481,,,SERANGOON NORTH AVENUE 1,21.591
serangoon_north_avenue_1,Serangoon North Avenue 1,4098.0,32397.037,38518.401,31.462,32.712,32.712,,,SERANGOON NORTH AVENUE 1,21.5
serangoon_north_avenue_1,Serangoon North Avenue 1,4100.0,32398.593,38517.145,36.492,32.942,32.942,,,SERANGOON NORTH AVENUE 1,21.41
serangoon_north_avenue_1,Serangoon North Avenue 1,4102.0,32400.149,38515.889,33.203,33.173,33.173,,,SERANGOON NORTH AVENUE 1,21.32
serangoon_north_avenue_1,Serangoon North Avenue 1,4104.0,32401.706,38514.633,29.497,33.188,33.188,,,SERANGOON NORTH AVENUE 1,21.229
serangoon_north_avenue_1,Serangoon North Avenue 1,4106.0,32403.262,38513.377,32.138,33.204,33.204,,,SERANGOON NORTH AVENUE 1,21.139
serangoon_north_avenue_1,Serangoon North Avenue 1,4108.0,32404.818,38512.121,36.636,33.219,33.219,,,SERANGOON NORTH AVENUE 1,21.048
serangoon_north_avenue_1,Serangoon North Avenue 1,4110.0,32406.375,38510.865,36.79,33.234,33.234,,,SERANGOON NORTH AVENUE 1,20.958
serangoon_north_avenue_1,Serangoon North Avenue 1,4112.0,32407.931,38509.608,36.848,33.25,33.25,,,SERANGOON NORTH AVENUE 1,20.868
serangoon_north_avenue_1,Serangoon North Avenue 1,4114.0,32409.488,38508.352,36.942,33.265,33.265,,,SERANGOON NORTH AVENUE 1,20.777
serangoon_north_avenue_1,Serangoon North Avenue 1,4116.0,32411.044,38507.096,36.856,33.28,33.28,,,SERANGOON NORTH AVENUE 1,20.687
serangoon_north_avenue_1,Serangoon North Avenue 1,4118.0,32412.6,38505.84,36.873,33.296,33.28,,,SERANGOON NORTH AVENUE 1,20.596
serangoon_north_avenue_1,Serangoon North Avenue 1,4120.0,32414.157,38504.584,25.744,33.311,33.28,,,SERANGOON NORTH AVENUE 1,20.506
serangoon_north_avenue_1,Serangoon North Avenue 1,4122.0,32415.713,38503.328,27.739,33.05,33.05,,,SERANGOON NORTH AVENUE 1,20.416
serangoon_north_avenue_1,Serangoon North Avenue 1,4124.0,32417.27,38502.072,26.188,32.79,32.79,,,SERANGOON NORTH AVENUE 1,20.325
serangoon_north_avenue_1,Serangoon North Avenue 1,4126.0,32418.826,38500.816,25.082,32.529,32.529,,,SERANGOON NORTH AVENUE 1,20.235
serangoon_north_avenue_1,Serangoon North Avenue 1,4128.0,32420.382,38499.56,25.624,32.268,32.268,,,SERANGOON NORTH AVENUE 1,20.145
serangoon_north_avenue_1,Serangoon North Avenue 1,4130.0,32421.939,38498.304,25.532,32.007,32.007,,,SERANGOON NORTH AVENUE 1,20.035
serangoon_north_avenue_1,Serangoon North Avenue 1,4132.0,32423.495,38497.048,31.376,31.746,31.746,,,SERANGOON NORTH AVENUE 1,19.915
serangoon_north_avenue_1,Serangoon North Avenue 1,4134.0,32425.051,38495.792,31.486,31.486,31.486,,,SERANGOON NORTH AVENUE 1,19.795
serangoon_north_avenue_1,Serangoon North Avenue 1,4136.0,32426.608,38494.536,36.696,31.256,31.256,,,SERANGOON NORTH AVENUE 1,19.675
serangoon_north_avenue_1,Serangoon North Avenue 1,4138.0,32428.164,38493.28,36.665,31.027,31.027,-9.016,2.0,SERANGOON NORTH AVENUE 1,19.555
serangoon_north_avenue_1,Serangoon North Avenue 1,4140.0,32429.721,38492.024,30.797,30.797,30.797,,,SERANGOON NORTH AVENUE 1,19.435
serangoon_north_avenue_1,Serangoon North Avenue 1,4142.0,32431.277,38490.768,30.764,30.764,30.764,,,SERANGOON NORTH AVENUE 1,19.315
serangoon_north_avenue_1,Serangoon North Avenue 1,4144.0,32432.833,38489.512,30.731,30.279,30.279,,,SERANGOON NORTH AVENUE 1,19.195
serangoon_north_avenue_1,Serangoon North Avenue 1,4146.0,32434.39,38488.256,30.708,29.793,29.793,,,SERANGOON NORTH AVENUE 1,19.075
serangoon_north_avenue_1,Serangoon North Avenue 1,4148.0,32435.946,38487.0,25.2,29.308,29.308,,,SERANGOON NORTH AVENUE 1,18.955
serangoon_north_avenue_1,Serangoon North Avenue 1,4150.0,32437.503,38485.743,31.209,28.722,28.722,,,SERANGOON NORTH AVENUE 1,18.835
serangoon_north_avenue_1,Serangoon North Avenue 1,4152.0,32439.059,38484.487,30.907,28.137,28.137,,,SERANGOON NORTH AVENUE 1,18.716
serangoon_north_avenue_1,Serangoon North Avenue 1,4154.0,32440.615,38483.231,24.826,27.551,27.551,,,SERANGOON NORTH AVENUE 1,18.596
serangoon_north_avenue_1,Serangoon North Avenue 1,4156.0,32442.172,38481.975,24.824,,26.966,,,SERANGOON NORTH AVENUE 1,18.476
serangoon_north_avenue_1,Serangoon North Avenue 1,4158.0,32443.728,38480.719,24.822,26.38,26.38,,,SERANGOON NORTH AVENUE 1,18.356
serangoon_north_avenue_1,Serangoon North Avenue 1,4160.0,32445.284,38479.463,24.781,25.795,25.795,,,SERANGOON NORTH AVENUE 1,18.213
serangoon_north_avenue_1,Serangoon North Avenue 1,4162.0,32446.841,38478.207,24.588,25.209,25.209,,,SERANGOON NORTH AVENUE 1,17.907
serangoon_north_avenue_1,Serangoon North Avenue 1,4164.0,32448.397,38476.951,24.624,24.624,24.624,,,SERANGOON NORTH AVENUE 1,17.601
serangoon_north_avenue_1,Serangoon North Avenue 1,4166.0,32449.954,38475.695,24.479,24.479,24.52,,,SERANGOON NORTH AVENUE 1,17.294
serangoon_north_avenue_1,Serangoon North Avenue 1,4168.0,32451.51,38474.439,24.52,24.52,24.482,,,SERANGOON NORTH AVENUE 1,16.988
serangoon_north_avenue_1,Serangoon North Avenue 1,4170.0,32453.066,38473.183,24.909,24.482,24.479,-1.448,1.0,SERANGOON NORTH AVENUE 1,16.682
serangoon_north_avenue_1,Serangoon North Avenue 1,4172.0,32454.799,38472.19,24.755,24.443,24.443,-1.028,1.0,SERANGOON NORTH AVENUE 1,16.691
serangoon_north_avenue_1,Serangoon North Avenue 1,4174.0,32456.555,38471.233,24.405,24.405,24.405,,,SERANGOON NORTH AVENUE 1,16.744
serangoon_north_avenue_1,Serangoon North Avenue 1,4176.0,32458.311,38470.277,24.4,24.4,24.4,,,SERANGOON NORTH AVENUE 1,16.797
serangoon_north_avenue_1,Serangoon North Avenue 1,4178.0,32460.067,38469.32,24.319,24.319,24.319,,,SERANGOON NORTH AVENUE 1,16.85
serangoon_north_avenue_1,Serangoon North Avenue 1,4180.0,32461.824,38468.363,24.831,24.305,24.319,,,SERANGOON NORTH AVENUE 1,16.903
serangoon_north_avenue_1,Serangoon North Avenue 1,4182.0,32463.58,38467.406,24.822,24.292,24.319,,,SERANGOON NORTH AVENUE 1,16.956
serangoon_north_avenue_1,Serangoon North Avenue 1,4184.0,32465.336,38466.45,24.278,24.538,24.538,,,SERANGOON NORTH AVENUE 1,17.009
serangoon_north_avenue_1,Serangoon North Avenue 1,4186.0,32467.093,38465.493,24.327,24.784,24.784,,,SERANGOON NORTH AVENUE 1,17.063
serangoon_north_avenue_1,Serangoon North Avenue 1,4188.0,32468.849,38464.536,24.254,25.449,25.449,,,SERANGOON NORTH AVENUE 1,17.116
serangoon_north_avenue_1,Serangoon North Avenue 1,4190.0,32470.605,38463.579,24.27,26.114,26.114,,,SERANGOON NORTH AVENUE 1,17.169
serangoon_north_avenue_1,Serangoon North Avenue 1,4192.0,32472.362,38462.623,24.24,26.779,26.779,,,SERANGOON NORTH AVENUE 1,17.222
serangoon_north_avenue_1,Serangoon North Avenue 1,4194.0,32474.118,38461.666,28.183,27.444,27.444,,,SERANGOON NORTH AVENUE 1,17.275
serangoon_north_avenue_1,Serangoon North Avenue 1,4196.0,32475.874,38460.709,28.192,28.109,28.109,,,SERANGOON NORTH AVENUE 1,17.328
serangoon_north_avenue_1,Serangoon North Avenue 1,4198.0,32477.631,38459.752,28.162,28.774,28.774,,,SERANGOON NORTH AVENUE 1,17.373
serangoon_north_avenue_1,Serangoon North Avenue 1,4200.0,32479.387,38458.796,32.097,,29.106,,,SERANGOON NORTH AVENUE 1,17.402
serangoon_north_avenue_1,Serangoon North Avenue 1,4202.0,32481.143,38457.839,28.152,,29.771,,,SERANGOON NORTH AVENUE 1,17.432
serangoon_north_avenue_1,Serangoon North Avenue 1,4204.0,32482.9,38456.882,32.079,,30.769,,,SERANGOON NORTH AVENUE 1,17.461
serangoon_north_avenue_1,Serangoon North Avenue 1,4206.0,32484.656,38455.926,28.114,,31.766,,,SERANGOON NORTH AVENUE 1,17.491
serangoon_north_avenue_1,Serangoon North Avenue 1,4208.0,32486.412,38454.969,31.94,,32.431,,,SERANGOON NORTH AVENUE 1,17.52
serangoon_north_avenue_1,Serangoon North Avenue 1,4210.0,32488.169,38454.012,31.888,32.764,32.764,,,SERANGOON NORTH AVENUE 1,17.55
serangoon_north_avenue_1,Serangoon North Avenue 1,4212.0,32489.925,38453.055,35.748,33.429,33.429,,,SERANGOON NORTH AVENUE 1,17.579
serangoon_north_avenue_1,Serangoon North Avenue 1,4214.0,32491.681,38452.099,35.726,34.093,34.093,,,SERANGOON NORTH AVENUE 1,17.609
serangoon_north_avenue_1,Serangoon North Avenue 1,4216.0,32493.438,38451.142,35.696,34.758,34.093,,,SERANGOON NORTH AVENUE 1,17.638
serangoon_north_avenue_1,Serangoon North Avenue 1,4218.0,32495.194,38450.185,35.658,34.212,34.093,,,SERANGOON NORTH AVENUE 1,17.668
serangoon_north_avenue_1,Serangoon North Avenue 1,4220.0,32496.95,38449.228,35.576,33.666,33.666,,,SERANGOON NORTH AVENUE 1,17.697
serangoon_north_avenue_1,Serangoon North Avenue 1,4222.0,32498.707,38448.272,35.625,33.119,33.119,,,SERANGOON NORTH AVENUE 1,17.727
serangoon_north_avenue_1,Serangoon North Avenue 1,4224.0,32500.463,38447.315,35.637,32.573,32.573,,,SERANGOON NORTH AVENUE 1,17.756
serangoon_north_avenue_1,Serangoon North Avenue 1,4226.0,32502.219,38446.358,27.972,32.026,32.026,,,SERANGOON NORTH AVENUE 1,17.786
serangoon_north_avenue_1,Serangoon North Avenue 1,4228.0,32503.975,38445.401,24.33,31.48,31.48,,,SERANGOON NORTH AVENUE 1,17.815
serangoon_north_avenue_1,Serangoon North Avenue 1,4230.0,32502.916,38446.468,27.974,30.934,30.934,,,SERANGOON NORTH AVENUE 1,18.223
serangoon_north_avenue_1,Serangoon North Avenue 1,4232.0,32501.448,38447.827,31.932,30.09,30.09,,,SERANGOON NORTH AVENUE 1,18.686
serangoon_north_avenue_1,Serangoon North Avenue 1,4234.0,32499.981,38449.186,27.844,29.247,29.247,,,SERANGOON NORTH AVENUE 1,19.149
serangoon_north_avenue_1,Serangoon North Avenue 1,4236.0,32498.513,38450.545,24.876,28.403,28.403,,,SERANGOON NORTH AVENUE 1,19.612
serangoon_north_avenue_1,Serangoon North Avenue 1,4238.0,32497.046,38451.904,27.736,27.56,27.56,,,SERANGOON NORTH AVENUE 1,20.074
serangoon_north_avenue_1,Serangoon North Avenue 1,4240.0,32495.579,38453.262,27.63,26.717,26.717,,,SERANGOON NORTH AVENUE 1,20.537
serangoon_north_avenue_1,Serangoon North Avenue 1,4242.0,32494.111,38454.621,27.639,25.873,25.873,,,SERANGOON NORTH AVENUE 1,21.0
serangoon_north_avenue_1,Serangoon North Avenue 1,4244.0,32492.644,38455.98,24.178,25.03,25.03,,,SERANGOON NORTH AVENUE 1,21.463
serangoon_north_avenue_1,Serangoon North Avenue 1,4246.0,32491.177,38457.339,24.186,24.186,25.03,,,SERANGOON NORTH AVENUE 1,21.926
serangoon_north_avenue_1,Serangoon North Avenue 1,4248.0,32489.709,38458.698,24.094,24.692,25.03,,,SERANGOON NORTH AVENUE 1,22.388
serangoon_north_avenue_1,Serangoon North Avenue 1,4250.0,32488.242,38460.057,24.136,25.197,25.197,,,SERANGOON NORTH AVENUE 1,22.851
serangoon_north_avenue_1,Serangoon North Avenue 1,4252.0,32486.774,38461.416,24.084,25.702,25.702,,,SERANGOON NORTH AVENUE 1,23.314
serangoon_north_avenue_1,Serangoon North Avenue 1,4254.0,32485.307,38462.775,24.13,26.597,26.597,,,SERANGOON NORTH AVENUE 1,23.777
serangoon_north_avenue_1,Serangoon North Avenue 1,4256.0,32483.84,38464.134,24.214,27.492,27.492,,,SERANGOON NORTH AVENUE 1,24.239
serangoon_north_avenue_1,Serangoon North Avenue 1,4258.0,32482.372,38465.493,24.148,28.387,28.387,,,SERANGOON NORTH AVENUE 1,24.702
serangoon_north_avenue_1,Serangoon North Avenue 1,4260.0,32480.905,38466.852,36.258,29.282,29.282,,,SERANGOON NORTH AVENUE 1,25.165
serangoon_north_avenue_1,Serangoon North Avenue 1,4262.0,32479.437,38468.211,48.458,30.177,29.952,,,SERANGOON NORTH AVENUE 1,25.605
serangoon_north_avenue_1,Serangoon North Avenue 1,4264.0,32477.97,38469.57,48.963,30.065,29.952,,,SERANGOON NORTH AVENUE 1,26.045
serangoon_north_avenue_1,Serangoon North Avenue 1,4266.0,32476.503,38470.929,48.963,29.952,29.952,,,SERANGOON NORTH AVENUE 1,26.485
serangoon_north_avenue_1,Serangoon North Avenue 1,4268.0,32475.035,38472.288,,29.84,29.84,,,SERANGOON NORTH AVENUE 1,26.924
serangoon_north_avenue_1,Serangoon North Avenue 1,4270.0,32473.568,38473.647,,29.728,29.728,,,SERANGOON NORTH AVENUE 1,27.364
serangoon_north_avenue_1,Serangoon North Avenue 1,4272.0,32472.101,38475.006,,29.616,29.616,,,SERANGOON NORTH AVENUE 1,27.804
serangoon_north_avenue_1,Serangoon North Avenue 1,4274.0,32470.633,38476.365,,29.503,29.503,,,SERANGOON NORTH AVENUE 1,28.244
serangoon_north_avenue_1,Serangoon North Avenue 1,4276.0,32469.166,38477.724,,29.391,29.391,,,SERANGOON NORTH AVENUE 1,28.684
serangoon_north_avenue_1,Serangoon North Avenue 1,4278.0,32467.698,38479.083,,29.279,29.279,,,SERANGOON NORTH AVENUE 1,29.124
serangoon_north_avenue_1,Serangoon North Avenue 1,4280.0,32466.231,38480.442,,29.167,29.167,,,SERANGOON NORTH AVENUE 1,29.564
serangoon_north_avenue_1,Serangoon North Avenue 1,4282.0,32464.764,38481.801,,29.054,29.054,,,SERANGOON NORTH AVENUE 1,30.003
serangoon_north_avenue_1,Serangoon North Avenue 1,4284.0,32463.296,38483.16,,28.942,28.942,,,SERANGOON NORTH AVENUE 1,30.443
serangoon_north_avenue_1,Serangoon North Avenue 1,4286.0,32461.829,38484.519,,28.83,28.83,,,SERANGOON NORTH AVENUE 1,30.883
serangoon_north_avenue_1,Serangoon North Avenue 1,4288.0,32460.361,38485.878,31.738,28.718,28.718,,,SERANGOON NORTH AVENUE 1,31.323
serangoon_north_avenue_1,Serangoon North Avenue 1,4290.0,32458.894,38487.237,29.878,28.605,28.605,,,SERANGOON NORTH AVENUE 1,31.763
serangoon_north_avenue_1,Serangoon North Avenue 1,4292.0,32457.427,38488.596,28.928,28.493,28.497,,,SERANGOON NORTH AVENUE 1,32.203
serangoon_north_avenue_1,Serangoon North Avenue 1,4294.0,32455.959,38489.954,28.104,28.381,28.497,,,SERANGOON NORTH AVENUE 1,32.643
serangoon_north_avenue_1,Serangoon North Avenue 1,4296.0,32454.492,38491.313,28.268,28.497,28.497,,,SERANGOON NORTH AVENUE 1,33.083
serangoon_north_avenue_1,Serangoon North Avenue 1,4298.0,32453.025,38492.672,28.164,28.716,28.716,,,SERANGOON NORTH AVENUE 1,33.485
serangoon_north_avenue_1,Serangoon North Avenue 1,4300.0,32451.557,38494.031,28.692,28.978,28.978,,,SERANGOON NORTH AVENUE 1,33.74
serangoon_north_avenue_1,Serangoon North Avenue 1,4302.0,32450.09,38495.39,29.358,29.239,29.239,,,SERANGOON NORTH AVENUE 1,33.996
serangoon_north_avenue_1,Serangoon North Avenue 1,4304.0,32448.622,38496.749,30.779,29.533,29.533,,,SERANGOON NORTH AVENUE 1,34.251
serangoon_north_avenue_1,Serangoon North Avenue 1,4306.0,32447.155,38498.108,31.14,29.827,29.827,,,SERANGOON NORTH AVENUE 1,34.507
serangoon_north_avenue_1,Serangoon North Avenue 1,4308.0,32445.688,38499.467,31.14,30.121,30.121,,,SERANGOON NORTH AVENUE 1,34.762
serangoon_north_avenue_1,Serangoon North Avenue 1,4310.0,32444.22,38500.826,38.372,30.393,30.29,,,SERANGOON NORTH AVENUE 1,35.017
serangoon_north_avenue_1,Serangoon North Avenue 1,4312.0,32442.753,38502.185,38.372,30.341,30.29,,,SERANGOON NORTH AVENUE 1,35.273
serangoon_north_avenue_1,Serangoon North Avenue 1,4314.0,32441.285,38503.544,30.428,30.29,30.29,,,SERANGOON NORTH AVENUE 1,35.528
serangoon_north_avenue_1,Serangoon North Avenue 1,4316.0,32439.818,38504.903,30.485,29.765,29.765,,,SERANGOON NORTH AVENUE 1,35.783
serangoon_north_avenue_1,Serangoon North Avenue 1,4318.0,32438.351,38506.262,30.406,29.239,29.239,,,SERANGOON NORTH AVENUE 1,36.039
serangoon_north_avenue_1,Serangoon North Avenue 1,4320.0,32436.883,38507.621,30.223,28.713,28.713,,,SERANGOON NORTH AVENUE 1,36.294
serangoon_north_avenue_1,Serangoon North Avenue 1,4322.0,32435.416,38508.98,30.166,,28.188,,,SERANGOON NORTH AVENUE 1,36.55
serangoon_north_avenue_1,Serangoon North Avenue 1,4324.0,32433.949,38510.339,26.161,27.662,27.662,,,SERANGOON NORTH AVENUE 1,36.805
serangoon_north_avenue_1,Serangoon North Avenue 1,4326.0,32432.481,38511.698,25.834,27.137,27.137,,,SERANGOON NORTH AVENUE 1,37.06
serangoon_north_avenue_1,Serangoon North Avenue 1,4328.0,32431.014,38513.057,26.102,26.611,26.611,,,SERANGOON NORTH AVENUE 1,37.316
serangoon_north_avenue_1,Serangoon North Avenue 1,4330.0,32429.546,38514.416,26.086,26.086,26.217,,,SERANGOON NORTH AVENUE 1,37.542
serangoon_north_avenue_1,Serangoon North Avenue 1,4332.0,32428.079,38515.775,26.59,26.151,26.217,,,SERANGOON NORTH AVENUE 1,37.768
serangoon_north_avenue_1,Serangoon North Avenue 1,4334.0,32426.612,38517.134,26.59,26.217,26.217,,,SERANGOON NORTH AVENUE 1,37.994
serangoon_north_avenue_1,Serangoon North Avenue 1,4336.0,32425.144,38518.493,26.283,26.283,26.283,,,SERANGOON NORTH AVENUE 1,38.22
serangoon_north_avenue_1,Serangoon North Avenue 1,4338.0,32423.677,38519.852,26.268,26.477,26.477,,,SERANGOON NORTH AVENUE 1,38.446
serangoon_north_avenue_1,Serangoon North Avenue 1,4340.0,32422.209,38521.211,26.366,26.743,26.743,,,SERANGOON NORTH AVENUE 1,38.672
serangoon_north_avenue_1,Serangoon North Avenue 1,4342.0,32420.742,38522.57,26.761,27.008,27.008,,,SERANGOON NORTH AVENUE 1,38.898
serangoon_north_avenue_1,Serangoon North Avenue 1,4344.0,32419.275,38523.929,26.648,27.284,27.284,,,SERANGOON NORTH AVENUE 1,39.124
serangoon_north_avenue_1,Serangoon North Avenue 1,4346.0,32417.807,38525.288,28.244,27.56,27.56,,,SERANGOON NORTH AVENUE 1,39.35
serangoon_north_avenue_1,Serangoon North Avenue 1,4348.0,32416.34,38526.647,28.752,27.835,27.835,,,SERANGOON NORTH AVENUE 1,39.576
serangoon_north_avenue_1,Serangoon North Avenue 1,4350.0,32414.873,38528.005,,28.111,28.111,,,SERANGOON NORTH AVENUE 1,39.802
serangoon_north_avenue_1,Serangoon North Avenue 1,4352.0,32413.405,38529.364,,28.387,28.387,,,SERANGOON NORTH AVENUE 1,40.028
serangoon_north_avenue_1,Serangoon North Avenue 1,4354.0,32411.938,38530.723,,28.662,28.602,,,SERANGOON NORTH AVENUE 1,40.254
serangoon_north_avenue_1,Serangoon North Avenue 1,4356.0,32410.47,38532.082,,28.632,28.602,,,SERANGOON NORTH AVENUE 1,40.48
serangoon_north_avenue_1,Serangoon North Avenue 1,4358.0,32409.003,38533.441,,28.602,28.602,-0.751,1.0,SERANGOON NORTH AVENUE 1,40.706
serangoon_north_avenue_1,Serangoon North Avenue 1,4360.0,32407.536,38534.8,,28.572,28.572,-1.127,1.0,SERANGOON NORTH AVENUE 1,40.932
serangoon_north_avenue_1,Serangoon North Avenue 1,4362.0,32406.068,38536.159,,28.542,28.542,-1.502,1.0,SERANGOON NORTH AVENUE 1,41.158
serangoon_north_avenue_1,Serangoon North Avenue 1,4364.0,32404.601,38537.518,,28.512,28.512,-1.502,1.0,SERANGOON NORTH AVENUE 1,41.384
serangoon_north_avenue_1,Serangoon North Avenue 1,4366.0,32403.133,38538.877,,28.482,28.482,-1.502,1.0,SERANGOON NORTH AVENUE 1,41.526
serangoon_north_avenue_1,Serangoon North Avenue 1,4368.0,32401.666,38540.236,,28.452,28.452,-1.502,1.0,SERANGOON NORTH AVENUE 1,41.602
serangoon_north_avenue_1,Serangoon North Avenue 1,4370.0,32400.199,38541.595,,28.422,28.422,-1.502,1.0,SERANGOON NORTH AVENUE 1,41.602
serangoon_north_avenue_1,Serangoon North Avenue 1,4372.0,32398.731,38542.954,,28.392,28.392,-1.502,1.0,SERANGOON NORTH AVENUE 1,41.447
serangoon_north_avenue_1,Serangoon North Avenue 1,4374.0,32397.264,38544.313,,28.362,28.362,-1.502,1.0,SERANGOON NORTH AVENUE 1,41.292
serangoon_north_avenue_1,Serangoon North Avenue 1,4376.0,32395.797,38545.672,,28.332,28.332,-1.502,1.0,SERANGOON NORTH AVENUE 1,40.326
serangoon_north_avenue_1,Serangoon North Avenue 1,4378.0,32394.329,38547.031,,28.302,28.302,-1.502,1.0,SERANGOON NORTH AVENUE 1,39.036
serangoon_north_avenue_1,Serangoon North Avenue 1,4380.0,32392.862,38548.39,,28.272,28.272,-1.502,1.0,SERANGOON NORTH AVENUE 1,37.746
serangoon_north_avenue_1,Serangoon North Avenue 1,4382.0,32391.394,38549.749,,28.242,28.242,-1.502,1.0,SERANGOON NORTH AVENUE 1,36.456
serangoon_north_avenue_1,Serangoon North Avenue 1,4384.0,32389.927,38551.108,,28.212,28.212,-1.502,1.0,SERANGOON NORTH AVENUE 1,35.166
serangoon_north_avenue_1,Serangoon North Avenue 1,4386.0,32388.46,38552.467,,28.182,28.182,-1.502,1.0,SERANGOON NORTH AVENUE 1,33.876
serangoon_north_avenue_1,Serangoon North Avenue 1,4388.0,32386.992,38553.826,,28.152,28.152,-1.502,1.0,SERANGOON NORTH AVENUE 1,32.586
serangoon_north_avenue_1,Serangoon North Avenue 1,4390.0,32385.525,38555.185,,28.122,28.122,-1.502,1.0,SERANGOON NORTH AVENUE 1,31.296
serangoon_north_avenue_1,Serangoon North Avenue 1,4392.0,32384.057,38556.544,,28.092,28.092,-1.502,1.0,SERANGOON NORTH AVENUE 1,30.006
serangoon_north_avenue_1,Serangoon North Avenue 1,4394.0,32382.59,38557.903,,28.062,28.062,-1.502,1.0,SERANGOON NORTH AVENUE 1,28.716
serangoon_north_avenue_1,Serangoon North Avenue 1,4396.0,32381.123,38559.262,,28.032,28.032,-1.502,1.0,SERANGOON NORTH AVENUE 1,27.427
serangoon_north_avenue_1,Serangoon North Avenue 1,4398.0,32379.655,38560.621,,28.001,28.001,,,SERANGOON NORTH AVENUE 1,26.137
serangoon_north_avenue_1,Serangoon North Avenue 1,4400.0,32378.188,38561.98,,27.971,27.971,,,SERANGOON NORTH AVENUE 1,24.847
serangoon_north_avenue_1,Serangoon North Avenue 1,4402.0,32376.721,38563.339,49.123,27.64,27.64,,,SERANGOON NORTH AVENUE 1,23.557
serangoon_north_avenue_1,Serangoon North Avenue 1,4404.0,32375.253,38564.697,49.123,27.309,27.309,,,SERANGOON NORTH AVENUE 1,22.267
serangoon_north_avenue_1,Serangoon North Avenue 1,4406.0,32373.786,38566.056,27.881,26.977,26.977,,,SERANGOON NORTH AVENUE 1,20.977
serangoon_north_avenue_1,Serangoon North Avenue 1,4408.0,32372.318,38567.415,28.725,,26.646,,,SERANGOON NORTH AVENUE 1,19.687
serangoon_north_avenue_1,Serangoon North Avenue 1,4410.0,32370.851,38568.774,28.441,,26.315,,,SERANGOON NORTH AVENUE 1,18.397
serangoon_north_avenue_1,Serangoon North Avenue 1,4412.0,32369.384,38570.133,29.659,,25.983,,,SERANGOON NORTH AVENUE 1,17.107
serangoon_north_avenue_1,Serangoon North Avenue 1,4414.0,32367.916,38571.492,24.925,25.652,25.652,,,SERANGOON NORTH AVENUE 1,15.817
serangoon_north_avenue_1,Serangoon North Avenue 1,4416.0,32366.449,38572.851,24.88,25.32,25.32,,,SERANGOON NORTH AVENUE 1,14.527
serangoon_north_avenue_1,Serangoon North Avenue 1,4418.0,32364.981,38574.21,24.68,24.989,24.989,,,SERANGOON NORTH AVENUE 1,13.237
serangoon_north_avenue_1,Serangoon North Avenue 1,4420.0,32363.514,38575.569,24.658,24.658,24.658,,,SERANGOON NORTH AVENUE 1,11.947
serangoon_north_avenue_1,Serangoon North Avenue 1,4422.0,32362.047,38576.928,24.623,24.623,24.623,,,SERANGOON NORTH AVENUE 1,10.657
serangoon_north_avenue_1,Serangoon North Avenue 1,4424.0,32360.579,38578.287,24.474,24.474,24.518,-1.744,1.0,SERANGOON NORTH AVENUE 1,9.367
serangoon_north_avenue_1,Serangoon North Avenue 1,4426.0,32359.112,38579.646,24.489,24.489,24.518,-1.156,1.0,SERANGOON NORTH AVENUE 1,8.077
serangoon_north_avenue_1,Serangoon North Avenue 1,4428.0,32357.645,38581.005,24.518,24.518,24.518,0.153,1.0,SERANGOON NORTH AVENUE 1,6.788
serangoon_north_avenue_1,Serangoon North Avenue 1,4430.0,32356.177,38582.364,24.532,24.532,24.53,0.175,1.0,SERANGOON NORTH AVENUE 1,5.498
serangoon_north_avenue_1,Serangoon North Avenue 1,4432.0,32354.71,38583.723,24.536,24.536,24.53,0.228,1.0,SERANGOON NORTH AVENUE 1,4.208
serangoon_north_avenue_1,Serangoon North Avenue 1,4434.0,32353.242,38585.082,24.53,24.53,24.532,0.1,1.0,SERANGOON NORTH AVENUE 1,2.917
serangoon_north_avenue_1,Serangoon North Avenue 1,4436.0,32351.775,38586.441,24.53,24.53,24.536,0.094,1.0,SERANGOON NORTH AVENUE 1,1.624
serangoon_north_avenue_1,Serangoon North Avenue 1,4438.0,32350.308,38587.8,24.539,24.539,24.538,0.072,1.0,SERANGOON NORTH AVENUE 1,0.332
serangoon_north_avenue_1,Serangoon North Avenue 1,4440.0,32348.84,38589.159,24.604,24.604,24.538,0.019,1.0,SERANGOON NORTH AVENUE 1,0.961
serangoon_north_avenue_1,Serangoon North Avenue 1,4442.0,32347.373,38590.518,29.345,24.538,24.538,-0.219,1.0,SERANGOON NORTH AVENUE 1,2.253
serangoon_north_avenue_1,Serangoon North Avenue 1,4444.0,32345.905,38591.877,24.472,24.472,24.538,-0.819,1.0,SERANGOON NORTH AVENUE 1,3.546
serangoon_north_avenue_1,Serangoon North Avenue 1,4446.0,32344.438,38593.236,24.384,24.384,24.52,-1.306,1.0,SERANGOON NORTH AVENUE 1,4.838
serangoon_north_avenue_1,Serangoon North Avenue 1,4448.0,32342.971,38594.595,24.544,24.544,24.472,-1.306,1.0,SERANGOON NORTH AVENUE 1,6.131
serangoon_north_avenue_1,Serangoon North Avenue 1,4450.0,32341.503,38595.954,24.52,24.52,24.434,-2.175,1.0,SERANGOON NORTH AVENUE 1,7.423
serangoon_north_avenue_1,Serangoon North Avenue 1,4452.0,32340.036,38597.313,27.618,24.434,24.434,-2.206,1.0,SERANGOON NORTH AVENUE 1,8.716
serangoon_north_avenue_1,Serangoon North Avenue 1,4454.0,32338.569,38598.672,24.346,24.346,24.346,-2.425,1.0,SERANGOON NORTH AVENUE 1,10.008
serangoon_north_avenue_1,Serangoon North Avenue 1,4456.0,32337.101,38600.031,24.296,24.296,24.296,-2.631,1.0,SERANGOON NORTH AVENUE 1,11.301
serangoon_north_avenue_1,Serangoon North Avenue 1,4458.0,32336.776,38601.965,24.24,24.24,24.24,-2.25,1.0,SERANGOON NORTH AVENUE 1,11.39
serangoon_north_avenue_1,Serangoon North Avenue 1,4460.0,32336.558,38603.953,24.223,24.223,24.223,-2.203,1.0,SERANGOON NORTH AVENUE 1,11.367
serangoon_north_avenue_1,Serangoon North Avenue 1,4462.0,32336.34,38605.941,24.166,24.166,24.166,-1.956,1.0,SERANGOON NORTH AVENUE 1,11.343
serangoon_north_avenue_1,Serangoon North Avenue 1,4464.0,32336.122,38607.929,24.12,24.12,24.12,-2.281,1.0,SERANGOON NORTH AVENUE 1,11.319
serangoon_north_avenue_1,Serangoon North Avenue 1,4466.0,32335.904,38609.917,24.083,24.083,24.083,-2.194,1.0,SERANGOON NORTH AVENUE 1,11.296
serangoon_north_avenue_1,Serangoon North Avenue 1,4468.0,32335.691,38611.906,24.04,24.04,24.04,-1.953,1.0,SERANGOON NORTH AVENUE 1,11.267
serangoon_north_avenue_1,Serangoon North Avenue 1,4470.0,32335.503,38613.897,23.991,23.991,23.991,-2.231,1.0,SERANGOON NORTH AVENUE 1,11.213
serangoon_north_avenue_1,Serangoon North Avenue 1,4472.0,32335.316,38615.888,23.964,23.964,23.964,-2.234,1.0,SERANGOON NORTH AVENUE 1,11.159
serangoon_north_avenue_1,Serangoon North Avenue 1,4474.0,32335.128,38617.879,23.904,23.904,23.904,-2.106,1.0,SERANGOON NORTH AVENUE 1,11.104
serangoon_north_avenue_1,Serangoon North Avenue 1,4476.0,32334.94,38619.87,23.862,23.862,23.862,-2.506,1.0,SERANGOON NORTH AVENUE 1,11.05
serangoon_north_avenue_1,Serangoon North Avenue 1,4478.0,32334.753,38621.861,23.822,23.822,23.822,-2.269,1.0,SERANGOON NORTH AVENUE 1,10.996
serangoon_north_avenue_1,Serangoon North Avenue 1,4480.0,32334.552,38623.851,23.763,23.763,23.763,-2.459,1.0,SERANGOON NORTH AVENUE 1,10.955
serangoon_north_avenue_1,Serangoon North Avenue 1,4482.0,32334.344,38625.84,23.723,23.723,23.723,-2.381,1.0,SERANGOON NORTH AVENUE 1,10.922
serangoon_north_avenue_1,Serangoon North Avenue 1,4484.0,32334.136,38627.83,23.665,23.665,23.665,-2.05,1.0,SERANGOON NORTH AVENUE 1,10.888
serangoon_north_avenue_1,Serangoon North Avenue 1,4486.0,32333.928,38629.819,27.795,23.632,23.632,-1.962,1.0,SERANGOON NORTH AVENUE 1,10.854
serangoon_north_avenue_1,Serangoon North Avenue 1,4488.0,32333.757,38631.811,28.398,23.599,23.599,-1.969,1.0,SERANGOON NORTH AVENUE 1,10.783
serangoon_north_avenue_1,Serangoon North Avenue 1,4490.0,32333.596,38633.805,23.566,23.566,23.566,-1.775,1.0,SERANGOON NORTH AVENUE 1,10.702
serangoon_north_avenue_1,Serangoon North Avenue 1,4492.0,32333.434,38635.798,23.508,23.508,23.508,-1.891,1.0,SERANGOON NORTH AVENUE 1,10.622
serangoon_north_avenue_1,Serangoon North Avenue 1,4494.0,32333.273,38637.792,23.49,23.49,23.49,-1.927,1.0,SERANGOON NORTH AVENUE 1,10.541
serangoon_north_avenue_1,Serangoon North Avenue 1,4496.0,32333.112,38639.785,23.448,23.448,23.448,-1.645,1.0,SERANGOON NORTH AVENUE 1,10.46
serangoon_north_avenue_1,Serangoon North Avenue 1,4498.0,32332.951,38641.779,25.849,23.412,23.412,-1.875,1.0,SERANGOON NORTH AVENUE 1,10.389
serangoon_north_avenue_1,Serangoon North Avenue 1,4500.0,32332.809,38643.772,25.643,23.376,23.376,-1.791,1.0,SERANGOON NORTH AVENUE 1,10.542
serangoon_north_avenue_1,Serangoon North Avenue 1,4502.0,32333.023,38645.761,23.34,23.34,23.34,-1.617,1.0,SERANGOON NORTH AVENUE 1,10.41
serangoon_north_avenue_1,Serangoon North Avenue 1,4504.0,32333.237,38647.749,23.304,23.304,23.304,-1.168,1.0,SERANGOON NORTH AVENUE 1,10.277
serangoon_north_avenue_1,Serangoon North Avenue 1,4506.0,32333.452,38649.738,23.282,23.282,23.282,-0.75,1.0,SERANGOON NORTH AVENUE 1,10.145
serangoon_north_avenue_1,Serangoon North Avenue 1,4508.0,32333.666,38651.726,23.28,23.28,23.282,-0.388,1.0,SERANGOON NORTH AVENUE 1,10.012
serangoon_north_avenue_1,Serangoon North Avenue 1,4510.0,32333.881,38653.715,23.272,23.272,23.28,-0.131,1.0,SERANGOON NORTH AVENUE 1,9.88
serangoon_north_avenue_1,Serangoon North Avenue 1,4512.0,32334.095,38655.703,23.313,23.313,23.274,-1.059,1.0,SERANGOON NORTH AVENUE 1,9.747
serangoon_north_avenue_1,Serangoon North Avenue 1,4514.0,32334.309,38657.691,23.274,23.274,23.272,-1.275,1.0,SERANGOON NORTH AVENUE 1,9.682
serangoon_north_avenue_1,Serangoon North Avenue 1,4516.0,32334.524,38659.68,23.198,23.198,23.198,-1.675,1.0,SERANGOON NORTH AVENUE 1,9.836
serangoon_north_avenue_1,Serangoon North Avenue 1,4518.0,32334.738,38661.668,23.178,23.178,23.178,-2.006,1.0,SERANGOON NORTH AVENUE 1,9.994
serangoon_north_avenue_1,Serangoon North Avenue 1,4520.0,32334.952,38663.657,23.14,23.14,23.14,-1.187,1.0,SERANGOON NORTH AVENUE 1,10.153
serangoon_north_avenue_1,Serangoon North Avenue 1,4522.0,32335.473,38665.571,23.112,23.112,23.112,-1.047,1.0,SERANGOON NORTH AVENUE 1,9.996
serangoon_north_avenue_1,Serangoon North Avenue 1,4524.0,32336.189,38667.439,23.103,23.103,23.103,,,SERANGOON NORTH AVENUE 1,9.639
serangoon_north_avenue_1,Serangoon North Avenue 1,4526.0,32336.905,38669.306,23.094,23.094,23.094,,,SERANGOON NORTH AVENUE 1,9.282
serangoon_north_avenue_1,Serangoon North Avenue 1,4528.0,32337.621,38671.174,23.883,23.076,23.076,-0.775,1.0,SERANGOON NORTH AVENUE 1,9.031
serangoon_north_avenue_1,Serangoon North Avenue 1,4530.0,32338.338,38673.041,23.057,23.059,23.059,-1.038,1.0,SERANGOON NORTH AVENUE 1,9.153
serangoon_north_avenue_1,Serangoon North Avenue 1,4532.0,32339.054,38674.909,23.041,23.041,23.041,,,SERANGOON NORTH AVENUE 1,9.34
serangoon_north_avenue_1,Serangoon North Avenue 1,4534.0,32339.77,38676.776,23.011,23.011,23.011,,,SERANGOON NORTH AVENUE 1,9.526
serangoon_north_avenue_1,Serangoon North Avenue 1,4536.0,32340.72,38678.528,22.985,22.985,22.985,-1.856,1.0,SERANGOON NORTH AVENUE 1,9.451
serangoon_north_avenue_1,Serangoon North Avenue 1,4538.0,32341.764,38680.234,22.941,22.941,22.941,-1.878,1.0,SERANGOON NORTH AVENUE 1,9.272
serangoon_north_avenue_1,Serangoon North Avenue 1,4540.0,32342.809,38681.939,22.892,22.892,22.892,-3.169,1.0,SERANGOON NORTH AVENUE 1,9.092
serangoon_north_avenue_1,Serangoon North Avenue 1,4542.0,32343.853,38683.645,22.861,22.861,22.861,-4.166,1.0,SERANGOON NORTH AVENUE 1,8.912
serangoon_north_avenue_1,Serangoon North Avenue 1,4544.0,32345.054,38685.242,22.731,22.731,22.731,-4.047,1.0,SERANGOON NORTH AVENUE 1,8.544
serangoon_north_avenue_1,Serangoon North Avenue 1,4546.0,32346.286,38686.818,22.608,22.608,22.608,-3.656,1.0,SERANGOON NORTH AVENUE 1,8.139
serangoon_north_avenue_1,Serangoon North Avenue 1,4548.0,32347.517,38688.394,22.568,22.568,22.568,-2.034,1.0,SERANGOON NORTH AVENUE 1,7.854
serangoon_north_avenue_1,Serangoon North Avenue 1,4550.0,32348.749,38689.969,22.544,22.544,22.568,-0.8,1.0,SERANGOON NORTH AVENUE 1,7.632
serangoon_north_avenue_1,Serangoon North Avenue 1,4552.0,32349.981,38691.545,22.498,22.498,22.568,-0.344,1.0,SERANGOON NORTH AVENUE 1,7.411
serangoon_north_avenue_1,Serangoon North Avenue 1,4554.0,32351.271,38693.072,22.615,22.615,22.544,-0.344,1.0,SERANGOON NORTH AVENUE 1,7.115
serangoon_north_avenue_1,Serangoon North Avenue 1,4556.0,32352.578,38694.586,22.698,22.698,22.541,-1.103,1.0,SERANGOON NORTH AVENUE 1,7.107
serangoon_north_avenue_1,Serangoon North Avenue 1,4558.0,32353.885,38696.1,22.541,22.541,22.541,-1.325,1.0,SERANGOON NORTH AVENUE 1,7.421
serangoon_north_avenue_1,Serangoon North Avenue 1,4560.0,32355.192,38697.614,22.48,22.48,22.48,-1.85,1.0,SERANGOON NORTH AVENUE 1,7.737
serangoon_north_avenue_1,Serangoon North Avenue 1,4562.0,32356.705,38698.902,22.438,22.438,22.438,-2.1,1.0,SERANGOON NORTH AVENUE 1,7.746
serangoon_north_avenue_1,Serangoon North Avenue 1,4564.0,32358.332,38700.065,22.393,22.393,22.393,-2.091,1.0,SERANGOON NORTH AVENUE 1,7.588
serangoon_north_avenue_1,Serangoon North Avenue 1,4566.0,32359.959,38701.228,22.373,22.373,22.373,-1.556,1.0,SERANGOON NORTH AVENUE 1,7.429
serangoon_north_avenue_1,Serangoon North Avenue 1,4568.0,32361.586,38702.392,22.313,22.313,22.313,-1.0,1.0,SERANGOON NORTH AVENUE 1,7.342
serangoon_north_avenue_1,Serangoon North Avenue 1,4570.0,32363.213,38703.555,26.345,22.259,22.313,-0.083,1.0,SERANGOON NORTH AVENUE 1,7.359
serangoon_north_avenue_1,Serangoon North Avenue 1,4572.0,32364.84,38704.718,22.205,22.205,22.313,2.688,1.0,SERANGOON NORTH AVENUE 1,7.375
serangoon_north_avenue_1,Serangoon North Avenue 1,4574.0,32366.467,38705.882,22.158,22.366,22.366,4.709,1.0,SERANGOON NORTH AVENUE 1,7.392
serangoon_north_avenue_1,Serangoon North Avenue 1,4576.0,32368.093,38707.045,28.825,22.528,22.528,,,SERANGOON NORTH AVENUE 1,7.409
serangoon_north_avenue_1,Serangoon North Avenue 1,4578.0,32369.72,38708.208,28.792,22.69,22.69,,,SERANGOON NORTH AVENUE 1,7.653
serangoon_north_avenue_1,Serangoon North Avenue 1,4580.0,32371.347,38709.371,27.103,22.96,22.96,,,SERANGOON NORTH AVENUE 1,8.096
serangoon_north_avenue_1,Serangoon North Avenue 1,4582.0,32372.974,38710.535,23.013,23.23,23.23,,,SERANGOON NORTH AVENUE 1,8.539
serangoon_north_avenue_1,Serangoon North Avenue 1,4584.0,32374.601,38711.698,24.012,23.489,23.489,,,SERANGOON NORTH AVENUE 1,8.983
serangoon_north_avenue_1,Serangoon North Avenue 1,4586.0,32376.228,38712.861,23.988,23.748,23.748,,,SERANGOON NORTH AVENUE 1,9.426
serangoon_north_avenue_1,Serangoon North Avenue 1,4588.0,32377.933,38713.866,24.326,24.007,24.007,,,SERANGOON NORTH AVENUE 1,9.693
serangoon_north_avenue_1,Serangoon North Avenue 1,4590.0,32379.845,38714.452,24.015,24.026,24.026,,,SERANGOON NORTH AVENUE 1,9.493
serangoon_north_avenue_1,Serangoon North Avenue 1,4592.0,32381.757,38715.038,24.045,24.045,24.045,,,SERANGOON NORTH AVENUE 1,9.294
serangoon_north_avenue_1,Serangoon North Avenue 1,4594.0,32383.67,38715.624,21.672,24.091,24.091,,,SERANGOON NORTH AVENUE 1,9.094
serangoon_north_avenue_1,Serangoon North Avenue 1,4596.0,32385.582,38716.211,27.595,24.138,24.138,,,SERANGOON NORTH AVENUE 1,8.949
serangoon_north_avenue_1,Serangoon North Avenue 1,4598.0,32387.494,38716.797,22.464,24.184,24.184,,,SERANGOON NORTH AVENUE 1,9.005
serangoon_north_avenue_1,Serangoon North Avenue 1,4600.0,32389.406,38717.383,27.118,24.23,24.23,,,SERANGOON NORTH AVENUE 1,9.062
serangoon_north_avenue_1,Serangoon North Avenue 1,4602.0,32391.318,38717.969,21.508,24.276,24.276,,,SERANGOON NORTH AVENUE 1,9.12
serangoon_north_avenue_1,Serangoon North Avenue 1,4604.0,32393.231,38718.555,21.462,24.323,24.276,,,SERANGOON NORTH AVENUE 1,9.177
serangoon_north_avenue_1,Serangoon North Avenue 1,4606.0,32395.143,38719.141,21.422,24.369,24.276,,,SERANGOON NORTH AVENUE 1,9.235
serangoon_north_avenue_1,Serangoon North Avenue 1,4608.0,32397.055,38719.727,28.2,24.124,24.124,,,SERANGOON NORTH AVENUE 1,9.293
serangoon_north_avenue_1,Serangoon North Avenue 1,4610.0,32398.967,38720.313,27.348,23.879,23.879,,,SERANGOON NORTH AVENUE 1,9.35
serangoon_north_avenue_1,Serangoon North Avenue 1,4612.0,32400.893,38720.85,25.461,23.534,23.534,,,SERANGOON NORTH AVENUE 1,9.356
serangoon_north_avenue_1,Serangoon North Avenue 1,4614.0,32402.839,38721.31,26.672,23.189,23.189,,,SERANGOON NORTH AVENUE 1,9.283
serangoon_north_avenue_1,Serangoon North Avenue 1,4616.0,32404.786,38721.769,21.26,22.844,22.844,,,SERANGOON NORTH AVENUE 1,9.209
serangoon_north_avenue_1,Serangoon North Avenue 1,4618.0,32406.732,38722.229,21.224,,22.499,,,SERANGOON NORTH AVENUE 1,9.136
serangoon_north_avenue_1,Serangoon North Avenue 1,4620.0,32408.679,38722.689,21.212,22.154,22.154,,,SERANGOON NORTH AVENUE 1,9.063
serangoon_north_avenue_1,Serangoon North Avenue 1,4622.0,32410.625,38723.149,21.176,21.809,21.809,,,SERANGOON NORTH AVENUE 1,8.989
serangoon_north_avenue_1,Serangoon North Avenue 1,4624.0,32412.579,38723.577,21.139,21.464,21.464,,,SERANGOON NORTH AVENUE 1,8.884
serangoon_north_avenue_1,Serangoon North Avenue 1,4626.0,32414.534,38723.999,28.707,21.118,21.118,,,SERANGOON NORTH AVENUE 1,8.771
serangoon_north_avenue_1,Serangoon North Avenue 1,4628.0,32416.489,38724.42,21.098,21.098,21.098,,,SERANGOON NORTH AVENUE 1,8.659
serangoon_north_avenue_1,Serangoon North Avenue 1,4630.0,32418.444,38724.842,21.076,21.076,21.098,-0.262,1.0,SERANGOON NORTH AVENUE 1,8.546
serangoon_north_avenue_1,Serangoon North Avenue 1,4632.0,32420.399,38725.264,21.098,21.098,21.098,-0.006,1.0,SERANGOON NORTH AVENUE 1,8.434
serangoon_north_avenue_1,Serangoon North Avenue 1,4634.0,32422.349,38725.703,25.648,21.142,21.098,-0.975,1.0,SERANGOON NORTH AVENUE 1,8.339
serangoon_north_avenue_1,Serangoon North Avenue 1,4636.0,32424.241,38726.351,21.186,21.186,21.098,-1.219,1.0,SERANGOON NORTH AVENUE 1,8.462
serangoon_north_avenue_1,Serangoon North Avenue 1,4638.0,32426.133,38726.999,21.001,21.001,21.02,-2.816,1.0,SERANGOON NORTH AVENUE 1,8.585
serangoon_north_avenue_1,Serangoon North Avenue 1,4640.0,32428.025,38727.648,21.02,21.02,21.001,-3.544,1.0,SERANGOON NORTH AVENUE 1,8.708
serangoon_north_avenue_1,Serangoon North Avenue 1,4642.0,32429.917,38728.296,20.872,20.872,20.872,-3.325,1.0,SERANGOON NORTH AVENUE 1,8.831
serangoon_north_avenue_1,Serangoon North Avenue 1,4644.0,32431.809,38728.944,20.814,20.814,20.814,-3.784,1.0,SERANGOON NORTH AVENUE 1,8.953
serangoon_north_avenue_1,Serangoon North Avenue 1,4646.0,32433.701,38729.592,20.754,20.754,20.754,-2.406,1.0,SERANGOON NORTH AVENUE 1,9.076
serangoon_north_avenue_1,Serangoon North Avenue 1,4648.0,32435.593,38730.241,20.68,20.68,20.698,-1.884,1.0,SERANGOON NORTH AVENUE 1,9.199
serangoon_north_avenue_1,Serangoon North Avenue 1,4650.0,32437.485,38730.889,20.698,20.698,20.68,-1.512,1.0,SERANGOON NORTH AVENUE 1,9.322
serangoon_north_avenue_1,Serangoon North Avenue 1,4652.0,32439.377,38731.537,20.663,20.663,20.663,-1.272,1.0,SERANGOON NORTH AVENUE 1,9.445
serangoon_north_avenue_1,Serangoon North Avenue 1,4654.0,32441.269,38732.186,20.633,20.633,20.633,-1.409,1.0,SERANGOON NORTH AVENUE 1,9.567
serangoon_north_avenue_1,Serangoon North Avenue 1,4656.0,32443.161,38732.834,20.596,20.596,20.596,-1.609,1.0,SERANGOON NORTH AVENUE 1,9.691
serangoon_north_avenue_1,Serangoon North Avenue 1,4658.0,32445.08,38733.397,20.567,20.567,20.567,-1.731,1.0,SERANGOON NORTH AVENUE 1,9.724
serangoon_north_avenue_1,Serangoon North Avenue 1,4660.0,32447.001,38733.952,20.534,20.534,20.534,-1.563,1.0,SERANGOON NORTH AVENUE 1,9.749
serangoon_north_avenue_1,Serangoon North Avenue 1,4662.0,32448.923,38734.507,20.495,20.495,20.495,-1.837,1.0,SERANGOON NORTH AVENUE 1,9.774
serangoon_north_avenue_1,Serangoon North Avenue 1,4664.0,32450.845,38735.061,20.471,20.471,20.471,-1.725,1.0,SERANGOON NORTH AVENUE 1,9.798
serangoon_north_avenue_1,Serangoon North Avenue 1,4666.0,32452.766,38735.616,20.42,20.42,20.42,-1.578,1.0,SERANGOON NORTH AVENUE 1,9.823
serangoon_north_avenue_1,Serangoon North Avenue 1,4668.0,32454.688,38736.171,20.397,20.397,20.397,-1.9,1.0,SERANGOON NORTH AVENUE 1,9.848
serangoon_north_avenue_1,Serangoon North Avenue 1,4670.0,32456.607,38736.732,20.368,20.368,20.368,-1.781,1.0,SERANGOON NORTH AVENUE 1,9.88
serangoon_north_avenue_1,Serangoon North Avenue 1,4672.0,32458.522,38737.309,20.319,20.319,20.319,-1.819,1.0,SERANGOON NORTH AVENUE 1,9.928
serangoon_north_avenue_1,Serangoon North Avenue 1,4674.0,32460.437,38737.887,20.278,20.278,20.278,-1.966,1.0,SERANGOON NORTH AVENUE 1,9.976
serangoon_north_avenue_1,Serangoon North Avenue 1,4676.0,32462.352,38738.464,20.251,20.251,20.251,-1.987,1.0,SERANGOON NORTH AVENUE 1,10.025
serangoon_north_avenue_1,Serangoon North Avenue 1,4678.0,32464.267,38739.041,20.211,20.211,20.211,-1.887,1.0,SERANGOON NORTH AVENUE 1,10.073
serangoon_north_avenue_1,Serangoon North Avenue 1,4680.0,32466.182,38739.619,20.16,20.16,20.16,-2.025,1.0,SERANGOON NORTH AVENUE 1,10.121
serangoon_north_avenue_1,Serangoon North Avenue 1,4682.0,32468.137,38740.03,20.126,20.126,20.126,-1.994,1.0,SERANGOON NORTH AVENUE 1,9.999
serangoon_north_avenue_1,Serangoon North Avenue 1,4684.0,32470.101,38740.412,24.082,20.089,20.089,-1.869,1.0,SERANGOON NORTH AVENUE 1,9.846
serangoon_north_avenue_1,Serangoon North Avenue 1,4686.0,32472.064,38740.794,20.052,20.052,20.052,-1.912,1.0,SERANGOON NORTH AVENUE 1,9.693
serangoon_north_avenue_1,Serangoon North Avenue 1,4688.0,32474.027,38741.175,20.01,20.01,20.01,-1.853,1.0,SERANGOON NORTH AVENUE 1,9.54
serangoon_north_avenue_1,Serangoon North Avenue 1,4690.0,32475.99,38741.557,19.974,19.974,19.974,-1.823,1.0,SERANGOON NORTH AVENUE 1,9.386
serangoon_north_avenue_1,Serangoon North Avenue 1,4692.0,32477.954,38741.938,19.941,19.941,19.941,-1.613,1.0,SERANGOON NORTH AVENUE 1,9.233
serangoon_north_avenue_1,Serangoon North Avenue 1,4694.0,32479.917,38742.32,29.574,19.906,19.906,-1.15,1.0,SERANGOON NORTH AVENUE 1,9.08
serangoon_north_avenue_1,Serangoon North Avenue 1,4696.0,32481.88,38742.702,26.347,19.871,19.882,-0.877,1.0,SERANGOON NORTH AVENUE 1,8.927
serangoon_north_avenue_1,Serangoon North Avenue 1,4698.0,32483.843,38743.083,19.836,19.836,19.882,-0.877,1.0,SERANGOON NORTH AVENUE 1,8.774
serangoon_north_avenue_1,Serangoon North Avenue 1,4700.0,32485.807,38743.465,19.882,19.882,19.871,-0.856,1.0,SERANGOON NORTH AVENUE 1,8.621
serangoon_north_avenue_1,Serangoon North Avenue 1,4702.0,32487.77,38743.847,19.92,19.92,19.836,-2.372,1.0,SERANGOON NORTH AVENUE 1,8.467
serangoon_north_avenue_1,Serangoon North Avenue 1,4704.0,32489.733,38744.228,19.692,19.692,19.813,-2.414,1.0,SERANGOON NORTH AVENUE 1,8.314
serangoon_north_avenue_1,Serangoon North Avenue 1,4706.0,32491.679,38744.69,19.813,19.813,19.692,-2.164,1.0,SERANGOON NORTH AVENUE 1,8.243
serangoon_north_avenue_1,Serangoon North Avenue 1,4708.0,32493.622,38745.162,19.647,19.647,19.678,-2.072,1.0,SERANGOON NORTH AVENUE 1,8.182
serangoon_north_avenue_1,Serangoon North Avenue 1,4710.0,32495.566,38745.633,21.841,19.662,19.662,,,SERANGOON NORTH AVENUE 1,8.121
serangoon_north_avenue_1,Serangoon North Avenue 1,4712.0,32497.51,38746.105,19.678,19.678,19.647,,,SERANGOON NORTH AVENUE 1,8.059
serangoon_north_avenue_1,Serangoon North Avenue 1,4714.0,32499.453,38746.577,20.978,19.643,19.643,-0.892,1.0,SERANGOON NORTH AVENUE 1,7.998
serangoon_north_avenue_1,Serangoon North Avenue 1,4716.0,32501.387,38747.079,19.677,19.607,19.607,-0.869,1.0,SERANGOON NORTH AVENUE 1,7.969
serangoon_north_avenue_1,Serangoon North Avenue 1,4718.0,32503.249,38747.81,21.512,19.572,19.591,,,SERANGOON NORTH AVENUE 1,8.18
serangoon_north_avenue_1,Serangoon North Avenue 1,4720.0,32505.111,38748.541,19.468,19.468,19.578,,,SERANGOON NORTH AVENUE 1,8.39
serangoon_north_avenue_1,Serangoon North Avenue 1,4722.0,32506.972,38749.271,19.591,19.591,19.572,-1.82,1.0,SERANGOON NORTH AVENUE 1,8.6
serangoon_north_avenue_1,Serangoon North Avenue 1,4724.0,32508.834,38750.002,19.578,19.578,19.468,-3.166,1.0,SERANGOON NORTH AVENUE 1,8.811
serangoon_north_avenue_1,Serangoon North Avenue 1,4726.0,32510.696,38750.733,24.64,19.445,19.445,-3.244,1.0,SERANGOON NORTH AVENUE 1,9.021
serangoon_north_avenue_1,Serangoon North Avenue 1,4728.0,32512.557,38751.464,19.313,19.313,19.324,,,SERANGOON NORTH AVENUE 1,9.232
serangoon_north_avenue_1,Serangoon North Avenue 1,4730.0,32514.419,38752.195,19.324,19.324,19.313,,,SERANGOON NORTH AVENUE 1,9.376
serangoon_north_avenue_1,Serangoon North Avenue 1,4732.0,32516.281,38752.925,20.457,19.302,19.302,-0.844,1.0,SERANGOON NORTH AVENUE 1,9.414
serangoon_north_avenue_1,Serangoon North Avenue 1,4734.0,32518.142,38753.656,19.282,19.279,19.279,-0.7,1.0,SERANGOON NORTH AVENUE 1,9.451
serangoon_north_avenue_1,Serangoon North Avenue 1,4736.0,32520.004,38754.387,19.257,19.257,19.257,,,SERANGOON NORTH AVENUE 1,9.455
serangoon_north_avenue_1,Serangoon North Avenue 1,4738.0,32521.866,38755.118,19.257,19.257,19.257,,,SERANGOON NORTH AVENUE 1,9.138
serangoon_north_avenue_1,Serangoon North Avenue 1,4740.0,32523.278,38756.444,19.247,19.247,19.257,2.019,1.0,SERANGOON NORTH AVENUE 1,9.562
serangoon_north_avenue_1,Serangoon North Avenue 1,4742.0,32524.492,38758.034,19.26,19.26,19.26,4.075,1.0,SERANGOON NORTH AVENUE 1,10.314
serangoon_north_avenue_1,Serangoon North Avenue 1,4744.0,32525.705,38759.624,19.418,19.418,19.418,4.916,1.0,SERANGOON NORTH AVENUE 1,11.066
serangoon_north_avenue_1,Serangoon North Avenue 1,4746.0,32526.919,38761.213,19.583,19.583,19.583,5.953,1.0,SERANGOON NORTH AVENUE 1,11.818
serangoon_north_avenue_1,Serangoon North Avenue 1,4748.0,32528.132,38762.803,19.65,19.65,19.65,5.344,1.0,SERANGOON NORTH AVENUE 1,12.57
serangoon_north_avenue_1,Serangoon North Avenue 1,4750.0,32529.346,38764.393,19.736,19.736,19.736,3.288,1.0,SERANGOON NORTH AVENUE 1,13.267
serangoon_north_avenue_1,Serangoon North Avenue 1,4752.0,32530.559,38765.983,19.847,19.847,19.846,2.447,1.0,SERANGOON NORTH AVENUE 1,13.509
serangoon_north_avenue_1,Serangoon North Avenue 1,4754.0,32531.772,38767.573,19.846,19.846,19.846,1.144,1.0,SERANGOON NORTH AVENUE 1,13.752
serangoon_north_avenue_1,Serangoon North Avenue 1,4756.0,32532.986,38769.162,19.877,19.877,19.846,-0.597,1.0,SERANGOON NORTH AVENUE 1,13.995
serangoon_north_avenue_1,Serangoon North Avenue 1,4758.0,32534.199,38770.752,19.761,19.761,19.828,-0.642,1.0,SERANGOON NORTH AVENUE 1,14.237
serangoon_north_avenue_1,Serangoon North Avenue 1,4760.0,32535.413,38772.342,25.848,19.795,19.798,-0.642,1.0,SERANGOON NORTH AVENUE 1,14.48
serangoon_north_avenue_1,Serangoon North Avenue 1,4762.0,32536.626,38773.932,19.828,19.828,19.795,-1.828,1.0,SERANGOON NORTH AVENUE 1,14.723
serangoon_north_avenue_1,Serangoon North Avenue 1,4764.0,32537.84,38775.522,19.798,19.798,19.795,-3.644,1.0,SERANGOON NORTH AVENUE 1,14.487
serangoon_north_avenue_1,Serangoon North Avenue 1,4766.0,32539.053,38777.112,19.682,19.682,19.682,-4.468,1.0,SERANGOON NORTH AVENUE 1,14.204
serangoon_north_avenue_1,Serangoon North Avenue 1,4768.0,32540.267,38778.701,19.507,19.507,19.507,-5.292,1.0,SERANGOON NORTH AVENUE 1,13.921
serangoon_north_avenue_1,Serangoon North Avenue 1,4770.0,32541.48,38780.291,19.164,19.371,19.386,-4.65,1.0,SERANGOON NORTH AVENUE 1,13.638
serangoon_north_avenue_1,Serangoon North Avenue 1,4772.0,32542.694,38781.881,19.236,19.236,19.371,-3.388,1.0,SERANGOON NORTH AVENUE 1,13.355
serangoon_north_avenue_1,Serangoon North Avenue 1,4774.0,32543.907,38783.471,19.386,19.386,19.31,-3.212,1.0,SERANGOON NORTH AVENUE 1,13.072
serangoon_north_avenue_1,Serangoon North Avenue 1,4776.0,32545.12,38785.061,19.31,19.31,19.236,-3.037,1.0,SERANGOON NORTH AVENUE 1,12.384
serangoon_north_avenue_1,Serangoon North Avenue 1,4778.0,32546.334,38786.651,19.137,19.137,19.137,-2.356,1.0,SERANGOON NORTH AVENUE 1,11.582
serangoon_north_avenue_1,Serangoon North Avenue 1,4780.0,32546.984,38788.493,19.111,19.111,19.128,-1.562,1.0,SERANGOON NORTH AVENUE 1,11.388
serangoon_north_avenue_1,Serangoon North Avenue 1,4782.0,32547.366,38790.456,19.128,19.128,19.121,-0.506,1.0,SERANGOON NORTH AVENUE 1,11.483
serangoon_north_avenue_1,Serangoon North Avenue 1,4784.0,32547.748,38792.42,19.121,19.121,19.111,-1.109,1.0,SERANGOON NORTH AVENUE 1,11.578
serangoon_north_avenue_1,Serangoon North Avenue 1,4786.0,32548.13,38794.383,19.096,19.096,19.096,-1.659,1.0,SERANGOON NORTH AVENUE 1,11.673
serangoon_north_avenue_1,Serangoon North Avenue 1,4788.0,32548.512,38796.346,19.04,19.04,19.04,-2.031,1.0,SERANGOON NORTH AVENUE 1,11.666
serangoon_north_avenue_1,Serangoon North Avenue 1,4790.0,32548.894,38798.309,18.989,18.989,18.989,-2.122,1.0,SERANGOON NORTH AVENUE 1,11.333
serangoon_north_avenue_1,Serangoon North Avenue 1,4792.0,32549.177,38800.277,18.912,18.912,18.948,-1.597,1.0,SERANGOON NORTH AVENUE 1,11.063
serangoon_north_avenue_1,Serangoon North Avenue 1,4794.0,32548.98,38802.267,18.904,18.904,18.927,-0.963,1.0,SERANGOON NORTH AVENUE 1,11.054
serangoon_north_avenue_1,Serangoon North Avenue 1,4796.0,32548.782,38804.257,18.948,18.948,18.912,-0.459,1.0,SERANGOON NORTH AVENUE 1,11.045
serangoon_north_avenue_1,Serangoon North Avenue 1,4798.0,32548.585,38806.248,18.927,18.927,18.912,-0.234,1.0,SERANGOON NORTH AVENUE 1,11.036
serangoon_north_avenue_1,Serangoon North Avenue 1,4800.0,32548.387,38808.238,18.912,18.912,18.912,-0.153,1.0,SERANGOON NORTH AVENUE 1,11.027
serangoon_north_avenue_1,Serangoon North Avenue 1,4802.0,32548.137,38810.219,18.908,18.908,18.908,-0.206,1.0,SERANGOON NORTH AVENUE 1,11.072
serangoon_north_avenue_1,Serangoon North Avenue 1,4804.0,32547.681,38812.167,18.895,18.895,18.9,-0.206,1.0,SERANGOON NORTH AVENUE 1,11.325
serangoon_north_avenue_1,Serangoon North Avenue 1,4806.0,32547.224,38814.114,18.9,18.9,18.895,-0.106,1.0,SERANGOON NORTH AVENUE 1,11.578
serangoon_north_avenue_1,Serangoon North Avenue 1,4808.0,32546.768,38816.061,18.877,18.877,18.895,0.013,1.0,SERANGOON NORTH AVENUE 1,11.667
serangoon_north_avenue_1,Serangoon North Avenue 1,4810.0,32546.294,38818.004,18.877,18.877,18.9,0.113,1.0,SERANGOON NORTH AVENUE 1,11.611
serangoon_north_avenue_1,Serangoon North Avenue 1,4812.0,32545.774,38819.935,18.9,18.9,18.9,0.113,1.0,SERANGOON NORTH AVENUE 1,11.601
serangoon_north_avenue_1,Serangoon North Avenue 1,4814.0,32545.255,38821.867,18.904,18.904,18.904,0.056,1.0,SERANGOON NORTH AVENUE 1,11.591
serangoon_north_avenue_1,Serangoon North Avenue 1,4816.0,32544.735,38823.798,18.948,18.948,18.904,-0.244,1.0,SERANGOON NORTH AVENUE 1,11.581
serangoon_north_avenue_1,Serangoon North Avenue 1,4818.0,32544.216,38825.729,18.967,18.967,18.904,-0.35,1.0,SERANGOON NORTH AVENUE 1,11.571
serangoon_north_avenue_1,Serangoon North Avenue 1,4820.0,32543.676,38827.655,18.881,18.881,18.881,-0.537,1.0,SERANGOON NORTH AVENUE 1,11.583
serangoon_north_avenue_1,Serangoon North Avenue 1,4822.0,32543.106,38829.572,18.876,18.876,18.876,-0.537,1.0,SERANGOON NORTH AVENUE 1,11.626
serangoon_north_avenue_1,Serangoon North Avenue 1,4824.0,32542.535,38831.489,18.861,18.861,18.861,-0.263,1.0,SERANGOON NORTH AVENUE 1,11.669
serangoon_north_avenue_1,Serangoon North Avenue 1,4826.0,32541.964,38833.406,18.854,18.854,18.861,-0.2,1.0,SERANGOON NORTH AVENUE 1,11.713
serangoon_north_avenue_1,Serangoon North Avenue 1,4828.0,32541.394,38835.322,18.852,18.852,18.86,0.05,1.0,SERANGOON NORTH AVENUE 1,11.756
serangoon_north_avenue_1,Serangoon North Avenue 1,4830.0,32540.841,38837.244,18.865,18.865,18.86,0.084,1.0,SERANGOON NORTH AVENUE 1,11.781
serangoon_north_avenue_1,Serangoon North Avenue 1,4832.0,32540.314,38839.174,18.86,18.86,18.865,0.097,1.0,SERANGOON NORTH AVENUE 1,11.779
serangoon_north_avenue_1,Serangoon North Avenue 1,4834.0,32539.787,38841.103,18.873,18.873,18.868,0.097,1.0,SERANGOON NORTH AVENUE 1,11.776
serangoon_north_avenue_1,Serangoon North Avenue 1,4836.0,32539.26,38843.032,18.873,18.873,18.868,-0.056,1.0,SERANGOON NORTH AVENUE 1,11.774
serangoon_north_avenue_1,Serangoon North Avenue 1,4838.0,32538.734,38844.962,18.868,18.868,18.868,-0.134,1.0,SERANGOON NORTH AVENUE 1,11.772
serangoon_north_avenue_1,Serangoon North Avenue 1,4840.0,32538.207,38846.891,18.86,18.86,18.86,-0.197,1.0,SERANGOON NORTH AVENUE 1,11.769
serangoon_north_avenue_1,Serangoon North Avenue 1,4842.0,32537.68,38848.821,18.857,18.857,18.857,-0.666,1.0,SERANGOON NORTH AVENUE 1,11.767
serangoon_north_avenue_1,Serangoon North Avenue 1,4844.0,32537.153,38850.75,18.852,18.852,18.852,-0.634,1.0,SERANGOON NORTH AVENUE 1,11.765
serangoon_north_avenue_1,Serangoon North Avenue 1,4846.0,32536.626,38852.679,18.81,18.81,18.815,-0.709,1.0,SERANGOON NORTH AVENUE 1,11.763
serangoon_north_avenue_1,Serangoon North Avenue 1,4848.0,32536.099,38854.609,18.815,18.815,18.81,-1.025,1.0,SERANGOON NORTH AVENUE 1,11.76
serangoon_north_avenue_1,Serangoon North Avenue 1,4850.0,32535.573,38856.538,18.8,18.8,18.8,-0.909,1.0,SERANGOON NORTH AVENUE 1,11.758
serangoon_north_avenue_1,Serangoon North Avenue 1,4852.0,32535.046,38858.467,18.77,18.77,18.77,-0.859,1.0,SERANGOON NORTH AVENUE 1,11.756
serangoon_north_avenue_1,Serangoon North Avenue 1,4854.0,32534.519,38860.397,18.741,18.741,18.742,-0.756,1.0,SERANGOON NORTH AVENUE 1,11.754
serangoon_north_avenue_1,Serangoon North Avenue 1,4856.0,32533.992,38862.326,18.74,18.74,18.741,-0.6,1.0,SERANGOON NORTH AVENUE 1,11.751
serangoon_north_avenue_1,Serangoon North Avenue 1,4858.0,32533.465,38864.256,18.742,18.742,18.74,-0.769,1.0,SERANGOON NORTH AVENUE 1,11.749
serangoon_north_avenue_1,Serangoon North Avenue 1,4860.0,32532.953,38866.189,18.722,18.722,18.722,-1.012,1.0,SERANGOON NORTH AVENUE 1,11.732
serangoon_north_avenue_1,Serangoon North Avenue 1,4862.0,32532.469,38868.129,18.68,18.68,18.68,-1.05,1.0,SERANGOON NORTH AVENUE 1,11.685
serangoon_north_avenue_1,Serangoon North Avenue 1,4864.0,32531.986,38870.07,18.66,18.66,18.66,-0.866,1.0,SERANGOON NORTH AVENUE 1,11.638
serangoon_north_avenue_1,Serangoon North Avenue 1,4866.0,32531.503,38872.011,18.653,18.653,18.656,-0.644,1.0,SERANGOON NORTH AVENUE 1,11.591
serangoon_north_avenue_1,Serangoon North Avenue 1,4868.0,32531.019,38873.951,18.656,18.656,18.653,-0.725,1.0,SERANGOON NORTH AVENUE 1,11.544
serangoon_north_avenue_1,Serangoon North Avenue 1,4870.0,32530.537,38875.892,18.629,18.629,18.629,-1.216,1.0,SERANGOON NORTH AVENUE 1,11.495
serangoon_north_avenue_1,Serangoon North Avenue 1,4872.0,32530.06,38877.835,18.602,18.602,18.602,-1.597,1.0,SERANGOON NORTH AVENUE 1,11.441
serangoon_north_avenue_1,Serangoon North Avenue 1,4874.0,32529.584,38879.777,18.559,18.559,18.559,-1.728,1.0,SERANGOON NORTH AVENUE 1,11.388
serangoon_north_avenue_1,Serangoon North Avenue 1,4876.0,32529.107,38881.719,18.525,18.525,18.525,-1.416,1.0,SERANGOON NORTH AVENUE 1,11.334
serangoon_north_avenue_1,Serangoon North Avenue 1,4878.0,32528.63,38883.662,18.489,18.489,18.49,-1.063,1.0,SERANGOON NORTH AVENUE 1,11.28
serangoon_north_avenue_1,Serangoon North Avenue 1,4880.0,32528.153,38885.604,18.49,18.49,18.489,-1.025,1.0,SERANGOON NORTH AVENUE 1,11.226
serangoon_north_avenue_1,Serangoon North Avenue 1,4882.0,32527.677,38887.547,18.474,18.474,18.474,-0.716,1.0,SERANGOON NORTH AVENUE 1,11.172
serangoon_north_avenue_1,Serangoon North Avenue 1,4884.0,32527.2,38889.489,18.443,18.443,18.443,-1.022,1.0,SERANGOON NORTH AVENUE 1,11.118
serangoon_north_avenue_1,Serangoon North Avenue 1,4886.0,32526.723,38891.431,18.433,18.433,18.433,-1.15,1.0,SERANGOON NORTH AVENUE 1,11.064
serangoon_north_avenue_1,Serangoon North Avenue 1,4888.0,32526.246,38893.374,18.407,18.407,18.407,-1.053,1.0,SERANGOON NORTH AVENUE 1,11.01
serangoon_north_avenue_1,Serangoon North Avenue 1,4890.0,32525.77,38895.316,18.382,18.382,18.382,-1.069,1.0,SERANGOON NORTH AVENUE 1,10.956
serangoon_north_avenue_1,Serangoon North Avenue 1,4892.0,32525.293,38897.258,18.348,18.348,18.359,-0.866,1.0,SERANGOON NORTH AVENUE 1,10.902
serangoon_north_avenue_1,Serangoon North Avenue 1,4894.0,32524.774,38899.189,18.338,18.338,18.348,-0.825,1.0,SERANGOON NORTH AVENUE 1,10.892
serangoon_north_avenue_1,Serangoon North Avenue 1,4896.0,32524.226,38901.113,18.359,18.359,18.338,-0.622,1.0,SERANGOON NORTH AVENUE 1,10.911
serangoon_north_avenue_1,Serangoon North Avenue 1,4898.0,32523.679,38903.037,18.309,18.309,18.316,-0.522,1.0,SERANGOON NORTH AVENUE 1,10.93
serangoon_north_avenue_1,Serangoon North Avenue 1,4900.0,32523.131,38904.96,18.316,18.316,18.309,-0.397,1.0,SERANGOON NORTH AVENUE 1,10.949
serangoon_north_avenue_1,Serangoon North Avenue 1,4902.0,32522.584,38906.884,18.306,18.306,18.306,-0.119,1.0,SERANGOON NORTH AVENUE 1,10.968
serangoon_north_avenue_1,Serangoon North Avenue 1,4904.0,32522.037,38908.807,18.281,18.281,18.306,-0.278,1.0,SERANGOON NORTH AVENUE 1,10.988
serangoon_north_avenue_1,Serangoon North Avenue 1,4906.0,32521.528,38910.741,18.266,18.266,18.306,,,SERANGOON NORTH AVENUE 1,10.967
serangoon_north_avenue_1,Serangoon North Avenue 1,4908.0,32521.082,38912.691,18.335,18.335,18.287,,,SERANGOON NORTH AVENUE 1,10.881
serangoon_north_avenue_1,Serangoon North Avenue 1,4910.0,32520.636,38914.64,19.315,18.311,18.287,-0.183,1.0,SERANGOON NORTH AVENUE 1,10.796
serangoon_north_avenue_1,Serangoon North Avenue 1,4912.0,32520.189,38916.59,19.252,18.287,18.311,0.0,1.0,SERANGOON NORTH AVENUE 1,10.711
serangoon_north_avenue_1,Serangoon North Avenue 1,4914.0,32519.743,38918.539,18.262,18.262,18.291,,,SERANGOON NORTH AVENUE 1,10.625
serangoon_north_avenue_1,Serangoon North Avenue 1,4916.0,32519.298,38920.489,18.326,18.326,18.287,,,SERANGOON NORTH AVENUE 1,10.539
serangoon_north_avenue_1,Serangoon North Avenue 1,4918.0,32518.865,38922.442,18.291,18.291,18.291,,,SERANGOON NORTH AVENUE 1,10.44
serangoon_north_avenue_1,Serangoon North Avenue 1,4920.0,32518.432,38924.394,18.225,18.225,18.326,,,SERANGOON NORTH AVENUE 1,10.341
serangoon_north_avenue_1,Serangoon North Avenue 1,4922.0,32517.999,38926.347,18.224,18.442,18.442,,,SERANGOON NORTH AVENUE 1,10.242
serangoon_north_avenue_1,Serangoon North Avenue 1,4924.0,32517.566,38928.299,18.303,18.658,18.658,,,SERANGOON NORTH AVENUE 1,10.144
serangoon_north_avenue_1,Serangoon North Avenue 1,4926.0,32517.133,38930.252,19.302,18.875,18.875,,,SERANGOON NORTH AVENUE 1,10.045
serangoon_north_avenue_1,Serangoon North Avenue 1,4928.0,32516.7,38932.205,19.447,19.054,18.952,,,SERANGOON NORTH AVENUE 1,9.946
serangoon_north_avenue_1,Serangoon North Avenue 1,4930.0,32516.267,38934.157,21.647,19.234,18.952,,,SERANGOON NORTH AVENUE 1,9.847
serangoon_north_avenue_1,Serangoon North Avenue 1,4932.0,32515.834,38936.11,22.336,18.952,18.952,,,SERANGOON NORTH AVENUE 1,9.748
serangoon_north_avenue_1,Serangoon North Avenue 1,4934.0,32515.401,38938.062,18.808,18.671,18.671,-10.074,2.0,SERANGOON NORTH AVENUE 1,9.65
serangoon_north_avenue_1,Serangoon North Avenue 1,4936.0,32514.968,38940.015,18.269,18.39,18.39,,,SERANGOON NORTH AVENUE 1,9.551
serangoon_north_avenue_1,Serangoon North Avenue 1,4938.0,32514.534,38941.967,18.108,18.108,18.146,,,SERANGOON NORTH AVENUE 1,9.452
serangoon_north_avenue_1,Serangoon North Avenue 1,4940.0,32513.9,38943.858,18.146,18.146,18.146,,,SERANGOON NORTH AVENUE 1,9.564
serangoon_north_avenue_1,Serangoon North Avenue 1,4942.0,32513.171,38945.721,18.108,18.108,18.146,,,SERANGOON NORTH AVENUE 1,9.774
serangoon_north_avenue_1,Serangoon North Avenue 1,4944.0,32512.442,38947.583,18.098,18.351,18.351,,,SERANGOON NORTH AVENUE 1,9.985
serangoon_north_avenue_1,Serangoon North Avenue 1,4946.0,32511.713,38949.446,18.132,18.595,18.595,,,SERANGOON NORTH AVENUE 1,10.121
serangoon_north_avenue_1,Serangoon North Avenue 1,4948.0,32510.984,38951.308,18.087,18.881,18.881,,,SERANGOON NORTH AVENUE 1,10.253
serangoon_north_avenue_1,Serangoon North Avenue 1,4950.0,32510.308,38953.189,18.065,19.167,19.167,,,SERANGOON NORTH AVENUE 1,10.329
serangoon_north_avenue_1,Serangoon North Avenue 1,4952.0,32509.707,38955.097,19.798,19.453,19.453,,,SERANGOON NORTH AVENUE 1,10.326
serangoon_north_avenue_1,Serangoon North Avenue 1,4954.0,32509.105,38957.004,21.033,,19.739,,,SERANGOON NORTH AVENUE 1,10.323
serangoon_north_avenue_1,Serangoon North Avenue 1,4956.0,32508.504,38958.912,20.994,20.025,20.025,,,SERANGOON NORTH AVENUE 1,10.319
serangoon_north_avenue_1,Serangoon North Avenue 1,4958.0,32507.903,38960.819,20.992,20.311,20.311,,,SERANGOON NORTH AVENUE 1,10.316
serangoon_north_avenue_1,Serangoon North Avenue 1,4960.0,32507.301,38962.727,20.995,20.598,20.598,,,SERANGOON NORTH AVENUE 1,10.325
serangoon_north_avenue_1,Serangoon North Avenue 1,4962.0,32506.7,38964.634,22.944,20.884,20.66,,,SERANGOON NORTH AVENUE 1,10.392
serangoon_north_avenue_1,Serangoon North Avenue 1,4964.0,32506.099,38966.541,22.665,20.772,20.66,,,SERANGOON NORTH AVENUE 1,10.459
serangoon_north_avenue_1,Serangoon North Avenue 1,4966.0,32505.497,38968.449,20.66,20.66,20.772,-0.678,1.0,SERANGOON NORTH AVENUE 1,10.527
serangoon_north_avenue_1,Serangoon North Avenue 1,4968.0,32504.896,38970.356,20.528,20.528,20.66,-1.647,1.0,SERANGOON NORTH AVENUE 1,10.594
serangoon_north_avenue_1,Serangoon North Avenue 1,4970.0,32504.295,38972.264,20.782,20.782,20.606,,,SERANGOON NORTH AVENUE 1,10.661
serangoon_north_avenue_1,Serangoon North Avenue 1,4972.0,32503.693,38974.171,20.606,20.606,20.528,,,SERANGOON NORTH AVENUE 1,10.729
serangoon_north_avenue_1,Serangoon North Avenue 1,4974.0,32503.092,38976.079,20.576,20.4,20.4,,,SERANGOON NORTH AVENUE 1,10.797
serangoon_north_avenue_1,Serangoon North Avenue 1,4976.0,32502.488,38977.985,19.887,20.143,20.143,,,SERANGOON NORTH AVENUE 1,10.866
serangoon_north_avenue_1,Serangoon North Avenue 1,4978.0,32501.885,38979.892,20.397,19.886,19.886,,,SERANGOON NORTH AVENUE 1,10.935
serangoon_north_avenue_1,Serangoon North Avenue 1,4980.0,32501.282,38981.799,17.992,19.649,19.649,,,SERANGOON NORTH AVENUE 1,11.005
serangoon_north_avenue_1,Serangoon North Avenue 1,4982.0,32500.678,38983.706,21.227,19.412,19.412,,,SERANGOON NORTH AVENUE 1,11.008
serangoon_north_avenue_1,Serangoon North Avenue 1,4984.0,32500.075,38985.613,19.703,19.174,19.174,,,SERANGOON NORTH AVENUE 1,10.803
serangoon_north_avenue_1,Serangoon North Avenue 1,4986.0,32499.472,38987.52,18.006,18.937,18.937,,,SERANGOON NORTH AVENUE 1,10.597
serangoon_north_avenue_1,Serangoon North Avenue 1,4988.0,32498.631,38989.333,17.902,18.7,18.7,,,SERANGOON NORTH AVENUE 1,10.646
serangoon_north_avenue_1,Serangoon North Avenue 1,4990.0,32497.777,38991.142,18.04,18.462,18.462,,,SERANGOON NORTH AVENUE 1,10.709
serangoon_north_avenue_1,Serangoon North Avenue 1,4992.0,32496.923,38992.95,18.225,18.225,18.37,,,SERANGOON NORTH AVENUE 1,10.773
serangoon_north_avenue_1,Serangoon North Avenue 1,4994.0,32496.069,38994.759,17.999,18.298,18.298,,,SERANGOON NORTH AVENUE 1,10.836
serangoon_north_avenue_1,Serangoon North Avenue 1,4996.0,32495.215,38996.568,18.37,18.37,18.298,1.384,1.0,SERANGOON NORTH AVENUE 1,10.534
serangoon_north_avenue_1,Serangoon North Avenue 1,4998.0,32494.03,38998.124,18.242,18.242,18.37,2.886,1.0,SERANGOON NORTH AVENUE 1,10.393
serangoon_north_avenue_1,Serangoon North Avenue 1,5000.0,32492.517,38999.432,18.481,18.481,18.481,4.387,1.0,SERANGOON NORTH AVENUE 1,10.663
serangoon_north_avenue_1,Serangoon North Avenue 1,5002.0,32491.003,39000.739,18.882,18.565,18.565,4.145,1.0,SERANGOON NORTH AVENUE 1,10.933
serangoon_north_avenue_1,Serangoon North Avenue 1,5004.0,32489.49,39002.047,18.649,18.649,18.649,2.761,1.0,SERANGOON NORTH AVENUE 1,11.204
serangoon_north_avenue_1,Serangoon North Avenue 1,5006.0,32487.977,39003.355,18.702,18.702,18.702,,,SERANGOON NORTH AVENUE 1,11.474
serangoon_north_avenue_1,Serangoon North Avenue 1,5008.0,32486.463,39004.662,18.982,18.982,18.702,,,SERANGOON NORTH AVENUE 1,11.744
serangoon_north_avenue_1,Serangoon North Avenue 1,5010.0,32484.95,39005.97,18.827,18.827,18.702,,,SERANGOON NORTH AVENUE 1,12.014
serangoon_north_avenue_1,Serangoon North Avenue 1,5012.0,32483.436,39007.277,18.788,18.645,18.645,,,SERANGOON NORTH AVENUE 1,12.284
serangoon_north_avenue_1,Serangoon North Avenue 1,5014.0,32481.923,39008.585,18.587,18.463,18.463,,,SERANGOON NORTH AVENUE 1,12.554
serangoon_north_avenue_1,Serangoon North Avenue 1,5016.0,32480.41,39009.893,18.444,18.189,18.189,,,SERANGOON NORTH AVENUE 1,12.577
serangoon_north_avenue_1,Serangoon North Avenue 1,5018.0,32478.896,39011.2,17.812,17.915,17.915,,,SERANGOON NORTH AVENUE 1,12.292
serangoon_north_avenue_1,Serangoon North Avenue 1,5020.0,32477.383,39012.508,21.4,17.641,17.915,,,SERANGOON NORTH AVENUE 1,12.008
serangoon_north_avenue_1,Serangoon North Avenue 1,5022.0,32475.87,39013.815,17.47,17.793,17.915,,,SERANGOON NORTH AVENUE 1,11.463
serangoon_north_avenue_1,Serangoon North Avenue 1,5024.0,32474.073,39014.592,17.438,17.946,17.946,,,SERANGOON NORTH AVENUE 1,11.468
serangoon_north_avenue_1,Serangoon North Avenue 1,5026.0,32472.145,39015.124,17.738,18.099,18.099,,,SERANGOON NORTH AVENUE 1,11.75
serangoon_north_avenue_1,Serangoon North Avenue 1,5028.0,32470.217,39015.656,18.414,18.21,18.21,,,SERANGOON NORTH AVENUE 1,12.032
serangoon_north_avenue_1,Serangoon North Avenue 1,5030.0,32468.289,39016.188,19.046,18.32,18.21,,,SERANGOON NORTH AVENUE 1,12.314
serangoon_north_avenue_1,Serangoon North Avenue 1,5032.0,32466.361,39016.72,20.407,18.227,18.21,,,SERANGOON NORTH AVENUE 1,12.596
serangoon_north_avenue_1,Serangoon North Avenue 1,5034.0,32464.433,39017.252,20.083,18.134,18.134,,,SERANGOON NORTH AVENUE 1,12.878
serangoon_north_avenue_1,Serangoon North Avenue 1,5036.0,32462.505,39017.784,20.218,18.041,18.041,,,SERANGOON NORTH AVENUE 1,13.008
serangoon_north_avenue_1,Serangoon North Avenue 1,5038.0,32460.577,39018.316,17.948,17.948,18.017,,,SERANGOON NORTH AVENUE 1,13.064
serangoon_north_avenue_1,Serangoon North Avenue 1,5040.0,32458.649,39018.848,17.941,17.941,17.948,,,SERANGOON NORTH AVENUE 1,12.675
serangoon_north_avenue_1,Serangoon North Avenue 1,5042.0,32456.721,39019.379,18.017,18.017,17.941,-3.016,1.0,SERANGOON NORTH AVENUE 1,12.206
serangoon_north_avenue_1,Serangoon North Avenue 1,5044.0,32454.793,39019.911,17.938,17.938,17.938,-2.928,1.0,SERANGOON NORTH AVENUE 1,11.736
serangoon_north_avenue_1,Serangoon North Avenue 1,5046.0,32452.815,39019.761,17.776,17.776,17.776,-4.178,1.0,SERANGOON NORTH AVENUE 1,11.797
serangoon_north_avenue_1,Serangoon North Avenue 1,5048.0,32450.831,39019.513,17.714,17.714,17.714,-4.236,1.0,SERANGOON NORTH AVENUE 1,11.663
serangoon_north_avenue_1,Serangoon North Avenue 1,5050.0,32448.846,39019.266,17.607,17.607,17.607,,,SERANGOON NORTH AVENUE 1,11.528
serangoon_north_avenue_1,Serangoon North Avenue 1,5052.0,32446.861,39019.019,20.026,17.6,17.6,,,SERANGOON NORTH AVENUE 1,11.393
serangoon_north_avenue_1,Serangoon North Avenue 1,5054.0,32444.877,39018.771,17.592,17.423,17.423,,,SERANGOON NORTH AVENUE 1,11.258
serangoon_north_avenue_1,Serangoon North Avenue 1,5056.0,32442.889,39018.557,17.005,17.247,17.247,,,SERANGOON NORTH AVENUE 1,11.09
serangoon_north_avenue_1,Serangoon North Avenue 1,5058.0,32440.894,39018.411,17.291,16.964,16.964,,,SERANGOON NORTH AVENUE 1,10.854
serangoon_north_avenue_1,Serangoon North Avenue 1,5060.0,32438.9,39018.265,16.557,16.68,16.68,,,SERANGOON NORTH AVENUE 1,10.575
serangoon_north_avenue_1,Serangoon North Avenue 1,5062.0,32436.905,39018.12,16.396,16.396,16.396,,,SERANGOON NORTH AVENUE 1,10.183
serangoon_north_avenue_1,Serangoon North Avenue 1,5064.0,32434.91,39017.974,16.173,16.173,16.173,,,SERANGOON NORTH AVENUE 1,9.79
serangoon_north_avenue_1,Serangoon North Avenue 1,5066.0,32432.916,39017.828,16.084,16.084,16.084,-5.331,1.0,SERANGOON NORTH AVENUE 1,9.398
serangoon_north_avenue_1,Serangoon North Avenue 1,5068.0,32430.96,39017.435,16.052,16.052,16.052,-2.569,1.0,SERANGOON NORTH AVENUE 1,9.255
serangoon_north_avenue_1,Serangoon North Avenue 1,5070.0,32429.019,39016.953,15.968,15.968,15.97,-2.281,1.0,SERANGOON NORTH AVENUE 1,9.2
serangoon_north_avenue_1,Serangoon North Avenue 1,5072.0,32427.078,39016.472,15.97,15.97,15.968,-2.031,1.0,SERANGOON NORTH AVENUE 1,9.146
serangoon_north_avenue_1,Serangoon North Avenue 1,5074.0,32425.137,39015.991,15.902,15.902,15.902,-1.547,1.0,SERANGOON NORTH AVENUE 1,9.091
serangoon_north_avenue_1,Serangoon North Avenue 1,5076.0,32423.195,39015.509,15.889,15.889,15.889,-1.894,1.0,SERANGOON NORTH AVENUE 1,9.036
serangoon_north_avenue_1,Serangoon North Avenue 1,5078.0,32421.254,39015.028,15.846,15.846,15.846,-1.369,1.0,SERANGOON NORTH AVENUE 1,8.982
serangoon_north_avenue_1,Serangoon North Avenue 1,5080.0,32419.313,39014.547,15.817,15.817,15.817,-1.444,1.0,SERANGOON NORTH AVENUE 1,8.927
serangoon_north_avenue_1,Serangoon North Avenue 1,5082.0,32417.372,39014.065,15.792,15.792,15.792,-1.016,1.0,SERANGOON NORTH AVENUE 1,8.872
serangoon_north_avenue_1,Serangoon North Avenue 1,5084.0,32415.431,39013.584,15.774,15.774,15.774,-0.681,1.0,SERANGOON NORTH AVENUE 1,8.818
serangoon_north_avenue_1,Serangoon North Avenue 1,5086.0,32413.489,39013.103,15.738,15.738,15.765,-0.375,1.0,SERANGOON NORTH AVENUE 1,8.763
serangoon_north_avenue_1,Serangoon North Avenue 1,5088.0,32411.548,39012.622,15.754,15.754,15.762,-0.106,1.0,SERANGOON NORTH AVENUE 1,8.708
serangoon_north_avenue_1,Serangoon North Avenue 1,5090.0,32409.608,39012.134,15.765,15.765,15.762,0.234,1.0,SERANGOON NORTH AVENUE 1,8.66
serangoon_north_avenue_1,Serangoon North Avenue 1,5092.0,32407.68,39011.604,15.762,15.762,15.765,,,SERANGOON NORTH AVENUE 1,8.656
serangoon_north_avenue_1,Serangoon North Avenue 1,5094.0,32405.752,39011.073,15.784,15.784,15.784,,,SERANGOON NORTH AVENUE 1,8.673
serangoon_north_avenue_1,Serangoon North Avenue 1,5096.0,32403.823,39010.543,16.221,15.806,15.806,1.063,1.0,SERANGOON NORTH AVENUE 1,8.857
serangoon_north_avenue_1,Serangoon North Avenue 1,5098.0,32401.895,39010.012,16.452,15.828,15.828,0.828,1.0,SERANGOON NORTH AVENUE 1,9.045
serangoon_north_avenue_1,Serangoon North Avenue 1,5100.0,32399.967,39009.482,15.85,15.85,15.85,,,SERANGOON NORTH AVENUE 1,9.232
serangoon_north_avenue_1,Serangoon North Avenue 1,5102.0,32398.023,39009.014,15.868,15.868,15.85,,,SERANGOON NORTH AVENUE 1,9.356
serangoon_north_avenue_1,Serangoon North Avenue 1,5104.0,32396.071,39008.575,15.854,15.854,15.85,-1.162,1.0,SERANGOON NORTH AVENUE 1,9.449
serangoon_north_avenue_1,Serangoon North Avenue 1,5106.0,32394.12,39008.136,15.757,15.757,15.757,-1.162,1.0,SERANGOON NORTH AVENUE 1,9.542
serangoon_north_avenue_1,Serangoon North Avenue 1,5108.0,32392.169,39007.697,15.741,15.741,15.757,,,SERANGOON NORTH AVENUE 1,9.635
serangoon_north_avenue_1,Serangoon North Avenue 1,5110.0,32390.198,39007.407,15.741,15.741,15.757,,,SERANGOON NORTH AVENUE 1,9.579
serangoon_north_avenue_1,Serangoon North Avenue 1,5112.0,32388.2,39007.331,17.024,15.761,15.761,,,SERANGOON NORTH AVENUE 1,9.307
serangoon_north_avenue_1,Serangoon North Avenue 1,5114.0,32386.201,39007.255,19.598,15.78,15.78,,,SERANGOON NORTH AVENUE 1,9.035
serangoon_north_avenue_1,Serangoon North Avenue 1,5116.0,32384.203,39007.179,15.848,15.8,15.8,,,SERANGOON NORTH AVENUE 1,8.763
serangoon_north_avenue_1,Serangoon North Avenue 1,5118.0,32382.204,39007.103,17.352,15.82,15.82,,,SERANGOON NORTH AVENUE 1,8.497
serangoon_north_avenue_1,Serangoon North Avenue 1,5120.0,32380.205,39007.027,15.751,15.84,15.82,,,SERANGOON NORTH AVENUE 1,8.519
serangoon_north_avenue_1,Serangoon North Avenue 1,5122.0,32378.207,39006.95,15.859,15.859,15.82,,,SERANGOON NORTH AVENUE 1,8.656
serangoon_north_avenue_1,Serangoon North Avenue 1,5124.0,32376.208,39006.874,16.064,15.801,15.801,,,SERANGOON NORTH AVENUE 1,8.793
serangoon_north_avenue_1,Serangoon North Avenue 1,5126.0,32374.21,39006.798,15.744,15.744,15.744,-1.354,1.0,SERANGOON NORTH AVENUE 1,8.931
serangoon_north_avenue_1,Serangoon North Avenue 1,5128.0,32372.211,39006.722,15.704,15.704,15.712,-0.911,1.0,SERANGOON NORTH AVENUE 1,9.068
serangoon_north_avenue_1,Serangoon North Avenue 1,5130.0,32370.213,39006.646,15.706,15.706,15.712,-0.469,1.0,SERANGOON NORTH AVENUE 1,9.205
serangoon_north_avenue_1,Serangoon North Avenue 1,5132.0,32368.214,39006.57,15.712,15.712,15.706,-1.537,1.0,SERANGOON NORTH AVENUE 1,9.342
serangoon_north_avenue_1,Serangoon North Avenue 1,5134.0,32366.216,39006.493,15.752,15.752,15.706,-3.581,1.0,SERANGOON NORTH AVENUE 1,9.479
serangoon_north_avenue_1,Serangoon North Avenue 1,5136.0,32364.219,39006.508,15.589,15.589,15.589,-3.512,1.0,SERANGOON NORTH AVENUE 1,9.526
serangoon_north_avenue_1,Serangoon North Avenue 1,5138.0,32362.224,39006.649,15.425,15.425,15.425,-3.512,1.0,SERANGOON NORTH AVENUE 1,9.446
serangoon_north_avenue_1,Serangoon North Avenue 1,5140.0,32360.229,39006.79,15.41,15.41,15.425,,,SERANGOON NORTH AVENUE 1,9.366
serangoon_north_avenue_1,Serangoon North Avenue 1,5142.0,32358.233,39006.931,15.401,15.401,15.425,,,SERANGOON NORTH AVENUE 1,9.286
serangoon_north_avenue_1,Serangoon North Avenue 1,5144.0,32356.238,39007.072,15.404,15.649,15.649,,,SERANGOON NORTH AVENUE 1,9.295
serangoon_north_avenue_1,Serangoon North Avenue 1,5146.0,32354.243,39007.213,15.45,15.898,15.898,,,SERANGOON NORTH AVENUE 1,9.6
serangoon_north_avenue_1,Serangoon North Avenue 1,5148.0,32352.268,39007.518,15.411,16.146,16.146,,,SERANGOON NORTH AVENUE 1,9.76
serangoon_north_avenue_1,Serangoon North Avenue 1,5150.0,32350.297,39007.855,22.459,16.358,16.296,,,SERANGOON NORTH AVENUE 1,9.89
serangoon_north_avenue_1,Serangoon North Avenue 1,5152.0,32348.325,39008.191,18.489,16.569,16.296,,,SERANGOON NORTH AVENUE 1,10.019
serangoon_north_avenue_1,Serangoon North Avenue 1,5154.0,32346.377,39008.616,19.705,16.296,16.296,,,SERANGOON NORTH AVENUE 1,10.057
serangoon_north_avenue_1,Serangoon North Avenue 1,5156.0,32344.493,39009.287,15.466,16.022,16.022,,,SERANGOON NORTH AVENUE 1,9.84
serangoon_north_avenue_1,Serangoon North Avenue 1,5158.0,32342.609,39009.958,15.458,15.749,15.749,,,SERANGOON NORTH AVENUE 1,9.624
serangoon_north_avenue_1,Serangoon North Avenue 1,5160.0,32340.725,39010.63,20.163,15.475,15.492,,,SERANGOON NORTH AVENUE 1,9.407
serangoon_north_avenue_1,Serangoon North Avenue 1,5162.0,32338.841,39011.301,15.492,15.492,15.475,,,SERANGOON NORTH AVENUE 1,9.19
serangoon_north_avenue_1,Serangoon North Avenue 1,5164.0,32336.957,39011.972,15.326,15.326,15.326,-2.291,1.0,SERANGOON NORTH AVENUE 1,8.973
serangoon_north_avenue_1,Serangoon North Avenue 1,5166.0,32335.073,39012.643,15.309,15.309,15.309,-2.077,1.0,SERANGOON NORTH AVENUE 1,8.757
serangoon_north_avenue_1,Serangoon North Avenue 1,5168.0,32333.189,39013.315,15.282,15.282,15.309,-0.547,1.0,SERANGOON NORTH AVENUE 1,8.54
serangoon_north_avenue_1,Serangoon North Avenue 1,5170.0,32331.305,39013.986,15.251,15.251,15.309,-0.725,1.0,SERANGOON NORTH AVENUE 1,8.524
serangoon_north_avenue_1,Serangoon North Avenue 1,5172.0,32329.421,39014.657,15.39,15.39,15.282,-0.869,1.0,SERANGOON NORTH AVENUE 1,8.717
serangoon_north_avenue_1,Serangoon North Avenue 1,5174.0,32327.537,39015.328,15.317,15.317,15.251,-1.578,1.0,SERANGOON NORTH AVENUE 1,8.91
serangoon_north_avenue_1,Serangoon North Avenue 1,5176.0,32325.653,39016.0,15.24,15.24,15.24,,,SERANGOON NORTH AVENUE 1,9.103
serangoon_north_avenue_1,Serangoon North Avenue 1,5178.0,32323.769,39016.671,15.183,15.183,15.183,,,SERANGOON NORTH AVENUE 1,9.296
serangoon_north_avenue_1,Serangoon North Avenue 1,5180.0,32321.885,39017.342,15.803,15.146,15.146,-2.091,1.0,SERANGOON NORTH AVENUE 1,9.489
serangoon_north_avenue_1,Serangoon North Avenue 1,5182.0,32320.07,39018.16,15.111,15.109,15.109,-1.694,1.0,SERANGOON NORTH AVENUE 1,9.52
serangoon_north_avenue_1,Serangoon North Avenue 1,5184.0,32318.356,39019.191,15.073,15.073,15.073,,,SERANGOON NORTH AVENUE 1,9.315
serangoon_north_avenue_1,Serangoon North Avenue 1,5186.0,32316.643,39020.222,15.048,15.048,15.048,,,SERANGOON NORTH AVENUE 1,9.11
serangoon_north_avenue_1,Serangoon North Avenue 1,5188.0,32314.929,39021.253,15.022,15.022,15.022,-0.75,1.0,SERANGOON NORTH AVENUE 1,8.905
serangoon_north_avenue_1,Serangoon North Avenue 1,5190.0,32313.215,39022.284,15.016,15.016,15.016,-0.6,1.0,SERANGOON NORTH AVENUE 1,8.7
serangoon_north_avenue_1,Serangoon North Avenue 1,5192.0,32311.632,39023.504,15.0,15.0,15.012,-0.353,1.0,SERANGOON NORTH AVENUE 1,8.268
serangoon_north_avenue_1,Serangoon North Avenue 1,5194.0,32310.059,39024.74,15.012,15.012,15.0,-0.391,1.0,SERANGOON NORTH AVENUE 1,7.84
serangoon_north_avenue_1,Serangoon North Avenue 1,5196.0,32308.487,39025.976,14.994,14.994,14.994,-0.606,1.0,SERANGOON NORTH AVENUE 1,7.731
serangoon_north_avenue_1,Serangoon North Avenue 1,5198.0,32306.915,39027.212,14.984,14.984,14.984,-2.578,1.0,SERANGOON NORTH AVENUE 1,7.683
serangoon_north_avenue_1,Serangoon North Avenue 1,5200.0,32305.342,39028.448,14.964,14.964,14.964,-2.797,1.0,SERANGOON NORTH AVENUE 1,7.636
serangoon_north_avenue_1,Serangoon North Avenue 1,5202.0,32303.77,39029.684,14.793,14.793,14.793,-2.75,1.0,SERANGOON NORTH AVENUE 1,7.588
serangoon_north_avenue_1,Serangoon North Avenue 1,5204.0,32302.198,39030.92,14.77,14.77,14.77,-2.675,1.0,SERANGOON NORTH AVENUE 1,7.541
serangoon_north_avenue_1,Serangoon North Avenue 1,5206.0,32300.625,39032.156,14.764,14.764,14.764,-0.841,1.0,SERANGOON NORTH AVENUE 1,7.493
serangoon_north_avenue_1,Serangoon North Avenue 1,5208.0,32299.053,39033.392,14.75,14.75,14.75,-0.897,1.0,SERANGOON NORTH AVENUE 1,7.446
serangoon_north_avenue_1,Serangoon North Avenue 1,5210.0,32297.481,39034.628,14.726,14.726,14.726,-0.875,1.0,SERANGOON NORTH AVENUE 1,7.398
serangoon_north_avenue_1,Serangoon North Avenue 1,5212.0,32295.908,39035.864,14.698,14.698,14.698,-1.2,1.0,SERANGOON NORTH AVENUE 1,7.351
serangoon_north_avenue_1,Serangoon North Avenue 1,5214.0,32294.336,39037.1,14.695,14.695,14.695,-0.9,1.0,SERANGOON NORTH AVENUE 1,7.303
serangoon_north_avenue_1,Serangoon North Avenue 1,5216.0,32292.764,39038.336,14.654,14.654,14.654,-0.553,1.0,SERANGOON NORTH AVENUE 1,7.256
serangoon_north_avenue_1,Serangoon North Avenue 1,5218.0,32291.191,39039.572,14.642,14.642,14.654,,,SERANGOON NORTH AVENUE 1,7.208
serangoon_north_avenue_1,Serangoon North Avenue 1,5220.0,32289.619,39040.808,14.609,14.609,14.654,,,SERANGOON NORTH AVENUE 1,7.337
serangoon_north_avenue_1,Serangoon North Avenue 1,5222.0,32288.124,39042.128,14.625,14.803,14.803,,,SERANGOON NORTH AVENUE 1,7.482
serangoon_north_avenue_1,Serangoon North Avenue 1,5224.0,32286.766,39043.596,14.738,14.997,14.997,,,SERANGOON NORTH AVENUE 1,7.426
serangoon_north_avenue_1,Serangoon North Avenue 1,5226.0,32285.408,39045.065,15.09,15.399,15.399,,,SERANGOON NORTH AVENUE 1,7.37
serangoon_north_avenue_1,Serangoon North Avenue 1,5228.0,32284.058,39046.54,15.069,15.8,15.8,,,SERANGOON NORTH AVENUE 1,7.303
serangoon_north_avenue_1,Serangoon North Avenue 1,5230.0,32282.735,39048.04,15.001,16.202,16.202,,,SERANGOON NORTH AVENUE 1,7.2
serangoon_north_avenue_1,Serangoon North Avenue 1,5232.0,32281.412,39049.54,15.26,16.604,16.604,,,SERANGOON NORTH AVENUE 1,7.152
serangoon_north_avenue_1,Serangoon North Avenue 1,5234.0,32280.089,39051.04,17.891,17.006,17.006,,,SERANGOON NORTH AVENUE 1,7.345
serangoon_north_avenue_1,Serangoon North Avenue 1,5236.0,32278.766,39052.54,17.844,17.408,17.408,,,SERANGOON NORTH AVENUE 1,7.54
serangoon_north_avenue_1,Serangoon North Avenue 1,5238.0,32277.454,39054.048,17.81,17.81,17.408,,,SERANGOON NORTH AVENUE 1,7.721
serangoon_north_avenue_1,Serangoon North Avenue 1,5240.0,32276.237,39055.636,18.058,17.619,17.408,,,SERANGOON NORTH AVENUE 1,7.779
serangoon_north_avenue_1,Serangoon North Avenue 1,5242.0,32275.02,39057.223,16.556,17.354,17.354,,,SERANGOON NORTH AVENUE 1,7.837
serangoon_north_avenue_1,Serangoon North Avenue 1,5244.0,32273.803,39058.81,18.664,17.089,17.089,,,SERANGOON NORTH AVENUE 1,7.894
serangoon_north_avenue_1,Serangoon North Avenue 1,5246.0,32272.587,39060.398,14.812,16.824,16.824,,,SERANGOON NORTH AVENUE 1,7.952
serangoon_north_avenue_1,Serangoon North Avenue 1,5248.0,32271.37,39061.985,18.354,16.524,16.524,,,SERANGOON NORTH AVENUE 1,8.01
serangoon_north_avenue_1,Serangoon North Avenue 1,5250.0,32270.153,39063.572,18.114,16.224,16.224,,,SERANGOON NORTH AVENUE 1,8.068
serangoon_north_avenue_1,Serangoon North Avenue 1,5252.0,32268.933,39065.157,14.42,15.924,15.924,,,SERANGOON NORTH AVENUE 1,8.129
serangoon_north_avenue_1,Serangoon North Avenue 1,5254.0,32267.707,39066.737,14.893,15.624,15.624,,,SERANGOON NORTH AVENUE 1,8.199
serangoon_north_avenue_1,Serangoon North Avenue 1,5256.0,32266.481,39068.317,14.766,15.325,15.325,,,SERANGOON NORTH AVENUE 1,8.282
serangoon_north_avenue_1,Serangoon North Avenue 1,5258.0,32265.255,39069.898,15.025,15.025,15.025,,,SERANGOON NORTH AVENUE 1,8.549
serangoon_north_avenue_1,Serangoon North Avenue 1,5260.0,32263.314,39070.238,14.341,14.827,14.827,,,SERANGOON NORTH AVENUE 1,10.063
serangoon_north_avenue_1,Serangoon North Avenue 1,5262.0,32261.333,39070.508,14.629,14.629,14.827,-3.167,1.0,SERANGOON NORTH AVENUE 1,11.647
serangoon_north_avenue_1,Serangoon North Avenue 1,5264.0,32259.351,39070.779,14.803,14.803,14.803,-3.121,1.0,SERANGOON NORTH AVENUE 1,10.921
serangoon_north_avenue_1,Serangoon North Avenue 1,5266.0,32257.369,39071.049,14.873,14.873,14.771,-3.075,1.0,SERANGOON NORTH AVENUE 1,9.888
serangoon_north_avenue_1,Serangoon North Avenue 1,5268.0,32255.388,39071.32,14.771,14.771,14.771,-3.512,1.0,SERANGOON NORTH AVENUE 1,8.89
serangoon_north_avenue_1,Serangoon North Avenue 1,5270.0,32253.406,39071.282,14.581,14.581,14.581,-3.473,1.0,SERANGOON NORTH AVENUE 1,8.275
serangoon_north_avenue_1,Serangoon North Avenue 1,5272.0,32251.425,39071.007,14.494,14.494,14.522,-6.483,1.0,SERANGOON NORTH AVENUE 1,7.896
serangoon_north_avenue_1,Serangoon North Avenue 1,5274.0,32249.444,39070.732,14.522,14.522,14.494,-4.477,1.0,SERANGOON NORTH AVENUE 1,7.659
serangoon_north_avenue_1,Serangoon North Avenue 1,5276.0,32247.463,39070.456,14.253,14.253,14.253,-3.921,1.0,SERANGOON NORTH AVENUE 1,7.426
serangoon_north_avenue_1,Serangoon North Avenue 1,5278.0,32245.483,39070.181,14.223,14.223,14.223,-3.562,1.0,SERANGOON NORTH AVENUE 1,7.363
serangoon_north_avenue_1,Serangoon North Avenue 1,5280.0,32243.502,39069.906,14.209,14.209,14.209,-0.552,1.0,SERANGOON NORTH AVENUE 1,7.322
serangoon_north_avenue_1,Serangoon North Avenue 1,5282.0,32241.521,39069.631,14.191,14.191,14.209,0.142,1.0,SERANGOON NORTH AVENUE 1,7.419
serangoon_north_avenue_1,Serangoon North Avenue 1,5284.0,32239.54,39069.355,14.186,14.186,14.209,0.865,1.0,SERANGOON NORTH AVENUE 1,7.563
serangoon_north_avenue_1,Serangoon North Avenue 1,5286.0,32237.559,39069.08,14.234,14.234,14.234,2.087,1.0,SERANGOON NORTH AVENUE 1,7.791
serangoon_north_avenue_1,Serangoon North Avenue 1,5288.0,32235.578,39068.805,14.278,14.278,14.278,3.029,1.0,SERANGOON NORTH AVENUE 1,8.066
serangoon_north_avenue_1,Serangoon North Avenue 1,5290.0,32233.597,39068.53,14.376,14.376,14.376,2.713,1.0,SERANGOON NORTH AVENUE 1,8.341
serangoon_north_avenue_1,Serangoon North Avenue 1,5292.0,32231.616,39068.254,14.451,14.451,14.451,2.215,1.0,SERANGOON NORTH AVENUE 1,8.616
serangoon_north_avenue_1,Serangoon North Avenue 1,5294.0,32229.622,39068.176,14.451,14.451,14.451,1.035,1.0,SERANGOON NORTH AVENUE 1,8.693
serangoon_north_avenue_1,Serangoon North Avenue 1,5296.0,32227.622,39068.186,14.471,14.471,14.455,0.094,1.0,SERANGOON NORTH AVENUE 1,8.683
serangoon_north_avenue_1,Serangoon North Avenue 1,5298.0,32225.622,39068.196,14.466,14.466,14.458,0.05,1.0,SERANGOON NORTH AVENUE 1,8.673
serangoon_north_avenue_1,Serangoon North Avenue 1,5300.0,32223.622,39068.206,14.455,14.455,14.458,-0.847,1.0,SERANGOON NORTH AVENUE 1,8.663
serangoon_north_avenue_1,Serangoon North Avenue 1,5302.0,32221.622,39068.216,14.458,14.458,14.455,-1.566,1.0,SERANGOON NORTH AVENUE 1,8.653
serangoon_north_avenue_1,Serangoon North Avenue 1,5304.0,32219.622,39068.229,14.387,14.387,14.387,-1.828,1.0,SERANGOON NORTH AVENUE 1,8.639
serangoon_north_avenue_1,Serangoon North Avenue 1,5306.0,32217.622,39068.243,14.3,14.3,14.333,-1.784,1.0,SERANGOON NORTH AVENUE 1,8.624
serangoon_north_avenue_1,Serangoon North Avenue 1,5308.0,32215.622,39068.257,14.308,14.308,14.312,-0.675,1.0,SERANGOON NORTH AVENUE 1,8.61
serangoon_north_avenue_1,Serangoon North Avenue 1,5310.0,32213.622,39068.272,14.333,14.333,14.312,0.0,1.0,SERANGOON NORTH AVENUE 1,8.595
serangoon_north_avenue_1,Serangoon North Avenue 1,5312.0,32211.622,39068.286,14.312,14.312,14.333,0.0,1.0,SERANGOON NORTH AVENUE 1,8.58
serangoon_north_avenue_1,Serangoon North Avenue 1,5314.0,32209.622,39068.3,14.343,14.343,14.333,-0.313,1.0,SERANGOON NORTH AVENUE 1,8.566
serangoon_north_avenue_1,Serangoon North Avenue 1,5316.0,32207.622,39068.289,14.354,14.354,14.312,-0.575,1.0,SERANGOON NORTH AVENUE 1,8.577
serangoon_north_avenue_1,Serangoon North Avenue 1,5318.0,32205.623,39068.254,14.135,14.135,14.287,-0.575,1.0,SERANGOON NORTH AVENUE 1,8.612
serangoon_north_avenue_1,Serangoon North Avenue 1,5320.0,32203.623,39068.218,14.276,14.276,14.287,0.072,1.0,SERANGOON NORTH AVENUE 1,8.647
serangoon_north_avenue_1,Serangoon North Avenue 1,5322.0,32201.623,39068.183,14.287,14.287,14.287,0.463,1.0,SERANGOON NORTH AVENUE 1,8.681
serangoon_north_avenue_1,Serangoon North Avenue 1,5324.0,32199.623,39068.148,14.318,14.318,14.318,0.609,1.0,SERANGOON NORTH AVENUE 1,8.716
serangoon_north_avenue_1,Serangoon North Avenue 1,5326.0,32197.624,39068.11,14.324,14.324,14.324,0.834,1.0,SERANGOON NORTH AVENUE 1,8.754
serangoon_north_avenue_1,Serangoon North Avenue 1,5328.0,32195.624,39068.066,14.336,14.336,14.336,0.534,1.0,SERANGOON NORTH AVENUE 1,8.798
serangoon_north_avenue_1,Serangoon North Avenue 1,5330.0,32193.625,39068.021,14.354,14.354,14.354,0.6,1.0,SERANGOON NORTH AVENUE 1,8.842
serangoon_north_avenue_1,Serangoon North Avenue 1,5332.0,32191.625,39067.98,14.372,14.372,14.361,0.547,1.0,SERANGOON NORTH AVENUE 1,8.883
serangoon_north_avenue_1,Serangoon North Avenue 1,5334.0,32189.625,39067.969,14.361,14.361,14.372,0.444,1.0,SERANGOON NORTH AVENUE 1,8.894
serangoon_north_avenue_1,Serangoon North Avenue 1,5336.0,32187.625,39067.957,14.404,14.404,14.38,0.4,1.0,SERANGOON NORTH AVENUE 1,8.905
serangoon_north_avenue_1,Serangoon North Avenue 1,5338.0,32185.625,39067.945,14.38,14.38,14.39,0.216,1.0,SERANGOON NORTH AVENUE 1,8.916
serangoon_north_avenue_1,Serangoon North Avenue 1,5340.0,32183.625,39067.934,14.393,14.393,14.393,0.122,1.0,SERANGOON NORTH AVENUE 1,8.927
serangoon_north_avenue_1,Serangoon North Avenue 1,5342.0,32181.625,39067.922,14.39,14.39,14.39,-0.45,1.0,SERANGOON NORTH AVENUE 1,8.939
serangoon_north_avenue_1,Serangoon North Avenue 1,5344.0,32179.627,39067.971,14.402,14.402,14.39,-1.247,1.0,SERANGOON NORTH AVENUE 1,8.89
serangoon_north_avenue_1,Serangoon North Avenue 1,5346.0,32177.63,39068.078,14.354,14.354,14.354,-2.225,1.0,SERANGOON NORTH AVENUE 1,8.782
serangoon_north_avenue_1,Serangoon North Avenue 1,5348.0,32175.633,39068.185,14.293,14.293,14.293,-3.481,1.0,SERANGOON NORTH AVENUE 1,8.675
serangoon_north_avenue_1,Serangoon North Avenue 1,5350.0,32173.636,39068.292,14.212,14.212,14.212,-3.953,1.0,SERANGOON NORTH AVENUE 1,8.568
serangoon_north_avenue_1,Serangoon North Avenue 1,5352.0,32171.638,39068.398,14.111,14.111,14.111,-4.15,1.0,SERANGOON NORTH AVENUE 1,8.461
serangoon_north_avenue_1,Serangoon North Avenue 1,5354.0,32169.64,39068.49,14.037,14.037,14.037,-3.247,1.0,SERANGOON NORTH AVENUE 1,8.369
serangoon_north_avenue_1,Serangoon North Avenue 1,5356.0,32167.643,39068.581,13.961,13.961,13.961,-2.606,1.0,SERANGOON NORTH AVENUE 1,8.277
serangoon_north_avenue_1,Serangoon North Avenue 1,5358.0,32165.645,39068.672,13.952,13.952,13.952,-2.375,1.0,SERANGOON NORTH AVENUE 1,8.186
serangoon_north_avenue_1,Serangoon North Avenue 1,5360.0,32163.647,39068.764,13.902,13.902,13.902,-1.703,1.0,SERANGOON NORTH AVENUE 1,8.094
serangoon_north_avenue_1,Serangoon North Avenue 1,5362.0,32161.649,39068.855,13.847,13.847,13.847,-1.728,1.0,SERANGOON NORTH AVENUE 1,8.002
serangoon_north_avenue_1,Serangoon North Avenue 1,5364.0,32159.652,39068.975,13.825,13.825,13.825,-1.212,1.0,SERANGOON NORTH AVENUE 1,7.882
serangoon_north_avenue_1,Serangoon North Avenue 1,5366.0,32157.656,39069.102,13.814,13.814,13.814,-0.528,1.0,SERANGOON NORTH AVENUE 1,7.754
serangoon_north_avenue_1,Serangoon North Avenue 1,5368.0,32155.661,39069.23,13.806,13.806,13.806,-0.434,1.0,SERANGOON NORTH AVENUE 1,7.627
serangoon_north_avenue_1,Serangoon North Avenue 1,5370.0,32153.665,39069.357,13.805,13.805,13.805,-0.362,1.0,SERANGOON NORTH AVENUE 1,7.499
serangoon_north_avenue_1,Serangoon North Avenue 1,5372.0,32151.669,39069.484,13.79,13.79,13.79,-0.275,1.0,SERANGOON NORTH AVENUE 1,7.371
serangoon_north_avenue_1,Serangoon North Avenue 1,5374.0,32149.673,39069.612,13.785,13.785,13.785,-0.475,1.0,SERANGOON NORTH AVENUE 1,7.241
serangoon_north_avenue_1,Serangoon North Avenue 1,5376.0,32147.677,39069.739,13.784,13.784,13.784,-0.337,1.0,SERANGOON NORTH AVENUE 1,7.109
serangoon_north_avenue_1,Serangoon North Avenue 1,5378.0,32145.681,39069.867,13.767,13.767,13.767,-0.3,1.0,SERANGOON NORTH AVENUE 1,6.977
serangoon_north_avenue_1,Serangoon North Avenue 1,5380.0,32143.685,39069.994,13.76,13.76,13.763,-0.591,1.0,SERANGOON NORTH AVENUE 1,6.846
serangoon_north_avenue_1,Serangoon North Avenue 1,5382.0,32141.689,39070.121,13.763,13.763,13.76,-0.606,1.0,SERANGOON NORTH AVENUE 1,6.714
serangoon_north_avenue_1,Serangoon North Avenue 1,5384.0,32139.693,39070.249,13.736,13.736,13.736,-0.556,1.0,SERANGOON NORTH AVENUE 1,6.582
serangoon_north_avenue_1,Serangoon North Avenue 1,5386.0,32137.697,39070.376,13.718,13.718,13.718,-0.631,1.0,SERANGOON NORTH AVENUE 1,6.45
serangoon_north_avenue_1,Serangoon North Avenue 1,5388.0,32135.701,39070.504,13.71,13.71,13.718,-0.394,1.0,SERANGOON NORTH AVENUE 1,6.319
serangoon_north_avenue_1,Serangoon North Avenue 1,5390.0,32133.705,39070.631,13.705,13.705,13.71,-0.175,1.0,SERANGOON NORTH AVENUE 1,6.187
serangoon_north_avenue_1,Serangoon North Avenue 1,5392.0,32131.709,39070.758,13.734,13.734,13.705,-0.656,1.0,SERANGOON NORTH AVENUE 1,6.055
serangoon_north_avenue_1,Serangoon North Avenue 1,5394.0,32129.71,39070.798,13.704,13.704,13.704,-0.794,1.0,SERANGOON NORTH AVENUE 1,6.011
serangoon_north_avenue_1,Serangoon North Avenue 1,5396.0,32127.71,39070.803,13.666,13.666,13.666,-0.728,1.0,SERANGOON NORTH AVENUE 1,6.002
serangoon_north_avenue_1,Serangoon North Avenue 1,5398.0,32125.71,39070.808,13.646,13.646,13.646,-0.725,1.0,SERANGOON NORTH AVENUE 1,5.992
serangoon_north_avenue_1,Serangoon North Avenue 1,5400.0,32123.71,39070.813,13.628,13.628,13.646,-0.169,1.0,SERANGOON NORTH AVENUE 1,5.983
serangoon_north_avenue_1,Serangoon North Avenue 1,5402.0,32121.71,39070.818,13.631,13.631,13.646,0.078,1.0,SERANGOON NORTH AVENUE 1,5.973
serangoon_north_avenue_1,Serangoon North Avenue 1,5404.0,32119.71,39070.824,13.652,13.652,13.652,0.106,1.0,SERANGOON NORTH AVENUE 1,5.963
serangoon_north_avenue_1,Serangoon North Avenue 1,5406.0,32117.719,39070.991,13.662,13.662,13.653,0.106,1.0,SERANGOON NORTH AVENUE 1,5.791
serangoon_north_avenue_1,Serangoon North Avenue 1,5408.0,32115.729,39071.19,13.655,13.655,13.655,0.025,1.0,SERANGOON NORTH AVENUE 1,5.588
serangoon_north_avenue_1,Serangoon North Avenue 1,5410.0,32113.739,39071.389,13.653,13.653,13.655,0.0,1.0,SERANGOON NORTH AVENUE 1,5.384
serangoon_north_avenue_1,Serangoon North Avenue 1,5412.0,32111.749,39071.588,13.679,13.679,13.654,-0.059,1.0,SERANGOON NORTH AVENUE 1,5.181
serangoon_north_avenue_1,Serangoon North Avenue 1,5414.0,32109.758,39071.787,13.654,13.654,13.653,-0.191,1.0,SERANGOON NORTH AVENUE 1,4.978
serangoon_north_avenue_1,Serangoon North Avenue 1,5416.0,32107.766,39071.958,13.65,13.65,13.65,-0.497,1.0,SERANGOON NORTH AVENUE 1,4.803
serangoon_north_avenue_1,Serangoon North Avenue 1,5418.0,32105.773,39072.127,13.64,13.64,13.64,-0.972,1.0,SERANGOON NORTH AVENUE 1,4.629
serangoon_north_avenue_1,Serangoon North Avenue 1,5420.0,32103.78,39072.296,13.615,13.615,13.615,-1.053,1.0,SERANGOON NORTH AVENUE 1,4.456
serangoon_north_avenue_1,Serangoon North Avenue 1,5422.0,32101.787,39072.465,13.575,13.575,13.575,-1.024,1.0,SERANGOON NORTH AVENUE 1,4.282
serangoon_north_avenue_1,Serangoon North Avenue 1,5424.0,32099.794,39072.634,13.566,13.566,13.566,-0.994,1.0,SERANGOON NORTH AVENUE 1,4.109
serangoon_north_avenue_1,Serangoon North Avenue 1,5426.0,32097.802,39072.803,13.535,13.535,13.558,,,SERANGOON NORTH AVENUE 1,3.936
serangoon_north_avenue_1,Serangoon North Avenue 1,5428.0,32095.809,39072.972,13.558,13.558,13.535,,,SERANGOON NORTH AVENUE 1,3.762
serangoon_north_avenue_1,Serangoon North Avenue 1,5430.0,32093.816,39073.141,14.458,13.534,13.534,-0.608,1.0,SERANGOON NORTH AVENUE 1,3.589
serangoon_north_avenue_1,Serangoon North Avenue 1,5432.0,32091.823,39073.31,13.547,13.509,13.509,-0.326,1.0,SERANGOON NORTH AVENUE 1,3.416
serangoon_north_avenue_1,Serangoon North Avenue 1,5434.0,32089.83,39073.479,13.485,13.485,13.509,,,SERANGOON NORTH AVENUE 1,3.242
serangoon_north_avenue_1,Serangoon North Avenue 1,5436.0,32087.837,39073.648,13.469,13.469,13.509,,,SERANGOON NORTH AVENUE 1,3.069
serangoon_north_avenue_1,Serangoon North Avenue 1,5438.0,32085.927,39073.459,13.423,13.684,13.684,,,SERANGOON NORTH AVENUE 1,3.253
serangoon_north_avenue_1,Serangoon North Avenue 1,5440.0,32084.212,39072.43,14.22,13.899,13.899,,,SERANGOON NORTH AVENUE 1,4.279
serangoon_north_avenue_1,Serangoon North Avenue 1,5442.0,32082.497,39071.401,13.804,14.114,14.114,,,SERANGOON NORTH AVENUE 1,5.304
serangoon_north_avenue_1,Serangoon North Avenue 1,5444.0,32080.782,39070.372,14.75,14.398,14.398,,,SERANGOON NORTH AVENUE 1,6.329
serangoon_north_avenue_1,Serangoon North Avenue 1,5446.0,32079.067,39069.343,13.629,14.683,14.683,,,SERANGOON NORTH AVENUE 1,7.354
serangoon_north_avenue_1,Serangoon North Avenue 1,5448.0,32077.352,39068.314,13.74,14.968,14.968,,,SERANGOON NORTH AVENUE 1,8.379
serangoon_north_avenue_1,Serangoon North Avenue 1,5450.0,32075.637,39067.285,17.727,15.252,15.252,,,SERANGOON NORTH AVENUE 1,9.404
serangoon_north_avenue_1,Serangoon North Avenue 1,5452.0,32073.922,39066.256,15.84,15.537,15.537,,,SERANGOON NORTH AVENUE 1,10.429
serangoon_north_avenue_1,Serangoon North Avenue 1,5454.0,32072.207,39065.228,19.295,15.822,15.773,,,SERANGOON NORTH AVENUE 1,11.455
serangoon_north_avenue_1,Serangoon North Avenue 1,5456.0,32070.492,39064.199,15.804,15.804,15.773,,,SERANGOON NORTH AVENUE 1,12.48
serangoon_north_avenue_1,Serangoon North Avenue 1,5458.0,32068.777,39063.17,15.773,15.773,15.773,-4.858,1.0,SERANGOON NORTH AVENUE 1,12.234
serangoon_north_avenue_1,Serangoon North Avenue 1,5460.0,32067.796,39061.694,15.36,15.572,15.572,-5.025,1.0,SERANGOON NORTH AVENUE 1,11.074
serangoon_north_avenue_1,Serangoon North Avenue 1,5462.0,32067.669,39059.698,15.371,15.371,15.384,-6.173,1.0,SERANGOON NORTH AVENUE 1,10.696
serangoon_north_avenue_1,Serangoon North Avenue 1,5464.0,32067.541,39057.702,15.384,15.384,15.371,-4.172,1.0,SERANGOON NORTH AVENUE 1,10.317
serangoon_north_avenue_1,Serangoon North Avenue 1,5466.0,32067.414,39055.706,15.279,15.279,15.279,-2.171,1.0,SERANGOON NORTH AVENUE 1,9.938
serangoon_north_avenue_1,Serangoon North Avenue 1,5468.0,32067.287,39053.71,15.147,15.147,15.21,-2.004,1.0,SERANGOON NORTH AVENUE 1,9.56
serangoon_north_avenue_1,Serangoon North Avenue 1,5470.0,32067.222,39051.715,15.099,15.099,15.21,-0.2,1.0,SERANGOON NORTH AVENUE 1,9.243
serangoon_north_avenue_1,Serangoon North Avenue 1,5472.0,32067.415,39049.724,15.21,15.21,15.21,1.225,1.0,SERANGOON NORTH AVENUE 1,9.183
serangoon_north_avenue_1,Serangoon North Avenue 1,5474.0,32067.608,39047.734,15.263,15.263,15.263,1.231,1.0,SERANGOON NORTH AVENUE 1,9.122
serangoon_north_avenue_1,Serangoon North Avenue 1,5476.0,32067.8,39045.743,15.309,15.309,15.308,3.335,1.0,SERANGOON NORTH AVENUE 1,9.062
serangoon_north_avenue_1,Serangoon North Avenue 1,5478.0,32067.993,39043.752,15.308,15.308,15.309,3.135,1.0,SERANGOON NORTH AVENUE 1,9.001
serangoon_north_avenue_1,Serangoon North Avenue 1,5480.0,32068.186,39041.762,15.477,15.477,15.477,5.821,1.0,SERANGOON NORTH AVENUE 1,8.941
serangoon_north_avenue_1,Serangoon North Avenue 1,5482.0,32068.464,39039.784,15.514,15.514,15.514,6.731,1.0,SERANGOON NORTH AVENUE 1,8.966
serangoon_north_avenue_1,Serangoon North Avenue 1,5484.0,32068.866,39037.825,15.774,15.774,15.774,4.627,1.0,SERANGOON NORTH AVENUE 1,9.118
serangoon_north_avenue_1,Serangoon North Avenue 1,5486.0,32069.269,39035.866,16.063,16.063,15.847,,,SERANGOON NORTH AVENUE 1,9.27
serangoon_north_avenue_1,Serangoon North Avenue 1,5488.0,32069.671,39033.907,18.027,16.039,15.847,,,SERANGOON NORTH AVENUE 1,9.421
serangoon_north_avenue_1,Serangoon North Avenue 1,5490.0,32070.074,39031.947,16.015,15.847,15.847,,,SERANGOON NORTH AVENUE 1,9.327
serangoon_north_avenue_1,Serangoon North Avenue 1,5492.0,32070.476,39029.988,15.253,15.656,15.656,-4.06,1.0,SERANGOON NORTH AVENUE 1,9.129
serangoon_north_avenue_1,Serangoon North Avenue 1,5494.0,32070.879,39028.029,15.297,15.503,15.594,,,SERANGOON NORTH AVENUE 1,8.931
serangoon_north_avenue_1,Serangoon North Avenue 1,5496.0,32071.281,39026.07,15.35,15.35,15.522,,,SERANGOON NORTH AVENUE 1,8.733
serangoon_north_avenue_1,Serangoon North Avenue 1,5498.0,32071.684,39024.111,15.594,15.594,15.522,,,SERANGOON NORTH AVENUE 1,8.535
serangoon_north_avenue_1,Serangoon North Avenue 1,5500.0,32072.087,39022.152,15.522,15.522,15.529,0.312,1.0,SERANGOON NORTH AVENUE 1,8.337
serangoon_north_avenue_1,Serangoon North Avenue 1,5502.0,32072.489,39020.193,15.529,15.529,15.548,0.906,1.0,SERANGOON NORTH AVENUE 1,8.139
serangoon_north_avenue_1,Serangoon North Avenue 1,5504.0,32072.978,39018.256,15.548,15.548,15.548,1.403,1.0,SERANGOON NORTH AVENUE 1,8.03
serangoon_north_avenue_1,Serangoon North Avenue 1,5506.0,32073.581,39016.349,15.595,15.595,15.595,1.85,1.0,SERANGOON NORTH AVENUE 1,8.039
serangoon_north_avenue_1,Serangoon North Avenue 1,5508.0,32074.184,39014.443,15.642,15.642,15.642,3.228,1.0,SERANGOON NORTH AVENUE 1,8.048
serangoon_north_avenue_1,Serangoon North Avenue 1,5510.0,32074.787,39012.536,15.696,15.696,15.696,3.331,1.0,SERANGOON NORTH AVENUE 1,8.057
serangoon_north_avenue_1,Serangoon North Avenue 1,5512.0,32075.39,39010.629,15.806,15.806,15.806,4.003,1.0,SERANGOON NORTH AVENUE 1,8.066
serangoon_north_avenue_1,Serangoon North Avenue 1,5514.0,32075.993,39008.722,15.862,15.862,15.862,4.522,1.0,SERANGOON NORTH AVENUE 1,8.075
serangoon_north_avenue_1,Serangoon North Avenue 1,5516.0,32076.574,39006.808,15.962,15.962,15.962,3.919,1.0,SERANGOON NORTH AVENUE 1,8.061
serangoon_north_avenue_1,Serangoon North Avenue 1,5518.0,32077.103,39004.879,16.057,16.057,16.057,4.256,1.0,SERANGOON NORTH AVENUE 1,7.992
serangoon_north_avenue_1,Serangoon North Avenue 1,5520.0,32077.631,39002.951,16.119,16.119,16.119,4.159,1.0,SERANGOON NORTH AVENUE 1,7.924
serangoon_north_avenue_1,Serangoon North Avenue 1,5522.0,32078.16,39001.022,16.202,16.202,16.202,3.922,1.0,SERANGOON NORTH AVENUE 1,7.855
serangoon_north_avenue_1,Serangoon North Avenue 1,5524.0,32078.689,38999.093,16.294,16.294,16.294,4.072,1.0,SERANGOON NORTH AVENUE 1,7.786
serangoon_north_avenue_1,Serangoon North Avenue 1,5526.0,32079.217,38997.164,16.371,16.371,16.371,3.85,1.0,SERANGOON NORTH AVENUE 1,7.718
serangoon_north_avenue_1,Serangoon North Avenue 1,5528.0,32079.916,38995.291,16.445,16.445,16.445,3.681,1.0,SERANGOON NORTH AVENUE 1,7.828
serangoon_north_avenue_1,Serangoon North Avenue 1,5530.0,32080.631,38993.423,16.51,16.51,16.51,3.937,1.0,SERANGOON NORTH AVENUE 1,7.956
serangoon_north_avenue_1,Serangoon North Avenue 1,5532.0,32081.346,38991.555,16.589,16.589,16.589,4.094,1.0,SERANGOON NORTH AVENUE 1,8.083
serangoon_north_avenue_1,Serangoon North Avenue 1,5534.0,32082.061,38989.687,16.686,16.686,16.686,4.622,1.0,SERANGOON NORTH AVENUE 1,8.211
serangoon_north_avenue_1,Serangoon North Avenue 1,5536.0,32082.776,38987.819,16.772,16.772,16.772,4.953,1.0,SERANGOON NORTH AVENUE 1,8.331
serangoon_north_avenue_1,Serangoon North Avenue 1,5538.0,32083.491,38985.952,16.88,16.88,16.88,5.128,1.0,SERANGOON NORTH AVENUE 1,8.41
serangoon_north_avenue_1,Serangoon North Avenue 1,5540.0,32084.206,38984.084,16.985,16.985,16.985,4.319,1.0,SERANGOON NORTH AVENUE 1,8.49
serangoon_north_avenue_1,Serangoon North Avenue 1,5542.0,32084.921,38982.216,17.096,17.096,17.096,3.191,1.0,SERANGOON NORTH AVENUE 1,8.57
serangoon_north_avenue_1,Serangoon North Avenue 1,5544.0,32085.635,38980.348,17.135,17.135,17.118,1.878,1.0,SERANGOON NORTH AVENUE 1,8.65
serangoon_north_avenue_1,Serangoon North Avenue 1,5546.0,32086.35,38978.48,17.118,17.118,17.135,0.659,1.0,SERANGOON NORTH AVENUE 1,8.73
serangoon_north_avenue_1,Serangoon North Avenue 1,5548.0,32087.065,38976.612,17.136,17.136,17.136,0.744,1.0,SERANGOON NORTH AVENUE 1,8.81
serangoon_north_avenue_1,Serangoon North Avenue 1,5550.0,32087.78,38974.745,17.149,17.149,17.149,0.684,1.0,SERANGOON NORTH AVENUE 1,8.89
serangoon_north_avenue_1,Serangoon North Avenue 1,5552.0,32088.465,38972.865,17.178,17.178,17.178,4.028,1.0,SERANGOON NORTH AVENUE 1,8.937
serangoon_north_avenue_1,Serangoon North Avenue 1,5554.0,32089.142,38970.983,17.19,17.19,17.19,5.034,1.0,SERANGOON NORTH AVENUE 1,8.977
serangoon_north_avenue_1,Serangoon North Avenue 1,5556.0,32089.819,38969.102,17.458,17.458,17.458,5.525,1.0,SERANGOON NORTH AVENUE 1,9.016
serangoon_north_avenue_1,Serangoon North Avenue 1,5558.0,32090.496,38967.22,17.552,17.552,17.552,6.003,1.0,SERANGOON NORTH AVENUE 1,9.056
serangoon_north_avenue_1,Serangoon North Avenue 1,5560.0,32091.173,38965.338,17.62,17.62,17.62,3.816,1.0,SERANGOON NORTH AVENUE 1,9.095
serangoon_north_avenue_1,Serangoon North Avenue 1,5562.0,32091.839,38963.452,17.67,17.67,17.67,3.347,1.0,SERANGOON NORTH AVENUE 1,9.123
serangoon_north_avenue_1,Serangoon North Avenue 1,5564.0,32092.345,38961.517,17.763,17.763,17.763,3.478,1.0,SERANGOON NORTH AVENUE 1,8.983
serangoon_north_avenue_1,Serangoon North Avenue 1,5566.0,32092.851,38959.582,17.82,17.82,17.82,3.656,1.0,SERANGOON NORTH AVENUE 1,8.844
serangoon_north_avenue_1,Serangoon North Avenue 1,5568.0,32093.357,38957.648,17.898,17.898,17.898,3.444,1.0,SERANGOON NORTH AVENUE 1,8.705
serangoon_north_avenue_1,Serangoon North Avenue 1,5570.0,32093.863,38955.713,17.962,17.962,17.962,3.691,1.0,SERANGOON NORTH AVENUE 1,8.565
serangoon_north_avenue_1,Serangoon North Avenue 1,5572.0,32094.369,38953.778,18.038,18.038,18.038,3.878,1.0,SERANGOON NORTH AVENUE 1,8.426
serangoon_north_avenue_1,Serangoon North Avenue 1,5574.0,32094.911,38951.855,18.115,18.115,18.115,3.847,1.0,SERANGOON NORTH AVENUE 1,8.324
serangoon_north_avenue_1,Serangoon North Avenue 1,5576.0,32095.673,38950.006,18.208,18.208,18.208,3.894,1.0,SERANGOON NORTH AVENUE 1,8.454
serangoon_north_avenue_1,Serangoon North Avenue 1,5578.0,32096.435,38948.156,18.27,18.27,18.27,4.134,1.0,SERANGOON NORTH AVENUE 1,8.584
serangoon_north_avenue_1,Serangoon North Avenue 1,5580.0,32097.196,38946.307,18.35,18.35,18.35,4.838,1.0,SERANGOON NORTH AVENUE 1,8.714
serangoon_north_avenue_1,Serangoon North Avenue 1,5582.0,32097.958,38944.458,18.446,18.446,18.446,6.047,1.0,SERANGOON NORTH AVENUE 1,8.845
serangoon_north_avenue_1,Serangoon North Avenue 1,5584.0,32098.72,38942.609,18.595,18.595,18.595,5.25,1.0,SERANGOON NORTH AVENUE 1,8.975
serangoon_north_avenue_1,Serangoon North Avenue 1,5586.0,32099.481,38940.759,18.754,18.754,18.754,4.056,1.0,SERANGOON NORTH AVENUE 1,9.105
serangoon_north_avenue_1,Serangoon North Avenue 1,5588.0,32100.243,38938.91,18.87,18.87,18.77,2.188,1.0,SERANGOON NORTH AVENUE 1,9.235
serangoon_north_avenue_1,Serangoon North Avenue 1,5590.0,32101.005,38937.061,18.896,18.896,18.77,,,SERANGOON NORTH AVENUE 1,9.365
serangoon_north_avenue_1,Serangoon North Avenue 1,5592.0,32101.767,38935.211,18.77,18.77,18.77,,,SERANGOON NORTH AVENUE 1,9.495
serangoon_north_avenue_1,Serangoon North Avenue 1,5594.0,32102.528,38933.362,18.659,18.659,18.711,,,SERANGOON NORTH AVENUE 1,9.625
serangoon_north_avenue_1,Serangoon North Avenue 1,5596.0,32103.29,38931.513,18.711,18.711,18.711,2.431,1.0,SERANGOON NORTH AVENUE 1,9.756
serangoon_north_avenue_1,Serangoon North Avenue 1,5598.0,32103.929,38929.625,18.705,18.705,18.711,,,SERANGOON NORTH AVENUE 1,9.757
serangoon_north_avenue_1,Serangoon North Avenue 1,5600.0,32104.372,38927.674,18.964,18.964,18.964,,,SERANGOON NORTH AVENUE 1,9.553
serangoon_north_avenue_1,Serangoon North Avenue 1,5602.0,32104.815,38925.724,19.015,19.159,19.159,,,SERANGOON NORTH AVENUE 1,9.348
serangoon_north_avenue_1,Serangoon North Avenue 1,5604.0,32105.257,38923.774,19.072,19.353,19.353,,,SERANGOON NORTH AVENUE 1,9.144
serangoon_north_avenue_1,Serangoon North Avenue 1,5606.0,32105.7,38921.823,19.102,19.621,19.621,,,SERANGOON NORTH AVENUE 1,8.939
serangoon_north_avenue_1,Serangoon North Avenue 1,5608.0,32106.143,38919.873,25.221,19.889,19.889,,,SERANGOON NORTH AVENUE 1,8.735
serangoon_north_avenue_1,Serangoon North Avenue 1,5610.0,32106.842,38918.003,25.673,20.158,20.067,,,SERANGOON NORTH AVENUE 1,8.8
serangoon_north_avenue_1,Serangoon North Avenue 1,5612.0,32107.589,38916.147,21.209,20.287,20.067,,,SERANGOON NORTH AVENUE 1,8.914
serangoon_north_avenue_1,Serangoon North Avenue 1,5614.0,32108.336,38914.292,19.288,20.067,20.067,,,SERANGOON NORTH AVENUE 1,9.028
serangoon_north_avenue_1,Serangoon North Avenue 1,5616.0,32109.083,38912.437,25.86,19.847,19.847,,,SERANGOON NORTH AVENUE 1,9.142
serangoon_north_avenue_1,Serangoon North Avenue 1,5618.0,32109.83,38910.581,19.326,19.626,19.626,,,SERANGOON NORTH AVENUE 1,9.256
serangoon_north_avenue_1,Serangoon North Avenue 1,5620.0,32110.566,38908.722,19.406,19.406,19.495,,,SERANGOON NORTH AVENUE 1,9.359
serangoon_north_avenue_1,Serangoon North Avenue 1,5622.0,32111.255,38906.845,19.47,19.47,19.495,,,SERANGOON NORTH AVENUE 1,9.411
serangoon_north_avenue_1,Serangoon North Avenue 1,5624.0,32111.943,38904.967,19.495,19.495,19.495,1.034,1.0,SERANGOON NORTH AVENUE 1,9.462
serangoon_north_avenue_1,Serangoon North Avenue 1,5626.0,32112.632,38903.089,19.528,19.528,19.528,1.55,1.0,SERANGOON NORTH AVENUE 1,9.514
serangoon_north_avenue_1,Serangoon North Avenue 1,5628.0,32113.32,38901.211,19.578,19.578,19.578,2.131,1.0,SERANGOON NORTH AVENUE 1,9.566
serangoon_north_avenue_1,Serangoon North Avenue 1,5630.0,32114.008,38899.333,19.619,19.619,19.619,2.147,1.0,SERANGOON NORTH AVENUE 1,9.617
serangoon_north_avenue_1,Serangoon North Avenue 1,5632.0,32114.697,38897.456,19.665,19.665,19.665,2.456,1.0,SERANGOON NORTH AVENUE 1,9.669
serangoon_north_avenue_1,Serangoon North Avenue 1,5634.0,32115.385,38895.578,19.7,19.7,19.7,2.791,1.0,SERANGOON NORTH AVENUE 1,9.72
serangoon_north_avenue_1,Serangoon North Avenue 1,5636.0,32116.074,38893.7,19.774,19.774,19.774,2.963,1.0,SERANGOON NORTH AVENUE 1,9.772
serangoon_north_avenue_1,Serangoon North Avenue 1,5638.0,32116.762,38891.822,19.842,19.842,19.842,3.172,1.0,SERANGOON NORTH AVENUE 1,9.823
serangoon_north_avenue_1,Serangoon North Avenue 1,5640.0,32117.45,38889.944,19.902,19.902,19.902,2.719,1.0,SERANGOON NORTH AVENUE 1,9.875
serangoon_north_avenue_1,Serangoon North Avenue 1,5642.0,32118.139,38888.067,19.953,19.953,19.953,2.581,1.0,SERANGOON NORTH AVENUE 1,9.926
serangoon_north_avenue_1,Serangoon North Avenue 1,5644.0,32118.827,38886.189,19.992,19.992,19.992,2.591,1.0,SERANGOON NORTH AVENUE 1,9.978
serangoon_north_avenue_1,Serangoon North Avenue 1,5646.0,32119.485,38884.3,20.048,20.048,20.048,2.609,1.0,SERANGOON NORTH AVENUE 1,9.998
serangoon_north_avenue_1,Serangoon North Avenue 1,5648.0,32120.135,38882.409,20.11,20.11,20.11,2.812,1.0,SERANGOON NORTH AVENUE 1,10.008
serangoon_north_avenue_1,Serangoon North Avenue 1,5650.0,32120.785,38880.517,20.162,20.162,20.162,2.706,1.0,SERANGOON NORTH AVENUE 1,10.018
serangoon_north_avenue_1,Serangoon North Avenue 1,5652.0,32121.434,38878.626,20.216,20.216,20.216,2.637,1.0,SERANGOON NORTH AVENUE 1,10.029
serangoon_north_avenue_1,Serangoon North Avenue 1,5654.0,32122.154,38876.761,20.265,20.265,20.265,2.681,1.0,SERANGOON NORTH AVENUE 1,10.115
serangoon_north_avenue_1,Serangoon North Avenue 1,5656.0,32122.952,38874.927,20.32,20.32,20.32,2.794,1.0,SERANGOON NORTH AVENUE 1,10.284
serangoon_north_avenue_1,Serangoon North Avenue 1,5658.0,32123.75,38873.093,20.376,20.376,20.376,2.862,1.0,SERANGOON NORTH AVENUE 1,10.453
serangoon_north_avenue_1,Serangoon North Avenue 1,5660.0,32124.547,38871.259,20.44,20.44,20.44,2.934,1.0,SERANGOON NORTH AVENUE 1,10.622
serangoon_north_avenue_1,Serangoon North Avenue 1,5662.0,32125.345,38869.425,20.494,20.494,20.494,2.922,1.0,SERANGOON NORTH AVENUE 1,10.791
serangoon_north_avenue_1,Serangoon North Avenue 1,5664.0,32126.143,38867.591,20.555,20.555,20.555,3.116,1.0,SERANGOON NORTH AVENUE 1,10.961
serangoon_north_avenue_1,Serangoon North Avenue 1,5666.0,32126.941,38865.757,20.61,20.61,20.61,4.006,1.0,SERANGOON NORTH AVENUE 1,11.13
serangoon_north_avenue_1,Serangoon North Avenue 1,5668.0,32127.739,38863.923,20.689,20.689,20.689,5.228,1.0,SERANGOON NORTH AVENUE 1,11.299
serangoon_north_avenue_1,Serangoon North Avenue 1,5670.0,32128.536,38862.089,20.815,20.815,20.815,4.844,1.0,SERANGOON NORTH AVENUE 1,11.468
serangoon_north_avenue_1,Serangoon North Avenue 1,5672.0,32129.334,38860.255,20.974,20.974,20.974,4.297,1.0,SERANGOON NORTH AVENUE 1,11.638
serangoon_north_avenue_1,Serangoon North Avenue 1,5674.0,32130.132,38858.421,21.033,21.033,20.998,3.116,1.0,SERANGOON NORTH AVENUE 1,11.807
serangoon_north_avenue_1,Serangoon North Avenue 1,5676.0,32130.93,38856.587,20.998,20.998,21.033,1.25,1.0,SERANGOON NORTH AVENUE 1,11.976
serangoon_north_avenue_1,Serangoon North Avenue 1,5678.0,32131.728,38854.753,21.064,21.064,21.064,1.769,1.0,SERANGOON NORTH AVENUE 1,12.115
serangoon_north_avenue_1,Serangoon North Avenue 1,5680.0,32132.525,38852.919,21.074,21.074,21.074,2.319,1.0,SERANGOON NORTH AVENUE 1,12.196
serangoon_north_avenue_1,Serangoon North Avenue 1,5682.0,32133.288,38851.07,21.139,21.139,21.139,2.762,1.0,SERANGOON NORTH AVENUE 1,12.239
serangoon_north_avenue_1,Serangoon North Avenue 1,5684.0,32134.039,38849.217,21.218,21.218,21.218,3.594,1.0,SERANGOON NORTH AVENUE 1,12.271
serangoon_north_avenue_1,Serangoon North Avenue 1,5686.0,32134.791,38847.364,21.285,21.285,21.285,3.441,1.0,SERANGOON NORTH AVENUE 1,12.302
serangoon_north_avenue_1,Serangoon North Avenue 1,5688.0,32135.543,38845.511,21.361,21.361,21.361,3.438,1.0,SERANGOON NORTH AVENUE 1,12.334
serangoon_north_avenue_1,Serangoon North Avenue 1,5690.0,32136.295,38843.657,21.414,21.414,21.414,3.475,1.0,SERANGOON NORTH AVENUE 1,12.366
serangoon_north_avenue_1,Serangoon North Avenue 1,5692.0,32137.047,38841.804,21.494,21.494,21.494,3.138,1.0,SERANGOON NORTH AVENUE 1,12.397
serangoon_north_avenue_1,Serangoon North Avenue 1,5694.0,32137.823,38839.961,21.563,21.563,21.563,3.569,1.0,SERANGOON NORTH AVENUE 1,12.456
serangoon_north_avenue_1,Serangoon North Avenue 1,5696.0,32138.615,38838.124,21.612,21.612,21.612,3.269,1.0,SERANGOON NORTH AVENUE 1,12.531
serangoon_north_avenue_1,Serangoon North Avenue 1,5698.0,32139.407,38836.288,21.7,21.7,21.7,3.156,1.0,SERANGOON NORTH AVENUE 1,12.605
serangoon_north_avenue_1,Serangoon North Avenue 1,5700.0,32140.198,38834.451,21.755,21.755,21.755,3.334,1.0,SERANGOON NORTH AVENUE 1,12.68
serangoon_north_avenue_1,Serangoon North Avenue 1,5702.0,32140.99,38832.614,21.815,21.815,21.815,2.969,1.0,SERANGOON NORTH AVENUE 1,12.755
serangoon_north_avenue_1,Serangoon North Avenue 1,5704.0,32141.781,38830.778,21.879,21.879,21.879,3.222,1.0,SERANGOON NORTH AVENUE 1,12.83
serangoon_north_avenue_1,Serangoon North Avenue 1,5706.0,32142.573,38828.941,21.938,21.938,21.938,,,SERANGOON NORTH AVENUE 1,12.904
serangoon_north_avenue_1,Serangoon North Avenue 1,5708.0,32143.364,38827.104,22.013,22.013,22.013,,,SERANGOON NORTH AVENUE 1,12.979
serangoon_north_avenue_1,Serangoon North Avenue 1,5710.0,32144.156,38825.268,22.622,22.085,22.085,3.466,1.0,SERANGOON NORTH AVENUE 1,13.054
serangoon_north_avenue_1,Serangoon North Avenue 1,5712.0,32144.948,38823.431,22.144,22.157,22.157,2.703,1.0,SERANGOON NORTH AVENUE 1,13.128
serangoon_north_avenue_1,Serangoon North Avenue 1,5714.0,32145.739,38821.594,22.229,22.229,22.215,,,SERANGOON NORTH AVENUE 1,13.203
serangoon_north_avenue_1,Serangoon North Avenue 1,5716.0,32146.531,38819.758,22.215,22.215,22.229,,,SERANGOON NORTH AVENUE 1,13.278
serangoon_north_avenue_1,Serangoon North Avenue 1,5718.0,32147.365,38817.94,22.254,22.254,22.254,3.559,1.0,SERANGOON NORTH AVENUE 1,13.399
serangoon_north_avenue_1,Serangoon North Avenue 1,5720.0,32148.201,38816.123,22.378,22.378,22.378,5.353,1.0,SERANGOON NORTH AVENUE 1,13.522
serangoon_north_avenue_1,Serangoon North Avenue 1,5722.0,32149.037,38814.306,22.5,22.5,22.5,5.9,1.0,SERANGOON NORTH AVENUE 1,13.646
serangoon_north_avenue_1,Serangoon North Avenue 1,5724.0,32149.873,38812.489,22.657,22.657,22.657,5.091,1.0,SERANGOON NORTH AVENUE 1,13.769
serangoon_north_avenue_1,Serangoon North Avenue 1,5726.0,32150.708,38810.672,22.726,22.726,22.726,4.288,1.0,SERANGOON NORTH AVENUE 1,13.892
serangoon_north_avenue_1,Serangoon North Avenue 1,5728.0,32151.542,38808.854,22.785,22.785,22.785,3.019,1.0,SERANGOON NORTH AVENUE 1,14.012
serangoon_north_avenue_1,Serangoon North Avenue 1,5730.0,32152.276,38806.993,22.842,22.842,22.842,3.166,1.0,SERANGOON NORTH AVENUE 1,14.024
serangoon_north_avenue_1,Serangoon North Avenue 1,5732.0,32153.009,38805.133,22.899,22.899,22.899,2.959,1.0,SERANGOON NORTH AVENUE 1,14.036
serangoon_north_avenue_1,Serangoon North Avenue 1,5734.0,32153.742,38803.272,22.98,22.98,22.98,3.081,1.0,SERANGOON NORTH AVENUE 1,14.048
serangoon_north_avenue_1,Serangoon North Avenue 1,5736.0,32154.476,38801.411,23.022,23.022,23.022,3.234,1.0,SERANGOON NORTH AVENUE 1,14.059
serangoon_north_avenue_1,Serangoon North Avenue 1,5738.0,32155.154,38799.531,23.089,23.089,23.089,3.262,1.0,SERANGOON NORTH AVENUE 1,14.013
serangoon_north_avenue_1,Serangoon North Avenue 1,5740.0,32155.763,38797.626,23.158,23.158,23.158,3.256,1.0,SERANGOON NORTH AVENUE 1,13.892
serangoon_north_avenue_1,Serangoon North Avenue 1,5742.0,32156.371,38795.721,23.24,23.24,23.24,3.909,1.0,SERANGOON NORTH AVENUE 1,13.771
serangoon_north_avenue_1,Serangoon North Avenue 1,5744.0,32156.98,38793.816,23.282,23.282,23.282,4.041,1.0,SERANGOON NORTH AVENUE 1,13.65
serangoon_north_avenue_1,Serangoon North Avenue 1,5746.0,32157.588,38791.91,23.402,23.402,23.402,4.125,1.0,SERANGOON NORTH AVENUE 1,13.53
serangoon_north_avenue_1,Serangoon North Avenue 1,5748.0,32158.196,38790.005,23.481,23.481,23.481,4.519,1.0,SERANGOON NORTH AVENUE 1,13.409
serangoon_north_avenue_1,Serangoon North Avenue 1,5750.0,32158.805,38788.1,23.571,23.571,23.571,,,SERANGOON NORTH AVENUE 1,13.288
serangoon_north_avenue_1,Serangoon North Avenue 1,5752.0,32159.413,38786.195,23.644,23.644,23.644,,,SERANGOON NORTH AVENUE 1,13.167
serangoon_north_avenue_1,Serangoon North Avenue 1,5754.0,32160.021,38784.289,24.378,23.684,23.684,,,SERANGOON NORTH AVENUE 1,13.046
serangoon_north_avenue_1,Serangoon North Avenue 1,5756.0,32160.63,38782.384,24.826,23.724,23.724,2.021,1.0,SERANGOON NORTH AVENUE 1,12.925
serangoon_north_avenue_1,Serangoon North Avenue 1,5758.0,32161.238,38780.479,23.758,23.765,23.765,,,SERANGOON NORTH AVENUE 1,12.804
serangoon_north_avenue_1,Serangoon North Avenue 1,5760.0,32161.846,38778.574,23.805,23.805,23.805,,,SERANGOON NORTH AVENUE 1,12.683
serangoon_north_avenue_1,Serangoon North Avenue 1,5762.0,32162.455,38776.668,23.976,23.976,23.976,,,SERANGOON NORTH AVENUE 1,12.562
serangoon_north_avenue_1,Serangoon North Avenue 1,5764.0,32163.114,38774.783,24.105,24.151,24.151,8.696,1.0,SERANGOON NORTH AVENUE 1,12.496
serangoon_north_avenue_1,Serangoon North Avenue 1,5766.0,32163.962,38772.972,24.688,24.326,24.326,,,SERANGOON NORTH AVENUE 1,12.633
serangoon_north_avenue_1,Serangoon North Avenue 1,5768.0,32164.811,38771.161,24.501,24.501,24.501,,,SERANGOON NORTH AVENUE 1,12.77
serangoon_north_avenue_1,Serangoon North Avenue 1,5770.0,32165.659,38769.35,25.74,24.505,24.505,,,SERANGOON NORTH AVENUE 1,12.907
serangoon_north_avenue_1,Serangoon North Avenue 1,5772.0,32166.507,38767.538,25.731,24.51,24.51,,,SERANGOON NORTH AVENUE 1,13.043
serangoon_north_avenue_1,Serangoon North Avenue 1,5774.0,32167.078,38765.622,24.514,24.514,24.514,,,SERANGOON NORTH AVENUE 1,12.883
serangoon_north_avenue_1,Serangoon North Avenue 1,5776.0,32167.644,38763.704,24.476,24.646,24.646,,,SERANGOON NORTH AVENUE 1,12.718
serangoon_north_avenue_1,Serangoon North Avenue 1,5778.0,32168.21,38761.785,24.494,24.778,24.778,,,SERANGOON NORTH AVENUE 1,12.553
serangoon_north_avenue_1,Serangoon North Avenue 1,5780.0,32168.776,38759.867,24.986,25.003,25.003,,,SERANGOON NORTH AVENUE 1,12.388
serangoon_north_avenue_1,Serangoon North Avenue 1,5782.0,32169.341,38757.949,25.732,25.228,25.228,,,SERANGOON NORTH AVENUE 1,12.222
serangoon_north_avenue_1,Serangoon North Avenue 1,5784.0,32169.907,38756.031,25.682,25.453,25.453,,,SERANGOON NORTH AVENUE 1,12.057
serangoon_north_avenue_1,Serangoon North Avenue 1,5786.0,32170.473,38754.112,25.678,25.678,25.678,,,SERANGOON NORTH AVENUE 1,11.892
serangoon_north_avenue_1,Serangoon North Avenue 1,5788.0,32171.039,38752.194,24.91,25.752,25.752,,,SERANGOON NORTH AVENUE 1,11.726
serangoon_north_avenue_1,Serangoon North Avenue 1,5790.0,32171.605,38750.276,27.069,25.825,25.825,,,SERANGOON NORTH AVENUE 1,11.462
serangoon_north_avenue_1,Serangoon North Avenue 1,5792.0,32172.17,38748.357,26.669,25.899,25.899,,,SERANGOON NORTH AVENUE 1,11.132
serangoon_north_avenue_1,Serangoon North Avenue 1,5794.0,32172.736,38746.439,25.093,25.973,25.973,,,SERANGOON NORTH AVENUE 1,10.802
serangoon_north_avenue_1,Serangoon North Avenue 1,5796.0,32173.302,38744.521,25.611,26.047,26.047,,,SERANGOON NORTH AVENUE 1,10.472
serangoon_north_avenue_1,Serangoon North Avenue 1,5798.0,32173.868,38742.603,25.257,26.12,26.12,,,SERANGOON NORTH AVENUE 1,10.142
serangoon_north_avenue_1,Serangoon North Avenue 1,5800.0,32174.51,38740.71,25.298,26.194,26.194,,,SERANGOON NORTH AVENUE 1,9.891
serangoon_north_avenue_1,Serangoon North Avenue 1,5802.0,32175.225,38738.842,26.975,26.268,26.248,,,SERANGOON NORTH AVENUE 1,9.718
serangoon_north_avenue_1,Serangoon North Avenue 1,5804.0,32175.94,38736.974,26.341,26.341,26.268,,,SERANGOON NORTH AVENUE 1,9.545
serangoon_north_avenue_1,Serangoon North Avenue 1,5806.0,32176.655,38735.107,26.248,26.248,26.315,,,SERANGOON NORTH AVENUE 1,9.371
serangoon_north_avenue_1,Serangoon North Avenue 1,5808.0,32177.458,38733.277,26.43,26.43,26.315,,,SERANGOON NORTH AVENUE 1,9.293
serangoon_north_avenue_1,Serangoon North Avenue 1,5810.0,32178.325,38731.474,27.276,26.315,26.248,-0.47,1.0,SERANGOON NORTH AVENUE 1,9.284
serangoon_north_avenue_1,Serangoon North Avenue 1,5812.0,32179.191,38729.672,25.893,26.2,26.277,-0.743,1.0,SERANGOON NORTH AVENUE 1,9.275
serangoon_north_avenue_1,Serangoon North Avenue 1,5814.0,32180.058,38727.869,28.078,26.085,26.277,,,SERANGOON NORTH AVENUE 1,9.267
serangoon_north_avenue_1,Serangoon North Avenue 1,5816.0,32180.924,38726.067,26.277,26.277,26.256,,,SERANGOON NORTH AVENUE 1,9.258
serangoon_north_avenue_1,Serangoon North Avenue 1,5818.0,32181.791,38724.264,26.291,26.291,26.277,0.594,1.0,SERANGOON NORTH AVENUE 1,9.249
serangoon_north_avenue_1,Serangoon North Avenue 1,5820.0,32182.657,38722.462,26.256,26.256,26.291,0.867,1.0,SERANGOON NORTH AVENUE 1,9.24
serangoon_north_avenue_1,Serangoon North Avenue 1,5822.0,32183.524,38720.659,26.325,26.325,26.325,,,SERANGOON NORTH AVENUE 1,9.231
serangoon_north_avenue_1,Serangoon North Avenue 1,5824.0,32184.39,38718.856,26.613,26.613,26.325,,,SERANGOON NORTH AVENUE 1,9.222
serangoon_north_avenue_1,Serangoon North Avenue 1,5826.0,32185.257,38717.054,26.695,26.381,26.325,-5.123,1.0,SERANGOON NORTH AVENUE 1,9.213
serangoon_north_avenue_1,Serangoon North Avenue 1,5828.0,32186.123,38715.251,26.682,26.148,26.148,-5.123,1.0,SERANGOON NORTH AVENUE 1,9.204
serangoon_north_avenue_1,Serangoon North Avenue 1,5830.0,32186.99,38713.449,25.915,25.915,25.915,,,SERANGOON NORTH AVENUE 1,9.195
serangoon_north_avenue_1,Serangoon North Avenue 1,5832.0,32187.856,38711.646,25.844,25.844,25.915,,,SERANGOON NORTH AVENUE 1,9.187
serangoon_north_avenue_1,Serangoon North Avenue 1,5834.0,32188.812,38709.894,25.852,25.852,25.915,1.925,1.0,SERANGOON NORTH AVENUE 1,9.28
serangoon_north_avenue_1,Serangoon North Avenue 1,5836.0,32189.896,38708.213,26.02,26.02,26.02,,,SERANGOON NORTH AVENUE 1,9.519
serangoon_north_avenue_1,Serangoon North Avenue 1,5838.0,32190.98,38706.532,26.069,26.069,26.069,,,SERANGOON NORTH AVENUE 1,9.759
serangoon_north_avenue_1,Serangoon North Avenue 1,5840.0,32192.063,38704.851,26.824,26.093,26.093,1.5,1.0,SERANGOON NORTH AVENUE 1,9.999
serangoon_north_avenue_1,Serangoon North Avenue 1,5842.0,32193.147,38703.17,26.124,26.117,26.117,1.0,1.0,SERANGOON NORTH AVENUE 1,10.238
serangoon_north_avenue_1,Serangoon North Avenue 1,5844.0,32194.231,38701.489,26.14,26.14,26.14,,,SERANGOON NORTH AVENUE 1,10.478
serangoon_north_avenue_1,Serangoon North Avenue 1,5846.0,32195.314,38699.808,26.149,26.149,26.149,,,SERANGOON NORTH AVENUE 1,10.717
serangoon_north_avenue_1,Serangoon North Avenue 1,5848.0,32196.398,38698.127,26.163,26.163,26.163,0.366,1.0,SERANGOON NORTH AVENUE 1,10.957
serangoon_north_avenue_1,Serangoon North Avenue 1,5850.0,32197.482,38696.446,26.166,26.166,26.166,0.3,1.0,SERANGOON NORTH AVENUE 1,11.197
serangoon_north_avenue_1,Serangoon North Avenue 1,5852.0,32198.565,38694.765,26.17,26.17,26.17,0.266,1.0,SERANGOON NORTH AVENUE 1,11.436
serangoon_north_avenue_1,Serangoon North Avenue 1,5854.0,32199.649,38693.084,26.173,26.173,26.173,0.909,1.0,SERANGOON NORTH AVENUE 1,11.676
serangoon_north_avenue_1,Serangoon North Avenue 1,5856.0,32200.733,38691.403,26.184,26.184,26.184,1.169,1.0,SERANGOON NORTH AVENUE 1,11.915
serangoon_north_avenue_1,Serangoon North Avenue 1,5858.0,32201.816,38689.722,26.239,26.239,26.239,1.125,1.0,SERANGOON NORTH AVENUE 1,12.155
serangoon_north_avenue_1,Serangoon North Avenue 1,5860.0,32202.9,38688.041,26.292,26.292,26.263,0.987,1.0,SERANGOON NORTH AVENUE 1,12.394
serangoon_north_avenue_1,Serangoon North Avenue 1,5862.0,32203.762,38686.248,26.278,26.278,26.263,0.291,1.0,SERANGOON NORTH AVENUE 1,12.386
serangoon_north_avenue_1,Serangoon North Avenue 1,5864.0,32204.474,38684.379,26.263,26.263,26.263,-0.016,1.0,SERANGOON NORTH AVENUE 1,12.209
serangoon_north_avenue_1,Serangoon North Avenue 1,5866.0,32205.186,38682.51,26.262,26.262,26.262,-0.016,1.0,SERANGOON NORTH AVENUE 1,12.032
serangoon_north_avenue_1,Serangoon North Avenue 1,5868.0,32205.897,38680.641,26.244,26.244,26.262,0.15,1.0,SERANGOON NORTH AVENUE 1,11.854
serangoon_north_avenue_1,Serangoon North Avenue 1,5870.0,32206.609,38678.772,26.256,26.256,26.262,0.247,1.0,SERANGOON NORTH AVENUE 1,11.677
serangoon_north_avenue_1,Serangoon North Avenue 1,5872.0,32207.321,38676.903,26.275,26.275,26.275,0.272,1.0,SERANGOON NORTH AVENUE 1,11.5
serangoon_north_avenue_1,Serangoon North Avenue 1,5874.0,32208.205,38675.116,26.288,26.288,26.282,0.272,1.0,SERANGOON NORTH AVENUE 1,11.514
serangoon_north_avenue_1,Serangoon North Avenue 1,5876.0,32209.202,38673.382,26.284,26.284,26.284,0.106,1.0,SERANGOON NORTH AVENUE 1,11.653
serangoon_north_avenue_1,Serangoon North Avenue 1,5878.0,32210.199,38671.648,26.282,26.282,26.284,0.075,1.0,SERANGOON NORTH AVENUE 1,11.791
serangoon_north_avenue_1,Serangoon North Avenue 1,5880.0,32211.126,38669.876,26.288,26.288,26.284,0.244,1.0,SERANGOON NORTH AVENUE 1,11.85
serangoon_north_avenue_1,Serangoon North Avenue 1,5882.0,32212.035,38668.095,26.281,26.281,26.288,0.85,1.0,SERANGOON NORTH AVENUE 1,11.888
serangoon_north_avenue_1,Serangoon North Avenue 1,5884.0,32212.944,38666.313,26.303,26.303,26.303,0.85,1.0,SERANGOON NORTH AVENUE 1,11.927
serangoon_north_avenue_1,Serangoon North Avenue 1,5886.0,32213.853,38664.532,26.36,26.36,26.352,0.8,1.0,SERANGOON NORTH AVENUE 1,11.965
serangoon_north_avenue_1,Serangoon North Avenue 1,5888.0,32214.762,38662.75,26.358,26.358,26.352,0.487,1.0,SERANGOON NORTH AVENUE 1,12.003
serangoon_north_avenue_1,Serangoon North Avenue 1,5890.0,32215.631,38660.949,26.352,26.352,26.352,-0.15,1.0,SERANGOON NORTH AVENUE 1,11.998
serangoon_north_avenue_1,Serangoon North Avenue 1,5892.0,32216.468,38659.133,26.342,26.342,26.342,-1.341,1.0,SERANGOON NORTH AVENUE 1,11.957
serangoon_north_avenue_1,Serangoon North Avenue 1,5894.0,32217.306,38657.317,26.34,26.34,26.34,-2.678,1.0,SERANGOON NORTH AVENUE 1,11.916
serangoon_north_avenue_1,Serangoon North Avenue 1,5896.0,32218.143,38655.501,26.244,26.244,26.244,-2.559,1.0,SERANGOON NORTH AVENUE 1,11.875
serangoon_north_avenue_1,Serangoon North Avenue 1,5898.0,32218.981,38653.684,26.115,26.115,26.137,-2.528,1.0,SERANGOON NORTH AVENUE 1,11.834
serangoon_north_avenue_1,Serangoon North Avenue 1,5900.0,32219.899,38651.908,26.137,26.137,26.137,0.272,1.0,SERANGOON NORTH AVENUE 1,11.884
serangoon_north_avenue_1,Serangoon North Avenue 1,5902.0,32220.826,38650.136,26.12,26.12,26.137,,,SERANGOON NORTH AVENUE 1,11.942
serangoon_north_avenue_1,Serangoon North Avenue 1,5904.0,32221.753,38648.364,26.266,26.266,26.266,,,SERANGOON NORTH AVENUE 1,12.001
serangoon_north_avenue_1,Serangoon North Avenue 1,5906.0,32222.68,38646.591,26.391,26.391,26.388,,,SERANGOON NORTH AVENUE 1,12.059
serangoon_north_avenue_1,Serangoon North Avenue 1,5908.0,32223.607,38644.819,26.394,26.394,26.388,-0.091,1.0,SERANGOON NORTH AVENUE 1,12.118
serangoon_north_avenue_1,Serangoon North Avenue 1,5910.0,32224.534,38643.047,26.388,26.388,26.388,,,SERANGOON NORTH AVENUE 1,12.176
serangoon_north_avenue_1,Serangoon North Avenue 1,5912.0,32225.415,38641.252,26.259,26.259,26.259,,,SERANGOON NORTH AVENUE 1,12.184
serangoon_north_avenue_1,Serangoon North Avenue 1,5914.0,32226.291,38639.454,26.102,26.102,26.179,,,SERANGOON NORTH AVENUE 1,12.186
serangoon_north_avenue_1,Serangoon North Avenue 1,5916.0,32227.167,38637.656,26.136,26.136,26.179,0.034,1.0,SERANGOON NORTH AVENUE 1,12.188
serangoon_north_avenue_1,Serangoon North Avenue 1,5918.0,32228.043,38635.858,26.179,26.179,26.179,2.159,1.0,SERANGOON NORTH AVENUE 1,12.189
serangoon_north_avenue_1,Serangoon North Avenue 1,5920.0,32228.919,38634.06,26.261,26.261,26.261,3.206,1.0,SERANGOON NORTH AVENUE 1,12.191
serangoon_north_avenue_1,Serangoon North Avenue 1,5922.0,32229.795,38632.262,26.352,26.352,26.352,3.256,1.0,SERANGOON NORTH AVENUE 1,12.192
serangoon_north_avenue_1,Serangoon North Avenue 1,5924.0,32230.734,38630.496,26.436,26.436,26.436,2.369,1.0,SERANGOON NORTH AVENUE 1,12.265
serangoon_north_avenue_1,Serangoon North Avenue 1,5926.0,32231.695,38628.743,26.44,26.44,26.44,1.397,1.0,SERANGOON NORTH AVENUE 1,12.363
serangoon_north_avenue_1,Serangoon North Avenue 1,5928.0,32232.657,38626.989,26.464,26.464,26.451,0.453,1.0,SERANGOON NORTH AVENUE 1,12.461
serangoon_north_avenue_1,Serangoon North Avenue 1,5930.0,32233.673,38625.267,26.451,26.451,26.464,1.0,1.0,SERANGOON NORTH AVENUE 1,12.621
serangoon_north_avenue_1,Serangoon North Avenue 1,5932.0,32234.711,38623.557,26.472,26.472,26.472,1.162,1.0,SERANGOON NORTH AVENUE 1,12.808
serangoon_north_avenue_1,Serangoon North Avenue 1,5934.0,32235.75,38621.848,26.52,26.52,26.52,1.525,1.0,SERANGOON NORTH AVENUE 1,12.994
serangoon_north_avenue_1,Serangoon North Avenue 1,5936.0,32236.788,38620.139,26.544,26.544,26.544,,,SERANGOON NORTH AVENUE 1,13.166
serangoon_north_avenue_1,Serangoon North Avenue 1,5938.0,32237.826,38618.429,26.586,26.586,26.586,,,SERANGOON NORTH AVENUE 1,13.233
serangoon_north_avenue_1,Serangoon North Avenue 1,5940.0,32238.725,38616.648,27.917,26.859,26.859,7.361,1.0,SERANGOON NORTH AVENUE 1,13.142
serangoon_north_avenue_1,Serangoon North Avenue 1,5942.0,32239.518,38614.812,27.417,27.133,27.133,6.84,1.0,SERANGOON NORTH AVENUE 1,12.933
serangoon_north_avenue_1,Serangoon North Avenue 1,5944.0,32240.311,38612.976,27.406,27.406,27.133,,,SERANGOON NORTH AVENUE 1,12.725
serangoon_north_avenue_1,Serangoon North Avenue 1,5946.0,32241.104,38611.14,27.404,27.404,27.133,,,SERANGOON NORTH AVENUE 1,12.516
serangoon_north_avenue_1,Serangoon North Avenue 1,5948.0,32241.897,38609.303,27.338,27.116,27.116,,,SERANGOON NORTH AVENUE 1,12.307
serangoon_north_avenue_1,Serangoon North Avenue 1,5950.0,32242.823,38607.534,28.027,26.827,26.827,-10.402,2.0,SERANGOON NORTH AVENUE 1,12.247
serangoon_north_avenue_1,Serangoon North Avenue 1,5952.0,32243.815,38605.797,26.317,26.538,26.538,,,SERANGOON NORTH AVENUE 1,12.26
serangoon_north_avenue_1,Serangoon North Avenue 1,5954.0,32244.807,38604.061,26.249,26.249,26.301,,,SERANGOON NORTH AVENUE 1,12.273
serangoon_north_avenue_1,Serangoon North Avenue 1,5956.0,32245.799,38602.324,26.245,26.245,26.301,,,SERANGOON NORTH AVENUE 1,12.286
serangoon_north_avenue_1,Serangoon North Avenue 1,5958.0,32246.79,38600.587,26.301,26.301,26.301,2.066,1.0,SERANGOON NORTH AVENUE 1,12.299
serangoon_north_avenue_1,Serangoon North Avenue 1,5960.0,32247.782,38598.85,26.366,26.366,26.366,3.062,1.0,SERANGOON NORTH AVENUE 1,12.1
serangoon_north_avenue_1,Serangoon North Avenue 1,5962.0,32248.938,38597.226,26.466,26.466,26.466,3.58,1.0,SERANGOON NORTH AVENUE 1,12.05
serangoon_north_avenue_1,Serangoon North Avenue 1,5964.0,32250.194,38595.669,26.546,26.546,26.546,3.289,1.0,SERANGOON NORTH AVENUE 1,12.121
serangoon_north_avenue_1,Serangoon North Avenue 1,5966.0,32251.451,38594.113,31.644,26.587,26.587,2.55,1.0,SERANGOON NORTH AVENUE 1,12.192
serangoon_north_avenue_1,Serangoon North Avenue 1,5968.0,32252.707,38592.557,40.862,26.629,26.629,1.969,1.0,SERANGOON NORTH AVENUE 1,12.263
serangoon_north_avenue_1,Serangoon North Avenue 1,5970.0,32253.963,38591.0,26.67,26.67,26.67,1.623,1.0,SERANGOON NORTH AVENUE 1,12.335
serangoon_north_avenue_1,Serangoon North Avenue 1,5972.0,32255.227,38589.451,26.703,26.703,26.703,1.23,1.0,SERANGOON NORTH AVENUE 1,12.416
serangoon_north_avenue_1,Serangoon North Avenue 1,5974.0,32256.58,38587.978,26.717,26.717,26.717,0.713,1.0,SERANGOON NORTH AVENUE 1,12.615
serangoon_north_avenue_1,Serangoon North Avenue 1,5976.0,32257.933,38586.505,26.746,26.746,26.727,0.537,1.0,SERANGOON NORTH AVENUE 1,12.433
serangoon_north_avenue_1,Serangoon North Avenue 1,5978.0,32259.286,38585.032,26.794,26.794,26.727,0.963,1.0,SERANGOON NORTH AVENUE 1,11.957
serangoon_north_avenue_1,Serangoon North Avenue 1,5980.0,32260.748,38583.682,29.134,26.727,26.746,,,SERANGOON NORTH AVENUE 1,11.646
serangoon_north_avenue_1,Serangoon North Avenue 1,5982.0,32262.37,38582.512,26.66,26.66,26.794,,,SERANGOON NORTH AVENUE 1,11.572
serangoon_north_avenue_1,Serangoon North Avenue 1,5984.0,32263.992,38581.343,26.584,26.953,26.953,,,SERANGOON NORTH AVENUE 1,11.499
serangoon_north_avenue_1,Serangoon North Avenue 1,5986.0,32265.615,38580.173,26.516,27.245,27.245,,,SERANGOON NORTH AVENUE 1,11.425
serangoon_north_avenue_1,Serangoon North Avenue 1,5988.0,32267.237,38579.003,27.906,27.49,27.49,,,SERANGOON NORTH AVENUE 1,11.351
serangoon_north_avenue_1,Serangoon North Avenue 1,5990.0,32268.987,38578.036,29.136,27.734,27.49,,,SERANGOON NORTH AVENUE 1,11.518
serangoon_north_avenue_1,Serangoon North Avenue 1,5992.0,32270.74,38577.072,27.859,27.562,27.49,,,SERANGOON NORTH AVENUE 1,11.688
serangoon_north_avenue_1,Serangoon North Avenue 1,5994.0,32272.492,38576.108,29.254,27.389,27.389,,,SERANGOON NORTH AVENUE 1,11.858
serangoon_north_avenue_1,Serangoon North Avenue 1,5996.0,32274.245,38575.144,26.424,27.217,27.217,,,SERANGOON NORTH AVENUE 1,12.028
serangoon_north_avenue_1,Serangoon North Avenue 1,5998.0,32275.997,38574.181,27.032,27.044,27.044,,,SERANGOON NORTH AVENUE 1,12.198
serangoon_north_avenue_1,Serangoon North Avenue 1,6000.0,32277.793,38573.301,26.872,26.872,26.872,,,SERANGOON NORTH AVENUE 1,12.463
serangoon_north_avenue_1,Serangoon North Avenue 1,6002.0,32279.591,38572.424,31.47,26.619,26.619,,,SERANGOON NORTH AVENUE 1,12.73
serangoon_north_avenue_1,Serangoon North Avenue 1,6004.0,32281.388,38571.547,26.366,26.366,26.366,-6.322,1.0,SERANGOON NORTH AVENUE 1,12.998
serangoon_north_avenue_1,Serangoon North Avenue 1,6006.0,32283.186,38570.67,26.364,26.364,26.366,,,SERANGOON NORTH AVENUE 1,13.265
serangoon_north_avenue_1,Serangoon North Avenue 1,6008.0,32284.983,38569.793,26.352,26.352,26.366,,,SERANGOON NORTH AVENUE 1,13.533
serangoon_north_avenue_1,Serangoon North Avenue 1,6010.0,32286.781,38568.916,26.383,26.612,26.612,,,SERANGOON NORTH AVENUE 1,13.8
serangoon_north_avenue_1,Serangoon North Avenue 1,6012.0,32288.578,38568.04,26.708,26.873,26.677,,,SERANGOON NORTH AVENUE 1,14.068
serangoon_north_avenue_1,Serangoon North Avenue 1,6014.0,32290.36,38567.132,27.823,26.775,26.677,,,SERANGOON NORTH AVENUE 1,14.173
serangoon_north_avenue_1,Serangoon North Avenue 1,6016.0,32292.137,38566.213,28.23,26.677,26.677,,,SERANGOON NORTH AVENUE 1,14.19
serangoon_north_avenue_1,Serangoon North Avenue 1,6018.0,32293.913,38565.294,27.886,26.578,26.578,,,SERANGOON NORTH AVENUE 1,14.206
serangoon_north_avenue_1,Serangoon North Avenue 1,6020.0,32295.685,38564.366,26.379,26.48,26.48,,,SERANGOON NORTH AVENUE 1,14.213
serangoon_north_avenue_1,Serangoon North Avenue 1,6022.0,32297.44,38563.408,26.382,26.382,26.382,,,SERANGOON NORTH AVENUE 1,14.185
serangoon_north_avenue_1,Serangoon North Avenue 1,6024.0,32299.196,38562.45,26.327,26.327,26.354,,,SERANGOON NORTH AVENUE 1,14.157
serangoon_north_avenue_1,Serangoon North Avenue 1,6026.0,32300.951,38561.492,26.334,26.334,26.334,-0.353,1.0,SERANGOON NORTH AVENUE 1,14.13
serangoon_north_avenue_1,Serangoon North Avenue 1,6028.0,32302.707,38560.533,26.354,26.354,26.334,0.038,1.0,SERANGOON NORTH AVENUE 1,14.102
serangoon_north_avenue_1,Serangoon North Avenue 1,6030.0,32304.462,38559.575,26.32,26.32,26.354,,,SERANGOON NORTH AVENUE 1,14.074
serangoon_north_avenue_1,Serangoon North Avenue 1,6032.0,32306.218,38558.617,26.356,26.356,26.356,,,SERANGOON NORTH AVENUE 1,14.047
serangoon_north_avenue_1,Serangoon North Avenue 1,6034.0,32307.973,38557.659,26.352,26.65,26.65,,,SERANGOON NORTH AVENUE 1,14.019
serangoon_north_avenue_1,Serangoon North Avenue 1,6036.0,32309.729,38556.7,26.357,26.943,26.943,,,SERANGOON NORTH AVENUE 1,13.991
serangoon_north_avenue_1,Serangoon North Avenue 1,6038.0,32311.484,38555.742,28.73,27.176,27.176,,,SERANGOON NORTH AVENUE 1,13.963
serangoon_north_avenue_1,Serangoon North Avenue 1,6040.0,32313.24,38554.784,28.712,27.408,27.176,,,SERANGOON NORTH AVENUE 1,13.936
serangoon_north_avenue_1,Serangoon North Avenue 1,6042.0,32314.995,38553.825,28.468,27.281,27.176,,,SERANGOON NORTH AVENUE 1,13.908
serangoon_north_avenue_1,Serangoon North Avenue 1,6044.0,32316.751,38552.867,27.668,27.154,27.154,,,SERANGOON NORTH AVENUE 1,13.88
serangoon_north_avenue_1,Serangoon North Avenue 1,6046.0,32318.506,38551.909,27.678,27.027,27.027,,,SERANGOON NORTH AVENUE 1,13.852
serangoon_north_avenue_1,Serangoon North Avenue 1,6048.0,32320.262,38550.951,26.737,26.901,26.901,,,SERANGOON NORTH AVENUE 1,13.825
serangoon_north_avenue_1,Serangoon North Avenue 1,6050.0,32322.0,38549.963,26.774,26.774,26.883,,,SERANGOON NORTH AVENUE 1,13.763
serangoon_north_avenue_1,Serangoon North Avenue 1,6052.0,32323.712,38548.928,26.863,26.863,26.883,,,SERANGOON NORTH AVENUE 1,13.647
serangoon_north_avenue_1,Serangoon North Avenue 1,6054.0,32325.423,38547.894,26.883,26.883,26.883,,,SERANGOON NORTH AVENUE 1,13.532
serangoon_north_avenue_1,Serangoon North Avenue 1,6056.0,32327.135,38546.859,27.143,27.143,26.883,,,SERANGOON NORTH AVENUE 1,13.416
serangoon_north_avenue_1,Serangoon North Avenue 1,6058.0,32328.847,38545.825,27.488,26.903,26.883,,,SERANGOON NORTH AVENUE 1,13.3
serangoon_north_avenue_1,Serangoon North Avenue 1,6060.0,32330.558,38544.79,26.69,26.663,26.663,,,SERANGOON NORTH AVENUE 1,13.185
serangoon_north_avenue_1,Serangoon North Avenue 1,6062.0,32332.27,38543.756,26.332,26.423,26.423,,,SERANGOON NORTH AVENUE 1,13.069
serangoon_north_avenue_1,Serangoon North Avenue 1,6064.0,32334.237,38543.776,26.472,26.184,26.184,,,SERANGOON NORTH AVENUE 1,14.006
serangoon_north_avenue_1,Serangoon North Avenue 1,6066.0,32336.232,38543.914,26.088,25.944,25.944,,,SERANGOON NORTH AVENUE 1,15.059
serangoon_north_avenue_1,Serangoon North Avenue 1,6068.0,32338.087,38544.239,25.704,25.704,25.92,,,SERANGOON NORTH AVENUE 1,16.213
serangoon_north_avenue_1,Serangoon North Avenue 1,6070.0,32338.787,38546.113,25.8,25.8,25.8,,,SERANGOON NORTH AVENUE 1,16.2
serangoon_north_avenue_1,Serangoon North Avenue 1,6072.0,32339.487,38547.986,25.92,25.92,25.8,-2.448,1.0,SERANGOON NORTH AVENUE 1,15.276
serangoon_north_avenue_1,Serangoon North Avenue 1,6074.0,32340.187,38549.86,25.724,25.724,25.8,-2.531,1.0,SERANGOON NORTH AVENUE 1,14.352
serangoon_north_avenue_1,Serangoon North Avenue 1,6076.0,32340.887,38551.733,25.824,25.824,25.724,-2.614,1.0,SERANGOON NORTH AVENUE 1,13.428
serangoon_north_avenue_1,Serangoon North Avenue 1,6078.0,32341.587,38553.607,25.415,25.59,25.657,-3.485,1.0,SERANGOON NORTH AVENUE 1,12.504
serangoon_north_avenue_1,Serangoon North Avenue 1,6080.0,32342.21,38555.272,25.357,25.357,25.59,-3.331,1.0,SERANGOON NORTH AVENUE 1,11.682
