path_key,source_project,chainage_m,x_svy21,y_svy21,elevation_m_raw,elevation_m_filtered,elevation_m_smooth,gradient_pct,Grade,nearest_road_name,nearest_road_dist_m
bishan_street_11,Bishan Street 11,0.0,30351.787,36466.033,6.56,5.536,5.536,,,BISHAN STREET 11,13.504
bishan_street_11,Bishan Street 11,2.0,30353.728,36465.55,6.5,5.536,5.536,,,BISHAN STREET 11,13.452
bishan_street_11,Bishan Street 11,4.0,30355.669,36465.068,5.536,5.536,5.536,,,BISHAN STREET 11,13.399
bishan_street_11,Bishan Street 11,6.0,30357.61,36464.586,5.536,5.536,5.536,,,BISHAN STREET 11,13.347
bishan_street_11,Bishan Street 11,8.0,30359.551,36464.103,5.486,5.486,5.536,,,BISHAN STREET 11,13.294
bishan_street_11,Bishan Street 11,10.0,30361.492,36463.621,5.486,5.486,5.536,3.348,1.0,BISHAN STREET 11,13.242
bishan_street_11,Bishan Street 11,12.0,30363.435,36463.149,5.461,5.652,5.652,3.348,1.0,BISHAN STREET 11,13.2
bishan_street_11,Bishan Street 11,14.0,30365.389,36462.72,5.817,5.817,5.804,3.348,1.0,BISHAN STREET 11,13.202
bishan_street_11,Bishan Street 11,16.0,30367.342,36462.291,5.804,5.804,5.804,-0.729,1.0,BISHAN STREET 11,13.205
bishan_street_11,Bishan Street 11,18.0,30369.296,36461.862,5.804,5.804,5.804,-4.807,1.0,BISHAN STREET 11,13.207
bishan_street_11,Bishan Street 11,20.0,30371.249,36461.434,5.817,5.612,5.612,-5.015,1.0,BISHAN STREET 11,13.21
bishan_street_11,Bishan Street 11,22.0,30373.203,36461.005,5.42,5.42,5.42,-5.015,1.0,BISHAN STREET 11,13.212
bishan_street_11,Bishan Street 11,24.0,30375.156,36460.576,5.403,5.403,5.403,-2.612,1.0,BISHAN STREET 11,13.215
bishan_street_11,Bishan Street 11,26.0,30377.119,36460.194,5.403,5.403,5.403,-0.208,1.0,BISHAN STREET 11,13.265
bishan_street_11,Bishan Street 11,28.0,30379.084,36459.822,5.403,5.403,5.403,0.0,1.0,BISHAN STREET 11,13.325
bishan_street_11,Bishan Street 11,30.0,30381.049,36459.45,5.403,5.403,5.403,1.306,1.0,BISHAN STREET 11,13.386
bishan_street_11,Bishan Street 11,32.0,30383.011,36459.06,5.403,5.403,5.403,,,BISHAN STREET 11,13.428
bishan_street_11,Bishan Street 11,34.0,30384.97,36458.658,5.536,5.536,5.507,,,BISHAN STREET 11,13.459
bishan_street_11,Bishan Street 11,36.0,30386.93,36458.257,6.933,5.522,5.507,,,BISHAN STREET 11,13.489
bishan_street_11,Bishan Street 11,38.0,30388.889,36457.856,6.945,5.507,5.507,,,BISHAN STREET 11,13.52
bishan_street_11,Bishan Street 11,40.0,30390.848,36457.454,7.552,5.493,5.493,,,BISHAN STREET 11,13.55
bishan_street_11,Bishan Street 11,42.0,30392.807,36457.053,7.933,5.479,5.479,,,BISHAN STREET 11,13.581
bishan_street_11,Bishan Street 11,44.0,30394.767,36456.651,5.464,5.464,5.464,,,BISHAN STREET 11,13.611
bishan_street_11,Bishan Street 11,46.0,30396.726,36456.25,6.427,5.41,5.41,,,BISHAN STREET 11,13.642
bishan_street_11,Bishan Street 11,48.0,30398.685,36455.849,6.552,5.356,5.356,-1.875,1.0,BISHAN STREET 11,13.672
bishan_street_11,Bishan Street 11,50.0,30400.645,36455.447,5.302,5.302,5.314,,,BISHAN STREET 11,13.703
bishan_street_11,Bishan Street 11,52.0,30402.604,36455.046,5.302,5.302,5.314,,,BISHAN STREET 11,13.734
bishan_street_11,Bishan Street 11,54.0,30404.563,36454.644,5.314,5.314,5.314,0.781,1.0,BISHAN STREET 11,13.764
bishan_street_11,Bishan Street 11,56.0,30406.523,36454.243,5.314,5.314,5.314,,,BISHAN STREET 11,13.795
bishan_street_11,Bishan Street 11,58.0,30408.479,36453.828,5.377,5.377,5.377,,,BISHAN STREET 11,13.812
bishan_street_11,Bishan Street 11,60.0,30410.432,36453.399,6.177,5.4,5.4,,,BISHAN STREET 11,13.814
bishan_street_11,Bishan Street 11,62.0,30412.386,36452.97,7.077,5.424,5.424,1.172,1.0,BISHAN STREET 11,13.816
bishan_street_11,Bishan Street 11,64.0,30414.339,36452.541,5.495,5.447,5.447,,,BISHAN STREET 11,13.819
bishan_street_11,Bishan Street 11,66.0,30416.293,36452.112,5.47,5.47,5.47,,,BISHAN STREET 11,13.821
bishan_street_11,Bishan Street 11,68.0,30418.246,36451.683,5.803,5.637,5.637,,,BISHAN STREET 11,13.823
bishan_street_11,Bishan Street 11,70.0,30420.2,36451.256,5.803,5.803,5.803,,,BISHAN STREET 11,13.827
bishan_street_11,Bishan Street 11,72.0,30422.154,36450.828,5.304,5.842,5.842,,,BISHAN STREET 11,13.831
bishan_street_11,Bishan Street 11,74.0,30424.107,36450.4,5.337,5.881,5.881,1.473,1.0,BISHAN STREET 11,13.834
bishan_street_11,Bishan Street 11,76.0,30426.061,36449.973,5.92,5.92,5.92,,,BISHAN STREET 11,13.838
bishan_street_11,Bishan Street 11,78.0,30428.015,36449.546,5.942,5.942,5.92,,,BISHAN STREET 11,13.843
bishan_street_11,Bishan Street 11,80.0,30429.969,36449.121,5.942,5.942,5.92,,,BISHAN STREET 11,13.849
bishan_street_11,Bishan Street 11,82.0,30431.924,36448.695,5.867,5.867,5.867,,,BISHAN STREET 11,13.855
bishan_street_11,Bishan Street 11,84.0,30433.878,36448.27,5.404,5.84,5.84,-1.667,1.0,BISHAN STREET 11,13.861
bishan_street_11,Bishan Street 11,86.0,30435.832,36447.845,5.454,5.814,5.814,,,BISHAN STREET 11,13.867
bishan_street_11,Bishan Street 11,88.0,30437.786,36447.419,5.787,5.787,5.787,,,BISHAN STREET 11,13.873
bishan_street_11,Bishan Street 11,90.0,30439.731,36446.95,6.279,5.639,5.639,,,BISHAN STREET 11,13.834
bishan_street_11,Bishan Street 11,92.0,30441.674,36446.478,6.395,5.491,5.491,-5.558,1.0,BISHAN STREET 11,13.792
bishan_street_11,Bishan Street 11,94.0,30443.617,36446.005,5.342,5.342,5.342,,,BISHAN STREET 11,13.749
bishan_street_11,Bishan Street 11,96.0,30445.561,36445.532,5.33,5.33,5.342,,,BISHAN STREET 11,13.707
bishan_street_11,Bishan Street 11,98.0,30447.504,36445.06,5.342,5.342,5.342,0.0,1.0,BISHAN STREET 11,13.664
bishan_street_11,Bishan Street 11,100.0,30449.447,36444.587,5.342,5.342,5.342,0.0,1.0,BISHAN STREET 11,13.622
bishan_street_11,Bishan Street 11,102.0,30451.391,36444.114,5.342,5.342,5.342,0.0,1.0,BISHAN STREET 11,13.579
bishan_street_11,Bishan Street 11,104.0,30453.334,36443.642,5.342,5.342,5.342,0.0,1.0,BISHAN STREET 11,13.537
bishan_street_11,Bishan Street 11,106.0,30455.277,36443.169,5.342,5.342,5.342,,,BISHAN STREET 11,13.494
bishan_street_11,Bishan Street 11,108.0,30457.221,36442.696,5.342,5.342,5.342,,,BISHAN STREET 11,13.452
bishan_street_11,Bishan Street 11,110.0,30459.164,36442.224,5.637,5.637,5.637,,,BISHAN STREET 11,13.409
bishan_street_11,Bishan Street 11,112.0,30461.107,36441.751,5.637,5.637,5.637,,,BISHAN STREET 11,13.367
bishan_street_11,Bishan Street 11,114.0,30463.051,36441.278,5.637,5.637,5.637,0.0,1.0,BISHAN STREET 11,13.324
bishan_street_11,Bishan Street 11,116.0,30465.011,36440.889,5.637,5.637,5.637,2.571,1.0,BISHAN STREET 11,13.367
bishan_street_11,Bishan Street 11,118.0,30466.983,36440.553,5.637,5.637,5.637,5.142,1.0,BISHAN STREET 11,13.465
bishan_street_11,Bishan Street 11,120.0,30468.955,36440.218,5.437,5.843,5.843,5.142,1.0,BISHAN STREET 11,13.57
bishan_street_11,Bishan Street 11,122.0,30470.926,36439.882,6.049,6.049,6.049,5.142,1.0,BISHAN STREET 11,13.726
bishan_street_11,Bishan Street 11,124.0,30472.898,36439.547,6.049,6.049,6.049,2.454,1.0,BISHAN STREET 11,13.881
bishan_street_11,Bishan Street 11,126.0,30474.864,36439.182,6.055,6.055,6.049,-0.234,1.0,BISHAN STREET 11,14.007
bishan_street_11,Bishan Street 11,128.0,30476.819,36438.759,6.055,6.055,6.049,-1.874,1.0,BISHAN STREET 11,14.073
bishan_street_11,Bishan Street 11,130.0,30478.774,36438.337,6.03,6.03,6.03,-3.513,1.0,BISHAN STREET 11,14.14
bishan_street_11,Bishan Street 11,132.0,30480.728,36437.914,5.554,5.825,5.825,-5.351,1.0,BISHAN STREET 11,14.206
bishan_street_11,Bishan Street 11,134.0,30482.677,36437.47,5.62,5.62,5.767,,,BISHAN STREET 11,14.3
bishan_street_11,Bishan Street 11,136.0,30484.555,36436.782,5.767,5.767,5.62,,,BISHAN STREET 11,14.319
bishan_street_11,Bishan Street 11,138.0,30486.433,36436.094,5.242,5.505,5.505,-4.57,1.0,BISHAN STREET 11,14.348
bishan_street_11,Bishan Street 11,140.0,30488.311,36435.406,5.242,5.242,5.43,,,BISHAN STREET 11,14.376
bishan_street_11,Bishan Street 11,142.0,30490.189,36434.718,5.43,5.43,5.402,,,BISHAN STREET 11,14.404
bishan_street_11,Bishan Street 11,144.0,30492.066,36434.029,6.029,5.402,5.374,,,BISHAN STREET 11,14.432
bishan_street_11,Bishan Street 11,146.0,30493.826,36433.087,6.624,5.374,5.374,-0.703,1.0,BISHAN STREET 11,14.248
bishan_street_11,Bishan Street 11,148.0,30495.56,36432.091,6.449,5.346,5.346,,,BISHAN STREET 11,14.194
bishan_street_11,Bishan Street 11,150.0,30497.294,36431.095,5.317,5.317,5.346,,,BISHAN STREET 11,14.149
bishan_street_11,Bishan Street 11,152.0,30499.029,36430.099,5.342,5.342,5.346,,,BISHAN STREET 11,14.105
bishan_street_11,Bishan Street 11,154.0,30500.702,36429.006,5.342,5.524,5.524,,,BISHAN STREET 11,13.946
bishan_street_11,Bishan Street 11,156.0,30502.338,36427.856,6.27,5.706,5.706,6.301,1.0,BISHAN STREET 11,13.72
bishan_street_11,Bishan Street 11,158.0,30503.974,36426.706,6.07,5.843,5.843,,,BISHAN STREET 11,13.561
bishan_street_11,Bishan Street 11,160.0,30505.611,36425.556,5.979,5.979,5.85,,,BISHAN STREET 11,13.559
bishan_street_11,Bishan Street 11,162.0,30507.247,36424.406,5.654,5.85,5.979,,,BISHAN STREET 11,13.559
bishan_street_11,Bishan Street 11,164.0,30508.867,36423.236,5.72,6.011,6.011,,,BISHAN STREET 11,13.531
bishan_street_11,Bishan Street 11,166.0,30510.375,36421.921,7.742,6.246,6.246,,,BISHAN STREET 11,13.322
bishan_street_11,Bishan Street 11,168.0,30511.882,36420.607,7.817,6.481,6.481,,,BISHAN STREET 11,13.113
bishan_street_11,Bishan Street 11,170.0,30513.389,36419.292,7.642,6.684,6.684,,,BISHAN STREET 11,13.017
bishan_street_11,Bishan Street 11,172.0,30514.897,36417.978,5.067,6.887,6.887,,,BISHAN STREET 11,13.055
bishan_street_11,Bishan Street 11,174.0,30516.38,36416.637,5.43,7.09,7.09,,,BISHAN STREET 11,13.056
bishan_street_11,Bishan Street 11,176.0,30517.832,36415.261,7.292,7.292,7.192,,,BISHAN STREET 11,13.011
bishan_street_11,Bishan Street 11,178.0,30519.283,36413.886,7.192,7.192,7.193,,,BISHAN STREET 11,12.965
bishan_street_11,Bishan Street 11,180.0,30520.735,36412.51,7.642,7.193,7.193,,,BISHAN STREET 11,12.92
bishan_street_11,Bishan Street 11,182.0,30522.187,36411.134,9.717,7.193,7.193,,,BISHAN STREET 11,12.985
bishan_street_11,Bishan Street 11,184.0,30523.639,36409.759,9.342,7.194,7.194,,,BISHAN STREET 11,13.074
bishan_street_11,Bishan Street 11,186.0,30525.066,36408.358,8.767,7.194,7.194,,,BISHAN STREET 11,13.128
bishan_street_11,Bishan Street 11,188.0,30526.478,36406.942,9.618,7.195,7.195,,,BISHAN STREET 11,13.161
bishan_street_11,Bishan Street 11,190.0,30527.891,36405.526,7.192,7.195,7.195,,,BISHAN STREET 11,13.194
bishan_street_11,Bishan Street 11,192.0,30529.303,36404.11,7.196,7.196,7.195,,,BISHAN STREET 11,13.279
bishan_street_11,Bishan Street 11,194.0,30530.716,36402.694,7.137,7.137,7.196,,,BISHAN STREET 11,13.513
bishan_street_11,Bishan Street 11,196.0,30531.759,36400.99,7.054,7.362,7.362,,,BISHAN STREET 11,13.28
bishan_street_11,Bishan Street 11,198.0,30532.789,36399.276,8.137,7.587,7.587,,,BISHAN STREET 11,13.029
bishan_street_11,Bishan Street 11,200.0,30533.819,36397.561,8.592,7.812,7.812,,,BISHAN STREET 11,12.778
bishan_street_11,Bishan Street 11,202.0,30534.848,36395.847,7.442,8.036,8.036,,,BISHAN STREET 11,12.528
bishan_street_11,Bishan Street 11,204.0,30535.878,36394.132,8.642,8.261,8.241,,,BISHAN STREET 11,12.39
bishan_street_11,Bishan Street 11,206.0,30536.908,36392.417,5.304,8.372,8.241,,,BISHAN STREET 11,12.398
bishan_street_11,Bishan Street 11,208.0,30537.937,36390.703,5.304,8.241,8.241,,,BISHAN STREET 11,12.407
bishan_street_11,Bishan Street 11,210.0,30538.967,36388.988,8.404,8.109,8.109,,,BISHAN STREET 11,12.415
bishan_street_11,Bishan Street 11,212.0,30539.996,36387.274,8.27,7.735,7.735,,,BISHAN STREET 11,12.423
bishan_street_11,Bishan Street 11,214.0,30541.026,36385.559,7.242,7.361,7.361,,,BISHAN STREET 11,12.432
bishan_street_11,Bishan Street 11,216.0,30542.056,36383.844,8.942,6.987,6.987,,,BISHAN STREET 11,12.587
bishan_street_11,Bishan Street 11,218.0,30543.085,36382.13,9.192,6.613,6.613,,,BISHAN STREET 11,12.822
bishan_street_11,Bishan Street 11,220.0,30544.115,36380.415,4.742,6.239,6.239,,,BISHAN STREET 11,13.057
bishan_street_11,Bishan Street 11,222.0,30545.145,36378.7,4.742,5.865,5.865,,,BISHAN STREET 11,13.292
bishan_street_11,Bishan Street 11,224.0,30546.174,36376.986,6.242,5.491,5.491,,,BISHAN STREET 11,13.527
bishan_street_11,Bishan Street 11,226.0,30546.896,36375.138,4.742,5.117,5.117,,,BISHAN STREET 11,13.434
bishan_street_11,Bishan Street 11,228.0,30547.44,36373.214,4.742,4.742,4.742,,,BISHAN STREET 11,13.317
bishan_street_11,Bishan Street 11,230.0,30547.983,36371.289,4.742,4.742,4.742,,,BISHAN STREET 11,13.241
bishan_street_11,Bishan Street 11,232.0,30548.527,36369.364,4.742,4.742,4.742,0.09,1.0,BISHAN STREET 11,13.164
bishan_street_11,Bishan Street 11,234.0,30549.07,36367.439,4.742,4.742,4.742,0.09,1.0,BISHAN STREET 11,13.088
bishan_street_11,Bishan Street 11,236.0,30549.614,36365.515,4.75,4.75,4.75,0.09,1.0,BISHAN STREET 11,13.011
bishan_street_11,Bishan Street 11,238.0,30550.157,36363.59,4.75,4.75,4.75,0.298,1.0,BISHAN STREET 11,12.963
bishan_street_11,Bishan Street 11,240.0,30550.701,36361.665,4.75,4.75,4.75,,,BISHAN STREET 11,13.089
bishan_street_11,Bishan Street 11,242.0,30551.244,36359.74,4.766,4.766,4.766,,,BISHAN STREET 11,13.224
bishan_street_11,Bishan Street 11,244.0,30551.788,36357.816,4.783,4.945,4.945,,,BISHAN STREET 11,13.359
bishan_street_11,Bishan Street 11,246.0,30552.331,36355.891,4.8,5.123,5.123,,,BISHAN STREET 11,13.494
bishan_street_11,Bishan Street 11,248.0,30552.875,36353.966,4.816,5.243,5.243,,,BISHAN STREET 11,13.629
bishan_street_11,Bishan Street 11,250.0,30553.087,36351.98,4.833,5.363,5.243,,,BISHAN STREET 11,13.502
bishan_street_11,Bishan Street 11,252.0,30553.274,36349.989,7.025,5.262,5.243,,,BISHAN STREET 11,13.499
bishan_street_11,Bishan Street 11,254.0,30553.46,36347.997,8.75,5.161,5.161,,,BISHAN STREET 11,13.497
bishan_street_11,Bishan Street 11,256.0,30553.646,36346.006,8.333,5.06,5.06,,,BISHAN STREET 11,13.495
bishan_street_11,Bishan Street 11,258.0,30553.832,36344.015,8.966,4.959,4.959,,,BISHAN STREET 11,13.492
bishan_street_11,Bishan Street 11,260.0,30554.013,36342.023,8.916,4.858,4.858,,,BISHAN STREET 11,13.484
bishan_street_11,Bishan Street 11,262.0,30554.149,36340.027,8.883,4.757,4.757,,,BISHAN STREET 11,13.498
bishan_street_11,Bishan Street 11,264.0,30554.285,36338.032,4.656,4.656,4.656,,,BISHAN STREET 11,13.533
bishan_street_11,Bishan Street 11,266.0,30554.422,36336.037,4.631,4.631,4.631,,,BISHAN STREET 11,13.568
bishan_street_11,Bishan Street 11,268.0,30554.558,36334.041,4.631,4.631,4.631,-0.625,1.0,BISHAN STREET 11,13.603
bishan_street_11,Bishan Street 11,270.0,30554.694,36332.046,4.606,4.606,4.618,-0.625,1.0,BISHAN STREET 11,13.637
bishan_street_11,Bishan Street 11,272.0,30554.776,36330.048,4.618,4.618,4.606,-0.938,1.0,BISHAN STREET 11,13.618
bishan_street_11,Bishan Street 11,274.0,30554.845,36328.049,4.581,4.581,4.581,-1.094,1.0,BISHAN STREET 11,13.585
bishan_street_11,Bishan Street 11,276.0,30554.913,36326.05,9.206,4.556,4.556,-1.25,1.0,BISHAN STREET 11,13.552
bishan_street_11,Bishan Street 11,278.0,30554.982,36324.051,4.531,4.531,4.531,-1.562,1.0,BISHAN STREET 11,13.519
bishan_street_11,Bishan Street 11,280.0,30555.05,36322.053,4.506,4.506,4.506,-1.562,1.0,BISHAN STREET 11,13.485
bishan_street_11,Bishan Street 11,282.0,30555.119,36320.054,4.456,4.456,4.456,-1.562,1.0,BISHAN STREET 11,13.452
bishan_street_11,Bishan Street 11,284.0,30555.188,36318.055,7.193,4.431,4.431,-1.25,1.0,BISHAN STREET 11,13.419
bishan_street_11,Bishan Street 11,286.0,30555.256,36316.056,4.406,4.406,4.406,-0.937,1.0,BISHAN STREET 11,13.386
bishan_street_11,Bishan Street 11,288.0,30555.325,36314.057,4.406,4.406,4.406,-0.938,1.0,BISHAN STREET 11,13.353
bishan_street_11,Bishan Street 11,290.0,30555.393,36312.059,4.381,4.381,4.381,-0.938,1.0,BISHAN STREET 11,13.32
bishan_street_11,Bishan Street 11,292.0,30555.462,36310.06,4.356,4.356,4.356,-0.938,1.0,BISHAN STREET 11,13.287
bishan_street_11,Bishan Street 11,294.0,30555.54,36308.061,4.331,4.331,4.331,-0.938,1.0,BISHAN STREET 11,13.264
bishan_street_11,Bishan Street 11,296.0,30555.686,36306.067,4.331,4.331,4.331,-0.937,1.0,BISHAN STREET 11,13.308
bishan_street_11,Bishan Street 11,298.0,30555.831,36304.072,4.306,4.306,4.306,-0.625,1.0,BISHAN STREET 11,13.351
bishan_street_11,Bishan Street 11,300.0,30555.976,36302.077,4.281,4.281,4.281,-0.937,1.0,BISHAN STREET 11,13.395
bishan_street_11,Bishan Street 11,302.0,30556.121,36300.082,4.281,4.281,4.281,-1.25,1.0,BISHAN STREET 11,13.438
bishan_street_11,Bishan Street 11,304.0,30556.266,36298.088,4.256,4.256,4.256,-0.937,1.0,BISHAN STREET 11,13.482
bishan_street_11,Bishan Street 11,306.0,30556.439,36296.095,4.206,4.206,4.206,-0.937,1.0,BISHAN STREET 11,13.554
bishan_street_11,Bishan Street 11,308.0,30556.635,36294.105,4.206,4.206,4.206,-0.938,1.0,BISHAN STREET 11,13.648
bishan_street_11,Bishan Street 11,310.0,30556.831,36292.115,4.206,4.206,4.206,-0.313,1.0,BISHAN STREET 11,13.743
bishan_street_11,Bishan Street 11,312.0,30557.027,36290.124,4.181,4.181,4.181,-0.625,1.0,BISHAN STREET 11,13.837
bishan_street_11,Bishan Street 11,314.0,30557.223,36288.134,4.181,4.181,4.181,-0.625,1.0,BISHAN STREET 11,13.932
bishan_street_11,Bishan Street 11,316.0,30557.334,36286.14,4.156,4.156,4.156,-0.625,1.0,BISHAN STREET 11,13.942
bishan_street_11,Bishan Street 11,318.0,30557.302,36284.14,4.156,4.156,4.156,-0.625,1.0,BISHAN STREET 11,13.808
bishan_street_11,Bishan Street 11,320.0,30557.27,36282.141,4.131,4.131,4.131,-0.312,1.0,BISHAN STREET 11,13.675
bishan_street_11,Bishan Street 11,322.0,30557.238,36280.141,4.131,4.131,4.131,-0.625,1.0,BISHAN STREET 11,13.541
bishan_street_11,Bishan Street 11,324.0,30557.206,36278.141,4.131,4.131,4.131,-0.313,1.0,BISHAN STREET 11,13.408
bishan_street_11,Bishan Street 11,326.0,30557.206,36276.141,4.106,4.106,4.106,-0.313,1.0,BISHAN STREET 11,13.306
bishan_street_11,Bishan Street 11,328.0,30557.209,36274.141,4.106,4.106,4.106,-0.625,1.0,BISHAN STREET 11,13.208
bishan_street_11,Bishan Street 11,330.0,30557.212,36272.141,4.106,4.106,4.106,-0.313,1.0,BISHAN STREET 11,13.109
bishan_street_11,Bishan Street 11,332.0,30557.215,36270.141,4.081,4.081,4.081,-1.562,1.0,BISHAN STREET 11,13.01
bishan_street_11,Bishan Street 11,334.0,30557.218,36268.141,4.081,4.081,4.081,-2.656,1.0,BISHAN STREET 11,12.911
bishan_street_11,Bishan Street 11,336.0,30557.22,36266.141,3.981,3.981,3.981,-2.344,1.0,BISHAN STREET 11,12.813
bishan_street_11,Bishan Street 11,338.0,30557.257,36264.142,3.893,3.893,3.893,-2.344,1.0,BISHAN STREET 11,12.748
bishan_street_11,Bishan Street 11,340.0,30557.347,36262.144,3.856,3.856,3.893,-0.938,1.0,BISHAN STREET 11,12.736
bishan_street_11,Bishan Street 11,342.0,30557.437,36260.146,3.856,3.856,3.893,1.406,1.0,BISHAN STREET 11,12.724
bishan_street_11,Bishan Street 11,344.0,30557.527,36258.148,3.906,3.906,3.906,1.406,1.0,BISHAN STREET 11,12.713
bishan_street_11,Bishan Street 11,346.0,30557.617,36256.15,4.006,4.006,4.006,1.406,1.0,BISHAN STREET 11,12.701
bishan_street_11,Bishan Street 11,348.0,30557.707,36254.152,4.006,4.006,4.006,0.938,1.0,BISHAN STREET 11,12.689
bishan_street_11,Bishan Street 11,350.0,30557.797,36252.154,4.006,4.006,4.006,-0.625,1.0,BISHAN STREET 11,12.677
bishan_street_11,Bishan Street 11,352.0,30557.886,36250.156,3.981,3.981,3.981,-0.938,1.0,BISHAN STREET 11,12.666
bishan_street_11,Bishan Street 11,354.0,30557.976,36248.158,3.956,3.956,3.956,-1.25,1.0,BISHAN STREET 11,12.654
bishan_street_11,Bishan Street 11,356.0,30558.066,36246.16,3.906,3.906,3.931,-2.5,1.0,BISHAN STREET 11,12.642
bishan_street_11,Bishan Street 11,358.0,30558.156,36244.162,3.931,3.931,3.906,-4.375,1.0,BISHAN STREET 11,12.631
bishan_street_11,Bishan Street 11,360.0,30558.228,36242.163,3.781,3.781,3.781,-6.25,1.0,BISHAN STREET 11,12.6
bishan_street_11,Bishan Street 11,362.0,30558.273,36240.164,3.606,3.606,3.606,-5.938,1.0,BISHAN STREET 11,12.545
bishan_street_11,Bishan Street 11,364.0,30558.319,36238.165,3.431,3.431,3.431,-5.0,1.0,BISHAN STREET 11,12.489
bishan_street_11,Bishan Street 11,366.0,30558.365,36236.165,3.431,3.431,3.431,-3.125,1.0,BISHAN STREET 11,12.433
bishan_street_11,Bishan Street 11,368.0,30558.41,36234.166,3.381,3.381,3.381,-1.25,1.0,BISHAN STREET 11,12.377
bishan_street_11,Bishan Street 11,370.0,30558.456,36232.166,3.356,3.356,3.356,-1.562,1.0,BISHAN STREET 11,12.321
bishan_street_11,Bishan Street 11,372.0,30558.535,36230.168,5.881,3.331,3.331,-1.25,1.0,BISHAN STREET 11,12.298
bishan_street_11,Bishan Street 11,374.0,30558.626,36228.17,7.706,3.306,3.306,-1.562,1.0,BISHAN STREET 11,12.287
bishan_street_11,Bishan Street 11,376.0,30558.717,36226.172,3.281,3.281,3.281,-1.25,1.0,BISHAN STREET 11,12.277
bishan_street_11,Bishan Street 11,378.0,30558.808,36224.174,3.231,3.231,3.231,-0.937,1.0,BISHAN STREET 11,12.266
bishan_street_11,Bishan Street 11,380.0,30558.899,36222.176,3.206,3.206,3.231,0.937,1.0,BISHAN STREET 11,12.255
bishan_street_11,Bishan Street 11,382.0,30558.637,36221.697,3.206,3.206,3.231,2.812,1.0,BISHAN STREET 11,11.969
bishan_street_11,Bishan Street 11,384.0,30557.837,36223.53,3.356,3.356,3.356,3.125,1.0,BISHAN STREET 11,11.264
bishan_street_11,Bishan Street 11,386.0,30557.037,36225.363,3.493,3.493,3.456,3.281,1.0,BISHAN STREET 11,10.558
bishan_street_11,Bishan Street 11,388.0,30556.237,36227.196,3.456,3.456,3.481,1.563,1.0,BISHAN STREET 11,9.852
bishan_street_11,Bishan Street 11,390.0,30555.438,36229.029,8.631,3.481,3.493,0.313,1.0,BISHAN STREET 11,9.147
bishan_street_11,Bishan Street 11,392.0,30554.638,36230.862,7.606,3.506,3.481,0.312,1.0,BISHAN STREET 11,8.441
bishan_street_11,Bishan Street 11,394.0,30553.838,36232.695,3.531,3.531,3.481,0.469,1.0,BISHAN STREET 11,7.736
bishan_street_11,Bishan Street 11,396.0,30553.038,36234.528,3.406,3.406,3.506,0.625,1.0,BISHAN STREET 11,7.03
bishan_street_11,Bishan Street 11,398.0,30552.238,36236.362,3.481,3.481,3.531,1.562,1.0,BISHAN STREET 11,6.324
bishan_street_11,Bishan Street 11,400.0,30551.439,36238.195,3.531,3.531,3.531,1.875,1.0,BISHAN STREET 11,5.619
bishan_street_11,Bishan Street 11,402.0,30550.639,36240.028,3.606,3.606,3.606,2.5,1.0,BISHAN STREET 11,4.913
bishan_street_11,Bishan Street 11,404.0,30549.839,36241.861,3.656,3.656,3.656,3.125,1.0,BISHAN STREET 11,4.207
bishan_street_11,Bishan Street 11,406.0,30549.039,36243.694,3.731,3.731,3.731,3.125,1.0,BISHAN STREET 11,3.502
bishan_street_11,Bishan Street 11,408.0,30548.239,36245.527,3.781,3.781,3.781,3.125,1.0,BISHAN STREET 11,2.796
bishan_street_11,Bishan Street 11,410.0,30547.44,36247.36,3.856,3.856,3.856,2.812,1.0,BISHAN STREET 11,2.09
bishan_street_11,Bishan Street 11,412.0,30546.64,36249.193,3.906,3.906,3.906,3.125,1.0,BISHAN STREET 11,1.385
bishan_street_11,Bishan Street 11,414.0,30545.84,36251.027,3.956,3.956,3.956,2.188,1.0,BISHAN STREET 11,0.679
bishan_street_11,Bishan Street 11,416.0,30545.04,36252.86,4.181,4.181,4.031,1.562,1.0,BISHAN STREET 11,0.027
bishan_street_11,Bishan Street 11,418.0,30544.241,36254.693,4.081,4.081,4.031,0.937,1.0,BISHAN STREET 11,0.732
bishan_street_11,Bishan Street 11,420.0,30543.441,36256.526,4.031,4.031,4.031,0.0,1.0,BISHAN STREET 11,1.438
bishan_street_11,Bishan Street 11,422.0,30542.641,36258.359,4.031,4.031,4.031,0.0,1.0,BISHAN STREET 11,2.143
bishan_street_11,Bishan Street 11,424.0,30541.841,36260.192,4.031,4.031,4.031,0.312,1.0,BISHAN STREET 11,2.849
bishan_street_11,Bishan Street 11,426.0,30541.041,36262.025,4.031,4.031,4.031,0.312,1.0,BISHAN STREET 11,3.555
bishan_street_11,Bishan Street 11,428.0,30540.311,36263.883,4.056,4.056,4.056,0.312,1.0,BISHAN STREET 11,4.19
bishan_street_11,Bishan Street 11,430.0,30539.757,36265.805,4.056,4.056,4.056,0.312,1.0,BISHAN STREET 11,4.645
bishan_street_11,Bishan Street 11,432.0,30539.203,36267.727,4.056,4.056,4.056,-0.625,1.0,BISHAN STREET 11,5.101
bishan_street_11,Bishan Street 11,434.0,30538.649,36269.649,4.056,4.056,4.056,-0.625,1.0,BISHAN STREET 11,5.557
bishan_street_11,Bishan Street 11,436.0,30538.107,36271.574,4.006,4.006,4.006,-0.625,1.0,BISHAN STREET 11,6.0
bishan_street_11,Bishan Street 11,438.0,30537.62,36273.513,4.006,4.006,4.006,-0.625,1.0,BISHAN STREET 11,6.388
bishan_street_11,Bishan Street 11,440.0,30537.133,36275.453,4.006,4.006,4.006,0.625,1.0,BISHAN STREET 11,6.776
bishan_street_11,Bishan Street 11,442.0,30536.647,36277.393,4.006,4.006,4.006,1.25,1.0,BISHAN STREET 11,7.163
bishan_street_11,Bishan Street 11,444.0,30536.16,36279.333,4.056,4.056,4.056,2.187,1.0,BISHAN STREET 11,7.551
bishan_street_11,Bishan Street 11,446.0,30535.673,36281.273,4.106,4.106,4.106,2.813,1.0,BISHAN STREET 11,7.938
bishan_street_11,Bishan Street 11,448.0,30535.186,36283.213,4.181,4.181,4.181,2.5,1.0,BISHAN STREET 11,8.326
bishan_street_11,Bishan Street 11,450.0,30534.699,36285.153,4.231,4.231,4.231,1.875,1.0,BISHAN STREET 11,8.714
bishan_street_11,Bishan Street 11,452.0,30534.213,36287.092,4.256,4.256,4.256,0.938,1.0,BISHAN STREET 11,9.101
bishan_street_11,Bishan Street 11,454.0,30533.726,36289.032,4.256,4.256,4.256,1.562,1.0,BISHAN STREET 11,9.489
bishan_street_11,Bishan Street 11,456.0,30533.239,36290.972,4.256,4.256,4.256,1.25,1.0,BISHAN STREET 11,9.876
bishan_street_11,Bishan Street 11,458.0,30532.752,36292.912,4.406,4.406,4.356,1.25,1.0,BISHAN STREET 11,10.264
bishan_street_11,Bishan Street 11,460.0,30532.266,36294.852,4.356,4.356,4.356,0.625,1.0,BISHAN STREET 11,10.652
bishan_street_11,Bishan Street 11,462.0,30531.779,36296.792,4.356,4.356,4.356,-0.625,1.0,BISHAN STREET 11,11.039
bishan_street_11,Bishan Street 11,464.0,30531.292,36298.732,4.306,4.306,4.306,-0.625,1.0,BISHAN STREET 11,11.427
bishan_street_11,Bishan Street 11,466.0,30530.9,36300.686,4.306,4.306,4.306,-0.625,1.0,BISHAN STREET 11,11.719
bishan_street_11,Bishan Street 11,468.0,30530.793,36302.683,4.306,4.306,4.306,0.0,1.0,BISHAN STREET 11,11.724
bishan_street_11,Bishan Street 11,470.0,30530.686,36304.68,4.306,4.306,4.306,0.0,1.0,BISHAN STREET 11,11.729
bishan_street_11,Bishan Street 11,472.0,30530.58,36306.677,4.306,4.306,4.306,0.312,1.0,BISHAN STREET 11,11.735
bishan_street_11,Bishan Street 11,474.0,30530.473,36308.674,4.331,4.331,4.306,0.312,1.0,BISHAN STREET 11,11.74
bishan_street_11,Bishan Street 11,476.0,30530.366,36310.671,4.306,4.306,4.331,0.312,1.0,BISHAN STREET 11,11.745
bishan_street_11,Bishan Street 11,478.0,30530.167,36312.661,4.331,4.331,4.331,0.625,1.0,BISHAN STREET 11,11.843
bishan_street_11,Bishan Street 11,480.0,30529.966,36314.651,4.356,4.356,4.331,0.313,1.0,BISHAN STREET 11,11.943
bishan_street_11,Bishan Street 11,482.0,30529.765,36316.641,4.306,4.306,4.356,,,BISHAN STREET 11,12.042
bishan_street_11,Bishan Street 11,484.0,30529.564,36318.631,4.356,4.356,4.356,,,BISHAN STREET 11,12.142
bishan_street_11,Bishan Street 11,486.0,30529.363,36320.621,4.356,4.583,4.583,,,BISHAN STREET 11,12.242
bishan_street_11,Bishan Street 11,488.0,30529.292,36322.619,4.356,4.811,4.811,,,BISHAN STREET 11,12.211
bishan_street_11,Bishan Street 11,490.0,30529.239,36324.618,4.406,5.038,5.038,,,BISHAN STREET 11,12.162
bishan_street_11,Bishan Street 11,492.0,30529.187,36326.618,4.356,5.161,5.161,,,BISHAN STREET 11,12.113
bishan_street_11,Bishan Street 11,494.0,30529.134,36328.617,8.433,5.283,5.161,,,BISHAN STREET 11,12.064
bishan_street_11,Bishan Street 11,496.0,30529.082,36330.616,8.65,5.188,5.161,,,BISHAN STREET 11,12.015
bishan_street_11,Bishan Street 11,498.0,30529.029,36332.616,8.641,5.092,5.092,,,BISHAN STREET 11,11.965
bishan_street_11,Bishan Street 11,500.0,30528.921,36334.613,7.95,4.996,4.996,,,BISHAN STREET 11,11.972
bishan_street_11,Bishan Street 11,502.0,30528.799,36336.609,7.85,4.9,4.9,,,BISHAN STREET 11,11.992
bishan_street_11,Bishan Street 11,504.0,30528.678,36338.605,4.766,4.804,4.804,,,BISHAN STREET 11,12.012
bishan_street_11,Bishan Street 11,506.0,30528.556,36340.601,4.583,4.708,4.708,,,BISHAN STREET 11,11.993
bishan_street_11,Bishan Street 11,508.0,30528.435,36342.598,7.208,4.612,4.612,,,BISHAN STREET 11,11.926
bishan_street_11,Bishan Street 11,510.0,30528.127,36344.569,4.516,4.516,4.612,,,BISHAN STREET 11,12.046
bishan_street_11,Bishan Street 11,512.0,30527.717,36346.527,4.566,4.566,4.612,,,BISHAN STREET 11,12.269
bishan_street_11,Bishan Street 11,514.0,30527.307,36348.484,4.616,4.616,4.616,0.26,1.0,BISHAN STREET 11,12.493
bishan_street_11,Bishan Street 11,516.0,30526.897,36350.442,4.633,4.633,4.633,0.26,1.0,BISHAN STREET 11,12.517
bishan_street_11,Bishan Street 11,518.0,30526.487,36352.399,4.733,4.733,4.633,-0.208,1.0,BISHAN STREET 11,12.515
bishan_street_11,Bishan Street 11,520.0,30526.077,36354.357,4.65,4.65,4.633,-0.417,1.0,BISHAN STREET 11,12.512
bishan_street_11,Bishan Street 11,522.0,30525.667,36356.314,4.6,4.6,4.6,-0.417,1.0,BISHAN STREET 11,12.51
bishan_street_11,Bishan Street 11,524.0,30525.257,36358.272,4.566,4.566,4.6,-0.417,1.0,BISHAN STREET 11,12.392
bishan_street_11,Bishan Street 11,526.0,30524.847,36360.229,4.6,4.6,4.6,0.0,1.0,BISHAN STREET 11,12.178
bishan_street_11,Bishan Street 11,528.0,30524.437,36362.187,4.55,4.55,4.6,-0.09,1.0,BISHAN STREET 11,11.965
bishan_street_11,Bishan Street 11,530.0,30524.027,36364.144,4.608,4.608,4.6,-0.09,1.0,BISHAN STREET 11,11.751
bishan_street_11,Bishan Street 11,532.0,30523.617,36366.102,4.683,4.683,4.592,-0.09,1.0,BISHAN STREET 11,11.51
bishan_street_11,Bishan Street 11,534.0,30522.754,36367.901,4.592,4.592,4.592,-0.09,1.0,BISHAN STREET 11,11.558
bishan_street_11,Bishan Street 11,536.0,30521.859,36369.69,4.567,4.567,4.592,0.0,1.0,BISHAN STREET 11,11.641
bishan_street_11,Bishan Street 11,538.0,30520.963,36371.478,4.592,4.592,4.592,0.0,1.0,BISHAN STREET 11,11.723
bishan_street_11,Bishan Street 11,540.0,30520.068,36373.267,4.592,4.592,4.592,0.0,1.0,BISHAN STREET 11,11.805
bishan_street_11,Bishan Street 11,542.0,30519.173,36375.055,4.567,4.567,4.592,0.0,1.0,BISHAN STREET 11,11.72
bishan_street_11,Bishan Street 11,544.0,30518.277,36376.843,4.592,4.592,4.592,0.312,1.0,BISHAN STREET 11,11.575
bishan_street_11,Bishan Street 11,546.0,30517.151,36378.479,4.592,4.592,4.592,1.25,1.0,BISHAN STREET 11,11.707
bishan_street_11,Bishan Street 11,548.0,30515.858,36380.005,4.617,4.617,4.617,1.25,1.0,BISHAN STREET 11,12.038
bishan_street_11,Bishan Street 11,550.0,30514.565,36381.531,4.692,4.692,4.692,1.875,1.0,BISHAN STREET 11,12.265
bishan_street_11,Bishan Street 11,552.0,30513.272,36383.057,4.742,4.742,4.692,2.188,1.0,BISHAN STREET 11,12.338
bishan_street_11,Bishan Street 11,554.0,30511.979,36384.582,4.792,4.792,4.742,1.875,1.0,BISHAN STREET 11,12.411
bishan_street_11,Bishan Street 11,556.0,30510.686,36386.108,4.642,4.642,4.792,1.875,1.0,BISHAN STREET 11,12.484
bishan_street_11,Bishan Street 11,558.0,30509.393,36387.634,4.892,4.892,4.842,1.25,1.0,BISHAN STREET 11,12.541
bishan_street_11,Bishan Street 11,560.0,30508.1,36389.16,4.892,4.892,4.842,0.0,1.0,BISHAN STREET 11,12.412
bishan_street_11,Bishan Street 11,562.0,30506.807,36390.686,4.842,4.842,4.842,-1.562,1.0,BISHAN STREET 11,12.282
bishan_street_11,Bishan Street 11,564.0,30505.514,36392.211,4.792,4.792,4.792,-1.562,1.0,BISHAN STREET 11,12.153
bishan_street_11,Bishan Street 11,566.0,30504.221,36393.737,4.717,4.717,4.717,-1.562,1.0,BISHAN STREET 11,12.023
bishan_street_11,Bishan Street 11,568.0,30502.928,36395.263,4.717,4.717,4.717,-0.937,1.0,BISHAN STREET 11,11.817
bishan_street_11,Bishan Street 11,570.0,30501.635,36396.789,4.717,4.717,4.717,0.313,1.0,BISHAN STREET 11,11.554
bishan_street_11,Bishan Street 11,572.0,30500.342,36398.315,4.742,4.742,4.717,0.313,1.0,BISHAN STREET 11,11.291
bishan_street_11,Bishan Street 11,574.0,30498.855,36399.644,4.742,4.742,4.742,0.625,1.0,BISHAN STREET 11,11.304
bishan_street_11,Bishan Street 11,576.0,30497.31,36400.914,4.717,4.717,4.742,0.625,1.0,BISHAN STREET 11,11.377
bishan_street_11,Bishan Street 11,578.0,30495.766,36402.185,4.767,4.767,4.767,,,BISHAN STREET 11,11.225
bishan_street_11,Bishan Street 11,580.0,30494.068,36403.24,4.767,4.767,4.767,,,BISHAN STREET 11,11.337
bishan_street_11,Bishan Street 11,582.0,30492.359,36404.279,5.02,5.02,5.02,,,BISHAN STREET 11,11.469
bishan_street_11,Bishan Street 11,584.0,30490.65,36405.318,5.062,5.062,5.046,,,BISHAN STREET 11,11.601
bishan_street_11,Bishan Street 11,586.0,30488.941,36406.357,5.046,5.046,5.062,0.729,1.0,BISHAN STREET 11,11.569
bishan_street_11,Bishan Street 11,588.0,30487.232,36407.396,5.079,5.079,5.079,2.656,1.0,BISHAN STREET 11,11.475
bishan_street_11,Bishan Street 11,590.0,30485.523,36408.435,5.079,5.079,5.079,4.688,1.0,BISHAN STREET 11,11.38
bishan_street_11,Bishan Street 11,592.0,30483.767,36409.367,10.087,5.258,5.258,4.896,1.0,BISHAN STREET 11,11.403
bishan_street_11,Bishan Street 11,594.0,30481.852,36409.946,5.437,5.437,5.437,5.312,1.0,BISHAN STREET 11,11.711
bishan_street_11,Bishan Street 11,596.0,30479.938,36410.525,5.47,5.47,5.47,3.073,1.0,BISHAN STREET 11,11.854
bishan_street_11,Bishan Street 11,598.0,30478.024,36411.104,5.504,5.504,5.504,,,BISHAN STREET 11,11.997
bishan_street_11,Bishan Street 11,600.0,30476.109,36411.683,5.504,5.504,5.504,,,BISHAN STREET 11,12.14
bishan_street_11,Bishan Street 11,602.0,30474.195,36412.262,4.917,5.557,5.557,0.66,1.0,BISHAN STREET 11,12.264
bishan_street_11,Bishan Street 11,604.0,30472.281,36412.841,5.52,5.609,5.557,,,BISHAN STREET 11,12.169
bishan_street_11,Bishan Street 11,606.0,30470.366,36413.42,5.662,5.662,5.557,,,BISHAN STREET 11,12.074
bishan_street_11,Bishan Street 11,608.0,30468.452,36413.999,6.07,5.557,5.557,,,BISHAN STREET 11,11.979
bishan_street_11,Bishan Street 11,610.0,30466.538,36414.578,5.345,5.451,5.451,-3.299,1.0,BISHAN STREET 11,11.885
bishan_street_11,Bishan Street 11,612.0,30464.623,36415.158,5.345,5.345,5.345,,,BISHAN STREET 11,11.79
bishan_street_11,Bishan Street 11,614.0,30462.709,36415.737,8.262,5.293,5.293,,,BISHAN STREET 11,11.69
bishan_street_11,Bishan Street 11,616.0,30460.785,36416.281,8.02,5.24,5.24,-1.979,1.0,BISHAN STREET 11,11.573
bishan_street_11,Bishan Street 11,618.0,30458.846,36416.77,5.187,5.187,5.187,-1.319,1.0,BISHAN STREET 11,11.514
bishan_street_11,Bishan Street 11,620.0,30456.907,36417.26,5.154,5.154,5.187,-0.243,1.0,BISHAN STREET 11,11.454
bishan_street_11,Bishan Street 11,622.0,30454.967,36417.749,5.17,5.17,5.187,0.625,1.0,BISHAN STREET 11,11.394
bishan_street_11,Bishan Street 11,624.0,30453.028,36418.238,5.22,5.22,5.22,,,BISHAN STREET 11,11.335
bishan_street_11,Bishan Street 11,626.0,30451.085,36418.709,5.237,5.237,5.237,,,BISHAN STREET 11,11.294
bishan_street_11,Bishan Street 11,628.0,30449.131,36419.137,5.32,5.487,5.487,,,BISHAN STREET 11,11.297
bishan_street_11,Bishan Street 11,630.0,30447.177,36419.565,5.874,5.736,5.736,12.287,2.0,BISHAN STREET 11,11.301
bishan_street_11,Bishan Street 11,632.0,30445.224,36419.993,5.855,5.986,5.986,,,BISHAN STREET 11,11.304
bishan_street_11,Bishan Street 11,634.0,30443.263,36420.386,6.235,6.235,6.22,,,BISHAN STREET 11,11.343
bishan_street_11,Bishan Street 11,636.0,30441.292,36420.728,6.355,6.355,6.22,,,BISHAN STREET 11,11.435
bishan_street_11,Bishan Street 11,638.0,30439.322,36421.069,6.22,6.22,6.22,,,BISHAN STREET 11,11.526
bishan_street_11,Bishan Street 11,640.0,30437.351,36421.411,6.215,6.215,6.215,,,BISHAN STREET 11,11.618
bishan_street_11,Bishan Street 11,642.0,30435.381,36421.752,6.215,5.928,5.928,-10.508,2.0,BISHAN STREET 11,11.709
bishan_street_11,Bishan Street 11,644.0,30433.424,36422.156,5.221,5.641,5.641,-10.446,2.0,BISHAN STREET 11,11.736
bishan_street_11,Bishan Street 11,646.0,30431.501,36422.706,5.354,5.354,5.379,,,BISHAN STREET 11,11.614
bishan_street_11,Bishan Street 11,648.0,30429.578,36423.256,5.379,5.379,5.379,,,BISHAN STREET 11,11.491
bishan_street_11,Bishan Street 11,650.0,30427.656,36423.806,5.367,5.367,5.379,-0.112,1.0,BISHAN STREET 11,11.369
bishan_street_11,Bishan Street 11,652.0,30425.733,36424.356,5.417,5.417,5.379,-0.112,1.0,BISHAN STREET 11,11.247
bishan_street_11,Bishan Street 11,654.0,30423.798,36424.86,5.437,5.437,5.37,,,BISHAN STREET 11,11.172
bishan_street_11,Bishan Street 11,656.0,30421.847,36425.302,5.37,5.37,5.37,,,BISHAN STREET 11,11.161
bishan_street_11,Bishan Street 11,658.0,30419.897,36425.744,6.387,5.35,5.35,,,BISHAN STREET 11,11.15
bishan_street_11,Bishan Street 11,660.0,30417.946,36426.186,8.504,5.329,5.329,-0.937,1.0,BISHAN STREET 11,11.139
bishan_street_11,Bishan Street 11,662.0,30415.996,36426.628,5.262,5.308,5.308,,,BISHAN STREET 11,11.128
bishan_street_11,Bishan Street 11,664.0,30414.045,36427.07,5.287,5.287,5.296,,,BISHAN STREET 11,11.117
bishan_street_11,Bishan Street 11,666.0,30412.095,36427.512,5.296,5.296,5.287,,,BISHAN STREET 11,11.106
bishan_street_11,Bishan Street 11,668.0,30410.144,36427.954,5.262,5.262,5.271,-0.417,1.0,BISHAN STREET 11,11.095
bishan_street_11,Bishan Street 11,670.0,30408.194,36428.396,5.271,5.271,5.262,-0.208,1.0,BISHAN STREET 11,11.084
bishan_street_11,Bishan Street 11,672.0,30406.243,36428.838,5.227,5.227,5.262,,,BISHAN STREET 11,11.072
bishan_street_11,Bishan Street 11,674.0,30404.293,36429.281,5.177,5.177,5.271,,,BISHAN STREET 11,11.061
bishan_street_11,Bishan Street 11,676.0,30402.342,36429.723,5.139,5.327,5.327,,,BISHAN STREET 11,11.05
bishan_street_11,Bishan Street 11,678.0,30400.392,36430.165,6.908,5.476,5.476,,,BISHAN STREET 11,11.039
bishan_street_11,Bishan Street 11,680.0,30398.441,36430.607,7.052,5.709,5.709,,,BISHAN STREET 11,11.028
bishan_street_11,Bishan Street 11,682.0,30396.49,36431.049,5.502,5.941,5.941,,,BISHAN STREET 11,11.017
bishan_street_11,Bishan Street 11,684.0,30394.539,36431.488,5.527,6.174,6.174,,,BISHAN STREET 11,11.009
bishan_street_11,Bishan Street 11,686.0,30392.588,36431.925,7.827,6.406,6.406,,,BISHAN STREET 11,11.003
bishan_street_11,Bishan Street 11,688.0,30390.636,36432.362,9.152,6.639,6.579,,,BISHAN STREET 11,10.997
bishan_street_11,Bishan Street 11,690.0,30388.684,36432.799,7.764,6.871,6.579,,,BISHAN STREET 11,10.991
bishan_street_11,Bishan Street 11,692.0,30386.733,36433.236,7.838,6.579,6.579,,,BISHAN STREET 11,10.985
bishan_street_11,Bishan Street 11,694.0,30384.781,36433.674,7.893,6.288,6.288,,,BISHAN STREET 11,10.979
bishan_street_11,Bishan Street 11,696.0,30382.831,36434.116,5.779,5.996,5.996,,,BISHAN STREET 11,10.968
bishan_street_11,Bishan Street 11,698.0,30380.88,36434.56,5.704,5.704,5.96,,,BISHAN STREET 11,10.955
bishan_street_11,Bishan Street 11,700.0,30378.93,36435.003,5.685,5.685,5.81,,,BISHAN STREET 11,10.943
bishan_street_11,Bishan Street 11,702.0,30376.98,36435.446,5.96,5.96,5.704,,,BISHAN STREET 11,10.93
bishan_street_11,Bishan Street 11,704.0,30375.03,36435.89,5.81,5.81,5.685,-4.885,1.0,BISHAN STREET 11,10.918
bishan_street_11,Bishan Street 11,706.0,30373.079,36436.333,5.779,5.615,5.615,-4.286,1.0,BISHAN STREET 11,10.905
bishan_street_11,Bishan Street 11,708.0,30371.13,36436.78,5.42,5.42,5.42,-4.051,1.0,BISHAN STREET 11,10.89
bishan_street_11,Bishan Street 11,710.0,30369.181,36437.228,5.345,5.345,5.361,-2.349,1.0,BISHAN STREET 11,10.873
bishan_street_11,Bishan Street 11,712.0,30367.231,36437.675,5.303,5.303,5.361,-0.646,1.0,BISHAN STREET 11,10.856
bishan_street_11,Bishan Street 11,714.0,30365.271,36438.069,5.361,5.361,5.361,0.167,1.0,BISHAN STREET 11,10.894
bishan_street_11,Bishan Street 11,716.0,30363.31,36438.463,6.928,5.368,5.368,0.25,1.0,BISHAN STREET 11,10.932
bishan_street_11,Bishan Street 11,718.0,30361.349,36438.857,10.47,5.375,5.375,0.333,1.0,BISHAN STREET 11,10.97
bishan_street_11,Bishan Street 11,720.0,30359.388,36439.251,10.345,5.381,5.381,,,BISHAN STREET 11,11.008
bishan_street_11,Bishan Street 11,722.0,30357.427,36439.645,5.353,5.388,5.388,,,BISHAN STREET 11,11.046
bishan_street_11,Bishan Street 11,724.0,30355.467,36440.039,5.395,5.659,5.659,,,BISHAN STREET 11,11.084
bishan_street_11,Bishan Street 11,726.0,30353.506,36440.434,8.07,5.93,5.93,,,BISHAN STREET 11,11.122
bishan_street_11,Bishan Street 11,728.0,30351.545,36440.828,6.203,6.134,6.134,,,BISHAN STREET 11,11.16
bishan_street_11,Bishan Street 11,730.0,30349.584,36441.222,6.825,6.339,6.339,,,BISHAN STREET 11,11.198
bishan_street_11,Bishan Street 11,732.0,30347.624,36441.616,8.325,6.544,6.544,,,BISHAN STREET 11,11.236
bishan_street_11,Bishan Street 11,734.0,30345.663,36442.01,8.07,6.748,6.748,,,BISHAN STREET 11,11.274
bishan_street_11,Bishan Street 11,736.0,30343.702,36442.404,9.475,6.953,6.953,,,BISHAN STREET 11,11.321
bishan_street_11,Bishan Street 11,738.0,30341.741,36442.798,7.105,7.158,7.158,,,BISHAN STREET 11,11.372
bishan_street_11,Bishan Street 11,740.0,30339.78,36443.192,5.904,7.362,7.362,,,BISHAN STREET 11,11.423
bishan_street_11,Bishan Street 11,742.0,30337.841,36443.675,5.47,7.567,7.567,,,BISHAN STREET 11,11.383
bishan_street_11,Bishan Street 11,744.0,30335.91,36444.196,5.691,7.772,7.772,,,BISHAN STREET 11,11.304
bishan_street_11,Bishan Street 11,746.0,30333.979,36444.717,5.729,7.977,7.977,,,BISHAN STREET 11,11.225
bishan_street_11,Bishan Street 11,748.0,30332.048,36445.238,5.766,8.181,8.181,,,BISHAN STREET 11,11.146
bishan_street_11,Bishan Street 11,750.0,30330.117,36445.759,8.386,8.386,8.181,,,BISHAN STREET 11,11.066
bishan_street_11,Bishan Street 11,752.0,30328.166,36446.19,8.407,8.407,8.181,,,BISHAN STREET 11,11.079
bishan_street_11,Bishan Street 11,754.0,30326.197,36446.542,8.777,8.169,8.169,,,BISHAN STREET 11,11.174
bishan_street_11,Bishan Street 11,756.0,30324.228,36446.894,8.107,7.931,7.931,,,BISHAN STREET 11,11.268
bishan_street_11,Bishan Street 11,758.0,30322.259,36447.245,6.915,7.693,7.693,,,BISHAN STREET 11,11.362
bishan_street_11,Bishan Street 11,760.0,30320.298,36447.636,6.514,7.455,7.455,,,BISHAN STREET 11,11.417
bishan_street_11,Bishan Street 11,762.0,30318.352,36448.096,5.964,7.217,7.217,,,BISHAN STREET 11,11.401
bishan_street_11,Bishan Street 11,764.0,30316.406,36448.556,6.082,6.979,6.979,,,BISHAN STREET 11,11.385
bishan_street_11,Bishan Street 11,766.0,30314.459,36449.016,7.032,6.741,6.741,,,BISHAN STREET 11,11.368
bishan_street_11,Bishan Street 11,768.0,30312.513,36449.476,6.503,6.503,6.64,,,BISHAN STREET 11,11.352
bishan_street_11,Bishan Street 11,770.0,30310.566,36449.936,7.032,6.571,6.64,,,BISHAN STREET 11,11.336
bishan_street_11,Bishan Street 11,772.0,30308.62,36450.396,5.962,6.64,6.64,,,BISHAN STREET 11,11.32
bishan_street_11,Bishan Street 11,774.0,30306.674,36450.856,6.794,6.709,6.709,,,BISHAN STREET 11,11.303
bishan_street_11,Bishan Street 11,776.0,30304.727,36451.316,7.125,6.777,6.709,,,BISHAN STREET 11,11.287
bishan_street_11,Bishan Street 11,778.0,30302.781,36451.776,6.846,6.846,6.709,,,BISHAN STREET 11,11.271
bishan_street_11,Bishan Street 11,780.0,30300.835,36452.236,6.86,6.55,6.55,,,BISHAN STREET 11,11.255
bishan_street_11,Bishan Street 11,782.0,30298.888,36452.696,6.253,6.253,6.253,-5.693,1.0,BISHAN STREET 11,11.238
bishan_street_11,Bishan Street 11,784.0,30296.942,36453.156,6.246,6.246,6.253,-1.162,1.0,BISHAN STREET 11,11.222
bishan_street_11,Bishan Street 11,786.0,30294.995,36453.616,6.253,6.253,6.253,3.37,1.0,BISHAN STREET 11,11.206
bishan_street_11,Bishan Street 11,788.0,30293.044,36454.054,6.938,6.498,6.498,3.807,1.0,BISHAN STREET 11,11.212
bishan_street_11,Bishan Street 11,790.0,30291.092,36454.489,6.743,6.743,6.523,3.807,1.0,BISHAN STREET 11,11.222
bishan_street_11,Bishan Street 11,792.0,30289.14,36454.924,6.523,6.523,6.558,1.904,1.0,BISHAN STREET 11,11.232
bishan_street_11,Bishan Street 11,794.0,30287.187,36455.358,6.568,6.568,6.558,-0.0,1.0,BISHAN STREET 11,11.241
bishan_street_11,Bishan Street 11,796.0,30285.235,36455.794,6.558,6.558,6.523,-0.438,1.0,BISHAN STREET 11,11.25
bishan_street_11,Bishan Street 11,798.0,30283.285,36456.235,6.473,6.473,6.523,-0.438,1.0,BISHAN STREET 11,11.253
bishan_street_11,Bishan Street 11,800.0,30281.334,36456.676,6.483,6.483,6.523,0.625,1.0,BISHAN STREET 11,11.256
bishan_street_11,Bishan Street 11,802.0,30279.383,36457.118,6.523,6.523,6.523,1.188,1.0,BISHAN STREET 11,11.259
bishan_street_11,Bishan Street 11,804.0,30277.433,36457.559,6.573,6.573,6.573,2.234,1.0,BISHAN STREET 11,11.262
bishan_street_11,Bishan Street 11,806.0,30275.482,36458.0,6.618,6.618,6.618,3.281,1.0,BISHAN STREET 11,11.265
bishan_street_11,Bishan Street 11,808.0,30273.531,36458.441,6.928,6.785,6.785,,,BISHAN STREET 11,11.268
bishan_street_11,Bishan Street 11,810.0,30271.58,36458.881,6.953,6.953,6.785,,,BISHAN STREET 11,11.272
bishan_street_11,Bishan Street 11,812.0,30269.629,36459.321,8.868,6.867,6.785,,,BISHAN STREET 11,11.277
bishan_street_11,Bishan Street 11,814.0,30267.678,36459.76,8.265,6.782,6.782,-0.774,1.0,BISHAN STREET 11,11.282
bishan_street_11,Bishan Street 11,816.0,30265.727,36460.2,6.586,6.696,6.723,,,BISHAN STREET 11,11.287
bishan_street_11,Bishan Street 11,818.0,30263.776,36460.639,6.611,6.611,6.723,,,BISHAN STREET 11,11.292
bishan_street_11,Bishan Street 11,820.0,30261.824,36461.078,6.723,6.723,6.723,,,BISHAN STREET 11,11.297
bishan_street_11,Bishan Street 11,822.0,30259.873,36461.518,6.748,6.748,6.723,0.221,1.0,BISHAN STREET 11,11.302
bishan_street_11,Bishan Street 11,824.0,30257.922,36461.957,6.817,6.817,6.723,,,BISHAN STREET 11,11.307
bishan_street_11,Bishan Street 11,826.0,30255.971,36462.397,6.702,6.702,6.741,,,BISHAN STREET 11,11.312
bishan_street_11,Bishan Street 11,828.0,30254.02,36462.836,7.382,6.721,6.741,-0.0,1.0,BISHAN STREET 11,11.317
bishan_street_11,Bishan Street 11,830.0,30252.069,36463.275,6.844,6.741,6.723,-0.221,1.0,BISHAN STREET 11,11.321
bishan_street_11,Bishan Street 11,832.0,30250.118,36463.715,6.761,6.761,6.723,,,BISHAN STREET 11,11.326
bishan_street_11,Bishan Street 11,834.0,30248.175,36464.19,6.723,6.723,6.723,,,BISHAN STREET 11,11.295
bishan_street_11,Bishan Street 11,836.0,30246.232,36464.664,6.686,6.686,6.719,-0.052,1.0,BISHAN STREET 11,11.264
bishan_street_11,Bishan Street 11,838.0,30244.289,36465.138,6.707,6.707,6.719,0.469,1.0,BISHAN STREET 11,11.233
bishan_street_11,Bishan Street 11,840.0,30242.346,36465.613,6.719,6.719,6.719,0.573,1.0,BISHAN STREET 11,11.201
bishan_street_11,Bishan Street 11,842.0,30240.403,36466.086,6.761,6.761,6.761,3.594,1.0,BISHAN STREET 11,11.172
bishan_street_11,Bishan Street 11,844.0,30238.455,36466.54,6.765,6.765,6.765,4.375,1.0,BISHAN STREET 11,11.162
bishan_street_11,Bishan Street 11,846.0,30236.507,36466.993,7.007,7.007,7.007,3.958,1.0,BISHAN STREET 11,11.152
bishan_street_11,Bishan Street 11,848.0,30234.559,36467.447,7.078,7.078,7.069,4.271,1.0,BISHAN STREET 11,11.143
bishan_street_11,Bishan Street 11,850.0,30232.611,36467.9,7.069,7.069,7.078,4.01,1.0,BISHAN STREET 11,11.133
bishan_street_11,Bishan Street 11,852.0,30230.663,36468.354,7.107,7.107,7.107,3.75,1.0,BISHAN STREET 11,11.123
bishan_street_11,Bishan Street 11,854.0,30228.715,36468.806,7.482,7.238,7.238,6.562,1.0,BISHAN STREET 11,11.115
bishan_street_11,Bishan Street 11,856.0,30226.761,36469.23,7.369,7.369,7.369,7.969,1.0,BISHAN STREET 11,11.136
bishan_street_11,Bishan Street 11,858.0,30224.806,36469.654,7.603,7.603,7.603,6.328,1.0,BISHAN STREET 11,11.157
bishan_street_11,Bishan Street 11,860.0,30222.852,36470.078,7.761,7.761,7.744,4.687,1.0,BISHAN STREET 11,11.177
bishan_street_11,Bishan Street 11,862.0,30220.897,36470.503,7.744,7.744,7.744,1.771,1.0,BISHAN STREET 11,11.197
bishan_street_11,Bishan Street 11,864.0,30218.946,36470.94,7.744,7.744,7.744,-0.417,1.0,BISHAN STREET 11,11.204
bishan_street_11,Bishan Street 11,866.0,30216.994,36471.377,7.711,7.711,7.744,-0.833,1.0,BISHAN STREET 11,11.211
bishan_street_11,Bishan Street 11,868.0,30215.042,36471.814,7.503,7.503,7.711,-0.833,1.0,BISHAN STREET 11,11.219
bishan_street_11,Bishan Street 11,870.0,30213.091,36472.251,7.765,7.765,7.678,-0.833,1.0,BISHAN STREET 11,11.226
bishan_street_11,Bishan Street 11,872.0,30211.139,36472.689,7.678,7.678,7.678,-0.417,1.0,BISHAN STREET 11,11.233
bishan_street_11,Bishan Street 11,874.0,30209.187,36473.126,7.678,7.678,7.678,,,BISHAN STREET 11,11.24
bishan_street_11,Bishan Street 11,876.0,30207.236,36473.563,7.426,7.426,7.678,,,BISHAN STREET 11,11.248
bishan_street_11,Bishan Street 11,878.0,30205.284,36474.0,7.416,7.677,7.678,6.169,1.0,BISHAN STREET 11,11.255
bishan_street_11,Bishan Street 11,880.0,30203.332,36474.437,7.466,7.928,7.928,6.273,1.0,BISHAN STREET 11,11.262
bishan_street_11,Bishan Street 11,882.0,30201.381,36474.874,8.18,8.18,8.171,,,BISHAN STREET 11,11.269
bishan_street_11,Bishan Street 11,884.0,30199.429,36475.311,8.171,8.171,8.18,,,BISHAN STREET 11,11.276
bishan_street_11,Bishan Street 11,886.0,30197.478,36475.749,8.18,8.18,8.18,,,BISHAN STREET 11,11.284
bishan_street_11,Bishan Street 11,888.0,30195.526,36476.186,8.425,8.425,8.425,,,BISHAN STREET 11,11.291
bishan_street_11,Bishan Street 11,890.0,30193.562,36476.566,7.917,8.475,8.475,4.478,1.0,BISHAN STREET 11,11.356
bishan_street_11,Bishan Street 11,892.0,30191.597,36476.933,8.321,8.524,8.524,1.405,1.0,BISHAN STREET 11,11.435
bishan_street_11,Bishan Street 11,894.0,30189.631,36477.301,8.573,8.573,8.538,,,BISHAN STREET 11,11.513
bishan_street_11,Bishan Street 11,896.0,30187.665,36477.668,8.538,8.538,8.538,,,BISHAN STREET 11,11.591
bishan_street_11,Bishan Street 11,898.0,30185.699,36478.036,8.542,8.542,8.538,-2.7,1.0,BISHAN STREET 11,11.669
bishan_street_11,Bishan Street 11,900.0,30183.731,36478.396,8.367,8.367,8.367,-2.7,1.0,BISHAN STREET 11,11.755
bishan_street_11,Bishan Street 11,902.0,30181.761,36478.741,8.078,8.078,8.322,,,BISHAN STREET 11,11.856
bishan_street_11,Bishan Street 11,904.0,30179.791,36479.086,8.118,8.118,8.322,,,BISHAN STREET 11,11.958
bishan_street_11,Bishan Street 11,906.0,30177.821,36479.43,8.068,8.322,8.322,,,BISHAN STREET 11,12.059
bishan_street_11,Bishan Street 11,908.0,30175.851,36479.775,7.738,8.599,8.599,,,BISHAN STREET 11,12.16
bishan_street_11,Bishan Street 11,910.0,30173.881,36480.12,7.788,8.876,8.876,,,BISHAN STREET 11,12.261
bishan_street_11,Bishan Street 11,912.0,30171.913,36480.472,9.061,9.154,9.154,,,BISHAN STREET 11,12.356
bishan_street_11,Bishan Street 11,914.0,30169.962,36480.914,9.354,9.543,9.543,,,BISHAN STREET 11,12.358
bishan_street_11,Bishan Street 11,916.0,30168.011,36481.355,10.145,9.932,9.932,,,BISHAN STREET 11,12.443
bishan_street_11,Bishan Street 11,946.0,30138.752,36487.98,12.895,10.321,10.321,,,BISHAN STREET 11,14.573
bishan_street_11,Bishan Street 11,948.0,30136.801,36488.421,13.856,,10.71,,,BISHAN STREET 11,14.715
bishan_street_11,Bishan Street 11,950.0,30134.851,36488.863,12.88,,11.098,,,BISHAN STREET 11,14.858
bishan_street_11,Bishan Street 11,952.0,30132.9,36489.305,12.647,11.487,11.487,,,BISHAN STREET 11,15.0
bishan_street_11,Bishan Street 11,954.0,30130.949,36489.746,14.434,11.876,11.876,,,BISHAN STREET 11,15.142
bishan_street_11,Bishan Street 11,956.0,30128.999,36490.188,11.859,12.265,12.265,,,BISHAN STREET 11,15.284
bishan_street_11,Bishan Street 11,958.0,30127.181,36490.991,10.972,12.654,12.654,,,BISHAN STREET 11,15.042
bishan_street_11,Bishan Street 11,960.0,30125.407,36491.915,12.861,12.855,12.855,,,BISHAN STREET 11,14.671
bishan_street_11,Bishan Street 11,962.0,30123.633,36492.839,13.056,13.056,13.056,,,BISHAN STREET 11,14.3
bishan_street_11,Bishan Street 11,964.0,30121.86,36493.764,13.306,13.306,13.056,,,BISHAN STREET 11,14.068
bishan_street_11,Bishan Street 11,966.0,30120.086,36494.688,15.421,13.097,13.056,-4.687,1.0,BISHAN STREET 11,13.925
bishan_street_11,Bishan Street 11,968.0,30118.313,36495.612,13.581,12.889,12.889,,,BISHAN STREET 11,13.782
bishan_street_11,Bishan Street 11,970.0,30116.533,36496.525,12.681,12.681,12.681,,,BISHAN STREET 11,13.651
bishan_street_11,Bishan Street 11,972.0,30114.729,36497.389,11.316,12.502,12.502,,,BISHAN STREET 11,13.588
bishan_street_11,Bishan Street 11,974.0,30112.925,36498.252,12.126,12.324,12.324,-5.208,1.0,BISHAN STREET 11,13.741
bishan_street_11,Bishan Street 11,976.0,30111.121,36499.116,12.145,12.145,12.264,,,BISHAN STREET 11,13.998
bishan_street_11,Bishan Street 11,978.0,30109.668,36500.461,12.183,12.183,12.264,,,BISHAN STREET 11,13.66
bishan_street_11,Bishan Street 11,980.0,30108.294,36501.914,12.264,12.264,12.264,1.25,1.0,BISHAN STREET 11,13.189
bishan_street_11,Bishan Street 11,982.0,30106.92,36503.367,12.364,12.364,12.339,1.563,1.0,BISHAN STREET 11,12.734
bishan_street_11,Bishan Street 11,984.0,30105.546,36504.82,12.339,12.339,12.364,,,BISHAN STREET 11,12.455
bishan_street_11,Bishan Street 11,986.0,30104.171,36506.273,12.389,12.389,12.389,,,BISHAN STREET 11,12.199
bishan_street_11,Bishan Street 11,988.0,30102.797,36507.726,12.445,12.572,12.572,,,BISHAN STREET 11,11.944
bishan_street_11,Bishan Street 11,990.0,30101.423,36509.179,13.633,12.756,12.756,,,BISHAN STREET 11,11.688
bishan_street_11,Bishan Street 11,992.0,30100.049,36510.632,13.264,13.0,13.0,,,BISHAN STREET 11,11.586
bishan_street_11,Bishan Street 11,994.0,30098.675,36512.086,15.795,13.244,13.244,,,BISHAN STREET 11,11.561
bishan_street_11,Bishan Street 11,996.0,30097.3,36513.539,13.489,13.489,13.244,,,BISHAN STREET 11,11.535
bishan_street_11,Bishan Street 11,998.0,30095.926,36514.992,15.089,13.281,13.244,,,BISHAN STREET 11,11.509
bishan_street_11,Bishan Street 11,1000.0,30094.552,36516.445,13.82,13.072,13.072,,,BISHAN STREET 11,11.573
bishan_street_11,Bishan Street 11,1002.0,30093.178,36517.898,15.358,12.911,12.911,,,BISHAN STREET 11,11.863
bishan_street_11,Bishan Street 11,1004.0,30091.804,36519.351,13.22,12.75,12.75,,,BISHAN STREET 11,12.161
bishan_street_11,Bishan Street 11,1006.0,30090.429,36520.804,13.233,12.589,12.589,,,BISHAN STREET 11,12.459
bishan_street_11,Bishan Street 11,1008.0,30089.162,36522.348,10.052,12.428,12.428,,,BISHAN STREET 11,12.617
bishan_street_11,Bishan Street 11,1010.0,30087.959,36523.945,10.036,12.267,12.267,,,BISHAN STREET 11,12.747
bishan_street_11,Bishan Street 11,1012.0,30086.755,36525.542,10.069,12.106,12.106,,,BISHAN STREET 11,12.888
bishan_street_11,Bishan Street 11,1014.0,30085.592,36527.168,10.186,,11.945,,,BISHAN STREET 11,12.979
bishan_street_11,Bishan Street 11,1016.0,30084.537,36528.867,10.261,,11.784,,,BISHAN STREET 11,12.94
bishan_street_11,Bishan Street 11,1018.0,30083.482,36530.566,10.286,,11.624,,,BISHAN STREET 11,12.901
bishan_street_11,Bishan Street 11,1020.0,30082.427,36532.265,13.545,,11.463,,,BISHAN STREET 11,12.862
bishan_street_11,Bishan Street 11,1022.0,30081.372,36533.964,13.739,11.302,11.302,,,BISHAN STREET 11,12.823
bishan_street_11,Bishan Street 11,1024.0,30080.314,36535.661,13.645,11.141,11.141,,,BISHAN STREET 11,12.788
bishan_street_11,Bishan Street 11,1026.0,30079.243,36537.35,13.601,10.98,10.98,,,BISHAN STREET 11,12.767
bishan_street_11,Bishan Street 11,1028.0,30078.172,36539.04,10.277,10.819,10.819,,,BISHAN STREET 11,12.747
bishan_street_11,Bishan Street 11,1030.0,30077.101,36540.729,10.319,10.658,10.658,,,BISHAN STREET 11,12.726
bishan_street_11,Bishan Street 11,1032.0,30076.031,36542.418,10.319,10.497,10.497,,,BISHAN STREET 11,12.706
bishan_street_11,Bishan Street 11,1034.0,30074.961,36544.108,10.336,10.336,10.452,,,BISHAN STREET 11,12.684
bishan_street_11,Bishan Street 11,1036.0,30073.897,36545.801,11.727,10.394,10.452,,,BISHAN STREET 11,12.655
bishan_street_11,Bishan Street 11,1038.0,30072.832,36547.494,10.419,10.452,10.452,1.042,1.0,BISHAN STREET 11,12.627
bishan_street_11,Bishan Street 11,1040.0,30071.768,36549.188,10.511,10.511,10.511,,,BISHAN STREET 11,12.599
bishan_street_11,Bishan Street 11,1042.0,30070.704,36550.881,10.536,10.536,10.536,,,BISHAN STREET 11,12.571
bishan_street_11,Bishan Street 11,1044.0,30069.609,36552.554,10.661,10.661,10.661,,,BISHAN STREET 11,12.58
bishan_street_11,Bishan Street 11,1046.0,30068.493,36554.214,10.686,10.686,10.686,,,BISHAN STREET 11,12.613
bishan_street_11,Bishan Street 11,1048.0,30067.377,36555.874,10.636,10.829,10.829,,,BISHAN STREET 11,12.646
bishan_street_11,Bishan Street 11,1050.0,30066.261,36557.534,11.019,10.972,10.972,,,BISHAN STREET 11,12.68
bishan_street_11,Bishan Street 11,1052.0,30065.145,36559.193,10.761,11.214,11.214,,,BISHAN STREET 11,12.713
bishan_street_11,Bishan Street 11,1054.0,30064.029,36560.853,12.744,11.457,11.457,,,BISHAN STREET 11,12.746
bishan_street_11,Bishan Street 11,1056.0,30062.913,36562.513,11.982,11.699,11.699,,,BISHAN STREET 11,12.78
bishan_street_11,Bishan Street 11,1058.0,30061.797,36564.173,13.694,11.941,11.699,,,BISHAN STREET 11,12.813
bishan_street_11,Bishan Street 11,1060.0,30060.682,36565.832,11.901,11.721,11.699,,,BISHAN STREET 11,12.846
bishan_street_11,Bishan Street 11,1062.0,30059.566,36567.492,12.076,11.502,11.502,-5.214,1.0,BISHAN STREET 11,12.88
bishan_street_11,Bishan Street 11,1064.0,30058.45,36569.152,11.282,11.282,11.332,,,BISHAN STREET 11,12.913
bishan_street_11,Bishan Street 11,1066.0,30057.334,36570.812,11.332,11.332,11.282,,,BISHAN STREET 11,12.946
bishan_street_11,Bishan Street 11,1068.0,30056.218,36572.471,11.244,11.244,11.282,-0.391,1.0,BISHAN STREET 11,12.979
bishan_street_11,Bishan Street 11,1070.0,30055.102,36574.131,11.269,11.269,11.301,0.234,1.0,BISHAN STREET 11,13.013
bishan_street_11,Bishan Street 11,1072.0,30053.986,36575.791,11.301,11.301,11.301,,,BISHAN STREET 11,13.046
bishan_street_11,Bishan Street 11,1074.0,30052.87,36577.451,11.301,11.301,11.301,,,BISHAN STREET 11,13.079
bishan_street_11,Bishan Street 11,1076.0,30051.755,36579.11,12.088,11.482,11.482,3.626,1.0,BISHAN STREET 11,13.113
bishan_street_11,Bishan Street 11,1078.0,30050.639,36580.77,12.101,11.664,11.591,3.626,1.0,BISHAN STREET 11,13.146
bishan_street_11,Bishan Street 11,1080.0,30049.523,36582.43,13.736,11.846,11.591,,,BISHAN STREET 11,13.179
bishan_street_11,Bishan Street 11,1082.0,30048.407,36584.09,13.769,11.591,11.591,,,BISHAN STREET 11,13.213
bishan_street_11,Bishan Street 11,1084.0,30047.291,36585.75,11.336,11.336,11.436,-1.937,1.0,BISHAN STREET 11,13.246
bishan_street_11,Bishan Street 11,1086.0,30046.13,36587.377,11.369,11.369,11.436,-1.312,1.0,BISHAN STREET 11,13.334
bishan_street_11,Bishan Street 11,1088.0,30044.919,36588.969,11.436,11.436,11.436,1.042,1.0,BISHAN STREET 11,13.484
bishan_street_11,Bishan Street 11,1090.0,30043.709,36590.561,11.486,11.486,11.486,,,BISHAN STREET 11,13.634
bishan_street_11,Bishan Street 11,1092.0,30042.498,36592.153,11.519,11.519,11.519,,,BISHAN STREET 11,13.784
bishan_street_11,Bishan Street 11,1094.0,30041.287,36593.744,11.325,11.708,11.708,,,BISHAN STREET 11,13.999
bishan_street_11,Bishan Street 11,1096.0,30040.076,36595.336,12.436,11.897,11.897,,,BISHAN STREET 11,14.257
bishan_street_11,Bishan Street 11,1098.0,30038.865,36596.928,12.469,12.058,11.969,,,BISHAN STREET 11,14.515
bishan_street_11,Bishan Street 11,1100.0,30037.654,36598.52,12.452,12.219,11.969,,,BISHAN STREET 11,14.773
bishan_street_11,Bishan Street 11,1102.0,30036.444,36600.112,11.969,11.969,11.969,,,BISHAN STREET 11,15.031
bishan_street_11,Bishan Street 11,1104.0,30035.233,36601.703,11.836,11.836,11.886,,,BISHAN STREET 11,15.288
bishan_street_11,Bishan Street 11,1106.0,30034.022,36603.295,11.861,11.861,11.886,-0.208,1.0,BISHAN STREET 11,15.546
bishan_street_11,Bishan Street 11,1108.0,30032.811,36604.887,11.886,11.886,11.886,1.033,1.0,BISHAN STREET 11,15.772
bishan_street_11,Bishan Street 11,1110.0,30031.6,36606.479,12.069,12.069,11.952,,,BISHAN STREET 11,15.853
bishan_street_11,Bishan Street 11,1112.0,30030.389,36608.071,11.952,11.952,11.968,,,BISHAN STREET 11,15.934
bishan_street_11,Bishan Street 11,1114.0,30029.179,36609.663,12.727,11.968,11.984,0.2,1.0,BISHAN STREET 11,15.982
bishan_street_11,Bishan Street 11,1116.0,30027.968,36611.254,12.702,11.984,11.968,-1.163,1.0,BISHAN STREET 11,15.778
bishan_street_11,Bishan Street 11,1118.0,30026.757,36612.846,12.0,12.0,11.968,,,BISHAN STREET 11,15.573
bishan_street_11,Bishan Street 11,1120.0,30025.546,36614.438,11.875,11.875,11.875,,,BISHAN STREET 11,15.318
bishan_street_11,Bishan Street 11,1122.0,30024.335,36616.03,11.725,11.725,11.725,-7.101,1.0,BISHAN STREET 11,14.852
bishan_street_11,Bishan Street 11,1124.0,30023.124,36617.622,11.6,11.6,11.6,-8.125,1.0,BISHAN STREET 11,14.386
bishan_street_11,Bishan Street 11,1126.0,30021.913,36619.213,11.4,11.4,11.4,-6.25,1.0,BISHAN STREET 11,13.889
bishan_street_11,Bishan Street 11,1128.0,30020.703,36620.805,11.225,11.225,11.225,-4.688,1.0,BISHAN STREET 11,13.16
bishan_street_11,Bishan Street 11,1130.0,30019.481,36622.383,11.2,11.2,11.225,-2.187,1.0,BISHAN STREET 11,12.45
bishan_street_11,Bishan Street 11,1132.0,30017.662,36623.215,11.2,11.2,11.225,0.312,1.0,BISHAN STREET 11,12.686
bishan_street_11,Bishan Street 11,1134.0,30015.843,36624.047,11.225,11.225,11.225,0.312,1.0,BISHAN STREET 11,12.713
bishan_street_11,Bishan Street 11,1136.0,30014.024,36624.878,11.25,11.25,11.25,,,BISHAN STREET 11,12.702
bishan_street_11,Bishan Street 11,1138.0,30012.205,36625.71,11.25,11.25,11.25,,,BISHAN STREET 11,12.69
bishan_street_11,Bishan Street 11,1140.0,30010.324,36626.358,11.575,11.472,11.472,,,BISHAN STREET 11,12.648
bishan_street_11,Bishan Street 11,1142.0,30008.375,36626.808,11.275,11.693,11.693,,,BISHAN STREET 11,12.74
bishan_street_11,Bishan Street 11,1144.0,30006.426,36627.257,12.136,11.914,11.693,,,BISHAN STREET 11,12.833
bishan_street_11,Bishan Street 11,1146.0,30004.477,36627.707,12.136,11.726,11.693,,,BISHAN STREET 11,12.882
bishan_street_11,Bishan Street 11,1148.0,30002.529,36628.156,12.152,11.538,11.538,,,BISHAN STREET 11,12.864
bishan_street_11,Bishan Street 11,1150.0,30000.58,36628.606,11.35,11.35,11.363,,,BISHAN STREET 11,12.847
bishan_street_11,Bishan Street 11,1152.0,29998.631,36629.055,11.35,11.35,11.363,,,BISHAN STREET 11,12.83
bishan_street_11,Bishan Street 11,1154.0,29996.682,36629.504,11.363,11.363,11.363,0.156,1.0,BISHAN STREET 11,12.813
bishan_street_11,Bishan Street 11,1156.0,29994.733,36629.954,11.375,11.375,11.375,0.156,1.0,BISHAN STREET 11,12.795
bishan_street_11,Bishan Street 11,1158.0,29992.784,36630.403,11.375,11.375,11.375,0.156,1.0,BISHAN STREET 11,12.778
bishan_street_11,Bishan Street 11,1160.0,29990.836,36630.853,11.375,11.375,11.375,0.0,1.0,BISHAN STREET 11,12.761
bishan_street_11,Bishan Street 11,1162.0,29988.887,36631.302,11.4,11.4,11.375,0.0,1.0,BISHAN STREET 11,12.743
bishan_street_11,Bishan Street 11,1164.0,29986.938,36631.752,11.375,11.375,11.375,-0.625,1.0,BISHAN STREET 11,12.726
bishan_street_11,Bishan Street 11,1166.0,29984.989,36632.201,11.375,11.375,11.375,-0.625,1.0,BISHAN STREET 11,12.709
bishan_street_11,Bishan Street 11,1168.0,29983.047,36632.675,11.325,11.325,11.325,-1.25,1.0,BISHAN STREET 11,12.666
bishan_street_11,Bishan Street 11,1170.0,29981.123,36633.224,11.325,11.325,11.325,-1.562,1.0,BISHAN STREET 11,12.546
bishan_street_11,Bishan Street 11,1172.0,29979.2,36633.772,11.275,11.275,11.275,-1.25,1.0,BISHAN STREET 11,12.427
bishan_street_11,Bishan Street 11,1174.0,29977.277,36634.321,11.25,11.25,11.25,-1.562,1.0,BISHAN STREET 11,12.308
bishan_street_11,Bishan Street 11,1176.0,29975.353,36634.87,11.225,11.225,11.225,-1.25,1.0,BISHAN STREET 11,12.189
bishan_street_11,Bishan Street 11,1178.0,29973.43,36635.418,15.925,11.2,11.2,-1.25,1.0,BISHAN STREET 11,12.07
bishan_street_11,Bishan Street 11,1180.0,29971.493,36635.911,11.175,11.175,11.175,-1.25,1.0,BISHAN STREET 11,12.009
bishan_street_11,Bishan Street 11,1182.0,29969.534,36636.312,11.15,11.15,11.15,-1.25,1.0,BISHAN STREET 11,12.042
bishan_street_11,Bishan Street 11,1184.0,29967.574,36636.713,11.125,11.125,11.125,-1.25,1.0,BISHAN STREET 11,12.074
bishan_street_11,Bishan Street 11,1186.0,29965.615,36637.113,11.1,11.1,11.1,-1.562,1.0,BISHAN STREET 11,12.107
bishan_street_11,Bishan Street 11,1188.0,29963.655,36637.514,11.075,11.075,11.075,-1.25,1.0,BISHAN STREET 11,12.14
bishan_street_11,Bishan Street 11,1190.0,29961.697,36637.921,11.025,11.025,11.025,-0.938,1.0,BISHAN STREET 11,12.167
bishan_street_11,Bishan Street 11,1192.0,29959.744,36638.352,11.0,11.0,11.025,,,BISHAN STREET 11,12.169
bishan_street_11,Bishan Street 11,1194.0,29957.791,36638.783,10.95,10.95,11.025,,,BISHAN STREET 11,12.171
bishan_street_11,Bishan Street 11,1196.0,29955.838,36639.215,10.925,11.104,11.104,,,BISHAN STREET 11,12.173
bishan_street_11,Bishan Street 11,1198.0,29953.885,36639.646,10.875,11.384,11.384,,,BISHAN STREET 11,12.175
bishan_street_11,Bishan Street 11,1200.0,29951.933,36640.077,10.825,11.663,11.663,,,BISHAN STREET 11,12.177
bishan_street_11,Bishan Street 11,1202.0,29949.98,36640.508,10.8,11.998,11.998,,,BISHAN STREET 11,12.179
bishan_street_11,Bishan Street 11,1204.0,29948.027,36640.94,10.75,12.332,12.332,,,BISHAN STREET 11,12.181
bishan_street_11,Bishan Street 11,1206.0,29946.074,36641.371,13.738,12.667,12.667,,,BISHAN STREET 11,12.183
bishan_street_11,Bishan Street 11,1208.0,29944.121,36641.802,16.738,13.002,13.002,,,BISHAN STREET 11,12.185
bishan_street_11,Bishan Street 11,1210.0,29942.168,36642.233,13.688,13.336,13.336,,,BISHAN STREET 11,12.186
bishan_street_11,Bishan Street 11,1212.0,29940.215,36642.665,13.671,13.671,13.638,,,BISHAN STREET 11,12.188
bishan_street_11,Bishan Street 11,1214.0,29938.262,36643.096,13.638,13.638,13.652,,,BISHAN STREET 11,12.19
bishan_street_11,Bishan Street 11,1216.0,29936.318,36643.566,13.904,13.904,13.652,0.183,1.0,BISHAN STREET 11,12.152
bishan_street_11,Bishan Street 11,1218.0,29934.374,36644.038,17.088,13.652,13.649,,,BISHAN STREET 11,12.113
bishan_street_11,Bishan Street 11,1220.0,29932.431,36644.509,13.4,13.4,13.652,,,BISHAN STREET 11,12.073
bishan_street_11,Bishan Street 11,1222.0,29930.487,36644.98,14.804,13.649,13.652,,,BISHAN STREET 11,12.034
bishan_street_11,Bishan Street 11,1224.0,29928.543,36645.452,13.504,13.898,13.898,,,BISHAN STREET 11,11.995
bishan_street_11,Bishan Street 11,1226.0,29926.598,36645.915,14.53,14.146,14.146,,,BISHAN STREET 11,11.964
bishan_street_11,Bishan Street 11,1228.0,29924.647,36646.355,16.083,14.395,14.395,,,BISHAN STREET 11,11.957
bishan_street_11,Bishan Street 11,1230.0,29922.696,36646.795,14.933,14.644,14.395,,,BISHAN STREET 11,11.95
bishan_street_11,Bishan Street 11,1232.0,29920.745,36647.235,16.568,14.426,14.395,,,BISHAN STREET 11,11.943
bishan_street_11,Bishan Street 11,1234.0,29918.794,36647.675,16.623,14.207,14.207,,,BISHAN STREET 11,11.935
bishan_street_11,Bishan Street 11,1236.0,29916.843,36648.115,14.813,13.731,13.731,,,BISHAN STREET 11,11.928
bishan_street_11,Bishan Street 11,1238.0,29914.884,36648.521,13.163,13.255,13.255,,,BISHAN STREET 11,11.956
bishan_street_11,Bishan Street 11,1240.0,29912.925,36648.92,12.428,12.779,12.779,,,BISHAN STREET 11,11.991
bishan_street_11,Bishan Street 11,1242.0,29910.965,36649.318,12.443,,12.302,,,BISHAN STREET 11,12.026
bishan_street_11,Bishan Street 11,1244.0,29909.001,36649.699,10.03,,11.826,,,BISHAN STREET 11,12.08
bishan_street_11,Bishan Street 11,1246.0,29907.034,36650.061,10.271,11.35,11.35,,,BISHAN STREET 11,12.153
bishan_street_11,Bishan Street 11,1248.0,29905.067,36650.423,10.201,10.874,10.874,,,BISHAN STREET 11,12.225
bishan_street_11,Bishan Street 11,1250.0,29903.1,36650.785,10.026,10.397,10.397,,,BISHAN STREET 11,12.298
bishan_street_11,Bishan Street 11,1252.0,29901.133,36651.146,9.921,9.921,10.036,,,BISHAN STREET 11,12.371
bishan_street_11,Bishan Street 11,1254.0,29899.166,36651.508,9.821,9.821,9.941,,,BISHAN STREET 11,12.443
bishan_street_11,Bishan Street 11,1256.0,29897.212,36651.931,10.036,10.036,9.941,-0.629,1.0,BISHAN STREET 11,12.454
bishan_street_11,Bishan Street 11,1258.0,29895.257,36652.355,9.941,9.941,9.976,,,BISHAN STREET 11,12.463
bishan_street_11,Bishan Street 11,1260.0,29893.303,36652.779,9.976,9.976,9.986,,,BISHAN STREET 11,12.472
bishan_street_11,Bishan Street 11,1262.0,29891.348,36653.203,11.416,9.986,9.986,0.362,1.0,BISHAN STREET 11,12.481
bishan_street_11,Bishan Street 11,1264.0,29889.394,36653.628,9.935,9.996,9.996,1.867,1.0,BISHAN STREET 11,12.491
bishan_street_11,Bishan Street 11,1266.0,29887.439,36654.052,10.005,10.005,10.005,,,BISHAN STREET 11,12.5
bishan_street_11,Bishan Street 11,1268.0,29885.485,36654.476,13.34,10.135,10.135,,,BISHAN STREET 11,12.509
bishan_street_11,Bishan Street 11,1270.0,29883.53,36654.9,10.265,10.265,10.185,3.25,1.0,BISHAN STREET 11,12.518
bishan_street_11,Bishan Street 11,1272.0,29881.576,36655.324,10.23,10.23,10.23,4.289,1.0,BISHAN STREET 11,12.527
bishan_street_11,Bishan Street 11,1274.0,29879.621,36655.748,10.185,10.185,10.265,,,BISHAN STREET 11,12.537
bishan_street_11,Bishan Street 11,1276.0,29877.666,36656.172,10.478,10.478,10.478,,,BISHAN STREET 11,12.546
bishan_street_11,Bishan Street 11,1278.0,29875.712,36656.596,11.028,10.504,10.504,,,BISHAN STREET 11,12.555
bishan_street_11,Bishan Street 11,1280.0,29873.757,36657.02,9.678,10.529,10.529,,,BISHAN STREET 11,12.564
bishan_street_11,Bishan Street 11,1282.0,29871.803,36657.444,9.77,10.554,10.554,,,BISHAN STREET 11,12.574
bishan_street_11,Bishan Street 11,1284.0,29869.848,36657.869,10.14,10.58,10.554,,,BISHAN STREET 11,12.583
bishan_street_11,Bishan Street 11,1286.0,29867.894,36658.293,10.605,10.605,10.554,,,BISHAN STREET 11,12.592
bishan_street_11,Bishan Street 11,1288.0,29865.939,36658.717,10.375,10.375,10.375,,,BISHAN STREET 11,12.601
bishan_street_11,Bishan Street 11,1290.0,29863.985,36659.141,11.32,10.289,10.289,,,BISHAN STREET 11,12.61
bishan_street_11,Bishan Street 11,1292.0,29862.03,36659.565,12.17,10.203,10.203,,,BISHAN STREET 11,12.62
bishan_street_11,Bishan Street 11,1294.0,29860.076,36659.989,10.62,10.117,10.117,,,BISHAN STREET 11,12.629
bishan_street_11,Bishan Street 11,1296.0,29858.121,36660.413,9.987,10.031,10.031,,,BISHAN STREET 11,12.638
bishan_street_11,Bishan Street 11,1298.0,29856.167,36660.837,9.945,9.945,9.999,,,BISHAN STREET 11,12.647
bishan_street_11,Bishan Street 11,1300.0,29854.212,36661.261,9.999,9.999,9.946,,,BISHAN STREET 11,12.656
bishan_street_11,Bishan Street 11,1302.0,29852.258,36661.685,9.287,9.946,9.946,,,BISHAN STREET 11,12.663
bishan_street_11,Bishan Street 11,1328.0,29826.849,36667.199,9.435,9.893,9.999,,,BISHAN STREET 11,12.671
bishan_street_11,Bishan Street 11,1330.0,29824.894,36667.623,9.84,10.139,10.139,,,BISHAN STREET 11,12.68
bishan_street_11,Bishan Street 11,1332.0,29822.94,36668.047,9.98,10.386,10.386,,,BISHAN STREET 11,12.689
bishan_street_11,Bishan Street 11,1334.0,29820.985,36668.471,9.06,10.632,10.632,,,BISHAN STREET 11,12.697
bishan_street_11,Bishan Street 11,1336.0,29819.031,36668.895,12.74,10.878,10.878,,,BISHAN STREET 11,12.706
bishan_street_11,Bishan Street 11,1338.0,29817.078,36669.325,9.11,11.124,11.124,,,BISHAN STREET 11,12.708
bishan_street_11,Bishan Street 11,1340.0,29815.132,36669.787,9.34,11.37,11.288,,,BISHAN STREET 11,12.678
bishan_street_11,Bishan Street 11,1342.0,29813.186,36670.249,13.63,11.329,11.288,,,BISHAN STREET 11,12.648
bishan_street_11,Bishan Street 11,1344.0,29811.24,36670.711,12.905,11.288,11.288,,,BISHAN STREET 11,12.618
bishan_street_11,Bishan Street 11,1346.0,29809.294,36671.173,12.91,11.247,11.247,,,BISHAN STREET 11,12.588
bishan_street_11,Bishan Street 11,1348.0,29807.348,36671.635,8.99,11.205,11.205,,,BISHAN STREET 11,12.558
bishan_street_11,Bishan Street 11,1350.0,29805.404,36672.103,9.465,11.164,11.205,,,BISHAN STREET 11,12.522
bishan_street_11,Bishan Street 11,1352.0,29803.467,36672.603,10.94,11.123,11.205,,,BISHAN STREET 11,12.453
bishan_street_11,Bishan Street 11,1354.0,29801.531,36673.103,14.02,11.369,11.369,,,BISHAN STREET 11,12.383
bishan_street_11,Bishan Street 11,1356.0,29799.594,36673.602,13.62,11.615,11.615,,,BISHAN STREET 11,12.314
bishan_street_11,Bishan Street 11,1358.0,29797.658,36674.102,11.365,11.862,11.862,,,BISHAN STREET 11,12.245
bishan_street_11,Bishan Street 11,1360.0,29795.721,36674.602,12.108,12.108,12.108,,,BISHAN STREET 11,12.176
bishan_street_11,Bishan Street 11,1362.0,29793.771,36675.044,12.352,12.352,12.145,,,BISHAN STREET 11,12.166
bishan_street_11,Bishan Street 11,1364.0,29791.814,36675.458,14.152,12.248,12.145,,,BISHAN STREET 11,12.186
bishan_street_11,Bishan Street 11,1366.0,29789.857,36675.871,13.395,12.145,12.145,,,BISHAN STREET 11,12.206
bishan_street_11,Bishan Street 11,1368.0,29787.9,36676.28,12.188,12.041,12.041,,,BISHAN STREET 11,12.23
bishan_street_11,Bishan Street 11,1370.0,29785.937,36676.663,13.291,11.938,11.938,,,BISHAN STREET 11,12.28
bishan_street_11,Bishan Street 11,1372.0,29783.974,36677.047,13.141,11.834,11.834,,,BISHAN STREET 11,12.331
bishan_street_11,Bishan Street 11,1374.0,29782.011,36677.43,12.698,11.731,11.731,,,BISHAN STREET 11,12.381
bishan_street_11,Bishan Street 11,1376.0,29780.048,36677.814,11.627,11.627,11.627,,,BISHAN STREET 11,12.431
bishan_street_11,Bishan Street 11,1378.0,29778.085,36678.197,10.659,11.501,11.501,,,BISHAN STREET 11,12.481
bishan_street_11,Bishan Street 11,1380.0,29776.122,36678.581,11.654,11.376,11.376,,,BISHAN STREET 11,12.531
bishan_street_11,Bishan Street 11,1382.0,29774.159,36678.964,11.123,11.25,11.25,,,BISHAN STREET 11,12.581
bishan_street_11,Bishan Street 11,1384.0,29772.196,36679.348,11.538,11.124,11.124,,,BISHAN STREET 11,12.631
bishan_street_11,Bishan Street 11,1386.0,29770.234,36679.731,11.283,10.999,10.999,,,BISHAN STREET 11,12.682
bishan_street_11,Bishan Street 11,1388.0,29768.271,36680.115,10.873,10.873,10.873,,,BISHAN STREET 11,12.732
bishan_street_11,Bishan Street 11,1390.0,29766.308,36680.498,11.093,10.641,10.641,,,BISHAN STREET 11,12.782
bishan_street_11,Bishan Street 11,1392.0,29764.345,36680.882,10.408,10.408,10.408,,,BISHAN STREET 11,12.832
bishan_street_11,Bishan Street 11,1394.0,29762.382,36681.265,10.328,10.131,10.131,,,BISHAN STREET 11,12.882
bishan_street_11,Bishan Street 11,1396.0,29760.419,36681.649,9.673,9.854,9.854,,,BISHAN STREET 11,12.932
bishan_street_11,Bishan Street 11,1398.0,29758.463,36682.061,9.577,9.577,9.577,,,BISHAN STREET 11,12.953
bishan_street_11,Bishan Street 11,1400.0,29756.53,36682.574,10.771,9.467,9.467,,,BISHAN STREET 11,12.87
bishan_street_11,Bishan Street 11,1402.0,29754.597,36683.087,8.153,9.358,9.358,-3.4,1.0,BISHAN STREET 11,12.787
bishan_street_11,Bishan Street 11,1404.0,29752.664,36683.6,8.203,9.248,9.305,,,BISHAN STREET 11,12.704
bishan_street_11,Bishan Street 11,1406.0,29750.731,36684.114,9.138,9.138,9.305,,,BISHAN STREET 11,12.621
bishan_street_11,Bishan Street 11,1408.0,29748.793,36684.61,8.643,9.305,9.305,,,BISHAN STREET 11,12.556
bishan_street_11,Bishan Street 11,1410.0,29746.856,36685.105,9.533,9.472,9.472,,,BISHAN STREET 11,12.491
bishan_street_11,Bishan Street 11,1412.0,29744.918,36685.601,8.908,9.638,9.638,,,BISHAN STREET 11,12.427
bishan_street_11,Bishan Street 11,1414.0,29742.98,36686.096,8.513,9.805,9.805,,,BISHAN STREET 11,12.362
bishan_street_11,Bishan Street 11,1416.0,29741.043,36686.592,11.568,9.972,9.972,,,BISHAN STREET 11,12.298
bishan_street_11,Bishan Street 11,1418.0,29739.094,36687.039,16.819,10.138,10.138,,,BISHAN STREET 11,12.283
bishan_street_11,Bishan Street 11,1420.0,29737.14,36687.467,13.825,10.305,10.305,,,BISHAN STREET 11,12.287
bishan_street_11,Bishan Street 11,1422.0,29735.186,36687.896,10.653,10.472,10.445,,,BISHAN STREET 11,12.291
bishan_street_11,Bishan Street 11,1424.0,29733.233,36688.324,10.638,10.638,10.445,,,BISHAN STREET 11,12.295
bishan_street_11,Bishan Street 11,1426.0,29731.279,36688.753,11.363,10.445,10.445,,,BISHAN STREET 11,12.3
bishan_street_11,Bishan Street 11,1428.0,29729.326,36689.181,10.102,10.252,10.252,,,BISHAN STREET 11,12.304
bishan_street_11,Bishan Street 11,1430.0,29727.372,36689.61,9.239,10.059,10.059,,,BISHAN STREET 11,12.309
bishan_street_11,Bishan Street 11,1432.0,29725.419,36690.038,9.039,9.865,9.865,,,BISHAN STREET 11,12.315
bishan_street_11,Bishan Street 11,1434.0,29723.465,36690.467,9.672,9.672,9.672,,,BISHAN STREET 11,12.32
bishan_street_11,Bishan Street 11,1436.0,29721.512,36690.895,9.706,9.4,9.4,,,BISHAN STREET 11,12.325
bishan_street_11,Bishan Street 11,1438.0,29719.558,36691.324,9.722,9.129,9.129,,,BISHAN STREET 11,12.33
bishan_street_11,Bishan Street 11,1440.0,29717.604,36691.752,9.269,8.857,9.129,,,BISHAN STREET 11,12.335
bishan_street_11,Bishan Street 11,1442.0,29715.651,36692.181,7.771,9.001,9.129,,,BISHAN STREET 11,12.341
bishan_street_11,Bishan Street 11,1444.0,29713.697,36692.61,7.788,9.145,9.145,,,BISHAN STREET 11,12.346
bishan_street_11,Bishan Street 11,1446.0,29711.744,36693.038,7.804,9.289,9.289,,,BISHAN STREET 11,12.351
bishan_street_11,Bishan Street 11,1448.0,29709.79,36693.467,7.821,9.433,9.433,,,BISHAN STREET 11,12.356
bishan_street_11,Bishan Street 11,1450.0,29707.837,36693.895,9.704,9.577,9.536,,,BISHAN STREET 11,12.361
bishan_street_11,Bishan Street 11,1452.0,29705.883,36694.324,9.721,9.721,9.536,,,BISHAN STREET 11,12.367
bishan_street_11,Bishan Street 11,1454.0,29703.93,36694.752,9.721,9.536,9.536,,,BISHAN STREET 11,12.372
bishan_street_11,Bishan Street 11,1456.0,29701.976,36695.181,10.988,9.35,9.35,,,BISHAN STREET 11,12.377
bishan_street_11,Bishan Street 11,1458.0,29700.022,36695.609,11.638,9.053,9.053,,,BISHAN STREET 11,12.382
bishan_street_11,Bishan Street 11,1460.0,29698.069,36696.038,11.221,8.756,8.756,,,BISHAN STREET 11,12.388
bishan_street_11,Bishan Street 11,1462.0,29696.115,36696.466,7.815,8.459,8.459,,,BISHAN STREET 11,12.393
bishan_street_11,Bishan Street 11,1464.0,29694.162,36696.895,7.865,8.162,8.162,,,BISHAN STREET 11,12.398
bishan_street_11,Bishan Street 11,1466.0,29692.208,36697.323,7.865,7.865,8.162,,,BISHAN STREET 11,12.403
bishan_street_11,Bishan Street 11,1468.0,29690.255,36697.752,7.865,8.131,8.162,,,BISHAN STREET 11,12.408
bishan_street_11,Bishan Street 11,1470.0,29688.301,36698.18,7.84,8.397,8.397,,,BISHAN STREET 11,12.414
bishan_street_11,Bishan Street 11,1472.0,29686.348,36698.609,7.915,8.646,8.646,,,BISHAN STREET 11,12.419
bishan_street_11,Bishan Street 11,1474.0,29684.394,36699.037,9.65,8.895,8.895,,,BISHAN STREET 11,12.424
bishan_street_11,Bishan Street 11,1476.0,29682.44,36699.466,9.635,9.144,9.144,,,BISHAN STREET 11,12.429
bishan_street_11,Bishan Street 11,1478.0,29680.487,36699.894,9.642,9.393,9.393,,,BISHAN STREET 11,12.434
bishan_street_11,Bishan Street 11,1480.0,29678.533,36700.323,9.642,9.642,9.509,,,BISHAN STREET 11,12.44
bishan_street_11,Bishan Street 11,1482.0,29676.58,36700.751,9.639,9.639,9.509,,,BISHAN STREET 11,12.445
bishan_street_11,Bishan Street 11,1484.0,29674.626,36701.18,7.865,9.509,9.509,,,BISHAN STREET 11,12.45
bishan_street_11,Bishan Street 11,1486.0,29672.673,36701.608,9.38,9.38,9.38,,,BISHAN STREET 11,12.455
bishan_street_11,Bishan Street 11,1488.0,29670.719,36702.037,7.915,9.209,9.209,-5.195,1.0,BISHAN STREET 11,12.461
bishan_street_11,Bishan Street 11,1490.0,29668.766,36702.465,8.867,9.038,9.094,,,BISHAN STREET 11,12.466
bishan_street_11,Bishan Street 11,1492.0,29666.812,36702.894,8.867,8.867,9.094,,,BISHAN STREET 11,12.471
bishan_street_11,Bishan Street 11,1494.0,29664.858,36703.322,8.867,9.094,9.094,,,BISHAN STREET 11,12.476
bishan_street_11,Bishan Street 11,1496.0,29662.905,36703.751,8.898,9.391,9.391,,,BISHAN STREET 11,12.481
bishan_street_11,Bishan Street 11,1498.0,29660.952,36704.182,9.031,9.692,9.692,,,BISHAN STREET 11,12.485
bishan_street_11,Bishan Street 11,1500.0,29659.0,36704.619,9.031,9.993,9.993,,,BISHAN STREET 11,12.48
bishan_street_11,Bishan Street 11,1502.0,29657.049,36705.057,10.227,10.294,10.294,,,BISHAN STREET 11,12.476
bishan_street_11,Bishan Street 11,1504.0,29655.097,36705.495,11.704,10.595,10.595,,,BISHAN STREET 11,12.471
bishan_street_11,Bishan Street 11,1506.0,29653.146,36705.933,11.292,10.896,10.896,,,BISHAN STREET 11,12.467
bishan_street_11,Bishan Street 11,1508.0,29651.194,36706.37,11.595,10.92,10.896,,,BISHAN STREET 11,12.462
bishan_street_11,Bishan Street 11,1510.0,29649.243,36706.808,14.397,10.945,10.896,,,BISHAN STREET 11,12.458
bishan_street_11,Bishan Street 11,1512.0,29647.284,36707.211,13.347,10.692,10.692,,,BISHAN STREET 11,12.489
bishan_street_11,Bishan Street 11,1514.0,29645.324,36707.608,14.197,10.439,10.439,,,BISHAN STREET 11,12.526
bishan_street_11,Bishan Street 11,1516.0,29643.364,36708.006,14.927,10.186,10.186,,,BISHAN STREET 11,12.562
bishan_street_11,Bishan Street 11,1518.0,29641.407,36708.419,14.5,9.933,9.933,,,BISHAN STREET 11,12.583
bishan_street_11,Bishan Street 11,1520.0,29639.466,36708.903,12.529,9.68,9.68,,,BISHAN STREET 11,12.531
bishan_street_11,Bishan Street 11,1522.0,29637.526,36709.386,11.954,9.427,9.427,,,BISHAN STREET 11,12.48
bishan_street_11,Bishan Street 11,1524.0,29635.585,36709.869,10.808,9.174,9.174,,,BISHAN STREET 11,12.429
bishan_street_11,Bishan Street 11,1526.0,29633.644,36710.352,10.275,8.921,8.921,,,BISHAN STREET 11,12.378
bishan_street_11,Bishan Street 11,1528.0,29631.729,36710.073,9.272,8.668,8.668,,,BISHAN STREET 11,13.065
bishan_street_11,Bishan Street 11,1530.0,29629.826,36709.46,8.354,8.415,8.415,,,BISHAN STREET 11,14.076
bishan_street_11,Bishan Street 11,1532.0,29627.922,36708.846,8.162,8.162,8.162,,,BISHAN STREET 11,15.088
bishan_street_11,Bishan Street 11,1534.0,29626.018,36708.233,8.39,8.095,8.162,,,BISHAN STREET 11,16.099
bishan_street_11,Bishan Street 11,1536.0,29624.134,36707.599,8.029,8.029,8.162,0.392,1.0,BISHAN STREET 11,17.126
bishan_street_11,Bishan Street 11,1538.0,29623.354,36705.757,8.198,8.198,8.193,,,BISHAN STREET 11,19.093
bishan_street_11,Bishan Street 11,1540.0,29622.574,36703.915,8.286,8.286,8.193,,,BISHAN STREET 11,21.06
bishan_street_11,Bishan Street 11,1542.0,29621.795,36702.074,8.193,8.193,8.193,-1.607,1.0,BISHAN STREET 11,23.027
bishan_street_11,Bishan Street 11,1544.0,29621.015,36700.232,8.486,8.116,8.116,-1.607,1.0,BISHAN STREET 11,24.994
bishan_street_11,Bishan Street 11,1546.0,29620.235,36698.39,8.039,8.039,8.064,-1.607,1.0,BISHAN STREET 11,26.961
bishan_street_11,Bishan Street 11,1548.0,29619.456,36696.548,8.043,8.043,8.064,-0.469,1.0,BISHAN STREET 11,28.928
bishan_street_11,Bishan Street 11,1550.0,29618.712,36694.692,8.064,8.064,8.064,0.67,1.0,BISHAN STREET 11,30.901
bishan_street_11,Bishan Street 11,1552.0,29617.972,36692.834,8.118,8.118,8.118,0.714,1.0,BISHAN STREET 11,32.876
bishan_street_11,Bishan Street 11,1554.0,29617.233,36690.975,8.121,8.121,8.118,0.982,1.0,BISHAN STREET 11,34.85
bishan_street_11,Bishan Street 11,1556.0,29616.493,36689.117,8.143,8.143,8.121,0.313,1.0,BISHAN STREET 11,36.825
bishan_street_11,Bishan Street 11,1558.0,29615.77,36688.152,8.114,8.114,8.143,-0.045,1.0,BISHAN STREET 11,37.923
bishan_street_11,Bishan Street 11,1560.0,29615.097,36690.036,8.179,8.179,8.143,-0.938,1.0,BISHAN STREET 11,36.23
bishan_street_11,Bishan Street 11,1562.0,29614.424,36691.919,8.171,8.171,8.114,-1.652,1.0,BISHAN STREET 11,34.537
bishan_street_11,Bishan Street 11,1564.0,29613.752,36693.803,8.046,8.046,8.046,-2.098,1.0,BISHAN STREET 11,32.844
bishan_street_11,Bishan Street 11,1566.0,29613.079,36695.686,8.011,8.011,8.011,-2.589,1.0,BISHAN STREET 11,31.151
bishan_street_11,Bishan Street 11,1568.0,29612.406,36697.569,7.975,7.975,7.975,-2.723,1.0,BISHAN STREET 11,29.458
bishan_street_11,Bishan Street 11,1570.0,29611.733,36699.453,7.907,7.907,7.907,-2.991,1.0,BISHAN STREET 11,27.766
bishan_street_11,Bishan Street 11,1572.0,29611.061,36701.336,7.829,7.829,7.829,-2.545,1.0,BISHAN STREET 11,26.073
bishan_street_11,Bishan Street 11,1574.0,29610.388,36703.22,7.771,7.771,7.771,-2.322,1.0,BISHAN STREET 11,24.38
bishan_street_11,Bishan Street 11,1576.0,29609.715,36705.103,7.721,7.721,7.771,-1.581,1.0,BISHAN STREET 11,22.687
bishan_street_11,Bishan Street 11,1578.0,29609.042,36706.987,7.702,7.702,7.721,-3.17,1.0,BISHAN STREET 11,20.994
bishan_street_11,Bishan Street 11,1580.0,29608.369,36708.87,7.793,7.793,7.702,-4.911,1.0,BISHAN STREET 11,19.301
bishan_street_11,Bishan Street 11,1582.0,29607.697,36710.754,7.518,7.518,7.518,-4.642,1.0,BISHAN STREET 11,17.608
bishan_street_11,Bishan Street 11,1584.0,29607.024,36712.637,7.379,7.379,7.379,-4.848,1.0,BISHAN STREET 11,15.915
bishan_street_11,Bishan Street 11,1586.0,29606.351,36714.521,7.314,7.314,7.35,-3.304,1.0,BISHAN STREET 11,14.222
bishan_street_11,Bishan Street 11,1588.0,29605.558,36716.268,7.35,7.35,7.314,-2.054,1.0,BISHAN STREET 11,12.688
bishan_street_11,Bishan Street 11,1590.0,29603.605,36716.696,7.254,7.254,7.254,-1.875,1.0,BISHAN STREET 11,12.693
bishan_street_11,Bishan Street 11,1592.0,29601.651,36717.124,7.214,7.214,7.214,,,BISHAN STREET 11,12.699
bishan_street_11,Bishan Street 11,1594.0,29599.698,36717.552,7.186,7.186,7.2,,,BISHAN STREET 11,12.704
bishan_street_11,Bishan Street 11,1596.0,29597.744,36717.981,7.939,7.193,7.2,-0.268,1.0,BISHAN STREET 11,12.709
bishan_street_11,Bishan Street 11,1598.0,29595.79,36718.409,7.504,7.2,7.193,-1.786,1.0,BISHAN STREET 11,12.715
bishan_street_11,Bishan Street 11,1600.0,29593.827,36718.768,7.207,7.207,7.193,,,BISHAN STREET 11,12.789
bishan_street_11,Bishan Street 11,1602.0,29591.83,36718.87,7.057,7.057,7.057,,,BISHAN STREET 11,13.122
bishan_street_11,Bishan Street 11,1604.0,29589.833,36718.972,7.021,7.021,7.021,-3.327,1.0,BISHAN STREET 11,13.455
bishan_street_11,Bishan Street 11,1606.0,29587.835,36719.074,6.927,6.927,6.927,-1.63,1.0,BISHAN STREET 11,13.789
bishan_street_11,Bishan Street 11,1608.0,29586.412,36719.75,6.889,6.889,6.927,-0.508,1.0,BISHAN STREET 11,13.438
bishan_street_11,Bishan Street 11,1610.0,29586.311,36721.747,6.902,6.902,6.927,1.094,1.0,BISHAN STREET 11,11.509
bishan_street_11,Bishan Street 11,1612.0,29586.211,36723.745,6.98,6.98,6.98,2.152,1.0,BISHAN STREET 11,9.581
bishan_street_11,Bishan Street 11,1614.0,29586.111,36725.742,7.014,7.014,7.014,3.402,1.0,BISHAN STREET 11,7.653
bishan_street_11,Bishan Street 11,1616.0,29586.011,36727.74,7.099,7.099,7.099,4.523,1.0,BISHAN STREET 11,5.724
bishan_street_11,Bishan Street 11,1618.0,29585.911,36729.737,7.199,7.199,7.199,4.98,1.0,BISHAN STREET 11,3.796
bishan_street_11,Bishan Street 11,1620.0,29585.81,36731.735,7.342,7.342,7.342,5.436,1.0,BISHAN STREET 11,1.868
bishan_street_11,Bishan Street 11,1622.0,29585.71,36733.732,7.352,7.534,7.534,,,BISHAN STREET 11,0.061
bishan_street_11,Bishan Street 11,1624.0,29585.61,36735.73,7.726,7.726,7.534,,,BISHAN STREET 11,1.989
bishan_street_11,Bishan Street 11,1626.0,29585.51,36737.727,8.591,7.609,7.534,,,BISHAN STREET 11,3.917
bishan_street_11,Bishan Street 11,1628.0,29585.41,36739.724,8.536,7.492,7.492,-3.442,1.0,BISHAN STREET 11,5.846
bishan_street_11,Bishan Street 11,1630.0,29585.309,36741.722,7.806,7.375,7.375,,,BISHAN STREET 11,7.774
bishan_street_11,Bishan Street 11,1632.0,29585.209,36743.719,7.258,7.258,7.258,,,BISHAN STREET 11,9.702
bishan_street_11,Bishan Street 11,1634.0,29585.109,36745.717,7.203,7.203,7.203,,,BISHAN STREET 11,11.631
bishan_street_11,Bishan Street 11,1636.0,29585.041,36747.678,6.966,6.966,7.203,,,BISHAN STREET 11,13.53
bishan_street_11,Bishan Street 11,1638.0,29587.011,36747.33,6.991,7.183,7.203,5.169,1.0,BISHAN STREET 11,13.617
bishan_street_11,Bishan Street 11,1640.0,29588.981,36746.983,7.311,7.4,7.4,,,BISHAN STREET 11,13.705
bishan_street_11,Bishan Street 11,1642.0,29590.95,36746.635,7.617,7.617,7.617,,,BISHAN STREET 11,13.793
bishan_street_11,Bishan Street 11,1644.0,29592.92,36746.288,8.161,7.67,7.67,,,BISHAN STREET 11,13.88
bishan_street_11,Bishan Street 11,1646.0,29594.889,36745.94,7.85,7.722,7.722,,,BISHAN STREET 11,13.968
bishan_street_11,Bishan Street 11,1648.0,29596.808,36745.378,7.775,7.775,7.775,,,BISHAN STREET 11,13.835
bishan_street_11,Bishan Street 11,1650.0,29598.72,36744.794,7.789,8.003,8.003,,,BISHAN STREET 11,13.679
bishan_street_11,Bishan Street 11,1652.0,29600.633,36744.21,7.995,8.231,8.231,,,BISHAN STREET 11,13.523
bishan_street_11,Bishan Street 11,1654.0,29602.546,36743.626,8.459,8.459,8.43,,,BISHAN STREET 11,13.368
bishan_street_11,Bishan Street 11,1656.0,29604.459,36743.042,8.78,8.43,8.459,,,BISHAN STREET 11,13.212
bishan_street_11,Bishan Street 11,1658.0,29606.372,36742.458,8.327,8.572,8.572,,,BISHAN STREET 11,13.057
bishan_street_11,Bishan Street 11,1660.0,29608.303,36741.94,8.374,8.713,8.713,,,BISHAN STREET 11,12.969
bishan_street_11,Bishan Street 11,1662.0,29610.242,36741.448,8.521,8.951,8.951,,,BISHAN STREET 11,12.909
bishan_street_11,Bishan Street 11,1664.0,29612.18,36740.957,8.836,9.189,9.189,,,BISHAN STREET 11,12.849
bishan_street_11,Bishan Street 11,1666.0,29614.125,36740.491,10.425,9.427,9.427,,,BISHAN STREET 11,12.816
bishan_street_11,Bishan Street 11,1668.0,29616.083,36740.082,10.625,9.665,9.665,,,BISHAN STREET 11,12.841
bishan_street_11,Bishan Street 11,1670.0,29618.04,36739.674,11.115,9.903,9.899,,,BISHAN STREET 11,12.866
bishan_street_11,Bishan Street 11,1672.0,29619.998,36739.265,10.132,10.141,9.899,,,BISHAN STREET 11,12.892
bishan_street_11,Bishan Street 11,1674.0,29621.956,36738.856,9.527,9.899,9.899,,,BISHAN STREET 11,12.917
bishan_street_11,Bishan Street 11,1676.0,29623.914,36738.448,9.16,9.657,9.657,,,BISHAN STREET 11,12.942
bishan_street_11,Bishan Street 11,1678.0,29625.872,36738.039,9.415,9.415,9.657,,,BISHAN STREET 11,12.967
bishan_street_11,Bishan Street 11,1680.0,29627.829,36737.63,9.548,9.548,9.657,,,BISHAN STREET 11,12.993
bishan_street_11,Bishan Street 11,1682.0,29629.787,36737.222,10.996,9.696,9.696,2.322,1.0,BISHAN STREET 11,13.018
bishan_street_11,Bishan Street 11,1684.0,29631.745,36736.813,10.257,9.843,9.843,,,BISHAN STREET 11,13.043
bishan_street_11,Bishan Street 11,1686.0,29633.703,36736.405,9.99,9.99,9.843,,,BISHAN STREET 11,13.069
bishan_street_11,Bishan Street 11,1688.0,29635.661,36735.996,11.14,9.892,9.843,,,BISHAN STREET 11,13.094
bishan_street_11,Bishan Street 11,1690.0,29637.618,36735.587,9.914,9.793,9.793,,,BISHAN STREET 11,13.119
bishan_street_11,Bishan Street 11,1692.0,29639.576,36735.179,9.567,9.695,9.695,,,BISHAN STREET 11,13.144
bishan_street_11,Bishan Street 11,1694.0,29641.519,36734.704,9.204,9.597,9.597,,,BISHAN STREET 11,13.102
bishan_street_11,Bishan Street 11,1696.0,29643.458,36734.216,10.892,9.498,9.498,,,BISHAN STREET 11,13.045
bishan_street_11,Bishan Street 11,1698.0,29645.398,36733.728,10.624,9.4,9.4,,,BISHAN STREET 11,12.989
bishan_street_11,Bishan Street 11,1700.0,29647.338,36733.24,9.961,9.302,9.302,,,BISHAN STREET 11,12.933
bishan_street_11,Bishan Street 11,1702.0,29649.277,36732.752,9.203,9.203,9.203,,,BISHAN STREET 11,12.877
bishan_street_11,Bishan Street 11,1704.0,29651.217,36732.264,8.989,8.989,8.989,,,BISHAN STREET 11,12.821
bishan_street_11,Bishan Street 11,1706.0,29653.149,36731.749,8.818,8.818,8.818,,,BISHAN STREET 11,12.737
bishan_street_11,Bishan Street 11,1708.0,29655.075,36731.211,8.797,8.797,8.797,,,BISHAN STREET 11,12.629
bishan_street_11,Bishan Street 11,1710.0,29657.002,36730.673,8.406,8.695,8.695,,,BISHAN STREET 11,12.521
bishan_street_11,Bishan Street 11,1712.0,29658.928,36730.135,8.931,8.593,8.593,-4.219,1.0,BISHAN STREET 11,12.413
bishan_street_11,Bishan Street 11,1714.0,29660.875,36729.679,8.381,8.491,8.491,,,BISHAN STREET 11,12.39
bishan_street_11,Bishan Street 11,1716.0,29662.826,36729.239,8.389,8.389,8.46,,,BISHAN STREET 11,12.383
bishan_street_11,Bishan Street 11,1718.0,29664.777,36728.799,8.46,8.46,8.426,,,BISHAN STREET 11,12.377
bishan_street_11,Bishan Street 11,1720.0,29666.728,36728.359,8.426,8.426,8.401,,,BISHAN STREET 11,12.37
bishan_street_11,Bishan Street 11,1722.0,29668.679,36727.919,8.401,8.401,8.401,,,BISHAN STREET 11,12.364
bishan_street_11,Bishan Street 11,1724.0,29670.63,36727.48,8.008,8.128,8.366,,,BISHAN STREET 11,12.358
bishan_street_11,Bishan Street 11,1726.0,29672.581,36727.04,7.855,8.247,8.366,1.042,1.0,BISHAN STREET 11,12.351
bishan_street_11,Bishan Street 11,1728.0,29674.532,36726.6,7.892,8.366,8.366,,,BISHAN STREET 11,12.345
bishan_street_11,Bishan Street 11,1730.0,29676.483,36726.16,8.485,8.485,8.485,,,BISHAN STREET 11,12.338
bishan_street_11,Bishan Street 11,1732.0,29678.434,36725.72,8.547,8.547,8.51,,,BISHAN STREET 11,12.332
bishan_street_11,Bishan Street 11,1734.0,29680.385,36725.28,8.51,8.51,8.547,,,BISHAN STREET 11,12.326
bishan_street_11,Bishan Street 11,1736.0,29682.336,36724.84,8.514,8.701,8.701,,,BISHAN STREET 11,12.319
bishan_street_11,Bishan Street 11,1738.0,29684.287,36724.4,8.038,8.948,8.948,,,BISHAN STREET 11,12.313
bishan_street_11,Bishan Street 11,1740.0,29686.257,36724.059,8.053,9.196,9.105,,,BISHAN STREET 11,12.406
bishan_street_11,Bishan Street 11,1742.0,29688.233,36723.749,10.892,9.15,9.105,,,BISHAN STREET 11,12.532
bishan_street_11,Bishan Street 11,1744.0,29690.209,36723.438,10.025,9.105,9.105,,,BISHAN STREET 11,12.657
bishan_street_11,Bishan Street 11,1746.0,29692.184,36723.128,10.108,9.059,9.059,,,BISHAN STREET 11,12.783
bishan_street_11,Bishan Street 11,1748.0,29694.16,36722.818,10.412,9.013,9.013,,,BISHAN STREET 11,12.908
bishan_street_11,Bishan Street 11,1750.0,29696.136,36722.508,10.475,8.968,8.968,,,BISHAN STREET 11,13.034
bishan_street_11,Bishan Street 11,1752.0,29698.087,36722.068,8.454,8.922,8.922,,,BISHAN STREET 11,13.027
bishan_street_11,Bishan Street 11,1754.0,29700.036,36721.621,9.92,8.877,8.877,,,BISHAN STREET 11,13.013
bishan_street_11,Bishan Street 11,1756.0,29701.986,36721.174,8.576,8.831,8.831,,,BISHAN STREET 11,13.0
bishan_street_11,Bishan Street 11,1758.0,29703.935,36720.727,8.785,8.785,8.785,,,BISHAN STREET 11,12.986
bishan_street_11,Bishan Street 11,1760.0,29705.884,36720.28,10.406,8.785,8.785,,,BISHAN STREET 11,12.972
bishan_street_11,Bishan Street 11,1762.0,29707.836,36719.845,8.785,8.785,8.785,1.434,1.0,BISHAN STREET 11,12.971
bishan_street_11,Bishan Street 11,1764.0,29709.793,36719.43,8.925,8.925,8.89,1.434,1.0,BISHAN STREET 11,12.991
bishan_street_11,Bishan Street 11,1766.0,29711.75,36719.016,8.9,8.9,8.9,1.309,1.0,BISHAN STREET 11,13.01
bishan_street_11,Bishan Street 11,1768.0,29713.706,36718.602,8.89,8.89,8.9,-1.912,1.0,BISHAN STREET 11,13.03
bishan_street_11,Bishan Street 11,1770.0,29715.647,36718.121,9.01,9.01,8.89,-5.133,1.0,BISHAN STREET 11,12.982
bishan_street_11,Bishan Street 11,1772.0,29717.585,36717.627,8.905,8.75,8.75,-5.289,1.0,BISHAN STREET 11,12.92
bishan_street_11,Bishan Street 11,1774.0,29719.524,36717.133,8.49,8.49,8.49,-5.32,1.0,BISHAN STREET 11,12.858
bishan_street_11,Bishan Street 11,1776.0,29721.462,36716.64,8.477,8.477,8.477,,,BISHAN STREET 11,12.796
bishan_street_11,Bishan Street 11,1778.0,29723.4,36716.146,8.465,8.465,8.465,,,BISHAN STREET 11,12.734
bishan_street_11,Bishan Street 11,1780.0,29725.338,36715.652,7.754,8.435,8.465,,,BISHAN STREET 11,12.672
bishan_street_11,Bishan Street 11,1782.0,29727.276,36715.158,7.804,8.406,8.465,,,BISHAN STREET 11,12.611
bishan_street_11,Bishan Street 11,1784.0,29729.214,36714.665,8.377,8.59,8.59,,,BISHAN STREET 11,12.549
bishan_street_11,Bishan Street 11,1786.0,29731.152,36714.171,9.015,8.774,8.774,,,BISHAN STREET 11,12.487
bishan_street_11,Bishan Street 11,1788.0,29733.09,36713.677,7.802,9.001,9.001,,,BISHAN STREET 11,12.425
bishan_street_11,Bishan Street 11,1790.0,29735.028,36713.183,7.727,9.228,9.228,,,BISHAN STREET 11,12.363
bishan_street_11,Bishan Street 11,1792.0,29736.966,36712.689,9.964,9.456,9.393,,,BISHAN STREET 11,12.3
bishan_street_11,Bishan Street 11,1794.0,29738.904,36712.196,10.083,9.683,9.393,,,BISHAN STREET 11,12.237
bishan_street_11,Bishan Street 11,1796.0,29740.842,36711.702,9.402,9.393,9.393,,,BISHAN STREET 11,12.175
bishan_street_11,Bishan Street 11,1798.0,29742.834,36711.535,9.481,9.102,9.102,,,BISHAN STREET 11,12.442
bishan_street_11,Bishan Street 11,1800.0,29744.828,36711.385,8.834,8.824,8.824,,,BISHAN STREET 11,12.728
bishan_street_11,Bishan Street 11,1802.0,29746.823,36711.236,8.613,8.545,8.545,,,BISHAN STREET 11,13.013
bishan_street_11,Bishan Street 11,1804.0,29748.817,36711.086,8.202,8.266,8.266,,,BISHAN STREET 11,13.299
bishan_street_11,Bishan Street 11,1806.0,29750.809,36710.908,7.987,7.987,8.067,,,BISHAN STREET 11,13.555
bishan_street_11,Bishan Street 11,1808.0,29752.795,36710.676,8.402,8.027,8.067,,,BISHAN STREET 11,13.758
bishan_street_11,Bishan Street 11,1810.0,29754.782,36710.443,8.092,8.067,8.067,,,BISHAN STREET 11,13.961
bishan_street_11,Bishan Street 11,1812.0,29756.768,36710.211,8.107,8.32,8.32,,,BISHAN STREET 11,14.164
bishan_street_11,Bishan Street 11,1814.0,29758.755,36709.979,8.212,8.572,8.572,,,BISHAN STREET 11,14.367
bishan_street_11,Bishan Street 11,1816.0,29760.741,36709.746,8.227,8.825,8.825,,,BISHAN STREET 11,14.57
bishan_street_11,Bishan Street 11,1818.0,29762.732,36709.598,13.617,8.834,8.834,,,BISHAN STREET 11,14.855
bishan_street_11,Bishan Street 11,1820.0,29764.731,36709.641,15.476,8.842,8.842,,,BISHAN STREET 11,15.33
bishan_street_11,Bishan Street 11,1822.0,29766.731,36709.684,14.937,8.851,8.851,,,BISHAN STREET 11,15.804
bishan_street_11,Bishan Street 11,1824.0,29768.73,36709.727,11.475,8.86,8.86,,,BISHAN STREET 11,16.279
bishan_street_11,Bishan Street 11,1826.0,29770.73,36709.77,10.475,8.869,8.869,,,BISHAN STREET 11,16.753
bishan_street_11,Bishan Street 11,1828.0,29772.729,36709.813,8.988,8.878,8.878,,,BISHAN STREET 11,17.228
bishan_street_11,Bishan Street 11,1830.0,29774.666,36709.353,8.963,8.886,8.878,,,BISHAN STREET 11,17.198
bishan_street_11,Bishan Street 11,1832.0,29776.592,36708.816,8.895,8.895,8.886,,,BISHAN STREET 11,17.09
bishan_street_11,Bishan Street 11,1834.0,29778.518,36708.278,8.712,8.712,8.886,,,BISHAN STREET 11,16.981
bishan_street_11,Bishan Street 11,1836.0,29780.425,36707.681,8.92,8.92,8.895,0.423,1.0,BISHAN STREET 11,16.811
bishan_street_11,Bishan Street 11,1838.0,29782.282,36706.938,8.791,8.791,8.849,1.713,1.0,BISHAN STREET 11,16.487
bishan_street_11,Bishan Street 11,1840.0,29784.139,36706.196,9.058,9.058,8.92,1.629,1.0,BISHAN STREET 11,16.164
bishan_street_11,Bishan Street 11,1842.0,29785.996,36705.453,8.849,8.849,9.023,,,BISHAN STREET 11,15.841
bishan_street_11,Bishan Street 11,1844.0,29787.853,36704.712,9.023,9.023,9.026,,,BISHAN STREET 11,15.519
bishan_street_11,Bishan Street 11,1846.0,29789.726,36704.009,8.625,9.026,9.026,,,BISHAN STREET 11,15.238
bishan_street_11,Bishan Street 11,1848.0,29791.598,36703.307,10.617,9.028,9.028,,,BISHAN STREET 11,14.957
bishan_street_11,Bishan Street 11,1850.0,29793.471,36702.605,11.437,9.03,9.03,,,BISHAN STREET 11,14.677
bishan_street_11,Bishan Street 11,1852.0,29795.344,36701.902,10.367,9.28,9.28,,,BISHAN STREET 11,14.396
bishan_street_11,Bishan Street 11,1854.0,29797.216,36701.2,10.467,9.529,9.529,,,BISHAN STREET 11,14.115
bishan_street_11,Bishan Street 11,1856.0,29799.091,36700.502,9.036,9.779,9.779,,,BISHAN STREET 11,13.84
bishan_street_11,Bishan Street 11,1858.0,29800.968,36699.813,9.036,10.029,10.029,,,BISHAN STREET 11,13.573
bishan_street_11,Bishan Street 11,1860.0,29802.845,36699.123,8.921,10.279,10.279,,,BISHAN STREET 11,13.305
bishan_street_11,Bishan Street 11,1862.0,29804.723,36698.433,8.716,10.294,10.294,,,BISHAN STREET 11,13.038
bishan_street_11,Bishan Street 11,1864.0,29806.604,36697.758,11.526,10.31,10.31,,,BISHAN STREET 11,12.786
bishan_street_11,Bishan Street 11,1866.0,29808.546,36697.279,14.007,10.325,10.325,,,BISHAN STREET 11,12.738
bishan_street_11,Bishan Street 11,1868.0,29810.488,36696.801,17.624,10.341,10.341,,,BISHAN STREET 11,12.691
bishan_street_11,Bishan Street 11,1870.0,29812.43,36696.322,13.974,10.356,10.356,,,BISHAN STREET 11,12.644
bishan_street_11,Bishan Street 11,1872.0,29814.372,36695.843,15.22,10.372,10.372,,,BISHAN STREET 11,12.596
bishan_street_11,Bishan Street 11,1874.0,29816.314,36695.364,14.266,10.387,10.387,,,BISHAN STREET 11,12.549
bishan_street_11,Bishan Street 11,1876.0,29818.261,36694.908,8.621,10.403,10.403,,,BISHAN STREET 11,12.524
bishan_street_11,Bishan Street 11,1878.0,29820.21,36694.461,8.921,10.418,10.418,,,BISHAN STREET 11,12.51
bishan_street_11,Bishan Street 11,1880.0,29822.16,36694.015,9.171,10.434,10.434,,,BISHAN STREET 11,12.496
bishan_street_11,Bishan Street 11,1882.0,29824.109,36693.569,10.456,10.449,10.449,,,BISHAN STREET 11,12.482
bishan_street_11,Bishan Street 11,1884.0,29826.059,36693.122,9.721,10.465,10.465,,,BISHAN STREET 11,12.468
bishan_street_11,Bishan Street 11,1886.0,29828.009,36692.676,12.276,10.474,10.474,,,BISHAN STREET 11,12.454
bishan_street_11,Bishan Street 11,1888.0,29829.956,36692.221,10.451,10.482,10.474,,,BISHAN STREET 11,12.431
bishan_street_11,Bishan Street 11,1890.0,29831.901,36691.757,10.491,10.491,10.474,,,BISHAN STREET 11,12.398
bishan_street_11,Bishan Street 11,1916.0,29857.19,36685.718,9.351,10.394,10.394,,,BISHAN STREET 11,11.868
bishan_street_11,Bishan Street 11,1918.0,29859.136,36685.253,10.15,10.297,10.297,-0.553,1.0,BISHAN STREET 11,11.832
bishan_street_11,Bishan Street 11,1920.0,29861.081,36684.789,10.2,10.2,10.297,,,BISHAN STREET 11,11.8
bishan_street_11,Bishan Street 11,1922.0,29863.026,36684.324,10.191,10.191,10.297,,,BISHAN STREET 11,11.768
bishan_street_11,Bishan Street 11,1924.0,29864.972,36683.86,10.516,10.336,10.226,-0.882,1.0,BISHAN STREET 11,11.736
bishan_street_11,Bishan Street 11,1926.0,29866.917,36683.395,10.481,10.481,10.226,,,BISHAN STREET 11,11.703
bishan_street_11,Bishan Street 11,1928.0,29868.862,36682.931,10.226,10.226,10.226,,,BISHAN STREET 11,11.671
bishan_street_11,Bishan Street 11,1930.0,29870.808,36682.466,9.851,10.049,10.049,-2.219,1.0,BISHAN STREET 11,11.639
bishan_street_11,Bishan Street 11,1932.0,29872.753,36682.001,9.871,9.871,10.049,,,BISHAN STREET 11,11.607
bishan_street_11,Bishan Street 11,1934.0,29874.711,36681.596,9.921,9.921,10.049,,,BISHAN STREET 11,11.635
bishan_street_11,Bishan Street 11,1936.0,29876.673,36681.206,10.967,10.105,10.105,,,BISHAN STREET 11,11.679
bishan_street_11,Bishan Street 11,1938.0,29878.634,36680.816,10.904,10.289,10.289,7.594,1.0,BISHAN STREET 11,11.723
bishan_street_11,Bishan Street 11,1940.0,29880.596,36680.426,10.041,10.472,10.472,,,BISHAN STREET 11,11.767
bishan_street_11,Bishan Street 11,1942.0,29882.558,36680.036,10.656,10.656,10.656,,,BISHAN STREET 11,11.811
bishan_street_11,Bishan Street 11,1944.0,29884.519,36679.647,10.406,10.851,10.851,,,BISHAN STREET 11,11.855
bishan_street_11,Bishan Street 11,1946.0,29886.468,36679.198,10.416,11.046,11.046,8.416,1.0,BISHAN STREET 11,11.84
bishan_street_11,Bishan Street 11,1948.0,29888.413,36678.733,10.901,11.241,11.241,,,BISHAN STREET 11,11.807
bishan_street_11,Bishan Street 11,1950.0,29890.358,36678.267,11.436,11.436,11.33,,,BISHAN STREET 11,11.773
bishan_street_11,Bishan Street 11,1952.0,29892.303,36677.802,11.407,11.407,11.33,,,BISHAN STREET 11,11.74
bishan_street_11,Bishan Street 11,1954.0,29894.248,36677.336,12.128,11.33,11.33,-0.972,1.0,BISHAN STREET 11,11.707
bishan_street_11,Bishan Street 11,1956.0,29896.193,36676.871,11.228,11.252,11.26,-1.944,1.0,BISHAN STREET 11,11.674
bishan_street_11,Bishan Street 11,1958.0,29898.139,36676.406,11.174,11.174,11.252,,,BISHAN STREET 11,11.641
bishan_street_11,Bishan Street 11,1960.0,29900.084,36675.94,11.26,11.26,11.174,,,BISHAN STREET 11,11.607
bishan_street_11,Bishan Street 11,1962.0,29902.029,36675.475,10.995,10.995,11.174,-0.66,1.0,BISHAN STREET 11,11.574
bishan_street_11,Bishan Street 11,1964.0,29903.974,36675.009,10.72,11.097,11.199,,,BISHAN STREET 11,11.541
bishan_street_11,Bishan Street 11,1966.0,29905.919,36674.544,11.199,11.199,11.199,,,BISHAN STREET 11,11.508
bishan_street_11,Bishan Street 11,1968.0,29907.865,36674.083,10.211,11.283,11.283,,,BISHAN STREET 11,11.48
bishan_street_11,Bishan Street 11,1970.0,29909.818,36673.654,12.17,11.368,11.368,,,BISHAN STREET 11,11.483
bishan_street_11,Bishan Street 11,1972.0,29911.772,36673.224,11.586,11.452,11.452,,,BISHAN STREET 11,11.487
bishan_street_11,Bishan Street 11,1974.0,29913.725,36672.795,11.536,11.688,11.688,,,BISHAN STREET 11,11.491
bishan_street_11,Bishan Street 11,1976.0,29915.679,36672.366,11.551,11.925,11.925,,,BISHAN STREET 11,11.495
bishan_street_11,Bishan Street 11,1978.0,29917.632,36671.936,11.981,12.161,12.161,,,BISHAN STREET 11,11.498
bishan_street_11,Bishan Street 11,1980.0,29919.574,36671.458,12.473,12.191,12.161,,,BISHAN STREET 11,11.452
bishan_street_11,Bishan Street 11,1982.0,29921.512,36670.965,13.405,12.221,12.161,,,BISHAN STREET 11,11.39
bishan_street_11,Bishan Street 11,1984.0,29923.45,36670.471,12.848,11.968,11.968,,,BISHAN STREET 11,11.328
bishan_street_11,Bishan Street 11,1986.0,29925.388,36669.978,12.886,11.677,11.677,,,BISHAN STREET 11,11.266
bishan_street_11,Bishan Street 11,1988.0,29927.326,36669.484,11.462,11.386,11.386,,,BISHAN STREET 11,11.204
bishan_street_11,Bishan Street 11,1990.0,29929.265,36668.991,11.962,11.152,11.152,,,BISHAN STREET 11,11.142
bishan_street_11,Bishan Street 11,1992.0,29931.207,36668.515,10.4,10.918,10.918,,,BISHAN STREET 11,11.098
bishan_street_11,Bishan Street 11,1994.0,29933.154,36668.059,10.4,10.684,10.684,,,BISHAN STREET 11,11.074
bishan_street_11,Bishan Street 11,1996.0,29935.102,36667.603,10.45,10.45,10.55,,,BISHAN STREET 11,11.051
bishan_street_11,Bishan Street 11,1998.0,29937.049,36667.147,10.5,10.5,10.55,,,BISHAN STREET 11,11.027
bishan_street_11,Bishan Street 11,2000.0,29939.005,36666.73,10.55,10.55,10.55,0.625,1.0,BISHAN STREET 11,11.044
bishan_street_11,Bishan Street 11,2002.0,29940.962,36666.317,10.55,10.55,10.55,1.25,1.0,BISHAN STREET 11,11.065
bishan_street_11,Bishan Street 11,2004.0,29942.919,36665.904,10.6,10.6,10.6,1.875,1.0,BISHAN STREET 11,11.085
bishan_street_11,Bishan Street 11,2006.0,29944.876,36665.49,10.65,10.65,10.65,2.5,1.0,BISHAN STREET 11,11.105
bishan_street_11,Bishan Street 11,2008.0,29946.832,36665.077,10.7,10.7,10.7,2.187,1.0,BISHAN STREET 11,11.125
bishan_street_11,Bishan Street 11,2010.0,29948.789,36664.664,10.75,10.75,10.75,1.875,1.0,BISHAN STREET 11,11.146
bishan_street_11,Bishan Street 11,2012.0,29950.746,36664.25,10.775,10.775,10.775,1.875,1.0,BISHAN STREET 11,11.166
bishan_street_11,Bishan Street 11,2014.0,29952.703,36663.837,10.8,10.8,10.8,1.875,1.0,BISHAN STREET 11,11.186
bishan_street_11,Bishan Street 11,2016.0,29954.66,36663.424,10.85,10.85,10.85,2.031,1.0,BISHAN STREET 11,11.206
bishan_street_11,Bishan Street 11,2018.0,29956.617,36663.01,10.9,10.9,10.9,1.875,1.0,BISHAN STREET 11,11.226
bishan_street_11,Bishan Street 11,2020.0,29958.573,36662.597,10.938,10.938,10.938,1.875,1.0,BISHAN STREET 11,11.247
bishan_street_11,Bishan Street 11,2022.0,29960.53,36662.184,10.95,10.95,10.95,1.875,1.0,BISHAN STREET 11,11.267
bishan_street_11,Bishan Street 11,2024.0,29962.487,36661.77,11.0,11.0,11.0,2.344,1.0,BISHAN STREET 11,11.287
bishan_street_11,Bishan Street 11,2026.0,29964.292,36660.974,11.05,11.05,11.05,2.5,1.0,BISHAN STREET 11,10.9
bishan_street_11,Bishan Street 11,2028.0,29965.999,36659.932,11.175,11.175,11.125,2.187,1.0,BISHAN STREET 11,10.253
bishan_street_11,Bishan Street 11,2030.0,29967.706,36658.89,11.175,11.175,11.15,1.562,1.0,BISHAN STREET 11,9.605
bishan_street_11,Bishan Street 11,2032.0,29969.413,36657.848,11.125,11.125,11.175,0.625,1.0,BISHAN STREET 11,8.958
bishan_street_11,Bishan Street 11,2034.0,29971.182,36656.931,11.15,11.15,11.175,1.562,1.0,BISHAN STREET 11,8.445
bishan_street_11,Bishan Street 11,2036.0,29973.043,36656.198,11.175,11.175,11.175,,,BISHAN STREET 11,8.133
bishan_street_11,Bishan Street 11,2038.0,29974.904,36655.465,11.275,11.275,11.275,,,BISHAN STREET 11,7.821
bishan_street_11,Bishan Street 11,2040.0,29976.765,36654.733,11.988,11.3,11.3,2.188,1.0,BISHAN STREET 11,7.508
bishan_street_11,Bishan Street 11,2042.0,29978.626,36654.0,11.3,11.325,11.325,1.562,1.0,BISHAN STREET 11,7.196
bishan_street_11,Bishan Street 11,2044.0,29980.579,36653.753,11.35,11.35,11.35,,,BISHAN STREET 11,7.378
bishan_street_11,Bishan Street 11,2046.0,29982.579,36653.754,11.4,11.4,11.4,,,BISHAN STREET 11,7.812
bishan_street_11,Bishan Street 11,2048.0,29984.579,36653.756,11.45,11.45,11.45,,,BISHAN STREET 11,8.247
bishan_street_11,Bishan Street 11,2050.0,29986.579,36653.757,11.525,11.525,11.525,,,BISHAN STREET 11,8.681
bishan_street_11,Bishan Street 11,2052.0,29988.579,36653.758,11.575,11.8,11.8,11.25,2.0,BISHAN STREET 11,9.115
bishan_street_11,Bishan Street 11,2054.0,29990.576,36653.652,11.6,12.075,12.075,10.781,2.0,BISHAN STREET 11,9.443
bishan_street_11,Bishan Street 11,2056.0,29992.572,36653.526,12.35,12.35,12.35,,,BISHAN STREET 11,9.751
bishan_street_11,Bishan Street 11,2058.0,29994.568,36653.4,12.388,12.388,12.388,,,BISHAN STREET 11,10.06
bishan_street_11,Bishan Street 11,2060.0,29996.564,36653.273,14.869,12.545,12.545,2.435,1.0,BISHAN STREET 11,10.368
bishan_street_11,Bishan Street 11,2062.0,29998.56,36653.147,12.702,12.702,12.545,,,BISHAN STREET 11,10.677
bishan_street_11,Bishan Street 11,2064.0,30000.535,36652.864,12.719,12.719,12.545,,,BISHAN STREET 11,10.828
bishan_street_11,Bishan Street 11,2066.0,30002.497,36652.473,12.736,12.421,12.421,-8.841,2.0,BISHAN STREET 11,10.87
bishan_street_11,Bishan Street 11,2068.0,30004.458,36652.081,12.752,12.123,12.123,-8.997,2.0,BISHAN STREET 11,10.912
bishan_street_11,Bishan Street 11,2070.0,30006.419,36651.69,11.825,11.825,11.838,,,BISHAN STREET 11,10.954
bishan_street_11,Bishan Street 11,2072.0,30008.38,36651.298,11.825,11.825,11.825,,,BISHAN STREET 11,10.996
bishan_street_11,Bishan Street 11,2074.0,30010.317,36650.812,11.838,11.838,11.825,-0.469,1.0,BISHAN STREET 11,10.94
bishan_street_11,Bishan Street 11,2076.0,30012.217,36650.189,11.825,11.825,11.825,,,BISHAN STREET 11,10.811
bishan_street_11,Bishan Street 11,2078.0,30014.118,36649.567,11.8,11.8,11.8,,,BISHAN STREET 11,10.724
bishan_street_11,Bishan Street 11,2080.0,30016.019,36648.944,12.525,11.78,11.78,,,BISHAN STREET 11,10.637
bishan_street_11,Bishan Street 11,2082.0,30017.919,36648.321,12.713,11.76,11.76,,,BISHAN STREET 11,10.549
bishan_street_11,Bishan Street 11,2084.0,30019.822,36647.705,12.588,11.74,11.74,,,BISHAN STREET 11,10.511
bishan_street_11,Bishan Street 11,2086.0,30021.728,36647.101,11.838,11.72,11.72,,,BISHAN STREET 11,10.724
bishan_street_11,Bishan Street 11,2088.0,30023.635,36646.497,11.7,11.7,11.7,,,BISHAN STREET 11,10.956
bishan_street_11,Bishan Street 11,2090.0,30025.542,36645.893,11.7,11.7,11.7,,,BISHAN STREET 11,11.189
bishan_street_11,Bishan Street 11,2092.0,30027.448,36645.288,11.675,11.675,11.7,-0.625,1.0,BISHAN STREET 11,11.421
bishan_street_11,Bishan Street 11,2094.0,30029.355,36644.684,11.938,11.938,11.675,-0.625,1.0,BISHAN STREET 11,11.732
bishan_street_11,Bishan Street 11,2096.0,30030.993,36643.571,11.65,11.65,11.65,-0.625,1.0,BISHAN STREET 11,11.634
bishan_street_11,Bishan Street 11,2098.0,30032.57,36642.341,11.65,11.65,11.65,-0.313,1.0,BISHAN STREET 11,11.405
bishan_street_11,Bishan Street 11,2100.0,30034.147,36641.111,11.65,11.65,11.65,0.0,1.0,BISHAN STREET 11,11.176
bishan_street_11,Bishan Street 11,2102.0,30035.725,36639.881,11.65,11.65,11.65,0.0,1.0,BISHAN STREET 11,10.947
bishan_street_11,Bishan Street 11,2104.0,30037.302,36638.651,11.65,11.65,11.65,-0.156,1.0,BISHAN STREET 11,10.869
bishan_street_11,Bishan Street 11,2106.0,30038.879,36637.421,11.625,11.625,11.65,-0.156,1.0,BISHAN STREET 11,10.915
bishan_street_11,Bishan Street 11,2108.0,30040.456,36636.192,11.625,11.625,11.638,0.0,1.0,BISHAN STREET 11,10.961
bishan_street_11,Bishan Street 11,2110.0,30042.033,36634.962,11.65,11.65,11.638,0.0,1.0,BISHAN STREET 11,11.007
bishan_street_11,Bishan Street 11,2112.0,30043.61,36633.732,11.638,11.638,11.65,0.156,1.0,BISHAN STREET 11,11.06
bishan_street_11,Bishan Street 11,2114.0,30045.188,36632.502,11.65,11.65,11.65,0.156,1.0,BISHAN STREET 11,11.316
bishan_street_11,Bishan Street 11,2116.0,30046.765,36631.272,11.65,11.65,11.65,0.0,1.0,BISHAN STREET 11,11.626
bishan_street_11,Bishan Street 11,2118.0,30048.222,36629.927,11.65,11.65,11.65,,,BISHAN STREET 11,11.77
bishan_street_11,Bishan Street 11,2120.0,30049.388,36628.302,11.65,11.65,11.65,,,BISHAN STREET 11,11.51
bishan_street_11,Bishan Street 11,2122.0,30050.553,36626.677,11.65,11.927,11.927,9.979,2.0,BISHAN STREET 11,11.279
bishan_street_11,Bishan Street 11,2124.0,30051.719,36625.051,11.6,12.205,12.205,9.979,2.0,BISHAN STREET 11,11.275
bishan_street_11,Bishan Street 11,2126.0,30052.884,36623.426,12.482,12.482,12.449,,,BISHAN STREET 11,11.3
bishan_street_11,Bishan Street 11,2128.0,30054.05,36621.801,12.449,12.449,12.449,,,BISHAN STREET 11,11.325
bishan_street_11,Bishan Street 11,2130.0,30055.215,36620.175,12.449,12.449,12.449,,,BISHAN STREET 11,11.35
bishan_street_11,Bishan Street 11,2132.0,30056.381,36618.55,12.449,12.449,12.449,,,BISHAN STREET 11,11.439
bishan_street_11,Bishan Street 11,2134.0,30057.546,36616.925,11.45,12.583,12.583,3.589,1.0,BISHAN STREET 11,11.641
bishan_street_11,Bishan Street 11,2136.0,30058.712,36615.299,12.852,12.718,12.718,3.589,1.0,BISHAN STREET 11,11.843
bishan_street_11,Bishan Street 11,2138.0,30059.877,36613.674,12.852,12.852,12.736,,,BISHAN STREET 11,12.044
bishan_street_11,Bishan Street 11,2140.0,30061.043,36612.049,12.752,12.752,12.736,,,BISHAN STREET 11,12.246
bishan_street_11,Bishan Street 11,2142.0,30062.208,36610.423,12.736,12.736,12.752,,,BISHAN STREET 11,12.448
bishan_street_11,Bishan Street 11,2144.0,30063.344,36608.778,12.652,12.652,12.752,,,BISHAN STREET 11,12.614
bishan_street_11,Bishan Street 11,2146.0,30064.439,36607.104,11.375,12.88,12.88,5.267,1.0,BISHAN STREET 11,12.731
bishan_street_11,Bishan Street 11,2148.0,30065.534,36605.431,11.35,13.108,13.108,,,BISHAN STREET 11,12.768
bishan_street_11,Bishan Street 11,2150.0,30066.629,36603.757,13.336,13.336,13.174,,,BISHAN STREET 11,12.777
bishan_street_11,Bishan Street 11,2152.0,30067.724,36602.084,15.311,13.255,13.174,,,BISHAN STREET 11,12.785
bishan_street_11,Bishan Street 11,2154.0,30068.819,36600.41,13.694,13.174,13.174,,,BISHAN STREET 11,12.793
bishan_street_11,Bishan Street 11,2156.0,30069.825,36598.681,13.344,12.927,12.927,,,BISHAN STREET 11,12.697
bishan_street_11,Bishan Street 11,2158.0,30070.832,36596.953,13.277,12.681,12.681,,,BISHAN STREET 11,12.601
bishan_street_11,Bishan Street 11,2160.0,30071.838,36595.225,12.15,12.435,12.435,,,BISHAN STREET 11,12.506
bishan_street_11,Bishan Street 11,2162.0,30072.845,36593.497,11.0,12.188,12.264,,,BISHAN STREET 11,12.41
bishan_street_11,Bishan Street 11,2164.0,30073.902,36591.803,16.211,12.226,12.264,,,BISHAN STREET 11,12.376
bishan_street_11,Bishan Street 11,2166.0,30075.128,36590.222,15.661,12.264,12.264,,,BISHAN STREET 11,12.544
bishan_street_11,Bishan Street 11,2168.0,30076.354,36588.642,12.302,12.454,12.454,,,BISHAN STREET 11,12.713
bishan_street_11,Bishan Street 11,2170.0,30077.579,36587.062,11.886,12.644,12.644,,,BISHAN STREET 11,12.881
bishan_street_11,Bishan Street 11,2172.0,30078.805,36585.481,14.813,12.915,12.915,,,BISHAN STREET 11,13.05
bishan_street_11,Bishan Street 11,2174.0,30080.069,36583.933,12.238,13.185,13.185,,,BISHAN STREET 11,13.268
bishan_street_11,Bishan Street 11,2176.0,30081.42,36582.458,12.213,13.456,13.456,,,BISHAN STREET 11,13.599
bishan_street_11,Bishan Street 11,2178.0,30082.77,36580.983,12.482,13.726,13.726,,,BISHAN STREET 11,13.93
bishan_street_11,Bishan Street 11,2180.0,30084.121,36579.508,14.901,13.996,13.962,,,BISHAN STREET 11,14.261
bishan_street_11,Bishan Street 11,2182.0,30085.472,36578.033,15.861,13.979,13.962,,,BISHAN STREET 11,14.592
bishan_street_11,Bishan Street 11,2184.0,30086.823,36576.559,15.527,13.962,13.962,,,BISHAN STREET 11,14.924
bishan_street_11,Bishan Street 11,2186.0,30087.851,36574.858,14.786,13.745,13.745,,,BISHAN STREET 11,14.861
bishan_street_11,Bishan Street 11,2188.0,30088.771,36573.082,16.869,13.527,13.527,,,BISHAN STREET 11,14.666
bishan_street_11,Bishan Street 11,2190.0,30089.69,36571.306,15.777,13.253,13.253,,,BISHAN STREET 11,14.472
bishan_street_11,Bishan Street 11,2192.0,30090.61,36569.53,11.786,12.98,12.98,,,BISHAN STREET 11,14.277
bishan_street_11,Bishan Street 11,2194.0,30091.529,36567.754,14.361,12.707,12.707,,,BISHAN STREET 11,14.083
bishan_street_11,Bishan Street 11,2196.0,30092.473,36565.991,11.877,12.423,12.423,,,BISHAN STREET 11,13.915
bishan_street_11,Bishan Street 11,2198.0,30093.42,36564.229,12.036,12.139,12.139,,,BISHAN STREET 11,13.751
bishan_street_11,Bishan Street 11,2200.0,30094.366,36562.467,12.411,11.855,11.855,,,BISHAN STREET 11,13.587
bishan_street_11,Bishan Street 11,2202.0,30095.313,36560.705,11.451,11.571,11.571,,,BISHAN STREET 11,13.422
bishan_street_11,Bishan Street 11,2204.0,30096.245,36558.936,11.338,11.338,11.338,,,BISHAN STREET 11,13.242
bishan_street_11,Bishan Street 11,2206.0,30097.151,36557.153,11.163,11.163,11.163,,,BISHAN STREET 11,13.032
bishan_street_11,Bishan Street 11,2208.0,30098.057,36555.37,11.138,11.138,11.138,-5.313,1.0,BISHAN STREET 11,12.822
bishan_street_11,Bishan Street 11,2210.0,30098.963,36553.587,10.988,10.988,10.988,-3.906,1.0,BISHAN STREET 11,12.612
bishan_street_11,Bishan Street 11,2212.0,30099.869,36551.804,10.913,10.913,10.913,,,BISHAN STREET 11,12.402
bishan_street_11,Bishan Street 11,2214.0,30100.775,36550.021,10.851,10.851,10.851,,,BISHAN STREET 11,12.192
bishan_street_11,Bishan Street 11,2216.0,30101.745,36548.272,9.969,10.742,10.742,-4.844,1.0,BISHAN STREET 11,12.055
bishan_street_11,Bishan Street 11,2218.0,30102.749,36546.543,10.052,10.634,10.634,,,BISHAN STREET 11,11.957
bishan_street_11,Bishan Street 11,2220.0,30103.753,36544.813,10.526,10.526,10.526,,,BISHAN STREET 11,11.859
bishan_street_11,Bishan Street 11,2222.0,30104.758,36543.084,10.538,10.247,10.247,,,BISHAN STREET 11,11.76
bishan_street_11,Bishan Street 11,2224.0,30105.762,36541.354,9.969,9.969,10.082,-6.953,1.0,BISHAN STREET 11,11.662
bishan_street_11,Bishan Street 11,2226.0,30106.854,36539.68,9.844,9.844,9.988,-4.18,1.0,BISHAN STREET 11,11.668
bishan_street_11,Bishan Street 11,2228.0,30107.977,36538.025,10.082,10.082,9.969,-1.406,1.0,BISHAN STREET 11,11.709
bishan_street_11,Bishan Street 11,2230.0,30109.1,36536.37,9.988,9.988,9.969,-0.599,1.0,BISHAN STREET 11,11.751
bishan_street_11,Bishan Street 11,2232.0,30110.222,36534.714,9.969,9.969,9.969,-0.365,1.0,BISHAN STREET 11,11.733
bishan_street_11,Bishan Street 11,2234.0,30111.345,36533.059,9.819,9.819,9.94,,,BISHAN STREET 11,11.709
bishan_street_11,Bishan Street 11,2236.0,30112.551,36531.465,9.857,9.857,9.94,,,BISHAN STREET 11,11.788
bishan_street_11,Bishan Street 11,2238.0,30113.8,36529.904,9.438,9.94,9.94,2.083,1.0,BISHAN STREET 11,11.702
bishan_street_11,Bishan Street 11,2240.0,30115.049,36528.342,10.213,10.023,10.023,4.661,1.0,BISHAN STREET 11,11.511
bishan_street_11,Bishan Street 11,2242.0,30116.298,36526.78,10.107,10.107,10.107,,,BISHAN STREET 11,11.32
bishan_street_11,Bishan Street 11,2244.0,30117.548,36525.218,10.313,10.313,10.313,,,BISHAN STREET 11,10.935
bishan_street_11,Bishan Street 11,2246.0,30118.959,36523.811,10.469,10.469,10.401,3.672,1.0,BISHAN STREET 11,10.738
bishan_street_11,Bishan Street 11,2248.0,30120.461,36522.49,10.401,10.401,10.401,,,BISHAN STREET 11,10.666
bishan_street_11,Bishan Street 11,2250.0,30121.963,36521.17,10.563,10.563,10.401,,,BISHAN STREET 11,10.405
bishan_street_11,Bishan Street 11,2252.0,30123.466,36519.85,10.451,10.351,10.351,,,BISHAN STREET 11,10.115
bishan_street_11,Bishan Street 11,2254.0,30125.013,36518.59,10.332,10.138,10.138,,,BISHAN STREET 11,9.9
bishan_street_11,Bishan Street 11,2256.0,30126.722,36517.552,10.213,9.843,9.843,,,BISHAN STREET 11,9.692
bishan_street_11,Bishan Street 11,2258.0,30128.431,36516.513,10.426,9.548,9.548,,,BISHAN STREET 11,9.418
bishan_street_11,Bishan Street 11,2260.0,30130.14,36515.474,8.813,9.253,9.253,,,BISHAN STREET 11,9.144
bishan_street_11,Bishan Street 11,2262.0,30131.849,36514.435,8.738,8.958,8.958,,,BISHAN STREET 11,8.75
bishan_street_11,Bishan Street 11,2264.0,30133.63,36513.55,8.663,8.663,8.958,,,BISHAN STREET 11,8.418
bishan_street_11,Bishan Street 11,2266.0,30135.52,36512.896,8.607,8.933,8.958,,,BISHAN STREET 11,8.34
bishan_street_11,Bishan Street 11,2268.0,30137.41,36512.242,12.32,9.203,9.203,,,BISHAN STREET 11,8.261
bishan_street_11,Bishan Street 11,2270.0,30139.3,36511.587,12.285,9.243,9.243,,,BISHAN STREET 11,8.182
bishan_street_11,Bishan Street 11,2272.0,30141.19,36510.933,13.48,9.283,9.283,,,BISHAN STREET 11,8.103
bishan_street_11,Bishan Street 11,2274.0,30143.081,36510.281,10.99,9.323,9.323,,,BISHAN STREET 11,8.027
bishan_street_11,Bishan Street 11,2276.0,30145.037,36509.865,11.081,9.363,9.363,,,BISHAN STREET 11,8.195
bishan_street_11,Bishan Street 11,2278.0,30146.993,36509.449,11.081,9.403,9.403,,,BISHAN STREET 11,8.363
bishan_street_11,Bishan Street 11,2280.0,30148.95,36509.033,9.443,9.443,9.403,,,BISHAN STREET 11,8.532
bishan_street_11,Bishan Street 11,2282.0,30150.906,36508.617,9.415,9.415,9.403,,,BISHAN STREET 11,8.7
bishan_street_11,Bishan Street 11,2284.0,30152.863,36508.208,9.386,9.204,9.204,,,BISHAN STREET 11,8.875
bishan_street_11,Bishan Street 11,2286.0,30154.85,36507.98,9.343,8.993,8.993,,,BISHAN STREET 11,9.232
bishan_street_11,Bishan Street 11,2288.0,30156.837,36507.752,8.088,8.783,8.783,,,BISHAN STREET 11,9.589
bishan_street_11,Bishan Street 11,2290.0,30158.824,36507.524,11.013,8.569,8.569,,,BISHAN STREET 11,9.947
bishan_street_11,Bishan Street 11,2292.0,30160.811,36507.296,8.356,8.356,8.569,,,BISHAN STREET 11,10.304
bishan_street_11,Bishan Street 11,2294.0,30162.798,36507.068,8.316,8.512,8.569,,,BISHAN STREET 11,10.661
bishan_street_11,Bishan Street 11,2296.0,30164.776,36506.778,9.053,8.668,8.668,1.23,1.0,BISHAN STREET 11,10.956
bishan_street_11,Bishan Street 11,2298.0,30166.746,36506.435,9.019,8.71,8.668,,,BISHAN STREET 11,11.197
bishan_street_11,Bishan Street 11,2300.0,30168.717,36506.091,8.753,8.753,8.668,,,BISHAN STREET 11,11.439
bishan_street_11,Bishan Street 11,2302.0,30170.687,36505.747,8.944,8.479,8.479,,,BISHAN STREET 11,11.68
bishan_street_11,Bishan Street 11,2304.0,30172.657,36505.404,8.499,8.205,8.205,-9.196,2.0,BISHAN STREET 11,11.921
bishan_street_11,Bishan Street 11,2306.0,30174.623,36505.04,7.932,7.932,7.932,,,BISHAN STREET 11,12.142
bishan_street_11,Bishan Street 11,2308.0,30176.58,36504.624,7.902,7.902,7.932,,,BISHAN STREET 11,12.23
bishan_street_11,Bishan Street 11,2310.0,30178.536,36504.209,7.852,7.852,7.932,1.271,1.0,BISHAN STREET 11,12.26
bishan_street_11,Bishan Street 11,2312.0,30180.493,36503.794,8.202,7.977,7.977,1.271,1.0,BISHAN STREET 11,12.289
bishan_street_11,Bishan Street 11,2314.0,30182.449,36503.379,8.102,8.102,8.034,,,BISHAN STREET 11,12.319
bishan_street_11,Bishan Street 11,2316.0,30184.405,36502.963,8.042,8.042,8.034,,,BISHAN STREET 11,12.349
bishan_street_11,Bishan Street 11,2318.0,30186.361,36502.544,7.149,8.034,8.034,-0.208,1.0,BISHAN STREET 11,12.374
bishan_street_11,Bishan Street 11,2320.0,30188.315,36502.118,7.107,8.025,8.025,-2.333,1.0,BISHAN STREET 11,12.392
bishan_street_11,Bishan Street 11,2322.0,30190.269,36501.691,8.017,8.017,8.017,,,BISHAN STREET 11,12.41
bishan_street_11,Bishan Street 11,2324.0,30192.225,36501.275,7.807,7.807,7.847,,,BISHAN STREET 11,12.439
bishan_street_11,Bishan Street 11,2326.0,30194.191,36500.908,7.847,7.847,7.807,-6.75,1.0,BISHAN STREET 11,12.518
bishan_street_11,Bishan Street 11,2328.0,30196.157,36500.542,7.637,7.637,7.637,-5.25,1.0,BISHAN STREET 11,12.597
bishan_street_11,Bishan Street 11,2330.0,30198.123,36500.175,7.477,7.477,7.477,-4.75,1.0,BISHAN STREET 11,12.677
bishan_street_11,Bishan Street 11,2332.0,30200.09,36499.809,7.427,7.427,7.427,-2.625,1.0,BISHAN STREET 11,12.756
bishan_street_11,Bishan Street 11,2334.0,30202.054,36499.433,7.387,7.387,7.427,-0.438,1.0,BISHAN STREET 11,12.826
bishan_street_11,Bishan Street 11,2336.0,30204.011,36499.02,7.417,7.417,7.427,0.562,1.0,BISHAN STREET 11,12.857
bishan_street_11,Bishan Street 11,2338.0,30205.967,36498.606,7.472,7.472,7.442,,,BISHAN STREET 11,12.889
bishan_street_11,Bishan Street 11,2340.0,30207.924,36498.192,7.442,7.442,7.472,,,BISHAN STREET 11,12.92
bishan_street_11,Bishan Street 11,2342.0,30209.881,36497.779,7.407,7.577,7.577,,,BISHAN STREET 11,12.951
bishan_street_11,Bishan Street 11,2344.0,30211.838,36497.365,7.512,7.713,7.713,,,BISHAN STREET 11,12.982
bishan_street_11,Bishan Street 11,2346.0,30213.795,36496.952,9.23,7.962,7.962,,,BISHAN STREET 11,13.014
bishan_street_11,Bishan Street 11,2348.0,30215.751,36496.538,9.297,8.211,8.211,,,BISHAN STREET 11,13.045
bishan_street_11,Bishan Street 11,2350.0,30217.708,36496.124,8.731,8.46,8.46,,,BISHAN STREET 11,13.076
bishan_street_11,Bishan Street 11,2352.0,30219.665,36495.711,9.609,8.596,8.46,,,BISHAN STREET 11,13.108
bishan_street_11,Bishan Street 11,2354.0,30221.622,36495.297,8.134,8.461,8.46,,,BISHAN STREET 11,13.139
bishan_street_11,Bishan Street 11,2356.0,30223.578,36494.884,8.326,8.326,8.326,,,BISHAN STREET 11,13.17
bishan_street_11,Bishan Street 11,2358.0,30225.535,36494.47,7.739,8.058,8.073,,,BISHAN STREET 11,13.202
bishan_street_11,Bishan Street 11,2360.0,30227.492,36494.056,7.789,7.789,8.058,,,BISHAN STREET 11,13.233
bishan_street_11,Bishan Street 11,2362.0,30229.445,36493.628,8.073,8.073,7.814,,,BISHAN STREET 11,13.249
bishan_street_11,Bishan Street 11,2364.0,30231.387,36493.149,8.68,7.814,7.789,,,BISHAN STREET 11,13.213
bishan_street_11,Bishan Street 11,2366.0,30233.329,36492.671,8.07,7.555,7.555,-9.727,2.0,BISHAN STREET 11,13.178
bishan_street_11,Bishan Street 11,2368.0,30235.271,36492.193,7.014,7.295,7.295,,,BISHAN STREET 11,13.143
bishan_street_11,Bishan Street 11,2370.0,30237.213,36491.714,7.036,7.036,7.036,,,BISHAN STREET 11,13.108
bishan_street_11,Bishan Street 11,2372.0,30239.155,36491.236,6.951,6.951,6.951,,,BISHAN STREET 11,13.073
bishan_street_11,Bishan Street 11,2374.0,30241.098,36490.762,6.938,6.938,6.938,,,BISHAN STREET 11,13.042
bishan_street_11,Bishan Street 11,2376.0,30243.048,36490.317,8.134,6.927,6.927,,,BISHAN STREET 11,13.041
bishan_street_11,Bishan Street 11,2378.0,30244.998,36489.871,7.823,6.916,6.916,-0.543,1.0,BISHAN STREET 11,13.04
bishan_street_11,Bishan Street 11,2380.0,30246.947,36489.426,7.852,6.905,6.905,,,BISHAN STREET 11,13.039
bishan_street_11,Bishan Street 11,2382.0,30248.897,36488.981,6.894,6.894,6.894,,,BISHAN STREET 11,13.038
bishan_street_11,Bishan Street 11,2384.0,30250.847,36488.536,6.853,6.853,6.853,,,BISHAN STREET 11,13.037
bishan_street_11,Bishan Street 11,2386.0,30252.797,36488.09,6.798,6.798,6.798,-1.979,1.0,BISHAN STREET 11,13.036
bishan_street_11,Bishan Street 11,2388.0,30254.745,36487.638,6.715,6.715,6.774,,,BISHAN STREET 11,13.027
bishan_street_11,Bishan Street 11,2390.0,30256.693,36487.185,6.774,6.774,6.736,,,BISHAN STREET 11,13.019
bishan_street_11,Bishan Street 11,2392.0,30258.641,36486.733,7.994,6.736,6.715,,,BISHAN STREET 11,13.01
bishan_street_11,Bishan Street 11,2394.0,30260.597,36486.315,9.44,6.698,6.698,,,BISHAN STREET 11,13.037
bishan_street_11,Bishan Street 11,2396.0,30262.553,36485.899,9.419,6.661,6.661,,,BISHAN STREET 11,13.066
bishan_street_11,Bishan Street 11,2398.0,30264.51,36485.483,6.565,6.623,6.624,,,BISHAN STREET 11,13.095
bishan_street_11,Bishan Street 11,2400.0,30266.466,36485.067,6.586,6.586,6.623,,,BISHAN STREET 11,13.124
bishan_street_11,Bishan Street 11,2402.0,30268.422,36484.651,6.624,6.624,6.586,,,BISHAN STREET 11,13.152
bishan_street_11,Bishan Street 11,2404.0,30270.378,36484.235,6.528,6.528,6.528,,,BISHAN STREET 11,13.181
bishan_street_11,Bishan Street 11,2406.0,30272.335,36483.819,6.519,6.519,6.519,,,BISHAN STREET 11,13.21
bishan_street_11,Bishan Street 11,2408.0,30274.291,36483.403,7.661,6.49,6.49,-1.198,1.0,BISHAN STREET 11,13.239
bishan_street_11,Bishan Street 11,2410.0,30276.247,36482.987,6.415,6.461,6.461,,,BISHAN STREET 11,13.268
bishan_street_11,Bishan Street 11,2412.0,30278.203,36482.571,6.432,6.432,6.432,,,BISHAN STREET 11,13.297
bishan_street_11,Bishan Street 11,2414.0,30280.16,36482.155,7.778,6.416,6.416,,,BISHAN STREET 11,13.325
bishan_street_11,Bishan Street 11,2416.0,30282.116,36481.739,9.436,6.401,6.401,-0.573,1.0,BISHAN STREET 11,13.354
bishan_street_11,Bishan Street 11,2418.0,30284.072,36481.323,6.382,6.385,6.386,,,BISHAN STREET 11,13.383
bishan_street_11,Bishan Street 11,2420.0,30286.026,36480.896,6.369,6.369,6.386,,,BISHAN STREET 11,13.4
bishan_street_11,Bishan Street 11,2422.0,30287.978,36480.459,8.886,6.386,6.386,,,BISHAN STREET 11,13.408
bishan_street_11,Bishan Street 11,2424.0,30289.929,36480.021,6.403,6.403,6.403,2.292,1.0,BISHAN STREET 11,13.415
bishan_street_11,Bishan Street 11,2426.0,30291.881,36479.584,6.578,6.578,6.569,,,BISHAN STREET 11,13.422
bishan_street_11,Bishan Street 11,2428.0,30293.832,36479.147,6.615,6.615,6.569,,,BISHAN STREET 11,13.429
bishan_street_11,Bishan Street 11,2430.0,30295.784,36478.71,7.219,6.569,6.569,-1.146,1.0,BISHAN STREET 11,13.436
bishan_street_11,Bishan Street 11,2432.0,30297.728,36478.241,6.232,6.523,6.523,-1.146,1.0,BISHAN STREET 11,13.411
bishan_street_11,Bishan Street 11,2434.0,30299.671,36477.765,6.478,6.478,6.478,,,BISHAN STREET 11,13.378
bishan_street_11,Bishan Street 11,2436.0,30301.614,36477.29,6.382,6.382,6.478,,,BISHAN STREET 11,13.346
bishan_street_11,Bishan Street 11,2438.0,30303.556,36476.814,6.375,6.375,6.478,,,BISHAN STREET 11,13.314
bishan_street_11,Bishan Street 11,2440.0,30305.499,36476.339,6.496,6.496,6.496,,,BISHAN STREET 11,13.282
bishan_street_11,Bishan Street 11,2442.0,30307.442,36475.863,7.775,6.553,6.553,1.481,1.0,BISHAN STREET 11,13.25
bishan_street_11,Bishan Street 11,2444.0,30309.414,36475.696,6.668,6.61,6.553,1.25,1.0,BISHAN STREET 11,13.525
bishan_street_11,Bishan Street 11,2446.0,30311.411,36475.794,6.668,6.668,6.596,,,BISHAN STREET 11,14.064
bishan_street_11,Bishan Street 11,2448.0,30313.409,36475.892,6.446,6.446,6.596,,,BISHAN STREET 11,14.603
bishan_street_11,Bishan Street 11,2450.0,30315.403,36475.991,6.596,6.596,6.596,0.0,1.0,BISHAN STREET 11,15.142
bishan_street_11,Bishan Street 11,2452.0,30313.511,36476.639,6.453,6.453,6.521,0.58,1.0,BISHAN STREET 11,15.354
bishan_street_11,Bishan Street 11,2454.0,30311.619,36477.287,6.739,6.739,6.596,1.786,1.0,BISHAN STREET 11,15.565
bishan_street_11,Bishan Street 11,2456.0,30309.727,36477.934,6.521,6.521,6.643,2.857,1.0,BISHAN STREET 11,15.777
bishan_street_11,Bishan Street 11,2458.0,30307.834,36478.582,6.768,6.768,6.739,2.143,1.0,BISHAN STREET 11,15.988
bishan_street_11,Bishan Street 11,2460.0,30305.942,36479.23,6.643,6.643,6.75,4.115,1.0,BISHAN STREET 11,16.199
bishan_street_11,Bishan Street 11,2462.0,30304.05,36479.878,6.75,6.75,6.768,,,BISHAN STREET 11,16.411
bishan_street_11,Bishan Street 11,2464.0,30302.158,36480.526,6.972,6.972,6.972,,,BISHAN STREET 11,16.622
bishan_street_11,Bishan Street 11,2466.0,30300.266,36481.173,6.75,7.018,7.018,,,BISHAN STREET 11,16.833
bishan_street_11,Bishan Street 11,2468.0,30298.373,36481.821,6.807,7.063,7.063,,,BISHAN STREET 11,17.045
bishan_street_11,Bishan Street 11,2470.0,30296.481,36482.469,6.952,7.272,7.272,,,BISHAN STREET 11,17.256
bishan_street_11,Bishan Street 11,2472.0,30294.589,36483.117,8.007,7.481,7.481,,,BISHAN STREET 11,17.468
bishan_street_11,Bishan Street 11,2474.0,30292.697,36483.764,8.003,7.69,7.69,,,BISHAN STREET 11,17.679
bishan_street_11,Bishan Street 11,2476.0,30290.805,36484.412,7.898,7.898,7.77,,,BISHAN STREET 11,17.89
bishan_street_11,Bishan Street 11,2478.0,30288.912,36485.06,8.053,8.053,7.898,,,BISHAN STREET 11,18.102
bishan_street_11,Bishan Street 11,2480.0,30287.02,36485.708,7.294,7.77,8.017,,,BISHAN STREET 11,18.313
bishan_street_11,Bishan Street 11,2482.0,30285.128,36486.356,7.488,8.017,8.053,7.396,1.0,BISHAN STREET 11,18.525
bishan_street_11,Bishan Street 11,2484.0,30283.236,36487.003,7.382,8.264,8.264,,,BISHAN STREET 11,18.736
bishan_street_11,Bishan Street 11,2486.0,30281.344,36487.651,8.511,8.511,8.49,,,BISHAN STREET 11,18.947
bishan_street_11,Bishan Street 11,2488.0,30279.452,36488.299,8.49,8.49,8.49,,,BISHAN STREET 11,19.159
bishan_street_11,Bishan Street 11,2490.0,30277.559,36488.947,8.615,8.615,8.49,,,BISHAN STREET 11,19.37
bishan_street_11,Bishan Street 11,2492.0,30275.667,36489.595,9.478,8.381,8.381,,,BISHAN STREET 11,19.582
bishan_street_11,Bishan Street 11,2494.0,30273.775,36490.242,8.648,8.146,8.146,-7.708,1.0,BISHAN STREET 11,19.793
bishan_street_11,Bishan Street 11,2496.0,30271.883,36490.89,7.761,7.912,7.912,,,BISHAN STREET 11,20.004
bishan_street_11,Bishan Street 11,2498.0,30269.991,36491.538,7.678,7.678,7.873,,,BISHAN STREET 11,20.216
bishan_street_11,Bishan Street 11,2500.0,30268.098,36492.186,7.753,7.753,7.873,,,BISHAN STREET 11,20.427
bishan_street_11,Bishan Street 11,2502.0,30266.206,36492.834,7.873,7.873,7.873,,,BISHAN STREET 11,20.638
bishan_street_11,Bishan Street 11,2504.0,30264.314,36493.481,7.878,7.878,7.878,,,BISHAN STREET 11,20.85
bishan_street_11,Bishan Street 11,2506.0,30262.422,36494.129,7.446,7.945,7.945,,,BISHAN STREET 11,21.061
bishan_street_11,Bishan Street 11,2508.0,30260.53,36494.777,7.251,8.013,8.013,3.385,1.0,BISHAN STREET 11,21.273
bishan_street_11,Bishan Street 11,2510.0,30258.638,36495.425,9.871,8.081,8.081,,,BISHAN STREET 11,21.484
bishan_street_11,Bishan Street 11,2512.0,30256.745,36496.073,8.148,8.148,8.148,,,BISHAN STREET 11,21.695
bishan_street_11,Bishan Street 11,2514.0,30254.853,36496.72,8.324,8.418,8.418,,,BISHAN STREET 11,21.907
bishan_street_11,Bishan Street 11,2516.0,30252.961,36497.368,8.566,8.687,8.687,,,BISHAN STREET 11,22.118
bishan_street_11,Bishan Street 11,2518.0,30251.069,36498.016,8.502,9.371,9.371,,,BISHAN STREET 11,22.33
bishan_street_11,Bishan Street 11,2520.0,30249.177,36498.664,9.552,10.055,10.055,,,BISHAN STREET 11,22.541
bishan_street_11,Bishan Street 11,2522.0,30247.284,36499.311,7.82,10.738,10.738,,,BISHAN STREET 11,22.752
bishan_street_11,Bishan Street 11,2524.0,30245.392,36499.959,8.495,,11.422,,,BISHAN STREET 11,22.964
bishan_street_11,Bishan Street 11,2526.0,30243.5,36500.607,12.47,12.106,12.106,,,BISHAN STREET 11,23.175
bishan_street_11,Bishan Street 11,2528.0,30241.608,36501.255,15.43,12.789,12.789,,,BISHAN STREET 11,23.386
bishan_street_11,Bishan Street 11,2530.0,30239.716,36501.903,15.793,13.473,13.473,,,BISHAN STREET 11,23.598
bishan_street_11,Bishan Street 11,2532.0,30237.823,36502.55,17.276,14.157,14.157,,,BISHAN STREET 11,23.809
bishan_street_11,Bishan Street 11,2534.0,30235.931,36503.198,19.926,14.366,14.31,,,BISHAN STREET 11,24.021
bishan_street_11,Bishan Street 11,2536.0,30234.039,36503.846,18.944,14.575,14.31,,,BISHAN STREET 11,24.232
bishan_street_11,Bishan Street 11,2538.0,30232.147,36504.494,18.844,14.31,14.31,,,BISHAN STREET 11,24.443
bishan_street_11,Bishan Street 11,2540.0,30230.255,36505.142,16.376,14.045,14.045,,,BISHAN STREET 11,24.655
bishan_street_11,Bishan Street 11,2542.0,30228.363,36505.789,18.354,13.779,13.779,,,BISHAN STREET 11,24.866
bishan_street_11,Bishan Street 11,2544.0,30226.47,36506.437,16.761,13.514,13.514,,,BISHAN STREET 11,25.078
bishan_street_11,Bishan Street 11,2546.0,30224.578,36507.085,20.719,13.249,13.249,,,BISHAN STREET 11,25.289
bishan_street_11,Bishan Street 11,2548.0,30222.686,36507.733,19.979,12.984,12.984,,,BISHAN STREET 11,25.5
bishan_street_11,Bishan Street 11,2550.0,30220.794,36508.381,14.947,12.719,12.719,,,BISHAN STREET 11,25.712
bishan_street_11,Bishan Street 11,2552.0,30218.902,36509.028,15.089,12.453,12.453,,,BISHAN STREET 11,25.923
bishan_street_11,Bishan Street 11,2554.0,30217.009,36509.676,8.692,12.188,12.188,,,BISHAN STREET 11,26.135
bishan_street_11,Bishan Street 11,2556.0,30215.117,36510.324,11.94,11.923,11.923,,,BISHAN STREET 11,26.346
bishan_street_11,Bishan Street 11,2558.0,30213.225,36510.972,11.115,11.658,11.906,,,BISHAN STREET 11,26.557
bishan_street_11,Bishan Street 11,2560.0,30211.333,36511.62,9.34,11.782,11.906,,,BISHAN STREET 11,26.769
bishan_street_11,Bishan Street 11,2562.0,30209.441,36512.267,11.636,11.906,11.906,,,BISHAN STREET 11,26.98
bishan_street_11,Bishan Street 11,2564.0,30207.549,36512.915,12.436,11.973,11.906,,,BISHAN STREET 11,27.191
bishan_street_11,Bishan Street 11,2566.0,30205.656,36513.563,12.736,12.04,11.906,,,BISHAN STREET 11,27.403
bishan_street_11,Bishan Street 11,2568.0,30203.764,36514.211,13.094,11.752,11.752,,,BISHAN STREET 11,27.614
bishan_street_11,Bishan Street 11,2570.0,30201.872,36514.858,12.332,11.465,11.465,,,BISHAN STREET 11,27.826
bishan_street_11,Bishan Street 11,2572.0,30199.98,36515.506,17.211,11.24,11.24,,,BISHAN STREET 11,28.037
bishan_street_11,Bishan Street 11,2574.0,30198.088,36516.154,9.086,11.016,11.016,,,BISHAN STREET 11,28.248
bishan_street_11,Bishan Street 11,2576.0,30196.195,36516.802,13.406,10.792,10.792,,,BISHAN STREET 11,28.46
bishan_street_11,Bishan Street 11,2578.0,30194.303,36517.45,8.506,10.568,10.568,,,BISHAN STREET 11,28.671
bishan_street_11,Bishan Street 11,2580.0,30192.411,36518.097,8.332,10.343,10.343,,,BISHAN STREET 11,28.883
bishan_street_11,Bishan Street 11,2582.0,30190.519,36518.745,8.482,10.119,10.119,,,BISHAN STREET 11,29.094
bishan_street_11,Bishan Street 11,2584.0,30188.627,36519.393,7.169,9.895,9.895,,,BISHAN STREET 11,29.305
bishan_street_11,Bishan Street 11,2586.0,30186.734,36520.041,7.619,9.671,9.671,,,BISHAN STREET 11,29.517
bishan_street_11,Bishan Street 11,2588.0,30184.842,36520.689,7.857,9.446,9.671,,,BISHAN STREET 11,29.728
bishan_street_11,Bishan Street 11,2590.0,30182.95,36521.336,8.049,9.623,9.671,,,BISHAN STREET 11,29.94
bishan_street_11,Bishan Street 11,2592.0,30181.058,36521.984,8.174,9.8,9.8,,,BISHAN STREET 11,30.151
bishan_street_11,Bishan Street 11,2594.0,30179.166,36522.632,8.965,10.281,10.281,,,BISHAN STREET 11,30.296
bishan_street_11,Bishan Street 11,2596.0,30177.274,36523.28,12.407,10.761,10.761,,,BISHAN STREET 11,30.368
bishan_street_11,Bishan Street 11,2598.0,30175.381,36523.928,12.915,11.241,11.241,,,BISHAN STREET 11,30.441
bishan_street_11,Bishan Street 11,2600.0,30173.489,36524.575,13.182,11.721,11.721,,,BISHAN STREET 11,30.513
bishan_street_11,Bishan Street 11,2602.0,30171.597,36525.223,13.382,12.201,12.201,,,BISHAN STREET 11,30.585
bishan_street_11,Bishan Street 11,2604.0,30169.705,36525.871,12.263,12.681,12.681,,,BISHAN STREET 11,30.658
bishan_street_11,Bishan Street 11,2606.0,30167.813,36526.519,12.169,13.161,13.051,,,BISHAN STREET 11,30.73
bishan_street_11,Bishan Street 11,2608.0,30165.92,36527.167,13.051,13.051,13.161,,,BISHAN STREET 11,30.803
bishan_street_11,Bishan Street 11,2610.0,30164.028,36527.814,12.833,13.262,13.262,,,BISHAN STREET 11,30.875
bishan_street_11,Bishan Street 11,2612.0,30162.136,36528.462,13.243,13.472,13.472,,,BISHAN STREET 11,30.947
bishan_street_11,Bishan Street 11,2614.0,30160.244,36529.11,13.368,14.395,14.395,,,BISHAN STREET 11,31.019
bishan_street_11,Bishan Street 11,2616.0,30158.352,36529.758,13.238,15.317,15.317,,,BISHAN STREET 11,31.091
bishan_street_11,Bishan Street 11,2618.0,30156.459,36530.405,12.608,16.24,16.24,,,BISHAN STREET 11,31.163
bishan_street_11,Bishan Street 11,2620.0,30154.567,36531.053,20.052,17.162,17.162,,,BISHAN STREET 11,31.235
bishan_street_11,Bishan Street 11,2622.0,30152.675,36531.701,25.259,18.084,18.084,,,BISHAN STREET 11,31.307
bishan_street_11,Bishan Street 11,2624.0,30150.783,36532.349,28.406,19.007,19.007,,,BISHAN STREET 11,31.379
bishan_street_11,Bishan Street 11,2626.0,30148.891,36532.997,28.47,,19.929,,,BISHAN STREET 11,31.451
bishan_street_11,Bishan Street 11,2628.0,30146.999,36533.644,27.973,20.852,20.852,,,BISHAN STREET 11,31.523
bishan_street_11,Bishan Street 11,2630.0,30145.106,36534.292,24.541,21.774,21.774,,,BISHAN STREET 11,31.595
bishan_street_11,Bishan Street 11,2632.0,30143.214,36534.94,27.941,22.696,22.696,,,BISHAN STREET 11,31.667
bishan_street_11,Bishan Street 11,2634.0,30141.322,36535.588,31.313,23.619,22.696,,,BISHAN STREET 11,31.739
bishan_street_11,Bishan Street 11,2636.0,30139.43,36536.236,31.009,23.064,22.696,,,BISHAN STREET 11,31.811
bishan_street_11,Bishan Street 11,2638.0,30137.538,36536.883,26.781,22.51,22.51,,,BISHAN STREET 11,31.73
bishan_street_11,Bishan Street 11,2640.0,30135.645,36537.531,17.97,21.955,21.955,,,BISHAN STREET 11,31.573
bishan_street_11,Bishan Street 11,2642.0,30133.753,36538.179,19.335,,21.401,,,BISHAN STREET 11,31.091
bishan_street_11,Bishan Street 11,2644.0,30131.861,36538.827,17.03,,20.846,,,BISHAN STREET 11,30.529
bishan_street_11,Bishan Street 11,2646.0,30129.969,36539.475,24.75,,20.292,,,BISHAN STREET 11,29.834
bishan_street_11,Bishan Street 11,2648.0,30128.077,36540.122,16.415,19.737,19.737,,,BISHAN STREET 11,29.065
bishan_street_11,Bishan Street 11,2650.0,30126.185,36540.77,22.12,19.183,19.183,,,BISHAN STREET 11,28.158
bishan_street_11,Bishan Street 11,2652.0,30124.292,36541.418,17.795,18.628,18.628,,,BISHAN STREET 11,27.111
bishan_street_11,Bishan Street 11,2654.0,30122.4,36542.066,14.157,18.074,18.353,,,BISHAN STREET 11,25.928
bishan_street_11,Bishan Street 11,2656.0,30120.508,36542.714,12.026,18.353,18.244,,,BISHAN STREET 11,24.745
bishan_street_11,Bishan Street 11,2658.0,30118.616,36543.361,18.632,18.244,18.136,,,BISHAN STREET 11,23.539
bishan_street_11,Bishan Street 11,2660.0,30116.724,36544.009,18.594,18.136,18.136,,,BISHAN STREET 11,22.304
bishan_street_11,Bishan Street 11,2662.0,30114.831,36544.657,17.482,17.232,17.232,,,BISHAN STREET 11,21.069
bishan_street_11,Bishan Street 11,2664.0,30112.939,36545.305,19.288,16.328,16.328,,,BISHAN STREET 11,19.833
bishan_street_11,Bishan Street 11,2666.0,30111.047,36545.952,18.451,15.425,15.425,,,BISHAN STREET 11,18.598
bishan_street_11,Bishan Street 11,2668.0,30109.155,36546.6,19.069,,14.521,,,BISHAN STREET 11,17.363
bishan_street_11,Bishan Street 11,2670.0,30107.263,36547.248,17.213,,13.617,,,BISHAN STREET 11,16.128
bishan_street_11,Bishan Street 11,2672.0,30105.37,36547.896,15.182,12.713,12.713,,,BISHAN STREET 11,14.892
bishan_street_11,Bishan Street 11,2674.0,30103.478,36548.544,10.519,11.81,11.81,,,BISHAN STREET 11,13.657
bishan_street_11,Bishan Street 11,2676.0,30101.586,36549.191,9.936,10.906,10.906,,,BISHAN STREET 11,12.422
bishan_street_11,Bishan Street 11,2678.0,30099.694,36549.839,10.002,10.002,10.236,,,BISHAN STREET 11,11.187
bishan_street_11,Bishan Street 11,2680.0,30097.802,36550.487,10.136,10.136,10.136,,,BISHAN STREET 11,9.952
bishan_street_11,Bishan Street 11,2682.0,30095.91,36551.135,10.236,10.236,10.136,-0.833,1.0,BISHAN STREET 11,8.716
bishan_street_11,Bishan Street 11,2684.0,30094.017,36551.783,10.061,10.061,10.169,0.417,1.0,BISHAN STREET 11,7.481
bishan_street_11,Bishan Street 11,2686.0,30092.125,36552.43,10.186,10.186,10.169,0.625,1.0,BISHAN STREET 11,6.246
bishan_street_11,Bishan Street 11,2688.0,30090.233,36553.078,10.169,10.169,10.169,0.863,1.0,BISHAN STREET 11,5.011
bishan_street_11,Bishan Street 11,2690.0,30088.341,36553.726,10.136,10.136,10.186,1.176,1.0,BISHAN STREET 11,3.775
bishan_street_11,Bishan Street 11,2692.0,30086.449,36554.374,10.238,10.238,10.238,1.801,1.0,BISHAN STREET 11,2.54
bishan_street_11,Bishan Street 11,2694.0,30084.556,36555.022,10.263,10.263,10.263,1.592,1.0,BISHAN STREET 11,1.305
bishan_street_11,Bishan Street 11,2696.0,30082.664,36555.669,10.394,10.394,10.313,1.094,1.0,BISHAN STREET 11,0.07
bishan_street_11,Bishan Street 11,2698.0,30080.772,36556.317,10.313,10.313,10.313,0.781,1.0,BISHAN STREET 11,1.166
bishan_street_11,Bishan Street 11,2700.0,30078.88,36556.965,10.326,10.326,10.326,,,BISHAN STREET 11,2.401
bishan_street_11,Bishan Street 11,2702.0,30076.988,36557.613,10.286,10.286,10.326,,,BISHAN STREET 11,3.636
bishan_street_11,Bishan Street 11,2704.0,30075.096,36558.261,10.886,10.527,10.527,,,BISHAN STREET 11,4.871
bishan_street_11,Bishan Street 11,2706.0,30073.203,36558.908,10.602,11.43,11.43,,,BISHAN STREET 11,6.107
bishan_street_11,Bishan Street 11,2708.0,30071.311,36559.556,10.719,12.334,12.334,,,BISHAN STREET 11,7.342
bishan_street_11,Bishan Street 11,2710.0,30069.419,36560.204,10.719,13.237,13.237,,,BISHAN STREET 11,8.577
bishan_street_11,Bishan Street 11,2712.0,30067.527,36560.852,12.726,14.14,14.14,,,BISHAN STREET 11,9.812
bishan_street_11,Bishan Street 11,2714.0,30065.635,36561.499,15.038,15.044,15.044,,,BISHAN STREET 11,11.048
bishan_street_11,Bishan Street 11,2716.0,30063.742,36562.147,13.894,15.947,15.947,,,BISHAN STREET 11,12.283
bishan_street_11,Bishan Street 11,2718.0,30061.85,36562.795,12.119,16.983,16.983,,,BISHAN STREET 11,13.518
bishan_street_11,Bishan Street 11,2720.0,30059.958,36563.443,12.576,18.018,18.018,,,BISHAN STREET 11,14.753
bishan_street_11,Bishan Street 11,2722.0,30058.066,36564.091,22.27,19.054,19.054,,,BISHAN STREET 11,15.988
bishan_street_11,Bishan Street 11,2724.0,30056.174,36564.738,22.605,20.09,20.09,,,BISHAN STREET 11,17.224
bishan_street_11,Bishan Street 11,2726.0,30054.281,36565.386,22.845,21.125,21.125,,,BISHAN STREET 11,18.459
bishan_street_11,Bishan Street 11,2728.0,30052.389,36566.034,24.41,22.161,22.161,,,BISHAN STREET 11,19.694
bishan_street_11,Bishan Street 11,2730.0,30050.497,36566.682,24.44,23.197,23.197,,,BISHAN STREET 11,20.929
bishan_street_11,Bishan Street 11,2732.0,30048.605,36567.33,24.68,24.233,24.025,,,BISHAN STREET 11,22.165
bishan_street_11,Bishan Street 11,2734.0,30046.713,36567.977,24.025,24.025,24.074,,,BISHAN STREET 11,23.4
bishan_street_11,Bishan Street 11,2736.0,30044.821,36568.625,21.238,24.074,24.123,,,BISHAN STREET 11,24.635
bishan_street_11,Bishan Street 11,2738.0,30042.928,36569.273,25.476,24.123,24.123,,,BISHAN STREET 11,25.87
bishan_street_11,Bishan Street 11,2740.0,30041.036,36569.921,21.288,24.171,24.171,,,BISHAN STREET 11,27.106
bishan_street_11,Bishan Street 11,2742.0,30039.144,36570.569,19.951,24.22,24.22,,,BISHAN STREET 11,28.341
bishan_street_11,Bishan Street 11,2744.0,30037.252,36571.216,23.251,24.269,24.269,,,BISHAN STREET 11,29.576
bishan_street_11,Bishan Street 11,2746.0,30035.36,36571.864,24.724,24.318,24.318,,,BISHAN STREET 11,30.811
bishan_street_11,Bishan Street 11,2748.0,30033.467,36572.512,15.0,24.366,24.366,,,BISHAN STREET 11,32.047
bishan_street_11,Bishan Street 11,2750.0,30031.575,36573.16,15.5,24.415,24.415,,,BISHAN STREET 11,33.282
bishan_street_11,Bishan Street 11,2752.0,30029.683,36573.808,24.296,24.464,24.464,,,BISHAN STREET 11,34.517
bishan_street_11,Bishan Street 11,2754.0,30027.791,36574.455,24.513,24.513,24.464,,,BISHAN STREET 11,35.752
bishan_street_11,Bishan Street 11,2756.0,30025.899,36575.103,24.488,24.488,24.464,,,BISHAN STREET 11,36.988
bishan_street_11,Bishan Street 11,2758.0,30024.007,36575.751,24.438,24.438,24.438,,,BISHAN STREET 11,38.223
bishan_street_11,Bishan Street 11,2760.0,30022.114,36576.399,24.746,24.194,24.194,,,BISHAN STREET 11,39.458
bishan_street_11,Bishan Street 11,2762.0,30020.222,36577.047,29.21,23.951,23.951,,,BISHAN STREET 11,40.693
bishan_street_11,Bishan Street 11,2764.0,30018.33,36577.694,42.012,23.673,23.673,,,BISHAN STREET 11,41.933
bishan_street_11,Bishan Street 11,2766.0,30016.438,36578.342,42.012,23.34,23.34,,,BISHAN STREET 11,43.218
bishan_street_11,Bishan Street 11,2768.0,30014.546,36578.99,,23.007,23.007,,,BISHAN STREET 11,44.537
bishan_street_11,Bishan Street 11,2770.0,30012.653,36579.638,,22.674,22.674,,,BISHAN STREET 11,45.855
bishan_street_11,Bishan Street 11,2772.0,30010.761,36580.285,,22.308,22.308,,,BISHAN STREET 11,47.174
bishan_street_11,Bishan Street 11,2774.0,30008.869,36580.933,,21.943,21.943,,,BISHAN STREET 11,48.493
bishan_street_11,Bishan Street 11,2776.0,30006.977,36581.581,,21.577,21.577,,,BISHAN STREET 11,49.811
bishan_street_11,Bishan Street 11,2778.0,30005.085,36582.229,,21.212,21.212,,,BISHAN STREET 11,51.13
bishan_street_11,Bishan Street 11,2780.0,30003.192,36582.877,,20.838,20.838,,,BISHAN STREET 11,52.449
bishan_street_11,Bishan Street 11,2782.0,30001.3,36583.524,,20.463,20.463,,,BISHAN STREET 11,53.767
bishan_street_11,Bishan Street 11,2784.0,29999.408,36584.172,,20.088,20.088,,,BISHAN STREET 11,55.018
bishan_street_11,Bishan Street 11,2786.0,29997.516,36584.82,,,19.901,,,BISHAN STREET 11,55.956
bishan_street_11,Bishan Street 11,2788.0,29995.624,36585.468,,,19.714,,,BISHAN STREET 11,55.987
bishan_street_11,Bishan Street 11,2790.0,29993.732,36586.116,,,19.526,,,BISHAN STREET 11,55.813
bishan_street_11,Bishan Street 11,2792.0,29991.839,36586.763,,,,,,BISHAN STREET 11,55.589
bishan_street_11,Bishan Street 11,2794.0,29989.947,36587.411,,,,,,BISHAN STREET 11,55.366
bishan_street_11,Bishan Street 11,2796.0,29988.055,36588.059,,,17.279,,,BISHAN STREET 11,55.143
bishan_street_11,Bishan Street 11,2798.0,29986.163,36588.707,,,17.091,,,BISHAN STREET 11,54.92
bishan_street_11,Bishan Street 11,2800.0,29984.271,36589.355,,,16.904,,,BISHAN STREET 11,54.696
bishan_street_11,Bishan Street 11,2802.0,29982.378,36590.002,,16.717,16.717,,,BISHAN STREET 11,54.473
bishan_street_11,Bishan Street 11,2804.0,29980.486,36590.65,,16.342,16.342,,,BISHAN STREET 11,54.25
bishan_street_11,Bishan Street 11,2806.0,29978.594,36591.298,,15.967,15.967,,,BISHAN STREET 11,54.027
bishan_street_11,Bishan Street 11,2808.0,29976.702,36591.946,15.593,15.593,15.65,,,BISHAN STREET 11,53.804
bishan_street_11,Bishan Street 11,2810.0,29974.81,36592.594,15.65,15.65,15.65,,,BISHAN STREET 11,53.58
bishan_street_11,Bishan Street 11,2812.0,29972.918,36593.241,15.65,15.65,15.65,,,BISHAN STREET 11,53.357
bishan_street_11,Bishan Street 11,2814.0,29971.025,36593.889,17.075,15.705,15.705,,,BISHAN STREET 11,53.135
bishan_street_11,Bishan Street 11,2816.0,29969.133,36594.537,15.6,15.76,15.76,,,BISHAN STREET 11,52.912
bishan_street_11,Bishan Street 11,2818.0,29967.241,36595.185,16.675,15.815,15.815,,,BISHAN STREET 11,52.689
bishan_street_11,Bishan Street 11,2820.0,29965.349,36595.832,16.125,15.87,15.815,,,BISHAN STREET 11,52.467
bishan_street_11,Bishan Street 11,2822.0,29963.457,36596.48,15.925,15.925,15.815,,,BISHAN STREET 11,52.244
bishan_street_11,Bishan Street 11,2824.0,29961.564,36597.128,19.1,15.738,15.738,,,BISHAN STREET 11,52.021
bishan_street_11,Bishan Street 11,2826.0,29959.672,36597.776,18.15,15.55,15.55,-5.656,1.0,BISHAN STREET 11,51.799
bishan_street_11,Bishan Street 11,2828.0,29957.78,36598.424,18.363,15.363,15.363,-4.687,1.0,BISHAN STREET 11,51.576
bishan_street_11,Bishan Street 11,2830.0,29955.888,36599.071,15.175,15.175,15.363,-2.187,1.0,BISHAN STREET 11,51.353
bishan_street_11,Bishan Street 11,2832.0,29953.996,36599.719,15.325,15.325,15.363,,,BISHAN STREET 11,51.13
bishan_street_11,Bishan Street 11,2834.0,29952.103,36600.367,15.375,15.375,15.375,,,BISHAN STREET 11,50.908
bishan_street_11,Bishan Street 11,2836.0,29950.211,36601.015,15.388,15.638,15.638,,,BISHAN STREET 11,50.685
bishan_street_11,Bishan Street 11,2838.0,29948.319,36601.663,15.963,16.061,16.061,,,BISHAN STREET 11,50.462
bishan_street_11,Bishan Street 11,2840.0,29946.427,36602.31,15.625,16.484,16.484,,,BISHAN STREET 11,50.24
bishan_street_11,Bishan Street 11,2842.0,29944.535,36602.958,15.525,16.907,16.907,,,BISHAN STREET 11,50.017
bishan_street_11,Bishan Street 11,2844.0,29942.643,36603.606,15.375,17.251,17.251,,,BISHAN STREET 11,49.794
bishan_street_11,Bishan Street 11,2846.0,29940.75,36604.254,19.35,17.596,17.596,,,BISHAN STREET 11,49.572
bishan_street_11,Bishan Street 11,2848.0,29938.858,36604.902,19.213,17.94,17.94,,,BISHAN STREET 11,49.349
bishan_street_11,Bishan Street 11,2850.0,29936.966,36605.549,19.225,18.284,18.284,,,BISHAN STREET 11,49.126
bishan_street_11,Bishan Street 11,2852.0,29935.074,36606.197,22.358,18.629,18.629,,,BISHAN STREET 11,48.904
bishan_street_11,Bishan Street 11,2854.0,29933.182,36606.845,,18.672,18.672,,,BISHAN STREET 11,48.681
bishan_street_11,Bishan Street 11,2856.0,29931.289,36607.493,,18.715,18.715,,,BISHAN STREET 11,48.458
bishan_street_11,Bishan Street 11,2858.0,29929.397,36608.141,,18.91,18.91,,,BISHAN STREET 11,48.236
bishan_street_11,Bishan Street 11,2860.0,29927.505,36608.788,16.957,19.105,19.105,,,BISHAN STREET 11,48.013
bishan_street_11,Bishan Street 11,2862.0,29925.613,36609.436,16.257,19.463,19.463,,,BISHAN STREET 11,47.79
bishan_street_11,Bishan Street 11,2864.0,29923.721,36610.084,16.161,19.82,19.82,,,BISHAN STREET 11,47.568
bishan_street_11,Bishan Street 11,2866.0,29921.829,36610.732,15.719,20.177,20.177,,,BISHAN STREET 11,47.345
bishan_street_11,Bishan Street 11,2868.0,29919.936,36611.379,25.002,20.534,20.534,,,BISHAN STREET 11,47.122
bishan_street_11,Bishan Street 11,2870.0,29918.044,36612.027,16.848,20.892,20.892,,,BISHAN STREET 11,46.9
bishan_street_11,Bishan Street 11,2872.0,29916.152,36612.675,17.866,21.249,21.249,,,BISHAN STREET 11,46.677
bishan_street_11,Bishan Street 11,2874.0,29914.26,36613.323,17.376,21.606,21.606,,,BISHAN STREET 11,46.454
bishan_street_11,Bishan Street 11,2876.0,29912.368,36613.971,22.171,21.964,21.964,,,BISHAN STREET 11,46.232
bishan_street_11,Bishan Street 11,2878.0,29910.475,36614.618,23.125,22.321,22.321,,,BISHAN STREET 11,46.009
bishan_street_11,Bishan Street 11,2880.0,29908.583,36615.266,26.621,22.678,22.678,,,BISHAN STREET 11,45.786
bishan_street_11,Bishan Street 11,2882.0,29906.691,36615.914,27.606,22.727,22.678,,,BISHAN STREET 11,45.564
bishan_street_11,Bishan Street 11,2884.0,29904.799,36616.562,23.637,22.775,22.678,,,BISHAN STREET 11,45.341
bishan_street_11,Bishan Street 11,2886.0,29902.907,36617.21,23.883,22.515,22.515,,,BISHAN STREET 11,45.118
bishan_street_11,Bishan Street 11,2888.0,29901.014,36617.857,24.216,22.254,22.254,,,BISHAN STREET 11,44.896
bishan_street_11,Bishan Street 11,2890.0,29899.122,36618.505,17.837,21.994,21.994,,,BISHAN STREET 11,44.673
bishan_street_11,Bishan Street 11,2892.0,29897.23,36619.153,18.141,21.746,21.746,,,BISHAN STREET 11,44.45
bishan_street_11,Bishan Street 11,2894.0,29895.338,36619.801,17.296,21.498,21.498,,,BISHAN STREET 11,44.228
bishan_street_11,Bishan Street 11,2896.0,29893.446,36620.449,17.981,21.25,21.25,,,BISHAN STREET 11,44.005
bishan_street_11,Bishan Street 11,2898.0,29891.554,36621.096,18.216,21.002,21.002,,,BISHAN STREET 11,43.782
bishan_street_11,Bishan Street 11,2900.0,29889.661,36621.744,16.837,20.754,20.754,,,BISHAN STREET 11,43.56
bishan_street_11,Bishan Street 11,2902.0,29887.769,36622.392,18.501,20.506,20.506,,,BISHAN STREET 11,43.337
bishan_street_11,Bishan Street 11,2904.0,29885.877,36623.04,21.521,20.258,20.258,,,BISHAN STREET 11,43.114
bishan_street_11,Bishan Street 11,2906.0,29883.985,36623.688,20.216,20.01,20.01,,,BISHAN STREET 11,42.892
bishan_street_11,Bishan Street 11,2908.0,29882.093,36624.335,21.036,19.694,19.694,,,BISHAN STREET 11,42.669
bishan_street_11,Bishan Street 11,2910.0,29880.2,36624.983,20.961,19.378,19.378,,,BISHAN STREET 11,42.446
bishan_street_11,Bishan Street 11,2912.0,29878.308,36625.631,21.828,18.675,18.675,,,BISHAN STREET 11,42.224
bishan_street_11,Bishan Street 11,2914.0,29876.416,36626.279,20.419,17.972,17.972,,,BISHAN STREET 11,42.001
bishan_street_11,Bishan Street 11,2916.0,29874.524,36626.926,18.687,17.269,17.269,,,BISHAN STREET 11,41.778
bishan_street_11,Bishan Street 11,2992.0,29802.621,36651.543,14.149,,16.917,,,BISHAN STREET 11,33.197
bishan_street_11,Bishan Street 11,2994.0,29800.729,36652.19,15.687,,16.566,,,BISHAN STREET 11,32.974
bishan_street_11,Bishan Street 11,2996.0,29798.836,36652.838,11.674,,15.862,,,BISHAN STREET 11,32.751
bishan_street_11,Bishan Street 11,2998.0,29796.944,36653.486,12.927,,13.753,,,BISHAN STREET 11,32.528
bishan_street_11,Bishan Street 11,3000.0,29795.052,36654.134,12.197,,13.049,,,BISHAN STREET 11,32.305
bishan_street_11,Bishan Street 11,3002.0,29793.16,36654.782,10.382,,12.698,,,BISHAN STREET 11,32.081
bishan_street_11,Bishan Street 11,3004.0,29791.268,36655.429,9.797,12.346,12.346,,,BISHAN STREET 11,31.858
bishan_street_11,Bishan Street 11,3006.0,29789.376,36656.077,9.327,11.643,11.643,,,BISHAN STREET 11,31.635
bishan_street_11,Bishan Street 11,3008.0,29787.483,36656.725,9.302,10.94,10.94,,,BISHAN STREET 11,31.412
bishan_street_11,Bishan Street 11,3010.0,29785.591,36657.373,11.567,10.237,10.333,,,BISHAN STREET 11,31.189
bishan_street_11,Bishan Street 11,3012.0,29783.699,36658.02,8.887,10.16,10.333,,,BISHAN STREET 11,30.966
bishan_street_11,Bishan Street 11,3014.0,29781.807,36658.668,9.307,10.333,10.333,,,BISHAN STREET 11,30.742
bishan_street_11,Bishan Street 11,3016.0,29779.915,36659.316,8.642,10.506,10.506,,,BISHAN STREET 11,30.519
bishan_street_11,Bishan Street 11,3018.0,29778.022,36659.964,12.821,10.895,10.895,,,BISHAN STREET 11,30.296
bishan_street_11,Bishan Street 11,3020.0,29776.13,36660.612,12.896,11.284,11.284,,,BISHAN STREET 11,30.073
bishan_street_11,Bishan Street 11,3022.0,29774.238,36661.259,12.746,11.674,11.674,,,BISHAN STREET 11,29.85
bishan_street_11,Bishan Street 11,3024.0,29772.346,36661.907,17.242,12.063,12.063,,,BISHAN STREET 11,29.627
bishan_street_11,Bishan Street 11,3026.0,29770.454,36662.555,12.859,12.452,12.452,,,BISHAN STREET 11,29.403
bishan_street_11,Bishan Street 11,3028.0,29768.561,36663.203,18.659,12.842,12.842,,,BISHAN STREET 11,29.18
bishan_street_11,Bishan Street 11,3030.0,29766.669,36663.851,12.234,13.231,13.231,,,BISHAN STREET 11,28.957
bishan_street_11,Bishan Street 11,3032.0,29764.777,36664.498,13.417,13.417,13.417,,,BISHAN STREET 11,28.734
bishan_street_11,Bishan Street 11,3034.0,29762.885,36665.146,13.846,13.633,13.633,6.871,1.0,BISHAN STREET 11,28.511
bishan_street_11,Bishan Street 11,3036.0,29760.993,36665.794,17.784,13.849,13.78,,,BISHAN STREET 11,28.288
bishan_street_11,Bishan Street 11,3038.0,29759.101,36666.442,13.851,13.851,13.78,,,BISHAN STREET 11,28.065
bishan_street_11,Bishan Street 11,3040.0,29757.208,36667.09,12.884,13.78,13.78,,,BISHAN STREET 11,27.841
bishan_street_11,Bishan Street 11,3042.0,29755.316,36667.737,15.28,13.71,13.71,-2.662,1.0,BISHAN STREET 11,27.618
bishan_street_11,Bishan Street 11,3044.0,29753.424,36668.385,13.819,13.639,13.639,,,BISHAN STREET 11,27.395
bishan_street_11,Bishan Street 11,3046.0,29751.532,36669.033,10.969,13.568,13.568,,,BISHAN STREET 11,27.172
bishan_street_11,Bishan Street 11,3048.0,29749.64,36669.681,10.919,13.316,13.316,,,BISHAN STREET 11,26.949
bishan_street_11,Bishan Street 11,3050.0,29747.747,36670.329,16.309,13.064,13.064,,,BISHAN STREET 11,26.726
bishan_street_11,Bishan Street 11,3052.0,29745.855,36670.976,12.812,12.812,12.812,,,BISHAN STREET 11,26.502
bishan_street_11,Bishan Street 11,3054.0,29743.963,36671.624,11.321,12.582,12.582,,,BISHAN STREET 11,26.279
bishan_street_11,Bishan Street 11,3056.0,29742.071,36672.272,12.338,12.351,12.351,,,BISHAN STREET 11,26.056
bishan_street_11,Bishan Street 11,3058.0,29740.179,36672.92,13.423,12.121,12.121,,,BISHAN STREET 11,25.833
bishan_street_11,Bishan Street 11,3060.0,29738.287,36673.567,11.378,11.89,11.941,,,BISHAN STREET 11,25.61
bishan_street_11,Bishan Street 11,3062.0,29736.394,36674.215,10.843,11.66,11.89,,,BISHAN STREET 11,25.387
bishan_street_11,Bishan Street 11,3064.0,29734.502,36674.863,15.578,11.941,11.802,,,BISHAN STREET 11,25.163
bishan_street_11,Bishan Street 11,3066.0,29732.61,36675.511,15.338,11.802,11.663,-4.584,1.0,BISHAN STREET 11,24.94
bishan_street_11,Bishan Street 11,3068.0,29730.718,36676.159,12.503,11.663,11.663,,,BISHAN STREET 11,24.717
bishan_street_11,Bishan Street 11,3070.0,29728.826,36676.806,11.523,11.523,11.523,,,BISHAN STREET 11,24.494
bishan_street_11,Bishan Street 11,3072.0,29726.933,36677.454,10.753,11.424,11.424,,,BISHAN STREET 11,24.271
bishan_street_11,Bishan Street 11,3074.0,29725.041,36678.102,10.675,11.324,11.324,-3.733,1.0,BISHAN STREET 11,24.049
bishan_street_11,Bishan Street 11,3076.0,29723.149,36678.75,11.488,11.225,11.225,,,BISHAN STREET 11,23.827
bishan_street_11,Bishan Street 11,3078.0,29721.257,36679.398,11.125,11.125,11.225,,,BISHAN STREET 11,23.604
bishan_street_11,Bishan Street 11,3080.0,29719.365,36680.045,16.181,11.166,11.225,,,BISHAN STREET 11,23.382
bishan_street_11,Bishan Street 11,3082.0,29717.472,36680.693,15.347,11.398,11.398,,,BISHAN STREET 11,23.16
bishan_street_11,Bishan Street 11,3084.0,29715.58,36681.341,11.249,11.63,11.63,,,BISHAN STREET 11,22.938
bishan_street_11,Bishan Street 11,3086.0,29713.688,36681.989,11.314,11.862,11.862,,,BISHAN STREET 11,22.716
bishan_street_11,Bishan Street 11,3088.0,29711.796,36682.637,11.369,12.077,12.077,,,BISHAN STREET 11,22.494
bishan_street_11,Bishan Street 11,3090.0,29709.904,36683.284,10.944,12.291,12.291,,,BISHAN STREET 11,22.272
bishan_street_11,Bishan Street 11,3092.0,29708.012,36683.932,14.714,12.506,12.506,,,BISHAN STREET 11,22.05
bishan_street_11,Bishan Street 11,3094.0,29706.119,36684.58,14.794,12.72,12.72,,,BISHAN STREET 11,21.827
bishan_street_11,Bishan Street 11,3096.0,29704.227,36685.228,15.16,12.935,12.935,,,BISHAN STREET 11,21.605
bishan_street_11,Bishan Street 11,3098.0,29702.335,36685.876,17.073,13.149,13.149,,,BISHAN STREET 11,21.383
bishan_street_11,Bishan Street 11,3100.0,29700.443,36686.523,18.123,13.364,13.364,,,BISHAN STREET 11,21.161
bishan_street_11,Bishan Street 11,3102.0,29698.551,36687.171,18.414,13.578,13.578,,,BISHAN STREET 11,20.939
bishan_street_11,Bishan Street 11,3104.0,29696.658,36687.819,15.644,13.793,13.793,,,BISHAN STREET 11,20.717
bishan_street_11,Bishan Street 11,3106.0,29694.766,36688.467,18.681,14.007,14.007,,,BISHAN STREET 11,20.494
bishan_street_11,Bishan Street 11,3108.0,29692.874,36689.115,21.127,14.222,14.007,,,BISHAN STREET 11,20.272
bishan_street_11,Bishan Street 11,3110.0,29690.982,36689.762,15.196,14.02,14.007,,,BISHAN STREET 11,20.05
bishan_street_11,Bishan Street 11,3112.0,29689.09,36690.41,9.94,13.819,13.819,,,BISHAN STREET 11,19.828
bishan_street_11,Bishan Street 11,3114.0,29687.198,36691.058,8.19,13.255,13.255,,,BISHAN STREET 11,19.606
bishan_street_11,Bishan Street 11,3116.0,29685.305,36691.706,8.015,12.691,12.691,,,BISHAN STREET 11,19.384
bishan_street_11,Bishan Street 11,3118.0,29683.413,36692.353,9.215,12.127,12.127,,,BISHAN STREET 11,19.162
bishan_street_11,Bishan Street 11,3120.0,29681.521,36693.001,8.477,,11.563,,,BISHAN STREET 11,18.939
bishan_street_11,Bishan Street 11,3122.0,29679.629,36693.649,8.415,10.999,10.999,,,BISHAN STREET 11,18.717
bishan_street_11,Bishan Street 11,3124.0,29677.737,36694.297,8.265,10.435,10.435,,,BISHAN STREET 11,18.495
bishan_street_11,Bishan Street 11,3126.0,29675.844,36694.945,9.492,9.871,9.871,,,BISHAN STREET 11,18.273
bishan_street_11,Bishan Street 11,3128.0,29673.952,36695.592,9.307,9.307,9.447,,,BISHAN STREET 11,18.051
bishan_street_11,Bishan Street 11,3130.0,29672.06,36696.24,9.337,9.337,9.447,,,BISHAN STREET 11,17.829
bishan_street_11,Bishan Street 11,3132.0,29670.168,36696.888,9.447,9.447,9.424,,,BISHAN STREET 11,17.607
bishan_street_11,Bishan Street 11,3134.0,29668.276,36697.536,9.497,9.497,9.447,,,BISHAN STREET 11,17.384
bishan_street_11,Bishan Street 11,3136.0,29666.383,36698.184,8.115,9.424,9.497,,,BISHAN STREET 11,17.162
bishan_street_11,Bishan Street 11,3138.0,29664.491,36698.831,8.658,9.543,9.543,,,BISHAN STREET 11,16.94
bishan_street_11,Bishan Street 11,3140.0,29662.599,36699.479,9.243,9.661,9.661,,,BISHAN STREET 11,16.718
bishan_street_11,Bishan Street 11,3142.0,29660.707,36700.127,9.206,9.939,9.939,,,BISHAN STREET 11,16.496
bishan_street_11,Bishan Street 11,3144.0,29658.815,36700.775,9.272,10.218,10.218,,,BISHAN STREET 11,16.274
bishan_street_11,Bishan Street 11,3146.0,29656.923,36701.423,10.386,10.497,10.497,,,BISHAN STREET 11,16.051
bishan_street_11,Bishan Street 11,3148.0,29655.03,36702.07,12.26,10.715,10.715,,,BISHAN STREET 11,15.829
bishan_street_11,Bishan Street 11,3150.0,29653.138,36702.718,13.945,10.932,10.932,,,BISHAN STREET 11,15.607
bishan_street_11,Bishan Street 11,3152.0,29651.246,36703.366,13.947,11.15,11.07,,,BISHAN STREET 11,15.384
bishan_street_11,Bishan Street 11,3154.0,29649.354,36704.014,12.317,11.368,11.07,,,BISHAN STREET 11,15.162
bishan_street_11,Bishan Street 11,3156.0,29647.462,36704.662,12.822,11.07,11.07,,,BISHAN STREET 11,14.939
bishan_street_11,Bishan Street 11,3158.0,29645.569,36705.309,13.25,10.773,10.773,,,BISHAN STREET 11,14.717
bishan_street_11,Bishan Street 11,3160.0,29643.677,36705.957,16.01,10.476,10.476,,,BISHAN STREET 11,14.494
bishan_street_11,Bishan Street 11,3162.0,29641.785,36706.605,15.39,10.178,10.178,,,BISHAN STREET 11,14.272
bishan_street_11,Bishan Street 11,3164.0,29639.893,36707.253,14.392,9.881,9.881,,,BISHAN STREET 11,14.05
bishan_street_11,Bishan Street 11,3166.0,29638.001,36707.9,12.359,9.583,9.583,,,BISHAN STREET 11,13.827
bishan_street_11,Bishan Street 11,3168.0,29636.109,36708.548,9.775,9.286,9.286,,,BISHAN STREET 11,13.605
bishan_street_11,Bishan Street 11,3170.0,29634.216,36709.196,10.264,8.989,8.989,,,BISHAN STREET 11,13.382
bishan_street_11,Bishan Street 11,3172.0,29632.324,36709.844,9.242,8.691,8.691,,,BISHAN STREET 11,13.16
bishan_street_11,Bishan Street 11,3174.0,29630.432,36710.492,8.164,8.394,8.394,,,BISHAN STREET 11,12.938
bishan_street_11,Bishan Street 11,3176.0,29628.54,36711.139,8.096,8.096,8.096,,,BISHAN STREET 11,12.715
bishan_street_11,Bishan Street 11,3178.0,29626.648,36711.787,8.054,8.054,8.054,,,BISHAN STREET 11,12.493
bishan_street_11,Bishan Street 11,3180.0,29624.755,36712.435,8.0,8.0,8.038,,,BISHAN STREET 11,12.27
bishan_street_11,Bishan Street 11,3182.0,29622.863,36713.083,9.06,8.019,8.038,0.039,1.0,BISHAN STREET 11,12.048
bishan_street_11,Bishan Street 11,3184.0,29620.971,36713.731,7.962,8.038,8.038,2.83,1.0,BISHAN STREET 11,11.825
bishan_street_11,Bishan Street 11,3186.0,29619.079,36714.378,8.057,8.057,8.057,,,BISHAN STREET 11,11.603
bishan_street_11,Bishan Street 11,3188.0,29617.187,36715.026,8.274,8.274,8.264,,,BISHAN STREET 11,11.381
bishan_street_11,Bishan Street 11,3190.0,29615.294,36715.674,8.482,8.482,8.264,1.031,1.0,BISHAN STREET 11,11.158
bishan_street_11,Bishan Street 11,3192.0,29613.402,36716.322,8.264,8.264,8.264,-1.75,1.0,BISHAN STREET 11,10.936
bishan_street_11,Bishan Street 11,3194.0,29611.51,36716.97,8.139,8.139,8.139,-4.607,1.0,BISHAN STREET 11,10.713
bishan_street_11,Bishan Street 11,3196.0,29609.618,36717.617,8.124,8.124,8.124,-7.465,1.0,BISHAN STREET 11,10.491
bishan_street_11,Bishan Street 11,3198.0,29607.726,36718.265,8.154,7.894,7.894,-5.902,1.0,BISHAN STREET 11,10.269
bishan_street_11,Bishan Street 11,3200.0,29605.834,36718.913,7.663,7.663,7.667,,,BISHAN STREET 11,10.046
bishan_street_11,Bishan Street 11,3202.0,29603.941,36719.561,7.585,7.585,7.667,,,BISHAN STREET 11,9.824
bishan_street_11,Bishan Street 11,3204.0,29602.049,36720.209,7.225,7.667,7.667,0.0,1.0,BISHAN STREET 11,9.601
bishan_street_11,Bishan Street 11,3206.0,29600.157,36720.856,7.657,7.749,7.667,,,BISHAN STREET 11,9.379
bishan_street_11,Bishan Street 11,3208.0,29598.265,36721.504,11.521,7.83,7.667,,,BISHAN STREET 11,9.157
bishan_street_11,Bishan Street 11,3210.0,29596.373,36722.152,8.004,7.544,7.544,,,BISHAN STREET 11,8.934
bishan_street_11,Bishan Street 11,3212.0,29594.48,36722.8,7.939,7.258,7.258,-8.003,1.0,BISHAN STREET 11,8.712
bishan_street_11,Bishan Street 11,3214.0,29592.588,36723.447,6.971,6.971,7.027,,,BISHAN STREET 11,8.489
bishan_street_11,Bishan Street 11,3216.0,29590.696,36724.095,6.95,6.95,7.027,,,BISHAN STREET 11,8.267
bishan_street_11,Bishan Street 11,3218.0,29588.804,36724.743,7.027,7.027,7.027,,,BISHAN STREET 11,8.045
bishan_street_11,Bishan Street 11,3220.0,29586.912,36725.391,7.011,7.297,7.297,,,BISHAN STREET 11,7.822
bishan_street_11,Bishan Street 11,3222.0,29585.019,36726.039,7.008,7.567,7.567,,,BISHAN STREET 11,7.6
bishan_street_11,Bishan Street 11,3224.0,29583.127,36726.686,6.799,7.861,7.861,,,BISHAN STREET 11,7.377
bishan_street_11,Bishan Street 11,3226.0,29581.235,36727.334,8.271,8.154,8.154,,,BISHAN STREET 11,7.155
bishan_street_11,Bishan Street 11,3228.0,29579.343,36727.982,8.311,8.223,8.223,,,BISHAN STREET 11,6.932
bishan_street_11,Bishan Street 11,3230.0,29577.451,36728.63,9.867,8.292,8.292,,,BISHAN STREET 11,6.71
bishan_street_11,Bishan Street 11,3232.0,29575.559,36729.278,11.942,8.361,8.361,,,BISHAN STREET 11,6.488
bishan_street_11,Bishan Street 11,3234.0,29573.666,36729.925,9.852,,8.431,,,BISHAN STREET 11,6.265
bishan_street_11,Bishan Street 11,3236.0,29571.774,36730.573,10.058,,8.5,,,BISHAN STREET 11,6.043
bishan_street_11,Bishan Street 11,3238.0,29571.408,36730.581,10.058,,8.569,,,BISHAN STREET 11,6.105
bishan_street_11,Bishan Street 11,3240.0,29573.197,36729.686,9.861,8.638,8.638,,,BISHAN STREET 11,6.601
bishan_street_11,Bishan Street 11,3242.0,29574.985,36728.791,9.883,8.707,8.707,,,BISHAN STREET 11,7.087
bishan_street_11,Bishan Street 11,3244.0,29576.774,36727.896,9.771,8.776,8.707,,,BISHAN STREET 11,7.573
bishan_street_11,Bishan Street 11,3246.0,29578.562,36727.001,9.767,8.845,8.707,,,BISHAN STREET 11,8.06
bishan_street_11,Bishan Street 11,3248.0,29580.351,36726.105,8.239,8.55,8.55,,,BISHAN STREET 11,8.546
bishan_street_11,Bishan Street 11,3250.0,29582.139,36725.21,6.996,8.256,8.256,,,BISHAN STREET 11,9.032
bishan_street_11,Bishan Street 11,3252.0,29583.928,36724.315,6.992,7.961,7.961,,,BISHAN STREET 11,9.519
bishan_street_11,Bishan Street 11,3254.0,29585.716,36723.42,6.767,7.666,7.666,,,BISHAN STREET 11,10.005
bishan_street_11,Bishan Street 11,3256.0,29587.505,36722.525,6.971,7.371,7.371,,,BISHAN STREET 11,10.491
bishan_street_11,Bishan Street 11,3258.0,29589.293,36721.63,7.077,7.077,7.077,,,BISHAN STREET 11,10.978
bishan_street_11,Bishan Street 11,3260.0,29591.082,36720.735,6.961,6.961,7.055,,,BISHAN STREET 11,11.464
bishan_street_11,Bishan Street 11,3262.0,29592.87,36719.839,6.996,6.996,7.055,,,BISHAN STREET 11,11.95
bishan_street_11,Bishan Street 11,3264.0,29594.659,36718.944,8.264,7.055,7.055,,,BISHAN STREET 11,12.437
bishan_street_11,Bishan Street 11,3266.0,29596.447,36718.049,7.589,7.114,7.114,2.21,1.0,BISHAN STREET 11,12.923
bishan_street_11,Bishan Street 11,3268.0,29598.236,36717.154,7.668,7.173,7.173,,,BISHAN STREET 11,13.41
bishan_street_11,Bishan Street 11,3270.0,29600.024,36716.259,7.232,7.232,7.232,,,BISHAN STREET 11,13.896
bishan_street_11,Bishan Street 11,3272.0,29601.813,36715.364,7.279,7.279,7.279,,,BISHAN STREET 11,14.382
bishan_street_11,Bishan Street 11,3274.0,29603.601,36714.469,7.35,7.35,7.35,1.83,1.0,BISHAN STREET 11,14.869
bishan_street_11,Bishan Street 11,3276.0,29605.39,36713.574,7.379,7.379,7.375,1.652,1.0,BISHAN STREET 11,15.355
bishan_street_11,Bishan Street 11,3278.0,29607.178,36712.678,7.375,7.375,7.379,4.063,1.0,BISHAN STREET 11,15.841
bishan_street_11,Bishan Street 11,3280.0,29608.967,36711.783,7.411,7.411,7.411,4.642,1.0,BISHAN STREET 11,16.328
bishan_street_11,Bishan Street 11,3282.0,29610.755,36710.888,7.675,7.675,7.675,5.587,1.0,BISHAN STREET 11,16.814
bishan_street_11,Bishan Street 11,3284.0,29612.544,36709.993,7.746,7.746,7.746,6.019,1.0,BISHAN STREET 11,17.3
bishan_street_11,Bishan Street 11,3286.0,29614.332,36709.098,7.826,7.826,7.826,3.236,1.0,BISHAN STREET 11,17.787
bishan_street_11,Bishan Street 11,3288.0,29616.121,36708.203,7.892,7.892,7.892,2.917,1.0,BISHAN STREET 11,18.273
bishan_street_11,Bishan Street 11,3290.0,29617.909,36707.308,7.934,7.934,7.934,3.52,1.0,BISHAN STREET 11,18.759
bishan_street_11,Bishan Street 11,3292.0,29619.698,36706.412,7.98,7.98,7.98,4.064,1.0,BISHAN STREET 11,19.246
bishan_street_11,Bishan Street 11,3294.0,29621.486,36705.517,8.107,8.107,8.107,4.793,1.0,BISHAN STREET 11,19.732
bishan_street_11,Bishan Street 11,3296.0,29623.275,36704.622,8.34,8.34,8.217,4.221,1.0,BISHAN STREET 11,20.218
bishan_street_11,Bishan Street 11,3298.0,29625.063,36703.727,8.409,8.409,8.317,2.628,1.0,BISHAN STREET 11,20.705
bishan_street_11,Bishan Street 11,3300.0,29626.852,36702.832,8.217,8.217,8.317,1.25,1.0,BISHAN STREET 11,21.191
bishan_street_11,Bishan Street 11,3302.0,29628.64,36701.937,8.317,8.317,8.317,,,BISHAN STREET 11,21.677
bishan_street_11,Bishan Street 11,3304.0,29630.429,36701.042,8.286,8.286,8.317,,,BISHAN STREET 11,22.164
bishan_street_11,Bishan Street 11,3306.0,29632.217,36700.146,8.426,8.572,8.572,,,BISHAN STREET 11,22.65
bishan_street_11,Bishan Street 11,3308.0,29634.006,36699.251,8.705,8.857,8.857,,,BISHAN STREET 11,23.136
bishan_street_11,Bishan Street 11,3310.0,29635.794,36698.356,8.827,9.142,9.142,,,BISHAN STREET 11,23.623
bishan_street_11,Bishan Street 11,3312.0,29637.583,36697.461,8.897,9.437,9.437,,,BISHAN STREET 11,24.109
bishan_street_11,Bishan Street 11,3314.0,29639.371,36696.566,10.584,9.733,9.733,,,BISHAN STREET 11,24.595
bishan_street_11,Bishan Street 11,3316.0,29641.16,36695.671,10.454,10.028,10.028,,,BISHAN STREET 11,25.082
bishan_street_11,Bishan Street 11,3318.0,29642.948,36694.776,10.979,10.323,10.06,,,BISHAN STREET 11,25.568
bishan_street_11,Bishan Street 11,3320.0,29644.737,36693.881,10.227,10.192,10.06,,,BISHAN STREET 11,26.055
bishan_street_11,Bishan Street 11,3322.0,29646.525,36692.985,9.887,10.06,10.06,,,BISHAN STREET 11,26.541
bishan_street_11,Bishan Street 11,3324.0,29648.314,36692.09,9.929,9.929,9.929,,,BISHAN STREET 11,27.027
bishan_street_11,Bishan Street 11,3326.0,29650.102,36691.195,10.783,9.832,9.832,,,BISHAN STREET 11,27.514
bishan_street_11,Bishan Street 11,3328.0,29651.891,36690.3,9.585,9.736,9.736,,,BISHAN STREET 11,28.0
bishan_street_11,Bishan Street 11,3330.0,29653.679,36689.405,9.639,9.639,9.736,,,BISHAN STREET 11,28.486
bishan_street_11,Bishan Street 11,3332.0,29655.468,36688.51,9.714,9.725,9.736,,,BISHAN STREET 11,28.973
bishan_street_11,Bishan Street 11,3334.0,29657.256,36687.615,9.306,9.812,9.812,,,BISHAN STREET 11,29.459
bishan_street_11,Bishan Street 11,3336.0,29659.045,36686.719,9.257,9.931,9.931,,,BISHAN STREET 11,29.945
bishan_street_11,Bishan Street 11,3338.0,29660.833,36685.824,9.222,10.05,9.931,,,BISHAN STREET 11,30.431
bishan_street_11,Bishan Street 11,3340.0,29662.622,36684.929,7.577,9.95,9.931,,,BISHAN STREET 11,30.917
bishan_street_11,Bishan Street 11,3342.0,29664.41,36684.034,8.977,9.849,9.849,,,BISHAN STREET 11,31.403
bishan_street_11,Bishan Street 11,3344.0,29666.199,36683.139,24.261,9.748,9.748,,,BISHAN STREET 11,31.889
bishan_street_11,Bishan Street 11,3346.0,29667.987,36682.244,23.275,9.648,9.648,,,BISHAN STREET 11,32.375
bishan_street_11,Bishan Street 11,3348.0,29669.776,36681.349,23.872,9.547,9.547,,,BISHAN STREET 11,32.861
bishan_street_11,Bishan Street 11,3350.0,29671.564,36680.453,22.478,,9.497,,,BISHAN STREET 11,33.347
bishan_street_11,Bishan Street 11,3352.0,29673.353,36679.558,22.475,,9.446,,,BISHAN STREET 11,33.833
bishan_street_11,Bishan Street 11,3354.0,29675.141,36678.663,22.639,,9.396,,,BISHAN STREET 11,34.32
bishan_street_11,Bishan Street 11,3356.0,29676.93,36677.768,22.292,,9.144,,,BISHAN STREET 11,34.806
bishan_street_11,Bishan Street 11,3358.0,29678.718,36676.873,22.455,,8.893,,,BISHAN STREET 11,35.292
bishan_street_11,Bishan Street 11,3360.0,29680.507,36675.978,17.823,,8.842,,,BISHAN STREET 11,35.778
bishan_street_11,Bishan Street 11,3362.0,29682.295,36675.083,17.761,,8.792,,,BISHAN STREET 11,36.264
bishan_street_11,Bishan Street 11,3364.0,29684.084,36674.188,9.74,8.742,8.742,,,BISHAN STREET 11,36.75
bishan_street_11,Bishan Street 11,3366.0,29685.872,36673.292,9.74,8.641,8.641,,,BISHAN STREET 11,37.236
bishan_street_11,Bishan Street 11,3368.0,29687.661,36672.397,9.34,8.54,8.54,,,BISHAN STREET 11,37.722
bishan_street_11,Bishan Street 11,3370.0,29689.449,36671.502,7.613,8.44,8.44,,,BISHAN STREET 11,38.208
bishan_street_11,Bishan Street 11,3372.0,29691.238,36670.607,8.029,8.339,8.339,,,BISHAN STREET 11,38.694
bishan_street_11,Bishan Street 11,3374.0,29693.026,36669.712,8.029,8.238,8.238,,,BISHAN STREET 11,39.18
bishan_street_11,Bishan Street 11,3376.0,29694.815,36668.817,8.138,8.138,8.138,,,BISHAN STREET 11,39.667
bishan_street_11,Bishan Street 11,3378.0,29696.603,36667.922,8.388,8.079,8.096,,,BISHAN STREET 11,40.153
bishan_street_11,Bishan Street 11,3380.0,29698.392,36667.026,8.021,8.021,8.096,-0.313,1.0,BISHAN STREET 11,40.639
bishan_street_11,Bishan Street 11,3382.0,29700.18,36666.131,8.096,8.096,8.096,,,BISHAN STREET 11,41.125
bishan_street_11,Bishan Street 11,3384.0,29701.969,36665.236,8.113,8.113,8.113,,,BISHAN STREET 11,41.611
bishan_street_11,Bishan Street 11,3386.0,29703.757,36664.341,7.821,8.358,8.358,,,BISHAN STREET 11,42.097
bishan_street_11,Bishan Street 11,3388.0,29705.546,36663.446,8.44,8.64,8.64,,,BISHAN STREET 11,42.583
bishan_street_11,Bishan Street 11,3390.0,29707.334,36662.551,,8.922,8.922,,,BISHAN STREET 11,43.069
bishan_street_11,Bishan Street 11,3392.0,29709.123,36661.656,,9.374,9.374,,,BISHAN STREET 11,43.555
bishan_street_11,Bishan Street 11,3394.0,29710.911,36660.76,,9.826,9.826,,,BISHAN STREET 11,44.041
bishan_street_11,Bishan Street 11,3396.0,29712.7,36659.865,,10.277,10.277,,,BISHAN STREET 11,44.527
bishan_street_11,Bishan Street 11,3398.0,29714.488,36658.97,,10.754,10.754,,,BISHAN STREET 11,45.014
bishan_street_11,Bishan Street 11,3400.0,29716.277,36658.075,,11.23,11.23,,,BISHAN STREET 11,45.5
bishan_street_11,Bishan Street 11,3402.0,29718.065,36657.18,,11.707,11.707,,,BISHAN STREET 11,45.986
bishan_street_11,Bishan Street 11,3404.0,29719.854,36656.285,,,12.183,,,BISHAN STREET 11,46.472
bishan_street_11,Bishan Street 11,3406.0,29721.642,36655.39,12.112,,12.659,,,BISHAN STREET 11,46.958
bishan_street_11,Bishan Street 11,3408.0,29723.431,36654.494,12.566,,13.136,,,BISHAN STREET 11,47.445
bishan_street_11,Bishan Street 11,3410.0,29725.219,36653.599,12.112,,13.612,,,BISHAN STREET 11,47.932
bishan_street_11,Bishan Street 11,3412.0,29727.008,36652.704,12.112,14.089,14.089,,,BISHAN STREET 11,48.419
bishan_street_11,Bishan Street 11,3414.0,29728.796,36651.809,,14.565,14.565,,,BISHAN STREET 11,48.906
bishan_street_11,Bishan Street 11,3416.0,29730.585,36650.914,,15.041,15.041,,,BISHAN STREET 11,49.393
bishan_street_11,Bishan Street 11,3418.0,29732.373,36650.019,,15.518,15.518,,,BISHAN STREET 11,49.88
bishan_street_11,Bishan Street 11,3420.0,29734.162,36649.124,,16.069,16.069,,,BISHAN STREET 11,50.367
bishan_street_11,Bishan Street 11,3422.0,29735.95,36648.229,,16.665,16.665,,,BISHAN STREET 11,50.854
bishan_street_11,Bishan Street 11,3424.0,29737.739,36647.333,,17.26,17.26,,,BISHAN STREET 11,51.341
bishan_street_11,Bishan Street 11,3426.0,29739.527,36646.438,,17.856,17.856,,,BISHAN STREET 11,51.828
bishan_street_11,Bishan Street 11,3428.0,29741.316,36645.543,,,18.153,,,BISHAN STREET 11,52.315
bishan_street_11,Bishan Street 11,3430.0,29743.104,36644.648,,,18.451,,,BISHAN STREET 11,52.802
bishan_street_11,Bishan Street 11,3432.0,29744.893,36643.753,,,18.749,,,BISHAN STREET 11,53.29
bishan_street_11,Bishan Street 11,3434.0,29746.681,36642.858,,,,,,BISHAN STREET 11,53.777
bishan_street_11,Bishan Street 11,3436.0,29748.47,36641.963,,,,,,BISHAN STREET 11,54.264
bishan_street_11,Bishan Street 11,3438.0,29750.258,36641.067,,,,,,BISHAN STREET 11,54.751
bishan_street_11,Bishan Street 11,3440.0,29752.047,36640.172,,,,,,BISHAN STREET 11,55.238
bishan_street_11,Bishan Street 11,3442.0,29753.835,36639.277,,,,,,BISHAN STREET 11,55.725
bishan_street_11,Bishan Street 11,3444.0,29755.624,36638.382,,,,,,BISHAN STREET 11,56.212
bishan_street_11,Bishan Street 11,3446.0,29757.412,36637.487,,,,,,BISHAN STREET 11,56.699
bishan_street_11,Bishan Street 11,3448.0,29759.201,36636.592,,,25.298,,,BISHAN STREET 11,57.186
bishan_street_11,Bishan Street 11,3450.0,29760.989,36635.697,7.608,,25.595,,,BISHAN STREET 11,57.673
bishan_street_11,Bishan Street 11,3452.0,29762.778,36634.801,,,25.893,,,BISHAN STREET 11,58.16
bishan_street_11,Bishan Street 11,3454.0,29764.566,36633.906,33.461,26.191,26.191,,,BISHAN STREET 11,58.647
bishan_street_11,Bishan Street 11,3456.0,29766.355,36633.011,33.461,26.786,26.786,,,BISHAN STREET 11,59.135
bishan_street_11,Bishan Street 11,3458.0,29768.143,36632.116,20.434,27.381,27.381,,,BISHAN STREET 11,59.622
bishan_street_11,Bishan Street 11,3460.0,29769.932,36631.221,22.597,27.977,27.446,,,BISHAN STREET 11,60.109
bishan_street_11,Bishan Street 11,3628.0,29920.166,36556.029,28.638,27.712,27.446,,,BISHAN STREET 11,101.109
bishan_street_11,Bishan Street 11,3630.0,29921.954,36555.134,34.078,27.446,27.446,,,BISHAN STREET 11,101.596
bishan_street_11,Bishan Street 11,3632.0,29923.743,36554.239,33.965,27.181,27.181,,,BISHAN STREET 11,102.083
bishan_street_11,Bishan Street 11,3634.0,29925.531,36553.344,27.83,26.916,26.916,,,BISHAN STREET 11,102.569
bishan_street_11,Bishan Street 11,3636.0,29927.32,36552.449,25.031,26.651,26.651,,,BISHAN STREET 11,103.056
bishan_street_11,Bishan Street 11,3638.0,29929.108,36551.554,25.524,26.385,26.385,,,BISHAN STREET 11,103.542
bishan_street_11,Bishan Street 11,3640.0,29930.897,36550.659,25.537,26.12,26.12,,,BISHAN STREET 11,104.029
bishan_street_11,Bishan Street 11,3642.0,29932.685,36549.763,26.091,26.076,26.12,,,BISHAN STREET 11,104.516
bishan_street_11,Bishan Street 11,3644.0,29934.474,36548.868,26.706,26.032,26.12,,,BISHAN STREET 11,105.002
bishan_street_11,Bishan Street 11,3646.0,29936.262,36547.973,25.294,26.279,26.279,,,BISHAN STREET 11,105.489
bishan_street_11,Bishan Street 11,3648.0,29938.051,36547.078,30.198,26.527,26.527,,,BISHAN STREET 11,105.975
bishan_street_11,Bishan Street 11,3650.0,29939.839,36546.183,28.478,26.774,26.774,,,BISHAN STREET 11,106.462
bishan_street_11,Bishan Street 11,3652.0,29941.628,36545.288,31.718,27.021,27.021,,,BISHAN STREET 11,106.949
bishan_street_11,Bishan Street 11,3654.0,29943.416,36544.393,31.668,27.269,27.269,,,BISHAN STREET 11,107.435
bishan_street_11,Bishan Street 11,3656.0,29945.205,36543.497,29.907,27.516,27.516,,,BISHAN STREET 11,107.922
bishan_street_11,Bishan Street 11,3658.0,29946.993,36542.602,18.807,27.763,27.763,,,BISHAN STREET 11,108.408
bishan_street_11,Bishan Street 11,3660.0,29948.782,36541.707,,28.011,28.011,,,BISHAN STREET 11,108.895
bishan_street_11,Bishan Street 11,3662.0,29950.57,36540.812,,28.258,28.011,,,BISHAN STREET 11,109.382
bishan_street_11,Bishan Street 11,3664.0,29952.359,36539.917,,28.057,28.011,,,BISHAN STREET 11,109.868
bishan_street_11,Bishan Street 11,3666.0,29954.147,36539.022,,27.856,27.856,,,BISHAN STREET 11,110.355
bishan_street_11,Bishan Street 11,3668.0,29955.936,36538.127,,27.574,27.574,,,BISHAN STREET 11,110.842
bishan_street_11,Bishan Street 11,3670.0,29957.724,36537.232,,27.292,27.292,,,BISHAN STREET 11,111.328
bishan_street_11,Bishan Street 11,3672.0,29959.513,36536.336,,26.955,26.955,,,BISHAN STREET 11,111.815
bishan_street_11,Bishan Street 11,3674.0,29961.301,36535.441,,26.618,26.618,,,BISHAN STREET 11,112.302
bishan_street_11,Bishan Street 11,3676.0,29963.09,36534.546,,26.281,26.281,,,BISHAN STREET 11,111.753
bishan_street_11,Bishan Street 11,3678.0,29964.878,36533.651,,,26.113,,,BISHAN STREET 11,110.739
bishan_street_11,Bishan Street 11,3680.0,29966.667,36532.756,,,25.776,,,BISHAN STREET 11,109.725
bishan_street_11,Bishan Street 11,3682.0,29968.455,36531.861,,,25.27,,,BISHAN STREET 11,108.712
bishan_street_11,Bishan Street 11,3684.0,29970.244,36530.966,,,24.765,,,BISHAN STREET 11,107.698
bishan_street_11,Bishan Street 11,3686.0,29972.032,36530.07,,,24.428,,,BISHAN STREET 11,106.684
bishan_street_11,Bishan Street 11,3688.0,29973.821,36529.175,,24.26,24.26,,,BISHAN STREET 11,105.671
bishan_street_11,Bishan Street 11,3690.0,29975.609,36528.28,,23.923,23.923,,,BISHAN STREET 11,104.657
bishan_street_11,Bishan Street 11,3692.0,29977.398,36527.385,,23.586,23.586,,,BISHAN STREET 11,103.643
bishan_street_11,Bishan Street 11,3694.0,29979.186,36526.49,,23.249,23.249,,,BISHAN STREET 11,102.63
bishan_street_11,Bishan Street 11,3696.0,29980.975,36525.595,,22.898,22.898,,,BISHAN STREET 11,101.616
bishan_street_11,Bishan Street 11,3698.0,29982.763,36524.7,,22.548,22.548,-17.523,2.0,BISHAN STREET 11,100.602
bishan_street_11,Bishan Street 11,3700.0,29984.552,36523.804,,22.197,22.197,-17.523,2.0,BISHAN STREET 11,99.589
bishan_street_11,Bishan Street 11,3702.0,29986.34,36522.909,,21.847,21.847,-17.523,2.0,BISHAN STREET 11,98.575
bishan_street_11,Bishan Street 11,3704.0,29988.129,36522.014,,,21.496,,,BISHAN STREET 11,97.561
bishan_street_11,Bishan Street 11,3706.0,29989.917,36521.119,,,21.146,,,BISHAN STREET 11,96.548
bishan_street_11,Bishan Street 11,3708.0,29991.706,36520.224,,20.795,20.795,,,BISHAN STREET 11,95.534
bishan_street_11,Bishan Street 11,3710.0,29993.494,36519.329,,20.445,20.445,,,BISHAN STREET 11,94.52
bishan_street_11,Bishan Street 11,3712.0,29995.283,36518.434,,20.095,20.095,,,BISHAN STREET 11,93.507
bishan_street_11,Bishan Street 11,3714.0,29997.071,36517.538,,19.744,19.744,,,BISHAN STREET 11,92.493
bishan_street_11,Bishan Street 11,3716.0,29998.86,36516.643,,19.658,19.744,,,BISHAN STREET 11,91.479
bishan_street_11,Bishan Street 11,3718.0,30000.648,36515.748,,19.572,19.744,,,BISHAN STREET 11,90.466
bishan_street_11,Bishan Street 11,3720.0,30002.437,36514.853,18.693,19.75,19.716,,,BISHAN STREET 11,89.452
bishan_street_11,Bishan Street 11,3722.0,30004.225,36513.958,21.65,19.928,19.716,,,BISHAN STREET 11,88.438
bishan_street_11,Bishan Street 11,3724.0,30006.014,36513.063,19.788,19.716,19.716,,,BISHAN STREET 11,87.424
bishan_street_11,Bishan Street 11,3726.0,30007.802,36512.168,20.488,19.504,19.504,,,BISHAN STREET 11,86.411
bishan_street_11,Bishan Street 11,3728.0,30009.591,36511.273,20.463,19.294,19.294,,,BISHAN STREET 11,85.397
bishan_street_11,Bishan Street 11,3730.0,30011.379,36510.377,20.838,19.083,19.083,,,BISHAN STREET 11,84.383
bishan_street_11,Bishan Street 11,3732.0,30013.168,36509.482,18.243,18.873,18.873,,,BISHAN STREET 11,83.37
bishan_street_11,Bishan Street 11,3734.0,30014.956,36508.587,17.993,18.663,18.663,,,BISHAN STREET 11,82.356
bishan_street_11,Bishan Street 11,3736.0,30016.745,36507.692,17.993,18.453,18.453,,,BISHAN STREET 11,81.342
bishan_street_11,Bishan Street 11,3738.0,30018.533,36506.797,18.243,18.243,18.243,,,BISHAN STREET 11,80.329
bishan_street_11,Bishan Street 11,3740.0,30020.322,36505.902,,18.053,18.053,,,BISHAN STREET 11,79.315
bishan_street_11,Bishan Street 11,3742.0,30022.11,36505.007,,17.863,17.863,-9.5,2.0,BISHAN STREET 11,78.301
bishan_street_11,Bishan Street 11,3744.0,30023.899,36504.111,,17.673,17.673,-9.5,2.0,BISHAN STREET 11,77.288
bishan_street_11,Bishan Street 11,3746.0,30025.687,36503.216,,17.483,17.483,-9.5,2.0,BISHAN STREET 11,76.274
bishan_street_11,Bishan Street 11,3748.0,30027.476,36502.321,22.758,17.293,17.293,-9.5,2.0,BISHAN STREET 11,75.26
bishan_street_11,Bishan Street 11,3750.0,30029.264,36501.426,19.283,17.103,17.103,-9.234,2.0,BISHAN STREET 11,74.247
bishan_street_11,Bishan Street 11,3752.0,30031.053,36500.531,16.913,16.913,16.913,-8.969,2.0,BISHAN STREET 11,73.233
bishan_street_11,Bishan Street 11,3754.0,30032.841,36499.636,16.988,16.744,16.744,-9.673,2.0,BISHAN STREET 11,72.219
bishan_street_11,Bishan Street 11,3756.0,30034.63,36498.741,16.575,16.575,16.575,-10.377,2.0,BISHAN STREET 11,71.206
bishan_street_11,Bishan Street 11,3758.0,30036.418,36497.845,16.6,16.329,16.329,-8.267,1.0,BISHAN STREET 11,70.192
bishan_street_11,Bishan Street 11,3760.0,30038.207,36496.95,16.083,16.083,16.083,-6.158,1.0,BISHAN STREET 11,69.178
bishan_street_11,Bishan Street 11,3762.0,30039.995,36496.055,15.914,15.914,16.083,,,BISHAN STREET 11,68.165
bishan_street_11,Bishan Street 11,3764.0,30041.784,36495.16,15.966,15.966,16.083,,,BISHAN STREET 11,67.151
bishan_street_11,Bishan Street 11,3766.0,30043.572,36494.265,16.099,16.099,16.099,,,BISHAN STREET 11,66.137
bishan_street_11,Bishan Street 11,3768.0,30045.361,36493.37,16.614,16.131,16.131,,,BISHAN STREET 11,65.132
bishan_street_11,Bishan Street 11,3770.0,30047.149,36492.475,17.339,16.163,16.163,,,BISHAN STREET 11,64.166
bishan_street_11,Bishan Street 11,3772.0,30048.938,36491.58,15.701,16.194,16.194,,,BISHAN STREET 11,63.209
bishan_street_11,Bishan Street 11,3774.0,30050.726,36490.684,15.77,16.226,16.194,,,BISHAN STREET 11,62.252
bishan_street_11,Bishan Street 11,3776.0,30052.515,36489.789,16.258,16.258,16.194,,,BISHAN STREET 11,61.296
bishan_street_11,Bishan Street 11,3778.0,30054.303,36488.894,16.908,16.089,16.089,,,BISHAN STREET 11,60.339
bishan_street_11,Bishan Street 11,3780.0,30056.092,36487.999,16.765,15.92,15.92,-5.547,1.0,BISHAN STREET 11,59.41
bishan_street_11,Bishan Street 11,3782.0,30057.88,36487.104,19.498,15.751,15.751,,,BISHAN STREET 11,58.535
bishan_street_11,Bishan Street 11,3784.0,30059.669,36486.209,15.581,15.581,15.751,,,BISHAN STREET 11,57.715
bishan_street_11,Bishan Street 11,3786.0,30061.457,36485.314,15.34,15.731,15.751,,,BISHAN STREET 11,56.955
bishan_street_11,Bishan Street 11,3788.0,30063.246,36484.418,15.452,15.88,15.88,,,BISHAN STREET 11,56.255
bishan_street_11,Bishan Street 11,3790.0,30065.034,36483.523,16.42,15.949,15.88,,,BISHAN STREET 11,55.594
bishan_street_11,Bishan Street 11,3792.0,30066.823,36482.628,16.551,16.017,15.88,,,BISHAN STREET 11,54.934
bishan_street_11,Bishan Street 11,3794.0,30068.611,36481.733,16.301,15.863,15.863,,,BISHAN STREET 11,54.273
bishan_street_11,Bishan Street 11,3796.0,30070.4,36480.838,15.62,15.709,15.709,,,BISHAN STREET 11,53.613
bishan_street_11,Bishan Street 11,3798.0,30072.188,36479.943,15.795,15.471,15.471,,,BISHAN STREET 11,52.989
bishan_street_11,Bishan Street 11,3800.0,30073.977,36479.048,14.602,15.232,15.232,,,BISHAN STREET 11,52.434
bishan_street_11,Bishan Street 11,3802.0,30075.765,36478.152,14.577,14.994,14.994,,,BISHAN STREET 11,51.949
bishan_street_11,Bishan Street 11,3804.0,30077.554,36477.257,,14.756,14.994,,,BISHAN STREET 11,51.51
bishan_street_11,Bishan Street 11,3806.0,30079.342,36476.362,,14.935,14.994,,,BISHAN STREET 11,51.072
bishan_street_11,Bishan Street 11,3808.0,30081.131,36475.467,,15.114,15.114,5.958,1.0,BISHAN STREET 11,50.633
bishan_street_11,Bishan Street 11,3810.0,30082.919,36474.572,,15.292,15.292,5.958,1.0,BISHAN STREET 11,50.196
bishan_street_11,Bishan Street 11,3812.0,30084.708,36473.677,,15.471,15.471,4.183,1.0,BISHAN STREET 11,49.812
bishan_street_11,Bishan Street 11,3814.0,30086.496,36472.782,15.65,15.65,15.471,2.408,1.0,BISHAN STREET 11,49.505
bishan_street_11,Bishan Street 11,3816.0,30088.285,36471.887,15.691,15.485,15.471,0.174,1.0,BISHAN STREET 11,49.27
bishan_street_11,Bishan Street 11,3818.0,30090.073,36470.991,15.32,15.32,15.485,,,BISHAN STREET 11,49.048
bishan_street_11,Bishan Street 11,3820.0,30091.862,36470.096,15.408,15.408,15.485,,,BISHAN STREET 11,48.825
bishan_street_11,Bishan Street 11,3822.0,30093.65,36469.201,15.451,15.592,15.592,,,BISHAN STREET 11,48.603
bishan_street_11,Bishan Street 11,3824.0,30095.439,36468.306,16.126,15.777,15.777,,,BISHAN STREET 11,48.399
bishan_street_11,Bishan Street 11,3826.0,30097.227,36467.411,15.026,17.139,17.139,,,BISHAN STREET 11,48.272
bishan_street_11,Bishan Street 11,3828.0,30099.016,36466.516,15.095,18.501,18.501,,,BISHAN STREET 11,48.228
bishan_street_11,Bishan Street 11,3954.0,30211.691,36410.122,12.027,19.863,19.863,,,BISHAN STREET 11,72.115
bishan_street_11,Bishan Street 11,3956.0,30213.48,36409.227,13.216,21.225,21.225,,,BISHAN STREET 11,72.59
bishan_street_11,Bishan Street 11,3958.0,30215.268,36408.332,14.279,22.587,22.587,,,BISHAN STREET 11,73.066
bishan_street_11,Bishan Street 11,3960.0,30217.057,36407.437,13.308,23.949,23.949,,,BISHAN STREET 11,73.541
bishan_street_11,Bishan Street 11,3962.0,30218.845,36406.541,16.724,25.311,25.311,,,BISHAN STREET 11,74.017
bishan_street_11,Bishan Street 11,3964.0,30220.634,36405.646,17.599,26.963,26.963,,,BISHAN STREET 11,74.492
bishan_street_11,Bishan Street 11,3966.0,30222.422,36404.751,19.149,28.615,28.615,,,BISHAN STREET 11,74.968
bishan_street_11,Bishan Street 11,3968.0,30224.211,36403.856,21.865,30.267,30.267,,,BISHAN STREET 11,75.444
bishan_street_11,Bishan Street 11,3970.0,30225.999,36402.961,21.627,31.919,31.919,,,BISHAN STREET 11,75.919
bishan_street_11,Bishan Street 11,3972.0,30227.788,36402.066,30.582,,33.571,,,BISHAN STREET 11,76.395
bishan_street_11,Bishan Street 11,3974.0,30229.576,36401.171,34.582,,35.223,,,BISHAN STREET 11,76.87
bishan_street_11,Bishan Street 11,3976.0,30231.365,36400.276,37.006,36.875,36.875,,,BISHAN STREET 11,77.346
bishan_street_11,Bishan Street 11,3978.0,30233.153,36399.38,38.456,38.527,38.527,,,BISHAN STREET 11,77.822
bishan_street_11,Bishan Street 11,3980.0,30234.942,36398.485,41.556,40.179,40.179,,,BISHAN STREET 11,78.297
bishan_street_11,Bishan Street 11,3982.0,30236.73,36397.59,42.006,41.832,41.819,,,BISHAN STREET 11,78.773
bishan_street_11,Bishan Street 11,3984.0,30238.519,36396.695,42.106,42.106,41.819,,,BISHAN STREET 11,79.248
bishan_street_11,Bishan Street 11,3986.0,30240.307,36395.8,44.606,41.819,41.819,,,BISHAN STREET 11,79.724
bishan_street_11,Bishan Street 11,3988.0,30242.096,36394.905,44.356,41.499,41.499,,,BISHAN STREET 11,80.199
bishan_street_11,Bishan Street 11,3990.0,30243.884,36394.01,46.756,41.179,41.179,,,BISHAN STREET 11,80.675
bishan_street_11,Bishan Street 11,3992.0,30245.673,36393.114,,40.401,40.401,,,BISHAN STREET 11,81.151
bishan_street_11,Bishan Street 11,3994.0,30247.461,36392.219,,39.623,39.623,,,BISHAN STREET 11,81.626
bishan_street_11,Bishan Street 11,3996.0,30249.25,36391.324,,38.845,38.845,,,BISHAN STREET 11,82.102
bishan_street_11,Bishan Street 11,3998.0,30251.038,36390.429,,,38.067,,,BISHAN STREET 11,82.577
bishan_street_11,Bishan Street 11,4000.0,30252.827,36389.534,,,37.289,,,BISHAN STREET 11,83.053
bishan_street_11,Bishan Street 11,4002.0,30254.615,36388.639,,,36.511,,,BISHAN STREET 11,83.529
bishan_street_11,Bishan Street 11,4004.0,30256.404,36387.744,,,35.734,,,BISHAN STREET 11,84.004
bishan_street_11,Bishan Street 11,4006.0,30258.192,36386.848,,34.956,34.956,,,BISHAN STREET 11,84.48
bishan_street_11,Bishan Street 11,4008.0,30259.981,36385.953,,34.178,34.178,,,BISHAN STREET 11,84.955
bishan_street_11,Bishan Street 11,4010.0,30261.769,36385.058,,33.4,33.4,,,BISHAN STREET 11,85.431
bishan_street_11,Bishan Street 11,4012.0,30263.558,36384.163,,32.622,32.622,,,BISHAN STREET 11,85.906
bishan_street_11,Bishan Street 11,4014.0,30265.346,36383.268,28.219,31.679,31.679,,,BISHAN STREET 11,86.382
bishan_street_11,Bishan Street 11,4016.0,30267.135,36382.373,30.453,30.736,30.736,,,BISHAN STREET 11,86.858
bishan_street_11,Bishan Street 11,4018.0,30268.923,36381.478,30.453,29.793,29.793,,,BISHAN STREET 11,87.333
bishan_street_11,Bishan Street 11,4020.0,30270.712,36380.583,32.966,28.851,28.851,,,BISHAN STREET 11,87.809
bishan_street_11,Bishan Street 11,4022.0,30272.5,36379.687,33.403,,28.379,,,BISHAN STREET 11,88.284
bishan_street_11,Bishan Street 11,4024.0,30274.289,36378.792,31.442,,27.908,,,BISHAN STREET 11,88.76
bishan_street_11,Bishan Street 11,4026.0,30276.077,36377.897,15.21,,27.436,,,BISHAN STREET 11,89.236
bishan_street_11,Bishan Street 11,4028.0,30277.866,36377.002,15.61,,,,,BISHAN STREET 11,89.711
bishan_street_11,Bishan Street 11,4030.0,30279.654,36376.107,13.793,,,,,BISHAN STREET 11,90.187
bishan_street_11,Bishan Street 11,4032.0,30281.443,36375.212,13.793,,21.78,,,BISHAN STREET 11,90.662
bishan_street_11,Bishan Street 11,4034.0,30283.231,36374.317,,,21.308,,,BISHAN STREET 11,91.138
bishan_street_11,Bishan Street 11,4036.0,30285.02,36373.421,,,20.837,,,BISHAN STREET 11,91.613
bishan_street_11,Bishan Street 11,4038.0,30286.808,36372.526,,20.366,20.366,,,BISHAN STREET 11,92.089
bishan_street_11,Bishan Street 11,4040.0,30288.597,36371.631,,19.423,19.423,,,BISHAN STREET 11,92.565
bishan_street_11,Bishan Street 11,4042.0,30290.385,36370.736,,18.48,18.48,,,BISHAN STREET 11,93.04
bishan_street_11,Bishan Street 11,4044.0,30292.174,36369.841,,17.537,17.655,,,BISHAN STREET 11,93.516
bishan_street_11,Bishan Street 11,4046.0,30293.962,36368.946,,17.596,17.655,,,BISHAN STREET 11,93.991
bishan_street_11,Bishan Street 11,4048.0,30295.751,36368.051,,17.655,17.655,,,BISHAN STREET 11,94.467
bishan_street_11,Bishan Street 11,4050.0,30297.539,36367.155,,17.841,17.841,,,BISHAN STREET 11,94.942
bishan_street_11,Bishan Street 11,4052.0,30299.328,36366.26,,18.112,18.112,,,BISHAN STREET 11,95.418
bishan_street_11,Bishan Street 11,4054.0,30301.116,36365.365,,18.383,18.383,,,BISHAN STREET 11,95.893
bishan_street_11,Bishan Street 11,4056.0,30302.905,36364.47,,18.754,18.754,,,BISHAN STREET 11,96.369
bishan_street_11,Bishan Street 11,4058.0,30304.693,36363.575,,19.126,19.126,,,BISHAN STREET 11,96.844
bishan_street_11,Bishan Street 11,4060.0,30306.482,36362.68,,19.497,19.497,,,BISHAN STREET 11,97.32
bishan_street_11,Bishan Street 11,4062.0,30308.27,36361.785,,,19.869,,,BISHAN STREET 11,97.795
bishan_street_11,Bishan Street 11,4064.0,30310.059,36360.889,,20.24,20.24,,,BISHAN STREET 11,98.271
bishan_street_11,Bishan Street 11,4066.0,30311.847,36359.994,,20.612,20.612,,,BISHAN STREET 11,98.747
bishan_street_11,Bishan Street 11,4068.0,30313.636,36359.099,,20.983,20.983,,,BISHAN STREET 11,99.222
bishan_street_11,Bishan Street 11,4070.0,30315.424,36358.204,,21.355,21.355,,,BISHAN STREET 11,99.698
bishan_street_11,Bishan Street 11,4072.0,30317.213,36357.309,,21.753,21.753,,,BISHAN STREET 11,100.174
bishan_street_11,Bishan Street 11,4074.0,30319.001,36356.414,,22.151,22.151,19.9,2.0,BISHAN STREET 11,100.649
bishan_street_11,Bishan Street 11,4076.0,30320.79,36355.519,,22.549,22.549,17.412,2.0,BISHAN STREET 11,101.125
bishan_street_11,Bishan Street 11,4078.0,30322.578,36354.624,,22.947,22.947,14.925,2.0,BISHAN STREET 11,101.601
bishan_street_11,Bishan Street 11,4080.0,30324.367,36353.728,,,23.146,12.437,2.0,BISHAN STREET 11,102.076
bishan_street_11,Bishan Street 11,4082.0,30326.155,36352.833,,,23.345,,,BISHAN STREET 11,102.56
bishan_street_11,Bishan Street 11,4084.0,30327.944,36351.938,,,23.544,,,BISHAN STREET 11,103.048
bishan_street_11,Bishan Street 11,4086.0,30329.732,36351.043,,,,32.337,2.0,BISHAN STREET 11,103.536
bishan_street_11,Bishan Street 11,4088.0,30331.521,36350.148,,,,32.337,2.0,BISHAN STREET 11,104.025
bishan_street_11,Bishan Street 11,4090.0,30333.309,36349.253,,,25.932,,,BISHAN STREET 11,104.513
bishan_street_11,Bishan Street 11,4092.0,30335.098,36348.358,,,26.131,,,BISHAN STREET 11,105.002
bishan_street_11,Bishan Street 11,4094.0,30336.886,36347.462,,,26.33,,,BISHAN STREET 11,105.49
bishan_street_11,Bishan Street 11,4096.0,30338.675,36346.567,,26.529,26.529,,,BISHAN STREET 11,105.978
bishan_street_11,Bishan Street 11,4098.0,30340.463,36345.672,,26.927,26.927,,,BISHAN STREET 11,106.467
bishan_street_11,Bishan Street 11,4100.0,30342.252,36344.777,33.169,27.325,27.325,,,BISHAN STREET 11,106.955
bishan_street_11,Bishan Street 11,4102.0,30344.04,36343.882,24.308,27.723,27.723,,,BISHAN STREET 11,107.444
bishan_street_11,Bishan Street 11,4104.0,30345.829,36342.987,28.12,27.781,27.723,,,BISHAN STREET 11,107.932
bishan_street_11,Bishan Street 11,4106.0,30347.617,36342.092,28.877,27.84,27.723,,,BISHAN STREET 11,108.421
bishan_street_11,Bishan Street 11,4108.0,30349.406,36341.196,28.689,27.559,27.559,,,BISHAN STREET 11,108.909
bishan_street_11,Bishan Street 11,4110.0,30351.194,36340.301,30.47,27.278,27.278,,,BISHAN STREET 11,109.397
bishan_street_11,Bishan Street 11,4112.0,30352.983,36339.406,27.325,26.979,26.979,,,BISHAN STREET 11,109.886
bishan_street_11,Bishan Street 11,4114.0,30354.771,36338.511,24.65,26.681,26.681,,,BISHAN STREET 11,110.374
bishan_street_11,Bishan Street 11,4116.0,30356.56,36337.616,26.435,26.382,26.382,,,BISHAN STREET 11,110.863
bishan_street_11,Bishan Street 11,4118.0,30358.348,36336.721,26.465,26.159,26.159,,,BISHAN STREET 11,111.351
bishan_street_11,Bishan Street 11,4120.0,30360.137,36335.826,25.715,25.936,25.936,,,BISHAN STREET 11,111.839
bishan_street_11,Bishan Street 11,4122.0,30361.925,36334.931,25.13,25.713,25.713,,,BISHAN STREET 11,112.328
bishan_street_11,Bishan Street 11,4124.0,30363.714,36334.035,25.545,25.712,25.713,,,BISHAN STREET 11,112.816
bishan_street_11,Bishan Street 11,4126.0,30365.502,36333.14,25.71,25.71,25.713,,,BISHAN STREET 11,113.305
bishan_street_11,Bishan Street 11,4128.0,30367.291,36332.245,27.145,25.723,25.723,,,BISHAN STREET 11,113.793
bishan_street_11,Bishan Street 11,4130.0,30369.079,36331.35,27.14,25.736,25.736,0.621,1.0,BISHAN STREET 11,114.281
bishan_street_11,Bishan Street 11,4132.0,30370.867,36330.455,24.869,25.75,25.75,,,BISHAN STREET 11,114.77
bishan_street_11,Bishan Street 11,4134.0,30372.656,36329.56,25.763,25.763,25.763,,,BISHAN STREET 11,115.258
bishan_street_11,Bishan Street 11,4136.0,30374.444,36328.665,26.063,25.888,25.888,,,BISHAN STREET 11,115.747
bishan_street_11,Bishan Street 11,4138.0,30376.233,36327.769,26.013,26.013,26.013,,,BISHAN STREET 11,116.235
bishan_street_11,Bishan Street 11,4140.0,30378.021,36326.874,25.738,26.057,26.057,,,BISHAN STREET 11,116.723
bishan_street_11,Bishan Street 11,4142.0,30379.81,36325.979,25.732,26.102,26.102,,,BISHAN STREET 11,117.212
bishan_street_11,Bishan Street 11,4144.0,30381.598,36325.084,26.669,26.56,26.56,,,BISHAN STREET 11,117.7
bishan_street_11,Bishan Street 11,4146.0,30383.387,36324.189,26.928,27.018,27.018,,,BISHAN STREET 11,118.189
bishan_street_11,Bishan Street 11,4148.0,30385.175,36323.294,25.97,27.477,27.477,,,BISHAN STREET 11,118.677
bishan_street_11,Bishan Street 11,4150.0,30386.964,36322.399,27.886,27.935,27.935,,,BISHAN STREET 11,119.166
bishan_street_11,Bishan Street 11,4152.0,30388.752,36321.503,29.653,28.425,28.425,,,BISHAN STREET 11,119.654
bishan_street_11,Bishan Street 11,4154.0,30390.541,36320.608,35.632,28.915,28.915,,,BISHAN STREET 11,120.142
bishan_street_11,Bishan Street 11,4156.0,30392.329,36319.713,36.176,29.405,29.405,,,BISHAN STREET 11,120.631
bishan_street_11,Bishan Street 11,4158.0,30394.118,36318.818,37.17,,29.894,,,BISHAN STREET 11,121.119
bishan_street_11,Bishan Street 11,4160.0,30395.906,36317.923,37.17,,30.384,,,BISHAN STREET 11,121.608
bishan_street_11,Bishan Street 11,4162.0,30397.695,36317.028,37.114,,30.874,,,BISHAN STREET 11,122.096
bishan_street_11,Bishan Street 11,4164.0,30399.483,36316.133,,,31.364,,,BISHAN STREET 11,122.584
bishan_street_11,Bishan Street 11,4166.0,30401.272,36315.237,,31.854,31.854,,,BISHAN STREET 11,123.073
bishan_street_11,Bishan Street 11,4168.0,30403.06,36314.342,,32.344,32.344,,,BISHAN STREET 11,123.561
bishan_street_11,Bishan Street 11,4170.0,30404.849,36313.447,,32.834,32.834,,,BISHAN STREET 11,124.05
bishan_street_11,Bishan Street 11,4172.0,30406.637,36312.552,,33.323,33.323,,,BISHAN STREET 11,124.538
bishan_street_11,Bishan Street 11,4174.0,30408.426,36311.657,,33.483,33.462,,,BISHAN STREET 11,125.026
bishan_street_11,Bishan Street 11,4176.0,30410.214,36310.762,,33.642,33.462,,,BISHAN STREET 11,125.515
bishan_street_11,Bishan Street 11,4178.0,30412.003,36309.867,,33.462,33.462,,,BISHAN STREET 11,126.003
bishan_street_11,Bishan Street 11,4180.0,30413.791,36308.972,,33.164,33.164,,,BISHAN STREET 11,126.492
bishan_street_11,Bishan Street 11,4182.0,30415.58,36308.076,,32.778,32.778,,,BISHAN STREET 11,126.515
bishan_street_11,Bishan Street 11,4184.0,30417.368,36307.181,,32.392,32.392,,,BISHAN STREET 11,124.774
bishan_street_11,Bishan Street 11,4186.0,30419.157,36306.286,,31.895,31.895,,,BISHAN STREET 11,123.033
bishan_street_11,Bishan Street 11,4188.0,30420.945,36305.391,,31.398,31.398,,,BISHAN STREET 11,121.293
bishan_street_11,Bishan Street 11,4190.0,30422.734,36304.496,,30.9,30.9,,,BISHAN STREET 11,119.552
bishan_street_11,Bishan Street 11,4192.0,30424.522,36303.601,,,30.403,,,BISHAN STREET 11,117.811
bishan_street_11,Bishan Street 11,4194.0,30426.311,36302.706,,29.906,29.906,,,BISHAN STREET 11,116.07
bishan_street_11,Bishan Street 11,4196.0,30428.099,36301.81,,29.409,29.409,,,BISHAN STREET 11,114.33
bishan_street_11,Bishan Street 11,4198.0,30429.888,36300.915,,28.912,28.912,,,BISHAN STREET 11,112.589
bishan_street_11,Bishan Street 11,4200.0,30431.676,36300.02,,28.415,28.415,,,BISHAN STREET 11,110.848
bishan_street_11,Bishan Street 11,4202.0,30433.465,36299.125,,27.881,27.881,,,BISHAN STREET 11,109.108
bishan_street_11,Bishan Street 11,4204.0,30435.253,36298.23,,27.347,27.347,-26.715,2.0,BISHAN STREET 11,107.367
bishan_street_11,Bishan Street 11,4206.0,30437.042,36297.335,,26.812,26.812,-23.375,2.0,BISHAN STREET 11,105.626
bishan_street_11,Bishan Street 11,4208.0,30438.83,36296.44,,26.278,26.278,-20.036,2.0,BISHAN STREET 11,103.885
bishan_street_11,Bishan Street 11,4210.0,30440.619,36295.544,,,26.011,-16.697,2.0,BISHAN STREET 11,102.145
bishan_street_11,Bishan Street 11,4212.0,30442.407,36294.649,,,25.744,,,BISHAN STREET 11,100.404
bishan_street_11,Bishan Street 11,4214.0,30444.196,36293.754,,,25.477,,,BISHAN STREET 11,98.663
bishan_street_11,Bishan Street 11,4216.0,30445.984,36292.859,,,,,,BISHAN STREET 11,96.923
bishan_street_11,Bishan Street 11,4218.0,30447.773,36291.964,,,,,,BISHAN STREET 11,95.182
bishan_street_11,Bishan Street 11,4220.0,30449.561,36291.069,,,,,,BISHAN STREET 11,93.441
bishan_street_11,Bishan Street 11,4222.0,30451.35,36290.174,,,,,,BISHAN STREET 11,91.7
bishan_street_11,Bishan Street 11,4224.0,30453.138,36289.279,,,,,,BISHAN STREET 11,89.96
bishan_street_11,Bishan Street 11,4226.0,30454.927,36288.383,,,,,,BISHAN STREET 11,88.219
bishan_street_11,Bishan Street 11,4228.0,30456.715,36287.488,,,,,,BISHAN STREET 11,86.478
bishan_street_11,Bishan Street 11,4230.0,30458.504,36286.593,,,,,,BISHAN STREET 11,84.738
bishan_street_11,Bishan Street 11,4232.0,30460.292,36285.698,,,,,,BISHAN STREET 11,82.997
bishan_street_11,Bishan Street 11,4234.0,30462.081,36284.803,,,,,,BISHAN STREET 11,81.256
bishan_street_11,Bishan Street 11,4236.0,30463.869,36283.908,,,,,,BISHAN STREET 11,79.515
bishan_street_11,Bishan Street 11,4238.0,30465.658,36283.013,,,,,,BISHAN STREET 11,77.775
bishan_street_11,Bishan Street 11,4240.0,30467.446,36282.117,,,,,,BISHAN STREET 11,76.034
bishan_street_11,Bishan Street 11,4242.0,30469.235,36281.222,,,,,,BISHAN STREET 11,74.293
bishan_street_11,Bishan Street 11,4244.0,30471.023,36280.327,,,,,,BISHAN STREET 11,72.552
bishan_street_11,Bishan Street 11,4246.0,30472.812,36279.432,26.873,,,,,BISHAN STREET 11,70.812
bishan_street_11,Bishan Street 11,4248.0,30474.6,36278.537,24.58,,,,,BISHAN STREET 11,69.071
bishan_street_11,Bishan Street 11,4250.0,30476.389,36277.642,19.568,,,,,BISHAN STREET 11,67.33
bishan_street_11,Bishan Street 11,4252.0,30478.177,36276.747,18.266,,,,,BISHAN STREET 11,65.59
bishan_street_11,Bishan Street 11,4254.0,30479.966,36275.851,15.1,,,,,BISHAN STREET 11,63.849
bishan_street_11,Bishan Street 11,4256.0,30481.754,36274.956,19.0,,,,,BISHAN STREET 11,62.108
bishan_street_11,Bishan Street 11,4258.0,30483.543,36274.061,14.3,,,,,BISHAN STREET 11,60.367
bishan_street_11,Bishan Street 11,4260.0,30485.331,36273.166,15.566,,,,,BISHAN STREET 11,58.627
bishan_street_11,Bishan Street 11,4262.0,30487.12,36272.271,14.183,,,,,BISHAN STREET 11,56.886
bishan_street_11,Bishan Street 11,4264.0,30488.908,36271.376,18.816,,10.516,,,BISHAN STREET 11,55.145
bishan_street_11,Bishan Street 11,4266.0,30490.697,36270.481,13.416,,10.249,,,BISHAN STREET 11,53.405
bishan_street_11,Bishan Street 11,4268.0,30492.485,36269.586,13.483,,9.982,,,BISHAN STREET 11,51.664
bishan_street_11,Bishan Street 11,4270.0,30494.274,36268.69,14.658,9.715,9.715,,,BISHAN STREET 11,49.923
bishan_street_11,Bishan Street 11,4272.0,30496.062,36267.795,8.668,9.181,9.181,,,BISHAN STREET 11,48.182
bishan_street_11,Bishan Street 11,4274.0,30497.851,36266.9,8.393,8.646,8.646,,,BISHAN STREET 11,46.442
bishan_street_11,Bishan Street 11,4276.0,30499.639,36266.005,7.993,8.112,8.112,,,BISHAN STREET 11,44.701
bishan_street_11,Bishan Street 11,4278.0,30501.428,36265.11,7.831,7.831,8.112,,,BISHAN STREET 11,42.96
bishan_street_11,Bishan Street 11,4280.0,30503.216,36264.215,7.093,7.981,8.112,,,BISHAN STREET 11,41.22
bishan_street_11,Bishan Street 11,4282.0,30505.005,36263.32,7.056,8.131,8.131,,,BISHAN STREET 11,39.479
bishan_street_11,Bishan Street 11,4284.0,30506.793,36262.424,8.281,8.281,8.131,,,BISHAN STREET 11,37.738
bishan_street_11,Bishan Street 11,4286.0,30508.582,36261.529,8.531,8.134,8.131,,,BISHAN STREET 11,35.997
bishan_street_11,Bishan Street 11,4288.0,30510.37,36260.634,7.618,7.986,7.986,,,BISHAN STREET 11,34.257
bishan_street_11,Bishan Street 11,4290.0,30512.159,36259.739,11.481,7.839,7.839,,,BISHAN STREET 11,32.516
bishan_street_11,Bishan Street 11,4292.0,30513.947,36258.844,8.943,7.564,7.564,,,BISHAN STREET 11,30.775
bishan_street_11,Bishan Street 11,4294.0,30515.736,36257.949,7.481,7.289,7.289,,,BISHAN STREET 11,29.035
bishan_street_11,Bishan Street 11,4296.0,30517.524,36257.054,6.406,7.013,7.013,,,BISHAN STREET 11,27.294
bishan_street_11,Bishan Street 11,4298.0,30519.313,36256.158,6.456,6.738,6.738,,,BISHAN STREET 11,25.553
bishan_street_11,Bishan Street 11,4300.0,30521.101,36255.263,6.293,6.463,6.463,,,BISHAN STREET 11,23.812
bishan_street_11,Bishan Street 11,4302.0,30522.89,36254.368,5.956,6.166,6.166,,,BISHAN STREET 11,22.072
bishan_street_11,Bishan Street 11,4304.0,30524.678,36253.473,5.556,5.868,5.868,,,BISHAN STREET 11,20.331
bishan_street_11,Bishan Street 11,4306.0,30526.467,36252.578,9.281,5.57,5.57,,,BISHAN STREET 11,18.59
bishan_street_11,Bishan Street 11,4308.0,30528.255,36251.683,5.718,5.272,5.272,,,BISHAN STREET 11,16.849
bishan_street_11,Bishan Street 11,4310.0,30530.044,36250.788,5.481,4.974,4.974,,,BISHAN STREET 11,15.109
bishan_street_11,Bishan Street 11,4312.0,30531.832,36249.892,4.281,4.675,4.675,,,BISHAN STREET 11,13.368
bishan_street_11,Bishan Street 11,4314.0,30533.621,36248.997,7.068,4.377,4.377,,,BISHAN STREET 11,11.627
bishan_street_11,Bishan Street 11,4316.0,30535.409,36248.102,3.806,4.079,4.079,,,BISHAN STREET 11,9.887
bishan_street_11,Bishan Street 11,4318.0,30537.198,36247.207,3.781,3.781,3.781,,,BISHAN STREET 11,8.146
bishan_street_11,Bishan Street 11,4320.0,30538.986,36246.312,3.681,3.681,3.756,,,BISHAN STREET 11,6.405
bishan_street_11,Bishan Street 11,4322.0,30540.775,36245.417,3.706,3.706,3.756,-0.312,1.0,BISHAN STREET 11,4.664
bishan_street_11,Bishan Street 11,4324.0,30542.563,36244.522,3.756,3.756,3.756,0.0,1.0,BISHAN STREET 11,2.924
bishan_street_11,Bishan Street 11,4326.0,30544.352,36243.627,3.906,3.906,3.756,-0.312,1.0,BISHAN STREET 11,1.183
bishan_street_11,Bishan Street 11,4328.0,30546.14,36242.731,3.806,3.806,3.756,-0.312,1.0,BISHAN STREET 11,0.558
bishan_street_11,Bishan Street 11,4330.0,30547.929,36241.836,3.731,3.731,3.731,-0.312,1.0,BISHAN STREET 11,2.298
bishan_street_11,Bishan Street 11,4332.0,30549.717,36240.941,3.656,3.656,3.731,,,BISHAN STREET 11,4.039
bishan_street_11,Bishan Street 11,4334.0,30551.506,36240.046,3.556,3.556,3.731,,,BISHAN STREET 11,5.78
bishan_street_11,Bishan Street 11,4336.0,30553.294,36239.151,3.581,3.756,3.756,,,BISHAN STREET 11,7.521
bishan_street_11,Bishan Street 11,4338.0,30555.083,36238.256,5.968,3.956,3.956,,,BISHAN STREET 11,9.261
bishan_street_11,Bishan Street 11,4340.0,30556.871,36237.361,3.681,4.566,4.566,,,BISHAN STREET 11,11.002
bishan_street_11,Bishan Street 11,4342.0,30558.66,36236.465,3.456,5.176,5.176,,,BISHAN STREET 11,12.743
bishan_street_11,Bishan Street 11,4344.0,30560.448,36235.57,3.718,5.786,5.786,,,BISHAN STREET 11,14.483
bishan_street_11,Bishan Street 11,4346.0,30562.237,36234.675,9.581,6.395,6.395,,,BISHAN STREET 11,16.224
bishan_street_11,Bishan Street 11,4348.0,30564.025,36233.78,9.081,7.005,7.005,,,BISHAN STREET 11,17.965
bishan_street_11,Bishan Street 11,4350.0,30565.814,36232.885,5.693,7.615,7.615,,,BISHAN STREET 11,19.706
bishan_street_11,Bishan Street 11,4352.0,30567.602,36231.99,10.981,8.225,8.225,,,BISHAN STREET 11,21.446
bishan_street_11,Bishan Street 11,4354.0,30569.391,36231.095,16.356,8.902,8.902,,,BISHAN STREET 11,23.187
bishan_street_11,Bishan Street 11,4356.0,30571.179,36230.199,19.718,9.58,9.58,,,BISHAN STREET 11,24.928
bishan_street_11,Bishan Street 11,4358.0,30572.968,36229.304,12.768,10.257,10.257,,,BISHAN STREET 11,26.668
bishan_street_11,Bishan Street 11,4360.0,30574.756,36228.409,13.456,10.934,10.934,,,BISHAN STREET 11,28.409
bishan_street_11,Bishan Street 11,4362.0,30576.545,36227.514,14.193,,11.612,,,BISHAN STREET 11,30.15
bishan_street_11,Bishan Street 11,4364.0,30578.333,36226.619,14.031,,12.289,,,BISHAN STREET 11,31.891
bishan_street_11,Bishan Street 11,4366.0,30580.122,36225.724,14.031,,12.967,,,BISHAN STREET 11,33.631
bishan_street_11,Bishan Street 11,4368.0,30581.91,36224.829,14.756,,13.644,,,BISHAN STREET 11,35.372
bishan_street_11,Bishan Street 11,4370.0,30583.699,36223.934,9.831,14.321,14.321,,,BISHAN STREET 11,37.113
bishan_street_11,Bishan Street 11,4372.0,30585.487,36223.038,9.956,14.999,14.999,,,BISHAN STREET 11,38.853
bishan_street_11,Bishan Street 11,4374.0,30587.276,36222.143,15.093,15.676,15.676,,,BISHAN STREET 11,40.594
bishan_street_11,Bishan Street 11,4376.0,30589.064,36221.248,17.006,16.353,16.353,,,BISHAN STREET 11,42.335
bishan_street_11,Bishan Street 11,4378.0,30590.853,36220.353,17.031,16.404,16.404,,,BISHAN STREET 11,44.076
bishan_street_11,Bishan Street 11,4380.0,30592.641,36219.458,17.381,16.454,16.404,,,BISHAN STREET 11,45.816
bishan_street_11,Bishan Street 11,4382.0,30594.43,36218.563,17.456,16.504,16.404,,,BISHAN STREET 11,47.557
bishan_street_11,Bishan Street 11,4384.0,30596.218,36217.668,17.081,15.775,15.775,,,BISHAN STREET 11,49.298
bishan_street_11,Bishan Street 11,4386.0,30598.007,36216.772,15.981,15.047,15.047,,,BISHAN STREET 11,51.039
bishan_street_11,Bishan Street 11,4388.0,30599.795,36215.877,14.756,14.318,14.318,,,BISHAN STREET 11,52.779
bishan_street_11,Bishan Street 11,4390.0,30601.584,36214.982,14.756,,13.589,,,BISHAN STREET 11,54.52
bishan_street_11,Bishan Street 11,4468.0,30588.265,36202.116,12.543,12.861,12.861,,,BISHAN STREET 11,40.565
bishan_street_11,Bishan Street 11,4470.0,30586.269,36202.247,13.018,12.132,12.132,,,BISHAN STREET 11,38.578
bishan_street_11,Bishan Street 11,4472.0,30584.274,36202.377,9.206,11.404,11.404,,,BISHAN STREET 11,36.592
bishan_street_11,Bishan Street 11,4474.0,30582.291,36202.205,7.806,10.675,10.675,,,BISHAN STREET 11,34.602
bishan_street_11,Bishan Street 11,4476.0,30580.313,36201.907,10.981,9.916,9.916,,,BISHAN STREET 11,32.612
bishan_street_11,Bishan Street 11,4478.0,30578.335,36201.61,13.968,9.156,9.156,,,BISHAN STREET 11,30.622
bishan_street_11,Bishan Street 11,4480.0,30576.357,36201.313,12.956,8.397,8.397,,,BISHAN STREET 11,28.631
bishan_street_11,Bishan Street 11,4482.0,30574.379,36201.015,13.593,7.637,7.637,,,BISHAN STREET 11,26.641
bishan_street_11,Bishan Street 11,4484.0,30572.384,36200.932,8.831,,6.878,,,BISHAN STREET 11,24.644
bishan_street_11,Bishan Street 11,4486.0,30570.384,36200.899,2.756,,6.119,,,BISHAN STREET 11,22.645
bishan_street_11,Bishan Street 11,4488.0,30568.384,36200.866,7.631,5.359,5.359,,,BISHAN STREET 11,20.646
bishan_street_11,Bishan Street 11,4490.0,30566.385,36200.833,4.631,4.6,4.6,,,BISHAN STREET 11,18.647
bishan_street_11,Bishan Street 11,4492.0,30564.385,36200.8,3.031,3.84,3.84,,,BISHAN STREET 11,16.649
bishan_street_11,Bishan Street 11,4494.0,30562.385,36200.767,3.081,3.081,3.081,,,BISHAN STREET 11,14.65
bishan_street_11,Bishan Street 11,4496.0,30560.385,36200.734,2.881,2.881,2.931,,,BISHAN STREET 11,12.651
bishan_street_11,Bishan Street 11,4498.0,30558.386,36200.701,2.881,2.881,2.931,-0.937,1.0,BISHAN STREET 11,10.652
bishan_street_11,Bishan Street 11,4500.0,30556.386,36200.668,2.931,2.931,2.931,1.562,1.0,BISHAN STREET 11,8.653
bishan_street_11,Bishan Street 11,4502.0,30554.386,36200.635,3.006,3.006,3.006,2.188,1.0,BISHAN STREET 11,6.654
bishan_street_11,Bishan Street 11,4504.0,30552.387,36200.602,3.056,3.056,3.056,3.438,1.0,BISHAN STREET 11,4.656
bishan_street_11,Bishan Street 11,4506.0,30551.121,36201.886,3.106,3.106,3.106,3.125,1.0,BISHAN STREET 11,3.457
bishan_street_11,Bishan Street 11,4508.0,30550.099,36203.604,3.206,3.206,3.206,5.313,1.0,BISHAN STREET 11,2.523
bishan_street_11,Bishan Street 11,4510.0,30549.076,36205.323,3.256,3.256,3.256,4.688,1.0,BISHAN STREET 11,1.59
bishan_street_11,Bishan Street 11,4512.0,30548.054,36207.042,3.481,3.481,3.481,3.438,1.0,BISHAN STREET 11,0.656
bishan_street_11,Bishan Street 11,4514.0,30547.031,36208.761,3.506,3.506,3.481,3.125,1.0,BISHAN STREET 11,0.278
bishan_street_11,Bishan Street 11,4516.0,30546.009,36210.48,3.481,3.481,3.481,,,BISHAN STREET 11,1.212
bishan_street_11,Bishan Street 11,4518.0,30544.986,36212.199,3.506,3.506,3.506,,,BISHAN STREET 11,2.146
bishan_street_11,Bishan Street 11,4520.0,30543.964,36213.917,3.356,3.356,3.481,,,BISHAN STREET 11,3.08
bishan_street_11,Bishan Street 11,4522.0,30542.941,36215.636,3.618,3.618,3.356,,,BISHAN STREET 11,4.014
bishan_street_11,Bishan Street 11,4524.0,30541.918,36217.355,3.331,3.331,3.331,,,BISHAN STREET 11,4.948
bishan_street_11,Bishan Street 11,4526.0,30540.896,36219.074,3.306,3.306,3.306,,,BISHAN STREET 11,5.882
bishan_street_11,Bishan Street 11,4528.0,30540.007,36220.851,3.306,3.306,3.306,,,BISHAN STREET 11,6.679
bishan_street_11,Bishan Street 11,4530.0,30539.455,36222.773,3.306,3.306,3.306,3.75,1.0,BISHAN STREET 11,7.133
bishan_street_11,Bishan Street 11,4532.0,30538.903,36224.695,3.406,3.406,3.406,4.531,1.0,BISHAN STREET 11,7.586
bishan_street_11,Bishan Street 11,4534.0,30538.351,36226.618,3.606,3.606,3.606,4.688,1.0,BISHAN STREET 11,8.04
bishan_street_11,Bishan Street 11,4536.0,30537.799,36228.54,3.681,3.681,3.668,3.594,1.0,BISHAN STREET 11,8.494
bishan_street_11,Bishan Street 11,4538.0,30537.247,36230.462,3.668,3.668,3.681,1.484,1.0,BISHAN STREET 11,8.947
bishan_street_11,Bishan Street 11,4540.0,30536.695,36232.385,3.693,3.693,3.693,0.703,1.0,BISHAN STREET 11,9.401
bishan_street_11,Bishan Street 11,4542.0,30536.143,36234.307,3.781,3.781,3.725,0.547,1.0,BISHAN STREET 11,9.855
bishan_street_11,Bishan Street 11,4544.0,30535.591,36236.229,3.756,3.756,3.725,0.391,1.0,BISHAN STREET 11,10.308
bishan_street_11,Bishan Street 11,4546.0,30535.039,36238.151,5.931,3.725,3.725,0.0,1.0,BISHAN STREET 11,10.762
bishan_street_11,Bishan Street 11,4548.0,30534.487,36240.074,3.693,3.693,3.725,,,BISHAN STREET 11,11.216
bishan_street_11,Bishan Street 11,4550.0,30533.935,36241.996,7.756,3.725,3.725,,,BISHAN STREET 11,11.669
bishan_street_11,Bishan Street 11,4552.0,30533.383,36243.918,3.756,3.895,3.895,,,BISHAN STREET 11,12.123
bishan_street_11,Bishan Street 11,4554.0,30532.627,36245.761,3.806,4.143,4.143,,,BISHAN STREET 11,12.784
bishan_street_11,Bishan Street 11,4556.0,30531.726,36247.547,4.268,4.425,4.425,,,BISHAN STREET 11,13.593
bishan_street_11,Bishan Street 11,4558.0,30530.826,36249.332,4.556,4.707,4.707,,,BISHAN STREET 11,14.402
bishan_street_11,Bishan Street 11,4560.0,30529.925,36251.118,5.106,5.019,5.019,,,BISHAN STREET 11,15.211
bishan_street_11,Bishan Street 11,4562.0,30529.024,36252.903,5.718,5.331,5.331,,,BISHAN STREET 11,16.02
bishan_street_11,Bishan Street 11,4564.0,30528.123,36254.689,5.156,5.642,5.642,,,BISHAN STREET 11,16.829
bishan_street_11,Bishan Street 11,4566.0,30527.222,36256.475,5.006,5.954,5.954,,,BISHAN STREET 11,17.638
bishan_street_11,Bishan Street 11,4568.0,30526.322,36258.26,7.081,6.266,6.266,,,BISHAN STREET 11,18.447
bishan_street_11,Bishan Street 11,4570.0,30525.421,36260.046,11.143,6.556,6.331,,,BISHAN STREET 11,19.256
bishan_street_11,Bishan Street 11,4572.0,30524.52,36261.832,6.031,6.443,6.331,,,BISHAN STREET 11,20.065
bishan_street_11,Bishan Street 11,4574.0,30523.619,36263.617,6.781,6.331,6.331,-2.344,1.0,BISHAN STREET 11,20.874
bishan_street_11,Bishan Street 11,4576.0,30522.718,36265.403,6.231,6.218,6.218,,,BISHAN STREET 11,21.682
bishan_street_11,Bishan Street 11,4578.0,30521.817,36267.189,6.106,6.106,6.143,,,BISHAN STREET 11,22.491
bishan_street_11,Bishan Street 11,4580.0,30520.917,36268.974,6.143,6.143,6.106,,,BISHAN STREET 11,23.3
bishan_street_11,Bishan Street 11,4582.0,30520.016,36270.76,6.056,5.925,5.925,-5.156,1.0,BISHAN STREET 11,24.109
bishan_street_11,Bishan Street 11,4584.0,30519.115,36272.546,5.706,5.706,5.731,-4.687,1.0,BISHAN STREET 11,24.918
bishan_street_11,Bishan Street 11,4586.0,30518.214,36274.331,5.531,5.531,5.731,,,BISHAN STREET 11,25.727
bishan_street_11,Bishan Street 11,4588.0,30517.357,36273.219,5.731,5.731,5.731,,,BISHAN STREET 11,26.64
bishan_street_11,Bishan Street 11,4590.0,30516.51,36271.407,5.881,5.982,5.982,,,BISHAN STREET 11,27.578
bishan_street_11,Bishan Street 11,4592.0,30515.664,36269.595,6.156,6.233,6.233,,,BISHAN STREET 11,28.515
bishan_street_11,Bishan Street 11,4594.0,30514.817,36267.783,6.256,6.631,6.631,,,BISHAN STREET 11,29.453
bishan_street_11,Bishan Street 11,4596.0,30513.97,36265.971,12.856,7.029,7.029,,,BISHAN STREET 11,30.391
bishan_street_11,Bishan Street 11,4598.0,30513.435,36264.095,14.293,7.428,7.428,,,BISHAN STREET 11,31.02
bishan_street_11,Bishan Street 11,4600.0,30513.495,36262.095,7.906,7.826,7.826,,,BISHAN STREET 11,31.062
bishan_street_11,Bishan Street 11,4602.0,30513.554,36260.096,9.406,8.24,8.24,,,BISHAN STREET 11,31.104
bishan_street_11,Bishan Street 11,4604.0,30513.614,36258.097,9.506,8.654,8.654,,,BISHAN STREET 11,31.146
bishan_street_11,Bishan Street 11,4606.0,30513.674,36256.098,7.756,9.068,9.068,,,BISHAN STREET 11,31.188
bishan_street_11,Bishan Street 11,4608.0,30513.734,36254.099,10.756,9.482,9.482,,,BISHAN STREET 11,31.23
bishan_street_11,Bishan Street 11,4610.0,30513.812,36252.101,13.531,9.896,9.896,,,BISHAN STREET 11,31.253
bishan_street_11,Bishan Street 11,4612.0,30513.896,36250.102,12.168,9.992,9.896,,,BISHAN STREET 11,31.27
bishan_street_11,Bishan Street 11,4614.0,30513.981,36248.104,10.693,10.087,9.896,,,BISHAN STREET 11,31.287
bishan_street_11,Bishan Street 11,4616.0,30513.991,36246.105,7.643,9.864,9.864,,,BISHAN STREET 11,31.379
bishan_street_11,Bishan Street 11,4618.0,30513.958,36244.105,9.381,9.641,9.641,,,BISHAN STREET 11,31.513
bishan_street_11,Bishan Street 11,4620.0,30513.926,36242.106,12.581,9.418,9.456,,,BISHAN STREET 11,31.647
bishan_street_11,Bishan Street 11,4622.0,30513.893,36240.106,9.456,9.456,9.418,,,BISHAN STREET 11,31.781
bishan_street_11,Bishan Street 11,4624.0,30513.861,36238.106,10.718,9.231,9.231,,,BISHAN STREET 11,31.915
bishan_street_11,Bishan Street 11,4626.0,30513.473,36236.297,9.556,9.006,9.006,,,BISHAN STREET 11,32.394
bishan_street_11,Bishan Street 11,4628.0,30511.824,36235.165,8.956,8.781,8.781,,,BISHAN STREET 11,34.098
bishan_street_11,Bishan Street 11,4630.0,30510.176,36234.033,7.556,8.556,8.556,,,BISHAN STREET 11,35.803
bishan_street_11,Bishan Street 11,4632.0,30508.527,36232.901,9.181,8.331,8.375,,,BISHAN STREET 11,37.507
bishan_street_11,Bishan Street 11,4634.0,30506.878,36231.769,7.793,8.106,8.375,,,BISHAN STREET 11,39.211
bishan_street_11,Bishan Street 11,4636.0,30505.229,36230.637,7.881,8.375,8.375,,,BISHAN STREET 11,40.915
bishan_street_11,Bishan Street 11,4638.0,30503.58,36229.505,7.756,8.67,8.67,,,BISHAN STREET 11,42.62
bishan_street_11,Bishan Street 11,4640.0,30501.931,36228.373,7.756,8.965,8.965,,,BISHAN STREET 11,44.324
bishan_street_11,Bishan Street 11,4642.0,30500.282,36227.241,9.518,9.192,9.192,,,BISHAN STREET 11,46.028
bishan_street_11,Bishan Street 11,4644.0,30498.634,36226.109,9.493,9.419,9.419,,,BISHAN STREET 11,47.732
bishan_street_11,Bishan Street 11,4646.0,30496.985,36224.978,11.043,9.646,9.646,,,BISHAN STREET 11,49.436
bishan_street_11,Bishan Street 11,4648.0,30495.336,36223.846,11.581,9.872,9.872,,,BISHAN STREET 11,51.141
bishan_street_11,Bishan Street 11,4650.0,30493.497,36223.299,15.706,10.099,10.087,,,BISHAN STREET 11,53.005
bishan_street_11,Bishan Street 11,4652.0,30491.497,36223.244,10.706,10.326,10.087,,,BISHAN STREET 11,55.005
bishan_street_11,Bishan Street 11,4654.0,30489.498,36223.189,9.956,10.087,10.087,,,BISHAN STREET 11,57.004
bishan_street_11,Bishan Street 11,4656.0,30487.499,36223.134,10.631,9.848,9.848,,,BISHAN STREET 11,59.004
bishan_street_11,Bishan Street 11,4658.0,30485.5,36223.079,10.043,9.609,9.609,,,BISHAN STREET 11,61.003
bishan_street_11,Bishan Street 11,4660.0,30483.536,36222.813,10.081,9.37,9.37,,,BISHAN STREET 11,62.978
bishan_street_11,Bishan Street 11,4720.0,30507.695,36199.824,9.131,9.131,9.131,,,BISHAN STREET 11,40.017
bishan_street_11,Bishan Street 11,4722.0,30509.618,36199.271,9.706,8.976,8.976,,,BISHAN STREET 11,38.126
bishan_street_11,Bishan Street 11,4724.0,30511.54,36198.719,8.718,8.821,8.821,,,BISHAN STREET 11,36.234
bishan_street_11,Bishan Street 11,4726.0,30513.462,36198.166,7.768,8.666,8.666,,,BISHAN STREET 11,34.343
bishan_street_11,Bishan Street 11,4728.0,30515.384,36197.613,8.131,8.511,8.511,,,BISHAN STREET 11,32.451
bishan_street_11,Bishan Street 11,4730.0,30517.306,36197.061,8.356,8.356,8.433,,,BISHAN STREET 11,30.56
bishan_street_11,Bishan Street 11,4732.0,30519.174,36196.523,4.606,8.356,8.356,,,BISHAN STREET 11,28.721
