path_key,source_project,chainage_m,x_svy21,y_svy21,elevation_m_raw,elevation_m_filtered,elevation_m_smooth,gradient_pct,Grade,nearest_road_name,nearest_road_dist_m
braddell_road,Braddell Road,256.0,29544.636,36314.689,8.353,8.353,8.552,4.958,1.0,BRADDELL ROAD,76.098
braddell_road,Braddell Road,258.0,29546.554,36314.123,8.377,8.552,8.651,6.936,1.0,BRADDELL ROAD,75.593
braddell_road,Braddell Road,260.0,29548.472,36313.556,8.75,8.75,8.75,5.693,1.0,BRADDELL ROAD,75.088
braddell_road,Braddell Road,262.0,29550.39,36312.99,9.046,9.046,8.968,4.454,1.0,BRADDELL ROAD,74.583
braddell_road,Braddell Road,264.0,29552.308,36312.423,8.968,8.968,9.007,3.214,1.0,BRADDELL ROAD,74.078
braddell_road,Braddell Road,266.0,29554.226,36311.857,9.167,9.167,9.007,,,BRADDELL ROAD,73.573
braddell_road,Braddell Road,268.0,29556.145,36311.29,9.007,9.007,9.007,,,BRADDELL ROAD,73.068
braddell_road,Braddell Road,270.0,29558.063,36310.724,8.429,8.829,9.014,,,BRADDELL ROAD,72.563
braddell_road,Braddell Road,272.0,29559.981,36310.157,8.65,9.014,9.014,,,BRADDELL ROAD,72.057
braddell_road,Braddell Road,274.0,29561.899,36309.591,8.586,9.199,9.199,,,BRADDELL ROAD,71.552
braddell_road,Braddell Road,276.0,29563.817,36309.024,8.859,9.384,9.384,,,BRADDELL ROAD,71.047
braddell_road,Braddell Road,278.0,29565.735,36308.458,16.434,9.569,9.46,,,BRADDELL ROAD,70.542
braddell_road,Braddell Road,280.0,29567.653,36307.891,18.422,9.514,9.46,,,BRADDELL ROAD,70.037
braddell_road,Braddell Road,282.0,29569.571,36307.325,10.989,9.46,9.46,,,BRADDELL ROAD,69.532
braddell_road,Braddell Road,284.0,29571.489,36306.758,14.8,9.406,9.406,,,BRADDELL ROAD,69.027
braddell_road,Braddell Road,286.0,29573.407,36306.191,12.008,9.351,9.351,,,BRADDELL ROAD,68.522
braddell_road,Braddell Road,288.0,29575.325,36305.625,9.208,9.297,9.297,,,BRADDELL ROAD,68.017
braddell_road,Braddell Road,290.0,29577.244,36305.058,9.242,9.242,9.267,,,BRADDELL ROAD,67.512
braddell_road,Braddell Road,292.0,29579.162,36304.492,9.267,9.267,9.242,,,BRADDELL ROAD,67.007
braddell_road,Braddell Road,294.0,29581.08,36303.925,9.697,9.107,9.165,,,BRADDELL ROAD,66.502
braddell_road,Braddell Road,296.0,29582.998,36303.359,8.373,8.947,9.165,,,BRADDELL ROAD,65.997
braddell_road,Braddell Road,298.0,29584.916,36302.792,8.034,9.165,9.165,,,BRADDELL ROAD,65.492
braddell_road,Braddell Road,300.0,29586.834,36302.226,8.334,9.382,9.382,,,BRADDELL ROAD,64.986
braddell_road,Braddell Road,302.0,29588.752,36301.659,8.467,9.637,9.637,,,BRADDELL ROAD,64.481
braddell_road,Braddell Road,304.0,29590.67,36301.093,8.584,9.891,9.891,,,BRADDELL ROAD,63.976
braddell_road,Braddell Road,306.0,29592.588,36300.526,10.483,10.145,10.145,,,BRADDELL ROAD,63.471
braddell_road,Braddell Road,308.0,29594.506,36299.96,10.652,10.4,10.4,,,BRADDELL ROAD,62.966
braddell_road,Braddell Road,310.0,29596.424,36299.393,10.777,11.064,11.064,,,BRADDELL ROAD,62.476
braddell_road,Braddell Road,312.0,29598.342,36298.827,12.352,11.728,11.728,,,BRADDELL ROAD,62.028
braddell_road,Braddell Road,314.0,29600.261,36298.26,9.947,12.392,12.392,,,BRADDELL ROAD,61.581
braddell_road,Braddell Road,316.0,29602.179,36297.694,9.822,13.203,13.203,,,BRADDELL ROAD,61.135
braddell_road,Braddell Road,318.0,29604.097,36297.127,10.83,14.013,14.013,,,BRADDELL ROAD,60.688
braddell_road,Braddell Road,320.0,29606.015,36296.561,10.855,14.824,14.824,,,BRADDELL ROAD,60.242
braddell_road,Braddell Road,322.0,29607.933,36295.994,17.155,15.634,15.634,,,BRADDELL ROAD,59.795
braddell_road,Braddell Road,324.0,29609.851,36295.428,17.105,16.445,16.445,,,BRADDELL ROAD,59.349
braddell_road,Braddell Road,326.0,29611.769,36294.861,17.255,17.255,17.255,,,BRADDELL ROAD,58.902
braddell_road,Braddell Road,328.0,29613.687,36294.294,17.48,17.48,17.48,,,BRADDELL ROAD,58.456
braddell_road,Braddell Road,330.0,29615.605,36293.728,17.98,17.639,17.618,4.532,1.0,BRADDELL ROAD,58.009
braddell_road,Braddell Road,332.0,29617.523,36293.161,23.355,17.799,17.618,-0.546,1.0,BRADDELL ROAD,57.562
braddell_road,Braddell Road,334.0,29619.441,36292.595,26.08,17.618,17.618,-3.671,1.0,BRADDELL ROAD,57.116
braddell_road,Braddell Road,336.0,29621.359,36292.028,28.255,17.436,17.436,-6.796,1.0,BRADDELL ROAD,56.669
braddell_road,Braddell Road,338.0,29623.278,36291.462,,17.255,17.255,-9.062,2.0,BRADDELL ROAD,56.223
braddell_road,Braddell Road,340.0,29625.196,36290.895,,17.074,17.074,-9.062,2.0,BRADDELL ROAD,55.776
braddell_road,Braddell Road,342.0,29627.114,36290.329,,16.893,16.893,-9.062,2.0,BRADDELL ROAD,55.33
braddell_road,Braddell Road,344.0,29629.032,36289.762,,16.711,16.711,-9.062,2.0,BRADDELL ROAD,54.883
braddell_road,Braddell Road,346.0,29630.95,36289.196,,16.53,16.53,-9.062,2.0,BRADDELL ROAD,54.437
braddell_road,Braddell Road,348.0,29632.868,36288.629,,16.349,16.349,-9.062,2.0,BRADDELL ROAD,53.99
braddell_road,Braddell Road,350.0,29634.786,36288.063,,16.168,16.168,-9.062,2.0,BRADDELL ROAD,53.544
braddell_road,Braddell Road,352.0,29636.704,36287.496,,15.986,15.986,-9.062,2.0,BRADDELL ROAD,53.097
braddell_road,Braddell Road,354.0,29638.622,36286.93,,15.805,15.805,-9.062,2.0,BRADDELL ROAD,52.651
braddell_road,Braddell Road,356.0,29640.54,36286.363,,15.624,15.624,-9.062,2.0,BRADDELL ROAD,52.204
braddell_road,Braddell Road,358.0,29642.458,36285.797,,15.443,15.443,-9.062,2.0,BRADDELL ROAD,51.758
braddell_road,Braddell Road,360.0,29644.376,36285.23,,15.261,15.261,-9.062,2.0,BRADDELL ROAD,51.311
braddell_road,Braddell Road,362.0,29646.295,36284.664,,15.08,15.08,-9.062,2.0,BRADDELL ROAD,50.865
braddell_road,Braddell Road,364.0,29648.213,36284.097,,14.899,14.899,-9.062,2.0,BRADDELL ROAD,50.418
braddell_road,Braddell Road,366.0,29650.131,36283.531,,14.718,14.718,-9.062,2.0,BRADDELL ROAD,49.972
braddell_road,Braddell Road,368.0,29652.049,36282.964,,14.536,14.536,-9.062,2.0,BRADDELL ROAD,49.525
braddell_road,Braddell Road,370.0,29653.967,36282.397,,14.355,14.355,-6.796,1.0,BRADDELL ROAD,49.079
braddell_road,Braddell Road,372.0,29655.885,36281.831,14.174,14.174,14.174,,,BRADDELL ROAD,48.632
braddell_road,Braddell Road,374.0,29657.803,36281.264,14.174,14.174,14.174,,,BRADDELL ROAD,48.185
braddell_road,Braddell Road,376.0,29659.721,36280.698,14.174,13.917,13.917,,,BRADDELL ROAD,47.739
braddell_road,Braddell Road,378.0,29661.639,36280.131,,13.66,13.66,,,BRADDELL ROAD,47.292
braddell_road,Braddell Road,380.0,29663.557,36279.565,,13.283,13.283,,,BRADDELL ROAD,46.846
braddell_road,Braddell Road,382.0,29665.475,36278.998,,12.906,12.906,,,BRADDELL ROAD,46.399
braddell_road,Braddell Road,384.0,29667.394,36278.432,,12.529,12.529,,,BRADDELL ROAD,45.953
braddell_road,Braddell Road,386.0,29669.312,36277.865,,,12.34,,,BRADDELL ROAD,45.506
braddell_road,Braddell Road,388.0,29671.23,36277.299,,,12.152,,,BRADDELL ROAD,45.06
braddell_road,Braddell Road,390.0,29673.148,36276.732,,,11.963,,,BRADDELL ROAD,44.613
braddell_road,Braddell Road,392.0,29675.066,36276.166,,,,,,BRADDELL ROAD,44.167
braddell_road,Braddell Road,394.0,29676.984,36275.599,,,,,,BRADDELL ROAD,43.72
braddell_road,Braddell Road,396.0,29678.902,36275.033,,,9.701,,,BRADDELL ROAD,43.274
braddell_road,Braddell Road,398.0,29680.82,36274.466,,,9.513,,,BRADDELL ROAD,42.827
braddell_road,Braddell Road,400.0,29682.738,36273.9,,,9.324,,,BRADDELL ROAD,42.381
braddell_road,Braddell Road,402.0,29684.656,36273.333,,9.136,9.136,,,BRADDELL ROAD,41.934
braddell_road,Braddell Road,404.0,29686.574,36272.767,,8.759,8.759,,,BRADDELL ROAD,41.488
braddell_road,Braddell Road,406.0,29688.492,36272.2,,8.382,8.382,,,BRADDELL ROAD,41.041
braddell_road,Braddell Road,408.0,29690.411,36271.634,8.005,8.005,8.012,,,BRADDELL ROAD,40.595
braddell_road,Braddell Road,410.0,29692.329,36271.067,8.005,8.005,8.012,,,BRADDELL ROAD,40.148
braddell_road,Braddell Road,412.0,29694.247,36270.5,,8.012,8.012,0.178,1.0,BRADDELL ROAD,39.701
braddell_road,Braddell Road,414.0,29696.165,36269.934,,8.019,8.019,0.267,1.0,BRADDELL ROAD,39.255
braddell_road,Braddell Road,416.0,29698.083,36269.367,,8.026,8.026,0.356,1.0,BRADDELL ROAD,38.808
braddell_road,Braddell Road,418.0,29700.001,36268.801,,8.033,8.033,0.356,1.0,BRADDELL ROAD,38.362
braddell_road,Braddell Road,420.0,29701.919,36268.234,,8.041,8.041,0.356,1.0,BRADDELL ROAD,37.915
braddell_road,Braddell Road,422.0,29703.837,36267.668,,8.048,8.048,0.356,1.0,BRADDELL ROAD,37.469
braddell_road,Braddell Road,424.0,29705.755,36267.101,,8.055,8.055,0.356,1.0,BRADDELL ROAD,37.022
braddell_road,Braddell Road,426.0,29707.673,36266.535,,8.062,8.062,0.356,1.0,BRADDELL ROAD,36.576
braddell_road,Braddell Road,428.0,29709.591,36265.968,,8.069,8.069,0.356,1.0,BRADDELL ROAD,36.129
braddell_road,Braddell Road,430.0,29711.509,36265.402,,8.076,8.076,0.356,1.0,BRADDELL ROAD,35.683
braddell_road,Braddell Road,432.0,29713.428,36264.835,,8.083,8.083,0.356,1.0,BRADDELL ROAD,35.236
braddell_road,Braddell Road,434.0,29715.346,36264.269,,8.09,8.09,0.356,1.0,BRADDELL ROAD,34.79
braddell_road,Braddell Road,436.0,29717.264,36263.702,,8.098,8.098,0.356,1.0,BRADDELL ROAD,34.343
braddell_road,Braddell Road,438.0,29719.182,36263.136,,8.105,8.105,0.356,1.0,BRADDELL ROAD,33.897
braddell_road,Braddell Road,440.0,29721.1,36262.569,,8.112,8.112,0.356,1.0,BRADDELL ROAD,33.45
braddell_road,Braddell Road,442.0,29723.018,36262.003,,8.119,8.119,0.356,1.0,BRADDELL ROAD,33.004
braddell_road,Braddell Road,444.0,29724.936,36261.436,,8.126,8.126,0.356,1.0,BRADDELL ROAD,32.557
braddell_road,Braddell Road,446.0,29726.854,36260.87,,8.133,8.133,0.356,1.0,BRADDELL ROAD,32.111
braddell_road,Braddell Road,448.0,29728.772,36260.303,,8.14,8.14,0.356,1.0,BRADDELL ROAD,31.664
braddell_road,Braddell Road,450.0,29730.69,36259.737,,8.147,8.147,0.356,1.0,BRADDELL ROAD,31.217
braddell_road,Braddell Road,452.0,29732.608,36259.17,,8.155,8.155,0.356,1.0,BRADDELL ROAD,30.771
braddell_road,Braddell Road,454.0,29734.527,36258.603,,8.162,8.162,0.311,1.0,BRADDELL ROAD,30.324
braddell_road,Braddell Road,456.0,29736.445,36258.037,,8.169,8.169,0.267,1.0,BRADDELL ROAD,29.878
braddell_road,Braddell Road,458.0,29738.363,36257.47,,,8.172,0.222,1.0,BRADDELL ROAD,29.431
braddell_road,Braddell Road,460.0,29740.281,36256.904,,,8.176,,,BRADDELL ROAD,28.985
braddell_road,Braddell Road,462.0,29742.199,36256.337,,,8.179,,,BRADDELL ROAD,28.557
braddell_road,Braddell Road,464.0,29744.117,36255.771,,,,,,BRADDELL ROAD,28.237
braddell_road,Braddell Road,466.0,29746.035,36255.204,,,,,,BRADDELL ROAD,27.937
braddell_road,Braddell Road,468.0,29747.953,36254.638,,,,,,BRADDELL ROAD,27.638
braddell_road,Braddell Road,470.0,29749.871,36254.071,,,,,,BRADDELL ROAD,27.338
braddell_road,Braddell Road,472.0,29751.789,36253.505,,,,,,BRADDELL ROAD,27.038
braddell_road,Braddell Road,474.0,29753.707,36252.938,,,,,,BRADDELL ROAD,26.739
braddell_road,Braddell Road,476.0,29755.625,36252.372,,,,,,BRADDELL ROAD,26.439
braddell_road,Braddell Road,478.0,29757.544,36251.805,,,,,,BRADDELL ROAD,26.139
braddell_road,Braddell Road,480.0,29759.462,36251.239,,,,,,BRADDELL ROAD,25.84
braddell_road,Braddell Road,482.0,29761.38,36250.672,,,,,,BRADDELL ROAD,25.54
braddell_road,Braddell Road,484.0,29763.298,36250.106,,,,,,BRADDELL ROAD,25.241
braddell_road,Braddell Road,486.0,29765.216,36249.539,,,,,,BRADDELL ROAD,24.941
braddell_road,Braddell Road,488.0,29767.134,36248.973,,,,,,BRADDELL ROAD,24.641
braddell_road,Braddell Road,490.0,29769.052,36248.406,,,,,,BRADDELL ROAD,24.342
braddell_road,Braddell Road,492.0,29770.97,36247.84,,,,,,BRADDELL ROAD,24.042
braddell_road,Braddell Road,494.0,29772.888,36247.273,,,,,,BRADDELL ROAD,23.743
braddell_road,Braddell Road,496.0,29774.806,36246.706,,,,,,BRADDELL ROAD,23.443
braddell_road,Braddell Road,498.0,29776.724,36246.14,,,,,,BRADDELL ROAD,23.143
braddell_road,Braddell Road,500.0,29778.642,36245.573,,,,,,BRADDELL ROAD,22.844
braddell_road,Braddell Road,502.0,29780.561,36245.007,,,,,,BRADDELL ROAD,22.544
braddell_road,Braddell Road,504.0,29782.479,36244.44,,,,,,BRADDELL ROAD,22.244
braddell_road,Braddell Road,506.0,29784.397,36243.874,,,,,,BRADDELL ROAD,21.945
braddell_road,Braddell Road,508.0,29786.315,36243.307,,,,,,BRADDELL ROAD,21.645
braddell_road,Braddell Road,510.0,29788.233,36242.741,,,,,,BRADDELL ROAD,21.346
braddell_road,Braddell Road,512.0,29790.151,36242.174,,,,,,BRADDELL ROAD,21.046
braddell_road,Braddell Road,514.0,29792.069,36241.608,,,,,,BRADDELL ROAD,20.746
braddell_road,Braddell Road,516.0,29793.987,36241.041,,,,,,BRADDELL ROAD,20.447
braddell_road,Braddell Road,518.0,29795.905,36240.475,,,,,,BRADDELL ROAD,20.147
braddell_road,Braddell Road,520.0,29797.823,36239.908,,,,,,BRADDELL ROAD,19.848
braddell_road,Braddell Road,522.0,29799.741,36239.342,,,,,,BRADDELL ROAD,19.548
braddell_road,Braddell Road,524.0,29801.659,36238.775,,,,,,BRADDELL ROAD,19.248
braddell_road,Braddell Road,526.0,29803.578,36238.209,,,,,,BRADDELL ROAD,18.949
braddell_road,Braddell Road,528.0,29805.496,36237.642,,,,,,BRADDELL ROAD,18.649
braddell_road,Braddell Road,530.0,29807.414,36237.076,,,,,,BRADDELL ROAD,18.349
braddell_road,Braddell Road,532.0,29809.332,36236.509,,,,,,BRADDELL ROAD,18.05
braddell_road,Braddell Road,534.0,29811.25,36235.943,,,,,,BRADDELL ROAD,17.75
braddell_road,Braddell Road,536.0,29813.168,36235.376,,,,,,BRADDELL ROAD,17.451
braddell_road,Braddell Road,538.0,29815.086,36234.809,,,,,,BRADDELL ROAD,17.151
braddell_road,Braddell Road,540.0,29817.004,36234.243,,,,,,BRADDELL ROAD,16.851
braddell_road,Braddell Road,542.0,29818.922,36233.676,,,,,,BRADDELL ROAD,16.552
braddell_road,Braddell Road,544.0,29820.84,36233.11,,,,,,BRADDELL ROAD,16.252
braddell_road,Braddell Road,546.0,29822.758,36232.543,,,,,,BRADDELL ROAD,15.953
braddell_road,Braddell Road,548.0,29824.677,36231.977,,,,,,BRADDELL ROAD,15.653
braddell_road,Braddell Road,550.0,29826.595,36231.41,,,,,,BRADDELL ROAD,15.353
braddell_road,Braddell Road,552.0,29828.513,36230.844,,,,,,BRADDELL ROAD,15.054
braddell_road,Braddell Road,554.0,29830.431,36230.277,,,,,,BRADDELL ROAD,14.754
braddell_road,Braddell Road,556.0,29832.349,36229.711,,,,,,BRADDELL ROAD,14.454
braddell_road,Braddell Road,558.0,29834.267,36229.144,,,,,,BRADDELL ROAD,14.155
braddell_road,Braddell Road,560.0,29836.185,36228.578,,,,,,BRADDELL ROAD,13.855
braddell_road,Braddell Road,562.0,29838.103,36228.011,,,,,,BRADDELL ROAD,13.556
braddell_road,Braddell Road,564.0,29840.021,36227.445,,,,,,BRADDELL ROAD,13.256
braddell_road,Braddell Road,566.0,29841.939,36226.878,,,,,,BRADDELL ROAD,12.956
braddell_road,Braddell Road,568.0,29843.857,36226.312,,,,,,BRADDELL ROAD,12.657
braddell_road,Braddell Road,570.0,29845.775,36225.745,,,,,,BRADDELL ROAD,12.357
braddell_road,Braddell Road,572.0,29847.694,36225.179,,,,,,BRADDELL ROAD,12.057
braddell_road,Braddell Road,574.0,29849.612,36224.612,,,,,,BRADDELL ROAD,11.758
braddell_road,Braddell Road,576.0,29851.53,36224.046,,,,,,BRADDELL ROAD,11.458
braddell_road,Braddell Road,578.0,29853.448,36223.479,,,,,,BRADDELL ROAD,11.159
braddell_road,Braddell Road,580.0,29855.366,36222.912,,,,,,BRADDELL ROAD,10.859
braddell_road,Braddell Road,582.0,29857.284,36222.346,,,,,,BRADDELL ROAD,10.559
braddell_road,Braddell Road,584.0,29859.202,36221.779,,,,,,BRADDELL ROAD,10.26
braddell_road,Braddell Road,586.0,29861.12,36221.213,,,,,,BRADDELL ROAD,9.96
braddell_road,Braddell Road,588.0,29863.038,36220.646,,,,,,BRADDELL ROAD,9.661
braddell_road,Braddell Road,590.0,29864.956,36220.08,,,,,,BRADDELL ROAD,9.361
braddell_road,Braddell Road,592.0,29866.874,36219.513,,,,,,BRADDELL ROAD,9.061
braddell_road,Braddell Road,594.0,29868.792,36218.947,,,,,,BRADDELL ROAD,8.762
braddell_road,Braddell Road,596.0,29870.711,36218.38,,,,,,BRADDELL ROAD,8.462
braddell_road,Braddell Road,598.0,29872.629,36217.814,,,,,,BRADDELL ROAD,8.162
braddell_road,Braddell Road,600.0,29874.547,36217.247,,,,,,BRADDELL ROAD,7.863
braddell_road,Braddell Road,602.0,29876.465,36216.681,,,,,,BRADDELL ROAD,7.563
braddell_road,Braddell Road,604.0,29878.383,36216.114,,,,,,BRADDELL ROAD,7.264
braddell_road,Braddell Road,606.0,29880.301,36215.548,,,,,,BRADDELL ROAD,6.964
braddell_road,Braddell Road,608.0,29882.219,36214.981,,,,,,BRADDELL ROAD,6.664
braddell_road,Braddell Road,610.0,29884.137,36214.415,,,,,,BRADDELL ROAD,6.365
braddell_road,Braddell Road,612.0,29886.055,36213.848,,,,,,BRADDELL ROAD,6.065
braddell_road,Braddell Road,614.0,29887.973,36213.282,,,,,,BRADDELL ROAD,5.766
braddell_road,Braddell Road,616.0,29889.891,36212.715,,,,,,BRADDELL ROAD,5.466
braddell_road,Braddell Road,618.0,29891.809,36212.149,,,,,,BRADDELL ROAD,5.166
braddell_road,Braddell Road,620.0,29893.728,36211.582,,,,,,BRADDELL ROAD,4.867
braddell_road,Braddell Road,622.0,29895.646,36211.015,,,,,,BRADDELL ROAD,4.567
braddell_road,Braddell Road,624.0,29897.564,36210.449,,,,,,BRADDELL ROAD,4.267
braddell_road,Braddell Road,626.0,29899.482,36209.882,,,,,,BRADDELL ROAD,3.968
braddell_road,Braddell Road,628.0,29901.4,36209.316,,,,,,BRADDELL ROAD,3.668
braddell_road,Braddell Road,630.0,29903.318,36208.749,,,,,,BRADDELL ROAD,3.369
braddell_road,Braddell Road,632.0,29905.236,36208.183,,,,,,BRADDELL ROAD,3.069
braddell_road,Braddell Road,634.0,29907.154,36207.616,,,,,,BRADDELL ROAD,2.769
braddell_road,Braddell Road,636.0,29909.072,36207.05,,,,,,BRADDELL ROAD,2.47
braddell_road,Braddell Road,638.0,29910.99,36206.483,,,,,,BRADDELL ROAD,2.17
braddell_road,Braddell Road,640.0,29912.908,36205.917,,,,,,BRADDELL ROAD,1.87
braddell_road,Braddell Road,642.0,29914.827,36205.35,,,,,,BRADDELL ROAD,1.571
braddell_road,Braddell Road,644.0,29916.745,36204.784,,,,,,BRADDELL ROAD,1.271
braddell_road,Braddell Road,646.0,29918.663,36204.217,,,,,,BRADDELL ROAD,0.972
braddell_road,Braddell Road,648.0,29920.581,36203.651,,,,,,BRADDELL ROAD,0.672
braddell_road,Braddell Road,650.0,29922.499,36203.084,,,,,,BRADDELL ROAD,0.372
braddell_road,Braddell Road,652.0,29924.417,36202.518,,,,,,BRADDELL ROAD,0.073
braddell_road,Braddell Road,654.0,29926.335,36201.951,,,,,,BRADDELL ROAD,0.227
braddell_road,Braddell Road,656.0,29928.253,36201.385,,,,,,BRADDELL ROAD,0.526
braddell_road,Braddell Road,658.0,29930.171,36200.818,,,,,,BRADDELL ROAD,0.826
braddell_road,Braddell Road,660.0,29932.089,36200.252,,,,,,BRADDELL ROAD,1.126
braddell_road,Braddell Road,662.0,29934.007,36199.685,,,,,,BRADDELL ROAD,1.425
braddell_road,Braddell Road,664.0,29935.925,36199.118,,,,,,BRADDELL ROAD,1.725
braddell_road,Braddell Road,666.0,29937.844,36198.552,,,,,,BRADDELL ROAD,2.024
braddell_road,Braddell Road,668.0,29939.762,36197.985,,,,,,BRADDELL ROAD,2.324
braddell_road,Braddell Road,670.0,29941.68,36197.419,,,,,,BRADDELL ROAD,2.624
braddell_road,Braddell Road,672.0,29943.598,36196.852,,,,,,BRADDELL ROAD,2.923
braddell_road,Braddell Road,674.0,29945.516,36196.286,,,,,,BRADDELL ROAD,3.223
braddell_road,Braddell Road,676.0,29947.434,36195.719,,,,,,BRADDELL ROAD,3.523
braddell_road,Braddell Road,678.0,29949.352,36195.153,,,,,,BRADDELL ROAD,3.822
braddell_road,Braddell Road,680.0,29951.27,36194.586,,,,,,BRADDELL ROAD,4.122
braddell_road,Braddell Road,682.0,29953.188,36194.02,,,,,,BRADDELL ROAD,4.421
braddell_road,Braddell Road,684.0,29955.106,36193.453,,,,,,BRADDELL ROAD,4.721
braddell_road,Braddell Road,686.0,29957.024,36192.887,,,,,,BRADDELL ROAD,5.021
braddell_road,Braddell Road,688.0,29958.942,36192.32,,,,,,BRADDELL ROAD,5.32
braddell_road,Braddell Road,690.0,29960.861,36191.754,,,,,,BRADDELL ROAD,5.62
braddell_road,Braddell Road,692.0,29962.779,36191.187,,,,,,BRADDELL ROAD,5.92
braddell_road,Braddell Road,694.0,29964.697,36190.621,,,,,,BRADDELL ROAD,6.219
braddell_road,Braddell Road,696.0,29966.615,36190.054,,,,,,BRADDELL ROAD,6.519
braddell_road,Braddell Road,698.0,29968.533,36189.488,,,,,,BRADDELL ROAD,6.818
braddell_road,Braddell Road,700.0,29970.451,36188.921,,,,,,BRADDELL ROAD,7.118
braddell_road,Braddell Road,702.0,29972.369,36188.355,,,,,,BRADDELL ROAD,7.418
braddell_road,Braddell Road,704.0,29974.287,36187.788,,,,,,BRADDELL ROAD,7.717
braddell_road,Braddell Road,706.0,29976.205,36187.221,,,,,,BRADDELL ROAD,8.017
braddell_road,Braddell Road,708.0,29978.123,36186.655,,,,,,BRADDELL ROAD,8.316
braddell_road,Braddell Road,710.0,29980.041,36186.088,,,,,,BRADDELL ROAD,8.616
braddell_road,Braddell Road,712.0,29981.959,36185.522,,,,,,BRADDELL ROAD,8.916
braddell_road,Braddell Road,714.0,29983.878,36184.955,,,,,,BRADDELL ROAD,9.215
braddell_road,Braddell Road,716.0,29985.796,36184.389,,,,,,BRADDELL ROAD,9.515
braddell_road,Braddell Road,718.0,29987.714,36183.822,,,,,,BRADDELL ROAD,9.815
braddell_road,Braddell Road,720.0,29989.632,36183.256,,,,,,BRADDELL ROAD,10.114
braddell_road,Braddell Road,722.0,29991.55,36182.689,,,,,,BRADDELL ROAD,10.414
braddell_road,Braddell Road,724.0,29993.468,36182.123,,,,,,BRADDELL ROAD,10.713
braddell_road,Braddell Road,726.0,29995.386,36181.556,,,,,,BRADDELL ROAD,11.013
braddell_road,Braddell Road,728.0,29997.304,36180.99,,,,,,BRADDELL ROAD,11.313
braddell_road,Braddell Road,730.0,29999.222,36180.423,,,,,,BRADDELL ROAD,11.612
braddell_road,Braddell Road,732.0,30001.14,36179.857,,,,,,BRADDELL ROAD,11.912
braddell_road,Braddell Road,734.0,30003.058,36179.29,,,,,,BRADDELL ROAD,12.211
braddell_road,Braddell Road,736.0,30004.977,36178.724,,,,,,BRADDELL ROAD,12.511
braddell_road,Braddell Road,738.0,30006.895,36178.157,,,,,,BRADDELL ROAD,12.811
braddell_road,Braddell Road,740.0,30008.813,36177.591,,,,,,BRADDELL ROAD,13.11
braddell_road,Braddell Road,742.0,30010.731,36177.024,,,,,,BRADDELL ROAD,13.41
braddell_road,Braddell Road,744.0,30012.649,36176.458,,,,,,BRADDELL ROAD,13.71
braddell_road,Braddell Road,746.0,30014.567,36175.891,,,,,,BRADDELL ROAD,14.009
braddell_road,Braddell Road,748.0,30016.485,36175.324,,,,,,BRADDELL ROAD,14.309
braddell_road,Braddell Road,750.0,30018.403,36174.758,,,,,,BRADDELL ROAD,14.608
braddell_road,Braddell Road,752.0,30020.321,36174.191,,,,,,BRADDELL ROAD,14.908
braddell_road,Braddell Road,754.0,30022.239,36173.625,,,,,,BRADDELL ROAD,15.208
braddell_road,Braddell Road,756.0,30024.157,36173.058,,,,,,BRADDELL ROAD,15.507
braddell_road,Braddell Road,758.0,30026.075,36172.492,,,,,,BRADDELL ROAD,15.807
braddell_road,Braddell Road,760.0,30027.994,36171.925,,,,,,BRADDELL ROAD,16.106
braddell_road,Braddell Road,762.0,30029.912,36171.359,,,,,,BRADDELL ROAD,16.406
braddell_road,Braddell Road,764.0,30031.83,36170.792,,,,,,BRADDELL ROAD,16.706
braddell_road,Braddell Road,766.0,30033.748,36170.226,,,,,,BRADDELL ROAD,17.005
braddell_road,Braddell Road,768.0,30035.666,36169.659,,,,,,BRADDELL ROAD,17.305
braddell_road,Braddell Road,770.0,30037.584,36169.093,,,,,,BRADDELL ROAD,17.605
braddell_road,Braddell Road,772.0,30039.502,36168.526,,,,,,BRADDELL ROAD,17.904
braddell_road,Braddell Road,774.0,30041.42,36167.96,,,,,,BRADDELL ROAD,18.204
braddell_road,Braddell Road,776.0,30043.338,36167.393,,,,,,BRADDELL ROAD,18.503
braddell_road,Braddell Road,778.0,30045.256,36166.827,,,,,,BRADDELL ROAD,18.803
braddell_road,Braddell Road,780.0,30047.174,36166.26,,,,,,BRADDELL ROAD,19.103
braddell_road,Braddell Road,782.0,30049.092,36165.694,,,,,,BRADDELL ROAD,19.402
braddell_road,Braddell Road,784.0,30051.011,36165.127,,,,,,BRADDELL ROAD,19.702
braddell_road,Braddell Road,786.0,30052.929,36164.561,,,,,,BRADDELL ROAD,20.001
braddell_road,Braddell Road,788.0,30054.847,36163.994,,,,,,BRADDELL ROAD,20.301
braddell_road,Braddell Road,790.0,30056.765,36163.427,,,,,,BRADDELL ROAD,20.601
braddell_road,Braddell Road,792.0,30058.683,36162.861,,,,,,BRADDELL ROAD,20.9
braddell_road,Braddell Road,794.0,30060.601,36162.294,,,,,,BRADDELL ROAD,21.2
braddell_road,Braddell Road,796.0,30062.519,36161.728,,,,,,BRADDELL ROAD,21.5
braddell_road,Braddell Road,798.0,30064.437,36161.161,,,,,,BRADDELL ROAD,21.799
braddell_road,Braddell Road,800.0,30066.355,36160.595,,,,,,BRADDELL ROAD,22.099
braddell_road,Braddell Road,802.0,30068.273,36160.028,,,,,,BRADDELL ROAD,22.398
braddell_road,Braddell Road,804.0,30070.191,36159.462,,,,,,BRADDELL ROAD,22.698
braddell_road,Braddell Road,806.0,30072.109,36158.895,,,,,,BRADDELL ROAD,22.998
braddell_road,Braddell Road,808.0,30074.028,36158.329,,,,,,BRADDELL ROAD,23.297
braddell_road,Braddell Road,810.0,30075.946,36157.762,,,,,,BRADDELL ROAD,23.597
braddell_road,Braddell Road,812.0,30077.864,36157.196,,,,,,BRADDELL ROAD,23.896
braddell_road,Braddell Road,814.0,30079.782,36156.629,,,,,,BRADDELL ROAD,24.196
braddell_road,Braddell Road,816.0,30081.7,36156.063,,,,,,BRADDELL ROAD,24.496
braddell_road,Braddell Road,818.0,30083.618,36155.496,,,,,,BRADDELL ROAD,24.795
braddell_road,Braddell Road,820.0,30085.536,36154.93,,,,,,BRADDELL ROAD,25.095
braddell_road,Braddell Road,822.0,30087.454,36154.363,,,,,,BRADDELL ROAD,25.395
braddell_road,Braddell Road,824.0,30089.372,36153.797,,,,,,BRADDELL ROAD,25.694
braddell_road,Braddell Road,826.0,30091.29,36153.23,,,,,,BRADDELL ROAD,25.994
braddell_road,Braddell Road,828.0,30093.208,36152.664,,,,,,BRADDELL ROAD,26.293
braddell_road,Braddell Road,830.0,30095.127,36152.097,,,,,,BRADDELL ROAD,26.593
braddell_road,Braddell Road,832.0,30097.045,36151.53,,,,,,BRADDELL ROAD,26.893
braddell_road,Braddell Road,834.0,30098.963,36150.964,,,,,,BRADDELL ROAD,27.192
braddell_road,Braddell Road,836.0,30100.881,36150.397,,,,,,BRADDELL ROAD,27.492
braddell_road,Braddell Road,838.0,30102.799,36149.831,,,,,,BRADDELL ROAD,27.791
braddell_road,Braddell Road,840.0,30104.717,36149.264,,,,,,BRADDELL ROAD,28.091
braddell_road,Braddell Road,842.0,30106.635,36148.698,,,,,,BRADDELL ROAD,28.391
braddell_road,Braddell Road,844.0,30108.553,36148.131,,,,,,BRADDELL ROAD,28.69
braddell_road,Braddell Road,846.0,30110.471,36147.565,,,,,,BRADDELL ROAD,28.99
braddell_road,Braddell Road,848.0,30110.601,36147.412,,,,,,BRADDELL ROAD,29.123
braddell_road,Braddell Road,850.0,30108.629,36147.747,,,,,,BRADDELL ROAD,29.061
braddell_road,Braddell Road,852.0,30106.657,36148.081,,,,,,BRADDELL ROAD,28.999
braddell_road,Braddell Road,854.0,30104.685,36148.415,,,,,,BRADDELL ROAD,28.937
braddell_road,Braddell Road,856.0,30102.713,36148.749,,,,,,BRADDELL ROAD,28.875
braddell_road,Braddell Road,858.0,30100.748,36149.12,,,,,,BRADDELL ROAD,28.775
braddell_road,Braddell Road,860.0,30098.786,36149.509,,,,,,BRADDELL ROAD,28.658
braddell_road,Braddell Road,862.0,30096.824,36149.898,,,,,,BRADDELL ROAD,28.54
braddell_road,Braddell Road,864.0,30094.862,36150.287,,,,,,BRADDELL ROAD,28.422
braddell_road,Braddell Road,866.0,30092.901,36150.676,,,,,,BRADDELL ROAD,28.305
braddell_road,Braddell Road,868.0,30090.939,36151.065,,,,,,BRADDELL ROAD,28.187
braddell_road,Braddell Road,870.0,30088.977,36151.453,,,,,,BRADDELL ROAD,28.069
braddell_road,Braddell Road,872.0,30087.015,36151.842,,,,,,BRADDELL ROAD,27.952
braddell_road,Braddell Road,874.0,30085.053,36152.231,,,,,,BRADDELL ROAD,27.834
braddell_road,Braddell Road,876.0,30083.091,36152.62,,,,,,BRADDELL ROAD,27.716
braddell_road,Braddell Road,878.0,30081.13,36153.009,,,,,,BRADDELL ROAD,27.599
braddell_road,Braddell Road,880.0,30079.168,36153.398,,,,,,BRADDELL ROAD,27.481
braddell_road,Braddell Road,882.0,30077.206,36153.787,,,,,,BRADDELL ROAD,27.363
braddell_road,Braddell Road,884.0,30075.244,36154.175,,,,,,BRADDELL ROAD,27.246
braddell_road,Braddell Road,886.0,30073.282,36154.564,,,,,,BRADDELL ROAD,27.128
braddell_road,Braddell Road,888.0,30071.318,36154.942,,,,,,BRADDELL ROAD,27.022
braddell_road,Braddell Road,890.0,30069.352,36155.31,,,,,,BRADDELL ROAD,26.926
braddell_road,Braddell Road,892.0,30067.386,36155.677,,,,,,BRADDELL ROAD,26.83
braddell_road,Braddell Road,894.0,30065.42,36156.044,,,,,,BRADDELL ROAD,26.735
braddell_road,Braddell Road,896.0,30063.454,36156.411,,,,,,BRADDELL ROAD,26.639
braddell_road,Braddell Road,898.0,30061.488,36156.778,,,,,,BRADDELL ROAD,26.544
braddell_road,Braddell Road,900.0,30059.522,36157.145,,,,,,BRADDELL ROAD,26.448
braddell_road,Braddell Road,902.0,30057.556,36157.512,,,,,,BRADDELL ROAD,26.353
braddell_road,Braddell Road,904.0,30055.59,36157.879,,,,,,BRADDELL ROAD,26.257
braddell_road,Braddell Road,906.0,30053.624,36158.247,,,,,,BRADDELL ROAD,26.161
braddell_road,Braddell Road,908.0,30051.658,36158.614,,,,,,BRADDELL ROAD,26.066
braddell_road,Braddell Road,910.0,30049.692,36158.981,,,,,,BRADDELL ROAD,25.97
braddell_road,Braddell Road,912.0,30047.726,36159.348,,,,,,BRADDELL ROAD,25.875
braddell_road,Braddell Road,914.0,30045.76,36159.715,,,,,,BRADDELL ROAD,25.779
braddell_road,Braddell Road,916.0,30043.794,36160.082,,,,,,BRADDELL ROAD,25.684
braddell_road,Braddell Road,918.0,30041.828,36160.449,,,,,,BRADDELL ROAD,25.588
braddell_road,Braddell Road,920.0,30039.862,36160.817,,,,,,BRADDELL ROAD,25.493
braddell_road,Braddell Road,922.0,30037.896,36161.184,,,,,,BRADDELL ROAD,25.397
braddell_road,Braddell Road,924.0,30035.93,36161.551,,,,,,BRADDELL ROAD,25.301
braddell_road,Braddell Road,926.0,30033.964,36161.918,,,,,,BRADDELL ROAD,25.206
braddell_road,Braddell Road,928.0,30031.998,36162.285,,,,,,BRADDELL ROAD,25.11
braddell_road,Braddell Road,930.0,30030.032,36162.652,,,,,,BRADDELL ROAD,25.015
braddell_road,Braddell Road,932.0,30028.066,36163.019,,,,,,BRADDELL ROAD,24.919
braddell_road,Braddell Road,934.0,30026.1,36163.387,,,,,,BRADDELL ROAD,24.824
braddell_road,Braddell Road,936.0,30024.134,36163.754,,,,,,BRADDELL ROAD,24.728
braddell_road,Braddell Road,938.0,30022.168,36164.121,,,,,,BRADDELL ROAD,24.633
braddell_road,Braddell Road,940.0,30020.202,36164.488,,,,,,BRADDELL ROAD,24.537
braddell_road,Braddell Road,942.0,30018.236,36164.855,,,,,,BRADDELL ROAD,24.441
braddell_road,Braddell Road,944.0,30016.27,36165.222,,,,,,BRADDELL ROAD,24.346
braddell_road,Braddell Road,946.0,30014.304,36165.589,,,,,,BRADDELL ROAD,24.25
braddell_road,Braddell Road,948.0,30012.338,36165.957,,,,,,BRADDELL ROAD,24.155
braddell_road,Braddell Road,950.0,30010.372,36166.324,,,,,,BRADDELL ROAD,24.059
braddell_road,Braddell Road,952.0,30008.406,36166.691,,,,,,BRADDELL ROAD,23.964
braddell_road,Braddell Road,954.0,30006.44,36167.058,,,,,,BRADDELL ROAD,23.868
braddell_road,Braddell Road,956.0,30004.474,36167.425,,,,,,BRADDELL ROAD,23.772
braddell_road,Braddell Road,958.0,30002.508,36167.792,,,,,,BRADDELL ROAD,23.677
braddell_road,Braddell Road,960.0,30000.542,36168.159,,,,,,BRADDELL ROAD,23.581
braddell_road,Braddell Road,962.0,29998.576,36168.527,,,,,,BRADDELL ROAD,23.486
braddell_road,Braddell Road,964.0,29996.61,36168.894,,,,,,BRADDELL ROAD,23.39
braddell_road,Braddell Road,966.0,29994.644,36169.261,,,,,,BRADDELL ROAD,23.294
braddell_road,Braddell Road,968.0,29992.679,36169.636,,,,,,BRADDELL ROAD,23.191
braddell_road,Braddell Road,970.0,29990.715,36170.011,,,,,,BRADDELL ROAD,23.088
braddell_road,Braddell Road,972.0,29988.75,36170.385,,,,,,BRADDELL ROAD,22.985
braddell_road,Braddell Road,974.0,29986.786,36170.76,,,,,,BRADDELL ROAD,22.881
braddell_road,Braddell Road,976.0,29984.821,36171.135,,,,,,BRADDELL ROAD,22.778
braddell_road,Braddell Road,978.0,29982.858,36171.517,,,,,,BRADDELL ROAD,22.668
braddell_road,Braddell Road,980.0,29980.911,36171.974,,,,,,BRADDELL ROAD,22.48
braddell_road,Braddell Road,982.0,29978.964,36172.432,,,,,,BRADDELL ROAD,22.292
braddell_road,Braddell Road,984.0,29977.017,36172.889,,,,,,BRADDELL ROAD,22.104
braddell_road,Braddell Road,986.0,29975.07,36173.347,,,,,,BRADDELL ROAD,21.917
braddell_road,Braddell Road,988.0,29973.123,36173.804,,,,,,BRADDELL ROAD,21.729
braddell_road,Braddell Road,990.0,29971.176,36174.262,,,,,,BRADDELL ROAD,21.541
braddell_road,Braddell Road,992.0,29969.229,36174.72,,,,,,BRADDELL ROAD,21.353
braddell_road,Braddell Road,994.0,29967.282,36175.177,,,,,,BRADDELL ROAD,21.166
braddell_road,Braddell Road,996.0,29965.335,36175.635,,,,,,BRADDELL ROAD,20.978
braddell_road,Braddell Road,998.0,29963.388,36176.092,,,,,,BRADDELL ROAD,20.79
braddell_road,Braddell Road,1000.0,29961.441,36176.55,,,,,,BRADDELL ROAD,20.602
braddell_road,Braddell Road,1002.0,29959.496,36177.012,,,,,,BRADDELL ROAD,20.41
braddell_road,Braddell Road,1004.0,29957.565,36177.534,,,,,,BRADDELL ROAD,20.156
braddell_road,Braddell Road,1006.0,29955.634,36178.056,,,,,,BRADDELL ROAD,19.902
braddell_road,Braddell Road,1008.0,29953.704,36178.578,,,,,,BRADDELL ROAD,19.648
braddell_road,Braddell Road,1010.0,29951.773,36179.1,,,,,,BRADDELL ROAD,19.395
braddell_road,Braddell Road,1012.0,29949.833,36179.069,,,,,,BRADDELL ROAD,19.69
braddell_road,Braddell Road,1014.0,29947.886,36178.611,,,,,,BRADDELL ROAD,20.409
braddell_road,Braddell Road,1016.0,29945.939,36178.154,,,,,,BRADDELL ROAD,21.128
braddell_road,Braddell Road,1018.0,29943.992,36177.696,,,,,,BRADDELL ROAD,21.847
braddell_road,Braddell Road,1020.0,29942.045,36177.238,,,,,,BRADDELL ROAD,22.566
braddell_road,Braddell Road,1022.0,29940.098,36176.781,,,,,,BRADDELL ROAD,23.285
braddell_road,Braddell Road,1024.0,29938.137,36176.56,,,,,,BRADDELL ROAD,23.771
braddell_road,Braddell Road,1026.0,29936.147,36176.769,,,,,,BRADDELL ROAD,23.835
braddell_road,Braddell Road,1028.0,29934.158,36176.977,,,,,,BRADDELL ROAD,23.9
braddell_road,Braddell Road,1030.0,29932.169,36177.186,,,,,,BRADDELL ROAD,23.965
braddell_road,Braddell Road,1032.0,29930.18,36177.394,,,,,,BRADDELL ROAD,24.03
braddell_road,Braddell Road,1034.0,29928.191,36177.602,,,,,,BRADDELL ROAD,24.095
braddell_road,Braddell Road,1036.0,29926.202,36177.811,,,,,,BRADDELL ROAD,24.16
braddell_road,Braddell Road,1038.0,29924.213,36178.019,,,,,,BRADDELL ROAD,24.225
braddell_road,Braddell Road,1040.0,29922.224,36178.228,,,,,,BRADDELL ROAD,24.289
braddell_road,Braddell Road,1042.0,29920.234,36178.436,,,,,,BRADDELL ROAD,24.354
braddell_road,Braddell Road,1044.0,29918.245,36178.644,,,,,,BRADDELL ROAD,24.419
braddell_road,Braddell Road,1046.0,29916.256,36178.853,,,,,,BRADDELL ROAD,24.484
braddell_road,Braddell Road,1048.0,29914.267,36179.061,,,,,,BRADDELL ROAD,24.549
braddell_road,Braddell Road,1050.0,29912.278,36179.27,,,,,,BRADDELL ROAD,24.614
braddell_road,Braddell Road,1052.0,29910.289,36179.478,,,,,,BRADDELL ROAD,24.679
braddell_road,Braddell Road,1054.0,29908.3,36179.686,,,,,,BRADDELL ROAD,24.743
braddell_road,Braddell Road,1056.0,29906.311,36179.895,,,,,,BRADDELL ROAD,24.808
braddell_road,Braddell Road,1058.0,29904.322,36180.103,,,,,,BRADDELL ROAD,24.873
braddell_road,Braddell Road,1060.0,29902.332,36180.312,,,,,,BRADDELL ROAD,24.938
braddell_road,Braddell Road,1062.0,29900.343,36180.52,,,,,,BRADDELL ROAD,25.003
braddell_road,Braddell Road,1064.0,29898.354,36180.728,,,,,,BRADDELL ROAD,25.068
braddell_road,Braddell Road,1066.0,29896.365,36180.937,,,,,,BRADDELL ROAD,25.132
braddell_road,Braddell Road,1068.0,29894.376,36181.145,,,,,,BRADDELL ROAD,25.197
braddell_road,Braddell Road,1070.0,29892.387,36181.354,,,,,,BRADDELL ROAD,25.262
braddell_road,Braddell Road,1072.0,29890.398,36181.562,,,,,,BRADDELL ROAD,25.327
braddell_road,Braddell Road,1074.0,29888.409,36181.77,,,,,,BRADDELL ROAD,25.392
braddell_road,Braddell Road,1076.0,29886.42,36181.979,,,,,,BRADDELL ROAD,25.457
braddell_road,Braddell Road,1078.0,29884.43,36182.187,,,,,,BRADDELL ROAD,25.522
braddell_road,Braddell Road,1080.0,29882.441,36182.396,,,,,,BRADDELL ROAD,25.586
braddell_road,Braddell Road,1082.0,29880.452,36182.604,,,,,,BRADDELL ROAD,25.651
braddell_road,Braddell Road,1084.0,29878.463,36182.812,,,,,,BRADDELL ROAD,25.716
braddell_road,Braddell Road,1086.0,29876.474,36183.021,,,,,,BRADDELL ROAD,25.781
braddell_road,Braddell Road,1088.0,29874.485,36183.229,,,,,,BRADDELL ROAD,25.846
braddell_road,Braddell Road,1090.0,29872.496,36183.438,,,,,,BRADDELL ROAD,25.911
braddell_road,Braddell Road,1092.0,29870.507,36183.646,,,,,,BRADDELL ROAD,25.975
braddell_road,Braddell Road,1094.0,29868.518,36183.854,,,,,,BRADDELL ROAD,26.04
braddell_road,Braddell Road,1096.0,29866.528,36184.063,,,,,,BRADDELL ROAD,26.105
braddell_road,Braddell Road,1098.0,29864.539,36184.271,,,,,,BRADDELL ROAD,26.17
braddell_road,Braddell Road,1100.0,29862.55,36184.48,,,,,,BRADDELL ROAD,26.235
braddell_road,Braddell Road,1102.0,29860.561,36184.688,,,,,,BRADDELL ROAD,26.3
braddell_road,Braddell Road,1104.0,29858.572,36184.896,,,,,,BRADDELL ROAD,26.365
braddell_road,Braddell Road,1106.0,29856.583,36185.105,,,,,,BRADDELL ROAD,26.429
braddell_road,Braddell Road,1108.0,29854.594,36185.313,,,,,,BRADDELL ROAD,26.494
braddell_road,Braddell Road,1110.0,29852.605,36185.522,,,,,,BRADDELL ROAD,26.559
braddell_road,Braddell Road,1112.0,29850.616,36185.73,,,,,,BRADDELL ROAD,26.624
braddell_road,Braddell Road,1114.0,29848.626,36185.938,,,,,,BRADDELL ROAD,26.689
braddell_road,Braddell Road,1116.0,29846.637,36186.147,,,,,,BRADDELL ROAD,26.754
braddell_road,Braddell Road,1118.0,29844.648,36186.355,,,,,,BRADDELL ROAD,26.818
braddell_road,Braddell Road,1120.0,29842.659,36186.564,,,,,,BRADDELL ROAD,26.883
braddell_road,Braddell Road,1122.0,29840.67,36186.772,,,,,,BRADDELL ROAD,26.948
braddell_road,Braddell Road,1124.0,29838.681,36186.98,,,,,,BRADDELL ROAD,27.013
braddell_road,Braddell Road,1126.0,29836.692,36187.189,,,,,,BRADDELL ROAD,27.078
braddell_road,Braddell Road,1128.0,29834.703,36187.397,,,,,,BRADDELL ROAD,27.143
braddell_road,Braddell Road,1130.0,29832.714,36187.606,,,,,,BRADDELL ROAD,27.208
braddell_road,Braddell Road,1132.0,29830.724,36187.814,,,,,,BRADDELL ROAD,27.272
braddell_road,Braddell Road,1134.0,29828.735,36188.022,,,,,,BRADDELL ROAD,27.337
braddell_road,Braddell Road,1136.0,29826.746,36188.231,,,,,,BRADDELL ROAD,27.402
braddell_road,Braddell Road,1138.0,29824.757,36188.439,,,,,,BRADDELL ROAD,27.467
braddell_road,Braddell Road,1140.0,29822.768,36188.648,,,,,,BRADDELL ROAD,27.532
braddell_road,Braddell Road,1142.0,29820.769,36188.703,,,,,,BRADDELL ROAD,27.749
braddell_road,Braddell Road,1144.0,29818.77,36188.758,,,,,,BRADDELL ROAD,27.968
braddell_road,Braddell Road,1146.0,29816.77,36188.813,,,,,,BRADDELL ROAD,28.186
braddell_road,Braddell Road,1148.0,29814.771,36188.868,,,,,,BRADDELL ROAD,28.404
braddell_road,Braddell Road,1150.0,29812.772,36188.923,,,,,,BRADDELL ROAD,28.623
braddell_road,Braddell Road,1152.0,29810.773,36188.978,,,,,,BRADDELL ROAD,28.841
braddell_road,Braddell Road,1154.0,29808.773,36189.033,,,,,,BRADDELL ROAD,29.059
braddell_road,Braddell Road,1156.0,29806.774,36189.087,,,,,,BRADDELL ROAD,29.278
braddell_road,Braddell Road,1158.0,29804.775,36189.142,,,,,,BRADDELL ROAD,29.496
braddell_road,Braddell Road,1160.0,29802.776,36189.197,,,,,,BRADDELL ROAD,29.714
braddell_road,Braddell Road,1162.0,29800.776,36189.252,,,,,,BRADDELL ROAD,29.932
braddell_road,Braddell Road,1164.0,29798.777,36189.307,,,,,,BRADDELL ROAD,30.151
braddell_road,Braddell Road,1166.0,29796.778,36189.362,,,,,,BRADDELL ROAD,30.369
braddell_road,Braddell Road,1168.0,29794.779,36189.417,,,,,,BRADDELL ROAD,30.587
braddell_road,Braddell Road,1170.0,29792.798,36189.678,,,,,,BRADDELL ROAD,30.599
braddell_road,Braddell Road,1172.0,29790.82,36189.978,,,,,,BRADDELL ROAD,30.571
braddell_road,Braddell Road,1174.0,29788.843,36190.278,,,,,,BRADDELL ROAD,30.544
braddell_road,Braddell Road,1176.0,29786.866,36190.578,,,,,,BRADDELL ROAD,30.516
braddell_road,Braddell Road,1178.0,29784.888,36190.878,,,,,,BRADDELL ROAD,30.489
braddell_road,Braddell Road,1180.0,29782.905,36191.136,,,,,,BRADDELL ROAD,30.504
braddell_road,Braddell Road,1182.0,29780.918,36191.358,,,,,,BRADDELL ROAD,30.555
braddell_road,Braddell Road,1184.0,29778.93,36191.581,,,,,,BRADDELL ROAD,30.605
braddell_road,Braddell Road,1186.0,29776.943,36191.804,,,,,,BRADDELL ROAD,30.656
braddell_road,Braddell Road,1188.0,29774.955,36192.026,,,,,,BRADDELL ROAD,30.706
braddell_road,Braddell Road,1190.0,29772.967,36192.249,,,,,,BRADDELL ROAD,30.757
braddell_road,Braddell Road,1192.0,29770.982,36192.486,,,,,,BRADDELL ROAD,30.792
braddell_road,Braddell Road,1194.0,29768.998,36192.739,,,,,,BRADDELL ROAD,30.812
braddell_road,Braddell Road,1196.0,29767.014,36192.992,,,,,,BRADDELL ROAD,30.832
braddell_road,Braddell Road,1198.0,29765.03,36193.245,,,,,,BRADDELL ROAD,30.852
braddell_road,Braddell Road,1200.0,29763.046,36193.499,,,,,,BRADDELL ROAD,30.872
braddell_road,Braddell Road,1202.0,29761.062,36193.752,,,,,,BRADDELL ROAD,30.892
braddell_road,Braddell Road,1204.0,29759.078,36194.005,,,,,,BRADDELL ROAD,30.911
braddell_road,Braddell Road,1206.0,29757.094,36194.258,,,,,,BRADDELL ROAD,30.931
braddell_road,Braddell Road,1208.0,29755.11,36194.511,,,,,,BRADDELL ROAD,30.951
braddell_road,Braddell Road,1210.0,29753.126,36194.764,,,,,,BRADDELL ROAD,30.971
braddell_road,Braddell Road,1212.0,29751.142,36195.017,,,,,,BRADDELL ROAD,30.991
braddell_road,Braddell Road,1214.0,29749.161,36195.29,,,,,,BRADDELL ROAD,30.991
braddell_road,Braddell Road,1216.0,29747.183,36195.587,,,,,,BRADDELL ROAD,30.967
braddell_road,Braddell Road,1218.0,29745.206,36195.883,,,,,,BRADDELL ROAD,30.943
braddell_road,Braddell Road,1220.0,29743.228,36196.18,,,,,,BRADDELL ROAD,30.918
braddell_road,Braddell Road,1222.0,29741.25,36196.477,,,,,,BRADDELL ROAD,30.894
braddell_road,Braddell Road,1224.0,29739.272,36196.774,,,,,,BRADDELL ROAD,30.87
braddell_road,Braddell Road,1226.0,29737.293,36197.061,,,,,,BRADDELL ROAD,30.855
braddell_road,Braddell Road,1228.0,29735.304,36197.269,,,,,,BRADDELL ROAD,30.844
braddell_road,Braddell Road,1230.0,29733.315,36197.477,,,,,,BRADDELL ROAD,30.76
braddell_road,Braddell Road,1232.0,29731.325,36197.684,,,,,,BRADDELL ROAD,30.676
braddell_road,Braddell Road,1234.0,29729.336,36197.892,,,,,,BRADDELL ROAD,30.592
braddell_road,Braddell Road,1236.0,29727.347,36198.1,,,,,,BRADDELL ROAD,30.508
braddell_road,Braddell Road,1238.0,29725.361,36198.336,,,,,,BRADDELL ROAD,30.396
braddell_road,Braddell Road,1240.0,29723.381,36198.617,,,,,,BRADDELL ROAD,30.237
braddell_road,Braddell Road,1242.0,29721.401,36198.899,,,,,,BRADDELL ROAD,30.079
braddell_road,Braddell Road,1244.0,29719.421,36199.18,,,,,,BRADDELL ROAD,29.921
braddell_road,Braddell Road,1246.0,29717.441,36199.461,,,,,,BRADDELL ROAD,29.763
braddell_road,Braddell Road,1248.0,29715.461,36199.743,,,,,,BRADDELL ROAD,29.605
braddell_road,Braddell Road,1250.0,29713.481,36200.024,,,,,,BRADDELL ROAD,29.447
braddell_road,Braddell Road,1252.0,29711.501,36200.306,,,,,,BRADDELL ROAD,29.289
braddell_road,Braddell Road,1254.0,29709.52,36200.587,,,,,,BRADDELL ROAD,29.131
braddell_road,Braddell Road,1256.0,29707.54,36200.869,,,,,,BRADDELL ROAD,28.972
braddell_road,Braddell Road,1258.0,29705.557,36201.123,,,,,,BRADDELL ROAD,28.841
braddell_road,Braddell Road,1260.0,29703.565,36201.296,,,,,,BRADDELL ROAD,28.792
braddell_road,Braddell Road,1262.0,29701.572,36201.469,,,,,,BRADDELL ROAD,28.744
braddell_road,Braddell Road,1264.0,29699.58,36201.641,,,,,,BRADDELL ROAD,28.695
braddell_road,Braddell Road,1266.0,29697.587,36201.814,,,,,,BRADDELL ROAD,28.646
braddell_road,Braddell Road,1268.0,29695.595,36201.986,,,,,,BRADDELL ROAD,28.598
braddell_road,Braddell Road,1270.0,29693.602,36202.159,,,,,,BRADDELL ROAD,28.549
braddell_road,Braddell Road,1272.0,29691.604,36202.239,,,,,,BRADDELL ROAD,28.593
braddell_road,Braddell Road,1274.0,29689.605,36202.307,,,,,,BRADDELL ROAD,28.649
braddell_road,Braddell Road,1276.0,29687.606,36202.375,,,,,,BRADDELL ROAD,28.704
braddell_road,Braddell Road,1278.0,29685.607,36202.444,,,,,,BRADDELL ROAD,28.76
braddell_road,Braddell Road,1280.0,29683.609,36202.512,,,,,,BRADDELL ROAD,28.816
braddell_road,Braddell Road,1282.0,29681.61,36202.581,,,,,,BRADDELL ROAD,28.871
braddell_road,Braddell Road,1284.0,29679.611,36202.65,,,,,,BRADDELL ROAD,28.926
braddell_road,Braddell Road,1286.0,29677.612,36202.719,,,,,,BRADDELL ROAD,28.981
braddell_road,Braddell Road,1288.0,29675.613,36202.787,,,,,,BRADDELL ROAD,29.036
braddell_road,Braddell Road,1290.0,29673.614,36202.856,,,,,,BRADDELL ROAD,29.092
braddell_road,Braddell Road,1292.0,29671.616,36202.925,,,,,,BRADDELL ROAD,29.147
braddell_road,Braddell Road,1294.0,29669.616,36202.908,,,,,,BRADDELL ROAD,29.288
braddell_road,Braddell Road,1296.0,29667.616,36202.889,,,,,,BRADDELL ROAD,29.431
braddell_road,Braddell Road,1298.0,29665.616,36202.87,,,,,,BRADDELL ROAD,29.574
braddell_road,Braddell Road,1300.0,29663.617,36202.823,,,,,,BRADDELL ROAD,29.745
braddell_road,Braddell Road,1302.0,29661.618,36202.742,,,,,,BRADDELL ROAD,29.95
braddell_road,Braddell Road,1304.0,29659.62,36202.661,,,,,,BRADDELL ROAD,30.154
braddell_road,Braddell Road,1306.0,29657.622,36202.58,,,,,,BRADDELL ROAD,30.359
braddell_road,Braddell Road,1308.0,29655.623,36202.499,,,,,,BRADDELL ROAD,30.563
braddell_road,Braddell Road,1310.0,29653.623,36202.498,,,,,,BRADDELL ROAD,30.688
braddell_road,Braddell Road,1312.0,29651.623,36202.5,,,,,,BRADDELL ROAD,30.811
braddell_road,Braddell Road,1314.0,29649.623,36202.501,,,,,,BRADDELL ROAD,30.934
braddell_road,Braddell Road,1316.0,29647.623,36202.502,,,,,,BRADDELL ROAD,31.057
braddell_road,Braddell Road,1318.0,29645.623,36202.503,,,,,,BRADDELL ROAD,31.179
braddell_road,Braddell Road,1320.0,29643.623,36202.505,,,11.255,,,BRADDELL ROAD,31.302
braddell_road,Braddell Road,1322.0,29641.623,36202.506,,,11.259,,,BRADDELL ROAD,31.425
braddell_road,Braddell Road,1324.0,29639.623,36202.507,,,11.262,0.222,1.0,BRADDELL ROAD,31.547
braddell_road,Braddell Road,1326.0,29637.623,36202.508,,11.266,11.266,0.267,1.0,BRADDELL ROAD,31.67
braddell_road,Braddell Road,1328.0,29635.623,36202.51,,11.273,11.273,0.311,1.0,BRADDELL ROAD,31.793
braddell_road,Braddell Road,1330.0,29633.623,36202.511,,11.28,11.28,0.356,1.0,BRADDELL ROAD,31.916
braddell_road,Braddell Road,1332.0,29631.623,36202.512,,11.287,11.287,0.356,1.0,BRADDELL ROAD,32.038
braddell_road,Braddell Road,1334.0,29629.623,36202.513,,11.294,11.294,0.356,1.0,BRADDELL ROAD,32.161
braddell_road,Braddell Road,1336.0,29627.623,36202.515,,11.301,11.301,0.356,1.0,BRADDELL ROAD,32.284
braddell_road,Braddell Road,1338.0,29625.623,36202.515,,11.308,11.308,0.356,1.0,BRADDELL ROAD,32.408
braddell_road,Braddell Road,1340.0,29623.623,36202.513,,11.316,11.316,0.356,1.0,BRADDELL ROAD,32.533
braddell_road,Braddell Road,1342.0,29621.623,36202.512,,11.323,11.323,0.356,1.0,BRADDELL ROAD,32.658
braddell_road,Braddell Road,1344.0,29619.623,36202.511,,11.33,11.33,0.356,1.0,BRADDELL ROAD,32.784
braddell_road,Braddell Road,1346.0,29617.623,36202.509,,11.337,11.337,0.356,1.0,BRADDELL ROAD,32.909
braddell_road,Braddell Road,1348.0,29615.623,36202.493,,11.344,11.344,0.356,1.0,BRADDELL ROAD,33.049
braddell_road,Braddell Road,1350.0,29613.624,36202.472,,11.351,11.351,0.356,1.0,BRADDELL ROAD,33.194
braddell_road,Braddell Road,1352.0,29611.624,36202.452,,11.358,11.358,0.356,1.0,BRADDELL ROAD,33.338
braddell_road,Braddell Road,1354.0,29609.624,36202.431,,11.365,11.365,0.356,1.0,BRADDELL ROAD,33.483
braddell_road,Braddell Road,1356.0,29607.625,36202.385,,11.372,11.372,0.356,1.0,BRADDELL ROAD,33.653
braddell_road,Braddell Road,1358.0,29605.633,36202.21,,11.38,11.38,0.356,1.0,BRADDELL ROAD,33.951
braddell_road,Braddell Road,1360.0,29603.64,36202.036,,11.387,11.387,0.356,1.0,BRADDELL ROAD,34.248
braddell_road,Braddell Road,1362.0,29601.648,36201.862,,11.394,11.394,0.356,1.0,BRADDELL ROAD,34.546
braddell_road,Braddell Road,1364.0,29599.656,36201.688,,11.401,11.401,0.267,1.0,BRADDELL ROAD,34.843
braddell_road,Braddell Road,1366.0,29597.663,36201.513,,11.408,11.408,0.178,1.0,BRADDELL ROAD,35.14
braddell_road,Braddell Road,1368.0,29595.671,36201.339,16.155,11.415,11.408,,,BRADDELL ROAD,35.438
braddell_road,Braddell Road,1370.0,29593.676,36201.217,14.903,11.422,11.408,,,BRADDELL ROAD,35.683
braddell_road,Braddell Road,1372.0,29591.676,36201.18,11.429,11.155,11.155,,,BRADDELL ROAD,35.844
braddell_road,Braddell Road,1374.0,29589.676,36201.143,9.363,10.887,10.887,,,BRADDELL ROAD,35.954
braddell_road,Braddell Road,1376.0,29587.677,36201.107,9.053,10.415,10.415,,,BRADDELL ROAD,36.054
braddell_road,Braddell Road,1378.0,29585.677,36201.07,9.513,9.943,9.943,,,BRADDELL ROAD,36.155
braddell_road,Braddell Road,1380.0,29583.677,36201.033,8.923,9.471,9.471,,,BRADDELL ROAD,36.256
braddell_road,Braddell Road,1382.0,29581.678,36200.996,8.719,,8.999,,,BRADDELL ROAD,36.356
braddell_road,Braddell Road,1384.0,29579.678,36200.959,8.831,8.527,8.527,,,BRADDELL ROAD,36.457
braddell_road,Braddell Road,1386.0,29577.678,36200.922,6.073,8.055,8.055,,,BRADDELL ROAD,36.557
braddell_road,Braddell Road,1388.0,29575.679,36200.885,5.964,7.583,7.583,,,BRADDELL ROAD,36.658
braddell_road,Braddell Road,1390.0,29573.679,36200.849,1.741,7.111,7.111,,,BRADDELL ROAD,36.759
braddell_road,Braddell Road,1392.0,29571.679,36200.812,4.597,7.097,7.097,,,BRADDELL ROAD,36.859
braddell_road,Braddell Road,1394.0,29569.683,36200.691,4.389,7.084,7.084,,,BRADDELL ROAD,37.044
braddell_road,Braddell Road,1396.0,29567.689,36200.548,6.686,7.07,7.07,,,BRADDELL ROAD,37.25
braddell_road,Braddell Road,1398.0,29565.694,36200.405,6.598,7.056,7.056,,,BRADDELL ROAD,37.457
braddell_road,Braddell Road,1400.0,29563.699,36200.262,9.354,7.043,7.043,,,BRADDELL ROAD,37.663
braddell_road,Braddell Road,1402.0,29561.702,36200.157,12.061,7.029,7.029,,,BRADDELL ROAD,37.831
braddell_road,Braddell Road,1404.0,29559.703,36200.089,11.942,7.016,7.016,,,BRADDELL ROAD,37.963
braddell_road,Braddell Road,1406.0,29557.704,36200.021,7.854,7.002,7.002,,,BRADDELL ROAD,38.096
braddell_road,Braddell Road,1408.0,29555.705,36199.952,9.283,6.989,6.989,,,BRADDELL ROAD,38.228
braddell_road,Braddell Road,1410.0,29553.707,36199.884,9.673,6.975,6.975,,,BRADDELL ROAD,38.36
braddell_road,Braddell Road,1412.0,29551.708,36199.816,12.183,6.961,6.961,,,BRADDELL ROAD,38.492
braddell_road,Braddell Road,1414.0,29549.709,36199.747,10.033,6.948,6.948,,,BRADDELL ROAD,38.624
braddell_road,Braddell Road,1416.0,29547.709,36199.712,7.644,6.934,6.934,,,BRADDELL ROAD,38.723
braddell_road,Braddell Road,1418.0,29545.709,36199.678,7.402,6.921,6.921,,,BRADDELL ROAD,38.821
braddell_road,Braddell Road,1420.0,29543.71,36199.644,6.618,6.907,6.907,,,BRADDELL ROAD,38.918
braddell_road,Braddell Road,1422.0,29541.71,36199.61,6.893,6.893,6.893,,,BRADDELL ROAD,39.016
braddell_road,Braddell Road,1424.0,29539.71,36199.576,6.728,6.728,6.728,,,BRADDELL ROAD,39.114
braddell_road,Braddell Road,1426.0,29537.714,36199.467,5.747,6.621,6.675,,,BRADDELL ROAD,39.286
braddell_road,Braddell Road,1428.0,29535.719,36199.327,5.512,6.513,6.675,,,BRADDELL ROAD,39.49
braddell_road,Braddell Road,1430.0,29533.724,36199.186,6.405,6.675,6.675,,,BRADDELL ROAD,39.694
braddell_road,Braddell Road,1432.0,29531.729,36199.044,6.322,6.837,6.837,,,BRADDELL ROAD,39.9
braddell_road,Braddell Road,1434.0,29529.735,36198.892,9.326,7.126,7.126,,,BRADDELL ROAD,40.115
braddell_road,Braddell Road,1436.0,29527.74,36198.74,6.33,7.414,7.414,,,BRADDELL ROAD,40.331
braddell_road,Braddell Road,1438.0,29525.746,36198.588,11.481,7.703,7.703,,,BRADDELL ROAD,40.547
braddell_road,Braddell Road,1440.0,29523.752,36198.436,14.906,7.992,7.992,,,BRADDELL ROAD,40.762
braddell_road,Braddell Road,1442.0,29521.756,36198.316,9.124,8.281,7.992,,,BRADDELL ROAD,40.945
braddell_road,Braddell Road,1444.0,29519.758,36198.221,5.849,7.997,7.992,,,BRADDELL ROAD,41.104
braddell_road,Braddell Road,1446.0,29517.76,36198.126,8.087,7.714,7.714,,,BRADDELL ROAD,41.263
braddell_road,Braddell Road,1448.0,29515.763,36198.031,6.518,7.431,7.431,,,BRADDELL ROAD,41.422
braddell_road,Braddell Road,1450.0,29513.765,36197.935,7.899,7.147,7.147,,,BRADDELL ROAD,41.581
braddell_road,Braddell Road,1452.0,29511.767,36197.849,6.424,6.864,6.864,,,BRADDELL ROAD,41.731
braddell_road,Braddell Road,1454.0,29509.767,36197.822,6.581,6.581,6.581,,,BRADDELL ROAD,41.822
braddell_road,Braddell Road,1456.0,29507.767,36197.796,6.424,6.424,6.424,,,BRADDELL ROAD,41.912
braddell_road,Braddell Road,1458.0,29505.767,36197.769,5.05,6.389,6.389,,,BRADDELL ROAD,42.002
braddell_road,Braddell Road,1460.0,29503.768,36197.742,4.809,6.354,6.354,,,BRADDELL ROAD,42.093
braddell_road,Braddell Road,1462.0,29501.768,36197.717,8.826,6.318,6.318,,,BRADDELL ROAD,42.181
braddell_road,Braddell Road,1464.0,29499.768,36197.694,9.651,6.283,6.283,,,BRADDELL ROAD,42.269
braddell_road,Braddell Road,1466.0,29497.768,36197.67,10.351,6.247,6.247,,,BRADDELL ROAD,42.356
braddell_road,Braddell Road,1468.0,29495.768,36197.647,12.863,6.212,6.212,,,BRADDELL ROAD,42.443
braddell_road,Braddell Road,1470.0,29493.768,36197.624,9.332,6.176,6.176,,,BRADDELL ROAD,42.53
braddell_road,Braddell Road,1472.0,29491.768,36197.604,6.588,6.141,6.141,,,BRADDELL ROAD,42.613
braddell_road,Braddell Road,1474.0,29489.768,36197.586,8.088,6.105,6.141,,,BRADDELL ROAD,42.696
braddell_road,Braddell Road,1476.0,29487.769,36197.567,6.807,6.07,6.141,,,BRADDELL ROAD,42.778
braddell_road,Braddell Road,1478.0,29485.769,36197.549,4.663,6.206,6.206,,,BRADDELL ROAD,42.86
braddell_road,Braddell Road,1480.0,29483.769,36197.53,5.794,6.343,6.343,,,BRADDELL ROAD,42.942
braddell_road,Braddell Road,1482.0,29481.77,36197.588,5.963,6.609,6.609,,,BRADDELL ROAD,42.949
braddell_road,Braddell Road,1484.0,29479.772,36197.667,5.876,6.876,6.876,,,BRADDELL ROAD,42.933
braddell_road,Braddell Road,1486.0,29477.773,36197.746,7.488,7.142,7.142,,,BRADDELL ROAD,42.918
braddell_road,Braddell Road,1488.0,29475.775,36197.825,7.719,7.408,7.334,,,BRADDELL ROAD,42.903
braddell_road,Braddell Road,1490.0,29473.776,36197.904,7.826,7.547,7.334,,,BRADDELL ROAD,42.887
braddell_road,Braddell Road,1492.0,29471.778,36197.983,6.01,7.334,7.334,,,BRADDELL ROAD,42.872
braddell_road,Braddell Road,1494.0,29469.781,36197.938,5.467,7.059,7.059,,,BRADDELL ROAD,42.981
braddell_road,Braddell Road,1496.0,29467.785,36197.811,6.953,6.784,6.784,,,BRADDELL ROAD,43.172
braddell_road,Braddell Road,1498.0,29465.789,36197.683,7.433,6.509,6.509,,,BRADDELL ROAD,43.363
braddell_road,Braddell Road,1500.0,29463.793,36197.555,5.395,6.303,6.303,,,BRADDELL ROAD,43.413
braddell_road,Braddell Road,1502.0,29461.794,36197.504,5.495,6.098,6.098,,,BRADDELL ROAD,43.379
braddell_road,Braddell Road,1504.0,29459.794,36197.47,5.545,5.893,5.893,,,BRADDELL ROAD,43.329
braddell_road,Braddell Road,1506.0,29457.795,36197.435,5.282,5.688,5.688,,,BRADDELL ROAD,43.278
braddell_road,Braddell Road,1508.0,29455.795,36197.401,4.924,5.483,5.688,,,BRADDELL ROAD,43.228
braddell_road,Braddell Road,1510.0,29453.795,36197.366,6.545,5.683,5.688,,,BRADDELL ROAD,43.178
braddell_road,Braddell Road,1512.0,29451.796,36197.332,4.87,5.883,5.883,,,BRADDELL ROAD,43.127
braddell_road,Braddell Road,1514.0,29449.796,36197.298,6.041,6.083,6.083,,,BRADDELL ROAD,43.077
braddell_road,Braddell Road,1516.0,29447.796,36197.263,6.283,6.283,6.083,,,BRADDELL ROAD,43.026
braddell_road,Braddell Road,1518.0,29445.796,36197.229,6.908,6.093,6.083,,,BRADDELL ROAD,42.976
braddell_road,Braddell Road,1520.0,29443.797,36197.194,4.843,5.903,5.903,,,BRADDELL ROAD,42.926
braddell_road,Braddell Road,1522.0,29441.797,36197.16,4.758,5.714,5.714,,,BRADDELL ROAD,42.875
braddell_road,Braddell Road,1524.0,29439.797,36197.126,6.107,5.524,5.524,,,BRADDELL ROAD,42.825
braddell_road,Braddell Road,1526.0,29437.798,36197.091,6.419,5.334,5.334,,,BRADDELL ROAD,42.775
braddell_road,Braddell Road,1528.0,29435.798,36197.078,6.832,5.145,5.145,,,BRADDELL ROAD,42.703
braddell_road,Braddell Road,1530.0,29433.798,36197.078,9.926,4.955,4.955,,,BRADDELL ROAD,42.619
braddell_road,Braddell Road,1532.0,29431.798,36197.078,4.788,4.765,4.765,,,BRADDELL ROAD,42.534
braddell_road,Braddell Road,1534.0,29429.798,36197.078,4.576,4.576,4.576,,,BRADDELL ROAD,42.449
braddell_road,Braddell Road,1536.0,29427.798,36197.078,4.532,4.532,4.544,,,BRADDELL ROAD,42.364
braddell_road,Braddell Road,1538.0,29425.798,36197.125,4.494,4.494,4.544,-0.234,1.0,BRADDELL ROAD,42.232
braddell_road,Braddell Road,1540.0,29423.799,36197.172,4.544,4.544,4.544,0.938,1.0,BRADDELL ROAD,42.1
braddell_road,Braddell Road,1542.0,29421.799,36197.22,4.557,4.557,4.557,1.25,1.0,BRADDELL ROAD,41.968
braddell_road,Braddell Road,1544.0,29419.8,36197.267,4.619,4.619,4.619,1.25,1.0,BRADDELL ROAD,41.836
braddell_road,Braddell Road,1546.0,29417.801,36197.315,4.644,4.644,4.644,1.875,1.0,BRADDELL ROAD,41.704
braddell_road,Braddell Road,1548.0,29415.801,36197.362,4.644,4.644,4.644,,,BRADDELL ROAD,41.572
braddell_road,Braddell Road,1550.0,29413.805,36197.472,4.707,4.707,4.707,,,BRADDELL ROAD,41.377
braddell_road,Braddell Road,1552.0,29411.814,36197.657,8.651,4.736,4.736,,,BRADDELL ROAD,41.108
braddell_road,Braddell Road,1554.0,29409.822,36197.841,7.176,4.766,4.766,,,BRADDELL ROAD,40.839
braddell_road,Braddell Road,1556.0,29407.831,36198.026,7.213,4.796,4.796,,,BRADDELL ROAD,40.571
braddell_road,Braddell Road,1558.0,29405.839,36198.21,10.307,4.986,4.986,,,BRADDELL ROAD,40.302
braddell_road,Braddell Road,1560.0,29403.848,36198.394,5.401,5.27,5.27,,,BRADDELL ROAD,40.033
braddell_road,Braddell Road,1562.0,29401.852,36198.519,4.884,5.553,5.553,,,BRADDELL ROAD,39.824
braddell_road,Braddell Road,1564.0,29399.855,36198.639,4.934,5.836,5.836,,,BRADDELL ROAD,39.619
braddell_road,Braddell Road,1566.0,29397.859,36198.759,4.651,6.06,6.06,,,BRADDELL ROAD,39.415
braddell_road,Braddell Road,1568.0,29395.862,36198.868,7.551,6.284,6.284,,,BRADDELL ROAD,39.222
braddell_road,Braddell Road,1570.0,29393.864,36198.952,8.538,6.509,6.509,,,BRADDELL ROAD,39.053
braddell_road,Braddell Road,1572.0,29391.866,36199.036,7.513,6.733,6.733,,,BRADDELL ROAD,38.885
braddell_road,Braddell Road,1574.0,29389.867,36199.12,6.963,6.957,6.733,,,BRADDELL ROAD,38.716
braddell_road,Braddell Road,1576.0,29387.869,36199.204,7.363,6.759,6.733,,,BRADDELL ROAD,38.547
braddell_road,Braddell Road,1578.0,29385.871,36199.288,7.644,6.561,6.561,,,BRADDELL ROAD,38.379
braddell_road,Braddell Road,1580.0,29383.873,36199.372,6.363,6.363,6.363,,,BRADDELL ROAD,38.21
braddell_road,Braddell Road,1582.0,29381.874,36199.456,6.757,6.082,6.082,,,BRADDELL ROAD,38.041
braddell_road,Braddell Road,1584.0,29379.876,36199.54,5.844,5.801,5.801,-10.657,2.0,BRADDELL ROAD,37.873
braddell_road,Braddell Road,1586.0,29377.878,36199.624,5.676,5.519,5.519,,,BRADDELL ROAD,37.704
braddell_road,Braddell Road,1588.0,29375.88,36199.708,5.238,5.238,5.51,,,BRADDELL ROAD,37.535
braddell_road,Braddell Road,1590.0,29373.882,36199.792,4.676,5.374,5.51,,,BRADDELL ROAD,37.366
braddell_road,Braddell Road,1592.0,29371.883,36199.78,4.682,5.51,5.51,1.468,1.0,BRADDELL ROAD,37.294
braddell_road,Braddell Road,1594.0,29369.884,36199.711,5.647,5.647,5.553,,,BRADDELL ROAD,37.278
braddell_road,Braddell Road,1596.0,29367.885,36199.642,5.553,5.553,5.628,,,BRADDELL ROAD,37.263
braddell_road,Braddell Road,1598.0,29365.886,36199.573,5.628,5.628,5.647,,,BRADDELL ROAD,37.247
braddell_road,Braddell Road,1600.0,29363.888,36199.504,5.872,5.872,5.628,,,BRADDELL ROAD,37.231
braddell_road,Braddell Road,1602.0,29361.889,36199.435,4.963,5.722,5.628,,,BRADDELL ROAD,37.215
braddell_road,Braddell Road,1604.0,29359.89,36199.366,5.72,5.573,5.573,,,BRADDELL ROAD,37.2
braddell_road,Braddell Road,1606.0,29357.89,36199.356,4.74,5.423,5.423,,,BRADDELL ROAD,37.124
braddell_road,Braddell Road,1608.0,29355.891,36199.375,4.74,5.274,5.274,,,BRADDELL ROAD,37.021
braddell_road,Braddell Road,1610.0,29353.891,36199.393,5.124,5.124,5.274,,,BRADDELL ROAD,36.918
braddell_road,Braddell Road,1612.0,29351.891,36199.411,5.225,5.225,5.274,,,BRADDELL ROAD,36.815
braddell_road,Braddell Road,1614.0,29349.904,36199.183,5.225,5.405,5.405,,,BRADDELL ROAD,36.959
braddell_road,Braddell Road,1616.0,29347.918,36198.947,5.141,5.584,5.584,,,BRADDELL ROAD,37.11
braddell_road,Braddell Road,1618.0,29345.932,36198.711,5.141,5.844,5.844,,,BRADDELL ROAD,37.262
braddell_road,Braddell Road,1620.0,29343.946,36198.476,5.149,6.104,6.104,,,BRADDELL ROAD,37.413
braddell_road,Braddell Road,1622.0,29341.96,36198.24,6.662,6.364,6.364,,,BRADDELL ROAD,37.564
braddell_road,Braddell Road,1624.0,29339.974,36198.004,6.624,6.624,6.624,,,BRADDELL ROAD,37.715
braddell_road,Braddell Road,1626.0,29337.991,36197.743,6.624,6.624,6.624,,,BRADDELL ROAD,37.892
braddell_road,Braddell Road,1628.0,29336.016,36197.43,13.887,6.656,6.656,,,BRADDELL ROAD,38.121
braddell_road,Braddell Road,1630.0,29334.041,36197.117,7.276,6.688,6.688,1.586,1.0,BRADDELL ROAD,38.351
braddell_road,Braddell Road,1632.0,29332.065,36196.804,6.474,6.719,6.719,,,BRADDELL ROAD,38.58
braddell_road,Braddell Road,1634.0,29330.09,36196.49,12.124,6.751,6.751,,,BRADDELL ROAD,38.809
braddell_road,Braddell Road,1636.0,29328.115,36196.177,7.028,7.028,7.028,,,BRADDELL ROAD,39.038
braddell_road,Braddell Road,1638.0,29326.14,36195.864,7.028,7.183,7.183,,,BRADDELL ROAD,39.268
braddell_road,Braddell Road,1640.0,29324.164,36195.55,7.028,7.338,7.338,,,BRADDELL ROAD,39.497
braddell_road,Braddell Road,1642.0,29322.189,36195.237,7.028,7.571,7.571,,,BRADDELL ROAD,39.726
braddell_road,Braddell Road,1644.0,29320.214,36194.924,7.959,7.803,7.803,,,BRADDELL ROAD,39.955
braddell_road,Braddell Road,1646.0,29318.238,36194.611,,8.035,8.035,,,BRADDELL ROAD,40.185
braddell_road,Braddell Road,1648.0,29316.261,36194.316,,8.111,8.111,,,BRADDELL ROAD,40.395
braddell_road,Braddell Road,1650.0,29314.269,36194.132,,8.187,8.187,3.804,1.0,BRADDELL ROAD,40.495
braddell_road,Braddell Road,1652.0,29312.278,36193.947,,8.264,8.264,3.804,1.0,BRADDELL ROAD,40.595
braddell_road,Braddell Road,1654.0,29310.286,36193.763,,8.34,8.34,3.804,1.0,BRADDELL ROAD,40.695
braddell_road,Braddell Road,1656.0,29308.295,36193.578,,8.416,8.416,3.804,1.0,BRADDELL ROAD,40.795
braddell_road,Braddell Road,1658.0,29306.303,36193.394,,8.492,8.492,3.804,1.0,BRADDELL ROAD,40.894
braddell_road,Braddell Road,1660.0,29304.311,36193.237,,8.568,8.568,3.804,1.0,BRADDELL ROAD,40.966
braddell_road,Braddell Road,1662.0,29302.316,36193.378,,8.644,8.644,3.804,1.0,BRADDELL ROAD,40.741
braddell_road,Braddell Road,1664.0,29300.321,36193.519,,8.72,8.72,3.804,1.0,BRADDELL ROAD,40.516
braddell_road,Braddell Road,1666.0,29298.326,36193.659,,8.796,8.796,3.804,1.0,BRADDELL ROAD,40.291
braddell_road,Braddell Road,1668.0,29296.331,36193.8,,8.872,8.872,3.804,1.0,BRADDELL ROAD,40.066
braddell_road,Braddell Road,1670.0,29294.336,36193.941,,8.948,8.948,3.804,1.0,BRADDELL ROAD,39.841
braddell_road,Braddell Road,1672.0,29292.372,36194.309,,9.024,9.024,3.804,1.0,BRADDELL ROAD,39.39
braddell_road,Braddell Road,1674.0,29290.413,36194.712,,9.1,9.1,2.853,1.0,BRADDELL ROAD,38.904
braddell_road,Braddell Road,1676.0,29288.454,36195.115,9.176,9.176,9.176,1.902,1.0,BRADDELL ROAD,38.418
braddell_road,Braddell Road,1678.0,29286.496,36195.518,9.176,9.176,9.176,1.685,1.0,BRADDELL ROAD,37.932
braddell_road,Braddell Road,1680.0,29284.544,36195.954,9.176,9.176,9.176,1.468,1.0,BRADDELL ROAD,37.414
braddell_road,Braddell Road,1682.0,29282.593,36196.395,,9.235,9.235,2.202,1.0,BRADDELL ROAD,36.891
braddell_road,Braddell Road,1684.0,29280.642,36196.835,,9.294,9.294,2.936,1.0,BRADDELL ROAD,36.368
braddell_road,Braddell Road,1686.0,29278.691,36197.276,,9.353,9.353,,,BRADDELL ROAD,35.845
braddell_road,Braddell Road,1688.0,29276.706,36197.46,,9.411,9.411,,,BRADDELL ROAD,35.577
braddell_road,Braddell Road,1756.0,29209.674,36208.431,,9.47,9.47,,,BRADDELL ROAD,27.791
braddell_road,Braddell Road,1758.0,29207.707,36208.791,,9.529,9.529,,,BRADDELL ROAD,27.792
braddell_road,Braddell Road,1760.0,29205.739,36209.152,,9.587,9.587,2.936,1.0,BRADDELL ROAD,27.792
braddell_road,Braddell Road,1762.0,29203.772,36209.513,,9.646,9.646,2.936,1.0,BRADDELL ROAD,27.793
braddell_road,Braddell Road,1764.0,29201.805,36209.874,,9.705,9.705,2.936,1.0,BRADDELL ROAD,27.794
braddell_road,Braddell Road,1766.0,29199.838,36210.234,,9.764,9.764,2.936,1.0,BRADDELL ROAD,27.794
braddell_road,Braddell Road,1768.0,29197.871,36210.595,,9.822,9.822,2.936,1.0,BRADDELL ROAD,27.795
braddell_road,Braddell Road,1770.0,29195.903,36210.956,,9.881,9.881,2.936,1.0,BRADDELL ROAD,27.795
braddell_road,Braddell Road,1772.0,29193.936,36211.317,,9.94,9.94,2.936,1.0,BRADDELL ROAD,27.796
braddell_road,Braddell Road,1774.0,29192.112,36212.134,,9.998,9.998,2.936,1.0,BRADDELL ROAD,27.337
braddell_road,Braddell Road,1776.0,29190.289,36212.958,,10.057,10.057,2.936,1.0,BRADDELL ROAD,26.993
braddell_road,Braddell Road,1778.0,29188.467,36213.782,,10.116,10.116,2.936,1.0,BRADDELL ROAD,26.778
braddell_road,Braddell Road,1780.0,29186.645,36214.606,,10.175,10.175,2.936,1.0,BRADDELL ROAD,26.583
braddell_road,Braddell Road,1782.0,29184.822,36215.43,,10.233,10.233,2.936,1.0,BRADDELL ROAD,26.388
braddell_road,Braddell Road,1784.0,29183.0,36216.254,,10.292,10.292,2.936,1.0,BRADDELL ROAD,26.193
braddell_road,Braddell Road,1786.0,29181.22,36217.166,,10.351,10.351,2.936,1.0,BRADDELL ROAD,25.902
braddell_road,Braddell Road,1788.0,29179.443,36218.084,,10.409,10.409,2.936,1.0,BRADDELL ROAD,25.604
braddell_road,Braddell Road,1790.0,29177.666,36219.002,,10.468,10.468,2.569,1.0,BRADDELL ROAD,25.305
braddell_road,Braddell Road,1792.0,29175.889,36219.92,,10.527,10.527,2.202,1.0,BRADDELL ROAD,25.007
braddell_road,Braddell Road,1794.0,29174.112,36220.837,,,10.556,1.835,1.0,BRADDELL ROAD,24.709
braddell_road,Braddell Road,1796.0,29172.33,36221.742,,,10.586,,,BRADDELL ROAD,24.425
braddell_road,Braddell Road,1798.0,29170.471,36222.481,,,10.615,,,BRADDELL ROAD,24.322
braddell_road,Braddell Road,1800.0,29168.612,36223.22,,,,,,BRADDELL ROAD,24.22
braddell_road,Braddell Road,1802.0,29166.747,36223.942,,,,,,BRADDELL ROAD,24.14
braddell_road,Braddell Road,1804.0,29164.86,36224.604,,,,,,BRADDELL ROAD,24.239
braddell_road,Braddell Road,1806.0,29162.973,36225.266,,,,,,BRADDELL ROAD,24.406
braddell_road,Braddell Road,1808.0,29161.086,36225.929,,,,,,BRADDELL ROAD,24.572
braddell_road,Braddell Road,1810.0,29159.199,36226.591,,,,,,BRADDELL ROAD,24.738
braddell_road,Braddell Road,1812.0,29157.312,36227.254,,,,,,BRADDELL ROAD,24.905
braddell_road,Braddell Road,1814.0,29155.425,36227.916,,,,,,BRADDELL ROAD,25.071
braddell_road,Braddell Road,1816.0,29153.538,36228.578,,,,,,BRADDELL ROAD,25.238
braddell_road,Braddell Road,1818.0,29151.65,36229.241,,,,,,BRADDELL ROAD,25.404
braddell_road,Braddell Road,1820.0,29149.763,36229.903,,,,,,BRADDELL ROAD,25.57
braddell_road,Braddell Road,1822.0,29147.876,36230.565,,,,,,BRADDELL ROAD,25.737
braddell_road,Braddell Road,1824.0,29145.989,36231.228,,,,,,BRADDELL ROAD,25.903
braddell_road,Braddell Road,1826.0,29144.102,36231.89,,,,,,BRADDELL ROAD,26.07
braddell_road,Braddell Road,1828.0,29142.215,36232.553,,,,,,BRADDELL ROAD,26.236
braddell_road,Braddell Road,1830.0,29140.328,36233.215,,,,,,BRADDELL ROAD,26.402
braddell_road,Braddell Road,1832.0,29138.441,36233.877,,,,,,BRADDELL ROAD,26.569
braddell_road,Braddell Road,1834.0,29136.607,36234.675,,,,,,BRADDELL ROAD,26.589
braddell_road,Braddell Road,1836.0,29134.781,36235.49,,,,,,BRADDELL ROAD,26.592
braddell_road,Braddell Road,1838.0,29132.954,36236.305,,,,,,BRADDELL ROAD,26.595
braddell_road,Braddell Road,1840.0,29131.128,36237.12,,,,,,BRADDELL ROAD,26.597
braddell_road,Braddell Road,1842.0,29129.301,36237.934,,,,,,BRADDELL ROAD,26.6
braddell_road,Braddell Road,1844.0,29127.476,36238.752,,,,,,BRADDELL ROAD,26.632
braddell_road,Braddell Road,1846.0,29125.8,36239.842,,,,,,BRADDELL ROAD,26.465
braddell_road,Braddell Road,1848.0,29124.123,36240.933,,,,,,BRADDELL ROAD,26.309
braddell_road,Braddell Road,1850.0,29122.447,36242.024,,,,,,BRADDELL ROAD,26.153
braddell_road,Braddell Road,1852.0,29120.77,36243.114,,,,,,BRADDELL ROAD,25.997
braddell_road,Braddell Road,1854.0,29119.094,36244.205,,,,,,BRADDELL ROAD,25.84
braddell_road,Braddell Road,1856.0,29117.458,36245.354,,,,,,BRADDELL ROAD,25.613
braddell_road,Braddell Road,1858.0,29115.86,36246.556,,,,,,BRADDELL ROAD,25.322
braddell_road,Braddell Road,1860.0,29114.262,36247.759,,,,,,BRADDELL ROAD,25.03
braddell_road,Braddell Road,1862.0,29112.488,36248.632,,,,,,BRADDELL ROAD,25.111
braddell_road,Braddell Road,1864.0,29110.601,36249.295,,,,,,BRADDELL ROAD,25.432
braddell_road,Braddell Road,1866.0,29108.714,36249.957,,,,,,BRADDELL ROAD,25.752
braddell_road,Braddell Road,1868.0,29106.826,36250.619,,,,,,BRADDELL ROAD,26.073
braddell_road,Braddell Road,1870.0,29104.939,36251.282,,,,,,BRADDELL ROAD,26.394
braddell_road,Braddell Road,1872.0,29103.136,36252.123,,,,,,BRADDELL ROAD,26.517
braddell_road,Braddell Road,1874.0,29101.423,36253.154,,,,,,BRADDELL ROAD,26.431
braddell_road,Braddell Road,1876.0,29099.709,36254.185,,,,,,BRADDELL ROAD,26.345
braddell_road,Braddell Road,1878.0,29097.995,36255.217,,,,,,BRADDELL ROAD,26.258
braddell_road,Braddell Road,1880.0,29096.299,36256.276,,,,,,BRADDELL ROAD,26.139
braddell_road,Braddell Road,1882.0,29094.617,36257.358,,,,,,BRADDELL ROAD,25.992
braddell_road,Braddell Road,1884.0,29092.936,36258.441,,,,,,BRADDELL ROAD,25.846
braddell_road,Braddell Road,1886.0,29091.254,36259.523,,,,,,BRADDELL ROAD,25.7
braddell_road,Braddell Road,1888.0,29089.572,36260.605,,,,,,BRADDELL ROAD,25.554
braddell_road,Braddell Road,1890.0,29087.89,36261.687,,,,,,BRADDELL ROAD,25.408
braddell_road,Braddell Road,1892.0,29086.208,36262.769,,,,,,BRADDELL ROAD,25.262
braddell_road,Braddell Road,1894.0,29084.526,36263.851,,,,,,BRADDELL ROAD,25.116
braddell_road,Braddell Road,1896.0,29082.844,36264.933,,,,,,BRADDELL ROAD,24.971
braddell_road,Braddell Road,1898.0,29081.162,36266.015,,,,,,BRADDELL ROAD,24.825
braddell_road,Braddell Road,1900.0,29079.48,36267.098,,,,,,BRADDELL ROAD,24.679
braddell_road,Braddell Road,1902.0,29077.798,36268.18,,,,,,BRADDELL ROAD,24.515
braddell_road,Braddell Road,1904.0,29076.116,36269.262,,,,,,BRADDELL ROAD,24.324
braddell_road,Braddell Road,1906.0,29074.434,36270.344,,,,,,BRADDELL ROAD,24.134
braddell_road,Braddell Road,1908.0,29072.752,36271.426,,,,,,BRADDELL ROAD,23.943
braddell_road,Braddell Road,1910.0,29071.07,36272.508,,,,,,BRADDELL ROAD,23.753
braddell_road,Braddell Road,1912.0,29069.2,36273.163,,,,,,BRADDELL ROAD,24.029
braddell_road,Braddell Road,1914.0,29067.265,36273.67,,,,,,BRADDELL ROAD,24.465
braddell_road,Braddell Road,1916.0,29065.331,36274.177,,,,,,BRADDELL ROAD,24.902
braddell_road,Braddell Road,1918.0,29063.396,36274.684,,,,,,BRADDELL ROAD,25.338
braddell_road,Braddell Road,1920.0,29061.461,36275.191,,,,,,BRADDELL ROAD,25.775
braddell_road,Braddell Road,1922.0,29059.56,36275.801,,,,,,BRADDELL ROAD,26.104
braddell_road,Braddell Road,1924.0,29057.687,36276.504,,,,,,BRADDELL ROAD,26.338
braddell_road,Braddell Road,1926.0,29055.814,36277.206,,,,,,BRADDELL ROAD,26.573
braddell_road,Braddell Road,1928.0,29053.944,36277.914,,,,,,BRADDELL ROAD,26.801
braddell_road,Braddell Road,1930.0,29052.132,36278.761,,,,,,BRADDELL ROAD,26.879
braddell_road,Braddell Road,1932.0,29050.32,36279.608,,,,,,BRADDELL ROAD,26.957
braddell_road,Braddell Road,1934.0,29048.509,36280.455,,,,,,BRADDELL ROAD,27.035
braddell_road,Braddell Road,1936.0,29046.697,36281.302,,,,,,BRADDELL ROAD,27.113
braddell_road,Braddell Road,1938.0,29044.878,36282.133,,,,,,BRADDELL ROAD,27.208
braddell_road,Braddell Road,1940.0,29043.038,36282.916,,,,,,BRADDELL ROAD,27.356
braddell_road,Braddell Road,1942.0,29041.197,36283.699,,,,,,BRADDELL ROAD,27.504
braddell_road,Braddell Road,1944.0,29039.357,36284.482,,,,,,BRADDELL ROAD,27.653
braddell_road,Braddell Road,1946.0,29037.516,36285.264,,,,,,BRADDELL ROAD,27.801
braddell_road,Braddell Road,1948.0,29035.68,36286.056,,,,,,BRADDELL ROAD,27.939
braddell_road,Braddell Road,1950.0,29033.868,36286.902,,,,,,BRADDELL ROAD,28.018
braddell_road,Braddell Road,1952.0,29032.055,36287.748,,,,,,BRADDELL ROAD,28.098
braddell_road,Braddell Road,1954.0,29030.243,36288.594,,,,,,BRADDELL ROAD,28.177
braddell_road,Braddell Road,1956.0,29028.431,36289.44,,,,,,BRADDELL ROAD,28.256
braddell_road,Braddell Road,1958.0,29026.618,36290.286,,,,,,BRADDELL ROAD,28.335
braddell_road,Braddell Road,1960.0,29024.822,36291.165,,,,,,BRADDELL ROAD,28.377
braddell_road,Braddell Road,1962.0,29023.027,36292.047,,,,,,BRADDELL ROAD,28.417
braddell_road,Braddell Road,1964.0,29021.231,36292.928,,,,,,BRADDELL ROAD,28.457
braddell_road,Braddell Road,1966.0,29019.436,36293.809,,,,,,BRADDELL ROAD,28.497
braddell_road,Braddell Road,1968.0,29017.641,36294.69,,,,,,BRADDELL ROAD,28.538
braddell_road,Braddell Road,1970.0,29015.845,36295.571,,,,,,BRADDELL ROAD,28.578
braddell_road,Braddell Road,1972.0,29014.05,36296.452,,,,,,BRADDELL ROAD,28.618
braddell_road,Braddell Road,1974.0,29012.254,36297.333,,,,,,BRADDELL ROAD,28.658
braddell_road,Braddell Road,1976.0,29010.459,36298.214,,,,,,BRADDELL ROAD,28.622
braddell_road,Braddell Road,1978.0,29008.663,36299.096,,,,,,BRADDELL ROAD,28.575
braddell_road,Braddell Road,1980.0,29006.868,36299.977,,,,,,BRADDELL ROAD,28.529
braddell_road,Braddell Road,1982.0,29005.072,36300.858,,,,,,BRADDELL ROAD,28.482
braddell_road,Braddell Road,1984.0,29003.277,36301.739,,,,,,BRADDELL ROAD,28.436
braddell_road,Braddell Road,1986.0,29001.471,36302.598,,,,,,BRADDELL ROAD,28.413
braddell_road,Braddell Road,1988.0,28999.664,36303.456,,,,,,BRADDELL ROAD,28.393
braddell_road,Braddell Road,1990.0,28997.858,36304.314,,,,,,BRADDELL ROAD,28.372
braddell_road,Braddell Road,1992.0,28996.051,36305.172,,,,,,BRADDELL ROAD,28.352
braddell_road,Braddell Road,1994.0,28994.244,36306.029,,,,,,BRADDELL ROAD,28.331
braddell_road,Braddell Road,1996.0,28992.459,36306.931,,,,,,BRADDELL ROAD,28.234
braddell_road,Braddell Road,1998.0,28990.686,36307.857,,,,,,BRADDELL ROAD,28.027
braddell_road,Braddell Road,2000.0,28988.914,36308.782,,,,,,BRADDELL ROAD,27.82
braddell_road,Braddell Road,2002.0,28987.141,36309.708,,,,,,BRADDELL ROAD,27.613
braddell_road,Braddell Road,2004.0,28985.361,36310.619,,,,,,BRADDELL ROAD,27.422
braddell_road,Braddell Road,2006.0,28983.538,36311.442,,,,,,BRADDELL ROAD,27.329
braddell_road,Braddell Road,2008.0,28981.715,36312.266,,,,,,BRADDELL ROAD,27.235
braddell_road,Braddell Road,2010.0,28979.893,36313.089,,,,,,BRADDELL ROAD,27.141
braddell_road,Braddell Road,2012.0,28978.07,36313.913,,,,,,BRADDELL ROAD,26.99
braddell_road,Braddell Road,2014.0,28976.245,36314.731,,,,,,BRADDELL ROAD,26.778
braddell_road,Braddell Road,2016.0,28974.377,36315.443,,,,,,BRADDELL ROAD,26.68
braddell_road,Braddell Road,2018.0,28972.508,36316.155,,,,,,BRADDELL ROAD,26.583
braddell_road,Braddell Road,2020.0,28970.639,36316.868,,,,,,BRADDELL ROAD,26.485
braddell_road,Braddell Road,2022.0,28968.77,36317.58,,,,,,BRADDELL ROAD,26.388
braddell_road,Braddell Road,2024.0,28966.87,36318.202,,,,,,BRADDELL ROAD,26.385
braddell_road,Braddell Road,2026.0,28964.962,36318.803,,,,,,BRADDELL ROAD,26.405
braddell_road,Braddell Road,2028.0,28963.055,36319.405,,,,,,BRADDELL ROAD,26.35
braddell_road,Braddell Road,2030.0,28961.147,36320.006,,,,,,BRADDELL ROAD,26.272
braddell_road,Braddell Road,2032.0,28959.24,36320.607,,,,,,BRADDELL ROAD,26.194
braddell_road,Braddell Road,2034.0,28957.325,36321.179,,,,,,BRADDELL ROAD,26.146
braddell_road,Braddell Road,2036.0,28955.366,36321.582,,,,,,BRADDELL ROAD,26.273
braddell_road,Braddell Road,2038.0,28953.407,36321.985,,,,,,BRADDELL ROAD,26.4
braddell_road,Braddell Road,2040.0,28951.448,36322.388,,,,,,BRADDELL ROAD,26.456
braddell_road,Braddell Road,2042.0,28949.489,36322.792,,,,,,BRADDELL ROAD,26.442
braddell_road,Braddell Road,2044.0,28947.515,36323.106,,,,,,BRADDELL ROAD,26.518
braddell_road,Braddell Road,2046.0,28945.53,36323.351,,,,,,BRADDELL ROAD,26.664
braddell_road,Braddell Road,2048.0,28943.545,36323.596,,,,,,BRADDELL ROAD,26.81
braddell_road,Braddell Road,2050.0,28941.56,36323.841,,,,,,BRADDELL ROAD,26.956
braddell_road,Braddell Road,2052.0,28939.576,36324.086,,,,,,BRADDELL ROAD,27.088
braddell_road,Braddell Road,2054.0,28937.591,36324.331,,,,,,BRADDELL ROAD,27.123
braddell_road,Braddell Road,2056.0,28935.605,36324.567,,,,,,BRADDELL ROAD,27.167
braddell_road,Braddell Road,2058.0,28933.619,36324.803,,,18.424,,,BRADDELL ROAD,27.211
braddell_road,Braddell Road,2060.0,28931.633,36325.04,,,18.453,,,BRADDELL ROAD,27.255
braddell_road,Braddell Road,2062.0,28929.647,36325.276,,,18.483,1.835,1.0,BRADDELL ROAD,27.299
braddell_road,Braddell Road,2064.0,28927.661,36325.512,,18.512,18.512,2.202,1.0,BRADDELL ROAD,27.288
braddell_road,Braddell Road,2066.0,28925.666,36325.534,,18.571,18.571,2.569,1.0,BRADDELL ROAD,27.429
braddell_road,Braddell Road,2068.0,28923.668,36325.455,,18.629,18.629,2.936,1.0,BRADDELL ROAD,27.67
braddell_road,Braddell Road,2070.0,28921.669,36325.376,,18.688,18.688,2.936,1.0,BRADDELL ROAD,27.911
braddell_road,Braddell Road,2072.0,28919.671,36325.297,,18.747,18.747,2.936,1.0,BRADDELL ROAD,28.152
braddell_road,Braddell Road,2074.0,28917.672,36325.218,,18.806,18.806,2.936,1.0,BRADDELL ROAD,28.367
braddell_road,Braddell Road,2076.0,28915.674,36325.139,,18.864,18.864,2.936,1.0,BRADDELL ROAD,28.46
braddell_road,Braddell Road,2078.0,28913.676,36325.06,,18.923,18.923,2.936,1.0,BRADDELL ROAD,28.554
braddell_road,Braddell Road,2080.0,28911.677,36324.981,,18.982,18.982,2.936,1.0,BRADDELL ROAD,28.647
braddell_road,Braddell Road,2082.0,28909.679,36324.902,,19.04,19.04,2.936,1.0,BRADDELL ROAD,28.74
braddell_road,Braddell Road,2084.0,28907.68,36324.823,,19.099,19.099,2.936,1.0,BRADDELL ROAD,28.834
braddell_road,Braddell Road,2086.0,28905.682,36324.744,,19.158,19.158,2.936,1.0,BRADDELL ROAD,28.927
braddell_road,Braddell Road,2088.0,28903.683,36324.665,,19.217,19.217,2.936,1.0,BRADDELL ROAD,29.02
braddell_road,Braddell Road,2090.0,28901.685,36324.586,,19.275,19.275,2.936,1.0,BRADDELL ROAD,29.114
braddell_road,Braddell Road,2092.0,28899.686,36324.507,,19.334,19.334,2.936,1.0,BRADDELL ROAD,29.207
braddell_road,Braddell Road,2094.0,28897.688,36324.428,,19.393,19.393,2.936,1.0,BRADDELL ROAD,29.096
braddell_road,Braddell Road,2096.0,28895.69,36324.349,,19.451,19.451,2.936,1.0,BRADDELL ROAD,28.965
braddell_road,Braddell Road,2098.0,28893.691,36324.27,,19.51,19.51,2.936,1.0,BRADDELL ROAD,28.834
braddell_road,Braddell Road,2100.0,28891.693,36324.191,,19.569,19.569,2.936,1.0,BRADDELL ROAD,28.702
braddell_road,Braddell Road,2102.0,28889.694,36324.112,,19.628,19.628,2.936,1.0,BRADDELL ROAD,28.571
braddell_road,Braddell Road,2104.0,28887.696,36324.033,,19.686,19.686,2.202,1.0,BRADDELL ROAD,28.439
braddell_road,Braddell Road,2106.0,28885.697,36323.954,,19.745,19.745,1.468,1.0,BRADDELL ROAD,28.308
braddell_road,Braddell Road,2108.0,28883.699,36323.875,,19.804,19.745,,,BRADDELL ROAD,28.177
braddell_road,Braddell Road,2110.0,28881.709,36323.709,19.862,19.862,19.745,,,BRADDELL ROAD,28.133
braddell_road,Braddell Road,2112.0,28879.734,36323.394,19.862,19.674,19.674,,,BRADDELL ROAD,28.238
braddell_road,Braddell Road,2114.0,28877.759,36323.079,19.8,19.486,19.486,,,BRADDELL ROAD,28.29
braddell_road,Braddell Road,2116.0,28875.784,36322.764,,19.048,19.048,,,BRADDELL ROAD,28.334
braddell_road,Braddell Road,2118.0,28873.809,36322.449,,18.61,18.61,,,BRADDELL ROAD,28.377
braddell_road,Braddell Road,2120.0,28871.834,36322.134,,18.173,18.173,,,BRADDELL ROAD,28.421
braddell_road,Braddell Road,2122.0,28869.897,36321.652,,17.735,17.735,,,BRADDELL ROAD,28.636
braddell_road,Braddell Road,2124.0,28867.984,36321.069,,17.297,17.297,,,BRADDELL ROAD,28.872
braddell_road,Braddell Road,2126.0,28866.071,36320.486,,16.859,16.859,,,BRADDELL ROAD,29.02
braddell_road,Braddell Road,2128.0,28864.158,36319.903,,,16.422,,,BRADDELL ROAD,29.168
braddell_road,Braddell Road,2130.0,28862.245,36319.319,,15.984,15.984,,,BRADDELL ROAD,29.245
braddell_road,Braddell Road,2132.0,28860.332,36318.736,,15.546,15.546,,,BRADDELL ROAD,29.269
braddell_road,Braddell Road,2134.0,28858.419,36318.153,,15.108,15.108,,,BRADDELL ROAD,29.292
braddell_road,Braddell Road,2136.0,28856.506,36317.57,,14.671,14.671,,,BRADDELL ROAD,29.315
braddell_road,Braddell Road,2138.0,28854.593,36316.987,13.4,14.601,14.671,,,BRADDELL ROAD,29.338
braddell_road,Braddell Road,2140.0,28852.68,36316.404,13.2,14.532,14.671,,,BRADDELL ROAD,29.314
braddell_road,Braddell Road,2142.0,28850.766,36315.821,13.175,14.832,14.832,,,BRADDELL ROAD,29.198
braddell_road,Braddell Road,2144.0,28848.853,36315.238,13.283,15.131,15.131,,,BRADDELL ROAD,29.083
braddell_road,Braddell Road,2146.0,28846.94,36314.654,17.244,15.431,15.431,,,BRADDELL ROAD,28.967
braddell_road,Braddell Road,2148.0,28845.027,36314.071,16.113,15.73,15.431,,,BRADDELL ROAD,28.851
braddell_road,Braddell Road,2150.0,28843.114,36313.488,15.744,15.542,15.431,,,BRADDELL ROAD,28.735
braddell_road,Braddell Road,2152.0,28841.201,36312.905,12.619,15.354,15.354,,,BRADDELL ROAD,28.619
braddell_road,Braddell Road,2154.0,28839.288,36312.322,16.15,14.679,14.679,,,BRADDELL ROAD,28.503
braddell_road,Braddell Road,2156.0,28837.375,36311.739,16.388,14.004,14.004,,,BRADDELL ROAD,28.297
braddell_road,Braddell Road,2158.0,28835.462,36311.156,11.376,13.328,13.328,,,BRADDELL ROAD,28.065
braddell_road,Braddell Road,2160.0,28833.548,36310.573,10.256,,12.653,,,BRADDELL ROAD,27.832
braddell_road,Braddell Road,2162.0,28831.635,36309.99,10.021,11.978,11.978,,,BRADDELL ROAD,27.6
braddell_road,Braddell Road,2164.0,28829.722,36309.406,11.241,11.302,11.302,,,BRADDELL ROAD,27.367
braddell_road,Braddell Road,2166.0,28827.809,36308.823,10.066,10.627,10.627,,,BRADDELL ROAD,27.135
braddell_road,Braddell Road,2168.0,28825.896,36308.24,9.951,9.951,9.951,,,BRADDELL ROAD,26.831
braddell_road,Braddell Road,2170.0,28824.07,36307.439,9.506,9.751,9.751,,,BRADDELL ROAD,26.758
braddell_road,Braddell Road,2172.0,28822.281,36306.545,10.361,9.551,9.551,,,BRADDELL ROAD,26.786
braddell_road,Braddell Road,2174.0,28820.492,36305.65,10.621,9.351,9.351,,,BRADDELL ROAD,26.814
braddell_road,Braddell Road,2176.0,28818.703,36304.756,9.976,9.15,9.15,,,BRADDELL ROAD,26.819
braddell_road,Braddell Road,2178.0,28816.915,36303.861,8.95,8.95,9.06,,,BRADDELL ROAD,26.711
braddell_road,Braddell Road,2180.0,28815.137,36302.946,9.456,9.06,8.95,,,BRADDELL ROAD,26.626
braddell_road,Braddell Road,2182.0,28813.427,36301.908,9.169,8.881,8.881,-4.805,1.0,BRADDELL ROAD,26.68
braddell_road,Braddell Road,2184.0,28811.718,36300.871,9.223,8.703,8.703,,,BRADDELL ROAD,26.735
braddell_road,Braddell Road,2186.0,28810.008,36299.833,8.525,8.525,8.675,,,BRADDELL ROAD,26.79
braddell_road,Braddell Road,2188.0,28808.296,36298.799,8.675,8.675,8.597,,,BRADDELL ROAD,26.838
braddell_road,Braddell Road,2190.0,28806.563,36297.801,8.85,8.597,8.538,-0.977,1.0,BRADDELL ROAD,26.721
braddell_road,Braddell Road,2192.0,28804.83,36296.802,8.519,8.519,8.597,,,BRADDELL ROAD,26.604
braddell_road,Braddell Road,2194.0,28803.097,36295.804,8.538,8.538,8.597,,,BRADDELL ROAD,26.486
braddell_road,Braddell Road,2196.0,28801.364,36294.806,9.225,8.788,8.788,,,BRADDELL ROAD,26.369
braddell_road,Braddell Road,2198.0,28799.631,36293.808,9.038,9.038,8.788,0.664,1.0,BRADDELL ROAD,26.252
braddell_road,Braddell Road,2200.0,28797.898,36292.81,8.931,8.806,8.788,-0.527,1.0,BRADDELL ROAD,26.079
braddell_road,Braddell Road,2202.0,28796.165,36291.811,8.575,8.575,8.65,-1.719,1.0,BRADDELL ROAD,25.899
braddell_road,Braddell Road,2204.0,28794.431,36290.813,8.631,8.631,8.65,,,BRADDELL ROAD,25.718
braddell_road,Braddell Road,2206.0,28792.698,36289.815,8.65,8.65,8.65,,,BRADDELL ROAD,25.538
braddell_road,Braddell Road,2208.0,28790.965,36288.817,8.675,8.675,8.675,,,BRADDELL ROAD,25.358
braddell_road,Braddell Road,2210.0,28789.232,36287.819,8.263,8.727,8.727,1.615,1.0,BRADDELL ROAD,25.116
braddell_road,Braddell Road,2212.0,28787.499,36286.82,8.688,8.779,8.727,1.875,1.0,BRADDELL ROAD,24.862
braddell_road,Braddell Road,2214.0,28785.766,36285.822,8.831,8.831,8.779,,,BRADDELL ROAD,24.608
braddell_road,Braddell Road,2216.0,28784.033,36284.824,8.725,8.725,8.825,,,BRADDELL ROAD,24.354
braddell_road,Braddell Road,2218.0,28782.3,36283.826,8.825,8.825,8.831,,,BRADDELL ROAD,24.1
braddell_road,Braddell Road,2220.0,28780.478,36283.025,8.8,9.005,9.005,,,BRADDELL ROAD,23.635
braddell_road,Braddell Road,2222.0,28778.58,36282.396,8.85,9.186,9.186,,,BRADDELL ROAD,22.988
braddell_road,Braddell Road,2224.0,28776.681,36281.766,9.94,9.442,9.442,,,BRADDELL ROAD,22.34
braddell_road,Braddell Road,2226.0,28774.783,36281.137,9.956,9.699,9.699,,,BRADDELL ROAD,21.693
braddell_road,Braddell Road,2228.0,28772.885,36280.507,9.956,9.956,9.956,,,BRADDELL ROAD,21.045
braddell_road,Braddell Road,2230.0,28770.986,36279.88,10.653,10.033,10.033,,,BRADDELL ROAD,20.387
braddell_road,Braddell Road,2232.0,28769.082,36279.267,10.681,10.11,10.11,3.253,1.0,BRADDELL ROAD,19.677
braddell_road,Braddell Road,2234.0,28767.179,36278.653,10.186,10.186,10.186,,,BRADDELL ROAD,18.966
braddell_road,Braddell Road,2236.0,28765.275,36278.039,10.216,10.216,10.216,,,BRADDELL ROAD,18.256
braddell_road,Braddell Road,2238.0,28763.371,36277.426,10.357,10.411,10.411,,,BRADDELL ROAD,17.545
braddell_road,Braddell Road,2240.0,28761.468,36276.812,9.443,10.605,10.605,,,BRADDELL ROAD,16.834
braddell_road,Braddell Road,2242.0,28759.564,36276.199,9.038,10.799,10.799,,,BRADDELL ROAD,16.123
braddell_road,Braddell Road,2244.0,28757.661,36275.585,9.013,10.993,10.993,,,BRADDELL ROAD,15.413
braddell_road,Braddell Road,2246.0,28755.757,36274.971,11.499,11.187,11.187,,,BRADDELL ROAD,14.702
braddell_road,Braddell Road,2248.0,28753.854,36274.358,11.382,11.382,11.342,,,BRADDELL ROAD,13.991
braddell_road,Braddell Road,2250.0,28751.95,36273.744,14.26,11.362,11.342,,,BRADDELL ROAD,13.28
braddell_road,Braddell Road,2252.0,28750.047,36273.13,13.71,11.342,11.342,-0.247,1.0,BRADDELL ROAD,12.57
braddell_road,Braddell Road,2254.0,28748.143,36272.517,14.036,11.322,11.322,,,BRADDELL ROAD,11.859
braddell_road,Braddell Road,2256.0,28746.24,36271.903,11.303,11.303,11.322,,,BRADDELL ROAD,11.148
braddell_road,Braddell Road,2258.0,28744.336,36271.29,10.802,11.047,11.322,,,BRADDELL ROAD,10.437
braddell_road,Braddell Road,2260.0,28742.432,36270.676,10.792,11.331,11.331,,,BRADDELL ROAD,9.713
braddell_road,Braddell Road,2262.0,28740.529,36270.062,10.832,11.685,11.685,,,BRADDELL ROAD,8.984
braddell_road,Braddell Road,2264.0,28738.625,36269.449,10.922,12.038,12.038,,,BRADDELL ROAD,8.255
braddell_road,Braddell Road,2266.0,28736.722,36268.835,12.774,12.391,12.391,,,BRADDELL ROAD,7.526
braddell_road,Braddell Road,2268.0,28734.818,36268.222,14.299,12.747,12.747,,,BRADDELL ROAD,6.797
braddell_road,Braddell Road,2270.0,28732.915,36267.608,12.816,13.103,13.103,,,BRADDELL ROAD,6.068
braddell_road,Braddell Road,2272.0,28731.011,36266.994,12.858,13.46,13.46,,,BRADDELL ROAD,5.338
braddell_road,Braddell Road,2274.0,28729.108,36266.381,13.367,13.816,13.816,,,BRADDELL ROAD,4.609
braddell_road,Braddell Road,2276.0,28727.204,36265.767,14.907,14.076,14.076,,,BRADDELL ROAD,3.88
braddell_road,Braddell Road,2278.0,28725.301,36265.153,16.361,14.336,14.336,,,BRADDELL ROAD,3.151
braddell_road,Braddell Road,2280.0,28723.397,36264.54,13.766,14.536,14.536,,,BRADDELL ROAD,2.422
braddell_road,Braddell Road,2282.0,28721.494,36263.926,14.782,14.735,14.735,,,BRADDELL ROAD,1.693
braddell_road,Braddell Road,2284.0,28719.59,36263.313,15.167,14.934,14.934,,,BRADDELL ROAD,0.964
braddell_road,Braddell Road,2286.0,28717.686,36262.699,18.421,15.133,15.133,,,BRADDELL ROAD,0.235
braddell_road,Braddell Road,2288.0,28715.783,36262.085,18.01,15.333,15.333,,,BRADDELL ROAD,0.494
braddell_road,Braddell Road,2290.0,28713.879,36261.472,15.869,15.532,15.387,,,BRADDELL ROAD,1.225
braddell_road,Braddell Road,2292.0,28711.976,36260.858,16.748,15.459,15.387,,,BRADDELL ROAD,1.958
braddell_road,Braddell Road,2294.0,28710.072,36260.245,16.782,15.387,15.387,,,BRADDELL ROAD,2.691
braddell_road,Braddell Road,2296.0,28708.169,36259.631,18.282,14.853,14.853,,,BRADDELL ROAD,3.424
braddell_road,Braddell Road,2298.0,28706.265,36259.017,18.462,14.318,14.318,,,BRADDELL ROAD,4.158
braddell_road,Braddell Road,2300.0,28704.362,36258.404,14.826,13.784,13.784,,,BRADDELL ROAD,4.891
braddell_road,Braddell Road,2302.0,28702.458,36257.79,10.675,,13.249,,,BRADDELL ROAD,5.624
braddell_road,Braddell Road,2304.0,28700.555,36257.177,10.619,12.715,12.715,,,BRADDELL ROAD,6.353
braddell_road,Braddell Road,2306.0,28698.651,36256.563,10.363,12.181,12.181,,,BRADDELL ROAD,7.081
braddell_road,Braddell Road,2308.0,28696.747,36255.949,10.588,11.646,11.646,,,BRADDELL ROAD,7.809
braddell_road,Braddell Road,2310.0,28694.844,36255.336,10.588,11.112,11.112,,,BRADDELL ROAD,8.537
braddell_road,Braddell Road,2312.0,28692.94,36254.722,10.55,10.951,11.032,,,BRADDELL ROAD,9.266
braddell_road,Braddell Road,2314.0,28691.037,36254.108,11.618,10.791,11.032,,,BRADDELL ROAD,9.994
braddell_road,Braddell Road,2316.0,28689.133,36253.495,12.076,11.032,11.032,,,BRADDELL ROAD,10.722
braddell_road,Braddell Road,2318.0,28687.23,36252.881,13.58,11.273,11.273,,,BRADDELL ROAD,11.45
braddell_road,Braddell Road,2320.0,28685.326,36252.268,10.95,11.514,11.514,,,BRADDELL ROAD,12.178
braddell_road,Braddell Road,2322.0,28683.423,36251.654,13.188,11.755,11.755,,,BRADDELL ROAD,12.907
braddell_road,Braddell Road,2324.0,28681.519,36251.041,12.269,11.996,11.996,,,BRADDELL ROAD,13.635
braddell_road,Braddell Road,2326.0,28679.601,36250.473,12.237,12.237,12.237,,,BRADDELL ROAD,14.408
braddell_road,Braddell Road,2328.0,28677.684,36249.905,12.25,12.25,12.25,,,BRADDELL ROAD,15.184
braddell_road,Braddell Road,2330.0,28675.766,36249.337,13.839,12.368,12.368,4.594,1.0,BRADDELL ROAD,15.962
braddell_road,Braddell Road,2332.0,28673.848,36248.77,,12.487,12.487,5.918,1.0,BRADDELL ROAD,16.739
braddell_road,Braddell Road,2334.0,28671.93,36248.202,,12.605,12.605,5.918,1.0,BRADDELL ROAD,17.517
braddell_road,Braddell Road,2336.0,28670.048,36247.543,,12.723,12.723,5.918,1.0,BRADDELL ROAD,18.202
braddell_road,Braddell Road,2338.0,28668.251,36246.666,,12.842,12.842,5.918,1.0,BRADDELL ROAD,18.664
braddell_road,Braddell Road,2340.0,28666.453,36245.789,,12.96,12.96,5.918,1.0,BRADDELL ROAD,19.126
braddell_road,Braddell Road,2342.0,28665.554,36245.33,,13.078,13.078,5.918,1.0,BRADDELL ROAD,19.342
braddell_road,Braddell Road,2344.0,28667.381,36246.142,,13.197,13.197,5.918,1.0,BRADDELL ROAD,18.81
braddell_road,Braddell Road,2346.0,28669.209,36246.953,,13.315,13.315,5.918,1.0,BRADDELL ROAD,18.278
braddell_road,Braddell Road,2348.0,28671.037,36247.765,,13.433,13.433,5.918,1.0,BRADDELL ROAD,17.746
braddell_road,Braddell Road,2350.0,28672.865,36248.577,,13.552,13.552,4.438,1.0,BRADDELL ROAD,17.214
braddell_road,Braddell Road,2352.0,28674.693,36249.389,,13.67,13.67,,,BRADDELL ROAD,16.682
braddell_road,Braddell Road,2354.0,28676.52,36250.201,13.788,13.788,13.67,,,BRADDELL ROAD,16.151
braddell_road,Braddell Road,2356.0,28678.348,36251.013,12.219,13.718,13.67,-1.157,1.0,BRADDELL ROAD,15.619
braddell_road,Braddell Road,2358.0,28680.176,36251.825,12.244,13.648,13.648,,,BRADDELL ROAD,15.092
braddell_road,Braddell Road,2360.0,28682.004,36252.637,13.578,13.578,13.578,,,BRADDELL ROAD,14.565
braddell_road,Braddell Road,2362.0,28683.832,36253.448,11.625,13.275,13.275,,,BRADDELL ROAD,14.038
braddell_road,Braddell Road,2364.0,28685.659,36254.26,12.839,12.972,12.972,,,BRADDELL ROAD,13.511
braddell_road,Braddell Road,2366.0,28687.487,36255.072,13.08,12.67,12.972,,,BRADDELL ROAD,12.985
braddell_road,Braddell Road,2368.0,28689.315,36255.884,13.026,12.884,12.972,,,BRADDELL ROAD,12.458
braddell_road,Braddell Road,2370.0,28691.143,36256.696,12.268,13.099,13.099,,,BRADDELL ROAD,11.931
braddell_road,Braddell Road,2372.0,28692.971,36257.508,11.138,13.314,13.314,,,BRADDELL ROAD,11.405
braddell_road,Braddell Road,2374.0,28694.798,36258.32,10.613,,13.421,,,BRADDELL ROAD,10.878
braddell_road,Braddell Road,2376.0,28696.626,36259.132,10.488,,13.528,,,BRADDELL ROAD,10.351
braddell_road,Braddell Road,2378.0,28698.454,36259.943,10.294,,13.636,,,BRADDELL ROAD,9.825
braddell_road,Braddell Road,2380.0,28700.282,36260.755,10.506,,,,,BRADDELL ROAD,9.297
braddell_road,Braddell Road,2382.0,28702.11,36261.567,10.394,,,,,BRADDELL ROAD,8.765
braddell_road,Braddell Road,2384.0,28703.937,36262.379,10.413,,,,,BRADDELL ROAD,8.233
braddell_road,Braddell Road,2386.0,28705.765,36263.191,10.4,,,,,BRADDELL ROAD,7.701
braddell_road,Braddell Road,2388.0,28707.593,36264.003,17.579,,15.353,,,BRADDELL ROAD,7.169
braddell_road,Braddell Road,2390.0,28709.421,36264.815,17.641,,15.46,,,BRADDELL ROAD,6.638
braddell_road,Braddell Road,2392.0,28711.249,36265.627,16.4,,15.568,,,BRADDELL ROAD,6.106
braddell_road,Braddell Road,2394.0,28713.076,36266.438,16.679,15.675,15.675,,,BRADDELL ROAD,5.577
braddell_road,Braddell Road,2396.0,28714.904,36267.25,16.546,15.89,15.89,,,BRADDELL ROAD,5.05
braddell_road,Braddell Road,2398.0,28716.732,36268.062,16.137,16.104,16.104,,,BRADDELL ROAD,4.522
braddell_road,Braddell Road,2400.0,28718.56,36268.874,16.319,16.319,16.104,,,BRADDELL ROAD,3.995
braddell_road,Braddell Road,2402.0,28720.388,36269.686,16.434,16.166,16.104,,,BRADDELL ROAD,3.467
braddell_road,Braddell Road,2404.0,28722.215,36270.498,16.359,16.014,16.014,,,BRADDELL ROAD,2.94
braddell_road,Braddell Road,2406.0,28724.043,36271.31,16.662,15.724,15.724,,,BRADDELL ROAD,2.412
braddell_road,Braddell Road,2408.0,28725.871,36272.122,15.012,15.433,15.433,,,BRADDELL ROAD,1.884
braddell_road,Braddell Road,2410.0,28727.699,36272.933,13.077,15.143,15.143,,,BRADDELL ROAD,1.357
braddell_road,Braddell Road,2412.0,28729.527,36273.745,14.491,14.853,14.853,,,BRADDELL ROAD,0.829
braddell_road,Braddell Road,2414.0,28731.354,36274.557,12.912,14.606,14.606,,,BRADDELL ROAD,0.301
braddell_road,Braddell Road,2416.0,28733.182,36275.369,15.419,14.297,14.297,,,BRADDELL ROAD,0.226
braddell_road,Braddell Road,2418.0,28735.01,36276.181,17.529,13.989,13.989,,,BRADDELL ROAD,0.754
braddell_road,Braddell Road,2420.0,28736.838,36276.993,14.362,13.619,13.619,,,BRADDELL ROAD,1.281
braddell_road,Braddell Road,2422.0,28738.666,36277.805,16.216,13.249,13.249,,,BRADDELL ROAD,1.807
braddell_road,Braddell Road,2424.0,28740.493,36278.617,11.007,12.879,12.879,,,BRADDELL ROAD,2.316
braddell_road,Braddell Road,2426.0,28742.321,36279.429,10.942,12.509,12.509,,,BRADDELL ROAD,2.825
braddell_road,Braddell Road,2428.0,28744.149,36280.24,13.012,12.139,12.139,,,BRADDELL ROAD,3.333
braddell_road,Braddell Road,2430.0,28745.977,36281.052,12.999,11.769,11.769,,,BRADDELL ROAD,3.842
braddell_road,Braddell Road,2432.0,28747.805,36281.864,17.147,11.399,11.399,,,BRADDELL ROAD,4.351
braddell_road,Braddell Road,2434.0,28749.632,36282.676,9.238,11.029,11.029,,,BRADDELL ROAD,4.859
braddell_road,Braddell Road,2436.0,28751.46,36283.488,9.138,10.659,10.659,,,BRADDELL ROAD,5.368
braddell_road,Braddell Road,2438.0,28753.288,36284.3,9.475,10.289,10.289,,,BRADDELL ROAD,5.877
braddell_road,Braddell Road,2440.0,28755.116,36285.112,9.438,9.919,9.919,,,BRADDELL ROAD,6.385
braddell_road,Braddell Road,2442.0,28756.944,36285.924,11.113,9.549,9.771,,,BRADDELL ROAD,6.894
braddell_road,Braddell Road,2444.0,28758.771,36286.735,9.971,9.66,9.771,,,BRADDELL ROAD,7.403
braddell_road,Braddell Road,2446.0,28760.599,36287.547,9.771,9.771,9.771,,,BRADDELL ROAD,7.911
braddell_road,Braddell Road,2448.0,28762.427,36288.359,9.781,9.781,9.781,,,BRADDELL ROAD,8.419
braddell_road,Braddell Road,2450.0,28764.255,36289.171,9.761,9.961,9.961,,,BRADDELL ROAD,8.926
braddell_road,Braddell Road,2452.0,28766.083,36289.983,9.731,10.141,10.123,,,BRADDELL ROAD,9.386
braddell_road,Braddell Road,2454.0,28767.91,36290.795,9.746,10.321,10.123,,,BRADDELL ROAD,9.845
braddell_road,Braddell Road,2456.0,28769.738,36291.607,12.814,10.123,10.123,,,BRADDELL ROAD,10.305
braddell_road,Braddell Road,2458.0,28771.566,36292.419,12.789,9.925,9.925,,,BRADDELL ROAD,10.764
braddell_road,Braddell Road,2460.0,28773.394,36293.23,12.773,9.727,9.727,,,BRADDELL ROAD,11.224
braddell_road,Braddell Road,2462.0,28775.222,36294.042,12.798,9.529,9.529,,,BRADDELL ROAD,11.683
braddell_road,Braddell Road,2464.0,28777.049,36294.854,12.735,9.331,9.331,,,BRADDELL ROAD,12.143
braddell_road,Braddell Road,2466.0,28778.877,36295.666,9.025,9.133,9.133,,,BRADDELL ROAD,12.603
braddell_road,Braddell Road,2468.0,28780.705,36296.478,9.031,8.936,8.936,,,BRADDELL ROAD,13.062
braddell_road,Braddell Road,2470.0,28782.533,36297.29,8.738,8.738,8.738,,,BRADDELL ROAD,13.522
braddell_road,Braddell Road,2472.0,28784.361,36298.102,8.688,8.688,8.688,,,BRADDELL ROAD,13.963
braddell_road,Braddell Road,2474.0,28786.188,36298.914,8.65,8.65,8.65,-1.719,1.0,BRADDELL ROAD,14.351
braddell_road,Braddell Road,2476.0,28788.016,36299.725,8.6,8.6,8.65,-1.094,1.0,BRADDELL ROAD,14.738
braddell_road,Braddell Road,2478.0,28789.844,36300.537,8.575,8.575,8.6,0.312,1.0,BRADDELL ROAD,15.125
braddell_road,Braddell Road,2480.0,28791.672,36301.349,8.675,8.675,8.6,1.641,1.0,BRADDELL ROAD,15.513
braddell_road,Braddell Road,2482.0,28793.5,36302.161,8.538,8.538,8.675,2.344,1.0,BRADDELL ROAD,15.9
braddell_road,Braddell Road,2484.0,28795.327,36302.973,8.788,8.788,8.781,2.656,1.0,BRADDELL ROAD,16.229
braddell_road,Braddell Road,2486.0,28797.155,36303.785,8.781,8.781,8.788,2.344,1.0,BRADDELL ROAD,16.554
braddell_road,Braddell Road,2488.0,28798.983,36304.597,8.863,8.863,8.813,1.475,1.0,BRADDELL ROAD,16.879
braddell_road,Braddell Road,2490.0,28800.811,36305.409,8.813,8.813,8.863,0.605,1.0,BRADDELL ROAD,17.204
braddell_road,Braddell Road,2492.0,28802.639,36306.22,8.625,8.903,8.863,,,BRADDELL ROAD,17.529
braddell_road,Braddell Road,2494.0,28804.466,36307.032,8.994,8.994,8.836,,,BRADDELL ROAD,17.791
braddell_road,Braddell Road,2496.0,28806.294,36307.844,9.563,8.836,8.836,,,BRADDELL ROAD,17.991
braddell_road,Braddell Road,2498.0,28808.122,36308.656,9.106,8.678,8.678,-3.945,1.0,BRADDELL ROAD,18.191
braddell_road,Braddell Road,2500.0,28809.95,36309.468,8.338,8.521,8.521,,,BRADDELL ROAD,18.391
braddell_road,Braddell Road,2502.0,28811.778,36310.28,8.363,8.363,8.521,,,BRADDELL ROAD,18.591
braddell_road,Braddell Road,2504.0,28813.605,36311.092,8.344,8.344,8.521,,,BRADDELL ROAD,18.79
braddell_road,Braddell Road,2506.0,28815.433,36311.904,9.431,8.605,8.605,,,BRADDELL ROAD,18.984
braddell_road,Braddell Road,2508.0,28817.261,36312.715,8.306,8.866,8.866,,,BRADDELL ROAD,19.047
braddell_road,Braddell Road,2510.0,28819.089,36313.527,8.286,9.127,9.127,,,BRADDELL ROAD,19.111
braddell_road,Braddell Road,2512.0,28820.917,36314.339,8.266,9.404,9.404,,,BRADDELL ROAD,19.174
braddell_road,Braddell Road,2514.0,28822.744,36315.151,11.611,9.68,9.404,,,BRADDELL ROAD,19.237
braddell_road,Braddell Road,2516.0,28824.572,36315.963,12.596,9.412,9.404,,,BRADDELL ROAD,19.296
braddell_road,Braddell Road,2518.0,28826.4,36316.775,11.511,9.143,9.143,,,BRADDELL ROAD,19.285
braddell_road,Braddell Road,2520.0,28828.228,36317.587,10.119,8.875,8.875,,,BRADDELL ROAD,19.273
braddell_road,Braddell Road,2522.0,28830.056,36318.399,8.606,8.606,8.606,,,BRADDELL ROAD,19.262
braddell_road,Braddell Road,2524.0,28831.883,36319.211,8.556,8.556,8.606,,,BRADDELL ROAD,19.251
braddell_road,Braddell Road,2526.0,28833.711,36320.022,8.561,8.561,8.606,,,BRADDELL ROAD,19.24
braddell_road,Braddell Road,2528.0,28835.539,36320.834,8.5,8.718,8.718,,,BRADDELL ROAD,19.22
braddell_road,Braddell Road,2530.0,28837.367,36321.646,8.675,8.959,8.959,,,BRADDELL ROAD,19.091
braddell_road,Braddell Road,2532.0,28839.195,36322.458,11.744,9.199,9.199,,,BRADDELL ROAD,18.963
braddell_road,Braddell Road,2534.0,28841.022,36323.27,11.663,9.45,9.45,,,BRADDELL ROAD,18.835
braddell_road,Braddell Road,2536.0,28842.85,36324.082,10.394,9.702,9.702,,,BRADDELL ROAD,18.706
braddell_road,Braddell Road,2538.0,28844.678,36324.894,10.475,9.953,9.953,,,BRADDELL ROAD,18.578
braddell_road,Braddell Road,2540.0,28846.506,36325.706,10.5,10.204,10.204,,,BRADDELL ROAD,18.45
braddell_road,Braddell Road,2542.0,28848.334,36326.517,10.188,10.455,10.365,,,BRADDELL ROAD,18.321
braddell_road,Braddell Road,2544.0,28850.161,36327.329,9.456,10.41,10.365,,,BRADDELL ROAD,18.168
braddell_road,Braddell Road,2546.0,28851.989,36328.141,10.656,10.365,10.365,,,BRADDELL ROAD,17.901
braddell_road,Braddell Road,2548.0,28853.817,36328.953,10.075,10.32,10.32,,,BRADDELL ROAD,17.635
braddell_road,Braddell Road,2550.0,28855.645,36329.765,10.275,10.275,10.275,,,BRADDELL ROAD,17.368
braddell_road,Braddell Road,2552.0,28857.473,36330.577,10.138,10.138,10.138,,,BRADDELL ROAD,17.101
braddell_road,Braddell Road,2554.0,28859.3,36331.389,9.888,9.888,9.888,-6.953,1.0,BRADDELL ROAD,16.835
braddell_road,Braddell Road,2556.0,28861.128,36332.201,9.438,9.803,9.803,-6.875,1.0,BRADDELL ROAD,16.505
braddell_road,Braddell Road,2558.0,28862.956,36333.012,9.719,9.719,9.719,-6.797,1.0,BRADDELL ROAD,16.115
braddell_road,Braddell Road,2560.0,28864.784,36333.824,9.744,9.491,9.491,-5.742,1.0,BRADDELL ROAD,15.725
braddell_road,Braddell Road,2562.0,28866.612,36334.636,9.263,9.263,9.344,-4.687,1.0,BRADDELL ROAD,15.325
braddell_road,Braddell Road,2564.0,28868.439,36335.448,9.344,9.344,9.344,0.508,1.0,BRADDELL ROAD,14.769
braddell_road,Braddell Road,2566.0,28870.267,36336.26,9.294,9.294,9.344,5.703,1.0,BRADDELL ROAD,14.213
braddell_road,Braddell Road,2568.0,28872.095,36337.072,9.306,9.547,9.547,6.25,1.0,BRADDELL ROAD,13.657
braddell_road,Braddell Road,2570.0,28873.923,36337.884,9.8,9.8,9.8,6.25,1.0,BRADDELL ROAD,13.101
braddell_road,Braddell Road,2572.0,28875.751,36338.696,9.881,9.881,9.844,2.93,1.0,BRADDELL ROAD,12.545
braddell_road,Braddell Road,2574.0,28877.578,36339.507,9.844,9.844,9.844,-0.391,1.0,BRADDELL ROAD,11.987
braddell_road,Braddell Road,2576.0,28879.406,36340.319,9.988,9.988,9.844,-1.094,1.0,BRADDELL ROAD,11.372
braddell_road,Braddell Road,2578.0,28881.234,36341.131,9.756,9.756,9.769,-4.088,1.0,BRADDELL ROAD,10.757
braddell_road,Braddell Road,2580.0,28883.062,36341.943,9.769,9.769,9.756,-7.083,1.0,BRADDELL ROAD,10.141
braddell_road,Braddell Road,2582.0,28884.89,36342.755,9.201,9.498,9.498,-6.146,1.0,BRADDELL ROAD,9.526
braddell_road,Braddell Road,2584.0,28886.717,36343.567,,9.226,9.277,-5.989,1.0,BRADDELL ROAD,8.911
braddell_road,Braddell Road,2586.0,28888.545,36344.379,,9.252,9.277,-2.677,1.0,BRADDELL ROAD,8.295
braddell_road,Braddell Road,2588.0,28890.373,36345.191,,9.277,9.277,0.636,1.0,BRADDELL ROAD,7.68
braddell_road,Braddell Road,2590.0,28892.201,36346.002,,9.303,9.303,0.953,1.0,BRADDELL ROAD,7.065
braddell_road,Braddell Road,2592.0,28894.029,36346.814,,9.328,9.328,1.271,1.0,BRADDELL ROAD,6.449
braddell_road,Braddell Road,2594.0,28895.856,36347.626,,9.354,9.354,1.271,1.0,BRADDELL ROAD,5.834
braddell_road,Braddell Road,2596.0,28897.684,36348.438,,9.379,9.379,1.271,1.0,BRADDELL ROAD,5.219
braddell_road,Braddell Road,2598.0,28899.512,36349.25,,9.404,9.404,1.271,1.0,BRADDELL ROAD,4.466
braddell_road,Braddell Road,2600.0,28901.34,36350.062,,9.43,9.43,1.271,1.0,BRADDELL ROAD,3.641
braddell_road,Braddell Road,2602.0,28903.168,36350.874,,9.455,9.455,1.271,1.0,BRADDELL ROAD,2.816
braddell_road,Braddell Road,2604.0,28904.995,36351.686,,9.481,9.481,1.271,1.0,BRADDELL ROAD,1.991
braddell_road,Braddell Road,2606.0,28906.823,36352.497,,9.506,9.506,1.271,1.0,BRADDELL ROAD,1.166
braddell_road,Braddell Road,2608.0,28908.651,36353.309,,9.532,9.532,1.271,1.0,BRADDELL ROAD,0.341
braddell_road,Braddell Road,2610.0,28910.479,36354.121,,9.557,9.557,1.271,1.0,BRADDELL ROAD,0.484
braddell_road,Braddell Road,2612.0,28912.307,36354.933,,9.582,9.582,1.271,1.0,BRADDELL ROAD,1.309
braddell_road,Braddell Road,2614.0,28914.134,36355.745,,9.608,9.608,1.271,1.0,BRADDELL ROAD,2.134
braddell_road,Braddell Road,2616.0,28915.962,36356.557,,9.633,9.633,1.271,1.0,BRADDELL ROAD,2.959
braddell_road,Braddell Road,2618.0,28917.79,36357.369,,9.659,9.659,1.271,1.0,BRADDELL ROAD,3.784
braddell_road,Braddell Road,2620.0,28919.618,36358.181,,9.684,9.684,1.271,1.0,BRADDELL ROAD,4.619
braddell_road,Braddell Road,2622.0,28921.446,36358.993,,9.71,9.71,1.271,1.0,BRADDELL ROAD,5.576
braddell_road,Braddell Road,2624.0,28923.273,36359.804,,9.735,9.735,1.271,1.0,BRADDELL ROAD,6.534
braddell_road,Braddell Road,2626.0,28925.101,36360.616,,9.76,9.76,1.112,1.0,BRADDELL ROAD,7.492
braddell_road,Braddell Road,2628.0,28926.929,36361.428,,9.786,9.786,0.953,1.0,BRADDELL ROAD,8.449
braddell_road,Braddell Road,2630.0,28928.757,36362.24,,,9.799,0.795,1.0,BRADDELL ROAD,9.407
braddell_road,Braddell Road,2632.0,28930.585,36363.052,,,9.811,,,BRADDELL ROAD,10.365
braddell_road,Braddell Road,2634.0,28932.412,36363.864,,,9.824,,,BRADDELL ROAD,11.322
braddell_road,Braddell Road,2636.0,28934.24,36364.676,,,,,,BRADDELL ROAD,12.356
braddell_road,Braddell Road,2638.0,28936.068,36365.488,,,,,,BRADDELL ROAD,13.415
braddell_road,Braddell Road,2640.0,28937.896,36366.299,,,,,,BRADDELL ROAD,14.475
braddell_road,Braddell Road,2642.0,28939.724,36367.111,,,,,,BRADDELL ROAD,15.535
braddell_road,Braddell Road,2644.0,28941.551,36367.923,,,,,,BRADDELL ROAD,16.595
braddell_road,Braddell Road,2646.0,28943.379,36368.735,,,,,,BRADDELL ROAD,17.654
braddell_road,Braddell Road,2648.0,28945.207,36369.547,,,,,,BRADDELL ROAD,18.714
braddell_road,Braddell Road,2650.0,28947.035,36370.359,,,,,,BRADDELL ROAD,19.774
braddell_road,Braddell Road,2652.0,28948.863,36371.171,,,,,,BRADDELL ROAD,20.89
braddell_road,Braddell Road,2654.0,28950.69,36371.983,,,,,,BRADDELL ROAD,22.042
braddell_road,Braddell Road,2656.0,28952.518,36372.794,,,,,,BRADDELL ROAD,23.194
braddell_road,Braddell Road,2658.0,28954.346,36373.606,,,,,,BRADDELL ROAD,24.346
braddell_road,Braddell Road,2660.0,28956.174,36374.418,,,,,,BRADDELL ROAD,25.498
braddell_road,Braddell Road,2662.0,28958.002,36375.23,,,,,,BRADDELL ROAD,26.65
braddell_road,Braddell Road,2664.0,28959.868,36375.56,,,,,,BRADDELL ROAD,27.337
braddell_road,Braddell Road,2666.0,28961.802,36375.05,,,,,,BRADDELL ROAD,27.214
braddell_road,Braddell Road,2668.0,28963.736,36374.54,,,,,,BRADDELL ROAD,27.09
braddell_road,Braddell Road,2670.0,28965.67,36374.03,,,,,,BRADDELL ROAD,27.038
braddell_road,Braddell Road,2672.0,28967.604,36373.52,,,,,,BRADDELL ROAD,27.055
braddell_road,Braddell Road,2674.0,28969.538,36373.01,,,,,,BRADDELL ROAD,27.072
braddell_road,Braddell Road,2676.0,28971.471,36372.5,,,,,,BRADDELL ROAD,27.089
braddell_road,Braddell Road,2678.0,28973.407,36371.995,,,,,,BRADDELL ROAD,27.111
braddell_road,Braddell Road,2680.0,28975.36,36371.564,,,,,,BRADDELL ROAD,27.21
braddell_road,Braddell Road,2682.0,28977.313,36371.133,,,,,,BRADDELL ROAD,27.308
braddell_road,Braddell Road,2684.0,28979.266,36370.702,,,,,,BRADDELL ROAD,27.406
braddell_road,Braddell Road,2686.0,28981.219,36370.271,,,,,,BRADDELL ROAD,27.567
braddell_road,Braddell Road,2688.0,28983.166,36369.82,,,,,,BRADDELL ROAD,27.742
braddell_road,Braddell Road,2690.0,28985.055,36369.163,,,,,,BRADDELL ROAD,27.703
braddell_road,Braddell Road,2692.0,28986.944,36368.506,,,,,,BRADDELL ROAD,27.663
braddell_road,Braddell Road,2694.0,28988.833,36367.848,,,,,,BRADDELL ROAD,27.624
braddell_road,Braddell Road,2696.0,28990.721,36367.191,,,,,,BRADDELL ROAD,27.585
braddell_road,Braddell Road,2698.0,28992.61,36366.534,,,,,,BRADDELL ROAD,27.546
braddell_road,Braddell Road,2700.0,28994.499,36365.877,,,,,,BRADDELL ROAD,27.507
braddell_road,Braddell Road,2702.0,28996.388,36365.219,,,,,,BRADDELL ROAD,27.468
braddell_road,Braddell Road,2704.0,28998.277,36364.562,,,,,,BRADDELL ROAD,27.483
braddell_road,Braddell Road,2706.0,29000.166,36363.905,,,,,,BRADDELL ROAD,27.569
braddell_road,Braddell Road,2708.0,29002.055,36363.247,,,,,,BRADDELL ROAD,27.654
braddell_road,Braddell Road,2710.0,29003.944,36362.59,,,,,,BRADDELL ROAD,27.739
braddell_road,Braddell Road,2712.0,29005.833,36361.933,,,,,,BRADDELL ROAD,27.825
braddell_road,Braddell Road,2714.0,29007.722,36361.277,,,,,,BRADDELL ROAD,27.911
braddell_road,Braddell Road,2716.0,29009.613,36360.625,,,,,,BRADDELL ROAD,28.002
braddell_road,Braddell Road,2718.0,29011.504,36359.973,,,,,,BRADDELL ROAD,28.093
braddell_road,Braddell Road,2720.0,29013.395,36359.321,,,,,,BRADDELL ROAD,28.184
braddell_road,Braddell Road,2722.0,29015.285,36358.669,,,,,,BRADDELL ROAD,28.289
braddell_road,Braddell Road,2724.0,29017.168,36357.994,,,,,,BRADDELL ROAD,28.457
braddell_road,Braddell Road,2726.0,29019.027,36357.258,,,,,,BRADDELL ROAD,28.569
braddell_road,Braddell Road,2728.0,29020.887,36356.522,,,,,,BRADDELL ROAD,28.68
braddell_road,Braddell Road,2730.0,29022.746,36355.785,,,,,,BRADDELL ROAD,28.792
braddell_road,Braddell Road,2732.0,29024.606,36355.049,,,,,,BRADDELL ROAD,28.904
braddell_road,Braddell Road,2734.0,29026.388,36354.153,,,,,,BRADDELL ROAD,28.838
braddell_road,Braddell Road,2736.0,29028.123,36353.158,,,,,,BRADDELL ROAD,28.664
braddell_road,Braddell Road,2738.0,29029.858,36352.164,,,,,,BRADDELL ROAD,28.489
braddell_road,Braddell Road,2740.0,29031.594,36351.169,,,,,,BRADDELL ROAD,28.314
braddell_road,Braddell Road,2742.0,29033.32,36350.16,,,,,,BRADDELL ROAD,28.122
braddell_road,Braddell Road,2744.0,29034.989,36349.059,,,,,,BRADDELL ROAD,27.823
braddell_road,Braddell Road,2746.0,29036.659,36347.958,,,,,,BRADDELL ROAD,27.529
braddell_road,Braddell Road,2748.0,29038.329,36346.857,,,,,,BRADDELL ROAD,27.308
braddell_road,Braddell Road,2750.0,29039.999,36345.756,,,,,,BRADDELL ROAD,27.096
braddell_road,Braddell Road,2752.0,29041.668,36344.655,,,,,,BRADDELL ROAD,26.883
braddell_road,Braddell Road,2754.0,29043.443,36343.737,,,,,,BRADDELL ROAD,26.88
braddell_road,Braddell Road,2756.0,29045.237,36342.854,,,,,,BRADDELL ROAD,26.919
braddell_road,Braddell Road,2758.0,29047.032,36341.972,,,,,,BRADDELL ROAD,26.957
braddell_road,Braddell Road,2760.0,29048.827,36341.089,,,,,,BRADDELL ROAD,26.996
braddell_road,Braddell Road,2762.0,29050.614,36340.192,,,,,,BRADDELL ROAD,27.018
braddell_road,Braddell Road,2764.0,29052.379,36339.252,,,,,,BRADDELL ROAD,26.992
braddell_road,Braddell Road,2766.0,29054.144,36338.311,,,,,,BRADDELL ROAD,26.965
braddell_road,Braddell Road,2768.0,29055.909,36337.371,,,,,,BRADDELL ROAD,26.939
braddell_road,Braddell Road,2770.0,29057.674,36336.43,,,,,,BRADDELL ROAD,26.912
braddell_road,Braddell Road,2772.0,29059.44,36335.49,,,,,,BRADDELL ROAD,26.886
braddell_road,Braddell Road,2774.0,29061.196,36334.536,,,,,,BRADDELL ROAD,26.843
braddell_road,Braddell Road,2776.0,29062.838,36333.394,,,,,,BRADDELL ROAD,26.581
braddell_road,Braddell Road,2778.0,29064.48,36332.252,,,,,,BRADDELL ROAD,26.319
braddell_road,Braddell Road,2780.0,29066.122,36331.11,,,,,,BRADDELL ROAD,26.057
braddell_road,Braddell Road,2782.0,29067.771,36329.979,,,,,,BRADDELL ROAD,25.808
braddell_road,Braddell Road,2784.0,29069.486,36328.95,,,,,,BRADDELL ROAD,25.681
braddell_road,Braddell Road,2786.0,29071.202,36327.922,,,,,,BRADDELL ROAD,25.553
braddell_road,Braddell Road,2788.0,29072.917,36326.894,,,,,,BRADDELL ROAD,25.426
braddell_road,Braddell Road,2790.0,29074.633,36325.865,,,,,,BRADDELL ROAD,25.299
braddell_road,Braddell Road,2792.0,29076.348,36324.837,,,,,,BRADDELL ROAD,25.171
braddell_road,Braddell Road,2794.0,29078.108,36323.891,,,,,,BRADDELL ROAD,25.138
braddell_road,Braddell Road,2796.0,29079.899,36323.0,,,,,,BRADDELL ROAD,25.167
braddell_road,Braddell Road,2798.0,29081.689,36322.109,,,,,,BRADDELL ROAD,25.196
braddell_road,Braddell Road,2800.0,29083.48,36321.217,,,,,,BRADDELL ROAD,25.224
braddell_road,Braddell Road,2802.0,29085.326,36320.47,,,,,,BRADDELL ROAD,25.407
braddell_road,Braddell Road,2804.0,29087.249,36319.921,,,,,,BRADDELL ROAD,25.801
braddell_road,Braddell Road,2806.0,29089.172,36319.372,,,,,,BRADDELL ROAD,26.194
braddell_road,Braddell Road,2808.0,29091.095,36318.823,,,,,,BRADDELL ROAD,26.588
braddell_road,Braddell Road,2810.0,29093.019,36318.273,,,,,,BRADDELL ROAD,26.982
braddell_road,Braddell Road,2812.0,29094.932,36317.695,,,,,,BRADDELL ROAD,27.345
braddell_road,Braddell Road,2814.0,29096.809,36317.003,,,,,,BRADDELL ROAD,27.591
braddell_road,Braddell Road,2816.0,29098.685,36316.312,,,,,,BRADDELL ROAD,27.837
braddell_road,Braddell Road,2818.0,29100.562,36315.62,,,,,,BRADDELL ROAD,28.082
braddell_road,Braddell Road,2820.0,29102.438,36314.928,,,,,,BRADDELL ROAD,28.328
braddell_road,Braddell Road,2822.0,29104.315,36314.237,,,,,,BRADDELL ROAD,28.597
braddell_road,Braddell Road,2824.0,29106.192,36313.545,,,,,,BRADDELL ROAD,28.887
braddell_road,Braddell Road,2826.0,29108.025,36312.749,,,,,,BRADDELL ROAD,29.066
braddell_road,Braddell Road,2828.0,29109.837,36311.903,,,,,,BRADDELL ROAD,29.189
braddell_road,Braddell Road,2830.0,29111.65,36311.058,,,,,,BRADDELL ROAD,29.313
braddell_road,Braddell Road,2832.0,29113.442,36310.17,,,,,,BRADDELL ROAD,29.391
braddell_road,Braddell Road,2834.0,29115.225,36309.265,,,,,,BRADDELL ROAD,29.449
braddell_road,Braddell Road,2836.0,29117.009,36308.36,,,,,,BRADDELL ROAD,29.507
braddell_road,Braddell Road,2838.0,29118.792,36307.455,,,,,,BRADDELL ROAD,29.566
braddell_road,Braddell Road,2840.0,29120.576,36306.551,,,,,,BRADDELL ROAD,29.624
braddell_road,Braddell Road,2842.0,29122.36,36305.646,,,,,,BRADDELL ROAD,29.682
braddell_road,Braddell Road,2844.0,29124.15,36304.755,,,,,,BRADDELL ROAD,29.756
braddell_road,Braddell Road,2846.0,29125.962,36303.908,,,,,,BRADDELL ROAD,29.878
braddell_road,Braddell Road,2848.0,29127.774,36303.061,,,,,,BRADDELL ROAD,30.001
braddell_road,Braddell Road,2850.0,29129.585,36302.214,,,,,,BRADDELL ROAD,30.123
braddell_road,Braddell Road,2852.0,29131.397,36301.367,,,,,,BRADDELL ROAD,30.246
braddell_road,Braddell Road,2854.0,29133.21,36300.521,,,,,,BRADDELL ROAD,30.37
braddell_road,Braddell Road,2856.0,29135.022,36299.676,,,,,,BRADDELL ROAD,30.495
braddell_road,Braddell Road,2858.0,29136.835,36298.831,,,,,,BRADDELL ROAD,30.619
braddell_road,Braddell Road,2860.0,29138.648,36297.986,,,,,,BRADDELL ROAD,30.744
braddell_road,Braddell Road,2862.0,29140.46,36297.141,,,,,,BRADDELL ROAD,30.868
braddell_road,Braddell Road,2864.0,29142.225,36296.203,,,,,,BRADDELL ROAD,30.888
braddell_road,Braddell Road,2866.0,29143.971,36295.227,,,,,,BRADDELL ROAD,30.867
braddell_road,Braddell Road,2868.0,29145.717,36294.252,,,,,,BRADDELL ROAD,30.845
braddell_road,Braddell Road,2870.0,29147.463,36293.276,,,,,,BRADDELL ROAD,30.823
braddell_road,Braddell Road,2872.0,29149.209,36292.301,,,,,,BRADDELL ROAD,30.801
braddell_road,Braddell Road,2874.0,29150.955,36291.325,,,,,,BRADDELL ROAD,30.779
braddell_road,Braddell Road,2876.0,29152.728,36290.402,,,,,,BRADDELL ROAD,30.816
braddell_road,Braddell Road,2878.0,29154.525,36289.523,,,,,,BRADDELL ROAD,30.792
braddell_road,Braddell Road,2880.0,29156.322,36288.645,,,,,,BRADDELL ROAD,30.725
braddell_road,Braddell Road,2882.0,29158.129,36287.791,,,,,,BRADDELL ROAD,30.684
braddell_road,Braddell Road,2884.0,29159.997,36287.075,,,,,,BRADDELL ROAD,30.793
braddell_road,Braddell Road,2886.0,29161.864,36286.358,,,,,,BRADDELL ROAD,30.902
braddell_road,Braddell Road,2888.0,29163.731,36285.642,,,,,,BRADDELL ROAD,31.011
braddell_road,Braddell Road,2890.0,29165.599,36284.926,,,,,,BRADDELL ROAD,31.12
braddell_road,Braddell Road,2892.0,29167.481,36284.254,,,,,,BRADDELL ROAD,31.276
braddell_road,Braddell Road,2894.0,29169.395,36283.674,,,,,,BRADDELL ROAD,31.529
braddell_road,Braddell Road,2896.0,29171.309,36283.094,,,,,,BRADDELL ROAD,31.782
braddell_road,Braddell Road,2898.0,29173.224,36282.515,,,,,,BRADDELL ROAD,32.035
braddell_road,Braddell Road,2900.0,29175.138,36281.935,,,,,,BRADDELL ROAD,32.288
braddell_road,Braddell Road,2902.0,29177.052,36281.355,,,13.307,,,BRADDELL ROAD,32.541
braddell_road,Braddell Road,2904.0,29178.971,36280.791,,,13.32,,,BRADDELL ROAD,32.809
braddell_road,Braddell Road,2906.0,29180.891,36280.231,,,13.333,0.795,1.0,BRADDELL ROAD,33.082
braddell_road,Braddell Road,2908.0,29182.81,36279.67,,13.345,13.345,0.953,1.0,BRADDELL ROAD,33.355
braddell_road,Braddell Road,2910.0,29184.73,36279.11,,13.371,13.371,1.112,1.0,BRADDELL ROAD,33.628
braddell_road,Braddell Road,2912.0,29186.634,36278.499,,13.396,13.396,1.271,1.0,BRADDELL ROAD,33.848
braddell_road,Braddell Road,2914.0,29188.521,36277.836,,13.422,13.422,1.271,1.0,BRADDELL ROAD,33.897
braddell_road,Braddell Road,2916.0,29190.408,36277.173,,13.447,13.447,1.271,1.0,BRADDELL ROAD,33.876
braddell_road,Braddell Road,2918.0,29192.295,36276.511,,13.473,13.473,1.271,1.0,BRADDELL ROAD,33.855
braddell_road,Braddell Road,2920.0,29194.182,36275.848,,13.498,13.498,1.271,1.0,BRADDELL ROAD,33.834
braddell_road,Braddell Road,2922.0,29196.069,36275.186,,13.523,13.523,1.271,1.0,BRADDELL ROAD,33.812
braddell_road,Braddell Road,2924.0,29197.965,36274.548,,13.549,13.549,1.271,1.0,BRADDELL ROAD,33.818
braddell_road,Braddell Road,2926.0,29199.862,36273.915,,13.574,13.574,1.271,1.0,BRADDELL ROAD,33.828
braddell_road,Braddell Road,2928.0,29201.759,36273.283,,13.6,13.6,1.271,1.0,BRADDELL ROAD,33.838
braddell_road,Braddell Road,2930.0,29203.657,36272.65,,13.625,13.625,1.271,1.0,BRADDELL ROAD,33.849
braddell_road,Braddell Road,2932.0,29205.59,36272.149,,13.651,13.651,1.271,1.0,BRADDELL ROAD,33.996
braddell_road,Braddell Road,2934.0,29207.543,36271.719,,13.676,13.676,1.271,1.0,BRADDELL ROAD,34.071
braddell_road,Braddell Road,2936.0,29209.497,36271.289,,13.701,13.701,1.271,1.0,BRADDELL ROAD,34.0
braddell_road,Braddell Road,2938.0,29211.45,36270.858,,13.727,13.727,1.271,1.0,BRADDELL ROAD,33.93
braddell_road,Braddell Road,2940.0,29213.403,36270.428,,13.752,13.752,1.271,1.0,BRADDELL ROAD,33.86
braddell_road,Braddell Road,2942.0,29215.362,36270.028,,13.778,13.778,1.271,1.0,BRADDELL ROAD,33.82
braddell_road,Braddell Road,2944.0,29217.329,36269.665,,13.803,13.803,1.271,1.0,BRADDELL ROAD,33.818
braddell_road,Braddell Road,2946.0,29219.296,36269.301,,13.829,13.829,0.953,1.0,BRADDELL ROAD,33.816
braddell_road,Braddell Road,2948.0,29221.262,36268.938,,13.854,13.854,0.636,1.0,BRADDELL ROAD,33.814
braddell_road,Braddell Road,2950.0,29223.229,36268.575,,13.879,13.854,,,BRADDELL ROAD,33.812
braddell_road,Braddell Road,2952.0,29225.196,36268.211,,13.905,13.854,,,BRADDELL ROAD,33.81
braddell_road,Braddell Road,2954.0,29227.163,36267.848,13.93,13.696,13.696,,,BRADDELL ROAD,33.808
braddell_road,Braddell Road,2956.0,29229.132,36267.5,14.005,13.437,13.437,,,BRADDELL ROAD,33.821
braddell_road,Braddell Road,2958.0,29231.103,36267.159,14.005,13.179,13.179,,,BRADDELL ROAD,33.842
braddell_road,Braddell Road,2960.0,29233.074,36266.819,11.355,12.973,12.973,,,BRADDELL ROAD,33.864
braddell_road,Braddell Road,2962.0,29235.046,36266.486,11.355,12.766,12.766,,,BRADDELL ROAD,33.893
braddell_road,Braddell Road,2964.0,29237.02,36266.17,11.355,12.56,12.56,,,BRADDELL ROAD,33.938
braddell_road,Braddell Road,2966.0,29238.995,36265.853,,12.354,12.552,,,BRADDELL ROAD,33.983
braddell_road,Braddell Road,2968.0,29240.97,36265.536,,12.453,12.453,,,BRADDELL ROAD,33.953
braddell_road,Braddell Road,2970.0,29242.945,36265.219,,12.552,12.354,,,BRADDELL ROAD,33.553
braddell_road,Braddell Road,2972.0,29244.926,36264.95,,12.328,12.328,,,BRADDELL ROAD,33.2
braddell_road,Braddell Road,2974.0,29246.915,36264.739,,12.104,12.104,,,BRADDELL ROAD,32.904
braddell_road,Braddell Road,2976.0,29248.903,36264.527,,11.88,11.88,,,BRADDELL ROAD,32.608
braddell_road,Braddell Road,2978.0,29250.892,36264.316,14.255,11.656,11.656,,,BRADDELL ROAD,32.313
braddell_road,Braddell Road,2980.0,29252.881,36264.104,14.255,11.432,11.432,,,BRADDELL ROAD,32.017
braddell_road,Braddell Road,2982.0,29254.867,36263.872,14.255,11.208,11.208,,,BRADDELL ROAD,31.701
braddell_road,Braddell Road,2984.0,29256.85,36263.611,14.334,10.985,11.208,,,BRADDELL ROAD,31.357
braddell_road,Braddell Road,2986.0,29258.833,36263.351,12.234,11.044,11.208,,,BRADDELL ROAD,31.013
braddell_road,Braddell Road,2988.0,29260.816,36263.091,10.459,11.245,11.245,,,BRADDELL ROAD,30.669
braddell_road,Braddell Road,2990.0,29262.799,36262.831,10.459,11.518,11.518,,,BRADDELL ROAD,30.325
braddell_road,Braddell Road,2992.0,29264.782,36262.571,10.459,11.79,11.79,,,BRADDELL ROAD,29.981
braddell_road,Braddell Road,2994.0,29266.764,36262.3,,12.012,12.012,,,BRADDELL ROAD,29.626
braddell_road,Braddell Road,2996.0,29268.745,36262.026,,12.235,12.235,,,BRADDELL ROAD,29.269
braddell_road,Braddell Road,2998.0,29270.726,36261.753,,12.457,12.457,,,BRADDELL ROAD,28.911
braddell_road,Braddell Road,3000.0,29272.708,36261.479,14.205,,12.568,,,BRADDELL ROAD,28.554
braddell_road,Braddell Road,3002.0,29274.695,36261.261,14.509,,12.791,,,BRADDELL ROAD,28.252
braddell_road,Braddell Road,3004.0,29276.687,36261.077,12.884,,13.125,,,BRADDELL ROAD,27.984
braddell_road,Braddell Road,3006.0,29278.678,36260.894,12.634,,13.458,,,BRADDELL ROAD,27.716
braddell_road,Braddell Road,3008.0,29280.67,36260.711,12.634,,13.681,,,BRADDELL ROAD,27.449
braddell_road,Braddell Road,3010.0,29282.661,36260.527,14.512,13.792,13.792,,,BRADDELL ROAD,27.181
braddell_road,Braddell Road,3012.0,29284.653,36260.344,15.087,14.014,14.014,,,BRADDELL ROAD,26.913
braddell_road,Braddell Road,3014.0,29286.646,36260.178,16.84,14.237,14.078,,,BRADDELL ROAD,26.663
braddell_road,Braddell Road,3016.0,29288.64,36260.018,16.617,14.459,14.078,,,BRADDELL ROAD,26.419
braddell_road,Braddell Road,3018.0,29290.633,36259.859,16.617,14.078,14.078,,,BRADDELL ROAD,26.175
braddell_road,Braddell Road,3020.0,29292.627,36259.699,17.497,13.697,13.697,,,BRADDELL ROAD,25.931
braddell_road,Braddell Road,3022.0,29294.621,36259.54,,13.315,13.315,,,BRADDELL ROAD,25.687
braddell_road,Braddell Road,3024.0,29296.62,36259.513,11.255,12.934,12.934,,,BRADDELL ROAD,25.576
braddell_road,Braddell Road,3026.0,29298.62,36259.486,10.73,12.553,12.553,,,BRADDELL ROAD,25.464
braddell_road,Braddell Road,3028.0,29300.62,36259.459,10.73,12.172,12.172,,,BRADDELL ROAD,25.353
braddell_road,Braddell Road,3030.0,29302.62,36259.432,7.943,12.058,12.097,,,BRADDELL ROAD,25.241
braddell_road,Braddell Road,3032.0,29304.62,36259.406,8.18,11.944,12.097,,,BRADDELL ROAD,25.13
braddell_road,Braddell Road,3034.0,29306.619,36259.379,7.818,12.097,12.097,,,BRADDELL ROAD,25.018
braddell_road,Braddell Road,3036.0,29308.619,36259.365,11.13,12.25,12.25,,,BRADDELL ROAD,24.919
braddell_road,Braddell Road,3038.0,29310.619,36259.352,14.905,12.403,12.403,,,BRADDELL ROAD,24.821
braddell_road,Braddell Road,3040.0,29312.619,36259.339,13.155,12.556,12.403,,,BRADDELL ROAD,24.724
braddell_road,Braddell Road,3042.0,29314.616,36259.397,13.155,12.512,12.403,,,BRADDELL ROAD,24.697
braddell_road,Braddell Road,3044.0,29316.608,36259.581,13.155,12.219,12.219,,,BRADDELL ROAD,24.796
braddell_road,Braddell Road,3046.0,29318.599,36259.765,13.155,11.925,11.925,,,BRADDELL ROAD,24.896
braddell_road,Braddell Road,3048.0,29320.591,36259.949,7.508,11.419,11.419,,,BRADDELL ROAD,24.995
braddell_road,Braddell Road,3050.0,29322.582,36260.132,11.024,10.913,10.913,,,BRADDELL ROAD,25.094
braddell_road,Braddell Road,3052.0,29324.567,36260.371,9.724,10.407,10.407,,,BRADDELL ROAD,25.249
braddell_road,Braddell Road,3054.0,29326.546,36260.662,9.566,9.902,9.902,,,BRADDELL ROAD,25.455
braddell_road,Braddell Road,3056.0,29328.525,36260.952,10.632,9.396,9.396,,,BRADDELL ROAD,25.661
braddell_road,Braddell Road,3058.0,29330.504,36261.243,9.369,8.89,8.89,,,BRADDELL ROAD,25.868
braddell_road,Braddell Road,3060.0,29332.482,36261.533,6.933,8.384,8.384,,,BRADDELL ROAD,26.074
braddell_road,Braddell Road,3062.0,29334.466,36261.784,6.346,7.878,7.878,,,BRADDELL ROAD,26.24
braddell_road,Braddell Road,3064.0,29336.459,36261.955,6.329,7.372,7.372,,,BRADDELL ROAD,26.327
braddell_road,Braddell Road,3066.0,29338.451,36262.126,6.487,6.866,6.915,,,BRADDELL ROAD,26.414
braddell_road,Braddell Road,3068.0,29340.444,36262.298,9.256,6.701,6.915,,,BRADDELL ROAD,26.5
braddell_road,Braddell Road,3070.0,29342.436,36262.469,6.915,6.915,6.915,,,BRADDELL ROAD,26.587
braddell_road,Braddell Road,3072.0,29344.429,36262.64,8.275,7.075,7.075,6.0,1.0,BRADDELL ROAD,26.674
braddell_road,Braddell Road,3074.0,29346.422,36262.812,7.44,7.235,7.235,,,BRADDELL ROAD,26.761
braddell_road,Braddell Road,3076.0,29348.414,36262.983,7.395,7.395,7.395,,,BRADDELL ROAD,26.847
braddell_road,Braddell Road,3078.0,29350.407,36263.155,8.621,7.5,7.5,,,BRADDELL ROAD,26.934
braddell_road,Braddell Road,3080.0,29352.4,36263.326,7.027,7.605,7.605,,,BRADDELL ROAD,27.021
braddell_road,Braddell Road,3082.0,29354.392,36263.497,7.976,7.71,7.605,,,BRADDELL ROAD,27.107
braddell_road,Braddell Road,3084.0,29356.385,36263.669,7.816,7.606,7.605,,,BRADDELL ROAD,27.194
braddell_road,Braddell Road,3086.0,29358.378,36263.84,6.903,7.501,7.501,,,BRADDELL ROAD,27.281
braddell_road,Braddell Road,3088.0,29360.37,36264.011,7.505,7.26,7.26,,,BRADDELL ROAD,27.368
braddell_road,Braddell Road,3090.0,29362.363,36264.183,7.516,7.02,7.02,,,BRADDELL ROAD,27.454
braddell_road,Braddell Road,3092.0,29364.361,36264.242,8.798,6.779,6.779,,,BRADDELL ROAD,27.429
braddell_road,Braddell Road,3094.0,29366.361,36264.258,6.243,6.538,6.538,,,BRADDELL ROAD,27.361
braddell_road,Braddell Road,3096.0,29368.361,36264.275,6.297,6.297,6.341,,,BRADDELL ROAD,27.292
braddell_road,Braddell Road,3098.0,29370.361,36264.292,6.319,6.319,6.319,,,BRADDELL ROAD,27.224
braddell_road,Braddell Road,3100.0,29372.361,36264.308,6.341,6.341,6.297,-2.539,1.0,BRADDELL ROAD,27.156
braddell_road,Braddell Road,3102.0,29374.36,36264.352,6.275,6.275,6.275,,,BRADDELL ROAD,27.115
braddell_road,Braddell Road,3104.0,29376.357,36264.45,6.138,6.138,6.138,,,BRADDELL ROAD,27.129
braddell_road,Braddell Road,3106.0,29378.355,36264.549,6.638,6.136,6.136,,,BRADDELL ROAD,27.142
braddell_road,Braddell Road,3108.0,29380.353,36264.647,6.86,6.135,6.135,,,BRADDELL ROAD,27.155
braddell_road,Braddell Road,3110.0,29382.35,36264.745,6.133,5.876,5.876,,,BRADDELL ROAD,27.169
braddell_road,Braddell Road,3112.0,29384.348,36264.843,6.129,5.617,5.617,,,BRADDELL ROAD,27.182
braddell_road,Braddell Road,3114.0,29386.346,36264.927,5.358,5.358,5.423,,,BRADDELL ROAD,27.181
braddell_road,Braddell Road,3116.0,29388.344,36265.007,5.423,5.423,5.423,,,BRADDELL ROAD,27.176
braddell_road,Braddell Road,3118.0,29390.343,36265.087,5.383,5.383,5.423,,,BRADDELL ROAD,27.171
braddell_road,Braddell Road,3120.0,29392.341,36265.153,5.598,5.598,5.598,,,BRADDELL ROAD,27.153
braddell_road,Braddell Road,3122.0,29394.341,36265.162,6.506,5.801,5.801,,,BRADDELL ROAD,27.077
braddell_road,Braddell Road,3124.0,29396.341,36265.17,8.816,6.004,6.004,,,BRADDELL ROAD,27.001
braddell_road,Braddell Road,3126.0,29398.341,36265.179,11.063,6.208,6.208,,,BRADDELL ROAD,26.924
braddell_road,Braddell Road,3128.0,29400.341,36265.187,9.807,6.411,6.411,,,BRADDELL ROAD,26.848
braddell_road,Braddell Road,3130.0,29402.338,36265.268,10.454,6.614,6.614,,,BRADDELL ROAD,26.844
braddell_road,Braddell Road,3132.0,29404.331,36265.431,8.207,6.818,6.818,,,BRADDELL ROAD,26.923
braddell_road,Braddell Road,3134.0,29406.325,36265.595,6.916,7.021,7.021,,,BRADDELL ROAD,27.002
braddell_road,Braddell Road,3136.0,29408.318,36265.759,5.814,7.224,7.224,,,BRADDELL ROAD,27.082
braddell_road,Braddell Road,3138.0,29410.311,36265.923,6.052,7.428,7.428,,,BRADDELL ROAD,27.161
braddell_road,Braddell Road,3140.0,29412.303,36266.098,7.631,7.663,7.663,,,BRADDELL ROAD,27.251
braddell_road,Braddell Road,3142.0,29414.288,36266.347,7.152,7.899,7.899,,,BRADDELL ROAD,27.415
braddell_road,Braddell Road,3144.0,29416.272,36266.596,8.577,8.135,7.903,,,BRADDELL ROAD,27.58
braddell_road,Braddell Road,3146.0,29418.257,36266.845,7.752,8.019,7.903,,,BRADDELL ROAD,27.745
braddell_road,Braddell Road,3148.0,29420.241,36267.094,10.693,7.903,7.903,,,BRADDELL ROAD,27.91
braddell_road,Braddell Road,3150.0,29422.226,36267.343,10.728,7.787,7.787,,,BRADDELL ROAD,28.074
braddell_road,Braddell Road,3152.0,29424.21,36267.592,11.664,7.671,7.671,,,BRADDELL ROAD,28.239
braddell_road,Braddell Road,3154.0,29426.195,36267.841,10.635,7.556,7.556,,,BRADDELL ROAD,28.404
braddell_road,Braddell Road,3156.0,29428.179,36268.09,7.869,7.44,7.44,,,BRADDELL ROAD,28.568
braddell_road,Braddell Road,3158.0,29430.163,36268.339,6.919,7.324,7.324,,,BRADDELL ROAD,28.733
braddell_road,Braddell Road,3160.0,29432.148,36268.588,6.867,7.208,7.318,,,BRADDELL ROAD,28.898
braddell_road,Braddell Road,3162.0,29434.132,36268.837,6.637,7.092,7.318,,,BRADDELL ROAD,29.062
braddell_road,Braddell Road,3164.0,29436.117,36269.086,7.318,7.318,7.318,,,BRADDELL ROAD,29.227
braddell_road,Braddell Road,3232.0,29503.587,36277.553,9.048,7.467,7.467,,,BRADDELL ROAD,37.672
braddell_road,Braddell Road,3234.0,29505.572,36277.802,7.616,7.616,7.616,0.858,1.0,BRADDELL ROAD,37.984
braddell_road,Braddell Road,3236.0,29507.556,36278.051,5.458,7.784,7.784,,,BRADDELL ROAD,38.296
braddell_road,Braddell Road,3238.0,29509.541,36278.3,7.952,7.952,7.952,,,BRADDELL ROAD,38.609
braddell_road,Braddell Road,3240.0,29511.525,36278.55,7.338,8.131,8.131,,,BRADDELL ROAD,38.921
braddell_road,Braddell Road,3242.0,29513.51,36278.799,9.307,8.309,8.309,5.407,1.0,BRADDELL ROAD,39.233
braddell_road,Braddell Road,3244.0,29515.451,36278.581,8.962,8.487,8.385,,,BRADDELL ROAD,39.078
braddell_road,Braddell Road,3246.0,29517.355,36277.97,8.665,8.665,8.385,,,BRADDELL ROAD,38.527
braddell_road,Braddell Road,3248.0,29519.259,36277.358,6.462,8.385,8.385,,,BRADDELL ROAD,37.976
braddell_road,Braddell Road,3250.0,29521.163,36276.746,8.105,8.105,8.105,,,BRADDELL ROAD,37.426
braddell_road,Braddell Road,3252.0,29523.067,36276.134,6.641,7.956,7.956,,,BRADDELL ROAD,36.875
braddell_road,Braddell Road,3254.0,29524.971,36275.523,8.071,7.807,7.807,,,BRADDELL ROAD,36.324
braddell_road,Braddell Road,3256.0,29526.876,36274.911,8.396,7.658,7.658,,,BRADDELL ROAD,35.774
braddell_road,Braddell Road,3258.0,29528.78,36274.299,7.668,7.509,7.509,,,BRADDELL ROAD,35.223
braddell_road,Braddell Road,3260.0,29530.684,36273.688,6.84,7.36,7.36,,,BRADDELL ROAD,34.672
braddell_road,Braddell Road,3262.0,29532.588,36273.076,7.324,7.211,7.211,,,BRADDELL ROAD,34.122
braddell_road,Braddell Road,3264.0,29534.492,36272.464,7.062,7.062,7.108,,,BRADDELL ROAD,33.571
braddell_road,Braddell Road,3266.0,29536.396,36271.853,6.934,6.934,7.108,,,BRADDELL ROAD,33.02
braddell_road,Braddell Road,3268.0,29538.301,36271.241,7.284,7.108,7.108,,,BRADDELL ROAD,32.47
braddell_road,Braddell Road,3270.0,29540.205,36270.629,6.64,7.282,7.282,,,BRADDELL ROAD,31.919
braddell_road,Braddell Road,3272.0,29542.175,36270.5,6.583,7.534,7.534,,,BRADDELL ROAD,31.853
braddell_road,Braddell Road,3274.0,29544.174,36270.574,9.119,7.785,7.785,,,BRADDELL ROAD,31.99
braddell_road,Braddell Road,3276.0,29546.173,36270.648,8.676,8.059,8.059,,,BRADDELL ROAD,32.128
braddell_road,Braddell Road,3278.0,29548.171,36270.722,8.419,8.333,8.333,,,BRADDELL ROAD,32.266
braddell_road,Braddell Road,3280.0,29550.17,36270.796,7.591,8.607,8.607,,,BRADDELL ROAD,32.404
braddell_road,Braddell Road,3282.0,29552.168,36270.87,7.662,8.881,8.881,,,BRADDELL ROAD,32.541
braddell_road,Braddell Road,3284.0,29554.143,36271.172,9.433,9.155,9.155,,,BRADDELL ROAD,32.906
braddell_road,Braddell Road,3286.0,29556.114,36271.512,8.988,9.428,9.418,,,BRADDELL ROAD,33.309
braddell_road,Braddell Road,3288.0,29558.085,36271.852,9.753,9.423,9.418,,,BRADDELL ROAD,33.711
braddell_road,Braddell Road,3290.0,29560.063,36272.133,8.993,9.418,9.418,,,BRADDELL ROAD,34.055
braddell_road,Braddell Road,3292.0,29562.06,36272.237,9.457,9.413,9.418,,,BRADDELL ROAD,34.223
braddell_road,Braddell Road,3294.0,29564.057,36272.341,9.408,9.408,9.418,,,BRADDELL ROAD,34.391
braddell_road,Braddell Road,3296.0,29566.054,36272.446,9.425,9.425,9.425,,,BRADDELL ROAD,34.559
braddell_road,Braddell Road,3298.0,29568.052,36272.55,8.831,9.516,9.516,,,BRADDELL ROAD,34.727
braddell_road,Braddell Road,3300.0,29570.048,36272.668,9.943,9.608,9.608,,,BRADDELL ROAD,34.909
braddell_road,Braddell Road,3302.0,29572.037,36272.874,9.534,9.7,9.7,,,BRADDELL ROAD,35.178
braddell_road,Braddell Road,3304.0,29574.027,36273.08,8.201,9.792,9.792,,,BRADDELL ROAD,35.447
braddell_road,Braddell Road,3306.0,29576.016,36273.286,9.168,9.884,9.884,,,BRADDELL ROAD,35.717
braddell_road,Braddell Road,3308.0,29578.005,36273.492,8.98,9.976,9.976,,,BRADDELL ROAD,35.986
braddell_road,Braddell Road,3310.0,29579.998,36273.625,10.772,10.068,9.976,,,BRADDELL ROAD,36.183
braddell_road,Braddell Road,3312.0,29581.998,36273.59,11.147,10.16,9.976,,,BRADDELL ROAD,36.211
braddell_road,Braddell Road,3314.0,29583.997,36273.554,9.547,9.896,9.896,,,BRADDELL ROAD,36.239
braddell_road,Braddell Road,3316.0,29585.997,36273.519,10.497,9.633,9.633,,,BRADDELL ROAD,36.267
braddell_road,Braddell Road,3318.0,29587.997,36273.483,5.83,9.369,9.369,,,BRADDELL ROAD,36.296
braddell_road,Braddell Road,3320.0,29589.994,36273.4,18.005,9.106,9.106,,,BRADDELL ROAD,36.276
braddell_road,Braddell Road,3322.0,29591.991,36273.277,18.93,8.842,8.842,,,BRADDELL ROAD,36.217
braddell_road,Braddell Road,3324.0,29593.987,36273.154,15.93,8.579,8.579,,,BRADDELL ROAD,36.157
braddell_road,Braddell Road,3326.0,29595.983,36273.031,16.105,8.295,8.295,,,BRADDELL ROAD,36.135
braddell_road,Braddell Road,3328.0,29597.979,36272.908,12.016,8.012,8.012,,,BRADDELL ROAD,36.136
braddell_road,Braddell Road,3330.0,29599.976,36272.789,7.975,7.725,7.725,,,BRADDELL ROAD,36.141
braddell_road,Braddell Road,3332.0,29601.975,36272.745,7.525,7.437,7.437,,,BRADDELL ROAD,36.221
braddell_road,Braddell Road,3334.0,29603.975,36272.701,7.233,7.15,7.15,,,BRADDELL ROAD,36.301
braddell_road,Braddell Road,3336.0,29605.974,36272.657,6.639,6.895,6.895,,,BRADDELL ROAD,36.381
braddell_road,Braddell Road,3338.0,29607.974,36272.613,6.639,6.639,6.639,,,BRADDELL ROAD,36.461
braddell_road,Braddell Road,3340.0,29609.967,36272.478,6.614,6.614,6.614,,,BRADDELL ROAD,36.45
braddell_road,Braddell Road,3342.0,29611.956,36272.263,6.552,6.552,6.614,,,BRADDELL ROAD,36.359
braddell_road,Braddell Road,3344.0,29613.944,36272.048,6.455,6.455,6.614,,,BRADDELL ROAD,36.267
braddell_road,Braddell Road,3346.0,29615.932,36271.832,6.205,6.738,6.738,8.631,1.0,BRADDELL ROAD,36.176
braddell_road,Braddell Road,3348.0,29617.921,36271.617,6.905,7.022,7.022,8.631,1.0,BRADDELL ROAD,36.084
braddell_road,Braddell Road,3350.0,29619.909,36271.402,7.305,7.305,7.305,,,BRADDELL ROAD,35.993
braddell_road,Braddell Road,3352.0,29621.901,36271.217,7.505,7.505,7.305,,,BRADDELL ROAD,35.931
braddell_road,Braddell Road,3354.0,29623.892,36271.033,7.305,7.305,7.505,1.875,1.0,BRADDELL ROAD,35.871
braddell_road,Braddell Road,3356.0,29625.884,36270.849,7.505,7.505,7.505,1.875,1.0,BRADDELL ROAD,35.812
braddell_road,Braddell Road,3358.0,29627.875,36270.666,7.605,7.605,7.455,-0.625,1.0,BRADDELL ROAD,35.752
braddell_road,Braddell Road,3360.0,29629.867,36270.482,7.455,7.455,7.455,-1.875,1.0,BRADDELL ROAD,35.692
braddell_road,Braddell Road,3362.0,29631.861,36270.518,7.455,7.455,7.455,-4.375,1.0,BRADDELL ROAD,35.851
braddell_road,Braddell Road,3364.0,29633.857,36270.648,7.355,7.355,7.355,,,BRADDELL ROAD,36.105
braddell_road,Braddell Road,3366.0,29635.853,36270.779,7.105,7.105,7.105,,,BRADDELL ROAD,36.359
braddell_road,Braddell Road,3368.0,29637.849,36270.909,6.68,6.892,7.105,,,BRADDELL ROAD,36.613
braddell_road,Braddell Road,3370.0,29639.844,36271.045,6.68,7.088,7.105,4.688,1.0,BRADDELL ROAD,36.872
braddell_road,Braddell Road,3372.0,29641.835,36271.234,6.68,7.284,7.284,,,BRADDELL ROAD,37.184
braddell_road,Braddell Road,3374.0,29643.826,36271.423,7.48,7.48,7.48,,,BRADDELL ROAD,37.497
braddell_road,Braddell Road,3376.0,29645.817,36271.612,7.505,7.505,7.505,,,BRADDELL ROAD,37.809
braddell_road,Braddell Road,3378.0,29647.808,36271.801,7.505,7.505,7.505,0.312,1.0,BRADDELL ROAD,38.121
braddell_road,Braddell Road,3380.0,29649.799,36271.991,7.505,7.505,7.505,1.25,1.0,BRADDELL ROAD,38.433
braddell_road,Braddell Road,3382.0,29651.793,36272.132,7.505,7.505,7.505,2.5,1.0,BRADDELL ROAD,38.698
braddell_road,Braddell Road,3384.0,29653.792,36272.203,7.605,7.605,7.605,2.5,1.0,BRADDELL ROAD,38.893
braddell_road,Braddell Road,3386.0,29655.791,36272.274,7.705,7.705,7.705,3.75,1.0,BRADDELL ROAD,39.087
braddell_road,Braddell Road,3388.0,29657.79,36272.34,7.705,7.705,7.705,3.75,1.0,BRADDELL ROAD,39.278
braddell_road,Braddell Road,3390.0,29659.789,36272.369,7.805,7.805,7.805,2.5,1.0,BRADDELL ROAD,39.43
braddell_road,Braddell Road,3392.0,29661.789,36272.397,8.005,8.005,7.905,2.5,1.0,BRADDELL ROAD,39.582
braddell_road,Braddell Road,3394.0,29663.789,36272.426,7.905,7.905,7.905,1.25,1.0,BRADDELL ROAD,39.735
braddell_road,Braddell Road,3396.0,29665.789,36272.454,7.905,7.905,7.905,,,BRADDELL ROAD,39.887
braddell_road,Braddell Road,3398.0,29667.789,36272.483,8.03,8.03,7.905,,,BRADDELL ROAD,40.039
braddell_road,Braddell Road,3400.0,29669.788,36272.491,7.755,7.755,7.755,,,BRADDELL ROAD,40.172
braddell_road,Braddell Road,3402.0,29671.786,36272.398,7.755,7.755,7.755,,,BRADDELL ROAD,40.203
braddell_road,Braddell Road,3404.0,29673.784,36272.305,,7.63,7.63,,,BRADDELL ROAD,40.234
braddell_road,Braddell Road,3406.0,29675.781,36272.212,7.505,7.505,7.605,,,BRADDELL ROAD,40.265
braddell_road,Braddell Road,3408.0,29677.779,36272.119,7.505,7.505,7.605,0.938,1.0,BRADDELL ROAD,40.296
braddell_road,Braddell Road,3410.0,29679.777,36272.026,,7.605,7.605,2.5,1.0,BRADDELL ROAD,40.327
braddell_road,Braddell Road,3412.0,29681.775,36271.933,,7.705,7.705,3.75,1.0,BRADDELL ROAD,40.358
braddell_road,Braddell Road,3414.0,29683.773,36271.84,,7.805,7.805,5.0,1.0,BRADDELL ROAD,40.389
braddell_road,Braddell Road,3416.0,29685.771,36271.747,,7.905,7.905,3.75,1.0,BRADDELL ROAD,40.42
braddell_road,Braddell Road,3418.0,29687.769,36271.654,8.005,8.005,8.005,2.5,1.0,BRADDELL ROAD,40.451
braddell_road,Braddell Road,3420.0,29689.766,36271.561,8.005,8.005,8.005,1.241,1.0,BRADDELL ROAD,40.482
braddell_road,Braddell Road,3422.0,29691.764,36271.468,8.005,8.005,8.005,-0.019,1.0,BRADDELL ROAD,40.513
braddell_road,Braddell Road,3424.0,29693.762,36271.375,,8.004,8.004,-0.028,1.0,BRADDELL ROAD,40.544
braddell_road,Braddell Road,3426.0,29695.751,36271.214,,8.003,8.003,-0.038,1.0,BRADDELL ROAD,40.507
braddell_road,Braddell Road,3428.0,29697.711,36270.815,,8.003,8.003,-0.038,1.0,BRADDELL ROAD,40.23
braddell_road,Braddell Road,3430.0,29699.671,36270.415,,8.002,8.002,-0.038,1.0,BRADDELL ROAD,39.953
braddell_road,Braddell Road,3432.0,29701.631,36270.016,,8.001,8.001,-0.038,1.0,BRADDELL ROAD,39.676
braddell_road,Braddell Road,3434.0,29703.59,36269.616,,8.0,8.0,-0.038,1.0,BRADDELL ROAD,39.398
braddell_road,Braddell Road,3436.0,29705.55,36269.217,,8.0,8.0,-0.038,1.0,BRADDELL ROAD,39.121
braddell_road,Braddell Road,3438.0,29707.51,36268.818,,7.999,7.999,-0.038,1.0,BRADDELL ROAD,38.844
braddell_road,Braddell Road,3440.0,29709.482,36268.486,,7.998,7.998,-0.038,1.0,BRADDELL ROAD,38.635
braddell_road,Braddell Road,3442.0,29711.454,36268.154,,7.997,7.997,-0.038,1.0,BRADDELL ROAD,38.426
braddell_road,Braddell Road,3444.0,29713.427,36267.823,,7.997,7.997,-0.038,1.0,BRADDELL ROAD,38.218
braddell_road,Braddell Road,3446.0,29715.399,36267.491,,7.996,7.996,-0.038,1.0,BRADDELL ROAD,38.009
braddell_road,Braddell Road,3448.0,29717.354,36267.071,,7.995,7.995,-0.038,1.0,BRADDELL ROAD,37.711
braddell_road,Braddell Road,3450.0,29719.306,36266.635,,7.994,7.994,-0.038,1.0,BRADDELL ROAD,37.397
braddell_road,Braddell Road,3452.0,29721.258,36266.199,,7.994,7.994,-0.038,1.0,BRADDELL ROAD,37.083
braddell_road,Braddell Road,3454.0,29723.21,36265.764,,7.993,7.993,-0.038,1.0,BRADDELL ROAD,36.769
braddell_road,Braddell Road,3456.0,29725.162,36265.328,,7.992,7.992,-0.038,1.0,BRADDELL ROAD,36.455
braddell_road,Braddell Road,3458.0,29727.118,36264.914,,7.991,7.991,-0.038,1.0,BRADDELL ROAD,36.163
braddell_road,Braddell Road,3460.0,29729.076,36264.504,,7.991,7.991,-0.038,1.0,BRADDELL ROAD,35.875
braddell_road,Braddell Road,3462.0,29731.033,36264.094,,7.99,7.99,-0.038,1.0,BRADDELL ROAD,35.588
braddell_road,Braddell Road,3464.0,29732.991,36263.684,,7.989,7.989,-0.038,1.0,BRADDELL ROAD,35.3
braddell_road,Braddell Road,3466.0,29734.948,36263.274,,7.988,7.988,-0.033,1.0,BRADDELL ROAD,35.012
braddell_road,Braddell Road,3468.0,29736.929,36262.996,,7.988,7.988,-0.028,1.0,BRADDELL ROAD,34.858
braddell_road,Braddell Road,3470.0,29738.91,36262.724,,,7.987,-0.024,1.0,BRADDELL ROAD,34.709
braddell_road,Braddell Road,3472.0,29740.892,36262.452,,,7.987,,,BRADDELL ROAD,34.56
braddell_road,Braddell Road,3474.0,29742.873,36262.18,,,7.986,,,BRADDELL ROAD,34.438
braddell_road,Braddell Road,3476.0,29744.854,36261.908,,,,,,BRADDELL ROAD,34.417
braddell_road,Braddell Road,3478.0,29746.838,36261.651,,,,,,BRADDELL ROAD,34.433
braddell_road,Braddell Road,3480.0,29748.822,36261.397,,,,,,BRADDELL ROAD,34.452
braddell_road,Braddell Road,3482.0,29750.806,36261.143,,,,,,BRADDELL ROAD,34.471
braddell_road,Braddell Road,3484.0,29752.789,36260.888,,,,,,BRADDELL ROAD,34.489
braddell_road,Braddell Road,3486.0,29754.773,36260.634,,,,,,BRADDELL ROAD,34.508
braddell_road,Braddell Road,3488.0,29756.764,36260.451,,,,,,BRADDELL ROAD,34.598
braddell_road,Braddell Road,3490.0,29758.757,36260.278,,,,,,BRADDELL ROAD,34.698
braddell_road,Braddell Road,3492.0,29760.749,36260.105,,,,,,BRADDELL ROAD,34.799
braddell_road,Braddell Road,3494.0,29762.742,36259.932,,,,,,BRADDELL ROAD,34.899
braddell_road,Braddell Road,3496.0,29764.734,36259.759,,,,,,BRADDELL ROAD,34.999
braddell_road,Braddell Road,3498.0,29766.716,36259.497,,,,,,BRADDELL ROAD,35.01
braddell_road,Braddell Road,3500.0,29768.692,36259.187,,,,,,BRADDELL ROAD,34.973
braddell_road,Braddell Road,3502.0,29770.668,36258.878,,,,,,BRADDELL ROAD,34.936
braddell_road,Braddell Road,3504.0,29772.644,36258.568,,,,,,BRADDELL ROAD,34.899
braddell_road,Braddell Road,3506.0,29774.607,36258.189,,,,,,BRADDELL ROAD,34.791
braddell_road,Braddell Road,3508.0,29776.564,36257.778,,,,,,BRADDELL ROAD,34.651
braddell_road,Braddell Road,3510.0,29778.522,36257.368,,,,,,BRADDELL ROAD,34.511
braddell_road,Braddell Road,3512.0,29780.479,36256.958,,,,,,BRADDELL ROAD,34.372
braddell_road,Braddell Road,3514.0,29782.437,36256.547,,,,,,BRADDELL ROAD,34.232
braddell_road,Braddell Road,3516.0,29784.394,36256.137,,,,,,BRADDELL ROAD,34.093
braddell_road,Braddell Road,3518.0,29786.352,36255.726,,,,,,BRADDELL ROAD,33.953
braddell_road,Braddell Road,3520.0,29788.319,36255.37,,,,,,BRADDELL ROAD,33.868
braddell_road,Braddell Road,3522.0,29790.29,36255.028,,,,,,BRADDELL ROAD,33.799
braddell_road,Braddell Road,3524.0,29792.261,36254.687,,,,,,BRADDELL ROAD,33.73
braddell_road,Braddell Road,3526.0,29794.231,36254.346,,,,,,BRADDELL ROAD,33.66
braddell_road,Braddell Road,3528.0,29796.203,36254.01,,,,,,BRADDELL ROAD,33.596
braddell_road,Braddell Road,3530.0,29798.175,36253.677,,,,,,BRADDELL ROAD,33.536
braddell_road,Braddell Road,3532.0,29800.147,36253.345,,,,,,BRADDELL ROAD,33.476
braddell_road,Braddell Road,3534.0,29802.119,36253.012,,,,,,BRADDELL ROAD,33.415
braddell_road,Braddell Road,3536.0,29804.078,36252.609,,,,,,BRADDELL ROAD,33.283
braddell_road,Braddell Road,3538.0,29806.036,36252.198,,,,,,BRADDELL ROAD,33.143
braddell_road,Braddell Road,3540.0,29807.993,36251.787,,,,,,BRADDELL ROAD,33.003
braddell_road,Braddell Road,3542.0,29809.95,36251.376,,,,,,BRADDELL ROAD,32.863
braddell_road,Braddell Road,3544.0,29811.908,36250.966,,,,,,BRADDELL ROAD,32.723
braddell_road,Braddell Road,3546.0,29813.858,36250.524,,,,,,BRADDELL ROAD,32.551
braddell_road,Braddell Road,3548.0,29815.805,36250.067,,,,,,BRADDELL ROAD,32.364
braddell_road,Braddell Road,3550.0,29817.752,36249.609,,,,,,BRADDELL ROAD,32.176
braddell_road,Braddell Road,3552.0,29819.699,36249.152,,,,,,BRADDELL ROAD,31.989
braddell_road,Braddell Road,3554.0,29821.646,36248.695,,,,,,BRADDELL ROAD,31.802
braddell_road,Braddell Road,3556.0,29823.604,36248.295,,,,,,BRADDELL ROAD,31.672
braddell_road,Braddell Road,3558.0,29825.585,36248.022,,,,,,BRADDELL ROAD,31.672
braddell_road,Braddell Road,3560.0,29827.566,36247.748,,,,,,BRADDELL ROAD,31.671
braddell_road,Braddell Road,3562.0,29829.548,36247.475,,,,,,BRADDELL ROAD,31.67
braddell_road,Braddell Road,3564.0,29831.529,36247.201,,,,,,BRADDELL ROAD,31.669
braddell_road,Braddell Road,3566.0,29833.51,36246.931,,,,,,BRADDELL ROAD,31.672
braddell_road,Braddell Road,3568.0,29835.505,36246.79,,,,,,BRADDELL ROAD,31.804
braddell_road,Braddell Road,3570.0,29837.5,36246.649,,,,,,BRADDELL ROAD,31.937
braddell_road,Braddell Road,3572.0,29839.495,36246.508,,,,,,BRADDELL ROAD,32.069
braddell_road,Braddell Road,3574.0,29841.49,36246.367,,,,,,BRADDELL ROAD,32.202
braddell_road,Braddell Road,3576.0,29843.485,36246.226,,,,,,BRADDELL ROAD,32.334
braddell_road,Braddell Road,3578.0,29845.482,36246.116,,,,,,BRADDELL ROAD,32.497
braddell_road,Braddell Road,3580.0,29847.48,36246.012,,,,,,BRADDELL ROAD,32.667
braddell_road,Braddell Road,3582.0,29849.477,36245.909,,,,,,BRADDELL ROAD,32.838
braddell_road,Braddell Road,3584.0,29851.474,36245.806,,,,,,BRADDELL ROAD,33.008
braddell_road,Braddell Road,3586.0,29853.471,36245.697,,,,,,BRADDELL ROAD,33.172
braddell_road,Braddell Road,3588.0,29855.468,36245.586,,,,,,BRADDELL ROAD,33.335
braddell_road,Braddell Road,3590.0,29857.465,36245.475,,,,,,BRADDELL ROAD,33.497
braddell_road,Braddell Road,3592.0,29859.462,36245.364,,,,,,BRADDELL ROAD,33.66
braddell_road,Braddell Road,3594.0,29861.459,36245.253,,,,,,BRADDELL ROAD,33.822
braddell_road,Braddell Road,3596.0,29863.454,36245.111,,,,,,BRADDELL ROAD,33.953
braddell_road,Braddell Road,3598.0,29865.443,36244.907,,,,,,BRADDELL ROAD,34.022
braddell_road,Braddell Road,3600.0,29867.433,36244.702,,,,,,BRADDELL ROAD,34.091
braddell_road,Braddell Road,3602.0,29869.422,36244.498,,,,,,BRADDELL ROAD,34.16
braddell_road,Braddell Road,3604.0,29871.412,36244.294,,,,,,BRADDELL ROAD,34.229
braddell_road,Braddell Road,3606.0,29873.401,36244.089,,,,,,BRADDELL ROAD,34.298
braddell_road,Braddell Road,3608.0,29875.391,36243.885,,,,,,BRADDELL ROAD,34.367
braddell_road,Braddell Road,3610.0,29877.379,36243.669,,,,,,BRADDELL ROAD,34.424
braddell_road,Braddell Road,3612.0,29879.367,36243.453,,,,,,BRADDELL ROAD,34.481
braddell_road,Braddell Road,3614.0,29881.356,36243.236,,,,,,BRADDELL ROAD,34.538
braddell_road,Braddell Road,3616.0,29883.337,36242.973,,,,,,BRADDELL ROAD,34.547
braddell_road,Braddell Road,3618.0,29885.309,36242.636,,,,,,BRADDELL ROAD,34.482
braddell_road,Braddell Road,3620.0,29887.28,36242.298,,,,,,BRADDELL ROAD,34.416
braddell_road,Braddell Road,3622.0,29889.251,36241.961,,,,,,BRADDELL ROAD,34.351
braddell_road,Braddell Road,3624.0,29891.223,36241.623,,,,,,BRADDELL ROAD,34.285
braddell_road,Braddell Road,3626.0,29893.194,36241.286,,,,,,BRADDELL ROAD,34.22
braddell_road,Braddell Road,3628.0,29895.165,36240.948,,,,,,BRADDELL ROAD,34.154
braddell_road,Braddell Road,3630.0,29897.136,36240.61,,,,,,BRADDELL ROAD,34.089
braddell_road,Braddell Road,3632.0,29899.108,36240.273,,,,,,BRADDELL ROAD,34.023
braddell_road,Braddell Road,3634.0,29901.079,36239.935,,,,,,BRADDELL ROAD,33.958
braddell_road,Braddell Road,3636.0,29903.05,36239.598,,,,,,BRADDELL ROAD,33.892
braddell_road,Braddell Road,3638.0,29905.022,36239.26,,,,,,BRADDELL ROAD,33.827
braddell_road,Braddell Road,3640.0,29906.993,36238.923,,,,,,BRADDELL ROAD,33.761
braddell_road,Braddell Road,3642.0,29908.93,36238.429,,,,,,BRADDELL ROAD,33.536
braddell_road,Braddell Road,3644.0,29910.862,36237.913,,,,,,BRADDELL ROAD,33.288
braddell_road,Braddell Road,3646.0,29912.795,36237.396,,,,,,BRADDELL ROAD,33.04
braddell_road,Braddell Road,3648.0,29914.727,36236.88,,,,,,BRADDELL ROAD,32.792
braddell_road,Braddell Road,3650.0,29916.659,36236.364,,,,,,BRADDELL ROAD,32.544
braddell_road,Braddell Road,3652.0,29918.591,36235.847,,,,,,BRADDELL ROAD,32.296
braddell_road,Braddell Road,3654.0,29920.573,36235.582,,,,,,BRADDELL ROAD,32.303
braddell_road,Braddell Road,3656.0,29922.556,36235.319,,,,,,BRADDELL ROAD,32.314
braddell_road,Braddell Road,3658.0,29924.539,36235.057,,,,,,BRADDELL ROAD,32.325
braddell_road,Braddell Road,3660.0,29926.521,36234.795,,,,,,BRADDELL ROAD,32.335
braddell_road,Braddell Road,3662.0,29928.508,36234.567,,,,,,BRADDELL ROAD,32.381
braddell_road,Braddell Road,3664.0,29930.496,36234.347,,,,,,BRADDELL ROAD,32.434
braddell_road,Braddell Road,3666.0,29932.484,36234.128,,,,,,BRADDELL ROAD,32.488
braddell_road,Braddell Road,3668.0,29934.472,36233.908,,,,,,BRADDELL ROAD,32.542
braddell_road,Braddell Road,3670.0,29936.46,36233.689,,,,,,BRADDELL ROAD,32.595
braddell_road,Braddell Road,3672.0,29938.446,36233.454,,,,,,BRADDELL ROAD,32.633
braddell_road,Braddell Road,3674.0,29940.424,36233.16,,,,,,BRADDELL ROAD,32.612
braddell_road,Braddell Road,3676.0,29942.402,36232.866,,,,,,BRADDELL ROAD,32.59
braddell_road,Braddell Road,3678.0,29944.381,36232.572,,,,,,BRADDELL ROAD,32.569
braddell_road,Braddell Road,3680.0,29946.358,36232.273,,,,,,BRADDELL ROAD,32.543
braddell_road,Braddell Road,3682.0,29948.322,36231.894,,,,,,BRADDELL ROAD,32.435
braddell_road,Braddell Road,3684.0,29950.286,36231.514,,,,,,BRADDELL ROAD,32.327
braddell_road,Braddell Road,3686.0,29952.249,36231.135,,,,,,BRADDELL ROAD,32.219
braddell_road,Braddell Road,3688.0,29954.213,36230.755,,,,,,BRADDELL ROAD,32.111
braddell_road,Braddell Road,3690.0,29956.177,36230.376,,,,,,BRADDELL ROAD,32.002
braddell_road,Braddell Road,3692.0,29958.157,36230.111,,,,,,BRADDELL ROAD,32.01
braddell_road,Braddell Road,3694.0,29960.147,36229.908,,,,,,BRADDELL ROAD,32.08
braddell_road,Braddell Road,3696.0,29962.136,36229.704,,,,,,BRADDELL ROAD,32.15
braddell_road,Braddell Road,3698.0,29964.126,36229.5,,,,,,BRADDELL ROAD,32.219
braddell_road,Braddell Road,3700.0,29966.116,36229.297,,,,,,BRADDELL ROAD,32.289
braddell_road,Braddell Road,3702.0,29968.109,36229.143,,,,,,BRADDELL ROAD,32.409
braddell_road,Braddell Road,3704.0,29970.107,36229.059,,,,,,BRADDELL ROAD,32.598
braddell_road,Braddell Road,3706.0,29972.105,36228.974,,,,,,BRADDELL ROAD,32.787
braddell_road,Braddell Road,3708.0,29974.103,36228.89,,,,,,BRADDELL ROAD,32.976
braddell_road,Braddell Road,3710.0,29976.099,36228.772,,,,,,BRADDELL ROAD,33.131
braddell_road,Braddell Road,3712.0,29978.082,36228.514,,,,,,BRADDELL ROAD,33.146
braddell_road,Braddell Road,3714.0,29980.065,36228.256,,,,,,BRADDELL ROAD,33.161
braddell_road,Braddell Road,3716.0,29982.049,36227.998,,,,,,BRADDELL ROAD,33.176
braddell_road,Braddell Road,3718.0,29984.032,36227.74,,,,,,BRADDELL ROAD,33.191
braddell_road,Braddell Road,3720.0,29986.015,36227.482,,,,,,BRADDELL ROAD,33.206
braddell_road,Braddell Road,3722.0,29987.996,36227.207,,,,,,BRADDELL ROAD,33.204
braddell_road,Braddell Road,3724.0,29989.975,36226.915,,,,,,BRADDELL ROAD,33.183
braddell_road,Braddell Road,3726.0,29991.953,36226.622,,,,,,BRADDELL ROAD,33.163
braddell_road,Braddell Road,3728.0,29993.932,36226.329,,,,,,BRADDELL ROAD,33.143
braddell_road,Braddell Road,3730.0,29995.912,36226.052,,,,,,BRADDELL ROAD,33.139
braddell_road,Braddell Road,3732.0,29997.906,36225.9,,,,,,BRADDELL ROAD,33.26
braddell_road,Braddell Road,3734.0,29999.9,36225.748,,,,,,BRADDELL ROAD,33.382
braddell_road,Braddell Road,3736.0,30001.894,36225.596,,,,,,BRADDELL ROAD,33.503
braddell_road,Braddell Road,3738.0,30003.889,36225.444,,,,,,BRADDELL ROAD,33.625
braddell_road,Braddell Road,3740.0,30005.883,36225.292,,,,,,BRADDELL ROAD,33.746
braddell_road,Braddell Road,3742.0,30007.877,36225.14,,,,,,BRADDELL ROAD,33.867
braddell_road,Braddell Road,3744.0,30009.873,36225.008,,,,,,BRADDELL ROAD,34.008
braddell_road,Braddell Road,3746.0,30011.869,36224.895,,,,,,BRADDELL ROAD,34.169
braddell_road,Braddell Road,3748.0,30013.866,36224.783,,,,,,BRADDELL ROAD,34.33
braddell_road,Braddell Road,3750.0,30015.863,36224.67,,,,,,BRADDELL ROAD,34.491
braddell_road,Braddell Road,3752.0,30017.843,36224.392,,,,,,BRADDELL ROAD,34.486
braddell_road,Braddell Road,3754.0,30019.821,36224.099,,,,,,BRADDELL ROAD,34.465
braddell_road,Braddell Road,3756.0,30021.8,36223.806,,,,,,BRADDELL ROAD,34.444
braddell_road,Braddell Road,3758.0,30023.778,36223.513,,,,,,BRADDELL ROAD,34.424
braddell_road,Braddell Road,3760.0,30025.757,36223.219,,,,,,BRADDELL ROAD,34.403
braddell_road,Braddell Road,3762.0,30027.735,36222.926,,,,,,BRADDELL ROAD,34.382
braddell_road,Braddell Road,3764.0,30029.714,36222.638,,,,,,BRADDELL ROAD,34.367
braddell_road,Braddell Road,3766.0,30031.697,36222.374,,,,,,BRADDELL ROAD,34.376
braddell_road,Braddell Road,3768.0,30033.679,36222.111,,,,,,BRADDELL ROAD,34.385
braddell_road,Braddell Road,3770.0,30035.662,36221.847,,,,,,BRADDELL ROAD,34.394
braddell_road,Braddell Road,3772.0,30037.644,36221.583,,,,,,BRADDELL ROAD,34.404
braddell_road,Braddell Road,3774.0,30039.63,36221.352,,,,,,BRADDELL ROAD,34.445
braddell_road,Braddell Road,3776.0,30041.625,36221.211,,,,,,BRADDELL ROAD,34.578
braddell_road,Braddell Road,3778.0,30043.62,36221.07,,,,,,BRADDELL ROAD,34.71
braddell_road,Braddell Road,3780.0,30045.615,36220.929,,,,,,BRADDELL ROAD,34.842
braddell_road,Braddell Road,3782.0,30047.61,36220.787,,,,,,BRADDELL ROAD,34.974
braddell_road,Braddell Road,3784.0,30049.605,36220.644,,,,,,BRADDELL ROAD,35.105
braddell_road,Braddell Road,3786.0,30051.6,36220.501,,,,,,BRADDELL ROAD,35.235
braddell_road,Braddell Road,3788.0,30053.595,36220.358,,,,,,BRADDELL ROAD,35.366
braddell_road,Braddell Road,3790.0,30055.589,36220.205,,,,,,BRADDELL ROAD,35.486
braddell_road,Braddell Road,3792.0,30057.58,36220.023,,,,,,BRADDELL ROAD,35.577
braddell_road,Braddell Road,3794.0,30059.572,36219.841,,,,,,BRADDELL ROAD,35.668
braddell_road,Braddell Road,3796.0,30061.564,36219.658,,,,,,BRADDELL ROAD,35.759
braddell_road,Braddell Road,3798.0,30063.556,36219.476,,,,,,BRADDELL ROAD,35.85
braddell_road,Braddell Road,3800.0,30065.547,36219.294,,,,,,BRADDELL ROAD,35.941
braddell_road,Braddell Road,3802.0,30067.54,36219.127,,,,,,BRADDELL ROAD,36.048
braddell_road,Braddell Road,3804.0,30069.536,36218.995,,,,,,BRADDELL ROAD,36.19
braddell_road,Braddell Road,3806.0,30071.531,36218.864,,,,,,BRADDELL ROAD,36.331
braddell_road,Braddell Road,3808.0,30073.527,36218.732,,,,,,BRADDELL ROAD,36.473
braddell_road,Braddell Road,3810.0,30075.523,36218.601,,,,,,BRADDELL ROAD,36.615
braddell_road,Braddell Road,3812.0,30077.51,36218.387,,,,,,BRADDELL ROAD,36.675
braddell_road,Braddell Road,3814.0,30079.487,36218.089,,,,,,BRADDELL ROAD,36.649
braddell_road,Braddell Road,3816.0,30081.465,36217.791,,,,,,BRADDELL ROAD,36.623
braddell_road,Braddell Road,3818.0,30083.442,36217.492,,,,,,BRADDELL ROAD,36.597
braddell_road,Braddell Road,3820.0,30085.42,36217.194,,,,,,BRADDELL ROAD,36.572
braddell_road,Braddell Road,3822.0,30087.395,36216.877,,,,,,BRADDELL ROAD,36.527
braddell_road,Braddell Road,3824.0,30089.364,36216.53,,,,,,BRADDELL ROAD,36.452
braddell_road,Braddell Road,3826.0,30091.334,36216.183,,,,,,BRADDELL ROAD,36.376
braddell_road,Braddell Road,3828.0,30093.304,36215.835,,,,,,BRADDELL ROAD,36.301
braddell_road,Braddell Road,3830.0,30095.273,36215.488,,,,,,BRADDELL ROAD,36.226
braddell_road,Braddell Road,3832.0,30097.249,36215.182,,,,,,BRADDELL ROAD,36.192
braddell_road,Braddell Road,3834.0,30099.234,36214.935,,,,,,BRADDELL ROAD,36.218
braddell_road,Braddell Road,3836.0,30101.218,36214.688,,,,,,BRADDELL ROAD,36.244
braddell_road,Braddell Road,3838.0,30103.203,36214.441,,,,,,BRADDELL ROAD,36.269
braddell_road,Braddell Road,3840.0,30105.188,36214.193,,,,,,BRADDELL ROAD,36.295
braddell_road,Braddell Road,3842.0,30107.172,36213.946,,,,,,BRADDELL ROAD,36.321
braddell_road,Braddell Road,3844.0,30109.144,36213.621,,,,,,BRADDELL ROAD,36.268
braddell_road,Braddell Road,3846.0,30111.104,36213.222,,,,,,BRADDELL ROAD,36.14
braddell_road,Braddell Road,3848.0,30113.064,36212.823,,,,,,BRADDELL ROAD,36.012
braddell_road,Braddell Road,3850.0,30115.023,36212.423,,,,,,BRADDELL ROAD,35.883
braddell_road,Braddell Road,3852.0,30116.983,36212.024,,,,,,BRADDELL ROAD,35.755
braddell_road,Braddell Road,3854.0,30117.348,36211.824,,,,,,BRADDELL ROAD,35.607
braddell_road,Braddell Road,3856.0,30115.351,36211.921,,,,,,BRADDELL ROAD,35.43
braddell_road,Braddell Road,3858.0,30113.353,36212.018,,,,,,BRADDELL ROAD,35.254
braddell_road,Braddell Road,3860.0,30111.355,36212.114,,,,,,BRADDELL ROAD,35.077
braddell_road,Braddell Road,3862.0,30109.358,36212.211,,,,,,BRADDELL ROAD,34.9
braddell_road,Braddell Road,3864.0,30107.36,36212.308,,,,,,BRADDELL ROAD,34.723
braddell_road,Braddell Road,3866.0,30105.362,36212.404,,,,,,BRADDELL ROAD,34.547
braddell_road,Braddell Road,3868.0,30103.365,36212.501,,,,,,BRADDELL ROAD,34.37
braddell_road,Braddell Road,3870.0,30101.367,36212.598,,,,,,BRADDELL ROAD,34.193
braddell_road,Braddell Road,3872.0,30099.369,36212.694,,,,,,BRADDELL ROAD,34.017
braddell_road,Braddell Road,3874.0,30097.372,36212.791,,,,,,BRADDELL ROAD,33.84
braddell_road,Braddell Road,3876.0,30095.374,36212.887,,,,,,BRADDELL ROAD,33.663
braddell_road,Braddell Road,3878.0,30093.376,36212.984,,,,,,BRADDELL ROAD,33.486
braddell_road,Braddell Road,3880.0,30091.379,36213.081,,,,,,BRADDELL ROAD,33.31
braddell_road,Braddell Road,3882.0,30089.381,36213.177,,,,,,BRADDELL ROAD,33.133
braddell_road,Braddell Road,3884.0,30087.383,36213.274,,,,,,BRADDELL ROAD,32.956
braddell_road,Braddell Road,3886.0,30085.386,36213.371,,,,,,BRADDELL ROAD,32.779
braddell_road,Braddell Road,3888.0,30083.388,36213.467,,,,,,BRADDELL ROAD,32.603
braddell_road,Braddell Road,3890.0,30081.39,36213.564,,,,,,BRADDELL ROAD,32.426
braddell_road,Braddell Road,3892.0,30079.393,36213.661,,,,,,BRADDELL ROAD,32.249
braddell_road,Braddell Road,3894.0,30077.395,36213.757,,,,,,BRADDELL ROAD,32.073
braddell_road,Braddell Road,3896.0,30075.397,36213.854,,,,,,BRADDELL ROAD,31.896
braddell_road,Braddell Road,3898.0,30073.4,36213.951,,,,,,BRADDELL ROAD,31.719
braddell_road,Braddell Road,3900.0,30071.402,36214.047,,,,,,BRADDELL ROAD,31.542
braddell_road,Braddell Road,3902.0,30069.404,36214.144,,,,,,BRADDELL ROAD,31.366
braddell_road,Braddell Road,3904.0,30067.407,36214.241,,,,,,BRADDELL ROAD,31.189
braddell_road,Braddell Road,3906.0,30065.409,36214.337,,,,,,BRADDELL ROAD,31.012
braddell_road,Braddell Road,3908.0,30063.411,36214.434,,,,,,BRADDELL ROAD,30.835
braddell_road,Braddell Road,3910.0,30061.414,36214.53,,,,,,BRADDELL ROAD,30.659
braddell_road,Braddell Road,3912.0,30059.416,36214.627,,,,,,BRADDELL ROAD,30.482
braddell_road,Braddell Road,3914.0,30057.418,36214.724,,,,,,BRADDELL ROAD,30.305
braddell_road,Braddell Road,3916.0,30055.421,36214.82,,,,,,BRADDELL ROAD,30.129
braddell_road,Braddell Road,3918.0,30053.423,36214.917,,,,,,BRADDELL ROAD,29.952
braddell_road,Braddell Road,3920.0,30051.425,36215.014,,,,,,BRADDELL ROAD,29.775
braddell_road,Braddell Road,3922.0,30049.428,36215.11,,,,,,BRADDELL ROAD,29.598
braddell_road,Braddell Road,3924.0,30047.43,36215.207,,,,,,BRADDELL ROAD,29.422
braddell_road,Braddell Road,3926.0,30045.432,36215.304,,,,,,BRADDELL ROAD,29.245
braddell_road,Braddell Road,3928.0,30043.435,36215.4,,,,,,BRADDELL ROAD,29.068
braddell_road,Braddell Road,3930.0,30041.437,36215.497,,,,,,BRADDELL ROAD,28.892
braddell_road,Braddell Road,3932.0,30039.439,36215.594,,,,,,BRADDELL ROAD,28.715
braddell_road,Braddell Road,3934.0,30037.442,36215.69,,,,,,BRADDELL ROAD,28.538
braddell_road,Braddell Road,3936.0,30035.444,36215.787,,,,,,BRADDELL ROAD,28.361
braddell_road,Braddell Road,3938.0,30033.446,36215.883,,,,,,BRADDELL ROAD,28.185
braddell_road,Braddell Road,3940.0,30031.449,36215.98,,,,,,BRADDELL ROAD,28.008
braddell_road,Braddell Road,3942.0,30029.451,36216.077,,,,,,BRADDELL ROAD,27.831
braddell_road,Braddell Road,3944.0,30027.453,36216.173,,,,,,BRADDELL ROAD,27.654
braddell_road,Braddell Road,3946.0,30025.456,36216.27,,,,,,BRADDELL ROAD,27.478
braddell_road,Braddell Road,3948.0,30023.458,36216.367,,,,,,BRADDELL ROAD,27.301
braddell_road,Braddell Road,3950.0,30021.46,36216.463,,,,,,BRADDELL ROAD,27.124
braddell_road,Braddell Road,3952.0,30019.463,36216.56,,,,,,BRADDELL ROAD,26.948
braddell_road,Braddell Road,3954.0,30017.465,36216.657,,,,,,BRADDELL ROAD,26.771
braddell_road,Braddell Road,3956.0,30015.468,36216.753,,,,,,BRADDELL ROAD,26.594
braddell_road,Braddell Road,3958.0,30013.47,36216.85,,,,,,BRADDELL ROAD,26.417
braddell_road,Braddell Road,3960.0,30011.472,36216.947,,,,,,BRADDELL ROAD,26.241
braddell_road,Braddell Road,3962.0,30009.475,36217.043,,,,,,BRADDELL ROAD,26.064
braddell_road,Braddell Road,3964.0,30007.477,36217.14,,,,,,BRADDELL ROAD,25.887
braddell_road,Braddell Road,3966.0,30005.479,36217.237,,,,,,BRADDELL ROAD,25.71
braddell_road,Braddell Road,3968.0,30003.482,36217.333,,,,,,BRADDELL ROAD,25.534
braddell_road,Braddell Road,3970.0,30001.484,36217.43,,,,,,BRADDELL ROAD,25.357
braddell_road,Braddell Road,3972.0,29999.486,36217.526,,,,,,BRADDELL ROAD,25.18
braddell_road,Braddell Road,3974.0,29997.489,36217.623,,,,,,BRADDELL ROAD,25.004
braddell_road,Braddell Road,3976.0,29995.491,36217.72,,,,,,BRADDELL ROAD,24.827
braddell_road,Braddell Road,3978.0,29993.493,36217.816,,,,,,BRADDELL ROAD,24.65
braddell_road,Braddell Road,3980.0,29991.496,36217.913,,,,,,BRADDELL ROAD,24.473
braddell_road,Braddell Road,3982.0,29989.498,36218.01,,,,,,BRADDELL ROAD,24.297
braddell_road,Braddell Road,3984.0,29987.5,36218.106,,,,,,BRADDELL ROAD,24.12
braddell_road,Braddell Road,3986.0,29985.503,36218.203,,,,,,BRADDELL ROAD,23.943
braddell_road,Braddell Road,3988.0,29983.505,36218.3,,,,,,BRADDELL ROAD,23.766
braddell_road,Braddell Road,3990.0,29981.507,36218.396,,,,,,BRADDELL ROAD,23.59
braddell_road,Braddell Road,3992.0,29979.51,36218.493,,,,,,BRADDELL ROAD,23.413
braddell_road,Braddell Road,3994.0,29977.512,36218.59,,,,,,BRADDELL ROAD,23.236
braddell_road,Braddell Road,3996.0,29975.514,36218.686,,,,,,BRADDELL ROAD,23.06
braddell_road,Braddell Road,3998.0,29973.517,36218.783,,,,,,BRADDELL ROAD,22.883
braddell_road,Braddell Road,4000.0,29971.519,36218.879,,,,,,BRADDELL ROAD,22.706
braddell_road,Braddell Road,4002.0,29969.521,36218.976,,,,,,BRADDELL ROAD,22.529
braddell_road,Braddell Road,4004.0,29967.524,36219.073,,,,,,BRADDELL ROAD,22.353
braddell_road,Braddell Road,4006.0,29965.526,36219.169,,,,,,BRADDELL ROAD,22.176
braddell_road,Braddell Road,4008.0,29963.528,36219.266,,,,,,BRADDELL ROAD,21.999
braddell_road,Braddell Road,4010.0,29961.531,36219.363,,,,,,BRADDELL ROAD,21.823
braddell_road,Braddell Road,4012.0,29959.533,36219.459,,,,,,BRADDELL ROAD,21.646
braddell_road,Braddell Road,4014.0,29957.535,36219.556,,,,,,BRADDELL ROAD,21.469
braddell_road,Braddell Road,4016.0,29955.538,36219.653,,,,,,BRADDELL ROAD,21.292
braddell_road,Braddell Road,4018.0,29953.54,36219.749,,,,,,BRADDELL ROAD,21.116
braddell_road,Braddell Road,4020.0,29951.542,36219.846,,,,,,BRADDELL ROAD,20.939
braddell_road,Braddell Road,4022.0,29949.545,36219.943,,,,,,BRADDELL ROAD,20.762
braddell_road,Braddell Road,4024.0,29947.547,36220.039,,,,,,BRADDELL ROAD,20.585
braddell_road,Braddell Road,4026.0,29945.549,36220.136,,,,,,BRADDELL ROAD,20.409
braddell_road,Braddell Road,4028.0,29943.552,36220.233,,,,,,BRADDELL ROAD,20.232
braddell_road,Braddell Road,4030.0,29941.554,36220.329,,,,,,BRADDELL ROAD,20.055
braddell_road,Braddell Road,4032.0,29939.556,36220.426,,,,,,BRADDELL ROAD,19.879
braddell_road,Braddell Road,4034.0,29937.559,36220.522,,,,,,BRADDELL ROAD,19.702
braddell_road,Braddell Road,4036.0,29935.561,36220.619,,,,,,BRADDELL ROAD,19.525
braddell_road,Braddell Road,4038.0,29933.563,36220.716,,,,,,BRADDELL ROAD,19.348
braddell_road,Braddell Road,4040.0,29931.566,36220.812,,,,,,BRADDELL ROAD,19.172
braddell_road,Braddell Road,4042.0,29929.568,36220.909,,,,,,BRADDELL ROAD,18.995
braddell_road,Braddell Road,4044.0,29927.57,36221.006,,,,,,BRADDELL ROAD,18.818
braddell_road,Braddell Road,4046.0,29925.573,36221.102,,,,,,BRADDELL ROAD,18.641
braddell_road,Braddell Road,4048.0,29923.575,36221.199,,,,,,BRADDELL ROAD,18.465
braddell_road,Braddell Road,4050.0,29921.577,36221.296,,,,,,BRADDELL ROAD,18.288
braddell_road,Braddell Road,4052.0,29919.58,36221.392,,,,,,BRADDELL ROAD,18.111
braddell_road,Braddell Road,4054.0,29917.582,36221.489,,,,,,BRADDELL ROAD,17.935
braddell_road,Braddell Road,4056.0,29915.584,36221.586,,,,,,BRADDELL ROAD,17.758
braddell_road,Braddell Road,4058.0,29913.587,36221.682,,,,,,BRADDELL ROAD,17.581
braddell_road,Braddell Road,4060.0,29911.589,36221.779,,,,,,BRADDELL ROAD,17.404
braddell_road,Braddell Road,4062.0,29909.591,36221.875,,,,,,BRADDELL ROAD,17.228
braddell_road,Braddell Road,4064.0,29907.594,36221.972,,,,,,BRADDELL ROAD,17.051
braddell_road,Braddell Road,4066.0,29905.596,36222.069,,,,,,BRADDELL ROAD,16.874
braddell_road,Braddell Road,4068.0,29903.598,36222.165,,,,,,BRADDELL ROAD,16.697
braddell_road,Braddell Road,4070.0,29901.601,36222.262,,,,,,BRADDELL ROAD,16.521
braddell_road,Braddell Road,4072.0,29899.603,36222.359,,,,,,BRADDELL ROAD,16.344
braddell_road,Braddell Road,4074.0,29897.605,36222.455,,,,,,BRADDELL ROAD,16.167
braddell_road,Braddell Road,4076.0,29895.608,36222.552,,,,,,BRADDELL ROAD,15.991
braddell_road,Braddell Road,4078.0,29893.61,36222.649,,,,,,BRADDELL ROAD,15.814
braddell_road,Braddell Road,4080.0,29891.612,36222.745,,,,,,BRADDELL ROAD,15.637
braddell_road,Braddell Road,4082.0,29889.615,36222.842,,,,,,BRADDELL ROAD,15.46
braddell_road,Braddell Road,4084.0,29887.617,36222.939,,,,,,BRADDELL ROAD,15.284
braddell_road,Braddell Road,4086.0,29885.619,36223.035,,,,,,BRADDELL ROAD,15.107
braddell_road,Braddell Road,4088.0,29883.622,36223.132,,,,,,BRADDELL ROAD,14.93
braddell_road,Braddell Road,4090.0,29881.624,36223.229,,,,,,BRADDELL ROAD,14.754
braddell_road,Braddell Road,4092.0,29879.626,36223.325,,,,,,BRADDELL ROAD,14.577
braddell_road,Braddell Road,4094.0,29877.629,36223.422,,,,,,BRADDELL ROAD,14.4
braddell_road,Braddell Road,4096.0,29875.631,36223.518,,,,,,BRADDELL ROAD,14.223
braddell_road,Braddell Road,4098.0,29873.633,36223.615,,,,,,BRADDELL ROAD,14.047
braddell_road,Braddell Road,4100.0,29871.636,36223.712,,,,,,BRADDELL ROAD,13.87
braddell_road,Braddell Road,4102.0,29869.638,36223.808,,,,,,BRADDELL ROAD,13.693
braddell_road,Braddell Road,4104.0,29867.64,36223.905,,,,,,BRADDELL ROAD,13.516
braddell_road,Braddell Road,4106.0,29865.643,36224.002,,,,,,BRADDELL ROAD,13.34
braddell_road,Braddell Road,4108.0,29863.645,36224.098,,,,,,BRADDELL ROAD,13.163
braddell_road,Braddell Road,4110.0,29861.647,36224.195,,,,,,BRADDELL ROAD,12.986
braddell_road,Braddell Road,4112.0,29859.65,36224.292,,,,,,BRADDELL ROAD,12.81
braddell_road,Braddell Road,4114.0,29857.652,36224.388,,,,,,BRADDELL ROAD,12.633
braddell_road,Braddell Road,4116.0,29855.654,36224.485,,,,,,BRADDELL ROAD,12.456
braddell_road,Braddell Road,4118.0,29853.657,36224.582,,,,,,BRADDELL ROAD,12.279
braddell_road,Braddell Road,4120.0,29851.659,36224.678,,,,,,BRADDELL ROAD,12.103
braddell_road,Braddell Road,4122.0,29849.661,36224.775,,,,,,BRADDELL ROAD,11.926
braddell_road,Braddell Road,4124.0,29847.664,36224.871,,,,,,BRADDELL ROAD,11.749
braddell_road,Braddell Road,4126.0,29845.666,36224.968,,,,,,BRADDELL ROAD,11.572
braddell_road,Braddell Road,4128.0,29843.668,36225.065,,,,,,BRADDELL ROAD,11.396
braddell_road,Braddell Road,4130.0,29841.671,36225.161,,,,,,BRADDELL ROAD,11.219
braddell_road,Braddell Road,4132.0,29839.673,36225.258,,,,,,BRADDELL ROAD,11.042
braddell_road,Braddell Road,4134.0,29837.675,36225.355,,,,,,BRADDELL ROAD,10.866
braddell_road,Braddell Road,4136.0,29835.678,36225.451,,,,,,BRADDELL ROAD,10.689
braddell_road,Braddell Road,4138.0,29833.68,36225.548,,,,,,BRADDELL ROAD,10.512
braddell_road,Braddell Road,4140.0,29831.682,36225.645,,,,,,BRADDELL ROAD,10.335
braddell_road,Braddell Road,4142.0,29829.685,36225.741,,,,,,BRADDELL ROAD,10.159
braddell_road,Braddell Road,4144.0,29827.687,36225.838,,,,,,BRADDELL ROAD,9.982
braddell_road,Braddell Road,4146.0,29825.689,36225.935,,,,,,BRADDELL ROAD,9.805
braddell_road,Braddell Road,4148.0,29823.692,36226.031,,,,,,BRADDELL ROAD,9.629
braddell_road,Braddell Road,4150.0,29821.694,36226.128,,,,,,BRADDELL ROAD,9.452
braddell_road,Braddell Road,4152.0,29819.696,36226.225,,,,,,BRADDELL ROAD,9.275
braddell_road,Braddell Road,4154.0,29817.699,36226.321,,,,,,BRADDELL ROAD,9.098
braddell_road,Braddell Road,4156.0,29815.701,36226.418,,,,,,BRADDELL ROAD,8.922
braddell_road,Braddell Road,4158.0,29813.703,36226.514,,,,,,BRADDELL ROAD,8.745
braddell_road,Braddell Road,4160.0,29811.706,36226.611,,,,,,BRADDELL ROAD,8.568
braddell_road,Braddell Road,4162.0,29809.708,36226.708,,,,,,BRADDELL ROAD,8.391
braddell_road,Braddell Road,4164.0,29807.71,36226.804,,,,,,BRADDELL ROAD,8.215
braddell_road,Braddell Road,4166.0,29805.713,36226.901,,,,,,BRADDELL ROAD,8.038
braddell_road,Braddell Road,4168.0,29803.715,36226.998,,,,,,BRADDELL ROAD,7.861
braddell_road,Braddell Road,4170.0,29801.718,36227.094,,,,,,BRADDELL ROAD,7.685
braddell_road,Braddell Road,4172.0,29799.72,36227.191,,,,,,BRADDELL ROAD,7.508
braddell_road,Braddell Road,4174.0,29797.722,36227.288,,,,,,BRADDELL ROAD,7.331
braddell_road,Braddell Road,4176.0,29795.725,36227.384,,,,,,BRADDELL ROAD,7.154
braddell_road,Braddell Road,4178.0,29793.727,36227.481,,,,,,BRADDELL ROAD,6.978
braddell_road,Braddell Road,4180.0,29791.729,36227.578,,,,,,BRADDELL ROAD,6.801
braddell_road,Braddell Road,4182.0,29789.732,36227.674,,,,,,BRADDELL ROAD,6.624
braddell_road,Braddell Road,4184.0,29787.734,36227.771,,,,,,BRADDELL ROAD,6.447
braddell_road,Braddell Road,4186.0,29785.736,36227.867,,,,,,BRADDELL ROAD,6.271
braddell_road,Braddell Road,4188.0,29783.739,36227.964,,,,,,BRADDELL ROAD,6.094
braddell_road,Braddell Road,4190.0,29781.741,36228.061,,,,,,BRADDELL ROAD,5.917
braddell_road,Braddell Road,4192.0,29779.743,36228.157,,,,,,BRADDELL ROAD,5.741
braddell_road,Braddell Road,4194.0,29777.746,36228.254,,,,,,BRADDELL ROAD,5.564
braddell_road,Braddell Road,4196.0,29775.748,36228.351,,,,,,BRADDELL ROAD,5.387
braddell_road,Braddell Road,4198.0,29773.75,36228.447,,,,,,BRADDELL ROAD,5.21
braddell_road,Braddell Road,4200.0,29771.753,36228.544,,,,,,BRADDELL ROAD,5.034
braddell_road,Braddell Road,4202.0,29769.755,36228.641,,,,,,BRADDELL ROAD,4.857
braddell_road,Braddell Road,4204.0,29767.757,36228.737,,,,,,BRADDELL ROAD,4.68
braddell_road,Braddell Road,4206.0,29765.76,36228.834,,,,,,BRADDELL ROAD,4.503
braddell_road,Braddell Road,4208.0,29763.762,36228.931,,,,,,BRADDELL ROAD,4.327
braddell_road,Braddell Road,4210.0,29761.764,36229.027,,,,,,BRADDELL ROAD,4.15
braddell_road,Braddell Road,4212.0,29759.767,36229.124,,,,,,BRADDELL ROAD,3.973
braddell_road,Braddell Road,4214.0,29757.769,36229.221,,,,,,BRADDELL ROAD,3.797
braddell_road,Braddell Road,4216.0,29755.771,36229.317,,,,,,BRADDELL ROAD,3.62
braddell_road,Braddell Road,4218.0,29753.774,36229.414,,,,,,BRADDELL ROAD,3.443
braddell_road,Braddell Road,4220.0,29751.776,36229.51,,,,,,BRADDELL ROAD,3.266
braddell_road,Braddell Road,4222.0,29749.778,36229.607,,,,,,BRADDELL ROAD,3.09
braddell_road,Braddell Road,4224.0,29747.781,36229.704,,,,,,BRADDELL ROAD,2.913
braddell_road,Braddell Road,4226.0,29745.783,36229.8,,,,,,BRADDELL ROAD,2.736
braddell_road,Braddell Road,4228.0,29743.785,36229.897,,,,,,BRADDELL ROAD,2.559
braddell_road,Braddell Road,4230.0,29741.788,36229.994,,,,,,BRADDELL ROAD,2.383
braddell_road,Braddell Road,4232.0,29739.79,36230.09,,,,,,BRADDELL ROAD,2.206
braddell_road,Braddell Road,4234.0,29737.792,36230.187,,,,,,BRADDELL ROAD,2.165
braddell_road,Braddell Road,4236.0,29735.795,36230.284,,,,,,BRADDELL ROAD,2.138
braddell_road,Braddell Road,4238.0,29733.797,36230.38,,,,,,BRADDELL ROAD,2.11
braddell_road,Braddell Road,4240.0,29731.799,36230.477,,,,,,BRADDELL ROAD,2.083
braddell_road,Braddell Road,4242.0,29729.802,36230.574,,,,,,BRADDELL ROAD,2.055
braddell_road,Braddell Road,4244.0,29727.804,36230.67,,,,,,BRADDELL ROAD,2.028
braddell_road,Braddell Road,4246.0,29725.806,36230.767,,,,,,BRADDELL ROAD,2.001
braddell_road,Braddell Road,4248.0,29723.809,36230.863,,,,,,BRADDELL ROAD,1.973
braddell_road,Braddell Road,4250.0,29721.811,36230.96,,,,,,BRADDELL ROAD,1.946
braddell_road,Braddell Road,4252.0,29719.813,36231.057,,,,,,BRADDELL ROAD,1.919
braddell_road,Braddell Road,4254.0,29717.816,36231.153,,,,,,BRADDELL ROAD,1.891
braddell_road,Braddell Road,4256.0,29715.818,36231.25,,,,,,BRADDELL ROAD,1.864
braddell_road,Braddell Road,4258.0,29713.82,36231.347,,,,,,BRADDELL ROAD,1.836
braddell_road,Braddell Road,4260.0,29711.823,36231.443,,,,,,BRADDELL ROAD,1.809
braddell_road,Braddell Road,4262.0,29709.825,36231.54,,,,,,BRADDELL ROAD,1.782
braddell_road,Braddell Road,4264.0,29707.827,36231.637,,,,,,BRADDELL ROAD,1.754
braddell_road,Braddell Road,4266.0,29705.83,36231.733,,,,,,BRADDELL ROAD,1.727
braddell_road,Braddell Road,4268.0,29703.832,36231.83,,,,,,BRADDELL ROAD,1.7
braddell_road,Braddell Road,4270.0,29701.834,36231.927,,,,,,BRADDELL ROAD,1.672
braddell_road,Braddell Road,4272.0,29699.837,36232.023,,,,,,BRADDELL ROAD,1.645
braddell_road,Braddell Road,4274.0,29697.839,36232.12,,,,,,BRADDELL ROAD,1.617
braddell_road,Braddell Road,4276.0,29695.841,36232.217,,,,,,BRADDELL ROAD,1.59
braddell_road,Braddell Road,4278.0,29693.844,36232.313,,,,,,BRADDELL ROAD,1.563
braddell_road,Braddell Road,4280.0,29691.846,36232.41,,,,,,BRADDELL ROAD,1.535
braddell_road,Braddell Road,4282.0,29689.848,36232.506,,,,,,BRADDELL ROAD,1.508
braddell_road,Braddell Road,4284.0,29687.851,36232.603,,,,,,BRADDELL ROAD,1.48
braddell_road,Braddell Road,4286.0,29685.853,36232.7,,,,,,BRADDELL ROAD,1.453
braddell_road,Braddell Road,4288.0,29683.855,36232.796,,,,,,BRADDELL ROAD,1.426
braddell_road,Braddell Road,4290.0,29681.858,36232.893,,,,,,BRADDELL ROAD,1.398
braddell_road,Braddell Road,4292.0,29679.86,36232.99,,,,,,BRADDELL ROAD,1.371
braddell_road,Braddell Road,4294.0,29677.862,36233.086,,,,,,BRADDELL ROAD,1.344
braddell_road,Braddell Road,4296.0,29675.865,36233.183,,,,,,BRADDELL ROAD,1.316
braddell_road,Braddell Road,4298.0,29673.867,36233.28,,,,,,BRADDELL ROAD,1.289
braddell_road,Braddell Road,4300.0,29671.869,36233.376,,,,,,BRADDELL ROAD,1.261
braddell_road,Braddell Road,4302.0,29669.872,36233.473,,,,,,BRADDELL ROAD,1.234
braddell_road,Braddell Road,4304.0,29667.874,36233.57,,,,,,BRADDELL ROAD,1.207
braddell_road,Braddell Road,4306.0,29665.876,36233.666,,,,,,BRADDELL ROAD,1.179
braddell_road,Braddell Road,4308.0,29663.879,36233.763,,,,,,BRADDELL ROAD,1.152
braddell_road,Braddell Road,4310.0,29661.881,36233.859,,,,,,BRADDELL ROAD,1.124
braddell_road,Braddell Road,4312.0,29659.883,36233.956,,,,,,BRADDELL ROAD,1.097
braddell_road,Braddell Road,4314.0,29657.886,36234.053,,,,,,BRADDELL ROAD,1.07
braddell_road,Braddell Road,4316.0,29655.888,36234.149,,,,,,BRADDELL ROAD,1.042
braddell_road,Braddell Road,4318.0,29653.89,36234.246,,,,,,BRADDELL ROAD,1.015
braddell_road,Braddell Road,4320.0,29651.893,36234.343,,,,,,BRADDELL ROAD,0.988
braddell_road,Braddell Road,4322.0,29649.895,36234.439,,,,,,BRADDELL ROAD,0.96
braddell_road,Braddell Road,4324.0,29647.897,36234.536,,,,,,BRADDELL ROAD,0.933
braddell_road,Braddell Road,4326.0,29645.9,36234.633,,,,,,BRADDELL ROAD,0.905
braddell_road,Braddell Road,4328.0,29643.902,36234.729,,,,,,BRADDELL ROAD,0.878
braddell_road,Braddell Road,4330.0,29641.904,36234.826,,,,,,BRADDELL ROAD,0.851
braddell_road,Braddell Road,4332.0,29639.907,36234.923,,,,,,BRADDELL ROAD,0.823
braddell_road,Braddell Road,4334.0,29637.909,36235.019,,,,,,BRADDELL ROAD,0.796
braddell_road,Braddell Road,4336.0,29635.911,36235.116,,,,,,BRADDELL ROAD,0.769
braddell_road,Braddell Road,4338.0,29633.914,36235.213,,,7.657,,,BRADDELL ROAD,0.741
braddell_road,Braddell Road,4340.0,29631.916,36235.309,,,7.657,,,BRADDELL ROAD,0.714
braddell_road,Braddell Road,4342.0,29629.918,36235.406,,,7.656,-0.024,1.0,BRADDELL ROAD,0.686
braddell_road,Braddell Road,4344.0,29627.921,36235.502,,7.656,7.656,-0.028,1.0,BRADDELL ROAD,0.659
braddell_road,Braddell Road,4346.0,29625.923,36235.599,,7.655,7.655,-0.033,1.0,BRADDELL ROAD,0.632
braddell_road,Braddell Road,4348.0,29623.925,36235.696,,7.654,7.654,-0.038,1.0,BRADDELL ROAD,0.604
braddell_road,Braddell Road,4350.0,29621.928,36235.792,,7.654,7.654,-0.038,1.0,BRADDELL ROAD,0.577
braddell_road,Braddell Road,4352.0,29619.93,36235.889,,7.653,7.653,-0.038,1.0,BRADDELL ROAD,0.549
braddell_road,Braddell Road,4354.0,29617.932,36235.986,,7.652,7.652,-0.038,1.0,BRADDELL ROAD,0.522
braddell_road,Braddell Road,4356.0,29615.935,36236.082,,7.651,7.651,-0.038,1.0,BRADDELL ROAD,0.495
braddell_road,Braddell Road,4358.0,29613.937,36236.179,,7.65,7.65,-0.038,1.0,BRADDELL ROAD,0.467
braddell_road,Braddell Road,4360.0,29611.939,36236.276,,7.65,7.65,-0.038,1.0,BRADDELL ROAD,0.44
braddell_road,Braddell Road,4362.0,29609.942,36236.372,,7.649,7.649,-0.038,1.0,BRADDELL ROAD,0.413
braddell_road,Braddell Road,4364.0,29607.944,36236.469,,7.648,7.648,-0.038,1.0,BRADDELL ROAD,0.385
braddell_road,Braddell Road,4366.0,29605.946,36236.566,,7.647,7.647,-0.038,1.0,BRADDELL ROAD,0.358
braddell_road,Braddell Road,4368.0,29603.949,36236.662,,7.647,7.647,-0.038,1.0,BRADDELL ROAD,0.33
braddell_road,Braddell Road,4370.0,29601.951,36236.759,,7.646,7.646,-0.038,1.0,BRADDELL ROAD,0.303
braddell_road,Braddell Road,4372.0,29599.953,36236.855,,7.645,7.645,-0.038,1.0,BRADDELL ROAD,0.276
braddell_road,Braddell Road,4374.0,29597.956,36236.952,,7.644,7.644,-0.038,1.0,BRADDELL ROAD,0.248
braddell_road,Braddell Road,4376.0,29595.958,36237.049,,7.644,7.644,-0.038,1.0,BRADDELL ROAD,0.221
braddell_road,Braddell Road,4378.0,29593.96,36237.145,,7.643,7.643,-0.038,1.0,BRADDELL ROAD,0.193
braddell_road,Braddell Road,4380.0,29591.963,36237.242,,7.642,7.642,-0.038,1.0,BRADDELL ROAD,0.199
braddell_road,Braddell Road,4382.0,29589.965,36237.339,,7.641,7.641,-0.038,1.0,BRADDELL ROAD,0.232
braddell_road,Braddell Road,4384.0,29587.968,36237.435,,7.641,7.641,-0.038,1.0,BRADDELL ROAD,0.265
braddell_road,Braddell Road,4386.0,29585.97,36237.532,,7.64,7.64,,,BRADDELL ROAD,0.298
braddell_road,Braddell Road,4388.0,29583.972,36237.629,,7.639,7.639,,,BRADDELL ROAD,0.331
braddell_road,Braddell Road,4390.0,29581.975,36237.725,7.638,7.408,7.408,,,BRADDELL ROAD,0.364
braddell_road,Braddell Road,4392.0,29579.977,36237.822,7.638,7.177,7.177,,,BRADDELL ROAD,0.397
braddell_road,Braddell Road,4394.0,29577.979,36237.919,7.638,6.887,6.887,,,BRADDELL ROAD,0.43
braddell_road,Braddell Road,4396.0,29575.982,36238.015,13.755,6.597,6.597,,,BRADDELL ROAD,0.462
braddell_road,Braddell Road,4398.0,29573.984,36238.112,13.255,6.307,6.307,,,BRADDELL ROAD,0.495
braddell_road,Braddell Road,4400.0,29571.986,36238.209,13.13,6.041,6.041,,,BRADDELL ROAD,0.528
braddell_road,Braddell Road,4402.0,29569.989,36238.305,4.455,5.775,5.775,,,BRADDELL ROAD,0.561
braddell_road,Braddell Road,4404.0,29567.991,36238.402,4.505,5.509,5.509,,,BRADDELL ROAD,0.594
braddell_road,Braddell Road,4406.0,29565.993,36238.498,4.505,5.243,5.243,,,BRADDELL ROAD,0.627
braddell_road,Braddell Road,4408.0,29563.996,36238.595,4.505,4.977,4.977,,,BRADDELL ROAD,0.66
braddell_road,Braddell Road,4410.0,29561.998,36238.692,4.505,4.711,4.977,,,BRADDELL ROAD,0.693
braddell_road,Braddell Road,4412.0,29560.0,36238.788,9.538,4.917,4.977,,,BRADDELL ROAD,0.726
braddell_road,Braddell Road,4414.0,29558.003,36238.885,9.538,5.176,5.176,,,BRADDELL ROAD,0.759
braddell_road,Braddell Road,4416.0,29556.005,36238.982,9.538,5.436,5.436,,,BRADDELL ROAD,0.791
braddell_road,Braddell Road,4418.0,29554.007,36239.078,4.505,5.696,5.696,,,BRADDELL ROAD,0.824
braddell_road,Braddell Road,4420.0,29552.01,36239.175,4.505,5.955,5.955,,,BRADDELL ROAD,0.857
braddell_road,Braddell Road,4422.0,29550.012,36239.272,6.976,6.215,6.215,,,BRADDELL ROAD,0.89
braddell_road,Braddell Road,4424.0,29548.014,36239.368,7.781,6.474,6.473,,,BRADDELL ROAD,0.923
braddell_road,Braddell Road,4426.0,29546.017,36239.465,7.827,6.734,6.473,,,BRADDELL ROAD,0.956
braddell_road,Braddell Road,4428.0,29544.019,36239.562,6.993,6.473,6.473,,,BRADDELL ROAD,0.989
braddell_road,Braddell Road,4430.0,29542.021,36239.658,7.35,6.212,6.212,,,BRADDELL ROAD,1.022
braddell_road,Braddell Road,4432.0,29540.024,36239.755,7.491,5.951,5.951,,,BRADDELL ROAD,1.055
braddell_road,Braddell Road,4434.0,29538.026,36239.851,5.69,5.69,5.69,,,BRADDELL ROAD,1.088
braddell_road,Braddell Road,4436.0,29536.028,36239.948,5.572,5.572,5.572,,,BRADDELL ROAD,1.12
braddell_road,Braddell Road,4438.0,29534.031,36240.045,6.593,5.281,5.281,-12.387,2.0,BRADDELL ROAD,1.153
braddell_road,Braddell Road,4440.0,29532.033,36240.141,6.489,4.99,4.99,-10.914,2.0,BRADDELL ROAD,1.186
braddell_road,Braddell Road,4442.0,29530.035,36240.238,4.699,4.699,4.699,,,BRADDELL ROAD,1.219
braddell_road,Braddell Road,4444.0,29528.038,36240.335,4.531,4.531,4.699,,,BRADDELL ROAD,1.252
braddell_road,Braddell Road,4446.0,29526.04,36240.431,4.468,4.468,4.699,,,BRADDELL ROAD,1.285
braddell_road,Braddell Road,4448.0,29524.042,36240.528,4.462,4.704,4.704,,,BRADDELL ROAD,1.318
braddell_road,Braddell Road,4450.0,29522.045,36240.625,4.472,4.994,4.994,,,BRADDELL ROAD,1.351
braddell_road,Braddell Road,4452.0,29520.047,36240.721,4.994,5.284,5.284,,,BRADDELL ROAD,1.384
braddell_road,Braddell Road,4454.0,29518.049,36240.818,5.894,5.589,5.589,,,BRADDELL ROAD,1.416
braddell_road,Braddell Road,4456.0,29516.052,36240.915,5.973,5.893,5.893,,,BRADDELL ROAD,1.449
braddell_road,Braddell Road,4458.0,29514.054,36241.011,7.486,6.198,6.198,,,BRADDELL ROAD,1.482
braddell_road,Braddell Road,4460.0,29512.056,36241.108,5.948,,6.503,,,BRADDELL ROAD,1.515
braddell_road,Braddell Road,4462.0,29510.059,36241.205,6.851,6.808,6.808,,,BRADDELL ROAD,1.548
braddell_road,Braddell Road,4464.0,29508.061,36241.301,8.219,7.112,7.112,,,BRADDELL ROAD,1.581
braddell_road,Braddell Road,4466.0,29506.063,36241.398,7.611,7.417,7.417,,,BRADDELL ROAD,1.614
braddell_road,Braddell Road,4468.0,29504.066,36241.494,4.865,7.722,7.722,,,BRADDELL ROAD,1.647
braddell_road,Braddell Road,4470.0,29502.068,36241.591,4.936,7.833,7.833,,,BRADDELL ROAD,1.68
braddell_road,Braddell Road,4472.0,29500.07,36241.688,7.944,7.944,7.833,,,BRADDELL ROAD,1.713
braddell_road,Braddell Road,4474.0,29498.073,36241.784,6.707,7.872,7.833,,,BRADDELL ROAD,1.745
braddell_road,Braddell Road,4476.0,29496.075,36241.881,6.307,7.8,7.8,,,BRADDELL ROAD,1.778
braddell_road,Braddell Road,4478.0,29494.077,36241.978,6.947,7.728,7.728,,,BRADDELL ROAD,1.811
braddell_road,Braddell Road,4480.0,29492.08,36242.074,7.436,7.656,7.656,,,BRADDELL ROAD,1.844
braddell_road,Braddell Road,4482.0,29490.082,36242.171,6.722,7.584,7.584,,,BRADDELL ROAD,1.877
braddell_road,Braddell Road,4484.0,29488.084,36242.268,7.182,7.296,7.296,,,BRADDELL ROAD,1.91
braddell_road,Braddell Road,4486.0,29486.087,36242.364,7.44,7.008,7.008,,,BRADDELL ROAD,1.943
braddell_road,Braddell Road,4488.0,29484.089,36242.461,7.427,6.72,6.72,,,BRADDELL ROAD,1.976
braddell_road,Braddell Road,4490.0,29482.091,36242.558,7.327,6.432,6.432,,,BRADDELL ROAD,2.009
braddell_road,Braddell Road,4492.0,29480.094,36242.654,6.144,6.144,6.272,,,BRADDELL ROAD,2.041
braddell_road,Braddell Road,4494.0,29478.096,36242.751,6.272,6.272,6.144,,,BRADDELL ROAD,2.074
braddell_road,Braddell Road,4496.0,29476.098,36242.848,6.027,6.027,6.027,,,BRADDELL ROAD,2.107
braddell_road,Braddell Road,4498.0,29474.101,36242.944,6.661,5.994,5.994,,,BRADDELL ROAD,2.14
braddell_road,Braddell Road,4500.0,29472.103,36243.041,6.182,5.96,5.96,,,BRADDELL ROAD,2.173
braddell_road,Braddell Road,4502.0,29470.105,36243.137,7.122,5.927,5.927,,,BRADDELL ROAD,2.206
braddell_road,Braddell Road,4504.0,29468.108,36243.234,7.298,5.894,5.927,,,BRADDELL ROAD,2.239
braddell_road,Braddell Road,4510.0,29462.115,36243.524,5.86,5.86,5.927,,,BRADDELL ROAD,2.586
braddell_road,Braddell Road,4512.0,29460.117,36243.621,6.037,6.037,6.037,,,BRADDELL ROAD,2.767
braddell_road,Braddell Road,4514.0,29458.119,36243.717,6.137,6.137,6.137,,,BRADDELL ROAD,2.948
braddell_road,Braddell Road,4516.0,29456.122,36243.814,7.955,6.386,6.386,7.543,1.0,BRADDELL ROAD,3.129
braddell_road,Braddell Road,4518.0,29454.124,36243.911,6.908,6.635,6.635,6.293,1.0,BRADDELL ROAD,3.311
braddell_road,Braddell Road,4520.0,29452.126,36244.007,6.884,6.884,6.64,,,BRADDELL ROAD,3.492
braddell_road,Braddell Road,4522.0,29450.129,36244.104,6.871,6.871,6.64,,,BRADDELL ROAD,3.673
braddell_road,Braddell Road,4524.0,29448.131,36244.201,6.838,6.64,6.64,,,BRADDELL ROAD,3.854
braddell_road,Braddell Road,4526.0,29446.133,36244.297,5.671,6.409,6.409,,,BRADDELL ROAD,4.036
braddell_road,Braddell Road,4528.0,29444.136,36244.394,4.892,6.178,6.178,,,BRADDELL ROAD,4.217
braddell_road,Braddell Road,4530.0,29442.138,36244.49,6.246,5.941,5.941,,,BRADDELL ROAD,4.398
braddell_road,Braddell Road,4532.0,29440.14,36244.587,5.196,5.704,5.704,,,BRADDELL ROAD,4.579
braddell_road,Braddell Road,4534.0,29438.143,36244.684,4.851,5.467,5.704,,,BRADDELL ROAD,4.761
braddell_road,Braddell Road,4536.0,29436.145,36244.78,4.859,5.507,5.704,,,BRADDELL ROAD,4.942
braddell_road,Braddell Road,4538.0,29434.147,36244.877,4.992,5.731,5.731,,,BRADDELL ROAD,5.123
braddell_road,Braddell Road,4540.0,29432.15,36244.974,5.134,6.012,6.012,,,BRADDELL ROAD,5.304
braddell_road,Braddell Road,4542.0,29430.152,36245.07,6.384,6.294,6.294,,,BRADDELL ROAD,5.486
braddell_road,Braddell Road,4544.0,29428.154,36245.167,5.892,6.576,6.576,,,BRADDELL ROAD,5.667
braddell_road,Braddell Road,4546.0,29426.157,36245.264,5.813,6.79,6.79,,,BRADDELL ROAD,5.848
braddell_road,Braddell Road,4548.0,29424.159,36245.36,8.259,7.004,7.004,,,BRADDELL ROAD,6.029
braddell_road,Braddell Road,4550.0,29422.161,36245.457,10.178,7.218,7.218,,,BRADDELL ROAD,6.211
braddell_road,Braddell Road,4552.0,29420.164,36245.554,9.083,7.432,7.432,,,BRADDELL ROAD,6.392
braddell_road,Braddell Road,4554.0,29418.166,36245.65,10.348,7.645,7.589,,,BRADDELL ROAD,6.573
braddell_road,Braddell Road,4556.0,29416.168,36245.747,5.513,7.859,7.589,,,BRADDELL ROAD,6.754
braddell_road,Braddell Road,4558.0,29414.171,36245.844,7.119,7.589,7.589,,,BRADDELL ROAD,6.936
braddell_road,Braddell Road,4560.0,29412.173,36245.94,7.539,7.318,7.318,,,BRADDELL ROAD,7.117
braddell_road,Braddell Road,4562.0,29410.175,36246.037,6.914,7.048,7.048,,,BRADDELL ROAD,7.298
braddell_road,Braddell Road,4564.0,29408.178,36246.133,6.777,6.777,6.777,,,BRADDELL ROAD,7.479
braddell_road,Braddell Road,4566.0,29406.18,36246.23,6.677,6.677,6.677,,,BRADDELL ROAD,7.66
braddell_road,Braddell Road,4568.0,29404.182,36246.327,6.464,6.464,6.464,,,BRADDELL ROAD,7.842
braddell_road,Braddell Road,4570.0,29402.185,36246.423,6.448,6.17,6.17,,,BRADDELL ROAD,8.023
braddell_road,Braddell Road,4572.0,29400.187,36246.52,6.402,5.875,5.875,-13.01,2.0,BRADDELL ROAD,8.204
braddell_road,Braddell Road,4574.0,29398.189,36246.617,5.606,5.58,5.58,,,BRADDELL ROAD,8.385
braddell_road,Braddell Road,4576.0,29396.192,36246.713,5.285,5.285,5.424,,,BRADDELL ROAD,8.567
braddell_road,Braddell Road,4578.0,29394.194,36246.81,5.239,5.239,5.424,,,BRADDELL ROAD,8.748
braddell_road,Braddell Road,4580.0,29392.196,36246.907,5.06,5.424,5.424,,,BRADDELL ROAD,8.929
braddell_road,Braddell Road,4582.0,29390.199,36247.003,5.164,5.71,5.71,,,BRADDELL ROAD,9.11
braddell_road,Braddell Road,4584.0,29388.201,36247.1,5.248,5.996,5.996,,,BRADDELL ROAD,9.292
braddell_road,Braddell Road,4586.0,29386.203,36247.197,7.006,6.256,6.256,,,BRADDELL ROAD,9.473
braddell_road,Braddell Road,4588.0,29384.206,36247.293,8.769,6.516,6.516,,,BRADDELL ROAD,9.654
braddell_road,Braddell Road,4590.0,29382.208,36247.39,8.829,6.776,6.776,,,BRADDELL ROAD,9.835
braddell_road,Braddell Road,4592.0,29380.21,36247.486,9.201,7.036,7.036,,,BRADDELL ROAD,10.017
braddell_road,Braddell Road,4594.0,29378.213,36247.583,7.558,7.296,7.036,,,BRADDELL ROAD,10.198
braddell_road,Braddell Road,4596.0,29376.215,36247.68,6.322,7.045,7.036,,,BRADDELL ROAD,10.379
braddell_road,Braddell Road,4598.0,29374.218,36247.776,4.909,6.794,6.794,,,BRADDELL ROAD,10.56
braddell_road,Braddell Road,4600.0,29372.22,36247.873,4.99,6.543,6.543,,,BRADDELL ROAD,10.742
braddell_road,Braddell Road,4602.0,29370.222,36247.97,6.309,6.292,6.543,,,BRADDELL ROAD,10.923
braddell_road,Braddell Road,4604.0,29368.225,36248.066,5.527,6.455,6.543,,,BRADDELL ROAD,11.104
braddell_road,Braddell Road,4606.0,29366.227,36248.163,5.772,6.619,6.619,,,BRADDELL ROAD,11.285
braddell_road,Braddell Road,4608.0,29364.229,36248.26,6.021,6.783,6.783,,,BRADDELL ROAD,11.467
braddell_road,Braddell Road,4610.0,29362.232,36248.356,6.947,6.947,6.881,,,BRADDELL ROAD,11.648
braddell_road,Braddell Road,4612.0,29360.234,36248.453,6.98,6.98,6.881,,,BRADDELL ROAD,11.829
braddell_road,Braddell Road,4614.0,29358.236,36248.55,8.197,6.881,6.881,,,BRADDELL ROAD,12.01
braddell_road,Braddell Road,4616.0,29356.239,36248.646,5.33,6.782,6.782,,,BRADDELL ROAD,12.192
braddell_road,Braddell Road,4618.0,29354.241,36248.743,7.376,6.682,6.682,,,BRADDELL ROAD,12.373
braddell_road,Braddell Road,4620.0,29352.243,36248.84,6.442,6.583,6.583,,,BRADDELL ROAD,12.554
braddell_road,Braddell Road,4622.0,29350.246,36248.936,6.484,6.484,6.509,,,BRADDELL ROAD,12.735
braddell_road,Braddell Road,4624.0,29348.248,36249.033,6.492,6.492,6.492,,,BRADDELL ROAD,12.917
braddell_road,Braddell Road,4626.0,29346.25,36249.129,6.509,6.509,6.484,,,BRADDELL ROAD,13.098
braddell_road,Braddell Road,4628.0,29344.253,36249.226,6.955,6.346,6.346,,,BRADDELL ROAD,13.279
braddell_road,Braddell Road,4630.0,29342.255,36249.323,6.805,6.184,6.184,,,BRADDELL ROAD,13.46
braddell_road,Braddell Road,4632.0,29340.257,36249.419,6.755,6.022,6.022,,,BRADDELL ROAD,13.641
braddell_road,Braddell Road,4634.0,29338.26,36249.516,5.705,5.876,5.986,,,BRADDELL ROAD,13.823
braddell_road,Braddell Road,4636.0,29336.262,36249.613,5.73,5.73,5.986,,,BRADDELL ROAD,14.004
braddell_road,Braddell Road,4638.0,29334.264,36249.709,5.73,5.986,5.986,,,BRADDELL ROAD,14.185
braddell_road,Braddell Road,4640.0,29332.267,36249.806,5.755,6.242,6.242,9.609,2.0,BRADDELL ROAD,14.366
braddell_road,Braddell Road,4642.0,29330.269,36249.903,,6.499,6.499,,,BRADDELL ROAD,14.548
braddell_road,Braddell Road,4644.0,29328.271,36249.999,6.755,6.755,6.755,,,BRADDELL ROAD,14.729
braddell_road,Braddell Road,4646.0,29326.274,36250.096,6.755,6.755,6.755,,,BRADDELL ROAD,14.91
braddell_road,Braddell Road,4648.0,29324.276,36250.193,,6.822,6.822,2.5,1.0,BRADDELL ROAD,15.091
braddell_road,Braddell Road,4650.0,29322.278,36250.289,,6.888,6.888,3.333,1.0,BRADDELL ROAD,15.273
braddell_road,Braddell Road,4652.0,29320.281,36250.386,,6.955,6.955,3.333,1.0,BRADDELL ROAD,15.454
braddell_road,Braddell Road,4654.0,29318.283,36250.482,,7.022,7.022,3.333,1.0,BRADDELL ROAD,15.635
braddell_road,Braddell Road,4656.0,29316.285,36250.579,,7.088,7.088,2.5,1.0,BRADDELL ROAD,15.816
braddell_road,Braddell Road,4658.0,29314.288,36250.676,,7.155,7.155,2.5,1.0,BRADDELL ROAD,15.998
braddell_road,Braddell Road,4660.0,29312.29,36250.772,,7.222,7.155,,,BRADDELL ROAD,16.179
braddell_road,Braddell Road,4662.0,29310.292,36250.869,,7.288,7.222,,,BRADDELL ROAD,16.36
braddell_road,Braddell Road,4664.0,29308.295,36250.966,7.355,7.084,7.267,,,BRADDELL ROAD,16.541
braddell_road,Braddell Road,4666.0,29306.297,36251.062,6.88,7.267,7.288,,,BRADDELL ROAD,16.723
braddell_road,Braddell Road,4668.0,29304.299,36251.159,6.88,7.664,7.664,,,BRADDELL ROAD,16.904
braddell_road,Braddell Road,4670.0,29302.302,36251.256,6.405,8.06,8.06,,,BRADDELL ROAD,17.085
braddell_road,Braddell Road,4672.0,29300.304,36251.352,,8.456,8.456,,,BRADDELL ROAD,17.266
braddell_road,Braddell Road,4674.0,29298.306,36251.449,,8.991,8.991,,,BRADDELL ROAD,17.448
braddell_road,Braddell Road,4676.0,29296.309,36251.546,,9.527,9.527,,,BRADDELL ROAD,17.629
braddell_road,Braddell Road,4678.0,29294.311,36251.642,,10.062,10.062,,,BRADDELL ROAD,17.81
braddell_road,Braddell Road,4680.0,29292.313,36251.739,,10.597,10.597,,,BRADDELL ROAD,17.991
braddell_road,Braddell Road,4682.0,29290.316,36251.836,,11.164,11.164,,,BRADDELL ROAD,18.173
braddell_road,Braddell Road,4684.0,29288.318,36251.932,,11.731,11.731,,,BRADDELL ROAD,18.354
braddell_road,Braddell Road,4686.0,29286.32,36252.029,,12.298,12.298,,,BRADDELL ROAD,18.535
braddell_road,Braddell Road,4688.0,29284.323,36252.125,,12.865,12.865,,,BRADDELL ROAD,18.716
braddell_road,Braddell Road,4690.0,29282.325,36252.222,,13.432,13.432,,,BRADDELL ROAD,18.898
braddell_road,Braddell Road,4692.0,29280.327,36252.319,15.062,13.999,13.999,,,BRADDELL ROAD,19.079
braddell_road,Braddell Road,4694.0,29278.33,36252.415,15.062,14.567,14.567,,,BRADDELL ROAD,19.26
braddell_road,Braddell Road,4696.0,29276.332,36252.512,15.134,15.134,15.134,,,BRADDELL ROAD,19.441
braddell_road,Braddell Road,4698.0,29274.334,36252.609,15.134,15.134,15.134,,,BRADDELL ROAD,19.623
braddell_road,Braddell Road,4700.0,29272.337,36252.705,,15.193,15.193,2.212,1.0,BRADDELL ROAD,19.804
braddell_road,Braddell Road,4702.0,29270.339,36252.802,,15.252,15.252,2.95,1.0,BRADDELL ROAD,19.985
braddell_road,Braddell Road,4704.0,29268.341,36252.899,,15.311,15.311,2.95,1.0,BRADDELL ROAD,20.166
braddell_road,Braddell Road,4706.0,29266.344,36252.995,,15.37,15.37,2.95,1.0,BRADDELL ROAD,20.348
braddell_road,Braddell Road,4708.0,29264.346,36253.092,,15.429,15.429,2.95,1.0,BRADDELL ROAD,20.529
braddell_road,Braddell Road,4710.0,29262.348,36253.189,,15.488,15.488,2.95,1.0,BRADDELL ROAD,20.71
braddell_road,Braddell Road,4712.0,29260.351,36253.285,,15.547,15.547,2.95,1.0,BRADDELL ROAD,20.891
braddell_road,Braddell Road,4714.0,29258.353,36253.382,,15.606,15.606,2.95,1.0,BRADDELL ROAD,21.073
braddell_road,Braddell Road,4716.0,29256.355,36253.478,,15.665,15.665,2.95,1.0,BRADDELL ROAD,21.254
braddell_road,Braddell Road,4718.0,29254.358,36253.575,,15.724,15.724,2.95,1.0,BRADDELL ROAD,21.435
braddell_road,Braddell Road,4720.0,29252.36,36253.672,,15.783,15.783,2.95,1.0,BRADDELL ROAD,21.616
braddell_road,Braddell Road,4722.0,29250.362,36253.768,,15.842,15.842,2.95,1.0,BRADDELL ROAD,21.798
braddell_road,Braddell Road,4724.0,29248.365,36253.865,,15.901,15.901,2.95,1.0,BRADDELL ROAD,21.979
braddell_road,Braddell Road,4726.0,29246.367,36253.962,,15.96,15.96,2.95,1.0,BRADDELL ROAD,22.16
braddell_road,Braddell Road,4728.0,29244.369,36254.058,,16.019,16.019,2.95,1.0,BRADDELL ROAD,22.341
braddell_road,Braddell Road,4730.0,29242.372,36254.155,,16.078,16.078,2.95,1.0,BRADDELL ROAD,22.523
braddell_road,Braddell Road,4732.0,29240.374,36254.252,,16.137,16.137,2.95,1.0,BRADDELL ROAD,22.704
braddell_road,Braddell Road,4734.0,29238.376,36254.348,,16.196,16.196,2.95,1.0,BRADDELL ROAD,22.556
braddell_road,Braddell Road,4736.0,29236.379,36254.445,,16.255,16.255,2.95,1.0,BRADDELL ROAD,22.29
braddell_road,Braddell Road,4738.0,29234.381,36254.542,,16.314,16.314,2.95,1.0,BRADDELL ROAD,22.024
braddell_road,Braddell Road,4740.0,29232.383,36254.638,,16.373,16.373,2.95,1.0,BRADDELL ROAD,21.759
braddell_road,Braddell Road,4742.0,29230.386,36254.735,,16.432,16.432,2.581,1.0,BRADDELL ROAD,21.493
braddell_road,Braddell Road,4744.0,29228.388,36254.832,,16.491,16.491,2.212,1.0,BRADDELL ROAD,21.227
braddell_road,Braddell Road,4746.0,29226.39,36254.928,,,16.52,1.844,1.0,BRADDELL ROAD,20.961
braddell_road,Braddell Road,4748.0,29224.393,36255.025,,,16.55,,,BRADDELL ROAD,20.695
braddell_road,Braddell Road,4750.0,29222.395,36255.121,,,16.579,,,BRADDELL ROAD,20.429
braddell_road,Braddell Road,4752.0,29220.397,36255.218,,,,,,BRADDELL ROAD,20.164
braddell_road,Braddell Road,4754.0,29218.4,36255.315,,,,,,BRADDELL ROAD,19.898
braddell_road,Braddell Road,4756.0,29216.402,36255.411,,,,,,BRADDELL ROAD,19.632
braddell_road,Braddell Road,4758.0,29214.404,36255.508,,,,,,BRADDELL ROAD,19.366
braddell_road,Braddell Road,4760.0,29212.407,36255.605,,,,,,BRADDELL ROAD,19.1
braddell_road,Braddell Road,4762.0,29210.409,36255.701,,,,,,BRADDELL ROAD,18.834
braddell_road,Braddell Road,4764.0,29208.411,36255.798,,,,,,BRADDELL ROAD,18.569
braddell_road,Braddell Road,4766.0,29206.414,36255.895,,,,,,BRADDELL ROAD,18.303
braddell_road,Braddell Road,4768.0,29204.416,36255.991,,,,,,BRADDELL ROAD,18.037
braddell_road,Braddell Road,4770.0,29202.418,36256.088,,,,,,BRADDELL ROAD,17.767
braddell_road,Braddell Road,4772.0,29200.421,36256.185,,,,,,BRADDELL ROAD,17.217
braddell_road,Braddell Road,4774.0,29198.423,36256.281,,,,,,BRADDELL ROAD,16.666
braddell_road,Braddell Road,4776.0,29196.425,36256.378,,,,,,BRADDELL ROAD,16.116
braddell_road,Braddell Road,4778.0,29194.428,36256.474,,,,,,BRADDELL ROAD,15.566
braddell_road,Braddell Road,4780.0,29192.43,36256.571,,,,,,BRADDELL ROAD,15.016
braddell_road,Braddell Road,4782.0,29190.432,36256.668,,,,,,BRADDELL ROAD,14.465
braddell_road,Braddell Road,4784.0,29188.435,36256.764,,,,,,BRADDELL ROAD,13.915
braddell_road,Braddell Road,4786.0,29186.437,36256.861,,,,,,BRADDELL ROAD,13.365
braddell_road,Braddell Road,4788.0,29184.439,36256.958,,,,,,BRADDELL ROAD,12.814
braddell_road,Braddell Road,4790.0,29182.442,36257.054,,,,,,BRADDELL ROAD,12.264
braddell_road,Braddell Road,4792.0,29180.444,36257.151,,,,,,BRADDELL ROAD,11.714
braddell_road,Braddell Road,4794.0,29178.446,36257.248,,,,,,BRADDELL ROAD,11.107
braddell_road,Braddell Road,4796.0,29176.449,36257.344,,,,,,BRADDELL ROAD,10.379
braddell_road,Braddell Road,4798.0,29174.451,36257.441,,,,,,BRADDELL ROAD,9.651
braddell_road,Braddell Road,4800.0,29172.453,36257.538,,,,,,BRADDELL ROAD,8.923
braddell_road,Braddell Road,4802.0,29170.456,36257.634,,,,,,BRADDELL ROAD,8.195
braddell_road,Braddell Road,4804.0,29168.458,36257.731,,,,,,BRADDELL ROAD,7.467
braddell_road,Braddell Road,4806.0,29166.46,36257.828,,,,,,BRADDELL ROAD,6.739
braddell_road,Braddell Road,4808.0,29164.463,36257.924,,,,,,BRADDELL ROAD,6.011
braddell_road,Braddell Road,4810.0,29162.465,36258.021,,,,,,BRADDELL ROAD,5.283
braddell_road,Braddell Road,4812.0,29160.468,36258.117,,,,,,BRADDELL ROAD,4.555
braddell_road,Braddell Road,4814.0,29158.47,36258.214,,,,,,BRADDELL ROAD,3.827
braddell_road,Braddell Road,4816.0,29156.472,36258.311,,,,,,BRADDELL ROAD,3.099
braddell_road,Braddell Road,4818.0,29154.475,36258.407,,,,,,BRADDELL ROAD,2.371
braddell_road,Braddell Road,4820.0,29152.477,36258.504,,,,,,BRADDELL ROAD,1.643
braddell_road,Braddell Road,4822.0,29150.479,36258.601,,,,,,BRADDELL ROAD,0.915
braddell_road,Braddell Road,4824.0,29148.482,36258.697,,,,,,BRADDELL ROAD,0.187
braddell_road,Braddell Road,4826.0,29146.484,36258.794,,,,,,BRADDELL ROAD,0.541
braddell_road,Braddell Road,4828.0,29144.486,36258.891,,,,,,BRADDELL ROAD,1.269
braddell_road,Braddell Road,4830.0,29142.489,36258.987,,,,,,BRADDELL ROAD,1.996
braddell_road,Braddell Road,4832.0,29140.491,36259.084,,,,,,BRADDELL ROAD,2.724
braddell_road,Braddell Road,4834.0,29138.493,36259.181,,,,,,BRADDELL ROAD,3.452
braddell_road,Braddell Road,4836.0,29136.496,36259.277,,,,,,BRADDELL ROAD,4.282
braddell_road,Braddell Road,4838.0,29134.498,36259.374,,,,,,BRADDELL ROAD,5.152
braddell_road,Braddell Road,4840.0,29132.5,36259.47,,,,,,BRADDELL ROAD,6.023
braddell_road,Braddell Road,4842.0,29130.503,36259.567,,,,,,BRADDELL ROAD,6.893
braddell_road,Braddell Road,4844.0,29128.505,36259.664,,,,,,BRADDELL ROAD,7.763
braddell_road,Braddell Road,4846.0,29126.507,36259.76,,,,,,BRADDELL ROAD,8.634
braddell_road,Braddell Road,4848.0,29124.51,36259.857,,,,,,BRADDELL ROAD,9.504
braddell_road,Braddell Road,4850.0,29122.512,36259.954,,,,,,BRADDELL ROAD,10.374
braddell_road,Braddell Road,4852.0,29120.514,36260.05,,,,,,BRADDELL ROAD,11.245
braddell_road,Braddell Road,4854.0,29118.517,36260.147,,,,,,BRADDELL ROAD,12.115
braddell_road,Braddell Road,4856.0,29116.519,36260.244,,,,,,BRADDELL ROAD,12.986
braddell_road,Braddell Road,4858.0,29114.521,36260.34,,,,,,BRADDELL ROAD,13.856
braddell_road,Braddell Road,4860.0,29112.524,36260.437,,,,,,BRADDELL ROAD,14.726
braddell_road,Braddell Road,4862.0,29110.526,36260.534,,,,,,BRADDELL ROAD,15.597
braddell_road,Braddell Road,4864.0,29108.528,36260.63,,,,,,BRADDELL ROAD,16.467
braddell_road,Braddell Road,4866.0,29106.531,36260.727,,,,,,BRADDELL ROAD,17.337
braddell_road,Braddell Road,4868.0,29104.533,36260.824,,,,,,BRADDELL ROAD,18.208
braddell_road,Braddell Road,4870.0,29102.535,36260.92,,,,,,BRADDELL ROAD,19.078
braddell_road,Braddell Road,4872.0,29100.538,36261.017,,,,,,BRADDELL ROAD,19.949
braddell_road,Braddell Road,4874.0,29098.54,36261.113,,,,,,BRADDELL ROAD,20.819
braddell_road,Braddell Road,4876.0,29096.542,36261.21,,,,,,BRADDELL ROAD,21.689
braddell_road,Braddell Road,4878.0,29094.545,36261.307,,,,,,BRADDELL ROAD,22.56
braddell_road,Braddell Road,4880.0,29092.547,36261.403,,,,,,BRADDELL ROAD,23.43
braddell_road,Braddell Road,4882.0,29090.549,36261.5,,,,,,BRADDELL ROAD,24.301
braddell_road,Braddell Road,4884.0,29088.552,36261.597,,,,,,BRADDELL ROAD,25.171
braddell_road,Braddell Road,4886.0,29086.554,36261.693,,,,,,BRADDELL ROAD,26.041
braddell_road,Braddell Road,4888.0,29084.556,36261.79,,,,,,BRADDELL ROAD,26.912
braddell_road,Braddell Road,4890.0,29082.559,36261.887,,,,,,BRADDELL ROAD,27.783
braddell_road,Braddell Road,4892.0,29080.561,36261.983,,,,,,BRADDELL ROAD,28.653
braddell_road,Braddell Road,4894.0,29078.563,36262.08,,,,,,BRADDELL ROAD,29.524
braddell_road,Braddell Road,4896.0,29076.566,36262.177,,,,,,BRADDELL ROAD,30.394
braddell_road,Braddell Road,4898.0,29074.568,36262.273,,,,,,BRADDELL ROAD,31.245
braddell_road,Braddell Road,4900.0,29072.57,36262.37,,,,,,BRADDELL ROAD,32.075
braddell_road,Braddell Road,4902.0,29070.573,36262.466,,,,,,BRADDELL ROAD,32.905
braddell_road,Braddell Road,4904.0,29068.575,36262.563,,,,,,BRADDELL ROAD,33.735
braddell_road,Braddell Road,4906.0,29066.577,36262.66,,,,,,BRADDELL ROAD,34.565
braddell_road,Braddell Road,4908.0,29064.58,36262.756,,,,,,BRADDELL ROAD,35.395
braddell_road,Braddell Road,4910.0,29062.582,36262.853,,,,,,BRADDELL ROAD,36.225
braddell_road,Braddell Road,4912.0,29060.584,36262.95,,,,,,BRADDELL ROAD,37.055
braddell_road,Braddell Road,4914.0,29058.587,36263.046,,,,,,BRADDELL ROAD,37.885
braddell_road,Braddell Road,4916.0,29056.589,36263.143,,,,,,BRADDELL ROAD,38.715
braddell_road,Braddell Road,4918.0,29054.591,36263.24,,,,,,BRADDELL ROAD,39.545
braddell_road,Braddell Road,4920.0,29052.594,36263.336,,,,,,BRADDELL ROAD,40.375
braddell_road,Braddell Road,4922.0,29050.596,36263.433,,,,,,BRADDELL ROAD,41.205
braddell_road,Braddell Road,4924.0,29048.598,36263.53,,,,,,BRADDELL ROAD,42.035
braddell_road,Braddell Road,4926.0,29046.601,36263.626,,,,,,BRADDELL ROAD,42.865
braddell_road,Braddell Road,4928.0,29044.603,36263.723,,,,,,BRADDELL ROAD,43.695
braddell_road,Braddell Road,4930.0,29042.605,36263.82,,,,,,BRADDELL ROAD,44.526
braddell_road,Braddell Road,4932.0,29040.608,36263.916,,,,,,BRADDELL ROAD,45.356
braddell_road,Braddell Road,4934.0,29038.61,36264.013,,,,,,BRADDELL ROAD,46.186
braddell_road,Braddell Road,4936.0,29036.612,36264.109,,,,,,BRADDELL ROAD,47.016
braddell_road,Braddell Road,4938.0,29034.615,36264.206,,,,,,BRADDELL ROAD,47.846
braddell_road,Braddell Road,4940.0,29032.617,36264.303,,,,,,BRADDELL ROAD,48.676
braddell_road,Braddell Road,4942.0,29030.619,36264.399,,,,,,BRADDELL ROAD,49.506
braddell_road,Braddell Road,4944.0,29028.622,36264.496,,,,,,BRADDELL ROAD,50.336
braddell_road,Braddell Road,4946.0,29026.624,36264.593,,,,,,BRADDELL ROAD,51.166
braddell_road,Braddell Road,4948.0,29024.626,36264.689,,,,,,BRADDELL ROAD,51.996
braddell_road,Braddell Road,4950.0,29022.629,36264.786,,,,,,BRADDELL ROAD,52.826
braddell_road,Braddell Road,4952.0,29020.631,36264.883,,,,,,BRADDELL ROAD,53.656
braddell_road,Braddell Road,4954.0,29018.633,36264.979,,,,,,BRADDELL ROAD,54.486
braddell_road,Braddell Road,4956.0,29016.636,36265.076,,,,,,BRADDELL ROAD,55.316
braddell_road,Braddell Road,4958.0,29014.638,36265.173,,,,,,BRADDELL ROAD,56.146
braddell_road,Braddell Road,4960.0,29012.64,36265.269,,,,,,BRADDELL ROAD,56.976
braddell_road,Braddell Road,4962.0,29010.643,36265.366,,,,,,BRADDELL ROAD,57.806
braddell_road,Braddell Road,4964.0,29008.645,36265.462,,,,,,BRADDELL ROAD,58.636
braddell_road,Braddell Road,4966.0,29006.647,36265.559,,,,,,BRADDELL ROAD,59.466
braddell_road,Braddell Road,4968.0,29004.65,36265.656,,,,,,BRADDELL ROAD,60.296
braddell_road,Braddell Road,4970.0,29002.652,36265.752,,,,,,BRADDELL ROAD,61.126
braddell_road,Braddell Road,4972.0,29000.654,36265.849,,,,,,BRADDELL ROAD,61.956
braddell_road,Braddell Road,4974.0,28998.657,36265.946,,,,,,BRADDELL ROAD,62.787
braddell_road,Braddell Road,4976.0,28996.659,36266.042,,,,,,BRADDELL ROAD,63.615
braddell_road,Braddell Road,4978.0,28994.661,36266.139,,,,,,BRADDELL ROAD,64.366
braddell_road,Braddell Road,4980.0,28992.664,36266.236,,,,,,BRADDELL ROAD,65.116
braddell_road,Braddell Road,4982.0,28990.666,36266.332,,,,,,BRADDELL ROAD,65.866
braddell_road,Braddell Road,4984.0,28988.668,36266.429,,,,,,BRADDELL ROAD,66.617
braddell_road,Braddell Road,4986.0,28986.671,36266.526,,,,,,BRADDELL ROAD,67.367
braddell_road,Braddell Road,4988.0,28984.673,36266.622,,,,,,BRADDELL ROAD,68.118
braddell_road,Braddell Road,4990.0,28982.675,36266.719,,,,,,BRADDELL ROAD,68.868
braddell_road,Braddell Road,4992.0,28980.678,36266.816,,,,,,BRADDELL ROAD,69.618
braddell_road,Braddell Road,4994.0,28978.68,36266.912,,,,,,BRADDELL ROAD,70.369
braddell_road,Braddell Road,4996.0,28976.682,36267.009,,,,,,BRADDELL ROAD,71.119
braddell_road,Braddell Road,4998.0,28974.685,36267.105,,,,,,BRADDELL ROAD,71.807
braddell_road,Braddell Road,5000.0,28972.687,36267.202,,,,,,BRADDELL ROAD,72.453
braddell_road,Braddell Road,5002.0,28970.689,36267.299,,,,,,BRADDELL ROAD,73.1
braddell_road,Braddell Road,5004.0,28968.692,36267.395,,,,,,BRADDELL ROAD,73.747
braddell_road,Braddell Road,5006.0,28966.694,36267.492,,,,,,BRADDELL ROAD,74.393
braddell_road,Braddell Road,5008.0,28964.696,36267.589,,,,,,BRADDELL ROAD,75.04
braddell_road,Braddell Road,5010.0,28962.699,36267.685,,,,,,BRADDELL ROAD,75.686
braddell_road,Braddell Road,5012.0,28960.701,36267.782,,,,,,BRADDELL ROAD,76.233
braddell_road,Braddell Road,5014.0,28958.703,36267.879,,,,,,BRADDELL ROAD,76.76
braddell_road,Braddell Road,5016.0,28956.706,36267.975,,,,,,BRADDELL ROAD,77.288
braddell_road,Braddell Road,5018.0,28954.708,36268.072,,,,,,BRADDELL ROAD,77.815
braddell_road,Braddell Road,5020.0,28952.71,36268.169,,,,,,BRADDELL ROAD,78.343
braddell_road,Braddell Road,5022.0,28950.713,36268.265,,,,,,BRADDELL ROAD,78.871
braddell_road,Braddell Road,5024.0,28948.715,36268.362,,,,,,BRADDELL ROAD,79.367
braddell_road,Braddell Road,5026.0,28946.718,36268.458,,,,,,BRADDELL ROAD,79.799
braddell_road,Braddell Road,5028.0,28944.72,36268.555,,,,,,BRADDELL ROAD,80.232
braddell_road,Braddell Road,5030.0,28942.722,36268.652,,,,,,BRADDELL ROAD,80.665
braddell_road,Braddell Road,5032.0,28940.725,36268.748,,,,,,BRADDELL ROAD,81.097
braddell_road,Braddell Road,5034.0,28938.727,36268.845,,,,,,BRADDELL ROAD,81.452
braddell_road,Braddell Road,5036.0,28936.729,36268.942,,,,,,BRADDELL ROAD,81.746
braddell_road,Braddell Road,5038.0,28934.732,36269.038,,,,,,BRADDELL ROAD,82.04
braddell_road,Braddell Road,5040.0,28932.734,36269.135,,,,,,BRADDELL ROAD,82.334
braddell_road,Braddell Road,5042.0,28930.736,36269.232,,,,,,BRADDELL ROAD,82.628
braddell_road,Braddell Road,5044.0,28928.739,36269.328,,,,,,BRADDELL ROAD,82.823
braddell_road,Braddell Road,5046.0,28926.741,36269.425,,,,,,BRADDELL ROAD,83.007
braddell_road,Braddell Road,5048.0,28924.743,36269.522,,,,,,BRADDELL ROAD,83.191
braddell_road,Braddell Road,5050.0,28922.746,36269.618,,,25.606,,,BRADDELL ROAD,83.375
braddell_road,Braddell Road,5052.0,28920.748,36269.715,,,25.635,,,BRADDELL ROAD,83.463
braddell_road,Braddell Road,5054.0,28918.75,36269.812,,,25.665,1.844,1.0,BRADDELL ROAD,83.529
braddell_road,Braddell Road,5056.0,28916.753,36269.908,,25.694,25.694,2.212,1.0,BRADDELL ROAD,83.595
braddell_road,Braddell Road,5058.0,28914.755,36270.005,,25.753,25.753,2.581,1.0,BRADDELL ROAD,83.6
braddell_road,Braddell Road,5060.0,28912.757,36270.101,,25.812,25.812,2.95,1.0,BRADDELL ROAD,83.517
braddell_road,Braddell Road,5062.0,28910.76,36270.198,,25.871,25.871,2.95,1.0,BRADDELL ROAD,83.435
braddell_road,Braddell Road,5064.0,28908.762,36270.295,,25.93,25.93,2.95,1.0,BRADDELL ROAD,83.353
braddell_road,Braddell Road,5066.0,28906.764,36270.391,,25.989,25.989,2.95,1.0,BRADDELL ROAD,83.271
braddell_road,Braddell Road,5068.0,28904.767,36270.488,,26.048,26.048,2.95,1.0,BRADDELL ROAD,83.188
braddell_road,Braddell Road,5070.0,28902.769,36270.585,,26.107,26.107,2.95,1.0,BRADDELL ROAD,83.106
braddell_road,Braddell Road,5072.0,28900.771,36270.681,,26.166,26.166,2.95,1.0,BRADDELL ROAD,82.869
braddell_road,Braddell Road,5074.0,28898.774,36270.778,,26.225,26.225,2.95,1.0,BRADDELL ROAD,82.563
braddell_road,Braddell Road,5076.0,28896.776,36270.875,,26.284,26.284,2.95,1.0,BRADDELL ROAD,82.257
braddell_road,Braddell Road,5078.0,28894.778,36270.971,,26.343,26.343,2.95,1.0,BRADDELL ROAD,81.951
braddell_road,Braddell Road,5080.0,28892.781,36271.068,,26.402,26.402,2.95,1.0,BRADDELL ROAD,81.645
braddell_road,Braddell Road,5082.0,28890.783,36271.165,,26.461,26.461,2.95,1.0,BRADDELL ROAD,81.339
braddell_road,Braddell Road,5084.0,28888.785,36271.261,,26.52,26.52,2.95,1.0,BRADDELL ROAD,81.033
braddell_road,Braddell Road,5086.0,28886.788,36271.358,,26.579,26.579,2.95,1.0,BRADDELL ROAD,80.727
braddell_road,Braddell Road,5088.0,28884.79,36271.454,,26.638,26.638,2.95,1.0,BRADDELL ROAD,80.391
braddell_road,Braddell Road,5090.0,28882.792,36271.551,,26.697,26.697,2.95,1.0,BRADDELL ROAD,80.024
braddell_road,Braddell Road,5092.0,28880.795,36271.648,,26.756,26.756,2.212,1.0,BRADDELL ROAD,79.657
braddell_road,Braddell Road,5094.0,28878.797,36271.744,,26.815,26.815,1.475,1.0,BRADDELL ROAD,79.29
braddell_road,Braddell Road,5096.0,28876.799,36271.841,,26.874,26.815,,,BRADDELL ROAD,78.833
braddell_road,Braddell Road,5098.0,28874.802,36271.938,,26.933,26.815,,,BRADDELL ROAD,78.247
braddell_road,Braddell Road,5100.0,28872.804,36272.034,,26.76,26.76,,,BRADDELL ROAD,77.594
braddell_road,Braddell Road,5102.0,28870.806,36272.131,27.051,26.587,26.587,,,BRADDELL ROAD,76.941
braddell_road,Braddell Road,5104.0,28868.809,36272.228,27.051,26.029,26.029,,,BRADDELL ROAD,76.288
braddell_road,Braddell Road,5106.0,28866.811,36272.324,27.051,25.471,25.471,,,BRADDELL ROAD,75.56
braddell_road,Braddell Road,5108.0,28864.813,36272.421,25.076,24.913,24.913,,,BRADDELL ROAD,74.777
braddell_road,Braddell Road,5110.0,28862.816,36272.518,22.326,,24.356,,,BRADDELL ROAD,73.994
braddell_road,Braddell Road,5112.0,28860.818,36272.614,21.978,,23.798,,,BRADDELL ROAD,73.211
braddell_road,Braddell Road,5114.0,28858.82,36272.711,21.863,23.24,23.24,,,BRADDELL ROAD,72.428
braddell_road,Braddell Road,5116.0,28856.823,36272.808,21.863,22.682,22.682,,,BRADDELL ROAD,71.646
braddell_road,Braddell Road,5118.0,28854.825,36272.904,21.619,22.125,22.125,,,BRADDELL ROAD,70.863
braddell_road,Braddell Road,5120.0,28852.827,36273.001,21.567,21.567,21.567,,,BRADDELL ROAD,69.981
braddell_road,Braddell Road,5122.0,28850.83,36273.097,21.217,21.413,21.413,,,BRADDELL ROAD,69.092
braddell_road,Braddell Road,5124.0,28848.832,36273.194,21.259,21.259,21.259,,,BRADDELL ROAD,68.203
braddell_road,Braddell Road,5126.0,28846.834,36273.291,21.65,21.185,21.185,,,BRADDELL ROAD,67.314
braddell_road,Braddell Road,5128.0,28844.837,36273.387,20.867,21.111,21.185,,,BRADDELL ROAD,66.424
braddell_road,Braddell Road,5130.0,28842.839,36273.484,21.038,21.038,21.185,,,BRADDELL ROAD,65.497
braddell_road,Braddell Road,5132.0,28840.841,36273.581,20.075,21.264,21.264,,,BRADDELL ROAD,64.541
braddell_road,Braddell Road,5134.0,28838.844,36273.677,19.863,21.49,21.49,,,BRADDELL ROAD,63.586
braddell_road,Braddell Road,5136.0,28836.846,36273.774,23.127,21.716,21.716,,,BRADDELL ROAD,62.63
braddell_road,Braddell Road,5138.0,28834.848,36273.871,23.975,21.943,21.865,,,BRADDELL ROAD,61.647
braddell_road,Braddell Road,5140.0,28832.851,36273.967,20.362,21.904,21.865,,,BRADDELL ROAD,60.574
braddell_road,Braddell Road,5142.0,28830.853,36274.064,22.937,21.865,21.865,,,BRADDELL ROAD,59.5
braddell_road,Braddell Road,5144.0,28828.855,36274.161,22.367,21.645,21.645,,,BRADDELL ROAD,58.427
braddell_road,Braddell Road,5146.0,28826.858,36274.257,20.451,21.424,21.424,,,BRADDELL ROAD,57.354
braddell_road,Braddell Road,5148.0,28824.86,36274.354,20.863,21.204,21.204,,,BRADDELL ROAD,56.281
braddell_road,Braddell Road,5150.0,28822.862,36274.45,20.881,20.983,20.983,,,BRADDELL ROAD,55.186
braddell_road,Braddell Road,5152.0,28820.865,36274.547,20.347,20.626,20.626,,,BRADDELL ROAD,54.008
braddell_road,Braddell Road,5154.0,28818.867,36274.644,20.542,20.269,20.269,,,BRADDELL ROAD,52.831
braddell_road,Braddell Road,5156.0,28816.869,36274.74,20.257,19.743,19.743,,,BRADDELL ROAD,51.653
braddell_road,Braddell Road,5158.0,28814.872,36274.837,21.657,19.216,19.216,,,BRADDELL ROAD,50.475
braddell_road,Braddell Road,5160.0,28812.874,36274.934,19.322,18.69,18.69,,,BRADDELL ROAD,49.298
braddell_road,Braddell Road,5162.0,28810.876,36275.03,20.472,,18.164,,,BRADDELL ROAD,48.088
braddell_road,Braddell Road,5164.0,28808.879,36275.127,17.547,,17.637,,,BRADDELL ROAD,46.86
braddell_road,Braddell Road,5166.0,28806.881,36275.224,17.557,17.111,17.111,,,BRADDELL ROAD,45.632
braddell_road,Braddell Road,5168.0,28804.883,36275.32,18.967,16.584,16.584,,,BRADDELL ROAD,44.404
braddell_road,Braddell Road,5170.0,28802.886,36275.417,17.942,16.058,16.058,,,BRADDELL ROAD,43.176
braddell_road,Braddell Road,5172.0,28800.888,36275.514,17.472,15.532,15.532,,,BRADDELL ROAD,41.947
braddell_road,Braddell Road,5174.0,28798.89,36275.61,16.822,14.94,14.94,,,BRADDELL ROAD,40.68
braddell_road,Braddell Road,5176.0,28796.893,36275.707,15.212,14.348,14.348,,,BRADDELL ROAD,39.394
braddell_road,Braddell Road,5178.0,28794.895,36275.804,14.766,13.756,13.756,,,BRADDELL ROAD,38.108
braddell_road,Braddell Road,5180.0,28792.897,36275.9,13.745,13.164,13.164,,,BRADDELL ROAD,36.823
braddell_road,Braddell Road,5182.0,28790.9,36275.997,13.237,,12.572,,,BRADDELL ROAD,35.537
braddell_road,Braddell Road,5184.0,28788.902,36276.093,12.108,,11.979,,,BRADDELL ROAD,34.251
braddell_road,Braddell Road,5186.0,28786.904,36276.19,10.703,11.387,11.387,,,BRADDELL ROAD,32.966
braddell_road,Braddell Road,5188.0,28784.907,36276.287,10.0,10.795,10.795,,,BRADDELL ROAD,31.68
braddell_road,Braddell Road,5190.0,28782.909,36276.383,9.669,10.203,10.203,,,BRADDELL ROAD,30.394
braddell_road,Braddell Road,5192.0,28780.911,36276.48,9.194,9.611,9.821,,,BRADDELL ROAD,29.109
braddell_road,Braddell Road,5194.0,28778.914,36276.577,9.0,9.716,9.821,,,BRADDELL ROAD,27.823
braddell_road,Braddell Road,5196.0,28776.916,36276.673,9.131,9.821,9.821,,,BRADDELL ROAD,26.537
braddell_road,Braddell Road,5198.0,28774.918,36276.77,10.073,9.926,9.926,,,BRADDELL ROAD,25.252
braddell_road,Braddell Road,5200.0,28772.921,36276.867,10.031,10.031,10.031,,,BRADDELL ROAD,23.949
braddell_road,Braddell Road,5202.0,28770.923,36276.963,10.674,10.086,10.031,,,BRADDELL ROAD,22.625
braddell_road,Braddell Road,5204.0,28768.925,36277.06,10.176,10.141,10.031,,,BRADDELL ROAD,21.302
braddell_road,Braddell Road,5206.0,28766.928,36277.157,10.196,9.976,9.976,,,BRADDELL ROAD,19.978
braddell_road,Braddell Road,5208.0,28764.93,36277.253,10.357,9.81,9.81,,,BRADDELL ROAD,18.654
braddell_road,Braddell Road,5210.0,28762.932,36277.35,9.443,9.553,9.688,,,BRADDELL ROAD,17.33
braddell_road,Braddell Road,5212.0,28760.935,36277.447,9.038,9.62,9.688,,,BRADDELL ROAD,16.006
braddell_road,Braddell Road,5214.0,28758.937,36277.543,9.038,9.688,9.688,,,BRADDELL ROAD,14.682
braddell_road,Braddell Road,5216.0,28756.939,36277.64,9.013,10.086,10.086,,,BRADDELL ROAD,13.358
braddell_road,Braddell Road,5218.0,28754.942,36277.736,9.013,10.483,10.483,,,BRADDELL ROAD,12.034
braddell_road,Braddell Road,5220.0,28752.944,36277.833,11.432,10.881,10.881,,,BRADDELL ROAD,10.71
braddell_road,Braddell Road,5222.0,28750.946,36277.93,13.266,,11.08,,,BRADDELL ROAD,9.386
braddell_road,Braddell Road,5224.0,28748.949,36278.026,12.858,,11.477,,,BRADDELL ROAD,8.062
braddell_road,Braddell Road,5226.0,28746.951,36278.123,12.866,,12.073,,,BRADDELL ROAD,6.738
braddell_road,Braddell Road,5228.0,28744.953,36278.22,14.312,,12.67,,,BRADDELL ROAD,5.414
braddell_road,Braddell Road,5230.0,28742.956,36278.316,12.82,,13.067,,,BRADDELL ROAD,4.09
braddell_road,Braddell Road,5232.0,28740.958,36278.413,10.922,13.266,13.266,,,BRADDELL ROAD,2.766
braddell_road,Braddell Road,5234.0,28738.96,36278.51,12.82,13.664,13.664,,,BRADDELL ROAD,1.441
braddell_road,Braddell Road,5236.0,28736.963,36278.606,16.033,14.061,14.061,,,BRADDELL ROAD,0.111
braddell_road,Braddell Road,5238.0,28734.965,36278.703,14.441,14.459,14.459,,,BRADDELL ROAD,1.228
braddell_road,Braddell Road,5240.0,28732.968,36278.8,12.817,14.702,14.702,,,BRADDELL ROAD,2.566
braddell_road,Braddell Road,5242.0,28730.97,36278.896,16.5,14.946,14.946,,,BRADDELL ROAD,3.905
braddell_road,Braddell Road,5244.0,28728.972,36278.993,18.23,15.189,15.133,,,BRADDELL ROAD,5.244
braddell_road,Braddell Road,5246.0,28726.975,36279.089,17.512,15.433,15.133,,,BRADDELL ROAD,6.582
braddell_road,Braddell Road,5248.0,28724.977,36279.186,16.687,15.133,15.133,,,BRADDELL ROAD,7.921
braddell_road,Braddell Road,5250.0,28722.979,36279.283,15.566,14.833,14.833,,,BRADDELL ROAD,9.26
braddell_road,Braddell Road,5252.0,28720.982,36279.379,16.154,14.417,14.417,,,BRADDELL ROAD,10.598
braddell_road,Braddell Road,5254.0,28718.984,36279.476,12.24,14.001,14.001,,,BRADDELL ROAD,11.937
braddell_road,Braddell Road,5256.0,28716.986,36279.573,10.438,13.585,13.585,,,BRADDELL ROAD,13.276
braddell_road,Braddell Road,5258.0,28714.989,36279.669,11.255,,13.169,,,BRADDELL ROAD,14.614
braddell_road,Braddell Road,5260.0,28712.991,36279.766,10.859,12.752,12.752,,,BRADDELL ROAD,15.953
braddell_road,Braddell Road,5262.0,28710.993,36279.863,11.022,12.336,12.336,,,BRADDELL ROAD,17.292
braddell_road,Braddell Road,5264.0,28708.996,36279.959,10.388,11.92,11.92,,,BRADDELL ROAD,18.63
braddell_road,Braddell Road,5266.0,28706.998,36280.056,10.563,11.504,11.504,,,BRADDELL ROAD,19.969
braddell_road,Braddell Road,5268.0,28705.0,36280.153,11.088,11.419,11.419,,,BRADDELL ROAD,21.308
braddell_road,Braddell Road,5270.0,28703.003,36280.249,11.333,11.333,11.419,,,BRADDELL ROAD,22.646
braddell_road,Braddell Road,5272.0,28701.005,36280.346,11.395,11.395,11.419,,,BRADDELL ROAD,23.985
braddell_road,Braddell Road,5274.0,28699.007,36280.443,11.666,11.666,11.666,,,BRADDELL ROAD,25.324
braddell_road,Braddell Road,5276.0,28697.01,36280.539,11.828,11.828,11.75,,,BRADDELL ROAD,26.666
braddell_road,Braddell Road,5278.0,28695.139,36280.669,12.235,11.789,11.75,,,BRADDELL ROAD,27.953
braddell_road,Braddell Road,5280.0,28696.83,36281.738,11.828,11.75,11.75,,,BRADDELL ROAD,27.706
braddell_road,Braddell Road,5282.0,28698.521,36282.806,11.711,11.513,11.513,,,BRADDELL ROAD,27.461
braddell_road,Braddell Road,5284.0,28700.212,36283.874,11.418,11.276,11.276,,,BRADDELL ROAD,27.219
braddell_road,Braddell Road,5286.0,28701.903,36284.942,11.038,11.038,11.197,,,BRADDELL ROAD,26.976
braddell_road,Braddell Road,5288.0,28703.594,36286.01,11.197,11.197,11.038,,,BRADDELL ROAD,26.734
braddell_road,Braddell Road,5290.0,28705.233,36287.149,10.98,10.98,11.038,,,BRADDELL ROAD,26.578
braddell_road,Braddell Road,5292.0,28706.767,36288.432,10.96,10.96,11.143,,,BRADDELL ROAD,26.602
braddell_road,Braddell Road,5294.0,28708.301,36289.715,10.975,11.143,11.143,,,BRADDELL ROAD,26.625
braddell_road,Braddell Road,5296.0,28709.835,36290.999,12.785,11.326,11.326,,,BRADDELL ROAD,26.649
braddell_road,Braddell Road,5298.0,28711.36,36292.293,13.164,11.56,11.56,,,BRADDELL ROAD,26.687
braddell_road,Braddell Road,5300.0,28712.883,36293.589,12.568,11.794,11.794,,,BRADDELL ROAD,26.727
braddell_road,Braddell Road,5302.0,28714.406,36294.885,12.381,12.028,12.028,,,BRADDELL ROAD,26.767
braddell_road,Braddell Road,5304.0,28715.93,36296.181,11.352,12.262,12.028,,,BRADDELL ROAD,26.806
braddell_road,Braddell Road,5306.0,28717.427,36297.504,11.939,12.143,12.028,,,BRADDELL ROAD,26.883
braddell_road,Braddell Road,5308.0,28718.781,36298.976,12.501,12.024,12.024,,,BRADDELL ROAD,27.167
braddell_road,Braddell Road,5310.0,28720.135,36300.448,12.13,11.905,11.905,,,BRADDELL ROAD,27.451
braddell_road,Braddell Road,5312.0,28721.489,36301.92,11.434,11.786,11.786,,,BRADDELL ROAD,27.753
braddell_road,Braddell Road,5314.0,28722.843,36303.392,11.668,11.668,11.668,,,BRADDELL ROAD,28.056
braddell_road,Braddell Road,5316.0,28724.202,36304.859,11.526,11.526,11.605,,,BRADDELL ROAD,28.352
braddell_road,Braddell Road,5318.0,28725.815,36306.04,11.576,11.576,11.605,1.458,1.0,BRADDELL ROAD,28.265
braddell_road,Braddell Road,5320.0,28727.429,36307.222,11.605,11.605,11.605,,,BRADDELL ROAD,28.179
braddell_road,Braddell Road,5322.0,28729.042,36308.404,11.784,11.784,11.784,,,BRADDELL ROAD,28.093
braddell_road,Braddell Road,5324.0,28730.656,36309.585,11.422,11.976,11.976,7.031,1.0,BRADDELL ROAD,28.007
braddell_road,Braddell Road,5326.0,28732.27,36310.767,11.868,12.168,12.072,6.389,1.0,BRADDELL ROAD,27.921
braddell_road,Braddell Road,5328.0,28733.176,36311.431,12.359,12.359,12.168,,,BRADDELL ROAD,27.873
